Archive,MPQPath,Size,SHA1,Sources,OutputPath
common.mpq,Character\Naga_\Male\Naga_MaleSkin00_00.blp,88553,312CF6082B5711DA33521E3F53A476FD72749C2C,ruRU/locale-ruRU.mpq:DBFilesClient\CharSections.dbc | ruRU/patch-ruRU-4.mpq:DBFilesClient\CharSections.dbc,D:\Sirus\_client\World of Warcraft Sirus\Naga_Extract_2026-10-03\DiscoveredFromDBC\ByArchive\common.mpq\Character\Naga_\Male\Naga_MaleSkin00_00.blp
common.mpq,Character\Naga_\Male\Naga_MaleSkin00_00_Extra.blp,44862,A018654C5C7BD3BF28094A3709B095C50E183153,ruRU/locale-ruRU.mpq:DBFilesClient\CharSections.dbc | ruRU/patch-ruRU-4.mpq:DBFilesClient\CharSections.dbc,D:\Sirus\_client\World of Warcraft Sirus\Naga_Extract_2026-10-03\DiscoveredFromDBC\ByArchive\common.mpq\Character\Naga_\Male\Naga_MaleSkin00_00_Extra.blp
common.mpq,Character\Naga_\Male\Naga_MaleSkin00_01.blp,88553,A42D88FA4AAACD42BAC744ED54C8DB7D83B7856D,ruRU/locale-ruRU.mpq:DBFilesClient\CharSections.dbc | ruRU/patch-ruRU-4.mpq:DBFilesClient\CharSections.dbc,D:\Sirus\_client\World of Warcraft Sirus\Naga_Extract_2026-10-03\DiscoveredFromDBC\ByArchive\common.mpq\Character\Naga_\Male\Naga_MaleSkin00_01.blp
common.mpq,Character\Naga_\Male\Naga_MaleSkin00_01_Extra.blp,44862,D8B70EFD217768247C8EEB42764FF50BC5AA600C,ruRU/locale-ruRU.mpq:DBFilesClient\CharSections.dbc | ruRU/patch-ruRU-4.mpq:DBFilesClient\CharSections.dbc,D:\Sirus\_client\World of Warcraft Sirus\Naga_Extract_2026-10-03\DiscoveredFromDBC\ByArchive\common.mpq\Character\Naga_\Male\Naga_MaleSkin00_01_Extra.blp
common.mpq,Character\Naga_\Male\Naga_MaleSkin00_02.blp,88553,DDA96F4217820FE56B2C80DACE61D127E6F70662,ruRU/locale-ruRU.mpq:DBFilesClient\CharSections.dbc | ruRU/patch-ruRU-4.mpq:DBFilesClient\CharSections.dbc,D:\Sirus\_client\World of Warcraft Sirus\Naga_Extract_2026-10-03\DiscoveredFromDBC\ByArchive\common.mpq\Character\Naga_\Male\Naga_MaleSkin00_02.blp
common.mpq,Character\Naga_\Male\Naga_MaleSkin00_02_Extra.blp,44862,36B4E2CB94126D96C9BF2D111A8BC177D7C2C314,ruRU/locale-ruRU.mpq:DBFilesClient\CharSections.dbc | ruRU/patch-ruRU-4.mpq:DBFilesClient\CharSections.dbc,D:\Sirus\_client\World of Warcraft Sirus\Naga_Extract_2026-10-03\DiscoveredFromDBC\ByArchive\common.mpq\Character\Naga_\Male\Naga_MaleSkin00_02_Extra.blp
common.mpq,Character\Naga_\Male\Naga_MaleSkin00_03.blp,88553,5A0E4DE3AB1A3126603404C86B4EDCCF3D7E3E6F,ruRU/locale-ruRU.mpq:DBFilesClient\CharSections.dbc | ruRU/patch-ruRU-4.mpq:DBFilesClient\CharSections.dbc,D:\Sirus\_client\World of Warcraft Sirus\Naga_Extract_2026-10-03\DiscoveredFromDBC\ByArchive\common.mpq\Character\Naga_\Male\Naga_MaleSkin00_03.blp
common.mpq,Character\Naga_\Male\Naga_MaleSkin00_03_Extra.blp,44862,FF440A92F8492670623DD28678DB66D76818132E,ruRU/locale-ruRU.mpq:DBFilesClient\CharSections.dbc | ruRU/patch-ruRU-4.mpq:DBFilesClient\CharSections.dbc,D:\Sirus\_client\World of Warcraft Sirus\Naga_Extract_2026-10-03\DiscoveredFromDBC\ByArchive\common.mpq\Character\Naga_\Male\Naga_MaleSkin00_03_Extra.blp
common.mpq,Character\Naga_\Male\Naga_MaleSkin00_04.blp,88553,3F3010D9B8D7DD5E10A12DAA46F8C30E7A63004C,ruRU/locale-ruRU.mpq:DBFilesClient\CharSections.dbc | ruRU/patch-ruRU-4.mpq:DBFilesClient\CharSections.dbc,D:\Sirus\_client\World of Warcraft Sirus\Naga_Extract_2026-10-03\DiscoveredFromDBC\ByArchive\common.mpq\Character\Naga_\Male\Naga_MaleSkin00_04.blp
common.mpq,Character\Naga_\Male\Naga_MaleSkin00_04_Extra.blp,44862,9ECD9B691CB3713ADF1358D1EFAB523569744982,ruRU/locale-ruRU.mpq:DBFilesClient\CharSections.dbc | ruRU/patch-ruRU-4.mpq:DBFilesClient\CharSections.dbc,D:\Sirus\_client\World of Warcraft Sirus\Naga_Extract_2026-10-03\DiscoveredFromDBC\ByArchive\common.mpq\Character\Naga_\Male\Naga_MaleSkin00_04_Extra.blp
common.mpq,Character\Naga_\Male\Naga_MaleFaceLower00_00.blp,12095,D1E8751026C9F3F1FCD0DFC6A84A9D33B206CC77,ruRU/locale-ruRU.mpq:DBFilesClient\CharSections.dbc | ruRU/patch-ruRU-4.mpq:DBFilesClient\CharSections.dbc,D:\Sirus\_client\World of Warcraft Sirus\Naga_Extract_2026-10-03\DiscoveredFromDBC\ByArchive\common.mpq\Character\Naga_\Male\Naga_MaleFaceLower00_00.blp
common.mpq,Character\Naga_\Male\Naga_MaleFaceUpper00_00.blp,6635,9DD2C42CAD3C657A57875E35700DBF5F66FB0E2E,ruRU/locale-ruRU.mpq:DBFilesClient\CharSections.dbc | ruRU/patch-ruRU-4.mpq:DBFilesClient\CharSections.dbc,D:\Sirus\_client\World of Warcraft Sirus\Naga_Extract_2026-10-03\DiscoveredFromDBC\ByArchive\common.mpq\Character\Naga_\Male\Naga_MaleFaceUpper00_00.blp
common.mpq,Character\Naga_\Male\Naga_MaleFaceLower00_01.blp,12095,BCBEE76F422B30E7FBEAAB26763BED476438D8BE,ruRU/locale-ruRU.mpq:DBFilesClient\CharSections.dbc | ruRU/patch-ruRU-4.mpq:DBFilesClient\CharSections.dbc,D:\Sirus\_client\World of Warcraft Sirus\Naga_Extract_2026-10-03\DiscoveredFromDBC\ByArchive\common.mpq\Character\Naga_\Male\Naga_MaleFaceLower00_01.blp
common.mpq,Character\Naga_\Male\Naga_MaleFaceUpper00_01.blp,6635,3E21A8E6CD560F7A2D180E5B54F6AB3558B64083,ruRU/locale-ruRU.mpq:DBFilesClient\CharSections.dbc | ruRU/patch-ruRU-4.mpq:DBFilesClient\CharSections.dbc,D:\Sirus\_client\World of Warcraft Sirus\Naga_Extract_2026-10-03\DiscoveredFromDBC\ByArchive\common.mpq\Character\Naga_\Male\Naga_MaleFaceUpper00_01.blp
common.mpq,Character\Naga_\Male\Naga_MaleFaceLower00_02.blp,12095,09BA8105E44A79DDB52531F0BFCBA1F10E471EAC,ruRU/locale-ruRU.mpq:DBFilesClient\CharSections.dbc | ruRU/patch-ruRU-4.mpq:DBFilesClient\CharSections.dbc,D:\Sirus\_client\World of Warcraft Sirus\Naga_Extract_2026-10-03\DiscoveredFromDBC\ByArchive\common.mpq\Character\Naga_\Male\Naga_MaleFaceLower00_02.blp
common.mpq,Character\Naga_\Male\Naga_MaleFaceUpper00_02.blp,6635,CB8F067965CEA24FED12660F571B4D5012BB66B9,ruRU/locale-ruRU.mpq:DBFilesClient\CharSections.dbc | ruRU/patch-ruRU-4.mpq:DBFilesClient\CharSections.dbc,D:\Sirus\_client\World of Warcraft Sirus\Naga_Extract_2026-10-03\DiscoveredFromDBC\ByArchive\common.mpq\Character\Naga_\Male\Naga_MaleFaceUpper00_02.blp
common.mpq,Character\Naga_\Male\Naga_MaleFaceLower00_03.blp,12095,CE430021B263AF60991EA5A4F7FA066B87196599,ruRU/locale-ruRU.mpq:DBFilesClient\CharSections.dbc | ruRU/patch-ruRU-4.mpq:DBFilesClient\CharSections.dbc,D:\Sirus\_client\World of Warcraft Sirus\Naga_Extract_2026-10-03\DiscoveredFromDBC\ByArchive\common.mpq\Character\Naga_\Male\Naga_MaleFaceLower00_03.blp
common.mpq,Character\Naga_\Male\Naga_MaleFaceUpper00_03.blp,6635,FA802D188FEAA50544593B465C9428747FD1C68C,ruRU/locale-ruRU.mpq:DBFilesClient\CharSections.dbc | ruRU/patch-ruRU-4.mpq:DBFilesClient\CharSections.dbc,D:\Sirus\_client\World of Warcraft Sirus\Naga_Extract_2026-10-03\DiscoveredFromDBC\ByArchive\common.mpq\Character\Naga_\Male\Naga_MaleFaceUpper00_03.blp
common.mpq,Character\Naga_\Male\Naga_MaleFaceLower00_04.blp,12095,99E7203744228D8DE8400E6FBCEFC9D4E9BA5755,ruRU/locale-ruRU.mpq:DBFilesClient\CharSections.dbc | ruRU/patch-ruRU-4.mpq:DBFilesClient\CharSections.dbc,D:\Sirus\_client\World of Warcraft Sirus\Naga_Extract_2026-10-03\DiscoveredFromDBC\ByArchive\common.mpq\Character\Naga_\Male\Naga_MaleFaceLower00_04.blp
common.mpq,Character\Naga_\Male\Naga_MaleFaceUpper00_04.blp,6635,C138A54DA3BBA25620E51E074A1C259ADA8980CB,ruRU/locale-ruRU.mpq:DBFilesClient\CharSections.dbc | ruRU/patch-ruRU-4.mpq:DBFilesClient\CharSections.dbc,D:\Sirus\_client\World of Warcraft Sirus\Naga_Extract_2026-10-03\DiscoveredFromDBC\ByArchive\common.mpq\Character\Naga_\Male\Naga_MaleFaceUpper00_04.blp
common.mpq,Character\Naga_\Male\Naga_MaleNakedPelvisSkin00_00.blp,12095,566808A2D5C870727F9363FA3C87BC17FA6E971F,ruRU/locale-ruRU.mpq:DBFilesClient\CharSections.dbc | ruRU/patch-ruRU-4.mpq:DBFilesClient\CharSections.dbc,D:\Sirus\_client\World of Warcraft Sirus\Naga_Extract_2026-10-03\DiscoveredFromDBC\ByArchive\common.mpq\Character\Naga_\Male\Naga_MaleNakedPelvisSkin00_00.blp
common.mpq,Character\Naga_\Male\Naga_MaleNakedTorsoSkin00_00.blp,12095,13C1DD7A012BC40A966EA2BFFC61173BB57A3A98,ruRU/locale-ruRU.mpq:DBFilesClient\CharSections.dbc | ruRU/patch-ruRU-4.mpq:DBFilesClient\CharSections.dbc,D:\Sirus\_client\World of Warcraft Sirus\Naga_Extract_2026-10-03\DiscoveredFromDBC\ByArchive\common.mpq\Character\Naga_\Male\Naga_MaleNakedTorsoSkin00_00.blp
common.mpq,Character\Naga_\Male\Naga_MaleNakedPelvisSkin00_01.blp,12095,D8BBF20538990B6AF259D898DAB1C93DF7E7CDAA,ruRU/locale-ruRU.mpq:DBFilesClient\CharSections.dbc | ruRU/patch-ruRU-4.mpq:DBFilesClient\CharSections.dbc,D:\Sirus\_client\World of Warcraft Sirus\Naga_Extract_2026-10-03\DiscoveredFromDBC\ByArchive\common.mpq\Character\Naga_\Male\Naga_MaleNakedPelvisSkin00_01.blp
common.mpq,Character\Naga_\Male\Naga_MaleNakedTorsoSkin00_01.blp,12095,56CACB202EF2E4BBB9DF4757F681A3923079DCAE,ruRU/locale-ruRU.mpq:DBFilesClient\CharSections.dbc | ruRU/patch-ruRU-4.mpq:DBFilesClient\CharSections.dbc,D:\Sirus\_client\World of Warcraft Sirus\Naga_Extract_2026-10-03\DiscoveredFromDBC\ByArchive\common.mpq\Character\Naga_\Male\Naga_MaleNakedTorsoSkin00_01.blp
common.mpq,Character\Naga_\Male\Naga_MaleNakedPelvisSkin00_02.blp,12095,DAACAA479F014B20ADA4C7C7F930EB9467199FE4,ruRU/locale-ruRU.mpq:DBFilesClient\CharSections.dbc | ruRU/patch-ruRU-4.mpq:DBFilesClient\CharSections.dbc,D:\Sirus\_client\World of Warcraft Sirus\Naga_Extract_2026-10-03\DiscoveredFromDBC\ByArchive\common.mpq\Character\Naga_\Male\Naga_MaleNakedPelvisSkin00_02.blp
common.mpq,Character\Naga_\Male\Naga_MaleNakedTorsoSkin00_02.blp,12095,3A0523E9151A33C227775BC346BC39BC6D9BF945,ruRU/locale-ruRU.mpq:DBFilesClient\CharSections.dbc | ruRU/patch-ruRU-4.mpq:DBFilesClient\CharSections.dbc,D:\Sirus\_client\World of Warcraft Sirus\Naga_Extract_2026-10-03\DiscoveredFromDBC\ByArchive\common.mpq\Character\Naga_\Male\Naga_MaleNakedTorsoSkin00_02.blp
common.mpq,Character\Naga_\Male\Naga_MaleNakedPelvisSkin00_03.blp,12095,A72704A98292562410B5A9416620E485F20A8C1A,ruRU/locale-ruRU.mpq:DBFilesClient\CharSections.dbc | ruRU/patch-ruRU-4.mpq:DBFilesClient\CharSections.dbc,D:\Sirus\_client\World of Warcraft Sirus\Naga_Extract_2026-10-03\DiscoveredFromDBC\ByArchive\common.mpq\Character\Naga_\Male\Naga_MaleNakedPelvisSkin00_03.blp
common.mpq,Character\Naga_\Male\Naga_MaleNakedTorsoSkin00_03.blp,12095,76BA5353A4EE020BB71AAF8DDA65EF9BCD9CB784,ruRU/locale-ruRU.mpq:DBFilesClient\CharSections.dbc | ruRU/patch-ruRU-4.mpq:DBFilesClient\CharSections.dbc,D:\Sirus\_client\World of Warcraft Sirus\Naga_Extract_2026-10-03\DiscoveredFromDBC\ByArchive\common.mpq\Character\Naga_\Male\Naga_MaleNakedTorsoSkin00_03.blp
common.mpq,Character\Naga_\Male\Naga_MaleNakedPelvisSkin00_04.blp,12095,01AE86135BC6FF7A46CC1BE36B97F69F8A53F6A6,ruRU/locale-ruRU.mpq:DBFilesClient\CharSections.dbc | ruRU/patch-ruRU-4.mpq:DBFilesClient\CharSections.dbc,D:\Sirus\_client\World of Warcraft Sirus\Naga_Extract_2026-10-03\DiscoveredFromDBC\ByArchive\common.mpq\Character\Naga_\Male\Naga_MaleNakedPelvisSkin00_04.blp
common.mpq,Character\Naga_\Male\Naga_MaleNakedTorsoSkin00_04.blp,12095,6DC479CA1756235A70F58534F57EB772E9704FC5,ruRU/locale-ruRU.mpq:DBFilesClient\CharSections.dbc | ruRU/patch-ruRU-4.mpq:DBFilesClient\CharSections.dbc,D:\Sirus\_client\World of Warcraft Sirus\Naga_Extract_2026-10-03\DiscoveredFromDBC\ByArchive\common.mpq\Character\Naga_\Male\Naga_MaleNakedTorsoSkin00_04.blp
common.mpq,Character\Naga_\Female\Naga_FemaleSkin00_00.blp,88553,9554600E7ACE57D1AD8512EFD41CF4F162A58F5D,ruRU/locale-ruRU.mpq:DBFilesClient\CharSections.dbc | ruRU/patch-ruRU-4.mpq:DBFilesClient\CharSections.dbc,D:\Sirus\_client\World of Warcraft Sirus\Naga_Extract_2026-10-03\DiscoveredFromDBC\ByArchive\common.mpq\Character\Naga_\Female\Naga_FemaleSkin00_00.blp
common.mpq,Character\Naga_\Female\Naga_FemaleSkin00_00_Extra.blp,44862,EE9D750365DE43F46F14E0B93F18E731B4B54F16,ruRU/locale-ruRU.mpq:DBFilesClient\CharSections.dbc | ruRU/patch-ruRU-4.mpq:DBFilesClient\CharSections.dbc,D:\Sirus\_client\World of Warcraft Sirus\Naga_Extract_2026-10-03\DiscoveredFromDBC\ByArchive\common.mpq\Character\Naga_\Female\Naga_FemaleSkin00_00_Extra.blp
common.mpq,Character\Naga_\Female\Naga_FemaleSkin00_01.blp,88553,6CF4751889B16547E7ABD608563E2BD2B262521B,ruRU/locale-ruRU.mpq:DBFilesClient\CharSections.dbc | ruRU/patch-ruRU-4.mpq:DBFilesClient\CharSections.dbc,D:\Sirus\_client\World of Warcraft Sirus\Naga_Extract_2026-10-03\DiscoveredFromDBC\ByArchive\common.mpq\Character\Naga_\Female\Naga_FemaleSkin00_01.blp
common.mpq,Character\Naga_\Female\Naga_FemaleSkin00_01_Extra.blp,44862,97FAB6643D01815202FDD5E17154725DB6096896,ruRU/locale-ruRU.mpq:DBFilesClient\CharSections.dbc | ruRU/patch-ruRU-4.mpq:DBFilesClient\CharSections.dbc,D:\Sirus\_client\World of Warcraft Sirus\Naga_Extract_2026-10-03\DiscoveredFromDBC\ByArchive\common.mpq\Character\Naga_\Female\Naga_FemaleSkin00_01_Extra.blp
common.mpq,Character\Naga_\Female\Naga_FemaleSkin00_02.blp,88553,47402A7B704DAEA195E92A8C96D026C39A3969EA,ruRU/locale-ruRU.mpq:DBFilesClient\CharSections.dbc | ruRU/patch-ruRU-4.mpq:DBFilesClient\CharSections.dbc,D:\Sirus\_client\World of Warcraft Sirus\Naga_Extract_2026-10-03\DiscoveredFromDBC\ByArchive\common.mpq\Character\Naga_\Female\Naga_FemaleSkin00_02.blp
common.mpq,Character\Naga_\Female\Naga_FemaleSkin00_02_Extra.blp,44862,F02A50E24A7EAC226FC24B5B96D178D4E123BB9C,ruRU/locale-ruRU.mpq:DBFilesClient\CharSections.dbc | ruRU/patch-ruRU-4.mpq:DBFilesClient\CharSections.dbc,D:\Sirus\_client\World of Warcraft Sirus\Naga_Extract_2026-10-03\DiscoveredFromDBC\ByArchive\common.mpq\Character\Naga_\Female\Naga_FemaleSkin00_02_Extra.blp
common.mpq,Character\Naga_\Female\Naga_FemaleSkin00_03.blp,88553,02B9832D02DC0AE679651C92F4B62A1228CCA54D,ruRU/locale-ruRU.mpq:DBFilesClient\CharSections.dbc | ruRU/patch-ruRU-4.mpq:DBFilesClient\CharSections.dbc,D:\Sirus\_client\World of Warcraft Sirus\Naga_Extract_2026-10-03\DiscoveredFromDBC\ByArchive\common.mpq\Character\Naga_\Female\Naga_FemaleSkin00_03.blp
common.mpq,Character\Naga_\Female\Naga_FemaleSkin00_03_Extra.blp,44862,2821B8E65923B644BC1AA45E8216B807D29AE852,ruRU/locale-ruRU.mpq:DBFilesClient\CharSections.dbc | ruRU/patch-ruRU-4.mpq:DBFilesClient\CharSections.dbc,D:\Sirus\_client\World of Warcraft Sirus\Naga_Extract_2026-10-03\DiscoveredFromDBC\ByArchive\common.mpq\Character\Naga_\Female\Naga_FemaleSkin00_03_Extra.blp
common.mpq,Character\Naga_\Female\Naga_FemaleSkin00_04.blp,88553,89D197433D3BC84FC098E9C82B222D528B123D09,ruRU/locale-ruRU.mpq:DBFilesClient\CharSections.dbc | ruRU/patch-ruRU-4.mpq:DBFilesClient\CharSections.dbc,D:\Sirus\_client\World of Warcraft Sirus\Naga_Extract_2026-10-03\DiscoveredFromDBC\ByArchive\common.mpq\Character\Naga_\Female\Naga_FemaleSkin00_04.blp
common.mpq,Character\Naga_\Female\Naga_FemaleSkin00_04_Extra.blp,44862,834C596EF1092293764E8CFE38A7AE9DAEE32E42,ruRU/locale-ruRU.mpq:DBFilesClient\CharSections.dbc | ruRU/patch-ruRU-4.mpq:DBFilesClient\CharSections.dbc,D:\Sirus\_client\World of Warcraft Sirus\Naga_Extract_2026-10-03\DiscoveredFromDBC\ByArchive\common.mpq\Character\Naga_\Female\Naga_FemaleSkin00_04_Extra.blp
common.mpq,Character\Naga_\Female\Naga_FemaleFaceLower00_00.blp,12095,6DF77FD25F2DAA4CE060381FFE1C6F5D5E21B6F3,ruRU/locale-ruRU.mpq:DBFilesClient\CharSections.dbc | ruRU/patch-ruRU-4.mpq:DBFilesClient\CharSections.dbc,D:\Sirus\_client\World of Warcraft Sirus\Naga_Extract_2026-10-03\DiscoveredFromDBC\ByArchive\common.mpq\Character\Naga_\Female\Naga_FemaleFaceLower00_00.blp
common.mpq,Character\Naga_\Female\Naga_FemaleFaceUpper00_00.blp,6635,F50722579955EE7E18EB077BF71107F3495C348F,ruRU/locale-ruRU.mpq:DBFilesClient\CharSections.dbc | ruRU/patch-ruRU-4.mpq:DBFilesClient\CharSections.dbc,D:\Sirus\_client\World of Warcraft Sirus\Naga_Extract_2026-10-03\DiscoveredFromDBC\ByArchive\common.mpq\Character\Naga_\Female\Naga_FemaleFaceUpper00_00.blp
common.mpq,Character\Naga_\Female\Naga_FemaleFaceLower00_01.blp,12095,EB6DB0A3CD12BFC6A705FE77307AC67037B1C5B9,ruRU/locale-ruRU.mpq:DBFilesClient\CharSections.dbc | ruRU/patch-ruRU-4.mpq:DBFilesClient\CharSections.dbc,D:\Sirus\_client\World of Warcraft Sirus\Naga_Extract_2026-10-03\DiscoveredFromDBC\ByArchive\common.mpq\Character\Naga_\Female\Naga_FemaleFaceLower00_01.blp
common.mpq,Character\Naga_\Female\Naga_FemaleFaceUpper00_01.blp,6635,83A1E9F1CC408234FCA3CC4BE78F1403B7972DBD,ruRU/locale-ruRU.mpq:DBFilesClient\CharSections.dbc | ruRU/patch-ruRU-4.mpq:DBFilesClient\CharSections.dbc,D:\Sirus\_client\World of Warcraft Sirus\Naga_Extract_2026-10-03\DiscoveredFromDBC\ByArchive\common.mpq\Character\Naga_\Female\Naga_FemaleFaceUpper00_01.blp
common.mpq,Character\Naga_\Female\Naga_FemaleFaceLower00_02.blp,12095,0FCCCE3D67BD3C66E97BFEA901D2DA2041DB7B88,ruRU/locale-ruRU.mpq:DBFilesClient\CharSections.dbc | ruRU/patch-ruRU-4.mpq:DBFilesClient\CharSections.dbc,D:\Sirus\_client\World of Warcraft Sirus\Naga_Extract_2026-10-03\DiscoveredFromDBC\ByArchive\common.mpq\Character\Naga_\Female\Naga_FemaleFaceLower00_02.blp
common.mpq,Character\Naga_\Female\Naga_FemaleFaceUpper00_02.blp,6635,3498D5D7FC20BC0DF3EB3A46953577C6B9DDB37F,ruRU/locale-ruRU.mpq:DBFilesClient\CharSections.dbc | ruRU/patch-ruRU-4.mpq:DBFilesClient\CharSections.dbc,D:\Sirus\_client\World of Warcraft Sirus\Naga_Extract_2026-10-03\DiscoveredFromDBC\ByArchive\common.mpq\Character\Naga_\Female\Naga_FemaleFaceUpper00_02.blp
common.mpq,Character\Naga_\Female\Naga_FemaleFaceLower00_03.blp,12095,52657B809A32816317A5112E186830CE17DB703A,ruRU/locale-ruRU.mpq:DBFilesClient\CharSections.dbc | ruRU/patch-ruRU-4.mpq:DBFilesClient\CharSections.dbc,D:\Sirus\_client\World of Warcraft Sirus\Naga_Extract_2026-10-03\DiscoveredFromDBC\ByArchive\common.mpq\Character\Naga_\Female\Naga_FemaleFaceLower00_03.blp
common.mpq,Character\Naga_\Female\Naga_FemaleFaceUpper00_03.blp,6635,664CFF510CA0364234B2E147AF4059DB4384A39F,ruRU/locale-ruRU.mpq:DBFilesClient\CharSections.dbc | ruRU/patch-ruRU-4.mpq:DBFilesClient\CharSections.dbc,D:\Sirus\_client\World of Warcraft Sirus\Naga_Extract_2026-10-03\DiscoveredFromDBC\ByArchive\common.mpq\Character\Naga_\Female\Naga_FemaleFaceUpper00_03.blp
common.mpq,Character\Naga_\Female\Naga_FemaleFaceLower00_04.blp,12095,0BC77C68C48E5E63DF272D202975A3F00DCC52FB,ruRU/locale-ruRU.mpq:DBFilesClient\CharSections.dbc | ruRU/patch-ruRU-4.mpq:DBFilesClient\CharSections.dbc,D:\Sirus\_client\World of Warcraft Sirus\Naga_Extract_2026-10-03\DiscoveredFromDBC\ByArchive\common.mpq\Character\Naga_\Female\Naga_FemaleFaceLower00_04.blp
common.mpq,Character\Naga_\Female\Naga_FemaleFaceUpper00_04.blp,6635,6F12C5A0CA9B866DB928ED9F8FBD20AF794A2AD3,ruRU/locale-ruRU.mpq:DBFilesClient\CharSections.dbc | ruRU/patch-ruRU-4.mpq:DBFilesClient\CharSections.dbc,D:\Sirus\_client\World of Warcraft Sirus\Naga_Extract_2026-10-03\DiscoveredFromDBC\ByArchive\common.mpq\Character\Naga_\Female\Naga_FemaleFaceUpper00_04.blp
common.mpq,Character\Naga_\Female\Naga_FemaleNakedPelvisSkin00_00.blp,12095,771D199920DA794878F5AD7A0BF48C272E767EC4,ruRU/locale-ruRU.mpq:DBFilesClient\CharSections.dbc | ruRU/patch-ruRU-4.mpq:DBFilesClient\CharSections.dbc,D:\Sirus\_client\World of Warcraft Sirus\Naga_Extract_2026-10-03\DiscoveredFromDBC\ByArchive\common.mpq\Character\Naga_\Female\Naga_FemaleNakedPelvisSkin00_00.blp
common.mpq,Character\Naga_\Female\Naga_FemaleNakedTorsoSkin00_00.blp,12095,2D32168BB209AA0B89EA61DC8D87505FBF650E06,ruRU/locale-ruRU.mpq:DBFilesClient\CharSections.dbc | ruRU/patch-ruRU-4.mpq:DBFilesClient\CharSections.dbc,D:\Sirus\_client\World of Warcraft Sirus\Naga_Extract_2026-10-03\DiscoveredFromDBC\ByArchive\common.mpq\Character\Naga_\Female\Naga_FemaleNakedTorsoSkin00_00.blp
common.mpq,Character\Naga_\Female\Naga_FemaleNakedPelvisSkin00_01.blp,12095,5CDAB2CD5263EBBB797E9F7D4E5BD6ED0C74665A,ruRU/locale-ruRU.mpq:DBFilesClient\CharSections.dbc | ruRU/patch-ruRU-4.mpq:DBFilesClient\CharSections.dbc,D:\Sirus\_client\World of Warcraft Sirus\Naga_Extract_2026-10-03\DiscoveredFromDBC\ByArchive\common.mpq\Character\Naga_\Female\Naga_FemaleNakedPelvisSkin00_01.blp
common.mpq,Character\Naga_\Female\Naga_FemaleNakedTorsoSkin00_01.blp,12095,A7D52FFDCFB482D36E95B200E221B90F0066E807,ruRU/locale-ruRU.mpq:DBFilesClient\CharSections.dbc | ruRU/patch-ruRU-4.mpq:DBFilesClient\CharSections.dbc,D:\Sirus\_client\World of Warcraft Sirus\Naga_Extract_2026-10-03\DiscoveredFromDBC\ByArchive\common.mpq\Character\Naga_\Female\Naga_FemaleNakedTorsoSkin00_01.blp
common.mpq,Character\Naga_\Female\Naga_FemaleNakedPelvisSkin00_02.blp,12095,0349A6BCF214720B0BB0242CB97953B22CD77E6B,ruRU/locale-ruRU.mpq:DBFilesClient\CharSections.dbc | ruRU/patch-ruRU-4.mpq:DBFilesClient\CharSections.dbc,D:\Sirus\_client\World of Warcraft Sirus\Naga_Extract_2026-10-03\DiscoveredFromDBC\ByArchive\common.mpq\Character\Naga_\Female\Naga_FemaleNakedPelvisSkin00_02.blp
common.mpq,Character\Naga_\Female\Naga_FemaleNakedTorsoSkin00_02.blp,12095,98987804BE7911777E2DD4023425912B086985FE,ruRU/locale-ruRU.mpq:DBFilesClient\CharSections.dbc | ruRU/patch-ruRU-4.mpq:DBFilesClient\CharSections.dbc,D:\Sirus\_client\World of Warcraft Sirus\Naga_Extract_2026-10-03\DiscoveredFromDBC\ByArchive\common.mpq\Character\Naga_\Female\Naga_FemaleNakedTorsoSkin00_02.blp
common.mpq,Character\Naga_\Female\Naga_FemaleNakedPelvisSkin00_03.blp,12095,9DD74B6258BBADE18A6BE6B3ECA2E52CB4E83C92,ruRU/locale-ruRU.mpq:DBFilesClient\CharSections.dbc | ruRU/patch-ruRU-4.mpq:DBFilesClient\CharSections.dbc,D:\Sirus\_client\World of Warcraft Sirus\Naga_Extract_2026-10-03\DiscoveredFromDBC\ByArchive\common.mpq\Character\Naga_\Female\Naga_FemaleNakedPelvisSkin00_03.blp
common.mpq,Character\Naga_\Female\Naga_FemaleNakedTorsoSkin00_03.blp,12095,516870F85427DA955822AC779CB5254DED67DC69,ruRU/locale-ruRU.mpq:DBFilesClient\CharSections.dbc | ruRU/patch-ruRU-4.mpq:DBFilesClient\CharSections.dbc,D:\Sirus\_client\World of Warcraft Sirus\Naga_Extract_2026-10-03\DiscoveredFromDBC\ByArchive\common.mpq\Character\Naga_\Female\Naga_FemaleNakedTorsoSkin00_03.blp
common.mpq,Character\Naga_\Female\Naga_FemaleNakedPelvisSkin00_04.blp,12095,BFE80DB829238E1ECEDDE168ECD2219ACD1A9D37,ruRU/locale-ruRU.mpq:DBFilesClient\CharSections.dbc | ruRU/patch-ruRU-4.mpq:DBFilesClient\CharSections.dbc,D:\Sirus\_client\World of Warcraft Sirus\Naga_Extract_2026-10-03\DiscoveredFromDBC\ByArchive\common.mpq\Character\Naga_\Female\Naga_FemaleNakedPelvisSkin00_04.blp
common.mpq,Character\Naga_\Female\Naga_FemaleNakedTorsoSkin00_04.blp,12095,09DC8969009D4DF7461C632A4B2FF418440D6CC5,ruRU/locale-ruRU.mpq:DBFilesClient\CharSections.dbc | ruRU/patch-ruRU-4.mpq:DBFilesClient\CharSections.dbc,D:\Sirus\_client\World of Warcraft Sirus\Naga_Extract_2026-10-03\DiscoveredFromDBC\ByArchive\common.mpq\Character\Naga_\Female\Naga_FemaleNakedTorsoSkin00_04.blp
common.mpq,Creature\NagaMale\NagaMale.m2,746048,FEC43AE56CD3E384E180BCAFD18B34BD6EA972C8,ruRU/locale-ruRU.mpq:DBFilesClient\CreatureModelData.dbc [mdx->m2] | ruRU/patch-ruRU-4.mpq:DBFilesClient\CreatureModelData.dbc [mdx->m2],D:\Sirus\_client\World of Warcraft Sirus\Naga_Extract_2026-10-03\DiscoveredFromDBC\ByArchive\common.mpq\Creature\NagaMale\NagaMale.m2
common.mpq,Creature\NagaFemale\Siren.m2,706224,02DF52AA9CF681E060B0E07EE2FC176BB4310BE6,ruRU/locale-ruRU.mpq:DBFilesClient\CreatureModelData.dbc [mdx->m2] | ruRU/patch-ruRU-4.mpq:DBFilesClient\CreatureModelData.dbc [mdx->m2],D:\Sirus\_client\World of Warcraft Sirus\Naga_Extract_2026-10-03\DiscoveredFromDBC\ByArchive\common.mpq\Creature\NagaFemale\Siren.m2
common.mpq,CHARACTER\Naga_\Male\Naga_Male.m2,798832,9F1D28E8A06B41B021F3DEC9D3F76863AB6B7C83,ruRU/locale-ruRU.mpq:DBFilesClient\CreatureModelData.dbc [mdx->m2] | ruRU/patch-ruRU-4.mpq:DBFilesClient\CreatureModelData.dbc [mdx->m2],D:\Sirus\_client\World of Warcraft Sirus\Naga_Extract_2026-10-03\DiscoveredFromDBC\ByArchive\common.mpq\CHARACTER\Naga_\Male\Naga_Male.m2
common.mpq,CHARACTER\Naga_\Female\Naga_Female.m2,738384,E4E17890570824CC909B7EA96773311D69F0448C,ruRU/locale-ruRU.mpq:DBFilesClient\CreatureModelData.dbc [mdx->m2] | ruRU/patch-ruRU-4.mpq:DBFilesClient\CreatureModelData.dbc [mdx->m2],D:\Sirus\_client\World of Warcraft Sirus\Naga_Extract_2026-10-03\DiscoveredFromDBC\ByArchive\common.mpq\CHARACTER\Naga_\Female\Naga_Female.m2
common.mpq,Creature\QuestObjects\Creature_NagaDistiller.m2,208192,A7228A584E0921757F576BF9E9A8A89A0245F210,ruRU/locale-ruRU.mpq:DBFilesClient\CreatureModelData.dbc [mdx->m2] | ruRU/patch-ruRU-4.mpq:DBFilesClient\CreatureModelData.dbc [mdx->m2],D:\Sirus\_client\World of Warcraft Sirus\Naga_Extract_2026-10-03\DiscoveredFromDBC\ByArchive\common.mpq\Creature\QuestObjects\Creature_NagaDistiller.m2
common.mpq,Creature\NagaLordMale\NagaLordMale.m2,776432,8261C745148AEB5E3F58D4BBCC6CE41FAED5FFCA,ruRU/locale-ruRU.mpq:DBFilesClient\CreatureModelData.dbc [mdx->m2] | ruRU/patch-ruRU-4.mpq:DBFilesClient\CreatureModelData.dbc [mdx->m2],D:\Sirus\_client\World of Warcraft Sirus\Naga_Extract_2026-10-03\DiscoveredFromDBC\ByArchive\common.mpq\Creature\NagaLordMale\NagaLordMale.m2
common.mpq,world\expansion01\doodads\generic\naga\crates\na_crate02.m2,16272,41EE7881A879CDD1972F21BD0CC11EDA412DFB0A,ruRU/patch-ruRU-4.mpq:DBFilesClient\CreatureModelData.dbc [mdx->m2],D:\Sirus\_client\World of Warcraft Sirus\Naga_Extract_2026-10-03\DiscoveredFromDBC\ByArchive\common.mpq\world\expansion01\doodads\generic\naga\crates\na_crate02.m2
common.mpq,SPELLS\nagalordshell_impact.m2,8064,5594010B0178DFAF3EAA89502A108EC8CFEEC303,ruRU/patch-ruRU-4.mpq:DBFilesClient\CreatureModelData.dbc [mdx->m2],D:\Sirus\_client\World of Warcraft Sirus\Naga_Extract_2026-10-03\DiscoveredFromDBC\ByArchive\common.mpq\SPELLS\nagalordshell_impact.m2
common.mpq,SPELLS\nagalordshell_missile.m2,16592,FBD3C2134C32D313E423C4FD065E6D4FB841C020,ruRU/patch-ruRU-4.mpq:DBFilesClient\CreatureModelData.dbc [mdx->m2],D:\Sirus\_client\World of Warcraft Sirus\Naga_Extract_2026-10-03\DiscoveredFromDBC\ByArchive\common.mpq\SPELLS\nagalordshell_missile.m2
patch-4.MPQ,Character\Naga\Male\Naga_HD_Male.m2,1046944,B37579DCC682A4D289C29A27956A0FEA08F54D82,ruRU/patch-ruRU-4.mpq:DBFilesClient\CreatureModelData.dbc [mdx->m2],D:\Sirus\_client\World of Warcraft Sirus\Naga_Extract_2026-10-03\DiscoveredFromDBC\ByArchive\patch-4.MPQ\Character\Naga\Male\Naga_HD_Male.m2
patch-4.MPQ,Character\Naga\Female\Naga_HD_Female.m2,1131968,F7790B4FB9FD21E6C40D2B1F656BB2AF6018C147,ruRU/patch-ruRU-4.mpq:DBFilesClient\CreatureModelData.dbc [mdx->m2],D:\Sirus\_client\World of Warcraft Sirus\Naga_Extract_2026-10-03\DiscoveredFromDBC\ByArchive\patch-4.MPQ\Character\Naga\Female\Naga_HD_Female.m2
patch-5.MPQ,creature\nagabrute\nagabrute.m2,1824026,30FAD9D40F8500FB2D825C157528008214036950,ruRU/patch-ruRU-4.mpq:DBFilesClient\CreatureModelData.dbc [mdx->m2],D:\Sirus\_client\World of Warcraft Sirus\Naga_Extract_2026-10-03\DiscoveredFromDBC\ByArchive\patch-5.MPQ\creature\nagabrute\nagabrute.m2
patch-5.MPQ,creature\babynaga\babynaga.m2,779066,230E59975BD679D3005BEB8B55EB02449D338866,ruRU/patch-ruRU-4.mpq:DBFilesClient\CreatureModelData.dbc [mdx->m2],D:\Sirus\_client\World of Warcraft Sirus\Naga_Extract_2026-10-03\DiscoveredFromDBC\ByArchive\patch-5.MPQ\creature\babynaga\babynaga.m2
patch-5.MPQ,creature\Nagamale_HD\naga_male.m2,1922103,19416A1C0ACA4C12CB16CC8F63A70EB1A103AA6C,ruRU/patch-ruRU-4.mpq:DBFilesClient\CreatureModelData.dbc [mdx->m2],D:\Sirus\_client\World of Warcraft Sirus\Naga_Extract_2026-10-03\DiscoveredFromDBC\ByArchive\patch-5.MPQ\creature\Nagamale_HD\naga_male.m2
patch-5.MPQ,creature\Nagafemale_HD\naga_female.m2,1654090,099195DD76F1E90CC2F6E5DE79279B7A57ABAF16,ruRU/patch-ruRU-4.mpq:DBFilesClient\CreatureModelData.dbc [mdx->m2],D:\Sirus\_client\World of Warcraft Sirus\Naga_Extract_2026-10-03\DiscoveredFromDBC\ByArchive\patch-5.MPQ\creature\Nagafemale_HD\naga_female.m2
patch-5.MPQ,Creature\CustomCharacters\Alaeth\AlaethNaga.m2,5742277,15966BBF6FAE69E99566677819EAC5517AC52389,ruRU/patch-ruRU-4.mpq:DBFilesClient\CreatureModelData.dbc [mdx->m2],D:\Sirus\_client\World of Warcraft Sirus\Naga_Extract_2026-10-03\DiscoveredFromDBC\ByArchive\patch-5.MPQ\Creature\CustomCharacters\Alaeth\AlaethNaga.m2
patch-5.MPQ,creature\CustomCharacters\Thaloran\ThaloranNaga.m2,5386583,D12A91F9AB655BAE29E7CE1339DC099A9C2056BD,ruRU/patch-ruRU-4.mpq:DBFilesClient\CreatureModelData.dbc [mdx->m2],D:\Sirus\_client\World of Warcraft Sirus\Naga_Extract_2026-10-03\DiscoveredFromDBC\ByArchive\patch-5.MPQ\creature\CustomCharacters\Thaloran\ThaloranNaga.m2
patch-5.MPQ,Creature\Nagas\NagaHeavyMelee\NagaHeavyMelee.m2,2085478,2500C6D5C2F2A09B790418F04087EC0D078F895B,ruRU/patch-ruRU-4.mpq:DBFilesClient\CreatureModelData.dbc [mdx->m2],D:\Sirus\_client\World of Warcraft Sirus\Naga_Extract_2026-10-03\DiscoveredFromDBC\ByArchive\patch-5.MPQ\Creature\Nagas\NagaHeavyMelee\NagaHeavyMelee.m2
patch-5.MPQ,Creature\Nagas\NagaLightMelee\NagaLightMelee.m2,2129212,DD41CDCC1B5A4FE42DD8B8B5C6D40F321C47E33A,ruRU/patch-ruRU-4.mpq:DBFilesClient\CreatureModelData.dbc [mdx->m2],D:\Sirus\_client\World of Warcraft Sirus\Naga_Extract_2026-10-03\DiscoveredFromDBC\ByArchive\patch-5.MPQ\Creature\Nagas\NagaLightMelee\NagaLightMelee.m2
patch-5.MPQ,Creature\Nagas\NagaLightCaster\NagaLightCaster.m2,1830409,BAD12C0BF83106A7144DD9F002372C4394A024E1,ruRU/patch-ruRU-4.mpq:DBFilesClient\CreatureModelData.dbc [mdx->m2],D:\Sirus\_client\World of Warcraft Sirus\Naga_Extract_2026-10-03\DiscoveredFromDBC\ByArchive\patch-5.MPQ\Creature\Nagas\NagaLightCaster\NagaLightCaster.m2
patch-6.MPQ,World\Sirus\Naga_totem_air.m2,71145,81E1E175467E373C3B2F6F746E7DC78C3AA04203,ruRU/patch-ruRU-4.mpq:DBFilesClient\CreatureModelData.dbc [mdx->m2],D:\Sirus\_client\World of Warcraft Sirus\Naga_Extract_2026-10-03\DiscoveredFromDBC\ByArchive\patch-6.MPQ\World\Sirus\Naga_totem_air.m2
patch-6.MPQ,World\Sirus\Naga_totem_earth.m2,70153,4A430A7136ACA74292AA927435C4412F79A396A8,ruRU/patch-ruRU-4.mpq:DBFilesClient\CreatureModelData.dbc [mdx->m2],D:\Sirus\_client\World of Warcraft Sirus\Naga_Extract_2026-10-03\DiscoveredFromDBC\ByArchive\patch-6.MPQ\World\Sirus\Naga_totem_earth.m2
patch-6.MPQ,World\Sirus\Naga_totem_fire.m2,72105,CFDD373594113845C5D01D125AB1FABB135AD8CD,ruRU/patch-ruRU-4.mpq:DBFilesClient\CreatureModelData.dbc [mdx->m2],D:\Sirus\_client\World of Warcraft Sirus\Naga_Extract_2026-10-03\DiscoveredFromDBC\ByArchive\patch-6.MPQ\World\Sirus\Naga_totem_fire.m2
patch-6.MPQ,World\Sirus\Naga_totem_water.m2,74313,713245A7260B8275998B535E2508301BE0038D1B,ruRU/patch-ruRU-4.mpq:DBFilesClient\CreatureModelData.dbc [mdx->m2],D:\Sirus\_client\World of Warcraft Sirus\Naga_Extract_2026-10-03\DiscoveredFromDBC\ByArchive\patch-6.MPQ\World\Sirus\Naga_totem_water.m2
patch-p.mpq,Character\NagaSirusHD\Male\NAGA_MALESKIN00_00.blp,700222,0D8CFBCFC3A6B6FF6DE4EF633AF0915E45B09FAB,ruRU/patch-ruRU-4.mpq:DBFilesClient\CharSections.dbc,D:\Sirus\_client\World of Warcraft Sirus\Naga_Extract_2026-10-03\DiscoveredFromDBC\ByArchive\patch-p.mpq\Character\NagaSirusHD\Male\NAGA_MALESKIN00_00.blp
patch-p.mpq,Character\NagaSirusHD\Male\NAGA_MALEskinExtra00_00.blp,700244,68A53145F756A54B954E5E026BE2C9D8E109E367,ruRU/patch-ruRU-4.mpq:DBFilesClient\CharSections.dbc,D:\Sirus\_client\World of Warcraft Sirus\Naga_Extract_2026-10-03\DiscoveredFromDBC\ByArchive\patch-p.mpq\Character\NagaSirusHD\Male\NAGA_MALEskinExtra00_00.blp
patch-p.mpq,Character\NagaSirusHD\Male\NAGA_MALESKIN00_01.blp,700222,01919EB5B7A2A55AB42900CA8674B9888B0BBFC4,ruRU/patch-ruRU-4.mpq:DBFilesClient\CharSections.dbc,D:\Sirus\_client\World of Warcraft Sirus\Naga_Extract_2026-10-03\DiscoveredFromDBC\ByArchive\patch-p.mpq\Character\NagaSirusHD\Male\NAGA_MALESKIN00_01.blp
patch-p.mpq,Character\NagaSirusHD\Male\NAGA_MALEskinExtra00_01.blp,700244,46FC94D98F29FD368D11367BABCE4FD4FA0AF284,ruRU/patch-ruRU-4.mpq:DBFilesClient\CharSections.dbc,D:\Sirus\_client\World of Warcraft Sirus\Naga_Extract_2026-10-03\DiscoveredFromDBC\ByArchive\patch-p.mpq\Character\NagaSirusHD\Male\NAGA_MALEskinExtra00_01.blp
patch-p.mpq,Character\NagaSirusHD\Male\NAGA_MALESKIN00_02.blp,700222,433C2DAADACFF62CFB03287604FDE24B2A6B5C65,ruRU/patch-ruRU-4.mpq:DBFilesClient\CharSections.dbc,D:\Sirus\_client\World of Warcraft Sirus\Naga_Extract_2026-10-03\DiscoveredFromDBC\ByArchive\patch-p.mpq\Character\NagaSirusHD\Male\NAGA_MALESKIN00_02.blp
patch-p.mpq,Character\NagaSirusHD\Male\NAGA_MALEskinExtra00_02.blp,700244,DF83DD34313BF40787C83EE3004C9EBD72909919,ruRU/patch-ruRU-4.mpq:DBFilesClient\CharSections.dbc,D:\Sirus\_client\World of Warcraft Sirus\Naga_Extract_2026-10-03\DiscoveredFromDBC\ByArchive\patch-p.mpq\Character\NagaSirusHD\Male\NAGA_MALEskinExtra00_02.blp
patch-p.mpq,Character\NagaSirusHD\Male\NAGA_MALESKIN00_03.blp,700222,4B971164726C95DEEBC25ADBC2CD1D74D952F0C1,ruRU/patch-ruRU-4.mpq:DBFilesClient\CharSections.dbc,D:\Sirus\_client\World of Warcraft Sirus\Naga_Extract_2026-10-03\DiscoveredFromDBC\ByArchive\patch-p.mpq\Character\NagaSirusHD\Male\NAGA_MALESKIN00_03.blp
patch-p.mpq,Character\NagaSirusHD\Male\NAGA_MALEskinExtra00_03.blp,700244,3012C73890E6817399E35FE24477F580646A9ABC,ruRU/patch-ruRU-4.mpq:DBFilesClient\CharSections.dbc,D:\Sirus\_client\World of Warcraft Sirus\Naga_Extract_2026-10-03\DiscoveredFromDBC\ByArchive\patch-p.mpq\Character\NagaSirusHD\Male\NAGA_MALEskinExtra00_03.blp
patch-p.mpq,Character\NagaSirusHD\Male\NAGA_MALESKIN00_04.blp,700222,89B83B29A25E04BB54AB68C3F27683383CBA17A9,ruRU/patch-ruRU-4.mpq:DBFilesClient\CharSections.dbc,D:\Sirus\_client\World of Warcraft Sirus\Naga_Extract_2026-10-03\DiscoveredFromDBC\ByArchive\patch-p.mpq\Character\NagaSirusHD\Male\NAGA_MALESKIN00_04.blp
patch-p.mpq,Character\NagaSirusHD\Male\NAGA_MALEskinExtra00_04.blp,700244,856435E8A695C1C350882C1CDD707FDA2452F701,ruRU/patch-ruRU-4.mpq:DBFilesClient\CharSections.dbc,D:\Sirus\_client\World of Warcraft Sirus\Naga_Extract_2026-10-03\DiscoveredFromDBC\ByArchive\patch-p.mpq\Character\NagaSirusHD\Male\NAGA_MALEskinExtra00_04.blp
patch-p.mpq,Character\NagaSirusHD\Male\NAGA_MALESKIN00_05.blp,700222,250D50B1F4EAED551052812D9056F33330EBF115,ruRU/patch-ruRU-4.mpq:DBFilesClient\CharSections.dbc,D:\Sirus\_client\World of Warcraft Sirus\Naga_Extract_2026-10-03\DiscoveredFromDBC\ByArchive\patch-p.mpq\Character\NagaSirusHD\Male\NAGA_MALESKIN00_05.blp
patch-p.mpq,Character\NagaSirusHD\Male\NAGA_MALEskinExtra00_05.blp,700244,1CE3158A588FE4E1E50E97588A4A86A1A3B4B223,ruRU/patch-ruRU-4.mpq:DBFilesClient\CharSections.dbc,D:\Sirus\_client\World of Warcraft Sirus\Naga_Extract_2026-10-03\DiscoveredFromDBC\ByArchive\patch-p.mpq\Character\NagaSirusHD\Male\NAGA_MALEskinExtra00_05.blp
patch-p.mpq,Character\NagaSirusHD\Male\NAGA_MALESKIN00_06.blp,700222,FAD7B9BA92332737CE6544862734B59DF7A056B4,ruRU/patch-ruRU-4.mpq:DBFilesClient\CharSections.dbc,D:\Sirus\_client\World of Warcraft Sirus\Naga_Extract_2026-10-03\DiscoveredFromDBC\ByArchive\patch-p.mpq\Character\NagaSirusHD\Male\NAGA_MALESKIN00_06.blp
patch-p.mpq,Character\NagaSirusHD\Male\NAGA_MALEskinExtra00_06.blp,700244,3C293DADAA79DC252A975B09189344218B66AD46,ruRU/patch-ruRU-4.mpq:DBFilesClient\CharSections.dbc,D:\Sirus\_client\World of Warcraft Sirus\Naga_Extract_2026-10-03\DiscoveredFromDBC\ByArchive\patch-p.mpq\Character\NagaSirusHD\Male\NAGA_MALEskinExtra00_06.blp
patch-p.mpq,Character\NagaSirusHD\Male\NAGA_MALESKIN00_07.blp,700222,4C19CEE5CF023EFFBE086B0332BF2E83C7A111FC,ruRU/patch-ruRU-4.mpq:DBFilesClient\CharSections.dbc,D:\Sirus\_client\World of Warcraft Sirus\Naga_Extract_2026-10-03\DiscoveredFromDBC\ByArchive\patch-p.mpq\Character\NagaSirusHD\Male\NAGA_MALESKIN00_07.blp
patch-p.mpq,Character\NagaSirusHD\Male\NAGA_MALEskinExtra00_07.blp,700244,9FA02B88A3A8526C68BCB6140BA61221E8033EE7,ruRU/patch-ruRU-4.mpq:DBFilesClient\CharSections.dbc,D:\Sirus\_client\World of Warcraft Sirus\Naga_Extract_2026-10-03\DiscoveredFromDBC\ByArchive\patch-p.mpq\Character\NagaSirusHD\Male\NAGA_MALEskinExtra00_07.blp
patch-p.mpq,Character\NagaSirusHD\Male\NAGA_MALESKIN00_08.blp,700222,A8D5C6F02CE7B4BC972E73DA1E2B98C26D9FDB0B,ruRU/patch-ruRU-4.mpq:DBFilesClient\CharSections.dbc,D:\Sirus\_client\World of Warcraft Sirus\Naga_Extract_2026-10-03\DiscoveredFromDBC\ByArchive\patch-p.mpq\Character\NagaSirusHD\Male\NAGA_MALESKIN00_08.blp
patch-p.mpq,Character\NagaSirusHD\Male\NAGA_MALEskinExtra00_08.blp,700244,282FA9E7BE350504ABF36E3D2D89D63B0623AF4B,ruRU/patch-ruRU-4.mpq:DBFilesClient\CharSections.dbc,D:\Sirus\_client\World of Warcraft Sirus\Naga_Extract_2026-10-03\DiscoveredFromDBC\ByArchive\patch-p.mpq\Character\NagaSirusHD\Male\NAGA_MALEskinExtra00_08.blp
patch-p.mpq,Character\NagaSirusHD\Male\NAGA_MALESKIN00_09.blp,700222,1BFD6B37BD765E69859C500EEF50486F8284745B,ruRU/patch-ruRU-4.mpq:DBFilesClient\CharSections.dbc,D:\Sirus\_client\World of Warcraft Sirus\Naga_Extract_2026-10-03\DiscoveredFromDBC\ByArchive\patch-p.mpq\Character\NagaSirusHD\Male\NAGA_MALESKIN00_09.blp
patch-p.mpq,Character\NagaSirusHD\Male\NAGA_MALEskinExtra00_09.blp,700244,A47835002FC8ADAE09B2D1838807FBD4EFE66B4D,ruRU/patch-ruRU-4.mpq:DBFilesClient\CharSections.dbc,D:\Sirus\_client\World of Warcraft Sirus\Naga_Extract_2026-10-03\DiscoveredFromDBC\ByArchive\patch-p.mpq\Character\NagaSirusHD\Male\NAGA_MALEskinExtra00_09.blp
patch-p.mpq,Character\NagaSirusHD\Male\NAGA_MALESKIN00_10.blp,700222,2D3A27B5C422A4585559EBB18CBDFA7235671209,ruRU/patch-ruRU-4.mpq:DBFilesClient\CharSections.dbc,D:\Sirus\_client\World of Warcraft Sirus\Naga_Extract_2026-10-03\DiscoveredFromDBC\ByArchive\patch-p.mpq\Character\NagaSirusHD\Male\NAGA_MALESKIN00_10.blp
patch-p.mpq,Character\NagaSirusHD\Male\NAGA_MALEskinExtra00_10.blp,700244,6A05E91BC1C2BE1F09726D62863DB18E3E12A945,ruRU/patch-ruRU-4.mpq:DBFilesClient\CharSections.dbc,D:\Sirus\_client\World of Warcraft Sirus\Naga_Extract_2026-10-03\DiscoveredFromDBC\ByArchive\patch-p.mpq\Character\NagaSirusHD\Male\NAGA_MALEskinExtra00_10.blp
patch-p.mpq,Character\NagaSirusHD\Male\NAGA_MALESKIN00_11.blp,700222,ADE98CC933206776250A1C98FF4A9A45668CA83E,ruRU/patch-ruRU-4.mpq:DBFilesClient\CharSections.dbc,D:\Sirus\_client\World of Warcraft Sirus\Naga_Extract_2026-10-03\DiscoveredFromDBC\ByArchive\patch-p.mpq\Character\NagaSirusHD\Male\NAGA_MALESKIN00_11.blp
patch-p.mpq,Character\NagaSirusHD\Male\NAGA_MALEskinExtra00_11.blp,700244,2B2D3A609857773ADD5EA923AF848D57F561894D,ruRU/patch-ruRU-4.mpq:DBFilesClient\CharSections.dbc,D:\Sirus\_client\World of Warcraft Sirus\Naga_Extract_2026-10-03\DiscoveredFromDBC\ByArchive\patch-p.mpq\Character\NagaSirusHD\Male\NAGA_MALEskinExtra00_11.blp
patch-p.mpq,Character\NagaSirusHD\Male\NAGA_MALESKIN00_12.blp,700222,769D397C37BA4020C00AD54B9964F00DCA30457E,ruRU/patch-ruRU-4.mpq:DBFilesClient\CharSections.dbc,D:\Sirus\_client\World of Warcraft Sirus\Naga_Extract_2026-10-03\DiscoveredFromDBC\ByArchive\patch-p.mpq\Character\NagaSirusHD\Male\NAGA_MALESKIN00_12.blp
patch-p.mpq,Character\NagaSirusHD\Male\NAGA_MALEskinExtra00_12.blp,700244,08A3F01CBAF01F4F48FD7A3184CC62E96BB05767,ruRU/patch-ruRU-4.mpq:DBFilesClient\CharSections.dbc,D:\Sirus\_client\World of Warcraft Sirus\Naga_Extract_2026-10-03\DiscoveredFromDBC\ByArchive\patch-p.mpq\Character\NagaSirusHD\Male\NAGA_MALEskinExtra00_12.blp
patch-p.mpq,Character\NagaSirusHD\Male\NAGA_MALESKIN00_13.blp,700222,4C0D9CEDDA3ABA8848AC758E3B724E0DB319F8C0,ruRU/patch-ruRU-4.mpq:DBFilesClient\CharSections.dbc,D:\Sirus\_client\World of Warcraft Sirus\Naga_Extract_2026-10-03\DiscoveredFromDBC\ByArchive\patch-p.mpq\Character\NagaSirusHD\Male\NAGA_MALESKIN00_13.blp
patch-p.mpq,Character\NagaSirusHD\Male\NAGA_MALEskinExtra00_13.blp,700244,B0059CF9F5B789DDAE63D092DE191ABCFF56287C,ruRU/patch-ruRU-4.mpq:DBFilesClient\CharSections.dbc,D:\Sirus\_client\World of Warcraft Sirus\Naga_Extract_2026-10-03\DiscoveredFromDBC\ByArchive\patch-p.mpq\Character\NagaSirusHD\Male\NAGA_MALEskinExtra00_13.blp
patch-p.mpq,Character\NagaSirusHD\Male\NAGA_MALESKIN00_14.blp,700222,1DC3A41A3B49EA951B623AF35A9472A6759C8715,ruRU/patch-ruRU-4.mpq:DBFilesClient\CharSections.dbc,D:\Sirus\_client\World of Warcraft Sirus\Naga_Extract_2026-10-03\DiscoveredFromDBC\ByArchive\patch-p.mpq\Character\NagaSirusHD\Male\NAGA_MALESKIN00_14.blp
patch-p.mpq,Character\NagaSirusHD\Male\NAGA_MALEskinExtra00_14.blp,700244,33293B5851D3212F0ACCF5E4C67A2EAE7770F95B,ruRU/patch-ruRU-4.mpq:DBFilesClient\CharSections.dbc,D:\Sirus\_client\World of Warcraft Sirus\Naga_Extract_2026-10-03\DiscoveredFromDBC\ByArchive\patch-p.mpq\Character\NagaSirusHD\Male\NAGA_MALEskinExtra00_14.blp
patch-p.mpq,Character\NagaSirusHD\Male\NAGA_MALESKIN00_15.blp,700222,9AD9A357A489AD8944CE4925FBC6C06D469971A6,ruRU/patch-ruRU-4.mpq:DBFilesClient\CharSections.dbc,D:\Sirus\_client\World of Warcraft Sirus\Naga_Extract_2026-10-03\DiscoveredFromDBC\ByArchive\patch-p.mpq\Character\NagaSirusHD\Male\NAGA_MALESKIN00_15.blp
patch-p.mpq,Character\NagaSirusHD\Male\NAGA_MALEskinExtra00_15.blp,700244,840664BD021F0E896BD00975EDACBF1C8A1B320A,ruRU/patch-ruRU-4.mpq:DBFilesClient\CharSections.dbc,D:\Sirus\_client\World of Warcraft Sirus\Naga_Extract_2026-10-03\DiscoveredFromDBC\ByArchive\patch-p.mpq\Character\NagaSirusHD\Male\NAGA_MALEskinExtra00_15.blp
patch-p.mpq,Character\NagaSirusHD\Male\NAGA_MALESKIN00_16.blp,700222,F75E662305002234837C464DB0525E58FC4E6CBE,ruRU/patch-ruRU-4.mpq:DBFilesClient\CharSections.dbc,D:\Sirus\_client\World of Warcraft Sirus\Naga_Extract_2026-10-03\DiscoveredFromDBC\ByArchive\patch-p.mpq\Character\NagaSirusHD\Male\NAGA_MALESKIN00_16.blp
patch-p.mpq,Character\NagaSirusHD\Male\NAGA_MALEskinExtra00_16.blp,700244,15CB8CB1F3A3985453A6255B42F90D3F12AE7627,ruRU/patch-ruRU-4.mpq:DBFilesClient\CharSections.dbc,D:\Sirus\_client\World of Warcraft Sirus\Naga_Extract_2026-10-03\DiscoveredFromDBC\ByArchive\patch-p.mpq\Character\NagaSirusHD\Male\NAGA_MALEskinExtra00_16.blp
patch-p.mpq,Character\NagaSirusHD\Male\NAGA_MALESKIN00_17.blp,700222,2385F63E5DDF66050B9F1D3AB6E847428382FEEF,ruRU/patch-ruRU-4.mpq:DBFilesClient\CharSections.dbc,D:\Sirus\_client\World of Warcraft Sirus\Naga_Extract_2026-10-03\DiscoveredFromDBC\ByArchive\patch-p.mpq\Character\NagaSirusHD\Male\NAGA_MALESKIN00_17.blp
patch-p.mpq,Character\NagaSirusHD\Male\NAGA_MALEskinExtra00_17.blp,700244,2F6A1A5CE659B3EF96BE00AF878101C35BA27013,ruRU/patch-ruRU-4.mpq:DBFilesClient\CharSections.dbc,D:\Sirus\_client\World of Warcraft Sirus\Naga_Extract_2026-10-03\DiscoveredFromDBC\ByArchive\patch-p.mpq\Character\NagaSirusHD\Male\NAGA_MALEskinExtra00_17.blp
patch-p.mpq,Character\NagaSirusHD\Male\NAGA_MALESKIN00_18.blp,700222,C3ED9F2480144F2707FD197F6E4E843C34A75C84,ruRU/patch-ruRU-4.mpq:DBFilesClient\CharSections.dbc,D:\Sirus\_client\World of Warcraft Sirus\Naga_Extract_2026-10-03\DiscoveredFromDBC\ByArchive\patch-p.mpq\Character\NagaSirusHD\Male\NAGA_MALESKIN00_18.blp
patch-p.mpq,Character\NagaSirusHD\Male\NAGA_MALEskinExtra00_18.blp,700244,20FCDC6B145F74807E5EF629A1BB767765DC2F39,ruRU/patch-ruRU-4.mpq:DBFilesClient\CharSections.dbc,D:\Sirus\_client\World of Warcraft Sirus\Naga_Extract_2026-10-03\DiscoveredFromDBC\ByArchive\patch-p.mpq\Character\NagaSirusHD\Male\NAGA_MALEskinExtra00_18.blp
patch-p.mpq,Character\NagaSirusHD\Male\NAGA_MALESKIN00_19.blp,700222,16AA845822340952E85B1AA430F3216DDBF27B49,ruRU/patch-ruRU-4.mpq:DBFilesClient\CharSections.dbc,D:\Sirus\_client\World of Warcraft Sirus\Naga_Extract_2026-10-03\DiscoveredFromDBC\ByArchive\patch-p.mpq\Character\NagaSirusHD\Male\NAGA_MALESKIN00_19.blp
patch-p.mpq,Character\NagaSirusHD\Male\NAGA_MALEskinExtra00_19.blp,700244,9E0D66598CEA145753247A3A34FB79E27AB1C0F2,ruRU/patch-ruRU-4.mpq:DBFilesClient\CharSections.dbc,D:\Sirus\_client\World of Warcraft Sirus\Naga_Extract_2026-10-03\DiscoveredFromDBC\ByArchive\patch-p.mpq\Character\NagaSirusHD\Male\NAGA_MALEskinExtra00_19.blp
patch-p.mpq,Character\NagaSirusHD\Male\NAGA_MALESKINDK00_20.blp,700222,204BB692F2D7800DA34A9F000D341B425EBCF0F7,ruRU/patch-ruRU-4.mpq:DBFilesClient\CharSections.dbc,D:\Sirus\_client\World of Warcraft Sirus\Naga_Extract_2026-10-03\DiscoveredFromDBC\ByArchive\patch-p.mpq\Character\NagaSirusHD\Male\NAGA_MALESKINDK00_20.blp
patch-p.mpq,Character\NagaSirusHD\Male\NAGA_MALEskinExtraDK00_20.blp,700244,22E8D32BA492E3DF1B175916A552FA06E9DBE7F2,ruRU/patch-ruRU-4.mpq:DBFilesClient\CharSections.dbc,D:\Sirus\_client\World of Warcraft Sirus\Naga_Extract_2026-10-03\DiscoveredFromDBC\ByArchive\patch-p.mpq\Character\NagaSirusHD\Male\NAGA_MALEskinExtraDK00_20.blp
patch-p.mpq,Character\NagaSirusHD\Male\NAGA_MALESKINDK00_21.blp,700222,DC63B920625E1AE2041A845BD91C1D50C49F7838,ruRU/patch-ruRU-4.mpq:DBFilesClient\CharSections.dbc,D:\Sirus\_client\World of Warcraft Sirus\Naga_Extract_2026-10-03\DiscoveredFromDBC\ByArchive\patch-p.mpq\Character\NagaSirusHD\Male\NAGA_MALESKINDK00_21.blp
patch-p.mpq,Character\NagaSirusHD\Male\NAGA_MALEskinExtraDK00_21.blp,700244,AEA1C7ED823E86A91427E1FC8BF1FCCBF500DCCD,ruRU/patch-ruRU-4.mpq:DBFilesClient\CharSections.dbc,D:\Sirus\_client\World of Warcraft Sirus\Naga_Extract_2026-10-03\DiscoveredFromDBC\ByArchive\patch-p.mpq\Character\NagaSirusHD\Male\NAGA_MALEskinExtraDK00_21.blp
patch-p.mpq,Character\NagaSirusHD\Male\NAGA_MALESKINDK00_22.blp,700222,C394A92D8FF55FB822D21D284E3D90282C0B0A08,ruRU/patch-ruRU-4.mpq:DBFilesClient\CharSections.dbc,D:\Sirus\_client\World of Warcraft Sirus\Naga_Extract_2026-10-03\DiscoveredFromDBC\ByArchive\patch-p.mpq\Character\NagaSirusHD\Male\NAGA_MALESKINDK00_22.blp
patch-p.mpq,Character\NagaSirusHD\Male\NAGA_MALEskinExtraDK00_22.blp,700244,4149491D563D0D01C2A428BD7050A72C4AC27FE4,ruRU/patch-ruRU-4.mpq:DBFilesClient\CharSections.dbc,D:\Sirus\_client\World of Warcraft Sirus\Naga_Extract_2026-10-03\DiscoveredFromDBC\ByArchive\patch-p.mpq\Character\NagaSirusHD\Male\NAGA_MALEskinExtraDK00_22.blp
patch-p.mpq,Character\NagaSirusHD\Male\NAGA_MALESKINDK00_23.blp,700222,EF048D54B646CA0BA58243637292F3C5C3C0B27D,ruRU/patch-ruRU-4.mpq:DBFilesClient\CharSections.dbc,D:\Sirus\_client\World of Warcraft Sirus\Naga_Extract_2026-10-03\DiscoveredFromDBC\ByArchive\patch-p.mpq\Character\NagaSirusHD\Male\NAGA_MALESKINDK00_23.blp
patch-p.mpq,Character\NagaSirusHD\Male\NAGA_MALEskinExtraDK00_23.blp,700244,57DE6DFF9534527BBB078F1CE0CBF8E0209FE79F,ruRU/patch-ruRU-4.mpq:DBFilesClient\CharSections.dbc,D:\Sirus\_client\World of Warcraft Sirus\Naga_Extract_2026-10-03\DiscoveredFromDBC\ByArchive\patch-p.mpq\Character\NagaSirusHD\Male\NAGA_MALEskinExtraDK00_23.blp
patch-p.mpq,Character\NagaSirusHD\Male\NAGA_MALESKINDK00_24.blp,700222,FC7AB01AB3D2C78A91BD0E99F406C90632016C8F,ruRU/patch-ruRU-4.mpq:DBFilesClient\CharSections.dbc,D:\Sirus\_client\World of Warcraft Sirus\Naga_Extract_2026-10-03\DiscoveredFromDBC\ByArchive\patch-p.mpq\Character\NagaSirusHD\Male\NAGA_MALESKINDK00_24.blp
patch-p.mpq,Character\NagaSirusHD\Male\NAGA_MALEskinExtraDK00_24.blp,700244,3DD10A408484B14BC23398A75EE5FDB8E039224D,ruRU/patch-ruRU-4.mpq:DBFilesClient\CharSections.dbc,D:\Sirus\_client\World of Warcraft Sirus\Naga_Extract_2026-10-03\DiscoveredFromDBC\ByArchive\patch-p.mpq\Character\NagaSirusHD\Male\NAGA_MALEskinExtraDK00_24.blp
patch-p.mpq,Character\NagaSirusHD\Male\NAGA_MALEFaceLower00_00.blp,350696,C29362A897B9BA561C74F265582F6B90939ADD06,ruRU/patch-ruRU-4.mpq:DBFilesClient\CharSections.dbc,D:\Sirus\_client\World of Warcraft Sirus\Naga_Extract_2026-10-03\DiscoveredFromDBC\ByArchive\patch-p.mpq\Character\NagaSirusHD\Male\NAGA_MALEFaceLower00_00.blp
patch-p.mpq,Character\NagaSirusHD\Male\NAGA_MALEFaceUpper00_00.blp,175932,8807DCF2AE593F9877463811DE42BA78E61B1A21,ruRU/patch-ruRU-4.mpq:DBFilesClient\CharSections.dbc,D:\Sirus\_client\World of Warcraft Sirus\Naga_Extract_2026-10-03\DiscoveredFromDBC\ByArchive\patch-p.mpq\Character\NagaSirusHD\Male\NAGA_MALEFaceUpper00_00.blp
patch-p.mpq,Character\NagaSirusHD\Male\NAGA_MALEFaceLower00_01.blp,350696,29ABC349BAE64EA3C8365863D2A1E4B99C8DB8CF,ruRU/patch-ruRU-4.mpq:DBFilesClient\CharSections.dbc,D:\Sirus\_client\World of Warcraft Sirus\Naga_Extract_2026-10-03\DiscoveredFromDBC\ByArchive\patch-p.mpq\Character\NagaSirusHD\Male\NAGA_MALEFaceLower00_01.blp
patch-p.mpq,Character\NagaSirusHD\Male\NAGA_MALEFaceUpper00_01.blp,175932,D87936846CD987D7FDACC7D098D7E7742603F3DD,ruRU/patch-ruRU-4.mpq:DBFilesClient\CharSections.dbc,D:\Sirus\_client\World of Warcraft Sirus\Naga_Extract_2026-10-03\DiscoveredFromDBC\ByArchive\patch-p.mpq\Character\NagaSirusHD\Male\NAGA_MALEFaceUpper00_01.blp
patch-p.mpq,Character\NagaSirusHD\Male\NAGA_MALEFaceLower00_02.blp,350696,8DC2A19274542440B3A76262F3F9F64FDF0D0D02,ruRU/patch-ruRU-4.mpq:DBFilesClient\CharSections.dbc,D:\Sirus\_client\World of Warcraft Sirus\Naga_Extract_2026-10-03\DiscoveredFromDBC\ByArchive\patch-p.mpq\Character\NagaSirusHD\Male\NAGA_MALEFaceLower00_02.blp
patch-p.mpq,Character\NagaSirusHD\Male\NAGA_MALEFaceUpper00_02.blp,175932,435FEBC95ED8EDD8D8F1A97400B2CAEDB05377DA,ruRU/patch-ruRU-4.mpq:DBFilesClient\CharSections.dbc,D:\Sirus\_client\World of Warcraft Sirus\Naga_Extract_2026-10-03\DiscoveredFromDBC\ByArchive\patch-p.mpq\Character\NagaSirusHD\Male\NAGA_MALEFaceUpper00_02.blp
patch-p.mpq,Character\NagaSirusHD\Male\NAGA_MALEFaceLower00_03.blp,350696,6A5E68A51BDC5D8CE793F9CE178626E6DCDFC41D,ruRU/patch-ruRU-4.mpq:DBFilesClient\CharSections.dbc,D:\Sirus\_client\World of Warcraft Sirus\Naga_Extract_2026-10-03\DiscoveredFromDBC\ByArchive\patch-p.mpq\Character\NagaSirusHD\Male\NAGA_MALEFaceLower00_03.blp
patch-p.mpq,Character\NagaSirusHD\Male\NAGA_MALEFaceUpper00_03.blp,175932,9C5974D6CC3BC32FB62431C1BCDC06A2A7CB6E81,ruRU/patch-ruRU-4.mpq:DBFilesClient\CharSections.dbc,D:\Sirus\_client\World of Warcraft Sirus\Naga_Extract_2026-10-03\DiscoveredFromDBC\ByArchive\patch-p.mpq\Character\NagaSirusHD\Male\NAGA_MALEFaceUpper00_03.blp
patch-p.mpq,Character\NagaSirusHD\Male\NAGA_MALEFaceLower00_04.blp,350696,31BADE770CA2A3F2EF0A5846DF6CC8AC413B19DF,ruRU/patch-ruRU-4.mpq:DBFilesClient\CharSections.dbc,D:\Sirus\_client\World of Warcraft Sirus\Naga_Extract_2026-10-03\DiscoveredFromDBC\ByArchive\patch-p.mpq\Character\NagaSirusHD\Male\NAGA_MALEFaceLower00_04.blp
patch-p.mpq,Character\NagaSirusHD\Male\NAGA_MALEFaceUpper00_04.blp,175932,3A15F4281FEBE79E73DD6A45984BE80B2247E9BA,ruRU/patch-ruRU-4.mpq:DBFilesClient\CharSections.dbc,D:\Sirus\_client\World of Warcraft Sirus\Naga_Extract_2026-10-03\DiscoveredFromDBC\ByArchive\patch-p.mpq\Character\NagaSirusHD\Male\NAGA_MALEFaceUpper00_04.blp
patch-p.mpq,Character\NagaSirusHD\Male\NAGA_MALEFaceLower00_05.blp,350696,768C1E20C4F94FFB103CF64D14D195F7D310C788,ruRU/patch-ruRU-4.mpq:DBFilesClient\CharSections.dbc,D:\Sirus\_client\World of Warcraft Sirus\Naga_Extract_2026-10-03\DiscoveredFromDBC\ByArchive\patch-p.mpq\Character\NagaSirusHD\Male\NAGA_MALEFaceLower00_05.blp
patch-p.mpq,Character\NagaSirusHD\Male\NAGA_MALEFaceUpper00_05.blp,175932,0CCC9F315556296521C53A6524DE522D0D4A8752,ruRU/patch-ruRU-4.mpq:DBFilesClient\CharSections.dbc,D:\Sirus\_client\World of Warcraft Sirus\Naga_Extract_2026-10-03\DiscoveredFromDBC\ByArchive\patch-p.mpq\Character\NagaSirusHD\Male\NAGA_MALEFaceUpper00_05.blp
patch-p.mpq,Character\NagaSirusHD\Male\NAGA_MALEFaceLower00_06.blp,350696,0CCBDA3F5DA7F8F2ED24EBB4F7E16A74B4FDE811,ruRU/patch-ruRU-4.mpq:DBFilesClient\CharSections.dbc,D:\Sirus\_client\World of Warcraft Sirus\Naga_Extract_2026-10-03\DiscoveredFromDBC\ByArchive\patch-p.mpq\Character\NagaSirusHD\Male\NAGA_MALEFaceLower00_06.blp
patch-p.mpq,Character\NagaSirusHD\Male\NAGA_MALEFaceUpper00_06.blp,175932,50054633AFA268308C7E1585C80229F9CAE98162,ruRU/patch-ruRU-4.mpq:DBFilesClient\CharSections.dbc,D:\Sirus\_client\World of Warcraft Sirus\Naga_Extract_2026-10-03\DiscoveredFromDBC\ByArchive\patch-p.mpq\Character\NagaSirusHD\Male\NAGA_MALEFaceUpper00_06.blp
patch-p.mpq,Character\NagaSirusHD\Male\NAGA_MALEFaceLower00_07.blp,350696,C493D6C212AB288639D9387488A1420E7F2E4981,ruRU/patch-ruRU-4.mpq:DBFilesClient\CharSections.dbc,D:\Sirus\_client\World of Warcraft Sirus\Naga_Extract_2026-10-03\DiscoveredFromDBC\ByArchive\patch-p.mpq\Character\NagaSirusHD\Male\NAGA_MALEFaceLower00_07.blp
patch-p.mpq,Character\NagaSirusHD\Male\NAGA_MALEFaceUpper00_07.blp,175932,ED1A89733AA80806BA1D54D3B69F469A770401FC,ruRU/patch-ruRU-4.mpq:DBFilesClient\CharSections.dbc,D:\Sirus\_client\World of Warcraft Sirus\Naga_Extract_2026-10-03\DiscoveredFromDBC\ByArchive\patch-p.mpq\Character\NagaSirusHD\Male\NAGA_MALEFaceUpper00_07.blp
patch-p.mpq,Character\NagaSirusHD\Male\NAGA_MALEFaceLower00_08.blp,350696,AFF22334E51C8BCA9BFCAA19A6F04FE0A6F06864,ruRU/patch-ruRU-4.mpq:DBFilesClient\CharSections.dbc,D:\Sirus\_client\World of Warcraft Sirus\Naga_Extract_2026-10-03\DiscoveredFromDBC\ByArchive\patch-p.mpq\Character\NagaSirusHD\Male\NAGA_MALEFaceLower00_08.blp
patch-p.mpq,Character\NagaSirusHD\Male\NAGA_MALEFaceUpper00_08.blp,175932,4448F62313A3D896A2432C0C75FE302402B8F683,ruRU/patch-ruRU-4.mpq:DBFilesClient\CharSections.dbc,D:\Sirus\_client\World of Warcraft Sirus\Naga_Extract_2026-10-03\DiscoveredFromDBC\ByArchive\patch-p.mpq\Character\NagaSirusHD\Male\NAGA_MALEFaceUpper00_08.blp
patch-p.mpq,Character\NagaSirusHD\Male\NAGA_MALEFaceLower00_09.blp,350696,89C4A01EE2F22D871B6E408F650F997AA68101B0,ruRU/patch-ruRU-4.mpq:DBFilesClient\CharSections.dbc,D:\Sirus\_client\World of Warcraft Sirus\Naga_Extract_2026-10-03\DiscoveredFromDBC\ByArchive\patch-p.mpq\Character\NagaSirusHD\Male\NAGA_MALEFaceLower00_09.blp
patch-p.mpq,Character\NagaSirusHD\Male\NAGA_MALEFaceUpper00_09.blp,175932,9991CA7BAC0EA776EB06C4F5E5E921E9ECD8B350,ruRU/patch-ruRU-4.mpq:DBFilesClient\CharSections.dbc,D:\Sirus\_client\World of Warcraft Sirus\Naga_Extract_2026-10-03\DiscoveredFromDBC\ByArchive\patch-p.mpq\Character\NagaSirusHD\Male\NAGA_MALEFaceUpper00_09.blp
patch-p.mpq,Character\NagaSirusHD\Male\NAGA_MALEFaceLower00_10.blp,350696,307AB171845284B05BFC21FAE318375923A976A3,ruRU/patch-ruRU-4.mpq:DBFilesClient\CharSections.dbc,D:\Sirus\_client\World of Warcraft Sirus\Naga_Extract_2026-10-03\DiscoveredFromDBC\ByArchive\patch-p.mpq\Character\NagaSirusHD\Male\NAGA_MALEFaceLower00_10.blp
patch-p.mpq,Character\NagaSirusHD\Male\NAGA_MALEFaceUpper00_10.blp,175932,91A1E22FDDA9C9177E3B7CCB1F6C27F7A851E11C,ruRU/patch-ruRU-4.mpq:DBFilesClient\CharSections.dbc,D:\Sirus\_client\World of Warcraft Sirus\Naga_Extract_2026-10-03\DiscoveredFromDBC\ByArchive\patch-p.mpq\Character\NagaSirusHD\Male\NAGA_MALEFaceUpper00_10.blp
patch-p.mpq,Character\NagaSirusHD\Male\NAGA_MALEFaceLower00_11.blp,350696,16745E287C053E559EBFAAE26B57A2D4D2DC4DF2,ruRU/patch-ruRU-4.mpq:DBFilesClient\CharSections.dbc,D:\Sirus\_client\World of Warcraft Sirus\Naga_Extract_2026-10-03\DiscoveredFromDBC\ByArchive\patch-p.mpq\Character\NagaSirusHD\Male\NAGA_MALEFaceLower00_11.blp
patch-p.mpq,Character\NagaSirusHD\Male\NAGA_MALEFaceUpper00_11.blp,175932,FED2823EAFFF9C00A86B37637F742C22AD391D85,ruRU/patch-ruRU-4.mpq:DBFilesClient\CharSections.dbc,D:\Sirus\_client\World of Warcraft Sirus\Naga_Extract_2026-10-03\DiscoveredFromDBC\ByArchive\patch-p.mpq\Character\NagaSirusHD\Male\NAGA_MALEFaceUpper00_11.blp
patch-p.mpq,Character\NagaSirusHD\Male\NAGA_MALEFaceLower00_12.blp,350696,904F274FA343FA625A8DB9E076A2EFDBA26A0256,ruRU/patch-ruRU-4.mpq:DBFilesClient\CharSections.dbc,D:\Sirus\_client\World of Warcraft Sirus\Naga_Extract_2026-10-03\DiscoveredFromDBC\ByArchive\patch-p.mpq\Character\NagaSirusHD\Male\NAGA_MALEFaceLower00_12.blp
patch-p.mpq,Character\NagaSirusHD\Male\NAGA_MALEFaceUpper00_12.blp,175932,D0A70E9678C3E9AF7B5BB660F23D80347B420478,ruRU/patch-ruRU-4.mpq:DBFilesClient\CharSections.dbc,D:\Sirus\_client\World of Warcraft Sirus\Naga_Extract_2026-10-03\DiscoveredFromDBC\ByArchive\patch-p.mpq\Character\NagaSirusHD\Male\NAGA_MALEFaceUpper00_12.blp
patch-p.mpq,Character\NagaSirusHD\Male\NAGA_MALEFaceLower00_13.blp,350696,1B2E8B13A1E409D50B8BDBA74B000DB9EEDC0979,ruRU/patch-ruRU-4.mpq:DBFilesClient\CharSections.dbc,D:\Sirus\_client\World of Warcraft Sirus\Naga_Extract_2026-10-03\DiscoveredFromDBC\ByArchive\patch-p.mpq\Character\NagaSirusHD\Male\NAGA_MALEFaceLower00_13.blp
patch-p.mpq,Character\NagaSirusHD\Male\NAGA_MALEFaceUpper00_13.blp,175932,7704AB5EE4804A42E463CB5094B04078BBE732EF,ruRU/patch-ruRU-4.mpq:DBFilesClient\CharSections.dbc,D:\Sirus\_client\World of Warcraft Sirus\Naga_Extract_2026-10-03\DiscoveredFromDBC\ByArchive\patch-p.mpq\Character\NagaSirusHD\Male\NAGA_MALEFaceUpper00_13.blp
patch-p.mpq,Character\NagaSirusHD\Male\NAGA_MALEFaceLower00_14.blp,350696,0159C4419B5A0D6EE65B46DE47A7AEF639E85B65,ruRU/patch-ruRU-4.mpq:DBFilesClient\CharSections.dbc,D:\Sirus\_client\World of Warcraft Sirus\Naga_Extract_2026-10-03\DiscoveredFromDBC\ByArchive\patch-p.mpq\Character\NagaSirusHD\Male\NAGA_MALEFaceLower00_14.blp
patch-p.mpq,Character\NagaSirusHD\Male\NAGA_MALEFaceUpper00_14.blp,175932,77A3433D3DBF9CFA0CB01B32EDD905747DB82C2C,ruRU/patch-ruRU-4.mpq:DBFilesClient\CharSections.dbc,D:\Sirus\_client\World of Warcraft Sirus\Naga_Extract_2026-10-03\DiscoveredFromDBC\ByArchive\patch-p.mpq\Character\NagaSirusHD\Male\NAGA_MALEFaceUpper00_14.blp
patch-p.mpq,Character\NagaSirusHD\Male\NAGA_MALEFaceLower00_15.blp,350696,C7790B7389F62E795910BEED446851B1622A2187,ruRU/patch-ruRU-4.mpq:DBFilesClient\CharSections.dbc,D:\Sirus\_client\World of Warcraft Sirus\Naga_Extract_2026-10-03\DiscoveredFromDBC\ByArchive\patch-p.mpq\Character\NagaSirusHD\Male\NAGA_MALEFaceLower00_15.blp
patch-p.mpq,Character\NagaSirusHD\Male\NAGA_MALEFaceUpper00_15.blp,175932,765A5542480FDE1856C809DDB6FBAFECCF5C0557,ruRU/patch-ruRU-4.mpq:DBFilesClient\CharSections.dbc,D:\Sirus\_client\World of Warcraft Sirus\Naga_Extract_2026-10-03\DiscoveredFromDBC\ByArchive\patch-p.mpq\Character\NagaSirusHD\Male\NAGA_MALEFaceUpper00_15.blp
patch-p.mpq,Character\NagaSirusHD\Male\NAGA_MALEFaceLower00_16.blp,350696,CE6DAD9C3CA87E3B8825398C3C626CC285789D68,ruRU/patch-ruRU-4.mpq:DBFilesClient\CharSections.dbc,D:\Sirus\_client\World of Warcraft Sirus\Naga_Extract_2026-10-03\DiscoveredFromDBC\ByArchive\patch-p.mpq\Character\NagaSirusHD\Male\NAGA_MALEFaceLower00_16.blp
patch-p.mpq,Character\NagaSirusHD\Male\NAGA_MALEFaceUpper00_16.blp,175932,34AA8A6C18AC17723965819D12CB1C185F0F5566,ruRU/patch-ruRU-4.mpq:DBFilesClient\CharSections.dbc,D:\Sirus\_client\World of Warcraft Sirus\Naga_Extract_2026-10-03\DiscoveredFromDBC\ByArchive\patch-p.mpq\Character\NagaSirusHD\Male\NAGA_MALEFaceUpper00_16.blp
patch-p.mpq,Character\NagaSirusHD\Male\NAGA_MALEFaceLower00_17.blp,350696,49BB9C02FC2C3D26C7FB2C729A685DE0104B3BFE,ruRU/patch-ruRU-4.mpq:DBFilesClient\CharSections.dbc,D:\Sirus\_client\World of Warcraft Sirus\Naga_Extract_2026-10-03\DiscoveredFromDBC\ByArchive\patch-p.mpq\Character\NagaSirusHD\Male\NAGA_MALEFaceLower00_17.blp
patch-p.mpq,Character\NagaSirusHD\Male\NAGA_MALEFaceUpper00_17.blp,175932,4000ADC88C3D9B8ABF0C478751E218DACF930EE5,ruRU/patch-ruRU-4.mpq:DBFilesClient\CharSections.dbc,D:\Sirus\_client\World of Warcraft Sirus\Naga_Extract_2026-10-03\DiscoveredFromDBC\ByArchive\patch-p.mpq\Character\NagaSirusHD\Male\NAGA_MALEFaceUpper00_17.blp
patch-p.mpq,Character\NagaSirusHD\Male\NAGA_MALEFaceLower00_18.blp,350696,754BB42040058A1700571CC19520B455E08B4CE9,ruRU/patch-ruRU-4.mpq:DBFilesClient\CharSections.dbc,D:\Sirus\_client\World of Warcraft Sirus\Naga_Extract_2026-10-03\DiscoveredFromDBC\ByArchive\patch-p.mpq\Character\NagaSirusHD\Male\NAGA_MALEFaceLower00_18.blp
patch-p.mpq,Character\NagaSirusHD\Male\NAGA_MALEFaceUpper00_18.blp,175932,B9A4B792A4D7A4E956A2AA154FCA3427250237F3,ruRU/patch-ruRU-4.mpq:DBFilesClient\CharSections.dbc,D:\Sirus\_client\World of Warcraft Sirus\Naga_Extract_2026-10-03\DiscoveredFromDBC\ByArchive\patch-p.mpq\Character\NagaSirusHD\Male\NAGA_MALEFaceUpper00_18.blp
patch-p.mpq,Character\NagaSirusHD\Male\NAGA_MALEFaceLower00_19.blp,350696,0799C81FF8322104690070D4FFFFBB2B8C1874B3,ruRU/patch-ruRU-4.mpq:DBFilesClient\CharSections.dbc,D:\Sirus\_client\World of Warcraft Sirus\Naga_Extract_2026-10-03\DiscoveredFromDBC\ByArchive\patch-p.mpq\Character\NagaSirusHD\Male\NAGA_MALEFaceLower00_19.blp
patch-p.mpq,Character\NagaSirusHD\Male\NAGA_MALEFaceUpper00_19.blp,175932,03E46F74232FC61B1F3C31FB132FD230594C869A,ruRU/patch-ruRU-4.mpq:DBFilesClient\CharSections.dbc,D:\Sirus\_client\World of Warcraft Sirus\Naga_Extract_2026-10-03\DiscoveredFromDBC\ByArchive\patch-p.mpq\Character\NagaSirusHD\Male\NAGA_MALEFaceUpper00_19.blp
patch-p.mpq,Character\NagaSirusHD\Male\NAGA_MALEFaceLowerDK00_20.blp,350696,F7989B82E3493603D3E0DA65913E092B65CDC35A,ruRU/patch-ruRU-4.mpq:DBFilesClient\CharSections.dbc,D:\Sirus\_client\World of Warcraft Sirus\Naga_Extract_2026-10-03\DiscoveredFromDBC\ByArchive\patch-p.mpq\Character\NagaSirusHD\Male\NAGA_MALEFaceLowerDK00_20.blp
patch-p.mpq,Character\NagaSirusHD\Male\NAGA_MALEFaceUpperDK00_20.blp,175932,3886B60E736A49F9E120F6EADA06D0A11C327989,ruRU/patch-ruRU-4.mpq:DBFilesClient\CharSections.dbc,D:\Sirus\_client\World of Warcraft Sirus\Naga_Extract_2026-10-03\DiscoveredFromDBC\ByArchive\patch-p.mpq\Character\NagaSirusHD\Male\NAGA_MALEFaceUpperDK00_20.blp
patch-p.mpq,Character\NagaSirusHD\Male\NAGA_MALEFaceLowerDK00_21.blp,350696,FDC66D5F66B473B7EB5FB34CF8FC09BD3DF1C81C,ruRU/patch-ruRU-4.mpq:DBFilesClient\CharSections.dbc,D:\Sirus\_client\World of Warcraft Sirus\Naga_Extract_2026-10-03\DiscoveredFromDBC\ByArchive\patch-p.mpq\Character\NagaSirusHD\Male\NAGA_MALEFaceLowerDK00_21.blp
patch-p.mpq,Character\NagaSirusHD\Male\NAGA_MALEFaceUpperDK00_21.blp,175932,B12B49D3CD94102D627F12DBD733BF6678ED6922,ruRU/patch-ruRU-4.mpq:DBFilesClient\CharSections.dbc,D:\Sirus\_client\World of Warcraft Sirus\Naga_Extract_2026-10-03\DiscoveredFromDBC\ByArchive\patch-p.mpq\Character\NagaSirusHD\Male\NAGA_MALEFaceUpperDK00_21.blp
patch-p.mpq,Character\NagaSirusHD\Male\NAGA_MALEFaceLowerDK00_22.blp,350696,25F322A31AC525CAABEF18B95A13144F741DBFF8,ruRU/patch-ruRU-4.mpq:DBFilesClient\CharSections.dbc,D:\Sirus\_client\World of Warcraft Sirus\Naga_Extract_2026-10-03\DiscoveredFromDBC\ByArchive\patch-p.mpq\Character\NagaSirusHD\Male\NAGA_MALEFaceLowerDK00_22.blp
patch-p.mpq,Character\NagaSirusHD\Male\NAGA_MALEFaceUpperDK00_22.blp,175932,8C4D19D2C6220E592FD3F70627F1867A42014143,ruRU/patch-ruRU-4.mpq:DBFilesClient\CharSections.dbc,D:\Sirus\_client\World of Warcraft Sirus\Naga_Extract_2026-10-03\DiscoveredFromDBC\ByArchive\patch-p.mpq\Character\NagaSirusHD\Male\NAGA_MALEFaceUpperDK00_22.blp
patch-p.mpq,Character\NagaSirusHD\Male\NAGA_MALEFaceLowerDK00_23.blp,350696,793A5424AC2088772645DA1FBB690EEA2A6C4ED4,ruRU/patch-ruRU-4.mpq:DBFilesClient\CharSections.dbc,D:\Sirus\_client\World of Warcraft Sirus\Naga_Extract_2026-10-03\DiscoveredFromDBC\ByArchive\patch-p.mpq\Character\NagaSirusHD\Male\NAGA_MALEFaceLowerDK00_23.blp
patch-p.mpq,Character\NagaSirusHD\Male\NAGA_MALEFaceUpperDK00_23.blp,175932,346C175BA9A9141AF8A60B6B8E508DA0D19A37E4,ruRU/patch-ruRU-4.mpq:DBFilesClient\CharSections.dbc,D:\Sirus\_client\World of Warcraft Sirus\Naga_Extract_2026-10-03\DiscoveredFromDBC\ByArchive\patch-p.mpq\Character\NagaSirusHD\Male\NAGA_MALEFaceUpperDK00_23.blp
patch-p.mpq,Character\NagaSirusHD\Male\NAGA_MALEFaceLowerDK00_24.blp,350696,5AF6DF57AA7FB96A17F5A87892F97F8AFC33BDEC,ruRU/patch-ruRU-4.mpq:DBFilesClient\CharSections.dbc,D:\Sirus\_client\World of Warcraft Sirus\Naga_Extract_2026-10-03\DiscoveredFromDBC\ByArchive\patch-p.mpq\Character\NagaSirusHD\Male\NAGA_MALEFaceLowerDK00_24.blp
patch-p.mpq,Character\NagaSirusHD\Male\NAGA_MALEFaceUpperDK00_24.blp,175932,6FBFCBD9645811FF9E9854177F5518744E1FCD25,ruRU/patch-ruRU-4.mpq:DBFilesClient\CharSections.dbc,D:\Sirus\_client\World of Warcraft Sirus\Naga_Extract_2026-10-03\DiscoveredFromDBC\ByArchive\patch-p.mpq\Character\NagaSirusHD\Male\NAGA_MALEFaceUpperDK00_24.blp
patch-p.mpq,Character\NagaSirusHD\NagaEye_00_00.blp,175956,EBBBEE31E7023832213FFD448247F2592E230C3E,ruRU/patch-ruRU-4.mpq:DBFilesClient\CharSections.dbc,D:\Sirus\_client\World of Warcraft Sirus\Naga_Extract_2026-10-03\DiscoveredFromDBC\ByArchive\patch-p.mpq\Character\NagaSirusHD\NagaEye_00_00.blp
patch-p.mpq,Character\NagaSirusHD\NagaEye_00_01.blp,175956,A4B159988ACBEEDA0AB66641356621BED90E2EE1,ruRU/patch-ruRU-4.mpq:DBFilesClient\CharSections.dbc,D:\Sirus\_client\World of Warcraft Sirus\Naga_Extract_2026-10-03\DiscoveredFromDBC\ByArchive\patch-p.mpq\Character\NagaSirusHD\NagaEye_00_01.blp
patch-p.mpq,Character\NagaSirusHD\NagaEye_00_02.blp,175956,0ABDDF4C7E9EAA8DE78A0B3E7AE0E22697872E54,ruRU/patch-ruRU-4.mpq:DBFilesClient\CharSections.dbc,D:\Sirus\_client\World of Warcraft Sirus\Naga_Extract_2026-10-03\DiscoveredFromDBC\ByArchive\patch-p.mpq\Character\NagaSirusHD\NagaEye_00_02.blp
patch-p.mpq,Character\NagaSirusHD\NagaEye_00_03.blp,175956,9956F08B888837EC4FD3B0AA892B26160BD1FBB7,ruRU/patch-ruRU-4.mpq:DBFilesClient\CharSections.dbc,D:\Sirus\_client\World of Warcraft Sirus\Naga_Extract_2026-10-03\DiscoveredFromDBC\ByArchive\patch-p.mpq\Character\NagaSirusHD\NagaEye_00_03.blp
patch-p.mpq,Character\NagaSirusHD\NagaEye_00_04.blp,175956,5C4DAD98FEEAA93BA618062C5F99911FB59DD707,ruRU/patch-ruRU-4.mpq:DBFilesClient\CharSections.dbc,D:\Sirus\_client\World of Warcraft Sirus\Naga_Extract_2026-10-03\DiscoveredFromDBC\ByArchive\patch-p.mpq\Character\NagaSirusHD\NagaEye_00_04.blp
patch-p.mpq,Character\NagaSirusHD\NagaEye_00_05.blp,175956,15918AFFBA1D65F369F25443C154B7817031D075,ruRU/patch-ruRU-4.mpq:DBFilesClient\CharSections.dbc,D:\Sirus\_client\World of Warcraft Sirus\Naga_Extract_2026-10-03\DiscoveredFromDBC\ByArchive\patch-p.mpq\Character\NagaSirusHD\NagaEye_00_05.blp
patch-p.mpq,Character\NagaSirusHD\NagaEye_00_06.blp,175956,CB9728128D3A7D21E43E6023F5F4A0EBA12A3D7C,ruRU/patch-ruRU-4.mpq:DBFilesClient\CharSections.dbc,D:\Sirus\_client\World of Warcraft Sirus\Naga_Extract_2026-10-03\DiscoveredFromDBC\ByArchive\patch-p.mpq\Character\NagaSirusHD\NagaEye_00_06.blp
patch-p.mpq,Character\NagaSirusHD\NagaEye_00_07.blp,175956,F35219F9363C8D31C24267B2957CEAB69CDB75EE,ruRU/patch-ruRU-4.mpq:DBFilesClient\CharSections.dbc,D:\Sirus\_client\World of Warcraft Sirus\Naga_Extract_2026-10-03\DiscoveredFromDBC\ByArchive\patch-p.mpq\Character\NagaSirusHD\NagaEye_00_07.blp
patch-p.mpq,Character\NagaSirusHD\NagaEye_00_08.blp,175956,069084C52601AA044F09D6068703020F276BBFA6,ruRU/patch-ruRU-4.mpq:DBFilesClient\CharSections.dbc,D:\Sirus\_client\World of Warcraft Sirus\Naga_Extract_2026-10-03\DiscoveredFromDBC\ByArchive\patch-p.mpq\Character\NagaSirusHD\NagaEye_00_08.blp
patch-p.mpq,Character\NagaSirusHD\NagaEye_00_09.blp,175956,50ACFE9D2AB8268CC9C77A63FAB5FDDA55F0D6E4,ruRU/patch-ruRU-4.mpq:DBFilesClient\CharSections.dbc,D:\Sirus\_client\World of Warcraft Sirus\Naga_Extract_2026-10-03\DiscoveredFromDBC\ByArchive\patch-p.mpq\Character\NagaSirusHD\NagaEye_00_09.blp
patch-p.mpq,Character\NagaSirusHD\NagaEye_00_10.blp,175956,59744FF0538DAE73ABEE82394178FF700D0056B6,ruRU/patch-ruRU-4.mpq:DBFilesClient\CharSections.dbc,D:\Sirus\_client\World of Warcraft Sirus\Naga_Extract_2026-10-03\DiscoveredFromDBC\ByArchive\patch-p.mpq\Character\NagaSirusHD\NagaEye_00_10.blp
patch-p.mpq,Character\NagaSirusHD\NagaEye_00_11.blp,175956,1222199F91792F7E0B6FC8DCDCC64F803A539D3B,ruRU/patch-ruRU-4.mpq:DBFilesClient\CharSections.dbc,D:\Sirus\_client\World of Warcraft Sirus\Naga_Extract_2026-10-03\DiscoveredFromDBC\ByArchive\patch-p.mpq\Character\NagaSirusHD\NagaEye_00_11.blp
patch-p.mpq,Character\NagaSirusHD\NagaEye_00_12.blp,175956,14E4035655A95580C1E66FFB67C477692DE3D335,ruRU/patch-ruRU-4.mpq:DBFilesClient\CharSections.dbc,D:\Sirus\_client\World of Warcraft Sirus\Naga_Extract_2026-10-03\DiscoveredFromDBC\ByArchive\patch-p.mpq\Character\NagaSirusHD\NagaEye_00_12.blp
patch-p.mpq,Character\NagaSirusHD\NagaEye_00_13.blp,175956,B19A3432726099D262D95397E4E3E0C36472C19A,ruRU/patch-ruRU-4.mpq:DBFilesClient\CharSections.dbc,D:\Sirus\_client\World of Warcraft Sirus\Naga_Extract_2026-10-03\DiscoveredFromDBC\ByArchive\patch-p.mpq\Character\NagaSirusHD\NagaEye_00_13.blp
patch-p.mpq,Character\NagaSirusHD\NagaEye_00_14.blp,175956,33F446B530FF5A5386489E89EE0E15C8E3DA56B2,ruRU/patch-ruRU-4.mpq:DBFilesClient\CharSections.dbc,D:\Sirus\_client\World of Warcraft Sirus\Naga_Extract_2026-10-03\DiscoveredFromDBC\ByArchive\patch-p.mpq\Character\NagaSirusHD\NagaEye_00_14.blp
patch-p.mpq,character\NagaSirusHD\female\naga_femaleskin00_00.blp,700222,4BC704DE99CFFACB80EB703BDB98FB7E70D4F696,ruRU/patch-ruRU-4.mpq:DBFilesClient\CharSections.dbc,D:\Sirus\_client\World of Warcraft Sirus\Naga_Extract_2026-10-03\DiscoveredFromDBC\ByArchive\patch-p.mpq\character\NagaSirusHD\female\naga_femaleskin00_00.blp
patch-p.mpq,character\NagaSirusHD\female\naga_femaleSkinExtra_00_00.blp,350724,D9EAA20EAB2D7132108A3325863AEC255E8982B0,ruRU/patch-ruRU-4.mpq:DBFilesClient\CharSections.dbc,D:\Sirus\_client\World of Warcraft Sirus\Naga_Extract_2026-10-03\DiscoveredFromDBC\ByArchive\patch-p.mpq\character\NagaSirusHD\female\naga_femaleSkinExtra_00_00.blp
patch-p.mpq,character\NagaSirusHD\female\naga_femaleskin00_01.blp,700222,098DB45285CC3B03B81C84A50A792AA6898D2D40,ruRU/patch-ruRU-4.mpq:DBFilesClient\CharSections.dbc,D:\Sirus\_client\World of Warcraft Sirus\Naga_Extract_2026-10-03\DiscoveredFromDBC\ByArchive\patch-p.mpq\character\NagaSirusHD\female\naga_femaleskin00_01.blp
patch-p.mpq,character\NagaSirusHD\female\naga_femaleSkinExtra_00_01.blp,350724,5E26CF1B84AEFA59AAF2FF23B300CA7AE86632BE,ruRU/patch-ruRU-4.mpq:DBFilesClient\CharSections.dbc,D:\Sirus\_client\World of Warcraft Sirus\Naga_Extract_2026-10-03\DiscoveredFromDBC\ByArchive\patch-p.mpq\character\NagaSirusHD\female\naga_femaleSkinExtra_00_01.blp
patch-p.mpq,character\NagaSirusHD\female\naga_femaleskin00_02.blp,700222,17BF4A9326038A9B8B5A927A11C984FA2F7ABC56,ruRU/patch-ruRU-4.mpq:DBFilesClient\CharSections.dbc,D:\Sirus\_client\World of Warcraft Sirus\Naga_Extract_2026-10-03\DiscoveredFromDBC\ByArchive\patch-p.mpq\character\NagaSirusHD\female\naga_femaleskin00_02.blp
patch-p.mpq,character\NagaSirusHD\female\naga_femaleSkinExtra_00_02.blp,350724,923E09557439C57B2956AEE4582AB4A45BA5CA28,ruRU/patch-ruRU-4.mpq:DBFilesClient\CharSections.dbc,D:\Sirus\_client\World of Warcraft Sirus\Naga_Extract_2026-10-03\DiscoveredFromDBC\ByArchive\patch-p.mpq\character\NagaSirusHD\female\naga_femaleSkinExtra_00_02.blp
patch-p.mpq,character\NagaSirusHD\female\naga_femaleskin00_03.blp,700222,9FB9619CEE55E184BEB0DAA487690C15929984E2,ruRU/patch-ruRU-4.mpq:DBFilesClient\CharSections.dbc,D:\Sirus\_client\World of Warcraft Sirus\Naga_Extract_2026-10-03\DiscoveredFromDBC\ByArchive\patch-p.mpq\character\NagaSirusHD\female\naga_femaleskin00_03.blp
patch-p.mpq,character\NagaSirusHD\female\naga_femaleSkinExtra_00_03.blp,350724,8FB2FE429FC8EF3AA3AB69F3297B646FA060E037,ruRU/patch-ruRU-4.mpq:DBFilesClient\CharSections.dbc,D:\Sirus\_client\World of Warcraft Sirus\Naga_Extract_2026-10-03\DiscoveredFromDBC\ByArchive\patch-p.mpq\character\NagaSirusHD\female\naga_femaleSkinExtra_00_03.blp
patch-p.mpq,character\NagaSirusHD\female\naga_femaleskin00_04.blp,700222,F1B958B554E71CF5A8AAC1C5F31BECCA511BA055,ruRU/patch-ruRU-4.mpq:DBFilesClient\CharSections.dbc,D:\Sirus\_client\World of Warcraft Sirus\Naga_Extract_2026-10-03\DiscoveredFromDBC\ByArchive\patch-p.mpq\character\NagaSirusHD\female\naga_femaleskin00_04.blp
patch-p.mpq,character\NagaSirusHD\female\naga_femaleSkinExtra_00_04.blp,350724,013CE35C5203BE6E7652ED91775F38809EC631B8,ruRU/patch-ruRU-4.mpq:DBFilesClient\CharSections.dbc,D:\Sirus\_client\World of Warcraft Sirus\Naga_Extract_2026-10-03\DiscoveredFromDBC\ByArchive\patch-p.mpq\character\NagaSirusHD\female\naga_femaleSkinExtra_00_04.blp
patch-p.mpq,character\NagaSirusHD\female\naga_femaleskin00_05.blp,700222,0C349EC6F9744D0E261E5794946D57F03E5AB11F,ruRU/patch-ruRU-4.mpq:DBFilesClient\CharSections.dbc,D:\Sirus\_client\World of Warcraft Sirus\Naga_Extract_2026-10-03\DiscoveredFromDBC\ByArchive\patch-p.mpq\character\NagaSirusHD\female\naga_femaleskin00_05.blp
patch-p.mpq,character\NagaSirusHD\female\naga_femaleSkinExtra_00_05.blp,350724,2264997EECDE115489237616E79195583A7950A3,ruRU/patch-ruRU-4.mpq:DBFilesClient\CharSections.dbc,D:\Sirus\_client\World of Warcraft Sirus\Naga_Extract_2026-10-03\DiscoveredFromDBC\ByArchive\patch-p.mpq\character\NagaSirusHD\female\naga_femaleSkinExtra_00_05.blp
patch-p.mpq,character\NagaSirusHD\female\naga_femaleskin00_06.blp,700222,F626CA77352FEF4082C97612EF1B6B2BF8497068,ruRU/patch-ruRU-4.mpq:DBFilesClient\CharSections.dbc,D:\Sirus\_client\World of Warcraft Sirus\Naga_Extract_2026-10-03\DiscoveredFromDBC\ByArchive\patch-p.mpq\character\NagaSirusHD\female\naga_femaleskin00_06.blp
patch-p.mpq,character\NagaSirusHD\female\naga_femaleSkinExtra_00_06.blp,350724,E949D3122F200FCAB375424485C43FCA5ACC7C37,ruRU/patch-ruRU-4.mpq:DBFilesClient\CharSections.dbc,D:\Sirus\_client\World of Warcraft Sirus\Naga_Extract_2026-10-03\DiscoveredFromDBC\ByArchive\patch-p.mpq\character\NagaSirusHD\female\naga_femaleSkinExtra_00_06.blp
patch-p.mpq,character\NagaSirusHD\female\naga_femaleskin00_07.blp,700222,1EFECD1ED7AC9E0F78FDAAB79BE3105628488A69,ruRU/patch-ruRU-4.mpq:DBFilesClient\CharSections.dbc,D:\Sirus\_client\World of Warcraft Sirus\Naga_Extract_2026-10-03\DiscoveredFromDBC\ByArchive\patch-p.mpq\character\NagaSirusHD\female\naga_femaleskin00_07.blp
patch-p.mpq,character\NagaSirusHD\female\naga_femaleSkinExtra_00_07.blp,350724,8EF92D89512F8DD493E39EF94AB42056CE319319,ruRU/patch-ruRU-4.mpq:DBFilesClient\CharSections.dbc,D:\Sirus\_client\World of Warcraft Sirus\Naga_Extract_2026-10-03\DiscoveredFromDBC\ByArchive\patch-p.mpq\character\NagaSirusHD\female\naga_femaleSkinExtra_00_07.blp
patch-p.mpq,character\NagaSirusHD\female\naga_femaleskin00_08.blp,700222,E375D1368B7D7D0FF28F3E094DC2C042589C2064,ruRU/patch-ruRU-4.mpq:DBFilesClient\CharSections.dbc,D:\Sirus\_client\World of Warcraft Sirus\Naga_Extract_2026-10-03\DiscoveredFromDBC\ByArchive\patch-p.mpq\character\NagaSirusHD\female\naga_femaleskin00_08.blp
patch-p.mpq,character\NagaSirusHD\female\naga_femaleSkinExtra_00_08.blp,350724,4748A0C3FA8545CE3DD115BFA7B040FB8CC2A712,ruRU/patch-ruRU-4.mpq:DBFilesClient\CharSections.dbc,D:\Sirus\_client\World of Warcraft Sirus\Naga_Extract_2026-10-03\DiscoveredFromDBC\ByArchive\patch-p.mpq\character\NagaSirusHD\female\naga_femaleSkinExtra_00_08.blp
patch-p.mpq,character\NagaSirusHD\female\naga_femaleskin00_09.blp,700222,A47C99F2B818B10A8E49A58EA0310884ED178A17,ruRU/patch-ruRU-4.mpq:DBFilesClient\CharSections.dbc,D:\Sirus\_client\World of Warcraft Sirus\Naga_Extract_2026-10-03\DiscoveredFromDBC\ByArchive\patch-p.mpq\character\NagaSirusHD\female\naga_femaleskin00_09.blp
patch-p.mpq,character\NagaSirusHD\female\naga_femaleSkinExtra_00_09.blp,350724,7E014D097A065ADC0C7B2DF6B5434F28FB9A9356,ruRU/patch-ruRU-4.mpq:DBFilesClient\CharSections.dbc,D:\Sirus\_client\World of Warcraft Sirus\Naga_Extract_2026-10-03\DiscoveredFromDBC\ByArchive\patch-p.mpq\character\NagaSirusHD\female\naga_femaleSkinExtra_00_09.blp
patch-p.mpq,character\NagaSirusHD\female\naga_femaleskin00_10.blp,700222,93B26DB1D5E4F847A0BC2BA48553D416EB35E1CB,ruRU/patch-ruRU-4.mpq:DBFilesClient\CharSections.dbc,D:\Sirus\_client\World of Warcraft Sirus\Naga_Extract_2026-10-03\DiscoveredFromDBC\ByArchive\patch-p.mpq\character\NagaSirusHD\female\naga_femaleskin00_10.blp
patch-p.mpq,character\NagaSirusHD\female\naga_femaleSkinExtra_00_10.blp,350724,2BB2988174C6B774A6703085D2042F720B5AB1C8,ruRU/patch-ruRU-4.mpq:DBFilesClient\CharSections.dbc,D:\Sirus\_client\World of Warcraft Sirus\Naga_Extract_2026-10-03\DiscoveredFromDBC\ByArchive\patch-p.mpq\character\NagaSirusHD\female\naga_femaleSkinExtra_00_10.blp
patch-p.mpq,character\NagaSirusHD\female\naga_femaleskin00_11.blp,700222,2929F526FA961C40A2B650F6A66BE1BD7073DA70,ruRU/patch-ruRU-4.mpq:DBFilesClient\CharSections.dbc,D:\Sirus\_client\World of Warcraft Sirus\Naga_Extract_2026-10-03\DiscoveredFromDBC\ByArchive\patch-p.mpq\character\NagaSirusHD\female\naga_femaleskin00_11.blp
patch-p.mpq,character\NagaSirusHD\female\naga_femaleSkinExtra_00_11.blp,350724,678A4FE06C49A19BA6519D31E46B7F3F038376EE,ruRU/patch-ruRU-4.mpq:DBFilesClient\CharSections.dbc,D:\Sirus\_client\World of Warcraft Sirus\Naga_Extract_2026-10-03\DiscoveredFromDBC\ByArchive\patch-p.mpq\character\NagaSirusHD\female\naga_femaleSkinExtra_00_11.blp
patch-p.mpq,character\NagaSirusHD\female\naga_femaleskinDK00_00.blp,700222,E0362EA0408951A4AF6717475B5AC2F5BC8F3959,ruRU/patch-ruRU-4.mpq:DBFilesClient\CharSections.dbc,D:\Sirus\_client\World of Warcraft Sirus\Naga_Extract_2026-10-03\DiscoveredFromDBC\ByArchive\patch-p.mpq\character\NagaSirusHD\female\naga_femaleskinDK00_00.blp
patch-p.mpq,character\NagaSirusHD\female\naga_femaleSkinExtraDK_00_00.blp,350724,A3D9F302E3D60AEF3207ABC3D96BFAEA4AF6811A,ruRU/patch-ruRU-4.mpq:DBFilesClient\CharSections.dbc,D:\Sirus\_client\World of Warcraft Sirus\Naga_Extract_2026-10-03\DiscoveredFromDBC\ByArchive\patch-p.mpq\character\NagaSirusHD\female\naga_femaleSkinExtraDK_00_00.blp
patch-p.mpq,character\NagaSirusHD\female\naga_femaleskinDK00_01.blp,700222,26F5434751A9CE7F438776EBE9B96E9761AF366C,ruRU/patch-ruRU-4.mpq:DBFilesClient\CharSections.dbc,D:\Sirus\_client\World of Warcraft Sirus\Naga_Extract_2026-10-03\DiscoveredFromDBC\ByArchive\patch-p.mpq\character\NagaSirusHD\female\naga_femaleskinDK00_01.blp
patch-p.mpq,character\NagaSirusHD\female\naga_femaleSkinExtraDK_00_01.blp,350724,74695C229CEFB61288A090ADF7A5118DD8467886,ruRU/patch-ruRU-4.mpq:DBFilesClient\CharSections.dbc,D:\Sirus\_client\World of Warcraft Sirus\Naga_Extract_2026-10-03\DiscoveredFromDBC\ByArchive\patch-p.mpq\character\NagaSirusHD\female\naga_femaleSkinExtraDK_00_01.blp
patch-p.mpq,character\NagaSirusHD\female\naga_femaleskinDK00_02.blp,700222,DC5A9277C648F3BFA30A45C06AEA2311BE393AF4,ruRU/patch-ruRU-4.mpq:DBFilesClient\CharSections.dbc,D:\Sirus\_client\World of Warcraft Sirus\Naga_Extract_2026-10-03\DiscoveredFromDBC\ByArchive\patch-p.mpq\character\NagaSirusHD\female\naga_femaleskinDK00_02.blp
patch-p.mpq,character\NagaSirusHD\female\naga_femaleSkinExtraDK_00_02.blp,350724,059E5EE8D87DBE20B84EBAFF96054AB920E6E672,ruRU/patch-ruRU-4.mpq:DBFilesClient\CharSections.dbc,D:\Sirus\_client\World of Warcraft Sirus\Naga_Extract_2026-10-03\DiscoveredFromDBC\ByArchive\patch-p.mpq\character\NagaSirusHD\female\naga_femaleSkinExtraDK_00_02.blp
patch-p.mpq,character\NagaSirusHD\female\naga_femaleskinDK00_03.blp,700222,E50DD62B43191EAE24A72B4DC750163271CF71AD,ruRU/patch-ruRU-4.mpq:DBFilesClient\CharSections.dbc,D:\Sirus\_client\World of Warcraft Sirus\Naga_Extract_2026-10-03\DiscoveredFromDBC\ByArchive\patch-p.mpq\character\NagaSirusHD\female\naga_femaleskinDK00_03.blp
patch-p.mpq,character\NagaSirusHD\female\naga_femaleSkinExtraDK_00_03.blp,350724,B2E70BA085ACFF71EA15780E154C5ABD7CDE9E93,ruRU/patch-ruRU-4.mpq:DBFilesClient\CharSections.dbc,D:\Sirus\_client\World of Warcraft Sirus\Naga_Extract_2026-10-03\DiscoveredFromDBC\ByArchive\patch-p.mpq\character\NagaSirusHD\female\naga_femaleSkinExtraDK_00_03.blp
patch-p.mpq,character\NagaSirusHD\female\naga_femaleskinDK00_04.blp,700222,5676AF4A7D091FEB3886A1AD24D1F0FE87BA8217,ruRU/patch-ruRU-4.mpq:DBFilesClient\CharSections.dbc,D:\Sirus\_client\World of Warcraft Sirus\Naga_Extract_2026-10-03\DiscoveredFromDBC\ByArchive\patch-p.mpq\character\NagaSirusHD\female\naga_femaleskinDK00_04.blp
patch-p.mpq,character\NagaSirusHD\female\naga_femaleSkinExtraDK_00_04.blp,350724,D52E80A85BBDCB3CB5C366BC4BC5A4F880FBEFA2,ruRU/patch-ruRU-4.mpq:DBFilesClient\CharSections.dbc,D:\Sirus\_client\World of Warcraft Sirus\Naga_Extract_2026-10-03\DiscoveredFromDBC\ByArchive\patch-p.mpq\character\NagaSirusHD\female\naga_femaleSkinExtraDK_00_04.blp
patch-p.mpq,character\NagaSirusHD\female\naga_femaleSkinExtra_01_00.blp,350724,1076A7E9919B4CB445133808E19247B0F572FE48,ruRU/patch-ruRU-4.mpq:DBFilesClient\CharSections.dbc,D:\Sirus\_client\World of Warcraft Sirus\Naga_Extract_2026-10-03\DiscoveredFromDBC\ByArchive\patch-p.mpq\character\NagaSirusHD\female\naga_femaleSkinExtra_01_00.blp
patch-p.mpq,character\NagaSirusHD\female\naga_femaleSkinExtra_01_01.blp,350724,A9E76598D16AC65D6403FAE126E6561C4CAA8BD4,ruRU/patch-ruRU-4.mpq:DBFilesClient\CharSections.dbc,D:\Sirus\_client\World of Warcraft Sirus\Naga_Extract_2026-10-03\DiscoveredFromDBC\ByArchive\patch-p.mpq\character\NagaSirusHD\female\naga_femaleSkinExtra_01_01.blp
patch-p.mpq,character\NagaSirusHD\female\naga_femaleSkinExtra_01_02.blp,350724,D67983693467919E56E7D19FD6A64B13DDBA992D,ruRU/patch-ruRU-4.mpq:DBFilesClient\CharSections.dbc,D:\Sirus\_client\World of Warcraft Sirus\Naga_Extract_2026-10-03\DiscoveredFromDBC\ByArchive\patch-p.mpq\character\NagaSirusHD\female\naga_femaleSkinExtra_01_02.blp
patch-p.mpq,character\NagaSirusHD\female\naga_femaleSkinExtra_01_03.blp,350724,144E9F61C136BC1940F86C4ED9D7F7467363F3C6,ruRU/patch-ruRU-4.mpq:DBFilesClient\CharSections.dbc,D:\Sirus\_client\World of Warcraft Sirus\Naga_Extract_2026-10-03\DiscoveredFromDBC\ByArchive\patch-p.mpq\character\NagaSirusHD\female\naga_femaleSkinExtra_01_03.blp
patch-p.mpq,character\NagaSirusHD\female\naga_femaleSkinExtra_01_04.blp,350724,F17A7FC03F1683A8D48EB606E49220B8E8F2D74A,ruRU/patch-ruRU-4.mpq:DBFilesClient\CharSections.dbc,D:\Sirus\_client\World of Warcraft Sirus\Naga_Extract_2026-10-03\DiscoveredFromDBC\ByArchive\patch-p.mpq\character\NagaSirusHD\female\naga_femaleSkinExtra_01_04.blp
patch-p.mpq,character\NagaSirusHD\female\naga_femaleSkinExtra_01_05.blp,350724,572D0F8C249CFAFED6906CD4848D34BDBB3C7023,ruRU/patch-ruRU-4.mpq:DBFilesClient\CharSections.dbc,D:\Sirus\_client\World of Warcraft Sirus\Naga_Extract_2026-10-03\DiscoveredFromDBC\ByArchive\patch-p.mpq\character\NagaSirusHD\female\naga_femaleSkinExtra_01_05.blp
patch-p.mpq,character\NagaSirusHD\female\naga_femaleSkinExtra_01_06.blp,350724,E49011240682624274EB1A423211EDC0D814E67E,ruRU/patch-ruRU-4.mpq:DBFilesClient\CharSections.dbc,D:\Sirus\_client\World of Warcraft Sirus\Naga_Extract_2026-10-03\DiscoveredFromDBC\ByArchive\patch-p.mpq\character\NagaSirusHD\female\naga_femaleSkinExtra_01_06.blp
patch-p.mpq,character\NagaSirusHD\female\naga_femaleSkinExtra_01_07.blp,350724,B18A3FB87AD0F3EE4EE1C51AE8F0A51AD239D162,ruRU/patch-ruRU-4.mpq:DBFilesClient\CharSections.dbc,D:\Sirus\_client\World of Warcraft Sirus\Naga_Extract_2026-10-03\DiscoveredFromDBC\ByArchive\patch-p.mpq\character\NagaSirusHD\female\naga_femaleSkinExtra_01_07.blp
patch-p.mpq,character\NagaSirusHD\female\naga_femaleSkinExtra_01_08.blp,350724,4B7D571D06CBD15016D3187187DBA241CF2C9AEA,ruRU/patch-ruRU-4.mpq:DBFilesClient\CharSections.dbc,D:\Sirus\_client\World of Warcraft Sirus\Naga_Extract_2026-10-03\DiscoveredFromDBC\ByArchive\patch-p.mpq\character\NagaSirusHD\female\naga_femaleSkinExtra_01_08.blp
patch-p.mpq,character\NagaSirusHD\female\naga_femaleSkinExtra_01_09.blp,350724,758BB7A0E3020491C184F356AC05BBFE931867A3,ruRU/patch-ruRU-4.mpq:DBFilesClient\CharSections.dbc,D:\Sirus\_client\World of Warcraft Sirus\Naga_Extract_2026-10-03\DiscoveredFromDBC\ByArchive\patch-p.mpq\character\NagaSirusHD\female\naga_femaleSkinExtra_01_09.blp
patch-p.mpq,character\NagaSirusHD\female\naga_femaleSkinExtra_01_10.blp,350724,47399C9A195B5A0DF4509D44166954604BA8424F,ruRU/patch-ruRU-4.mpq:DBFilesClient\CharSections.dbc,D:\Sirus\_client\World of Warcraft Sirus\Naga_Extract_2026-10-03\DiscoveredFromDBC\ByArchive\patch-p.mpq\character\NagaSirusHD\female\naga_femaleSkinExtra_01_10.blp
patch-p.mpq,character\NagaSirusHD\female\naga_femaleSkinExtra_01_11.blp,350724,258C70402C8D831A8627E55250746BAD199245B4,ruRU/patch-ruRU-4.mpq:DBFilesClient\CharSections.dbc,D:\Sirus\_client\World of Warcraft Sirus\Naga_Extract_2026-10-03\DiscoveredFromDBC\ByArchive\patch-p.mpq\character\NagaSirusHD\female\naga_femaleSkinExtra_01_11.blp
patch-p.mpq,character\NagaSirusHD\female\naga_femaleSkinExtraDK_01_00.blp,350724,A6A9D8FF354EA06063C3DBE67D5CEB82EF51ED0A,ruRU/patch-ruRU-4.mpq:DBFilesClient\CharSections.dbc,D:\Sirus\_client\World of Warcraft Sirus\Naga_Extract_2026-10-03\DiscoveredFromDBC\ByArchive\patch-p.mpq\character\NagaSirusHD\female\naga_femaleSkinExtraDK_01_00.blp
patch-p.mpq,character\NagaSirusHD\female\naga_femaleSkinExtraDK_01_01.blp,350724,B737E1EE717DEF7181E1B3E5556856DA8CCA017C,ruRU/patch-ruRU-4.mpq:DBFilesClient\CharSections.dbc,D:\Sirus\_client\World of Warcraft Sirus\Naga_Extract_2026-10-03\DiscoveredFromDBC\ByArchive\patch-p.mpq\character\NagaSirusHD\female\naga_femaleSkinExtraDK_01_01.blp
patch-p.mpq,character\NagaSirusHD\female\naga_femaleSkinExtraDK_01_02.blp,350724,A4840BDCC9DADF1561F9AE6CE58414C0B4895066,ruRU/patch-ruRU-4.mpq:DBFilesClient\CharSections.dbc,D:\Sirus\_client\World of Warcraft Sirus\Naga_Extract_2026-10-03\DiscoveredFromDBC\ByArchive\patch-p.mpq\character\NagaSirusHD\female\naga_femaleSkinExtraDK_01_02.blp
patch-p.mpq,character\NagaSirusHD\female\naga_femaleSkinExtraDK_01_03.blp,350724,432C757BC6A9D8868A50FCC1AF1FEC75E5696CAF,ruRU/patch-ruRU-4.mpq:DBFilesClient\CharSections.dbc,D:\Sirus\_client\World of Warcraft Sirus\Naga_Extract_2026-10-03\DiscoveredFromDBC\ByArchive\patch-p.mpq\character\NagaSirusHD\female\naga_femaleSkinExtraDK_01_03.blp
patch-p.mpq,character\NagaSirusHD\female\naga_femaleSkinExtraDK_01_04.blp,350724,0238D9F6E8BF68A7B0CF2C891C85AB4CD5F27D78,ruRU/patch-ruRU-4.mpq:DBFilesClient\CharSections.dbc,D:\Sirus\_client\World of Warcraft Sirus\Naga_Extract_2026-10-03\DiscoveredFromDBC\ByArchive\patch-p.mpq\character\NagaSirusHD\female\naga_femaleSkinExtraDK_01_04.blp
patch-p.mpq,character\NagaSirusHD\female\naga_femaleSkinExtra_02_00.blp,350724,6004E0826B5A037E1348B1A6CE46DED0919C9D67,ruRU/patch-ruRU-4.mpq:DBFilesClient\CharSections.dbc,D:\Sirus\_client\World of Warcraft Sirus\Naga_Extract_2026-10-03\DiscoveredFromDBC\ByArchive\patch-p.mpq\character\NagaSirusHD\female\naga_femaleSkinExtra_02_00.blp
patch-p.mpq,character\NagaSirusHD\female\naga_femaleSkinExtra_02_01.blp,350724,2AF7DEA1EF77C4E6F0D0408EF90F51B3A01EE454,ruRU/patch-ruRU-4.mpq:DBFilesClient\CharSections.dbc,D:\Sirus\_client\World of Warcraft Sirus\Naga_Extract_2026-10-03\DiscoveredFromDBC\ByArchive\patch-p.mpq\character\NagaSirusHD\female\naga_femaleSkinExtra_02_01.blp
patch-p.mpq,character\NagaSirusHD\female\naga_femaleSkinExtra_02_02.blp,350724,F29554FF0A4686644EBA24FC16B37FF601ACAC4A,ruRU/patch-ruRU-4.mpq:DBFilesClient\CharSections.dbc,D:\Sirus\_client\World of Warcraft Sirus\Naga_Extract_2026-10-03\DiscoveredFromDBC\ByArchive\patch-p.mpq\character\NagaSirusHD\female\naga_femaleSkinExtra_02_02.blp
patch-p.mpq,character\NagaSirusHD\female\naga_femaleSkinExtra_02_03.blp,350724,40DEB0C966461B9BFB31333862A93B2B9BAEC46E,ruRU/patch-ruRU-4.mpq:DBFilesClient\CharSections.dbc,D:\Sirus\_client\World of Warcraft Sirus\Naga_Extract_2026-10-03\DiscoveredFromDBC\ByArchive\patch-p.mpq\character\NagaSirusHD\female\naga_femaleSkinExtra_02_03.blp
patch-p.mpq,character\NagaSirusHD\female\naga_femaleSkinExtra_02_04.blp,350724,3CC814564DAB75B30FF6243C86E08572F65BEFEF,ruRU/patch-ruRU-4.mpq:DBFilesClient\CharSections.dbc,D:\Sirus\_client\World of Warcraft Sirus\Naga_Extract_2026-10-03\DiscoveredFromDBC\ByArchive\patch-p.mpq\character\NagaSirusHD\female\naga_femaleSkinExtra_02_04.blp
patch-p.mpq,character\NagaSirusHD\female\naga_femaleSkinExtra_02_05.blp,350724,208B05B8E9B34236B85DC60607507BE6AD8997F8,ruRU/patch-ruRU-4.mpq:DBFilesClient\CharSections.dbc,D:\Sirus\_client\World of Warcraft Sirus\Naga_Extract_2026-10-03\DiscoveredFromDBC\ByArchive\patch-p.mpq\character\NagaSirusHD\female\naga_femaleSkinExtra_02_05.blp
patch-p.mpq,character\NagaSirusHD\female\naga_femaleSkinExtra_02_06.blp,350724,626CEA4142E465DA2418351EC706281CED9C2E71,ruRU/patch-ruRU-4.mpq:DBFilesClient\CharSections.dbc,D:\Sirus\_client\World of Warcraft Sirus\Naga_Extract_2026-10-03\DiscoveredFromDBC\ByArchive\patch-p.mpq\character\NagaSirusHD\female\naga_femaleSkinExtra_02_06.blp
patch-p.mpq,character\NagaSirusHD\female\naga_femaleSkinExtra_02_07.blp,350724,9D7FB4ACCFEAFDE02287EA91BBEEF70D9FCE6421,ruRU/patch-ruRU-4.mpq:DBFilesClient\CharSections.dbc,D:\Sirus\_client\World of Warcraft Sirus\Naga_Extract_2026-10-03\DiscoveredFromDBC\ByArchive\patch-p.mpq\character\NagaSirusHD\female\naga_femaleSkinExtra_02_07.blp
patch-p.mpq,character\NagaSirusHD\female\naga_femaleSkinExtra_02_08.blp,350724,5625A39334E91C1EBBF3A905881AA894E153EA8D,ruRU/patch-ruRU-4.mpq:DBFilesClient\CharSections.dbc,D:\Sirus\_client\World of Warcraft Sirus\Naga_Extract_2026-10-03\DiscoveredFromDBC\ByArchive\patch-p.mpq\character\NagaSirusHD\female\naga_femaleSkinExtra_02_08.blp
patch-p.mpq,character\NagaSirusHD\female\naga_femaleSkinExtra_02_09.blp,350724,166CCB46474FA9FA5EE33C7AFB9D81D18AD7F75E,ruRU/patch-ruRU-4.mpq:DBFilesClient\CharSections.dbc,D:\Sirus\_client\World of Warcraft Sirus\Naga_Extract_2026-10-03\DiscoveredFromDBC\ByArchive\patch-p.mpq\character\NagaSirusHD\female\naga_femaleSkinExtra_02_09.blp
patch-p.mpq,character\NagaSirusHD\female\naga_femaleSkinExtra_02_10.blp,350724,B5BB5F00D4B4061F7C2C8C3C21F00E7BDF2F8728,ruRU/patch-ruRU-4.mpq:DBFilesClient\CharSections.dbc,D:\Sirus\_client\World of Warcraft Sirus\Naga_Extract_2026-10-03\DiscoveredFromDBC\ByArchive\patch-p.mpq\character\NagaSirusHD\female\naga_femaleSkinExtra_02_10.blp
patch-p.mpq,character\NagaSirusHD\female\naga_femaleSkinExtra_02_11.blp,350724,65A50EF790BB1EA235A59570EB6C41D5F03801A4,ruRU/patch-ruRU-4.mpq:DBFilesClient\CharSections.dbc,D:\Sirus\_client\World of Warcraft Sirus\Naga_Extract_2026-10-03\DiscoveredFromDBC\ByArchive\patch-p.mpq\character\NagaSirusHD\female\naga_femaleSkinExtra_02_11.blp
patch-p.mpq,character\NagaSirusHD\female\naga_femaleSkinExtraDK_02_00.blp,350724,94DC47CA1B5FFEE7E1B242330A7712BF5C5644FC,ruRU/patch-ruRU-4.mpq:DBFilesClient\CharSections.dbc,D:\Sirus\_client\World of Warcraft Sirus\Naga_Extract_2026-10-03\DiscoveredFromDBC\ByArchive\patch-p.mpq\character\NagaSirusHD\female\naga_femaleSkinExtraDK_02_00.blp
patch-p.mpq,character\NagaSirusHD\female\naga_femaleSkinExtraDK_02_01.blp,350724,ABDCE2110444F69F3255438C294292B5412C76F0,ruRU/patch-ruRU-4.mpq:DBFilesClient\CharSections.dbc,D:\Sirus\_client\World of Warcraft Sirus\Naga_Extract_2026-10-03\DiscoveredFromDBC\ByArchive\patch-p.mpq\character\NagaSirusHD\female\naga_femaleSkinExtraDK_02_01.blp
patch-p.mpq,character\NagaSirusHD\female\naga_femaleSkinExtraDK_02_02.blp,350724,2E2B913402C5F776A9FCD8B0F0EC5D167CC16AB5,ruRU/patch-ruRU-4.mpq:DBFilesClient\CharSections.dbc,D:\Sirus\_client\World of Warcraft Sirus\Naga_Extract_2026-10-03\DiscoveredFromDBC\ByArchive\patch-p.mpq\character\NagaSirusHD\female\naga_femaleSkinExtraDK_02_02.blp
patch-p.mpq,character\NagaSirusHD\female\naga_femaleSkinExtraDK_02_03.blp,350724,42255A8A6965D52572D7C6687E7E774AFE80756E,ruRU/patch-ruRU-4.mpq:DBFilesClient\CharSections.dbc,D:\Sirus\_client\World of Warcraft Sirus\Naga_Extract_2026-10-03\DiscoveredFromDBC\ByArchive\patch-p.mpq\character\NagaSirusHD\female\naga_femaleSkinExtraDK_02_03.blp
patch-p.mpq,character\NagaSirusHD\female\naga_femaleSkinExtraDK_02_04.blp,350724,5E90472E92A6378228B79F1AB21A4B06043597E6,ruRU/patch-ruRU-4.mpq:DBFilesClient\CharSections.dbc,D:\Sirus\_client\World of Warcraft Sirus\Naga_Extract_2026-10-03\DiscoveredFromDBC\ByArchive\patch-p.mpq\character\NagaSirusHD\female\naga_femaleSkinExtraDK_02_04.blp
patch-p.mpq,character\NagaSirusHD\female\naga_femaleSkinExtra_03_00.blp,350724,317F4ACABDE0302628BFC334A1F6C8931770352E,ruRU/patch-ruRU-4.mpq:DBFilesClient\CharSections.dbc,D:\Sirus\_client\World of Warcraft Sirus\Naga_Extract_2026-10-03\DiscoveredFromDBC\ByArchive\patch-p.mpq\character\NagaSirusHD\female\naga_femaleSkinExtra_03_00.blp
patch-p.mpq,character\NagaSirusHD\female\naga_femaleSkinExtra_03_01.blp,350724,C06ECEC14B39DCBBC71366A7084EC4AE0FF9966A,ruRU/patch-ruRU-4.mpq:DBFilesClient\CharSections.dbc,D:\Sirus\_client\World of Warcraft Sirus\Naga_Extract_2026-10-03\DiscoveredFromDBC\ByArchive\patch-p.mpq\character\NagaSirusHD\female\naga_femaleSkinExtra_03_01.blp
patch-p.mpq,character\NagaSirusHD\female\naga_femaleSkinExtra_03_02.blp,350724,3BBCFF026D09726E697915FF18092D8FD213AF9A,ruRU/patch-ruRU-4.mpq:DBFilesClient\CharSections.dbc,D:\Sirus\_client\World of Warcraft Sirus\Naga_Extract_2026-10-03\DiscoveredFromDBC\ByArchive\patch-p.mpq\character\NagaSirusHD\female\naga_femaleSkinExtra_03_02.blp
patch-p.mpq,character\NagaSirusHD\female\naga_femaleSkinExtra_03_03.blp,350724,210D234A9641E70F2D9ACDBCA296C14C23B0AACA,ruRU/patch-ruRU-4.mpq:DBFilesClient\CharSections.dbc,D:\Sirus\_client\World of Warcraft Sirus\Naga_Extract_2026-10-03\DiscoveredFromDBC\ByArchive\patch-p.mpq\character\NagaSirusHD\female\naga_femaleSkinExtra_03_03.blp
patch-p.mpq,character\NagaSirusHD\female\naga_femaleSkinExtra_03_04.blp,350724,E8DDC66D6304103D73CDAC09F4C806EB6DA2A2AC,ruRU/patch-ruRU-4.mpq:DBFilesClient\CharSections.dbc,D:\Sirus\_client\World of Warcraft Sirus\Naga_Extract_2026-10-03\DiscoveredFromDBC\ByArchive\patch-p.mpq\character\NagaSirusHD\female\naga_femaleSkinExtra_03_04.blp
patch-p.mpq,character\NagaSirusHD\female\naga_femaleSkinExtra_03_05.blp,350724,B989D766D62523A219E42C27C4AE4430BE19CAA8,ruRU/patch-ruRU-4.mpq:DBFilesClient\CharSections.dbc,D:\Sirus\_client\World of Warcraft Sirus\Naga_Extract_2026-10-03\DiscoveredFromDBC\ByArchive\patch-p.mpq\character\NagaSirusHD\female\naga_femaleSkinExtra_03_05.blp
patch-p.mpq,character\NagaSirusHD\female\naga_femaleSkinExtra_03_06.blp,350724,3225883015A0ACDA1E40415BD56AA4E8BF57C8B0,ruRU/patch-ruRU-4.mpq:DBFilesClient\CharSections.dbc,D:\Sirus\_client\World of Warcraft Sirus\Naga_Extract_2026-10-03\DiscoveredFromDBC\ByArchive\patch-p.mpq\character\NagaSirusHD\female\naga_femaleSkinExtra_03_06.blp
patch-p.mpq,character\NagaSirusHD\female\naga_femaleSkinExtra_03_07.blp,350724,FFA77A3B969BE105B82BC76CF6CACCBE6456EF15,ruRU/patch-ruRU-4.mpq:DBFilesClient\CharSections.dbc,D:\Sirus\_client\World of Warcraft Sirus\Naga_Extract_2026-10-03\DiscoveredFromDBC\ByArchive\patch-p.mpq\character\NagaSirusHD\female\naga_femaleSkinExtra_03_07.blp
patch-p.mpq,character\NagaSirusHD\female\naga_femaleSkinExtra_03_08.blp,350724,FFD85F33538E9F58F621AB76379FE009B78758F0,ruRU/patch-ruRU-4.mpq:DBFilesClient\CharSections.dbc,D:\Sirus\_client\World of Warcraft Sirus\Naga_Extract_2026-10-03\DiscoveredFromDBC\ByArchive\patch-p.mpq\character\NagaSirusHD\female\naga_femaleSkinExtra_03_08.blp
patch-p.mpq,character\NagaSirusHD\female\naga_femaleSkinExtra_03_09.blp,350724,50E9C675BCC054AC7D39C7EC8CC686C013013951,ruRU/patch-ruRU-4.mpq:DBFilesClient\CharSections.dbc,D:\Sirus\_client\World of Warcraft Sirus\Naga_Extract_2026-10-03\DiscoveredFromDBC\ByArchive\patch-p.mpq\character\NagaSirusHD\female\naga_femaleSkinExtra_03_09.blp
patch-p.mpq,character\NagaSirusHD\female\naga_femaleSkinExtra_03_10.blp,350724,0CE0AC490AE5C4F944C0EE0B7959FF50DC220565,ruRU/patch-ruRU-4.mpq:DBFilesClient\CharSections.dbc,D:\Sirus\_client\World of Warcraft Sirus\Naga_Extract_2026-10-03\DiscoveredFromDBC\ByArchive\patch-p.mpq\character\NagaSirusHD\female\naga_femaleSkinExtra_03_10.blp
patch-p.mpq,character\NagaSirusHD\female\naga_femaleSkinExtra_03_11.blp,350724,603FA229276FBC45EDC7BE10BEA999BDD0196787,ruRU/patch-ruRU-4.mpq:DBFilesClient\CharSections.dbc,D:\Sirus\_client\World of Warcraft Sirus\Naga_Extract_2026-10-03\DiscoveredFromDBC\ByArchive\patch-p.mpq\character\NagaSirusHD\female\naga_femaleSkinExtra_03_11.blp
patch-p.mpq,character\NagaSirusHD\female\naga_femaleSkinExtraDK_03_00.blp,350724,E137B00764730A61C2A5202D7E399D9C713224E3,ruRU/patch-ruRU-4.mpq:DBFilesClient\CharSections.dbc,D:\Sirus\_client\World of Warcraft Sirus\Naga_Extract_2026-10-03\DiscoveredFromDBC\ByArchive\patch-p.mpq\character\NagaSirusHD\female\naga_femaleSkinExtraDK_03_00.blp
patch-p.mpq,character\NagaSirusHD\female\naga_femaleSkinExtraDK_03_01.blp,350724,CB9882B7B5D05484A62716DE1D8D845E888F6849,ruRU/patch-ruRU-4.mpq:DBFilesClient\CharSections.dbc,D:\Sirus\_client\World of Warcraft Sirus\Naga_Extract_2026-10-03\DiscoveredFromDBC\ByArchive\patch-p.mpq\character\NagaSirusHD\female\naga_femaleSkinExtraDK_03_01.blp
patch-p.mpq,character\NagaSirusHD\female\naga_femaleSkinExtraDK_03_02.blp,350724,C1C357602F240CD6F27799B3F3EB66E7F9C1FB69,ruRU/patch-ruRU-4.mpq:DBFilesClient\CharSections.dbc,D:\Sirus\_client\World of Warcraft Sirus\Naga_Extract_2026-10-03\DiscoveredFromDBC\ByArchive\patch-p.mpq\character\NagaSirusHD\female\naga_femaleSkinExtraDK_03_02.blp
patch-p.mpq,character\NagaSirusHD\female\naga_femaleSkinExtraDK_03_03.blp,350724,D2F6A6266FBA099242A06A249695C723FC3621C1,ruRU/patch-ruRU-4.mpq:DBFilesClient\CharSections.dbc,D:\Sirus\_client\World of Warcraft Sirus\Naga_Extract_2026-10-03\DiscoveredFromDBC\ByArchive\patch-p.mpq\character\NagaSirusHD\female\naga_femaleSkinExtraDK_03_03.blp
patch-p.mpq,character\NagaSirusHD\female\naga_femaleSkinExtraDK_03_04.blp,350724,194D668949B9DB43C619C974D29FD20C834D2DA2,ruRU/patch-ruRU-4.mpq:DBFilesClient\CharSections.dbc,D:\Sirus\_client\World of Warcraft Sirus\Naga_Extract_2026-10-03\DiscoveredFromDBC\ByArchive\patch-p.mpq\character\NagaSirusHD\female\naga_femaleSkinExtraDK_03_04.blp
patch-p.mpq,character\NagaSirusHD\female\naga_femaleSkinExtra_04_00.blp,350724,AC5CBCB0A2F306FF8682560D7DDB13165E1D6613,ruRU/patch-ruRU-4.mpq:DBFilesClient\CharSections.dbc,D:\Sirus\_client\World of Warcraft Sirus\Naga_Extract_2026-10-03\DiscoveredFromDBC\ByArchive\patch-p.mpq\character\NagaSirusHD\female\naga_femaleSkinExtra_04_00.blp
patch-p.mpq,character\NagaSirusHD\female\naga_femaleSkinExtra_04_01.blp,350724,08400D6A236CF4175B2938F4C781949497F6AAFE,ruRU/patch-ruRU-4.mpq:DBFilesClient\CharSections.dbc,D:\Sirus\_client\World of Warcraft Sirus\Naga_Extract_2026-10-03\DiscoveredFromDBC\ByArchive\patch-p.mpq\character\NagaSirusHD\female\naga_femaleSkinExtra_04_01.blp
patch-p.mpq,character\NagaSirusHD\female\naga_femaleSkinExtra_04_02.blp,350724,40DD83ED581E3DD52DA088932FA61C2309B087D4,ruRU/patch-ruRU-4.mpq:DBFilesClient\CharSections.dbc,D:\Sirus\_client\World of Warcraft Sirus\Naga_Extract_2026-10-03\DiscoveredFromDBC\ByArchive\patch-p.mpq\character\NagaSirusHD\female\naga_femaleSkinExtra_04_02.blp
patch-p.mpq,character\NagaSirusHD\female\naga_femaleSkinExtra_04_03.blp,350724,B6C41A4305BA2FC788BD5E45C1AFF1431D18FCB5,ruRU/patch-ruRU-4.mpq:DBFilesClient\CharSections.dbc,D:\Sirus\_client\World of Warcraft Sirus\Naga_Extract_2026-10-03\DiscoveredFromDBC\ByArchive\patch-p.mpq\character\NagaSirusHD\female\naga_femaleSkinExtra_04_03.blp
patch-p.mpq,character\NagaSirusHD\female\naga_femaleSkinExtra_04_04.blp,350724,EC4824504C4F3C8DD4A79D87731982AB3C17C15A,ruRU/patch-ruRU-4.mpq:DBFilesClient\CharSections.dbc,D:\Sirus\_client\World of Warcraft Sirus\Naga_Extract_2026-10-03\DiscoveredFromDBC\ByArchive\patch-p.mpq\character\NagaSirusHD\female\naga_femaleSkinExtra_04_04.blp
patch-p.mpq,character\NagaSirusHD\female\naga_femaleSkinExtra_04_05.blp,350724,D2FB1D04E08346102232C4E3BDC80185C6B03D5E,ruRU/patch-ruRU-4.mpq:DBFilesClient\CharSections.dbc,D:\Sirus\_client\World of Warcraft Sirus\Naga_Extract_2026-10-03\DiscoveredFromDBC\ByArchive\patch-p.mpq\character\NagaSirusHD\female\naga_femaleSkinExtra_04_05.blp
patch-p.mpq,character\NagaSirusHD\female\naga_femaleSkinExtra_04_06.blp,350724,9EB0A5B5688130045F085F142B7EA1336C797D81,ruRU/patch-ruRU-4.mpq:DBFilesClient\CharSections.dbc,D:\Sirus\_client\World of Warcraft Sirus\Naga_Extract_2026-10-03\DiscoveredFromDBC\ByArchive\patch-p.mpq\character\NagaSirusHD\female\naga_femaleSkinExtra_04_06.blp
patch-p.mpq,character\NagaSirusHD\female\naga_femaleSkinExtra_04_07.blp,350724,399C74BE1A593292FFD9AE942CAC6DD045AE69B8,ruRU/patch-ruRU-4.mpq:DBFilesClient\CharSections.dbc,D:\Sirus\_client\World of Warcraft Sirus\Naga_Extract_2026-10-03\DiscoveredFromDBC\ByArchive\patch-p.mpq\character\NagaSirusHD\female\naga_femaleSkinExtra_04_07.blp
patch-p.mpq,character\NagaSirusHD\female\naga_femaleSkinExtra_04_08.blp,350724,1C5468165C61FC58AC7C812D773502F73DE0C7B6,ruRU/patch-ruRU-4.mpq:DBFilesClient\CharSections.dbc,D:\Sirus\_client\World of Warcraft Sirus\Naga_Extract_2026-10-03\DiscoveredFromDBC\ByArchive\patch-p.mpq\character\NagaSirusHD\female\naga_femaleSkinExtra_04_08.blp
patch-p.mpq,character\NagaSirusHD\female\naga_femaleSkinExtra_04_09.blp,350724,206B177998CB4F481C55F240EB9F32F4A6416EEE,ruRU/patch-ruRU-4.mpq:DBFilesClient\CharSections.dbc,D:\Sirus\_client\World of Warcraft Sirus\Naga_Extract_2026-10-03\DiscoveredFromDBC\ByArchive\patch-p.mpq\character\NagaSirusHD\female\naga_femaleSkinExtra_04_09.blp
patch-p.mpq,character\NagaSirusHD\female\naga_femaleSkinExtra_04_10.blp,350724,B0E48BA4A0AA73CC3B81122535CF285C7AB1EEF4,ruRU/patch-ruRU-4.mpq:DBFilesClient\CharSections.dbc,D:\Sirus\_client\World of Warcraft Sirus\Naga_Extract_2026-10-03\DiscoveredFromDBC\ByArchive\patch-p.mpq\character\NagaSirusHD\female\naga_femaleSkinExtra_04_10.blp
patch-p.mpq,character\NagaSirusHD\female\naga_femaleSkinExtra_04_11.blp,350724,C6B8A73F29D8D9897AAC730A486B6B3D6AC64251,ruRU/patch-ruRU-4.mpq:DBFilesClient\CharSections.dbc,D:\Sirus\_client\World of Warcraft Sirus\Naga_Extract_2026-10-03\DiscoveredFromDBC\ByArchive\patch-p.mpq\character\NagaSirusHD\female\naga_femaleSkinExtra_04_11.blp
patch-p.mpq,character\NagaSirusHD\female\naga_femaleSkinExtraDK_04_00.blp,350724,9E195AE15188756BDE68467D58F24E7DB4A3C2AD,ruRU/patch-ruRU-4.mpq:DBFilesClient\CharSections.dbc,D:\Sirus\_client\World of Warcraft Sirus\Naga_Extract_2026-10-03\DiscoveredFromDBC\ByArchive\patch-p.mpq\character\NagaSirusHD\female\naga_femaleSkinExtraDK_04_00.blp
patch-p.mpq,character\NagaSirusHD\female\naga_femaleSkinExtraDK_04_01.blp,350724,138280B9881FB524CF65D6E4F6E48CE3C5562279,ruRU/patch-ruRU-4.mpq:DBFilesClient\CharSections.dbc,D:\Sirus\_client\World of Warcraft Sirus\Naga_Extract_2026-10-03\DiscoveredFromDBC\ByArchive\patch-p.mpq\character\NagaSirusHD\female\naga_femaleSkinExtraDK_04_01.blp
patch-p.mpq,character\NagaSirusHD\female\naga_femaleSkinExtraDK_04_02.blp,350724,261C8E58F564B62EF884496AE808803EA290C24C,ruRU/patch-ruRU-4.mpq:DBFilesClient\CharSections.dbc,D:\Sirus\_client\World of Warcraft Sirus\Naga_Extract_2026-10-03\DiscoveredFromDBC\ByArchive\patch-p.mpq\character\NagaSirusHD\female\naga_femaleSkinExtraDK_04_02.blp
patch-p.mpq,character\NagaSirusHD\female\naga_femaleSkinExtraDK_04_03.blp,350724,6B2D473645452045E0AFAD0F5F0E4B3B589E7F62,ruRU/patch-ruRU-4.mpq:DBFilesClient\CharSections.dbc,D:\Sirus\_client\World of Warcraft Sirus\Naga_Extract_2026-10-03\DiscoveredFromDBC\ByArchive\patch-p.mpq\character\NagaSirusHD\female\naga_femaleSkinExtraDK_04_03.blp
patch-p.mpq,character\NagaSirusHD\female\naga_femaleSkinExtraDK_04_04.blp,350724,B7F9695649085FE122955F2DA99AEED6D94896E3,ruRU/patch-ruRU-4.mpq:DBFilesClient\CharSections.dbc,D:\Sirus\_client\World of Warcraft Sirus\Naga_Extract_2026-10-03\DiscoveredFromDBC\ByArchive\patch-p.mpq\character\NagaSirusHD\female\naga_femaleSkinExtraDK_04_04.blp
patch-p.mpq,character\NagaSirusHD\female\naga_femaleSkinExtra_05_00.blp,350724,167DE221E2CF739FB1CA1BC39737E0BB30FBCBE7,ruRU/patch-ruRU-4.mpq:DBFilesClient\CharSections.dbc,D:\Sirus\_client\World of Warcraft Sirus\Naga_Extract_2026-10-03\DiscoveredFromDBC\ByArchive\patch-p.mpq\character\NagaSirusHD\female\naga_femaleSkinExtra_05_00.blp
patch-p.mpq,character\NagaSirusHD\female\naga_femaleSkinExtra_05_01.blp,350724,049127987B0A83D93634AEB234FB7D167765E605,ruRU/patch-ruRU-4.mpq:DBFilesClient\CharSections.dbc,D:\Sirus\_client\World of Warcraft Sirus\Naga_Extract_2026-10-03\DiscoveredFromDBC\ByArchive\patch-p.mpq\character\NagaSirusHD\female\naga_femaleSkinExtra_05_01.blp
patch-p.mpq,character\NagaSirusHD\female\naga_femaleSkinExtra_05_02.blp,350724,11E1A3AD01494AE756F58DF17A3CF55C246BEC23,ruRU/patch-ruRU-4.mpq:DBFilesClient\CharSections.dbc,D:\Sirus\_client\World of Warcraft Sirus\Naga_Extract_2026-10-03\DiscoveredFromDBC\ByArchive\patch-p.mpq\character\NagaSirusHD\female\naga_femaleSkinExtra_05_02.blp
patch-p.mpq,character\NagaSirusHD\female\naga_femaleSkinExtra_05_03.blp,350724,39A6E87D46160923459C92A5ED286C4DEEF6D2CF,ruRU/patch-ruRU-4.mpq:DBFilesClient\CharSections.dbc,D:\Sirus\_client\World of Warcraft Sirus\Naga_Extract_2026-10-03\DiscoveredFromDBC\ByArchive\patch-p.mpq\character\NagaSirusHD\female\naga_femaleSkinExtra_05_03.blp
patch-p.mpq,character\NagaSirusHD\female\naga_femaleSkinExtra_05_04.blp,350724,A6E359388CA211D32DA82DDDA6573C3B57507724,ruRU/patch-ruRU-4.mpq:DBFilesClient\CharSections.dbc,D:\Sirus\_client\World of Warcraft Sirus\Naga_Extract_2026-10-03\DiscoveredFromDBC\ByArchive\patch-p.mpq\character\NagaSirusHD\female\naga_femaleSkinExtra_05_04.blp
patch-p.mpq,character\NagaSirusHD\female\naga_femaleSkinExtra_05_05.blp,350724,E0DCD7635515273C86A2EDA92F93D30CBE6AFD89,ruRU/patch-ruRU-4.mpq:DBFilesClient\CharSections.dbc,D:\Sirus\_client\World of Warcraft Sirus\Naga_Extract_2026-10-03\DiscoveredFromDBC\ByArchive\patch-p.mpq\character\NagaSirusHD\female\naga_femaleSkinExtra_05_05.blp
patch-p.mpq,character\NagaSirusHD\female\naga_femaleSkinExtra_05_06.blp,350724,136832CDE4EF7AD2D3F7DCD118A3353614F7EB4E,ruRU/patch-ruRU-4.mpq:DBFilesClient\CharSections.dbc,D:\Sirus\_client\World of Warcraft Sirus\Naga_Extract_2026-10-03\DiscoveredFromDBC\ByArchive\patch-p.mpq\character\NagaSirusHD\female\naga_femaleSkinExtra_05_06.blp
patch-p.mpq,character\NagaSirusHD\female\naga_femaleSkinExtra_05_07.blp,350724,9C696845079410411ED755CA903AEA8E64F708F9,ruRU/patch-ruRU-4.mpq:DBFilesClient\CharSections.dbc,D:\Sirus\_client\World of Warcraft Sirus\Naga_Extract_2026-10-03\DiscoveredFromDBC\ByArchive\patch-p.mpq\character\NagaSirusHD\female\naga_femaleSkinExtra_05_07.blp
patch-p.mpq,character\NagaSirusHD\female\naga_femaleSkinExtra_05_08.blp,350724,8480E3FAB8A21AEAE480783A4F20FCEFF80333AF,ruRU/patch-ruRU-4.mpq:DBFilesClient\CharSections.dbc,D:\Sirus\_client\World of Warcraft Sirus\Naga_Extract_2026-10-03\DiscoveredFromDBC\ByArchive\patch-p.mpq\character\NagaSirusHD\female\naga_femaleSkinExtra_05_08.blp
patch-p.mpq,character\NagaSirusHD\female\naga_femaleSkinExtra_05_09.blp,350724,6A1242AD1B078F7593B8FBC1B88134A5B33EEC62,ruRU/patch-ruRU-4.mpq:DBFilesClient\CharSections.dbc,D:\Sirus\_client\World of Warcraft Sirus\Naga_Extract_2026-10-03\DiscoveredFromDBC\ByArchive\patch-p.mpq\character\NagaSirusHD\female\naga_femaleSkinExtra_05_09.blp
patch-p.mpq,character\NagaSirusHD\female\naga_femaleSkinExtra_05_10.blp,350724,0EDB4914796920C1033C1C9008A32CA1F5400392,ruRU/patch-ruRU-4.mpq:DBFilesClient\CharSections.dbc,D:\Sirus\_client\World of Warcraft Sirus\Naga_Extract_2026-10-03\DiscoveredFromDBC\ByArchive\patch-p.mpq\character\NagaSirusHD\female\naga_femaleSkinExtra_05_10.blp
patch-p.mpq,character\NagaSirusHD\female\naga_femaleSkinExtra_05_11.blp,350724,7E9B06488BB54A2E5F50A5B671CD0914DD8FC495,ruRU/patch-ruRU-4.mpq:DBFilesClient\CharSections.dbc,D:\Sirus\_client\World of Warcraft Sirus\Naga_Extract_2026-10-03\DiscoveredFromDBC\ByArchive\patch-p.mpq\character\NagaSirusHD\female\naga_femaleSkinExtra_05_11.blp
patch-p.mpq,character\NagaSirusHD\female\naga_femaleSkinExtraDK_05_00.blp,350724,D2F607BCEEF36BAB3874B99E8E1D3C1183043B91,ruRU/patch-ruRU-4.mpq:DBFilesClient\CharSections.dbc,D:\Sirus\_client\World of Warcraft Sirus\Naga_Extract_2026-10-03\DiscoveredFromDBC\ByArchive\patch-p.mpq\character\NagaSirusHD\female\naga_femaleSkinExtraDK_05_00.blp
patch-p.mpq,character\NagaSirusHD\female\naga_femaleSkinExtraDK_05_01.blp,350724,D58004EA33EA950572CB4E3C93F591A6D8210134,ruRU/patch-ruRU-4.mpq:DBFilesClient\CharSections.dbc,D:\Sirus\_client\World of Warcraft Sirus\Naga_Extract_2026-10-03\DiscoveredFromDBC\ByArchive\patch-p.mpq\character\NagaSirusHD\female\naga_femaleSkinExtraDK_05_01.blp
patch-p.mpq,character\NagaSirusHD\female\naga_femaleSkinExtraDK_05_02.blp,350724,076542AE74A8C0E10EBA971CEF21D9CBF15825B2,ruRU/patch-ruRU-4.mpq:DBFilesClient\CharSections.dbc,D:\Sirus\_client\World of Warcraft Sirus\Naga_Extract_2026-10-03\DiscoveredFromDBC\ByArchive\patch-p.mpq\character\NagaSirusHD\female\naga_femaleSkinExtraDK_05_02.blp
patch-p.mpq,character\NagaSirusHD\female\naga_femaleSkinExtraDK_05_03.blp,350724,2D35D7DC18C9976E8C5754776F88F5764F489EE1,ruRU/patch-ruRU-4.mpq:DBFilesClient\CharSections.dbc,D:\Sirus\_client\World of Warcraft Sirus\Naga_Extract_2026-10-03\DiscoveredFromDBC\ByArchive\patch-p.mpq\character\NagaSirusHD\female\naga_femaleSkinExtraDK_05_03.blp
patch-p.mpq,character\NagaSirusHD\female\naga_femaleSkinExtraDK_05_04.blp,350724,812549FD12EC7A052D67A5E511310BEBD7A9C7D1,ruRU/patch-ruRU-4.mpq:DBFilesClient\CharSections.dbc,D:\Sirus\_client\World of Warcraft Sirus\Naga_Extract_2026-10-03\DiscoveredFromDBC\ByArchive\patch-p.mpq\character\NagaSirusHD\female\naga_femaleSkinExtraDK_05_04.blp
patch-p.mpq,character\NagaSirusHD\female\naga_femaleSkinExtra_06_00.blp,350724,9ED4CCB0187E3440A9D66501773F730839B3704C,ruRU/patch-ruRU-4.mpq:DBFilesClient\CharSections.dbc,D:\Sirus\_client\World of Warcraft Sirus\Naga_Extract_2026-10-03\DiscoveredFromDBC\ByArchive\patch-p.mpq\character\NagaSirusHD\female\naga_femaleSkinExtra_06_00.blp
patch-p.mpq,character\NagaSirusHD\female\naga_femaleSkinExtra_06_01.blp,350724,3D16A79FF499B35C964536022CDCAA006FAD7063,ruRU/patch-ruRU-4.mpq:DBFilesClient\CharSections.dbc,D:\Sirus\_client\World of Warcraft Sirus\Naga_Extract_2026-10-03\DiscoveredFromDBC\ByArchive\patch-p.mpq\character\NagaSirusHD\female\naga_femaleSkinExtra_06_01.blp
patch-p.mpq,character\NagaSirusHD\female\naga_femaleSkinExtra_06_02.blp,350724,A5A7FE8FA07897A0B6EAC2C9997BCE6224F646D9,ruRU/patch-ruRU-4.mpq:DBFilesClient\CharSections.dbc,D:\Sirus\_client\World of Warcraft Sirus\Naga_Extract_2026-10-03\DiscoveredFromDBC\ByArchive\patch-p.mpq\character\NagaSirusHD\female\naga_femaleSkinExtra_06_02.blp
patch-p.mpq,character\NagaSirusHD\female\naga_femaleSkinExtra_06_03.blp,350724,B16EB6C4795CAEE9A8E38A567C34E9ED3CA0FD55,ruRU/patch-ruRU-4.mpq:DBFilesClient\CharSections.dbc,D:\Sirus\_client\World of Warcraft Sirus\Naga_Extract_2026-10-03\DiscoveredFromDBC\ByArchive\patch-p.mpq\character\NagaSirusHD\female\naga_femaleSkinExtra_06_03.blp
patch-p.mpq,character\NagaSirusHD\female\naga_femaleSkinExtra_06_04.blp,350724,182099C8DB402EECCD6C2B03A4A2380CD6C4AEF0,ruRU/patch-ruRU-4.mpq:DBFilesClient\CharSections.dbc,D:\Sirus\_client\World of Warcraft Sirus\Naga_Extract_2026-10-03\DiscoveredFromDBC\ByArchive\patch-p.mpq\character\NagaSirusHD\female\naga_femaleSkinExtra_06_04.blp
patch-p.mpq,character\NagaSirusHD\female\naga_femaleSkinExtra_06_05.blp,350724,08034AB1BF4252263F76A002AFAEC691EA3778A1,ruRU/patch-ruRU-4.mpq:DBFilesClient\CharSections.dbc,D:\Sirus\_client\World of Warcraft Sirus\Naga_Extract_2026-10-03\DiscoveredFromDBC\ByArchive\patch-p.mpq\character\NagaSirusHD\female\naga_femaleSkinExtra_06_05.blp
patch-p.mpq,character\NagaSirusHD\female\naga_femaleSkinExtra_06_06.blp,350724,8D41C9F256B9ADD3CCFAD65DE67592F36330CB4E,ruRU/patch-ruRU-4.mpq:DBFilesClient\CharSections.dbc,D:\Sirus\_client\World of Warcraft Sirus\Naga_Extract_2026-10-03\DiscoveredFromDBC\ByArchive\patch-p.mpq\character\NagaSirusHD\female\naga_femaleSkinExtra_06_06.blp
patch-p.mpq,character\NagaSirusHD\female\naga_femaleSkinExtra_06_07.blp,350724,29F89EA29BCE5DD4E6BD675751109246FDB8B4DC,ruRU/patch-ruRU-4.mpq:DBFilesClient\CharSections.dbc,D:\Sirus\_client\World of Warcraft Sirus\Naga_Extract_2026-10-03\DiscoveredFromDBC\ByArchive\patch-p.mpq\character\NagaSirusHD\female\naga_femaleSkinExtra_06_07.blp
patch-p.mpq,character\NagaSirusHD\female\naga_femaleSkinExtra_06_08.blp,350724,34F89151DEDEFE6F8D026FF6A879FB04F8BEE0B8,ruRU/patch-ruRU-4.mpq:DBFilesClient\CharSections.dbc,D:\Sirus\_client\World of Warcraft Sirus\Naga_Extract_2026-10-03\DiscoveredFromDBC\ByArchive\patch-p.mpq\character\NagaSirusHD\female\naga_femaleSkinExtra_06_08.blp
patch-p.mpq,character\NagaSirusHD\female\naga_femaleSkinExtra_06_09.blp,350724,85EE44B7B33219D0697CC9A97A634523AB4FC214,ruRU/patch-ruRU-4.mpq:DBFilesClient\CharSections.dbc,D:\Sirus\_client\World of Warcraft Sirus\Naga_Extract_2026-10-03\DiscoveredFromDBC\ByArchive\patch-p.mpq\character\NagaSirusHD\female\naga_femaleSkinExtra_06_09.blp
patch-p.mpq,character\NagaSirusHD\female\naga_femaleSkinExtra_06_10.blp,350724,0F0530EF95AE3CC475B49EF6708E48FEDC031CAB,ruRU/patch-ruRU-4.mpq:DBFilesClient\CharSections.dbc,D:\Sirus\_client\World of Warcraft Sirus\Naga_Extract_2026-10-03\DiscoveredFromDBC\ByArchive\patch-p.mpq\character\NagaSirusHD\female\naga_femaleSkinExtra_06_10.blp
patch-p.mpq,character\NagaSirusHD\female\naga_femaleSkinExtra_06_11.blp,350724,4AD127CF8939466FE985F88A74CFE6924A0B298C,ruRU/patch-ruRU-4.mpq:DBFilesClient\CharSections.dbc,D:\Sirus\_client\World of Warcraft Sirus\Naga_Extract_2026-10-03\DiscoveredFromDBC\ByArchive\patch-p.mpq\character\NagaSirusHD\female\naga_femaleSkinExtra_06_11.blp
patch-p.mpq,character\NagaSirusHD\female\naga_femaleSkinExtraDK_06_00.blp,350724,CBC5A48ECDAE67BA70360B7376EEA0299B5B3462,ruRU/patch-ruRU-4.mpq:DBFilesClient\CharSections.dbc,D:\Sirus\_client\World of Warcraft Sirus\Naga_Extract_2026-10-03\DiscoveredFromDBC\ByArchive\patch-p.mpq\character\NagaSirusHD\female\naga_femaleSkinExtraDK_06_00.blp
patch-p.mpq,character\NagaSirusHD\female\naga_femaleSkinExtraDK_06_01.blp,350724,9124FC63D619D8C9A749DF4527DAE02528437AE7,ruRU/patch-ruRU-4.mpq:DBFilesClient\CharSections.dbc,D:\Sirus\_client\World of Warcraft Sirus\Naga_Extract_2026-10-03\DiscoveredFromDBC\ByArchive\patch-p.mpq\character\NagaSirusHD\female\naga_femaleSkinExtraDK_06_01.blp
patch-p.mpq,character\NagaSirusHD\female\naga_femaleSkinExtraDK_06_02.blp,350724,58C8F77D6228765D191B1B1CCB2B4CC94BD99421,ruRU/patch-ruRU-4.mpq:DBFilesClient\CharSections.dbc,D:\Sirus\_client\World of Warcraft Sirus\Naga_Extract_2026-10-03\DiscoveredFromDBC\ByArchive\patch-p.mpq\character\NagaSirusHD\female\naga_femaleSkinExtraDK_06_02.blp
patch-p.mpq,character\NagaSirusHD\female\naga_femaleSkinExtraDK_06_03.blp,350724,30E0AABF6210D3CACF70E9A5B74D4F57519EBAB8,ruRU/patch-ruRU-4.mpq:DBFilesClient\CharSections.dbc,D:\Sirus\_client\World of Warcraft Sirus\Naga_Extract_2026-10-03\DiscoveredFromDBC\ByArchive\patch-p.mpq\character\NagaSirusHD\female\naga_femaleSkinExtraDK_06_03.blp
patch-p.mpq,character\NagaSirusHD\female\naga_femaleSkinExtraDK_06_04.blp,350724,8C2E5AB20882FB4B838A563AB0BE1521927AC351,ruRU/patch-ruRU-4.mpq:DBFilesClient\CharSections.dbc,D:\Sirus\_client\World of Warcraft Sirus\Naga_Extract_2026-10-03\DiscoveredFromDBC\ByArchive\patch-p.mpq\character\NagaSirusHD\female\naga_femaleSkinExtraDK_06_04.blp
patch-p.mpq,character\NagaSirusHD\female\naga_femaleSkinExtra_07_00.blp,350724,76D9A7C95E89DFE326C3E3CD8E37E9B704A8F0BE,ruRU/patch-ruRU-4.mpq:DBFilesClient\CharSections.dbc,D:\Sirus\_client\World of Warcraft Sirus\Naga_Extract_2026-10-03\DiscoveredFromDBC\ByArchive\patch-p.mpq\character\NagaSirusHD\female\naga_femaleSkinExtra_07_00.blp
patch-p.mpq,character\NagaSirusHD\female\naga_femaleSkinExtra_07_01.blp,350724,3BB84848BBA45DFC67738AF88FD78D88258F6E98,ruRU/patch-ruRU-4.mpq:DBFilesClient\CharSections.dbc,D:\Sirus\_client\World of Warcraft Sirus\Naga_Extract_2026-10-03\DiscoveredFromDBC\ByArchive\patch-p.mpq\character\NagaSirusHD\female\naga_femaleSkinExtra_07_01.blp
patch-p.mpq,character\NagaSirusHD\female\naga_femaleSkinExtra_07_02.blp,350724,7CC7504640713A117176C7FB2DA893ACB157A510,ruRU/patch-ruRU-4.mpq:DBFilesClient\CharSections.dbc,D:\Sirus\_client\World of Warcraft Sirus\Naga_Extract_2026-10-03\DiscoveredFromDBC\ByArchive\patch-p.mpq\character\NagaSirusHD\female\naga_femaleSkinExtra_07_02.blp
patch-p.mpq,character\NagaSirusHD\female\naga_femaleSkinExtra_07_03.blp,350724,F7B392E9769585F75ABC528F9042741CC00DEDCF,ruRU/patch-ruRU-4.mpq:DBFilesClient\CharSections.dbc,D:\Sirus\_client\World of Warcraft Sirus\Naga_Extract_2026-10-03\DiscoveredFromDBC\ByArchive\patch-p.mpq\character\NagaSirusHD\female\naga_femaleSkinExtra_07_03.blp
patch-p.mpq,character\NagaSirusHD\female\naga_femaleSkinExtra_07_04.blp,350724,9777C832D44CDD9F1F24996E7CDD52205C9E6373,ruRU/patch-ruRU-4.mpq:DBFilesClient\CharSections.dbc,D:\Sirus\_client\World of Warcraft Sirus\Naga_Extract_2026-10-03\DiscoveredFromDBC\ByArchive\patch-p.mpq\character\NagaSirusHD\female\naga_femaleSkinExtra_07_04.blp
patch-p.mpq,character\NagaSirusHD\female\naga_femaleSkinExtra_07_05.blp,350724,9F4151514EAE39019A0BBDD772C473B7E97CC969,ruRU/patch-ruRU-4.mpq:DBFilesClient\CharSections.dbc,D:\Sirus\_client\World of Warcraft Sirus\Naga_Extract_2026-10-03\DiscoveredFromDBC\ByArchive\patch-p.mpq\character\NagaSirusHD\female\naga_femaleSkinExtra_07_05.blp
patch-p.mpq,character\NagaSirusHD\female\naga_femaleSkinExtra_07_06.blp,350724,BED744A180BBD584A4D84C8358A1E66819EA686F,ruRU/patch-ruRU-4.mpq:DBFilesClient\CharSections.dbc,D:\Sirus\_client\World of Warcraft Sirus\Naga_Extract_2026-10-03\DiscoveredFromDBC\ByArchive\patch-p.mpq\character\NagaSirusHD\female\naga_femaleSkinExtra_07_06.blp
patch-p.mpq,character\NagaSirusHD\female\naga_femaleSkinExtra_07_07.blp,350724,F35ECA3AABCE8BD8561B8BAFF865D7888433A7EA,ruRU/patch-ruRU-4.mpq:DBFilesClient\CharSections.dbc,D:\Sirus\_client\World of Warcraft Sirus\Naga_Extract_2026-10-03\DiscoveredFromDBC\ByArchive\patch-p.mpq\character\NagaSirusHD\female\naga_femaleSkinExtra_07_07.blp
patch-p.mpq,character\NagaSirusHD\female\naga_femaleSkinExtra_07_08.blp,350724,E1F8745902334C2CA9C82E5E1B98156EE661850E,ruRU/patch-ruRU-4.mpq:DBFilesClient\CharSections.dbc,D:\Sirus\_client\World of Warcraft Sirus\Naga_Extract_2026-10-03\DiscoveredFromDBC\ByArchive\patch-p.mpq\character\NagaSirusHD\female\naga_femaleSkinExtra_07_08.blp
patch-p.mpq,character\NagaSirusHD\female\naga_femaleSkinExtra_07_09.blp,350724,2D0FC7396610F9D04EC3D86653293C3EB5D577B4,ruRU/patch-ruRU-4.mpq:DBFilesClient\CharSections.dbc,D:\Sirus\_client\World of Warcraft Sirus\Naga_Extract_2026-10-03\DiscoveredFromDBC\ByArchive\patch-p.mpq\character\NagaSirusHD\female\naga_femaleSkinExtra_07_09.blp
patch-p.mpq,character\NagaSirusHD\female\naga_femaleSkinExtra_07_10.blp,350724,1F45F87D737CA4EF38BB859D20A6E9F413C5557B,ruRU/patch-ruRU-4.mpq:DBFilesClient\CharSections.dbc,D:\Sirus\_client\World of Warcraft Sirus\Naga_Extract_2026-10-03\DiscoveredFromDBC\ByArchive\patch-p.mpq\character\NagaSirusHD\female\naga_femaleSkinExtra_07_10.blp
patch-p.mpq,character\NagaSirusHD\female\naga_femaleSkinExtra_07_11.blp,350724,1DCCCDD3C65E24BADFE29931B0C440C026DE2F9E,ruRU/patch-ruRU-4.mpq:DBFilesClient\CharSections.dbc,D:\Sirus\_client\World of Warcraft Sirus\Naga_Extract_2026-10-03\DiscoveredFromDBC\ByArchive\patch-p.mpq\character\NagaSirusHD\female\naga_femaleSkinExtra_07_11.blp
patch-p.mpq,character\NagaSirusHD\female\naga_femaleSkinExtraDK_07_00.blp,350724,FB667AE0EF728A4628F21B42A041651DC4362B92,ruRU/patch-ruRU-4.mpq:DBFilesClient\CharSections.dbc,D:\Sirus\_client\World of Warcraft Sirus\Naga_Extract_2026-10-03\DiscoveredFromDBC\ByArchive\patch-p.mpq\character\NagaSirusHD\female\naga_femaleSkinExtraDK_07_00.blp
patch-p.mpq,character\NagaSirusHD\female\naga_femaleSkinExtraDK_07_01.blp,350724,283D2091C943343C256CE298555DE78F577846DD,ruRU/patch-ruRU-4.mpq:DBFilesClient\CharSections.dbc,D:\Sirus\_client\World of Warcraft Sirus\Naga_Extract_2026-10-03\DiscoveredFromDBC\ByArchive\patch-p.mpq\character\NagaSirusHD\female\naga_femaleSkinExtraDK_07_01.blp
patch-p.mpq,character\NagaSirusHD\female\naga_femaleSkinExtraDK_07_02.blp,350724,7294C3497185232EABEBCE1CB7A1B4BF9E566DD9,ruRU/patch-ruRU-4.mpq:DBFilesClient\CharSections.dbc,D:\Sirus\_client\World of Warcraft Sirus\Naga_Extract_2026-10-03\DiscoveredFromDBC\ByArchive\patch-p.mpq\character\NagaSirusHD\female\naga_femaleSkinExtraDK_07_02.blp
patch-p.mpq,character\NagaSirusHD\female\naga_femaleSkinExtraDK_07_03.blp,350724,0E6785F8EEAE475EF42CAB4B81BBDB378F342618,ruRU/patch-ruRU-4.mpq:DBFilesClient\CharSections.dbc,D:\Sirus\_client\World of Warcraft Sirus\Naga_Extract_2026-10-03\DiscoveredFromDBC\ByArchive\patch-p.mpq\character\NagaSirusHD\female\naga_femaleSkinExtraDK_07_03.blp
patch-p.mpq,character\NagaSirusHD\female\naga_femaleSkinExtraDK_07_04.blp,350724,6A6C690D7BCBFCA62C04AF382150D46E9D1D1B61,ruRU/patch-ruRU-4.mpq:DBFilesClient\CharSections.dbc,D:\Sirus\_client\World of Warcraft Sirus\Naga_Extract_2026-10-03\DiscoveredFromDBC\ByArchive\patch-p.mpq\character\NagaSirusHD\female\naga_femaleSkinExtraDK_07_04.blp
patch-p.mpq,character\NagaSirusHD\female\naga_femaleSkinExtra_08_00.blp,350724,38138928E596DAD220C8F75DE0743D95C5562069,ruRU/patch-ruRU-4.mpq:DBFilesClient\CharSections.dbc,D:\Sirus\_client\World of Warcraft Sirus\Naga_Extract_2026-10-03\DiscoveredFromDBC\ByArchive\patch-p.mpq\character\NagaSirusHD\female\naga_femaleSkinExtra_08_00.blp
patch-p.mpq,character\NagaSirusHD\female\naga_femaleSkinExtra_08_01.blp,350724,9E02FD393B61713B5821DE4E72A8EAF304463914,ruRU/patch-ruRU-4.mpq:DBFilesClient\CharSections.dbc,D:\Sirus\_client\World of Warcraft Sirus\Naga_Extract_2026-10-03\DiscoveredFromDBC\ByArchive\patch-p.mpq\character\NagaSirusHD\female\naga_femaleSkinExtra_08_01.blp
patch-p.mpq,character\NagaSirusHD\female\naga_femaleSkinExtra_08_02.blp,350724,C156530E50E52B94B80ADC26E46CF22DB6393796,ruRU/patch-ruRU-4.mpq:DBFilesClient\CharSections.dbc,D:\Sirus\_client\World of Warcraft Sirus\Naga_Extract_2026-10-03\DiscoveredFromDBC\ByArchive\patch-p.mpq\character\NagaSirusHD\female\naga_femaleSkinExtra_08_02.blp
patch-p.mpq,character\NagaSirusHD\female\naga_femaleSkinExtra_08_03.blp,350724,C4B33E7BC520EC118163864F444F59CB16B19FFD,ruRU/patch-ruRU-4.mpq:DBFilesClient\CharSections.dbc,D:\Sirus\_client\World of Warcraft Sirus\Naga_Extract_2026-10-03\DiscoveredFromDBC\ByArchive\patch-p.mpq\character\NagaSirusHD\female\naga_femaleSkinExtra_08_03.blp
patch-p.mpq,character\NagaSirusHD\female\naga_femaleSkinExtra_08_04.blp,350724,CB1350D87CA6464AAD4926E0711D4EBFF69D9236,ruRU/patch-ruRU-4.mpq:DBFilesClient\CharSections.dbc,D:\Sirus\_client\World of Warcraft Sirus\Naga_Extract_2026-10-03\DiscoveredFromDBC\ByArchive\patch-p.mpq\character\NagaSirusHD\female\naga_femaleSkinExtra_08_04.blp
patch-p.mpq,character\NagaSirusHD\female\naga_femaleSkinExtra_08_05.blp,350724,8FDEE072F4CC6FCECE77F25C8D2308F7C6521D37,ruRU/patch-ruRU-4.mpq:DBFilesClient\CharSections.dbc,D:\Sirus\_client\World of Warcraft Sirus\Naga_Extract_2026-10-03\DiscoveredFromDBC\ByArchive\patch-p.mpq\character\NagaSirusHD\female\naga_femaleSkinExtra_08_05.blp
patch-p.mpq,character\NagaSirusHD\female\naga_femaleSkinExtra_08_06.blp,350724,8AE5E5B5F476B9579D8DD495264233B8050FF81E,ruRU/patch-ruRU-4.mpq:DBFilesClient\CharSections.dbc,D:\Sirus\_client\World of Warcraft Sirus\Naga_Extract_2026-10-03\DiscoveredFromDBC\ByArchive\patch-p.mpq\character\NagaSirusHD\female\naga_femaleSkinExtra_08_06.blp
patch-p.mpq,character\NagaSirusHD\female\naga_femaleSkinExtra_08_07.blp,350724,48046155448199DFEA2C4D4A2A583C8EBA6D35D8,ruRU/patch-ruRU-4.mpq:DBFilesClient\CharSections.dbc,D:\Sirus\_client\World of Warcraft Sirus\Naga_Extract_2026-10-03\DiscoveredFromDBC\ByArchive\patch-p.mpq\character\NagaSirusHD\female\naga_femaleSkinExtra_08_07.blp
patch-p.mpq,character\NagaSirusHD\female\naga_femaleSkinExtra_08_08.blp,350724,122E36BEE72A867DC19DE864A8B82843602927CC,ruRU/patch-ruRU-4.mpq:DBFilesClient\CharSections.dbc,D:\Sirus\_client\World of Warcraft Sirus\Naga_Extract_2026-10-03\DiscoveredFromDBC\ByArchive\patch-p.mpq\character\NagaSirusHD\female\naga_femaleSkinExtra_08_08.blp
patch-p.mpq,character\NagaSirusHD\female\naga_femaleSkinExtra_08_09.blp,350724,EF1B462E7E2C7FC5B2A68946F81971C3D872694E,ruRU/patch-ruRU-4.mpq:DBFilesClient\CharSections.dbc,D:\Sirus\_client\World of Warcraft Sirus\Naga_Extract_2026-10-03\DiscoveredFromDBC\ByArchive\patch-p.mpq\character\NagaSirusHD\female\naga_femaleSkinExtra_08_09.blp
patch-p.mpq,character\NagaSirusHD\female\naga_femaleSkinExtra_08_10.blp,350724,2333074FE9ED2F514898E41259FDC21BFDEC6853,ruRU/patch-ruRU-4.mpq:DBFilesClient\CharSections.dbc,D:\Sirus\_client\World of Warcraft Sirus\Naga_Extract_2026-10-03\DiscoveredFromDBC\ByArchive\patch-p.mpq\character\NagaSirusHD\female\naga_femaleSkinExtra_08_10.blp
patch-p.mpq,character\NagaSirusHD\female\naga_femaleSkinExtra_08_11.blp,350724,005C6C53113D0A69C67EE3EB3C16D4803387DE97,ruRU/patch-ruRU-4.mpq:DBFilesClient\CharSections.dbc,D:\Sirus\_client\World of Warcraft Sirus\Naga_Extract_2026-10-03\DiscoveredFromDBC\ByArchive\patch-p.mpq\character\NagaSirusHD\female\naga_femaleSkinExtra_08_11.blp
patch-p.mpq,character\NagaSirusHD\female\naga_femaleSkinExtraDK_08_00.blp,350724,61B35D3B29F33E7E6FEBACFF346B5070622D544D,ruRU/patch-ruRU-4.mpq:DBFilesClient\CharSections.dbc,D:\Sirus\_client\World of Warcraft Sirus\Naga_Extract_2026-10-03\DiscoveredFromDBC\ByArchive\patch-p.mpq\character\NagaSirusHD\female\naga_femaleSkinExtraDK_08_00.blp
patch-p.mpq,character\NagaSirusHD\female\naga_femaleSkinExtraDK_08_01.blp,350724,4B07E4D879BA1C9F062F402DDE4DE1F055CA78AF,ruRU/patch-ruRU-4.mpq:DBFilesClient\CharSections.dbc,D:\Sirus\_client\World of Warcraft Sirus\Naga_Extract_2026-10-03\DiscoveredFromDBC\ByArchive\patch-p.mpq\character\NagaSirusHD\female\naga_femaleSkinExtraDK_08_01.blp
patch-p.mpq,character\NagaSirusHD\female\naga_femaleSkinExtraDK_08_02.blp,350724,F2BFFBCE1F9DF431325DE2700680F9B4591B0861,ruRU/patch-ruRU-4.mpq:DBFilesClient\CharSections.dbc,D:\Sirus\_client\World of Warcraft Sirus\Naga_Extract_2026-10-03\DiscoveredFromDBC\ByArchive\patch-p.mpq\character\NagaSirusHD\female\naga_femaleSkinExtraDK_08_02.blp
patch-p.mpq,character\NagaSirusHD\female\naga_femaleSkinExtraDK_08_03.blp,350724,005736B1E1F1E458C47FB56FBE97E9B985A14056,ruRU/patch-ruRU-4.mpq:DBFilesClient\CharSections.dbc,D:\Sirus\_client\World of Warcraft Sirus\Naga_Extract_2026-10-03\DiscoveredFromDBC\ByArchive\patch-p.mpq\character\NagaSirusHD\female\naga_femaleSkinExtraDK_08_03.blp
patch-p.mpq,character\NagaSirusHD\female\naga_femaleSkinExtraDK_08_04.blp,350724,91832BB99732950CE793C813C5C0DB488E44D9EE,ruRU/patch-ruRU-4.mpq:DBFilesClient\CharSections.dbc,D:\Sirus\_client\World of Warcraft Sirus\Naga_Extract_2026-10-03\DiscoveredFromDBC\ByArchive\patch-p.mpq\character\NagaSirusHD\female\naga_femaleSkinExtraDK_08_04.blp
patch-p.mpq,character\NagaSirusHD\female\naga_femaleSkinExtra_09_00.blp,350724,2325E3C9E29D44CBC7D533BA858DC8C8F48BB57B,ruRU/patch-ruRU-4.mpq:DBFilesClient\CharSections.dbc,D:\Sirus\_client\World of Warcraft Sirus\Naga_Extract_2026-10-03\DiscoveredFromDBC\ByArchive\patch-p.mpq\character\NagaSirusHD\female\naga_femaleSkinExtra_09_00.blp
patch-p.mpq,character\NagaSirusHD\female\naga_femaleSkinExtra_09_01.blp,350724,32FE04C589AD467D78712131A447820B712999ED,ruRU/patch-ruRU-4.mpq:DBFilesClient\CharSections.dbc,D:\Sirus\_client\World of Warcraft Sirus\Naga_Extract_2026-10-03\DiscoveredFromDBC\ByArchive\patch-p.mpq\character\NagaSirusHD\female\naga_femaleSkinExtra_09_01.blp
patch-p.mpq,character\NagaSirusHD\female\naga_femaleSkinExtra_09_02.blp,350724,3A9A0B3170CC0C3678E772F858AD198A2FF3DF3B,ruRU/patch-ruRU-4.mpq:DBFilesClient\CharSections.dbc,D:\Sirus\_client\World of Warcraft Sirus\Naga_Extract_2026-10-03\DiscoveredFromDBC\ByArchive\patch-p.mpq\character\NagaSirusHD\female\naga_femaleSkinExtra_09_02.blp
patch-p.mpq,character\NagaSirusHD\female\naga_femaleSkinExtra_09_03.blp,350724,B53654D39F15188B0E6501DF156F85493D0223B4,ruRU/patch-ruRU-4.mpq:DBFilesClient\CharSections.dbc,D:\Sirus\_client\World of Warcraft Sirus\Naga_Extract_2026-10-03\DiscoveredFromDBC\ByArchive\patch-p.mpq\character\NagaSirusHD\female\naga_femaleSkinExtra_09_03.blp
patch-p.mpq,character\NagaSirusHD\female\naga_femaleSkinExtra_09_04.blp,350724,A45EE7389AA9884F778D14CAE70DA05346EB16BB,ruRU/patch-ruRU-4.mpq:DBFilesClient\CharSections.dbc,D:\Sirus\_client\World of Warcraft Sirus\Naga_Extract_2026-10-03\DiscoveredFromDBC\ByArchive\patch-p.mpq\character\NagaSirusHD\female\naga_femaleSkinExtra_09_04.blp
patch-p.mpq,character\NagaSirusHD\female\naga_femaleSkinExtra_09_05.blp,350724,D52EF5ACF01932C19FF1C08263066BDB36D42883,ruRU/patch-ruRU-4.mpq:DBFilesClient\CharSections.dbc,D:\Sirus\_client\World of Warcraft Sirus\Naga_Extract_2026-10-03\DiscoveredFromDBC\ByArchive\patch-p.mpq\character\NagaSirusHD\female\naga_femaleSkinExtra_09_05.blp
patch-p.mpq,character\NagaSirusHD\female\naga_femaleSkinExtra_09_06.blp,350724,C789DB8A3091BC27B7FE9BC2670CF62647137840,ruRU/patch-ruRU-4.mpq:DBFilesClient\CharSections.dbc,D:\Sirus\_client\World of Warcraft Sirus\Naga_Extract_2026-10-03\DiscoveredFromDBC\ByArchive\patch-p.mpq\character\NagaSirusHD\female\naga_femaleSkinExtra_09_06.blp
patch-p.mpq,character\NagaSirusHD\female\naga_femaleSkinExtra_09_07.blp,350724,81F18DA43A24DCF84F4AE46D29A33EEBBA2B2988,ruRU/patch-ruRU-4.mpq:DBFilesClient\CharSections.dbc,D:\Sirus\_client\World of Warcraft Sirus\Naga_Extract_2026-10-03\DiscoveredFromDBC\ByArchive\patch-p.mpq\character\NagaSirusHD\female\naga_femaleSkinExtra_09_07.blp
patch-p.mpq,character\NagaSirusHD\female\naga_femaleSkinExtra_09_08.blp,350724,DF9CA442C64241358F3C2598095C02571047F993,ruRU/patch-ruRU-4.mpq:DBFilesClient\CharSections.dbc,D:\Sirus\_client\World of Warcraft Sirus\Naga_Extract_2026-10-03\DiscoveredFromDBC\ByArchive\patch-p.mpq\character\NagaSirusHD\female\naga_femaleSkinExtra_09_08.blp
patch-p.mpq,character\NagaSirusHD\female\naga_femaleSkinExtra_09_09.blp,350724,0AD23F341941011680346984710BD393229A7869,ruRU/patch-ruRU-4.mpq:DBFilesClient\CharSections.dbc,D:\Sirus\_client\World of Warcraft Sirus\Naga_Extract_2026-10-03\DiscoveredFromDBC\ByArchive\patch-p.mpq\character\NagaSirusHD\female\naga_femaleSkinExtra_09_09.blp
patch-p.mpq,character\NagaSirusHD\female\naga_femaleSkinExtra_09_10.blp,350724,0E5459F8D1A2A81981452A3AF2FBA35B4088C91A,ruRU/patch-ruRU-4.mpq:DBFilesClient\CharSections.dbc,D:\Sirus\_client\World of Warcraft Sirus\Naga_Extract_2026-10-03\DiscoveredFromDBC\ByArchive\patch-p.mpq\character\NagaSirusHD\female\naga_femaleSkinExtra_09_10.blp
patch-p.mpq,character\NagaSirusHD\female\naga_femaleSkinExtra_09_11.blp,350724,048D559CA79772ABF49B6179E312C4D74970A241,ruRU/patch-ruRU-4.mpq:DBFilesClient\CharSections.dbc,D:\Sirus\_client\World of Warcraft Sirus\Naga_Extract_2026-10-03\DiscoveredFromDBC\ByArchive\patch-p.mpq\character\NagaSirusHD\female\naga_femaleSkinExtra_09_11.blp
patch-p.mpq,character\NagaSirusHD\female\naga_femaleSkinExtraDK_09_00.blp,350724,14C517E27DA3052A546CB03C89FA11843A3ADF79,ruRU/patch-ruRU-4.mpq:DBFilesClient\CharSections.dbc,D:\Sirus\_client\World of Warcraft Sirus\Naga_Extract_2026-10-03\DiscoveredFromDBC\ByArchive\patch-p.mpq\character\NagaSirusHD\female\naga_femaleSkinExtraDK_09_00.blp
patch-p.mpq,character\NagaSirusHD\female\naga_femaleSkinExtraDK_09_01.blp,350724,1B6E821CE79017182A3077683B25989D2D36A8BB,ruRU/patch-ruRU-4.mpq:DBFilesClient\CharSections.dbc,D:\Sirus\_client\World of Warcraft Sirus\Naga_Extract_2026-10-03\DiscoveredFromDBC\ByArchive\patch-p.mpq\character\NagaSirusHD\female\naga_femaleSkinExtraDK_09_01.blp
patch-p.mpq,character\NagaSirusHD\female\naga_femaleSkinExtraDK_09_02.blp,350724,D8276B9024C20B313A6BE945682A6EE649D4BE54,ruRU/patch-ruRU-4.mpq:DBFilesClient\CharSections.dbc,D:\Sirus\_client\World of Warcraft Sirus\Naga_Extract_2026-10-03\DiscoveredFromDBC\ByArchive\patch-p.mpq\character\NagaSirusHD\female\naga_femaleSkinExtraDK_09_02.blp
patch-p.mpq,character\NagaSirusHD\female\naga_femaleSkinExtraDK_09_03.blp,350724,49AE15C43CBED834ABCBE4A1201BE76B17673C6B,ruRU/patch-ruRU-4.mpq:DBFilesClient\CharSections.dbc,D:\Sirus\_client\World of Warcraft Sirus\Naga_Extract_2026-10-03\DiscoveredFromDBC\ByArchive\patch-p.mpq\character\NagaSirusHD\female\naga_femaleSkinExtraDK_09_03.blp
patch-p.mpq,character\NagaSirusHD\female\naga_femaleSkinExtraDK_09_04.blp,350724,3F1E9DE77F70736C2684B88A664BE36B90A5C05A,ruRU/patch-ruRU-4.mpq:DBFilesClient\CharSections.dbc,D:\Sirus\_client\World of Warcraft Sirus\Naga_Extract_2026-10-03\DiscoveredFromDBC\ByArchive\patch-p.mpq\character\NagaSirusHD\female\naga_femaleSkinExtraDK_09_04.blp
patch-p.mpq,character\NagaSirusHD\female\naga_femaleSkinExtra_10_00.blp,350724,1D99955011AE3D9DCE3381DDB07C3E57B70BD350,ruRU/patch-ruRU-4.mpq:DBFilesClient\CharSections.dbc,D:\Sirus\_client\World of Warcraft Sirus\Naga_Extract_2026-10-03\DiscoveredFromDBC\ByArchive\patch-p.mpq\character\NagaSirusHD\female\naga_femaleSkinExtra_10_00.blp
patch-p.mpq,character\NagaSirusHD\female\naga_femaleSkinExtra_10_01.blp,350724,8F4A6E000EE9CB5A2BA7BE6400511B02AC6C1F0F,ruRU/patch-ruRU-4.mpq:DBFilesClient\CharSections.dbc,D:\Sirus\_client\World of Warcraft Sirus\Naga_Extract_2026-10-03\DiscoveredFromDBC\ByArchive\patch-p.mpq\character\NagaSirusHD\female\naga_femaleSkinExtra_10_01.blp
patch-p.mpq,character\NagaSirusHD\female\naga_femaleSkinExtra_10_02.blp,350724,732D392E1ED35018292D96D27A61AFF1A91D4796,ruRU/patch-ruRU-4.mpq:DBFilesClient\CharSections.dbc,D:\Sirus\_client\World of Warcraft Sirus\Naga_Extract_2026-10-03\DiscoveredFromDBC\ByArchive\patch-p.mpq\character\NagaSirusHD\female\naga_femaleSkinExtra_10_02.blp
patch-p.mpq,character\NagaSirusHD\female\naga_femaleSkinExtra_10_03.blp,350724,313F0FD7E90FE552FF4D8CE178DB6E0B0031CDC8,ruRU/patch-ruRU-4.mpq:DBFilesClient\CharSections.dbc,D:\Sirus\_client\World of Warcraft Sirus\Naga_Extract_2026-10-03\DiscoveredFromDBC\ByArchive\patch-p.mpq\character\NagaSirusHD\female\naga_femaleSkinExtra_10_03.blp
patch-p.mpq,character\NagaSirusHD\female\naga_femaleSkinExtra_10_04.blp,350724,72541C68463382E7B5F8AC31D420BA1AB03CDAB5,ruRU/patch-ruRU-4.mpq:DBFilesClient\CharSections.dbc,D:\Sirus\_client\World of Warcraft Sirus\Naga_Extract_2026-10-03\DiscoveredFromDBC\ByArchive\patch-p.mpq\character\NagaSirusHD\female\naga_femaleSkinExtra_10_04.blp
patch-p.mpq,character\NagaSirusHD\female\naga_femaleSkinExtra_10_05.blp,350724,09BC53DE984A6710C2D4CFDFD69E834B2A97AE07,ruRU/patch-ruRU-4.mpq:DBFilesClient\CharSections.dbc,D:\Sirus\_client\World of Warcraft Sirus\Naga_Extract_2026-10-03\DiscoveredFromDBC\ByArchive\patch-p.mpq\character\NagaSirusHD\female\naga_femaleSkinExtra_10_05.blp
patch-p.mpq,character\NagaSirusHD\female\naga_femaleSkinExtra_10_06.blp,350724,E3D581F25F189DFD4CD2EED587A1A51D69FBC989,ruRU/patch-ruRU-4.mpq:DBFilesClient\CharSections.dbc,D:\Sirus\_client\World of Warcraft Sirus\Naga_Extract_2026-10-03\DiscoveredFromDBC\ByArchive\patch-p.mpq\character\NagaSirusHD\female\naga_femaleSkinExtra_10_06.blp
patch-p.mpq,character\NagaSirusHD\female\naga_femaleSkinExtra_10_07.blp,350724,3EE9536610FA47A8B58C83FECB4F76A9CA8AD73E,ruRU/patch-ruRU-4.mpq:DBFilesClient\CharSections.dbc,D:\Sirus\_client\World of Warcraft Sirus\Naga_Extract_2026-10-03\DiscoveredFromDBC\ByArchive\patch-p.mpq\character\NagaSirusHD\female\naga_femaleSkinExtra_10_07.blp
patch-p.mpq,character\NagaSirusHD\female\naga_femaleSkinExtra_10_08.blp,350724,235C406E3DEBD9119EE1DAE3411D587607919F74,ruRU/patch-ruRU-4.mpq:DBFilesClient\CharSections.dbc,D:\Sirus\_client\World of Warcraft Sirus\Naga_Extract_2026-10-03\DiscoveredFromDBC\ByArchive\patch-p.mpq\character\NagaSirusHD\female\naga_femaleSkinExtra_10_08.blp
patch-p.mpq,character\NagaSirusHD\female\naga_femaleSkinExtra_10_09.blp,350724,89BF569B1F166AEA19A432F196A3E471F6F4825F,ruRU/patch-ruRU-4.mpq:DBFilesClient\CharSections.dbc,D:\Sirus\_client\World of Warcraft Sirus\Naga_Extract_2026-10-03\DiscoveredFromDBC\ByArchive\patch-p.mpq\character\NagaSirusHD\female\naga_femaleSkinExtra_10_09.blp
patch-p.mpq,character\NagaSirusHD\female\naga_femaleSkinExtra_10_10.blp,350724,65043F8F1FFB8A1877AAA0CBE1A0ECD9AF49B8EC,ruRU/patch-ruRU-4.mpq:DBFilesClient\CharSections.dbc,D:\Sirus\_client\World of Warcraft Sirus\Naga_Extract_2026-10-03\DiscoveredFromDBC\ByArchive\patch-p.mpq\character\NagaSirusHD\female\naga_femaleSkinExtra_10_10.blp
patch-p.mpq,character\NagaSirusHD\female\naga_femaleSkinExtra_10_11.blp,350724,474DBF06517C4478A6E9CDE3FF93D9AADAF6FC99,ruRU/patch-ruRU-4.mpq:DBFilesClient\CharSections.dbc,D:\Sirus\_client\World of Warcraft Sirus\Naga_Extract_2026-10-03\DiscoveredFromDBC\ByArchive\patch-p.mpq\character\NagaSirusHD\female\naga_femaleSkinExtra_10_11.blp
patch-p.mpq,character\NagaSirusHD\female\naga_femaleSkinExtraDK_10_00.blp,350724,EC8ED834A6781A64BFD3682258924699C058A056,ruRU/patch-ruRU-4.mpq:DBFilesClient\CharSections.dbc,D:\Sirus\_client\World of Warcraft Sirus\Naga_Extract_2026-10-03\DiscoveredFromDBC\ByArchive\patch-p.mpq\character\NagaSirusHD\female\naga_femaleSkinExtraDK_10_00.blp
patch-p.mpq,character\NagaSirusHD\female\naga_femaleSkinExtraDK_10_01.blp,350724,AC3314BC684D9B2D6CE0A95A75E7323429DE543D,ruRU/patch-ruRU-4.mpq:DBFilesClient\CharSections.dbc,D:\Sirus\_client\World of Warcraft Sirus\Naga_Extract_2026-10-03\DiscoveredFromDBC\ByArchive\patch-p.mpq\character\NagaSirusHD\female\naga_femaleSkinExtraDK_10_01.blp
patch-p.mpq,character\NagaSirusHD\female\naga_femaleSkinExtraDK_10_02.blp,350724,C5CFA487FDE8FA35AD32C7F4454E24FE43D39AD5,ruRU/patch-ruRU-4.mpq:DBFilesClient\CharSections.dbc,D:\Sirus\_client\World of Warcraft Sirus\Naga_Extract_2026-10-03\DiscoveredFromDBC\ByArchive\patch-p.mpq\character\NagaSirusHD\female\naga_femaleSkinExtraDK_10_02.blp
patch-p.mpq,character\NagaSirusHD\female\naga_femaleSkinExtraDK_10_03.blp,350724,B2EA4CF1A51A28512E144398C288BDE3E1D4A266,ruRU/patch-ruRU-4.mpq:DBFilesClient\CharSections.dbc,D:\Sirus\_client\World of Warcraft Sirus\Naga_Extract_2026-10-03\DiscoveredFromDBC\ByArchive\patch-p.mpq\character\NagaSirusHD\female\naga_femaleSkinExtraDK_10_03.blp
patch-p.mpq,character\NagaSirusHD\female\naga_femaleSkinExtraDK_10_04.blp,350724,53055CFB4FEA98F7863FC7B743A5A22E37F7962C,ruRU/patch-ruRU-4.mpq:DBFilesClient\CharSections.dbc,D:\Sirus\_client\World of Warcraft Sirus\Naga_Extract_2026-10-03\DiscoveredFromDBC\ByArchive\patch-p.mpq\character\NagaSirusHD\female\naga_femaleSkinExtraDK_10_04.blp
patch-p.mpq,character\NagaSirusHD\female\naga_femaleSkinExtra_11_00.blp,350724,1372B9CCD81C0BB4B758B3B717EC052168C0F3D2,ruRU/patch-ruRU-4.mpq:DBFilesClient\CharSections.dbc,D:\Sirus\_client\World of Warcraft Sirus\Naga_Extract_2026-10-03\DiscoveredFromDBC\ByArchive\patch-p.mpq\character\NagaSirusHD\female\naga_femaleSkinExtra_11_00.blp
patch-p.mpq,character\NagaSirusHD\female\naga_femaleSkinExtra_11_01.blp,350724,D8DDC135FA071C34D5204F9C523CA0F56FB70532,ruRU/patch-ruRU-4.mpq:DBFilesClient\CharSections.dbc,D:\Sirus\_client\World of Warcraft Sirus\Naga_Extract_2026-10-03\DiscoveredFromDBC\ByArchive\patch-p.mpq\character\NagaSirusHD\female\naga_femaleSkinExtra_11_01.blp
patch-p.mpq,character\NagaSirusHD\female\naga_femaleSkinExtra_11_02.blp,350724,D65C4866D5A736AC95CE9A72724EC315EE957487,ruRU/patch-ruRU-4.mpq:DBFilesClient\CharSections.dbc,D:\Sirus\_client\World of Warcraft Sirus\Naga_Extract_2026-10-03\DiscoveredFromDBC\ByArchive\patch-p.mpq\character\NagaSirusHD\female\naga_femaleSkinExtra_11_02.blp
patch-p.mpq,character\NagaSirusHD\female\naga_femaleSkinExtra_11_03.blp,350724,C61E555FFE1436A6802BC16AECD9BC2EE294DB31,ruRU/patch-ruRU-4.mpq:DBFilesClient\CharSections.dbc,D:\Sirus\_client\World of Warcraft Sirus\Naga_Extract_2026-10-03\DiscoveredFromDBC\ByArchive\patch-p.mpq\character\NagaSirusHD\female\naga_femaleSkinExtra_11_03.blp
patch-p.mpq,character\NagaSirusHD\female\naga_femaleSkinExtra_11_04.blp,350724,1896336194C4292F617755A98D98D7F429DF7C09,ruRU/patch-ruRU-4.mpq:DBFilesClient\CharSections.dbc,D:\Sirus\_client\World of Warcraft Sirus\Naga_Extract_2026-10-03\DiscoveredFromDBC\ByArchive\patch-p.mpq\character\NagaSirusHD\female\naga_femaleSkinExtra_11_04.blp
patch-p.mpq,character\NagaSirusHD\female\naga_femaleSkinExtra_11_05.blp,350724,5F880E323D65E89BC5B45314CE2F8C0410CF1B34,ruRU/patch-ruRU-4.mpq:DBFilesClient\CharSections.dbc,D:\Sirus\_client\World of Warcraft Sirus\Naga_Extract_2026-10-03\DiscoveredFromDBC\ByArchive\patch-p.mpq\character\NagaSirusHD\female\naga_femaleSkinExtra_11_05.blp
patch-p.mpq,character\NagaSirusHD\female\naga_femaleSkinExtra_11_06.blp,350724,AEC76B5AE405F4A44462F252A3C3B0DE77A9BFA3,ruRU/patch-ruRU-4.mpq:DBFilesClient\CharSections.dbc,D:\Sirus\_client\World of Warcraft Sirus\Naga_Extract_2026-10-03\DiscoveredFromDBC\ByArchive\patch-p.mpq\character\NagaSirusHD\female\naga_femaleSkinExtra_11_06.blp
patch-p.mpq,character\NagaSirusHD\female\naga_femaleSkinExtra_11_07.blp,350724,2061C2CF0ECD154CE2A85DB9788F5879082BF6AF,ruRU/patch-ruRU-4.mpq:DBFilesClient\CharSections.dbc,D:\Sirus\_client\World of Warcraft Sirus\Naga_Extract_2026-10-03\DiscoveredFromDBC\ByArchive\patch-p.mpq\character\NagaSirusHD\female\naga_femaleSkinExtra_11_07.blp
patch-p.mpq,character\NagaSirusHD\female\naga_femaleSkinExtra_11_08.blp,350724,0E9FE42CDA832192851976D2FF9EEB49CCDBE94A,ruRU/patch-ruRU-4.mpq:DBFilesClient\CharSections.dbc,D:\Sirus\_client\World of Warcraft Sirus\Naga_Extract_2026-10-03\DiscoveredFromDBC\ByArchive\patch-p.mpq\character\NagaSirusHD\female\naga_femaleSkinExtra_11_08.blp
patch-p.mpq,character\NagaSirusHD\female\naga_femaleSkinExtra_11_09.blp,350724,59FC903A9645DD56CF441E78D5A86FAF91C3640F,ruRU/patch-ruRU-4.mpq:DBFilesClient\CharSections.dbc,D:\Sirus\_client\World of Warcraft Sirus\Naga_Extract_2026-10-03\DiscoveredFromDBC\ByArchive\patch-p.mpq\character\NagaSirusHD\female\naga_femaleSkinExtra_11_09.blp
patch-p.mpq,character\NagaSirusHD\female\naga_femaleSkinExtra_11_10.blp,350724,D853C2A45A57E30003C67E2EA46C970B781AEB7F,ruRU/patch-ruRU-4.mpq:DBFilesClient\CharSections.dbc,D:\Sirus\_client\World of Warcraft Sirus\Naga_Extract_2026-10-03\DiscoveredFromDBC\ByArchive\patch-p.mpq\character\NagaSirusHD\female\naga_femaleSkinExtra_11_10.blp
patch-p.mpq,character\NagaSirusHD\female\naga_femaleSkinExtra_11_11.blp,350724,B9D55047A9492F59ABA348D37C1A3378D4D90565,ruRU/patch-ruRU-4.mpq:DBFilesClient\CharSections.dbc,D:\Sirus\_client\World of Warcraft Sirus\Naga_Extract_2026-10-03\DiscoveredFromDBC\ByArchive\patch-p.mpq\character\NagaSirusHD\female\naga_femaleSkinExtra_11_11.blp
patch-p.mpq,character\NagaSirusHD\female\naga_femaleSkinExtraDK_11_00.blp,350724,8509D5FCE518AD544B3F4922F15969235EF12349,ruRU/patch-ruRU-4.mpq:DBFilesClient\CharSections.dbc,D:\Sirus\_client\World of Warcraft Sirus\Naga_Extract_2026-10-03\DiscoveredFromDBC\ByArchive\patch-p.mpq\character\NagaSirusHD\female\naga_femaleSkinExtraDK_11_00.blp
patch-p.mpq,character\NagaSirusHD\female\naga_femaleSkinExtraDK_11_01.blp,350724,C7C6EF11FF827E842BD6F647B6230773BF00C15C,ruRU/patch-ruRU-4.mpq:DBFilesClient\CharSections.dbc,D:\Sirus\_client\World of Warcraft Sirus\Naga_Extract_2026-10-03\DiscoveredFromDBC\ByArchive\patch-p.mpq\character\NagaSirusHD\female\naga_femaleSkinExtraDK_11_01.blp
patch-p.mpq,character\NagaSirusHD\female\naga_femaleSkinExtraDK_11_02.blp,350724,3AD54C876A8CCBE323C2EE307E977F96B9800E81,ruRU/patch-ruRU-4.mpq:DBFilesClient\CharSections.dbc,D:\Sirus\_client\World of Warcraft Sirus\Naga_Extract_2026-10-03\DiscoveredFromDBC\ByArchive\patch-p.mpq\character\NagaSirusHD\female\naga_femaleSkinExtraDK_11_02.blp
patch-p.mpq,character\NagaSirusHD\female\naga_femaleSkinExtraDK_11_03.blp,350724,DB94F46AB998CEAAFB3A0F804DBB427857ACE308,ruRU/patch-ruRU-4.mpq:DBFilesClient\CharSections.dbc,D:\Sirus\_client\World of Warcraft Sirus\Naga_Extract_2026-10-03\DiscoveredFromDBC\ByArchive\patch-p.mpq\character\NagaSirusHD\female\naga_femaleSkinExtraDK_11_03.blp
patch-p.mpq,character\NagaSirusHD\female\naga_femaleSkinExtraDK_11_04.blp,350724,CEED2138C0D59239AA9E99DED9AE85064493A0B8,ruRU/patch-ruRU-4.mpq:DBFilesClient\CharSections.dbc,D:\Sirus\_client\World of Warcraft Sirus\Naga_Extract_2026-10-03\DiscoveredFromDBC\ByArchive\patch-p.mpq\character\NagaSirusHD\female\naga_femaleSkinExtraDK_11_04.blp
patch-p.mpq,character\NagaSirusHD\female\naga_femaleSkinExtra_12_00.blp,350724,90555D6BA1FE4B7C3D5AD5572615ED14245F1FC4,ruRU/patch-ruRU-4.mpq:DBFilesClient\CharSections.dbc,D:\Sirus\_client\World of Warcraft Sirus\Naga_Extract_2026-10-03\DiscoveredFromDBC\ByArchive\patch-p.mpq\character\NagaSirusHD\female\naga_femaleSkinExtra_12_00.blp
patch-p.mpq,character\NagaSirusHD\female\naga_femaleSkinExtra_12_01.blp,350724,77FA7376C12F11C112BAFEBC9FAAA99F5553E174,ruRU/patch-ruRU-4.mpq:DBFilesClient\CharSections.dbc,D:\Sirus\_client\World of Warcraft Sirus\Naga_Extract_2026-10-03\DiscoveredFromDBC\ByArchive\patch-p.mpq\character\NagaSirusHD\female\naga_femaleSkinExtra_12_01.blp
patch-p.mpq,character\NagaSirusHD\female\naga_femaleSkinExtra_12_02.blp,350724,0C22ABD4BC2E8FA8118D509CD98006A7755BFD1F,ruRU/patch-ruRU-4.mpq:DBFilesClient\CharSections.dbc,D:\Sirus\_client\World of Warcraft Sirus\Naga_Extract_2026-10-03\DiscoveredFromDBC\ByArchive\patch-p.mpq\character\NagaSirusHD\female\naga_femaleSkinExtra_12_02.blp
patch-p.mpq,character\NagaSirusHD\female\naga_femaleSkinExtra_12_03.blp,350724,50BCB7D75B0F92A0C2A4AF8DF8A81C5D8EF6F571,ruRU/patch-ruRU-4.mpq:DBFilesClient\CharSections.dbc,D:\Sirus\_client\World of Warcraft Sirus\Naga_Extract_2026-10-03\DiscoveredFromDBC\ByArchive\patch-p.mpq\character\NagaSirusHD\female\naga_femaleSkinExtra_12_03.blp
patch-p.mpq,character\NagaSirusHD\female\naga_femaleSkinExtra_12_04.blp,350724,F1361212873C75082824AF1BEC91D3EE56AA7EB3,ruRU/patch-ruRU-4.mpq:DBFilesClient\CharSections.dbc,D:\Sirus\_client\World of Warcraft Sirus\Naga_Extract_2026-10-03\DiscoveredFromDBC\ByArchive\patch-p.mpq\character\NagaSirusHD\female\naga_femaleSkinExtra_12_04.blp
patch-p.mpq,character\NagaSirusHD\female\naga_femaleSkinExtra_12_05.blp,350724,DC11DAE2E7C9E2C782944355ED74E18D3F0A8244,ruRU/patch-ruRU-4.mpq:DBFilesClient\CharSections.dbc,D:\Sirus\_client\World of Warcraft Sirus\Naga_Extract_2026-10-03\DiscoveredFromDBC\ByArchive\patch-p.mpq\character\NagaSirusHD\female\naga_femaleSkinExtra_12_05.blp
patch-p.mpq,character\NagaSirusHD\female\naga_femaleSkinExtra_12_06.blp,350724,7C7D8C7DB5727C2BB833D02815BE5B01AD0EF45E,ruRU/patch-ruRU-4.mpq:DBFilesClient\CharSections.dbc,D:\Sirus\_client\World of Warcraft Sirus\Naga_Extract_2026-10-03\DiscoveredFromDBC\ByArchive\patch-p.mpq\character\NagaSirusHD\female\naga_femaleSkinExtra_12_06.blp
patch-p.mpq,character\NagaSirusHD\female\naga_femaleSkinExtra_12_07.blp,350724,11F17EC97C40A335D4D4229F31F865211C924C7D,ruRU/patch-ruRU-4.mpq:DBFilesClient\CharSections.dbc,D:\Sirus\_client\World of Warcraft Sirus\Naga_Extract_2026-10-03\DiscoveredFromDBC\ByArchive\patch-p.mpq\character\NagaSirusHD\female\naga_femaleSkinExtra_12_07.blp
patch-p.mpq,character\NagaSirusHD\female\naga_femaleSkinExtra_12_08.blp,350724,9AC893D71796557BF541F0CE3C04151E65EBC4D0,ruRU/patch-ruRU-4.mpq:DBFilesClient\CharSections.dbc,D:\Sirus\_client\World of Warcraft Sirus\Naga_Extract_2026-10-03\DiscoveredFromDBC\ByArchive\patch-p.mpq\character\NagaSirusHD\female\naga_femaleSkinExtra_12_08.blp
patch-p.mpq,character\NagaSirusHD\female\naga_femaleSkinExtra_12_09.blp,350724,3FC8C3977A1CA55CE3C004BE9E17681EF8D27B73,ruRU/patch-ruRU-4.mpq:DBFilesClient\CharSections.dbc,D:\Sirus\_client\World of Warcraft Sirus\Naga_Extract_2026-10-03\DiscoveredFromDBC\ByArchive\patch-p.mpq\character\NagaSirusHD\female\naga_femaleSkinExtra_12_09.blp
patch-p.mpq,character\NagaSirusHD\female\naga_femaleSkinExtra_12_10.blp,350724,48AC9172C828C4DDB6C13CA3845C6239413D1B87,ruRU/patch-ruRU-4.mpq:DBFilesClient\CharSections.dbc,D:\Sirus\_client\World of Warcraft Sirus\Naga_Extract_2026-10-03\DiscoveredFromDBC\ByArchive\patch-p.mpq\character\NagaSirusHD\female\naga_femaleSkinExtra_12_10.blp
patch-p.mpq,character\NagaSirusHD\female\naga_femaleSkinExtra_12_11.blp,350724,DA6474F2424BB91E48FD3B6586CD2745E66E8694,ruRU/patch-ruRU-4.mpq:DBFilesClient\CharSections.dbc,D:\Sirus\_client\World of Warcraft Sirus\Naga_Extract_2026-10-03\DiscoveredFromDBC\ByArchive\patch-p.mpq\character\NagaSirusHD\female\naga_femaleSkinExtra_12_11.blp
patch-p.mpq,character\NagaSirusHD\female\naga_femaleSkinExtraDK_12_00.blp,350724,BC0D8535A4B91B34DAEE7C8E3CB3F90C2C005FBA,ruRU/patch-ruRU-4.mpq:DBFilesClient\CharSections.dbc,D:\Sirus\_client\World of Warcraft Sirus\Naga_Extract_2026-10-03\DiscoveredFromDBC\ByArchive\patch-p.mpq\character\NagaSirusHD\female\naga_femaleSkinExtraDK_12_00.blp
patch-p.mpq,character\NagaSirusHD\female\naga_femaleSkinExtraDK_12_01.blp,350724,59204E0A85E8EB4E7FEA86F8B6811FED9DA1D358,ruRU/patch-ruRU-4.mpq:DBFilesClient\CharSections.dbc,D:\Sirus\_client\World of Warcraft Sirus\Naga_Extract_2026-10-03\DiscoveredFromDBC\ByArchive\patch-p.mpq\character\NagaSirusHD\female\naga_femaleSkinExtraDK_12_01.blp
patch-p.mpq,character\NagaSirusHD\female\naga_femaleSkinExtraDK_12_02.blp,350724,5A9E21386291E9133B351716FA9B739F92C7D07D,ruRU/patch-ruRU-4.mpq:DBFilesClient\CharSections.dbc,D:\Sirus\_client\World of Warcraft Sirus\Naga_Extract_2026-10-03\DiscoveredFromDBC\ByArchive\patch-p.mpq\character\NagaSirusHD\female\naga_femaleSkinExtraDK_12_02.blp
patch-p.mpq,character\NagaSirusHD\female\naga_femaleSkinExtraDK_12_03.blp,350724,D4ABF7D57E5CB891A5A6F3DBD7E40E8C174EBB59,ruRU/patch-ruRU-4.mpq:DBFilesClient\CharSections.dbc,D:\Sirus\_client\World of Warcraft Sirus\Naga_Extract_2026-10-03\DiscoveredFromDBC\ByArchive\patch-p.mpq\character\NagaSirusHD\female\naga_femaleSkinExtraDK_12_03.blp
patch-p.mpq,character\NagaSirusHD\female\naga_femaleSkinExtraDK_12_04.blp,350724,E20D6CAE9CE8E1F20BC9C8890922EF2E97D2EA97,ruRU/patch-ruRU-4.mpq:DBFilesClient\CharSections.dbc,D:\Sirus\_client\World of Warcraft Sirus\Naga_Extract_2026-10-03\DiscoveredFromDBC\ByArchive\patch-p.mpq\character\NagaSirusHD\female\naga_femaleSkinExtraDK_12_04.blp
patch-p.mpq,character\NagaSirusHD\female\naga_femaleSkinExtra_13_00.blp,350724,97EE8761E52F5F37CBF09E3E90292DFD6543A976,ruRU/patch-ruRU-4.mpq:DBFilesClient\CharSections.dbc,D:\Sirus\_client\World of Warcraft Sirus\Naga_Extract_2026-10-03\DiscoveredFromDBC\ByArchive\patch-p.mpq\character\NagaSirusHD\female\naga_femaleSkinExtra_13_00.blp
patch-p.mpq,character\NagaSirusHD\female\naga_femaleSkinExtra_13_01.blp,350724,8D7DA7412F1326826C268673C73435E4A0855C6D,ruRU/patch-ruRU-4.mpq:DBFilesClient\CharSections.dbc,D:\Sirus\_client\World of Warcraft Sirus\Naga_Extract_2026-10-03\DiscoveredFromDBC\ByArchive\patch-p.mpq\character\NagaSirusHD\female\naga_femaleSkinExtra_13_01.blp
patch-p.mpq,character\NagaSirusHD\female\naga_femaleSkinExtra_13_02.blp,350724,6FD22875C4457E5316F839DB996843420449CE1F,ruRU/patch-ruRU-4.mpq:DBFilesClient\CharSections.dbc,D:\Sirus\_client\World of Warcraft Sirus\Naga_Extract_2026-10-03\DiscoveredFromDBC\ByArchive\patch-p.mpq\character\NagaSirusHD\female\naga_femaleSkinExtra_13_02.blp
patch-p.mpq,character\NagaSirusHD\female\naga_femaleSkinExtra_13_03.blp,350724,983B6AFCD0784552B1263DF60BE9A41E03B8AD84,ruRU/patch-ruRU-4.mpq:DBFilesClient\CharSections.dbc,D:\Sirus\_client\World of Warcraft Sirus\Naga_Extract_2026-10-03\DiscoveredFromDBC\ByArchive\patch-p.mpq\character\NagaSirusHD\female\naga_femaleSkinExtra_13_03.blp
patch-p.mpq,character\NagaSirusHD\female\naga_femaleSkinExtra_13_04.blp,350724,0AD3590F96622458D860A129744A2EDA86418ED0,ruRU/patch-ruRU-4.mpq:DBFilesClient\CharSections.dbc,D:\Sirus\_client\World of Warcraft Sirus\Naga_Extract_2026-10-03\DiscoveredFromDBC\ByArchive\patch-p.mpq\character\NagaSirusHD\female\naga_femaleSkinExtra_13_04.blp
patch-p.mpq,character\NagaSirusHD\female\naga_femaleSkinExtra_13_05.blp,350724,76873946C9851CC5F67DBDA73B08990DBA9EC421,ruRU/patch-ruRU-4.mpq:DBFilesClient\CharSections.dbc,D:\Sirus\_client\World of Warcraft Sirus\Naga_Extract_2026-10-03\DiscoveredFromDBC\ByArchive\patch-p.mpq\character\NagaSirusHD\female\naga_femaleSkinExtra_13_05.blp
patch-p.mpq,character\NagaSirusHD\female\naga_femaleSkinExtra_13_06.blp,350724,DE7DF170D02F205740E130C650293E7C5205E8E9,ruRU/patch-ruRU-4.mpq:DBFilesClient\CharSections.dbc,D:\Sirus\_client\World of Warcraft Sirus\Naga_Extract_2026-10-03\DiscoveredFromDBC\ByArchive\patch-p.mpq\character\NagaSirusHD\female\naga_femaleSkinExtra_13_06.blp
patch-p.mpq,character\NagaSirusHD\female\naga_femaleSkinExtra_13_07.blp,350724,C82152DC98F537703A67A68631AEA3295D4B6163,ruRU/patch-ruRU-4.mpq:DBFilesClient\CharSections.dbc,D:\Sirus\_client\World of Warcraft Sirus\Naga_Extract_2026-10-03\DiscoveredFromDBC\ByArchive\patch-p.mpq\character\NagaSirusHD\female\naga_femaleSkinExtra_13_07.blp
patch-p.mpq,character\NagaSirusHD\female\naga_femaleSkinExtra_13_08.blp,350724,DE34CC5518F62AE60D12F05B1BF0359565EA6AED,ruRU/patch-ruRU-4.mpq:DBFilesClient\CharSections.dbc,D:\Sirus\_client\World of Warcraft Sirus\Naga_Extract_2026-10-03\DiscoveredFromDBC\ByArchive\patch-p.mpq\character\NagaSirusHD\female\naga_femaleSkinExtra_13_08.blp
patch-p.mpq,character\NagaSirusHD\female\naga_femaleSkinExtra_13_09.blp,350724,9C3C582CAED78B4EC36F9BDF0C366EF3626010A0,ruRU/patch-ruRU-4.mpq:DBFilesClient\CharSections.dbc,D:\Sirus\_client\World of Warcraft Sirus\Naga_Extract_2026-10-03\DiscoveredFromDBC\ByArchive\patch-p.mpq\character\NagaSirusHD\female\naga_femaleSkinExtra_13_09.blp
patch-p.mpq,character\NagaSirusHD\female\naga_femaleSkinExtra_13_10.blp,350724,904E03AA341671B27F41B71A05D15422928C3A1B,ruRU/patch-ruRU-4.mpq:DBFilesClient\CharSections.dbc,D:\Sirus\_client\World of Warcraft Sirus\Naga_Extract_2026-10-03\DiscoveredFromDBC\ByArchive\patch-p.mpq\character\NagaSirusHD\female\naga_femaleSkinExtra_13_10.blp
patch-p.mpq,character\NagaSirusHD\female\naga_femaleSkinExtra_13_11.blp,350724,A8F675CE3BF019546550BFB212545AA69E56A1DD,ruRU/patch-ruRU-4.mpq:DBFilesClient\CharSections.dbc,D:\Sirus\_client\World of Warcraft Sirus\Naga_Extract_2026-10-03\DiscoveredFromDBC\ByArchive\patch-p.mpq\character\NagaSirusHD\female\naga_femaleSkinExtra_13_11.blp
patch-p.mpq,character\NagaSirusHD\female\naga_femaleSkinExtraDK_13_00.blp,350724,BD4A5212C7F55361014896ECE342ACC0516A6035,ruRU/patch-ruRU-4.mpq:DBFilesClient\CharSections.dbc,D:\Sirus\_client\World of Warcraft Sirus\Naga_Extract_2026-10-03\DiscoveredFromDBC\ByArchive\patch-p.mpq\character\NagaSirusHD\female\naga_femaleSkinExtraDK_13_00.blp
patch-p.mpq,character\NagaSirusHD\female\naga_femaleSkinExtraDK_13_01.blp,350724,6CE53D40A0D8407EAF76450021AE2C80F6F96985,ruRU/patch-ruRU-4.mpq:DBFilesClient\CharSections.dbc,D:\Sirus\_client\World of Warcraft Sirus\Naga_Extract_2026-10-03\DiscoveredFromDBC\ByArchive\patch-p.mpq\character\NagaSirusHD\female\naga_femaleSkinExtraDK_13_01.blp
patch-p.mpq,character\NagaSirusHD\female\naga_femaleSkinExtraDK_13_02.blp,350724,073CBCC6175F130E9E046726DC50D00872D59632,ruRU/patch-ruRU-4.mpq:DBFilesClient\CharSections.dbc,D:\Sirus\_client\World of Warcraft Sirus\Naga_Extract_2026-10-03\DiscoveredFromDBC\ByArchive\patch-p.mpq\character\NagaSirusHD\female\naga_femaleSkinExtraDK_13_02.blp
patch-p.mpq,character\NagaSirusHD\female\naga_femaleSkinExtraDK_13_03.blp,350724,D8D3630281490B9DDAB8DE5D2F30AAC9F52F552C,ruRU/patch-ruRU-4.mpq:DBFilesClient\CharSections.dbc,D:\Sirus\_client\World of Warcraft Sirus\Naga_Extract_2026-10-03\DiscoveredFromDBC\ByArchive\patch-p.mpq\character\NagaSirusHD\female\naga_femaleSkinExtraDK_13_03.blp
patch-p.mpq,character\NagaSirusHD\female\naga_femaleSkinExtraDK_13_04.blp,350724,60FEC37C94324E16B1346E920BF2A94321FF0A0C,ruRU/patch-ruRU-4.mpq:DBFilesClient\CharSections.dbc,D:\Sirus\_client\World of Warcraft Sirus\Naga_Extract_2026-10-03\DiscoveredFromDBC\ByArchive\patch-p.mpq\character\NagaSirusHD\female\naga_femaleSkinExtraDK_13_04.blp
patch-p.mpq,character\NagaSirusHD\female\naga_femaleSkinExtra_14_00.blp,350724,DCC3E3BD50BFC18F93285EE2F82C0F673DAAC377,ruRU/patch-ruRU-4.mpq:DBFilesClient\CharSections.dbc,D:\Sirus\_client\World of Warcraft Sirus\Naga_Extract_2026-10-03\DiscoveredFromDBC\ByArchive\patch-p.mpq\character\NagaSirusHD\female\naga_femaleSkinExtra_14_00.blp
patch-p.mpq,character\NagaSirusHD\female\naga_femaleSkinExtra_14_01.blp,350724,FEE21EF42E6216FE1DED0B55117974F527C5B4A8,ruRU/patch-ruRU-4.mpq:DBFilesClient\CharSections.dbc,D:\Sirus\_client\World of Warcraft Sirus\Naga_Extract_2026-10-03\DiscoveredFromDBC\ByArchive\patch-p.mpq\character\NagaSirusHD\female\naga_femaleSkinExtra_14_01.blp
patch-p.mpq,character\NagaSirusHD\female\naga_femaleSkinExtra_14_02.blp,350724,823AE24882E7FDCB5E1B5DEBBC33BACCA1167D8E,ruRU/patch-ruRU-4.mpq:DBFilesClient\CharSections.dbc,D:\Sirus\_client\World of Warcraft Sirus\Naga_Extract_2026-10-03\DiscoveredFromDBC\ByArchive\patch-p.mpq\character\NagaSirusHD\female\naga_femaleSkinExtra_14_02.blp
patch-p.mpq,character\NagaSirusHD\female\naga_femaleSkinExtra_14_03.blp,350724,4CB4D103B886AC3F6232DB96E90FB68AD4F3EB03,ruRU/patch-ruRU-4.mpq:DBFilesClient\CharSections.dbc,D:\Sirus\_client\World of Warcraft Sirus\Naga_Extract_2026-10-03\DiscoveredFromDBC\ByArchive\patch-p.mpq\character\NagaSirusHD\female\naga_femaleSkinExtra_14_03.blp
patch-p.mpq,character\NagaSirusHD\female\naga_femaleSkinExtra_14_04.blp,350724,C9530CB0A309D018A8CFBE8504F853C82D4BDF7A,ruRU/patch-ruRU-4.mpq:DBFilesClient\CharSections.dbc,D:\Sirus\_client\World of Warcraft Sirus\Naga_Extract_2026-10-03\DiscoveredFromDBC\ByArchive\patch-p.mpq\character\NagaSirusHD\female\naga_femaleSkinExtra_14_04.blp
patch-p.mpq,character\NagaSirusHD\female\naga_femaleSkinExtra_14_05.blp,350724,7CB5D4468B3E954A0D0490AB6BA60E82BAD38010,ruRU/patch-ruRU-4.mpq:DBFilesClient\CharSections.dbc,D:\Sirus\_client\World of Warcraft Sirus\Naga_Extract_2026-10-03\DiscoveredFromDBC\ByArchive\patch-p.mpq\character\NagaSirusHD\female\naga_femaleSkinExtra_14_05.blp
patch-p.mpq,character\NagaSirusHD\female\naga_femaleSkinExtra_14_06.blp,350724,711DBBD7EC8D4E7EF314896B42CC8DB7EFEA84F4,ruRU/patch-ruRU-4.mpq:DBFilesClient\CharSections.dbc,D:\Sirus\_client\World of Warcraft Sirus\Naga_Extract_2026-10-03\DiscoveredFromDBC\ByArchive\patch-p.mpq\character\NagaSirusHD\female\naga_femaleSkinExtra_14_06.blp
patch-p.mpq,character\NagaSirusHD\female\naga_femaleSkinExtra_14_07.blp,350724,06C3B250DBE8B2E29BCECBEA2CD4BAFA4847B78E,ruRU/patch-ruRU-4.mpq:DBFilesClient\CharSections.dbc,D:\Sirus\_client\World of Warcraft Sirus\Naga_Extract_2026-10-03\DiscoveredFromDBC\ByArchive\patch-p.mpq\character\NagaSirusHD\female\naga_femaleSkinExtra_14_07.blp
patch-p.mpq,character\NagaSirusHD\female\naga_femaleSkinExtra_14_08.blp,350724,3CA1B885D44BDE7E17F556CBB7430881E54033BD,ruRU/patch-ruRU-4.mpq:DBFilesClient\CharSections.dbc,D:\Sirus\_client\World of Warcraft Sirus\Naga_Extract_2026-10-03\DiscoveredFromDBC\ByArchive\patch-p.mpq\character\NagaSirusHD\female\naga_femaleSkinExtra_14_08.blp
patch-p.mpq,character\NagaSirusHD\female\naga_femaleSkinExtra_14_09.blp,350724,ECE12FD6CF6C689707ACD80ED9C795C6A801E8E5,ruRU/patch-ruRU-4.mpq:DBFilesClient\CharSections.dbc,D:\Sirus\_client\World of Warcraft Sirus\Naga_Extract_2026-10-03\DiscoveredFromDBC\ByArchive\patch-p.mpq\character\NagaSirusHD\female\naga_femaleSkinExtra_14_09.blp
patch-p.mpq,character\NagaSirusHD\female\naga_femaleSkinExtra_14_10.blp,350724,DBAB99FAF4053A1E5B11D548B480DC3363086483,ruRU/patch-ruRU-4.mpq:DBFilesClient\CharSections.dbc,D:\Sirus\_client\World of Warcraft Sirus\Naga_Extract_2026-10-03\DiscoveredFromDBC\ByArchive\patch-p.mpq\character\NagaSirusHD\female\naga_femaleSkinExtra_14_10.blp
patch-p.mpq,character\NagaSirusHD\female\naga_femaleSkinExtra_14_11.blp,350724,250DD6991E702F0F945FCFD13B402505E7E5A579,ruRU/patch-ruRU-4.mpq:DBFilesClient\CharSections.dbc,D:\Sirus\_client\World of Warcraft Sirus\Naga_Extract_2026-10-03\DiscoveredFromDBC\ByArchive\patch-p.mpq\character\NagaSirusHD\female\naga_femaleSkinExtra_14_11.blp
patch-p.mpq,character\NagaSirusHD\female\naga_femaleSkinExtraDK_14_00.blp,350724,B7BD5CDDBED81C83B846C576D2D6D9043752F9EA,ruRU/patch-ruRU-4.mpq:DBFilesClient\CharSections.dbc,D:\Sirus\_client\World of Warcraft Sirus\Naga_Extract_2026-10-03\DiscoveredFromDBC\ByArchive\patch-p.mpq\character\NagaSirusHD\female\naga_femaleSkinExtraDK_14_00.blp
patch-p.mpq,character\NagaSirusHD\female\naga_femaleSkinExtraDK_14_01.blp,350724,C1FB4E49D86E17C946BFBEA2103EA77EF993D50C,ruRU/patch-ruRU-4.mpq:DBFilesClient\CharSections.dbc,D:\Sirus\_client\World of Warcraft Sirus\Naga_Extract_2026-10-03\DiscoveredFromDBC\ByArchive\patch-p.mpq\character\NagaSirusHD\female\naga_femaleSkinExtraDK_14_01.blp
patch-p.mpq,character\NagaSirusHD\female\naga_femaleSkinExtraDK_14_02.blp,350724,072AE1F1C0AD7112DBBE0348A784500EE892E42C,ruRU/patch-ruRU-4.mpq:DBFilesClient\CharSections.dbc,D:\Sirus\_client\World of Warcraft Sirus\Naga_Extract_2026-10-03\DiscoveredFromDBC\ByArchive\patch-p.mpq\character\NagaSirusHD\female\naga_femaleSkinExtraDK_14_02.blp
patch-p.mpq,character\NagaSirusHD\female\naga_femaleSkinExtraDK_14_03.blp,350724,3A87A6AFF992B40D66A0EC40BF3C1F3C46AF556B,ruRU/patch-ruRU-4.mpq:DBFilesClient\CharSections.dbc,D:\Sirus\_client\World of Warcraft Sirus\Naga_Extract_2026-10-03\DiscoveredFromDBC\ByArchive\patch-p.mpq\character\NagaSirusHD\female\naga_femaleSkinExtraDK_14_03.blp
patch-p.mpq,character\NagaSirusHD\female\naga_femaleSkinExtraDK_14_04.blp,350724,578377C7A317CBED09B82EFCDBBAAD4653D69513,ruRU/patch-ruRU-4.mpq:DBFilesClient\CharSections.dbc,D:\Sirus\_client\World of Warcraft Sirus\Naga_Extract_2026-10-03\DiscoveredFromDBC\ByArchive\patch-p.mpq\character\NagaSirusHD\female\naga_femaleSkinExtraDK_14_04.blp
patch-p.mpq,character\NagaSirusHD\female\naga_femaleLowerFace00_00.blp,175934,6FC463965E6CCEF574B07AD2D30064F994168670,ruRU/patch-ruRU-4.mpq:DBFilesClient\CharSections.dbc,D:\Sirus\_client\World of Warcraft Sirus\Naga_Extract_2026-10-03\DiscoveredFromDBC\ByArchive\patch-p.mpq\character\NagaSirusHD\female\naga_femaleLowerFace00_00.blp
patch-p.mpq,character\NagaSirusHD\female\naga_femaleUpperFace00_00.blp,88552,7349FB8CBA3B8CBD2445B05D9CD90CE7153D9F6A,ruRU/patch-ruRU-4.mpq:DBFilesClient\CharSections.dbc,D:\Sirus\_client\World of Warcraft Sirus\Naga_Extract_2026-10-03\DiscoveredFromDBC\ByArchive\patch-p.mpq\character\NagaSirusHD\female\naga_femaleUpperFace00_00.blp
patch-p.mpq,character\NagaSirusHD\female\naga_femaleLowerFace00_01.blp,175934,E8A8E6671C601032FF2D3288EDF56333873BE425,ruRU/patch-ruRU-4.mpq:DBFilesClient\CharSections.dbc,D:\Sirus\_client\World of Warcraft Sirus\Naga_Extract_2026-10-03\DiscoveredFromDBC\ByArchive\patch-p.mpq\character\NagaSirusHD\female\naga_femaleLowerFace00_01.blp
patch-p.mpq,character\NagaSirusHD\female\naga_femaleUpperFace00_01.blp,88552,6CC12518C89482BF6DB16843E16BDBB9B1B850C0,ruRU/patch-ruRU-4.mpq:DBFilesClient\CharSections.dbc,D:\Sirus\_client\World of Warcraft Sirus\Naga_Extract_2026-10-03\DiscoveredFromDBC\ByArchive\patch-p.mpq\character\NagaSirusHD\female\naga_femaleUpperFace00_01.blp
patch-p.mpq,character\NagaSirusHD\female\naga_femaleLowerFace00_02.blp,175934,4B897EDD45CD8BFF44388FD9FED75662A27BC7AC,ruRU/patch-ruRU-4.mpq:DBFilesClient\CharSections.dbc,D:\Sirus\_client\World of Warcraft Sirus\Naga_Extract_2026-10-03\DiscoveredFromDBC\ByArchive\patch-p.mpq\character\NagaSirusHD\female\naga_femaleLowerFace00_02.blp
patch-p.mpq,character\NagaSirusHD\female\naga_femaleUpperFace00_02.blp,88552,A156AFC0CE4A1170189872BC28063F0A9F9A7EE5,ruRU/patch-ruRU-4.mpq:DBFilesClient\CharSections.dbc,D:\Sirus\_client\World of Warcraft Sirus\Naga_Extract_2026-10-03\DiscoveredFromDBC\ByArchive\patch-p.mpq\character\NagaSirusHD\female\naga_femaleUpperFace00_02.blp
patch-p.mpq,character\NagaSirusHD\female\naga_femaleLowerFace00_03.blp,175934,DDDB445F33EFC827C0B294893C7E4FA01960E55B,ruRU/patch-ruRU-4.mpq:DBFilesClient\CharSections.dbc,D:\Sirus\_client\World of Warcraft Sirus\Naga_Extract_2026-10-03\DiscoveredFromDBC\ByArchive\patch-p.mpq\character\NagaSirusHD\female\naga_femaleLowerFace00_03.blp
patch-p.mpq,character\NagaSirusHD\female\naga_femaleUpperFace00_03.blp,88552,98F9950ED5A902172972F64655F404D953CC00B5,ruRU/patch-ruRU-4.mpq:DBFilesClient\CharSections.dbc,D:\Sirus\_client\World of Warcraft Sirus\Naga_Extract_2026-10-03\DiscoveredFromDBC\ByArchive\patch-p.mpq\character\NagaSirusHD\female\naga_femaleUpperFace00_03.blp
patch-p.mpq,character\NagaSirusHD\female\naga_femaleLowerFace00_04.blp,175934,CE54857265E2B0B7855E18873998C69E552AD1E9,ruRU/patch-ruRU-4.mpq:DBFilesClient\CharSections.dbc,D:\Sirus\_client\World of Warcraft Sirus\Naga_Extract_2026-10-03\DiscoveredFromDBC\ByArchive\patch-p.mpq\character\NagaSirusHD\female\naga_femaleLowerFace00_04.blp
patch-p.mpq,character\NagaSirusHD\female\naga_femaleUpperFace00_04.blp,88552,3F2CBC562E0292F70C12BAAB0AED4ED070D1BEF0,ruRU/patch-ruRU-4.mpq:DBFilesClient\CharSections.dbc,D:\Sirus\_client\World of Warcraft Sirus\Naga_Extract_2026-10-03\DiscoveredFromDBC\ByArchive\patch-p.mpq\character\NagaSirusHD\female\naga_femaleUpperFace00_04.blp
patch-p.mpq,character\NagaSirusHD\female\naga_femaleLowerFace00_05.blp,175934,F3C13ED850690BB7F58C00252F8AE8E46FFABC87,ruRU/patch-ruRU-4.mpq:DBFilesClient\CharSections.dbc,D:\Sirus\_client\World of Warcraft Sirus\Naga_Extract_2026-10-03\DiscoveredFromDBC\ByArchive\patch-p.mpq\character\NagaSirusHD\female\naga_femaleLowerFace00_05.blp
patch-p.mpq,character\NagaSirusHD\female\naga_femaleUpperFace00_05.blp,88552,E1F77CE34DCA683ABC585240293A16DB6A0BAB19,ruRU/patch-ruRU-4.mpq:DBFilesClient\CharSections.dbc,D:\Sirus\_client\World of Warcraft Sirus\Naga_Extract_2026-10-03\DiscoveredFromDBC\ByArchive\patch-p.mpq\character\NagaSirusHD\female\naga_femaleUpperFace00_05.blp
patch-p.mpq,character\NagaSirusHD\female\naga_femaleLowerFace00_06.blp,175934,3B2A53FBD49AA82C03193E2B82EC4896DA63474F,ruRU/patch-ruRU-4.mpq:DBFilesClient\CharSections.dbc,D:\Sirus\_client\World of Warcraft Sirus\Naga_Extract_2026-10-03\DiscoveredFromDBC\ByArchive\patch-p.mpq\character\NagaSirusHD\female\naga_femaleLowerFace00_06.blp
patch-p.mpq,character\NagaSirusHD\female\naga_femaleUpperFace00_06.blp,88552,93B2438D3618838296CB007C21E068EB41F56DC8,ruRU/patch-ruRU-4.mpq:DBFilesClient\CharSections.dbc,D:\Sirus\_client\World of Warcraft Sirus\Naga_Extract_2026-10-03\DiscoveredFromDBC\ByArchive\patch-p.mpq\character\NagaSirusHD\female\naga_femaleUpperFace00_06.blp
patch-p.mpq,character\NagaSirusHD\female\naga_femaleLowerFace00_07.blp,175934,DDD9849F9D2B8928BE8FCD94758C934EB6909DE1,ruRU/patch-ruRU-4.mpq:DBFilesClient\CharSections.dbc,D:\Sirus\_client\World of Warcraft Sirus\Naga_Extract_2026-10-03\DiscoveredFromDBC\ByArchive\patch-p.mpq\character\NagaSirusHD\female\naga_femaleLowerFace00_07.blp
patch-p.mpq,character\NagaSirusHD\female\naga_femaleUpperFace00_07.blp,88552,999C6CAB65FE5FF4796ADAA3C632ACAB9940C677,ruRU/patch-ruRU-4.mpq:DBFilesClient\CharSections.dbc,D:\Sirus\_client\World of Warcraft Sirus\Naga_Extract_2026-10-03\DiscoveredFromDBC\ByArchive\patch-p.mpq\character\NagaSirusHD\female\naga_femaleUpperFace00_07.blp
patch-p.mpq,character\NagaSirusHD\female\naga_femaleLowerFace00_08.blp,175934,0C2398D95483F54969DAC467DB09562A1A41E066,ruRU/patch-ruRU-4.mpq:DBFilesClient\CharSections.dbc,D:\Sirus\_client\World of Warcraft Sirus\Naga_Extract_2026-10-03\DiscoveredFromDBC\ByArchive\patch-p.mpq\character\NagaSirusHD\female\naga_femaleLowerFace00_08.blp
patch-p.mpq,character\NagaSirusHD\female\naga_femaleUpperFace00_08.blp,88552,DAE9DC483B0724F8E95FE823C4E9D2DFC0281745,ruRU/patch-ruRU-4.mpq:DBFilesClient\CharSections.dbc,D:\Sirus\_client\World of Warcraft Sirus\Naga_Extract_2026-10-03\DiscoveredFromDBC\ByArchive\patch-p.mpq\character\NagaSirusHD\female\naga_femaleUpperFace00_08.blp
patch-p.mpq,character\NagaSirusHD\female\naga_femaleLowerFace00_09.blp,175934,0F3118CB10F65ABDEE088C7D2441BA509A7B8E4A,ruRU/patch-ruRU-4.mpq:DBFilesClient\CharSections.dbc,D:\Sirus\_client\World of Warcraft Sirus\Naga_Extract_2026-10-03\DiscoveredFromDBC\ByArchive\patch-p.mpq\character\NagaSirusHD\female\naga_femaleLowerFace00_09.blp
patch-p.mpq,character\NagaSirusHD\female\naga_femaleUpperFace00_09.blp,88552,CEF6B8830484F5EC853389450BA3768BADB0A710,ruRU/patch-ruRU-4.mpq:DBFilesClient\CharSections.dbc,D:\Sirus\_client\World of Warcraft Sirus\Naga_Extract_2026-10-03\DiscoveredFromDBC\ByArchive\patch-p.mpq\character\NagaSirusHD\female\naga_femaleUpperFace00_09.blp
patch-p.mpq,character\NagaSirusHD\female\naga_femaleLowerFace00_10.blp,175934,2E3930604CE703F020FE3622F40C37BF7891A9D4,ruRU/patch-ruRU-4.mpq:DBFilesClient\CharSections.dbc,D:\Sirus\_client\World of Warcraft Sirus\Naga_Extract_2026-10-03\DiscoveredFromDBC\ByArchive\patch-p.mpq\character\NagaSirusHD\female\naga_femaleLowerFace00_10.blp
patch-p.mpq,character\NagaSirusHD\female\naga_femaleUpperFace00_10.blp,88552,24711337871C0ED2C6ED44567A80D48BC53181BB,ruRU/patch-ruRU-4.mpq:DBFilesClient\CharSections.dbc,D:\Sirus\_client\World of Warcraft Sirus\Naga_Extract_2026-10-03\DiscoveredFromDBC\ByArchive\patch-p.mpq\character\NagaSirusHD\female\naga_femaleUpperFace00_10.blp
patch-p.mpq,character\NagaSirusHD\female\naga_femaleLowerFace00_11.blp,175934,3CAF0339DD4A3BD96BCD60E3C9B39625502EFABC,ruRU/patch-ruRU-4.mpq:DBFilesClient\CharSections.dbc,D:\Sirus\_client\World of Warcraft Sirus\Naga_Extract_2026-10-03\DiscoveredFromDBC\ByArchive\patch-p.mpq\character\NagaSirusHD\female\naga_femaleLowerFace00_11.blp
patch-p.mpq,character\NagaSirusHD\female\naga_femaleUpperFace00_11.blp,88552,8719B8F4A5DFEB4C3C6214281513E14C45394192,ruRU/patch-ruRU-4.mpq:DBFilesClient\CharSections.dbc,D:\Sirus\_client\World of Warcraft Sirus\Naga_Extract_2026-10-03\DiscoveredFromDBC\ByArchive\patch-p.mpq\character\NagaSirusHD\female\naga_femaleUpperFace00_11.blp
patch-p.mpq,character\NagaSirusHD\female\naga_femaleLowerFaceDK00_00.blp,175934,44DC0A74456B0B35C9E16E3EE9E90803B07F2E7F,ruRU/patch-ruRU-4.mpq:DBFilesClient\CharSections.dbc,D:\Sirus\_client\World of Warcraft Sirus\Naga_Extract_2026-10-03\DiscoveredFromDBC\ByArchive\patch-p.mpq\character\NagaSirusHD\female\naga_femaleLowerFaceDK00_00.blp
patch-p.mpq,character\NagaSirusHD\female\naga_femaleUpperFaceDK00_00.blp,88552,2CAA2F9D9D88ABD154BEDB74F869BF8A161D3466,ruRU/patch-ruRU-4.mpq:DBFilesClient\CharSections.dbc,D:\Sirus\_client\World of Warcraft Sirus\Naga_Extract_2026-10-03\DiscoveredFromDBC\ByArchive\patch-p.mpq\character\NagaSirusHD\female\naga_femaleUpperFaceDK00_00.blp
patch-p.mpq,character\NagaSirusHD\female\naga_femaleLowerFaceDK00_01.blp,175934,C0BC8AF7CCA0E2AEDDA478D14890905D53E7F551,ruRU/patch-ruRU-4.mpq:DBFilesClient\CharSections.dbc,D:\Sirus\_client\World of Warcraft Sirus\Naga_Extract_2026-10-03\DiscoveredFromDBC\ByArchive\patch-p.mpq\character\NagaSirusHD\female\naga_femaleLowerFaceDK00_01.blp
patch-p.mpq,character\NagaSirusHD\female\naga_femaleUpperFaceDK00_01.blp,88552,7AAD298D279400C2818F7C4BDA784039F5666BC4,ruRU/patch-ruRU-4.mpq:DBFilesClient\CharSections.dbc,D:\Sirus\_client\World of Warcraft Sirus\Naga_Extract_2026-10-03\DiscoveredFromDBC\ByArchive\patch-p.mpq\character\NagaSirusHD\female\naga_femaleUpperFaceDK00_01.blp
patch-p.mpq,character\NagaSirusHD\female\naga_femaleLowerFaceDK00_02.blp,175934,49079A399402DABEDA0930122DB14F5CE52B4D81,ruRU/patch-ruRU-4.mpq:DBFilesClient\CharSections.dbc,D:\Sirus\_client\World of Warcraft Sirus\Naga_Extract_2026-10-03\DiscoveredFromDBC\ByArchive\patch-p.mpq\character\NagaSirusHD\female\naga_femaleLowerFaceDK00_02.blp
patch-p.mpq,character\NagaSirusHD\female\naga_femaleUpperFaceDK00_02.blp,88552,52C6A50C47FEECB0E0F2D2F77DA1B562A77E35A5,ruRU/patch-ruRU-4.mpq:DBFilesClient\CharSections.dbc,D:\Sirus\_client\World of Warcraft Sirus\Naga_Extract_2026-10-03\DiscoveredFromDBC\ByArchive\patch-p.mpq\character\NagaSirusHD\female\naga_femaleUpperFaceDK00_02.blp
patch-p.mpq,character\NagaSirusHD\female\naga_femaleLowerFaceDK00_03.blp,175934,2C535E551BE6276466A5F900235EAD46045707F8,ruRU/patch-ruRU-4.mpq:DBFilesClient\CharSections.dbc,D:\Sirus\_client\World of Warcraft Sirus\Naga_Extract_2026-10-03\DiscoveredFromDBC\ByArchive\patch-p.mpq\character\NagaSirusHD\female\naga_femaleLowerFaceDK00_03.blp
patch-p.mpq,character\NagaSirusHD\female\naga_femaleUpperFaceDK00_03.blp,88552,41BDDC41EA824846F2A8FFDAB124BA154537CFFA,ruRU/patch-ruRU-4.mpq:DBFilesClient\CharSections.dbc,D:\Sirus\_client\World of Warcraft Sirus\Naga_Extract_2026-10-03\DiscoveredFromDBC\ByArchive\patch-p.mpq\character\NagaSirusHD\female\naga_femaleUpperFaceDK00_03.blp
patch-p.mpq,character\NagaSirusHD\female\naga_femaleLowerFaceDK00_04.blp,175934,8BF498AF571652EFAEE80F863632AA8C76244997,ruRU/patch-ruRU-4.mpq:DBFilesClient\CharSections.dbc,D:\Sirus\_client\World of Warcraft Sirus\Naga_Extract_2026-10-03\DiscoveredFromDBC\ByArchive\patch-p.mpq\character\NagaSirusHD\female\naga_femaleLowerFaceDK00_04.blp
patch-p.mpq,character\NagaSirusHD\female\naga_femaleUpperFaceDK00_04.blp,88552,6A5D1A13C8B59F5FB488D433FD68CC0B844A1D0D,ruRU/patch-ruRU-4.mpq:DBFilesClient\CharSections.dbc,D:\Sirus\_client\World of Warcraft Sirus\Naga_Extract_2026-10-03\DiscoveredFromDBC\ByArchive\patch-p.mpq\character\NagaSirusHD\female\naga_femaleUpperFaceDK00_04.blp
patch-p.mpq,character\NagaSirusHD\female\NagaHair00_00.blp,350724,AFF74DF712BB8DCDD26D354BDFEFD5A6FF51A33D,ruRU/patch-ruRU-4.mpq:DBFilesClient\CharSections.dbc,D:\Sirus\_client\World of Warcraft Sirus\Naga_Extract_2026-10-03\DiscoveredFromDBC\ByArchive\patch-p.mpq\character\NagaSirusHD\female\NagaHair00_00.blp
patch-p.mpq,character\NagaSirusHD\female\NagaHair00_01.blp,350724,CA2BD51391D838E202DA98AE2AFEFCB9BD342499,ruRU/patch-ruRU-4.mpq:DBFilesClient\CharSections.dbc,D:\Sirus\_client\World of Warcraft Sirus\Naga_Extract_2026-10-03\DiscoveredFromDBC\ByArchive\patch-p.mpq\character\NagaSirusHD\female\NagaHair00_01.blp
patch-p.mpq,character\NagaSirusHD\female\NagaHair00_02.blp,350724,63F440FB16EEE80534FEEBF51108DC414844DC35,ruRU/patch-ruRU-4.mpq:DBFilesClient\CharSections.dbc,D:\Sirus\_client\World of Warcraft Sirus\Naga_Extract_2026-10-03\DiscoveredFromDBC\ByArchive\patch-p.mpq\character\NagaSirusHD\female\NagaHair00_02.blp
patch-p.mpq,character\NagaSirusHD\female\NagaHair00_03.blp,350724,35E09DFFC8D0C3BB962AA61C2BBCFAF7AF6F711E,ruRU/patch-ruRU-4.mpq:DBFilesClient\CharSections.dbc,D:\Sirus\_client\World of Warcraft Sirus\Naga_Extract_2026-10-03\DiscoveredFromDBC\ByArchive\patch-p.mpq\character\NagaSirusHD\female\NagaHair00_03.blp
patch-p.mpq,character\NagaSirusHD\female\NagaHair00_04.blp,350724,B2140DB3B98895775E17B25076994891E8E224DC,ruRU/patch-ruRU-4.mpq:DBFilesClient\CharSections.dbc,D:\Sirus\_client\World of Warcraft Sirus\Naga_Extract_2026-10-03\DiscoveredFromDBC\ByArchive\patch-p.mpq\character\NagaSirusHD\female\NagaHair00_04.blp
patch-p.mpq,character\NagaSirusHD\female\NagaHair00_05.blp,350724,D438E7A0EC817F33968FB2421BFBE1D02497AE04,ruRU/patch-ruRU-4.mpq:DBFilesClient\CharSections.dbc,D:\Sirus\_client\World of Warcraft Sirus\Naga_Extract_2026-10-03\DiscoveredFromDBC\ByArchive\patch-p.mpq\character\NagaSirusHD\female\NagaHair00_05.blp
patch-p.mpq,character\NagaSirusHD\female\NagaHair00_06.blp,350724,2BC601D1D2C79C9CA7AFFC8E7E9D8607076D84F0,ruRU/patch-ruRU-4.mpq:DBFilesClient\CharSections.dbc,D:\Sirus\_client\World of Warcraft Sirus\Naga_Extract_2026-10-03\DiscoveredFromDBC\ByArchive\patch-p.mpq\character\NagaSirusHD\female\NagaHair00_06.blp
patch-p.mpq,character\NagaSirusHD\female\NagaHair00_07.blp,350724,B48F5B741A439E55CDEA7F6168B47287847CA660,ruRU/patch-ruRU-4.mpq:DBFilesClient\CharSections.dbc,D:\Sirus\_client\World of Warcraft Sirus\Naga_Extract_2026-10-03\DiscoveredFromDBC\ByArchive\patch-p.mpq\character\NagaSirusHD\female\NagaHair00_07.blp
patch-p.mpq,character\NagaSirusHD\female\NagaHair00_08.blp,350724,640A9E8060786C67A16F7B6A32818DBCB2418F30,ruRU/patch-ruRU-4.mpq:DBFilesClient\CharSections.dbc,D:\Sirus\_client\World of Warcraft Sirus\Naga_Extract_2026-10-03\DiscoveredFromDBC\ByArchive\patch-p.mpq\character\NagaSirusHD\female\NagaHair00_08.blp
patch-p.mpq,character\NagaSirusHD\female\NagaHair00_09.blp,350724,7E4A5B876564BAD75098BE08FB90CE75D8CFBA3A,ruRU/patch-ruRU-4.mpq:DBFilesClient\CharSections.dbc,D:\Sirus\_client\World of Warcraft Sirus\Naga_Extract_2026-10-03\DiscoveredFromDBC\ByArchive\patch-p.mpq\character\NagaSirusHD\female\NagaHair00_09.blp
patch-p.mpq,character\NagaSirusHD\female\NagaHair00_10.blp,350724,47F08F73602BFC0230B1DFB2F7F42C50116F843A,ruRU/patch-ruRU-4.mpq:DBFilesClient\CharSections.dbc,D:\Sirus\_client\World of Warcraft Sirus\Naga_Extract_2026-10-03\DiscoveredFromDBC\ByArchive\patch-p.mpq\character\NagaSirusHD\female\NagaHair00_10.blp
patch-p.mpq,character\NagaSirusHD\female\NagaHair00_11.blp,350724,AB75A72469016F18B4A02589BF2404FAA8B05D66,ruRU/patch-ruRU-4.mpq:DBFilesClient\CharSections.dbc,D:\Sirus\_client\World of Warcraft Sirus\Naga_Extract_2026-10-03\DiscoveredFromDBC\ByArchive\patch-p.mpq\character\NagaSirusHD\female\NagaHair00_11.blp
patch-p.mpq,character\NagaSirusHD\female\NagaHair00_12.blp,350724,317FD1898575896C7CC2A08AC06A7AA5DA045989,ruRU/patch-ruRU-4.mpq:DBFilesClient\CharSections.dbc,D:\Sirus\_client\World of Warcraft Sirus\Naga_Extract_2026-10-03\DiscoveredFromDBC\ByArchive\patch-p.mpq\character\NagaSirusHD\female\NagaHair00_12.blp
patch-p.mpq,character\NagaSirusHD\female\NagaHair00_13.blp,350724,BE0551C15D42A94B1EE4F479FE2819EDA9C7CAEC,ruRU/patch-ruRU-4.mpq:DBFilesClient\CharSections.dbc,D:\Sirus\_client\World of Warcraft Sirus\Naga_Extract_2026-10-03\DiscoveredFromDBC\ByArchive\patch-p.mpq\character\NagaSirusHD\female\NagaHair00_13.blp
patch-p.mpq,character\NagaSirusHD\female\NagaHair00_14.blp,350724,90A01F331482F65F17E00C9FB1F2F7A1CCA879E6,ruRU/patch-ruRU-4.mpq:DBFilesClient\CharSections.dbc,D:\Sirus\_client\World of Warcraft Sirus\Naga_Extract_2026-10-03\DiscoveredFromDBC\ByArchive\patch-p.mpq\character\NagaSirusHD\female\NagaHair00_14.blp
patch-p.mpq,character\NagaSirusHD\female\NagaHair00_15.blp,350724,B75EB23D881D1C37A5833D1F49482FBEBD9E8959,ruRU/patch-ruRU-4.mpq:DBFilesClient\CharSections.dbc,D:\Sirus\_client\World of Warcraft Sirus\Naga_Extract_2026-10-03\DiscoveredFromDBC\ByArchive\patch-p.mpq\character\NagaSirusHD\female\NagaHair00_15.blp
patch-p.mpq,character\NagaSirusHD\female\NagaHair01_00.blp,350724,6B47DC3823927ED1697E54BEE15298F2610227CF,ruRU/patch-ruRU-4.mpq:DBFilesClient\CharSections.dbc,D:\Sirus\_client\World of Warcraft Sirus\Naga_Extract_2026-10-03\DiscoveredFromDBC\ByArchive\patch-p.mpq\character\NagaSirusHD\female\NagaHair01_00.blp
patch-p.mpq,character\NagaSirusHD\female\NagaHair01_01.blp,350724,F80C9851117CBF7C7C32002080AE9CDB22767218,ruRU/patch-ruRU-4.mpq:DBFilesClient\CharSections.dbc,D:\Sirus\_client\World of Warcraft Sirus\Naga_Extract_2026-10-03\DiscoveredFromDBC\ByArchive\patch-p.mpq\character\NagaSirusHD\female\NagaHair01_01.blp
patch-p.mpq,character\NagaSirusHD\female\NagaHair01_02.blp,350724,E79DC651B4560A1C12C35881A671C5169B667228,ruRU/patch-ruRU-4.mpq:DBFilesClient\CharSections.dbc,D:\Sirus\_client\World of Warcraft Sirus\Naga_Extract_2026-10-03\DiscoveredFromDBC\ByArchive\patch-p.mpq\character\NagaSirusHD\female\NagaHair01_02.blp
patch-p.mpq,character\NagaSirusHD\female\NagaHair01_03.blp,350724,C41EF6F409409E4B16EC24F3791065578D6025C0,ruRU/patch-ruRU-4.mpq:DBFilesClient\CharSections.dbc,D:\Sirus\_client\World of Warcraft Sirus\Naga_Extract_2026-10-03\DiscoveredFromDBC\ByArchive\patch-p.mpq\character\NagaSirusHD\female\NagaHair01_03.blp
patch-p.mpq,character\NagaSirusHD\female\NagaHair01_04.blp,350724,9ACFE5F0254F8A23185EF6DE29CD9EA2E8FB012C,ruRU/patch-ruRU-4.mpq:DBFilesClient\CharSections.dbc,D:\Sirus\_client\World of Warcraft Sirus\Naga_Extract_2026-10-03\DiscoveredFromDBC\ByArchive\patch-p.mpq\character\NagaSirusHD\female\NagaHair01_04.blp
patch-p.mpq,character\NagaSirusHD\female\NagaHair01_05.blp,350724,6B00D2CBE563E4D11E2601704315254742A969A3,ruRU/patch-ruRU-4.mpq:DBFilesClient\CharSections.dbc,D:\Sirus\_client\World of Warcraft Sirus\Naga_Extract_2026-10-03\DiscoveredFromDBC\ByArchive\patch-p.mpq\character\NagaSirusHD\female\NagaHair01_05.blp
patch-p.mpq,character\NagaSirusHD\female\NagaHair01_06.blp,350724,7581955A7F87043A08A4CDD0ABBA6CEE399CE8B3,ruRU/patch-ruRU-4.mpq:DBFilesClient\CharSections.dbc,D:\Sirus\_client\World of Warcraft Sirus\Naga_Extract_2026-10-03\DiscoveredFromDBC\ByArchive\patch-p.mpq\character\NagaSirusHD\female\NagaHair01_06.blp
patch-p.mpq,character\NagaSirusHD\female\NagaHair01_07.blp,350724,B916886B0EDAEF9736B34B99AC10E67DA87C628A,ruRU/patch-ruRU-4.mpq:DBFilesClient\CharSections.dbc,D:\Sirus\_client\World of Warcraft Sirus\Naga_Extract_2026-10-03\DiscoveredFromDBC\ByArchive\patch-p.mpq\character\NagaSirusHD\female\NagaHair01_07.blp
patch-p.mpq,character\NagaSirusHD\female\NagaHair01_08.blp,350724,CAB41D2C52380CD630B36F776B02826EF33E1928,ruRU/patch-ruRU-4.mpq:DBFilesClient\CharSections.dbc,D:\Sirus\_client\World of Warcraft Sirus\Naga_Extract_2026-10-03\DiscoveredFromDBC\ByArchive\patch-p.mpq\character\NagaSirusHD\female\NagaHair01_08.blp
patch-p.mpq,character\NagaSirusHD\female\NagaHair01_09.blp,350724,22820C7F4C6E5D4E3ECC6E6A7B7C12A281DA7BAE,ruRU/patch-ruRU-4.mpq:DBFilesClient\CharSections.dbc,D:\Sirus\_client\World of Warcraft Sirus\Naga_Extract_2026-10-03\DiscoveredFromDBC\ByArchive\patch-p.mpq\character\NagaSirusHD\female\NagaHair01_09.blp
patch-p.mpq,character\NagaSirusHD\female\NagaHair01_10.blp,350724,76DBD4D79DDEEBBE4CE28BC3540886B68502119C,ruRU/patch-ruRU-4.mpq:DBFilesClient\CharSections.dbc,D:\Sirus\_client\World of Warcraft Sirus\Naga_Extract_2026-10-03\DiscoveredFromDBC\ByArchive\patch-p.mpq\character\NagaSirusHD\female\NagaHair01_10.blp
patch-p.mpq,character\NagaSirusHD\female\NagaHair01_11.blp,350724,02E80418B2E021C6296C831ED4CC40DC2A6F5F9F,ruRU/patch-ruRU-4.mpq:DBFilesClient\CharSections.dbc,D:\Sirus\_client\World of Warcraft Sirus\Naga_Extract_2026-10-03\DiscoveredFromDBC\ByArchive\patch-p.mpq\character\NagaSirusHD\female\NagaHair01_11.blp
patch-p.mpq,character\NagaSirusHD\female\NagaHair01_12.blp,350724,CE6CDC5BBAE5C89FA078CD4502410C21E189CF53,ruRU/patch-ruRU-4.mpq:DBFilesClient\CharSections.dbc,D:\Sirus\_client\World of Warcraft Sirus\Naga_Extract_2026-10-03\DiscoveredFromDBC\ByArchive\patch-p.mpq\character\NagaSirusHD\female\NagaHair01_12.blp
patch-p.mpq,character\NagaSirusHD\female\NagaHair01_13.blp,350724,1CF36FE89A93FBCF324E317BF59509F8BE73745F,ruRU/patch-ruRU-4.mpq:DBFilesClient\CharSections.dbc,D:\Sirus\_client\World of Warcraft Sirus\Naga_Extract_2026-10-03\DiscoveredFromDBC\ByArchive\patch-p.mpq\character\NagaSirusHD\female\NagaHair01_13.blp
patch-p.mpq,character\NagaSirusHD\female\NagaHair01_14.blp,350724,1791D895F03B87EDE4617F8F3D95E3F7BE5CF10C,ruRU/patch-ruRU-4.mpq:DBFilesClient\CharSections.dbc,D:\Sirus\_client\World of Warcraft Sirus\Naga_Extract_2026-10-03\DiscoveredFromDBC\ByArchive\patch-p.mpq\character\NagaSirusHD\female\NagaHair01_14.blp
patch-p.mpq,character\NagaSirusHD\female\NagaHair01_15.blp,350724,50196C970A7D8B600E6D1ED02DFFAE3818BC67BC,ruRU/patch-ruRU-4.mpq:DBFilesClient\CharSections.dbc,D:\Sirus\_client\World of Warcraft Sirus\Naga_Extract_2026-10-03\DiscoveredFromDBC\ByArchive\patch-p.mpq\character\NagaSirusHD\female\NagaHair01_15.blp
patch-p.mpq,character\NagaSirusHD\female\NagaHair02_00.blp,350724,1088E23C8152E17B2B15500A8DEDCFDBC907B45D,ruRU/patch-ruRU-4.mpq:DBFilesClient\CharSections.dbc,D:\Sirus\_client\World of Warcraft Sirus\Naga_Extract_2026-10-03\DiscoveredFromDBC\ByArchive\patch-p.mpq\character\NagaSirusHD\female\NagaHair02_00.blp
patch-p.mpq,character\NagaSirusHD\female\NagaHair02_01.blp,350724,E2911596C254E07908E120FCAC9BA7855BFF006A,ruRU/patch-ruRU-4.mpq:DBFilesClient\CharSections.dbc,D:\Sirus\_client\World of Warcraft Sirus\Naga_Extract_2026-10-03\DiscoveredFromDBC\ByArchive\patch-p.mpq\character\NagaSirusHD\female\NagaHair02_01.blp
patch-p.mpq,character\NagaSirusHD\female\NagaHair02_02.blp,350724,E7FE3E79FDFD29517B6FABD132B37CF80327E77D,ruRU/patch-ruRU-4.mpq:DBFilesClient\CharSections.dbc,D:\Sirus\_client\World of Warcraft Sirus\Naga_Extract_2026-10-03\DiscoveredFromDBC\ByArchive\patch-p.mpq\character\NagaSirusHD\female\NagaHair02_02.blp
patch-p.mpq,character\NagaSirusHD\female\NagaHair02_03.blp,350724,819D76C307E4EE40305C900B6CF87C552B6DE811,ruRU/patch-ruRU-4.mpq:DBFilesClient\CharSections.dbc,D:\Sirus\_client\World of Warcraft Sirus\Naga_Extract_2026-10-03\DiscoveredFromDBC\ByArchive\patch-p.mpq\character\NagaSirusHD\female\NagaHair02_03.blp
patch-p.mpq,character\NagaSirusHD\female\NagaHair02_04.blp,350724,4ECE64F2CD574FB67461D8AD16586B0EDE6E3018,ruRU/patch-ruRU-4.mpq:DBFilesClient\CharSections.dbc,D:\Sirus\_client\World of Warcraft Sirus\Naga_Extract_2026-10-03\DiscoveredFromDBC\ByArchive\patch-p.mpq\character\NagaSirusHD\female\NagaHair02_04.blp
patch-p.mpq,character\NagaSirusHD\female\NagaHair02_05.blp,350724,A98E7C9666E21AA60F93B131507686102C28D3E9,ruRU/patch-ruRU-4.mpq:DBFilesClient\CharSections.dbc,D:\Sirus\_client\World of Warcraft Sirus\Naga_Extract_2026-10-03\DiscoveredFromDBC\ByArchive\patch-p.mpq\character\NagaSirusHD\female\NagaHair02_05.blp
patch-p.mpq,character\NagaSirusHD\female\NagaHair02_06.blp,350724,4C2894A79533D90E6E7E6B62F8A2B971B23E426E,ruRU/patch-ruRU-4.mpq:DBFilesClient\CharSections.dbc,D:\Sirus\_client\World of Warcraft Sirus\Naga_Extract_2026-10-03\DiscoveredFromDBC\ByArchive\patch-p.mpq\character\NagaSirusHD\female\NagaHair02_06.blp
patch-p.mpq,character\NagaSirusHD\female\NagaHair02_07.blp,350724,CFD83406909AF306DA5480D05EFDBD93E29E00EE,ruRU/patch-ruRU-4.mpq:DBFilesClient\CharSections.dbc,D:\Sirus\_client\World of Warcraft Sirus\Naga_Extract_2026-10-03\DiscoveredFromDBC\ByArchive\patch-p.mpq\character\NagaSirusHD\female\NagaHair02_07.blp
patch-p.mpq,character\NagaSirusHD\female\NagaHair02_08.blp,350724,FC5B1F1C8AFB200B74275498C454E2FCAA3E18B4,ruRU/patch-ruRU-4.mpq:DBFilesClient\CharSections.dbc,D:\Sirus\_client\World of Warcraft Sirus\Naga_Extract_2026-10-03\DiscoveredFromDBC\ByArchive\patch-p.mpq\character\NagaSirusHD\female\NagaHair02_08.blp
patch-p.mpq,character\NagaSirusHD\female\NagaHair02_09.blp,350724,7B959BF9572322AFBB642045A5266B87C633B8A6,ruRU/patch-ruRU-4.mpq:DBFilesClient\CharSections.dbc,D:\Sirus\_client\World of Warcraft Sirus\Naga_Extract_2026-10-03\DiscoveredFromDBC\ByArchive\patch-p.mpq\character\NagaSirusHD\female\NagaHair02_09.blp
patch-p.mpq,character\NagaSirusHD\female\NagaHair02_10.blp,350724,DB936F3E3671961B98C742057F56C29FEC8F1BC6,ruRU/patch-ruRU-4.mpq:DBFilesClient\CharSections.dbc,D:\Sirus\_client\World of Warcraft Sirus\Naga_Extract_2026-10-03\DiscoveredFromDBC\ByArchive\patch-p.mpq\character\NagaSirusHD\female\NagaHair02_10.blp
patch-p.mpq,character\NagaSirusHD\female\NagaHair02_11.blp,350724,5698476F5615B2C1382BC4E1B5F22D273D18AE74,ruRU/patch-ruRU-4.mpq:DBFilesClient\CharSections.dbc,D:\Sirus\_client\World of Warcraft Sirus\Naga_Extract_2026-10-03\DiscoveredFromDBC\ByArchive\patch-p.mpq\character\NagaSirusHD\female\NagaHair02_11.blp
patch-p.mpq,character\NagaSirusHD\female\NagaHair02_12.blp,350724,3CD76ABF7A76B358A2676B0634FC03A4FEE98255,ruRU/patch-ruRU-4.mpq:DBFilesClient\CharSections.dbc,D:\Sirus\_client\World of Warcraft Sirus\Naga_Extract_2026-10-03\DiscoveredFromDBC\ByArchive\patch-p.mpq\character\NagaSirusHD\female\NagaHair02_12.blp
patch-p.mpq,character\NagaSirusHD\female\NagaHair02_13.blp,350724,87F1B94DE75A2EBBF56432177662CABD5757D636,ruRU/patch-ruRU-4.mpq:DBFilesClient\CharSections.dbc,D:\Sirus\_client\World of Warcraft Sirus\Naga_Extract_2026-10-03\DiscoveredFromDBC\ByArchive\patch-p.mpq\character\NagaSirusHD\female\NagaHair02_13.blp
patch-p.mpq,character\NagaSirusHD\female\NagaHair02_14.blp,350724,60575C9CB738FFAEA8DCE1E68C6D5BBAD0081D34,ruRU/patch-ruRU-4.mpq:DBFilesClient\CharSections.dbc,D:\Sirus\_client\World of Warcraft Sirus\Naga_Extract_2026-10-03\DiscoveredFromDBC\ByArchive\patch-p.mpq\character\NagaSirusHD\female\NagaHair02_14.blp
patch-p.mpq,character\NagaSirusHD\female\NagaHair02_15.blp,350724,CDE027C9912E413CD328729A111751040BD1BA7C,ruRU/patch-ruRU-4.mpq:DBFilesClient\CharSections.dbc,D:\Sirus\_client\World of Warcraft Sirus\Naga_Extract_2026-10-03\DiscoveredFromDBC\ByArchive\patch-p.mpq\character\NagaSirusHD\female\NagaHair02_15.blp
patch-p.mpq,character\NagaSirusHD\female\NagaHair03_00.blp,350724,D59A61AEF39E4EA8960959489605A885AFB8D7E7,ruRU/patch-ruRU-4.mpq:DBFilesClient\CharSections.dbc,D:\Sirus\_client\World of Warcraft Sirus\Naga_Extract_2026-10-03\DiscoveredFromDBC\ByArchive\patch-p.mpq\character\NagaSirusHD\female\NagaHair03_00.blp
patch-p.mpq,character\NagaSirusHD\female\NagaHair03_01.blp,350724,57CD3DDF837A7ADAE916F157738572033BA9F4DF,ruRU/patch-ruRU-4.mpq:DBFilesClient\CharSections.dbc,D:\Sirus\_client\World of Warcraft Sirus\Naga_Extract_2026-10-03\DiscoveredFromDBC\ByArchive\patch-p.mpq\character\NagaSirusHD\female\NagaHair03_01.blp
patch-p.mpq,character\NagaSirusHD\female\NagaHair03_02.blp,350724,147806B55AE68B656F6713C234610C99F2B05259,ruRU/patch-ruRU-4.mpq:DBFilesClient\CharSections.dbc,D:\Sirus\_client\World of Warcraft Sirus\Naga_Extract_2026-10-03\DiscoveredFromDBC\ByArchive\patch-p.mpq\character\NagaSirusHD\female\NagaHair03_02.blp
patch-p.mpq,character\NagaSirusHD\female\NagaHair03_03.blp,350724,B74BE11DE26A766A07BAC8FCCA7EA1A6B0419558,ruRU/patch-ruRU-4.mpq:DBFilesClient\CharSections.dbc,D:\Sirus\_client\World of Warcraft Sirus\Naga_Extract_2026-10-03\DiscoveredFromDBC\ByArchive\patch-p.mpq\character\NagaSirusHD\female\NagaHair03_03.blp
patch-p.mpq,character\NagaSirusHD\female\NagaHair03_04.blp,350724,FB535F892A6DF771D66B7342011483E311667936,ruRU/patch-ruRU-4.mpq:DBFilesClient\CharSections.dbc,D:\Sirus\_client\World of Warcraft Sirus\Naga_Extract_2026-10-03\DiscoveredFromDBC\ByArchive\patch-p.mpq\character\NagaSirusHD\female\NagaHair03_04.blp
patch-p.mpq,character\NagaSirusHD\female\NagaHair03_05.blp,350724,2CEE50C08B6D5489F02DB0ECF969EDDA5C7E65FE,ruRU/patch-ruRU-4.mpq:DBFilesClient\CharSections.dbc,D:\Sirus\_client\World of Warcraft Sirus\Naga_Extract_2026-10-03\DiscoveredFromDBC\ByArchive\patch-p.mpq\character\NagaSirusHD\female\NagaHair03_05.blp
patch-p.mpq,character\NagaSirusHD\female\NagaHair03_06.blp,350724,2F3765FFA147173EA0975AFD53A04E5FADEA69B0,ruRU/patch-ruRU-4.mpq:DBFilesClient\CharSections.dbc,D:\Sirus\_client\World of Warcraft Sirus\Naga_Extract_2026-10-03\DiscoveredFromDBC\ByArchive\patch-p.mpq\character\NagaSirusHD\female\NagaHair03_06.blp
patch-p.mpq,character\NagaSirusHD\female\NagaHair03_07.blp,350724,38BB9A9EAB3C19909C17BEE0B37014304990D42D,ruRU/patch-ruRU-4.mpq:DBFilesClient\CharSections.dbc,D:\Sirus\_client\World of Warcraft Sirus\Naga_Extract_2026-10-03\DiscoveredFromDBC\ByArchive\patch-p.mpq\character\NagaSirusHD\female\NagaHair03_07.blp
patch-p.mpq,character\NagaSirusHD\female\NagaHair03_08.blp,350724,3A8795F515D4646744B9AD1D527AEFFFFEBB79D7,ruRU/patch-ruRU-4.mpq:DBFilesClient\CharSections.dbc,D:\Sirus\_client\World of Warcraft Sirus\Naga_Extract_2026-10-03\DiscoveredFromDBC\ByArchive\patch-p.mpq\character\NagaSirusHD\female\NagaHair03_08.blp
patch-p.mpq,character\NagaSirusHD\female\NagaHair03_09.blp,350724,67E3CF0D27B256DE276E8E32672A57F949CE3256,ruRU/patch-ruRU-4.mpq:DBFilesClient\CharSections.dbc,D:\Sirus\_client\World of Warcraft Sirus\Naga_Extract_2026-10-03\DiscoveredFromDBC\ByArchive\patch-p.mpq\character\NagaSirusHD\female\NagaHair03_09.blp
patch-p.mpq,character\NagaSirusHD\female\NagaHair03_10.blp,350724,8F333943A0F5E256E66B1A6A61ECEDFFD9C39DE0,ruRU/patch-ruRU-4.mpq:DBFilesClient\CharSections.dbc,D:\Sirus\_client\World of Warcraft Sirus\Naga_Extract_2026-10-03\DiscoveredFromDBC\ByArchive\patch-p.mpq\character\NagaSirusHD\female\NagaHair03_10.blp
patch-p.mpq,character\NagaSirusHD\female\NagaHair03_11.blp,350724,AD10C7819988F28CA6691912C9317041D232EB8D,ruRU/patch-ruRU-4.mpq:DBFilesClient\CharSections.dbc,D:\Sirus\_client\World of Warcraft Sirus\Naga_Extract_2026-10-03\DiscoveredFromDBC\ByArchive\patch-p.mpq\character\NagaSirusHD\female\NagaHair03_11.blp
patch-p.mpq,character\NagaSirusHD\female\NagaHair03_12.blp,350724,4DF211CA05F164F27879C5FCB1CC76963EB79B61,ruRU/patch-ruRU-4.mpq:DBFilesClient\CharSections.dbc,D:\Sirus\_client\World of Warcraft Sirus\Naga_Extract_2026-10-03\DiscoveredFromDBC\ByArchive\patch-p.mpq\character\NagaSirusHD\female\NagaHair03_12.blp
patch-p.mpq,character\NagaSirusHD\female\NagaHair03_13.blp,350724,2F9F3ABEC720EEEDF0ED703988AD4E210042BB58,ruRU/patch-ruRU-4.mpq:DBFilesClient\CharSections.dbc,D:\Sirus\_client\World of Warcraft Sirus\Naga_Extract_2026-10-03\DiscoveredFromDBC\ByArchive\patch-p.mpq\character\NagaSirusHD\female\NagaHair03_13.blp
patch-p.mpq,character\NagaSirusHD\female\NagaHair03_14.blp,350724,1D2DA8A7DBBF93F414FA806E5900F8809AF2B3A5,ruRU/patch-ruRU-4.mpq:DBFilesClient\CharSections.dbc,D:\Sirus\_client\World of Warcraft Sirus\Naga_Extract_2026-10-03\DiscoveredFromDBC\ByArchive\patch-p.mpq\character\NagaSirusHD\female\NagaHair03_14.blp
patch-p.mpq,character\NagaSirusHD\female\NagaHair03_15.blp,350724,5B5DCBFC5C15C8EEF0D3FD1D508331A5DA2E40E6,ruRU/patch-ruRU-4.mpq:DBFilesClient\CharSections.dbc,D:\Sirus\_client\World of Warcraft Sirus\Naga_Extract_2026-10-03\DiscoveredFromDBC\ByArchive\patch-p.mpq\character\NagaSirusHD\female\NagaHair03_15.blp
patch-p.mpq,character\NagaSirusHD\female\NagaHair04_00.blp,350724,B6DF41842DA693942EA2C566A9006AAF4DCA1E70,ruRU/patch-ruRU-4.mpq:DBFilesClient\CharSections.dbc,D:\Sirus\_client\World of Warcraft Sirus\Naga_Extract_2026-10-03\DiscoveredFromDBC\ByArchive\patch-p.mpq\character\NagaSirusHD\female\NagaHair04_00.blp
patch-p.mpq,character\NagaSirusHD\female\NagaHair04_01.blp,350724,673F96E019FF84BBE0D70B646515C1517BBCE593,ruRU/patch-ruRU-4.mpq:DBFilesClient\CharSections.dbc,D:\Sirus\_client\World of Warcraft Sirus\Naga_Extract_2026-10-03\DiscoveredFromDBC\ByArchive\patch-p.mpq\character\NagaSirusHD\female\NagaHair04_01.blp
patch-p.mpq,character\NagaSirusHD\female\NagaHair04_02.blp,350724,54482EF3A1D5DE0EB79BCDBC385098C55E7A101C,ruRU/patch-ruRU-4.mpq:DBFilesClient\CharSections.dbc,D:\Sirus\_client\World of Warcraft Sirus\Naga_Extract_2026-10-03\DiscoveredFromDBC\ByArchive\patch-p.mpq\character\NagaSirusHD\female\NagaHair04_02.blp
patch-p.mpq,character\NagaSirusHD\female\NagaHair04_03.blp,350724,3BA273F81067958CC8BE8DA54B8474FC9FF390C5,ruRU/patch-ruRU-4.mpq:DBFilesClient\CharSections.dbc,D:\Sirus\_client\World of Warcraft Sirus\Naga_Extract_2026-10-03\DiscoveredFromDBC\ByArchive\patch-p.mpq\character\NagaSirusHD\female\NagaHair04_03.blp
patch-p.mpq,character\NagaSirusHD\female\NagaHair04_04.blp,350724,5C5342C2517CAB0B8622E232816736C27777EBD6,ruRU/patch-ruRU-4.mpq:DBFilesClient\CharSections.dbc,D:\Sirus\_client\World of Warcraft Sirus\Naga_Extract_2026-10-03\DiscoveredFromDBC\ByArchive\patch-p.mpq\character\NagaSirusHD\female\NagaHair04_04.blp
patch-p.mpq,character\NagaSirusHD\female\NagaHair04_05.blp,350724,A8FB0BF55C07B43980A7100041577A3CFD7235F1,ruRU/patch-ruRU-4.mpq:DBFilesClient\CharSections.dbc,D:\Sirus\_client\World of Warcraft Sirus\Naga_Extract_2026-10-03\DiscoveredFromDBC\ByArchive\patch-p.mpq\character\NagaSirusHD\female\NagaHair04_05.blp
patch-p.mpq,character\NagaSirusHD\female\NagaHair04_06.blp,350724,28F2B06DB272EC0034DB627B3C30E5067825B870,ruRU/patch-ruRU-4.mpq:DBFilesClient\CharSections.dbc,D:\Sirus\_client\World of Warcraft Sirus\Naga_Extract_2026-10-03\DiscoveredFromDBC\ByArchive\patch-p.mpq\character\NagaSirusHD\female\NagaHair04_06.blp
patch-p.mpq,character\NagaSirusHD\female\NagaHair04_07.blp,350724,27BFE11AB6B540D69A0BFC151A494661109F8523,ruRU/patch-ruRU-4.mpq:DBFilesClient\CharSections.dbc,D:\Sirus\_client\World of Warcraft Sirus\Naga_Extract_2026-10-03\DiscoveredFromDBC\ByArchive\patch-p.mpq\character\NagaSirusHD\female\NagaHair04_07.blp
patch-p.mpq,character\NagaSirusHD\female\NagaHair04_08.blp,350724,2631F9F76B79016328B6CB1EDC264442EA5B1F34,ruRU/patch-ruRU-4.mpq:DBFilesClient\CharSections.dbc,D:\Sirus\_client\World of Warcraft Sirus\Naga_Extract_2026-10-03\DiscoveredFromDBC\ByArchive\patch-p.mpq\character\NagaSirusHD\female\NagaHair04_08.blp
patch-p.mpq,character\NagaSirusHD\female\NagaHair04_09.blp,350724,79CE99A2D33502103CB0818DD0272050BA54A568,ruRU/patch-ruRU-4.mpq:DBFilesClient\CharSections.dbc,D:\Sirus\_client\World of Warcraft Sirus\Naga_Extract_2026-10-03\DiscoveredFromDBC\ByArchive\patch-p.mpq\character\NagaSirusHD\female\NagaHair04_09.blp
patch-p.mpq,character\NagaSirusHD\female\NagaHair04_10.blp,350724,B1115D9BEEA7634F414EBDA3E8DCFD0AAF5339EB,ruRU/patch-ruRU-4.mpq:DBFilesClient\CharSections.dbc,D:\Sirus\_client\World of Warcraft Sirus\Naga_Extract_2026-10-03\DiscoveredFromDBC\ByArchive\patch-p.mpq\character\NagaSirusHD\female\NagaHair04_10.blp
patch-p.mpq,character\NagaSirusHD\female\NagaHair04_11.blp,350724,1994F99E4FB5C64841425172F5FB08F96C0C5A6A,ruRU/patch-ruRU-4.mpq:DBFilesClient\CharSections.dbc,D:\Sirus\_client\World of Warcraft Sirus\Naga_Extract_2026-10-03\DiscoveredFromDBC\ByArchive\patch-p.mpq\character\NagaSirusHD\female\NagaHair04_11.blp
patch-p.mpq,character\NagaSirusHD\female\NagaHair04_12.blp,350724,B00358E86FEC896B9E023750DDCF4A087C5DA1D1,ruRU/patch-ruRU-4.mpq:DBFilesClient\CharSections.dbc,D:\Sirus\_client\World of Warcraft Sirus\Naga_Extract_2026-10-03\DiscoveredFromDBC\ByArchive\patch-p.mpq\character\NagaSirusHD\female\NagaHair04_12.blp
patch-p.mpq,character\NagaSirusHD\female\NagaHair04_13.blp,350724,FDC3873E23DB82AD833595DCCD036BA78BB30D4A,ruRU/patch-ruRU-4.mpq:DBFilesClient\CharSections.dbc,D:\Sirus\_client\World of Warcraft Sirus\Naga_Extract_2026-10-03\DiscoveredFromDBC\ByArchive\patch-p.mpq\character\NagaSirusHD\female\NagaHair04_13.blp
patch-p.mpq,character\NagaSirusHD\female\NagaHair04_14.blp,350724,9C63A11D068AE38CF15039529189ED088382B8AD,ruRU/patch-ruRU-4.mpq:DBFilesClient\CharSections.dbc,D:\Sirus\_client\World of Warcraft Sirus\Naga_Extract_2026-10-03\DiscoveredFromDBC\ByArchive\patch-p.mpq\character\NagaSirusHD\female\NagaHair04_14.blp
patch-p.mpq,character\NagaSirusHD\female\NagaHair04_15.blp,350724,615E71C7D8D633B8FD396ADA64E245D1977D0B13,ruRU/patch-ruRU-4.mpq:DBFilesClient\CharSections.dbc,D:\Sirus\_client\World of Warcraft Sirus\Naga_Extract_2026-10-03\DiscoveredFromDBC\ByArchive\patch-p.mpq\character\NagaSirusHD\female\NagaHair04_15.blp
patch-p.mpq,character\NagaSirusHD\female\Nagafemalenakedtorsoskin00_00_hd.blp,88552,BAD7D8062CEDF5CF88B9CA1E06ED1431C390F478,ruRU/patch-ruRU-4.mpq:DBFilesClient\CharSections.dbc,D:\Sirus\_client\World of Warcraft Sirus\Naga_Extract_2026-10-03\DiscoveredFromDBC\ByArchive\patch-p.mpq\character\NagaSirusHD\female\Nagafemalenakedtorsoskin00_00_hd.blp
patch-p.mpq,Character\Naga\Male\Naga_HD_Male.m2,1047944,48A0B5699E0D12D8AA7AE36E153A598A51A26A74,ruRU/patch-ruRU-4.mpq:DBFilesClient\CreatureModelData.dbc [mdx->m2],D:\Sirus\_client\World of Warcraft Sirus\Naga_Extract_2026-10-03\DiscoveredFromDBC\ByArchive\patch-p.mpq\Character\Naga\Male\Naga_HD_Male.m2
patch-p.mpq,Character\Naga\Female\Naga_HD_Female.m2,1133176,FC82DCF88B8045576DD28BDAC05D6155F17B2FFF,ruRU/patch-ruRU-4.mpq:DBFilesClient\CreatureModelData.dbc [mdx->m2],D:\Sirus\_client\World of Warcraft Sirus\Naga_Extract_2026-10-03\DiscoveredFromDBC\ByArchive\patch-p.mpq\Character\Naga\Female\Naga_HD_Female.m2
patch-p.mpq,character\NagaSirusHD\male\Snaga_male.m2,18555504,734D65A93C01877794245BD1D321A4E6C09AC3A5,ruRU/patch-ruRU-4.mpq:DBFilesClient\CreatureModelData.dbc [mdx->m2],D:\Sirus\_client\World of Warcraft Sirus\Naga_Extract_2026-10-03\DiscoveredFromDBC\ByArchive\patch-p.mpq\character\NagaSirusHD\male\Snaga_male.m2
patch-p.mpq,character\NagaSirusHD\female\Snaga_Female.m2,20592352,8C730CCBA700E1A4596C2A31D909DF396984660E,ruRU/patch-ruRU-4.mpq:DBFilesClient\CreatureModelData.dbc [mdx->m2],D:\Sirus\_client\World of Warcraft Sirus\Naga_Extract_2026-10-03\DiscoveredFromDBC\ByArchive\patch-p.mpq\character\NagaSirusHD\female\Snaga_Female.m2
patch-q.mpq,character\NagaSirusHD\male\Snaga_male.m2,18617728,CBE08B7C9743986050A06688B5E3B20B2536A914,ruRU/patch-ruRU-4.mpq:DBFilesClient\CreatureModelData.dbc [mdx->m2],D:\Sirus\_client\World of Warcraft Sirus\Naga_Extract_2026-10-03\DiscoveredFromDBC\ByArchive\patch-q.mpq\character\NagaSirusHD\male\Snaga_male.m2
patch-q.mpq,character\NagaSirusHD\female\Snaga_Female.m2,20590760,2627FA86072B050FBA201AEA01736F6268BBFAA3,ruRU/patch-ruRU-4.mpq:DBFilesClient\CreatureModelData.dbc [mdx->m2],D:\Sirus\_client\World of Warcraft Sirus\Naga_Extract_2026-10-03\DiscoveredFromDBC\ByArchive\patch-q.mpq\character\NagaSirusHD\female\Snaga_Female.m2
patch-t.mpq,character\NagaSirusHD\male\Snaga_male.m2,2572816,D04D1B95893D8701D5F5F495ED5868678D9B930E,ruRU/patch-ruRU-4.mpq:DBFilesClient\CreatureModelData.dbc [mdx->m2],D:\Sirus\_client\World of Warcraft Sirus\Naga_Extract_2026-10-03\DiscoveredFromDBC\ByArchive\patch-t.mpq\character\NagaSirusHD\male\Snaga_male.m2
patch-t.mpq,character\NagaSirusHD\female\Snaga_Female.m2,2731376,7130A5FE1C35D820DAB32DB8815C9641C77D3BD7,ruRU/patch-ruRU-4.mpq:DBFilesClient\CreatureModelData.dbc [mdx->m2],D:\Sirus\_client\World of Warcraft Sirus\Naga_Extract_2026-10-03\DiscoveredFromDBC\ByArchive\patch-t.mpq\character\NagaSirusHD\female\Snaga_Female.m2
patch-u.mpq,Creature\CustomCharacters\Alaeth\AlaethNaga.m2,2017648,5CD019AD828792D1CF8EFF402E9EB7C538BF5DAF,ruRU/patch-ruRU-4.mpq:DBFilesClient\CreatureModelData.dbc [mdx->m2],D:\Sirus\_client\World of Warcraft Sirus\Naga_Extract_2026-10-03\DiscoveredFromDBC\ByArchive\patch-u.mpq\Creature\CustomCharacters\Alaeth\AlaethNaga.m2
patch-u.mpq,character\NagaSirusHD\male\Snaga_male.m2,2590656,B36AF526E320628131887733AA4A01558569F491,ruRU/patch-ruRU-4.mpq:DBFilesClient\CreatureModelData.dbc [mdx->m2],D:\Sirus\_client\World of Warcraft Sirus\Naga_Extract_2026-10-03\DiscoveredFromDBC\ByArchive\patch-u.mpq\character\NagaSirusHD\male\Snaga_male.m2
patch-u.mpq,character\NagaSirusHD\female\Snaga_Female.m2,2749832,B271E7EC18D996AD3B9C163DB5490B133A645139,ruRU/patch-ruRU-4.mpq:DBFilesClient\CreatureModelData.dbc [mdx->m2],D:\Sirus\_client\World of Warcraft Sirus\Naga_Extract_2026-10-03\DiscoveredFromDBC\ByArchive\patch-u.mpq\character\NagaSirusHD\female\Snaga_Female.m2
common.mpq,CREATURE\NAGAMALE\SIRENREFLECT.BLP,3916,4D4E1DDA0291F6DF40AC1ACF1441F2D7573E6CA7,common.mpq:Creature\NagaMale\NagaMale.m2 | common.mpq:Creature\NagaFemale\Siren.m2 | common.mpq:CHARACTER\Naga_\Female\Naga_Female.m2 | common.mpq:Creature\NagaLordMale\NagaLordMale.m2,D:\Sirus\_client\World of Warcraft Sirus\Naga_Extract_2026-10-03\DiscoveredFromDBC\ByArchive\common.mpq\CREATURE\NAGAMALE\SIRENREFLECT.BLP
common.mpq,WORLD\EXPANSION01\DOODADS\GENERIC\NAGA\ARK\NA_DISTILLER.BLP,88580,AC96F62BE8198336FD2B9DE7FFBA154DEC4F4147,common.mpq:Creature\QuestObjects\Creature_NagaDistiller.m2,D:\Sirus\_client\World of Warcraft Sirus\Naga_Extract_2026-10-03\DiscoveredFromDBC\ByArchive\common.mpq\WORLD\EXPANSION01\DOODADS\GENERIC\NAGA\ARK\NA_DISTILLER.BLP
common.mpq,WORLD\EXPANSION01\DOODADS\GENERIC\NAGA\ARK\NA_TORCH.BLP,44900,5623D400F695C5E3461D2C313C0DCCE95F594B24,common.mpq:Creature\QuestObjects\Creature_NagaDistiller.m2,D:\Sirus\_client\World of Warcraft Sirus\Naga_Extract_2026-10-03\DiscoveredFromDBC\ByArchive\common.mpq\WORLD\EXPANSION01\DOODADS\GENERIC\NAGA\ARK\NA_TORCH.BLP
common.mpq,CREATURE\QUESTOBJECTS\GLASSSHARD_NAGA.BLP,6660,F914BBBE3D9AA8BF570B82F0663FCB0B34F1268E,common.mpq:Creature\QuestObjects\Creature_NagaDistiller.m2,D:\Sirus\_client\World of Warcraft Sirus\Naga_Extract_2026-10-03\DiscoveredFromDBC\ByArchive\common.mpq\CREATURE\QUESTOBJECTS\GLASSSHARD_NAGA.BLP
common.mpq,CREATURE\QUESTOBJECTS\GLASSSHARD_NAGA02.BLP,6660,10DD0254544B293BF28E906359FBAD0B4FA82D1F,common.mpq:Creature\QuestObjects\Creature_NagaDistiller.m2,D:\Sirus\_client\World of Warcraft Sirus\Naga_Extract_2026-10-03\DiscoveredFromDBC\ByArchive\common.mpq\CREATURE\QUESTOBJECTS\GLASSSHARD_NAGA02.BLP
common.mpq,Creature\NagaLordMale\NagaLordSkinRed.blp,350724,A3107CBDC5B0DD5F3E36CFC2DC6FCABBCFA4D8B0,common.mpq:Creature\NagaLordMale\NagaLordMale.m2 | common.mpq:SPELLS\nagalordshell_missile.m2,D:\Sirus\_client\World of Warcraft Sirus\Naga_Extract_2026-10-03\DiscoveredFromDBC\ByArchive\common.mpq\Creature\NagaLordMale\NagaLordSkinRed.blp
common.mpq,Creature\NagaLordMale\NagaLordTogaGray.blp,44876,E6BA3F0F0AC9CC90C29DE71C35F914639ACA5FF0,common.mpq:Creature\NagaLordMale\NagaLordMale.m2,D:\Sirus\_client\World of Warcraft Sirus\Naga_Extract_2026-10-03\DiscoveredFromDBC\ByArchive\common.mpq\Creature\NagaLordMale\NagaLordTogaGray.blp
common.mpq,WORLD\EXPANSION01\DOODADS\GENERIC\NAGA\CRATES\NA_JARS.BLP,44876,DABB8B008F741F872925AEC1084823BDDF7A1907,common.mpq:world\expansion01\doodads\generic\naga\crates\na_crate02.m2,D:\Sirus\_client\World of Warcraft Sirus\Naga_Extract_2026-10-03\DiscoveredFromDBC\ByArchive\common.mpq\WORLD\EXPANSION01\DOODADS\GENERIC\NAGA\CRATES\NA_JARS.BLP
patch-5.MPQ,Creature\NagaBrute\ArmorReflect3.blp,3916,C73E41648809B9382A6583ADE8CA727A530643EA,patch-5.MPQ:creature\nagabrute\nagabrute.m2,D:\Sirus\_client\World of Warcraft Sirus\Naga_Extract_2026-10-03\DiscoveredFromDBC\ByArchive\patch-5.MPQ\Creature\NagaBrute\ArmorReflect3.blp
patch-5.MPQ,creature\babynaga\armorreflect_rainbow_2264904.blp,3916,6DC0373C626422FFC1ED9EA95D3D6E619FFBC6B7,patch-5.MPQ:creature\babynaga\babynaga.m2,D:\Sirus\_client\World of Warcraft Sirus\Naga_Extract_2026-10-03\DiscoveredFromDBC\ByArchive\patch-5.MPQ\creature\babynaga\armorreflect_rainbow_2264904.blp
patch-5.MPQ,Creature\CustomCharacters\Alaeth\AlaethNaga_Body.blp,700236,BA68C35B0495C3BD6217A460DF286C6CEC4B0C78,patch-5.MPQ:Creature\CustomCharacters\Alaeth\AlaethNaga.m2 | patch-u.mpq:Creature\CustomCharacters\Alaeth\AlaethNaga.m2,D:\Sirus\_client\World of Warcraft Sirus\Naga_Extract_2026-10-03\DiscoveredFromDBC\ByArchive\patch-5.MPQ\Creature\CustomCharacters\Alaeth\AlaethNaga_Body.blp
patch-5.MPQ,Creature\CustomCharacters\Alaeth\AlaethNaga_Tent.blp,1399300,89FE21DE44CE184845474B748623DEAD97444B98,patch-5.MPQ:Creature\CustomCharacters\Alaeth\AlaethNaga.m2 | patch-u.mpq:Creature\CustomCharacters\Alaeth\AlaethNaga.m2,D:\Sirus\_client\World of Warcraft Sirus\Naga_Extract_2026-10-03\DiscoveredFromDBC\ByArchive\patch-5.MPQ\Creature\CustomCharacters\Alaeth\AlaethNaga_Tent.blp
patch-5.MPQ,Creature\CustomCharacters\Alaeth\AlaethNaga_Effect.blp,88580,2177DAAC0DD485306C2E22C6BBC3765F25BA99C4,patch-5.MPQ:Creature\CustomCharacters\Alaeth\AlaethNaga.m2 | patch-u.mpq:Creature\CustomCharacters\Alaeth\AlaethNaga.m2,D:\Sirus\_client\World of Warcraft Sirus\Naga_Extract_2026-10-03\DiscoveredFromDBC\ByArchive\patch-5.MPQ\Creature\CustomCharacters\Alaeth\AlaethNaga_Effect.blp
patch-5.MPQ,Creature\CustomCharacters\Alaeth\AlaethNaga_Hair.blp,350724,8E4839407A02B181681BB0FFC2E14FCF09F4F177,patch-5.MPQ:Creature\CustomCharacters\Alaeth\AlaethNaga.m2 | patch-u.mpq:Creature\CustomCharacters\Alaeth\AlaethNaga.m2,D:\Sirus\_client\World of Warcraft Sirus\Naga_Extract_2026-10-03\DiscoveredFromDBC\ByArchive\patch-5.MPQ\Creature\CustomCharacters\Alaeth\AlaethNaga_Hair.blp
patch-5.MPQ,Creature\CustomCharacters\Alaeth\AlaethNaga_Armor.blp,700236,AF609A62D39D55AB4A6DC56C60C6B84B6FAD36BC,patch-5.MPQ:Creature\CustomCharacters\Alaeth\AlaethNaga.m2 | patch-u.mpq:Creature\CustomCharacters\Alaeth\AlaethNaga.m2,D:\Sirus\_client\World of Warcraft Sirus\Naga_Extract_2026-10-03\DiscoveredFromDBC\ByArchive\patch-5.MPQ\Creature\CustomCharacters\Alaeth\AlaethNaga_Armor.blp
patch-5.MPQ,Creature\CustomCharacters\Alaeth\AlaethNaga_Face.blp,350708,7AE957455AFF0AEF1133D0997BE9850080C4D691,patch-5.MPQ:Creature\CustomCharacters\Alaeth\AlaethNaga.m2 | patch-u.mpq:Creature\CustomCharacters\Alaeth\AlaethNaga.m2,D:\Sirus\_client\World of Warcraft Sirus\Naga_Extract_2026-10-03\DiscoveredFromDBC\ByArchive\patch-5.MPQ\Creature\CustomCharacters\Alaeth\AlaethNaga_Face.blp
patch-5.MPQ,Creature\CustomCharacters\Alaeth\AlaethNaga_TentacleHair.blp,350708,280E2FF2671D15B5E18CB08D3C22EA5591E9045A,patch-5.MPQ:Creature\CustomCharacters\Alaeth\AlaethNaga.m2 | patch-u.mpq:Creature\CustomCharacters\Alaeth\AlaethNaga.m2,D:\Sirus\_client\World of Warcraft Sirus\Naga_Extract_2026-10-03\DiscoveredFromDBC\ByArchive\patch-5.MPQ\Creature\CustomCharacters\Alaeth\AlaethNaga_TentacleHair.blp
patch-5.MPQ,Creature\CustomCharacters\Alaeth\AlaethNaga_Fins.blp,350724,E29889032737803712F67821A7C7F915AC7C8A01,patch-5.MPQ:Creature\CustomCharacters\Alaeth\AlaethNaga.m2 | patch-u.mpq:Creature\CustomCharacters\Alaeth\AlaethNaga.m2,D:\Sirus\_client\World of Warcraft Sirus\Naga_Extract_2026-10-03\DiscoveredFromDBC\ByArchive\patch-5.MPQ\Creature\CustomCharacters\Alaeth\AlaethNaga_Fins.blp
patch-p.mpq,character\NagaSirusHD\male\armorreflect4.blp,3916,A63F947856E395D628A8D09D346FB83D70A19F8F,patch-p.mpq:character\NagaSirusHD\male\Snaga_male.m2 | patch-q.mpq:character\NagaSirusHD\male\Snaga_male.m2 | patch-t.mpq:character\NagaSirusHD\male\Snaga_male.m2 | patch-u.mpq:character\NagaSirusHD\male\Snaga_male.m2,D:\Sirus\_client\World of Warcraft Sirus\Naga_Extract_2026-10-03\DiscoveredFromDBC\ByArchive\patch-p.mpq\character\NagaSirusHD\male\armorreflect4.blp
