FileDataID,Archive,MPQPath,Size,SHA1,OutputPath
53286,common.mpq,Sound\music\ZONEMUSIC\Azuremyst\AI_NagaWalkUni01.mp3,2063801,C0F0DAF953B4F80259A96E649838BDA3EDDA6D2A,D:\Sirus\_client\World of Warcraft Sirus\Naga_Extract_2026-10-03\ByArchive\common.mpq\Sound\music\ZONEMUSIC\Azuremyst\AI_NagaWalkUni01.mp3
53287,common.mpq,Sound\music\ZONEMUSIC\Azuremyst\AI_NagaWalkUni02.mp3,1482315,568B5886DA31762DD5F48578B10C4164A295C661,D:\Sirus\_client\World of Warcraft Sirus\Naga_Extract_2026-10-03\ByArchive\common.mpq\Sound\music\ZONEMUSIC\Azuremyst\AI_NagaWalkUni02.mp3
53288,common.mpq,Sound\music\ZONEMUSIC\Azuremyst\AI_NagaWalkUni03.mp3,2999507,F423508DA7C1CBA521033844B071A6FF6AF6E4FE,D:\Sirus\_client\World of Warcraft Sirus\Naga_Extract_2026-10-03\ByArchive\common.mpq\Sound\music\ZONEMUSIC\Azuremyst\AI_NagaWalkUni03.mp3
53289,common.mpq,Sound\music\ZONEMUSIC\Azuremyst\AI_NagaWalkUni04.mp3,1469777,07165C513C077CD6C2D6B11582137D6851A0A95E,D:\Sirus\_client\World of Warcraft Sirus\Naga_Extract_2026-10-03\ByArchive\common.mpq\Sound\music\ZONEMUSIC\Azuremyst\AI_NagaWalkUni04.mp3
53290,common.mpq,Sound\music\ZONEMUSIC\Azuremyst\AI_NagaWalkUni05.mp3,1975507,03E9CAF24CE9F69EA26B54BEAAE8EA4D9DDFDE95,D:\Sirus\_client\World of Warcraft Sirus\Naga_Extract_2026-10-03\ByArchive\common.mpq\Sound\music\ZONEMUSIC\Azuremyst\AI_NagaWalkUni05.mp3
53360,common.mpq,Sound\music\ZONEMUSIC\Bloodmyst\BI_NagaIntro01.mp3,636993,4C8785618FCCCE3D09746F7E4AEECBFB7A26128E,D:\Sirus\_client\World of Warcraft Sirus\Naga_Extract_2026-10-03\ByArchive\common.mpq\Sound\music\ZONEMUSIC\Bloodmyst\BI_NagaIntro01.mp3
53361,common.mpq,Sound\music\ZONEMUSIC\Bloodmyst\BI_NagaIntro01r.mp3,515262,29AE570C98082F972C8E21A4795D61E2559DDB21,D:\Sirus\_client\World of Warcraft Sirus\Naga_Extract_2026-10-03\ByArchive\common.mpq\Sound\music\ZONEMUSIC\Bloodmyst\BI_NagaIntro01r.mp3
108165,common.mpq,World\WMO\Azeroth\Collidable Doodads\Stranglethorn\StranglethornArenaGate\StrangleArenaGate01.wmo,972,617A2C49EECB4499D2A3A772E249F0F7949FE3A4,D:\Sirus\_client\World of Warcraft Sirus\Naga_Extract_2026-10-03\ByArchive\common.mpq\World\WMO\Azeroth\Collidable Doodads\Stranglethorn\StranglethornArenaGate\StrangleArenaGate01.wmo
108166,common.mpq,World\WMO\Azeroth\Collidable Doodads\Stranglethorn\StranglethornArenaGate\StrangleArenaGate01_000.wmo,14312,BCA2E5CCAB05237E812C22A12F0756A4E91392B5,D:\Sirus\_client\World of Warcraft Sirus\Naga_Extract_2026-10-03\ByArchive\common.mpq\World\WMO\Azeroth\Collidable Doodads\Stranglethorn\StranglethornArenaGate\StrangleArenaGate01_000.wmo
111276,common.mpq,World\WMO\Dungeon\MD_Mountaincave\MD_Nagacave.wmo,12996,3E72AD76B2B6376E2B649CD53B775F8D61463879,D:\Sirus\_client\World of Warcraft Sirus\Naga_Extract_2026-10-03\ByArchive\common.mpq\World\WMO\Dungeon\MD_Mountaincave\MD_Nagacave.wmo
111277,common.mpq,World\WMO\Dungeon\MD_Mountaincave\MD_Nagacave_000.wmo,18968,AC1860B63F4401246C6560FEEC86A76CFF230D28,D:\Sirus\_client\World of Warcraft Sirus\Naga_Extract_2026-10-03\ByArchive\common.mpq\World\WMO\Dungeon\MD_Mountaincave\MD_Nagacave_000.wmo
111278,common.mpq,World\WMO\Dungeon\MD_Mountaincave\MD_Nagacave_001.wmo,289280,CF42490AEDB1EF9624D5848839C2F5A7458FE654,D:\Sirus\_client\World of Warcraft Sirus\Naga_Extract_2026-10-03\ByArchive\common.mpq\World\WMO\Dungeon\MD_Mountaincave\MD_Nagacave_001.wmo
111279,common.mpq,World\WMO\Dungeon\MD_Mountaincave\MD_Nagacave_002.wmo,377256,57F753BF179D0F56157D37577DDA8250D98FF078,D:\Sirus\_client\World of Warcraft Sirus\Naga_Extract_2026-10-03\ByArchive\common.mpq\World\WMO\Dungeon\MD_Mountaincave\MD_Nagacave_002.wmo
111280,common.mpq,World\WMO\Dungeon\MD_Mountaincave\MD_Nagacave_003.wmo,32378,76889B8A13C8FFC8378405E7854BE34EEB300350,D:\Sirus\_client\World of Warcraft Sirus\Naga_Extract_2026-10-03\ByArchive\common.mpq\World\WMO\Dungeon\MD_Mountaincave\MD_Nagacave_003.wmo
111313,common.mpq,World\WMO\Dungeon\MD_NagaTemple\MD_NagaTemple.wmo,24596,5678B76B917AA4236A0D7961592B46C49A7098E5,D:\Sirus\_client\World of Warcraft Sirus\Naga_Extract_2026-10-03\ByArchive\common.mpq\World\WMO\Dungeon\MD_NagaTemple\MD_NagaTemple.wmo
111314,common.mpq,World\WMO\Dungeon\MD_NagaTemple\MD_NagaTemple_000.wmo,251898,30F614B85C1FAC4ED01C5336DF9E076023E3ADE1,D:\Sirus\_client\World of Warcraft Sirus\Naga_Extract_2026-10-03\ByArchive\common.mpq\World\WMO\Dungeon\MD_NagaTemple\MD_NagaTemple_000.wmo
111315,common.mpq,World\WMO\Dungeon\MD_NagaTemple\MD_NagaTemple_001.wmo,510392,791CC404B3CA0BFC00CE09366AFEC06B7C3DC7DE,D:\Sirus\_client\World of Warcraft Sirus\Naga_Extract_2026-10-03\ByArchive\common.mpq\World\WMO\Dungeon\MD_NagaTemple\MD_NagaTemple_001.wmo
111316,common.mpq,World\WMO\Dungeon\MD_NagaTemple\MD_NagaTemple_002.wmo,353434,2C13D86FF3C6609AE80F320C6822897863C43E5D,D:\Sirus\_client\World of Warcraft Sirus\Naga_Extract_2026-10-03\ByArchive\common.mpq\World\WMO\Dungeon\MD_NagaTemple\MD_NagaTemple_002.wmo
111317,common.mpq,World\WMO\Dungeon\MD_NagaTemple\MD_NagaTemple_003.wmo,555356,9DF572435192D20DC4ADB616E8B3EFA87B4AD711,D:\Sirus\_client\World of Warcraft Sirus\Naga_Extract_2026-10-03\ByArchive\common.mpq\World\WMO\Dungeon\MD_NagaTemple\MD_NagaTemple_003.wmo
111318,common.mpq,World\WMO\Dungeon\MD_NagaTemple\MD_NagaTemple_004.wmo,52172,E9A172D442D7B943ECEEFC971B9A7BEFD844B39C,D:\Sirus\_client\World of Warcraft Sirus\Naga_Extract_2026-10-03\ByArchive\common.mpq\World\WMO\Dungeon\MD_NagaTemple\MD_NagaTemple_004.wmo
112820,common.mpq,World\WMO\Kalimdor\Buildings\NagaPagoda\NagaPagoda01.wmo,476,820F4FD8346F461AB13A56B0D45B9DCFB5BF0E25,D:\Sirus\_client\World of Warcraft Sirus\Naga_Extract_2026-10-03\ByArchive\common.mpq\World\WMO\Kalimdor\Buildings\NagaPagoda\NagaPagoda01.wmo
112821,common.mpq,World\WMO\Kalimdor\Buildings\NagaPagoda\NagaPagoda01_000.wmo,51010,03EC8F8539747FE902C4CABAEEDB6E1641FC3C2D,D:\Sirus\_client\World of Warcraft Sirus\Naga_Extract_2026-10-03\ByArchive\common.mpq\World\WMO\Kalimdor\Buildings\NagaPagoda\NagaPagoda01_000.wmo
112822,common.mpq,World\WMO\Kalimdor\Buildings\NagaPagoda\NagaPagodaHut02.wmo,460,A414AED2F97B81A93BB17388F9F70455D0B4A0C1,D:\Sirus\_client\World of Warcraft Sirus\Naga_Extract_2026-10-03\ByArchive\common.mpq\World\WMO\Kalimdor\Buildings\NagaPagoda\NagaPagodaHut02.wmo
112823,common.mpq,World\WMO\Kalimdor\Buildings\NagaPagoda\NagaPagodaHut02_000.wmo,53640,BAD7FFD72382352FFD39C0EBE02356C1DA445AF2,D:\Sirus\_client\World of Warcraft Sirus\Naga_Extract_2026-10-03\ByArchive\common.mpq\World\WMO\Kalimdor\Buildings\NagaPagoda\NagaPagodaHut02_000.wmo
112824,common.mpq,World\WMO\Kalimdor\Buildings\NagaPagoda\ND_Naga_Pagoda_01.wmo,480,AD6EFF56B5EE6E74F28AAB71D4AE780257339C2F,D:\Sirus\_client\World of Warcraft Sirus\Naga_Extract_2026-10-03\ByArchive\common.mpq\World\WMO\Kalimdor\Buildings\NagaPagoda\ND_Naga_Pagoda_01.wmo
112825,common.mpq,World\WMO\Kalimdor\Buildings\NagaPagoda\ND_Naga_Pagoda_01_000.wmo,83326,0422D0CBC19A460AF18B367BE5593D36AA61130A,D:\Sirus\_client\World of Warcraft Sirus\Naga_Extract_2026-10-03\ByArchive\common.mpq\World\WMO\Kalimdor\Buildings\NagaPagoda\ND_Naga_Pagoda_01_000.wmo
112826,common.mpq,World\WMO\Kalimdor\Buildings\NagaPagoda\ND_Naga_Pagoda_02.wmo,480,A72EE87BA2C4B082A2ECA19F6BE818F0B26FE536,D:\Sirus\_client\World of Warcraft Sirus\Naga_Extract_2026-10-03\ByArchive\common.mpq\World\WMO\Kalimdor\Buildings\NagaPagoda\ND_Naga_Pagoda_02.wmo
112827,common.mpq,World\WMO\Kalimdor\Buildings\NagaPagoda\ND_Naga_Pagoda_02_000.wmo,41106,1EC620E8E89DB1E99C82187073D83A1209D418D5,D:\Sirus\_client\World of Warcraft Sirus\Naga_Extract_2026-10-03\ByArchive\common.mpq\World\WMO\Kalimdor\Buildings\NagaPagoda\ND_Naga_Pagoda_02_000.wmo
120263,common.mpq,Character\Naga_\Female\Naga_Female.m2,738384,E4E17890570824CC909B7EA96773311D69F0448C,D:\Sirus\_client\World of Warcraft Sirus\Naga_Extract_2026-10-03\ByArchive\common.mpq\Character\Naga_\Female\Naga_Female.m2
120264,common.mpq,Character\Naga_\Female\NAGA_FEMALEFACELOWER00_00.BLP,12095,6DF77FD25F2DAA4CE060381FFE1C6F5D5E21B6F3,D:\Sirus\_client\World of Warcraft Sirus\Naga_Extract_2026-10-03\ByArchive\common.mpq\Character\Naga_\Female\NAGA_FEMALEFACELOWER00_00.BLP
120265,common.mpq,Character\Naga_\Female\NAGA_FEMALEFACELOWER00_01.BLP,12095,EB6DB0A3CD12BFC6A705FE77307AC67037B1C5B9,D:\Sirus\_client\World of Warcraft Sirus\Naga_Extract_2026-10-03\ByArchive\common.mpq\Character\Naga_\Female\NAGA_FEMALEFACELOWER00_01.BLP
120266,common.mpq,Character\Naga_\Female\NAGA_FEMALEFACELOWER00_02.BLP,12095,0FCCCE3D67BD3C66E97BFEA901D2DA2041DB7B88,D:\Sirus\_client\World of Warcraft Sirus\Naga_Extract_2026-10-03\ByArchive\common.mpq\Character\Naga_\Female\NAGA_FEMALEFACELOWER00_02.BLP
120267,common.mpq,Character\Naga_\Female\NAGA_FEMALEFACELOWER00_03.BLP,12095,52657B809A32816317A5112E186830CE17DB703A,D:\Sirus\_client\World of Warcraft Sirus\Naga_Extract_2026-10-03\ByArchive\common.mpq\Character\Naga_\Female\NAGA_FEMALEFACELOWER00_03.BLP
120268,common.mpq,Character\Naga_\Female\NAGA_FEMALEFACELOWER00_04.BLP,12095,0BC77C68C48E5E63DF272D202975A3F00DCC52FB,D:\Sirus\_client\World of Warcraft Sirus\Naga_Extract_2026-10-03\ByArchive\common.mpq\Character\Naga_\Female\NAGA_FEMALEFACELOWER00_04.BLP
120269,common.mpq,Character\Naga_\Female\NAGA_FEMALEFACEUPPER00_00.BLP,6635,F50722579955EE7E18EB077BF71107F3495C348F,D:\Sirus\_client\World of Warcraft Sirus\Naga_Extract_2026-10-03\ByArchive\common.mpq\Character\Naga_\Female\NAGA_FEMALEFACEUPPER00_00.BLP
120270,common.mpq,Character\Naga_\Female\NAGA_FEMALEFACEUPPER00_01.BLP,6635,83A1E9F1CC408234FCA3CC4BE78F1403B7972DBD,D:\Sirus\_client\World of Warcraft Sirus\Naga_Extract_2026-10-03\ByArchive\common.mpq\Character\Naga_\Female\NAGA_FEMALEFACEUPPER00_01.BLP
120271,common.mpq,Character\Naga_\Female\NAGA_FEMALEFACEUPPER00_02.BLP,6635,3498D5D7FC20BC0DF3EB3A46953577C6B9DDB37F,D:\Sirus\_client\World of Warcraft Sirus\Naga_Extract_2026-10-03\ByArchive\common.mpq\Character\Naga_\Female\NAGA_FEMALEFACEUPPER00_02.BLP
120272,common.mpq,Character\Naga_\Female\NAGA_FEMALEFACEUPPER00_03.BLP,6635,664CFF510CA0364234B2E147AF4059DB4384A39F,D:\Sirus\_client\World of Warcraft Sirus\Naga_Extract_2026-10-03\ByArchive\common.mpq\Character\Naga_\Female\NAGA_FEMALEFACEUPPER00_03.BLP
120273,common.mpq,Character\Naga_\Female\NAGA_FEMALEFACEUPPER00_04.BLP,6635,6F12C5A0CA9B866DB928ED9F8FBD20AF794A2AD3,D:\Sirus\_client\World of Warcraft Sirus\Naga_Extract_2026-10-03\ByArchive\common.mpq\Character\Naga_\Female\NAGA_FEMALEFACEUPPER00_04.BLP
120274,common.mpq,Character\Naga_\Female\NAGA_FEMALENAKEDPELVISSKIN00_00.BLP,12095,771D199920DA794878F5AD7A0BF48C272E767EC4,D:\Sirus\_client\World of Warcraft Sirus\Naga_Extract_2026-10-03\ByArchive\common.mpq\Character\Naga_\Female\NAGA_FEMALENAKEDPELVISSKIN00_00.BLP
120275,common.mpq,Character\Naga_\Female\NAGA_FEMALENAKEDPELVISSKIN00_01.BLP,12095,5CDAB2CD5263EBBB797E9F7D4E5BD6ED0C74665A,D:\Sirus\_client\World of Warcraft Sirus\Naga_Extract_2026-10-03\ByArchive\common.mpq\Character\Naga_\Female\NAGA_FEMALENAKEDPELVISSKIN00_01.BLP
120276,common.mpq,Character\Naga_\Female\NAGA_FEMALENAKEDPELVISSKIN00_02.BLP,12095,0349A6BCF214720B0BB0242CB97953B22CD77E6B,D:\Sirus\_client\World of Warcraft Sirus\Naga_Extract_2026-10-03\ByArchive\common.mpq\Character\Naga_\Female\NAGA_FEMALENAKEDPELVISSKIN00_02.BLP
120277,common.mpq,Character\Naga_\Female\NAGA_FEMALENAKEDPELVISSKIN00_03.BLP,12095,9DD74B6258BBADE18A6BE6B3ECA2E52CB4E83C92,D:\Sirus\_client\World of Warcraft Sirus\Naga_Extract_2026-10-03\ByArchive\common.mpq\Character\Naga_\Female\NAGA_FEMALENAKEDPELVISSKIN00_03.BLP
120278,common.mpq,Character\Naga_\Female\NAGA_FEMALENAKEDPELVISSKIN00_04.BLP,12095,BFE80DB829238E1ECEDDE168ECD2219ACD1A9D37,D:\Sirus\_client\World of Warcraft Sirus\Naga_Extract_2026-10-03\ByArchive\common.mpq\Character\Naga_\Female\NAGA_FEMALENAKEDPELVISSKIN00_04.BLP
120279,common.mpq,Character\Naga_\Female\NAGA_FEMALENAKEDTORSOSKIN00_00.BLP,12095,2D32168BB209AA0B89EA61DC8D87505FBF650E06,D:\Sirus\_client\World of Warcraft Sirus\Naga_Extract_2026-10-03\ByArchive\common.mpq\Character\Naga_\Female\NAGA_FEMALENAKEDTORSOSKIN00_00.BLP
120280,common.mpq,Character\Naga_\Female\NAGA_FEMALENAKEDTORSOSKIN00_01.BLP,12095,A7D52FFDCFB482D36E95B200E221B90F0066E807,D:\Sirus\_client\World of Warcraft Sirus\Naga_Extract_2026-10-03\ByArchive\common.mpq\Character\Naga_\Female\NAGA_FEMALENAKEDTORSOSKIN00_01.BLP
120281,common.mpq,Character\Naga_\Female\NAGA_FEMALENAKEDTORSOSKIN00_02.BLP,12095,98987804BE7911777E2DD4023425912B086985FE,D:\Sirus\_client\World of Warcraft Sirus\Naga_Extract_2026-10-03\ByArchive\common.mpq\Character\Naga_\Female\NAGA_FEMALENAKEDTORSOSKIN00_02.BLP
120282,common.mpq,Character\Naga_\Female\NAGA_FEMALENAKEDTORSOSKIN00_03.BLP,12095,516870F85427DA955822AC779CB5254DED67DC69,D:\Sirus\_client\World of Warcraft Sirus\Naga_Extract_2026-10-03\ByArchive\common.mpq\Character\Naga_\Female\NAGA_FEMALENAKEDTORSOSKIN00_03.BLP
120283,common.mpq,Character\Naga_\Female\NAGA_FEMALENAKEDTORSOSKIN00_04.BLP,12095,09DC8969009D4DF7461C632A4B2FF418440D6CC5,D:\Sirus\_client\World of Warcraft Sirus\Naga_Extract_2026-10-03\ByArchive\common.mpq\Character\Naga_\Female\NAGA_FEMALENAKEDTORSOSKIN00_04.BLP
120284,common.mpq,Character\Naga_\Female\Naga_FemaleSkin00_00.blp,88553,9554600E7ACE57D1AD8512EFD41CF4F162A58F5D,D:\Sirus\_client\World of Warcraft Sirus\Naga_Extract_2026-10-03\ByArchive\common.mpq\Character\Naga_\Female\Naga_FemaleSkin00_00.blp
120285,common.mpq,Character\Naga_\Female\NAGA_FEMALESKIN00_00_EXTRA.BLP,44862,EE9D750365DE43F46F14E0B93F18E731B4B54F16,D:\Sirus\_client\World of Warcraft Sirus\Naga_Extract_2026-10-03\ByArchive\common.mpq\Character\Naga_\Female\NAGA_FEMALESKIN00_00_EXTRA.BLP
120286,common.mpq,Character\Naga_\Female\Naga_FemaleSkin00_01.blp,88553,6CF4751889B16547E7ABD608563E2BD2B262521B,D:\Sirus\_client\World of Warcraft Sirus\Naga_Extract_2026-10-03\ByArchive\common.mpq\Character\Naga_\Female\Naga_FemaleSkin00_01.blp
120287,common.mpq,Character\Naga_\Female\NAGA_FEMALESKIN00_01_EXTRA.BLP,44862,97FAB6643D01815202FDD5E17154725DB6096896,D:\Sirus\_client\World of Warcraft Sirus\Naga_Extract_2026-10-03\ByArchive\common.mpq\Character\Naga_\Female\NAGA_FEMALESKIN00_01_EXTRA.BLP
120288,common.mpq,Character\Naga_\Female\Naga_FemaleSkin00_02.blp,88553,47402A7B704DAEA195E92A8C96D026C39A3969EA,D:\Sirus\_client\World of Warcraft Sirus\Naga_Extract_2026-10-03\ByArchive\common.mpq\Character\Naga_\Female\Naga_FemaleSkin00_02.blp
120289,common.mpq,Character\Naga_\Female\NAGA_FEMALESKIN00_02_EXTRA.BLP,44862,F02A50E24A7EAC226FC24B5B96D178D4E123BB9C,D:\Sirus\_client\World of Warcraft Sirus\Naga_Extract_2026-10-03\ByArchive\common.mpq\Character\Naga_\Female\NAGA_FEMALESKIN00_02_EXTRA.BLP
120290,common.mpq,Character\Naga_\Female\Naga_FemaleSkin00_03.blp,88553,02B9832D02DC0AE679651C92F4B62A1228CCA54D,D:\Sirus\_client\World of Warcraft Sirus\Naga_Extract_2026-10-03\ByArchive\common.mpq\Character\Naga_\Female\Naga_FemaleSkin00_03.blp
120291,common.mpq,Character\Naga_\Female\NAGA_FEMALESKIN00_03_EXTRA.BLP,44862,2821B8E65923B644BC1AA45E8216B807D29AE852,D:\Sirus\_client\World of Warcraft Sirus\Naga_Extract_2026-10-03\ByArchive\common.mpq\Character\Naga_\Female\NAGA_FEMALESKIN00_03_EXTRA.BLP
120292,common.mpq,Character\Naga_\Female\Naga_FemaleSkin00_04.blp,88553,89D197433D3BC84FC098E9C82B222D528B123D09,D:\Sirus\_client\World of Warcraft Sirus\Naga_Extract_2026-10-03\ByArchive\common.mpq\Character\Naga_\Female\Naga_FemaleSkin00_04.blp
120293,common.mpq,Character\Naga_\Female\NAGA_FEMALESKIN00_04_EXTRA.BLP,44862,834C596EF1092293764E8CFE38A7AE9DAEE32E42,D:\Sirus\_client\World of Warcraft Sirus\Naga_Extract_2026-10-03\ByArchive\common.mpq\Character\Naga_\Female\NAGA_FEMALESKIN00_04_EXTRA.BLP
120294,common.mpq,Character\Naga_\Male\Naga_Male.m2,798832,9F1D28E8A06B41B021F3DEC9D3F76863AB6B7C83,D:\Sirus\_client\World of Warcraft Sirus\Naga_Extract_2026-10-03\ByArchive\common.mpq\Character\Naga_\Male\Naga_Male.m2
120295,common.mpq,Character\Naga_\Male\NAGA_MALEFACELOWER00_00.BLP,12095,D1E8751026C9F3F1FCD0DFC6A84A9D33B206CC77,D:\Sirus\_client\World of Warcraft Sirus\Naga_Extract_2026-10-03\ByArchive\common.mpq\Character\Naga_\Male\NAGA_MALEFACELOWER00_00.BLP
120296,common.mpq,Character\Naga_\Male\NAGA_MALEFACELOWER00_01.BLP,12095,BCBEE76F422B30E7FBEAAB26763BED476438D8BE,D:\Sirus\_client\World of Warcraft Sirus\Naga_Extract_2026-10-03\ByArchive\common.mpq\Character\Naga_\Male\NAGA_MALEFACELOWER00_01.BLP
120297,common.mpq,Character\Naga_\Male\NAGA_MALEFACELOWER00_02.BLP,12095,09BA8105E44A79DDB52531F0BFCBA1F10E471EAC,D:\Sirus\_client\World of Warcraft Sirus\Naga_Extract_2026-10-03\ByArchive\common.mpq\Character\Naga_\Male\NAGA_MALEFACELOWER00_02.BLP
120298,common.mpq,Character\Naga_\Male\NAGA_MALEFACELOWER00_03.BLP,12095,CE430021B263AF60991EA5A4F7FA066B87196599,D:\Sirus\_client\World of Warcraft Sirus\Naga_Extract_2026-10-03\ByArchive\common.mpq\Character\Naga_\Male\NAGA_MALEFACELOWER00_03.BLP
120299,common.mpq,Character\Naga_\Male\NAGA_MALEFACELOWER00_04.BLP,12095,99E7203744228D8DE8400E6FBCEFC9D4E9BA5755,D:\Sirus\_client\World of Warcraft Sirus\Naga_Extract_2026-10-03\ByArchive\common.mpq\Character\Naga_\Male\NAGA_MALEFACELOWER00_04.BLP
120300,common.mpq,Character\Naga_\Male\NAGA_MALEFACEUPPER00_00.BLP,6635,9DD2C42CAD3C657A57875E35700DBF5F66FB0E2E,D:\Sirus\_client\World of Warcraft Sirus\Naga_Extract_2026-10-03\ByArchive\common.mpq\Character\Naga_\Male\NAGA_MALEFACEUPPER00_00.BLP
120301,common.mpq,Character\Naga_\Male\NAGA_MALEFACEUPPER00_01.BLP,6635,3E21A8E6CD560F7A2D180E5B54F6AB3558B64083,D:\Sirus\_client\World of Warcraft Sirus\Naga_Extract_2026-10-03\ByArchive\common.mpq\Character\Naga_\Male\NAGA_MALEFACEUPPER00_01.BLP
120302,common.mpq,Character\Naga_\Male\NAGA_MALEFACEUPPER00_02.BLP,6635,CB8F067965CEA24FED12660F571B4D5012BB66B9,D:\Sirus\_client\World of Warcraft Sirus\Naga_Extract_2026-10-03\ByArchive\common.mpq\Character\Naga_\Male\NAGA_MALEFACEUPPER00_02.BLP
120303,common.mpq,Character\Naga_\Male\NAGA_MALEFACEUPPER00_03.BLP,6635,FA802D188FEAA50544593B465C9428747FD1C68C,D:\Sirus\_client\World of Warcraft Sirus\Naga_Extract_2026-10-03\ByArchive\common.mpq\Character\Naga_\Male\NAGA_MALEFACEUPPER00_03.BLP
120304,common.mpq,Character\Naga_\Male\NAGA_MALEFACEUPPER00_04.BLP,6635,C138A54DA3BBA25620E51E074A1C259ADA8980CB,D:\Sirus\_client\World of Warcraft Sirus\Naga_Extract_2026-10-03\ByArchive\common.mpq\Character\Naga_\Male\NAGA_MALEFACEUPPER00_04.BLP
120305,common.mpq,Character\Naga_\Male\NAGA_MALENAKEDPELVISSKIN00_00.BLP,12095,566808A2D5C870727F9363FA3C87BC17FA6E971F,D:\Sirus\_client\World of Warcraft Sirus\Naga_Extract_2026-10-03\ByArchive\common.mpq\Character\Naga_\Male\NAGA_MALENAKEDPELVISSKIN00_00.BLP
120306,common.mpq,Character\Naga_\Male\NAGA_MALENAKEDPELVISSKIN00_01.BLP,12095,D8BBF20538990B6AF259D898DAB1C93DF7E7CDAA,D:\Sirus\_client\World of Warcraft Sirus\Naga_Extract_2026-10-03\ByArchive\common.mpq\Character\Naga_\Male\NAGA_MALENAKEDPELVISSKIN00_01.BLP
120307,common.mpq,Character\Naga_\Male\NAGA_MALENAKEDPELVISSKIN00_02.BLP,12095,DAACAA479F014B20ADA4C7C7F930EB9467199FE4,D:\Sirus\_client\World of Warcraft Sirus\Naga_Extract_2026-10-03\ByArchive\common.mpq\Character\Naga_\Male\NAGA_MALENAKEDPELVISSKIN00_02.BLP
120308,common.mpq,Character\Naga_\Male\NAGA_MALENAKEDPELVISSKIN00_03.BLP,12095,A72704A98292562410B5A9416620E485F20A8C1A,D:\Sirus\_client\World of Warcraft Sirus\Naga_Extract_2026-10-03\ByArchive\common.mpq\Character\Naga_\Male\NAGA_MALENAKEDPELVISSKIN00_03.BLP
120309,common.mpq,Character\Naga_\Male\NAGA_MALENAKEDPELVISSKIN00_04.BLP,12095,01AE86135BC6FF7A46CC1BE36B97F69F8A53F6A6,D:\Sirus\_client\World of Warcraft Sirus\Naga_Extract_2026-10-03\ByArchive\common.mpq\Character\Naga_\Male\NAGA_MALENAKEDPELVISSKIN00_04.BLP
120310,common.mpq,Character\Naga_\Male\NAGA_MALENAKEDTORSOSKIN00_00.BLP,12095,13C1DD7A012BC40A966EA2BFFC61173BB57A3A98,D:\Sirus\_client\World of Warcraft Sirus\Naga_Extract_2026-10-03\ByArchive\common.mpq\Character\Naga_\Male\NAGA_MALENAKEDTORSOSKIN00_00.BLP
120311,common.mpq,Character\Naga_\Male\NAGA_MALENAKEDTORSOSKIN00_01.BLP,12095,56CACB202EF2E4BBB9DF4757F681A3923079DCAE,D:\Sirus\_client\World of Warcraft Sirus\Naga_Extract_2026-10-03\ByArchive\common.mpq\Character\Naga_\Male\NAGA_MALENAKEDTORSOSKIN00_01.BLP
120312,common.mpq,Character\Naga_\Male\NAGA_MALENAKEDTORSOSKIN00_02.BLP,12095,3A0523E9151A33C227775BC346BC39BC6D9BF945,D:\Sirus\_client\World of Warcraft Sirus\Naga_Extract_2026-10-03\ByArchive\common.mpq\Character\Naga_\Male\NAGA_MALENAKEDTORSOSKIN00_02.BLP
120313,common.mpq,Character\Naga_\Male\NAGA_MALENAKEDTORSOSKIN00_03.BLP,12095,76BA5353A4EE020BB71AAF8DDA65EF9BCD9CB784,D:\Sirus\_client\World of Warcraft Sirus\Naga_Extract_2026-10-03\ByArchive\common.mpq\Character\Naga_\Male\NAGA_MALENAKEDTORSOSKIN00_03.BLP
120314,common.mpq,Character\Naga_\Male\NAGA_MALENAKEDTORSOSKIN00_04.BLP,12095,6DC479CA1756235A70F58534F57EB772E9704FC5,D:\Sirus\_client\World of Warcraft Sirus\Naga_Extract_2026-10-03\ByArchive\common.mpq\Character\Naga_\Male\NAGA_MALENAKEDTORSOSKIN00_04.BLP
120315,common.mpq,Character\Naga_\Male\naga_maleskin00_00.blp,88553,312CF6082B5711DA33521E3F53A476FD72749C2C,D:\Sirus\_client\World of Warcraft Sirus\Naga_Extract_2026-10-03\ByArchive\common.mpq\Character\Naga_\Male\naga_maleskin00_00.blp
120316,common.mpq,Character\Naga_\Male\NAGA_MALESKIN00_00_EXTRA.BLP,44862,A018654C5C7BD3BF28094A3709B095C50E183153,D:\Sirus\_client\World of Warcraft Sirus\Naga_Extract_2026-10-03\ByArchive\common.mpq\Character\Naga_\Male\NAGA_MALESKIN00_00_EXTRA.BLP
120317,common.mpq,Character\Naga_\Male\naga_maleskin00_01.blp,88553,A42D88FA4AAACD42BAC744ED54C8DB7D83B7856D,D:\Sirus\_client\World of Warcraft Sirus\Naga_Extract_2026-10-03\ByArchive\common.mpq\Character\Naga_\Male\naga_maleskin00_01.blp
120318,common.mpq,Character\Naga_\Male\NAGA_MALESKIN00_01_EXTRA.BLP,44862,D8B70EFD217768247C8EEB42764FF50BC5AA600C,D:\Sirus\_client\World of Warcraft Sirus\Naga_Extract_2026-10-03\ByArchive\common.mpq\Character\Naga_\Male\NAGA_MALESKIN00_01_EXTRA.BLP
120319,common.mpq,Character\Naga_\Male\naga_maleskin00_02.blp,88553,DDA96F4217820FE56B2C80DACE61D127E6F70662,D:\Sirus\_client\World of Warcraft Sirus\Naga_Extract_2026-10-03\ByArchive\common.mpq\Character\Naga_\Male\naga_maleskin00_02.blp
120320,common.mpq,Character\Naga_\Male\NAGA_MALESKIN00_02_EXTRA.BLP,44862,36B4E2CB94126D96C9BF2D111A8BC177D7C2C314,D:\Sirus\_client\World of Warcraft Sirus\Naga_Extract_2026-10-03\ByArchive\common.mpq\Character\Naga_\Male\NAGA_MALESKIN00_02_EXTRA.BLP
120321,common.mpq,Character\Naga_\Male\naga_maleskin00_03.blp,88553,5A0E4DE3AB1A3126603404C86B4EDCCF3D7E3E6F,D:\Sirus\_client\World of Warcraft Sirus\Naga_Extract_2026-10-03\ByArchive\common.mpq\Character\Naga_\Male\naga_maleskin00_03.blp
120322,common.mpq,Character\Naga_\Male\NAGA_MALESKIN00_03_EXTRA.BLP,44862,FF440A92F8492670623DD28678DB66D76818132E,D:\Sirus\_client\World of Warcraft Sirus\Naga_Extract_2026-10-03\ByArchive\common.mpq\Character\Naga_\Male\NAGA_MALESKIN00_03_EXTRA.BLP
120323,common.mpq,Character\Naga_\Male\naga_maleskin00_04.blp,88553,3F3010D9B8D7DD5E10A12DAA46F8C30E7A63004C,D:\Sirus\_client\World of Warcraft Sirus\Naga_Extract_2026-10-03\ByArchive\common.mpq\Character\Naga_\Male\naga_maleskin00_04.blp
120324,common.mpq,Character\Naga_\Male\NAGA_MALESKIN00_04_EXTRA.BLP,44862,9ECD9B691CB3713ADF1358D1EFAB523569744982,D:\Sirus\_client\World of Warcraft Sirus\Naga_Extract_2026-10-03\ByArchive\common.mpq\Character\Naga_\Male\NAGA_MALESKIN00_04_EXTRA.BLP
120325,common.mpq,Character\Naga_\Male\Naga_MaleSkinBlack.blp,175934,314198CB930E50C00B22FE647F1D999EF9769B63,D:\Sirus\_client\World of Warcraft Sirus\Naga_Extract_2026-10-03\ByArchive\common.mpq\Character\Naga_\Male\Naga_MaleSkinBlack.blp
120326,common.mpq,Character\Naga_\Male\Naga_MaleSkinBlue.blp,175934,2A295675D574E63A67426668532BB94110FA739A,D:\Sirus\_client\World of Warcraft Sirus\Naga_Extract_2026-10-03\ByArchive\common.mpq\Character\Naga_\Male\Naga_MaleSkinBlue.blp
120327,common.mpq,Character\Naga_\Male\Naga_MaleSkinGreen.blp,175934,788AB36735695CF962FE3B4CC0BEC70C7DC9591C,D:\Sirus\_client\World of Warcraft Sirus\Naga_Extract_2026-10-03\ByArchive\common.mpq\Character\Naga_\Male\Naga_MaleSkinGreen.blp
120328,common.mpq,Character\Naga_\Male\Naga_MaleSkinSilver.blp,175934,AB7D50789C0BD84AAC51C12672E1742D0566F8B9,D:\Sirus\_client\World of Warcraft Sirus\Naga_Extract_2026-10-03\ByArchive\common.mpq\Character\Naga_\Male\Naga_MaleSkinSilver.blp
120329,common.mpq,Character\Naga_\Male\Naga_MaleSkinTeal.blp,175934,C0C31D0AE8BC3AB95E8DB80D8C4A24CD48F26228,D:\Sirus\_client\World of Warcraft Sirus\Naga_Extract_2026-10-03\ByArchive\common.mpq\Character\Naga_\Male\Naga_MaleSkinTeal.blp
125069,common.mpq,Creature\NagaFemale\Siren.M2,706224,02DF52AA9CF681E060B0E07EE2FC176BB4310BE6,D:\Sirus\_client\World of Warcraft Sirus\Naga_Extract_2026-10-03\ByArchive\common.mpq\Creature\NagaFemale\Siren.M2
125070,common.mpq,Creature\NagaFemale\SirenSkinAqua.blp,88580,B7F5294909C260BE38C1DED1BAA4A5359F9D49E8,D:\Sirus\_client\World of Warcraft Sirus\Naga_Extract_2026-10-03\ByArchive\common.mpq\Creature\NagaFemale\SirenSkinAqua.blp
125071,common.mpq,Creature\NagaFemale\SirenSkinBlue.blp,88580,0F659FE4C52D0A5654BAB83C39206D05457BC001,D:\Sirus\_client\World of Warcraft Sirus\Naga_Extract_2026-10-03\ByArchive\common.mpq\Creature\NagaFemale\SirenSkinBlue.blp
125072,common.mpq,Creature\NagaFemale\SirenSkinGreen.blp,88580,E16ACCE5854ABAD89E1D3B40C0065186912EB8DC,D:\Sirus\_client\World of Warcraft Sirus\Naga_Extract_2026-10-03\ByArchive\common.mpq\Creature\NagaFemale\SirenSkinGreen.blp
125073,common.mpq,Creature\NagaFemale\SirenSkinOrange.blp,88580,69F8B4A5C580279A69472B8AECE30605122CBE75,D:\Sirus\_client\World of Warcraft Sirus\Naga_Extract_2026-10-03\ByArchive\common.mpq\Creature\NagaFemale\SirenSkinOrange.blp
125074,common.mpq,Creature\NagaFemale\SirenSkinPurple.blp,88580,7440A44787E5E40D2BA2E296AC06303CD706D573,D:\Sirus\_client\World of Warcraft Sirus\Naga_Extract_2026-10-03\ByArchive\common.mpq\Creature\NagaFemale\SirenSkinPurple.blp
125075,common.mpq,Creature\NAGALORDMALE\NagaLordMale.M2,776432,8261C745148AEB5E3F58D4BBCC6CE41FAED5FFCA,D:\Sirus\_client\World of Warcraft Sirus\Naga_Extract_2026-10-03\ByArchive\common.mpq\Creature\NAGALORDMALE\NagaLordMale.M2
125076,common.mpq,Creature\NAGALORDMALE\NAGALORDSKINRED.BLP,350724,A3107CBDC5B0DD5F3E36CFC2DC6FCABBCFA4D8B0,D:\Sirus\_client\World of Warcraft Sirus\Naga_Extract_2026-10-03\ByArchive\common.mpq\Creature\NAGALORDMALE\NAGALORDSKINRED.BLP
125077,common.mpq,Creature\NAGALORDMALE\NAGALORDTOGAGRAY.BLP,44876,E6BA3F0F0AC9CC90C29DE71C35F914639ACA5FF0,D:\Sirus\_client\World of Warcraft Sirus\Naga_Extract_2026-10-03\ByArchive\common.mpq\Creature\NAGALORDMALE\NAGALORDTOGAGRAY.BLP
125078,common.mpq,Creature\NagaMale\NagaMale.m2,746048,FEC43AE56CD3E384E180BCAFD18B34BD6EA972C8,D:\Sirus\_client\World of Warcraft Sirus\Naga_Extract_2026-10-03\ByArchive\common.mpq\Creature\NagaMale\NagaMale.m2
125079,common.mpq,Creature\NAGAMALE\NagaMaleSkin.blp,88580,DC859CF8DD494DBB79626B96679B0EBFF696A042,D:\Sirus\_client\World of Warcraft Sirus\Naga_Extract_2026-10-03\ByArchive\common.mpq\Creature\NAGAMALE\NagaMaleSkin.blp
125080,common.mpq,Creature\NAGAMALE\NagaMaleSkinBlack.blp,88580,6C3166C5E8FFBF3C9C7F503377C817C512D060AA,D:\Sirus\_client\World of Warcraft Sirus\Naga_Extract_2026-10-03\ByArchive\common.mpq\Creature\NAGAMALE\NagaMaleSkinBlack.blp
125081,common.mpq,Creature\NAGAMALE\NagaMaleSkinBlackFins.blp,23044,5AFD33E009A2EF97A9543A12E5A71F5D2EA4FC7E,D:\Sirus\_client\World of Warcraft Sirus\Naga_Extract_2026-10-03\ByArchive\common.mpq\Creature\NAGAMALE\NagaMaleSkinBlackFins.blp
125082,common.mpq,Creature\NAGAMALE\NagaMaleSkinBlue.blp,88580,3508FEE4176ABDF49445EB06D5BF16FE764A588D,D:\Sirus\_client\World of Warcraft Sirus\Naga_Extract_2026-10-03\ByArchive\common.mpq\Creature\NAGAMALE\NagaMaleSkinBlue.blp
125083,common.mpq,Creature\NAGAMALE\NagaMaleSkinBlueFins.blp,23044,1BCA4072375B18842454409889E43709D2BEB743,D:\Sirus\_client\World of Warcraft Sirus\Naga_Extract_2026-10-03\ByArchive\common.mpq\Creature\NAGAMALE\NagaMaleSkinBlueFins.blp
125084,common.mpq,Creature\NAGAMALE\NagaMaleSkinGreen.blp,88580,A7CF181F9B4E0D5CB872BF1E578315FB64CE4992,D:\Sirus\_client\World of Warcraft Sirus\Naga_Extract_2026-10-03\ByArchive\common.mpq\Creature\NAGAMALE\NagaMaleSkinGreen.blp
125085,common.mpq,Creature\NAGAMALE\NagaMaleSkinGreenFins.blp,23044,630E5710DC444A45E323F24E33C913FA0D7688D2,D:\Sirus\_client\World of Warcraft Sirus\Naga_Extract_2026-10-03\ByArchive\common.mpq\Creature\NAGAMALE\NagaMaleSkinGreenFins.blp
125086,common.mpq,Creature\NAGAMALE\NagaMaleSkinSilver.blp,88580,C968FA9A2A85C83AACAD15B570A80DB142CD0A49,D:\Sirus\_client\World of Warcraft Sirus\Naga_Extract_2026-10-03\ByArchive\common.mpq\Creature\NAGAMALE\NagaMaleSkinSilver.blp
125087,common.mpq,Creature\NAGAMALE\NagaMaleSkinSilverFins.blp,23044,5CC153A3F1FD6F76E05F73EC0B6259909DED83E5,D:\Sirus\_client\World of Warcraft Sirus\Naga_Extract_2026-10-03\ByArchive\common.mpq\Creature\NAGAMALE\NagaMaleSkinSilverFins.blp
125088,common.mpq,Creature\NAGAMALE\NagaMaleSkinTeal.blp,88580,9001C518C4CB28239779E2D2DD5A0BFF7A77EB9C,D:\Sirus\_client\World of Warcraft Sirus\Naga_Extract_2026-10-03\ByArchive\common.mpq\Creature\NAGAMALE\NagaMaleSkinTeal.blp
125089,common.mpq,Creature\NAGAMALE\NagaMaleSkinTealFins.blp,23044,949A5E94C7D71EF5A3AB4C75164C1B8081869725,D:\Sirus\_client\World of Warcraft Sirus\Naga_Extract_2026-10-03\ByArchive\common.mpq\Creature\NAGAMALE\NagaMaleSkinTealFins.blp
125090,common.mpq,Creature\NagaMale\SirenReflect.blp,3916,4D4E1DDA0291F6DF40AC1ACF1441F2D7573E6CA7,D:\Sirus\_client\World of Warcraft Sirus\Naga_Extract_2026-10-03\ByArchive\common.mpq\Creature\NagaMale\SirenReflect.blp
125450,common.mpq,Creature\QuestObjects\Creature_NagaDistiller.M2,208192,A7228A584E0921757F576BF9E9A8A89A0245F210,D:\Sirus\_client\World of Warcraft Sirus\Naga_Extract_2026-10-03\ByArchive\common.mpq\Creature\QuestObjects\Creature_NagaDistiller.M2
125458,common.mpq,Creature\QuestObjects\GLASSSHARD_NAGA.BLP,6660,F914BBBE3D9AA8BF570B82F0663FCB0B34F1268E,D:\Sirus\_client\World of Warcraft Sirus\Naga_Extract_2026-10-03\ByArchive\common.mpq\Creature\QuestObjects\GLASSSHARD_NAGA.BLP
125459,common.mpq,Creature\QuestObjects\GLASSSHARD_NAGA02.BLP,6660,10DD0254544B293BF28E906359FBAD0B4FA82D1F,D:\Sirus\_client\World of Warcraft Sirus\Naga_Extract_2026-10-03\ByArchive\common.mpq\Creature\QuestObjects\GLASSSHARD_NAGA02.BLP
128166,common.mpq,DUNGEONS\TEXTURES\Naga\JAC_PILLAR_1.BLP,44876,22351670C4F45452953957A7BFC45E4678DC7AD8,D:\Sirus\_client\World of Warcraft Sirus\Naga_Extract_2026-10-03\ByArchive\common.mpq\DUNGEONS\TEXTURES\Naga\JAC_PILLAR_1.BLP
128168,common.mpq,DUNGEONS\TEXTURES\Naga\JAC_WALL_SNOW_02.BLP,44876,5F60576BAEB750E95AB27913EA6D7263737CC079,D:\Sirus\_client\World of Warcraft Sirus\Naga_Extract_2026-10-03\ByArchive\common.mpq\DUNGEONS\TEXTURES\Naga\JAC_WALL_SNOW_02.BLP
128169,common.mpq,DUNGEONS\TEXTURES\Naga\JAC_WINDOW01.BLP,44876,CB8F487675D29B1C0B343214922B4620FCBBA9DE,D:\Sirus\_client\World of Warcraft Sirus\Naga_Extract_2026-10-03\ByArchive\common.mpq\DUNGEONS\TEXTURES\Naga\JAC_WINDOW01.BLP
128170,common.mpq,DUNGEONS\TEXTURES\Naga\MM_BARNACLES_1.BLP,23044,85F049D815339A174217A1E6E3BCF2C83962DFC7,D:\Sirus\_client\World of Warcraft Sirus\Naga_Extract_2026-10-03\ByArchive\common.mpq\DUNGEONS\TEXTURES\Naga\MM_BARNACLES_1.BLP
128171,common.mpq,Dungeons\TEXTURES\NAGA\MM_BARNACLES_2.BLP,44876,38B319492FE9F3D1B296B3635D73DA4F97FABA34,D:\Sirus\_client\World of Warcraft Sirus\Naga_Extract_2026-10-03\ByArchive\common.mpq\Dungeons\TEXTURES\NAGA\MM_BARNACLES_2.BLP
128172,common.mpq,DUNGEONS\TEXTURES\Naga\MM_DEC_WALL1.BLP,44876,CAA60D5B6E1DD76AF94B09F7B32263AB8F30CB70,D:\Sirus\_client\World of Warcraft Sirus\Naga_Extract_2026-10-03\ByArchive\common.mpq\DUNGEONS\TEXTURES\Naga\MM_DEC_WALL1.BLP
128173,common.mpq,DUNGEONS\TEXTURES\Naga\MM_FANCY_TRIM1.BLP,44876,0934069222DBBFCCE2895AD406C1B3F610A157D5,D:\Sirus\_client\World of Warcraft Sirus\Naga_Extract_2026-10-03\ByArchive\common.mpq\DUNGEONS\TEXTURES\Naga\MM_FANCY_TRIM1.BLP
128174,common.mpq,DUNGEONS\TEXTURES\Naga\MM_FANCY_TRIM2.BLP,44876,DFA41E33D0FCB6C1B9CDD62BD663A3BBD9BD236F,D:\Sirus\_client\World of Warcraft Sirus\Naga_Extract_2026-10-03\ByArchive\common.mpq\DUNGEONS\TEXTURES\Naga\MM_FANCY_TRIM2.BLP
128175,common.mpq,DUNGEONS\TEXTURES\Naga\MM_PILLAR_1.BLP,44876,40496126CCA284D9DACA1E1C127C94D26C02086F,D:\Sirus\_client\World of Warcraft Sirus\Naga_Extract_2026-10-03\ByArchive\common.mpq\DUNGEONS\TEXTURES\Naga\MM_PILLAR_1.BLP
128176,common.mpq,DUNGEONS\TEXTURES\Naga\MM_PILLAR_2.BLP,44876,C1E2ACDCB95AB4DD1917A3B9A78FFFBA047889E9,D:\Sirus\_client\World of Warcraft Sirus\Naga_Extract_2026-10-03\ByArchive\common.mpq\DUNGEONS\TEXTURES\Naga\MM_PILLAR_2.BLP
128177,common.mpq,DUNGEONS\TEXTURES\Naga\MM_ROCK_TRIM1.BLP,44876,472EB84AC641E9861708D2F016FB4BB248A0F209,D:\Sirus\_client\World of Warcraft Sirus\Naga_Extract_2026-10-03\ByArchive\common.mpq\DUNGEONS\TEXTURES\Naga\MM_ROCK_TRIM1.BLP
128178,common.mpq,DUNGEONS\TEXTURES\Naga\MM_RUBBLE1.BLP,44876,995FFF92EDDD4FD7633F28F3C46D3557194CD6E5,D:\Sirus\_client\World of Warcraft Sirus\Naga_Extract_2026-10-03\ByArchive\common.mpq\DUNGEONS\TEXTURES\Naga\MM_RUBBLE1.BLP
128179,common.mpq,DUNGEONS\TEXTURES\Naga\MM_SHINYROCK.BLP,350724,8FC4591778690617351722998BC1D66CEEDF7FBD,D:\Sirus\_client\World of Warcraft Sirus\Naga_Extract_2026-10-03\ByArchive\common.mpq\DUNGEONS\TEXTURES\Naga\MM_SHINYROCK.BLP
128180,common.mpq,DUNGEONS\TEXTURES\Naga\MM_SNOW_ROOF1.BLP,44876,8C629E403D2324162136A9B29D7A6FE4535A0213,D:\Sirus\_client\World of Warcraft Sirus\Naga_Extract_2026-10-03\ByArchive\common.mpq\DUNGEONS\TEXTURES\Naga\MM_SNOW_ROOF1.BLP
128181,common.mpq,DUNGEONS\TEXTURES\Naga\MM_SNOWEDGE.BLP,44876,CDDA344987C2ECBE8D0FC097C734145C719D2C1E,D:\Sirus\_client\World of Warcraft Sirus\Naga_Extract_2026-10-03\ByArchive\common.mpq\DUNGEONS\TEXTURES\Naga\MM_SNOWEDGE.BLP
128182,common.mpq,DUNGEONS\TEXTURES\Naga\MM_WALL_1.BLP,44876,DB10BD7066A31208F105F2D84263AA5948CFB052,D:\Sirus\_client\World of Warcraft Sirus\Naga_Extract_2026-10-03\ByArchive\common.mpq\DUNGEONS\TEXTURES\Naga\MM_WALL_1.BLP
128183,common.mpq,DUNGEONS\TEXTURES\Naga\MM_WALL_2.BLP,44876,52E0F7F23EFA6A299235AEA6E4B42764999F2A00,D:\Sirus\_client\World of Warcraft Sirus\Naga_Extract_2026-10-03\ByArchive\common.mpq\DUNGEONS\TEXTURES\Naga\MM_WALL_2.BLP
128615,common.mpq,DUNGEONS\TEXTURES\ROCK\MM_NAGA_SNOW1.BLP,44876,70B30C060077A3C14F81617FBC70488A47A433DE,D:\Sirus\_client\World of Warcraft Sirus\Naga_Extract_2026-10-03\ByArchive\common.mpq\DUNGEONS\TEXTURES\ROCK\MM_NAGA_SNOW1.BLP
147585,common.mpq,ITEM\ObjectComponents\Weapon\Stave_2H_Naga_D_01.m2,27008,8E9BA3F5FDEB2FE80C6A053D973CC8546C6BAFEF,D:\Sirus\_client\World of Warcraft Sirus\Naga_Extract_2026-10-03\ByArchive\common.mpq\ITEM\ObjectComponents\Weapon\Stave_2H_Naga_D_01.m2
147586,common.mpq,Item\ObjectComponents\WEAPON\Stave_2H_Naga_D_01_Blue.blp,44900,F263272B0F752D6DA945FDFA464B01B7036B655A,D:\Sirus\_client\World of Warcraft Sirus\Naga_Extract_2026-10-03\ByArchive\common.mpq\Item\ObjectComponents\WEAPON\Stave_2H_Naga_D_01_Blue.blp
147587,common.mpq,Item\ObjectComponents\WEAPON\Stave_2H_Naga_D_01_Green.blp,44900,E6D6FC1A7DC25930E636EA907C3556F04F54B2DD,D:\Sirus\_client\World of Warcraft Sirus\Naga_Extract_2026-10-03\ByArchive\common.mpq\Item\ObjectComponents\WEAPON\Stave_2H_Naga_D_01_Green.blp
166600,common.mpq,SPELLS\NagaLordShell_Impact.m2,8064,5594010B0178DFAF3EAA89502A108EC8CFEEC303,D:\Sirus\_client\World of Warcraft Sirus\Naga_Extract_2026-10-03\ByArchive\common.mpq\SPELLS\NagaLordShell_Impact.m2
166601,common.mpq,SPELLS\NagaLordShell_Missile.m2,16592,FBD3C2134C32D313E423C4FD065E6D4FB841C020,D:\Sirus\_client\World of Warcraft Sirus\Naga_Extract_2026-10-03\ByArchive\common.mpq\SPELLS\NagaLordShell_Missile.m2
190976,common.mpq,World\ENVIRONMENT\DOODAD\AZSHARA\NAGACAMP\TEXTURE\NAGAPAVILION01.BLP,44876,172AA2CD7BD0ADDB3676DF0917F83475D31B43F9,D:\Sirus\_client\World of Warcraft Sirus\Naga_Extract_2026-10-03\ByArchive\common.mpq\World\ENVIRONMENT\DOODAD\AZSHARA\NAGACAMP\TEXTURE\NAGAPAVILION01.BLP
191003,common.mpq,World\ENVIRONMENT\DOODAD\BOREANTUNDRA\NAGA_PAGODA\TEX\BT_NAGA_PAGODA_01.BLP,44876,AF076C69439738CF63B58B2F06B8E1768B316C22,D:\Sirus\_client\World of Warcraft Sirus\Naga_Extract_2026-10-03\ByArchive\common.mpq\World\ENVIRONMENT\DOODAD\BOREANTUNDRA\NAGA_PAGODA\TEX\BT_NAGA_PAGODA_01.BLP
191167,common.mpq,World\ENVIRONMENT\DOODAD\NAGA\PAGODA\NAGAPAGODA02.BLP,44876,1081463185030AAD3BAD36B7FFE2BF0460254463,D:\Sirus\_client\World of Warcraft Sirus\Naga_Extract_2026-10-03\ByArchive\common.mpq\World\ENVIRONMENT\DOODAD\NAGA\PAGODA\NAGAPAGODA02.BLP
192633,common.mpq,World\Expansion01\Doodads\Generic\Naga\ARK\NA_Ark.M2,58640,75AE69DA00446D122F84FF7D8ED9E946C1FADECB,D:\Sirus\_client\World of Warcraft Sirus\Naga_Extract_2026-10-03\ByArchive\common.mpq\World\Expansion01\Doodads\Generic\Naga\ARK\NA_Ark.M2
192634,common.mpq,World\Expansion01\Doodads\Generic\Naga\ARK\NA_DISTILLER.BLP,88580,AC96F62BE8198336FD2B9DE7FFBA154DEC4F4147,D:\Sirus\_client\World of Warcraft Sirus\Naga_Extract_2026-10-03\ByArchive\common.mpq\World\Expansion01\Doodads\Generic\Naga\ARK\NA_DISTILLER.BLP
192635,common.mpq,World\Expansion01\Doodads\Generic\Naga\ARK\NA_TORCH.BLP,44900,5623D400F695C5E3461D2C313C0DCCE95F594B24,D:\Sirus\_client\World of Warcraft Sirus\Naga_Extract_2026-10-03\ByArchive\common.mpq\World\Expansion01\Doodads\Generic\Naga\ARK\NA_TORCH.BLP
192636,common.mpq,World\Expansion01\Doodads\Generic\Naga\Banner\NA_BANNER.BLP,23036,148084A3DC33961DF9BCF0BF9EBCE5713CF38185,D:\Sirus\_client\World of Warcraft Sirus\Naga_Extract_2026-10-03\ByArchive\common.mpq\World\Expansion01\Doodads\Generic\Naga\Banner\NA_BANNER.BLP
192637,common.mpq,World\Expansion01\Doodads\Generic\Naga\Banner\NA_Banner01.m2,18576,6C96B11F365FD09CEAB0E69785E24F7AA8CAE1D5,D:\Sirus\_client\World of Warcraft Sirus\Naga_Extract_2026-10-03\ByArchive\common.mpq\World\Expansion01\Doodads\Generic\Naga\Banner\NA_Banner01.m2
192638,common.mpq,World\Expansion01\Doodads\Generic\Naga\Crates\NA_Crate01.m2,14928,CAAA78275B0CA00CDB925DB7EB2F9FAC2EE597D8,D:\Sirus\_client\World of Warcraft Sirus\Naga_Extract_2026-10-03\ByArchive\common.mpq\World\Expansion01\Doodads\Generic\Naga\Crates\NA_Crate01.m2
192639,common.mpq,World\Expansion01\Doodads\Generic\Naga\Crates\NA_Crate02.m2,16272,41EE7881A879CDD1972F21BD0CC11EDA412DFB0A,D:\Sirus\_client\World of Warcraft Sirus\Naga_Extract_2026-10-03\ByArchive\common.mpq\World\Expansion01\Doodads\Generic\Naga\Crates\NA_Crate02.m2
192640,common.mpq,World\Expansion01\Doodads\Generic\Naga\Crates\NA_Jars.blp,44876,DABB8B008F741F872925AEC1084823BDDF7A1907,D:\Sirus\_client\World of Warcraft Sirus\Naga_Extract_2026-10-03\ByArchive\common.mpq\World\Expansion01\Doodads\Generic\Naga\Crates\NA_Jars.blp
192641,common.mpq,World\Expansion01\Doodads\Generic\Naga\Distiller\NA_Distiller.m2,93120,DABAC107DCED246C90F1EB9E30AAE2947E1153D7,D:\Sirus\_client\World of Warcraft Sirus\Naga_Extract_2026-10-03\ByArchive\common.mpq\World\Expansion01\Doodads\Generic\Naga\Distiller\NA_Distiller.m2
192642,common.mpq,World\Expansion01\Doodads\Generic\Naga\Jars\NA_Jar01.m2,9312,BAC036D98E06791ED9481B19E898B3457BAF4765,D:\Sirus\_client\World of Warcraft Sirus\Naga_Extract_2026-10-03\ByArchive\common.mpq\World\Expansion01\Doodads\Generic\Naga\Jars\NA_Jar01.m2
192643,common.mpq,World\Expansion01\Doodads\Generic\Naga\Jars\NA_Jar02.m2,8688,7514B919962434BD6EF4C3AF4F96735F0189841D,D:\Sirus\_client\World of Warcraft Sirus\Naga_Extract_2026-10-03\ByArchive\common.mpq\World\Expansion01\Doodads\Generic\Naga\Jars\NA_Jar02.m2
192644,common.mpq,World\Expansion01\Doodads\Generic\Naga\Pagoda\NagaPagoda01.blp,44876,18908DC7F2B256623A90F4F547D15AC158837274,D:\Sirus\_client\World of Warcraft Sirus\Naga_Extract_2026-10-03\ByArchive\common.mpq\World\Expansion01\Doodads\Generic\Naga\Pagoda\NagaPagoda01.blp
192645,common.mpq,World\Expansion01\Doodads\Generic\Naga\Pagoda\NagaPagodaHut01.m2,38528,9116CEF94153D21824B755AE5FF64626A6778232,D:\Sirus\_client\World of Warcraft Sirus\Naga_Extract_2026-10-03\ByArchive\common.mpq\World\Expansion01\Doodads\Generic\Naga\Pagoda\NagaPagodaHut01.m2
192646,common.mpq,World\Expansion01\Doodads\Generic\Naga\TORCH\NA_GLOWFISH.BLP,6660,3EFCFCC5029EF354353B146BC833FEE29E90EC9E,D:\Sirus\_client\World of Warcraft Sirus\Naga_Extract_2026-10-03\ByArchive\common.mpq\World\Expansion01\Doodads\Generic\Naga\TORCH\NA_GLOWFISH.BLP
192647,common.mpq,World\Expansion01\Doodads\Generic\Naga\TORCH\NA_Torch01.m2,26016,2908CF70B9192E707F7C0DA7EBC839BA94942A66,D:\Sirus\_client\World of Warcraft Sirus\Naga_Extract_2026-10-03\ByArchive\common.mpq\World\Expansion01\Doodads\Generic\Naga\TORCH\NA_Torch01.m2
192648,common.mpq,World\Expansion01\Doodads\Generic\Naga\TORCH\SHOCKWAVEWATER1EXTREME.BLP,12108,B55C1F00DFD37763C31DFC3479B598B6E9C312E9,D:\Sirus\_client\World of Warcraft Sirus\Naga_Extract_2026-10-03\ByArchive\common.mpq\World\Expansion01\Doodads\Generic\Naga\TORCH\SHOCKWAVEWATER1EXTREME.BLP
192649,common.mpq,World\Expansion01\Doodads\Generic\Naga\WeaponStacks\NA_WeaponStack01.M2,38480,BFB8C9BBD7C07F410E94B1DE954622AE84676463,D:\Sirus\_client\World of Warcraft Sirus\Naga_Extract_2026-10-03\ByArchive\common.mpq\World\Expansion01\Doodads\Generic\Naga\WeaponStacks\NA_WeaponStack01.M2
192650,common.mpq,World\Expansion01\Doodads\Generic\Naga\WeaponStacks\NA_WeaponStack02.m2,34528,0F6923F9DDD3467E06107D4082E384F657685AB7,D:\Sirus\_client\World of Warcraft Sirus\Naga_Extract_2026-10-03\ByArchive\common.mpq\World\Expansion01\Doodads\Generic\Naga\WeaponStacks\NA_WeaponStack02.m2
193570,common.mpq,World\Expansion01\Doodads\TempestKeep\Activedoodads\RAID_WINDOWS\GLASSSHARD_NAGA02_PINK.BLP,6660,A4B5DBD880FE503A4FD39FE970E37671A22B6D4C,D:\Sirus\_client\World of Warcraft Sirus\Naga_Extract_2026-10-03\ByArchive\common.mpq\World\Expansion01\Doodads\TempestKeep\Activedoodads\RAID_WINDOWS\GLASSSHARD_NAGA02_PINK.BLP
193571,common.mpq,World\Expansion01\Doodads\TempestKeep\Activedoodads\RAID_WINDOWS\GLASSSHARD_NAGA_PINK.BLP,6660,6DC61F93B1956E2046C97EB17F5291A10078131A,D:\Sirus\_client\World of Warcraft Sirus\Naga_Extract_2026-10-03\ByArchive\common.mpq\World\Expansion01\Doodads\TempestKeep\Activedoodads\RAID_WINDOWS\GLASSSHARD_NAGA_PINK.BLP
200228,common.mpq,World\Generic\PassiveDoodads\Weapons\naga_trident.M2,8368,C23385BA93DD4A10D56A8BA62A0204CECE880C1C,D:\Sirus\_client\World of Warcraft Sirus\Naga_Extract_2026-10-03\ByArchive\common.mpq\World\Generic\PassiveDoodads\Weapons\naga_trident.M2
201076,common.mpq,World\Goober\G_NagaShellMissile.M2,16640,5B16F04EEAF6BFE6C72C151E4CBCF87099242188,D:\Sirus\_client\World of Warcraft Sirus\Naga_Extract_2026-10-03\ByArchive\common.mpq\World\Goober\G_NagaShellMissile.M2
201301,common.mpq,World\KALIMDOR\Azshara\PassiveDoodads\NAGAFLAGS\NAGAFLAG01.BLP,88580,C7B0855D2C5EBF87386F0413D361B8E2BA7543C3,D:\Sirus\_client\World of Warcraft Sirus\Naga_Extract_2026-10-03\ByArchive\common.mpq\World\KALIMDOR\Azshara\PassiveDoodads\NAGAFLAGS\NAGAFLAG01.BLP
201302,common.mpq,World\Kalimdor\Azshara\PassiveDoodads\NAGAFLAGS\NagaFlag01.M2,7376,97B9CEA823C1E4AD2F896018462BA7076097BB37,D:\Sirus\_client\World of Warcraft Sirus\Naga_Extract_2026-10-03\ByArchive\common.mpq\World\Kalimdor\Azshara\PassiveDoodads\NAGAFLAGS\NagaFlag01.M2
201303,common.mpq,World\Kalimdor\Azshara\PassiveDoodads\NAGAFLAGS\NagaFlag02.M2,5776,372CE0CF2FCFD4B9F7FF995BAFEB6D4E16A404A9,D:\Sirus\_client\World of Warcraft Sirus\Naga_Extract_2026-10-03\ByArchive\common.mpq\World\Kalimdor\Azshara\PassiveDoodads\NAGAFLAGS\NagaFlag02.M2
201304,common.mpq,World\Kalimdor\Azshara\PassiveDoodads\NagaPagoda\NagaPagoda02.M2,33728,0C934E62B1D10156F7231C7A33629A0BC8C6A182,D:\Sirus\_client\World of Warcraft Sirus\Naga_Extract_2026-10-03\ByArchive\common.mpq\World\Kalimdor\Azshara\PassiveDoodads\NagaPagoda\NagaPagoda02.M2
201422,common.mpq,World\Kalimdor\BLACKFATHOM\PASSIVEDOODADS\BRAZIERS\BFD_NagaBrazier.M2,7216,F3E3FFF34ED28D43D29CB04176825373C0058E15,D:\Sirus\_client\World of Warcraft Sirus\Naga_Extract_2026-10-03\ByArchive\common.mpq\World\Kalimdor\BLACKFATHOM\PASSIVEDOODADS\BRAZIERS\BFD_NagaBrazier.M2
201423,common.mpq,World\KALIMDOR\BLACKFATHOM\PASSIVEDOODADS\BRAZIERS\NAGABRAZIER.BLP,23036,DBA38D00BCA0EC9D239689A7C7817711CB30187C,D:\Sirus\_client\World of Warcraft Sirus\Naga_Extract_2026-10-03\ByArchive\common.mpq\World\KALIMDOR\BLACKFATHOM\PASSIVEDOODADS\BRAZIERS\NAGABRAZIER.BLP
201452,common.mpq,World\Kalimdor\BLACKFATHOM\PASSIVEDOODADS\STATUE\BFD_StatueNagaPriestess.M2,87744,880113B4A0F7800120743D6D2E5F400AFA7EAED1,D:\Sirus\_client\World of Warcraft Sirus\Naga_Extract_2026-10-03\ByArchive\common.mpq\World\Kalimdor\BLACKFATHOM\PASSIVEDOODADS\STATUE\BFD_StatueNagaPriestess.M2
201453,common.mpq,World\KALIMDOR\BLACKFATHOM\PASSIVEDOODADS\STATUE\STATUENAGAFEMALE.BLP,88580,0441DA2D415CE757C15FA5A561490B866379786B,D:\Sirus\_client\World of Warcraft Sirus\Naga_Extract_2026-10-03\ByArchive\common.mpq\World\KALIMDOR\BLACKFATHOM\PASSIVEDOODADS\STATUE\STATUENAGAFEMALE.BLP
201454,common.mpq,World\KALIMDOR\BLACKFATHOM\PASSIVEDOODADS\STATUE\STATUENAGARING.BLP,23036,D75D886C0AE46D868E53E39C426E6643D1C26D69,D:\Sirus\_client\World of Warcraft Sirus\Naga_Extract_2026-10-03\ByArchive\common.mpq\World\KALIMDOR\BLACKFATHOM\PASSIVEDOODADS\STATUE\STATUENAGARING.BLP
471192,common.mpq,Character\Naga_\Female\Naga_Female01.skin,22704,2FCBC1431EFF882C9C5373DB26ED4F07C90E3446,D:\Sirus\_client\World of Warcraft Sirus\Naga_Extract_2026-10-03\ByArchive\common.mpq\Character\Naga_\Female\Naga_Female01.skin
471193,common.mpq,Character\Naga_\Female\Naga_Female00.skin,22704,C39F53169DB24D25A2908AF346C47D1B6274DB54,D:\Sirus\_client\World of Warcraft Sirus\Naga_Extract_2026-10-03\ByArchive\common.mpq\Character\Naga_\Female\Naga_Female00.skin
471194,common.mpq,Character\Naga_\Female\Naga_Female03.skin,23136,8446D5EFA30F9D65170DE1117598563AE406FE76,D:\Sirus\_client\World of Warcraft Sirus\Naga_Extract_2026-10-03\ByArchive\common.mpq\Character\Naga_\Female\Naga_Female03.skin
471195,common.mpq,Character\Naga_\Female\Naga_Female0060-00.anim,18704,9D9281F0F882FB6FF832F6C59CBCD25A49E62CCF,D:\Sirus\_client\World of Warcraft Sirus\Naga_Extract_2026-10-03\ByArchive\common.mpq\Character\Naga_\Female\Naga_Female0060-00.anim
471197,common.mpq,Character\Naga_\Female\Naga_Female02.skin,22864,DF6521A5BF7EB275C8004E6E83406853430FA7D2,D:\Sirus\_client\World of Warcraft Sirus\Naga_Extract_2026-10-03\ByArchive\common.mpq\Character\Naga_\Female\Naga_Female02.skin
471198,common.mpq,Character\Naga_\Male\Naga_Male00.skin,19296,43CFDA1BB243B4313381304A98079CDB8C489EF4,D:\Sirus\_client\World of Warcraft Sirus\Naga_Extract_2026-10-03\ByArchive\common.mpq\Character\Naga_\Male\Naga_Male00.skin
471199,common.mpq,Character\Naga_\Male\Naga_Male03.skin,19760,1EC845662E6F59D52C6B25C26CAB3AC934A2ABF1,D:\Sirus\_client\World of Warcraft Sirus\Naga_Extract_2026-10-03\ByArchive\common.mpq\Character\Naga_\Male\Naga_Male03.skin
471200,common.mpq,Character\Naga_\Male\Naga_Male0062-00.anim,16160,F2574AD05A484C1B99521A94CE9DF2A8EBD76C84,D:\Sirus\_client\World of Warcraft Sirus\Naga_Extract_2026-10-03\ByArchive\common.mpq\Character\Naga_\Male\Naga_Male0062-00.anim
471201,common.mpq,Character\Naga_\Male\Naga_Male01.skin,19296,986A0A5C7D54178946C6DF41BAD74AF5F1602C95,D:\Sirus\_client\World of Warcraft Sirus\Naga_Extract_2026-10-03\ByArchive\common.mpq\Character\Naga_\Male\Naga_Male01.skin
471202,common.mpq,Character\Naga_\Male\Naga_Male0060-00.anim,21744,BDB0C4EF1B17826CAB53E9D2BB60E5BD54FE71BC,D:\Sirus\_client\World of Warcraft Sirus\Naga_Extract_2026-10-03\ByArchive\common.mpq\Character\Naga_\Male\Naga_Male0060-00.anim
471203,common.mpq,Character\Naga_\Male\Naga_Male02.skin,19296,EDB9D57A6A038E7A7C2C72A687037904CF063FF1,D:\Sirus\_client\World of Warcraft Sirus\Naga_Extract_2026-10-03\ByArchive\common.mpq\Character\Naga_\Male\Naga_Male02.skin
478433,common.mpq,Creature\NagaFemale\Siren01.skin,11712,1A2685881373709ADC4038A2450DF6F2A23DE12C,D:\Sirus\_client\World of Warcraft Sirus\Naga_Extract_2026-10-03\ByArchive\common.mpq\Creature\NagaFemale\Siren01.skin
478435,common.mpq,Creature\NagaFemale\Siren03.skin,12176,2CC0468E126E46B3503BDAD1EB2E4CDBE49CD176,D:\Sirus\_client\World of Warcraft Sirus\Naga_Extract_2026-10-03\ByArchive\common.mpq\Creature\NagaFemale\Siren03.skin
478436,common.mpq,Creature\NagaFemale\Siren00.skin,11600,F1491AD1979514474A3FEA33931337A5578BC2BE,D:\Sirus\_client\World of Warcraft Sirus\Naga_Extract_2026-10-03\ByArchive\common.mpq\Creature\NagaFemale\Siren00.skin
478437,common.mpq,Creature\NagaFemale\Siren0060-00.anim,18720,ADB722233A4775971EBF640591FC201CE31A5AE3,D:\Sirus\_client\World of Warcraft Sirus\Naga_Extract_2026-10-03\ByArchive\common.mpq\Creature\NagaFemale\Siren0060-00.anim
478438,common.mpq,Creature\NagaFemale\Siren02.skin,11840,BE0C1A67B59AAF2940C31F4B1F591E115600C72D,D:\Sirus\_client\World of Warcraft Sirus\Naga_Extract_2026-10-03\ByArchive\common.mpq\Creature\NagaFemale\Siren02.skin
478439,common.mpq,Creature\NAGALORDMALE\NagaLordMale01.skin,26304,C3973DAC0735288AFF035F5C539BABDA88179417,D:\Sirus\_client\World of Warcraft Sirus\Naga_Extract_2026-10-03\ByArchive\common.mpq\Creature\NAGALORDMALE\NagaLordMale01.skin
478440,common.mpq,Creature\NAGALORDMALE\NagaLordMale00.skin,26304,0E7D50B699A3EA3040BC441F7D8DAEC1E2EA0095,D:\Sirus\_client\World of Warcraft Sirus\Naga_Extract_2026-10-03\ByArchive\common.mpq\Creature\NAGALORDMALE\NagaLordMale00.skin
478441,common.mpq,Creature\NAGALORDMALE\NagaLordMale0060-00.anim,20416,251DE8DE1EE5D8A9CF362162E84AB90EE32B8F3E,D:\Sirus\_client\World of Warcraft Sirus\Naga_Extract_2026-10-03\ByArchive\common.mpq\Creature\NAGALORDMALE\NagaLordMale0060-00.anim
478442,common.mpq,Creature\NAGALORDMALE\NagaLordMale0062-00.anim,15552,E2372A7EE80A7E065F59B3111014C7ABA1A136F1,D:\Sirus\_client\World of Warcraft Sirus\Naga_Extract_2026-10-03\ByArchive\common.mpq\Creature\NAGALORDMALE\NagaLordMale0062-00.anim
478443,common.mpq,Creature\NAGALORDMALE\NagaLordMale02.skin,26656,73DC6B815E389CE7F797ABB7FA649D2B74D6DD01,D:\Sirus\_client\World of Warcraft Sirus\Naga_Extract_2026-10-03\ByArchive\common.mpq\Creature\NAGALORDMALE\NagaLordMale02.skin
478444,common.mpq,Creature\NagaMale\NagaMale0062-00.anim,15408,43B401F13CB0B06D3E2DC90EC4E5203492704F31,D:\Sirus\_client\World of Warcraft Sirus\Naga_Extract_2026-10-03\ByArchive\common.mpq\Creature\NagaMale\NagaMale0062-00.anim
478445,common.mpq,Creature\NagaMale\NagaMale00.skin,12832,94E435FD7403FE7DD61989347490A93EA57D3379,D:\Sirus\_client\World of Warcraft Sirus\Naga_Extract_2026-10-03\ByArchive\common.mpq\Creature\NagaMale\NagaMale00.skin
478446,common.mpq,Creature\NagaMale\NagaMale01.skin,12832,3674C94A94A9F711FA90E6514CA706D2CFE0E6C4,D:\Sirus\_client\World of Warcraft Sirus\Naga_Extract_2026-10-03\ByArchive\common.mpq\Creature\NagaMale\NagaMale01.skin
478447,common.mpq,Creature\NagaMale\NagaMale02.skin,12960,1D494D6C6E276B1E2DAB8E6EE751259FCBD69CB3,D:\Sirus\_client\World of Warcraft Sirus\Naga_Extract_2026-10-03\ByArchive\common.mpq\Creature\NagaMale\NagaMale02.skin
478448,common.mpq,Creature\NagaMale\NagaMale03.skin,13312,8D23E3128E77C1CA9E96355163239B1A81EED7A2,D:\Sirus\_client\World of Warcraft Sirus\Naga_Extract_2026-10-03\ByArchive\common.mpq\Creature\NagaMale\NagaMale03.skin
478449,common.mpq,Creature\NagaMale\NagaMale0060-00.anim,20960,31E3DF5D5D7B50ACFD0909633190ADCFF8FA6D31,D:\Sirus\_client\World of Warcraft Sirus\Naga_Extract_2026-10-03\ByArchive\common.mpq\Creature\NagaMale\NagaMale0060-00.anim
479275,common.mpq,Creature\QuestObjects\Creature_NagaDistiller00.skin,41536,D0EFC4FBB695CCC1B92D86BA7C7820E411A2A75D,D:\Sirus\_client\World of Warcraft Sirus\Naga_Extract_2026-10-03\ByArchive\common.mpq\Creature\QuestObjects\Creature_NagaDistiller00.skin
479285,common.mpq,Creature\QuestObjects\Creature_NagaDistiller01.skin,41536,E0A84A51D4E310728A3EA182531D0A041B2DE8C3,D:\Sirus\_client\World of Warcraft Sirus\Naga_Extract_2026-10-03\ByArchive\common.mpq\Creature\QuestObjects\Creature_NagaDistiller01.skin
490941,common.mpq,Item\ObjectComponents\WEAPON\Stave_2H_Naga_D_0100.skin,7296,54DC8424CD720575342FE0C44B7681CBD356AAB7,D:\Sirus\_client\World of Warcraft Sirus\Naga_Extract_2026-10-03\ByArchive\common.mpq\Item\ObjectComponents\WEAPON\Stave_2H_Naga_D_0100.skin
492199,common.mpq,Spells\NagaLordShell_Missile00.skin,2112,A44FC1284747CE93FD3CDFDD68C3ABD1B51B7D64,D:\Sirus\_client\World of Warcraft Sirus\Naga_Extract_2026-10-03\ByArchive\common.mpq\Spells\NagaLordShell_Missile00.skin
492502,common.mpq,Spells\NagaLordShell_Impact00.skin,48,E09EA179F67E3EC81CE5A3564CD4FA8B8E7BAE2B,D:\Sirus\_client\World of Warcraft Sirus\Naga_Extract_2026-10-03\ByArchive\common.mpq\Spells\NagaLordShell_Impact00.skin
496051,common.mpq,World\Expansion01\Doodads\Generic\Naga\ARK\NA_Ark00.skin,15072,8593D3D9E16EE37445C5067359E75A76C52F28A1,D:\Sirus\_client\World of Warcraft Sirus\Naga_Extract_2026-10-03\ByArchive\common.mpq\World\Expansion01\Doodads\Generic\Naga\ARK\NA_Ark00.skin
496053,common.mpq,World\Expansion01\Doodads\Generic\Naga\Banner\NA_Banner0100.skin,4656,146C029F8CE0786FBC922828F26965256DCA63E3,D:\Sirus\_client\World of Warcraft Sirus\Naga_Extract_2026-10-03\ByArchive\common.mpq\World\Expansion01\Doodads\Generic\Naga\Banner\NA_Banner0100.skin
496057,common.mpq,World\Expansion01\Doodads\Generic\Naga\Crates\NA_Crate0100.skin,3264,E3FAF8D88B05D7AC3DAA8C8BB4FACEB475DA9392,D:\Sirus\_client\World of Warcraft Sirus\Naga_Extract_2026-10-03\ByArchive\common.mpq\World\Expansion01\Doodads\Generic\Naga\Crates\NA_Crate0100.skin
496059,common.mpq,World\Expansion01\Doodads\Generic\Naga\Crates\NA_Crate0200.skin,3584,842729957F627A1A828765F786D379BB506F95EB,D:\Sirus\_client\World of Warcraft Sirus\Naga_Extract_2026-10-03\ByArchive\common.mpq\World\Expansion01\Doodads\Generic\Naga\Crates\NA_Crate0200.skin
496061,common.mpq,World\Expansion01\Doodads\Generic\Naga\Distiller\NA_Distiller00.skin,22544,9141A20D29391EDB49DAF52BE8A020D5B185CEAF,D:\Sirus\_client\World of Warcraft Sirus\Naga_Extract_2026-10-03\ByArchive\common.mpq\World\Expansion01\Doodads\Generic\Naga\Distiller\NA_Distiller00.skin
496062,common.mpq,World\Expansion01\Doodads\Generic\Naga\Jars\NA_Jar0100.skin,2288,D0F7DDD87E921909F5608B43E14C9A89CEFF75AF,D:\Sirus\_client\World of Warcraft Sirus\Naga_Extract_2026-10-03\ByArchive\common.mpq\World\Expansion01\Doodads\Generic\Naga\Jars\NA_Jar0100.skin
496063,common.mpq,World\Expansion01\Doodads\Generic\Naga\Jars\NA_Jar0200.skin,2112,F7A9271ABC8845DB8088EE07018D39BFEBA3730C,D:\Sirus\_client\World of Warcraft Sirus\Naga_Extract_2026-10-03\ByArchive\common.mpq\World\Expansion01\Doodads\Generic\Naga\Jars\NA_Jar0200.skin
496064,common.mpq,World\Expansion01\Doodads\Generic\Naga\Pagoda\NagaPagodaHut0100.skin,6016,83ED190D73BD10B259AA8A3DC1A240BF3243AD6F,D:\Sirus\_client\World of Warcraft Sirus\Naga_Extract_2026-10-03\ByArchive\common.mpq\World\Expansion01\Doodads\Generic\Naga\Pagoda\NagaPagodaHut0100.skin
496065,common.mpq,World\Expansion01\Doodads\Generic\Naga\TORCH\NA_Torch0100.skin,6592,A727B67D0E8C9723901F41A0B0D50B51BDB0EC70,D:\Sirus\_client\World of Warcraft Sirus\Naga_Extract_2026-10-03\ByArchive\common.mpq\World\Expansion01\Doodads\Generic\Naga\TORCH\NA_Torch0100.skin
496069,common.mpq,World\Expansion01\Doodads\Generic\Naga\WeaponStacks\NA_WeaponStack0100.skin,9728,E09FE235A9BEC1D2F63F8ABE427A9E075D202663,D:\Sirus\_client\World of Warcraft Sirus\Naga_Extract_2026-10-03\ByArchive\common.mpq\World\Expansion01\Doodads\Generic\Naga\WeaponStacks\NA_WeaponStack0100.skin
496071,common.mpq,World\Expansion01\Doodads\Generic\Naga\WeaponStacks\NA_WeaponStack0200.skin,8480,48A7301A6A27607738FC4E03C9F8D8308996D929,D:\Sirus\_client\World of Warcraft Sirus\Naga_Extract_2026-10-03\ByArchive\common.mpq\World\Expansion01\Doodads\Generic\Naga\WeaponStacks\NA_WeaponStack0200.skin
506038,common.mpq,World\GENERIC\PASSIVEDOODADS\Weapons\naga_trident00.skin,1824,B056E38FF2A2968871A531389E4643332573C319,D:\Sirus\_client\World of Warcraft Sirus\Naga_Extract_2026-10-03\ByArchive\common.mpq\World\GENERIC\PASSIVEDOODADS\Weapons\naga_trident00.skin
506529,common.mpq,World\Goober\G_NagaShellMissile00.skin,2112,9B043DA3B626A3F39A8C8CC845F669CCDD3D87CC,D:\Sirus\_client\World of Warcraft Sirus\Naga_Extract_2026-10-03\ByArchive\common.mpq\World\Goober\G_NagaShellMissile00.skin
506813,common.mpq,World\KALIMDOR\Azshara\PassiveDoodads\NAGAFLAGS\NagaFlag0100.skin,1216,08CD2B49F208F64FC3C945E2743E783BBEB245BC,D:\Sirus\_client\World of Warcraft Sirus\Naga_Extract_2026-10-03\ByArchive\common.mpq\World\KALIMDOR\Azshara\PassiveDoodads\NAGAFLAGS\NagaFlag0100.skin
506814,common.mpq,World\KALIMDOR\Azshara\PassiveDoodads\NAGAFLAGS\NagaFlag0200.skin,1024,14CD0D62BC58F30AD288B0F1FDD2F0A32D9CBC59,D:\Sirus\_client\World of Warcraft Sirus\Naga_Extract_2026-10-03\ByArchive\common.mpq\World\KALIMDOR\Azshara\PassiveDoodads\NAGAFLAGS\NagaFlag0200.skin
506815,common.mpq,World\KALIMDOR\Azshara\PassiveDoodads\NagaPagoda\NagaPagoda0200.skin,6048,A4816DA9B8027E48DC2BDF37D33DDA9D9B5064B0,D:\Sirus\_client\World of Warcraft Sirus\Naga_Extract_2026-10-03\ByArchive\common.mpq\World\KALIMDOR\Azshara\PassiveDoodads\NagaPagoda\NagaPagoda0200.skin
506891,common.mpq,World\KALIMDOR\BLACKFATHOM\PASSIVEDOODADS\BRAZIERS\BFD_NagaBrazier00.skin,1248,49867A8C10734138C89668717415F702CC60A202,D:\Sirus\_client\World of Warcraft Sirus\Naga_Extract_2026-10-03\ByArchive\common.mpq\World\KALIMDOR\BLACKFATHOM\PASSIVEDOODADS\BRAZIERS\BFD_NagaBrazier00.skin
506914,common.mpq,World\KALIMDOR\BLACKFATHOM\PASSIVEDOODADS\STATUE\BFD_StatueNagaPriestess00.skin,24512,5586E43DFD6BEA52492FE23971D24CD7E0788D8C,D:\Sirus\_client\World of Warcraft Sirus\Naga_Extract_2026-10-03\ByArchive\common.mpq\World\KALIMDOR\BLACKFATHOM\PASSIVEDOODADS\STATUE\BFD_StatueNagaPriestess00.skin
4343229,common.mpq,dungeons\textures\naga\jac_wall_snow_01.blp,44876,BCECE31FE45481D016CD5ADA1A0061B0177908DB,D:\Sirus\_client\World of Warcraft Sirus\Naga_Extract_2026-10-03\ByArchive\common.mpq\dungeons\textures\naga\jac_wall_snow_01.blp
1275197,patch-5.MPQ,Creature\NagaBrute\NagaBrute.m2,1824026,30FAD9D40F8500FB2D825C157528008214036950,D:\Sirus\_client\World of Warcraft Sirus\Naga_Extract_2026-10-03\ByArchive\patch-5.MPQ\Creature\NagaBrute\NagaBrute.m2
1275501,patch-5.MPQ,Creature\NagaBrute\NagaBrute_01.blp,350724,E8564DDC63BAC3EBDC56CE65A982E673A10CE6F5,D:\Sirus\_client\World of Warcraft Sirus\Naga_Extract_2026-10-03\ByArchive\patch-5.MPQ\Creature\NagaBrute\NagaBrute_01.blp
1275502,patch-5.MPQ,Creature\NagaBrute\NagaBrute_01Glow.blp,88580,452EABFA43F16C6DC37B590E709BC07386B7CE93,D:\Sirus\_client\World of Warcraft Sirus\Naga_Extract_2026-10-03\ByArchive\patch-5.MPQ\Creature\NagaBrute\NagaBrute_01Glow.blp
1275503,patch-5.MPQ,Creature\NagaBrute\ArmorReflect3.blp,3916,C73E41648809B9382A6583ADE8CA727A530643EA,D:\Sirus\_client\World of Warcraft Sirus\Naga_Extract_2026-10-03\ByArchive\patch-5.MPQ\Creature\NagaBrute\ArmorReflect3.blp
1275504,patch-5.MPQ,Creature\NagaBrute\NagaBrute0062-00.anim,87584,6C9623CC042736646BF770277AB07F9FA96ECA95,D:\Sirus\_client\World of Warcraft Sirus\Naga_Extract_2026-10-03\ByArchive\patch-5.MPQ\Creature\NagaBrute\NagaBrute0062-00.anim
1275505,patch-5.MPQ,Creature\NagaBrute\NagaBrute0101-00.anim,52016,BC772B465150C5266A55551250A55F7BBEC1CC40,D:\Sirus\_client\World of Warcraft Sirus\Naga_Extract_2026-10-03\ByArchive\patch-5.MPQ\Creature\NagaBrute\NagaBrute0101-00.anim
1275506,patch-5.MPQ,Creature\NagaBrute\NagaBrute01.skin,54696,0F20B5DD7BD4DA2714F0376A632504AB0C4E0F73,D:\Sirus\_client\World of Warcraft Sirus\Naga_Extract_2026-10-03\ByArchive\patch-5.MPQ\Creature\NagaBrute\NagaBrute01.skin
1275507,patch-5.MPQ,Creature\NagaBrute\NagaBrute0097-00.anim,18688,1ECE836B668C0ED9D511B743376EA9BE9DEB13B5,D:\Sirus\_client\World of Warcraft Sirus\Naga_Extract_2026-10-03\ByArchive\patch-5.MPQ\Creature\NagaBrute\NagaBrute0097-00.anim
1275508,patch-5.MPQ,Creature\NagaBrute\NagaBrute0060-00.anim,37088,24AFBD5E87F29C059E25A95219B9C1B528C3B69B,D:\Sirus\_client\World of Warcraft Sirus\Naga_Extract_2026-10-03\ByArchive\patch-5.MPQ\Creature\NagaBrute\NagaBrute0060-00.anim
1275509,patch-5.MPQ,Creature\NagaBrute\NagaBrute0100-00.anim,21472,21DFE38FEDD9F498BE446CFE2888BF64A9D63F70,D:\Sirus\_client\World of Warcraft Sirus\Naga_Extract_2026-10-03\ByArchive\patch-5.MPQ\Creature\NagaBrute\NagaBrute0100-00.anim
1275510,patch-5.MPQ,Creature\NagaBrute\NagaBrute0084-00.anim,29536,91AEF27012212A5D79E6D86145B2D61C85D9AD2F,D:\Sirus\_client\World of Warcraft Sirus\Naga_Extract_2026-10-03\ByArchive\patch-5.MPQ\Creature\NagaBrute\NagaBrute0084-00.anim
1275511,patch-5.MPQ,Creature\NagaBrute\NagaBrute0098-00.anim,31136,1441E66727E5F553F20D58D5BC2CE2F69C435743,D:\Sirus\_client\World of Warcraft Sirus\Naga_Extract_2026-10-03\ByArchive\patch-5.MPQ\Creature\NagaBrute\NagaBrute0098-00.anim
1275512,patch-5.MPQ,Creature\NagaBrute\NagaBrute00.skin,54168,331AF61F817615EDA9390C4AB89F36CCEE6B3A22,D:\Sirus\_client\World of Warcraft Sirus\Naga_Extract_2026-10-03\ByArchive\patch-5.MPQ\Creature\NagaBrute\NagaBrute00.skin
1275513,patch-5.MPQ,Creature\NagaBrute\NagaBrute0099-00.anim,47616,6C337994440FEC2996DD4B0FDF0C5FB5C544E9A8,D:\Sirus\_client\World of Warcraft Sirus\Naga_Extract_2026-10-03\ByArchive\patch-5.MPQ\Creature\NagaBrute\NagaBrute0099-00.anim
1275514,patch-5.MPQ,Creature\NagaBrute\NagaBrute0096-00.anim,31648,97CD6669492C71CE45C4A2DC55BF7B2C0BE51042,D:\Sirus\_client\World of Warcraft Sirus\Naga_Extract_2026-10-03\ByArchive\patch-5.MPQ\Creature\NagaBrute\NagaBrute0096-00.anim
1276441,patch-5.MPQ,Creature\NagaBrute\NagaBrute_01Dark.blp,350724,D9D2D519271B92F6E969ACD3F14441D0A2BD2995,D:\Sirus\_client\World of Warcraft Sirus\Naga_Extract_2026-10-03\ByArchive\patch-5.MPQ\Creature\NagaBrute\NagaBrute_01Dark.blp
1276444,patch-5.MPQ,Creature\NagaBrute\NagaBrute_01Light.blp,350724,7CD91A25471556C7EA00DC3F85A9AC14B3C74164,D:\Sirus\_client\World of Warcraft Sirus\Naga_Extract_2026-10-03\ByArchive\patch-5.MPQ\Creature\NagaBrute\NagaBrute_01Light.blp
2264740,patch-5.MPQ,creature\babynaga\babynaga.m2,779066,230E59975BD679D3005BEB8B55EB02449D338866,D:\Sirus\_client\World of Warcraft Sirus\Naga_Extract_2026-10-03\ByArchive\patch-5.MPQ\creature\babynaga\babynaga.m2
2264905,patch-5.MPQ,creature\babynaga\babynaga0060-00.anim,19664,A90BD79BAD10D276D1707868086E12668273BF7B,D:\Sirus\_client\World of Warcraft Sirus\Naga_Extract_2026-10-03\ByArchive\patch-5.MPQ\creature\babynaga\babynaga0060-00.anim
2264906,patch-5.MPQ,creature\babynaga\babynaga0062-00.anim,11968,E3B763753BE38B4A9936E90F6EDF7395FA431B54,D:\Sirus\_client\World of Warcraft Sirus\Naga_Extract_2026-10-03\ByArchive\patch-5.MPQ\creature\babynaga\babynaga0062-00.anim
2264907,patch-5.MPQ,creature\babynaga\babynaga00.skin,20104,D7E730AFC720A8139873AE66F3500830853D3189,D:\Sirus\_client\World of Warcraft Sirus\Naga_Extract_2026-10-03\ByArchive\patch-5.MPQ\creature\babynaga\babynaga00.skin
2264908,patch-5.MPQ,creature\babynaga\babynaga01.skin,20808,9852B7B6B46EA66379ADF9E5B4F737051D24623A,D:\Sirus\_client\World of Warcraft Sirus\Naga_Extract_2026-10-03\ByArchive\patch-5.MPQ\creature\babynaga\babynaga01.skin
2264909,patch-5.MPQ,creature\babynaga\babynaga_black.blp,88580,2BE8231E2AB97C4DE6B6B4A5D7F6FCFEF8F1D824,D:\Sirus\_client\World of Warcraft Sirus\Naga_Extract_2026-10-03\ByArchive\patch-5.MPQ\creature\babynaga\babynaga_black.blp
2264910,patch-5.MPQ,creature\babynaga\babynaga_blue.blp,88580,54290B76B7782E0A07CD7FE9FEFC88E9C80C7CF9,D:\Sirus\_client\World of Warcraft Sirus\Naga_Extract_2026-10-03\ByArchive\patch-5.MPQ\creature\babynaga\babynaga_blue.blp
2264911,patch-5.MPQ,creature\babynaga\babynaga_green.blp,88580,09DE2591E967423EF3053742CB964EAB80F4E703,D:\Sirus\_client\World of Warcraft Sirus\Naga_Extract_2026-10-03\ByArchive\patch-5.MPQ\creature\babynaga\babynaga_green.blp
2264912,patch-5.MPQ,creature\babynaga\babynaga_silver.blp,88580,124EB6CF0D0F5FF2A07D3D41C12BE4F5D4D34E7B,D:\Sirus\_client\World of Warcraft Sirus\Naga_Extract_2026-10-03\ByArchive\patch-5.MPQ\creature\babynaga\babynaga_silver.blp
316523,patch-6.MPQ,World\Generic\PassiveDoodads\Weapons\naga_trident_horizontal.M2,8370,BC283691EAF2C1C36523BE5969B126A04777EEE8,D:\Sirus\_client\World of Warcraft Sirus\Naga_Extract_2026-10-03\ByArchive\patch-6.MPQ\World\Generic\PassiveDoodads\Weapons\naga_trident_horizontal.M2
320480,patch-6.MPQ,World\Expansion01\Doodads\Generic\Naga\Crates\NA_Barricade_01.M2,63324,8D7FDAC5921F8F83FB1D1AC334F2D8E362AAD063,D:\Sirus\_client\World of Warcraft Sirus\Naga_Extract_2026-10-03\ByArchive\patch-6.MPQ\World\Expansion01\Doodads\Generic\Naga\Crates\NA_Barricade_01.M2
320481,patch-6.MPQ,World\Expansion01\Doodads\Generic\Naga\Crates\NA_Barricade_Pole.M2,13388,1B6874DC3062436462524EE9B2E476B96A0521C8,D:\Sirus\_client\World of Warcraft Sirus\Naga_Extract_2026-10-03\ByArchive\patch-6.MPQ\World\Expansion01\Doodads\Generic\Naga\Crates\NA_Barricade_Pole.M2
320482,patch-6.MPQ,World\Expansion01\Doodads\Generic\Naga\Crates\NA_Barricade_Shell_01.M2,22652,B1AB74168926488B33EEE677F1BCEC0BC0FF1F0E,D:\Sirus\_client\World of Warcraft Sirus\Naga_Extract_2026-10-03\ByArchive\patch-6.MPQ\World\Expansion01\Doodads\Generic\Naga\Crates\NA_Barricade_Shell_01.M2
320483,patch-6.MPQ,World\Expansion01\Doodads\Generic\Naga\Crates\NA_Barricade_Shell_02.M2,9148,16D905D24B642022993F71F2E87BD9E265FDA8DA,D:\Sirus\_client\World of Warcraft Sirus\Naga_Extract_2026-10-03\ByArchive\patch-6.MPQ\World\Expansion01\Doodads\Generic\Naga\Crates\NA_Barricade_Shell_02.M2
366769,patch-6.MPQ,ITEM\ObjectComponents\Weapon\Polearm_2H_Trident_Naga_B_01.M2,41004,FE74DC10BE2EA13110B6449C6741F17D14DC896C,D:\Sirus\_client\World of Warcraft Sirus\Naga_Extract_2026-10-03\ByArchive\patch-6.MPQ\ITEM\ObjectComponents\Weapon\Polearm_2H_Trident_Naga_B_01.M2
366770,patch-6.MPQ,Item\ObjectComponents\WEAPON\Polearm_2H_Trident_Naga_B_01Blue.blp,88580,F07FDEC002D9BAD0F85D0DE1A28C6C72E1B59F76,D:\Sirus\_client\World of Warcraft Sirus\Naga_Extract_2026-10-03\ByArchive\patch-6.MPQ\Item\ObjectComponents\WEAPON\Polearm_2H_Trident_Naga_B_01Blue.blp
366771,patch-6.MPQ,Item\ObjectComponents\WEAPON\Polearm_2H_Trident_Naga_B_01Green.blp,88580,DD2ABCDEE96E1A3A17FDDDAC07ED4C89909D0905,D:\Sirus\_client\World of Warcraft Sirus\Naga_Extract_2026-10-03\ByArchive\patch-6.MPQ\Item\ObjectComponents\WEAPON\Polearm_2H_Trident_Naga_B_01Green.blp
366772,patch-6.MPQ,Item\ObjectComponents\WEAPON\Polearm_2H_Trident_Naga_B_01Orange.blp,88580,518D15721906DCEBAC29F81A82C988328B64D09E,D:\Sirus\_client\World of Warcraft Sirus\Naga_Extract_2026-10-03\ByArchive\patch-6.MPQ\Item\ObjectComponents\WEAPON\Polearm_2H_Trident_Naga_B_01Orange.blp
366773,patch-6.MPQ,Item\ObjectComponents\WEAPON\Polearm_2H_Trident_Naga_B_01Yellow.blp,88580,272EC593F5BC9E4801F402B1991530DF7DBAB2B7,D:\Sirus\_client\World of Warcraft Sirus\Naga_Extract_2026-10-03\ByArchive\patch-6.MPQ\Item\ObjectComponents\WEAPON\Polearm_2H_Trident_Naga_B_01Yellow.blp
366774,patch-6.MPQ,ITEM\ObjectComponents\Weapon\Polearm_2H_Trident_Naga_B_02.M2,39420,E4D938CB481155043B135321939AC39A1B85DCD3,D:\Sirus\_client\World of Warcraft Sirus\Naga_Extract_2026-10-03\ByArchive\patch-6.MPQ\ITEM\ObjectComponents\Weapon\Polearm_2H_Trident_Naga_B_02.M2
366775,patch-6.MPQ,ITEM\ObjectComponents\Weapon\Polearm_2H_Trident_Naga_B_03.M2,10988,48CB7A9F7C3F8CB7F428B856D3AF46688707EDA1,D:\Sirus\_client\World of Warcraft Sirus\Naga_Extract_2026-10-03\ByArchive\patch-6.MPQ\ITEM\ObjectComponents\Weapon\Polearm_2H_Trident_Naga_B_03.M2
366780,patch-6.MPQ,World\Generic\PassiveDoodads\DEATHSKELETONS\NagaFemaleDeathSkeleton.M2,41618,EBEC66EBEBA4FC859CBBF02A2E7FF6A62FDD6073,D:\Sirus\_client\World of Warcraft Sirus\Naga_Extract_2026-10-03\ByArchive\patch-6.MPQ\World\Generic\PassiveDoodads\DEATHSKELETONS\NagaFemaleDeathSkeleton.M2
366781,patch-6.MPQ,World\Generic\PassiveDoodads\DEATHSKELETONS\NagaMaleDeathSkeleton.M2,40690,EA3AECCD038385F52147F5C95BED46A70D95D474,D:\Sirus\_client\World of Warcraft Sirus\Naga_Extract_2026-10-03\ByArchive\patch-6.MPQ\World\Generic\PassiveDoodads\DEATHSKELETONS\NagaMaleDeathSkeleton.M2
366782,patch-6.MPQ,World\Generic\PassiveDoodads\Weapons\Naga_Trident02.M2,10136,829104C714DD37BBE297C89F0920669E00511C50,D:\Sirus\_client\World of Warcraft Sirus\Naga_Extract_2026-10-03\ByArchive\patch-6.MPQ\World\Generic\PassiveDoodads\Weapons\Naga_Trident02.M2
392697,patch-6.MPQ,World\ENVIRONMENT\DOODAD\BOREANTUNDRA\NAGA_PAGODA\TEX\DK_UNDERWATER_NAGA_PAGODA_01.BLP,44876,AE30E3D27CDE01713B6AC2D13AF0482DE50D74EE,D:\Sirus\_client\World of Warcraft Sirus\Naga_Extract_2026-10-03\ByArchive\patch-6.MPQ\World\ENVIRONMENT\DOODAD\BOREANTUNDRA\NAGA_PAGODA\TEX\DK_UNDERWATER_NAGA_PAGODA_01.BLP
392698,patch-6.MPQ,World\ENVIRONMENT\DOODAD\BOREANTUNDRA\NAGA_PAGODA\TEX\DK_UNDERWATER_NAGA_PAGODA_STAIR.BLP,44876,AA4923FC05E648F46603152CF79A76831EEF2820,D:\Sirus\_client\World of Warcraft Sirus\Naga_Extract_2026-10-03\ByArchive\patch-6.MPQ\World\ENVIRONMENT\DOODAD\BOREANTUNDRA\NAGA_PAGODA\TEX\DK_UNDERWATER_NAGA_PAGODA_STAIR.BLP
392699,patch-6.MPQ,World\WMO\Kalimdor\Buildings\NagaPagoda\ND_Naga_Pagoda_underwater_01.wmo,660,3B2903D263EE5D65FEF81396374175807564F747,D:\Sirus\_client\World of Warcraft Sirus\Naga_Extract_2026-10-03\ByArchive\patch-6.MPQ\World\WMO\Kalimdor\Buildings\NagaPagoda\ND_Naga_Pagoda_underwater_01.wmo
392700,patch-6.MPQ,World\WMO\Kalimdor\Buildings\NagaPagoda\ND_Naga_Pagoda_underwater_01_000.wmo,72772,190AF220CF8DFE2C7E890970AAFB0CBDF1D59DAE,D:\Sirus\_client\World of Warcraft Sirus\Naga_Extract_2026-10-03\ByArchive\patch-6.MPQ\World\WMO\Kalimdor\Buildings\NagaPagoda\ND_Naga_Pagoda_underwater_01_000.wmo
427942,patch-6.MPQ,World\Expansion01\Doodads\Generic\Naga\Artifact\NA_Artifact01.blp,350724,666C178DEC526E5A7B3DFCFD70734923A621663D,D:\Sirus\_client\World of Warcraft Sirus\Naga_Extract_2026-10-03\ByArchive\patch-6.MPQ\World\Expansion01\Doodads\Generic\Naga\Artifact\NA_Artifact01.blp
427943,patch-6.MPQ,World\Expansion01\Doodads\Generic\Naga\Artifact\NA_ArtifactWaterWhirl02.blp,88580,C3B38D434A5A3E0416A440A0E29D89B0831F96DE,D:\Sirus\_client\World of Warcraft Sirus\Naga_Extract_2026-10-03\ByArchive\patch-6.MPQ\World\Expansion01\Doodads\Generic\Naga\Artifact\NA_ArtifactWaterWhirl02.blp
427944,patch-6.MPQ,World\Expansion01\Doodads\Generic\Naga\Artifact\NA_ArtifactWaterWhirl01.blp,88580,B3A962CABE418262BFFA2A83BDD6878C622B438C,D:\Sirus\_client\World of Warcraft Sirus\Naga_Extract_2026-10-03\ByArchive\patch-6.MPQ\World\Expansion01\Doodads\Generic\Naga\Artifact\NA_ArtifactWaterWhirl01.blp
427945,patch-6.MPQ,World\Expansion01\Doodads\Generic\Naga\Artifact\NA_Artifact01.M2,76476,ECAB94450DFBC65DC252FE64B9C6EC3EF0D8BBEA,D:\Sirus\_client\World of Warcraft Sirus\Naga_Extract_2026-10-03\ByArchive\patch-6.MPQ\World\Expansion01\Doodads\Generic\Naga\Artifact\NA_Artifact01.M2
490587,patch-6.MPQ,Item\ObjectComponents\WEAPON\Polearm_2H_Trident_Naga_B_0100.skin,9664,846C61B9BE2FDEE8A0C9CE890DC3CBFF45ADB249,D:\Sirus\_client\World of Warcraft Sirus\Naga_Extract_2026-10-03\ByArchive\patch-6.MPQ\Item\ObjectComponents\WEAPON\Polearm_2H_Trident_Naga_B_0100.skin
490706,patch-6.MPQ,Item\ObjectComponents\WEAPON\Polearm_2H_Trident_Naga_B_0300.skin,2496,BD710C3346332E0DC6185B6C6F193A513519F0DD,D:\Sirus\_client\World of Warcraft Sirus\Naga_Extract_2026-10-03\ByArchive\patch-6.MPQ\Item\ObjectComponents\WEAPON\Polearm_2H_Trident_Naga_B_0300.skin
491889,patch-6.MPQ,Item\ObjectComponents\WEAPON\Polearm_2H_Trident_Naga_B_0200.skin,9408,5DF3E56A44826FFE41B4551106CAE53761886FE6,D:\Sirus\_client\World of Warcraft Sirus\Naga_Extract_2026-10-03\ByArchive\patch-6.MPQ\Item\ObjectComponents\WEAPON\Polearm_2H_Trident_Naga_B_0200.skin
496052,patch-6.MPQ,World\Expansion01\Doodads\Generic\Naga\Artifact\NA_Artifact0100.skin,21104,9FF710FD0F202E857AAF98644F6C00D4D553AB5A,D:\Sirus\_client\World of Warcraft Sirus\Naga_Extract_2026-10-03\ByArchive\patch-6.MPQ\World\Expansion01\Doodads\Generic\Naga\Artifact\NA_Artifact0100.skin
496054,patch-6.MPQ,World\Expansion01\Doodads\Generic\Naga\Crates\NA_Barricade_Shell_0100.skin,6576,95851E950D026AF6142DAF4E4F695A96324079C2,D:\Sirus\_client\World of Warcraft Sirus\Naga_Extract_2026-10-03\ByArchive\patch-6.MPQ\World\Expansion01\Doodads\Generic\Naga\Crates\NA_Barricade_Shell_0100.skin
496056,patch-6.MPQ,World\Expansion01\Doodads\Generic\Naga\Crates\NA_Barricade_Shell_0200.skin,2128,DAF3DAE03ED59B879A562308B3F695D289B2BBDD,D:\Sirus\_client\World of Warcraft Sirus\Naga_Extract_2026-10-03\ByArchive\patch-6.MPQ\World\Expansion01\Doodads\Generic\Naga\Crates\NA_Barricade_Shell_0200.skin
496058,patch-6.MPQ,World\Expansion01\Doodads\Generic\Naga\Crates\NA_Barricade_Pole00.skin,3040,2F295903CEBD1E37BD83D9FEB8B9F29C6F0F406B,D:\Sirus\_client\World of Warcraft Sirus\Naga_Extract_2026-10-03\ByArchive\patch-6.MPQ\World\Expansion01\Doodads\Generic\Naga\Crates\NA_Barricade_Pole00.skin
496060,patch-6.MPQ,World\Expansion01\Doodads\Generic\Naga\Crates\NA_Barricade_0100.skin,16304,4244C510C1366492AD5E8C9AED84418CA0760A12,D:\Sirus\_client\World of Warcraft Sirus\Naga_Extract_2026-10-03\ByArchive\patch-6.MPQ\World\Expansion01\Doodads\Generic\Naga\Crates\NA_Barricade_0100.skin
505559,patch-6.MPQ,World\GENERIC\PASSIVEDOODADS\DEATHSKELETONS\NagaFemaleDeathSkeleton00.skin,11424,1906CA42D110F9AB19AF220B3766036D98011ED1,D:\Sirus\_client\World of Warcraft Sirus\Naga_Extract_2026-10-03\ByArchive\patch-6.MPQ\World\GENERIC\PASSIVEDOODADS\DEATHSKELETONS\NagaFemaleDeathSkeleton00.skin
505572,patch-6.MPQ,World\GENERIC\PASSIVEDOODADS\DEATHSKELETONS\NagaMaleDeathSkeleton00.skin,11664,A0851C1D63422471DD79813325CD7186B26C2FD1,D:\Sirus\_client\World of Warcraft Sirus\Naga_Extract_2026-10-03\ByArchive\patch-6.MPQ\World\GENERIC\PASSIVEDOODADS\DEATHSKELETONS\NagaMaleDeathSkeleton00.skin
506009,patch-6.MPQ,World\GENERIC\PASSIVEDOODADS\Weapons\naga_trident_horizontal00.skin,1856,9633A5EDD98E3E25DE12A46248B53941B1ACAA97,D:\Sirus\_client\World of Warcraft Sirus\Naga_Extract_2026-10-03\ByArchive\patch-6.MPQ\World\GENERIC\PASSIVEDOODADS\Weapons\naga_trident_horizontal00.skin
506027,patch-6.MPQ,World\GENERIC\PASSIVEDOODADS\Weapons\Naga_Trident0200.skin,2392,2626C2ACEF21721FC7E26D3CF372B1BF32E8C285,D:\Sirus\_client\World of Warcraft Sirus\Naga_Extract_2026-10-03\ByArchive\patch-6.MPQ\World\GENERIC\PASSIVEDOODADS\Weapons\Naga_Trident0200.skin
1096324,patch-6.MPQ,World\Expansion06\Doodads\Naga\7ng_naga_banner01.m2,63192,FFDB6A771DA940A2C2F3E113BF131FC8FFBD282C,D:\Sirus\_client\World of Warcraft Sirus\Naga_Extract_2026-10-03\ByArchive\patch-6.MPQ\World\Expansion06\Doodads\Naga\7ng_naga_banner01.m2
1096556,patch-6.MPQ,World\Expansion06\Doodads\Naga\7na_temptex.blp,44876,4160E4F327DB0F9515A464A8065DFFDDA0F1A018,D:\Sirus\_client\World of Warcraft Sirus\Naga_Extract_2026-10-03\ByArchive\patch-6.MPQ\World\Expansion06\Doodads\Naga\7na_temptex.blp
1096557,patch-6.MPQ,World\Expansion06\Doodads\Naga\7ng_naga_banner0100.skin,6040,EDA0EFDE9F8A8F8258BCBDEE73391434EF15FB12,D:\Sirus\_client\World of Warcraft Sirus\Naga_Extract_2026-10-03\ByArchive\patch-6.MPQ\World\Expansion06\Doodads\Naga\7ng_naga_banner0100.skin
1096607,patch-6.MPQ,World\Expansion06\Doodads\Naga\7ng_naga_barricade01.m2,30796,6125CA86C58524CC634A1BCD1C091C2683BCB0C7,D:\Sirus\_client\World of Warcraft Sirus\Naga_Extract_2026-10-03\ByArchive\patch-6.MPQ\World\Expansion06\Doodads\Naga\7ng_naga_barricade01.m2
1096608,patch-6.MPQ,World\Expansion06\Doodads\Naga\7ng_naga_brazier01.m2,1922,FA08CD26A6435747AA0919D124F27D19793469FE,D:\Sirus\_client\World of Warcraft Sirus\Naga_Extract_2026-10-03\ByArchive\patch-6.MPQ\World\Expansion06\Doodads\Naga\7ng_naga_brazier01.m2
1096609,patch-6.MPQ,World\Expansion06\Doodads\Naga\7ng_naga_chestlarge_open01.m2,74426,5D916AB9FFA578C08CF0F37FFFA22A500F260BE4,D:\Sirus\_client\World of Warcraft Sirus\Naga_Extract_2026-10-03\ByArchive\patch-6.MPQ\World\Expansion06\Doodads\Naga\7ng_naga_chestlarge_open01.m2
1096610,patch-6.MPQ,World\Expansion06\Doodads\Naga\7ng_naga_chestsmall_closed01.m2,30866,C0C8E2222EAB368D5CB90763761CC2AFFCB2EA7C,D:\Sirus\_client\World of Warcraft Sirus\Naga_Extract_2026-10-03\ByArchive\patch-6.MPQ\World\Expansion06\Doodads\Naga\7ng_naga_chestsmall_closed01.m2
1096611,patch-6.MPQ,World\Expansion06\Doodads\Naga\7ng_naga_chestsmall_open01.m2,28850,F227648893E9EA8A36E2390C5360B13DED84AFE8,D:\Sirus\_client\World of Warcraft Sirus\Naga_Extract_2026-10-03\ByArchive\patch-6.MPQ\World\Expansion06\Doodads\Naga\7ng_naga_chestsmall_open01.m2
1096612,patch-6.MPQ,World\Expansion06\Doodads\Naga\7ng_naga_lamp.m2,1906,FFDB68673BF7C6D0CF9F2D8C3C6D37B49760C820,D:\Sirus\_client\World of Warcraft Sirus\Naga_Extract_2026-10-03\ByArchive\patch-6.MPQ\World\Expansion06\Doodads\Naga\7ng_naga_lamp.m2
1096613,patch-6.MPQ,World\Expansion06\Doodads\Naga\7ng_naga_lamp_post.m2,1922,5D9C2AF0834A649ECF0F231E1D1D5A0C457DB424,D:\Sirus\_client\World of Warcraft Sirus\Naga_Extract_2026-10-03\ByArchive\patch-6.MPQ\World\Expansion06\Doodads\Naga\7ng_naga_lamp_post.m2
1096614,patch-6.MPQ,World\Expansion06\Doodads\Naga\7ng_naga_tent_canopy.m2,1922,D3C8EF2D7B8E254F06F4D83B6823CC3662CCF27E,D:\Sirus\_client\World of Warcraft Sirus\Naga_Extract_2026-10-03\ByArchive\patch-6.MPQ\World\Expansion06\Doodads\Naga\7ng_naga_tent_canopy.m2
1096615,patch-6.MPQ,World\Expansion06\Doodads\Naga\7ng_naga_tent_large01.m2,1922,0A4DF81AE42FA5245F8B2E34CA2C56375C4D928D,D:\Sirus\_client\World of Warcraft Sirus\Naga_Extract_2026-10-03\ByArchive\patch-6.MPQ\World\Expansion06\Doodads\Naga\7ng_naga_tent_large01.m2
1096616,patch-6.MPQ,World\Expansion06\Doodads\Naga\7ng_naga_trident.m2,8936,800B99747E60410C8A781A808384A0F8E46578E9,D:\Sirus\_client\World of Warcraft Sirus\Naga_Extract_2026-10-03\ByArchive\patch-6.MPQ\World\Expansion06\Doodads\Naga\7ng_naga_trident.m2
1096617,patch-6.MPQ,World\Expansion06\Doodads\Naga\7ng_naga_netlauncher01.m2,1922,6CFBB37ABC09FE2268272DFF19817FD8882F68BB,D:\Sirus\_client\World of Warcraft Sirus\Naga_Extract_2026-10-03\ByArchive\patch-6.MPQ\World\Expansion06\Doodads\Naga\7ng_naga_netlauncher01.m2
1096618,patch-6.MPQ,World\Expansion06\Doodads\Naga\7ng_naga_jar01.m2,7510,90B47A9C9A1795745EDC7AB9790BD00D4C9A70C0,D:\Sirus\_client\World of Warcraft Sirus\Naga_Extract_2026-10-03\ByArchive\patch-6.MPQ\World\Expansion06\Doodads\Naga\7ng_naga_jar01.m2
1096619,patch-6.MPQ,World\Expansion06\Doodads\Naga\7ng_naga_weaponrack02.m2,81613,94464E8D6712A661DE89BBF6678954AF8266308F,D:\Sirus\_client\World of Warcraft Sirus\Naga_Extract_2026-10-03\ByArchive\patch-6.MPQ\World\Expansion06\Doodads\Naga\7ng_naga_weaponrack02.m2
1096620,patch-6.MPQ,World\Expansion06\Doodads\Naga\7ng_naga_weaponrack01.m2,74941,5ED481B71935A8655FF37E292EB7D8C4641102B9,D:\Sirus\_client\World of Warcraft Sirus\Naga_Extract_2026-10-03\ByArchive\patch-6.MPQ\World\Expansion06\Doodads\Naga\7ng_naga_weaponrack01.m2
1096621,patch-6.MPQ,World\Expansion06\Doodads\Naga\7ng_naga_post01.m2,1906,B7A9095D3CB8037CED42411F3E9655FEADFFB2B7,D:\Sirus\_client\World of Warcraft Sirus\Naga_Extract_2026-10-03\ByArchive\patch-6.MPQ\World\Expansion06\Doodads\Naga\7ng_naga_post01.m2
1096622,patch-6.MPQ,World\Expansion06\Doodads\Naga\7ng_naga_post02.m2,1906,496500FDA22ED026A0FF117CF6B6FE495B5FA3D7,D:\Sirus\_client\World of Warcraft Sirus\Naga_Extract_2026-10-03\ByArchive\patch-6.MPQ\World\Expansion06\Doodads\Naga\7ng_naga_post02.m2
1096623,patch-6.MPQ,World\Expansion06\Doodads\Naga\7ng_naga_post03.m2,1906,D638FD643C23C762B62223D79989A838F0BB99F3,D:\Sirus\_client\World of Warcraft Sirus\Naga_Extract_2026-10-03\ByArchive\patch-6.MPQ\World\Expansion06\Doodads\Naga\7ng_naga_post03.m2
1096624,patch-6.MPQ,World\Expansion06\Doodads\Naga\7ng_naga_magicorb01.m2,1922,6C53A3DA8FCF3F731C3DDBA3A85E5D4EBDABC415,D:\Sirus\_client\World of Warcraft Sirus\Naga_Extract_2026-10-03\ByArchive\patch-6.MPQ\World\Expansion06\Doodads\Naga\7ng_naga_magicorb01.m2
1096625,patch-6.MPQ,World\Expansion06\Doodads\Naga\7ng_naga_vase.m2,7509,2EBF6AB9DC5F69B50B739185F137F5BF4D827E7B,D:\Sirus\_client\World of Warcraft Sirus\Naga_Extract_2026-10-03\ByArchive\patch-6.MPQ\World\Expansion06\Doodads\Naga\7ng_naga_vase.m2
1096633,patch-6.MPQ,World\Expansion06\Doodads\Naga\7ng_naga_tent_large02.m2,1922,03163EA779A0971CF15F48A82B107AF252F00366,D:\Sirus\_client\World of Warcraft Sirus\Naga_Extract_2026-10-03\ByArchive\patch-6.MPQ\World\Expansion06\Doodads\Naga\7ng_naga_tent_large02.m2
1096634,patch-6.MPQ,World\Expansion06\Doodads\Naga\7ng_naga_tent01.m2,1906,ED4A45450670ED1F33295291FDA4EF11469418FA,D:\Sirus\_client\World of Warcraft Sirus\Naga_Extract_2026-10-03\ByArchive\patch-6.MPQ\World\Expansion06\Doodads\Naga\7ng_naga_tent01.m2
1096635,patch-6.MPQ,World\Expansion06\Doodads\Naga\7ng_naga_tent02.m2,1906,E0C2B5929DDB1714B90344682A202E14593B0754,D:\Sirus\_client\World of Warcraft Sirus\Naga_Extract_2026-10-03\ByArchive\patch-6.MPQ\World\Expansion06\Doodads\Naga\7ng_naga_tent02.m2
1096636,patch-6.MPQ,World\Expansion06\Doodads\Naga\7ng_naga_wagon.m2,1906,8DA15EC55664AF2E8A5B9B62F963ECDF5975B506,D:\Sirus\_client\World of Warcraft Sirus\Naga_Extract_2026-10-03\ByArchive\patch-6.MPQ\World\Expansion06\Doodads\Naga\7ng_naga_wagon.m2
1096637,patch-6.MPQ,World\Expansion06\Doodads\Naga\7ng_naga_brazier02.m2,1922,6FFE2E0A3DF7867795A0B54176E45E3B1E5CDBE1,D:\Sirus\_client\World of Warcraft Sirus\Naga_Extract_2026-10-03\ByArchive\patch-6.MPQ\World\Expansion06\Doodads\Naga\7ng_naga_brazier02.m2
1096638,patch-6.MPQ,World\Expansion06\Doodads\Naga\7ng_naga_supplies01.m2,110762,85C0E1362DE72CE89483F7A9CE536EECF2D88DF4,D:\Sirus\_client\World of Warcraft Sirus\Naga_Extract_2026-10-03\ByArchive\patch-6.MPQ\World\Expansion06\Doodads\Naga\7ng_naga_supplies01.m2
1096639,patch-6.MPQ,World\Expansion06\Doodads\Naga\7ng_naga_supplies02.m2,149981,AAE5B9FA442D033CEC4F25AE02D887E24A24BF37,D:\Sirus\_client\World of Warcraft Sirus\Naga_Extract_2026-10-03\ByArchive\patch-6.MPQ\World\Expansion06\Doodads\Naga\7ng_naga_supplies02.m2
1096641,patch-6.MPQ,World\Expansion06\Doodads\Naga\7ng_naga_supplies03.m2,403608,8364AB1EFBA39311ACD5553311FF0BA73B00344B,D:\Sirus\_client\World of Warcraft Sirus\Naga_Extract_2026-10-03\ByArchive\patch-6.MPQ\World\Expansion06\Doodads\Naga\7ng_naga_supplies03.m2
1096643,patch-6.MPQ,World\Expansion06\Doodads\Naga\7ng_naga_sconce.m2,1906,564EFEFE527320367C494BE2CFE2353F3F4D27A8,D:\Sirus\_client\World of Warcraft Sirus\Naga_Extract_2026-10-03\ByArchive\patch-6.MPQ\World\Expansion06\Doodads\Naga\7ng_naga_sconce.m2
1096644,patch-6.MPQ,World\Expansion06\Doodads\Naga\7ng_naga_torch01.m2,13946,4B3FBD6598E864FA6BC6C50EA2881AA6880CDC22,D:\Sirus\_client\World of Warcraft Sirus\Naga_Extract_2026-10-03\ByArchive\patch-6.MPQ\World\Expansion06\Doodads\Naga\7ng_naga_torch01.m2
1096645,patch-6.MPQ,World\Expansion06\Doodads\Naga\7ng_naga_torch02.m2,1922,9357D5F5B9C3859DB3232D016E9AA1B3A316DF18,D:\Sirus\_client\World of Warcraft Sirus\Naga_Extract_2026-10-03\ByArchive\patch-6.MPQ\World\Expansion06\Doodads\Naga\7ng_naga_torch02.m2
1096646,patch-6.MPQ,World\Expansion06\Doodads\Naga\7ng_naga_cannon.m2,178136,97870474C37C04E9260043F416086E34EA088DC5,D:\Sirus\_client\World of Warcraft Sirus\Naga_Extract_2026-10-03\ByArchive\patch-6.MPQ\World\Expansion06\Doodads\Naga\7ng_naga_cannon.m2
1096647,patch-6.MPQ,World\Expansion06\Doodads\Naga\7ng_naga_scroll01.m2,1922,FF0533B730A253B1EAB98DB69172D01622CDFEB6,D:\Sirus\_client\World of Warcraft Sirus\Naga_Extract_2026-10-03\ByArchive\patch-6.MPQ\World\Expansion06\Doodads\Naga\7ng_naga_scroll01.m2
1096648,patch-6.MPQ,World\Expansion06\Doodads\Naga\7ng_naga_scroll02.m2,1922,0C50395DC13DCDAB454CB80B9C5636FBD64586B9,D:\Sirus\_client\World of Warcraft Sirus\Naga_Extract_2026-10-03\ByArchive\patch-6.MPQ\World\Expansion06\Doodads\Naga\7ng_naga_scroll02.m2
1096652,patch-6.MPQ,World\Expansion06\Doodads\Naga\7ng_naga_barricade0100.skin,8392,EBE095DB598A5BB4A8CAF756B3226AAE360CE3FA,D:\Sirus\_client\World of Warcraft Sirus\Naga_Extract_2026-10-03\ByArchive\patch-6.MPQ\World\Expansion06\Doodads\Naga\7ng_naga_barricade0100.skin
1096653,patch-6.MPQ,World\Expansion06\Doodads\Naga\7ng_brazier.blp,700236,9B72CF4A7155243C9B89C5514291874A48BBBE81,D:\Sirus\_client\World of Warcraft Sirus\Naga_Extract_2026-10-03\ByArchive\patch-6.MPQ\World\Expansion06\Doodads\Naga\7ng_brazier.blp
1096654,patch-6.MPQ,World\Expansion06\Doodads\Naga\OrbReflect.blp,1868,8BF1A78E753716F9A2B4ACEE47F6048D443392CF,D:\Sirus\_client\World of Warcraft Sirus\Naga_Extract_2026-10-03\ByArchive\patch-6.MPQ\World\Expansion06\Doodads\Naga\OrbReflect.blp
1096655,patch-6.MPQ,World\Expansion06\Doodads\Naga\cuastic.blp,88580,F8D1977E8157B111FE6BFA3213A65A999419BD19,D:\Sirus\_client\World of Warcraft Sirus\Naga_Extract_2026-10-03\ByArchive\patch-6.MPQ\World\Expansion06\Doodads\Naga\cuastic.blp
1096656,patch-6.MPQ,World\Expansion06\Doodads\Naga\place_naga.blp,175948,6A4F15E5947F739825AC6722F1D20766C76ADEF6,D:\Sirus\_client\World of Warcraft Sirus\Naga_Extract_2026-10-03\ByArchive\patch-6.MPQ\World\Expansion06\Doodads\Naga\place_naga.blp
1096657,patch-6.MPQ,World\Expansion06\Doodads\Naga\gradientcaustic_2_hotspot.blp,88580,8B6CDFABE0A60618F31CAE680CD59F01479EA10D,D:\Sirus\_client\World of Warcraft Sirus\Naga_Extract_2026-10-03\ByArchive\patch-6.MPQ\World\Expansion06\Doodads\Naga\gradientcaustic_2_hotspot.blp
1096658,patch-6.MPQ,World\Expansion06\Doodads\Naga\7ng_naga_brazier0100.skin,384,B94F2415938E21533545FF7211BE05D804D777FD,D:\Sirus\_client\World of Warcraft Sirus\Naga_Extract_2026-10-03\ByArchive\patch-6.MPQ\World\Expansion06\Doodads\Naga\7ng_naga_brazier0100.skin
1096659,patch-6.MPQ,World\Expansion06\Doodads\Naga\naga_cuastic.blp,88580,0F21DD40F544C6062C0E1CDB548E53268CDB2505,D:\Sirus\_client\World of Warcraft Sirus\Naga_Extract_2026-10-03\ByArchive\patch-6.MPQ\World\Expansion06\Doodads\Naga\naga_cuastic.blp
1096660,patch-6.MPQ,World\Expansion06\Doodads\Naga\naga_gradient_caustic.blp,88580,8B6CDFABE0A60618F31CAE680CD59F01479EA10D,D:\Sirus\_client\World of Warcraft Sirus\Naga_Extract_2026-10-03\ByArchive\patch-6.MPQ\World\Expansion06\Doodads\Naga\naga_gradient_caustic.blp
1096661,patch-6.MPQ,World\Expansion06\Doodads\Naga\7ng_naga_brazier0200.skin,384,B94F2415938E21533545FF7211BE05D804D777FD,D:\Sirus\_client\World of Warcraft Sirus\Naga_Extract_2026-10-03\ByArchive\patch-6.MPQ\World\Expansion06\Doodads\Naga\7ng_naga_brazier0200.skin
1096662,patch-6.MPQ,World\Expansion06\Doodads\Naga\7ng_naga_cannon00.skin,54648,A13586E1031ACF8249137C365D5D6F867FE78796,D:\Sirus\_client\World of Warcraft Sirus\Naga_Extract_2026-10-03\ByArchive\patch-6.MPQ\World\Expansion06\Doodads\Naga\7ng_naga_cannon00.skin
1096663,patch-6.MPQ,World\Expansion06\Doodads\Naga\7ng_naga_chestlarge_open0100.skin,22696,26AA5BD784F9AEB0954D6046BED539B2D1B73319,D:\Sirus\_client\World of Warcraft Sirus\Naga_Extract_2026-10-03\ByArchive\patch-6.MPQ\World\Expansion06\Doodads\Naga\7ng_naga_chestlarge_open0100.skin
1096664,patch-6.MPQ,World\Expansion06\Doodads\Naga\7ng_naga_chestsmall_closed0100.skin,7792,37B107451EDC40D4B7A57067ABF733F469764CB5,D:\Sirus\_client\World of Warcraft Sirus\Naga_Extract_2026-10-03\ByArchive\patch-6.MPQ\World\Expansion06\Doodads\Naga\7ng_naga_chestsmall_closed0100.skin
1096665,patch-6.MPQ,World\Expansion06\Doodads\Naga\7ng_naga_chestsmall_open0100.skin,7792,9CB7CECB63EAB7A951A4D31F5554882739AA9DE5,D:\Sirus\_client\World of Warcraft Sirus\Naga_Extract_2026-10-03\ByArchive\patch-6.MPQ\World\Expansion06\Doodads\Naga\7ng_naga_chestsmall_open0100.skin
1096666,patch-6.MPQ,World\Expansion06\Doodads\Naga\7ng_naga_jar0100.skin,2392,6E102A04D309A7C8E297ED4443788145597B39FE,D:\Sirus\_client\World of Warcraft Sirus\Naga_Extract_2026-10-03\ByArchive\patch-6.MPQ\World\Expansion06\Doodads\Naga\7ng_naga_jar0100.skin
1096667,patch-6.MPQ,World\Expansion06\Doodads\Naga\7na_lamp.blp,88580,1B9E3A4D53D32432499F48F640D090C4D524D9F4,D:\Sirus\_client\World of Warcraft Sirus\Naga_Extract_2026-10-03\ByArchive\patch-6.MPQ\World\Expansion06\Doodads\Naga\7na_lamp.blp
1096668,patch-6.MPQ,World\Expansion06\Doodads\Naga\soft_spec_glow.blp,88580,82A42CB59722EA3BD4DFC38A6BA7A6A3B8359709,D:\Sirus\_client\World of Warcraft Sirus\Naga_Extract_2026-10-03\ByArchive\patch-6.MPQ\World\Expansion06\Doodads\Naga\soft_spec_glow.blp
1096669,patch-6.MPQ,World\Expansion06\Doodads\Naga\gradientcaustic.blp,88580,F0564CDE8B23FD56A84D5D0C5A4C06C8AFBD7DFC,D:\Sirus\_client\World of Warcraft Sirus\Naga_Extract_2026-10-03\ByArchive\patch-6.MPQ\World\Expansion06\Doodads\Naga\gradientcaustic.blp
1096670,patch-6.MPQ,World\Expansion06\Doodads\Naga\7ng_naga_lamp00.skin,384,B94F2415938E21533545FF7211BE05D804D777FD,D:\Sirus\_client\World of Warcraft Sirus\Naga_Extract_2026-10-03\ByArchive\patch-6.MPQ\World\Expansion06\Doodads\Naga\7ng_naga_lamp00.skin
1096671,patch-6.MPQ,World\Expansion06\Doodads\Naga\basic_maga.blp,700236,D9CC0F4F8A9C14E05989A8F40DCC02D32CDA4E0F,D:\Sirus\_client\World of Warcraft Sirus\Naga_Extract_2026-10-03\ByArchive\patch-6.MPQ\World\Expansion06\Doodads\Naga\basic_maga.blp
1096672,patch-6.MPQ,World\Expansion06\Doodads\Naga\7ng_naga_lamp_post00.skin,384,B94F2415938E21533545FF7211BE05D804D777FD,D:\Sirus\_client\World of Warcraft Sirus\Naga_Extract_2026-10-03\ByArchive\patch-6.MPQ\World\Expansion06\Doodads\Naga\7ng_naga_lamp_post00.skin
1096673,patch-6.MPQ,World\Expansion06\Doodads\Naga\7ng_naga_magicorb0100.skin,384,B94F2415938E21533545FF7211BE05D804D777FD,D:\Sirus\_client\World of Warcraft Sirus\Naga_Extract_2026-10-03\ByArchive\patch-6.MPQ\World\Expansion06\Doodads\Naga\7ng_naga_magicorb0100.skin
1096674,patch-6.MPQ,World\Expansion06\Doodads\Naga\7ng_naga_netlauncher0100.skin,384,B94F2415938E21533545FF7211BE05D804D777FD,D:\Sirus\_client\World of Warcraft Sirus\Naga_Extract_2026-10-03\ByArchive\patch-6.MPQ\World\Expansion06\Doodads\Naga\7ng_naga_netlauncher0100.skin
1096675,patch-6.MPQ,World\Expansion06\Doodads\Naga\7ng_naga_post0100.skin,384,B94F2415938E21533545FF7211BE05D804D777FD,D:\Sirus\_client\World of Warcraft Sirus\Naga_Extract_2026-10-03\ByArchive\patch-6.MPQ\World\Expansion06\Doodads\Naga\7ng_naga_post0100.skin
1096676,patch-6.MPQ,World\Expansion06\Doodads\Naga\7ng_naga_post0200.skin,384,B94F2415938E21533545FF7211BE05D804D777FD,D:\Sirus\_client\World of Warcraft Sirus\Naga_Extract_2026-10-03\ByArchive\patch-6.MPQ\World\Expansion06\Doodads\Naga\7ng_naga_post0200.skin
1096677,patch-6.MPQ,World\Expansion06\Doodads\Naga\7ng_naga_post0300.skin,384,B94F2415938E21533545FF7211BE05D804D777FD,D:\Sirus\_client\World of Warcraft Sirus\Naga_Extract_2026-10-03\ByArchive\patch-6.MPQ\World\Expansion06\Doodads\Naga\7ng_naga_post0300.skin
1096678,patch-6.MPQ,World\Expansion06\Doodads\Naga\7ng_naga_sconce00.skin,384,B94F2415938E21533545FF7211BE05D804D777FD,D:\Sirus\_client\World of Warcraft Sirus\Naga_Extract_2026-10-03\ByArchive\patch-6.MPQ\World\Expansion06\Doodads\Naga\7ng_naga_sconce00.skin
1096679,patch-6.MPQ,World\Expansion06\Doodads\Naga\7ng_naga_scroll0100.skin,384,B94F2415938E21533545FF7211BE05D804D777FD,D:\Sirus\_client\World of Warcraft Sirus\Naga_Extract_2026-10-03\ByArchive\patch-6.MPQ\World\Expansion06\Doodads\Naga\7ng_naga_scroll0100.skin
1096680,patch-6.MPQ,World\Expansion06\Doodads\Naga\7ng_naga_scroll0200.skin,384,B94F2415938E21533545FF7211BE05D804D777FD,D:\Sirus\_client\World of Warcraft Sirus\Naga_Extract_2026-10-03\ByArchive\patch-6.MPQ\World\Expansion06\Doodads\Naga\7ng_naga_scroll0200.skin
1096681,patch-6.MPQ,World\Expansion06\Doodads\Naga\7ng_naga_supplies0100.skin,32496,720EE8E1667B5E2FE349D86FF0672BE3D0E4B926,D:\Sirus\_client\World of Warcraft Sirus\Naga_Extract_2026-10-03\ByArchive\patch-6.MPQ\World\Expansion06\Doodads\Naga\7ng_naga_supplies0100.skin
1096682,patch-6.MPQ,World\Expansion06\Doodads\Naga\7ng_naga_supplies0200.skin,44528,64F180724B455F2673885B40F291075E5D806C07,D:\Sirus\_client\World of Warcraft Sirus\Naga_Extract_2026-10-03\ByArchive\patch-6.MPQ\World\Expansion06\Doodads\Naga\7ng_naga_supplies0200.skin
1096683,patch-6.MPQ,World\Expansion06\Doodads\Naga\7ng_naga_supplies0300.skin,116832,093BE59A56C11ED6B1593EADB516F15DE81BEAAF,D:\Sirus\_client\World of Warcraft Sirus\Naga_Extract_2026-10-03\ByArchive\patch-6.MPQ\World\Expansion06\Doodads\Naga\7ng_naga_supplies0300.skin
1096684,patch-6.MPQ,World\Expansion06\Doodads\Naga\7ng_naga_tent0100.skin,384,B94F2415938E21533545FF7211BE05D804D777FD,D:\Sirus\_client\World of Warcraft Sirus\Naga_Extract_2026-10-03\ByArchive\patch-6.MPQ\World\Expansion06\Doodads\Naga\7ng_naga_tent0100.skin
1096685,patch-6.MPQ,World\Expansion06\Doodads\Naga\gray03.blp,3916,D2EE7FD3559136A948C964134107158CC41F573C,D:\Sirus\_client\World of Warcraft Sirus\Naga_Extract_2026-10-03\ByArchive\patch-6.MPQ\World\Expansion06\Doodads\Naga\gray03.blp
1096686,patch-6.MPQ,World\Expansion06\Doodads\Naga\7ng_naga_tent0200.skin,384,B94F2415938E21533545FF7211BE05D804D777FD,D:\Sirus\_client\World of Warcraft Sirus\Naga_Extract_2026-10-03\ByArchive\patch-6.MPQ\World\Expansion06\Doodads\Naga\7ng_naga_tent0200.skin
1096687,patch-6.MPQ,World\Expansion06\Doodads\Naga\7ng_naga_tent_canopy00.skin,384,B94F2415938E21533545FF7211BE05D804D777FD,D:\Sirus\_client\World of Warcraft Sirus\Naga_Extract_2026-10-03\ByArchive\patch-6.MPQ\World\Expansion06\Doodads\Naga\7ng_naga_tent_canopy00.skin
1096688,patch-6.MPQ,World\Expansion06\Doodads\Naga\7ng_naga_tent_large0100.skin,384,B94F2415938E21533545FF7211BE05D804D777FD,D:\Sirus\_client\World of Warcraft Sirus\Naga_Extract_2026-10-03\ByArchive\patch-6.MPQ\World\Expansion06\Doodads\Naga\7ng_naga_tent_large0100.skin
1096689,patch-6.MPQ,World\Expansion06\Doodads\Naga\7ng_naga_tent_large0200.skin,384,B94F2415938E21533545FF7211BE05D804D777FD,D:\Sirus\_client\World of Warcraft Sirus\Naga_Extract_2026-10-03\ByArchive\patch-6.MPQ\World\Expansion06\Doodads\Naga\7ng_naga_tent_large0200.skin
1096690,patch-6.MPQ,World\Expansion06\Doodads\Naga\7ng_naga_torch0100.skin,2808,BA1462028470B95413291467E9DC290257310501,D:\Sirus\_client\World of Warcraft Sirus\Naga_Extract_2026-10-03\ByArchive\patch-6.MPQ\World\Expansion06\Doodads\Naga\7ng_naga_torch0100.skin
1096691,patch-6.MPQ,World\Expansion06\Doodads\Naga\7ng_naga_torch0200.skin,384,B94F2415938E21533545FF7211BE05D804D777FD,D:\Sirus\_client\World of Warcraft Sirus\Naga_Extract_2026-10-03\ByArchive\patch-6.MPQ\World\Expansion06\Doodads\Naga\7ng_naga_torch0200.skin
1096692,patch-6.MPQ,World\Expansion06\Doodads\Naga\trident_test.blp,350724,67042037160C26EABA167973EFB6DDFEC5A3621D,D:\Sirus\_client\World of Warcraft Sirus\Naga_Extract_2026-10-03\ByArchive\patch-6.MPQ\World\Expansion06\Doodads\Naga\trident_test.blp
1096693,patch-6.MPQ,World\Expansion06\Doodads\Naga\glowpulse.blp,175948,91A0054D19B957234757E8762F06E41479CCDAF4,D:\Sirus\_client\World of Warcraft Sirus\Naga_Extract_2026-10-03\ByArchive\patch-6.MPQ\World\Expansion06\Doodads\Naga\glowpulse.blp
1096694,patch-6.MPQ,World\Expansion06\Doodads\Naga\7ng_naga_trident00.skin,2760,71788EE75E8B88DEBCFC8ABF9F6764C504EFCB0E,D:\Sirus\_client\World of Warcraft Sirus\Naga_Extract_2026-10-03\ByArchive\patch-6.MPQ\World\Expansion06\Doodads\Naga\7ng_naga_trident00.skin
1096695,patch-6.MPQ,World\Expansion06\Doodads\Naga\7ng_naga_vase00.skin,2392,1A64255EEF77E4F43F3804C3F9FB096C83B261ED,D:\Sirus\_client\World of Warcraft Sirus\Naga_Extract_2026-10-03\ByArchive\patch-6.MPQ\World\Expansion06\Doodads\Naga\7ng_naga_vase00.skin
1096696,patch-6.MPQ,World\Expansion06\Doodads\Naga\7ng_naga_wagon00.skin,384,B94F2415938E21533545FF7211BE05D804D777FD,D:\Sirus\_client\World of Warcraft Sirus\Naga_Extract_2026-10-03\ByArchive\patch-6.MPQ\World\Expansion06\Doodads\Naga\7ng_naga_wagon00.skin
1096697,patch-6.MPQ,World\Expansion06\Doodads\Naga\7ng_naga_weaponrack0100.skin,24552,B85A3628F24C7155F6169921F90F8FDDE9709270,D:\Sirus\_client\World of Warcraft Sirus\Naga_Extract_2026-10-03\ByArchive\patch-6.MPQ\World\Expansion06\Doodads\Naga\7ng_naga_weaponrack0100.skin
1096698,patch-6.MPQ,World\Expansion06\Doodads\Naga\7ng_naga_weaponrack0200.skin,26808,98EA6F5689124505405B16908F9A9EA6FACC0663,D:\Sirus\_client\World of Warcraft Sirus\Naga_Extract_2026-10-03\ByArchive\patch-6.MPQ\World\Expansion06\Doodads\Naga\7ng_naga_weaponrack0200.skin
1096711,patch-6.MPQ,World\Expansion06\Doodads\Naga\7ng_naga_weaponcrate_closed01.m2,29951,366387FD43F9A7B34D1BCAC1BF060E025F7B3670,D:\Sirus\_client\World of Warcraft Sirus\Naga_Extract_2026-10-03\ByArchive\patch-6.MPQ\World\Expansion06\Doodads\Naga\7ng_naga_weaponcrate_closed01.m2
1096722,patch-6.MPQ,World\Expansion06\Doodads\Naga\7ng_naga_weaponcrate_closed0100.skin,7504,459F78EC86EA0D48CEAC289E08FE80B3FEDC5837,D:\Sirus\_client\World of Warcraft Sirus\Naga_Extract_2026-10-03\ByArchive\patch-6.MPQ\World\Expansion06\Doodads\Naga\7ng_naga_weaponcrate_closed0100.skin
1096781,patch-6.MPQ,World\Expansion06\Doodads\Naga\GenericGlow64.blp,3916,E803C9F1049DFD4AF8B575C40AFF66D0759A55B4,D:\Sirus\_client\World of Warcraft Sirus\Naga_Extract_2026-10-03\ByArchive\patch-6.MPQ\World\Expansion06\Doodads\Naga\GenericGlow64.blp
1096994,patch-6.MPQ,World\Expansion06\Doodads\Naga\7ng_naga_tent03.m2,1906,0BD7B49E1675E015C377BBA4E6154954462968CB,D:\Sirus\_client\World of Warcraft Sirus\Naga_Extract_2026-10-03\ByArchive\patch-6.MPQ\World\Expansion06\Doodads\Naga\7ng_naga_tent03.m2
1096995,patch-6.MPQ,World\Expansion06\Doodads\Naga\7ng_naga_tent0300.skin,384,B94F2415938E21533545FF7211BE05D804D777FD,D:\Sirus\_client\World of Warcraft Sirus\Naga_Extract_2026-10-03\ByArchive\patch-6.MPQ\World\Expansion06\Doodads\Naga\7ng_naga_tent0300.skin
1097857,patch-6.MPQ,World\Expansion06\Doodads\Naga\Abyssal_JellyFish_TEX_Glow.blp,350724,E627139FBA077BBE2D241569B28BFA04A7E7494E,D:\Sirus\_client\World of Warcraft Sirus\Naga_Extract_2026-10-03\ByArchive\patch-6.MPQ\World\Expansion06\Doodads\Naga\Abyssal_JellyFish_TEX_Glow.blp
1097858,patch-6.MPQ,World\Expansion06\Doodads\Naga\GreyGlowBall64.blp,3916,FE5222D06F84878E1614033F525BC0AD97817959,D:\Sirus\_client\World of Warcraft Sirus\Naga_Extract_2026-10-03\ByArchive\patch-6.MPQ\World\Expansion06\Doodads\Naga\GreyGlowBall64.blp
1098436,patch-6.MPQ,World\Expansion06\Doodads\Naga\Abyssal_JellyFish_TEX.blp,175948,56DB3B6EF1BC664F85CEC6D7099C3AD1FB7D01E9,D:\Sirus\_client\World of Warcraft Sirus\Naga_Extract_2026-10-03\ByArchive\patch-6.MPQ\World\Expansion06\Doodads\Naga\Abyssal_JellyFish_TEX.blp
1100468,patch-6.MPQ,World\Expansion06\Doodads\Naga\7ng_naga_torch01.blp,88580,D963DC1CE994B1E8FE737B2CC3852787D9C288FD,D:\Sirus\_client\World of Warcraft Sirus\Naga_Extract_2026-10-03\ByArchive\patch-6.MPQ\World\Expansion06\Doodads\Naga\7ng_naga_torch01.blp
1102123,patch-6.MPQ,World\Expansion06\Doodads\Naga\Clouds4.blp,88580,F637EFE1958B5B537E25ED4B00177631B598A086,D:\Sirus\_client\World of Warcraft Sirus\Naga_Extract_2026-10-03\ByArchive\patch-6.MPQ\World\Expansion06\Doodads\Naga\Clouds4.blp
1102124,patch-6.MPQ,World\Expansion06\Doodads\Naga\T_VFX_Bubble.blp,23044,01AFE161D468BE7DB5544E30C3DB96725267A101,D:\Sirus\_client\World of Warcraft Sirus\Naga_Extract_2026-10-03\ByArchive\patch-6.MPQ\World\Expansion06\Doodads\Naga\T_VFX_Bubble.blp
1102125,patch-6.MPQ,World\Expansion06\Doodads\Naga\T_VFX_Sun_64.blp,3916,814091CD84FFF7077EB0A59E971910247D8CA33E,D:\Sirus\_client\World of Warcraft Sirus\Naga_Extract_2026-10-03\ByArchive\patch-6.MPQ\World\Expansion06\Doodads\Naga\T_VFX_Sun_64.blp
1102977,patch-6.MPQ,World\Expansion06\Doodads\Naga\nage_tent_01.blp,1399300,C646EBC2F171DD69F3E0DB5BA8279FAAF9D90FE8,D:\Sirus\_client\World of Warcraft Sirus\Naga_Extract_2026-10-03\ByArchive\patch-6.MPQ\World\Expansion06\Doodads\Naga\nage_tent_01.blp
1102978,patch-6.MPQ,World\Expansion06\Doodads\Naga\naga_spec1.blp,44876,42648D7367B08018BA679562482103FC3B97D406,D:\Sirus\_client\World of Warcraft Sirus\Naga_Extract_2026-10-03\ByArchive\patch-6.MPQ\World\Expansion06\Doodads\Naga\naga_spec1.blp
1103355,patch-6.MPQ,World\Expansion06\Doodads\Naga\smoothreflect.blp,3916,18B955F8CB9A67B80B20419CF3B15D5921EBA5DF,D:\Sirus\_client\World of Warcraft Sirus\Naga_Extract_2026-10-03\ByArchive\patch-6.MPQ\World\Expansion06\Doodads\Naga\smoothreflect.blp
1104549,patch-6.MPQ,World\Expansion06\Doodads\Naga\smoothreflect01.blp,3916,7E1654C36273B86A67CFBC5F8750C54A2518EE42,D:\Sirus\_client\World of Warcraft Sirus\Naga_Extract_2026-10-03\ByArchive\patch-6.MPQ\World\Expansion06\Doodads\Naga\smoothreflect01.blp
1109174,patch-6.MPQ,World\Expansion06\Doodads\Naga\7ng_tent_large.blp,700236,9312F96DA428208BBEC4EF9F5BA4BCC065B35110,D:\Sirus\_client\World of Warcraft Sirus\Naga_Extract_2026-10-03\ByArchive\patch-6.MPQ\World\Expansion06\Doodads\Naga\7ng_tent_large.blp
1109241,patch-6.MPQ,World\Expansion06\Doodads\Naga\7NG_Naga_Naugilus01.m2,36962,38B8939EBB40C5ABCB6DF573499E1CDE6C7C11BB,D:\Sirus\_client\World of Warcraft Sirus\Naga_Extract_2026-10-03\ByArchive\patch-6.MPQ\World\Expansion06\Doodads\Naga\7NG_Naga_Naugilus01.m2
1109283,patch-6.MPQ,World\Expansion06\Doodads\Naga\7NG_Naga_Naugilus01.blp,700236,44A536DD02D2B34ED8002F4223787203A87ADC72,D:\Sirus\_client\World of Warcraft Sirus\Naga_Extract_2026-10-03\ByArchive\patch-6.MPQ\World\Expansion06\Doodads\Naga\7NG_Naga_Naugilus01.blp
1109284,patch-6.MPQ,World\Expansion06\Doodads\Naga\7NG_Naga_Naugilus0100.skin,9648,D60447F008217E3B8AFA9EBCAD43C353ED5E7295,D:\Sirus\_client\World of Warcraft Sirus\Naga_Extract_2026-10-03\ByArchive\patch-6.MPQ\World\Expansion06\Doodads\Naga\7NG_Naga_Naugilus0100.skin
1109568,patch-6.MPQ,World\Expansion06\Doodads\Naga\7ng_naga_weaponcrate01.blp,350724,9A36FFC56B29A1CA0F5E2B7C692F9391150E7678,D:\Sirus\_client\World of Warcraft Sirus\Naga_Extract_2026-10-03\ByArchive\patch-6.MPQ\World\Expansion06\Doodads\Naga\7ng_naga_weaponcrate01.blp
1110189,patch-6.MPQ,World\wmo\BrokenIsles\NightElf\7ng_naga_tentlarge01.wmo,452,8CFD84DBC59BA1A40A1B749EC4A79459432184C0,D:\Sirus\_client\World of Warcraft Sirus\Naga_Extract_2026-10-03\ByArchive\patch-6.MPQ\World\wmo\BrokenIsles\NightElf\7ng_naga_tentlarge01.wmo
1110191,patch-6.MPQ,World\wmo\BrokenIsles\NightElf\7ng_naga_tent03.wmo,452,E3DD5C3E479AAC8882042DC9B2CB27C26EE37CF3,D:\Sirus\_client\World of Warcraft Sirus\Naga_Extract_2026-10-03\ByArchive\patch-6.MPQ\World\wmo\BrokenIsles\NightElf\7ng_naga_tent03.wmo
1110192,patch-6.MPQ,World\wmo\BrokenIsles\NightElf\7ng_naga_tent04.wmo,452,45AD383F7B65B5C5F65BA4C44BB1D13426C3A7DB,D:\Sirus\_client\World of Warcraft Sirus\Naga_Extract_2026-10-03\ByArchive\patch-6.MPQ\World\wmo\BrokenIsles\NightElf\7ng_naga_tent04.wmo
1110279,patch-6.MPQ,World\ENVIRONMENT\DOODAD\NAGA\7_NAGA\NAGE_TENT_01.BLP,1399300,1706912B5443A49CB136E4809957874FC06BD36A,D:\Sirus\_client\World of Warcraft Sirus\Naga_Extract_2026-10-03\ByArchive\patch-6.MPQ\World\ENVIRONMENT\DOODAD\NAGA\7_NAGA\NAGE_TENT_01.BLP
1110281,patch-6.MPQ,World\wmo\BrokenIsles\NightElf\7ng_naga_tent04_000.WMO,104532,BBDEFA4ECAB2F7BA2C7FFE97811D4F9D22C3A787,D:\Sirus\_client\World of Warcraft Sirus\Naga_Extract_2026-10-03\ByArchive\patch-6.MPQ\World\wmo\BrokenIsles\NightElf\7ng_naga_tent04_000.WMO
1110282,patch-6.MPQ,World\ENVIRONMENT\DOODAD\NAGA\7_NAGA\7NG_TENT_LARGE.BLP,1399300,4195D31A1DC6B113A64993EAE3724E4605E69073,D:\Sirus\_client\World of Warcraft Sirus\Naga_Extract_2026-10-03\ByArchive\patch-6.MPQ\World\ENVIRONMENT\DOODAD\NAGA\7_NAGA\7NG_TENT_LARGE.BLP
1110284,patch-6.MPQ,World\wmo\BrokenIsles\NightElf\7ng_naga_tentlarge01_000.WMO,249964,7902BC3964AA6AB50F747A6845060EA221F2588C,D:\Sirus\_client\World of Warcraft Sirus\Naga_Extract_2026-10-03\ByArchive\patch-6.MPQ\World\wmo\BrokenIsles\NightElf\7ng_naga_tentlarge01_000.WMO
1110388,patch-6.MPQ,World\wmo\BrokenIsles\NightElf\7ng_naga_tent03_000.WMO,110304,1AB25CF74244413694622203BAA667CBC6612A4B,D:\Sirus\_client\World of Warcraft Sirus\Naga_Extract_2026-10-03\ByArchive\patch-6.MPQ\World\wmo\BrokenIsles\NightElf\7ng_naga_tent03_000.WMO
1112620,patch-6.MPQ,World\Expansion06\Doodads\Naga\7ng_naga_barricade02.m2,16732,FBD3952417C16938EB67096A40563192DDD3F308,D:\Sirus\_client\World of Warcraft Sirus\Naga_Extract_2026-10-03\ByArchive\patch-6.MPQ\World\Expansion06\Doodads\Naga\7ng_naga_barricade02.m2
1112635,patch-6.MPQ,World\Expansion06\Doodads\Naga\7ng_barricade.blp,88580,814625F49C685B26EF537C17A8437673E9AEA7E7,D:\Sirus\_client\World of Warcraft Sirus\Naga_Extract_2026-10-03\ByArchive\patch-6.MPQ\World\Expansion06\Doodads\Naga\7ng_barricade.blp
1112636,patch-6.MPQ,World\Expansion06\Doodads\Naga\6dr_crystal_envspec.blp,44876,4107E6DB9405EC0E180CE7213D4A018A9889825D,D:\Sirus\_client\World of Warcraft Sirus\Naga_Extract_2026-10-03\ByArchive\patch-6.MPQ\World\Expansion06\Doodads\Naga\6dr_crystal_envspec.blp
1112637,patch-6.MPQ,World\Expansion06\Doodads\Naga\7ng_naga_barricade0200.skin,4408,869C13F0B66B95F0F9F8130E9AA2CFBF54F5DAE5,D:\Sirus\_client\World of Warcraft Sirus\Naga_Extract_2026-10-03\ByArchive\patch-6.MPQ\World\Expansion06\Doodads\Naga\7ng_naga_barricade0200.skin
1113312,patch-6.MPQ,World\Expansion06\Doodads\Naga\7ng_banner_1.blp,175972,520F1C7F58F9DD0D6CEEB5D40079F36185C2AB84,D:\Sirus\_client\World of Warcraft Sirus\Naga_Extract_2026-10-03\ByArchive\patch-6.MPQ\World\Expansion06\Doodads\Naga\7ng_banner_1.blp
1113313,patch-6.MPQ,World\Expansion06\Doodads\Naga\ArmorReflect_Organic01.blp,3916,2CECF7AE7FB81748D4783F85A160759C683BAF14,D:\Sirus\_client\World of Warcraft Sirus\Naga_Extract_2026-10-03\ByArchive\patch-6.MPQ\World\Expansion06\Doodads\Naga\ArmorReflect_Organic01.blp
1114216,patch-6.MPQ,World\Expansion06\Doodads\Naga\7ng_naga_trident02.m2,9416,9F1E0FD7CD1EFCC0E3C3990C26DFF57F604ACEFE,D:\Sirus\_client\World of Warcraft Sirus\Naga_Extract_2026-10-03\ByArchive\patch-6.MPQ\World\Expansion06\Doodads\Naga\7ng_naga_trident02.m2
1114217,patch-6.MPQ,World\Expansion06\Doodads\Naga\7ng_naga_glaive.m2,7096,DA78ABDAF10AEE4820EB5132687CB09274852DD6,D:\Sirus\_client\World of Warcraft Sirus\Naga_Extract_2026-10-03\ByArchive\patch-6.MPQ\World\Expansion06\Doodads\Naga\7ng_naga_glaive.m2
1114221,patch-6.MPQ,World\Expansion06\Doodads\Naga\polearm_2h_7ng_naga01.blp,88580,ED73E5329C9094D5486485031E3A2E2F027889C1,D:\Sirus\_client\World of Warcraft Sirus\Naga_Extract_2026-10-03\ByArchive\patch-6.MPQ\World\Expansion06\Doodads\Naga\polearm_2h_7ng_naga01.blp
1114222,patch-6.MPQ,World\Expansion06\Doodads\Naga\OrbReflectBright.blp,1868,07BEB5786BB6F9F714E7698814629D15E4EB020F,D:\Sirus\_client\World of Warcraft Sirus\Naga_Extract_2026-10-03\ByArchive\patch-6.MPQ\World\Expansion06\Doodads\Naga\OrbReflectBright.blp
1114223,patch-6.MPQ,World\Expansion06\Doodads\Naga\7ng_naga_glaive00.skin,2184,698F270C5F61669429AEF42AE5F08E7C74ABD758,D:\Sirus\_client\World of Warcraft Sirus\Naga_Extract_2026-10-03\ByArchive\patch-6.MPQ\World\Expansion06\Doodads\Naga\7ng_naga_glaive00.skin
1114224,patch-6.MPQ,World\Expansion06\Doodads\Naga\7ng_naga_trident0200.skin,3048,6042BD86CFEB1F9D1065528C44E4370C651E1117,D:\Sirus\_client\World of Warcraft Sirus\Naga_Extract_2026-10-03\ByArchive\patch-6.MPQ\World\Expansion06\Doodads\Naga\7ng_naga_trident0200.skin
1114225,patch-6.MPQ,World\Expansion06\Doodads\Naga\7ng_weaponracks.blp,175972,9D856FBE90CAD68FD6310690E82245F0656200C1,D:\Sirus\_client\World of Warcraft Sirus\Naga_Extract_2026-10-03\ByArchive\patch-6.MPQ\World\Expansion06\Doodads\Naga\7ng_weaponracks.blp
1115286,patch-6.MPQ,World\Expansion06\Doodads\Naga\7ng_cannon.blp,1399300,96FBAA8FD55359052CA1BAA4D5464C7941324704,D:\Sirus\_client\World of Warcraft Sirus\Naga_Extract_2026-10-03\ByArchive\patch-6.MPQ\World\Expansion06\Doodads\Naga\7ng_cannon.blp
1115652,patch-6.MPQ,World\Expansion06\Doodads\Naga\ChromeReflect.blp,3916,C6791EC6D51F858DE2BC4D34C4DB687414C65FAE,D:\Sirus\_client\World of Warcraft Sirus\Naga_Extract_2026-10-03\ByArchive\patch-6.MPQ\World\Expansion06\Doodads\Naga\ChromeReflect.blp
1115653,patch-6.MPQ,World\Expansion06\Doodads\Naga\7ng_naga_shield.blp,44900,F6561B781C1298CBAC8D86BBC51412C9F56AE0D2,D:\Sirus\_client\World of Warcraft Sirus\Naga_Extract_2026-10-03\ByArchive\patch-6.MPQ\World\Expansion06\Doodads\Naga\7ng_naga_shield.blp
1115718,patch-6.MPQ,World\Expansion06\Doodads\Naga\7ng_naga_weaponrack03empty.m2,30184,74288C314735CCA871B2BD79E08B616F170B7D24,D:\Sirus\_client\World of Warcraft Sirus\Naga_Extract_2026-10-03\ByArchive\patch-6.MPQ\World\Expansion06\Doodads\Naga\7ng_naga_weaponrack03empty.m2
1115719,patch-6.MPQ,World\Expansion06\Doodads\Naga\7ng_naga_shield.m2,5895,2A17E00191C28C7321E4BABCB07BE70CDE882DD4,D:\Sirus\_client\World of Warcraft Sirus\Naga_Extract_2026-10-03\ByArchive\patch-6.MPQ\World\Expansion06\Doodads\Naga\7ng_naga_shield.m2
1115787,patch-6.MPQ,World\Expansion06\Doodads\Naga\7ng_naga_shield00.skin,1992,37A483DBF4B925E773477CEF9F8860C0BF155C5A,D:\Sirus\_client\World of Warcraft Sirus\Naga_Extract_2026-10-03\ByArchive\patch-6.MPQ\World\Expansion06\Doodads\Naga\7ng_naga_shield00.skin
1115788,patch-6.MPQ,World\Expansion06\Doodads\Naga\7ng_naga_weaponrack03empty00.skin,9192,E831908B6F3E42B00600D5C769E93FC8A88CB9B9,D:\Sirus\_client\World of Warcraft Sirus\Naga_Extract_2026-10-03\ByArchive\patch-6.MPQ\World\Expansion06\Doodads\Naga\7ng_naga_weaponrack03empty00.skin
1115937,patch-6.MPQ,World\Expansion06\Doodads\Naga\OrbReflect02.blp,1868,745DA3E2D2C8F3129A56105B1580BE9CC28EC679,D:\Sirus\_client\World of Warcraft Sirus\Naga_Extract_2026-10-03\ByArchive\patch-6.MPQ\World\Expansion06\Doodads\Naga\OrbReflect02.blp
1115938,patch-6.MPQ,World\Expansion06\Doodads\Naga\OrbReflectBright_Gold.blp,1868,28D701BAEDEFD48871C3F7AC32DB359F6A7A0480,D:\Sirus\_client\World of Warcraft Sirus\Naga_Extract_2026-10-03\ByArchive\patch-6.MPQ\World\Expansion06\Doodads\Naga\OrbReflectBright_Gold.blp
1115939,patch-6.MPQ,World\Expansion06\Doodads\Naga\7ng_jar_1.blp,88580,E5F5C0975678CC43CF835BB1F2757A21DC4CE343,D:\Sirus\_client\World of Warcraft Sirus\Naga_Extract_2026-10-03\ByArchive\patch-6.MPQ\World\Expansion06\Doodads\Naga\7ng_jar_1.blp
1116023,patch-6.MPQ,World\Expansion06\Doodads\Naga\7NG_Naga_Shell.m2,19922,EAF9508278A1B9ED8755E10AF982CF6DBB7AA4DE,D:\Sirus\_client\World of Warcraft Sirus\Naga_Extract_2026-10-03\ByArchive\patch-6.MPQ\World\Expansion06\Doodads\Naga\7NG_Naga_Shell.m2
1116027,patch-6.MPQ,World\Expansion06\Doodads\Naga\7NG_Naga_Shell.blp,175948,A155670A93055047223022F95E07CA13BF5FD6A6,D:\Sirus\_client\World of Warcraft Sirus\Naga_Extract_2026-10-03\ByArchive\patch-6.MPQ\World\Expansion06\Doodads\Naga\7NG_Naga_Shell.blp
1116028,patch-6.MPQ,World\Expansion06\Doodads\Naga\7NG_Naga_Shell00.skin,5968,775C1AFE428F751DC9741555D2C14A6772123CBA,D:\Sirus\_client\World of Warcraft Sirus\Naga_Extract_2026-10-03\ByArchive\patch-6.MPQ\World\Expansion06\Doodads\Naga\7NG_Naga_Shell00.skin
1116304,patch-6.MPQ,World\Expansion06\Doodads\Naga\dnu.blp,12108,494691068674549956019BB44DE4639D73A0C656,D:\Sirus\_client\World of Warcraft Sirus\Naga_Extract_2026-10-03\ByArchive\patch-6.MPQ\World\Expansion06\Doodads\Naga\dnu.blp
1116742,patch-6.MPQ,World\Expansion06\Doodads\Naga\GlowBall.blp,1540,E7C5F5B7A024A3DE3A2D7B55D51E3DF4BD5BB80A,D:\Sirus\_client\World of Warcraft Sirus\Naga_Extract_2026-10-03\ByArchive\patch-6.MPQ\World\Expansion06\Doodads\Naga\GlowBall.blp
1116743,patch-6.MPQ,World\Expansion06\Doodads\Naga\SpittlePurple.blp,2564,84271F6C54CFD13116C6C81EE9ED67AA99725B26,D:\Sirus\_client\World of Warcraft Sirus\Naga_Extract_2026-10-03\ByArchive\patch-6.MPQ\World\Expansion06\Doodads\Naga\SpittlePurple.blp
1116744,patch-6.MPQ,World\Expansion06\Doodads\Naga\Smoke_Puffy_Mask.blp,88580,30917CFC2D1E78F5BBCCE68B9D1FCCEFE258A34D,D:\Sirus\_client\World of Warcraft Sirus\Naga_Extract_2026-10-03\ByArchive\patch-6.MPQ\World\Expansion06\Doodads\Naga\Smoke_Puffy_Mask.blp
1116745,patch-6.MPQ,World\Expansion06\Doodads\Naga\Cloud_Puffy_Mod.blp,350724,7958D5C2DAAF655E3F6AB09E09AB7572A31FB534,D:\Sirus\_client\World of Warcraft Sirus\Naga_Extract_2026-10-03\ByArchive\patch-6.MPQ\World\Expansion06\Doodads\Naga\Cloud_Puffy_Mod.blp
1116746,patch-6.MPQ,World\Expansion06\Doodads\Naga\7ng_naga_cannon01.skin,54648,2844BEE2221B4704130EAEBF4A1A99518CC6036A,D:\Sirus\_client\World of Warcraft Sirus\Naga_Extract_2026-10-03\ByArchive\patch-6.MPQ\World\Expansion06\Doodads\Naga\7ng_naga_cannon01.skin
1116793,patch-6.MPQ,World\Expansion06\Doodads\Naga\GenericGlow_Alpha_128.blp,12108,72131A9F62D53E6E99C0D42D3E4D50D383714EB3,D:\Sirus\_client\World of Warcraft Sirus\Naga_Extract_2026-10-03\ByArchive\patch-6.MPQ\World\Expansion06\Doodads\Naga\GenericGlow_Alpha_128.blp
1116794,patch-6.MPQ,World\Expansion06\Doodads\Naga\watersplashies2.blp,88580,58977AE0210C1BDAB1CD2CE09C6CD1197D27DD8F,D:\Sirus\_client\World of Warcraft Sirus\Naga_Extract_2026-10-03\ByArchive\patch-6.MPQ\World\Expansion06\Doodads\Naga\watersplashies2.blp
1116795,patch-6.MPQ,World\Expansion06\Doodads\Naga\Caustic_Blue2.blp,88580,C246431F4F88028DF667EE3A017774A473B81469,D:\Sirus\_client\World of Warcraft Sirus\Naga_Extract_2026-10-03\ByArchive\patch-6.MPQ\World\Expansion06\Doodads\Naga\Caustic_Blue2.blp
1116796,patch-6.MPQ,World\Expansion06\Doodads\Naga\Caustic_MedFreq_Holy.blp,88580,2A3BDE35CB3E19C0CC244963B777AC6A2A069E89,D:\Sirus\_client\World of Warcraft Sirus\Naga_Extract_2026-10-03\ByArchive\patch-6.MPQ\World\Expansion06\Doodads\Naga\Caustic_MedFreq_Holy.blp
1118049,patch-6.MPQ,World\Expansion06\Doodads\Naga\7ng_naga_incubator.m2,128338,950E3ACEBC64D8ED3E290EA7343F9EB517601E12,D:\Sirus\_client\World of Warcraft Sirus\Naga_Extract_2026-10-03\ByArchive\patch-6.MPQ\World\Expansion06\Doodads\Naga\7ng_naga_incubator.m2
1118082,patch-6.MPQ,World\Expansion06\Doodads\Naga\7ng_incubator.blp,350724,538C4F75E3079E2C763E777CF619DF3292E9CA88,D:\Sirus\_client\World of Warcraft Sirus\Naga_Extract_2026-10-03\ByArchive\patch-6.MPQ\World\Expansion06\Doodads\Naga\7ng_incubator.blp
1118083,patch-6.MPQ,World\Expansion06\Doodads\Naga\OrbReflectDark_reverse.blp,12108,F6B60A4310BB16E84724973031A227F95E473AE9,D:\Sirus\_client\World of Warcraft Sirus\Naga_Extract_2026-10-03\ByArchive\patch-6.MPQ\World\Expansion06\Doodads\Naga\OrbReflectDark_reverse.blp
1118084,patch-6.MPQ,World\Expansion06\Doodads\Naga\Bullet.blp,6660,4811A3FF02305005B961B546C710135876D3A674,D:\Sirus\_client\World of Warcraft Sirus\Naga_Extract_2026-10-03\ByArchive\patch-6.MPQ\World\Expansion06\Doodads\Naga\Bullet.blp
1118085,patch-6.MPQ,World\Expansion06\Doodads\Naga\glass_shard_a.blp,44876,3001B2363EAF37BDE1F3B1F6E9198FFC118BAEEF,D:\Sirus\_client\World of Warcraft Sirus\Naga_Extract_2026-10-03\ByArchive\patch-6.MPQ\World\Expansion06\Doodads\Naga\glass_shard_a.blp
1118086,patch-6.MPQ,World\Expansion06\Doodads\Naga\Caustic_Blue.blp,88580,62FB5E89CD703438591787BE7F48ABFEE16E6A7E,D:\Sirus\_client\World of Warcraft Sirus\Naga_Extract_2026-10-03\ByArchive\patch-6.MPQ\World\Expansion06\Doodads\Naga\Caustic_Blue.blp
1118087,patch-6.MPQ,World\Expansion06\Doodads\Naga\7ng_naga_incubator00.skin,38136,66E7A05296ADB961B90ABECCA9D2FE0D833E4190,D:\Sirus\_client\World of Warcraft Sirus\Naga_Extract_2026-10-03\ByArchive\patch-6.MPQ\World\Expansion06\Doodads\Naga\7ng_naga_incubator00.skin
1118155,patch-6.MPQ,World\Expansion06\Doodads\Naga\7ng_naga_cage.m2,41768,6F8057445AC3AA7F6A28C8FED1C09390D4036842,D:\Sirus\_client\World of Warcraft Sirus\Naga_Extract_2026-10-03\ByArchive\patch-6.MPQ\World\Expansion06\Doodads\Naga\7ng_naga_cage.m2
1118196,patch-6.MPQ,World\Expansion06\Doodads\Naga\7ng_naga_cage00.skin,11224,18AECFDBEB197DDB60783E99AAB533E26D19A323,D:\Sirus\_client\World of Warcraft Sirus\Naga_Extract_2026-10-03\ByArchive\patch-6.MPQ\World\Expansion06\Doodads\Naga\7ng_naga_cage00.skin
1278426,patch-6.MPQ,World\Expansion06\Doodads\Naga\7ng_naga_harpoon.m2,10184,44E5349758AF1283CDFBAB6428578DFC9781D516,D:\Sirus\_client\World of Warcraft Sirus\Naga_Extract_2026-10-03\ByArchive\patch-6.MPQ\World\Expansion06\Doodads\Naga\7ng_naga_harpoon.m2
1278473,patch-6.MPQ,World\Expansion06\Doodads\Naga\7ng_naga_harpoon00.skin,3480,6C0F07927C45CCB5713366C52CF4D391F71E9CE6,D:\Sirus\_client\World of Warcraft Sirus\Naga_Extract_2026-10-03\ByArchive\patch-6.MPQ\World\Expansion06\Doodads\Naga\7ng_naga_harpoon00.skin
1338605,patch-6.MPQ,World\Expansion06\Doodads\Naga\7ng_naga_torch01_Light.m2,14832,4AB4B745DFD0426470DECDE8E00F1D7FAD1FC2CF,D:\Sirus\_client\World of Warcraft Sirus\Naga_Extract_2026-10-03\ByArchive\patch-6.MPQ\World\Expansion06\Doodads\Naga\7ng_naga_torch01_Light.m2
1338808,patch-6.MPQ,World\Expansion06\Doodads\Naga\7ng_naga_torch01_Light00.skin,2808,169A58AA7F671E45B74BE6A3616D652C6AF7B7D2,D:\Sirus\_client\World of Warcraft Sirus\Naga_Extract_2026-10-03\ByArchive\patch-6.MPQ\World\Expansion06\Doodads\Naga\7ng_naga_torch01_Light00.skin
1353041,patch-6.MPQ,World\Expansion06\Doodads\Naga\7ng_egger.blp,350724,6D221F4C034C27C9A11ECCCF1895DFFFC8D9716B,D:\Sirus\_client\World of Warcraft Sirus\Naga_Extract_2026-10-03\ByArchive\patch-6.MPQ\World\Expansion06\Doodads\Naga\7ng_egger.blp
1366217,patch-6.MPQ,World\wmo\BrokenIsles\NightElf\7ng_naga_tentlarge01_000_lod1.wmo,91940,331F3F5E65B15DC6C7BA4C251E1DB271B96A4969,D:\Sirus\_client\World of Warcraft Sirus\Naga_Extract_2026-10-03\ByArchive\patch-6.MPQ\World\wmo\BrokenIsles\NightElf\7ng_naga_tentlarge01_000_lod1.wmo
1366218,patch-6.MPQ,World\wmo\BrokenIsles\NightElf\7ng_naga_tentlarge01_000_lod2.wmo,48728,1F87C3FC56040C2F61DB179E46F67310792E4221,D:\Sirus\_client\World of Warcraft Sirus\Naga_Extract_2026-10-03\ByArchive\patch-6.MPQ\World\wmo\BrokenIsles\NightElf\7ng_naga_tentlarge01_000_lod2.wmo
1366732,patch-6.MPQ,World\wmo\BrokenIsles\NightElf\7ng_naga_tent03_000_lod1.wmo,35412,675A9E35675E3AADDE52832F6C2125C80DB5834A,D:\Sirus\_client\World of Warcraft Sirus\Naga_Extract_2026-10-03\ByArchive\patch-6.MPQ\World\wmo\BrokenIsles\NightElf\7ng_naga_tent03_000_lod1.wmo
1366733,patch-6.MPQ,World\wmo\BrokenIsles\NightElf\7ng_naga_tent03_000_lod2.wmo,20452,6D28BA7A205E5633CA75018A9F61293CDC1ED1BB,D:\Sirus\_client\World of Warcraft Sirus\Naga_Extract_2026-10-03\ByArchive\patch-6.MPQ\World\wmo\BrokenIsles\NightElf\7ng_naga_tent03_000_lod2.wmo
1366734,patch-6.MPQ,World\wmo\BrokenIsles\NightElf\7ng_naga_tent04_000_lod1.wmo,35156,E668B379A74BDB063C787F835F1A561CF4253C05,D:\Sirus\_client\World of Warcraft Sirus\Naga_Extract_2026-10-03\ByArchive\patch-6.MPQ\World\wmo\BrokenIsles\NightElf\7ng_naga_tent04_000_lod1.wmo
1366735,patch-6.MPQ,World\wmo\BrokenIsles\NightElf\7ng_naga_tent04_000_lod2.wmo,21124,F5154E3D3B3AA15A9162D20C671A4F55FCF28175,D:\Sirus\_client\World of Warcraft Sirus\Naga_Extract_2026-10-03\ByArchive\patch-6.MPQ\World\wmo\BrokenIsles\NightElf\7ng_naga_tent04_000_lod2.wmo
1453152,patch-6.MPQ,World\Expansion06\Doodads\Naga\Nex_EnvMap01t.blp,44876,44561E534337CF39B9C4978F44A2C7F4313553A6,D:\Sirus\_client\World of Warcraft Sirus\Naga_Extract_2026-10-03\ByArchive\patch-6.MPQ\World\Expansion06\Doodads\Naga\Nex_EnvMap01t.blp
1584329,patch-6.MPQ,world\expansion06\doodads\dungeon\doodads\7du_tombofsargeras_nagathrone01.m2,237360,250BF1A9A1FD0B4BB93F4D31F715AD64F3443A00,D:\Sirus\_client\World of Warcraft Sirus\Naga_Extract_2026-10-03\ByArchive\patch-6.MPQ\world\expansion06\doodads\dungeon\doodads\7du_tombofsargeras_nagathrone01.m2
1585064,patch-6.MPQ,world\expansion06\doodads\dungeon\doodads\7mu_murloc_nagathrone_map01.blp,175948,EB3180FD4D2AF66D4DBF9127D33504E2260CBA4D,D:\Sirus\_client\World of Warcraft Sirus\Naga_Extract_2026-10-03\ByArchive\patch-6.MPQ\world\expansion06\doodads\dungeon\doodads\7mu_murloc_nagathrone_map01.blp
1585067,patch-6.MPQ,world\expansion06\doodads\dungeon\doodads\7du_tombofsargeras_nagathrone0100.skin,67608,229C36B63F407B6DA8472FB41BD447FE5AD83BE0,D:\Sirus\_client\World of Warcraft Sirus\Naga_Extract_2026-10-03\ByArchive\patch-6.MPQ\world\expansion06\doodads\dungeon\doodads\7du_tombofsargeras_nagathrone0100.skin
1586820,patch-6.MPQ,world\expansion06\doodads\dungeon\doodads\7mu_murloc_nagathrone_map05.blp,175948,8BACD0FBB38FCC1BF2AE9AB862184487C3F0C528,D:\Sirus\_client\World of Warcraft Sirus\Naga_Extract_2026-10-03\ByArchive\patch-6.MPQ\world\expansion06\doodads\dungeon\doodads\7mu_murloc_nagathrone_map05.blp
1586821,patch-6.MPQ,world\expansion06\doodads\dungeon\doodads\7mu_murloc_nagathrone_map04.blp,350724,6481B6249A29DB50AD7A1FE0F6499F4125CA90EB,D:\Sirus\_client\World of Warcraft Sirus\Naga_Extract_2026-10-03\ByArchive\patch-6.MPQ\world\expansion06\doodads\dungeon\doodads\7mu_murloc_nagathrone_map04.blp
1586823,patch-6.MPQ,world\expansion06\doodads\dungeon\doodads\7mu_murloc_nagathrone_map02.blp,350724,6BF8E59BD42F5D64D1EB65DCD8DD3BBFC6B26239,D:\Sirus\_client\World of Warcraft Sirus\Naga_Extract_2026-10-03\ByArchive\patch-6.MPQ\world\expansion06\doodads\dungeon\doodads\7mu_murloc_nagathrone_map02.blp
1586824,patch-6.MPQ,world\expansion06\doodads\dungeon\doodads\7mu_murloc_nagathrone_map03.blp,175972,6B2646F365FDFDBD126FF594D44022591D06716A,D:\Sirus\_client\World of Warcraft Sirus\Naga_Extract_2026-10-03\ByArchive\patch-6.MPQ\world\expansion06\doodads\dungeon\doodads\7mu_murloc_nagathrone_map03.blp
1586825,patch-6.MPQ,world\expansion06\doodads\dungeon\doodads\7mu_murloc_nagathrone_map06.blp,175948,278D4B7F99A713BDD37595269F6C5E867A94F89A,D:\Sirus\_client\World of Warcraft Sirus\Naga_Extract_2026-10-03\ByArchive\patch-6.MPQ\world\expansion06\doodads\dungeon\doodads\7mu_murloc_nagathrone_map06.blp
1096607,patch-7.mpq,World\Expansion06\Doodads\Naga\7ng_naga_barricade01.m2,31112,83ABF79AB34A18FE78467821C34D159030BDF2AC,D:\Sirus\_client\World of Warcraft Sirus\Naga_Extract_2026-10-03\ByArchive\patch-7.mpq\World\Expansion06\Doodads\Naga\7ng_naga_barricade01.m2
1096638,patch-7.mpq,World\Expansion06\Doodads\Naga\7ng_naga_supplies01.m2,111076,9120CA3D9DB0104E4815D7C710A520B47EEDD6BF,D:\Sirus\_client\World of Warcraft Sirus\Naga_Extract_2026-10-03\ByArchive\patch-7.mpq\World\Expansion06\Doodads\Naga\7ng_naga_supplies01.m2
1096652,patch-7.mpq,World\Expansion06\Doodads\Naga\7ng_naga_barricade0100.skin,8392,5E96CDA1CA19F8190464925554A276EF6B8FB687,D:\Sirus\_client\World of Warcraft Sirus\Naga_Extract_2026-10-03\ByArchive\patch-7.mpq\World\Expansion06\Doodads\Naga\7ng_naga_barricade0100.skin
1096681,patch-7.mpq,World\Expansion06\Doodads\Naga\7ng_naga_supplies0100.skin,32496,5B4450716C1BFADB4C9D6D18E219507826D9C6D5,D:\Sirus\_client\World of Warcraft Sirus\Naga_Extract_2026-10-03\ByArchive\patch-7.mpq\World\Expansion06\Doodads\Naga\7ng_naga_supplies0100.skin
2388156,patch-7.mpq,world\expansion07\doodads\fx\8fx_nagacouncil_decree_formranks_debuff.blp,44900,8C9E59C58AAE6B3D26EDE5801A883F0F985AED76,D:\Sirus\_client\World of Warcraft Sirus\Naga_Extract_2026-10-03\ByArchive\patch-7.mpq\world\expansion07\doodads\fx\8fx_nagacouncil_decree_formranks_debuff.blp
1338605,patch-e.mpq,World\Expansion06\Doodads\Naga\7ng_naga_torch01_Light.m2,37105,DC4ABFE06E0AD6730854870FCF71C29ACCD266D5,D:\Sirus\_client\World of Warcraft Sirus\Naga_Extract_2026-10-03\ByArchive\patch-e.mpq\World\Expansion06\Doodads\Naga\7ng_naga_torch01_Light.m2
1338808,patch-e.mpq,World\Expansion06\Doodads\Naga\7ng_naga_torch01_Light00.skin,2808,DF9887481C98910B750960FE621C76064C10A373,D:\Sirus\_client\World of Warcraft Sirus\Naga_Extract_2026-10-03\ByArchive\patch-e.mpq\World\Expansion06\Doodads\Naga\7ng_naga_torch01_Light00.skin
2734019,patch-i.mpq,item\objectcomponents\weapon\mace_1h_naga_a_01.m2,27191,97AADD4673669589E38CB14483564EEE5E9C6610,D:\Sirus\_client\World of Warcraft Sirus\Naga_Extract_2026-10-03\ByArchive\patch-i.mpq\item\objectcomponents\weapon\mace_1h_naga_a_01.m2
2735325,patch-i.mpq,item\objectcomponents\weapon\mace_1h_naga_a_01_green - copy.blp,88580,CCFA8D8372C144477DCEA27C6470A69C1FFCE91B,D:\Sirus\_client\World of Warcraft Sirus\Naga_Extract_2026-10-03\ByArchive\patch-i.mpq\item\objectcomponents\weapon\mace_1h_naga_a_01_green - copy.blp
2735327,patch-i.mpq,item\objectcomponents\weapon\mace_1h_naga_a_01_2_2735327.blp,12108,91DF4F20C0F984A0A083FA2AC0FC7C70AC8C432A,D:\Sirus\_client\World of Warcraft Sirus\Naga_Extract_2026-10-03\ByArchive\patch-i.mpq\item\objectcomponents\weapon\mace_1h_naga_a_01_2_2735327.blp
2735328,patch-i.mpq,item\objectcomponents\weapon\mace_1h_naga_a_0100.skin,6712,87A3F7AA57EE6BD9D5A31D0CB02B9E0C2603B262,D:\Sirus\_client\World of Warcraft Sirus\Naga_Extract_2026-10-03\ByArchive\patch-i.mpq\item\objectcomponents\weapon\mace_1h_naga_a_0100.skin
2736068,patch-i.mpq,item\objectcomponents\weapon\mace_1h_naga_a_01_blue.blp,88580,B157971C64A23DB8FD08ABD35DEBF183A9E5291D,D:\Sirus\_client\World of Warcraft Sirus\Naga_Extract_2026-10-03\ByArchive\patch-i.mpq\item\objectcomponents\weapon\mace_1h_naga_a_01_blue.blp
2736069,patch-i.mpq,item\objectcomponents\weapon\mace_1h_naga_a_01_white.blp,88580,A6744337F4B98D550AC54B867DAEEB75FDAB8033,D:\Sirus\_client\World of Warcraft Sirus\Naga_Extract_2026-10-03\ByArchive\patch-i.mpq\item\objectcomponents\weapon\mace_1h_naga_a_01_white.blp
2736070,patch-i.mpq,item\objectcomponents\weapon\mace_1h_naga_a_01_green.blp,88580,5CE63E6F38A92F45FB673D46487C88E04F53910F,D:\Sirus\_client\World of Warcraft Sirus\Naga_Extract_2026-10-03\ByArchive\patch-i.mpq\item\objectcomponents\weapon\mace_1h_naga_a_01_green.blp
2736071,patch-i.mpq,item\objectcomponents\weapon\mace_1h_naga_a_01_brown.blp,88580,1542002C075767FD8025FBB3FEE4AA43A7D2DA66,D:\Sirus\_client\World of Warcraft Sirus\Naga_Extract_2026-10-03\ByArchive\patch-i.mpq\item\objectcomponents\weapon\mace_1h_naga_a_01_brown.blp
2829893,patch-i.mpq,item\objectcomponents\weapon\knife_1h_naga_c_01_blue.blp,44900,AD43A32ADA1434BBC7CDBDAF25DB0E07D38657B7,D:\Sirus\_client\World of Warcraft Sirus\Naga_Extract_2026-10-03\ByArchive\patch-i.mpq\item\objectcomponents\weapon\knife_1h_naga_c_01_blue.blp
2829894,patch-i.mpq,item\objectcomponents\weapon\knife_1h_naga_c_01_black.blp,44900,DE9D2B8EAD5278E402730E3C42BF9C2E09C95C51,D:\Sirus\_client\World of Warcraft Sirus\Naga_Extract_2026-10-03\ByArchive\patch-i.mpq\item\objectcomponents\weapon\knife_1h_naga_c_01_black.blp
2829895,patch-i.mpq,item\objectcomponents\weapon\knife_1h_naga_c_01_green.blp,44900,CFFBE895C85DFB6C39035D03231F480EBE01738B,D:\Sirus\_client\World of Warcraft Sirus\Naga_Extract_2026-10-03\ByArchive\patch-i.mpq\item\objectcomponents\weapon\knife_1h_naga_c_01_green.blp
2829896,patch-i.mpq,item\objectcomponents\weapon\knife_1h_naga_c_01_brown.blp,44900,3AB3912E5082AC17B9BCFA8EB6BC0BCE71D7372F,D:\Sirus\_client\World of Warcraft Sirus\Naga_Extract_2026-10-03\ByArchive\patch-i.mpq\item\objectcomponents\weapon\knife_1h_naga_c_01_brown.blp
2829911,patch-i.mpq,item\objectcomponents\weapon\offhand_1h_naga_c_01.m2,45054,34361E452C4738178B7657B30914D3BDABA7DE57,D:\Sirus\_client\World of Warcraft Sirus\Naga_Extract_2026-10-03\ByArchive\patch-i.mpq\item\objectcomponents\weapon\offhand_1h_naga_c_01.m2
2829927,patch-i.mpq,item\objectcomponents\weapon\knife_1h_naga_c_01.m2,12283,11C237FA917EF01975C9411C1518CE904C0DEE19,D:\Sirus\_client\World of Warcraft Sirus\Naga_Extract_2026-10-03\ByArchive\patch-i.mpq\item\objectcomponents\weapon\knife_1h_naga_c_01.m2
2829928,patch-i.mpq,item\objectcomponents\weapon\knife_1h_naga_c_0100.skin,3000,AEB9816F651B3963B8CB99053C2ED8CEF5EC2373,D:\Sirus\_client\World of Warcraft Sirus\Naga_Extract_2026-10-03\ByArchive\patch-i.mpq\item\objectcomponents\weapon\knife_1h_naga_c_0100.skin
2830977,patch-i.mpq,item\objectcomponents\weapon\offhand_1h_naga_c_01_red.blp,175972,A278088C227B673A18D5245249660F9BDDB55E22,D:\Sirus\_client\World of Warcraft Sirus\Naga_Extract_2026-10-03\ByArchive\patch-i.mpq\item\objectcomponents\weapon\offhand_1h_naga_c_01_red.blp
2830978,patch-i.mpq,item\objectcomponents\weapon\offhand_1h_naga_c_01_dark.blp,175972,E3BC9D936E91077F7F5F20F1C7E06C7421BF11E8,D:\Sirus\_client\World of Warcraft Sirus\Naga_Extract_2026-10-03\ByArchive\patch-i.mpq\item\objectcomponents\weapon\offhand_1h_naga_c_01_dark.blp
2830979,patch-i.mpq,item\objectcomponents\weapon\offhand_1h_naga_c_01_brown.blp,175972,3E49245F5D498DC834C63C485AA3C6B303C2EA38,D:\Sirus\_client\World of Warcraft Sirus\Naga_Extract_2026-10-03\ByArchive\patch-i.mpq\item\objectcomponents\weapon\offhand_1h_naga_c_01_brown.blp
2830980,patch-i.mpq,item\objectcomponents\weapon\offhand_1h_naga_c_01_green.blp,175972,21046E5AF131B74157886073ABA79C83DF1508B0,D:\Sirus\_client\World of Warcraft Sirus\Naga_Extract_2026-10-03\ByArchive\patch-i.mpq\item\objectcomponents\weapon\offhand_1h_naga_c_01_green.blp
2830983,patch-i.mpq,item\objectcomponents\weapon\offhand_1h_naga_c_0100.skin,4584,FD8A35DC928D119FF17A310F814CAD3C9722A5C8,D:\Sirus\_client\World of Warcraft Sirus\Naga_Extract_2026-10-03\ByArchive\patch-i.mpq\item\objectcomponents\weapon\offhand_1h_naga_c_0100.skin
2917571,patch-i.mpq,item\objectcomponents\weapon\knife_1h_naga_c_01_blue_azerite.blp,44900,455CCD9384C808127483A1F3A6EF8ACC93FAC4A6,D:\Sirus\_client\World of Warcraft Sirus\Naga_Extract_2026-10-03\ByArchive\patch-i.mpq\item\objectcomponents\weapon\knife_1h_naga_c_01_blue_azerite.blp
2917572,patch-i.mpq,item\objectcomponents\weapon\knife_1h_naga_c_01_black_azerite.blp,44900,D4FE6A8458F3256532776E0F83AD3CB378E4C1E6,D:\Sirus\_client\World of Warcraft Sirus\Naga_Extract_2026-10-03\ByArchive\patch-i.mpq\item\objectcomponents\weapon\knife_1h_naga_c_01_black_azerite.blp
2917574,patch-i.mpq,item\objectcomponents\weapon\knife_1h_naga_c_01_green_azerite.blp,44900,93F7A0DBA8445DB35E06C9616A93E934A721FAC3,D:\Sirus\_client\World of Warcraft Sirus\Naga_Extract_2026-10-03\ByArchive\patch-i.mpq\item\objectcomponents\weapon\knife_1h_naga_c_01_green_azerite.blp
2917575,patch-i.mpq,item\objectcomponents\weapon\knife_1h_naga_c_01_brown_azerite.blp,44900,7B1520D827BB0EA8D2B4ED018E3C08F0E61B9CB8,D:\Sirus\_client\World of Warcraft Sirus\Naga_Extract_2026-10-03\ByArchive\patch-i.mpq\item\objectcomponents\weapon\knife_1h_naga_c_01_brown_azerite.blp
2917576,patch-i.mpq,item\objectcomponents\weapon\mace_1h_naga_a_01_blue_azerite.blp,88580,0BCE572D035C68207FA08ACEED831BC03D17D621,D:\Sirus\_client\World of Warcraft Sirus\Naga_Extract_2026-10-03\ByArchive\patch-i.mpq\item\objectcomponents\weapon\mace_1h_naga_a_01_blue_azerite.blp
2917577,patch-i.mpq,item\objectcomponents\weapon\mace_1h_naga_a_01_white_azerite.blp,88580,8A4522053DB1F598DAB118F24F39AE60E2FBF23B,D:\Sirus\_client\World of Warcraft Sirus\Naga_Extract_2026-10-03\ByArchive\patch-i.mpq\item\objectcomponents\weapon\mace_1h_naga_a_01_white_azerite.blp
2917578,patch-i.mpq,item\objectcomponents\weapon\mace_1h_naga_a_01_green_azerite.blp,88580,96418E25C258B4BA722201B822EEA815E8ED8CF7,D:\Sirus\_client\World of Warcraft Sirus\Naga_Extract_2026-10-03\ByArchive\patch-i.mpq\item\objectcomponents\weapon\mace_1h_naga_a_01_green_azerite.blp
2917579,patch-i.mpq,item\objectcomponents\weapon\mace_1h_naga_a_01_brown_azerite.blp,88580,EC8A4C5EE01FD3E50A66A8F084B7D95AF5C6E34C,D:\Sirus\_client\World of Warcraft Sirus\Naga_Extract_2026-10-03\ByArchive\patch-i.mpq\item\objectcomponents\weapon\mace_1h_naga_a_01_brown_azerite.blp
2991330,patch-i.mpq,item\objectcomponents\weapon\hand_1h_naga_c_01_normal.blp,350724,0AD9EC95BA5B929764E1C3A773D6F9BC66B12D0E,D:\Sirus\_client\World of Warcraft Sirus\Naga_Extract_2026-10-03\ByArchive\patch-i.mpq\item\objectcomponents\weapon\hand_1h_naga_c_01_normal.blp
2991334,patch-i.mpq,item\objectcomponents\weapon\hand_1h_naga_c_01.m2,23001,11964DB5BAF949E03E3009C651964C522A65E422,D:\Sirus\_client\World of Warcraft Sirus\Naga_Extract_2026-10-03\ByArchive\patch-i.mpq\item\objectcomponents\weapon\hand_1h_naga_c_01.m2
2991335,patch-i.mpq,item\objectcomponents\weapon\hand_1h_naga_c_0100.skin,6648,9461E8DCC8E5ADA468021A458076D21343ED1BB0,D:\Sirus\_client\World of Warcraft Sirus\Naga_Extract_2026-10-03\ByArchive\patch-i.mpq\item\objectcomponents\weapon\hand_1h_naga_c_0100.skin
2991507,patch-i.mpq,item\objectcomponents\weapon\hand_1h_naga_c_01_02.blp,350724,E98DA4414EA04AD72A2E5AE4B7CA94E1FA06A68C,D:\Sirus\_client\World of Warcraft Sirus\Naga_Extract_2026-10-03\ByArchive\patch-i.mpq\item\objectcomponents\weapon\hand_1h_naga_c_01_02.blp
2991508,patch-i.mpq,item\objectcomponents\weapon\hand_1h_naga_c_01_03.blp,350724,D36415DB9264C4B878105805F80164FEA9B962F2,D:\Sirus\_client\World of Warcraft Sirus\Naga_Extract_2026-10-03\ByArchive\patch-i.mpq\item\objectcomponents\weapon\hand_1h_naga_c_01_03.blp
2991509,patch-i.mpq,item\objectcomponents\weapon\hand_1h_naga_c_01_04.blp,350724,5BAEA740DE1CDC6C79996B3AA5D5D5108C565A58,D:\Sirus\_client\World of Warcraft Sirus\Naga_Extract_2026-10-03\ByArchive\patch-i.mpq\item\objectcomponents\weapon\hand_1h_naga_c_01_04.blp
2918404,patch-k.mpq,item\objectcomponents\collections\collections_leather_nagalightmelee_c_01_npc01.blp,88580,4C518A6B77413A4656DB14FFBF028E99B13FBF1B,D:\Sirus\_client\World of Warcraft Sirus\Naga_Extract_2026-10-03\ByArchive\patch-k.mpq\item\objectcomponents\collections\collections_leather_nagalightmelee_c_01_npc01.blp
2918405,patch-k.mpq,item\objectcomponents\collections\collections_leather_nagalightmelee_c_01_npc02.blp,88580,1D3C831654D92F83794A768AADEF8BA7BFCAFD8B,D:\Sirus\_client\World of Warcraft Sirus\Naga_Extract_2026-10-03\ByArchive\patch-k.mpq\item\objectcomponents\collections\collections_leather_nagalightmelee_c_01_npc02.blp
2918406,patch-k.mpq,item\objectcomponents\collections\collections_leather_nagalightmelee_c_01_npc03.blp,88580,852E0A1C3CC5823626C4A9C071194B23D1166317,D:\Sirus\_client\World of Warcraft Sirus\Naga_Extract_2026-10-03\ByArchive\patch-k.mpq\item\objectcomponents\collections\collections_leather_nagalightmelee_c_01_npc03.blp
2924696,patch-k.mpq,item\objectcomponents\collections\collections_cloth_nagalightcaster_c_01_npc02.blp,88580,6D4764EB9B703D62C92FCC7F26CF895A50D19997,D:\Sirus\_client\World of Warcraft Sirus\Naga_Extract_2026-10-03\ByArchive\patch-k.mpq\item\objectcomponents\collections\collections_cloth_nagalightcaster_c_01_npc02.blp
2924697,patch-k.mpq,item\objectcomponents\collections\collections_cloth_nagalightcaster_c_01_npc01.blp,88580,3273E223A7B164E0D11B1592F6793B73824B8C5F,D:\Sirus\_client\World of Warcraft Sirus\Naga_Extract_2026-10-03\ByArchive\patch-k.mpq\item\objectcomponents\collections\collections_cloth_nagalightcaster_c_01_npc01.blp
2924698,patch-k.mpq,item\objectcomponents\collections\collections_cloth_nagalightcaster_c_01_npc03.blp,88580,A42EB241A564D80AD5527CD8F9BB339420AB9E9F,D:\Sirus\_client\World of Warcraft Sirus\Naga_Extract_2026-10-03\ByArchive\patch-k.mpq\item\objectcomponents\collections\collections_cloth_nagalightcaster_c_01_npc03.blp
2924699,patch-k.mpq,item\objectcomponents\collections\collections_cloth_nagalightcaster_c_01_npc04.blp,88580,AAFBF30E01D6FB40843DA99F4D10EB9FBA2BAD72,D:\Sirus\_client\World of Warcraft Sirus\Naga_Extract_2026-10-03\ByArchive\patch-k.mpq\item\objectcomponents\collections\collections_cloth_nagalightcaster_c_01_npc04.blp
2960123,patch-k.mpq,item\objectcomponents\collections\collections_plate_nagaheavymelee_c_01_npc02.blp,88580,35DB7FFE793B2EE7E4656644BB38051278722852,D:\Sirus\_client\World of Warcraft Sirus\Naga_Extract_2026-10-03\ByArchive\patch-k.mpq\item\objectcomponents\collections\collections_plate_nagaheavymelee_c_01_npc02.blp
2960124,patch-k.mpq,item\objectcomponents\collections\collections_plate_nagaheavymelee_c_01_npc01.blp,88580,561C001781695A26F05B54EA696B2171AD130863,D:\Sirus\_client\World of Warcraft Sirus\Naga_Extract_2026-10-03\ByArchive\patch-k.mpq\item\objectcomponents\collections\collections_plate_nagaheavymelee_c_01_npc01.blp
2960125,patch-k.mpq,item\objectcomponents\collections\collections_plate_nagaheavymelee_c_01_npc03.blp,88580,21908834A355E77D0E84F69BF32AC6F78ED95FFC,D:\Sirus\_client\World of Warcraft Sirus\Naga_Extract_2026-10-03\ByArchive\patch-k.mpq\item\objectcomponents\collections\collections_plate_nagaheavymelee_c_01_npc03.blp
2960126,patch-k.mpq,item\objectcomponents\collections\collections_plate_nagaheavymelee_c_01_npc04.blp,88580,3718C6A50FC7593B6E4EAF1E6637D3ECE5D45F28,D:\Sirus\_client\World of Warcraft Sirus\Naga_Extract_2026-10-03\ByArchive\patch-k.mpq\item\objectcomponents\collections\collections_plate_nagaheavymelee_c_01_npc04.blp
2819389,patch-m.mpq,world\expansion07\doodads\nazjatar\8nzj_glowingnagakelpbud_b01.m2,18612,0922EFEF0422825B4EF593994FE481D0010A449A,D:\Sirus\_client\World of Warcraft Sirus\Naga_Extract_2026-10-03\ByArchive\patch-m.mpq\world\expansion07\doodads\nazjatar\8nzj_glowingnagakelpbud_b01.m2
2819390,patch-m.mpq,world\expansion07\doodads\nazjatar\8nzj_glowingnagakelpbud_b02.m2,14478,A5D84270852C4F086C96F7D271D65F82D3BE1CFB,D:\Sirus\_client\World of Warcraft Sirus\Naga_Extract_2026-10-03\ByArchive\patch-m.mpq\world\expansion07\doodads\nazjatar\8nzj_glowingnagakelpbud_b02.m2
2819391,patch-m.mpq,world\expansion07\doodads\nazjatar\8nzj_glowingnagakelpbud_b03.m2,22590,9E0134E79D42A59D61911670EB7533B05648210F,D:\Sirus\_client\World of Warcraft Sirus\Naga_Extract_2026-10-03\ByArchive\patch-m.mpq\world\expansion07\doodads\nazjatar\8nzj_glowingnagakelpbud_b03.m2
2819398,patch-m.mpq,world\expansion07\doodads\nazjatar\8nzj_glowingnagakelpbud_b01_0_2819398.blp,350724,B06D11DD125CADE391C30199B4D9E3F98BFCDEA8,D:\Sirus\_client\World of Warcraft Sirus\Naga_Extract_2026-10-03\ByArchive\patch-m.mpq\world\expansion07\doodads\nazjatar\8nzj_glowingnagakelpbud_b01_0_2819398.blp
2819399,patch-m.mpq,world\expansion07\doodads\nazjatar\8nzj_glowingnagakelpbud_b0300.skin,7184,B32B9BE6061FECC206D677CDA8D68EDDD71C8F70,D:\Sirus\_client\World of Warcraft Sirus\Naga_Extract_2026-10-03\ByArchive\patch-m.mpq\world\expansion07\doodads\nazjatar\8nzj_glowingnagakelpbud_b0300.skin
2819400,patch-m.mpq,world\expansion07\doodads\nazjatar\8nzj_glowingnagakelpbud_b0200.skin,4384,DBFD01DDF2D872CA13C0D69A8D4FA3C6FB334471,D:\Sirus\_client\World of Warcraft Sirus\Naga_Extract_2026-10-03\ByArchive\patch-m.mpq\world\expansion07\doodads\nazjatar\8nzj_glowingnagakelpbud_b0200.skin
2819401,patch-m.mpq,world\expansion07\doodads\nazjatar\8nzj_glowingnagakelpbud_b0100.skin,5824,5E194F24A73AE5C8028B29355EC89CB3CE36D266,D:\Sirus\_client\World of Warcraft Sirus\Naga_Extract_2026-10-03\ByArchive\patch-m.mpq\world\expansion07\doodads\nazjatar\8nzj_glowingnagakelpbud_b0100.skin
3004354,patch-q.mpq,world\expansion07\doodads\fx\8fx_nagacouncil_decree_obeyorsuffer_3004354.blp,23044,8E573DE147F110EE3F5E548F26DE86B2B4F4416E,D:\Sirus\_client\World of Warcraft Sirus\Naga_Extract_2026-10-03\ByArchive\patch-q.mpq\world\expansion07\doodads\fx\8fx_nagacouncil_decree_obeyorsuffer_3004354.blp
2429636,patch-t.mpq,item\objectcomponents\shield\shield_1h_naga_c_01.m2,55450,633AE0D41708595802F67F7B2ACF28C4A0AA40BB,D:\Sirus\_client\World of Warcraft Sirus\Naga_Extract_2026-10-03\ByArchive\patch-t.mpq\item\objectcomponents\shield\shield_1h_naga_c_01.m2
2429741,patch-t.mpq,item\objectcomponents\shield\shield_1h_naga_c_0100.skin,12256,2761A170DCA449891CEE83A78BD9FDDD4EF783E2,D:\Sirus\_client\World of Warcraft Sirus\Naga_Extract_2026-10-03\ByArchive\patch-t.mpq\item\objectcomponents\shield\shield_1h_naga_c_0100.skin
2429774,patch-t.mpq,item\objectcomponents\shield\shield_1h_naga_c_01black.blp,88580,C1284A5AD6D9A4B1CBC427E46214E825BE909BE9,D:\Sirus\_client\World of Warcraft Sirus\Naga_Extract_2026-10-03\ByArchive\patch-t.mpq\item\objectcomponents\shield\shield_1h_naga_c_01black.blp
2429775,patch-t.mpq,item\objectcomponents\shield\shield_1h_naga_c_01green.blp,88580,9645160724F3A0416B630225FD58D198B8B023A4,D:\Sirus\_client\World of Warcraft Sirus\Naga_Extract_2026-10-03\ByArchive\patch-t.mpq\item\objectcomponents\shield\shield_1h_naga_c_01green.blp
2429776,patch-t.mpq,item\objectcomponents\shield\shield_1h_naga_c_01purple.blp,88580,6D25D3D94B75FE8776F6EBD3C81F9F4F8F681F0C,D:\Sirus\_client\World of Warcraft Sirus\Naga_Extract_2026-10-03\ByArchive\patch-t.mpq\item\objectcomponents\shield\shield_1h_naga_c_01purple.blp
2429777,patch-t.mpq,item\objectcomponents\shield\shield_1h_naga_c_01white.blp,88580,BC71129D8E4172D692AFC1278570888610C78132,D:\Sirus\_client\World of Warcraft Sirus\Naga_Extract_2026-10-03\ByArchive\patch-t.mpq\item\objectcomponents\shield\shield_1h_naga_c_01white.blp
131577,ruRU/locale-ruRU.mpq,Interface\GLUES\CREDITS\Naga1.blp,88580,5E09536894B40F724AA47E4641F3DC8CF686FD74,D:\Sirus\_client\World of Warcraft Sirus\Naga_Extract_2026-10-03\ByArchive\ruRU\locale-ruRU.mpq\Interface\GLUES\CREDITS\Naga1.blp
131578,ruRU/locale-ruRU.mpq,Interface\GLUES\CREDITS\Naga2.blp,88580,553CB8F5147FADA804ED1CE14DE7D28A3C1ECCAE,D:\Sirus\_client\World of Warcraft Sirus\Naga_Extract_2026-10-03\ByArchive\ruRU\locale-ruRU.mpq\Interface\GLUES\CREDITS\Naga2.blp
131579,ruRU/locale-ruRU.mpq,Interface\GLUES\CREDITS\Naga3.blp,88580,EDBA716E2F75F4FCC1ABE6E814DB0EE4C3B791E7,D:\Sirus\_client\World of Warcraft Sirus\Naga_Extract_2026-10-03\ByArchive\ruRU\locale-ruRU.mpq\Interface\GLUES\CREDITS\Naga3.blp
131580,ruRU/locale-ruRU.mpq,Interface\GLUES\CREDITS\Naga4.blp,88580,442EB4C0BCB10892D8D4E69CC614F7F365C1B1F5,D:\Sirus\_client\World of Warcraft Sirus\Naga_Extract_2026-10-03\ByArchive\ruRU\locale-ruRU.mpq\Interface\GLUES\CREDITS\Naga4.blp
237551,ruRU/locale-ruRU.mpq,Interface\ICONS\Spell_Magic_ManaGain.blp,6660,A6E68245302E4B97A14FDAFE51ACCBCBFC9FB762,D:\Sirus\_client\World of Warcraft Sirus\Naga_Extract_2026-10-03\ByArchive\ruRU\locale-ruRU.mpq\Interface\ICONS\Spell_Magic_ManaGain.blp
441826,ruRU/patch-ruRU-5.mpq,Sound\music\cataclysm\MUS_VashjirNagaThrone_GU01.mp3,870166,673655B213C24580C378BFE121A0978B62748281,D:\Sirus\_client\World of Warcraft Sirus\Naga_Extract_2026-10-03\ByArchive\ruRU\patch-ruRU-5.mpq\Sound\music\cataclysm\MUS_VashjirNagaThrone_GU01.mp3
441827,ruRU/patch-ruRU-5.mpq,Sound\music\cataclysm\MUS_VashjirNagaThrone_GU02.mp3,1792726,72065C3F1B9670849120832F10188467BE02D4DC,D:\Sirus\_client\World of Warcraft Sirus\Naga_Extract_2026-10-03\ByArchive\ruRU\patch-ruRU-5.mpq\Sound\music\cataclysm\MUS_VashjirNagaThrone_GU02.mp3
441828,ruRU/patch-ruRU-5.mpq,Sound\music\cataclysm\MUS_VashjirNagaThrone_GU03.mp3,1938646,F03AB49EEFFEE5A2CE2AFB97D042479F9C0BDBED,D:\Sirus\_client\World of Warcraft Sirus\Naga_Extract_2026-10-03\ByArchive\ruRU\patch-ruRU-5.mpq\Sound\music\cataclysm\MUS_VashjirNagaThrone_GU03.mp3
441829,ruRU/patch-ruRU-5.mpq,Sound\music\cataclysm\MUS_VashjirNagaThrone_GU04.mp3,1936726,BB8D2A324F99D47B739015FD635270D8439E89D3,D:\Sirus\_client\World of Warcraft Sirus\Naga_Extract_2026-10-03\ByArchive\ruRU\patch-ruRU-5.mpq\Sound\music\cataclysm\MUS_VashjirNagaThrone_GU04.mp3
441830,ruRU/patch-ruRU-5.mpq,Sound\music\cataclysm\MUS_VashjirNagaThrone_GU05.mp3,1835926,978D7F6D993CB6A241AC13D758F111485EFCB8FE,D:\Sirus\_client\World of Warcraft Sirus\Naga_Extract_2026-10-03\ByArchive\ruRU\patch-ruRU-5.mpq\Sound\music\cataclysm\MUS_VashjirNagaThrone_GU05.mp3
441831,ruRU/patch-ruRU-5.mpq,Sound\music\cataclysm\MUS_VashjirNagaThrone_GU06.mp3,1854646,0CFAB2A6EF779FECF3390D15010950CEF014B805,D:\Sirus\_client\World of Warcraft Sirus\Naga_Extract_2026-10-03\ByArchive\ruRU\patch-ruRU-5.mpq\Sound\music\cataclysm\MUS_VashjirNagaThrone_GU06.mp3
441832,ruRU/patch-ruRU-5.mpq,Sound\music\cataclysm\MUS_VashjirNaga_GU01.mp3,1759120,2BB4DB1691F6BD44E8B1C40C73642C8D3B806B94,D:\Sirus\_client\World of Warcraft Sirus\Naga_Extract_2026-10-03\ByArchive\ruRU\patch-ruRU-5.mpq\Sound\music\cataclysm\MUS_VashjirNaga_GU01.mp3
441833,ruRU/patch-ruRU-5.mpq,Sound\music\cataclysm\MUS_VashjirNaga_GU02.mp3,1944880,D5976B1E1D55E5B350AC04F2C9FB454AA03B8FFA,D:\Sirus\_client\World of Warcraft Sirus\Naga_Extract_2026-10-03\ByArchive\ruRU\patch-ruRU-5.mpq\Sound\music\cataclysm\MUS_VashjirNaga_GU02.mp3
441834,ruRU/patch-ruRU-5.mpq,Sound\music\cataclysm\MUS_VashjirNaga_GU03.mp3,1941040,269DC5FA8595F076D3C594F89286A41F11A231B5,D:\Sirus\_client\World of Warcraft Sirus\Naga_Extract_2026-10-03\ByArchive\ruRU\patch-ruRU-5.mpq\Sound\music\cataclysm\MUS_VashjirNaga_GU03.mp3
441835,ruRU/patch-ruRU-5.mpq,Sound\music\cataclysm\MUS_VashjirNaga_GU04.mp3,1949200,19424DF2DE399B26E8990EAD396A38203FF97658,D:\Sirus\_client\World of Warcraft Sirus\Naga_Extract_2026-10-03\ByArchive\ruRU\patch-ruRU-5.mpq\Sound\music\cataclysm\MUS_VashjirNaga_GU04.mp3
441836,ruRU/patch-ruRU-5.mpq,Sound\music\cataclysm\MUS_VashjirNaga_GU05.mp3,2548240,808417C285447FC2A486BAEEA15845140A722090,D:\Sirus\_client\World of Warcraft Sirus\Naga_Extract_2026-10-03\ByArchive\ruRU\patch-ruRU-5.mpq\Sound\music\cataclysm\MUS_VashjirNaga_GU05.mp3
441837,ruRU/patch-ruRU-5.mpq,Sound\music\cataclysm\MUS_VashjirNaga_GU06.mp3,2277040,B52A141FA6A646688292E2CFA15EBAA1B1DBB88B,D:\Sirus\_client\World of Warcraft Sirus\Naga_Extract_2026-10-03\ByArchive\ruRU\patch-ruRU-5.mpq\Sound\music\cataclysm\MUS_VashjirNaga_GU06.mp3
1244910,ruRU/patch-ruRU-5.mpq,SOUND\CREATURE\NagaMaleV2\MON_NagaMale_V2_Wound01.ogg,12852,03945270742BB11AB7F4564EA1031FD6A5736506,D:\Sirus\_client\World of Warcraft Sirus\Naga_Extract_2026-10-03\ByArchive\ruRU\patch-ruRU-5.mpq\SOUND\CREATURE\NagaMaleV2\MON_NagaMale_V2_Wound01.ogg
1244911,ruRU/patch-ruRU-5.mpq,SOUND\CREATURE\NagaMaleV2\MON_NagaMale_V2_Wound02.ogg,15529,1AC7F2F55E0DA5C5A2A0F5FE004EAEE7FD35B109,D:\Sirus\_client\World of Warcraft Sirus\Naga_Extract_2026-10-03\ByArchive\ruRU\patch-ruRU-5.mpq\SOUND\CREATURE\NagaMaleV2\MON_NagaMale_V2_Wound02.ogg
1244912,ruRU/patch-ruRU-5.mpq,SOUND\CREATURE\NagaMaleV2\MON_NagaMale_V2_Wound03.ogg,16269,FE800B93F7B8E439C26D361C417F90DDD8CA7B65,D:\Sirus\_client\World of Warcraft Sirus\Naga_Extract_2026-10-03\ByArchive\ruRU\patch-ruRU-5.mpq\SOUND\CREATURE\NagaMaleV2\MON_NagaMale_V2_Wound03.ogg
1244913,ruRU/patch-ruRU-5.mpq,SOUND\CREATURE\NagaMaleV2\MON_NagaMale_V2_Wound04.ogg,16132,BD271D88C59A2466A8617E4072E2DDBDDF6E51C7,D:\Sirus\_client\World of Warcraft Sirus\Naga_Extract_2026-10-03\ByArchive\ruRU\patch-ruRU-5.mpq\SOUND\CREATURE\NagaMaleV2\MON_NagaMale_V2_Wound04.ogg
1244914,ruRU/patch-ruRU-5.mpq,SOUND\CREATURE\NagaMaleV2\MON_NagaMale_V2_Wound05.ogg,12163,FDE55C150DD7877F929835DAD35F12A0061C0FA0,D:\Sirus\_client\World of Warcraft Sirus\Naga_Extract_2026-10-03\ByArchive\ruRU\patch-ruRU-5.mpq\SOUND\CREATURE\NagaMaleV2\MON_NagaMale_V2_Wound05.ogg
1244915,ruRU/patch-ruRU-5.mpq,SOUND\CREATURE\NagaMaleV2\MON_NagaMale_V2_Wound06.ogg,16102,3DEEF1BFC2103244BD4D974AD5995040AAF26110,D:\Sirus\_client\World of Warcraft Sirus\Naga_Extract_2026-10-03\ByArchive\ruRU\patch-ruRU-5.mpq\SOUND\CREATURE\NagaMaleV2\MON_NagaMale_V2_Wound06.ogg
1244916,ruRU/patch-ruRU-5.mpq,SOUND\CREATURE\NagaMaleV2\MON_NagaMale_V2_Wound07.ogg,14990,5382657028EC4140E5FB3C180F50FFF318DD9EDA,D:\Sirus\_client\World of Warcraft Sirus\Naga_Extract_2026-10-03\ByArchive\ruRU\patch-ruRU-5.mpq\SOUND\CREATURE\NagaMaleV2\MON_NagaMale_V2_Wound07.ogg
1244917,ruRU/patch-ruRU-5.mpq,SOUND\CREATURE\NagaMaleV2\MON_NagaMale_V2_Wound08.ogg,15486,99F57A5B28A38C20C3F41E556F61892A4F2A0CCA,D:\Sirus\_client\World of Warcraft Sirus\Naga_Extract_2026-10-03\ByArchive\ruRU\patch-ruRU-5.mpq\SOUND\CREATURE\NagaMaleV2\MON_NagaMale_V2_Wound08.ogg
1244918,ruRU/patch-ruRU-5.mpq,SOUND\CREATURE\NagaMaleV2\MON_NagaMale_V2_Wound09.ogg,15637,A846C3C4AEE1D75376392266A43A034913463EC7,D:\Sirus\_client\World of Warcraft Sirus\Naga_Extract_2026-10-03\ByArchive\ruRU\patch-ruRU-5.mpq\SOUND\CREATURE\NagaMaleV2\MON_NagaMale_V2_Wound09.ogg
1244919,ruRU/patch-ruRU-5.mpq,SOUND\CREATURE\NagaMaleV2\MON_NagaMale_V2_Wound10.ogg,14038,7F1064D711F70D2CE8EF5899866788B9537D7786,D:\Sirus\_client\World of Warcraft Sirus\Naga_Extract_2026-10-03\ByArchive\ruRU\patch-ruRU-5.mpq\SOUND\CREATURE\NagaMaleV2\MON_NagaMale_V2_Wound10.ogg
1244920,ruRU/patch-ruRU-5.mpq,SOUND\CREATURE\NagaMaleV2\MON_NagaMale_V2_WoundCrit01.ogg,17084,A33A353C4E8B1B148A9BC535AFEEFCAE0555AB7F,D:\Sirus\_client\World of Warcraft Sirus\Naga_Extract_2026-10-03\ByArchive\ruRU\patch-ruRU-5.mpq\SOUND\CREATURE\NagaMaleV2\MON_NagaMale_V2_WoundCrit01.ogg
1244921,ruRU/patch-ruRU-5.mpq,SOUND\CREATURE\NagaMaleV2\MON_NagaMale_V2_WoundCrit02.ogg,16118,4957BA522CAB20B29DAF2BA66BCF38701AA90CA0,D:\Sirus\_client\World of Warcraft Sirus\Naga_Extract_2026-10-03\ByArchive\ruRU\patch-ruRU-5.mpq\SOUND\CREATURE\NagaMaleV2\MON_NagaMale_V2_WoundCrit02.ogg
1244922,ruRU/patch-ruRU-5.mpq,SOUND\CREATURE\NagaMaleV2\MON_NagaMale_V2_WoundCrit03.ogg,17492,6B937617CCD6D74447DBB47E1A6D9A32B27F6499,D:\Sirus\_client\World of Warcraft Sirus\Naga_Extract_2026-10-03\ByArchive\ruRU\patch-ruRU-5.mpq\SOUND\CREATURE\NagaMaleV2\MON_NagaMale_V2_WoundCrit03.ogg
1244923,ruRU/patch-ruRU-5.mpq,SOUND\CREATURE\NagaMaleV2\MON_NagaMale_V2_WoundCrit04.ogg,19145,DE24275AA5DCE396180075A3690DACEFE2C6745D,D:\Sirus\_client\World of Warcraft Sirus\Naga_Extract_2026-10-03\ByArchive\ruRU\patch-ruRU-5.mpq\SOUND\CREATURE\NagaMaleV2\MON_NagaMale_V2_WoundCrit04.ogg
1244924,ruRU/patch-ruRU-5.mpq,SOUND\CREATURE\NagaMaleV2\MON_NagaMale_V2_WoundCrit05.ogg,16148,29F3177E58BAF0F7B483A94FB631F4C8C5AE24D5,D:\Sirus\_client\World of Warcraft Sirus\Naga_Extract_2026-10-03\ByArchive\ruRU\patch-ruRU-5.mpq\SOUND\CREATURE\NagaMaleV2\MON_NagaMale_V2_WoundCrit05.ogg
1244925,ruRU/patch-ruRU-5.mpq,SOUND\CREATURE\NagaMaleV2\MON_NagaMale_V2_Aggro01.ogg,17376,9003B0DB0BC4C761D3936D6DA20B2C211B765674,D:\Sirus\_client\World of Warcraft Sirus\Naga_Extract_2026-10-03\ByArchive\ruRU\patch-ruRU-5.mpq\SOUND\CREATURE\NagaMaleV2\MON_NagaMale_V2_Aggro01.ogg
1244926,ruRU/patch-ruRU-5.mpq,SOUND\CREATURE\NagaMaleV2\MON_NagaMale_V2_Aggro02.ogg,16069,CAF5DB33E83A0F33FC55732ED9F9B86CB1A74F9A,D:\Sirus\_client\World of Warcraft Sirus\Naga_Extract_2026-10-03\ByArchive\ruRU\patch-ruRU-5.mpq\SOUND\CREATURE\NagaMaleV2\MON_NagaMale_V2_Aggro02.ogg
1244927,ruRU/patch-ruRU-5.mpq,SOUND\CREATURE\NagaMaleV2\MON_NagaMale_V2_Aggro03.ogg,15772,74D60359DC4EF19289A60B58E6CA4F1604A2FDC9,D:\Sirus\_client\World of Warcraft Sirus\Naga_Extract_2026-10-03\ByArchive\ruRU\patch-ruRU-5.mpq\SOUND\CREATURE\NagaMaleV2\MON_NagaMale_V2_Aggro03.ogg
1244928,ruRU/patch-ruRU-5.mpq,SOUND\CREATURE\NagaMaleV2\MON_NagaMale_V2_Aggro04.ogg,16748,CB87B6E52F5BE5AF9DDD5B78D9B590491EA2EE1B,D:\Sirus\_client\World of Warcraft Sirus\Naga_Extract_2026-10-03\ByArchive\ruRU\patch-ruRU-5.mpq\SOUND\CREATURE\NagaMaleV2\MON_NagaMale_V2_Aggro04.ogg
1244929,ruRU/patch-ruRU-5.mpq,SOUND\CREATURE\NagaMaleV2\MON_NagaMale_V2_Aggro05.ogg,17652,54174D8A455FC670D8B90A3AE6BF44D95813A9DD,D:\Sirus\_client\World of Warcraft Sirus\Naga_Extract_2026-10-03\ByArchive\ruRU\patch-ruRU-5.mpq\SOUND\CREATURE\NagaMaleV2\MON_NagaMale_V2_Aggro05.ogg
1244930,ruRU/patch-ruRU-5.mpq,SOUND\CREATURE\NagaMaleV2\MON_NagaMale_V2_Aggro06.ogg,18799,FBF5834B3D0BB196C81EF79277C89EEE380048A9,D:\Sirus\_client\World of Warcraft Sirus\Naga_Extract_2026-10-03\ByArchive\ruRU\patch-ruRU-5.mpq\SOUND\CREATURE\NagaMaleV2\MON_NagaMale_V2_Aggro06.ogg
1244931,ruRU/patch-ruRU-5.mpq,SOUND\CREATURE\NagaMaleV2\MON_NagaMale_V2_Aggro07.ogg,17032,6A5CC9F941EFAC057FF87EA7B73F792CFDC77F43,D:\Sirus\_client\World of Warcraft Sirus\Naga_Extract_2026-10-03\ByArchive\ruRU\patch-ruRU-5.mpq\SOUND\CREATURE\NagaMaleV2\MON_NagaMale_V2_Aggro07.ogg
1244932,ruRU/patch-ruRU-5.mpq,SOUND\CREATURE\NagaMaleV2\MON_NagaMale_V2_Aggro08.ogg,18536,CB362FE20FAB972C063979804E0D24DBFF40B036,D:\Sirus\_client\World of Warcraft Sirus\Naga_Extract_2026-10-03\ByArchive\ruRU\patch-ruRU-5.mpq\SOUND\CREATURE\NagaMaleV2\MON_NagaMale_V2_Aggro08.ogg
1244933,ruRU/patch-ruRU-5.mpq,SOUND\CREATURE\NagaMaleV2\MON_NagaMale_V2_Attack01.ogg,16965,302055FE7C1E8F8264372111B4D7647EB84A935A,D:\Sirus\_client\World of Warcraft Sirus\Naga_Extract_2026-10-03\ByArchive\ruRU\patch-ruRU-5.mpq\SOUND\CREATURE\NagaMaleV2\MON_NagaMale_V2_Attack01.ogg
1244934,ruRU/patch-ruRU-5.mpq,SOUND\CREATURE\NagaMaleV2\MON_NagaMale_V2_Attack02.ogg,17726,69272FD68C3F85ACDD1352FE37775B6158BC674E,D:\Sirus\_client\World of Warcraft Sirus\Naga_Extract_2026-10-03\ByArchive\ruRU\patch-ruRU-5.mpq\SOUND\CREATURE\NagaMaleV2\MON_NagaMale_V2_Attack02.ogg
1244935,ruRU/patch-ruRU-5.mpq,SOUND\CREATURE\NagaMaleV2\MON_NagaMale_V2_Attack03.ogg,14339,F69B546F205B034D113AB936F463D9DC9C19D5A0,D:\Sirus\_client\World of Warcraft Sirus\Naga_Extract_2026-10-03\ByArchive\ruRU\patch-ruRU-5.mpq\SOUND\CREATURE\NagaMaleV2\MON_NagaMale_V2_Attack03.ogg
1244936,ruRU/patch-ruRU-5.mpq,SOUND\CREATURE\NagaMaleV2\MON_NagaMale_V2_Attack04.ogg,13052,556CDA82F9EF9430CFCC4E025D077CD68AB95331,D:\Sirus\_client\World of Warcraft Sirus\Naga_Extract_2026-10-03\ByArchive\ruRU\patch-ruRU-5.mpq\SOUND\CREATURE\NagaMaleV2\MON_NagaMale_V2_Attack04.ogg
1244937,ruRU/patch-ruRU-5.mpq,SOUND\CREATURE\NagaMaleV2\MON_NagaMale_V2_Attack05.ogg,15901,97274A7973A618C981B6DA3FA27055DE811ECA92,D:\Sirus\_client\World of Warcraft Sirus\Naga_Extract_2026-10-03\ByArchive\ruRU\patch-ruRU-5.mpq\SOUND\CREATURE\NagaMaleV2\MON_NagaMale_V2_Attack05.ogg
1244938,ruRU/patch-ruRU-5.mpq,SOUND\CREATURE\NagaMaleV2\MON_NagaMale_V2_Attack06.ogg,14430,7FC087CF48551745767F52AE115F4A9929E2F708,D:\Sirus\_client\World of Warcraft Sirus\Naga_Extract_2026-10-03\ByArchive\ruRU\patch-ruRU-5.mpq\SOUND\CREATURE\NagaMaleV2\MON_NagaMale_V2_Attack06.ogg
1244939,ruRU/patch-ruRU-5.mpq,SOUND\CREATURE\NagaMaleV2\MON_NagaMale_V2_Attack07.ogg,12119,85F6B473DC67BB2F766B7F00961FAAA7AA38CC76,D:\Sirus\_client\World of Warcraft Sirus\Naga_Extract_2026-10-03\ByArchive\ruRU\patch-ruRU-5.mpq\SOUND\CREATURE\NagaMaleV2\MON_NagaMale_V2_Attack07.ogg
1244940,ruRU/patch-ruRU-5.mpq,SOUND\CREATURE\NagaMaleV2\MON_NagaMale_V2_Attack08.ogg,12191,36E66863A03F3732F086CCE1CB7EB12D7CC97C77,D:\Sirus\_client\World of Warcraft Sirus\Naga_Extract_2026-10-03\ByArchive\ruRU\patch-ruRU-5.mpq\SOUND\CREATURE\NagaMaleV2\MON_NagaMale_V2_Attack08.ogg
1244941,ruRU/patch-ruRU-5.mpq,SOUND\CREATURE\NagaMaleV2\MON_NagaMale_V2_Attack09.ogg,17936,E60EF8BF801F91F010850114DE9E42CAA3D3088D,D:\Sirus\_client\World of Warcraft Sirus\Naga_Extract_2026-10-03\ByArchive\ruRU\patch-ruRU-5.mpq\SOUND\CREATURE\NagaMaleV2\MON_NagaMale_V2_Attack09.ogg
1244942,ruRU/patch-ruRU-5.mpq,SOUND\CREATURE\NagaMaleV2\MON_NagaMale_V2_Attack10.ogg,13210,333098F440112A129C5093A00F169A0E90F65C55,D:\Sirus\_client\World of Warcraft Sirus\Naga_Extract_2026-10-03\ByArchive\ruRU\patch-ruRU-5.mpq\SOUND\CREATURE\NagaMaleV2\MON_NagaMale_V2_Attack10.ogg
1244943,ruRU/patch-ruRU-5.mpq,SOUND\CREATURE\NagaMaleV2\MON_NagaMale_V2_AttackCrit01.ogg,15835,FDBEB7118C99393D587319EABFA707472DF8B741,D:\Sirus\_client\World of Warcraft Sirus\Naga_Extract_2026-10-03\ByArchive\ruRU\patch-ruRU-5.mpq\SOUND\CREATURE\NagaMaleV2\MON_NagaMale_V2_AttackCrit01.ogg
1244944,ruRU/patch-ruRU-5.mpq,SOUND\CREATURE\NagaMaleV2\MON_NagaMale_V2_AttackCrit02.ogg,18357,7D59C48D4F98DCF0E223F5D3C939F7B6BCB7AF5F,D:\Sirus\_client\World of Warcraft Sirus\Naga_Extract_2026-10-03\ByArchive\ruRU\patch-ruRU-5.mpq\SOUND\CREATURE\NagaMaleV2\MON_NagaMale_V2_AttackCrit02.ogg
1244945,ruRU/patch-ruRU-5.mpq,SOUND\CREATURE\NagaMaleV2\MON_NagaMale_V2_AttackCrit03.ogg,18328,52CCA927037FD3A21AD1A33426DCE89702C8D93A,D:\Sirus\_client\World of Warcraft Sirus\Naga_Extract_2026-10-03\ByArchive\ruRU\patch-ruRU-5.mpq\SOUND\CREATURE\NagaMaleV2\MON_NagaMale_V2_AttackCrit03.ogg
1244946,ruRU/patch-ruRU-5.mpq,SOUND\CREATURE\NagaMaleV2\MON_NagaMale_V2_AttackCrit04.ogg,17252,E2661CA6478D3920BF38F3871F8E47850F86B6A8,D:\Sirus\_client\World of Warcraft Sirus\Naga_Extract_2026-10-03\ByArchive\ruRU\patch-ruRU-5.mpq\SOUND\CREATURE\NagaMaleV2\MON_NagaMale_V2_AttackCrit04.ogg
1244947,ruRU/patch-ruRU-5.mpq,SOUND\CREATURE\NagaMaleV2\MON_NagaMale_V2_AttackCrit05.ogg,16581,1E515E73E76A9185AB0B1705CA70205EADD7915E,D:\Sirus\_client\World of Warcraft Sirus\Naga_Extract_2026-10-03\ByArchive\ruRU\patch-ruRU-5.mpq\SOUND\CREATURE\NagaMaleV2\MON_NagaMale_V2_AttackCrit05.ogg
1244948,ruRU/patch-ruRU-5.mpq,SOUND\CREATURE\NagaMaleV2\MON_NagaMale_V2_Death01.ogg,24926,7BEFC005946AC128290BEACD9AB8EEE607F13E3D,D:\Sirus\_client\World of Warcraft Sirus\Naga_Extract_2026-10-03\ByArchive\ruRU\patch-ruRU-5.mpq\SOUND\CREATURE\NagaMaleV2\MON_NagaMale_V2_Death01.ogg
1244949,ruRU/patch-ruRU-5.mpq,SOUND\CREATURE\NagaMaleV2\MON_NagaMale_V2_Death02.ogg,21573,472183A3854B567B40B9BF9F9AF5CC168259DF16,D:\Sirus\_client\World of Warcraft Sirus\Naga_Extract_2026-10-03\ByArchive\ruRU\patch-ruRU-5.mpq\SOUND\CREATURE\NagaMaleV2\MON_NagaMale_V2_Death02.ogg
1244950,ruRU/patch-ruRU-5.mpq,SOUND\CREATURE\NagaMaleV2\MON_NagaMale_V2_Death03.ogg,25254,EC69B5FF47BF239D7F9759089885ACD834D42E60,D:\Sirus\_client\World of Warcraft Sirus\Naga_Extract_2026-10-03\ByArchive\ruRU\patch-ruRU-5.mpq\SOUND\CREATURE\NagaMaleV2\MON_NagaMale_V2_Death03.ogg
1244951,ruRU/patch-ruRU-5.mpq,SOUND\CREATURE\NagaMaleV2\MON_NagaMale_V2_Death04.ogg,21902,CC27827663EA0D397841301904F16EBEAB509186,D:\Sirus\_client\World of Warcraft Sirus\Naga_Extract_2026-10-03\ByArchive\ruRU\patch-ruRU-5.mpq\SOUND\CREATURE\NagaMaleV2\MON_NagaMale_V2_Death04.ogg
1244952,ruRU/patch-ruRU-5.mpq,SOUND\CREATURE\NagaMaleV2\MON_NagaMale_V2_Death05.ogg,21494,07BBB7D1EFE9520D5A695A376326AED7C25F4D2E,D:\Sirus\_client\World of Warcraft Sirus\Naga_Extract_2026-10-03\ByArchive\ruRU\patch-ruRU-5.mpq\SOUND\CREATURE\NagaMaleV2\MON_NagaMale_V2_Death05.ogg
1244953,ruRU/patch-ruRU-5.mpq,SOUND\CREATURE\NagaMaleV2\MON_NagaMale_V2_Death06.ogg,17254,AEA44D751E4B6D158B8559B4A27597750D5FEED6,D:\Sirus\_client\World of Warcraft Sirus\Naga_Extract_2026-10-03\ByArchive\ruRU\patch-ruRU-5.mpq\SOUND\CREATURE\NagaMaleV2\MON_NagaMale_V2_Death06.ogg
1244954,ruRU/patch-ruRU-5.mpq,SOUND\CREATURE\NagaMaleV2\MON_NagaMale_V2_Death07.ogg,18488,2613221D716587B8159657E2C6E69F09202FD4DD,D:\Sirus\_client\World of Warcraft Sirus\Naga_Extract_2026-10-03\ByArchive\ruRU\patch-ruRU-5.mpq\SOUND\CREATURE\NagaMaleV2\MON_NagaMale_V2_Death07.ogg
1244955,ruRU/patch-ruRU-5.mpq,SOUND\CREATURE\NagaMaleV2\MON_NagaMale_V2_Death08.ogg,24832,29E61F3CB6058C7972E5F8524C5CE5A7385B78B1,D:\Sirus\_client\World of Warcraft Sirus\Naga_Extract_2026-10-03\ByArchive\ruRU\patch-ruRU-5.mpq\SOUND\CREATURE\NagaMaleV2\MON_NagaMale_V2_Death08.ogg
1244956,ruRU/patch-ruRU-5.mpq,SOUND\CREATURE\NagaMaleV2\MON_NagaMale_V2_Death09.ogg,20719,7E10F8297463BE2B84E3C82AC5AA7A5F9B64E9F4,D:\Sirus\_client\World of Warcraft Sirus\Naga_Extract_2026-10-03\ByArchive\ruRU\patch-ruRU-5.mpq\SOUND\CREATURE\NagaMaleV2\MON_NagaMale_V2_Death09.ogg
1244957,ruRU/patch-ruRU-5.mpq,SOUND\CREATURE\NagaMaleV2\MON_NagaMale_V2_Death10.ogg,20422,C535E7FD6FE72F89E8D075AE6F16502E1B4F4A28,D:\Sirus\_client\World of Warcraft Sirus\Naga_Extract_2026-10-03\ByArchive\ruRU\patch-ruRU-5.mpq\SOUND\CREATURE\NagaMaleV2\MON_NagaMale_V2_Death10.ogg
1244958,ruRU/patch-ruRU-5.mpq,SOUND\CREATURE\NagaMaleV2\MON_NagaMale_V2_PreAggro01.ogg,18235,A1E90FFEC5BF901D99F00ACCC2DAA5D40626BA05,D:\Sirus\_client\World of Warcraft Sirus\Naga_Extract_2026-10-03\ByArchive\ruRU\patch-ruRU-5.mpq\SOUND\CREATURE\NagaMaleV2\MON_NagaMale_V2_PreAggro01.ogg
1244959,ruRU/patch-ruRU-5.mpq,SOUND\CREATURE\NagaMaleV2\MON_NagaMale_V2_PreAggro02.ogg,17107,A5E3AE70C0CECA2FE023E63500EFE692B69E44BE,D:\Sirus\_client\World of Warcraft Sirus\Naga_Extract_2026-10-03\ByArchive\ruRU\patch-ruRU-5.mpq\SOUND\CREATURE\NagaMaleV2\MON_NagaMale_V2_PreAggro02.ogg
1244960,ruRU/patch-ruRU-5.mpq,SOUND\CREATURE\NagaMaleV2\MON_NagaMale_V2_PreAggro03.ogg,16355,30BF4A24E8D2FBA932A5109616D0016B8274F48C,D:\Sirus\_client\World of Warcraft Sirus\Naga_Extract_2026-10-03\ByArchive\ruRU\patch-ruRU-5.mpq\SOUND\CREATURE\NagaMaleV2\MON_NagaMale_V2_PreAggro03.ogg
1244961,ruRU/patch-ruRU-5.mpq,SOUND\CREATURE\NagaMaleV2\MON_NagaMale_V2_PreAggro04.ogg,17687,A164EE5AE271D264CD5919D07FF8549E45A7C755,D:\Sirus\_client\World of Warcraft Sirus\Naga_Extract_2026-10-03\ByArchive\ruRU\patch-ruRU-5.mpq\SOUND\CREATURE\NagaMaleV2\MON_NagaMale_V2_PreAggro04.ogg
1244962,ruRU/patch-ruRU-5.mpq,SOUND\CREATURE\NagaMaleV2\MON_NagaMale_V2_PreAggro05.ogg,24114,098613E15793EC779553CA7F1EF28CBC01352655,D:\Sirus\_client\World of Warcraft Sirus\Naga_Extract_2026-10-03\ByArchive\ruRU\patch-ruRU-5.mpq\SOUND\CREATURE\NagaMaleV2\MON_NagaMale_V2_PreAggro05.ogg
1260217,ruRU/patch-ruRU-5.mpq,SOUND\CHARACTER\FOOTSTEPS\FootMedium\MON_Footstep_Naga_Slither01.ogg,10261,7EB10269BF17CF0FD9274D6F84B6B24BDA72C138,D:\Sirus\_client\World of Warcraft Sirus\Naga_Extract_2026-10-03\ByArchive\ruRU\patch-ruRU-5.mpq\SOUND\CHARACTER\FOOTSTEPS\FootMedium\MON_Footstep_Naga_Slither01.ogg
1260218,ruRU/patch-ruRU-5.mpq,SOUND\CHARACTER\FOOTSTEPS\FootMedium\MON_Footstep_Naga_Slither02.ogg,10654,0B604F718E64E6663A4134ECA85C0167338201A2,D:\Sirus\_client\World of Warcraft Sirus\Naga_Extract_2026-10-03\ByArchive\ruRU\patch-ruRU-5.mpq\SOUND\CHARACTER\FOOTSTEPS\FootMedium\MON_Footstep_Naga_Slither02.ogg
1260219,ruRU/patch-ruRU-5.mpq,SOUND\CHARACTER\FOOTSTEPS\FootMedium\MON_Footstep_Naga_Slither03.ogg,10454,D374755C7C16A96FCB066A1BD072B7521B42CB81,D:\Sirus\_client\World of Warcraft Sirus\Naga_Extract_2026-10-03\ByArchive\ruRU\patch-ruRU-5.mpq\SOUND\CHARACTER\FOOTSTEPS\FootMedium\MON_Footstep_Naga_Slither03.ogg
1260220,ruRU/patch-ruRU-5.mpq,SOUND\CHARACTER\FOOTSTEPS\FootMedium\MON_Footstep_Naga_Slither04.ogg,11002,29E29E8206AEBC32C511221600E4E1469A21783F,D:\Sirus\_client\World of Warcraft Sirus\Naga_Extract_2026-10-03\ByArchive\ruRU\patch-ruRU-5.mpq\SOUND\CHARACTER\FOOTSTEPS\FootMedium\MON_Footstep_Naga_Slither04.ogg
1260221,ruRU/patch-ruRU-5.mpq,SOUND\CHARACTER\FOOTSTEPS\FootMedium\MON_Footstep_Naga_Slither05.ogg,10674,7A550C4E1CF4C0AD3CE3B63655C272AB2ACB4368,D:\Sirus\_client\World of Warcraft Sirus\Naga_Extract_2026-10-03\ByArchive\ruRU\patch-ruRU-5.mpq\SOUND\CHARACTER\FOOTSTEPS\FootMedium\MON_Footstep_Naga_Slither05.ogg
1260222,ruRU/patch-ruRU-5.mpq,SOUND\CHARACTER\FOOTSTEPS\FootMedium\MON_Footstep_Naga_Slither06.ogg,11132,5A7A06BECB04834AF81C7FBEC6590DA221CF0600,D:\Sirus\_client\World of Warcraft Sirus\Naga_Extract_2026-10-03\ByArchive\ruRU\patch-ruRU-5.mpq\SOUND\CHARACTER\FOOTSTEPS\FootMedium\MON_Footstep_Naga_Slither06.ogg
1260223,ruRU/patch-ruRU-5.mpq,SOUND\CHARACTER\FOOTSTEPS\FootMedium\MON_Footstep_Naga_Slither07.ogg,10709,8668501E2AC96E5B744E5DF6B4F45B6B3F503AB6,D:\Sirus\_client\World of Warcraft Sirus\Naga_Extract_2026-10-03\ByArchive\ruRU\patch-ruRU-5.mpq\SOUND\CHARACTER\FOOTSTEPS\FootMedium\MON_Footstep_Naga_Slither07.ogg
1260224,ruRU/patch-ruRU-5.mpq,SOUND\CHARACTER\FOOTSTEPS\FootMedium\MON_Footstep_Naga_Slither08.ogg,10104,44C4C5AF935A74597F0AEDF8C7BFB7CD45FA8369,D:\Sirus\_client\World of Warcraft Sirus\Naga_Extract_2026-10-03\ByArchive\ruRU\patch-ruRU-5.mpq\SOUND\CHARACTER\FOOTSTEPS\FootMedium\MON_Footstep_Naga_Slither08.ogg
1260225,ruRU/patch-ruRU-5.mpq,SOUND\CHARACTER\FOOTSTEPS\FootMedium\MON_Footstep_Naga_Slither09.ogg,9948,729EF1E7CEF273214CB87D387DF2B5E1362FDD63,D:\Sirus\_client\World of Warcraft Sirus\Naga_Extract_2026-10-03\ByArchive\ruRU\patch-ruRU-5.mpq\SOUND\CHARACTER\FOOTSTEPS\FootMedium\MON_Footstep_Naga_Slither09.ogg
1260226,ruRU/patch-ruRU-5.mpq,SOUND\CHARACTER\FOOTSTEPS\FootMedium\MON_Footstep_Naga_Slither10.ogg,11750,554FCA72F8CE88840C52BA40191216C9AC51F3A0,D:\Sirus\_client\World of Warcraft Sirus\Naga_Extract_2026-10-03\ByArchive\ruRU\patch-ruRU-5.mpq\SOUND\CHARACTER\FOOTSTEPS\FootMedium\MON_Footstep_Naga_Slither10.ogg
1244910,ruRU/patch-ruRU-7.mpq,SOUND\CREATURE\NagaMaleV2\MON_NagaMale_V2_Wound01.ogg,12852,03945270742BB11AB7F4564EA1031FD6A5736506,D:\Sirus\_client\World of Warcraft Sirus\Naga_Extract_2026-10-03\ByArchive\ruRU\patch-ruRU-7.mpq\SOUND\CREATURE\NagaMaleV2\MON_NagaMale_V2_Wound01.ogg
1244911,ruRU/patch-ruRU-7.mpq,SOUND\CREATURE\NagaMaleV2\MON_NagaMale_V2_Wound02.ogg,15529,1AC7F2F55E0DA5C5A2A0F5FE004EAEE7FD35B109,D:\Sirus\_client\World of Warcraft Sirus\Naga_Extract_2026-10-03\ByArchive\ruRU\patch-ruRU-7.mpq\SOUND\CREATURE\NagaMaleV2\MON_NagaMale_V2_Wound02.ogg
1244912,ruRU/patch-ruRU-7.mpq,SOUND\CREATURE\NagaMaleV2\MON_NagaMale_V2_Wound03.ogg,16269,FE800B93F7B8E439C26D361C417F90DDD8CA7B65,D:\Sirus\_client\World of Warcraft Sirus\Naga_Extract_2026-10-03\ByArchive\ruRU\patch-ruRU-7.mpq\SOUND\CREATURE\NagaMaleV2\MON_NagaMale_V2_Wound03.ogg
1244913,ruRU/patch-ruRU-7.mpq,SOUND\CREATURE\NagaMaleV2\MON_NagaMale_V2_Wound04.ogg,16132,BD271D88C59A2466A8617E4072E2DDBDDF6E51C7,D:\Sirus\_client\World of Warcraft Sirus\Naga_Extract_2026-10-03\ByArchive\ruRU\patch-ruRU-7.mpq\SOUND\CREATURE\NagaMaleV2\MON_NagaMale_V2_Wound04.ogg
1244914,ruRU/patch-ruRU-7.mpq,SOUND\CREATURE\NagaMaleV2\MON_NagaMale_V2_Wound05.ogg,12163,FDE55C150DD7877F929835DAD35F12A0061C0FA0,D:\Sirus\_client\World of Warcraft Sirus\Naga_Extract_2026-10-03\ByArchive\ruRU\patch-ruRU-7.mpq\SOUND\CREATURE\NagaMaleV2\MON_NagaMale_V2_Wound05.ogg
1244915,ruRU/patch-ruRU-7.mpq,SOUND\CREATURE\NagaMaleV2\MON_NagaMale_V2_Wound06.ogg,16102,3DEEF1BFC2103244BD4D974AD5995040AAF26110,D:\Sirus\_client\World of Warcraft Sirus\Naga_Extract_2026-10-03\ByArchive\ruRU\patch-ruRU-7.mpq\SOUND\CREATURE\NagaMaleV2\MON_NagaMale_V2_Wound06.ogg
1244916,ruRU/patch-ruRU-7.mpq,SOUND\CREATURE\NagaMaleV2\MON_NagaMale_V2_Wound07.ogg,14990,5382657028EC4140E5FB3C180F50FFF318DD9EDA,D:\Sirus\_client\World of Warcraft Sirus\Naga_Extract_2026-10-03\ByArchive\ruRU\patch-ruRU-7.mpq\SOUND\CREATURE\NagaMaleV2\MON_NagaMale_V2_Wound07.ogg
1244917,ruRU/patch-ruRU-7.mpq,SOUND\CREATURE\NagaMaleV2\MON_NagaMale_V2_Wound08.ogg,15486,99F57A5B28A38C20C3F41E556F61892A4F2A0CCA,D:\Sirus\_client\World of Warcraft Sirus\Naga_Extract_2026-10-03\ByArchive\ruRU\patch-ruRU-7.mpq\SOUND\CREATURE\NagaMaleV2\MON_NagaMale_V2_Wound08.ogg
1244918,ruRU/patch-ruRU-7.mpq,SOUND\CREATURE\NagaMaleV2\MON_NagaMale_V2_Wound09.ogg,15637,A846C3C4AEE1D75376392266A43A034913463EC7,D:\Sirus\_client\World of Warcraft Sirus\Naga_Extract_2026-10-03\ByArchive\ruRU\patch-ruRU-7.mpq\SOUND\CREATURE\NagaMaleV2\MON_NagaMale_V2_Wound09.ogg
1244919,ruRU/patch-ruRU-7.mpq,SOUND\CREATURE\NagaMaleV2\MON_NagaMale_V2_Wound10.ogg,14038,7F1064D711F70D2CE8EF5899866788B9537D7786,D:\Sirus\_client\World of Warcraft Sirus\Naga_Extract_2026-10-03\ByArchive\ruRU\patch-ruRU-7.mpq\SOUND\CREATURE\NagaMaleV2\MON_NagaMale_V2_Wound10.ogg
1244920,ruRU/patch-ruRU-7.mpq,SOUND\CREATURE\NagaMaleV2\MON_NagaMale_V2_WoundCrit01.ogg,17084,A33A353C4E8B1B148A9BC535AFEEFCAE0555AB7F,D:\Sirus\_client\World of Warcraft Sirus\Naga_Extract_2026-10-03\ByArchive\ruRU\patch-ruRU-7.mpq\SOUND\CREATURE\NagaMaleV2\MON_NagaMale_V2_WoundCrit01.ogg
1244921,ruRU/patch-ruRU-7.mpq,SOUND\CREATURE\NagaMaleV2\MON_NagaMale_V2_WoundCrit02.ogg,16118,4957BA522CAB20B29DAF2BA66BCF38701AA90CA0,D:\Sirus\_client\World of Warcraft Sirus\Naga_Extract_2026-10-03\ByArchive\ruRU\patch-ruRU-7.mpq\SOUND\CREATURE\NagaMaleV2\MON_NagaMale_V2_WoundCrit02.ogg
1244922,ruRU/patch-ruRU-7.mpq,SOUND\CREATURE\NagaMaleV2\MON_NagaMale_V2_WoundCrit03.ogg,17492,6B937617CCD6D74447DBB47E1A6D9A32B27F6499,D:\Sirus\_client\World of Warcraft Sirus\Naga_Extract_2026-10-03\ByArchive\ruRU\patch-ruRU-7.mpq\SOUND\CREATURE\NagaMaleV2\MON_NagaMale_V2_WoundCrit03.ogg
1244923,ruRU/patch-ruRU-7.mpq,SOUND\CREATURE\NagaMaleV2\MON_NagaMale_V2_WoundCrit04.ogg,19145,DE24275AA5DCE396180075A3690DACEFE2C6745D,D:\Sirus\_client\World of Warcraft Sirus\Naga_Extract_2026-10-03\ByArchive\ruRU\patch-ruRU-7.mpq\SOUND\CREATURE\NagaMaleV2\MON_NagaMale_V2_WoundCrit04.ogg
1244924,ruRU/patch-ruRU-7.mpq,SOUND\CREATURE\NagaMaleV2\MON_NagaMale_V2_WoundCrit05.ogg,16148,29F3177E58BAF0F7B483A94FB631F4C8C5AE24D5,D:\Sirus\_client\World of Warcraft Sirus\Naga_Extract_2026-10-03\ByArchive\ruRU\patch-ruRU-7.mpq\SOUND\CREATURE\NagaMaleV2\MON_NagaMale_V2_WoundCrit05.ogg
1244925,ruRU/patch-ruRU-7.mpq,SOUND\CREATURE\NagaMaleV2\MON_NagaMale_V2_Aggro01.ogg,17376,9003B0DB0BC4C761D3936D6DA20B2C211B765674,D:\Sirus\_client\World of Warcraft Sirus\Naga_Extract_2026-10-03\ByArchive\ruRU\patch-ruRU-7.mpq\SOUND\CREATURE\NagaMaleV2\MON_NagaMale_V2_Aggro01.ogg
1244926,ruRU/patch-ruRU-7.mpq,SOUND\CREATURE\NagaMaleV2\MON_NagaMale_V2_Aggro02.ogg,16069,CAF5DB33E83A0F33FC55732ED9F9B86CB1A74F9A,D:\Sirus\_client\World of Warcraft Sirus\Naga_Extract_2026-10-03\ByArchive\ruRU\patch-ruRU-7.mpq\SOUND\CREATURE\NagaMaleV2\MON_NagaMale_V2_Aggro02.ogg
1244927,ruRU/patch-ruRU-7.mpq,SOUND\CREATURE\NagaMaleV2\MON_NagaMale_V2_Aggro03.ogg,15772,74D60359DC4EF19289A60B58E6CA4F1604A2FDC9,D:\Sirus\_client\World of Warcraft Sirus\Naga_Extract_2026-10-03\ByArchive\ruRU\patch-ruRU-7.mpq\SOUND\CREATURE\NagaMaleV2\MON_NagaMale_V2_Aggro03.ogg
1244928,ruRU/patch-ruRU-7.mpq,SOUND\CREATURE\NagaMaleV2\MON_NagaMale_V2_Aggro04.ogg,16748,CB87B6E52F5BE5AF9DDD5B78D9B590491EA2EE1B,D:\Sirus\_client\World of Warcraft Sirus\Naga_Extract_2026-10-03\ByArchive\ruRU\patch-ruRU-7.mpq\SOUND\CREATURE\NagaMaleV2\MON_NagaMale_V2_Aggro04.ogg
1244929,ruRU/patch-ruRU-7.mpq,SOUND\CREATURE\NagaMaleV2\MON_NagaMale_V2_Aggro05.ogg,17652,54174D8A455FC670D8B90A3AE6BF44D95813A9DD,D:\Sirus\_client\World of Warcraft Sirus\Naga_Extract_2026-10-03\ByArchive\ruRU\patch-ruRU-7.mpq\SOUND\CREATURE\NagaMaleV2\MON_NagaMale_V2_Aggro05.ogg
1244930,ruRU/patch-ruRU-7.mpq,SOUND\CREATURE\NagaMaleV2\MON_NagaMale_V2_Aggro06.ogg,18799,FBF5834B3D0BB196C81EF79277C89EEE380048A9,D:\Sirus\_client\World of Warcraft Sirus\Naga_Extract_2026-10-03\ByArchive\ruRU\patch-ruRU-7.mpq\SOUND\CREATURE\NagaMaleV2\MON_NagaMale_V2_Aggro06.ogg
1244931,ruRU/patch-ruRU-7.mpq,SOUND\CREATURE\NagaMaleV2\MON_NagaMale_V2_Aggro07.ogg,17032,6A5CC9F941EFAC057FF87EA7B73F792CFDC77F43,D:\Sirus\_client\World of Warcraft Sirus\Naga_Extract_2026-10-03\ByArchive\ruRU\patch-ruRU-7.mpq\SOUND\CREATURE\NagaMaleV2\MON_NagaMale_V2_Aggro07.ogg
1244932,ruRU/patch-ruRU-7.mpq,SOUND\CREATURE\NagaMaleV2\MON_NagaMale_V2_Aggro08.ogg,18536,CB362FE20FAB972C063979804E0D24DBFF40B036,D:\Sirus\_client\World of Warcraft Sirus\Naga_Extract_2026-10-03\ByArchive\ruRU\patch-ruRU-7.mpq\SOUND\CREATURE\NagaMaleV2\MON_NagaMale_V2_Aggro08.ogg
1244933,ruRU/patch-ruRU-7.mpq,SOUND\CREATURE\NagaMaleV2\MON_NagaMale_V2_Attack01.ogg,16965,302055FE7C1E8F8264372111B4D7647EB84A935A,D:\Sirus\_client\World of Warcraft Sirus\Naga_Extract_2026-10-03\ByArchive\ruRU\patch-ruRU-7.mpq\SOUND\CREATURE\NagaMaleV2\MON_NagaMale_V2_Attack01.ogg
1244934,ruRU/patch-ruRU-7.mpq,SOUND\CREATURE\NagaMaleV2\MON_NagaMale_V2_Attack02.ogg,17726,69272FD68C3F85ACDD1352FE37775B6158BC674E,D:\Sirus\_client\World of Warcraft Sirus\Naga_Extract_2026-10-03\ByArchive\ruRU\patch-ruRU-7.mpq\SOUND\CREATURE\NagaMaleV2\MON_NagaMale_V2_Attack02.ogg
1244935,ruRU/patch-ruRU-7.mpq,SOUND\CREATURE\NagaMaleV2\MON_NagaMale_V2_Attack03.ogg,14339,F69B546F205B034D113AB936F463D9DC9C19D5A0,D:\Sirus\_client\World of Warcraft Sirus\Naga_Extract_2026-10-03\ByArchive\ruRU\patch-ruRU-7.mpq\SOUND\CREATURE\NagaMaleV2\MON_NagaMale_V2_Attack03.ogg
1244936,ruRU/patch-ruRU-7.mpq,SOUND\CREATURE\NagaMaleV2\MON_NagaMale_V2_Attack04.ogg,13052,556CDA82F9EF9430CFCC4E025D077CD68AB95331,D:\Sirus\_client\World of Warcraft Sirus\Naga_Extract_2026-10-03\ByArchive\ruRU\patch-ruRU-7.mpq\SOUND\CREATURE\NagaMaleV2\MON_NagaMale_V2_Attack04.ogg
1244937,ruRU/patch-ruRU-7.mpq,SOUND\CREATURE\NagaMaleV2\MON_NagaMale_V2_Attack05.ogg,15901,97274A7973A618C981B6DA3FA27055DE811ECA92,D:\Sirus\_client\World of Warcraft Sirus\Naga_Extract_2026-10-03\ByArchive\ruRU\patch-ruRU-7.mpq\SOUND\CREATURE\NagaMaleV2\MON_NagaMale_V2_Attack05.ogg
1244938,ruRU/patch-ruRU-7.mpq,SOUND\CREATURE\NagaMaleV2\MON_NagaMale_V2_Attack06.ogg,14430,7FC087CF48551745767F52AE115F4A9929E2F708,D:\Sirus\_client\World of Warcraft Sirus\Naga_Extract_2026-10-03\ByArchive\ruRU\patch-ruRU-7.mpq\SOUND\CREATURE\NagaMaleV2\MON_NagaMale_V2_Attack06.ogg
1244939,ruRU/patch-ruRU-7.mpq,SOUND\CREATURE\NagaMaleV2\MON_NagaMale_V2_Attack07.ogg,12119,85F6B473DC67BB2F766B7F00961FAAA7AA38CC76,D:\Sirus\_client\World of Warcraft Sirus\Naga_Extract_2026-10-03\ByArchive\ruRU\patch-ruRU-7.mpq\SOUND\CREATURE\NagaMaleV2\MON_NagaMale_V2_Attack07.ogg
1244940,ruRU/patch-ruRU-7.mpq,SOUND\CREATURE\NagaMaleV2\MON_NagaMale_V2_Attack08.ogg,12191,36E66863A03F3732F086CCE1CB7EB12D7CC97C77,D:\Sirus\_client\World of Warcraft Sirus\Naga_Extract_2026-10-03\ByArchive\ruRU\patch-ruRU-7.mpq\SOUND\CREATURE\NagaMaleV2\MON_NagaMale_V2_Attack08.ogg
1244941,ruRU/patch-ruRU-7.mpq,SOUND\CREATURE\NagaMaleV2\MON_NagaMale_V2_Attack09.ogg,17936,E60EF8BF801F91F010850114DE9E42CAA3D3088D,D:\Sirus\_client\World of Warcraft Sirus\Naga_Extract_2026-10-03\ByArchive\ruRU\patch-ruRU-7.mpq\SOUND\CREATURE\NagaMaleV2\MON_NagaMale_V2_Attack09.ogg
1244942,ruRU/patch-ruRU-7.mpq,SOUND\CREATURE\NagaMaleV2\MON_NagaMale_V2_Attack10.ogg,13210,333098F440112A129C5093A00F169A0E90F65C55,D:\Sirus\_client\World of Warcraft Sirus\Naga_Extract_2026-10-03\ByArchive\ruRU\patch-ruRU-7.mpq\SOUND\CREATURE\NagaMaleV2\MON_NagaMale_V2_Attack10.ogg
1244943,ruRU/patch-ruRU-7.mpq,SOUND\CREATURE\NagaMaleV2\MON_NagaMale_V2_AttackCrit01.ogg,15835,FDBEB7118C99393D587319EABFA707472DF8B741,D:\Sirus\_client\World of Warcraft Sirus\Naga_Extract_2026-10-03\ByArchive\ruRU\patch-ruRU-7.mpq\SOUND\CREATURE\NagaMaleV2\MON_NagaMale_V2_AttackCrit01.ogg
1244944,ruRU/patch-ruRU-7.mpq,SOUND\CREATURE\NagaMaleV2\MON_NagaMale_V2_AttackCrit02.ogg,18357,7D59C48D4F98DCF0E223F5D3C939F7B6BCB7AF5F,D:\Sirus\_client\World of Warcraft Sirus\Naga_Extract_2026-10-03\ByArchive\ruRU\patch-ruRU-7.mpq\SOUND\CREATURE\NagaMaleV2\MON_NagaMale_V2_AttackCrit02.ogg
1244945,ruRU/patch-ruRU-7.mpq,SOUND\CREATURE\NagaMaleV2\MON_NagaMale_V2_AttackCrit03.ogg,18328,52CCA927037FD3A21AD1A33426DCE89702C8D93A,D:\Sirus\_client\World of Warcraft Sirus\Naga_Extract_2026-10-03\ByArchive\ruRU\patch-ruRU-7.mpq\SOUND\CREATURE\NagaMaleV2\MON_NagaMale_V2_AttackCrit03.ogg
1244946,ruRU/patch-ruRU-7.mpq,SOUND\CREATURE\NagaMaleV2\MON_NagaMale_V2_AttackCrit04.ogg,17252,E2661CA6478D3920BF38F3871F8E47850F86B6A8,D:\Sirus\_client\World of Warcraft Sirus\Naga_Extract_2026-10-03\ByArchive\ruRU\patch-ruRU-7.mpq\SOUND\CREATURE\NagaMaleV2\MON_NagaMale_V2_AttackCrit04.ogg
1244947,ruRU/patch-ruRU-7.mpq,SOUND\CREATURE\NagaMaleV2\MON_NagaMale_V2_AttackCrit05.ogg,16581,1E515E73E76A9185AB0B1705CA70205EADD7915E,D:\Sirus\_client\World of Warcraft Sirus\Naga_Extract_2026-10-03\ByArchive\ruRU\patch-ruRU-7.mpq\SOUND\CREATURE\NagaMaleV2\MON_NagaMale_V2_AttackCrit05.ogg
1244948,ruRU/patch-ruRU-7.mpq,SOUND\CREATURE\NagaMaleV2\MON_NagaMale_V2_Death01.ogg,24926,7BEFC005946AC128290BEACD9AB8EEE607F13E3D,D:\Sirus\_client\World of Warcraft Sirus\Naga_Extract_2026-10-03\ByArchive\ruRU\patch-ruRU-7.mpq\SOUND\CREATURE\NagaMaleV2\MON_NagaMale_V2_Death01.ogg
1244949,ruRU/patch-ruRU-7.mpq,SOUND\CREATURE\NagaMaleV2\MON_NagaMale_V2_Death02.ogg,21573,472183A3854B567B40B9BF9F9AF5CC168259DF16,D:\Sirus\_client\World of Warcraft Sirus\Naga_Extract_2026-10-03\ByArchive\ruRU\patch-ruRU-7.mpq\SOUND\CREATURE\NagaMaleV2\MON_NagaMale_V2_Death02.ogg
1244950,ruRU/patch-ruRU-7.mpq,SOUND\CREATURE\NagaMaleV2\MON_NagaMale_V2_Death03.ogg,25254,EC69B5FF47BF239D7F9759089885ACD834D42E60,D:\Sirus\_client\World of Warcraft Sirus\Naga_Extract_2026-10-03\ByArchive\ruRU\patch-ruRU-7.mpq\SOUND\CREATURE\NagaMaleV2\MON_NagaMale_V2_Death03.ogg
1244951,ruRU/patch-ruRU-7.mpq,SOUND\CREATURE\NagaMaleV2\MON_NagaMale_V2_Death04.ogg,21902,CC27827663EA0D397841301904F16EBEAB509186,D:\Sirus\_client\World of Warcraft Sirus\Naga_Extract_2026-10-03\ByArchive\ruRU\patch-ruRU-7.mpq\SOUND\CREATURE\NagaMaleV2\MON_NagaMale_V2_Death04.ogg
1244952,ruRU/patch-ruRU-7.mpq,SOUND\CREATURE\NagaMaleV2\MON_NagaMale_V2_Death05.ogg,21494,07BBB7D1EFE9520D5A695A376326AED7C25F4D2E,D:\Sirus\_client\World of Warcraft Sirus\Naga_Extract_2026-10-03\ByArchive\ruRU\patch-ruRU-7.mpq\SOUND\CREATURE\NagaMaleV2\MON_NagaMale_V2_Death05.ogg
1244953,ruRU/patch-ruRU-7.mpq,SOUND\CREATURE\NagaMaleV2\MON_NagaMale_V2_Death06.ogg,17254,AEA44D751E4B6D158B8559B4A27597750D5FEED6,D:\Sirus\_client\World of Warcraft Sirus\Naga_Extract_2026-10-03\ByArchive\ruRU\patch-ruRU-7.mpq\SOUND\CREATURE\NagaMaleV2\MON_NagaMale_V2_Death06.ogg
1244954,ruRU/patch-ruRU-7.mpq,SOUND\CREATURE\NagaMaleV2\MON_NagaMale_V2_Death07.ogg,18488,2613221D716587B8159657E2C6E69F09202FD4DD,D:\Sirus\_client\World of Warcraft Sirus\Naga_Extract_2026-10-03\ByArchive\ruRU\patch-ruRU-7.mpq\SOUND\CREATURE\NagaMaleV2\MON_NagaMale_V2_Death07.ogg
1244955,ruRU/patch-ruRU-7.mpq,SOUND\CREATURE\NagaMaleV2\MON_NagaMale_V2_Death08.ogg,24832,29E61F3CB6058C7972E5F8524C5CE5A7385B78B1,D:\Sirus\_client\World of Warcraft Sirus\Naga_Extract_2026-10-03\ByArchive\ruRU\patch-ruRU-7.mpq\SOUND\CREATURE\NagaMaleV2\MON_NagaMale_V2_Death08.ogg
1244956,ruRU/patch-ruRU-7.mpq,SOUND\CREATURE\NagaMaleV2\MON_NagaMale_V2_Death09.ogg,20719,7E10F8297463BE2B84E3C82AC5AA7A5F9B64E9F4,D:\Sirus\_client\World of Warcraft Sirus\Naga_Extract_2026-10-03\ByArchive\ruRU\patch-ruRU-7.mpq\SOUND\CREATURE\NagaMaleV2\MON_NagaMale_V2_Death09.ogg
1244957,ruRU/patch-ruRU-7.mpq,SOUND\CREATURE\NagaMaleV2\MON_NagaMale_V2_Death10.ogg,20422,C535E7FD6FE72F89E8D075AE6F16502E1B4F4A28,D:\Sirus\_client\World of Warcraft Sirus\Naga_Extract_2026-10-03\ByArchive\ruRU\patch-ruRU-7.mpq\SOUND\CREATURE\NagaMaleV2\MON_NagaMale_V2_Death10.ogg
1244958,ruRU/patch-ruRU-7.mpq,SOUND\CREATURE\NagaMaleV2\MON_NagaMale_V2_PreAggro01.ogg,18235,A1E90FFEC5BF901D99F00ACCC2DAA5D40626BA05,D:\Sirus\_client\World of Warcraft Sirus\Naga_Extract_2026-10-03\ByArchive\ruRU\patch-ruRU-7.mpq\SOUND\CREATURE\NagaMaleV2\MON_NagaMale_V2_PreAggro01.ogg
1244959,ruRU/patch-ruRU-7.mpq,SOUND\CREATURE\NagaMaleV2\MON_NagaMale_V2_PreAggro02.ogg,17107,A5E3AE70C0CECA2FE023E63500EFE692B69E44BE,D:\Sirus\_client\World of Warcraft Sirus\Naga_Extract_2026-10-03\ByArchive\ruRU\patch-ruRU-7.mpq\SOUND\CREATURE\NagaMaleV2\MON_NagaMale_V2_PreAggro02.ogg
1244960,ruRU/patch-ruRU-7.mpq,SOUND\CREATURE\NagaMaleV2\MON_NagaMale_V2_PreAggro03.ogg,16355,30BF4A24E8D2FBA932A5109616D0016B8274F48C,D:\Sirus\_client\World of Warcraft Sirus\Naga_Extract_2026-10-03\ByArchive\ruRU\patch-ruRU-7.mpq\SOUND\CREATURE\NagaMaleV2\MON_NagaMale_V2_PreAggro03.ogg
1244961,ruRU/patch-ruRU-7.mpq,SOUND\CREATURE\NagaMaleV2\MON_NagaMale_V2_PreAggro04.ogg,17687,A164EE5AE271D264CD5919D07FF8549E45A7C755,D:\Sirus\_client\World of Warcraft Sirus\Naga_Extract_2026-10-03\ByArchive\ruRU\patch-ruRU-7.mpq\SOUND\CREATURE\NagaMaleV2\MON_NagaMale_V2_PreAggro04.ogg
1244962,ruRU/patch-ruRU-7.mpq,SOUND\CREATURE\NagaMaleV2\MON_NagaMale_V2_PreAggro05.ogg,24114,098613E15793EC779553CA7F1EF28CBC01352655,D:\Sirus\_client\World of Warcraft Sirus\Naga_Extract_2026-10-03\ByArchive\ruRU\patch-ruRU-7.mpq\SOUND\CREATURE\NagaMaleV2\MON_NagaMale_V2_PreAggro05.ogg
1269105,ruRU/patch-ruRU-7.mpq,SOUND\CREATURE\NagaFemaleV2\MON_NagaFemale_V2_Aggro01.ogg,15534,4158D15A816D88723BDD7BCB75B91D3BE9F8888F,D:\Sirus\_client\World of Warcraft Sirus\Naga_Extract_2026-10-03\ByArchive\ruRU\patch-ruRU-7.mpq\SOUND\CREATURE\NagaFemaleV2\MON_NagaFemale_V2_Aggro01.ogg
1269106,ruRU/patch-ruRU-7.mpq,SOUND\CREATURE\NagaFemaleV2\MON_NagaFemale_V2_Aggro02.ogg,15500,1F1FA5BACF1E9F4907C494AAB4653D1983B63798,D:\Sirus\_client\World of Warcraft Sirus\Naga_Extract_2026-10-03\ByArchive\ruRU\patch-ruRU-7.mpq\SOUND\CREATURE\NagaFemaleV2\MON_NagaFemale_V2_Aggro02.ogg
1269107,ruRU/patch-ruRU-7.mpq,SOUND\CREATURE\NagaFemaleV2\MON_NagaFemale_V2_Aggro03.ogg,13933,4B22818630FC75EC9A39EF81A0AA8298D1B444F6,D:\Sirus\_client\World of Warcraft Sirus\Naga_Extract_2026-10-03\ByArchive\ruRU\patch-ruRU-7.mpq\SOUND\CREATURE\NagaFemaleV2\MON_NagaFemale_V2_Aggro03.ogg
1269108,ruRU/patch-ruRU-7.mpq,SOUND\CREATURE\NagaFemaleV2\MON_NagaFemale_V2_Aggro04.ogg,18012,37DD2B8FA31FDCF37F3F5B4B5A088B9D7BC4E237,D:\Sirus\_client\World of Warcraft Sirus\Naga_Extract_2026-10-03\ByArchive\ruRU\patch-ruRU-7.mpq\SOUND\CREATURE\NagaFemaleV2\MON_NagaFemale_V2_Aggro04.ogg
1269109,ruRU/patch-ruRU-7.mpq,SOUND\CREATURE\NagaFemaleV2\MON_NagaFemale_V2_Attack01.ogg,12425,92FDC86B38818C3DC3C42D101A85196D08ED02CA,D:\Sirus\_client\World of Warcraft Sirus\Naga_Extract_2026-10-03\ByArchive\ruRU\patch-ruRU-7.mpq\SOUND\CREATURE\NagaFemaleV2\MON_NagaFemale_V2_Attack01.ogg
1269110,ruRU/patch-ruRU-7.mpq,SOUND\CREATURE\NagaFemaleV2\MON_NagaFemale_V2_Attack02.ogg,12320,46AF444398DCB8F9D457A7753A96DE67C7E3E0F2,D:\Sirus\_client\World of Warcraft Sirus\Naga_Extract_2026-10-03\ByArchive\ruRU\patch-ruRU-7.mpq\SOUND\CREATURE\NagaFemaleV2\MON_NagaFemale_V2_Attack02.ogg
1269111,ruRU/patch-ruRU-7.mpq,SOUND\CREATURE\NagaFemaleV2\MON_NagaFemale_V2_Attack03.ogg,13903,DC6657471C1F86BBE8857B6561B9E176874CA97B,D:\Sirus\_client\World of Warcraft Sirus\Naga_Extract_2026-10-03\ByArchive\ruRU\patch-ruRU-7.mpq\SOUND\CREATURE\NagaFemaleV2\MON_NagaFemale_V2_Attack03.ogg
1269112,ruRU/patch-ruRU-7.mpq,SOUND\CREATURE\NagaFemaleV2\MON_NagaFemale_V2_Attack04.ogg,14805,A30985D695CC2F0BB29E9DDE8457EC2528FD9974,D:\Sirus\_client\World of Warcraft Sirus\Naga_Extract_2026-10-03\ByArchive\ruRU\patch-ruRU-7.mpq\SOUND\CREATURE\NagaFemaleV2\MON_NagaFemale_V2_Attack04.ogg
1269113,ruRU/patch-ruRU-7.mpq,SOUND\CREATURE\NagaFemaleV2\MON_NagaFemale_V2_Attack05.ogg,12698,2CB1CEDF07A327167EF85A5FEFB504834EBD8F59,D:\Sirus\_client\World of Warcraft Sirus\Naga_Extract_2026-10-03\ByArchive\ruRU\patch-ruRU-7.mpq\SOUND\CREATURE\NagaFemaleV2\MON_NagaFemale_V2_Attack05.ogg
1269114,ruRU/patch-ruRU-7.mpq,SOUND\CREATURE\NagaFemaleV2\MON_NagaFemale_V2_Attack06.ogg,13974,5A52982E0A2A6AE41DBAA48D946BA98A970EFCC9,D:\Sirus\_client\World of Warcraft Sirus\Naga_Extract_2026-10-03\ByArchive\ruRU\patch-ruRU-7.mpq\SOUND\CREATURE\NagaFemaleV2\MON_NagaFemale_V2_Attack06.ogg
1269115,ruRU/patch-ruRU-7.mpq,SOUND\CREATURE\NagaFemaleV2\MON_NagaFemale_V2_Attack07.ogg,13063,FEF55565AC6099803BB485C54A3E66F97E439B53,D:\Sirus\_client\World of Warcraft Sirus\Naga_Extract_2026-10-03\ByArchive\ruRU\patch-ruRU-7.mpq\SOUND\CREATURE\NagaFemaleV2\MON_NagaFemale_V2_Attack07.ogg
1269116,ruRU/patch-ruRU-7.mpq,SOUND\CREATURE\NagaFemaleV2\MON_NagaFemale_V2_Attack08.ogg,12914,10A7C7727536E2E594AD0744025792CD4CB7D0C5,D:\Sirus\_client\World of Warcraft Sirus\Naga_Extract_2026-10-03\ByArchive\ruRU\patch-ruRU-7.mpq\SOUND\CREATURE\NagaFemaleV2\MON_NagaFemale_V2_Attack08.ogg
1269117,ruRU/patch-ruRU-7.mpq,SOUND\CREATURE\NagaFemaleV2\MON_NagaFemale_V2_Attack09.ogg,15927,6C32611BC5247B393E96F4B3A20206B269CBE022,D:\Sirus\_client\World of Warcraft Sirus\Naga_Extract_2026-10-03\ByArchive\ruRU\patch-ruRU-7.mpq\SOUND\CREATURE\NagaFemaleV2\MON_NagaFemale_V2_Attack09.ogg
1269118,ruRU/patch-ruRU-7.mpq,SOUND\CREATURE\NagaFemaleV2\MON_NagaFemale_V2_Attack10.ogg,16306,C1EDA82356FC0DB43D19590F7226D6B9F24CF3A3,D:\Sirus\_client\World of Warcraft Sirus\Naga_Extract_2026-10-03\ByArchive\ruRU\patch-ruRU-7.mpq\SOUND\CREATURE\NagaFemaleV2\MON_NagaFemale_V2_Attack10.ogg
1269119,ruRU/patch-ruRU-7.mpq,SOUND\CREATURE\NagaFemaleV2\MON_NagaFemale_V2_AttackCrit01.ogg,15939,A3F4B66C47A1B67AAE49F33A5C5E2EAE6029A25F,D:\Sirus\_client\World of Warcraft Sirus\Naga_Extract_2026-10-03\ByArchive\ruRU\patch-ruRU-7.mpq\SOUND\CREATURE\NagaFemaleV2\MON_NagaFemale_V2_AttackCrit01.ogg
1269120,ruRU/patch-ruRU-7.mpq,SOUND\CREATURE\NagaFemaleV2\MON_NagaFemale_V2_AttackCrit02.ogg,16372,E97C8F0F35DB57B524CBD99C90CF8B0AB7480D81,D:\Sirus\_client\World of Warcraft Sirus\Naga_Extract_2026-10-03\ByArchive\ruRU\patch-ruRU-7.mpq\SOUND\CREATURE\NagaFemaleV2\MON_NagaFemale_V2_AttackCrit02.ogg
1269121,ruRU/patch-ruRU-7.mpq,SOUND\CREATURE\NagaFemaleV2\MON_NagaFemale_V2_AttackCrit03.ogg,16609,1A2552216E32F459C26B30C6B919D083D750840E,D:\Sirus\_client\World of Warcraft Sirus\Naga_Extract_2026-10-03\ByArchive\ruRU\patch-ruRU-7.mpq\SOUND\CREATURE\NagaFemaleV2\MON_NagaFemale_V2_AttackCrit03.ogg
1269122,ruRU/patch-ruRU-7.mpq,SOUND\CREATURE\NagaFemaleV2\MON_NagaFemale_V2_AttackCrit04.ogg,15430,3FCEA208E3481404E2061C04E72740B92CC5726E,D:\Sirus\_client\World of Warcraft Sirus\Naga_Extract_2026-10-03\ByArchive\ruRU\patch-ruRU-7.mpq\SOUND\CREATURE\NagaFemaleV2\MON_NagaFemale_V2_AttackCrit04.ogg
1269123,ruRU/patch-ruRU-7.mpq,SOUND\CREATURE\NagaFemaleV2\MON_NagaFemale_V2_AttackCrit05.ogg,13836,4A2F6C7FA970BEA66671F28890DE7A43ED328392,D:\Sirus\_client\World of Warcraft Sirus\Naga_Extract_2026-10-03\ByArchive\ruRU\patch-ruRU-7.mpq\SOUND\CREATURE\NagaFemaleV2\MON_NagaFemale_V2_AttackCrit05.ogg
1269124,ruRU/patch-ruRU-7.mpq,SOUND\CREATURE\NagaFemaleV2\MON_NagaFemale_V2_BattleRoar01.ogg,17512,6F424824FB37DAFE74EEC1947011375ADAF1DBD6,D:\Sirus\_client\World of Warcraft Sirus\Naga_Extract_2026-10-03\ByArchive\ruRU\patch-ruRU-7.mpq\SOUND\CREATURE\NagaFemaleV2\MON_NagaFemale_V2_BattleRoar01.ogg
1269125,ruRU/patch-ruRU-7.mpq,SOUND\CREATURE\NagaFemaleV2\MON_NagaFemale_V2_BattleRoar02.ogg,19450,E103927A1A9AC0A499DB65264C0AF8C494C9CCFF,D:\Sirus\_client\World of Warcraft Sirus\Naga_Extract_2026-10-03\ByArchive\ruRU\patch-ruRU-7.mpq\SOUND\CREATURE\NagaFemaleV2\MON_NagaFemale_V2_BattleRoar02.ogg
1269126,ruRU/patch-ruRU-7.mpq,SOUND\CREATURE\NagaFemaleV2\MON_NagaFemale_V2_BattleRoar03.ogg,20463,1F53DDF315CFD4E2A45D2C9207C8F1263BFC46D1,D:\Sirus\_client\World of Warcraft Sirus\Naga_Extract_2026-10-03\ByArchive\ruRU\patch-ruRU-7.mpq\SOUND\CREATURE\NagaFemaleV2\MON_NagaFemale_V2_BattleRoar03.ogg
1269127,ruRU/patch-ruRU-7.mpq,SOUND\CREATURE\NagaFemaleV2\MON_NagaFemale_V2_BattleRoar04.ogg,19619,152E9AB0644575998AD082514C1FB6F70EA2EABB,D:\Sirus\_client\World of Warcraft Sirus\Naga_Extract_2026-10-03\ByArchive\ruRU\patch-ruRU-7.mpq\SOUND\CREATURE\NagaFemaleV2\MON_NagaFemale_V2_BattleRoar04.ogg
1269128,ruRU/patch-ruRU-7.mpq,SOUND\CREATURE\NagaFemaleV2\MON_NagaFemale_V2_Death01.ogg,27290,C60C6F043F145344EDB50DCBDD278A99BC912FF3,D:\Sirus\_client\World of Warcraft Sirus\Naga_Extract_2026-10-03\ByArchive\ruRU\patch-ruRU-7.mpq\SOUND\CREATURE\NagaFemaleV2\MON_NagaFemale_V2_Death01.ogg
1269129,ruRU/patch-ruRU-7.mpq,SOUND\CREATURE\NagaFemaleV2\MON_NagaFemale_V2_Death02.ogg,24487,048CBEAD25FB56C75921B92E50F442D83A138060,D:\Sirus\_client\World of Warcraft Sirus\Naga_Extract_2026-10-03\ByArchive\ruRU\patch-ruRU-7.mpq\SOUND\CREATURE\NagaFemaleV2\MON_NagaFemale_V2_Death02.ogg
1269130,ruRU/patch-ruRU-7.mpq,SOUND\CREATURE\NagaFemaleV2\MON_NagaFemale_V2_Death03.ogg,27010,20515168193C7F47EB2FC1445137F6FD699F3F75,D:\Sirus\_client\World of Warcraft Sirus\Naga_Extract_2026-10-03\ByArchive\ruRU\patch-ruRU-7.mpq\SOUND\CREATURE\NagaFemaleV2\MON_NagaFemale_V2_Death03.ogg
1269131,ruRU/patch-ruRU-7.mpq,SOUND\CREATURE\NagaFemaleV2\MON_NagaFemale_V2_Death04.ogg,21551,1325217F9A95581C375BF6C0A7FD033CE225DA1B,D:\Sirus\_client\World of Warcraft Sirus\Naga_Extract_2026-10-03\ByArchive\ruRU\patch-ruRU-7.mpq\SOUND\CREATURE\NagaFemaleV2\MON_NagaFemale_V2_Death04.ogg
1269132,ruRU/patch-ruRU-7.mpq,SOUND\CREATURE\NagaFemaleV2\MON_NagaFemale_V2_Death05.ogg,20586,C68208D2901AF57D0D15287C65B31872A62ADE16,D:\Sirus\_client\World of Warcraft Sirus\Naga_Extract_2026-10-03\ByArchive\ruRU\patch-ruRU-7.mpq\SOUND\CREATURE\NagaFemaleV2\MON_NagaFemale_V2_Death05.ogg
1269133,ruRU/patch-ruRU-7.mpq,SOUND\CREATURE\NagaFemaleV2\MON_NagaFemale_V2_PreAggro01.ogg,12139,2EF2466B69E3B61EDD01E03C01EEA72AB470C3F2,D:\Sirus\_client\World of Warcraft Sirus\Naga_Extract_2026-10-03\ByArchive\ruRU\patch-ruRU-7.mpq\SOUND\CREATURE\NagaFemaleV2\MON_NagaFemale_V2_PreAggro01.ogg
1269134,ruRU/patch-ruRU-7.mpq,SOUND\CREATURE\NagaFemaleV2\MON_NagaFemale_V2_PreAggro02.ogg,15117,291227F3A1604AEEC68D615113D256D1EF9A6CBC,D:\Sirus\_client\World of Warcraft Sirus\Naga_Extract_2026-10-03\ByArchive\ruRU\patch-ruRU-7.mpq\SOUND\CREATURE\NagaFemaleV2\MON_NagaFemale_V2_PreAggro02.ogg
1269135,ruRU/patch-ruRU-7.mpq,SOUND\CREATURE\NagaFemaleV2\MON_NagaFemale_V2_PreAggro03.ogg,12311,1A40D51529F273148A009E0632F10BC140F87EB2,D:\Sirus\_client\World of Warcraft Sirus\Naga_Extract_2026-10-03\ByArchive\ruRU\patch-ruRU-7.mpq\SOUND\CREATURE\NagaFemaleV2\MON_NagaFemale_V2_PreAggro03.ogg
1269136,ruRU/patch-ruRU-7.mpq,SOUND\CREATURE\NagaFemaleV2\MON_NagaFemale_V2_Wound01.ogg,11028,A4189CFC03E2A03DEF43218178A75C34BD9E51A8,D:\Sirus\_client\World of Warcraft Sirus\Naga_Extract_2026-10-03\ByArchive\ruRU\patch-ruRU-7.mpq\SOUND\CREATURE\NagaFemaleV2\MON_NagaFemale_V2_Wound01.ogg
1269137,ruRU/patch-ruRU-7.mpq,SOUND\CREATURE\NagaFemaleV2\MON_NagaFemale_V2_Wound02.ogg,11319,1D9E459824BC99925497B003454AD616AA90B8D2,D:\Sirus\_client\World of Warcraft Sirus\Naga_Extract_2026-10-03\ByArchive\ruRU\patch-ruRU-7.mpq\SOUND\CREATURE\NagaFemaleV2\MON_NagaFemale_V2_Wound02.ogg
1269138,ruRU/patch-ruRU-7.mpq,SOUND\CREATURE\NagaFemaleV2\MON_NagaFemale_V2_Wound03.ogg,11559,FAFCFD9F474C4520D18C8E9BB55D2ABB70576E52,D:\Sirus\_client\World of Warcraft Sirus\Naga_Extract_2026-10-03\ByArchive\ruRU\patch-ruRU-7.mpq\SOUND\CREATURE\NagaFemaleV2\MON_NagaFemale_V2_Wound03.ogg
1269139,ruRU/patch-ruRU-7.mpq,SOUND\CREATURE\NagaFemaleV2\MON_NagaFemale_V2_Wound04.ogg,12608,5681C688B944310AAF269B82BE08673FE8CECD74,D:\Sirus\_client\World of Warcraft Sirus\Naga_Extract_2026-10-03\ByArchive\ruRU\patch-ruRU-7.mpq\SOUND\CREATURE\NagaFemaleV2\MON_NagaFemale_V2_Wound04.ogg
1269140,ruRU/patch-ruRU-7.mpq,SOUND\CREATURE\NagaFemaleV2\MON_NagaFemale_V2_Wound05.ogg,12183,B557A465A3540904AAC1756CBF07FB23E4E1DC9D,D:\Sirus\_client\World of Warcraft Sirus\Naga_Extract_2026-10-03\ByArchive\ruRU\patch-ruRU-7.mpq\SOUND\CREATURE\NagaFemaleV2\MON_NagaFemale_V2_Wound05.ogg
1269141,ruRU/patch-ruRU-7.mpq,SOUND\CREATURE\NagaFemaleV2\MON_NagaFemale_V2_Wound06.ogg,14302,C0D43CDFD993D59169BF5B3D9EEE41B8BA346932,D:\Sirus\_client\World of Warcraft Sirus\Naga_Extract_2026-10-03\ByArchive\ruRU\patch-ruRU-7.mpq\SOUND\CREATURE\NagaFemaleV2\MON_NagaFemale_V2_Wound06.ogg
1269142,ruRU/patch-ruRU-7.mpq,SOUND\CREATURE\NagaFemaleV2\MON_NagaFemale_V2_Wound07.ogg,10762,B988D49F0AE47D20135BEBDC752F5DC27BF27555,D:\Sirus\_client\World of Warcraft Sirus\Naga_Extract_2026-10-03\ByArchive\ruRU\patch-ruRU-7.mpq\SOUND\CREATURE\NagaFemaleV2\MON_NagaFemale_V2_Wound07.ogg
1269143,ruRU/patch-ruRU-7.mpq,SOUND\CREATURE\NagaFemaleV2\MON_NagaFemale_V2_Wound08.ogg,14334,E0AB93D1F118C892EE9AE1CC34E2DAD06FDA6EBC,D:\Sirus\_client\World of Warcraft Sirus\Naga_Extract_2026-10-03\ByArchive\ruRU\patch-ruRU-7.mpq\SOUND\CREATURE\NagaFemaleV2\MON_NagaFemale_V2_Wound08.ogg
1269144,ruRU/patch-ruRU-7.mpq,SOUND\CREATURE\NagaFemaleV2\MON_NagaFemale_V2_Wound09.ogg,12466,3D9920BC5D910C0347B3071A758E94E66598FD30,D:\Sirus\_client\World of Warcraft Sirus\Naga_Extract_2026-10-03\ByArchive\ruRU\patch-ruRU-7.mpq\SOUND\CREATURE\NagaFemaleV2\MON_NagaFemale_V2_Wound09.ogg
1269145,ruRU/patch-ruRU-7.mpq,SOUND\CREATURE\NagaFemaleV2\MON_NagaFemale_V2_Wound10.ogg,11788,10AF707C99F237C4373BCF199B9D0F5D3A5E75AD,D:\Sirus\_client\World of Warcraft Sirus\Naga_Extract_2026-10-03\ByArchive\ruRU\patch-ruRU-7.mpq\SOUND\CREATURE\NagaFemaleV2\MON_NagaFemale_V2_Wound10.ogg
1269146,ruRU/patch-ruRU-7.mpq,SOUND\CREATURE\NagaFemaleV2\MON_NagaFemale_V2_WoundCrit01.ogg,13534,5394F5CA9AE83E3DD1963F322B40C0124355ED86,D:\Sirus\_client\World of Warcraft Sirus\Naga_Extract_2026-10-03\ByArchive\ruRU\patch-ruRU-7.mpq\SOUND\CREATURE\NagaFemaleV2\MON_NagaFemale_V2_WoundCrit01.ogg
1269147,ruRU/patch-ruRU-7.mpq,SOUND\CREATURE\NagaFemaleV2\MON_NagaFemale_V2_WoundCrit02.ogg,15683,1584BD7E402301D7135738FABB79603A4B313C6D,D:\Sirus\_client\World of Warcraft Sirus\Naga_Extract_2026-10-03\ByArchive\ruRU\patch-ruRU-7.mpq\SOUND\CREATURE\NagaFemaleV2\MON_NagaFemale_V2_WoundCrit02.ogg
1269148,ruRU/patch-ruRU-7.mpq,SOUND\CREATURE\NagaFemaleV2\MON_NagaFemale_V2_WoundCrit03.ogg,16421,05102883265A2B136E4797D5117855CEACED8F01,D:\Sirus\_client\World of Warcraft Sirus\Naga_Extract_2026-10-03\ByArchive\ruRU\patch-ruRU-7.mpq\SOUND\CREATURE\NagaFemaleV2\MON_NagaFemale_V2_WoundCrit03.ogg
1269149,ruRU/patch-ruRU-7.mpq,SOUND\CREATURE\NagaFemaleV2\MON_NagaFemale_V2_WoundCrit04.ogg,15782,D074017D446C4A8D36C79C23BA080B2CE92C83F9,D:\Sirus\_client\World of Warcraft Sirus\Naga_Extract_2026-10-03\ByArchive\ruRU\patch-ruRU-7.mpq\SOUND\CREATURE\NagaFemaleV2\MON_NagaFemale_V2_WoundCrit04.ogg
1269150,ruRU/patch-ruRU-7.mpq,SOUND\CREATURE\NagaFemaleV2\MON_NagaFemale_V2_WoundCrit05.ogg,15821,07E069D31F78E859DFE6E5C9CC3EF2907350D35E,D:\Sirus\_client\World of Warcraft Sirus\Naga_Extract_2026-10-03\ByArchive\ruRU\patch-ruRU-7.mpq\SOUND\CREATURE\NagaFemaleV2\MON_NagaFemale_V2_WoundCrit05.ogg
2912553,ruRU/patch-ruRU-7.mpq,sound\creature\nagacentaur\mon_82_nagacentaur_aggro_01.ogg,22370,B8394EA20285B6F8D81FFC3167C6EE70457A5B99,D:\Sirus\_client\World of Warcraft Sirus\Naga_Extract_2026-10-03\ByArchive\ruRU\patch-ruRU-7.mpq\sound\creature\nagacentaur\mon_82_nagacentaur_aggro_01.ogg
2912555,ruRU/patch-ruRU-7.mpq,sound\creature\nagacentaur\mon_82_nagacentaur_aggro_02.ogg,20096,18750FF60FB86A1C271C837ECD1712872C423C2A,D:\Sirus\_client\World of Warcraft Sirus\Naga_Extract_2026-10-03\ByArchive\ruRU\patch-ruRU-7.mpq\sound\creature\nagacentaur\mon_82_nagacentaur_aggro_02.ogg
2912556,ruRU/patch-ruRU-7.mpq,sound\creature\nagacentaur\mon_82_nagacentaur_aggro_03.ogg,20601,EB7A704260637CFD59B50389735E4E64C670FF9F,D:\Sirus\_client\World of Warcraft Sirus\Naga_Extract_2026-10-03\ByArchive\ruRU\patch-ruRU-7.mpq\sound\creature\nagacentaur\mon_82_nagacentaur_aggro_03.ogg
2912557,ruRU/patch-ruRU-7.mpq,sound\creature\nagacentaur\mon_82_nagacentaur_aggro_04.ogg,20233,03D9197223347C4DCD8242B4AF8349984F70EB2A,D:\Sirus\_client\World of Warcraft Sirus\Naga_Extract_2026-10-03\ByArchive\ruRU\patch-ruRU-7.mpq\sound\creature\nagacentaur\mon_82_nagacentaur_aggro_04.ogg
2912558,ruRU/patch-ruRU-7.mpq,sound\creature\nagacentaur\mon_82_nagacentaur_aggro_05.ogg,19495,E8C1BC9AFC6163321B090D5DD5D99A96162FA018,D:\Sirus\_client\World of Warcraft Sirus\Naga_Extract_2026-10-03\ByArchive\ruRU\patch-ruRU-7.mpq\sound\creature\nagacentaur\mon_82_nagacentaur_aggro_05.ogg
2912559,ruRU/patch-ruRU-7.mpq,sound\creature\nagacentaur\mon_82_nagacentaur_attackcrit_01.ogg,17772,BB9245946DFEF20F228A3AB5AE4EADC95C3FFEA3,D:\Sirus\_client\World of Warcraft Sirus\Naga_Extract_2026-10-03\ByArchive\ruRU\patch-ruRU-7.mpq\sound\creature\nagacentaur\mon_82_nagacentaur_attackcrit_01.ogg
2912560,ruRU/patch-ruRU-7.mpq,sound\creature\nagacentaur\mon_82_nagacentaur_attackcrit_02.ogg,17668,D1F5736A299723FB7412903F7BE287A7ADE4671B,D:\Sirus\_client\World of Warcraft Sirus\Naga_Extract_2026-10-03\ByArchive\ruRU\patch-ruRU-7.mpq\sound\creature\nagacentaur\mon_82_nagacentaur_attackcrit_02.ogg
2912561,ruRU/patch-ruRU-7.mpq,sound\creature\nagacentaur\mon_82_nagacentaur_attackcrit_03.ogg,15783,EE032F27CE6330CE970DEB2384076AAC0A406FF8,D:\Sirus\_client\World of Warcraft Sirus\Naga_Extract_2026-10-03\ByArchive\ruRU\patch-ruRU-7.mpq\sound\creature\nagacentaur\mon_82_nagacentaur_attackcrit_03.ogg
2912562,ruRU/patch-ruRU-7.mpq,sound\creature\nagacentaur\mon_82_nagacentaur_attackcrit_04.ogg,15905,7284A8AB7CEBFDF2CCEF232FC7EBCFC7B5F63222,D:\Sirus\_client\World of Warcraft Sirus\Naga_Extract_2026-10-03\ByArchive\ruRU\patch-ruRU-7.mpq\sound\creature\nagacentaur\mon_82_nagacentaur_attackcrit_04.ogg
2912563,ruRU/patch-ruRU-7.mpq,sound\creature\nagacentaur\mon_82_nagacentaur_attackcrit_05.ogg,15173,51BB1616166636D2416C4A9D1E9BA62FE48F762A,D:\Sirus\_client\World of Warcraft Sirus\Naga_Extract_2026-10-03\ByArchive\ruRU\patch-ruRU-7.mpq\sound\creature\nagacentaur\mon_82_nagacentaur_attackcrit_05.ogg
2912564,ruRU/patch-ruRU-7.mpq,sound\creature\nagacentaur\mon_82_nagacentaur_attackcrit_06.ogg,15936,9626496D4B6E3A4570F8F3D1F9CF2BD77EDB4DF2,D:\Sirus\_client\World of Warcraft Sirus\Naga_Extract_2026-10-03\ByArchive\ruRU\patch-ruRU-7.mpq\sound\creature\nagacentaur\mon_82_nagacentaur_attackcrit_06.ogg
2912565,ruRU/patch-ruRU-7.mpq,sound\creature\nagacentaur\mon_82_nagacentaur_attack_01.ogg,11774,A8586A5080F1FFB1DAF47527CFE664FC4FCA02EF,D:\Sirus\_client\World of Warcraft Sirus\Naga_Extract_2026-10-03\ByArchive\ruRU\patch-ruRU-7.mpq\sound\creature\nagacentaur\mon_82_nagacentaur_attack_01.ogg
2912566,ruRU/patch-ruRU-7.mpq,sound\creature\nagacentaur\mon_82_nagacentaur_attack_02.ogg,11017,6A867326155F808F2D911E046AEFB33BFC72DC58,D:\Sirus\_client\World of Warcraft Sirus\Naga_Extract_2026-10-03\ByArchive\ruRU\patch-ruRU-7.mpq\sound\creature\nagacentaur\mon_82_nagacentaur_attack_02.ogg
2912567,ruRU/patch-ruRU-7.mpq,sound\creature\nagacentaur\mon_82_nagacentaur_attack_03.ogg,11733,8807E73C378A24B1673764FA5BE264889ABDB3A1,D:\Sirus\_client\World of Warcraft Sirus\Naga_Extract_2026-10-03\ByArchive\ruRU\patch-ruRU-7.mpq\sound\creature\nagacentaur\mon_82_nagacentaur_attack_03.ogg
2912568,ruRU/patch-ruRU-7.mpq,sound\creature\nagacentaur\mon_82_nagacentaur_attack_04.ogg,14569,D27464D35CA704103C569276A8E5FA17D8E453D0,D:\Sirus\_client\World of Warcraft Sirus\Naga_Extract_2026-10-03\ByArchive\ruRU\patch-ruRU-7.mpq\sound\creature\nagacentaur\mon_82_nagacentaur_attack_04.ogg
2912569,ruRU/patch-ruRU-7.mpq,sound\creature\nagacentaur\mon_82_nagacentaur_attack_05.ogg,12780,FD4562DCFACC927A3A8E87EAB7C6FA2EE22B3522,D:\Sirus\_client\World of Warcraft Sirus\Naga_Extract_2026-10-03\ByArchive\ruRU\patch-ruRU-7.mpq\sound\creature\nagacentaur\mon_82_nagacentaur_attack_05.ogg
2912570,ruRU/patch-ruRU-7.mpq,sound\creature\nagacentaur\mon_82_nagacentaur_attack_06.ogg,14792,9AC716CE8573010F7DC9BC8A405AED8FE461A52B,D:\Sirus\_client\World of Warcraft Sirus\Naga_Extract_2026-10-03\ByArchive\ruRU\patch-ruRU-7.mpq\sound\creature\nagacentaur\mon_82_nagacentaur_attack_06.ogg
2912571,ruRU/patch-ruRU-7.mpq,sound\creature\nagacentaur\mon_82_nagacentaur_attack_07.ogg,13747,4363900DFA08A4C50D4EBC3359C20ED2A15008D2,D:\Sirus\_client\World of Warcraft Sirus\Naga_Extract_2026-10-03\ByArchive\ruRU\patch-ruRU-7.mpq\sound\creature\nagacentaur\mon_82_nagacentaur_attack_07.ogg
2912572,ruRU/patch-ruRU-7.mpq,sound\creature\nagacentaur\mon_82_nagacentaur_attack_08.ogg,15831,D2D9F51488AD1D0D2097B07DAC059629D131913A,D:\Sirus\_client\World of Warcraft Sirus\Naga_Extract_2026-10-03\ByArchive\ruRU\patch-ruRU-7.mpq\sound\creature\nagacentaur\mon_82_nagacentaur_attack_08.ogg
2912573,ruRU/patch-ruRU-7.mpq,sound\creature\nagacentaur\mon_82_nagacentaur_attack_09.ogg,13321,3D3CB9706F306DEB7835D4D38C409628F60B5DBE,D:\Sirus\_client\World of Warcraft Sirus\Naga_Extract_2026-10-03\ByArchive\ruRU\patch-ruRU-7.mpq\sound\creature\nagacentaur\mon_82_nagacentaur_attack_09.ogg
2912574,ruRU/patch-ruRU-7.mpq,sound\creature\nagacentaur\mon_82_nagacentaur_attack_10.ogg,11987,1E27BE3709A3DE7EAE58FE763D698B35429B0BF8,D:\Sirus\_client\World of Warcraft Sirus\Naga_Extract_2026-10-03\ByArchive\ruRU\patch-ruRU-7.mpq\sound\creature\nagacentaur\mon_82_nagacentaur_attack_10.ogg
2912575,ruRU/patch-ruRU-7.mpq,sound\creature\nagacentaur\mon_82_nagacentaur_battleshout_01.ogg,16582,FB63A20E234ACC00303F7266DF7C2DB88328442F,D:\Sirus\_client\World of Warcraft Sirus\Naga_Extract_2026-10-03\ByArchive\ruRU\patch-ruRU-7.mpq\sound\creature\nagacentaur\mon_82_nagacentaur_battleshout_01.ogg
2912576,ruRU/patch-ruRU-7.mpq,sound\creature\nagacentaur\mon_82_nagacentaur_battleshout_02.ogg,18281,6214A5E30F8D3780E071E754C7A2B65FAA2CE367,D:\Sirus\_client\World of Warcraft Sirus\Naga_Extract_2026-10-03\ByArchive\ruRU\patch-ruRU-7.mpq\sound\creature\nagacentaur\mon_82_nagacentaur_battleshout_02.ogg
2912577,ruRU/patch-ruRU-7.mpq,sound\creature\nagacentaur\mon_82_nagacentaur_battleshout_03.ogg,17862,EBC19E4FE12F251FF29C28D979E9DE6B517E0DE0,D:\Sirus\_client\World of Warcraft Sirus\Naga_Extract_2026-10-03\ByArchive\ruRU\patch-ruRU-7.mpq\sound\creature\nagacentaur\mon_82_nagacentaur_battleshout_03.ogg
2912578,ruRU/patch-ruRU-7.mpq,sound\creature\nagacentaur\mon_82_nagacentaur_death_01.ogg,21662,3534E60B48D3727220D8D7D46DEE7F0FCEEFC35F,D:\Sirus\_client\World of Warcraft Sirus\Naga_Extract_2026-10-03\ByArchive\ruRU\patch-ruRU-7.mpq\sound\creature\nagacentaur\mon_82_nagacentaur_death_01.ogg
2912579,ruRU/patch-ruRU-7.mpq,sound\creature\nagacentaur\mon_82_nagacentaur_death_02.ogg,25809,7C827C860A13EDBF60B737CEB2C19254A790BD6B,D:\Sirus\_client\World of Warcraft Sirus\Naga_Extract_2026-10-03\ByArchive\ruRU\patch-ruRU-7.mpq\sound\creature\nagacentaur\mon_82_nagacentaur_death_02.ogg
2912580,ruRU/patch-ruRU-7.mpq,sound\creature\nagacentaur\mon_82_nagacentaur_death_03.ogg,20914,E8E4A837D3C8B6C66C0DD762CC74B2FE06CB9261,D:\Sirus\_client\World of Warcraft Sirus\Naga_Extract_2026-10-03\ByArchive\ruRU\patch-ruRU-7.mpq\sound\creature\nagacentaur\mon_82_nagacentaur_death_03.ogg
2912581,ruRU/patch-ruRU-7.mpq,sound\creature\nagacentaur\mon_82_nagacentaur_death_04.ogg,21769,C52DE5C36FB9ADBF312B8B2014337FE7709EF4E7,D:\Sirus\_client\World of Warcraft Sirus\Naga_Extract_2026-10-03\ByArchive\ruRU\patch-ruRU-7.mpq\sound\creature\nagacentaur\mon_82_nagacentaur_death_04.ogg
2912582,ruRU/patch-ruRU-7.mpq,sound\creature\nagacentaur\mon_82_nagacentaur_death_05.ogg,25021,50909B6AF6A8227A1F7AF6BA55DBB581876F0735,D:\Sirus\_client\World of Warcraft Sirus\Naga_Extract_2026-10-03\ByArchive\ruRU\patch-ruRU-7.mpq\sound\creature\nagacentaur\mon_82_nagacentaur_death_05.ogg
2912592,ruRU/patch-ruRU-7.mpq,sound\creature\nagacentaur\mon_nagacentaur_idle_oneshot_01.ogg,11930,2F77C05D5D690988C4437C8521C6345FA59FD35F,D:\Sirus\_client\World of Warcraft Sirus\Naga_Extract_2026-10-03\ByArchive\ruRU\patch-ruRU-7.mpq\sound\creature\nagacentaur\mon_nagacentaur_idle_oneshot_01.ogg
2912593,ruRU/patch-ruRU-7.mpq,sound\creature\nagacentaur\mon_nagacentaur_idle_oneshot_02.ogg,10534,76849B3A20B04F47DC55914D39ABD183BBC44EAA,D:\Sirus\_client\World of Warcraft Sirus\Naga_Extract_2026-10-03\ByArchive\ruRU\patch-ruRU-7.mpq\sound\creature\nagacentaur\mon_nagacentaur_idle_oneshot_02.ogg
2912594,ruRU/patch-ruRU-7.mpq,sound\creature\nagacentaur\mon_nagacentaur_idle_oneshot_03.ogg,10626,3081FA0F419F5F0C8F25A6823D5602C5D4591EFF,D:\Sirus\_client\World of Warcraft Sirus\Naga_Extract_2026-10-03\ByArchive\ruRU\patch-ruRU-7.mpq\sound\creature\nagacentaur\mon_nagacentaur_idle_oneshot_03.ogg
2912595,ruRU/patch-ruRU-7.mpq,sound\creature\nagacentaur\mon_nagacentaur_idle_oneshot_04.ogg,13324,4F418A3BF23C27AE2440E711961F9460955529E3,D:\Sirus\_client\World of Warcraft Sirus\Naga_Extract_2026-10-03\ByArchive\ruRU\patch-ruRU-7.mpq\sound\creature\nagacentaur\mon_nagacentaur_idle_oneshot_04.ogg
2912596,ruRU/patch-ruRU-7.mpq,sound\creature\nagacentaur\mon_nagacentaur_idle_oneshot_05.ogg,11484,2773F34D68C4D9900F2D3604222DEF66784703A8,D:\Sirus\_client\World of Warcraft Sirus\Naga_Extract_2026-10-03\ByArchive\ruRU\patch-ruRU-7.mpq\sound\creature\nagacentaur\mon_nagacentaur_idle_oneshot_05.ogg
2912597,ruRU/patch-ruRU-7.mpq,sound\creature\nagacentaur\mon_nagacentaur_idle_oneshot_06.ogg,12889,91572BC2873FC84C2287D9B3FAD322318F7DDD63,D:\Sirus\_client\World of Warcraft Sirus\Naga_Extract_2026-10-03\ByArchive\ruRU\patch-ruRU-7.mpq\sound\creature\nagacentaur\mon_nagacentaur_idle_oneshot_06.ogg
2912598,ruRU/patch-ruRU-7.mpq,sound\creature\nagacentaur\mon_82_nagacentaur_preaggro_01.ogg,11405,81E9B9DE4C4C6A9486FEA98ED75E78E72C06F867,D:\Sirus\_client\World of Warcraft Sirus\Naga_Extract_2026-10-03\ByArchive\ruRU\patch-ruRU-7.mpq\sound\creature\nagacentaur\mon_82_nagacentaur_preaggro_01.ogg
2912599,ruRU/patch-ruRU-7.mpq,sound\creature\nagacentaur\mon_82_nagacentaur_preaggro_02.ogg,10476,8EA2D155B387E6BD339B0F7E283B85E0E822C1CA,D:\Sirus\_client\World of Warcraft Sirus\Naga_Extract_2026-10-03\ByArchive\ruRU\patch-ruRU-7.mpq\sound\creature\nagacentaur\mon_82_nagacentaur_preaggro_02.ogg
2912600,ruRU/patch-ruRU-7.mpq,sound\creature\nagacentaur\mon_82_nagacentaur_preaggro_03.ogg,9386,693A2FF43545CDB63535F717618643DE546326D4,D:\Sirus\_client\World of Warcraft Sirus\Naga_Extract_2026-10-03\ByArchive\ruRU\patch-ruRU-7.mpq\sound\creature\nagacentaur\mon_82_nagacentaur_preaggro_03.ogg
2912601,ruRU/patch-ruRU-7.mpq,sound\creature\nagacentaur\mon_82_nagacentaur_woundcrit_01.ogg,17923,AFEF90A8F00DA715613AD0A2804000B65A4B87A8,D:\Sirus\_client\World of Warcraft Sirus\Naga_Extract_2026-10-03\ByArchive\ruRU\patch-ruRU-7.mpq\sound\creature\nagacentaur\mon_82_nagacentaur_woundcrit_01.ogg
2912602,ruRU/patch-ruRU-7.mpq,sound\creature\nagacentaur\mon_82_nagacentaur_woundcrit_02.ogg,17247,843F1E7DDF077664DFA771E65E7A5524DC222951,D:\Sirus\_client\World of Warcraft Sirus\Naga_Extract_2026-10-03\ByArchive\ruRU\patch-ruRU-7.mpq\sound\creature\nagacentaur\mon_82_nagacentaur_woundcrit_02.ogg
2912603,ruRU/patch-ruRU-7.mpq,sound\creature\nagacentaur\mon_82_nagacentaur_woundcrit_03.ogg,13880,42472315380E5722D765FE8C782893D91E917461,D:\Sirus\_client\World of Warcraft Sirus\Naga_Extract_2026-10-03\ByArchive\ruRU\patch-ruRU-7.mpq\sound\creature\nagacentaur\mon_82_nagacentaur_woundcrit_03.ogg
2912604,ruRU/patch-ruRU-7.mpq,sound\creature\nagacentaur\mon_82_nagacentaur_woundcrit_04.ogg,14689,8CDE931FBC150473A4A683E5844F8FF9C96ABA67,D:\Sirus\_client\World of Warcraft Sirus\Naga_Extract_2026-10-03\ByArchive\ruRU\patch-ruRU-7.mpq\sound\creature\nagacentaur\mon_82_nagacentaur_woundcrit_04.ogg
2912605,ruRU/patch-ruRU-7.mpq,sound\creature\nagacentaur\mon_82_nagacentaur_woundcrit_05.ogg,17349,84B1BEAE097E8C49B6CE41E69F340CDB799517DF,D:\Sirus\_client\World of Warcraft Sirus\Naga_Extract_2026-10-03\ByArchive\ruRU\patch-ruRU-7.mpq\sound\creature\nagacentaur\mon_82_nagacentaur_woundcrit_05.ogg
2912606,ruRU/patch-ruRU-7.mpq,sound\creature\nagacentaur\mon_82_nagacentaur_woundcrit_06.ogg,15654,A1B3F24029B44C275323760501AAB516C0C3A6B5,D:\Sirus\_client\World of Warcraft Sirus\Naga_Extract_2026-10-03\ByArchive\ruRU\patch-ruRU-7.mpq\sound\creature\nagacentaur\mon_82_nagacentaur_woundcrit_06.ogg
2912607,ruRU/patch-ruRU-7.mpq,sound\creature\nagacentaur\mon_82_nagacentaur_wound_01.ogg,10361,92131F1605DD571EDA1685121473ED4BE0334D57,D:\Sirus\_client\World of Warcraft Sirus\Naga_Extract_2026-10-03\ByArchive\ruRU\patch-ruRU-7.mpq\sound\creature\nagacentaur\mon_82_nagacentaur_wound_01.ogg
2912608,ruRU/patch-ruRU-7.mpq,sound\creature\nagacentaur\mon_82_nagacentaur_wound_02.ogg,9637,385B052D546D3B1DD33E87E30B8DB6156CED34CC,D:\Sirus\_client\World of Warcraft Sirus\Naga_Extract_2026-10-03\ByArchive\ruRU\patch-ruRU-7.mpq\sound\creature\nagacentaur\mon_82_nagacentaur_wound_02.ogg
2912609,ruRU/patch-ruRU-7.mpq,sound\creature\nagacentaur\mon_82_nagacentaur_wound_03.ogg,8650,CEDF8E09522DACA32124EC751D03EE709DE43BF1,D:\Sirus\_client\World of Warcraft Sirus\Naga_Extract_2026-10-03\ByArchive\ruRU\patch-ruRU-7.mpq\sound\creature\nagacentaur\mon_82_nagacentaur_wound_03.ogg
2912610,ruRU/patch-ruRU-7.mpq,sound\creature\nagacentaur\mon_82_nagacentaur_wound_04.ogg,9846,475C4FC851B128695B46FD3E8E4A254DBD9F4615,D:\Sirus\_client\World of Warcraft Sirus\Naga_Extract_2026-10-03\ByArchive\ruRU\patch-ruRU-7.mpq\sound\creature\nagacentaur\mon_82_nagacentaur_wound_04.ogg
2912611,ruRU/patch-ruRU-7.mpq,sound\creature\nagacentaur\mon_82_nagacentaur_wound_05.ogg,8847,37D757043A0822232055682F10A6768ECB9BE08C,D:\Sirus\_client\World of Warcraft Sirus\Naga_Extract_2026-10-03\ByArchive\ruRU\patch-ruRU-7.mpq\sound\creature\nagacentaur\mon_82_nagacentaur_wound_05.ogg
2912612,ruRU/patch-ruRU-7.mpq,sound\creature\nagacentaur\mon_82_nagacentaur_wound_06.ogg,9353,0BF06915C61451179C5DCA230F4CE4E841879C63,D:\Sirus\_client\World of Warcraft Sirus\Naga_Extract_2026-10-03\ByArchive\ruRU\patch-ruRU-7.mpq\sound\creature\nagacentaur\mon_82_nagacentaur_wound_06.ogg
2912613,ruRU/patch-ruRU-7.mpq,sound\creature\nagacentaur\mon_82_nagacentaur_wound_07.ogg,8997,478078EDFE3E2F3CD7B067EC0760004DF6592879,D:\Sirus\_client\World of Warcraft Sirus\Naga_Extract_2026-10-03\ByArchive\ruRU\patch-ruRU-7.mpq\sound\creature\nagacentaur\mon_82_nagacentaur_wound_07.ogg
2912614,ruRU/patch-ruRU-7.mpq,sound\creature\nagacentaur\mon_82_nagacentaur_wound_08.ogg,9662,277E9B6438EBAA88BC403619FE8925CE72242071,D:\Sirus\_client\World of Warcraft Sirus\Naga_Extract_2026-10-03\ByArchive\ruRU\patch-ruRU-7.mpq\sound\creature\nagacentaur\mon_82_nagacentaur_wound_08.ogg
2912615,ruRU/patch-ruRU-7.mpq,sound\creature\nagacentaur\mon_82_nagacentaur_wound_09.ogg,9506,897B432D7DA5152F68CD06193CB583D38E98469A,D:\Sirus\_client\World of Warcraft Sirus\Naga_Extract_2026-10-03\ByArchive\ruRU\patch-ruRU-7.mpq\sound\creature\nagacentaur\mon_82_nagacentaur_wound_09.ogg
2912616,ruRU/patch-ruRU-7.mpq,sound\creature\nagacentaur\mon_82_nagacentaur_wound_10.ogg,9762,6FB266C34547C794A07D34EB5136D63FDD1FCB59,D:\Sirus\_client\World of Warcraft Sirus\Naga_Extract_2026-10-03\ByArchive\ruRU\patch-ruRU-7.mpq\sound\creature\nagacentaur\mon_82_nagacentaur_wound_10.ogg
1272497,ruRU/patch-ruRU-8.mpq,SOUND\DOODAD\GO_7NG_NAGA_CANNON_fire_01.ogg,25596,5C06A9FB119E05DB8F15D517AD8AA44F8ABA69B0,D:\Sirus\_client\World of Warcraft Sirus\Naga_Extract_2026-10-03\ByArchive\ruRU\patch-ruRU-8.mpq\SOUND\DOODAD\GO_7NG_NAGA_CANNON_fire_01.ogg
2146631,ruRU/patch-ruRU-8.mpq,sound\music\battleforazeroth\mus_80_nagaincursion_a.mp3,3084626,760EF2B0AC66F3F9928E3EE3B14F82116E17D443,D:\Sirus\_client\World of Warcraft Sirus\Naga_Extract_2026-10-03\ByArchive\ruRU\patch-ruRU-8.mpq\sound\music\battleforazeroth\mus_80_nagaincursion_a.mp3
2146632,ruRU/patch-ruRU-8.mpq,sound\music\battleforazeroth\mus_80_nagaincursion_b.mp3,3084626,4F8E85FF8265ADA0464FBA7909BFDD9308FA47CE,D:\Sirus\_client\World of Warcraft Sirus\Naga_Extract_2026-10-03\ByArchive\ruRU\patch-ruRU-8.mpq\sound\music\battleforazeroth\mus_80_nagaincursion_b.mp3
2146633,ruRU/patch-ruRU-8.mpq,sound\music\battleforazeroth\mus_80_nagaincursion_c.mp3,1382384,1AC88FF34AE5A63249976F77A6A6A7FEF0A00D3F,D:\Sirus\_client\World of Warcraft Sirus\Naga_Extract_2026-10-03\ByArchive\ruRU\patch-ruRU-8.mpq\sound\music\battleforazeroth\mus_80_nagaincursion_c.mp3
2146634,ruRU/patch-ruRU-8.mpq,sound\music\battleforazeroth\mus_80_nagaincursion_h.mp3,3084626,66FFCD0BF5E09A033397A889CFF058DCD3D3719F,D:\Sirus\_client\World of Warcraft Sirus\Naga_Extract_2026-10-03\ByArchive\ruRU\patch-ruRU-8.mpq\sound\music\battleforazeroth\mus_80_nagaincursion_h.mp3
1579940,ruRU/patch-ruRU-a.mpq,Interface\EncounterJournal\UI-EJ-BOSS-NagaBrute.blp,9364,69FCA37A712E83EEB1D8DB182D430A29D7CFB9C4,D:\Sirus\_client\World of Warcraft Sirus\Naga_Extract_2026-10-03\ByArchive\ruRU\patch-ruRU-a.mpq\Interface\EncounterJournal\UI-EJ-BOSS-NagaBrute.blp
1391617,ruRU/patch-ruRU-c.mpq,Interface\ICONS\INV_Misc_NagaMale.blp,6660,E0CB8CB4BD0A48FCC88D0C0D8413833CE330D571,D:\Sirus\_client\World of Warcraft Sirus\Naga_Extract_2026-10-03\ByArchive\ruRU\patch-ruRU-c.mpq\Interface\ICONS\INV_Misc_NagaMale.blp
2267047,ruRU/patch-ruRU-c.mpq,Interface\ICONS\INV_BabyNagaBlack.blp,6660,1FE55564AF24C46434BC361579339393679F89AA,D:\Sirus\_client\World of Warcraft Sirus\Naga_Extract_2026-10-03\ByArchive\ruRU\patch-ruRU-c.mpq\Interface\ICONS\INV_BabyNagaBlack.blp
2267048,ruRU/patch-ruRU-c.mpq,Interface\ICONS\INV_BabyNagaBlue.blp,6660,5C033F400CDDD24320A716951C12469C6C5FEB76,D:\Sirus\_client\World of Warcraft Sirus\Naga_Extract_2026-10-03\ByArchive\ruRU\patch-ruRU-c.mpq\Interface\ICONS\INV_BabyNagaBlue.blp
2267049,ruRU/patch-ruRU-c.mpq,Interface\ICONS\INV_BabyNagaGreen.blp,6660,73F3795C82B5429D8572734558AA185151A3428E,D:\Sirus\_client\World of Warcraft Sirus\Naga_Extract_2026-10-03\ByArchive\ruRU\patch-ruRU-c.mpq\Interface\ICONS\INV_BabyNagaGreen.blp
2267050,ruRU/patch-ruRU-c.mpq,Interface\ICONS\INV_BabyNagaSilver.blp,6660,3F93F30F37678DD176531422669AAA535F75F288,D:\Sirus\_client\World of Warcraft Sirus\Naga_Extract_2026-10-03\ByArchive\ruRU\patch-ruRU-c.mpq\Interface\ICONS\INV_BabyNagaSilver.blp
2429778,ruRU/patch-ruRU-c.mpq,Interface\ICONS\INV_Shield_1h_Naga_C_01.blp,5268,AB5A70DDCA6BCEACF44A1CD44D1F8C744E2FEDE5,D:\Sirus\_client\World of Warcraft Sirus\Naga_Extract_2026-10-03\ByArchive\ruRU\patch-ruRU-c.mpq\Interface\ICONS\INV_Shield_1h_Naga_C_01.blp
2735968,ruRU/patch-ruRU-c.mpq,Interface\ICONS\INV_MACE_1H_NAGA_A_01.blp,3916,360B59EC2A60A06A4730C07FBE2C88E6EC800FCF,D:\Sirus\_client\World of Warcraft Sirus\Naga_Extract_2026-10-03\ByArchive\ruRU\patch-ruRU-c.mpq\Interface\ICONS\INV_MACE_1H_NAGA_A_01.blp
2829897,ruRU/patch-ruRU-c.mpq,Interface\ICONS\INV_Knife_1h_Naga_C_01.blp,3916,C991B23280C035A556233A51BEBF855A439BD6EC,D:\Sirus\_client\World of Warcraft Sirus\Naga_Extract_2026-10-03\ByArchive\ruRU\patch-ruRU-c.mpq\Interface\ICONS\INV_Knife_1h_Naga_C_01.blp
2830981,ruRU/patch-ruRU-c.mpq,Interface\ICONS\INV_Offhand_1h_naga_C_01.blp,3916,FAC7560ED4EB4138B9E5E7B0F593F5553B38B22F,D:\Sirus\_client\World of Warcraft Sirus\Naga_Extract_2026-10-03\ByArchive\ruRU\patch-ruRU-c.mpq\Interface\ICONS\INV_Offhand_1h_naga_C_01.blp
2991510,ruRU/patch-ruRU-c.mpq,interface\icons\inv_hand_1h_naga_c_01 - copy.blp,6660,1FA2D5000FE28A9619A78F63028B8E15E91FBD9E,D:\Sirus\_client\World of Warcraft Sirus\Naga_Extract_2026-10-03\ByArchive\ruRU\patch-ruRU-c.mpq\interface\icons\inv_hand_1h_naga_c_01 - copy.blp
2997789,ruRU/patch-ruRU-c.mpq,Interface\ICONS\INV_Hand_1h_Naga_C_01.blp,6660,1FA2D5000FE28A9619A78F63028B8E15E91FBD9E,D:\Sirus\_client\World of Warcraft Sirus\Naga_Extract_2026-10-03\ByArchive\ruRU\patch-ruRU-c.mpq\Interface\ICONS\INV_Hand_1h_Naga_C_01.blp
