Archive,MPQPath,Kind,SourceModels,Size,SHA1,OutputPath
common.mpq,Character\Naga_\Female\Naga_Female0060-00.anim,external-animation,Character\Naga_\Female\Naga_Female.m2,18704,9D9281F0F882FB6FF832F6C59CBCD25A49E62CCF,D:\Sirus\_client\World of Warcraft Sirus\Naga_Extract_2026-10-03\ModelCompanions\ByArchive\common.mpq\Character\Naga_\Female\Naga_Female0060-00.anim
common.mpq,Character\Naga_\Female\Naga_Female00.skin,skin-profile,Character\Naga_\Female\Naga_Female.m2,22704,C39F53169DB24D25A2908AF346C47D1B6274DB54,D:\Sirus\_client\World of Warcraft Sirus\Naga_Extract_2026-10-03\ModelCompanions\ByArchive\common.mpq\Character\Naga_\Female\Naga_Female00.skin
common.mpq,Character\Naga_\Female\Naga_Female01.skin,skin-profile,Character\Naga_\Female\Naga_Female.m2,22704,2FCBC1431EFF882C9C5373DB26ED4F07C90E3446,D:\Sirus\_client\World of Warcraft Sirus\Naga_Extract_2026-10-03\ModelCompanions\ByArchive\common.mpq\Character\Naga_\Female\Naga_Female01.skin
common.mpq,Character\Naga_\Female\Naga_Female02.skin,skin-profile,Character\Naga_\Female\Naga_Female.m2,22864,DF6521A5BF7EB275C8004E6E83406853430FA7D2,D:\Sirus\_client\World of Warcraft Sirus\Naga_Extract_2026-10-03\ModelCompanions\ByArchive\common.mpq\Character\Naga_\Female\Naga_Female02.skin
common.mpq,Character\Naga_\Female\Naga_Female03.skin,skin-profile,Character\Naga_\Female\Naga_Female.m2,23136,8446D5EFA30F9D65170DE1117598563AE406FE76,D:\Sirus\_client\World of Warcraft Sirus\Naga_Extract_2026-10-03\ModelCompanions\ByArchive\common.mpq\Character\Naga_\Female\Naga_Female03.skin
common.mpq,CREATURE\NAGAMALE\SIRENREFLECT.BLP,embedded-model-dependency,Character\Naga_\Female\Naga_Female.m2 | Creature\NagaFemale\Siren.M2 | Creature\NAGALORDMALE\NagaLordMale.M2 | Creature\NagaMale\NagaMale.m2,3916,4D4E1DDA0291F6DF40AC1ACF1441F2D7573E6CA7,D:\Sirus\_client\World of Warcraft Sirus\Naga_Extract_2026-10-03\ModelCompanions\ByArchive\common.mpq\CREATURE\NAGAMALE\SIRENREFLECT.BLP
common.mpq,Character\Naga_\Male\Naga_Male0060-00.anim,external-animation,Character\Naga_\Male\Naga_Male.m2,21744,BDB0C4EF1B17826CAB53E9D2BB60E5BD54FE71BC,D:\Sirus\_client\World of Warcraft Sirus\Naga_Extract_2026-10-03\ModelCompanions\ByArchive\common.mpq\Character\Naga_\Male\Naga_Male0060-00.anim
common.mpq,Character\Naga_\Male\Naga_Male0062-00.anim,external-animation,Character\Naga_\Male\Naga_Male.m2,16160,F2574AD05A484C1B99521A94CE9DF2A8EBD76C84,D:\Sirus\_client\World of Warcraft Sirus\Naga_Extract_2026-10-03\ModelCompanions\ByArchive\common.mpq\Character\Naga_\Male\Naga_Male0062-00.anim
common.mpq,Character\Naga_\Male\Naga_Male00.skin,skin-profile,Character\Naga_\Male\Naga_Male.m2,19296,43CFDA1BB243B4313381304A98079CDB8C489EF4,D:\Sirus\_client\World of Warcraft Sirus\Naga_Extract_2026-10-03\ModelCompanions\ByArchive\common.mpq\Character\Naga_\Male\Naga_Male00.skin
common.mpq,Character\Naga_\Male\Naga_Male01.skin,skin-profile,Character\Naga_\Male\Naga_Male.m2,19296,986A0A5C7D54178946C6DF41BAD74AF5F1602C95,D:\Sirus\_client\World of Warcraft Sirus\Naga_Extract_2026-10-03\ModelCompanions\ByArchive\common.mpq\Character\Naga_\Male\Naga_Male01.skin
common.mpq,Character\Naga_\Male\Naga_Male02.skin,skin-profile,Character\Naga_\Male\Naga_Male.m2,19296,EDB9D57A6A038E7A7C2C72A687037904CF063FF1,D:\Sirus\_client\World of Warcraft Sirus\Naga_Extract_2026-10-03\ModelCompanions\ByArchive\common.mpq\Character\Naga_\Male\Naga_Male02.skin
common.mpq,Character\Naga_\Male\Naga_Male03.skin,skin-profile,Character\Naga_\Male\Naga_Male.m2,19760,1EC845662E6F59D52C6B25C26CAB3AC934A2ABF1,D:\Sirus\_client\World of Warcraft Sirus\Naga_Extract_2026-10-03\ModelCompanions\ByArchive\common.mpq\Character\Naga_\Male\Naga_Male03.skin
common.mpq,Creature\NagaLordMale\NagaLordSkinRed.blp,embedded-model-dependency,Creature\NAGALORDMALE\NagaLordMale.M2 | SPELLS\NagaLordShell_Missile.m2 | World\Goober\G_NagaShellMissile.M2 | World\Expansion01\Doodads\Generic\Naga\Crates\NA_Barricade_Shell_01.M2 | World\Expansion01\Doodads\Generic\Naga\Crates\NA_Barricade_Shell_02.M2,350724,A3107CBDC5B0DD5F3E36CFC2DC6FCABBCFA4D8B0,D:\Sirus\_client\World of Warcraft Sirus\Naga_Extract_2026-10-03\ModelCompanions\ByArchive\common.mpq\Creature\NagaLordMale\NagaLordSkinRed.blp
common.mpq,ITEM\OBJECTCOMPONENTS\WEAPON\ARMORREFLECT_RAINBOW.BLP,embedded-model-dependency,Creature\NAGALORDMALE\NagaLordMale.M2 | SPELLS\NagaLordShell_Missile.m2 | World\Goober\G_NagaShellMissile.M2 | World\Expansion01\Doodads\Generic\Naga\Crates\NA_Barricade_Shell_01.M2 | World\Expansion01\Doodads\Generic\Naga\Crates\NA_Barricade_Shell_02.M2,3916,0788BB103AA91A13D81D907A822CF3FD4259C77C,D:\Sirus\_client\World of Warcraft Sirus\Naga_Extract_2026-10-03\ModelCompanions\ByArchive\common.mpq\ITEM\OBJECTCOMPONENTS\WEAPON\ARMORREFLECT_RAINBOW.BLP
common.mpq,Creature\NagaLordMale\NagaLordTogaGray.blp,embedded-model-dependency,Creature\NAGALORDMALE\NagaLordMale.M2,44876,E6BA3F0F0AC9CC90C29DE71C35F914639ACA5FF0,D:\Sirus\_client\World of Warcraft Sirus\Naga_Extract_2026-10-03\ModelCompanions\ByArchive\common.mpq\Creature\NagaLordMale\NagaLordTogaGray.blp
common.mpq,CREATURE\QUIRAJPROPHET\QUIRAJPROPHETSKIN.BLP,embedded-model-dependency,Creature\NAGALORDMALE\NagaLordMale.M2,88580,FEB93893A29A5798179DB886B94C9E34E9259436,D:\Sirus\_client\World of Warcraft Sirus\Naga_Extract_2026-10-03\ModelCompanions\ByArchive\common.mpq\CREATURE\QUIRAJPROPHET\QUIRAJPROPHETSKIN.BLP
common.mpq,Creature\NagaMale\NagaMale0060-00.anim,external-animation,Creature\NagaMale\NagaMale.m2,20960,31E3DF5D5D7B50ACFD0909633190ADCFF8FA6D31,D:\Sirus\_client\World of Warcraft Sirus\Naga_Extract_2026-10-03\ModelCompanions\ByArchive\common.mpq\Creature\NagaMale\NagaMale0060-00.anim
common.mpq,Creature\NagaMale\NagaMale0062-00.anim,external-animation,Creature\NagaMale\NagaMale.m2,15408,43B401F13CB0B06D3E2DC90EC4E5203492704F31,D:\Sirus\_client\World of Warcraft Sirus\Naga_Extract_2026-10-03\ModelCompanions\ByArchive\common.mpq\Creature\NagaMale\NagaMale0062-00.anim
common.mpq,Creature\NagaMale\NagaMale00.skin,skin-profile,Creature\NagaMale\NagaMale.m2,12832,94E435FD7403FE7DD61989347490A93EA57D3379,D:\Sirus\_client\World of Warcraft Sirus\Naga_Extract_2026-10-03\ModelCompanions\ByArchive\common.mpq\Creature\NagaMale\NagaMale00.skin
common.mpq,Creature\NagaMale\NagaMale01.skin,skin-profile,Creature\NagaMale\NagaMale.m2,12832,3674C94A94A9F711FA90E6514CA706D2CFE0E6C4,D:\Sirus\_client\World of Warcraft Sirus\Naga_Extract_2026-10-03\ModelCompanions\ByArchive\common.mpq\Creature\NagaMale\NagaMale01.skin
common.mpq,Creature\NagaMale\NagaMale02.skin,skin-profile,Creature\NagaMale\NagaMale.m2,12960,1D494D6C6E276B1E2DAB8E6EE751259FCBD69CB3,D:\Sirus\_client\World of Warcraft Sirus\Naga_Extract_2026-10-03\ModelCompanions\ByArchive\common.mpq\Creature\NagaMale\NagaMale02.skin
common.mpq,Creature\NagaMale\NagaMale03.skin,skin-profile,Creature\NagaMale\NagaMale.m2,13312,8D23E3128E77C1CA9E96355163239B1A81EED7A2,D:\Sirus\_client\World of Warcraft Sirus\Naga_Extract_2026-10-03\ModelCompanions\ByArchive\common.mpq\Creature\NagaMale\NagaMale03.skin
common.mpq,WORLD\EXPANSION01\DOODADS\GENERIC\NAGA\ARK\NA_DISTILLER.BLP,embedded-model-dependency,Creature\QuestObjects\Creature_NagaDistiller.M2 | World\Expansion01\Doodads\Generic\Naga\ARK\NA_Ark.M2 | World\Expansion01\Doodads\Generic\Naga\Distiller\NA_Distiller.m2 | World\Expansion01\Doodads\Generic\Naga\Artifact\NA_Artifact01.M2 | World\Expansion01\Doodads\Generic\Naga\Crates\NA_Barricade_01.M2 | World\Expansion01\Doodads\Generic\Naga\Crates\NA_Barricade_Pole.M2,88580,AC96F62BE8198336FD2B9DE7FFBA154DEC4F4147,D:\Sirus\_client\World of Warcraft Sirus\Naga_Extract_2026-10-03\ModelCompanions\ByArchive\common.mpq\WORLD\EXPANSION01\DOODADS\GENERIC\NAGA\ARK\NA_DISTILLER.BLP
common.mpq,WORLD\EXPANSION01\DOODADS\GENERIC\NAGA\ARK\NA_TORCH.BLP,embedded-model-dependency,Creature\QuestObjects\Creature_NagaDistiller.M2 | World\Expansion01\Doodads\Generic\Naga\ARK\NA_Ark.M2 | World\Expansion01\Doodads\Generic\Naga\Distiller\NA_Distiller.m2 | World\Expansion01\Doodads\Generic\Naga\TORCH\NA_Torch01.m2 | World\Expansion01\Doodads\Generic\Naga\Artifact\NA_Artifact01.M2 | World\Expansion01\Doodads\Generic\Naga\Crates\NA_Barricade_01.M2 | World\Expansion01\Doodads\Generic\Naga\Crates\NA_Barricade_Pole.M2,44900,5623D400F695C5E3461D2C313C0DCCE95F594B24,D:\Sirus\_client\World of Warcraft Sirus\Naga_Extract_2026-10-03\ModelCompanions\ByArchive\common.mpq\WORLD\EXPANSION01\DOODADS\GENERIC\NAGA\ARK\NA_TORCH.BLP
common.mpq,SPELLS\GENERICGLOW64.BLP,embedded-model-dependency,Creature\QuestObjects\Creature_NagaDistiller.M2 | World\Expansion01\Doodads\Generic\Naga\ARK\NA_Ark.M2 | World\Expansion01\Doodads\Generic\Naga\Distiller\NA_Distiller.m2 | World\Expansion01\Doodads\Generic\Naga\Artifact\NA_Artifact01.M2 | World\Expansion01\Doodads\Generic\Naga\Crates\NA_Barricade_01.M2 | World\Expansion01\Doodads\Generic\Naga\Crates\NA_Barricade_Pole.M2,6660,769E9E81DB22268C904AEF6350D3B5C2E6761DAD,D:\Sirus\_client\World of Warcraft Sirus\Naga_Extract_2026-10-03\ModelCompanions\ByArchive\common.mpq\SPELLS\GENERICGLOW64.BLP
common.mpq,WORLD\GOOBER\BUBBLE.BLP,embedded-model-dependency,Creature\QuestObjects\Creature_NagaDistiller.M2 | SPELLS\NagaLordShell_Missile.m2 | World\Expansion01\Doodads\Generic\Naga\Distiller\NA_Distiller.m2,6660,210BB6B2FFCED3612DE69FC5DA12845039EE6405,D:\Sirus\_client\World of Warcraft Sirus\Naga_Extract_2026-10-03\ModelCompanions\ByArchive\common.mpq\WORLD\GOOBER\BUBBLE.BLP
common.mpq,CREATURE\QUESTOBJECTS\NA_DISTILLERWATER.BLP,embedded-model-dependency,Creature\QuestObjects\Creature_NagaDistiller.M2,88580,ABA32FA2B95D3FA3011C6D57481B8874CC7842EA,D:\Sirus\_client\World of Warcraft Sirus\Naga_Extract_2026-10-03\ModelCompanions\ByArchive\common.mpq\CREATURE\QUESTOBJECTS\NA_DISTILLERWATER.BLP
common.mpq,CREATURE\WISP\DUST3.BLP,embedded-model-dependency,Creature\QuestObjects\Creature_NagaDistiller.M2,6660,8D270AB65CDC56AE174F7279AE88BE321B784CCA,D:\Sirus\_client\World of Warcraft Sirus\Naga_Extract_2026-10-03\ModelCompanions\ByArchive\common.mpq\CREATURE\WISP\DUST3.BLP
common.mpq,CREATURE\QUESTOBJECTS\WATERWAKE3ALPHAGREY.BLP,embedded-model-dependency,Creature\QuestObjects\Creature_NagaDistiller.M2 | World\Goober\G_NagaShellMissile.M2,6660,EB4EA70BEFF5A572694647EBC3E719BDB6B9C3AC,D:\Sirus\_client\World of Warcraft Sirus\Naga_Extract_2026-10-03\ModelCompanions\ByArchive\common.mpq\CREATURE\QUESTOBJECTS\WATERWAKE3ALPHAGREY.BLP
common.mpq,CREATURE\QUESTOBJECTS\GLASSSHARD_NAGA.BLP,embedded-model-dependency,Creature\QuestObjects\Creature_NagaDistiller.M2,6660,F914BBBE3D9AA8BF570B82F0663FCB0B34F1268E,D:\Sirus\_client\World of Warcraft Sirus\Naga_Extract_2026-10-03\ModelCompanions\ByArchive\common.mpq\CREATURE\QUESTOBJECTS\GLASSSHARD_NAGA.BLP
common.mpq,CREATURE\QUESTOBJECTS\GLASSSHARD_NAGA02.BLP,embedded-model-dependency,Creature\QuestObjects\Creature_NagaDistiller.M2,6660,10DD0254544B293BF28E906359FBAD0B4FA82D1F,D:\Sirus\_client\World of Warcraft Sirus\Naga_Extract_2026-10-03\ModelCompanions\ByArchive\common.mpq\CREATURE\QUESTOBJECTS\GLASSSHARD_NAGA02.BLP
common.mpq,ITEM\ObjectComponents\Weapon\Stave_2H_Naga_D_0100.skin,skin-profile,ITEM\ObjectComponents\Weapon\Stave_2H_Naga_D_01.m2,7296,54DC8424CD720575342FE0C44B7681CBD356AAB7,D:\Sirus\_client\World of Warcraft Sirus\Naga_Extract_2026-10-03\ModelCompanions\ByArchive\common.mpq\ITEM\ObjectComponents\Weapon\Stave_2H_Naga_D_0100.skin
common.mpq,SPELLS\NagaLordShell_Impact00.skin,skin-profile,SPELLS\NagaLordShell_Impact.m2,48,E09EA179F67E3EC81CE5A3564CD4FA8B8E7BAE2B,D:\Sirus\_client\World of Warcraft Sirus\Naga_Extract_2026-10-03\ModelCompanions\ByArchive\common.mpq\SPELLS\NagaLordShell_Impact00.skin
common.mpq,WORLD\GOOBER\FIREPLUME64.BLP,embedded-model-dependency,SPELLS\NagaLordShell_Impact.m2,3916,3644AF82CC6CCC92C90236B394D188857E493431,D:\Sirus\_client\World of Warcraft Sirus\Naga_Extract_2026-10-03\ModelCompanions\ByArchive\common.mpq\WORLD\GOOBER\FIREPLUME64.BLP
common.mpq,SPELLS\SHOCKWAVEWATER1.BLP,embedded-model-dependency,SPELLS\NagaLordShell_Impact.m2,12108,7ECCE79940DB38875F7935CFCF930179B442D2E1,D:\Sirus\_client\World of Warcraft Sirus\Naga_Extract_2026-10-03\ModelCompanions\ByArchive\common.mpq\SPELLS\SHOCKWAVEWATER1.BLP
common.mpq,ITEM\OBJECTCOMPONENTS\WEAPON\GLOW_FROSTBLUE.BLP,embedded-model-dependency,SPELLS\NagaLordShell_Impact.m2,6660,9328F299E4A26674CBC623D2F9643798FFAEAC60,D:\Sirus\_client\World of Warcraft Sirus\Naga_Extract_2026-10-03\ModelCompanions\ByArchive\common.mpq\ITEM\OBJECTCOMPONENTS\WEAPON\GLOW_FROSTBLUE.BLP
common.mpq,SPELLS\CLOUDS8X8.BLP,embedded-model-dependency,SPELLS\NagaLordShell_Impact.m2,88580,7E88137C25912A0702B3EB71D80878CD5FAA1C62,D:\Sirus\_client\World of Warcraft Sirus\Naga_Extract_2026-10-03\ModelCompanions\ByArchive\common.mpq\SPELLS\CLOUDS8X8.BLP
common.mpq,SPELLS\TOONSMOKE16.BLP,embedded-model-dependency,SPELLS\NagaLordShell_Impact.m2,350724,05C013DBD9327C1F9123C7424F43FFCCC228F193,D:\Sirus\_client\World of Warcraft Sirus\Naga_Extract_2026-10-03\ModelCompanions\ByArchive\common.mpq\SPELLS\TOONSMOKE16.BLP
common.mpq,SPELLS\NagaLordShell_Missile00.skin,skin-profile,SPELLS\NagaLordShell_Missile.m2,2112,A44FC1284747CE93FD3CDFDD68C3ABD1B51B7D64,D:\Sirus\_client\World of Warcraft Sirus\Naga_Extract_2026-10-03\ModelCompanions\ByArchive\common.mpq\SPELLS\NagaLordShell_Missile00.skin
common.mpq,WORLD\GENERIC\ORC\PASSIVE DOODADS\VOODOOSTUFF\GENERICGLOW1.BLP,embedded-model-dependency,SPELLS\NagaLordShell_Missile.m2 | World\Goober\G_NagaShellMissile.M2,2564,AF85F8F5ED8D84621E01D64A224642C1CD0B54C5,D:\Sirus\_client\World of Warcraft Sirus\Naga_Extract_2026-10-03\ModelCompanions\ByArchive\common.mpq\WORLD\GENERIC\ORC\PASSIVE DOODADS\VOODOOSTUFF\GENERICGLOW1.BLP
common.mpq,WORLD\GOOBER\SHOCKWAVE1.BLP,embedded-model-dependency,SPELLS\NagaLordShell_Missile.m2,12108,208A67E8E254E4414E334FA03CA14E7D7C2879F4,D:\Sirus\_client\World of Warcraft Sirus\Naga_Extract_2026-10-03\ModelCompanions\ByArchive\common.mpq\WORLD\GOOBER\SHOCKWAVE1.BLP
common.mpq,WORLD\AZEROTH\KARAZAHN\PASSIVEDOODADS\STARLAB\STARFLASHGREY.BLP,embedded-model-dependency,SPELLS\NagaLordShell_Missile.m2,12108,C181D579C420FE8EC8A40CA1E008BDA32C1B1F2C,D:\Sirus\_client\World of Warcraft Sirus\Naga_Extract_2026-10-03\ModelCompanions\ByArchive\common.mpq\WORLD\AZEROTH\KARAZAHN\PASSIVEDOODADS\STARLAB\STARFLASHGREY.BLP
common.mpq,World\Expansion01\Doodads\Generic\Naga\Banner\NA_Banner0100.skin,skin-profile,World\Expansion01\Doodads\Generic\Naga\Banner\NA_Banner01.m2,4656,146C029F8CE0786FBC922828F26965256DCA63E3,D:\Sirus\_client\World of Warcraft Sirus\Naga_Extract_2026-10-03\ModelCompanions\ByArchive\common.mpq\World\Expansion01\Doodads\Generic\Naga\Banner\NA_Banner0100.skin
common.mpq,WORLD\EXPANSION01\DOODADS\GENERIC\NAGA\BANNER\NA_BANNER.BLP,embedded-model-dependency,World\Expansion01\Doodads\Generic\Naga\Banner\NA_Banner01.m2,23036,148084A3DC33961DF9BCF0BF9EBCE5713CF38185,D:\Sirus\_client\World of Warcraft Sirus\Naga_Extract_2026-10-03\ModelCompanions\ByArchive\common.mpq\WORLD\EXPANSION01\DOODADS\GENERIC\NAGA\BANNER\NA_BANNER.BLP
common.mpq,World\Expansion01\Doodads\Generic\Naga\Crates\NA_Crate0100.skin,skin-profile,World\Expansion01\Doodads\Generic\Naga\Crates\NA_Crate01.m2,3264,E3FAF8D88B05D7AC3DAA8C8BB4FACEB475DA9392,D:\Sirus\_client\World of Warcraft Sirus\Naga_Extract_2026-10-03\ModelCompanions\ByArchive\common.mpq\World\Expansion01\Doodads\Generic\Naga\Crates\NA_Crate0100.skin
common.mpq,World\Expansion01\Doodads\Generic\Naga\Crates\NA_Jars.blp,embedded-model-dependency,World\Expansion01\Doodads\Generic\Naga\Crates\NA_Crate01.m2 | World\Expansion01\Doodads\Generic\Naga\Crates\NA_Crate02.m2 | World\Expansion01\Doodads\Generic\Naga\Jars\NA_Jar01.m2 | World\Expansion01\Doodads\Generic\Naga\Jars\NA_Jar02.m2,44876,DABB8B008F741F872925AEC1084823BDDF7A1907,D:\Sirus\_client\World of Warcraft Sirus\Naga_Extract_2026-10-03\ModelCompanions\ByArchive\common.mpq\World\Expansion01\Doodads\Generic\Naga\Crates\NA_Jars.blp
common.mpq,World\Expansion01\Doodads\Generic\Naga\Crates\NA_Crate0200.skin,skin-profile,World\Expansion01\Doodads\Generic\Naga\Crates\NA_Crate02.m2,3584,842729957F627A1A828765F786D379BB506F95EB,D:\Sirus\_client\World of Warcraft Sirus\Naga_Extract_2026-10-03\ModelCompanions\ByArchive\common.mpq\World\Expansion01\Doodads\Generic\Naga\Crates\NA_Crate0200.skin
common.mpq,World\Expansion01\Doodads\Generic\Naga\Distiller\NA_Distiller00.skin,skin-profile,World\Expansion01\Doodads\Generic\Naga\Distiller\NA_Distiller.m2,22544,9141A20D29391EDB49DAF52BE8A020D5B185CEAF,D:\Sirus\_client\World of Warcraft Sirus\Naga_Extract_2026-10-03\ModelCompanions\ByArchive\common.mpq\World\Expansion01\Doodads\Generic\Naga\Distiller\NA_Distiller00.skin
common.mpq,World\Expansion01\Doodads\Generic\Naga\Jars\NA_Jar0100.skin,skin-profile,World\Expansion01\Doodads\Generic\Naga\Jars\NA_Jar01.m2,2288,D0F7DDD87E921909F5608B43E14C9A89CEFF75AF,D:\Sirus\_client\World of Warcraft Sirus\Naga_Extract_2026-10-03\ModelCompanions\ByArchive\common.mpq\World\Expansion01\Doodads\Generic\Naga\Jars\NA_Jar0100.skin
common.mpq,World\Expansion01\Doodads\Generic\Naga\Jars\NA_Jar0200.skin,skin-profile,World\Expansion01\Doodads\Generic\Naga\Jars\NA_Jar02.m2,2112,F7A9271ABC8845DB8088EE07018D39BFEBA3730C,D:\Sirus\_client\World of Warcraft Sirus\Naga_Extract_2026-10-03\ModelCompanions\ByArchive\common.mpq\World\Expansion01\Doodads\Generic\Naga\Jars\NA_Jar0200.skin
common.mpq,World\Expansion01\Doodads\Generic\Naga\Pagoda\NagaPagodaHut0100.skin,skin-profile,World\Expansion01\Doodads\Generic\Naga\Pagoda\NagaPagodaHut01.m2,6016,83ED190D73BD10B259AA8A3DC1A240BF3243AD6F,D:\Sirus\_client\World of Warcraft Sirus\Naga_Extract_2026-10-03\ModelCompanions\ByArchive\common.mpq\World\Expansion01\Doodads\Generic\Naga\Pagoda\NagaPagodaHut0100.skin
common.mpq,WORLD\EXPANSION01\DOODADS\GENERIC\NAGA\PAGODA\NAGAPAGODA01.BLP,embedded-model-dependency,World\Expansion01\Doodads\Generic\Naga\Pagoda\NagaPagodaHut01.m2,44876,18908DC7F2B256623A90F4F547D15AC158837274,D:\Sirus\_client\World of Warcraft Sirus\Naga_Extract_2026-10-03\ModelCompanions\ByArchive\common.mpq\WORLD\EXPANSION01\DOODADS\GENERIC\NAGA\PAGODA\NAGAPAGODA01.BLP
common.mpq,World\Expansion01\Doodads\Generic\Naga\TORCH\NA_Torch0100.skin,skin-profile,World\Expansion01\Doodads\Generic\Naga\TORCH\NA_Torch01.m2,6592,A727B67D0E8C9723901F41A0B0D50B51BDB0EC70,D:\Sirus\_client\World of Warcraft Sirus\Naga_Extract_2026-10-03\ModelCompanions\ByArchive\common.mpq\World\Expansion01\Doodads\Generic\Naga\TORCH\NA_Torch0100.skin
common.mpq,WORLD\EXPANSION01\DOODADS\GENERIC\NAGA\TORCH\SHOCKWAVEWATER1EXTREME.BLP,embedded-model-dependency,World\Expansion01\Doodads\Generic\Naga\TORCH\NA_Torch01.m2,12108,B55C1F00DFD37763C31DFC3479B598B6E9C312E9,D:\Sirus\_client\World of Warcraft Sirus\Naga_Extract_2026-10-03\ModelCompanions\ByArchive\common.mpq\WORLD\EXPANSION01\DOODADS\GENERIC\NAGA\TORCH\SHOCKWAVEWATER1EXTREME.BLP
common.mpq,WORLD\EXPANSION01\DOODADS\GENERIC\NAGA\TORCH\NA_GLOWFISH.BLP,embedded-model-dependency,World\Expansion01\Doodads\Generic\Naga\TORCH\NA_Torch01.m2,6660,3EFCFCC5029EF354353B146BC833FEE29E90EC9E,D:\Sirus\_client\World of Warcraft Sirus\Naga_Extract_2026-10-03\ModelCompanions\ByArchive\common.mpq\WORLD\EXPANSION01\DOODADS\GENERIC\NAGA\TORCH\NA_GLOWFISH.BLP
common.mpq,WORLD\KALIMDOR\FERALAS\PASSIVEDOODADS\TREE\FROSTGLOWBALL64.BLP,embedded-model-dependency,World\Expansion01\Doodads\Generic\Naga\TORCH\NA_Torch01.m2,3916,B20BE9975D4EB6889F2E2E6D71D77CCB610948CE,D:\Sirus\_client\World of Warcraft Sirus\Naga_Extract_2026-10-03\ModelCompanions\ByArchive\common.mpq\WORLD\KALIMDOR\FERALAS\PASSIVEDOODADS\TREE\FROSTGLOWBALL64.BLP
common.mpq,ITEM\OBJECTCOMPONENTS\WEAPON\POLEARM_2H_TRIDENT_B_02.BLP,embedded-model-dependency,World\Expansion01\Doodads\Generic\Naga\WeaponStacks\NA_WeaponStack01.M2 | World\Expansion01\Doodads\Generic\Naga\WeaponStacks\NA_WeaponStack02.m2 | World\Expansion01\Doodads\Generic\Naga\Crates\NA_Barricade_01.M2,6652,F713D09C31C9D8F22355E82085D70CC658D1414D,D:\Sirus\_client\World of Warcraft Sirus\Naga_Extract_2026-10-03\ModelCompanions\ByArchive\common.mpq\ITEM\OBJECTCOMPONENTS\WEAPON\POLEARM_2H_TRIDENT_B_02.BLP
common.mpq,World\Expansion01\Doodads\Generic\Naga\WeaponStacks\NA_WeaponStack0200.skin,skin-profile,World\Expansion01\Doodads\Generic\Naga\WeaponStacks\NA_WeaponStack02.m2,8480,48A7301A6A27607738FC4E03C9F8D8308996D929,D:\Sirus\_client\World of Warcraft Sirus\Naga_Extract_2026-10-03\ModelCompanions\ByArchive\common.mpq\World\Expansion01\Doodads\Generic\Naga\WeaponStacks\NA_WeaponStack0200.skin
common.mpq,WORLD\GENERIC\TAUREN\PASSIVE DOODADS\TAURENTRAVOIS\DEADMINEFLOORNETS4.BLP,embedded-model-dependency,World\Expansion01\Doodads\Generic\Naga\WeaponStacks\NA_WeaponStack02.m2 | World\Expansion01\Doodads\Generic\Naga\Crates\NA_Barricade_01.M2,23036,05FAC12EB99434A3A32A3949E1836B9EFF038DDD,D:\Sirus\_client\World of Warcraft Sirus\Naga_Extract_2026-10-03\ModelCompanions\ByArchive\common.mpq\WORLD\GENERIC\TAUREN\PASSIVE DOODADS\TAURENTRAVOIS\DEADMINEFLOORNETS4.BLP
common.mpq,WORLD\GENERIC\PASSIVEDOODADS\WEAPONS\TRIDENT COPY.BLP,embedded-model-dependency,World\Generic\PassiveDoodads\Weapons\naga_trident.M2 | World\Generic\PassiveDoodads\Weapons\naga_trident_horizontal.M2,6652,0B57D3DF0977935F217D603516558BED2E6779ED,D:\Sirus\_client\World of Warcraft Sirus\Naga_Extract_2026-10-03\ModelCompanions\ByArchive\common.mpq\WORLD\GENERIC\PASSIVEDOODADS\WEAPONS\TRIDENT COPY.BLP
common.mpq,WORLD\EXPANSION01\DOODADS\SHATTRATH\PASSIVEDOODADS\LIGHTING\FLARE_BREAKAPART2.BLP,embedded-model-dependency,World\Goober\G_NagaShellMissile.M2,12108,BB30032177CE3CAC9589E30D2EB23EF6C9F92F7C,D:\Sirus\_client\World of Warcraft Sirus\Naga_Extract_2026-10-03\ModelCompanions\ByArchive\common.mpq\WORLD\EXPANSION01\DOODADS\SHATTRATH\PASSIVEDOODADS\LIGHTING\FLARE_BREAKAPART2.BLP
common.mpq,SPELLS\BEERBUBBLE.BLP,embedded-model-dependency,World\Goober\G_NagaShellMissile.M2,6660,BE68C1FA892C63952DE15E7947F12DA4A86B7466,D:\Sirus\_client\World of Warcraft Sirus\Naga_Extract_2026-10-03\ModelCompanions\ByArchive\common.mpq\SPELLS\BEERBUBBLE.BLP
common.mpq,WORLD\KALIMDOR\AZSHARA\PASSIVEDOODADS\NAGAFLAGS\NAGAFLAG01.BLP,embedded-model-dependency,World\KALIMDOR\Azshara\PassiveDoodads\NAGAFLAGS\NagaFlag01.M2 | World\KALIMDOR\Azshara\PassiveDoodads\NAGAFLAGS\NagaFlag02.M2,88580,C7B0855D2C5EBF87386F0413D361B8E2BA7543C3,D:\Sirus\_client\World of Warcraft Sirus\Naga_Extract_2026-10-03\ModelCompanions\ByArchive\common.mpq\WORLD\KALIMDOR\AZSHARA\PASSIVEDOODADS\NAGAFLAGS\NAGAFLAG01.BLP
common.mpq,WORLD\ENVIRONMENT\DOODAD\AZSHARA\NAGACAMP\TEXTURE\NAGAPAVILION01.BLP,embedded-model-dependency,World\KALIMDOR\Azshara\PassiveDoodads\NagaPagoda\NagaPagoda02.M2,44876,172AA2CD7BD0ADDB3676DF0917F83475D31B43F9,D:\Sirus\_client\World of Warcraft Sirus\Naga_Extract_2026-10-03\ModelCompanions\ByArchive\common.mpq\WORLD\ENVIRONMENT\DOODAD\AZSHARA\NAGACAMP\TEXTURE\NAGAPAVILION01.BLP
common.mpq,WORLD\KALIMDOR\BLACKFATHOM\PASSIVEDOODADS\BRAZIERS\NAGABRAZIER.BLP,embedded-model-dependency,World\KALIMDOR\BLACKFATHOM\PASSIVEDOODADS\BRAZIERS\BFD_NagaBrazier.M2,23036,DBA38D00BCA0EC9D239689A7C7817711CB30187C,D:\Sirus\_client\World of Warcraft Sirus\Naga_Extract_2026-10-03\ModelCompanions\ByArchive\common.mpq\WORLD\KALIMDOR\BLACKFATHOM\PASSIVEDOODADS\BRAZIERS\NAGABRAZIER.BLP
common.mpq,WORLD\GENERIC\GOBLIN\PASSIVEDOODADS\GOBLINMACHINERY\ARMORREFLECT01.BLP,embedded-model-dependency,World\KALIMDOR\BLACKFATHOM\PASSIVEDOODADS\BRAZIERS\BFD_NagaBrazier.M2 | World\KALIMDOR\BLACKFATHOM\PASSIVEDOODADS\STATUE\BFD_StatueNagaPriestess.M2,3916,12B50BA377F02DE5E4BBDD1255D8F143F20418F8,D:\Sirus\_client\World of Warcraft Sirus\Naga_Extract_2026-10-03\ModelCompanions\ByArchive\common.mpq\WORLD\GENERIC\GOBLIN\PASSIVEDOODADS\GOBLINMACHINERY\ARMORREFLECT01.BLP
common.mpq,WORLD\AZEROTH\KARAZAHN\PASSIVEDOODADS\BONFIRE\FLAMELICKSMALLBLUE.BLP,embedded-model-dependency,World\KALIMDOR\BLACKFATHOM\PASSIVEDOODADS\BRAZIERS\BFD_NagaBrazier.M2,23044,B44C10D46EC0AF46C667FD8FBACB4C0244154F14,D:\Sirus\_client\World of Warcraft Sirus\Naga_Extract_2026-10-03\ModelCompanions\ByArchive\common.mpq\WORLD\AZEROTH\KARAZAHN\PASSIVEDOODADS\BONFIRE\FLAMELICKSMALLBLUE.BLP
common.mpq,World\Kalimdor\Blackfathom\PassiveDoodads\Statue\StatueNagaRing.blp,embedded-model-dependency,World\KALIMDOR\BLACKFATHOM\PASSIVEDOODADS\STATUE\BFD_StatueNagaPriestess.M2,23036,D75D886C0AE46D868E53E39C426E6643D1C26D69,D:\Sirus\_client\World of Warcraft Sirus\Naga_Extract_2026-10-03\ModelCompanions\ByArchive\common.mpq\World\Kalimdor\Blackfathom\PassiveDoodads\Statue\StatueNagaRing.blp
common.mpq,World\Kalimdor\Blackfathom\PassiveDoodads\Statue\StatueNagaFemale.blp,embedded-model-dependency,World\KALIMDOR\BLACKFATHOM\PASSIVEDOODADS\STATUE\BFD_StatueNagaPriestess.M2,88580,0441DA2D415CE757C15FA5A561490B866379786B,D:\Sirus\_client\World of Warcraft Sirus\Naga_Extract_2026-10-03\ModelCompanions\ByArchive\common.mpq\World\Kalimdor\Blackfathom\PassiveDoodads\Statue\StatueNagaFemale.blp
common.mpq,ITEM\OBJECTCOMPONENTS\SHIELD\ARMORREFLECT4.BLP,embedded-model-dependency,ITEM\ObjectComponents\Weapon\Polearm_2H_Trident_Naga_B_01.M2 | ITEM\ObjectComponents\Weapon\Polearm_2H_Trident_Naga_B_02.M2 | ITEM\ObjectComponents\Weapon\Polearm_2H_Trident_Naga_B_03.M2 | World\Generic\PassiveDoodads\Weapons\Naga_Trident02.M2 | item\objectcomponents\shield\shield_1h_naga_c_01.m2,3916,1A83D58BAD1B162E9322DD0EE8D2B207C8ED456C,D:\Sirus\_client\World of Warcraft Sirus\Naga_Extract_2026-10-03\ModelCompanions\ByArchive\common.mpq\ITEM\OBJECTCOMPONENTS\SHIELD\ARMORREFLECT4.BLP
common.mpq,ITEM\OBJECTCOMPONENTS\WEAPON\ORBREFLECTBRIGHT.BLP,embedded-model-dependency,World\Expansion01\Doodads\Generic\Naga\Artifact\NA_Artifact01.M2,1868,5164750CC131514A4DB27DC4663BE6C494909343,D:\Sirus\_client\World of Warcraft Sirus\Naga_Extract_2026-10-03\ModelCompanions\ByArchive\common.mpq\ITEM\OBJECTCOMPONENTS\WEAPON\ORBREFLECTBRIGHT.BLP
common.mpq,WORLD\EXPANSION02\DOODADS\BOREANTUNDRA\BEACH\BOREAN_STARFISH_01.BLP,embedded-model-dependency,World\Expansion01\Doodads\Generic\Naga\Crates\NA_Barricade_01.M2 | World\Expansion01\Doodads\Generic\Naga\Crates\NA_Barricade_Shell_01.M2,23036,1DEBF49720E32B77021134E98191C425E5254E73,D:\Sirus\_client\World of Warcraft Sirus\Naga_Extract_2026-10-03\ModelCompanions\ByArchive\common.mpq\WORLD\EXPANSION02\DOODADS\BOREANTUNDRA\BEACH\BOREAN_STARFISH_01.BLP
common.mpq,DUNGEONS\TEXTURES\NAGA\MM_BARNACLES_2.BLP,embedded-model-dependency,World\Expansion01\Doodads\Generic\Naga\Crates\NA_Barricade_Shell_01.M2,44876,38B319492FE9F3D1B296B3635D73DA4F97FABA34,D:\Sirus\_client\World of Warcraft Sirus\Naga_Extract_2026-10-03\ModelCompanions\ByArchive\common.mpq\DUNGEONS\TEXTURES\NAGA\MM_BARNACLES_2.BLP
common.mpq,WORLD\GENERIC\PASSIVEDOODADS\DEATHSKELETONS\DEATHSKELETONSKIN.BLP,embedded-model-dependency,World\Generic\PassiveDoodads\DEATHSKELETONS\NagaFemaleDeathSkeleton.M2 | World\Generic\PassiveDoodads\DEATHSKELETONS\NagaMaleDeathSkeleton.M2,44900,6D5A5E516D458995521658992289FFE4E131C18A,D:\Sirus\_client\World of Warcraft Sirus\Naga_Extract_2026-10-03\ModelCompanions\ByArchive\common.mpq\WORLD\GENERIC\PASSIVEDOODADS\DEATHSKELETONS\DEATHSKELETONSKIN.BLP
common.mpq,item\objectcomponents\weapon\nex_envmap03.blp,embedded-model-dependency,item\objectcomponents\weapon\hand_1h_naga_c_01.m2,44876,35835B21DE20B49823F342F99914D55584620E9A,D:\Sirus\_client\World of Warcraft Sirus\Naga_Extract_2026-10-03\ModelCompanions\ByArchive\common.mpq\item\objectcomponents\weapon\nex_envmap03.blp
common.mpq,item\objectcomponents\weapon\armorreflect4.blp,embedded-model-dependency,item\objectcomponents\weapon\knife_1h_naga_c_01.m2 | item\objectcomponents\weapon\mace_1h_naga_a_01.m2,3916,1A83D58BAD1B162E9322DD0EE8D2B207C8ED456C,D:\Sirus\_client\World of Warcraft Sirus\Naga_Extract_2026-10-03\ModelCompanions\ByArchive\common.mpq\item\objectcomponents\weapon\armorreflect4.blp
common.mpq,CREATURE\PROTODRAGON\ORBREFLECT.BLP,embedded-model-dependency,Character\Naga\Female\Naga_HD_Female.m2 | Character\Naga\Male\Naga_HD_Male.m2,1868,8BF1A78E753716F9A2B4ACEE47F6048D443392CF,D:\Sirus\_client\World of Warcraft Sirus\Naga_Extract_2026-10-03\ModelCompanions\ByArchive\common.mpq\CREATURE\PROTODRAGON\ORBREFLECT.BLP
common.mpq,WORLD\GENERIC\OGRE\PASSIVE DOODADS\TORCHES\FLAMELICKSMALLMAGICBLUE.BLP,embedded-model-dependency,World\Sirus\Naga_totem_air.m2 | World\Sirus\Naga_totem_earth.m2 | World\Sirus\Naga_totem_water.m2,23044,BE589FCC6177800900871556C1BCA8F7B531D70D,D:\Sirus\_client\World of Warcraft Sirus\Naga_Extract_2026-10-03\ModelCompanions\ByArchive\common.mpq\WORLD\GENERIC\OGRE\PASSIVE DOODADS\TORCHES\FLAMELICKSMALLMAGICBLUE.BLP
common.mpq,ITEM\OBJECTCOMPONENTS\AMMO\BLUE_GLOW2.BLP,embedded-model-dependency,World\Sirus\Naga_totem_air.m2,1868,0F3EDB20EA4670742FC9262689F542F94793E599,D:\Sirus\_client\World of Warcraft Sirus\Naga_Extract_2026-10-03\ModelCompanions\ByArchive\common.mpq\ITEM\OBJECTCOMPONENTS\AMMO\BLUE_GLOW2.BLP
common.mpq,CREATURE\SPELLS\TROLLSHAMANTOTEM.BLP,embedded-model-dependency,World\Sirus\Naga_totem_air.m2 | World\Sirus\Naga_totem_earth.m2 | World\Sirus\Naga_totem_fire.m2 | World\Sirus\Naga_totem_water.m2,175948,A492F0B3238AECE68F6E15822BA9D1E89490A639,D:\Sirus\_client\World of Warcraft Sirus\Naga_Extract_2026-10-03\ModelCompanions\ByArchive\common.mpq\CREATURE\SPELLS\TROLLSHAMANTOTEM.BLP
common.mpq,CREATURE\SPELLS\DUST5A.BLP,embedded-model-dependency,World\Sirus\Naga_totem_air.m2 | World\Sirus\Naga_totem_earth.m2 | World\Sirus\Naga_totem_fire.m2 | World\Sirus\Naga_totem_water.m2,6660,CFFCFBEC54DA8499E9B4741B5AB348D98C55BE3C,D:\Sirus\_client\World of Warcraft Sirus\Naga_Extract_2026-10-03\ModelCompanions\ByArchive\common.mpq\CREATURE\SPELLS\DUST5A.BLP
common.mpq,CREATURE\SPELLS\TOONSMOKE16_2.BLP,embedded-model-dependency,World\Sirus\Naga_totem_air.m2 | World\Sirus\Naga_totem_earth.m2 | World\Sirus\Naga_totem_fire.m2 | World\Sirus\Naga_totem_water.m2,350724,7B4CF903C203DA4395748450EB770D1609FE6FDC,D:\Sirus\_client\World of Warcraft Sirus\Naga_Extract_2026-10-03\ModelCompanions\ByArchive\common.mpq\CREATURE\SPELLS\TOONSMOKE16_2.BLP
common.mpq,SPELLS\GREEN_GLOW2.BLP,embedded-model-dependency,World\Sirus\Naga_totem_earth.m2,1868,2C282483DDF0E1A26770B320D0809BD090E79D14,D:\Sirus\_client\World of Warcraft Sirus\Naga_Extract_2026-10-03\ModelCompanions\ByArchive\common.mpq\SPELLS\GREEN_GLOW2.BLP
common.mpq,ITEM\OBJECTCOMPONENTS\WEAPON\FLAMELICKSMALL.BLP,embedded-model-dependency,World\Sirus\Naga_totem_fire.m2,23044,1C5DE3258525080516447E30D6CBFD1ADAA33887,D:\Sirus\_client\World of Warcraft Sirus\Naga_Extract_2026-10-03\ModelCompanions\ByArchive\common.mpq\ITEM\OBJECTCOMPONENTS\WEAPON\FLAMELICKSMALL.BLP
common.mpq,PARTICLES\RED_GLOW2.BLP,embedded-model-dependency,World\Sirus\Naga_totem_fire.m2,1868,42D99295B7755D066CAA40DCB1D5DCE61B3E150E,D:\Sirus\_client\World of Warcraft Sirus\Naga_Extract_2026-10-03\ModelCompanions\ByArchive\common.mpq\PARTICLES\RED_GLOW2.BLP
common.mpq,WORLD\GENERIC\HUMAN\PASSIVE DOODADS\BRAZIERS\GENERICGLOWX.BLP,embedded-model-dependency,World\Sirus\Naga_totem_water.m2,2564,2EB94D41F641599544394BE6A22E5BFD87A247BD,D:\Sirus\_client\World of Warcraft Sirus\Naga_Extract_2026-10-03\ModelCompanions\ByArchive\common.mpq\WORLD\GENERIC\HUMAN\PASSIVE DOODADS\BRAZIERS\GENERICGLOWX.BLP
common.mpq,WORLD\GOOBER\WATERBLOBS1.BLP,embedded-model-dependency,World\Sirus\Naga_totem_water.m2,6660,A3BCC95A3FCE74F9FBB11BE8CAF93DEEB86C3744,D:\Sirus\_client\World of Warcraft Sirus\Naga_Extract_2026-10-03\ModelCompanions\ByArchive\common.mpq\WORLD\GOOBER\WATERBLOBS1.BLP
common.mpq,Character\naga_\male\naga_maleskin00_01.blp,embedded-model-dependency,Character\NagaSirusHD\Male\Snaga_male.m2 | character\NagaSirusHD\male\Snaga_male.m2,88553,A42D88FA4AAACD42BAC744ED54C8DB7D83B7856D,D:\Sirus\_client\World of Warcraft Sirus\Naga_Extract_2026-10-03\ModelCompanions\ByArchive\common.mpq\Character\naga_\male\naga_maleskin00_01.blp
patch-4.MPQ,Character\Naga\Female\Naga_HD_Female0060-00.anim,external-animation,Character\Naga\Female\Naga_HD_Female.m2,19808,24C0F308E93005F71AD9CF72B53F2F7BCAF98CCD,D:\Sirus\_client\World of Warcraft Sirus\Naga_Extract_2026-10-03\ModelCompanions\ByArchive\patch-4.MPQ\Character\Naga\Female\Naga_HD_Female0060-00.anim
patch-4.MPQ,Character\Naga\Female\Naga_HD_Female0062-00.anim,external-animation,Character\Naga\Female\Naga_HD_Female.m2,14592,40F26196B18AE36E639CC0818ECC818EA64600A5,D:\Sirus\_client\World of Warcraft Sirus\Naga_Extract_2026-10-03\ModelCompanions\ByArchive\patch-4.MPQ\Character\Naga\Female\Naga_HD_Female0062-00.anim
patch-4.MPQ,Character\Naga\Female\Naga_HD_Female00.skin,skin-profile,Character\Naga\Female\Naga_HD_Female.m2,46668,51081276B0D1A66105C7C41F3E6E6A6E325E3F66,D:\Sirus\_client\World of Warcraft Sirus\Naga_Extract_2026-10-03\ModelCompanions\ByArchive\patch-4.MPQ\Character\Naga\Female\Naga_HD_Female00.skin
patch-4.MPQ,Character\Naga\Female\Naga_HD_Female01.skin,skin-profile,Character\Naga\Female\Naga_HD_Female.m2,46828,50469BE780C39567DD9E963978FD714B53DB5B08,D:\Sirus\_client\World of Warcraft Sirus\Naga_Extract_2026-10-03\ModelCompanions\ByArchive\patch-4.MPQ\Character\Naga\Female\Naga_HD_Female01.skin
patch-4.MPQ,Character\Naga\Female\Naga_HD_Female02.skin,skin-profile,Character\Naga\Female\Naga_HD_Female.m2,47740,5E1053B778EEF45CDB6697144DCF5E8E06B769A1,D:\Sirus\_client\World of Warcraft Sirus\Naga_Extract_2026-10-03\ModelCompanions\ByArchive\patch-4.MPQ\Character\Naga\Female\Naga_HD_Female02.skin
patch-4.MPQ,Character\Naga\Female\Naga_HD_Female03.skin,skin-profile,Character\Naga\Female\Naga_HD_Female.m2,49100,0828089B6D1DDF812A27DEA7A2695FB376FD9AC1,D:\Sirus\_client\World of Warcraft Sirus\Naga_Extract_2026-10-03\ModelCompanions\ByArchive\patch-4.MPQ\Character\Naga\Female\Naga_HD_Female03.skin
patch-4.MPQ,Character\Naga\Male\Naga_HD_Male0060-00.anim,external-animation,Character\Naga\Male\Naga_HD_Male.m2,21744,BDB0C4EF1B17826CAB53E9D2BB60E5BD54FE71BC,D:\Sirus\_client\World of Warcraft Sirus\Naga_Extract_2026-10-03\ModelCompanions\ByArchive\patch-4.MPQ\Character\Naga\Male\Naga_HD_Male0060-00.anim
patch-4.MPQ,Character\Naga\Male\Naga_HD_Male0062-00.anim,external-animation,Character\Naga\Male\Naga_HD_Male.m2,16160,F2574AD05A484C1B99521A94CE9DF2A8EBD76C84,D:\Sirus\_client\World of Warcraft Sirus\Naga_Extract_2026-10-03\ModelCompanions\ByArchive\patch-4.MPQ\Character\Naga\Male\Naga_HD_Male0062-00.anim
patch-4.MPQ,Character\Naga\Male\Naga_HD_Male00.skin,skin-profile,Character\Naga\Male\Naga_HD_Male.m2,77468,88005B089186B945F790AE105C39A7324860DBBA,D:\Sirus\_client\World of Warcraft Sirus\Naga_Extract_2026-10-03\ModelCompanions\ByArchive\patch-4.MPQ\Character\Naga\Male\Naga_HD_Male00.skin
patch-4.MPQ,Character\Naga\Male\Naga_HD_Male01.skin,skin-profile,Character\Naga\Male\Naga_HD_Male.m2,77612,3870BFF0DA3905D40CF84C3C6A12660FB51BE4C9,D:\Sirus\_client\World of Warcraft Sirus\Naga_Extract_2026-10-03\ModelCompanions\ByArchive\patch-4.MPQ\Character\Naga\Male\Naga_HD_Male01.skin
patch-4.MPQ,Character\Naga\Male\Naga_HD_Male02.skin,skin-profile,Character\Naga\Male\Naga_HD_Male.m2,77900,3A19FD8D28F9C825E697AAF9972A5E7AE420C693,D:\Sirus\_client\World of Warcraft Sirus\Naga_Extract_2026-10-03\ModelCompanions\ByArchive\patch-4.MPQ\Character\Naga\Male\Naga_HD_Male02.skin
patch-4.MPQ,Character\Naga\Male\Naga_HD_Male03.skin,skin-profile,Character\Naga\Male\Naga_HD_Male.m2,80828,B276B88E8BA08203FD3E298A795F7EB8E13D6DBF,D:\Sirus\_client\World of Warcraft Sirus\Naga_Extract_2026-10-03\ModelCompanions\ByArchive\patch-4.MPQ\Character\Naga\Male\Naga_HD_Male03.skin
patch-5.MPQ,Creature\babynaga\babynaga0060-00.anim,external-animation,Creature\babynaga\babynaga.m2,19664,A90BD79BAD10D276D1707868086E12668273BF7B,D:\Sirus\_client\World of Warcraft Sirus\Naga_Extract_2026-10-03\ModelCompanions\ByArchive\patch-5.MPQ\Creature\babynaga\babynaga0060-00.anim
patch-5.MPQ,Creature\babynaga\babynaga0062-00.anim,external-animation,Creature\babynaga\babynaga.m2,11968,E3B763753BE38B4A9936E90F6EDF7395FA431B54,D:\Sirus\_client\World of Warcraft Sirus\Naga_Extract_2026-10-03\ModelCompanions\ByArchive\patch-5.MPQ\Creature\babynaga\babynaga0062-00.anim
patch-5.MPQ,Creature\babynaga\babynaga00.skin,skin-profile,Creature\babynaga\babynaga.m2,20104,D7E730AFC720A8139873AE66F3500830853D3189,D:\Sirus\_client\World of Warcraft Sirus\Naga_Extract_2026-10-03\ModelCompanions\ByArchive\patch-5.MPQ\Creature\babynaga\babynaga00.skin
patch-5.MPQ,Creature\babynaga\babynaga01.skin,skin-profile,Creature\babynaga\babynaga.m2,20808,9852B7B6B46EA66379ADF9E5B4F737051D24623A,D:\Sirus\_client\World of Warcraft Sirus\Naga_Extract_2026-10-03\ModelCompanions\ByArchive\patch-5.MPQ\Creature\babynaga\babynaga01.skin
patch-5.MPQ,creature\babynaga\armorreflect_rainbow_2264904.blp,embedded-model-dependency,Creature\babynaga\babynaga.m2,3916,6DC0373C626422FFC1ED9EA95D3D6E619FFBC6B7,D:\Sirus\_client\World of Warcraft Sirus\Naga_Extract_2026-10-03\ModelCompanions\ByArchive\patch-5.MPQ\creature\babynaga\armorreflect_rainbow_2264904.blp
patch-5.MPQ,Creature\NagaBrute\NagaBrute0084-00.anim,external-animation,Creature\NagaBrute\NagaBrute.m2,29536,91AEF27012212A5D79E6D86145B2D61C85D9AD2F,D:\Sirus\_client\World of Warcraft Sirus\Naga_Extract_2026-10-03\ModelCompanions\ByArchive\patch-5.MPQ\Creature\NagaBrute\NagaBrute0084-00.anim
patch-5.MPQ,Creature\NagaBrute\NagaBrute0060-00.anim,external-animation,Creature\NagaBrute\NagaBrute.m2,37088,24AFBD5E87F29C059E25A95219B9C1B528C3B69B,D:\Sirus\_client\World of Warcraft Sirus\Naga_Extract_2026-10-03\ModelCompanions\ByArchive\patch-5.MPQ\Creature\NagaBrute\NagaBrute0060-00.anim
patch-5.MPQ,Creature\NagaBrute\NagaBrute0062-00.anim,external-animation,Creature\NagaBrute\NagaBrute.m2,87584,6C9623CC042736646BF770277AB07F9FA96ECA95,D:\Sirus\_client\World of Warcraft Sirus\Naga_Extract_2026-10-03\ModelCompanions\ByArchive\patch-5.MPQ\Creature\NagaBrute\NagaBrute0062-00.anim
patch-5.MPQ,Creature\NagaBrute\NagaBrute0097-00.anim,external-animation,Creature\NagaBrute\NagaBrute.m2,18688,1ECE836B668C0ED9D511B743376EA9BE9DEB13B5,D:\Sirus\_client\World of Warcraft Sirus\Naga_Extract_2026-10-03\ModelCompanions\ByArchive\patch-5.MPQ\Creature\NagaBrute\NagaBrute0097-00.anim
patch-5.MPQ,Creature\NagaBrute\NagaBrute0096-00.anim,external-animation,Creature\NagaBrute\NagaBrute.m2,31648,97CD6669492C71CE45C4A2DC55BF7B2C0BE51042,D:\Sirus\_client\World of Warcraft Sirus\Naga_Extract_2026-10-03\ModelCompanions\ByArchive\patch-5.MPQ\Creature\NagaBrute\NagaBrute0096-00.anim
patch-5.MPQ,Creature\NagaBrute\NagaBrute0098-00.anim,external-animation,Creature\NagaBrute\NagaBrute.m2,31136,1441E66727E5F553F20D58D5BC2CE2F69C435743,D:\Sirus\_client\World of Warcraft Sirus\Naga_Extract_2026-10-03\ModelCompanions\ByArchive\patch-5.MPQ\Creature\NagaBrute\NagaBrute0098-00.anim
patch-5.MPQ,Creature\NagaBrute\NagaBrute0100-00.anim,external-animation,Creature\NagaBrute\NagaBrute.m2,21472,21DFE38FEDD9F498BE446CFE2888BF64A9D63F70,D:\Sirus\_client\World of Warcraft Sirus\Naga_Extract_2026-10-03\ModelCompanions\ByArchive\patch-5.MPQ\Creature\NagaBrute\NagaBrute0100-00.anim
patch-5.MPQ,Creature\NagaBrute\NagaBrute0099-00.anim,external-animation,Creature\NagaBrute\NagaBrute.m2,47616,6C337994440FEC2996DD4B0FDF0C5FB5C544E9A8,D:\Sirus\_client\World of Warcraft Sirus\Naga_Extract_2026-10-03\ModelCompanions\ByArchive\patch-5.MPQ\Creature\NagaBrute\NagaBrute0099-00.anim
patch-5.MPQ,Creature\NagaBrute\NagaBrute0101-00.anim,external-animation,Creature\NagaBrute\NagaBrute.m2,52016,BC772B465150C5266A55551250A55F7BBEC1CC40,D:\Sirus\_client\World of Warcraft Sirus\Naga_Extract_2026-10-03\ModelCompanions\ByArchive\patch-5.MPQ\Creature\NagaBrute\NagaBrute0101-00.anim
patch-5.MPQ,Creature\NagaBrute\NagaBrute00.skin,skin-profile,Creature\NagaBrute\NagaBrute.m2,54168,331AF61F817615EDA9390C4AB89F36CCEE6B3A22,D:\Sirus\_client\World of Warcraft Sirus\Naga_Extract_2026-10-03\ModelCompanions\ByArchive\patch-5.MPQ\Creature\NagaBrute\NagaBrute00.skin
patch-5.MPQ,Creature\NagaBrute\NagaBrute01.skin,skin-profile,Creature\NagaBrute\NagaBrute.m2,54696,0F20B5DD7BD4DA2714F0376A632504AB0C4E0F73,D:\Sirus\_client\World of Warcraft Sirus\Naga_Extract_2026-10-03\ModelCompanions\ByArchive\patch-5.MPQ\Creature\NagaBrute\NagaBrute01.skin
patch-5.MPQ,Creature\NagaBrute\ArmorReflect3.blp,embedded-model-dependency,Creature\NagaBrute\NagaBrute.m2,3916,C73E41648809B9382A6583ADE8CA727A530643EA,D:\Sirus\_client\World of Warcraft Sirus\Naga_Extract_2026-10-03\ModelCompanions\ByArchive\patch-5.MPQ\Creature\NagaBrute\ArmorReflect3.blp
patch-5.MPQ,CREATURE\PROTODRAGON\ORBREFLECT.BLP,embedded-model-dependency,Character\Naga\Female\Naga_HD_Female.m2 | Character\Naga\Male\Naga_HD_Male.m2,1868,8BF1A78E753716F9A2B4ACEE47F6048D443392CF,D:\Sirus\_client\World of Warcraft Sirus\Naga_Extract_2026-10-03\ModelCompanions\ByArchive\patch-5.MPQ\CREATURE\PROTODRAGON\ORBREFLECT.BLP
patch-5.MPQ,creature\CustomCharacters\Alaeth\AlaethNaga0060-00.anim,external-animation,creature\CustomCharacters\Alaeth\AlaethNaga.m2 | Creature\CustomCharacters\Alaeth\AlaethNaga.m2,718656,5780868CA152D66399796DC482D2F63BE8ECE514,D:\Sirus\_client\World of Warcraft Sirus\Naga_Extract_2026-10-03\ModelCompanions\ByArchive\patch-5.MPQ\creature\CustomCharacters\Alaeth\AlaethNaga0060-00.anim
patch-5.MPQ,creature\CustomCharacters\Alaeth\AlaethNaga00.skin,skin-profile,creature\CustomCharacters\Alaeth\AlaethNaga.m2 | Creature\CustomCharacters\Alaeth\AlaethNaga.m2,200448,0FB3DF8F2FEFBCEAD0F52A7D340A052252233E8D,D:\Sirus\_client\World of Warcraft Sirus\Naga_Extract_2026-10-03\ModelCompanions\ByArchive\patch-5.MPQ\creature\CustomCharacters\Alaeth\AlaethNaga00.skin
patch-5.MPQ,creature\CustomCharacters\Alaeth\AlaethNaga01.skin,skin-profile,creature\CustomCharacters\Alaeth\AlaethNaga.m2,202992,CD975511ECECB811F93F0B87E606DEDD40A5C333,D:\Sirus\_client\World of Warcraft Sirus\Naga_Extract_2026-10-03\ModelCompanions\ByArchive\patch-5.MPQ\creature\CustomCharacters\Alaeth\AlaethNaga01.skin
patch-5.MPQ,creature\CustomCharacters\Alaeth\AlaethNaga02.skin,skin-profile,creature\CustomCharacters\Alaeth\AlaethNaga.m2,202448,A3E67EE59D051A4B36308B58632E78274581ED65,D:\Sirus\_client\World of Warcraft Sirus\Naga_Extract_2026-10-03\ModelCompanions\ByArchive\patch-5.MPQ\creature\CustomCharacters\Alaeth\AlaethNaga02.skin
patch-5.MPQ,creature\CustomCharacters\Alaeth\AlaethNaga03.skin,skin-profile,creature\CustomCharacters\Alaeth\AlaethNaga.m2,207472,2CD5E8B5BF71477BD16EC13A596D90C92191C099,D:\Sirus\_client\World of Warcraft Sirus\Naga_Extract_2026-10-03\ModelCompanions\ByArchive\patch-5.MPQ\creature\CustomCharacters\Alaeth\AlaethNaga03.skin
patch-5.MPQ,Creature\CustomCharacters\Alaeth\Alaeth_Eyes01.blp,embedded-model-dependency,creature\CustomCharacters\Alaeth\AlaethNaga.m2 | Creature\CustomCharacters\Alaeth\AlaethNaga.m2,44884,8B9B00E5218854CF3165956811269357EC6DE780,D:\Sirus\_client\World of Warcraft Sirus\Naga_Extract_2026-10-03\ModelCompanions\ByArchive\patch-5.MPQ\Creature\CustomCharacters\Alaeth\Alaeth_Eyes01.blp
patch-5.MPQ,Creature\CustomCharacters\Alaeth\AlaethNaga_Body.blp,embedded-model-dependency,creature\CustomCharacters\Alaeth\AlaethNaga.m2 | Creature\CustomCharacters\Alaeth\AlaethNaga.m2,700236,BA68C35B0495C3BD6217A460DF286C6CEC4B0C78,D:\Sirus\_client\World of Warcraft Sirus\Naga_Extract_2026-10-03\ModelCompanions\ByArchive\patch-5.MPQ\Creature\CustomCharacters\Alaeth\AlaethNaga_Body.blp
patch-5.MPQ,Creature\CustomCharacters\Alaeth\AlaethNaga_Tent.blp,embedded-model-dependency,creature\CustomCharacters\Alaeth\AlaethNaga.m2 | Creature\CustomCharacters\Alaeth\AlaethNaga.m2,1399300,89FE21DE44CE184845474B748623DEAD97444B98,D:\Sirus\_client\World of Warcraft Sirus\Naga_Extract_2026-10-03\ModelCompanions\ByArchive\patch-5.MPQ\Creature\CustomCharacters\Alaeth\AlaethNaga_Tent.blp
patch-5.MPQ,Creature\CustomCharacters\Alaeth\AlaethNaga_Effect.blp,embedded-model-dependency,creature\CustomCharacters\Alaeth\AlaethNaga.m2 | Creature\CustomCharacters\Alaeth\AlaethNaga.m2,88580,2177DAAC0DD485306C2E22C6BBC3765F25BA99C4,D:\Sirus\_client\World of Warcraft Sirus\Naga_Extract_2026-10-03\ModelCompanions\ByArchive\patch-5.MPQ\Creature\CustomCharacters\Alaeth\AlaethNaga_Effect.blp
patch-5.MPQ,Creature\CustomCharacters\Alaeth\AlaethNaga_Hair.blp,embedded-model-dependency,creature\CustomCharacters\Alaeth\AlaethNaga.m2 | Creature\CustomCharacters\Alaeth\AlaethNaga.m2,350724,8E4839407A02B181681BB0FFC2E14FCF09F4F177,D:\Sirus\_client\World of Warcraft Sirus\Naga_Extract_2026-10-03\ModelCompanions\ByArchive\patch-5.MPQ\Creature\CustomCharacters\Alaeth\AlaethNaga_Hair.blp
patch-5.MPQ,Creature\CustomCharacters\Alaeth\AlaethNaga_Armor.blp,embedded-model-dependency,creature\CustomCharacters\Alaeth\AlaethNaga.m2 | Creature\CustomCharacters\Alaeth\AlaethNaga.m2,700236,AF609A62D39D55AB4A6DC56C60C6B84B6FAD36BC,D:\Sirus\_client\World of Warcraft Sirus\Naga_Extract_2026-10-03\ModelCompanions\ByArchive\patch-5.MPQ\Creature\CustomCharacters\Alaeth\AlaethNaga_Armor.blp
patch-5.MPQ,Creature\CustomCharacters\Alaeth\AlaethNaga_Face.blp,embedded-model-dependency,creature\CustomCharacters\Alaeth\AlaethNaga.m2 | Creature\CustomCharacters\Alaeth\AlaethNaga.m2,350708,7AE957455AFF0AEF1133D0997BE9850080C4D691,D:\Sirus\_client\World of Warcraft Sirus\Naga_Extract_2026-10-03\ModelCompanions\ByArchive\patch-5.MPQ\Creature\CustomCharacters\Alaeth\AlaethNaga_Face.blp
patch-5.MPQ,Creature\CustomCharacters\Alaeth\AlaethNaga_TentacleHair.blp,embedded-model-dependency,creature\CustomCharacters\Alaeth\AlaethNaga.m2 | Creature\CustomCharacters\Alaeth\AlaethNaga.m2,350708,280E2FF2671D15B5E18CB08D3C22EA5591E9045A,D:\Sirus\_client\World of Warcraft Sirus\Naga_Extract_2026-10-03\ModelCompanions\ByArchive\patch-5.MPQ\Creature\CustomCharacters\Alaeth\AlaethNaga_TentacleHair.blp
patch-5.MPQ,Creature\CustomCharacters\Alaeth\AlaethNaga_Fins.blp,embedded-model-dependency,creature\CustomCharacters\Alaeth\AlaethNaga.m2 | Creature\CustomCharacters\Alaeth\AlaethNaga.m2,350724,E29889032737803712F67821A7C7F915AC7C8A01,D:\Sirus\_client\World of Warcraft Sirus\Naga_Extract_2026-10-03\ModelCompanions\ByArchive\patch-5.MPQ\Creature\CustomCharacters\Alaeth\AlaethNaga_Fins.blp
patch-5.MPQ,creature\CustomCharacters\Thaloran\ThaloranNaga0060-00.anim,external-animation,creature\CustomCharacters\Thaloran\ThaloranNaga.m2,163456,2D11BC57FDFA52E6C924BFE4F697A5EA09305E9E,D:\Sirus\_client\World of Warcraft Sirus\Naga_Extract_2026-10-03\ModelCompanions\ByArchive\patch-5.MPQ\creature\CustomCharacters\Thaloran\ThaloranNaga0060-00.anim
patch-5.MPQ,creature\CustomCharacters\Thaloran\ThaloranNaga0123-00.anim,external-animation,creature\CustomCharacters\Thaloran\ThaloranNaga.m2,246832,0B4DD247C9AFEA9DD9C176DB3B9AE5BDD8AD6E53,D:\Sirus\_client\World of Warcraft Sirus\Naga_Extract_2026-10-03\ModelCompanions\ByArchive\patch-5.MPQ\creature\CustomCharacters\Thaloran\ThaloranNaga0123-00.anim
patch-5.MPQ,creature\CustomCharacters\Thaloran\ThaloranNaga0113-00.anim,external-animation,creature\CustomCharacters\Thaloran\ThaloranNaga.m2,199008,A84B2A9F66B6E0588F191D22B8710A3CB9ABF063,D:\Sirus\_client\World of Warcraft Sirus\Naga_Extract_2026-10-03\ModelCompanions\ByArchive\patch-5.MPQ\creature\CustomCharacters\Thaloran\ThaloranNaga0113-00.anim
patch-5.MPQ,creature\CustomCharacters\Thaloran\ThaloranNaga00.skin,skin-profile,creature\CustomCharacters\Thaloran\ThaloranNaga.m2,120528,FF908B8896772AFBCCB419A91FF1E766FE3C2843,D:\Sirus\_client\World of Warcraft Sirus\Naga_Extract_2026-10-03\ModelCompanions\ByArchive\patch-5.MPQ\creature\CustomCharacters\Thaloran\ThaloranNaga00.skin
patch-5.MPQ,creature\CustomCharacters\Thaloran\ThaloranNaga01.skin,skin-profile,creature\CustomCharacters\Thaloran\ThaloranNaga.m2,122720,E5F94543163DA3F7D2EC3D54D3A193C4EFF84DC9,D:\Sirus\_client\World of Warcraft Sirus\Naga_Extract_2026-10-03\ModelCompanions\ByArchive\patch-5.MPQ\creature\CustomCharacters\Thaloran\ThaloranNaga01.skin
patch-5.MPQ,creature\CustomCharacters\Thaloran\ThaloranNaga02.skin,skin-profile,creature\CustomCharacters\Thaloran\ThaloranNaga.m2,122720,1672160749657B55312576F59CCCF71BCD4F51FF,D:\Sirus\_client\World of Warcraft Sirus\Naga_Extract_2026-10-03\ModelCompanions\ByArchive\patch-5.MPQ\creature\CustomCharacters\Thaloran\ThaloranNaga02.skin
patch-5.MPQ,creature\CustomCharacters\Thaloran\ThaloranNaga03.skin,skin-profile,creature\CustomCharacters\Thaloran\ThaloranNaga.m2,125408,B130822D73368EA1B8D71BFDB981ADCC05A1707D,D:\Sirus\_client\World of Warcraft Sirus\Naga_Extract_2026-10-03\ModelCompanions\ByArchive\patch-5.MPQ\creature\CustomCharacters\Thaloran\ThaloranNaga03.skin
patch-5.MPQ,creature\CustomCharacters\Thaloran\Thaloran_Tail.blp,embedded-model-dependency,creature\CustomCharacters\Thaloran\ThaloranNaga.m2,1399300,62FC8D94D94D166C0DF54EB7835162218934C3B5,D:\Sirus\_client\World of Warcraft Sirus\Naga_Extract_2026-10-03\ModelCompanions\ByArchive\patch-5.MPQ\creature\CustomCharacters\Thaloran\Thaloran_Tail.blp
patch-5.MPQ,creature\CustomCharacters\Thaloran\Thaloran_Armor.blp,embedded-model-dependency,creature\CustomCharacters\Thaloran\ThaloranNaga.m2,5593604,1E39534AC4A709FCB1AE7200EF79133BC70397F9,D:\Sirus\_client\World of Warcraft Sirus\Naga_Extract_2026-10-03\ModelCompanions\ByArchive\patch-5.MPQ\creature\CustomCharacters\Thaloran\Thaloran_Armor.blp
patch-5.MPQ,creature\CustomCharacters\Thaloran\Thaloran_Red.blp,embedded-model-dependency,creature\CustomCharacters\Thaloran\ThaloranNaga.m2,350724,031AE1740FBF46AA6CE1A613848A4B79EE6C4E5E,D:\Sirus\_client\World of Warcraft Sirus\Naga_Extract_2026-10-03\ModelCompanions\ByArchive\patch-5.MPQ\creature\CustomCharacters\Thaloran\Thaloran_Red.blp
patch-5.MPQ,creature\CustomCharacters\Thaloran\Thaloran_Body.blp,embedded-model-dependency,creature\CustomCharacters\Thaloran\ThaloranNaga.m2,1399300,A1F04D5154F041700A141EDB28C318815C58CAD3,D:\Sirus\_client\World of Warcraft Sirus\Naga_Extract_2026-10-03\ModelCompanions\ByArchive\patch-5.MPQ\creature\CustomCharacters\Thaloran\Thaloran_Body.blp
patch-5.MPQ,creature\Nagafemale_HD\naga_female0060-00.anim,external-animation,creature\Nagafemale_HD\naga_female.m2,20144,4C1138178D40F570EA716123B1C3A138C39CD538,D:\Sirus\_client\World of Warcraft Sirus\Naga_Extract_2026-10-03\ModelCompanions\ByArchive\patch-5.MPQ\creature\Nagafemale_HD\naga_female0060-00.anim
patch-5.MPQ,creature\Nagafemale_HD\naga_female0062-00.anim,external-animation,creature\Nagafemale_HD\naga_female.m2,19008,FECBDBED9C700AF3378483526E4E1BBF361B2814,D:\Sirus\_client\World of Warcraft Sirus\Naga_Extract_2026-10-03\ModelCompanions\ByArchive\patch-5.MPQ\creature\Nagafemale_HD\naga_female0062-00.anim
patch-5.MPQ,creature\Nagafemale_HD\naga_female0075-00.anim,external-animation,creature\Nagafemale_HD\naga_female.m2,56640,0621724113D95CFA783BDF39C0051D6BCC2CD7DB,D:\Sirus\_client\World of Warcraft Sirus\Naga_Extract_2026-10-03\ModelCompanions\ByArchive\patch-5.MPQ\creature\Nagafemale_HD\naga_female0075-00.anim
patch-5.MPQ,creature\Nagafemale_HD\naga_female0084-00.anim,external-animation,creature\Nagafemale_HD\naga_female.m2,78304,A286C378178698DCA037B5A623CDBC0C89858D2B,D:\Sirus\_client\World of Warcraft Sirus\Naga_Extract_2026-10-03\ModelCompanions\ByArchive\patch-5.MPQ\creature\Nagafemale_HD\naga_female0084-00.anim
patch-5.MPQ,creature\Nagafemale_HD\naga_female0129-00.anim,external-animation,creature\Nagafemale_HD\naga_female.m2,10144,4A5FB453C6679A56DB89FF3B62FBC0EAB9335671,D:\Sirus\_client\World of Warcraft Sirus\Naga_Extract_2026-10-03\ModelCompanions\ByArchive\patch-5.MPQ\creature\Nagafemale_HD\naga_female0129-00.anim
patch-5.MPQ,creature\Nagafemale_HD\naga_female0123-00.anim,external-animation,creature\Nagafemale_HD\naga_female.m2,211248,600AB24916D0A364A815EA1755006A0AFCCE337D,D:\Sirus\_client\World of Warcraft Sirus\Naga_Extract_2026-10-03\ModelCompanions\ByArchive\patch-5.MPQ\creature\Nagafemale_HD\naga_female0123-00.anim
patch-5.MPQ,creature\Nagafemale_HD\naga_female0128-00.anim,external-animation,creature\Nagafemale_HD\naga_female.m2,11072,E091CC1AE6728D222BF67CBEEFA2B668CCA9BB67,D:\Sirus\_client\World of Warcraft Sirus\Naga_Extract_2026-10-03\ModelCompanions\ByArchive\patch-5.MPQ\creature\Nagafemale_HD\naga_female0128-00.anim
patch-5.MPQ,creature\Nagafemale_HD\naga_female00.skin,skin-profile,creature\Nagafemale_HD\naga_female.m2,60176,8B6478636E166946831A6B3C73B92901EE48822A,D:\Sirus\_client\World of Warcraft Sirus\Naga_Extract_2026-10-03\ModelCompanions\ByArchive\patch-5.MPQ\creature\Nagafemale_HD\naga_female00.skin
patch-5.MPQ,creature\Nagafemale_HD\naga_female01.skin,skin-profile,creature\Nagafemale_HD\naga_female.m2,60448,612BE6019F620FFCEF2FDF657A76B96E249600FF,D:\Sirus\_client\World of Warcraft Sirus\Naga_Extract_2026-10-03\ModelCompanions\ByArchive\patch-5.MPQ\creature\Nagafemale_HD\naga_female01.skin
patch-5.MPQ,creature\Nagafemale_HD\naga_female02.skin,skin-profile,creature\Nagafemale_HD\naga_female.m2,60464,FCB767F1BE96153D0CF5DE292E4CC0CAE9C5E7D9,D:\Sirus\_client\World of Warcraft Sirus\Naga_Extract_2026-10-03\ModelCompanions\ByArchive\patch-5.MPQ\creature\Nagafemale_HD\naga_female02.skin
patch-5.MPQ,creature\Nagafemale_HD\naga_female03.skin,skin-profile,creature\Nagafemale_HD\naga_female.m2,61104,6BD47864AB1181BA846E0E45610E8193BD58F63C,D:\Sirus\_client\World of Warcraft Sirus\Naga_Extract_2026-10-03\ModelCompanions\ByArchive\patch-5.MPQ\creature\Nagafemale_HD\naga_female03.skin
patch-5.MPQ,creature\Nagamale_HD\naga_male0060-00.anim,external-animation,creature\Nagamale_HD\naga_male.m2,33216,E329DB2D5D6217C5579CCFDD3E59C8919F266AEF,D:\Sirus\_client\World of Warcraft Sirus\Naga_Extract_2026-10-03\ModelCompanions\ByArchive\patch-5.MPQ\creature\Nagamale_HD\naga_male0060-00.anim
patch-5.MPQ,creature\Nagamale_HD\naga_male0062-00.anim,external-animation,creature\Nagamale_HD\naga_male.m2,19744,65EC7E2956660448EDE4995D7A5F1632795FCB23,D:\Sirus\_client\World of Warcraft Sirus\Naga_Extract_2026-10-03\ModelCompanions\ByArchive\patch-5.MPQ\creature\Nagamale_HD\naga_male0062-00.anim
patch-5.MPQ,creature\Nagamale_HD\naga_male0075-00.anim,external-animation,creature\Nagamale_HD\naga_male.m2,92592,0A428CABE69F3116D9B55C1DD22A34B28CFF2719,D:\Sirus\_client\World of Warcraft Sirus\Naga_Extract_2026-10-03\ModelCompanions\ByArchive\patch-5.MPQ\creature\Nagamale_HD\naga_male0075-00.anim
patch-5.MPQ,creature\Nagamale_HD\naga_male0084-00.anim,external-animation,creature\Nagamale_HD\naga_male.m2,56064,62F521ACB871401F67787C530C3073B81F9ADC81,D:\Sirus\_client\World of Warcraft Sirus\Naga_Extract_2026-10-03\ModelCompanions\ByArchive\patch-5.MPQ\creature\Nagamale_HD\naga_male0084-00.anim
patch-5.MPQ,creature\Nagamale_HD\naga_male1194-00.anim,external-animation,creature\Nagamale_HD\naga_male.m2,47104,053A75B62CDD537AAAA29DFE3E9FAA99EC3F3E80,D:\Sirus\_client\World of Warcraft Sirus\Naga_Extract_2026-10-03\ModelCompanions\ByArchive\patch-5.MPQ\creature\Nagamale_HD\naga_male1194-00.anim
patch-5.MPQ,creature\Nagamale_HD\naga_male00.skin,skin-profile,creature\Nagamale_HD\naga_male.m2,57656,7FD9EA6E3112540E4E9C29AF4665EE5388655C66,D:\Sirus\_client\World of Warcraft Sirus\Naga_Extract_2026-10-03\ModelCompanions\ByArchive\patch-5.MPQ\creature\Nagamale_HD\naga_male00.skin
patch-5.MPQ,creature\Nagamale_HD\naga_male01.skin,skin-profile,creature\Nagamale_HD\naga_male.m2,57904,0581F8C540934BE84093796E4BE8F61B0F58D04C,D:\Sirus\_client\World of Warcraft Sirus\Naga_Extract_2026-10-03\ModelCompanions\ByArchive\patch-5.MPQ\creature\Nagamale_HD\naga_male01.skin
patch-5.MPQ,creature\Nagamale_HD\naga_male02.skin,skin-profile,creature\Nagamale_HD\naga_male.m2,57968,3165A595E52E29885C4EB5ACA4AA96EE559A02D0,D:\Sirus\_client\World of Warcraft Sirus\Naga_Extract_2026-10-03\ModelCompanions\ByArchive\patch-5.MPQ\creature\Nagamale_HD\naga_male02.skin
patch-5.MPQ,creature\Nagamale_HD\naga_male03.skin,skin-profile,creature\Nagamale_HD\naga_male.m2,59288,81D9FB9BC5BF2944F9F3C78D6D831FFD9B8EE3EC,D:\Sirus\_client\World of Warcraft Sirus\Naga_Extract_2026-10-03\ModelCompanions\ByArchive\patch-5.MPQ\creature\Nagamale_HD\naga_male03.skin
patch-5.MPQ,creature\Nagas\NagaHeavyMelee\NagaHeavyMelee0060-00.anim,external-animation,creature\Nagas\NagaHeavyMelee\NagaHeavyMelee.m2,33216,E329DB2D5D6217C5579CCFDD3E59C8919F266AEF,D:\Sirus\_client\World of Warcraft Sirus\Naga_Extract_2026-10-03\ModelCompanions\ByArchive\patch-5.MPQ\creature\Nagas\NagaHeavyMelee\NagaHeavyMelee0060-00.anim
patch-5.MPQ,creature\Nagas\NagaHeavyMelee\NagaHeavyMelee0062-00.anim,external-animation,creature\Nagas\NagaHeavyMelee\NagaHeavyMelee.m2,19744,65EC7E2956660448EDE4995D7A5F1632795FCB23,D:\Sirus\_client\World of Warcraft Sirus\Naga_Extract_2026-10-03\ModelCompanions\ByArchive\patch-5.MPQ\creature\Nagas\NagaHeavyMelee\NagaHeavyMelee0062-00.anim
patch-5.MPQ,creature\Nagas\NagaHeavyMelee\NagaHeavyMelee0075-00.anim,external-animation,creature\Nagas\NagaHeavyMelee\NagaHeavyMelee.m2,92592,0A428CABE69F3116D9B55C1DD22A34B28CFF2719,D:\Sirus\_client\World of Warcraft Sirus\Naga_Extract_2026-10-03\ModelCompanions\ByArchive\patch-5.MPQ\creature\Nagas\NagaHeavyMelee\NagaHeavyMelee0075-00.anim
patch-5.MPQ,creature\Nagas\NagaHeavyMelee\NagaHeavyMelee0084-00.anim,external-animation,creature\Nagas\NagaHeavyMelee\NagaHeavyMelee.m2,56064,62F521ACB871401F67787C530C3073B81F9ADC81,D:\Sirus\_client\World of Warcraft Sirus\Naga_Extract_2026-10-03\ModelCompanions\ByArchive\patch-5.MPQ\creature\Nagas\NagaHeavyMelee\NagaHeavyMelee0084-00.anim
patch-5.MPQ,creature\Nagas\NagaHeavyMelee\NagaHeavyMelee1194-00.anim,external-animation,creature\Nagas\NagaHeavyMelee\NagaHeavyMelee.m2,47104,053A75B62CDD537AAAA29DFE3E9FAA99EC3F3E80,D:\Sirus\_client\World of Warcraft Sirus\Naga_Extract_2026-10-03\ModelCompanions\ByArchive\patch-5.MPQ\creature\Nagas\NagaHeavyMelee\NagaHeavyMelee1194-00.anim
patch-5.MPQ,creature\Nagas\NagaHeavyMelee\NagaHeavyMelee00.skin,skin-profile,creature\Nagas\NagaHeavyMelee\NagaHeavyMelee.m2,103680,4090ADD81A5553D40BEF3B53550D386338F1CDE9,D:\Sirus\_client\World of Warcraft Sirus\Naga_Extract_2026-10-03\ModelCompanions\ByArchive\patch-5.MPQ\creature\Nagas\NagaHeavyMelee\NagaHeavyMelee00.skin
patch-5.MPQ,creature\Nagas\NagaHeavyMelee\NagaHeavyMelee01.skin,skin-profile,creature\Nagas\NagaHeavyMelee\NagaHeavyMelee.m2,104256,9DA4E0B0CFB078F43735E5DEB4F32A9D38AF0B79,D:\Sirus\_client\World of Warcraft Sirus\Naga_Extract_2026-10-03\ModelCompanions\ByArchive\patch-5.MPQ\creature\Nagas\NagaHeavyMelee\NagaHeavyMelee01.skin
patch-5.MPQ,creature\Nagas\NagaHeavyMelee\NagaHeavyMelee02.skin,skin-profile,creature\Nagas\NagaHeavyMelee\NagaHeavyMelee.m2,104144,864829E30D79C9891797A98D2DA4E1AC576186BB,D:\Sirus\_client\World of Warcraft Sirus\Naga_Extract_2026-10-03\ModelCompanions\ByArchive\patch-5.MPQ\creature\Nagas\NagaHeavyMelee\NagaHeavyMelee02.skin
patch-5.MPQ,creature\Nagas\NagaHeavyMelee\NagaHeavyMelee03.skin,skin-profile,creature\Nagas\NagaHeavyMelee\NagaHeavyMelee.m2,105920,4CF3B2695BC7BC0FBE6828A7A87FB32BF7CF8553,D:\Sirus\_client\World of Warcraft Sirus\Naga_Extract_2026-10-03\ModelCompanions\ByArchive\patch-5.MPQ\creature\Nagas\NagaHeavyMelee\NagaHeavyMelee03.skin
patch-5.MPQ,creature\Nagas\NagaLightCaster\NagaLightCaster0060-00.anim,external-animation,creature\Nagas\NagaLightCaster\NagaLightCaster.m2,20144,4C1138178D40F570EA716123B1C3A138C39CD538,D:\Sirus\_client\World of Warcraft Sirus\Naga_Extract_2026-10-03\ModelCompanions\ByArchive\patch-5.MPQ\creature\Nagas\NagaLightCaster\NagaLightCaster0060-00.anim
patch-5.MPQ,creature\Nagas\NagaLightCaster\NagaLightCaster0062-00.anim,external-animation,creature\Nagas\NagaLightCaster\NagaLightCaster.m2,19008,FECBDBED9C700AF3378483526E4E1BBF361B2814,D:\Sirus\_client\World of Warcraft Sirus\Naga_Extract_2026-10-03\ModelCompanions\ByArchive\patch-5.MPQ\creature\Nagas\NagaLightCaster\NagaLightCaster0062-00.anim
patch-5.MPQ,creature\Nagas\NagaLightCaster\NagaLightCaster0075-00.anim,external-animation,creature\Nagas\NagaLightCaster\NagaLightCaster.m2,56640,0621724113D95CFA783BDF39C0051D6BCC2CD7DB,D:\Sirus\_client\World of Warcraft Sirus\Naga_Extract_2026-10-03\ModelCompanions\ByArchive\patch-5.MPQ\creature\Nagas\NagaLightCaster\NagaLightCaster0075-00.anim
patch-5.MPQ,creature\Nagas\NagaLightCaster\NagaLightCaster0084-00.anim,external-animation,creature\Nagas\NagaLightCaster\NagaLightCaster.m2,78304,A286C378178698DCA037B5A623CDBC0C89858D2B,D:\Sirus\_client\World of Warcraft Sirus\Naga_Extract_2026-10-03\ModelCompanions\ByArchive\patch-5.MPQ\creature\Nagas\NagaLightCaster\NagaLightCaster0084-00.anim
patch-5.MPQ,creature\Nagas\NagaLightCaster\NagaLightCaster0129-00.anim,external-animation,creature\Nagas\NagaLightCaster\NagaLightCaster.m2,10144,4A5FB453C6679A56DB89FF3B62FBC0EAB9335671,D:\Sirus\_client\World of Warcraft Sirus\Naga_Extract_2026-10-03\ModelCompanions\ByArchive\patch-5.MPQ\creature\Nagas\NagaLightCaster\NagaLightCaster0129-00.anim
patch-5.MPQ,creature\Nagas\NagaLightCaster\NagaLightCaster0123-00.anim,external-animation,creature\Nagas\NagaLightCaster\NagaLightCaster.m2,211488,C9A23FF313AA23B85F9C44D8B56777FA6DF1B006,D:\Sirus\_client\World of Warcraft Sirus\Naga_Extract_2026-10-03\ModelCompanions\ByArchive\patch-5.MPQ\creature\Nagas\NagaLightCaster\NagaLightCaster0123-00.anim
patch-5.MPQ,creature\Nagas\NagaLightCaster\NagaLightCaster0128-00.anim,external-animation,creature\Nagas\NagaLightCaster\NagaLightCaster.m2,11072,E091CC1AE6728D222BF67CBEEFA2B668CCA9BB67,D:\Sirus\_client\World of Warcraft Sirus\Naga_Extract_2026-10-03\ModelCompanions\ByArchive\patch-5.MPQ\creature\Nagas\NagaLightCaster\NagaLightCaster0128-00.anim
patch-5.MPQ,creature\Nagas\NagaLightCaster\NagaLightCaster00.skin,skin-profile,creature\Nagas\NagaLightCaster\NagaLightCaster.m2,107344,B5A6194BF47137C247AA14318D321D876C63AE47,D:\Sirus\_client\World of Warcraft Sirus\Naga_Extract_2026-10-03\ModelCompanions\ByArchive\patch-5.MPQ\creature\Nagas\NagaLightCaster\NagaLightCaster00.skin
patch-5.MPQ,creature\Nagas\NagaLightCaster\NagaLightCaster01.skin,skin-profile,creature\Nagas\NagaLightCaster\NagaLightCaster.m2,107616,3CCE724BF236499B5FFAB524A584DF6E8DDA6F2C,D:\Sirus\_client\World of Warcraft Sirus\Naga_Extract_2026-10-03\ModelCompanions\ByArchive\patch-5.MPQ\creature\Nagas\NagaLightCaster\NagaLightCaster01.skin
patch-5.MPQ,creature\Nagas\NagaLightCaster\NagaLightCaster02.skin,skin-profile,creature\Nagas\NagaLightCaster\NagaLightCaster.m2,107776,CA61415FA48628136E2AB8539F9B5B691F49D56C,D:\Sirus\_client\World of Warcraft Sirus\Naga_Extract_2026-10-03\ModelCompanions\ByArchive\patch-5.MPQ\creature\Nagas\NagaLightCaster\NagaLightCaster02.skin
patch-5.MPQ,creature\Nagas\NagaLightCaster\NagaLightCaster03.skin,skin-profile,creature\Nagas\NagaLightCaster\NagaLightCaster.m2,108880,F6BCA696600131BCEA956F17E9BE2D3FC91BF520,D:\Sirus\_client\World of Warcraft Sirus\Naga_Extract_2026-10-03\ModelCompanions\ByArchive\patch-5.MPQ\creature\Nagas\NagaLightCaster\NagaLightCaster03.skin
patch-5.MPQ,creature\Nagas\NagaLightMelee\NagaLightMelee0060-00.anim,external-animation,creature\Nagas\NagaLightMelee\NagaLightMelee.m2,33216,E329DB2D5D6217C5579CCFDD3E59C8919F266AEF,D:\Sirus\_client\World of Warcraft Sirus\Naga_Extract_2026-10-03\ModelCompanions\ByArchive\patch-5.MPQ\creature\Nagas\NagaLightMelee\NagaLightMelee0060-00.anim
patch-5.MPQ,creature\Nagas\NagaLightMelee\NagaLightMelee0062-00.anim,external-animation,creature\Nagas\NagaLightMelee\NagaLightMelee.m2,19744,65EC7E2956660448EDE4995D7A5F1632795FCB23,D:\Sirus\_client\World of Warcraft Sirus\Naga_Extract_2026-10-03\ModelCompanions\ByArchive\patch-5.MPQ\creature\Nagas\NagaLightMelee\NagaLightMelee0062-00.anim
patch-5.MPQ,creature\Nagas\NagaLightMelee\NagaLightMelee0075-00.anim,external-animation,creature\Nagas\NagaLightMelee\NagaLightMelee.m2,92592,0A428CABE69F3116D9B55C1DD22A34B28CFF2719,D:\Sirus\_client\World of Warcraft Sirus\Naga_Extract_2026-10-03\ModelCompanions\ByArchive\patch-5.MPQ\creature\Nagas\NagaLightMelee\NagaLightMelee0075-00.anim
patch-5.MPQ,creature\Nagas\NagaLightMelee\NagaLightMelee0084-00.anim,external-animation,creature\Nagas\NagaLightMelee\NagaLightMelee.m2,56064,62F521ACB871401F67787C530C3073B81F9ADC81,D:\Sirus\_client\World of Warcraft Sirus\Naga_Extract_2026-10-03\ModelCompanions\ByArchive\patch-5.MPQ\creature\Nagas\NagaLightMelee\NagaLightMelee0084-00.anim
patch-5.MPQ,creature\Nagas\NagaLightMelee\NagaLightMelee1194-00.anim,external-animation,creature\Nagas\NagaLightMelee\NagaLightMelee.m2,47104,053A75B62CDD537AAAA29DFE3E9FAA99EC3F3E80,D:\Sirus\_client\World of Warcraft Sirus\Naga_Extract_2026-10-03\ModelCompanions\ByArchive\patch-5.MPQ\creature\Nagas\NagaLightMelee\NagaLightMelee1194-00.anim
patch-5.MPQ,creature\Nagas\NagaLightMelee\NagaLightMelee00.skin,skin-profile,creature\Nagas\NagaLightMelee\NagaLightMelee.m2,106016,5EB90A3464E5B5B24DA903051A9C098D522D79C0,D:\Sirus\_client\World of Warcraft Sirus\Naga_Extract_2026-10-03\ModelCompanions\ByArchive\patch-5.MPQ\creature\Nagas\NagaLightMelee\NagaLightMelee00.skin
patch-5.MPQ,creature\Nagas\NagaLightMelee\NagaLightMelee01.skin,skin-profile,creature\Nagas\NagaLightMelee\NagaLightMelee.m2,106576,1C0F9DD362F9F86D326E54453FA6817E0C10A49F,D:\Sirus\_client\World of Warcraft Sirus\Naga_Extract_2026-10-03\ModelCompanions\ByArchive\patch-5.MPQ\creature\Nagas\NagaLightMelee\NagaLightMelee01.skin
patch-5.MPQ,creature\Nagas\NagaLightMelee\NagaLightMelee02.skin,skin-profile,creature\Nagas\NagaLightMelee\NagaLightMelee.m2,106656,088817690DE4A2CCBB880A3A3983E07D6FC2ECC3,D:\Sirus\_client\World of Warcraft Sirus\Naga_Extract_2026-10-03\ModelCompanions\ByArchive\patch-5.MPQ\creature\Nagas\NagaLightMelee\NagaLightMelee02.skin
patch-5.MPQ,creature\Nagas\NagaLightMelee\NagaLightMelee03.skin,skin-profile,creature\Nagas\NagaLightMelee\NagaLightMelee.m2,108416,2FE84691E6F4D52E9ECB3FD4D39C585F10707003,D:\Sirus\_client\World of Warcraft Sirus\Naga_Extract_2026-10-03\ModelCompanions\ByArchive\patch-5.MPQ\creature\Nagas\NagaLightMelee\NagaLightMelee03.skin
patch-5.MPQ,CREATURE\SPELLS\DUST5A.BLP,embedded-model-dependency,World\Sirus\Naga_totem_air.m2 | World\Sirus\Naga_totem_earth.m2 | World\Sirus\Naga_totem_fire.m2 | World\Sirus\Naga_totem_water.m2,6660,CFFCFBEC54DA8499E9B4741B5AB348D98C55BE3C,D:\Sirus\_client\World of Warcraft Sirus\Naga_Extract_2026-10-03\ModelCompanions\ByArchive\patch-5.MPQ\CREATURE\SPELLS\DUST5A.BLP
patch-5.MPQ,CREATURE\SPELLS\TOONSMOKE16_2.BLP,embedded-model-dependency,World\Sirus\Naga_totem_air.m2 | World\Sirus\Naga_totem_earth.m2 | World\Sirus\Naga_totem_fire.m2 | World\Sirus\Naga_totem_water.m2,350724,7B4CF903C203DA4395748450EB770D1609FE6FDC,D:\Sirus\_client\World of Warcraft Sirus\Naga_Extract_2026-10-03\ModelCompanions\ByArchive\patch-5.MPQ\CREATURE\SPELLS\TOONSMOKE16_2.BLP
patch-6.MPQ,ITEM\OBJECTCOMPONENTS\WEAPON\ARMORREFLECT_RAINBOW.BLP,embedded-model-dependency,Creature\NAGALORDMALE\NagaLordMale.M2 | SPELLS\NagaLordShell_Missile.m2 | World\Goober\G_NagaShellMissile.M2 | World\Expansion01\Doodads\Generic\Naga\Crates\NA_Barricade_Shell_01.M2 | World\Expansion01\Doodads\Generic\Naga\Crates\NA_Barricade_Shell_02.M2,3916,6DC0373C626422FFC1ED9EA95D3D6E619FFBC6B7,D:\Sirus\_client\World of Warcraft Sirus\Naga_Extract_2026-10-03\ModelCompanions\ByArchive\patch-6.MPQ\ITEM\OBJECTCOMPONENTS\WEAPON\ARMORREFLECT_RAINBOW.BLP
patch-6.MPQ,SPELLS\GENERICGLOW64.BLP,embedded-model-dependency,Creature\QuestObjects\Creature_NagaDistiller.M2 | World\Expansion01\Doodads\Generic\Naga\ARK\NA_Ark.M2 | World\Expansion01\Doodads\Generic\Naga\Distiller\NA_Distiller.m2 | World\Expansion01\Doodads\Generic\Naga\Artifact\NA_Artifact01.M2 | World\Expansion01\Doodads\Generic\Naga\Crates\NA_Barricade_01.M2 | World\Expansion01\Doodads\Generic\Naga\Crates\NA_Barricade_Pole.M2,6660,CB2000E6BBA6479E767FB636B5D95015529EBFF4,D:\Sirus\_client\World of Warcraft Sirus\Naga_Extract_2026-10-03\ModelCompanions\ByArchive\patch-6.MPQ\SPELLS\GENERICGLOW64.BLP
patch-6.MPQ,WORLD\GOOBER\BUBBLE.BLP,embedded-model-dependency,Creature\QuestObjects\Creature_NagaDistiller.M2 | SPELLS\NagaLordShell_Missile.m2 | World\Expansion01\Doodads\Generic\Naga\Distiller\NA_Distiller.m2,6660,210BB6B2FFCED3612DE69FC5DA12845039EE6405,D:\Sirus\_client\World of Warcraft Sirus\Naga_Extract_2026-10-03\ModelCompanions\ByArchive\patch-6.MPQ\WORLD\GOOBER\BUBBLE.BLP
patch-6.MPQ,WORLD\GOOBER\FIREPLUME64.BLP,embedded-model-dependency,SPELLS\NagaLordShell_Impact.m2,3916,C87C0B6A304EA9D372EACE17E4224161092BD05C,D:\Sirus\_client\World of Warcraft Sirus\Naga_Extract_2026-10-03\ModelCompanions\ByArchive\patch-6.MPQ\WORLD\GOOBER\FIREPLUME64.BLP
patch-6.MPQ,SPELLS\SHOCKWAVEWATER1.BLP,embedded-model-dependency,SPELLS\NagaLordShell_Impact.m2,12108,4EBB395E51C9C2A74904FAB8F1CA3BADCA06CB47,D:\Sirus\_client\World of Warcraft Sirus\Naga_Extract_2026-10-03\ModelCompanions\ByArchive\patch-6.MPQ\SPELLS\SHOCKWAVEWATER1.BLP
patch-6.MPQ,SPELLS\CLOUDS8X8.BLP,embedded-model-dependency,SPELLS\NagaLordShell_Impact.m2,350724,3CD46796CF3376634F91796279951A9A20485219,D:\Sirus\_client\World of Warcraft Sirus\Naga_Extract_2026-10-03\ModelCompanions\ByArchive\patch-6.MPQ\SPELLS\CLOUDS8X8.BLP
patch-6.MPQ,SPELLS\TOONSMOKE16.BLP,embedded-model-dependency,SPELLS\NagaLordShell_Impact.m2,350724,217BEBE5BD03401956E57C9776FDBBE101F9D87F,D:\Sirus\_client\World of Warcraft Sirus\Naga_Extract_2026-10-03\ModelCompanions\ByArchive\patch-6.MPQ\SPELLS\TOONSMOKE16.BLP
patch-6.MPQ,WORLD\GENERIC\TAUREN\PASSIVE DOODADS\TAURENTRAVOIS\DEADMINEFLOORNETS4.BLP,embedded-model-dependency,World\Expansion01\Doodads\Generic\Naga\WeaponStacks\NA_WeaponStack02.m2 | World\Expansion01\Doodads\Generic\Naga\Crates\NA_Barricade_01.M2,44900,19D9470674CE9BE4EDBB1DDCF456D20B598F73D9,D:\Sirus\_client\World of Warcraft Sirus\Naga_Extract_2026-10-03\ModelCompanions\ByArchive\patch-6.MPQ\WORLD\GENERIC\TAUREN\PASSIVE DOODADS\TAURENTRAVOIS\DEADMINEFLOORNETS4.BLP
patch-6.MPQ,ITEM\OBJECTCOMPONENTS\SHIELD\ARMORREFLECT4.BLP,embedded-model-dependency,ITEM\ObjectComponents\Weapon\Polearm_2H_Trident_Naga_B_01.M2 | ITEM\ObjectComponents\Weapon\Polearm_2H_Trident_Naga_B_02.M2 | ITEM\ObjectComponents\Weapon\Polearm_2H_Trident_Naga_B_03.M2 | World\Generic\PassiveDoodads\Weapons\Naga_Trident02.M2 | item\objectcomponents\shield\shield_1h_naga_c_01.m2,3916,A63F947856E395D628A8D09D346FB83D70A19F8F,D:\Sirus\_client\World of Warcraft Sirus\Naga_Extract_2026-10-03\ModelCompanions\ByArchive\patch-6.MPQ\ITEM\OBJECTCOMPONENTS\SHIELD\ARMORREFLECT4.BLP
patch-6.MPQ,World\Expansion01\Doodads\Generic\Naga\Artifact\NA_Artifact01.blp,embedded-model-dependency,World\Expansion01\Doodads\Generic\Naga\Artifact\NA_Artifact01.M2,350724,666C178DEC526E5A7B3DFCFD70734923A621663D,D:\Sirus\_client\World of Warcraft Sirus\Naga_Extract_2026-10-03\ModelCompanions\ByArchive\patch-6.MPQ\World\Expansion01\Doodads\Generic\Naga\Artifact\NA_Artifact01.blp
patch-6.MPQ,World\Expansion01\Doodads\Generic\Naga\Artifact\NA_ArtifactWaterWhirl02.blp,embedded-model-dependency,World\Expansion01\Doodads\Generic\Naga\Artifact\NA_Artifact01.M2,88580,C3B38D434A5A3E0416A440A0E29D89B0831F96DE,D:\Sirus\_client\World of Warcraft Sirus\Naga_Extract_2026-10-03\ModelCompanions\ByArchive\patch-6.MPQ\World\Expansion01\Doodads\Generic\Naga\Artifact\NA_ArtifactWaterWhirl02.blp
patch-6.MPQ,ITEM\OBJECTCOMPONENTS\WEAPON\ORBREFLECTBRIGHT.BLP,embedded-model-dependency,World\Expansion01\Doodads\Generic\Naga\Artifact\NA_Artifact01.M2,1868,07BEB5786BB6F9F714E7698814629D15E4EB020F,D:\Sirus\_client\World of Warcraft Sirus\Naga_Extract_2026-10-03\ModelCompanions\ByArchive\patch-6.MPQ\ITEM\OBJECTCOMPONENTS\WEAPON\ORBREFLECTBRIGHT.BLP
patch-6.MPQ,World\Expansion01\Doodads\Generic\Naga\Artifact\NA_ArtifactWaterWhirl01.blp,embedded-model-dependency,World\Expansion01\Doodads\Generic\Naga\Artifact\NA_Artifact01.M2,88580,B3A962CABE418262BFFA2A83BDD6878C622B438C,D:\Sirus\_client\World of Warcraft Sirus\Naga_Extract_2026-10-03\ModelCompanions\ByArchive\patch-6.MPQ\World\Expansion01\Doodads\Generic\Naga\Artifact\NA_ArtifactWaterWhirl01.blp
patch-6.MPQ,World\Expansion06\Doodads\dungeon\doodads\7du_tombofsargeras_nagathrone0100.skin,skin-profile,World\Expansion06\Doodads\dungeon\doodads\7du_tombofsargeras_nagathrone01.m2,67608,229C36B63F407B6DA8472FB41BD447FE5AD83BE0,D:\Sirus\_client\World of Warcraft Sirus\Naga_Extract_2026-10-03\ModelCompanions\ByArchive\patch-6.MPQ\World\Expansion06\Doodads\dungeon\doodads\7du_tombofsargeras_nagathrone0100.skin
patch-6.MPQ,World\Expansion06\Doodads\Dungeon\Doodads\7MU_MURLOC_NAGATHRONE_MAP05.blp,embedded-model-dependency,World\Expansion06\Doodads\dungeon\doodads\7du_tombofsargeras_nagathrone01.m2,175948,8BACD0FBB38FCC1BF2AE9AB862184487C3F0C528,D:\Sirus\_client\World of Warcraft Sirus\Naga_Extract_2026-10-03\ModelCompanions\ByArchive\patch-6.MPQ\World\Expansion06\Doodads\Dungeon\Doodads\7MU_MURLOC_NAGATHRONE_MAP05.blp
patch-6.MPQ,World\Expansion06\Doodads\Dungeon\Doodads\7MU_MURLOC_NAGATHRONE_MAP04.blp,embedded-model-dependency,World\Expansion06\Doodads\dungeon\doodads\7du_tombofsargeras_nagathrone01.m2,350724,6481B6249A29DB50AD7A1FE0F6499F4125CA90EB,D:\Sirus\_client\World of Warcraft Sirus\Naga_Extract_2026-10-03\ModelCompanions\ByArchive\patch-6.MPQ\World\Expansion06\Doodads\Dungeon\Doodads\7MU_MURLOC_NAGATHRONE_MAP04.blp
patch-6.MPQ,World\Expansion06\Doodads\Dungeon\Doodads\redwaves.blp,embedded-model-dependency,World\Expansion06\Doodads\dungeon\doodads\7du_tombofsargeras_nagathrone01.m2,3916,7639456DAA50542CA74DE695BDFA2E4AAC71FB8C,D:\Sirus\_client\World of Warcraft Sirus\Naga_Extract_2026-10-03\ModelCompanions\ByArchive\patch-6.MPQ\World\Expansion06\Doodads\Dungeon\Doodads\redwaves.blp
patch-6.MPQ,World\Expansion06\Doodads\Dungeon\Doodads\7MU_MURLOC_NAGATHRONE_MAP02.blp,embedded-model-dependency,World\Expansion06\Doodads\dungeon\doodads\7du_tombofsargeras_nagathrone01.m2,350724,6BF8E59BD42F5D64D1EB65DCD8DD3BBFC6B26239,D:\Sirus\_client\World of Warcraft Sirus\Naga_Extract_2026-10-03\ModelCompanions\ByArchive\patch-6.MPQ\World\Expansion06\Doodads\Dungeon\Doodads\7MU_MURLOC_NAGATHRONE_MAP02.blp
patch-6.MPQ,World\Expansion06\Doodads\Dungeon\Doodads\7MU_MURLOC_NAGATHRONE_MAP03.blp,embedded-model-dependency,World\Expansion06\Doodads\dungeon\doodads\7du_tombofsargeras_nagathrone01.m2,175972,6B2646F365FDFDBD126FF594D44022591D06716A,D:\Sirus\_client\World of Warcraft Sirus\Naga_Extract_2026-10-03\ModelCompanions\ByArchive\patch-6.MPQ\World\Expansion06\Doodads\Dungeon\Doodads\7MU_MURLOC_NAGATHRONE_MAP03.blp
patch-6.MPQ,World\Expansion06\Doodads\Dungeon\Doodads\7MU_MURLOC_NAGATHRONE_MAP01.blp,embedded-model-dependency,World\Expansion06\Doodads\dungeon\doodads\7du_tombofsargeras_nagathrone01.m2,175948,EB3180FD4D2AF66D4DBF9127D33504E2260CBA4D,D:\Sirus\_client\World of Warcraft Sirus\Naga_Extract_2026-10-03\ModelCompanions\ByArchive\patch-6.MPQ\World\Expansion06\Doodads\Dungeon\Doodads\7MU_MURLOC_NAGATHRONE_MAP01.blp
patch-6.MPQ,World\Expansion06\Doodads\Dungeon\Doodads\7MU_MURLOC_NAGATHRONE_MAP06.blp,embedded-model-dependency,World\Expansion06\Doodads\dungeon\doodads\7du_tombofsargeras_nagathrone01.m2,175948,278D4B7F99A713BDD37595269F6C5E867A94F89A,D:\Sirus\_client\World of Warcraft Sirus\Naga_Extract_2026-10-03\ModelCompanions\ByArchive\patch-6.MPQ\World\Expansion06\Doodads\Dungeon\Doodads\7MU_MURLOC_NAGATHRONE_MAP06.blp
patch-6.MPQ,World\Expansion06\Doodads\Dungeon\Doodads\quirajglow01.blp,embedded-model-dependency,World\Expansion06\Doodads\dungeon\doodads\7du_tombofsargeras_nagathrone01.m2,23044,C30E9742A166630E0716F89F38A441DA808484B9,D:\Sirus\_client\World of Warcraft Sirus\Naga_Extract_2026-10-03\ModelCompanions\ByArchive\patch-6.MPQ\World\Expansion06\Doodads\Dungeon\Doodads\quirajglow01.blp
patch-6.MPQ,World\Expansion06\Doodads\Dungeon\Doodads\7AZ_Seaweed_01.blp,embedded-model-dependency,World\Expansion06\Doodads\dungeon\doodads\7du_tombofsargeras_nagathrone01.m2,350724,6E1114B7443806EC6A2D342BE5F650E097E42D0E,D:\Sirus\_client\World of Warcraft Sirus\Naga_Extract_2026-10-03\ModelCompanions\ByArchive\patch-6.MPQ\World\Expansion06\Doodads\Dungeon\Doodads\7AZ_Seaweed_01.blp
patch-6.MPQ,World\Expansion06\Doodads\Naga\7ng_naga_banner0100.skin,skin-profile,World\Expansion06\Doodads\Naga\7ng_naga_banner01.m2,6040,EDA0EFDE9F8A8F8258BCBDEE73391434EF15FB12,D:\Sirus\_client\World of Warcraft Sirus\Naga_Extract_2026-10-03\ModelCompanions\ByArchive\patch-6.MPQ\World\Expansion06\Doodads\Naga\7ng_naga_banner0100.skin
patch-6.MPQ,World\Expansion06\Doodads\Naga\7ng_banner_1.blp,embedded-model-dependency,World\Expansion06\Doodads\Naga\7ng_naga_banner01.m2,175972,520F1C7F58F9DD0D6CEEB5D40079F36185C2AB84,D:\Sirus\_client\World of Warcraft Sirus\Naga_Extract_2026-10-03\ModelCompanions\ByArchive\patch-6.MPQ\World\Expansion06\Doodads\Naga\7ng_banner_1.blp
patch-6.MPQ,World\Expansion06\Doodads\Naga\ArmorReflect_Organic01.blp,embedded-model-dependency,World\Expansion06\Doodads\Naga\7ng_naga_banner01.m2,3916,2CECF7AE7FB81748D4783F85A160759C683BAF14,D:\Sirus\_client\World of Warcraft Sirus\Naga_Extract_2026-10-03\ModelCompanions\ByArchive\patch-6.MPQ\World\Expansion06\Doodads\Naga\ArmorReflect_Organic01.blp
patch-6.MPQ,World\Expansion06\Doodads\Naga\naga_spec1.blp,embedded-model-dependency,World\Expansion06\Doodads\Naga\7ng_naga_banner01.m2,44876,42648D7367B08018BA679562482103FC3B97D406,D:\Sirus\_client\World of Warcraft Sirus\Naga_Extract_2026-10-03\ModelCompanions\ByArchive\patch-6.MPQ\World\Expansion06\Doodads\Naga\naga_spec1.blp
patch-6.MPQ,World\Expansion06\Doodads\Naga\7ng_naga_barricade0100.skin,skin-profile,World\Expansion06\Doodads\Naga\7ng_naga_barricade01.m2,8392,EBE095DB598A5BB4A8CAF756B3226AAE360CE3FA,D:\Sirus\_client\World of Warcraft Sirus\Naga_Extract_2026-10-03\ModelCompanions\ByArchive\patch-6.MPQ\World\Expansion06\Doodads\Naga\7ng_naga_barricade0100.skin
patch-6.MPQ,World\Expansion06\Doodads\Naga\7ng_barricade.blp,embedded-model-dependency,World\Expansion06\Doodads\Naga\7ng_naga_barricade01.m2 | World\Expansion06\Doodads\Naga\7ng_naga_barricade02.m2,88580,814625F49C685B26EF537C17A8437673E9AEA7E7,D:\Sirus\_client\World of Warcraft Sirus\Naga_Extract_2026-10-03\ModelCompanions\ByArchive\patch-6.MPQ\World\Expansion06\Doodads\Naga\7ng_barricade.blp
patch-6.MPQ,World\Expansion06\Doodads\Naga\6dr_crystal_envspec.blp,embedded-model-dependency,World\Expansion06\Doodads\Naga\7ng_naga_barricade01.m2 | World\Expansion06\Doodads\Naga\7ng_naga_barricade02.m2,44876,4107E6DB9405EC0E180CE7213D4A018A9889825D,D:\Sirus\_client\World of Warcraft Sirus\Naga_Extract_2026-10-03\ModelCompanions\ByArchive\patch-6.MPQ\World\Expansion06\Doodads\Naga\6dr_crystal_envspec.blp
patch-6.MPQ,World\Expansion06\Doodads\Naga\7ng_naga_barricade0200.skin,skin-profile,World\Expansion06\Doodads\Naga\7ng_naga_barricade02.m2,4408,869C13F0B66B95F0F9F8130E9AA2CFBF54F5DAE5,D:\Sirus\_client\World of Warcraft Sirus\Naga_Extract_2026-10-03\ModelCompanions\ByArchive\patch-6.MPQ\World\Expansion06\Doodads\Naga\7ng_naga_barricade0200.skin
patch-6.MPQ,World\Expansion06\Doodads\Naga\7ng_naga_brazier0100.skin,skin-profile,World\Expansion06\Doodads\Naga\7ng_naga_brazier01.m2,384,B94F2415938E21533545FF7211BE05D804D777FD,D:\Sirus\_client\World of Warcraft Sirus\Naga_Extract_2026-10-03\ModelCompanions\ByArchive\patch-6.MPQ\World\Expansion06\Doodads\Naga\7ng_naga_brazier0100.skin
patch-6.MPQ,World\Expansion06\Doodads\Naga\dnu.blp,embedded-model-dependency,World\Expansion06\Doodads\Naga\7ng_naga_brazier01.m2 | World\Expansion06\Doodads\Naga\7ng_naga_brazier02.m2 | World\Expansion06\Doodads\Naga\7ng_naga_lamp.m2 | World\Expansion06\Doodads\Naga\7ng_naga_lamp_post.m2 | World\Expansion06\Doodads\Naga\7ng_naga_magicorb01.m2 | World\Expansion06\Doodads\Naga\7ng_naga_netlauncher01.m2 | World\Expansion06\Doodads\Naga\7ng_naga_post01.m2 | World\Expansion06\Doodads\Naga\7ng_naga_post02.m2 | World\Expansion06\Doodads\Naga\7ng_naga_post03.m2 | World\Expansion06\Doodads\Naga\7ng_naga_sconce.m2 | World\Expansion06\Doodads\Naga\7ng_naga_scroll01.m2 | World\Expansion06\Doodads\Naga\7ng_naga_scroll02.m2 | World\Expansion06\Doodads\Naga\7ng_naga_tent01.m2 | World\Expansion06\Doodads\Naga\7ng_naga_tent02.m2 | World\Expansion06\Doodads\Naga\7ng_naga_tent03.m2 | World\Expansion06\Doodads\Naga\7ng_naga_tent_canopy.m2 | World\Expansion06\Doodads\Naga\7ng_naga_tent_large01.m2 | World\Expansion06\Doodads\Naga\7ng_naga_tent_large02.m2 | World\Expansion06\Doodads\Naga\7ng_naga_torch02.m2 | World\Expansion06\Doodads\Naga\7ng_naga_wagon.m2,12108,494691068674549956019BB44DE4639D73A0C656,D:\Sirus\_client\World of Warcraft Sirus\Naga_Extract_2026-10-03\ModelCompanions\ByArchive\patch-6.MPQ\World\Expansion06\Doodads\Naga\dnu.blp
patch-6.MPQ,World\Expansion06\Doodads\Naga\7ng_naga_brazier0200.skin,skin-profile,World\Expansion06\Doodads\Naga\7ng_naga_brazier02.m2,384,B94F2415938E21533545FF7211BE05D804D777FD,D:\Sirus\_client\World of Warcraft Sirus\Naga_Extract_2026-10-03\ModelCompanions\ByArchive\patch-6.MPQ\World\Expansion06\Doodads\Naga\7ng_naga_brazier0200.skin
patch-6.MPQ,World\Expansion06\Doodads\Naga\7ng_naga_cage00.skin,skin-profile,World\Expansion06\Doodads\Naga\7ng_naga_cage.m2,11224,18AECFDBEB197DDB60783E99AAB533E26D19A323,D:\Sirus\_client\World of Warcraft Sirus\Naga_Extract_2026-10-03\ModelCompanions\ByArchive\patch-6.MPQ\World\Expansion06\Doodads\Naga\7ng_naga_cage00.skin
patch-6.MPQ,World\Expansion06\Doodads\Naga\7ng_incubator.blp,embedded-model-dependency,World\Expansion06\Doodads\Naga\7ng_naga_cage.m2 | World\Expansion06\Doodads\Naga\7ng_naga_cannon.m2 | World\Expansion06\Doodads\Naga\7ng_naga_harpoon.m2,350724,538C4F75E3079E2C763E777CF619DF3292E9CA88,D:\Sirus\_client\World of Warcraft Sirus\Naga_Extract_2026-10-03\ModelCompanions\ByArchive\patch-6.MPQ\World\Expansion06\Doodads\Naga\7ng_incubator.blp
patch-6.MPQ,World\Expansion06\Doodads\Naga\Nex_EnvMap01t.blp,embedded-model-dependency,World\Expansion06\Doodads\Naga\7ng_naga_cage.m2,44876,44561E534337CF39B9C4978F44A2C7F4313553A6,D:\Sirus\_client\World of Warcraft Sirus\Naga_Extract_2026-10-03\ModelCompanions\ByArchive\patch-6.MPQ\World\Expansion06\Doodads\Naga\Nex_EnvMap01t.blp
patch-6.MPQ,World\Expansion06\Doodads\Naga\7ng_naga_cannon00.skin,skin-profile,World\Expansion06\Doodads\Naga\7ng_naga_cannon.m2,54648,A13586E1031ACF8249137C365D5D6F867FE78796,D:\Sirus\_client\World of Warcraft Sirus\Naga_Extract_2026-10-03\ModelCompanions\ByArchive\patch-6.MPQ\World\Expansion06\Doodads\Naga\7ng_naga_cannon00.skin
patch-6.MPQ,World\Expansion06\Doodads\Naga\7ng_naga_cannon01.skin,skin-profile,World\Expansion06\Doodads\Naga\7ng_naga_cannon.m2,54648,2844BEE2221B4704130EAEBF4A1A99518CC6036A,D:\Sirus\_client\World of Warcraft Sirus\Naga_Extract_2026-10-03\ModelCompanions\ByArchive\patch-6.MPQ\World\Expansion06\Doodads\Naga\7ng_naga_cannon01.skin
patch-6.MPQ,World\Expansion06\Doodads\Naga\ChromeReflect.blp,embedded-model-dependency,World\Expansion06\Doodads\Naga\7ng_naga_cannon.m2 | World\Expansion06\Doodads\Naga\7ng_naga_harpoon.m2,3916,C6791EC6D51F858DE2BC4D34C4DB687414C65FAE,D:\Sirus\_client\World of Warcraft Sirus\Naga_Extract_2026-10-03\ModelCompanions\ByArchive\patch-6.MPQ\World\Expansion06\Doodads\Naga\ChromeReflect.blp
patch-6.MPQ,World\Expansion06\Doodads\Naga\OrbReflectBright_Gold.blp,embedded-model-dependency,World\Expansion06\Doodads\Naga\7ng_naga_cannon.m2 | World\Expansion06\Doodads\Naga\7ng_naga_incubator.m2,1868,28D701BAEDEFD48871C3F7AC32DB359F6A7A0480,D:\Sirus\_client\World of Warcraft Sirus\Naga_Extract_2026-10-03\ModelCompanions\ByArchive\patch-6.MPQ\World\Expansion06\Doodads\Naga\OrbReflectBright_Gold.blp
patch-6.MPQ,World\Expansion06\Doodads\Naga\GlowBall.blp,embedded-model-dependency,World\Expansion06\Doodads\Naga\7ng_naga_cannon.m2,1540,E7C5F5B7A024A3DE3A2D7B55D51E3DF4BD5BB80A,D:\Sirus\_client\World of Warcraft Sirus\Naga_Extract_2026-10-03\ModelCompanions\ByArchive\patch-6.MPQ\World\Expansion06\Doodads\Naga\GlowBall.blp
patch-6.MPQ,World\Expansion06\Doodads\Naga\SpittlePurple.blp,embedded-model-dependency,World\Expansion06\Doodads\Naga\7ng_naga_cannon.m2,2564,84271F6C54CFD13116C6C81EE9ED67AA99725B26,D:\Sirus\_client\World of Warcraft Sirus\Naga_Extract_2026-10-03\ModelCompanions\ByArchive\patch-6.MPQ\World\Expansion06\Doodads\Naga\SpittlePurple.blp
patch-6.MPQ,World\Expansion06\Doodads\Naga\Smoke_Puffy_Mask.blp,embedded-model-dependency,World\Expansion06\Doodads\Naga\7ng_naga_cannon.m2,88580,30917CFC2D1E78F5BBCCE68B9D1FCCEFE258A34D,D:\Sirus\_client\World of Warcraft Sirus\Naga_Extract_2026-10-03\ModelCompanions\ByArchive\patch-6.MPQ\World\Expansion06\Doodads\Naga\Smoke_Puffy_Mask.blp
patch-6.MPQ,World\Expansion06\Doodads\Naga\Cloud_Puffy_Mod.blp,embedded-model-dependency,World\Expansion06\Doodads\Naga\7ng_naga_cannon.m2,350724,7958D5C2DAAF655E3F6AB09E09AB7572A31FB534,D:\Sirus\_client\World of Warcraft Sirus\Naga_Extract_2026-10-03\ModelCompanions\ByArchive\patch-6.MPQ\World\Expansion06\Doodads\Naga\Cloud_Puffy_Mod.blp
patch-6.MPQ,World\Expansion06\Doodads\Naga\7ng_naga_chestlarge_open0100.skin,skin-profile,World\Expansion06\Doodads\Naga\7ng_naga_chestlarge_open01.m2,22696,26AA5BD784F9AEB0954D6046BED539B2D1B73319,D:\Sirus\_client\World of Warcraft Sirus\Naga_Extract_2026-10-03\ModelCompanions\ByArchive\patch-6.MPQ\World\Expansion06\Doodads\Naga\7ng_naga_chestlarge_open0100.skin
patch-6.MPQ,World\Expansion06\Doodads\Naga\7ng_naga_weaponcrate01.blp,embedded-model-dependency,World\Expansion06\Doodads\Naga\7ng_naga_chestlarge_open01.m2 | World\Expansion06\Doodads\Naga\7ng_naga_chestsmall_closed01.m2 | World\Expansion06\Doodads\Naga\7ng_naga_chestsmall_open01.m2 | World\Expansion06\Doodads\Naga\7ng_naga_supplies01.m2 | World\Expansion06\Doodads\Naga\7ng_naga_supplies02.m2 | World\Expansion06\Doodads\Naga\7ng_naga_supplies03.m2 | World\Expansion06\Doodads\Naga\7ng_naga_weaponcrate_closed01.m2,350724,9A36FFC56B29A1CA0F5E2B7C692F9391150E7678,D:\Sirus\_client\World of Warcraft Sirus\Naga_Extract_2026-10-03\ModelCompanions\ByArchive\patch-6.MPQ\World\Expansion06\Doodads\Naga\7ng_naga_weaponcrate01.blp
patch-6.MPQ,World\Expansion06\Doodads\Naga\polearm_2h_7ng_naga01.blp,embedded-model-dependency,World\Expansion06\Doodads\Naga\7ng_naga_chestlarge_open01.m2 | World\Expansion06\Doodads\Naga\7ng_naga_glaive.m2 | World\Expansion06\Doodads\Naga\7ng_naga_trident.m2 | World\Expansion06\Doodads\Naga\7ng_naga_trident02.m2,88580,ED73E5329C9094D5486485031E3A2E2F027889C1,D:\Sirus\_client\World of Warcraft Sirus\Naga_Extract_2026-10-03\ModelCompanions\ByArchive\patch-6.MPQ\World\Expansion06\Doodads\Naga\polearm_2h_7ng_naga01.blp
patch-6.MPQ,World\Expansion06\Doodads\Naga\OrbReflectBright.blp,embedded-model-dependency,World\Expansion06\Doodads\Naga\7ng_naga_chestlarge_open01.m2 | World\Expansion06\Doodads\Naga\7ng_naga_glaive.m2 | World\Expansion06\Doodads\Naga\7ng_naga_jar01.m2 | World\Expansion06\Doodads\Naga\7ng_naga_shield.m2 | World\Expansion06\Doodads\Naga\7ng_naga_supplies01.m2 | World\Expansion06\Doodads\Naga\7ng_naga_supplies02.m2 | World\Expansion06\Doodads\Naga\7ng_naga_supplies03.m2 | World\Expansion06\Doodads\Naga\7ng_naga_trident.m2 | World\Expansion06\Doodads\Naga\7ng_naga_trident02.m2 | World\Expansion06\Doodads\Naga\7ng_naga_vase.m2 | World\Expansion06\Doodads\Naga\7ng_naga_weaponrack01.m2 | World\Expansion06\Doodads\Naga\7ng_naga_weaponrack02.m2 | World\Expansion06\Doodads\Naga\7ng_naga_weaponrack03empty.m2,1868,07BEB5786BB6F9F714E7698814629D15E4EB020F,D:\Sirus\_client\World of Warcraft Sirus\Naga_Extract_2026-10-03\ModelCompanions\ByArchive\patch-6.MPQ\World\Expansion06\Doodads\Naga\OrbReflectBright.blp
patch-6.MPQ,World\Expansion06\Doodads\Naga\7ng_naga_chestsmall_closed0100.skin,skin-profile,World\Expansion06\Doodads\Naga\7ng_naga_chestsmall_closed01.m2,7792,37B107451EDC40D4B7A57067ABF733F469764CB5,D:\Sirus\_client\World of Warcraft Sirus\Naga_Extract_2026-10-03\ModelCompanions\ByArchive\patch-6.MPQ\World\Expansion06\Doodads\Naga\7ng_naga_chestsmall_closed0100.skin
patch-6.MPQ,World\Expansion06\Doodads\Naga\7ng_naga_chestsmall_open0100.skin,skin-profile,World\Expansion06\Doodads\Naga\7ng_naga_chestsmall_open01.m2,7792,9CB7CECB63EAB7A951A4D31F5554882739AA9DE5,D:\Sirus\_client\World of Warcraft Sirus\Naga_Extract_2026-10-03\ModelCompanions\ByArchive\patch-6.MPQ\World\Expansion06\Doodads\Naga\7ng_naga_chestsmall_open0100.skin
patch-6.MPQ,World\Expansion06\Doodads\Naga\7ng_naga_glaive00.skin,skin-profile,World\Expansion06\Doodads\Naga\7ng_naga_glaive.m2,2184,698F270C5F61669429AEF42AE5F08E7C74ABD758,D:\Sirus\_client\World of Warcraft Sirus\Naga_Extract_2026-10-03\ModelCompanions\ByArchive\patch-6.MPQ\World\Expansion06\Doodads\Naga\7ng_naga_glaive00.skin
patch-6.MPQ,World\Expansion06\Doodads\Naga\7ng_naga_harpoon00.skin,skin-profile,World\Expansion06\Doodads\Naga\7ng_naga_harpoon.m2,3480,6C0F07927C45CCB5713366C52CF4D391F71E9CE6,D:\Sirus\_client\World of Warcraft Sirus\Naga_Extract_2026-10-03\ModelCompanions\ByArchive\patch-6.MPQ\World\Expansion06\Doodads\Naga\7ng_naga_harpoon00.skin
patch-6.MPQ,World\Expansion06\Doodads\Naga\7ng_naga_incubator00.skin,skin-profile,World\Expansion06\Doodads\Naga\7ng_naga_incubator.m2,38136,66E7A05296ADB961B90ABECCA9D2FE0D833E4190,D:\Sirus\_client\World of Warcraft Sirus\Naga_Extract_2026-10-03\ModelCompanions\ByArchive\patch-6.MPQ\World\Expansion06\Doodads\Naga\7ng_naga_incubator00.skin
patch-6.MPQ,World\Expansion06\Doodads\Naga\7ng_egger.blp,embedded-model-dependency,World\Expansion06\Doodads\Naga\7ng_naga_incubator.m2,350724,6D221F4C034C27C9A11ECCCF1895DFFFC8D9716B,D:\Sirus\_client\World of Warcraft Sirus\Naga_Extract_2026-10-03\ModelCompanions\ByArchive\patch-6.MPQ\World\Expansion06\Doodads\Naga\7ng_egger.blp
patch-6.MPQ,World\Expansion06\Doodads\Naga\OrbReflectDark_reverse.blp,embedded-model-dependency,World\Expansion06\Doodads\Naga\7ng_naga_incubator.m2,12108,F6B60A4310BB16E84724973031A227F95E473AE9,D:\Sirus\_client\World of Warcraft Sirus\Naga_Extract_2026-10-03\ModelCompanions\ByArchive\patch-6.MPQ\World\Expansion06\Doodads\Naga\OrbReflectDark_reverse.blp
patch-6.MPQ,World\Expansion06\Doodads\Naga\Bullet.blp,embedded-model-dependency,World\Expansion06\Doodads\Naga\7ng_naga_incubator.m2,6660,4811A3FF02305005B961B546C710135876D3A674,D:\Sirus\_client\World of Warcraft Sirus\Naga_Extract_2026-10-03\ModelCompanions\ByArchive\patch-6.MPQ\World\Expansion06\Doodads\Naga\Bullet.blp
patch-6.MPQ,World\Expansion06\Doodads\Naga\watersplashies2.blp,embedded-model-dependency,World\Expansion06\Doodads\Naga\7ng_naga_incubator.m2 | World\Expansion06\Doodads\Naga\7ng_naga_torch01.m2 | World\Expansion06\Doodads\Naga\7ng_naga_torch01_Light.m2,88580,58977AE0210C1BDAB1CD2CE09C6CD1197D27DD8F,D:\Sirus\_client\World of Warcraft Sirus\Naga_Extract_2026-10-03\ModelCompanions\ByArchive\patch-6.MPQ\World\Expansion06\Doodads\Naga\watersplashies2.blp
patch-6.MPQ,World\Expansion06\Doodads\Naga\Caustic_Blue2.blp,embedded-model-dependency,World\Expansion06\Doodads\Naga\7ng_naga_incubator.m2 | World\Expansion06\Doodads\Naga\7ng_naga_torch01.m2 | World\Expansion06\Doodads\Naga\7ng_naga_torch01_Light.m2,88580,C246431F4F88028DF667EE3A017774A473B81469,D:\Sirus\_client\World of Warcraft Sirus\Naga_Extract_2026-10-03\ModelCompanions\ByArchive\patch-6.MPQ\World\Expansion06\Doodads\Naga\Caustic_Blue2.blp
patch-6.MPQ,World\Expansion06\Doodads\Naga\Caustic_MedFreq_Holy.blp,embedded-model-dependency,World\Expansion06\Doodads\Naga\7ng_naga_incubator.m2 | World\Expansion06\Doodads\Naga\7ng_naga_torch01.m2 | World\Expansion06\Doodads\Naga\7ng_naga_torch01_Light.m2,88580,2A3BDE35CB3E19C0CC244963B777AC6A2A069E89,D:\Sirus\_client\World of Warcraft Sirus\Naga_Extract_2026-10-03\ModelCompanions\ByArchive\patch-6.MPQ\World\Expansion06\Doodads\Naga\Caustic_MedFreq_Holy.blp
patch-6.MPQ,World\Expansion06\Doodads\Naga\glass_shard_a.blp,embedded-model-dependency,World\Expansion06\Doodads\Naga\7ng_naga_incubator.m2,44876,3001B2363EAF37BDE1F3B1F6E9198FFC118BAEEF,D:\Sirus\_client\World of Warcraft Sirus\Naga_Extract_2026-10-03\ModelCompanions\ByArchive\patch-6.MPQ\World\Expansion06\Doodads\Naga\glass_shard_a.blp
patch-6.MPQ,World\Expansion06\Doodads\Naga\Caustic_Blue.blp,embedded-model-dependency,World\Expansion06\Doodads\Naga\7ng_naga_incubator.m2,88580,62FB5E89CD703438591787BE7F48ABFEE16E6A7E,D:\Sirus\_client\World of Warcraft Sirus\Naga_Extract_2026-10-03\ModelCompanions\ByArchive\patch-6.MPQ\World\Expansion06\Doodads\Naga\Caustic_Blue.blp
patch-6.MPQ,World\Expansion06\Doodads\Naga\7ng_naga_jar0100.skin,skin-profile,World\Expansion06\Doodads\Naga\7ng_naga_jar01.m2,2392,6E102A04D309A7C8E297ED4443788145597B39FE,D:\Sirus\_client\World of Warcraft Sirus\Naga_Extract_2026-10-03\ModelCompanions\ByArchive\patch-6.MPQ\World\Expansion06\Doodads\Naga\7ng_naga_jar0100.skin
patch-6.MPQ,World\Expansion06\Doodads\Naga\7ng_jar_1.blp,embedded-model-dependency,World\Expansion06\Doodads\Naga\7ng_naga_jar01.m2 | World\Expansion06\Doodads\Naga\7ng_naga_supplies01.m2 | World\Expansion06\Doodads\Naga\7ng_naga_supplies02.m2 | World\Expansion06\Doodads\Naga\7ng_naga_supplies03.m2 | World\Expansion06\Doodads\Naga\7ng_naga_vase.m2,88580,E5F5C0975678CC43CF835BB1F2757A21DC4CE343,D:\Sirus\_client\World of Warcraft Sirus\Naga_Extract_2026-10-03\ModelCompanions\ByArchive\patch-6.MPQ\World\Expansion06\Doodads\Naga\7ng_jar_1.blp
patch-6.MPQ,World\Expansion06\Doodads\Naga\7ng_naga_lamp00.skin,skin-profile,World\Expansion06\Doodads\Naga\7ng_naga_lamp.m2,384,B94F2415938E21533545FF7211BE05D804D777FD,D:\Sirus\_client\World of Warcraft Sirus\Naga_Extract_2026-10-03\ModelCompanions\ByArchive\patch-6.MPQ\World\Expansion06\Doodads\Naga\7ng_naga_lamp00.skin
patch-6.MPQ,World\Expansion06\Doodads\Naga\7ng_naga_lamp_post00.skin,skin-profile,World\Expansion06\Doodads\Naga\7ng_naga_lamp_post.m2,384,B94F2415938E21533545FF7211BE05D804D777FD,D:\Sirus\_client\World of Warcraft Sirus\Naga_Extract_2026-10-03\ModelCompanions\ByArchive\patch-6.MPQ\World\Expansion06\Doodads\Naga\7ng_naga_lamp_post00.skin
patch-6.MPQ,World\Expansion06\Doodads\Naga\7ng_naga_magicorb0100.skin,skin-profile,World\Expansion06\Doodads\Naga\7ng_naga_magicorb01.m2,384,B94F2415938E21533545FF7211BE05D804D777FD,D:\Sirus\_client\World of Warcraft Sirus\Naga_Extract_2026-10-03\ModelCompanions\ByArchive\patch-6.MPQ\World\Expansion06\Doodads\Naga\7ng_naga_magicorb0100.skin
patch-6.MPQ,World\Expansion06\Doodads\Naga\7NG_Naga_Naugilus0100.skin,skin-profile,World\Expansion06\Doodads\Naga\7NG_Naga_Naugilus01.m2,9648,D60447F008217E3B8AFA9EBCAD43C353ED5E7295,D:\Sirus\_client\World of Warcraft Sirus\Naga_Extract_2026-10-03\ModelCompanions\ByArchive\patch-6.MPQ\World\Expansion06\Doodads\Naga\7NG_Naga_Naugilus0100.skin
patch-6.MPQ,World\Expansion06\Doodads\Naga\7NG_Naga_Naugilus01.blp,embedded-model-dependency,World\Expansion06\Doodads\Naga\7NG_Naga_Naugilus01.m2,700236,44A536DD02D2B34ED8002F4223787203A87ADC72,D:\Sirus\_client\World of Warcraft Sirus\Naga_Extract_2026-10-03\ModelCompanions\ByArchive\patch-6.MPQ\World\Expansion06\Doodads\Naga\7NG_Naga_Naugilus01.blp
patch-6.MPQ,World\Expansion06\Doodads\Naga\7ng_naga_netlauncher0100.skin,skin-profile,World\Expansion06\Doodads\Naga\7ng_naga_netlauncher01.m2,384,B94F2415938E21533545FF7211BE05D804D777FD,D:\Sirus\_client\World of Warcraft Sirus\Naga_Extract_2026-10-03\ModelCompanions\ByArchive\patch-6.MPQ\World\Expansion06\Doodads\Naga\7ng_naga_netlauncher0100.skin
patch-6.MPQ,World\Expansion06\Doodads\Naga\7ng_naga_post0100.skin,skin-profile,World\Expansion06\Doodads\Naga\7ng_naga_post01.m2,384,B94F2415938E21533545FF7211BE05D804D777FD,D:\Sirus\_client\World of Warcraft Sirus\Naga_Extract_2026-10-03\ModelCompanions\ByArchive\patch-6.MPQ\World\Expansion06\Doodads\Naga\7ng_naga_post0100.skin
patch-6.MPQ,World\Expansion06\Doodads\Naga\7ng_naga_post0200.skin,skin-profile,World\Expansion06\Doodads\Naga\7ng_naga_post02.m2,384,B94F2415938E21533545FF7211BE05D804D777FD,D:\Sirus\_client\World of Warcraft Sirus\Naga_Extract_2026-10-03\ModelCompanions\ByArchive\patch-6.MPQ\World\Expansion06\Doodads\Naga\7ng_naga_post0200.skin
patch-6.MPQ,World\Expansion06\Doodads\Naga\7ng_naga_post0300.skin,skin-profile,World\Expansion06\Doodads\Naga\7ng_naga_post03.m2,384,B94F2415938E21533545FF7211BE05D804D777FD,D:\Sirus\_client\World of Warcraft Sirus\Naga_Extract_2026-10-03\ModelCompanions\ByArchive\patch-6.MPQ\World\Expansion06\Doodads\Naga\7ng_naga_post0300.skin
patch-6.MPQ,World\Expansion06\Doodads\Naga\7ng_naga_sconce00.skin,skin-profile,World\Expansion06\Doodads\Naga\7ng_naga_sconce.m2,384,B94F2415938E21533545FF7211BE05D804D777FD,D:\Sirus\_client\World of Warcraft Sirus\Naga_Extract_2026-10-03\ModelCompanions\ByArchive\patch-6.MPQ\World\Expansion06\Doodads\Naga\7ng_naga_sconce00.skin
patch-6.MPQ,World\Expansion06\Doodads\Naga\7ng_naga_scroll0100.skin,skin-profile,World\Expansion06\Doodads\Naga\7ng_naga_scroll01.m2,384,B94F2415938E21533545FF7211BE05D804D777FD,D:\Sirus\_client\World of Warcraft Sirus\Naga_Extract_2026-10-03\ModelCompanions\ByArchive\patch-6.MPQ\World\Expansion06\Doodads\Naga\7ng_naga_scroll0100.skin
patch-6.MPQ,World\Expansion06\Doodads\Naga\7ng_naga_scroll0200.skin,skin-profile,World\Expansion06\Doodads\Naga\7ng_naga_scroll02.m2,384,B94F2415938E21533545FF7211BE05D804D777FD,D:\Sirus\_client\World of Warcraft Sirus\Naga_Extract_2026-10-03\ModelCompanions\ByArchive\patch-6.MPQ\World\Expansion06\Doodads\Naga\7ng_naga_scroll0200.skin
patch-6.MPQ,World\Expansion06\Doodads\Naga\7NG_Naga_Shell00.skin,skin-profile,World\Expansion06\Doodads\Naga\7NG_Naga_Shell.m2,5968,775C1AFE428F751DC9741555D2C14A6772123CBA,D:\Sirus\_client\World of Warcraft Sirus\Naga_Extract_2026-10-03\ModelCompanions\ByArchive\patch-6.MPQ\World\Expansion06\Doodads\Naga\7NG_Naga_Shell00.skin
patch-6.MPQ,World\Expansion06\Doodads\Naga\7NG_Naga_Shell.blp,embedded-model-dependency,World\Expansion06\Doodads\Naga\7NG_Naga_Shell.m2,175948,A155670A93055047223022F95E07CA13BF5FD6A6,D:\Sirus\_client\World of Warcraft Sirus\Naga_Extract_2026-10-03\ModelCompanions\ByArchive\patch-6.MPQ\World\Expansion06\Doodads\Naga\7NG_Naga_Shell.blp
patch-6.MPQ,World\Expansion06\Doodads\Naga\7ng_naga_shield00.skin,skin-profile,World\Expansion06\Doodads\Naga\7ng_naga_shield.m2,1992,37A483DBF4B925E773477CEF9F8860C0BF155C5A,D:\Sirus\_client\World of Warcraft Sirus\Naga_Extract_2026-10-03\ModelCompanions\ByArchive\patch-6.MPQ\World\Expansion06\Doodads\Naga\7ng_naga_shield00.skin
patch-6.MPQ,World\Expansion06\Doodads\Naga\7ng_naga_shield.blp,embedded-model-dependency,World\Expansion06\Doodads\Naga\7ng_naga_shield.m2,44900,F6561B781C1298CBAC8D86BBC51412C9F56AE0D2,D:\Sirus\_client\World of Warcraft Sirus\Naga_Extract_2026-10-03\ModelCompanions\ByArchive\patch-6.MPQ\World\Expansion06\Doodads\Naga\7ng_naga_shield.blp
patch-6.MPQ,World\Expansion06\Doodads\Naga\7ng_naga_supplies0100.skin,skin-profile,World\Expansion06\Doodads\Naga\7ng_naga_supplies01.m2,32496,720EE8E1667B5E2FE349D86FF0672BE3D0E4B926,D:\Sirus\_client\World of Warcraft Sirus\Naga_Extract_2026-10-03\ModelCompanions\ByArchive\patch-6.MPQ\World\Expansion06\Doodads\Naga\7ng_naga_supplies0100.skin
patch-6.MPQ,world\expansion06\doodads\naga\7ng_weaponracks.blp,embedded-model-dependency,World\Expansion06\Doodads\Naga\7ng_naga_supplies01.m2 | World\Expansion06\Doodads\Naga\7ng_naga_supplies02.m2 | World\Expansion06\Doodads\Naga\7ng_naga_supplies03.m2 | World\Expansion06\Doodads\Naga\7ng_naga_weaponrack01.m2 | World\Expansion06\Doodads\Naga\7ng_naga_weaponrack02.m2 | World\Expansion06\Doodads\Naga\7ng_naga_weaponrack03empty.m2,175972,9D856FBE90CAD68FD6310690E82245F0656200C1,D:\Sirus\_client\World of Warcraft Sirus\Naga_Extract_2026-10-03\ModelCompanions\ByArchive\patch-6.MPQ\world\expansion06\doodads\naga\7ng_weaponracks.blp
patch-6.MPQ,World\Expansion06\Doodads\Naga\7ng_naga_supplies0200.skin,skin-profile,World\Expansion06\Doodads\Naga\7ng_naga_supplies02.m2,44528,64F180724B455F2673885B40F291075E5D806C07,D:\Sirus\_client\World of Warcraft Sirus\Naga_Extract_2026-10-03\ModelCompanions\ByArchive\patch-6.MPQ\World\Expansion06\Doodads\Naga\7ng_naga_supplies0200.skin
patch-6.MPQ,World\Expansion06\Doodads\Naga\7ng_naga_supplies0300.skin,skin-profile,World\Expansion06\Doodads\Naga\7ng_naga_supplies03.m2,116832,093BE59A56C11ED6B1593EADB516F15DE81BEAAF,D:\Sirus\_client\World of Warcraft Sirus\Naga_Extract_2026-10-03\ModelCompanions\ByArchive\patch-6.MPQ\World\Expansion06\Doodads\Naga\7ng_naga_supplies0300.skin
patch-6.MPQ,World\Expansion06\Doodads\Naga\7ng_naga_tent0100.skin,skin-profile,World\Expansion06\Doodads\Naga\7ng_naga_tent01.m2,384,B94F2415938E21533545FF7211BE05D804D777FD,D:\Sirus\_client\World of Warcraft Sirus\Naga_Extract_2026-10-03\ModelCompanions\ByArchive\patch-6.MPQ\World\Expansion06\Doodads\Naga\7ng_naga_tent0100.skin
patch-6.MPQ,World\Expansion06\Doodads\Naga\7ng_naga_tent0200.skin,skin-profile,World\Expansion06\Doodads\Naga\7ng_naga_tent02.m2,384,B94F2415938E21533545FF7211BE05D804D777FD,D:\Sirus\_client\World of Warcraft Sirus\Naga_Extract_2026-10-03\ModelCompanions\ByArchive\patch-6.MPQ\World\Expansion06\Doodads\Naga\7ng_naga_tent0200.skin
patch-6.MPQ,World\Expansion06\Doodads\Naga\7ng_naga_tent0300.skin,skin-profile,World\Expansion06\Doodads\Naga\7ng_naga_tent03.m2,384,B94F2415938E21533545FF7211BE05D804D777FD,D:\Sirus\_client\World of Warcraft Sirus\Naga_Extract_2026-10-03\ModelCompanions\ByArchive\patch-6.MPQ\World\Expansion06\Doodads\Naga\7ng_naga_tent0300.skin
patch-6.MPQ,World\Expansion06\Doodads\Naga\7ng_naga_tent_canopy00.skin,skin-profile,World\Expansion06\Doodads\Naga\7ng_naga_tent_canopy.m2,384,B94F2415938E21533545FF7211BE05D804D777FD,D:\Sirus\_client\World of Warcraft Sirus\Naga_Extract_2026-10-03\ModelCompanions\ByArchive\patch-6.MPQ\World\Expansion06\Doodads\Naga\7ng_naga_tent_canopy00.skin
patch-6.MPQ,World\Expansion06\Doodads\Naga\7ng_naga_tent_large0100.skin,skin-profile,World\Expansion06\Doodads\Naga\7ng_naga_tent_large01.m2,384,B94F2415938E21533545FF7211BE05D804D777FD,D:\Sirus\_client\World of Warcraft Sirus\Naga_Extract_2026-10-03\ModelCompanions\ByArchive\patch-6.MPQ\World\Expansion06\Doodads\Naga\7ng_naga_tent_large0100.skin
patch-6.MPQ,World\Expansion06\Doodads\Naga\7ng_naga_tent_large0200.skin,skin-profile,World\Expansion06\Doodads\Naga\7ng_naga_tent_large02.m2,384,B94F2415938E21533545FF7211BE05D804D777FD,D:\Sirus\_client\World of Warcraft Sirus\Naga_Extract_2026-10-03\ModelCompanions\ByArchive\patch-6.MPQ\World\Expansion06\Doodads\Naga\7ng_naga_tent_large0200.skin
patch-6.MPQ,World\Expansion06\Doodads\Naga\7ng_naga_torch0100.skin,skin-profile,World\Expansion06\Doodads\Naga\7ng_naga_torch01.m2,2808,BA1462028470B95413291467E9DC290257310501,D:\Sirus\_client\World of Warcraft Sirus\Naga_Extract_2026-10-03\ModelCompanions\ByArchive\patch-6.MPQ\World\Expansion06\Doodads\Naga\7ng_naga_torch0100.skin
patch-6.MPQ,World\Expansion06\Doodads\Naga\7ng_naga_torch01.blp,embedded-model-dependency,World\Expansion06\Doodads\Naga\7ng_naga_torch01.m2 | World\Expansion06\Doodads\Naga\7ng_naga_torch01_Light.m2,88580,D963DC1CE994B1E8FE737B2CC3852787D9C288FD,D:\Sirus\_client\World of Warcraft Sirus\Naga_Extract_2026-10-03\ModelCompanions\ByArchive\patch-6.MPQ\World\Expansion06\Doodads\Naga\7ng_naga_torch01.blp
patch-6.MPQ,World\Expansion06\Doodads\Naga\smoothreflect01.blp,embedded-model-dependency,World\Expansion06\Doodads\Naga\7ng_naga_torch01.m2 | World\Expansion06\Doodads\Naga\7ng_naga_torch01_Light.m2,3916,7E1654C36273B86A67CFBC5F8750C54A2518EE42,D:\Sirus\_client\World of Warcraft Sirus\Naga_Extract_2026-10-03\ModelCompanions\ByArchive\patch-6.MPQ\World\Expansion06\Doodads\Naga\smoothreflect01.blp
patch-6.MPQ,World\Expansion06\Doodads\Naga\GenericGlow_Alpha_128.blp,embedded-model-dependency,World\Expansion06\Doodads\Naga\7ng_naga_torch01.m2 | World\Expansion06\Doodads\Naga\7ng_naga_torch01_Light.m2,12108,72131A9F62D53E6E99C0D42D3E4D50D383714EB3,D:\Sirus\_client\World of Warcraft Sirus\Naga_Extract_2026-10-03\ModelCompanions\ByArchive\patch-6.MPQ\World\Expansion06\Doodads\Naga\GenericGlow_Alpha_128.blp
patch-6.MPQ,World\Expansion06\Doodads\Naga\7ng_naga_torch01_Light00.skin,skin-profile,World\Expansion06\Doodads\Naga\7ng_naga_torch01_Light.m2,2808,169A58AA7F671E45B74BE6A3616D652C6AF7B7D2,D:\Sirus\_client\World of Warcraft Sirus\Naga_Extract_2026-10-03\ModelCompanions\ByArchive\patch-6.MPQ\World\Expansion06\Doodads\Naga\7ng_naga_torch01_Light00.skin
patch-6.MPQ,World\Expansion06\Doodads\Naga\7ng_naga_torch0200.skin,skin-profile,World\Expansion06\Doodads\Naga\7ng_naga_torch02.m2,384,B94F2415938E21533545FF7211BE05D804D777FD,D:\Sirus\_client\World of Warcraft Sirus\Naga_Extract_2026-10-03\ModelCompanions\ByArchive\patch-6.MPQ\World\Expansion06\Doodads\Naga\7ng_naga_torch0200.skin
patch-6.MPQ,World\Expansion06\Doodads\Naga\7ng_naga_trident00.skin,skin-profile,World\Expansion06\Doodads\Naga\7ng_naga_trident.m2,2760,71788EE75E8B88DEBCFC8ABF9F6764C504EFCB0E,D:\Sirus\_client\World of Warcraft Sirus\Naga_Extract_2026-10-03\ModelCompanions\ByArchive\patch-6.MPQ\World\Expansion06\Doodads\Naga\7ng_naga_trident00.skin
patch-6.MPQ,World\Expansion06\Doodads\Naga\7ng_naga_trident0200.skin,skin-profile,World\Expansion06\Doodads\Naga\7ng_naga_trident02.m2,3048,6042BD86CFEB1F9D1065528C44E4370C651E1117,D:\Sirus\_client\World of Warcraft Sirus\Naga_Extract_2026-10-03\ModelCompanions\ByArchive\patch-6.MPQ\World\Expansion06\Doodads\Naga\7ng_naga_trident0200.skin
patch-6.MPQ,World\Expansion06\Doodads\Naga\7ng_naga_vase00.skin,skin-profile,World\Expansion06\Doodads\Naga\7ng_naga_vase.m2,2392,1A64255EEF77E4F43F3804C3F9FB096C83B261ED,D:\Sirus\_client\World of Warcraft Sirus\Naga_Extract_2026-10-03\ModelCompanions\ByArchive\patch-6.MPQ\World\Expansion06\Doodads\Naga\7ng_naga_vase00.skin
patch-6.MPQ,World\Expansion06\Doodads\Naga\7ng_naga_wagon00.skin,skin-profile,World\Expansion06\Doodads\Naga\7ng_naga_wagon.m2,384,B94F2415938E21533545FF7211BE05D804D777FD,D:\Sirus\_client\World of Warcraft Sirus\Naga_Extract_2026-10-03\ModelCompanions\ByArchive\patch-6.MPQ\World\Expansion06\Doodads\Naga\7ng_naga_wagon00.skin
patch-6.MPQ,World\Expansion06\Doodads\Naga\7ng_naga_weaponcrate_closed0100.skin,skin-profile,World\Expansion06\Doodads\Naga\7ng_naga_weaponcrate_closed01.m2,7504,459F78EC86EA0D48CEAC289E08FE80B3FEDC5837,D:\Sirus\_client\World of Warcraft Sirus\Naga_Extract_2026-10-03\ModelCompanions\ByArchive\patch-6.MPQ\World\Expansion06\Doodads\Naga\7ng_naga_weaponcrate_closed0100.skin
patch-6.MPQ,World\Expansion06\Doodads\Naga\7ng_naga_weaponrack0100.skin,skin-profile,World\Expansion06\Doodads\Naga\7ng_naga_weaponrack01.m2,24552,B85A3628F24C7155F6169921F90F8FDDE9709270,D:\Sirus\_client\World of Warcraft Sirus\Naga_Extract_2026-10-03\ModelCompanions\ByArchive\patch-6.MPQ\World\Expansion06\Doodads\Naga\7ng_naga_weaponrack0100.skin
patch-6.MPQ,World\Expansion06\Doodads\Naga\7ng_naga_weaponrack0200.skin,skin-profile,World\Expansion06\Doodads\Naga\7ng_naga_weaponrack02.m2,26808,98EA6F5689124505405B16908F9A9EA6FACC0663,D:\Sirus\_client\World of Warcraft Sirus\Naga_Extract_2026-10-03\ModelCompanions\ByArchive\patch-6.MPQ\World\Expansion06\Doodads\Naga\7ng_naga_weaponrack0200.skin
patch-6.MPQ,World\Expansion06\Doodads\Naga\7ng_naga_weaponrack03empty00.skin,skin-profile,World\Expansion06\Doodads\Naga\7ng_naga_weaponrack03empty.m2,9192,E831908B6F3E42B00600D5C769E93FC8A88CB9B9,D:\Sirus\_client\World of Warcraft Sirus\Naga_Extract_2026-10-03\ModelCompanions\ByArchive\patch-6.MPQ\World\Expansion06\Doodads\Naga\7ng_naga_weaponrack03empty00.skin
patch-6.MPQ,ITEM\OBJECTCOMPONENTS\WEAPON\POLEARM_2H_TRIDENT_NAGA_B_01GREEN.BLP,embedded-model-dependency,World\Generic\PassiveDoodads\Weapons\Naga_Trident02.M2,88580,DD2ABCDEE96E1A3A17FDDDAC07ED4C89909D0905,D:\Sirus\_client\World of Warcraft Sirus\Naga_Extract_2026-10-03\ModelCompanions\ByArchive\patch-6.MPQ\ITEM\OBJECTCOMPONENTS\WEAPON\POLEARM_2H_TRIDENT_NAGA_B_01GREEN.BLP
patch-6.MPQ,item\objectcomponents\weapon\nex_envmap03.blp,embedded-model-dependency,item\objectcomponents\weapon\hand_1h_naga_c_01.m2,44876,8EB14CB3B1345BA9E5D540AD15E414918C9709F5,D:\Sirus\_client\World of Warcraft Sirus\Naga_Extract_2026-10-03\ModelCompanions\ByArchive\patch-6.MPQ\item\objectcomponents\weapon\nex_envmap03.blp
patch-6.MPQ,item\objectcomponents\weapon\armorreflect4.blp,embedded-model-dependency,item\objectcomponents\weapon\knife_1h_naga_c_01.m2 | item\objectcomponents\weapon\mace_1h_naga_a_01.m2,3916,A63F947856E395D628A8D09D346FB83D70A19F8F,D:\Sirus\_client\World of Warcraft Sirus\Naga_Extract_2026-10-03\ModelCompanions\ByArchive\patch-6.MPQ\item\objectcomponents\weapon\armorreflect4.blp
patch-6.MPQ,item\objectcomponents\shield\nex_envmap03.blp,embedded-model-dependency,item\objectcomponents\shield\shield_1h_naga_c_01.m2,44876,8EB14CB3B1345BA9E5D540AD15E414918C9709F5,D:\Sirus\_client\World of Warcraft Sirus\Naga_Extract_2026-10-03\ModelCompanions\ByArchive\patch-6.MPQ\item\objectcomponents\shield\nex_envmap03.blp
patch-6.MPQ,World\Sirus\Naga_totem_air00.skin,skin-profile,World\Sirus\Naga_totem_air.m2,16352,5A37564FE2EAD43589B1D8D28B58344FFC26D3A7,D:\Sirus\_client\World of Warcraft Sirus\Naga_Extract_2026-10-03\ModelCompanions\ByArchive\patch-6.MPQ\World\Sirus\Naga_totem_air00.skin
patch-6.MPQ,ITEM\OBJECTCOMPONENTS\AMMO\BLUE_GLOW2.BLP,embedded-model-dependency,World\Sirus\Naga_totem_air.m2,1868,0F3EDB20EA4670742FC9262689F542F94793E599,D:\Sirus\_client\World of Warcraft Sirus\Naga_Extract_2026-10-03\ModelCompanions\ByArchive\patch-6.MPQ\ITEM\OBJECTCOMPONENTS\AMMO\BLUE_GLOW2.BLP
patch-6.MPQ,world\expansion07\doodads\nazjatar\8ng_nazjatar_statue05_0_282831L.blp,embedded-model-dependency,World\Sirus\Naga_totem_air.m2,350724,375B845223F4362043C68096C73EFF2B6278A8F0,D:\Sirus\_client\World of Warcraft Sirus\Naga_Extract_2026-10-03\ModelCompanions\ByArchive\patch-6.MPQ\world\expansion07\doodads\nazjatar\8ng_nazjatar_statue05_0_282831L.blp
patch-6.MPQ,World\Sirus\Naga_totem_earth00.skin,skin-profile,World\Sirus\Naga_totem_earth.m2,16352,1DB833E0BB16D5D6E5CB604E7AA238A922BF96B3,D:\Sirus\_client\World of Warcraft Sirus\Naga_Extract_2026-10-03\ModelCompanions\ByArchive\patch-6.MPQ\World\Sirus\Naga_totem_earth00.skin
patch-6.MPQ,world\expansion07\doodads\nazjatar\8ng_nazjatar_statue05_0_282831Y.blp,embedded-model-dependency,World\Sirus\Naga_totem_earth.m2,350724,7DCAC51C2084244466EFE98293B0D9366337F23E,D:\Sirus\_client\World of Warcraft Sirus\Naga_Extract_2026-10-03\ModelCompanions\ByArchive\patch-6.MPQ\world\expansion07\doodads\nazjatar\8ng_nazjatar_statue05_0_282831Y.blp
patch-6.MPQ,World\Sirus\Naga_totem_fire00.skin,skin-profile,World\Sirus\Naga_totem_fire.m2,16352,117764ED94DB8FBEF6515BC3BA256C39117F450C,D:\Sirus\_client\World of Warcraft Sirus\Naga_Extract_2026-10-03\ModelCompanions\ByArchive\patch-6.MPQ\World\Sirus\Naga_totem_fire00.skin
patch-6.MPQ,ITEM\OBJECTCOMPONENTS\WEAPON\FLAMELICKSMALL.BLP,embedded-model-dependency,World\Sirus\Naga_totem_fire.m2,23044,1C5DE3258525080516447E30D6CBFD1ADAA33887,D:\Sirus\_client\World of Warcraft Sirus\Naga_Extract_2026-10-03\ModelCompanions\ByArchive\patch-6.MPQ\ITEM\OBJECTCOMPONENTS\WEAPON\FLAMELICKSMALL.BLP
patch-6.MPQ,world\expansion07\doodads\nazjatar\8ng_nazjatar_statue05_0_282831R.blp,embedded-model-dependency,World\Sirus\Naga_totem_fire.m2,350724,94274A10BD8D3868F4E440ABD107DD93667BBA00,D:\Sirus\_client\World of Warcraft Sirus\Naga_Extract_2026-10-03\ModelCompanions\ByArchive\patch-6.MPQ\world\expansion07\doodads\nazjatar\8ng_nazjatar_statue05_0_282831R.blp
patch-6.MPQ,World\Sirus\Naga_totem_water00.skin,skin-profile,World\Sirus\Naga_totem_water.m2,16304,F8B9CE30B458044E19B69ACADEE4C89558C1DF4B,D:\Sirus\_client\World of Warcraft Sirus\Naga_Extract_2026-10-03\ModelCompanions\ByArchive\patch-6.MPQ\World\Sirus\Naga_totem_water00.skin
patch-6.MPQ,world\expansion07\doodads\nazjatar\8ng_nazjatar_statue05_0_2828319.blp,embedded-model-dependency,World\Sirus\Naga_totem_water.m2,350724,67FADA585531778F9B751295054226C6814517FC,D:\Sirus\_client\World of Warcraft Sirus\Naga_Extract_2026-10-03\ModelCompanions\ByArchive\patch-6.MPQ\world\expansion07\doodads\nazjatar\8ng_nazjatar_statue05_0_2828319.blp
patch-7.mpq,SPELLS\SHOCKWAVEWATER1.BLP,embedded-model-dependency,SPELLS\NagaLordShell_Impact.m2,12108,4EBB395E51C9C2A74904FAB8F1CA3BADCA06CB47,D:\Sirus\_client\World of Warcraft Sirus\Naga_Extract_2026-10-03\ModelCompanions\ByArchive\patch-7.mpq\SPELLS\SHOCKWAVEWATER1.BLP
patch-7.mpq,ITEM\OBJECTCOMPONENTS\WEAPON\ORBREFLECTBRIGHT.BLP,embedded-model-dependency,World\Expansion01\Doodads\Generic\Naga\Artifact\NA_Artifact01.M2,1868,07BEB5786BB6F9F714E7698814629D15E4EB020F,D:\Sirus\_client\World of Warcraft Sirus\Naga_Extract_2026-10-03\ModelCompanions\ByArchive\patch-7.mpq\ITEM\OBJECTCOMPONENTS\WEAPON\ORBREFLECTBRIGHT.BLP
patch-7.mpq,World\Expansion06\Doodads\Naga\7ng_naga_barricade0100.skin,skin-profile,World\Expansion06\Doodads\Naga\7ng_naga_barricade01.m2,8392,5E96CDA1CA19F8190464925554A276EF6B8FB687,D:\Sirus\_client\World of Warcraft Sirus\Naga_Extract_2026-10-03\ModelCompanions\ByArchive\patch-7.mpq\World\Expansion06\Doodads\Naga\7ng_naga_barricade0100.skin
patch-7.mpq,World\Expansion06\Doodads\Naga\7ng_naga_supplies0100.skin,skin-profile,World\Expansion06\Doodads\Naga\7ng_naga_supplies01.m2,32496,5B4450716C1BFADB4C9D6D18E219507826D9C6D5,D:\Sirus\_client\World of Warcraft Sirus\Naga_Extract_2026-10-03\ModelCompanions\ByArchive\patch-7.mpq\World\Expansion06\Doodads\Naga\7ng_naga_supplies0100.skin
patch-8.mpq,ITEM\OBJECTCOMPONENTS\WEAPON\ORBREFLECTBRIGHT.BLP,embedded-model-dependency,World\Expansion01\Doodads\Generic\Naga\Artifact\NA_Artifact01.M2,1868,07BEB5786BB6F9F714E7698814629D15E4EB020F,D:\Sirus\_client\World of Warcraft Sirus\Naga_Extract_2026-10-03\ModelCompanions\ByArchive\patch-8.mpq\ITEM\OBJECTCOMPONENTS\WEAPON\ORBREFLECTBRIGHT.BLP
patch-9.mpq,ITEM\OBJECTCOMPONENTS\WEAPON\ARMORREFLECT_RAINBOW.BLP,embedded-model-dependency,Creature\NAGALORDMALE\NagaLordMale.M2 | SPELLS\NagaLordShell_Missile.m2 | World\Goober\G_NagaShellMissile.M2 | World\Expansion01\Doodads\Generic\Naga\Crates\NA_Barricade_Shell_01.M2 | World\Expansion01\Doodads\Generic\Naga\Crates\NA_Barricade_Shell_02.M2,3916,0788BB103AA91A13D81D907A822CF3FD4259C77C,D:\Sirus\_client\World of Warcraft Sirus\Naga_Extract_2026-10-03\ModelCompanions\ByArchive\patch-9.mpq\ITEM\OBJECTCOMPONENTS\WEAPON\ARMORREFLECT_RAINBOW.BLP
patch-9.mpq,SPELLS\GENERICGLOW64.BLP,embedded-model-dependency,Creature\QuestObjects\Creature_NagaDistiller.M2 | World\Expansion01\Doodads\Generic\Naga\ARK\NA_Ark.M2 | World\Expansion01\Doodads\Generic\Naga\Distiller\NA_Distiller.m2 | World\Expansion01\Doodads\Generic\Naga\Artifact\NA_Artifact01.M2 | World\Expansion01\Doodads\Generic\Naga\Crates\NA_Barricade_01.M2 | World\Expansion01\Doodads\Generic\Naga\Crates\NA_Barricade_Pole.M2,6660,CB2000E6BBA6479E767FB636B5D95015529EBFF4,D:\Sirus\_client\World of Warcraft Sirus\Naga_Extract_2026-10-03\ModelCompanions\ByArchive\patch-9.mpq\SPELLS\GENERICGLOW64.BLP
patch-9.mpq,ITEM\OBJECTCOMPONENTS\SHIELD\ARMORREFLECT4.BLP,embedded-model-dependency,ITEM\ObjectComponents\Weapon\Polearm_2H_Trident_Naga_B_01.M2 | ITEM\ObjectComponents\Weapon\Polearm_2H_Trident_Naga_B_02.M2 | ITEM\ObjectComponents\Weapon\Polearm_2H_Trident_Naga_B_03.M2 | World\Generic\PassiveDoodads\Weapons\Naga_Trident02.M2 | item\objectcomponents\shield\shield_1h_naga_c_01.m2,3916,1A83D58BAD1B162E9322DD0EE8D2B207C8ED456C,D:\Sirus\_client\World of Warcraft Sirus\Naga_Extract_2026-10-03\ModelCompanions\ByArchive\patch-9.mpq\ITEM\OBJECTCOMPONENTS\SHIELD\ARMORREFLECT4.BLP
patch-9.mpq,ITEM\OBJECTCOMPONENTS\WEAPON\ORBREFLECTBRIGHT.BLP,embedded-model-dependency,World\Expansion01\Doodads\Generic\Naga\Artifact\NA_Artifact01.M2,1868,5164750CC131514A4DB27DC4663BE6C494909343,D:\Sirus\_client\World of Warcraft Sirus\Naga_Extract_2026-10-03\ModelCompanions\ByArchive\patch-9.mpq\ITEM\OBJECTCOMPONENTS\WEAPON\ORBREFLECTBRIGHT.BLP
patch-9.mpq,ITEM\OBJECTCOMPONENTS\AMMO\BLUE_GLOW2.BLP,embedded-model-dependency,World\Sirus\Naga_totem_air.m2,1868,0F3EDB20EA4670742FC9262689F542F94793E599,D:\Sirus\_client\World of Warcraft Sirus\Naga_Extract_2026-10-03\ModelCompanions\ByArchive\patch-9.mpq\ITEM\OBJECTCOMPONENTS\AMMO\BLUE_GLOW2.BLP
patch-9.mpq,SPELLS\GREEN_GLOW2.BLP,embedded-model-dependency,World\Sirus\Naga_totem_earth.m2,1868,EDB1202B25B8B44AFBEC0CEAB5955B0321ADB1C1,D:\Sirus\_client\World of Warcraft Sirus\Naga_Extract_2026-10-03\ModelCompanions\ByArchive\patch-9.mpq\SPELLS\GREEN_GLOW2.BLP
patch-9.mpq,ITEM\OBJECTCOMPONENTS\WEAPON\FLAMELICKSMALL.BLP,embedded-model-dependency,World\Sirus\Naga_totem_fire.m2,23044,1C5DE3258525080516447E30D6CBFD1ADAA33887,D:\Sirus\_client\World of Warcraft Sirus\Naga_Extract_2026-10-03\ModelCompanions\ByArchive\patch-9.mpq\ITEM\OBJECTCOMPONENTS\WEAPON\FLAMELICKSMALL.BLP
patch-9.mpq,PARTICLES\RED_GLOW2.BLP,embedded-model-dependency,World\Sirus\Naga_totem_fire.m2,1868,42D99295B7755D066CAA40DCB1D5DCE61B3E150E,D:\Sirus\_client\World of Warcraft Sirus\Naga_Extract_2026-10-03\ModelCompanions\ByArchive\patch-9.mpq\PARTICLES\RED_GLOW2.BLP
patch-a.mpq,SPELLS\GENERICGLOW64.BLP,embedded-model-dependency,Creature\QuestObjects\Creature_NagaDistiller.M2 | World\Expansion01\Doodads\Generic\Naga\ARK\NA_Ark.M2 | World\Expansion01\Doodads\Generic\Naga\Distiller\NA_Distiller.m2 | World\Expansion01\Doodads\Generic\Naga\Artifact\NA_Artifact01.M2 | World\Expansion01\Doodads\Generic\Naga\Crates\NA_Barricade_01.M2 | World\Expansion01\Doodads\Generic\Naga\Crates\NA_Barricade_Pole.M2,6660,CB2000E6BBA6479E767FB636B5D95015529EBFF4,D:\Sirus\_client\World of Warcraft Sirus\Naga_Extract_2026-10-03\ModelCompanions\ByArchive\patch-a.mpq\SPELLS\GENERICGLOW64.BLP
patch-a.mpq,CREATURE\SPELLS\TROLLSHAMANTOTEM.BLP,embedded-model-dependency,World\Sirus\Naga_totem_air.m2 | World\Sirus\Naga_totem_earth.m2 | World\Sirus\Naga_totem_fire.m2 | World\Sirus\Naga_totem_water.m2,175948,A492F0B3238AECE68F6E15822BA9D1E89490A639,D:\Sirus\_client\World of Warcraft Sirus\Naga_Extract_2026-10-03\ModelCompanions\ByArchive\patch-a.mpq\CREATURE\SPELLS\TROLLSHAMANTOTEM.BLP
patch-a.mpq,CREATURE\SPELLS\DUST5A.BLP,embedded-model-dependency,World\Sirus\Naga_totem_air.m2 | World\Sirus\Naga_totem_earth.m2 | World\Sirus\Naga_totem_fire.m2 | World\Sirus\Naga_totem_water.m2,6660,CFFCFBEC54DA8499E9B4741B5AB348D98C55BE3C,D:\Sirus\_client\World of Warcraft Sirus\Naga_Extract_2026-10-03\ModelCompanions\ByArchive\patch-a.mpq\CREATURE\SPELLS\DUST5A.BLP
patch-a.mpq,CREATURE\SPELLS\TOONSMOKE16_2.BLP,embedded-model-dependency,World\Sirus\Naga_totem_air.m2 | World\Sirus\Naga_totem_earth.m2 | World\Sirus\Naga_totem_fire.m2 | World\Sirus\Naga_totem_water.m2,350724,7B4CF903C203DA4395748450EB770D1609FE6FDC,D:\Sirus\_client\World of Warcraft Sirus\Naga_Extract_2026-10-03\ModelCompanions\ByArchive\patch-a.mpq\CREATURE\SPELLS\TOONSMOKE16_2.BLP
patch-b.mpq,ITEM\OBJECTCOMPONENTS\WEAPON\ORBREFLECTBRIGHT.BLP,embedded-model-dependency,World\Expansion01\Doodads\Generic\Naga\Artifact\NA_Artifact01.M2,1868,07BEB5786BB6F9F714E7698814629D15E4EB020F,D:\Sirus\_client\World of Warcraft Sirus\Naga_Extract_2026-10-03\ModelCompanions\ByArchive\patch-b.mpq\ITEM\OBJECTCOMPONENTS\WEAPON\ORBREFLECTBRIGHT.BLP
patch-c.mpq,character\human\male\deathknighteyegloweffect.blp,embedded-model-dependency,Character\NagaSirusHD\female\Snaga_Female.m2 | Character\NagaSirusHD\Male\Snaga_male.m2 | character\NagaSirusHD\female\Snaga_Female.m2 | character\NagaSirusHD\male\Snaga_male.m2,44900,DB43CB8B1D44C55EE2BD579163A549351C836002,D:\Sirus\_client\World of Warcraft Sirus\Naga_Extract_2026-10-03\ModelCompanions\ByArchive\patch-c.mpq\character\human\male\deathknighteyegloweffect.blp
patch-e.mpq,World\Expansion06\Doodads\Naga\7ng_naga_torch01_Light00.skin,skin-profile,World\Expansion06\Doodads\Naga\7ng_naga_torch01_Light.m2,2808,DF9887481C98910B750960FE621C76064C10A373,D:\Sirus\_client\World of Warcraft Sirus\Naga_Extract_2026-10-03\ModelCompanions\ByArchive\patch-e.mpq\World\Expansion06\Doodads\Naga\7ng_naga_torch01_Light00.skin
patch-f.mpq,ITEM\OBJECTCOMPONENTS\SHIELD\ARMORREFLECT4.BLP,embedded-model-dependency,ITEM\ObjectComponents\Weapon\Polearm_2H_Trident_Naga_B_01.M2 | ITEM\ObjectComponents\Weapon\Polearm_2H_Trident_Naga_B_02.M2 | ITEM\ObjectComponents\Weapon\Polearm_2H_Trident_Naga_B_03.M2 | World\Generic\PassiveDoodads\Weapons\Naga_Trident02.M2 | item\objectcomponents\shield\shield_1h_naga_c_01.m2,3916,A63F947856E395D628A8D09D346FB83D70A19F8F,D:\Sirus\_client\World of Warcraft Sirus\Naga_Extract_2026-10-03\ModelCompanions\ByArchive\patch-f.mpq\ITEM\OBJECTCOMPONENTS\SHIELD\ARMORREFLECT4.BLP
patch-i.mpq,item\objectcomponents\weapon\hand_1h_naga_c_0100.skin,skin-profile,item\objectcomponents\weapon\hand_1h_naga_c_01.m2,6648,9461E8DCC8E5ADA468021A458076D21343ED1BB0,D:\Sirus\_client\World of Warcraft Sirus\Naga_Extract_2026-10-03\ModelCompanions\ByArchive\patch-i.mpq\item\objectcomponents\weapon\hand_1h_naga_c_0100.skin
patch-i.mpq,item\objectcomponents\weapon\knife_1h_naga_c_0100.skin,skin-profile,item\objectcomponents\weapon\knife_1h_naga_c_01.m2,3000,AEB9816F651B3963B8CB99053C2ED8CEF5EC2373,D:\Sirus\_client\World of Warcraft Sirus\Naga_Extract_2026-10-03\ModelCompanions\ByArchive\patch-i.mpq\item\objectcomponents\weapon\knife_1h_naga_c_0100.skin
patch-i.mpq,item\objectcomponents\weapon\mace_1h_naga_a_0100.skin,skin-profile,item\objectcomponents\weapon\mace_1h_naga_a_01.m2,6712,87A3F7AA57EE6BD9D5A31D0CB02B9E0C2603B262,D:\Sirus\_client\World of Warcraft Sirus\Naga_Extract_2026-10-03\ModelCompanions\ByArchive\patch-i.mpq\item\objectcomponents\weapon\mace_1h_naga_a_0100.skin
patch-i.mpq,item\objectcomponents\weapon\mace_1h_naga_a_01_2_2735327.blp,embedded-model-dependency,item\objectcomponents\weapon\mace_1h_naga_a_01.m2,12108,91DF4F20C0F984A0A083FA2AC0FC7C70AC8C432A,D:\Sirus\_client\World of Warcraft Sirus\Naga_Extract_2026-10-03\ModelCompanions\ByArchive\patch-i.mpq\item\objectcomponents\weapon\mace_1h_naga_a_01_2_2735327.blp
patch-i.mpq,item\objectcomponents\weapon\offhand_1h_naga_c_0100.skin,skin-profile,item\objectcomponents\weapon\offhand_1h_naga_c_01.m2,4584,FD8A35DC928D119FF17A310F814CAD3C9722A5C8,D:\Sirus\_client\World of Warcraft Sirus\Naga_Extract_2026-10-03\ModelCompanions\ByArchive\patch-i.mpq\item\objectcomponents\weapon\offhand_1h_naga_c_0100.skin
patch-i.mpq,item\objectcomponents\weapon\7legion_demonhunter.blp,embedded-model-dependency,item\objectcomponents\weapon\offhand_1h_naga_c_01.m2,12108,799F9F6B96704E7BDEC31A99BBFCAC778FAD6A1B,D:\Sirus\_client\World of Warcraft Sirus\Naga_Extract_2026-10-03\ModelCompanions\ByArchive\patch-i.mpq\item\objectcomponents\weapon\7legion_demonhunter.blp
patch-m.mpq,world\expansion07\doodads\nazjatar\8nzj_glowingnagakelpbud_b0100.skin,skin-profile,world\expansion07\doodads\nazjatar\8nzj_glowingnagakelpbud_b01.m2,5824,5E194F24A73AE5C8028B29355EC89CB3CE36D266,D:\Sirus\_client\World of Warcraft Sirus\Naga_Extract_2026-10-03\ModelCompanions\ByArchive\patch-m.mpq\world\expansion07\doodads\nazjatar\8nzj_glowingnagakelpbud_b0100.skin
patch-m.mpq,world\expansion07\doodads\nazjatar\8nzj_glowingnagakelpbud_b01_0_2819398.blp,embedded-model-dependency,world\expansion07\doodads\nazjatar\8nzj_glowingnagakelpbud_b01.m2 | world\expansion07\doodads\nazjatar\8nzj_glowingnagakelpbud_b02.m2 | world\expansion07\doodads\nazjatar\8nzj_glowingnagakelpbud_b03.m2,350724,B06D11DD125CADE391C30199B4D9E3F98BFCDEA8,D:\Sirus\_client\World of Warcraft Sirus\Naga_Extract_2026-10-03\ModelCompanions\ByArchive\patch-m.mpq\world\expansion07\doodads\nazjatar\8nzj_glowingnagakelpbud_b01_0_2819398.blp
patch-m.mpq,world\expansion07\doodads\nazjatar\8nzj_glowingnagakelpbud_b0200.skin,skin-profile,world\expansion07\doodads\nazjatar\8nzj_glowingnagakelpbud_b02.m2,4384,DBFD01DDF2D872CA13C0D69A8D4FA3C6FB334471,D:\Sirus\_client\World of Warcraft Sirus\Naga_Extract_2026-10-03\ModelCompanions\ByArchive\patch-m.mpq\world\expansion07\doodads\nazjatar\8nzj_glowingnagakelpbud_b0200.skin
patch-m.mpq,world\expansion07\doodads\nazjatar\8nzj_glowingnagakelpbud_b0300.skin,skin-profile,world\expansion07\doodads\nazjatar\8nzj_glowingnagakelpbud_b03.m2,7184,B32B9BE6061FECC206D677CDA8D68EDDD71C8F70,D:\Sirus\_client\World of Warcraft Sirus\Naga_Extract_2026-10-03\ModelCompanions\ByArchive\patch-m.mpq\world\expansion07\doodads\nazjatar\8nzj_glowingnagakelpbud_b0300.skin
patch-p.mpq,Character\NagaSirusHD\female\Snaga_Female00.skin,skin-profile,Character\NagaSirusHD\female\Snaga_Female.m2 | character\NagaSirusHD\female\Snaga_Female.m2,249952,F20FB1EA8CF3BACFFE1CBEB86BF6AF25C7592DC6,D:\Sirus\_client\World of Warcraft Sirus\Naga_Extract_2026-10-03\ModelCompanions\ByArchive\patch-p.mpq\Character\NagaSirusHD\female\Snaga_Female00.skin
patch-p.mpq,character\NagaSirusHD\female\naga_femaleskin00_00.blp,embedded-model-dependency,Character\NagaSirusHD\female\Snaga_Female.m2 | character\NagaSirusHD\female\Snaga_Female.m2,700222,4BC704DE99CFFACB80EB703BDB98FB7E70D4F696,D:\Sirus\_client\World of Warcraft Sirus\Naga_Extract_2026-10-03\ModelCompanions\ByArchive\patch-p.mpq\character\NagaSirusHD\female\naga_femaleskin00_00.blp
patch-p.mpq,Character\NagaSirusHD\Male\Snaga_male00.skin,skin-profile,Character\NagaSirusHD\Male\Snaga_male.m2 | character\NagaSirusHD\male\Snaga_male.m2,220800,EEB4075246352909DB8BB5F890F8CF110DD6455D,D:\Sirus\_client\World of Warcraft Sirus\Naga_Extract_2026-10-03\ModelCompanions\ByArchive\patch-p.mpq\Character\NagaSirusHD\Male\Snaga_male00.skin
patch-p.mpq,character\NagaSirusHD\male\armorreflect4.blp,embedded-model-dependency,Character\NagaSirusHD\Male\Snaga_male.m2 | character\NagaSirusHD\male\Snaga_male.m2,3916,A63F947856E395D628A8D09D346FB83D70A19F8F,D:\Sirus\_client\World of Warcraft Sirus\Naga_Extract_2026-10-03\ModelCompanions\ByArchive\patch-p.mpq\character\NagaSirusHD\male\armorreflect4.blp
patch-q.mpq,ITEM\OBJECTCOMPONENTS\SHIELD\ARMORREFLECT4.BLP,embedded-model-dependency,ITEM\ObjectComponents\Weapon\Polearm_2H_Trident_Naga_B_01.M2 | ITEM\ObjectComponents\Weapon\Polearm_2H_Trident_Naga_B_02.M2 | ITEM\ObjectComponents\Weapon\Polearm_2H_Trident_Naga_B_03.M2 | World\Generic\PassiveDoodads\Weapons\Naga_Trident02.M2 | item\objectcomponents\shield\shield_1h_naga_c_01.m2,3916,A63F947856E395D628A8D09D346FB83D70A19F8F,D:\Sirus\_client\World of Warcraft Sirus\Naga_Extract_2026-10-03\ModelCompanions\ByArchive\patch-q.mpq\ITEM\OBJECTCOMPONENTS\SHIELD\ARMORREFLECT4.BLP
patch-q.mpq,Character\NagaSirusHD\female\Snaga_Female00.skin,skin-profile,Character\NagaSirusHD\female\Snaga_Female.m2 | character\NagaSirusHD\female\Snaga_Female.m2,250144,B34CDD134D0B7E7BE5BE1534055CBA1C1E6F1432,D:\Sirus\_client\World of Warcraft Sirus\Naga_Extract_2026-10-03\ModelCompanions\ByArchive\patch-q.mpq\Character\NagaSirusHD\female\Snaga_Female00.skin
patch-q.mpq,Character\NagaSirusHD\Male\Snaga_male00.skin,skin-profile,Character\NagaSirusHD\Male\Snaga_male.m2 | character\NagaSirusHD\male\Snaga_male.m2,220976,5535CE7F8B49DC904481B81FC06C90312EEDBE0B,D:\Sirus\_client\World of Warcraft Sirus\Naga_Extract_2026-10-03\ModelCompanions\ByArchive\patch-q.mpq\Character\NagaSirusHD\Male\Snaga_male00.skin
patch-s.mpq,ITEM\OBJECTCOMPONENTS\SHIELD\ARMORREFLECT4.BLP,embedded-model-dependency,ITEM\ObjectComponents\Weapon\Polearm_2H_Trident_Naga_B_01.M2 | ITEM\ObjectComponents\Weapon\Polearm_2H_Trident_Naga_B_02.M2 | ITEM\ObjectComponents\Weapon\Polearm_2H_Trident_Naga_B_03.M2 | World\Generic\PassiveDoodads\Weapons\Naga_Trident02.M2 | item\objectcomponents\shield\shield_1h_naga_c_01.m2,3916,A63F947856E395D628A8D09D346FB83D70A19F8F,D:\Sirus\_client\World of Warcraft Sirus\Naga_Extract_2026-10-03\ModelCompanions\ByArchive\patch-s.mpq\ITEM\OBJECTCOMPONENTS\SHIELD\ARMORREFLECT4.BLP
patch-s.mpq,creature\CustomCharacters\Thaloran\Thaloran_Armor.blp,embedded-model-dependency,creature\CustomCharacters\Thaloran\ThaloranNaga.m2,1399300,E57D02B1F8793FA394B5F2D85748EC74E193DA76,D:\Sirus\_client\World of Warcraft Sirus\Naga_Extract_2026-10-03\ModelCompanions\ByArchive\patch-s.mpq\creature\CustomCharacters\Thaloran\Thaloran_Armor.blp
patch-t.mpq,item\objectcomponents\shield\shield_1h_naga_c_0100.skin,skin-profile,item\objectcomponents\shield\shield_1h_naga_c_01.m2,12256,2761A170DCA449891CEE83A78BD9FDDD4EF783E2,D:\Sirus\_client\World of Warcraft Sirus\Naga_Extract_2026-10-03\ModelCompanions\ByArchive\patch-t.mpq\item\objectcomponents\shield\shield_1h_naga_c_0100.skin
patch-t.mpq,Character\NagaSirusHD\female\Snaga_Female00.skin,skin-profile,Character\NagaSirusHD\female\Snaga_Female.m2 | character\NagaSirusHD\female\Snaga_Female.m2,250760,E61604CBDBA34CD5B0F39D495703D6A1F0E5A741,D:\Sirus\_client\World of Warcraft Sirus\Naga_Extract_2026-10-03\ModelCompanions\ByArchive\patch-t.mpq\Character\NagaSirusHD\female\Snaga_Female00.skin
patch-t.mpq,Character\NagaSirusHD\Male\Snaga_male00.skin,skin-profile,Character\NagaSirusHD\Male\Snaga_male.m2 | character\NagaSirusHD\male\Snaga_male.m2,222336,4030BB526C9A610C96441F472E9AE3782233F370,D:\Sirus\_client\World of Warcraft Sirus\Naga_Extract_2026-10-03\ModelCompanions\ByArchive\patch-t.mpq\Character\NagaSirusHD\Male\Snaga_male00.skin
patch-t.mpq,character\NagaSirusHD\female\Snaga_Female0026-00.anim,external-animation,character\NagaSirusHD\female\Snaga_Female.m2,25816,C59660CE07FF91D001566353075AAF66AF37EBDA,D:\Sirus\_client\World of Warcraft Sirus\Naga_Extract_2026-10-03\ModelCompanions\ByArchive\patch-t.mpq\character\NagaSirusHD\female\Snaga_Female0026-00.anim
patch-t.mpq,character\NagaSirusHD\female\Snaga_Female0028-00.anim,external-animation,character\NagaSirusHD\female\Snaga_Female.m2,24220,D6A253CBB3117615B602307E995B7A71F90CABFA,D:\Sirus\_client\World of Warcraft Sirus\Naga_Extract_2026-10-03\ModelCompanions\ByArchive\patch-t.mpq\character\NagaSirusHD\female\Snaga_Female0028-00.anim
patch-t.mpq,character\NagaSirusHD\female\Snaga_Female0017-00.anim,external-animation,character\NagaSirusHD\female\Snaga_Female.m2,16240,63D9FC77995C7441FBB9F04C98B9A63EBF01D07F,D:\Sirus\_client\World of Warcraft Sirus\Naga_Extract_2026-10-03\ModelCompanions\ByArchive\patch-t.mpq\character\NagaSirusHD\female\Snaga_Female0017-00.anim
patch-t.mpq,character\NagaSirusHD\female\Snaga_Female0017-01.anim,external-animation,character\NagaSirusHD\female\Snaga_Female.m2,16936,B7D6C18DED0B01BD1B566A38725B2EA8024AECA4,D:\Sirus\_client\World of Warcraft Sirus\Naga_Extract_2026-10-03\ModelCompanions\ByArchive\patch-t.mpq\character\NagaSirusHD\female\Snaga_Female0017-01.anim
patch-t.mpq,character\NagaSirusHD\female\Snaga_Female0019-00.anim,external-animation,character\NagaSirusHD\female\Snaga_Female.m2,23176,3553A5129A5A1EB225BABB140E40F11EDE6FECF4,D:\Sirus\_client\World of Warcraft Sirus\Naga_Extract_2026-10-03\ModelCompanions\ByArchive\patch-t.mpq\character\NagaSirusHD\female\Snaga_Female0019-00.anim
patch-t.mpq,character\NagaSirusHD\female\Snaga_Female0019-01.anim,external-animation,character\NagaSirusHD\female\Snaga_Female.m2,23296,C2944058F870C2A4AA97AC447A790A1AC6C63220,D:\Sirus\_client\World of Warcraft Sirus\Naga_Extract_2026-10-03\ModelCompanions\ByArchive\patch-t.mpq\character\NagaSirusHD\female\Snaga_Female0019-01.anim
patch-t.mpq,character\NagaSirusHD\female\Snaga_Female0025-00.anim,external-animation,character\NagaSirusHD\female\Snaga_Female.m2,25816,3C2E00708A941B4949F2A47159BD6178AD85FE57,D:\Sirus\_client\World of Warcraft Sirus\Naga_Extract_2026-10-03\ModelCompanions\ByArchive\patch-t.mpq\character\NagaSirusHD\female\Snaga_Female0025-00.anim
patch-t.mpq,character\NagaSirusHD\female\Snaga_Female0016-00.anim,external-animation,character\NagaSirusHD\female\Snaga_Female.m2,15892,24B0E7D8EAE725D73A657A7A85EAC24104D42214,D:\Sirus\_client\World of Warcraft Sirus\Naga_Extract_2026-10-03\ModelCompanions\ByArchive\patch-t.mpq\character\NagaSirusHD\female\Snaga_Female0016-00.anim
patch-t.mpq,character\NagaSirusHD\female\Snaga_Female0108-00.anim,external-animation,character\NagaSirusHD\female\Snaga_Female.m2,25904,C95767B6D8F6B904485937E6814A06A1AC206718,D:\Sirus\_client\World of Warcraft Sirus\Naga_Extract_2026-10-03\ModelCompanions\ByArchive\patch-t.mpq\character\NagaSirusHD\female\Snaga_Female0108-00.anim
patch-t.mpq,character\NagaSirusHD\female\Snaga_Female0111-00.anim,external-animation,character\NagaSirusHD\female\Snaga_Female.m2,25156,E11313FEBB6557ED4FA192D5564DEF6A0C8799C5,D:\Sirus\_client\World of Warcraft Sirus\Naga_Extract_2026-10-03\ModelCompanions\ByArchive\patch-t.mpq\character\NagaSirusHD\female\Snaga_Female0111-00.anim
patch-t.mpq,character\NagaSirusHD\female\Snaga_Female0112-00.anim,external-animation,character\NagaSirusHD\female\Snaga_Female.m2,10472,D2DFF6D2A3473BA97DABB49A1F5FD290F2BB83B1,D:\Sirus\_client\World of Warcraft Sirus\Naga_Extract_2026-10-03\ModelCompanions\ByArchive\patch-t.mpq\character\NagaSirusHD\female\Snaga_Female0112-00.anim
patch-t.mpq,character\NagaSirusHD\female\Snaga_Female0107-00.anim,external-animation,character\NagaSirusHD\female\Snaga_Female.m2,17004,0962ADBA9A6246D62E0716F75D9C0058196B69D5,D:\Sirus\_client\World of Warcraft Sirus\Naga_Extract_2026-10-03\ModelCompanions\ByArchive\patch-t.mpq\character\NagaSirusHD\female\Snaga_Female0107-00.anim
patch-t.mpq,character\NagaSirusHD\female\Snaga_Female0052-00.anim,external-animation,character\NagaSirusHD\female\Snaga_Female.m2,20552,1B1D8911FDC64138B90DFAE89B043B3A6575CB02,D:\Sirus\_client\World of Warcraft Sirus\Naga_Extract_2026-10-03\ModelCompanions\ByArchive\patch-t.mpq\character\NagaSirusHD\female\Snaga_Female0052-00.anim
patch-t.mpq,character\NagaSirusHD\female\Snaga_Female0051-00.anim,external-animation,character\NagaSirusHD\female\Snaga_Female.m2,23180,DF430D6F9BA3C8C8F88888CE4A37DED6FD5F50A7,D:\Sirus\_client\World of Warcraft Sirus\Naga_Extract_2026-10-03\ModelCompanions\ByArchive\patch-t.mpq\character\NagaSirusHD\female\Snaga_Female0051-00.anim
patch-t.mpq,character\NagaSirusHD\female\Snaga_Female0053-00.anim,external-animation,character\NagaSirusHD\female\Snaga_Female.m2,30356,455A8902163F2F586FB3F60868ABB9B45E9C7F6F,D:\Sirus\_client\World of Warcraft Sirus\Naga_Extract_2026-10-03\ModelCompanions\ByArchive\patch-t.mpq\character\NagaSirusHD\female\Snaga_Female0053-00.anim
patch-t.mpq,character\NagaSirusHD\female\Snaga_Female0054-00.anim,external-animation,character\NagaSirusHD\female\Snaga_Female.m2,30884,719E1469C5F249D5293F5B46FAE05E25DAB0EDD1,D:\Sirus\_client\World of Warcraft Sirus\Naga_Extract_2026-10-03\ModelCompanions\ByArchive\patch-t.mpq\character\NagaSirusHD\female\Snaga_Female0054-00.anim
patch-t.mpq,character\NagaSirusHD\female\Snaga_Female0008-00.anim,external-animation,character\NagaSirusHD\female\Snaga_Female.m2,11028,60A3F389402C9932A7945D629FBE7883DF044E5E,D:\Sirus\_client\World of Warcraft Sirus\Naga_Extract_2026-10-03\ModelCompanions\ByArchive\patch-t.mpq\character\NagaSirusHD\female\Snaga_Female0008-00.anim
patch-t.mpq,character\NagaSirusHD\female\Snaga_Female0009-00.anim,external-animation,character\NagaSirusHD\female\Snaga_Female.m2,16436,FDE2BD0B00496D3C447D83BBC5323A701A71C09D,D:\Sirus\_client\World of Warcraft Sirus\Naga_Extract_2026-10-03\ModelCompanions\ByArchive\patch-t.mpq\character\NagaSirusHD\female\Snaga_Female0009-00.anim
patch-t.mpq,character\NagaSirusHD\female\Snaga_Female0010-00.anim,external-animation,character\NagaSirusHD\female\Snaga_Female.m2,16148,16E30BAE49E3D014CF6C4B6EEAFCC939113F9F6C,D:\Sirus\_client\World of Warcraft Sirus\Naga_Extract_2026-10-03\ModelCompanions\ByArchive\patch-t.mpq\character\NagaSirusHD\female\Snaga_Female0010-00.anim
patch-t.mpq,character\NagaSirusHD\female\Snaga_Female0001-00.anim,external-animation,character\NagaSirusHD\female\Snaga_Female.m2,42940,DB7E049FDD78ABAC96F34E68D2C360E431AEAFDF,D:\Sirus\_client\World of Warcraft Sirus\Naga_Extract_2026-10-03\ModelCompanions\ByArchive\patch-t.mpq\character\NagaSirusHD\female\Snaga_Female0001-00.anim
patch-t.mpq,character\NagaSirusHD\female\Snaga_Female0029-00.anim,external-animation,character\NagaSirusHD\female\Snaga_Female.m2,25336,C26F4EDEA44679A7ED14DE80C13B05F313141CF2,D:\Sirus\_client\World of Warcraft Sirus\Naga_Extract_2026-10-03\ModelCompanions\ByArchive\patch-t.mpq\character\NagaSirusHD\female\Snaga_Female0029-00.anim
patch-t.mpq,character\NagaSirusHD\female\Snaga_Female0109-00.anim,external-animation,character\NagaSirusHD\female\Snaga_Female.m2,23800,F18A5DFAB6F61D77349D94A60328F9EC8D75CB03,D:\Sirus\_client\World of Warcraft Sirus\Naga_Extract_2026-10-03\ModelCompanions\ByArchive\patch-t.mpq\character\NagaSirusHD\female\Snaga_Female0109-00.anim
patch-t.mpq,character\NagaSirusHD\female\Snaga_Female0105-00.anim,external-animation,character\NagaSirusHD\female\Snaga_Female.m2,14504,FA30128CE335FBB13A3E3BCBD6520F6C588F94DE,D:\Sirus\_client\World of Warcraft Sirus\Naga_Extract_2026-10-03\ModelCompanions\ByArchive\patch-t.mpq\character\NagaSirusHD\female\Snaga_Female0105-00.anim
patch-t.mpq,character\NagaSirusHD\female\Snaga_Female0046-00.anim,external-animation,character\NagaSirusHD\female\Snaga_Female.m2,14840,CCA3ABF4A078DFCF65A10D127ECD324968FFF956,D:\Sirus\_client\World of Warcraft Sirus\Naga_Extract_2026-10-03\ModelCompanions\ByArchive\patch-t.mpq\character\NagaSirusHD\female\Snaga_Female0046-00.anim
patch-t.mpq,character\NagaSirusHD\female\Snaga_Female0131-00.anim,external-animation,character\NagaSirusHD\female\Snaga_Female.m2,45440,1AF61C1D14B0CA604D339316213CBAB31918A501,D:\Sirus\_client\World of Warcraft Sirus\Naga_Extract_2026-10-03\ModelCompanions\ByArchive\patch-t.mpq\character\NagaSirusHD\female\Snaga_Female0131-00.anim
patch-t.mpq,character\NagaSirusHD\female\Snaga_Female0132-00.anim,external-animation,character\NagaSirusHD\female\Snaga_Female.m2,40148,242D1685FF77A18B13C29D081DC965859AE10280,D:\Sirus\_client\World of Warcraft Sirus\Naga_Extract_2026-10-03\ModelCompanions\ByArchive\patch-t.mpq\character\NagaSirusHD\female\Snaga_Female0132-00.anim
patch-t.mpq,character\NagaSirusHD\female\Snaga_Female0055-00.anim,external-animation,character\NagaSirusHD\female\Snaga_Female.m2,51736,CCD77F1217565F9A908F55DC9BC5774AB5D052D1,D:\Sirus\_client\World of Warcraft Sirus\Naga_Extract_2026-10-03\ModelCompanions\ByArchive\patch-t.mpq\character\NagaSirusHD\female\Snaga_Female0055-00.anim
patch-t.mpq,character\NagaSirusHD\female\Snaga_Female0074-00.anim,external-animation,character\NagaSirusHD\female\Snaga_Female.m2,51736,CCD77F1217565F9A908F55DC9BC5774AB5D052D1,D:\Sirus\_client\World of Warcraft Sirus\Naga_Extract_2026-10-03\ModelCompanions\ByArchive\patch-t.mpq\character\NagaSirusHD\female\Snaga_Female0074-00.anim
patch-t.mpq,character\NagaSirusHD\female\Snaga_Female0060-00.anim,external-animation,character\NagaSirusHD\female\Snaga_Female.m2,29920,140EBA1CCE73D3E1094D870A76EB0519EB38EFE2,D:\Sirus\_client\World of Warcraft Sirus\Naga_Extract_2026-10-03\ModelCompanions\ByArchive\patch-t.mpq\character\NagaSirusHD\female\Snaga_Female0060-00.anim
patch-t.mpq,character\NagaSirusHD\female\Snaga_Female0023-00.anim,external-animation,character\NagaSirusHD\female\Snaga_Female.m2,20756,B7878F8D84DD2023B4F602E8E0C6C5CCE4FF38FD,D:\Sirus\_client\World of Warcraft Sirus\Naga_Extract_2026-10-03\ModelCompanions\ByArchive\patch-t.mpq\character\NagaSirusHD\female\Snaga_Female0023-00.anim
patch-t.mpq,character\NagaSirusHD\female\Snaga_Female0030-00.anim,external-animation,character\NagaSirusHD\female\Snaga_Female.m2,20756,B7878F8D84DD2023B4F602E8E0C6C5CCE4FF38FD,D:\Sirus\_client\World of Warcraft Sirus\Naga_Extract_2026-10-03\ModelCompanions\ByArchive\patch-t.mpq\character\NagaSirusHD\female\Snaga_Female0030-00.anim
patch-t.mpq,character\NagaSirusHD\female\Snaga_Female0022-00.anim,external-animation,character\NagaSirusHD\female\Snaga_Female.m2,20756,B7878F8D84DD2023B4F602E8E0C6C5CCE4FF38FD,D:\Sirus\_client\World of Warcraft Sirus\Naga_Extract_2026-10-03\ModelCompanions\ByArchive\patch-t.mpq\character\NagaSirusHD\female\Snaga_Female0022-00.anim
patch-t.mpq,character\NagaSirusHD\female\Snaga_Female0020-00.anim,external-animation,character\NagaSirusHD\female\Snaga_Female.m2,20780,ED524D21826158B1B678F345BB5E8F6C59DD6B51,D:\Sirus\_client\World of Warcraft Sirus\Naga_Extract_2026-10-03\ModelCompanions\ByArchive\patch-t.mpq\character\NagaSirusHD\female\Snaga_Female0020-00.anim
patch-t.mpq,character\NagaSirusHD\female\Snaga_Female0021-00.anim,external-animation,character\NagaSirusHD\female\Snaga_Female.m2,20780,ED524D21826158B1B678F345BB5E8F6C59DD6B51,D:\Sirus\_client\World of Warcraft Sirus\Naga_Extract_2026-10-03\ModelCompanions\ByArchive\patch-t.mpq\character\NagaSirusHD\female\Snaga_Female0021-00.anim
patch-t.mpq,character\NagaSirusHD\female\Snaga_Female0124-00.anim,external-animation,character\NagaSirusHD\female\Snaga_Female.m2,20024,83CD3D8CA90E0A2DABDD9B8E601B84FBE27C6E31,D:\Sirus\_client\World of Warcraft Sirus\Naga_Extract_2026-10-03\ModelCompanions\ByArchive\patch-t.mpq\character\NagaSirusHD\female\Snaga_Female0124-00.anim
patch-t.mpq,character\NagaSirusHD\female\Snaga_Female0125-00.anim,external-animation,character\NagaSirusHD\female\Snaga_Female.m2,24600,9944159E44E309CB335A09F093803B15A50EB601,D:\Sirus\_client\World of Warcraft Sirus\Naga_Extract_2026-10-03\ModelCompanions\ByArchive\patch-t.mpq\character\NagaSirusHD\female\Snaga_Female0125-00.anim
patch-t.mpq,character\NagaSirusHD\female\Snaga_Female0062-00.anim,external-animation,character\NagaSirusHD\female\Snaga_Female.m2,25468,82B5E38F333B0C6DCB65A2AEC0840B73474862EA,D:\Sirus\_client\World of Warcraft Sirus\Naga_Extract_2026-10-03\ModelCompanions\ByArchive\patch-t.mpq\character\NagaSirusHD\female\Snaga_Female0062-00.anim
patch-t.mpq,character\NagaSirusHD\female\Snaga_Female0014-00.anim,external-animation,character\NagaSirusHD\female\Snaga_Female.m2,33084,3740CE32FB555452229F36CB1A8A9A8B6B322D0D,D:\Sirus\_client\World of Warcraft Sirus\Naga_Extract_2026-10-03\ModelCompanions\ByArchive\patch-t.mpq\character\NagaSirusHD\female\Snaga_Female0014-00.anim
patch-t.mpq,character\NagaSirusHD\female\Snaga_Female0224-00.anim,external-animation,character\NagaSirusHD\female\Snaga_Female.m2,65984,F02977690100461D4F5E3EFFBEF44671A3FDF1A0,D:\Sirus\_client\World of Warcraft Sirus\Naga_Extract_2026-10-03\ModelCompanions\ByArchive\patch-t.mpq\character\NagaSirusHD\female\Snaga_Female0224-00.anim
patch-t.mpq,character\NagaSirusHD\female\Snaga_Female0075-00.anim,external-animation,character\NagaSirusHD\female\Snaga_Female.m2,89228,E26EF1C3543D937EBCBF0D000EF2F853ED07E334,D:\Sirus\_client\World of Warcraft Sirus\Naga_Extract_2026-10-03\ModelCompanions\ByArchive\patch-t.mpq\character\NagaSirusHD\female\Snaga_Female0075-00.anim
patch-t.mpq,character\NagaSirusHD\female\Snaga_Female0084-00.anim,external-animation,character\NagaSirusHD\female\Snaga_Female.m2,55028,52C1186A3443C792F280D9C2A864BCFB24CCD65B,D:\Sirus\_client\World of Warcraft Sirus\Naga_Extract_2026-10-03\ModelCompanions\ByArchive\patch-t.mpq\character\NagaSirusHD\female\Snaga_Female0084-00.anim
patch-t.mpq,character\NagaSirusHD\female\Snaga_Female0209-00.anim,external-animation,character\NagaSirusHD\female\Snaga_Female.m2,55028,52C1186A3443C792F280D9C2A864BCFB24CCD65B,D:\Sirus\_client\World of Warcraft Sirus\Naga_Extract_2026-10-03\ModelCompanions\ByArchive\patch-t.mpq\character\NagaSirusHD\female\Snaga_Female0209-00.anim
patch-t.mpq,character\NagaSirusHD\female\Snaga_Female0116-00.anim,external-animation,character\NagaSirusHD\female\Snaga_Female.m2,34240,1EF8F428BC9F5A7B84F883C1472B90A334DCD8BA,D:\Sirus\_client\World of Warcraft Sirus\Naga_Extract_2026-10-03\ModelCompanions\ByArchive\patch-t.mpq\character\NagaSirusHD\female\Snaga_Female0116-00.anim
patch-t.mpq,character\NagaSirusHD\female\Snaga_Female0142-00.anim,external-animation,character\NagaSirusHD\female\Snaga_Female.m2,34240,1EF8F428BC9F5A7B84F883C1472B90A334DCD8BA,D:\Sirus\_client\World of Warcraft Sirus\Naga_Extract_2026-10-03\ModelCompanions\ByArchive\patch-t.mpq\character\NagaSirusHD\female\Snaga_Female0142-00.anim
patch-t.mpq,character\NagaSirusHD\female\Snaga_Female0115-00.anim,external-animation,character\NagaSirusHD\female\Snaga_Female.m2,22004,CDC2019464E3163EC4E221C279707B9F0D79C07A,D:\Sirus\_client\World of Warcraft Sirus\Naga_Extract_2026-10-03\ModelCompanions\ByArchive\patch-t.mpq\character\NagaSirusHD\female\Snaga_Female0115-00.anim
patch-t.mpq,character\NagaSirusHD\female\Snaga_Female0141-00.anim,external-animation,character\NagaSirusHD\female\Snaga_Female.m2,22004,CDC2019464E3163EC4E221C279707B9F0D79C07A,D:\Sirus\_client\World of Warcraft Sirus\Naga_Extract_2026-10-03\ModelCompanions\ByArchive\patch-t.mpq\character\NagaSirusHD\female\Snaga_Female0141-00.anim
patch-t.mpq,character\NagaSirusHD\female\Snaga_Female0114-00.anim,external-animation,character\NagaSirusHD\female\Snaga_Female.m2,35420,94F53974B1BC0E7BD16011AC6B71318404DA5068,D:\Sirus\_client\World of Warcraft Sirus\Naga_Extract_2026-10-03\ModelCompanions\ByArchive\patch-t.mpq\character\NagaSirusHD\female\Snaga_Female0114-00.anim
patch-t.mpq,character\NagaSirusHD\female\Snaga_Female0140-00.anim,external-animation,character\NagaSirusHD\female\Snaga_Female.m2,35420,94F53974B1BC0E7BD16011AC6B71318404DA5068,D:\Sirus\_client\World of Warcraft Sirus\Naga_Extract_2026-10-03\ModelCompanions\ByArchive\patch-t.mpq\character\NagaSirusHD\female\Snaga_Female0140-00.anim
patch-t.mpq,character\NagaSirusHD\female\Snaga_Female0129-00.anim,external-animation,character\NagaSirusHD\female\Snaga_Female.m2,14328,4492106727E6E9127E0ABD86F391776CFDAB3C7A,D:\Sirus\_client\World of Warcraft Sirus\Naga_Extract_2026-10-03\ModelCompanions\ByArchive\patch-t.mpq\character\NagaSirusHD\female\Snaga_Female0129-00.anim
patch-t.mpq,character\NagaSirusHD\female\Snaga_Female0123-00.anim,external-animation,character\NagaSirusHD\female\Snaga_Female.m2,106244,A0E96EB7FDBB3B004A8A5E5F930D0ECDA3805672,D:\Sirus\_client\World of Warcraft Sirus\Naga_Extract_2026-10-03\ModelCompanions\ByArchive\patch-t.mpq\character\NagaSirusHD\female\Snaga_Female0123-00.anim
patch-t.mpq,character\NagaSirusHD\female\Snaga_Female0063-00.anim,external-animation,character\NagaSirusHD\female\Snaga_Female.m2,106244,A0E96EB7FDBB3B004A8A5E5F930D0ECDA3805672,D:\Sirus\_client\World of Warcraft Sirus\Naga_Extract_2026-10-03\ModelCompanions\ByArchive\patch-t.mpq\character\NagaSirusHD\female\Snaga_Female0063-00.anim
patch-t.mpq,character\NagaSirusHD\female\Snaga_Female0138-00.anim,external-animation,character\NagaSirusHD\female\Snaga_Female.m2,106244,A0E96EB7FDBB3B004A8A5E5F930D0ECDA3805672,D:\Sirus\_client\World of Warcraft Sirus\Naga_Extract_2026-10-03\ModelCompanions\ByArchive\patch-t.mpq\character\NagaSirusHD\female\Snaga_Female0138-00.anim
patch-t.mpq,character\NagaSirusHD\female\Snaga_Female0128-00.anim,external-animation,character\NagaSirusHD\female\Snaga_Female.m2,15696,AD2CE9ED1FC6B137498A47D528F87CB9AED982C5,D:\Sirus\_client\World of Warcraft Sirus\Naga_Extract_2026-10-03\ModelCompanions\ByArchive\patch-t.mpq\character\NagaSirusHD\female\Snaga_Female0128-00.anim
patch-t.mpq,character\NagaSirusHD\female\Snaga_Female0087-00.anim,external-animation,character\NagaSirusHD\female\Snaga_Female.m2,21088,7F0D550D7F8DE8B7850C6216CAF5798FB52EBF0A,D:\Sirus\_client\World of Warcraft Sirus\Naga_Extract_2026-10-03\ModelCompanions\ByArchive\patch-t.mpq\character\NagaSirusHD\female\Snaga_Female0087-00.anim
patch-t.mpq,character\NagaSirusHD\female\Snaga_Female0088-00.anim,external-animation,character\NagaSirusHD\female\Snaga_Female.m2,20308,2C9B5AD9DB8367D5A6D085009B40DF13C3381E25,D:\Sirus\_client\World of Warcraft Sirus\Naga_Extract_2026-10-03\ModelCompanions\ByArchive\patch-t.mpq\character\NagaSirusHD\female\Snaga_Female0088-00.anim
patch-t.mpq,character\NagaSirusHD\female\Snaga_Female0085-00.anim,external-animation,character\NagaSirusHD\female\Snaga_Female.m2,21400,0B1079800DB7B7A6D4184A2A30E1CF0E276DC63F,D:\Sirus\_client\World of Warcraft Sirus\Naga_Extract_2026-10-03\ModelCompanions\ByArchive\patch-t.mpq\character\NagaSirusHD\female\Snaga_Female0085-00.anim
patch-t.mpq,character\NagaSirusHD\female\Snaga_Female0018-00.anim,external-animation,character\NagaSirusHD\female\Snaga_Female.m2,127056,2C6AF5093BF70A78D2601BA5E9895DCC823DBC68,D:\Sirus\_client\World of Warcraft Sirus\Naga_Extract_2026-10-03\ModelCompanions\ByArchive\patch-t.mpq\character\NagaSirusHD\female\Snaga_Female0018-00.anim
patch-t.mpq,character\NagaSirusHD\female\Snaga_Female0508-00.anim,external-animation,character\NagaSirusHD\female\Snaga_Female.m2,15896,87DE28ECC1CED11632DA5D51ED79F2845A721F5C,D:\Sirus\_client\World of Warcraft Sirus\Naga_Extract_2026-10-03\ModelCompanions\ByArchive\patch-t.mpq\character\NagaSirusHD\female\Snaga_Female0508-00.anim
patch-t.mpq,character\NagaSirusHD\female\Snaga_Female0510-00.anim,external-animation,character\NagaSirusHD\female\Snaga_Female.m2,107832,43B2D1153B8E478E000E863C87D25F5563A8AC3B,D:\Sirus\_client\World of Warcraft Sirus\Naga_Extract_2026-10-03\ModelCompanions\ByArchive\patch-t.mpq\character\NagaSirusHD\female\Snaga_Female0510-00.anim
patch-t.mpq,character\NagaSirusHD\female\Snaga_Female0482-00.anim,external-animation,character\NagaSirusHD\female\Snaga_Female.m2,132160,A638F5CB43E42E192D929D9CF10D84891E031540,D:\Sirus\_client\World of Warcraft Sirus\Naga_Extract_2026-10-03\ModelCompanions\ByArchive\patch-t.mpq\character\NagaSirusHD\female\Snaga_Female0482-00.anim
patch-t.mpq,character\NagaSirusHD\female\Snaga_Female0049-00.anim,external-animation,character\NagaSirusHD\female\Snaga_Female.m2,107816,872746CE19B1952C659B87560AEFAD88964195D8,D:\Sirus\_client\World of Warcraft Sirus\Naga_Extract_2026-10-03\ModelCompanions\ByArchive\patch-t.mpq\character\NagaSirusHD\female\Snaga_Female0049-00.anim
patch-t.mpq,character\NagaSirusHD\female\Snaga_Female0225-00.anim,external-animation,character\NagaSirusHD\female\Snaga_Female.m2,107812,BB4798DCA1071399ED3C49883ADAF22E2077E0C0,D:\Sirus\_client\World of Warcraft Sirus\Naga_Extract_2026-10-03\ModelCompanions\ByArchive\patch-t.mpq\character\NagaSirusHD\female\Snaga_Female0225-00.anim
patch-t.mpq,character\NagaSirusHD\female\Snaga_Female0181-00.anim,external-animation,character\NagaSirusHD\female\Snaga_Female.m2,55676,497D7CF1C8B7E700AEDD3893F75B118CA82EE65E,D:\Sirus\_client\World of Warcraft Sirus\Naga_Extract_2026-10-03\ModelCompanions\ByArchive\patch-t.mpq\character\NagaSirusHD\female\Snaga_Female0181-00.anim
patch-t.mpq,character\NagaSirusHD\female\Snaga_Female0080-00.anim,external-animation,character\NagaSirusHD\female\Snaga_Female.m2,378776,4BDD226FF9A276CCDEC57836073005115A9F164A,D:\Sirus\_client\World of Warcraft Sirus\Naga_Extract_2026-10-03\ModelCompanions\ByArchive\patch-t.mpq\character\NagaSirusHD\female\Snaga_Female0080-00.anim
patch-t.mpq,character\NagaSirusHD\female\Snaga_Female0079-00.anim,external-animation,character\NagaSirusHD\female\Snaga_Female.m2,470204,88E26EA59F31017E967D907BF7C86EEA84EBA0CD,D:\Sirus\_client\World of Warcraft Sirus\Naga_Extract_2026-10-03\ModelCompanions\ByArchive\patch-t.mpq\character\NagaSirusHD\female\Snaga_Female0079-00.anim
patch-t.mpq,character\NagaSirusHD\female\Snaga_Female0066-00.anim,external-animation,character\NagaSirusHD\female\Snaga_Female.m2,273960,E0D0877000FF11598E062633AC7ACB3627BA74EB,D:\Sirus\_client\World of Warcraft Sirus\Naga_Extract_2026-10-03\ModelCompanions\ByArchive\patch-t.mpq\character\NagaSirusHD\female\Snaga_Female0066-00.anim
patch-t.mpq,character\NagaSirusHD\female\Snaga_Female0068-00.anim,external-animation,character\NagaSirusHD\female\Snaga_Female.m2,241580,23A4DE6E87995A7310FE5A41D1DD4094E9D79B5B,D:\Sirus\_client\World of Warcraft Sirus\Naga_Extract_2026-10-03\ModelCompanions\ByArchive\patch-t.mpq\character\NagaSirusHD\female\Snaga_Female0068-00.anim
patch-t.mpq,character\NagaSirusHD\female\Snaga_Female0078-00.anim,external-animation,character\NagaSirusHD\female\Snaga_Female.m2,57572,B7EB8BFD292C3B1C505253CCB1FFD54EF94DCE81,D:\Sirus\_client\World of Warcraft Sirus\Naga_Extract_2026-10-03\ModelCompanions\ByArchive\patch-t.mpq\character\NagaSirusHD\female\Snaga_Female0078-00.anim
patch-t.mpq,character\NagaSirusHD\female\Snaga_Female0077-00.anim,external-animation,character\NagaSirusHD\female\Snaga_Female.m2,52068,2A3861628ABC175DB2023A367B05741CA0E43E10,D:\Sirus\_client\World of Warcraft Sirus\Naga_Extract_2026-10-03\ModelCompanions\ByArchive\patch-t.mpq\character\NagaSirusHD\female\Snaga_Female0077-00.anim
patch-t.mpq,character\NagaSirusHD\female\Snaga_Female0069-00.anim,external-animation,character\NagaSirusHD\female\Snaga_Female.m2,344796,9B023FD2A3902A363494C52587C8F730126A7300,D:\Sirus\_client\World of Warcraft Sirus\Naga_Extract_2026-10-03\ModelCompanions\ByArchive\patch-t.mpq\character\NagaSirusHD\female\Snaga_Female0069-00.anim
patch-t.mpq,character\NagaSirusHD\female\Snaga_Female0069-01.anim,external-animation,character\NagaSirusHD\female\Snaga_Female.m2,410620,BA81E6F5B1BAC482143317A23588F09A2039EF62,D:\Sirus\_client\World of Warcraft Sirus\Naga_Extract_2026-10-03\ModelCompanions\ByArchive\patch-t.mpq\character\NagaSirusHD\female\Snaga_Female0069-01.anim
patch-t.mpq,character\NagaSirusHD\female\Snaga_Female0069-02.anim,external-animation,character\NagaSirusHD\female\Snaga_Female.m2,320552,A9FB043F2501E8D507975387ABB094B7704D5A9A,D:\Sirus\_client\World of Warcraft Sirus\Naga_Extract_2026-10-03\ModelCompanions\ByArchive\patch-t.mpq\character\NagaSirusHD\female\Snaga_Female0069-02.anim
patch-t.mpq,character\NagaSirusHD\female\Snaga_Female0061-00.anim,external-animation,character\NagaSirusHD\female\Snaga_Female.m2,267860,92B2B41C4195E30FAE188C43AC4ED1EC3A22B9D5,D:\Sirus\_client\World of Warcraft Sirus\Naga_Extract_2026-10-03\ModelCompanions\ByArchive\patch-t.mpq\character\NagaSirusHD\female\Snaga_Female0061-00.anim
patch-t.mpq,character\NagaSirusHD\female\Snaga_Female0199-00.anim,external-animation,character\NagaSirusHD\female\Snaga_Female.m2,267860,92B2B41C4195E30FAE188C43AC4ED1EC3A22B9D5,D:\Sirus\_client\World of Warcraft Sirus\Naga_Extract_2026-10-03\ModelCompanions\ByArchive\patch-t.mpq\character\NagaSirusHD\female\Snaga_Female0199-00.anim
patch-t.mpq,character\NagaSirusHD\female\Snaga_Female0082-00.anim,external-animation,character\NagaSirusHD\female\Snaga_Female.m2,302476,D4802C67A1C00DA9319628B9688BD3C13F026788,D:\Sirus\_client\World of Warcraft Sirus\Naga_Extract_2026-10-03\ModelCompanions\ByArchive\patch-t.mpq\character\NagaSirusHD\female\Snaga_Female0082-00.anim
patch-t.mpq,character\NagaSirusHD\female\Snaga_Female0076-00.anim,external-animation,character\NagaSirusHD\female\Snaga_Female.m2,258432,985166270BAB06AB1BEAC3FBCD2E447C000EB005,D:\Sirus\_client\World of Warcraft Sirus\Naga_Extract_2026-10-03\ModelCompanions\ByArchive\patch-t.mpq\character\NagaSirusHD\female\Snaga_Female0076-00.anim
patch-t.mpq,character\NagaSirusHD\female\Snaga_Female0070-00.anim,external-animation,character\NagaSirusHD\female\Snaga_Female.m2,346124,1EBDBEE2D952D37AF78C2616F65A4E58BD926163,D:\Sirus\_client\World of Warcraft Sirus\Naga_Extract_2026-10-03\ModelCompanions\ByArchive\patch-t.mpq\character\NagaSirusHD\female\Snaga_Female0070-00.anim
patch-t.mpq,character\NagaSirusHD\female\Snaga_Female0186-00.anim,external-animation,character\NagaSirusHD\female\Snaga_Female.m2,204440,94E4A45E5F88E384DC01201BA5538FC5AB6F67E8,D:\Sirus\_client\World of Warcraft Sirus\Naga_Extract_2026-10-03\ModelCompanions\ByArchive\patch-t.mpq\character\NagaSirusHD\female\Snaga_Female0186-00.anim
patch-t.mpq,character\NagaSirusHD\female\Snaga_Female0522-00.anim,external-animation,character\NagaSirusHD\female\Snaga_Female.m2,108164,D54D1BAA58BE6D4B124E6EE3F4005D13E4100ADA,D:\Sirus\_client\World of Warcraft Sirus\Naga_Extract_2026-10-03\ModelCompanions\ByArchive\patch-t.mpq\character\NagaSirusHD\female\Snaga_Female0522-00.anim
patch-t.mpq,character\NagaSirusHD\female\Snaga_Female0520-00.anim,external-animation,character\NagaSirusHD\female\Snaga_Female.m2,698732,CED601B1F7794936481A4A7D4D3DA31E1CFF3296,D:\Sirus\_client\World of Warcraft Sirus\Naga_Extract_2026-10-03\ModelCompanions\ByArchive\patch-t.mpq\character\NagaSirusHD\female\Snaga_Female0520-00.anim
patch-t.mpq,character\NagaSirusHD\female\Snaga_Female0518-00.anim,external-animation,character\NagaSirusHD\female\Snaga_Female.m2,112388,C1FB6DAC279D8A40DED8609331437979F1AD828E,D:\Sirus\_client\World of Warcraft Sirus\Naga_Extract_2026-10-03\ModelCompanions\ByArchive\patch-t.mpq\character\NagaSirusHD\female\Snaga_Female0518-00.anim
patch-t.mpq,character\NagaSirusHD\female\Snaga_Female0073-00.anim,external-animation,character\NagaSirusHD\female\Snaga_Female.m2,138180,9CCA62A00066E593B93EB6CA4A436AB0B95FB0A3,D:\Sirus\_client\World of Warcraft Sirus\Naga_Extract_2026-10-03\ModelCompanions\ByArchive\patch-t.mpq\character\NagaSirusHD\female\Snaga_Female0073-00.anim
patch-t.mpq,character\NagaSirusHD\female\Snaga_Female0210-00.anim,external-animation,character\NagaSirusHD\female\Snaga_Female.m2,205756,ADB8C80C3FE24718DC9899E5DB1CE37B7DC45087,D:\Sirus\_client\World of Warcraft Sirus\Naga_Extract_2026-10-03\ModelCompanions\ByArchive\patch-t.mpq\character\NagaSirusHD\female\Snaga_Female0210-00.anim
patch-t.mpq,character\NagaSirusHD\female\Snaga_Female0081-00.anim,external-animation,character\NagaSirusHD\female\Snaga_Female.m2,204004,D317BEBCF4D7AC0A0FD7406EC03709823D7A8919,D:\Sirus\_client\World of Warcraft Sirus\Naga_Extract_2026-10-03\ModelCompanions\ByArchive\patch-t.mpq\character\NagaSirusHD\female\Snaga_Female0081-00.anim
patch-t.mpq,character\NagaSirusHD\female\Snaga_Female0083-00.anim,external-animation,character\NagaSirusHD\female\Snaga_Female.m2,276072,C04249559F2BFA0B8FD358FACB68E782FFEC558F,D:\Sirus\_client\World of Warcraft Sirus\Naga_Extract_2026-10-03\ModelCompanions\ByArchive\patch-t.mpq\character\NagaSirusHD\female\Snaga_Female0083-00.anim
patch-t.mpq,character\NagaSirusHD\female\Snaga_Female0137-00.anim,external-animation,character\NagaSirusHD\female\Snaga_Female.m2,33084,3740CE32FB555452229F36CB1A8A9A8B6B322D0D,D:\Sirus\_client\World of Warcraft Sirus\Naga_Extract_2026-10-03\ModelCompanions\ByArchive\patch-t.mpq\character\NagaSirusHD\female\Snaga_Female0137-00.anim
patch-t.mpq,character\NagaSirusHD\female\Snaga_Female0064-00.anim,external-animation,character\NagaSirusHD\female\Snaga_Female.m2,299000,8CF81CA27D7BB062A1A663483F0ABA1E76E62BDC,D:\Sirus\_client\World of Warcraft Sirus\Naga_Extract_2026-10-03\ModelCompanions\ByArchive\patch-t.mpq\character\NagaSirusHD\female\Snaga_Female0064-00.anim
patch-t.mpq,character\NagaSirusHD\female\Snaga_Female0065-00.anim,external-animation,character\NagaSirusHD\female\Snaga_Female.m2,187016,A7A58C6D73C891905CFE4E1A61C94F33AE459A97,D:\Sirus\_client\World of Warcraft Sirus\Naga_Extract_2026-10-03\ModelCompanions\ByArchive\patch-t.mpq\character\NagaSirusHD\female\Snaga_Female0065-00.anim
patch-t.mpq,character\NagaSirusHD\female\Snaga_Female0195-00.anim,external-animation,character\NagaSirusHD\female\Snaga_Female.m2,485428,F0FC479739C7281240519AC18970A125F6607000,D:\Sirus\_client\World of Warcraft Sirus\Naga_Extract_2026-10-03\ModelCompanions\ByArchive\patch-t.mpq\character\NagaSirusHD\female\Snaga_Female0195-00.anim
patch-t.mpq,character\NagaSirusHD\female\Snaga_Female0067-00.anim,external-animation,character\NagaSirusHD\female\Snaga_Female.m2,273436,971D8F8649A7C903655C6453F79DB319C4820F24,D:\Sirus\_client\World of Warcraft Sirus\Naga_Extract_2026-10-03\ModelCompanions\ByArchive\patch-t.mpq\character\NagaSirusHD\female\Snaga_Female0067-00.anim
patch-t.mpq,character\NagaSirusHD\female\Snaga_Female0136-00.anim,external-animation,character\NagaSirusHD\female\Snaga_Female.m2,25468,82B5E38F333B0C6DCB65A2AEC0840B73474862EA,D:\Sirus\_client\World of Warcraft Sirus\Naga_Extract_2026-10-03\ModelCompanions\ByArchive\patch-t.mpq\character\NagaSirusHD\female\Snaga_Female0136-00.anim
patch-t.mpq,character\NagaSirusHD\female\Snaga_Female0185-00.anim,external-animation,character\NagaSirusHD\female\Snaga_Female.m2,204440,EFAAF029F9A327C3E0108AE02A62CF3564C36CCB,D:\Sirus\_client\World of Warcraft Sirus\Naga_Extract_2026-10-03\ModelCompanions\ByArchive\patch-t.mpq\character\NagaSirusHD\female\Snaga_Female0185-00.anim
patch-t.mpq,character\NagaSirusHD\female\Snaga_Female0133-00.anim,external-animation,character\NagaSirusHD\female\Snaga_Female.m2,107816,4A9E30D6F17D7C93743EC3A4FE6CC57B68D4BE4F,D:\Sirus\_client\World of Warcraft Sirus\Naga_Extract_2026-10-03\ModelCompanions\ByArchive\patch-t.mpq\character\NagaSirusHD\female\Snaga_Female0133-00.anim
patch-t.mpq,character\NagaSirusHD\female\Snaga_Female0134-00.anim,external-animation,character\NagaSirusHD\female\Snaga_Female.m2,109324,A641CB06CDD27A15690B090421C2D8A1F4A1C574,D:\Sirus\_client\World of Warcraft Sirus\Naga_Extract_2026-10-03\ModelCompanions\ByArchive\patch-t.mpq\character\NagaSirusHD\female\Snaga_Female0134-00.anim
patch-t.mpq,character\NagaSirusHD\female\Snaga_Female0478-00.anim,external-animation,character\NagaSirusHD\female\Snaga_Female.m2,212096,685EE48ED5F29F71F86340DE9D7B8EA6950AF939,D:\Sirus\_client\World of Warcraft Sirus\Naga_Extract_2026-10-03\ModelCompanions\ByArchive\patch-t.mpq\character\NagaSirusHD\female\Snaga_Female0478-00.anim
patch-t.mpq,character\NagaSirusHD\female\Snaga_Female0110-00.anim,external-animation,character\NagaSirusHD\female\Snaga_Female.m2,107828,3B874ED58DB67FB072CE9791AA1120B306ADE1D8,D:\Sirus\_client\World of Warcraft Sirus\Naga_Extract_2026-10-03\ModelCompanions\ByArchive\patch-t.mpq\character\NagaSirusHD\female\Snaga_Female0110-00.anim
patch-t.mpq,character\NagaSirusHD\female\Snaga_Female0193-00.anim,external-animation,character\NagaSirusHD\female\Snaga_Female.m2,698732,58992A208306946774AF19FA5E74C0E585FC6F71,D:\Sirus\_client\World of Warcraft Sirus\Naga_Extract_2026-10-03\ModelCompanions\ByArchive\patch-t.mpq\character\NagaSirusHD\female\Snaga_Female0193-00.anim
patch-t.mpq,character\NagaSirusHD\female\Snaga_Female0039-00.anim,external-animation,character\NagaSirusHD\female\Snaga_Female.m2,121716,0FE1CD441B8B5DE39E6D0FA15B57BDF4D6FD41C2,D:\Sirus\_client\World of Warcraft Sirus\Naga_Extract_2026-10-03\ModelCompanions\ByArchive\patch-t.mpq\character\NagaSirusHD\female\Snaga_Female0039-00.anim
patch-t.mpq,character\NagaSirusHD\female\Snaga_Female0187-00.anim,external-animation,character\NagaSirusHD\female\Snaga_Female.m2,90432,98EE44D45FF03C8F5187AF33A11FF78F6888BE6B,D:\Sirus\_client\World of Warcraft Sirus\Naga_Extract_2026-10-03\ModelCompanions\ByArchive\patch-t.mpq\character\NagaSirusHD\female\Snaga_Female0187-00.anim
patch-t.mpq,character\NagaSirusHD\female\Snaga_Female0037-00.anim,external-animation,character\NagaSirusHD\female\Snaga_Female.m2,90432,73E6C1898F260133B0C60A81EB2AB9964C660B7D,D:\Sirus\_client\World of Warcraft Sirus\Naga_Extract_2026-10-03\ModelCompanions\ByArchive\patch-t.mpq\character\NagaSirusHD\female\Snaga_Female0037-00.anim
patch-t.mpq,character\NagaSirusHD\female\Snaga_Female0095-00.anim,external-animation,character\NagaSirusHD\female\Snaga_Female.m2,107832,5AD5FEC8D7B7C68C96F22C99819B2AA0DCBBDF1D,D:\Sirus\_client\World of Warcraft Sirus\Naga_Extract_2026-10-03\ModelCompanions\ByArchive\patch-t.mpq\character\NagaSirusHD\female\Snaga_Female0095-00.anim
patch-t.mpq,character\NagaSirusHD\female\Snaga_Female0121-00.anim,external-animation,character\NagaSirusHD\female\Snaga_Female.m2,212092,14385093F975980806E6D56A0FC0D88AF0E03500,D:\Sirus\_client\World of Warcraft Sirus\Naga_Extract_2026-10-03\ModelCompanions\ByArchive\patch-t.mpq\character\NagaSirusHD\female\Snaga_Female0121-00.anim
patch-t.mpq,character\NagaSirusHD\female\Snaga_Female0477-00.anim,external-animation,character\NagaSirusHD\female\Snaga_Female.m2,55676,0A84B4567A214490A176AD89F5FE840E25DC45A1,D:\Sirus\_client\World of Warcraft Sirus\Naga_Extract_2026-10-03\ModelCompanions\ByArchive\patch-t.mpq\character\NagaSirusHD\female\Snaga_Female0477-00.anim
patch-t.mpq,character\NagaSirusHD\female\Snaga_Female0106-00.anim,external-animation,character\NagaSirusHD\female\Snaga_Female.m2,73056,472D13B634B58FE674FA495BB1D26CE7191905DA,D:\Sirus\_client\World of Warcraft Sirus\Naga_Extract_2026-10-03\ModelCompanions\ByArchive\patch-t.mpq\character\NagaSirusHD\female\Snaga_Female0106-00.anim
patch-t.mpq,character\NagaSirusHD\female\Snaga_Female0050-00.anim,external-animation,character\NagaSirusHD\female\Snaga_Female.m2,55672,0749BB7E54BB04BEEF63E277AE22379EADA08BA2,D:\Sirus\_client\World of Warcraft Sirus\Naga_Extract_2026-10-03\ModelCompanions\ByArchive\patch-t.mpq\character\NagaSirusHD\female\Snaga_Female0050-00.anim
patch-t.mpq,character\NagaSirusHD\female\Snaga_Female0091-00.anim,external-animation,character\NagaSirusHD\female\Snaga_Female.m2,210248,788603930B7DC6D0C42425C7020D8F4011221982,D:\Sirus\_client\World of Warcraft Sirus\Naga_Extract_2026-10-03\ModelCompanions\ByArchive\patch-t.mpq\character\NagaSirusHD\female\Snaga_Female0091-00.anim
patch-t.mpq,character\NagaSirusHD\female\Snaga_Female0091-01.anim,external-animation,character\NagaSirusHD\female\Snaga_Female.m2,277920,8DC6097393D55700FC615071CFD31212A56DC255,D:\Sirus\_client\World of Warcraft Sirus\Naga_Extract_2026-10-03\ModelCompanions\ByArchive\patch-t.mpq\character\NagaSirusHD\female\Snaga_Female0091-01.anim
patch-t.mpq,character\NagaSirusHD\female\Snaga_Female0212-00.anim,external-animation,character\NagaSirusHD\female\Snaga_Female.m2,104356,46B271FB8F84AC02843F608063D33C2E1B660B15,D:\Sirus\_client\World of Warcraft Sirus\Naga_Extract_2026-10-03\ModelCompanions\ByArchive\patch-t.mpq\character\NagaSirusHD\female\Snaga_Female0212-00.anim
patch-t.mpq,character\NagaSirusHD\female\Snaga_Female0027-00.anim,external-animation,character\NagaSirusHD\female\Snaga_Female.m2,142588,D49808216783D542B927F50C870ECD16D7EA6221,D:\Sirus\_client\World of Warcraft Sirus\Naga_Extract_2026-10-03\ModelCompanions\ByArchive\patch-t.mpq\character\NagaSirusHD\female\Snaga_Female0027-00.anim
patch-t.mpq,character\NagaSirusHD\female\Snaga_Female0056-00.anim,external-animation,character\NagaSirusHD\female\Snaga_Female.m2,142572,8D0761F8FDC6B6F09E95275C2C9C8924B8ED7C65,D:\Sirus\_client\World of Warcraft Sirus\Naga_Extract_2026-10-03\ModelCompanions\ByArchive\patch-t.mpq\character\NagaSirusHD\female\Snaga_Female0056-00.anim
patch-t.mpq,character\NagaSirusHD\female\Snaga_Female0514-00.anim,external-animation,character\NagaSirusHD\female\Snaga_Female.m2,25816,3C2E00708A941B4949F2A47159BD6178AD85FE57,D:\Sirus\_client\World of Warcraft Sirus\Naga_Extract_2026-10-03\ModelCompanions\ByArchive\patch-t.mpq\character\NagaSirusHD\female\Snaga_Female0514-00.anim
patch-t.mpq,character\NagaSirusHD\female\Snaga_Female0476-00.anim,external-animation,character\NagaSirusHD\female\Snaga_Female.m2,212096,D632F7ACAD51F8297461CE46B9D2F76889F3130B,D:\Sirus\_client\World of Warcraft Sirus\Naga_Extract_2026-10-03\ModelCompanions\ByArchive\patch-t.mpq\character\NagaSirusHD\female\Snaga_Female0476-00.anim
patch-t.mpq,character\NagaSirusHD\female\Snaga_Female0048-00.anim,external-animation,character\NagaSirusHD\female\Snaga_Female.m2,107828,6B0561B84125D6287189BB2CD068079A93EECB96,D:\Sirus\_client\World of Warcraft Sirus\Naga_Extract_2026-10-03\ModelCompanions\ByArchive\patch-t.mpq\character\NagaSirusHD\female\Snaga_Female0048-00.anim
patch-t.mpq,character\NagaSirusHD\female\Snaga_Female0484-00.anim,external-animation,character\NagaSirusHD\female\Snaga_Female.m2,207252,28D520BE534ACE8F710CBD4EC03E5CCD2AC390B7,D:\Sirus\_client\World of Warcraft Sirus\Naga_Extract_2026-10-03\ModelCompanions\ByArchive\patch-t.mpq\character\NagaSirusHD\female\Snaga_Female0484-00.anim
patch-t.mpq,character\NagaSirusHD\female\Snaga_Female0500-00.anim,external-animation,character\NagaSirusHD\female\Snaga_Female.m2,199332,0FD3EB331C59349C12B73AFC81C0B043ED206511,D:\Sirus\_client\World of Warcraft Sirus\Naga_Extract_2026-10-03\ModelCompanions\ByArchive\patch-t.mpq\character\NagaSirusHD\female\Snaga_Female0500-00.anim
patch-t.mpq,character\NagaSirusHD\female\Snaga_Female0059-00.anim,external-animation,character\NagaSirusHD\female\Snaga_Female.m2,103872,419F1099DF1A289FCCD06A74704DCA76765E0E88,D:\Sirus\_client\World of Warcraft Sirus\Naga_Extract_2026-10-03\ModelCompanions\ByArchive\patch-t.mpq\character\NagaSirusHD\female\Snaga_Female0059-00.anim
patch-t.mpq,character\NagaSirusHD\female\Snaga_Female0024-00.anim,external-animation,character\NagaSirusHD\female\Snaga_Female.m2,107816,4A9D1A0FE9CF1E5952C01AA7682B8F0BEDE9FEA5,D:\Sirus\_client\World of Warcraft Sirus\Naga_Extract_2026-10-03\ModelCompanions\ByArchive\patch-t.mpq\character\NagaSirusHD\female\Snaga_Female0024-00.anim
patch-t.mpq,character\NagaSirusHD\female\Snaga_Female0104-00.anim,external-animation,character\NagaSirusHD\female\Snaga_Female.m2,199160,996E70F5B80520AABA9841718BE60705E84A4F89,D:\Sirus\_client\World of Warcraft Sirus\Naga_Extract_2026-10-03\ModelCompanions\ByArchive\patch-t.mpq\character\NagaSirusHD\female\Snaga_Female0104-00.anim
patch-t.mpq,character\NagaSirusHD\female\Snaga_Female0102-00.anim,external-animation,character\NagaSirusHD\female\Snaga_Female.m2,199336,6593AFE9D61E93E2F7C8FE750A251644916ED12D,D:\Sirus\_client\World of Warcraft Sirus\Naga_Extract_2026-10-03\ModelCompanions\ByArchive\patch-t.mpq\character\NagaSirusHD\female\Snaga_Female0102-00.anim
patch-t.mpq,character\NagaSirusHD\female\Snaga_Female0103-00.anim,external-animation,character\NagaSirusHD\female\Snaga_Female.m2,199160,76B099EB125A6268130D23D4C45606C09B95DB5A,D:\Sirus\_client\World of Warcraft Sirus\Naga_Extract_2026-10-03\ModelCompanions\ByArchive\patch-t.mpq\character\NagaSirusHD\female\Snaga_Female0103-00.anim
patch-t.mpq,character\NagaSirusHD\female\Snaga_Female0097-00.anim,external-animation,character\NagaSirusHD\female\Snaga_Female.m2,263840,94105961C643D436C6C7119D6A0D48128330E3A1,D:\Sirus\_client\World of Warcraft Sirus\Naga_Extract_2026-10-03\ModelCompanions\ByArchive\patch-t.mpq\character\NagaSirusHD\female\Snaga_Female0097-00.anim
patch-t.mpq,character\NagaSirusHD\female\Snaga_Female0096-00.anim,external-animation,character\NagaSirusHD\female\Snaga_Female.m2,274044,A87C8106F68DD81AB3334877C114EE48BB637A16,D:\Sirus\_client\World of Warcraft Sirus\Naga_Extract_2026-10-03\ModelCompanions\ByArchive\patch-t.mpq\character\NagaSirusHD\female\Snaga_Female0096-00.anim
patch-t.mpq,character\NagaSirusHD\female\Snaga_Female0098-00.anim,external-animation,character\NagaSirusHD\female\Snaga_Female.m2,280732,E03DC550C26FB60067C2FEF7AA25CA22D1B5CA42,D:\Sirus\_client\World of Warcraft Sirus\Naga_Extract_2026-10-03\ModelCompanions\ByArchive\patch-t.mpq\character\NagaSirusHD\female\Snaga_Female0098-00.anim
patch-t.mpq,character\NagaSirusHD\female\Snaga_Female0100-00.anim,external-animation,character\NagaSirusHD\female\Snaga_Female.m2,212092,2554388FEC8227DA6F2D26FC9AF80E925BFD5EE4,D:\Sirus\_client\World of Warcraft Sirus\Naga_Extract_2026-10-03\ModelCompanions\ByArchive\patch-t.mpq\character\NagaSirusHD\female\Snaga_Female0100-00.anim
patch-t.mpq,character\NagaSirusHD\female\Snaga_Female0099-00.anim,external-animation,character\NagaSirusHD\female\Snaga_Female.m2,207604,4619FDD0FE6A37228665B6D03E57D1AE41195895,D:\Sirus\_client\World of Warcraft Sirus\Naga_Extract_2026-10-03\ModelCompanions\ByArchive\patch-t.mpq\character\NagaSirusHD\female\Snaga_Female0099-00.anim
patch-t.mpq,character\NagaSirusHD\female\Snaga_Female0101-00.anim,external-animation,character\NagaSirusHD\female\Snaga_Female.m2,207868,43AAFFB5BFBEB897139E62134455A3626BF9A47F,D:\Sirus\_client\World of Warcraft Sirus\Naga_Extract_2026-10-03\ModelCompanions\ByArchive\patch-t.mpq\character\NagaSirusHD\female\Snaga_Female0101-00.anim
patch-t.mpq,character\NagaSirusHD\female\Snaga_Female0139-00.anim,external-animation,character\NagaSirusHD\female\Snaga_Female.m2,207604,4619FDD0FE6A37228665B6D03E57D1AE41195895,D:\Sirus\_client\World of Warcraft Sirus\Naga_Extract_2026-10-03\ModelCompanions\ByArchive\patch-t.mpq\character\NagaSirusHD\female\Snaga_Female0139-00.anim
patch-t.mpq,character\NagaSirusHD\female\Snaga_Female0143-00.anim,external-animation,character\NagaSirusHD\female\Snaga_Female.m2,9432,41C11A2D55DB03738C53ED54DF60252791FABA59,D:\Sirus\_client\World of Warcraft Sirus\Naga_Extract_2026-10-03\ModelCompanions\ByArchive\patch-t.mpq\character\NagaSirusHD\female\Snaga_Female0143-00.anim
patch-t.mpq,character\NagaSirusHD\female\Snaga_Female0223-00.anim,external-animation,character\NagaSirusHD\female\Snaga_Female.m2,17920,1610FDA37A023A5FB9BAB502FD730883CE0787E7,D:\Sirus\_client\World of Warcraft Sirus\Naga_Extract_2026-10-03\ModelCompanions\ByArchive\patch-t.mpq\character\NagaSirusHD\female\Snaga_Female0223-00.anim
patch-t.mpq,character\NagaSirusHD\female\Snaga_Female0120-00.anim,external-animation,character\NagaSirusHD\female\Snaga_Female.m2,116220,7F45A79B18145B31A14D29FDFFE3322535464785,D:\Sirus\_client\World of Warcraft Sirus\Naga_Extract_2026-10-03\ModelCompanions\ByArchive\patch-t.mpq\character\NagaSirusHD\female\Snaga_Female0120-00.anim
patch-t.mpq,character\NagaSirusHD\female\Snaga_Female0119-00.anim,external-animation,character\NagaSirusHD\female\Snaga_Female.m2,25666,5E296F2914D5C4BE78A6E1108D07203B5CE1ECAD,D:\Sirus\_client\World of Warcraft Sirus\Naga_Extract_2026-10-03\ModelCompanions\ByArchive\patch-t.mpq\character\NagaSirusHD\female\Snaga_Female0119-00.anim
patch-t.mpq,character\NagaSirusHD\female\Snaga_Female0474-00.anim,external-animation,character\NagaSirusHD\female\Snaga_Female.m2,281612,34CF16828DA86BBA7ADC90FD88E949A57871D7F0,D:\Sirus\_client\World of Warcraft Sirus\Naga_Extract_2026-10-03\ModelCompanions\ByArchive\patch-t.mpq\character\NagaSirusHD\female\Snaga_Female0474-00.anim
patch-t.mpq,character\NagaSirusHD\female\Snaga_Female0126-00.anim,external-animation,character\NagaSirusHD\female\Snaga_Female.m2,31340,996E9E525917D43D56619A9BE3D41430157ED11E,D:\Sirus\_client\World of Warcraft Sirus\Naga_Extract_2026-10-03\ModelCompanions\ByArchive\patch-t.mpq\character\NagaSirusHD\female\Snaga_Female0126-00.anim
patch-t.mpq,character\NagaSirusHD\female\Snaga_Female0113-00.anim,external-animation,character\NagaSirusHD\female\Snaga_Female.m2,205764,97FD4D4194103411BF565C0D1AA223D32E48D239,D:\Sirus\_client\World of Warcraft Sirus\Naga_Extract_2026-10-03\ModelCompanions\ByArchive\patch-t.mpq\character\NagaSirusHD\female\Snaga_Female0113-00.anim
patch-t.mpq,character\NagaSirusHD\male\Snaga_male0026-00.anim,external-animation,character\NagaSirusHD\male\Snaga_male.m2,34836,4699D0664DF5AD8C28C2E3E7818DAAD75E14BD81,D:\Sirus\_client\World of Warcraft Sirus\Naga_Extract_2026-10-03\ModelCompanions\ByArchive\patch-t.mpq\character\NagaSirusHD\male\Snaga_male0026-00.anim
patch-t.mpq,character\NagaSirusHD\male\Snaga_male0028-00.anim,external-animation,character\NagaSirusHD\male\Snaga_male.m2,33876,4A0CD958EE36408F09BBCC425C8A7DBD7D279A59,D:\Sirus\_client\World of Warcraft Sirus\Naga_Extract_2026-10-03\ModelCompanions\ByArchive\patch-t.mpq\character\NagaSirusHD\male\Snaga_male0028-00.anim
patch-t.mpq,character\NagaSirusHD\male\Snaga_male0017-00.anim,external-animation,character\NagaSirusHD\male\Snaga_male.m2,21012,0EF9EC9B91FF6AD252CA1769BFA62EE040DCFC5C,D:\Sirus\_client\World of Warcraft Sirus\Naga_Extract_2026-10-03\ModelCompanions\ByArchive\patch-t.mpq\character\NagaSirusHD\male\Snaga_male0017-00.anim
patch-t.mpq,character\NagaSirusHD\male\Snaga_male0017-01.anim,external-animation,character\NagaSirusHD\male\Snaga_male.m2,20328,DD712932C0A7A76F38BD780340CBED5E1408F0BD,D:\Sirus\_client\World of Warcraft Sirus\Naga_Extract_2026-10-03\ModelCompanions\ByArchive\patch-t.mpq\character\NagaSirusHD\male\Snaga_male0017-01.anim
patch-t.mpq,character\NagaSirusHD\male\Snaga_male0057-00.anim,external-animation,character\NagaSirusHD\male\Snaga_male.m2,20328,DD712932C0A7A76F38BD780340CBED5E1408F0BD,D:\Sirus\_client\World of Warcraft Sirus\Naga_Extract_2026-10-03\ModelCompanions\ByArchive\patch-t.mpq\character\NagaSirusHD\male\Snaga_male0057-00.anim
patch-t.mpq,character\NagaSirusHD\male\Snaga_male0019-00.anim,external-animation,character\NagaSirusHD\male\Snaga_male.m2,29732,E2C9D63B3856CDE1F7E56F6DD0C81E20C153EFB3,D:\Sirus\_client\World of Warcraft Sirus\Naga_Extract_2026-10-03\ModelCompanions\ByArchive\patch-t.mpq\character\NagaSirusHD\male\Snaga_male0019-00.anim
patch-t.mpq,character\NagaSirusHD\male\Snaga_male0058-00.anim,external-animation,character\NagaSirusHD\male\Snaga_male.m2,29732,E2C9D63B3856CDE1F7E56F6DD0C81E20C153EFB3,D:\Sirus\_client\World of Warcraft Sirus\Naga_Extract_2026-10-03\ModelCompanions\ByArchive\patch-t.mpq\character\NagaSirusHD\male\Snaga_male0058-00.anim
patch-t.mpq,character\NagaSirusHD\male\Snaga_male0019-01.anim,external-animation,character\NagaSirusHD\male\Snaga_male.m2,28560,7489D08E9915074A09F222AB1E4E6CAF82E1163B,D:\Sirus\_client\World of Warcraft Sirus\Naga_Extract_2026-10-03\ModelCompanions\ByArchive\patch-t.mpq\character\NagaSirusHD\male\Snaga_male0019-01.anim
patch-t.mpq,character\NagaSirusHD\male\Snaga_male0025-00.anim,external-animation,character\NagaSirusHD\male\Snaga_male.m2,34000,C9D572D8D0704D6B9E71DC30E8210738E571605F,D:\Sirus\_client\World of Warcraft Sirus\Naga_Extract_2026-10-03\ModelCompanions\ByArchive\patch-t.mpq\character\NagaSirusHD\male\Snaga_male0025-00.anim
patch-t.mpq,character\NagaSirusHD\male\Snaga_male0016-00.anim,external-animation,character\NagaSirusHD\male\Snaga_male.m2,18420,BC61EE3798709B052A7B74C9AF009572782FF4D3,D:\Sirus\_client\World of Warcraft Sirus\Naga_Extract_2026-10-03\ModelCompanions\ByArchive\patch-t.mpq\character\NagaSirusHD\male\Snaga_male0016-00.anim
patch-t.mpq,character\NagaSirusHD\male\Snaga_male0118-00.anim,external-animation,character\NagaSirusHD\male\Snaga_male.m2,18420,BC61EE3798709B052A7B74C9AF009572782FF4D3,D:\Sirus\_client\World of Warcraft Sirus\Naga_Extract_2026-10-03\ModelCompanions\ByArchive\patch-t.mpq\character\NagaSirusHD\male\Snaga_male0118-00.anim
patch-t.mpq,character\NagaSirusHD\male\Snaga_male0108-00.anim,external-animation,character\NagaSirusHD\male\Snaga_male.m2,34704,9094632416B6F4C8EE715EFD221BF8B168D17261,D:\Sirus\_client\World of Warcraft Sirus\Naga_Extract_2026-10-03\ModelCompanions\ByArchive\patch-t.mpq\character\NagaSirusHD\male\Snaga_male0108-00.anim
patch-t.mpq,character\NagaSirusHD\male\Snaga_male0111-00.anim,external-animation,character\NagaSirusHD\male\Snaga_male.m2,34600,7A0FF3C6224651CAD7E82D647D4F8F135A56E96C,D:\Sirus\_client\World of Warcraft Sirus\Naga_Extract_2026-10-03\ModelCompanions\ByArchive\patch-t.mpq\character\NagaSirusHD\male\Snaga_male0111-00.anim
patch-t.mpq,character\NagaSirusHD\male\Snaga_male0112-00.anim,external-animation,character\NagaSirusHD\male\Snaga_male.m2,19104,4014D70C9DC24929A405F620FA3436512C73456C,D:\Sirus\_client\World of Warcraft Sirus\Naga_Extract_2026-10-03\ModelCompanions\ByArchive\patch-t.mpq\character\NagaSirusHD\male\Snaga_male0112-00.anim
patch-t.mpq,character\NagaSirusHD\male\Snaga_male0107-00.anim,external-animation,character\NagaSirusHD\male\Snaga_male.m2,20404,E9287CBE4F7CCF7C16B17E16E8DD3C0AB946DF88,D:\Sirus\_client\World of Warcraft Sirus\Naga_Extract_2026-10-03\ModelCompanions\ByArchive\patch-t.mpq\character\NagaSirusHD\male\Snaga_male0107-00.anim
patch-t.mpq,character\NagaSirusHD\male\Snaga_male0052-00.anim,external-animation,character\NagaSirusHD\male\Snaga_male.m2,28728,AF7EF5029E5433F43058ACBA43D2DBE8FF91ED2A,D:\Sirus\_client\World of Warcraft Sirus\Naga_Extract_2026-10-03\ModelCompanions\ByArchive\patch-t.mpq\character\NagaSirusHD\male\Snaga_male0052-00.anim
patch-t.mpq,character\NagaSirusHD\male\Snaga_male0051-00.anim,external-animation,character\NagaSirusHD\male\Snaga_male.m2,28632,668991EC29EF12BE1261CD4B0505F36233CEAE29,D:\Sirus\_client\World of Warcraft Sirus\Naga_Extract_2026-10-03\ModelCompanions\ByArchive\patch-t.mpq\character\NagaSirusHD\male\Snaga_male0051-00.anim
patch-t.mpq,character\NagaSirusHD\male\Snaga_male0053-00.anim,external-animation,character\NagaSirusHD\male\Snaga_male.m2,13284,224EA942A8D07BDE934015F5F077AC7487A7EDDA,D:\Sirus\_client\World of Warcraft Sirus\Naga_Extract_2026-10-03\ModelCompanions\ByArchive\patch-t.mpq\character\NagaSirusHD\male\Snaga_male0053-00.anim
patch-t.mpq,character\NagaSirusHD\male\Snaga_male0054-00.anim,external-animation,character\NagaSirusHD\male\Snaga_male.m2,13064,93F69E710C0D2341405D6FE5C1A64EBA26535E13,D:\Sirus\_client\World of Warcraft Sirus\Naga_Extract_2026-10-03\ModelCompanions\ByArchive\patch-t.mpq\character\NagaSirusHD\male\Snaga_male0054-00.anim
patch-t.mpq,character\NagaSirusHD\male\Snaga_male0008-00.anim,external-animation,character\NagaSirusHD\male\Snaga_male.m2,13880,12C5532D6A731512DD4364F349CFF61B5793D231,D:\Sirus\_client\World of Warcraft Sirus\Naga_Extract_2026-10-03\ModelCompanions\ByArchive\patch-t.mpq\character\NagaSirusHD\male\Snaga_male0008-00.anim
patch-t.mpq,character\NagaSirusHD\male\Snaga_male0009-00.anim,external-animation,character\NagaSirusHD\male\Snaga_male.m2,20448,169E231792064F1379FF6B7ADAEFD8D511EB7BA1,D:\Sirus\_client\World of Warcraft Sirus\Naga_Extract_2026-10-03\ModelCompanions\ByArchive\patch-t.mpq\character\NagaSirusHD\male\Snaga_male0009-00.anim
patch-t.mpq,character\NagaSirusHD\male\Snaga_male0010-00.anim,external-animation,character\NagaSirusHD\male\Snaga_male.m2,20760,9B5CE4FB170FCAD4968795A711F61964CABB0829,D:\Sirus\_client\World of Warcraft Sirus\Naga_Extract_2026-10-03\ModelCompanions\ByArchive\patch-t.mpq\character\NagaSirusHD\male\Snaga_male0010-00.anim
patch-t.mpq,character\NagaSirusHD\male\Snaga_male0001-00.anim,external-animation,character\NagaSirusHD\male\Snaga_male.m2,52604,8929A5A7E06A523D9D522293D279ECCB1D8698E5,D:\Sirus\_client\World of Warcraft Sirus\Naga_Extract_2026-10-03\ModelCompanions\ByArchive\patch-t.mpq\character\NagaSirusHD\male\Snaga_male0001-00.anim
patch-t.mpq,character\NagaSirusHD\male\Snaga_male0131-00.anim,external-animation,character\NagaSirusHD\male\Snaga_male.m2,56468,DBCE51BE6464DFD9B38BCF5D487A1B858180F0A2,D:\Sirus\_client\World of Warcraft Sirus\Naga_Extract_2026-10-03\ModelCompanions\ByArchive\patch-t.mpq\character\NagaSirusHD\male\Snaga_male0131-00.anim
patch-t.mpq,character\NagaSirusHD\male\Snaga_male0132-00.anim,external-animation,character\NagaSirusHD\male\Snaga_male.m2,31144,1B004C769A035DA31B93EA4BF5A55365A9A0B13B,D:\Sirus\_client\World of Warcraft Sirus\Naga_Extract_2026-10-03\ModelCompanions\ByArchive\patch-t.mpq\character\NagaSirusHD\male\Snaga_male0132-00.anim
patch-t.mpq,character\NagaSirusHD\male\Snaga_male0055-00.anim,external-animation,character\NagaSirusHD\male\Snaga_male.m2,38940,D7CD882FA3F3860E7E4B8B031ADCBB0E8D25FDBF,D:\Sirus\_client\World of Warcraft Sirus\Naga_Extract_2026-10-03\ModelCompanions\ByArchive\patch-t.mpq\character\NagaSirusHD\male\Snaga_male0055-00.anim
patch-t.mpq,character\NagaSirusHD\male\Snaga_male0074-00.anim,external-animation,character\NagaSirusHD\male\Snaga_male.m2,38940,D7CD882FA3F3860E7E4B8B031ADCBB0E8D25FDBF,D:\Sirus\_client\World of Warcraft Sirus\Naga_Extract_2026-10-03\ModelCompanions\ByArchive\patch-t.mpq\character\NagaSirusHD\male\Snaga_male0074-00.anim
patch-t.mpq,character\NagaSirusHD\male\Snaga_male0060-00.anim,external-animation,character\NagaSirusHD\male\Snaga_male.m2,40996,BDCA2C1CB2FF749D55CE41537340690B865D88A2,D:\Sirus\_client\World of Warcraft Sirus\Naga_Extract_2026-10-03\ModelCompanions\ByArchive\patch-t.mpq\character\NagaSirusHD\male\Snaga_male0060-00.anim
patch-t.mpq,character\NagaSirusHD\male\Snaga_male0062-00.anim,external-animation,character\NagaSirusHD\male\Snaga_male.m2,22844,7D12618583E61ABFB07580E8582C20B86EEEF8F3,D:\Sirus\_client\World of Warcraft Sirus\Naga_Extract_2026-10-03\ModelCompanions\ByArchive\patch-t.mpq\character\NagaSirusHD\male\Snaga_male0062-00.anim
patch-t.mpq,character\NagaSirusHD\male\Snaga_male0087-00.anim,external-animation,character\NagaSirusHD\male\Snaga_male.m2,20892,5AC69A56EB876815D06B3224D4BAF82882AE2516,D:\Sirus\_client\World of Warcraft Sirus\Naga_Extract_2026-10-03\ModelCompanions\ByArchive\patch-t.mpq\character\NagaSirusHD\male\Snaga_male0087-00.anim
patch-t.mpq,character\NagaSirusHD\male\Snaga_male0014-00.anim,external-animation,character\NagaSirusHD\male\Snaga_male.m2,37788,A0E68842C468E0DEA95E782C42C20136CE0DA03A,D:\Sirus\_client\World of Warcraft Sirus\Naga_Extract_2026-10-03\ModelCompanions\ByArchive\patch-t.mpq\character\NagaSirusHD\male\Snaga_male0014-00.anim
patch-t.mpq,character\NagaSirusHD\male\Snaga_male0085-00.anim,external-animation,character\NagaSirusHD\male\Snaga_male.m2,24860,7B713F7A7613A402B3497C637BC66319FAFB4943,D:\Sirus\_client\World of Warcraft Sirus\Naga_Extract_2026-10-03\ModelCompanions\ByArchive\patch-t.mpq\character\NagaSirusHD\male\Snaga_male0085-00.anim
patch-t.mpq,character\NagaSirusHD\male\Snaga_male0088-00.anim,external-animation,character\NagaSirusHD\male\Snaga_male.m2,24716,3C3E5C3D536C40D567032756ADFA2E302B0CC952,D:\Sirus\_client\World of Warcraft Sirus\Naga_Extract_2026-10-03\ModelCompanions\ByArchive\patch-t.mpq\character\NagaSirusHD\male\Snaga_male0088-00.anim
patch-t.mpq,character\NagaSirusHD\male\Snaga_male0075-00.anim,external-animation,character\NagaSirusHD\male\Snaga_male.m2,114148,D302350E1F0C49275BA2B662F294ED909A5A6B3A,D:\Sirus\_client\World of Warcraft Sirus\Naga_Extract_2026-10-03\ModelCompanions\ByArchive\patch-t.mpq\character\NagaSirusHD\male\Snaga_male0075-00.anim
patch-t.mpq,character\NagaSirusHD\male\Snaga_male0084-00.anim,external-animation,character\NagaSirusHD\male\Snaga_male.m2,33308,53879F66E870AB624BADCC57E57D7131A86B13F0,D:\Sirus\_client\World of Warcraft Sirus\Naga_Extract_2026-10-03\ModelCompanions\ByArchive\patch-t.mpq\character\NagaSirusHD\male\Snaga_male0084-00.anim
patch-t.mpq,character\NagaSirusHD\male\Snaga_male0209-00.anim,external-animation,character\NagaSirusHD\male\Snaga_male.m2,33308,53879F66E870AB624BADCC57E57D7131A86B13F0,D:\Sirus\_client\World of Warcraft Sirus\Naga_Extract_2026-10-03\ModelCompanions\ByArchive\patch-t.mpq\character\NagaSirusHD\male\Snaga_male0209-00.anim
patch-t.mpq,character\NagaSirusHD\male\Snaga_male0116-00.anim,external-animation,character\NagaSirusHD\male\Snaga_male.m2,40824,B31589CBEC798E66504CBBE02036C2A1756A857B,D:\Sirus\_client\World of Warcraft Sirus\Naga_Extract_2026-10-03\ModelCompanions\ByArchive\patch-t.mpq\character\NagaSirusHD\male\Snaga_male0116-00.anim
patch-t.mpq,character\NagaSirusHD\male\Snaga_male0142-00.anim,external-animation,character\NagaSirusHD\male\Snaga_male.m2,40824,B31589CBEC798E66504CBBE02036C2A1756A857B,D:\Sirus\_client\World of Warcraft Sirus\Naga_Extract_2026-10-03\ModelCompanions\ByArchive\patch-t.mpq\character\NagaSirusHD\male\Snaga_male0142-00.anim
patch-t.mpq,character\NagaSirusHD\male\Snaga_male0115-00.anim,external-animation,character\NagaSirusHD\male\Snaga_male.m2,34668,8B11EAEA94FF247F95D193D526BFCCB2080A5459,D:\Sirus\_client\World of Warcraft Sirus\Naga_Extract_2026-10-03\ModelCompanions\ByArchive\patch-t.mpq\character\NagaSirusHD\male\Snaga_male0115-00.anim
patch-t.mpq,character\NagaSirusHD\male\Snaga_male0141-00.anim,external-animation,character\NagaSirusHD\male\Snaga_male.m2,34668,8B11EAEA94FF247F95D193D526BFCCB2080A5459,D:\Sirus\_client\World of Warcraft Sirus\Naga_Extract_2026-10-03\ModelCompanions\ByArchive\patch-t.mpq\character\NagaSirusHD\male\Snaga_male0141-00.anim
patch-t.mpq,character\NagaSirusHD\male\Snaga_male0114-00.anim,external-animation,character\NagaSirusHD\male\Snaga_male.m2,40764,553A97F2BE38FD1576EC6DB4972B216078B0416D,D:\Sirus\_client\World of Warcraft Sirus\Naga_Extract_2026-10-03\ModelCompanions\ByArchive\patch-t.mpq\character\NagaSirusHD\male\Snaga_male0114-00.anim
patch-t.mpq,character\NagaSirusHD\male\Snaga_male0140-00.anim,external-animation,character\NagaSirusHD\male\Snaga_male.m2,40764,553A97F2BE38FD1576EC6DB4972B216078B0416D,D:\Sirus\_client\World of Warcraft Sirus\Naga_Extract_2026-10-03\ModelCompanions\ByArchive\patch-t.mpq\character\NagaSirusHD\male\Snaga_male0140-00.anim
patch-t.mpq,character\NagaSirusHD\male\Snaga_male0224-00.anim,external-animation,character\NagaSirusHD\male\Snaga_male.m2,78932,257A2547B0D7B7E6EDC34AE4CBD61FC4F8742906,D:\Sirus\_client\World of Warcraft Sirus\Naga_Extract_2026-10-03\ModelCompanions\ByArchive\patch-t.mpq\character\NagaSirusHD\male\Snaga_male0224-00.anim
patch-t.mpq,character\NagaSirusHD\male\Snaga_male0213-00.anim,external-animation,character\NagaSirusHD\male\Snaga_male.m2,61260,4DB43F67B714502B2A2FEC618899424C48962EEB,D:\Sirus\_client\World of Warcraft Sirus\Naga_Extract_2026-10-03\ModelCompanions\ByArchive\patch-t.mpq\character\NagaSirusHD\male\Snaga_male0213-00.anim
patch-t.mpq,character\NagaSirusHD\male\Snaga_male0125-00.anim,external-animation,character\NagaSirusHD\male\Snaga_male.m2,19760,5106128A07481076B88515FB68FB92D2AEE5446D,D:\Sirus\_client\World of Warcraft Sirus\Naga_Extract_2026-10-03\ModelCompanions\ByArchive\patch-t.mpq\character\NagaSirusHD\male\Snaga_male0125-00.anim
patch-t.mpq,character\NagaSirusHD\male\Snaga_male0124-00.anim,external-animation,character\NagaSirusHD\male\Snaga_male.m2,11684,E25C1DD17C36D12DAF3A67465067AC727DE62D39,D:\Sirus\_client\World of Warcraft Sirus\Naga_Extract_2026-10-03\ModelCompanions\ByArchive\patch-t.mpq\character\NagaSirusHD\male\Snaga_male0124-00.anim
patch-t.mpq,character\NagaSirusHD\male\Snaga_male0018-00.anim,external-animation,character\NagaSirusHD\male\Snaga_male.m2,78912,608254F6D66F678428F952E2E0A4CE8590BA7028,D:\Sirus\_client\World of Warcraft Sirus\Naga_Extract_2026-10-03\ModelCompanions\ByArchive\patch-t.mpq\character\NagaSirusHD\male\Snaga_male0018-00.anim
patch-t.mpq,character\NagaSirusHD\male\Snaga_male0046-00.anim,external-animation,character\NagaSirusHD\male\Snaga_male.m2,90456,8B66EBECB4EC8E7169C4D9275E692921260C4EF5,D:\Sirus\_client\World of Warcraft Sirus\Naga_Extract_2026-10-03\ModelCompanions\ByArchive\patch-t.mpq\character\NagaSirusHD\male\Snaga_male0046-00.anim
patch-t.mpq,character\NagaSirusHD\male\Snaga_male0508-00.anim,external-animation,character\NagaSirusHD\male\Snaga_male.m2,18420,BC61EE3798709B052A7B74C9AF009572782FF4D3,D:\Sirus\_client\World of Warcraft Sirus\Naga_Extract_2026-10-03\ModelCompanions\ByArchive\patch-t.mpq\character\NagaSirusHD\male\Snaga_male0508-00.anim
patch-t.mpq,character\NagaSirusHD\male\Snaga_male0482-00.anim,external-animation,character\NagaSirusHD\male\Snaga_male.m2,107888,C5271BCB60B5644A984C16C9C91C7D1727FA3812,D:\Sirus\_client\World of Warcraft Sirus\Naga_Extract_2026-10-03\ModelCompanions\ByArchive\patch-t.mpq\character\NagaSirusHD\male\Snaga_male0482-00.anim
patch-t.mpq,character\NagaSirusHD\male\Snaga_male0049-00.anim,external-animation,character\NagaSirusHD\male\Snaga_male.m2,90452,58473590BB9860F2E43D6CA4F1CC38A7C8141156,D:\Sirus\_client\World of Warcraft Sirus\Naga_Extract_2026-10-03\ModelCompanions\ByArchive\patch-t.mpq\character\NagaSirusHD\male\Snaga_male0049-00.anim
patch-t.mpq,character\NagaSirusHD\male\Snaga_male0734-00.anim,external-animation,character\NagaSirusHD\male\Snaga_male.m2,2288,B18EFEFD6D44E2C780FEB88497D1265F02F94CA2,D:\Sirus\_client\World of Warcraft Sirus\Naga_Extract_2026-10-03\ModelCompanions\ByArchive\patch-t.mpq\character\NagaSirusHD\male\Snaga_male0734-00.anim
patch-t.mpq,character\NagaSirusHD\male\Snaga_male0584-00.anim,external-animation,character\NagaSirusHD\male\Snaga_male.m2,180876,303C60CE3303FA47A612A19959B68D8CCE76CE1F,D:\Sirus\_client\World of Warcraft Sirus\Naga_Extract_2026-10-03\ModelCompanions\ByArchive\patch-t.mpq\character\NagaSirusHD\male\Snaga_male0584-00.anim
patch-t.mpq,character\NagaSirusHD\male\Snaga_male0588-00.anim,external-animation,character\NagaSirusHD\male\Snaga_male.m2,176416,CEA82329D3F07EFF4EE606825C409A41BD2A7601,D:\Sirus\_client\World of Warcraft Sirus\Naga_Extract_2026-10-03\ModelCompanions\ByArchive\patch-t.mpq\character\NagaSirusHD\male\Snaga_male0588-00.anim
patch-t.mpq,character\NagaSirusHD\male\Snaga_male0225-00.anim,external-animation,character\NagaSirusHD\male\Snaga_male.m2,90448,CF241A039A366B345ECAC036259F112A807865E6,D:\Sirus\_client\World of Warcraft Sirus\Naga_Extract_2026-10-03\ModelCompanions\ByArchive\patch-t.mpq\character\NagaSirusHD\male\Snaga_male0225-00.anim
patch-t.mpq,character\NagaSirusHD\male\Snaga_male0656-00.anim,external-animation,character\NagaSirusHD\male\Snaga_male.m2,2288,B18EFEFD6D44E2C780FEB88497D1265F02F94CA2,D:\Sirus\_client\World of Warcraft Sirus\Naga_Extract_2026-10-03\ModelCompanions\ByArchive\patch-t.mpq\character\NagaSirusHD\male\Snaga_male0656-00.anim
patch-t.mpq,character\NagaSirusHD\male\Snaga_male0030-00.anim,external-animation,character\NagaSirusHD\male\Snaga_male.m2,90668,ACC9776C3FD8C172E15E3B234890797F10084721,D:\Sirus\_client\World of Warcraft Sirus\Naga_Extract_2026-10-03\ModelCompanions\ByArchive\patch-t.mpq\character\NagaSirusHD\male\Snaga_male0030-00.anim
patch-t.mpq,character\NagaSirusHD\male\Snaga_male0181-00.anim,external-animation,character\NagaSirusHD\male\Snaga_male.m2,46980,0EF05F90DC771738F1B48C43B9C3F4BAD5F62AD5,D:\Sirus\_client\World of Warcraft Sirus\Naga_Extract_2026-10-03\ModelCompanions\ByArchive\patch-t.mpq\character\NagaSirusHD\male\Snaga_male0181-00.anim
patch-t.mpq,character\NagaSirusHD\male\Snaga_male0080-00.anim,external-animation,character\NagaSirusHD\male\Snaga_male.m2,180748,A51089C787DCCFA8D0F9E012526E2D16583A1ED7,D:\Sirus\_client\World of Warcraft Sirus\Naga_Extract_2026-10-03\ModelCompanions\ByArchive\patch-t.mpq\character\NagaSirusHD\male\Snaga_male0080-00.anim
patch-t.mpq,character\NagaSirusHD\male\Snaga_male0079-00.anim,external-animation,character\NagaSirusHD\male\Snaga_male.m2,371204,8ACB60B9F2CBDB4D7A3C9374DD14565C69D378B5,D:\Sirus\_client\World of Warcraft Sirus\Naga_Extract_2026-10-03\ModelCompanions\ByArchive\patch-t.mpq\character\NagaSirusHD\male\Snaga_male0079-00.anim
patch-t.mpq,character\NagaSirusHD\male\Snaga_male0066-00.anim,external-animation,character\NagaSirusHD\male\Snaga_male.m2,151128,B501E7AD7A33283978404E556BD62818508328C5,D:\Sirus\_client\World of Warcraft Sirus\Naga_Extract_2026-10-03\ModelCompanions\ByArchive\patch-t.mpq\character\NagaSirusHD\male\Snaga_male0066-00.anim
patch-t.mpq,character\NagaSirusHD\male\Snaga_male0510-00.anim,external-animation,character\NagaSirusHD\male\Snaga_male.m2,90468,E442E2F89DBFCB71EF6ED9D2EE5E518962EDEE21,D:\Sirus\_client\World of Warcraft Sirus\Naga_Extract_2026-10-03\ModelCompanions\ByArchive\patch-t.mpq\character\NagaSirusHD\male\Snaga_male0510-00.anim
patch-t.mpq,character\NagaSirusHD\male\Snaga_male0068-00.anim,external-animation,character\NagaSirusHD\male\Snaga_male.m2,170536,AF92040F6A4F9A308B94FF766D55D15D15CA4397,D:\Sirus\_client\World of Warcraft Sirus\Naga_Extract_2026-10-03\ModelCompanions\ByArchive\patch-t.mpq\character\NagaSirusHD\male\Snaga_male0068-00.anim
patch-t.mpq,character\NagaSirusHD\male\Snaga_male0078-00.anim,external-animation,character\NagaSirusHD\male\Snaga_male.m2,225084,7241BD467868208F31462ABA1CEAFA3E4876FDC7,D:\Sirus\_client\World of Warcraft Sirus\Naga_Extract_2026-10-03\ModelCompanions\ByArchive\patch-t.mpq\character\NagaSirusHD\male\Snaga_male0078-00.anim
patch-t.mpq,character\NagaSirusHD\male\Snaga_male0077-00.anim,external-animation,character\NagaSirusHD\male\Snaga_male.m2,337820,8BBB704809E97D84783357CA64AE0AD2D3EAC92B,D:\Sirus\_client\World of Warcraft Sirus\Naga_Extract_2026-10-03\ModelCompanions\ByArchive\patch-t.mpq\character\NagaSirusHD\male\Snaga_male0077-00.anim
patch-t.mpq,character\NagaSirusHD\male\Snaga_male0069-00.anim,external-animation,character\NagaSirusHD\male\Snaga_male.m2,187424,881637C429E95E0D5F572228C08CBB9A29324F20,D:\Sirus\_client\World of Warcraft Sirus\Naga_Extract_2026-10-03\ModelCompanions\ByArchive\patch-t.mpq\character\NagaSirusHD\male\Snaga_male0069-00.anim
patch-t.mpq,character\NagaSirusHD\male\Snaga_male0061-00.anim,external-animation,character\NagaSirusHD\male\Snaga_male.m2,224700,E983233EAA1287E89B52A723D84B53DDFF9E4F9B,D:\Sirus\_client\World of Warcraft Sirus\Naga_Extract_2026-10-03\ModelCompanions\ByArchive\patch-t.mpq\character\NagaSirusHD\male\Snaga_male0061-00.anim
patch-t.mpq,character\NagaSirusHD\male\Snaga_male0199-00.anim,external-animation,character\NagaSirusHD\male\Snaga_male.m2,224700,E983233EAA1287E89B52A723D84B53DDFF9E4F9B,D:\Sirus\_client\World of Warcraft Sirus\Naga_Extract_2026-10-03\ModelCompanions\ByArchive\patch-t.mpq\character\NagaSirusHD\male\Snaga_male0199-00.anim
patch-t.mpq,character\NagaSirusHD\male\Snaga_male0082-00.anim,external-animation,character\NagaSirusHD\male\Snaga_male.m2,190776,6E9294C61F5CE6DEE4A5EFDF5C6937E66911CD3B,D:\Sirus\_client\World of Warcraft Sirus\Naga_Extract_2026-10-03\ModelCompanions\ByArchive\patch-t.mpq\character\NagaSirusHD\male\Snaga_male0082-00.anim
patch-t.mpq,character\NagaSirusHD\male\Snaga_male0076-00.anim,external-animation,character\NagaSirusHD\male\Snaga_male.m2,150648,19BE629229FA0CA926C3609888E73754ADADF8A5,D:\Sirus\_client\World of Warcraft Sirus\Naga_Extract_2026-10-03\ModelCompanions\ByArchive\patch-t.mpq\character\NagaSirusHD\male\Snaga_male0076-00.anim
patch-t.mpq,character\NagaSirusHD\male\Snaga_male0070-00.anim,external-animation,character\NagaSirusHD\male\Snaga_male.m2,227560,0C3590163E24ECAA89AFCE4AEAA26B05B68A7648,D:\Sirus\_client\World of Warcraft Sirus\Naga_Extract_2026-10-03\ModelCompanions\ByArchive\patch-t.mpq\character\NagaSirusHD\male\Snaga_male0070-00.anim
patch-t.mpq,character\NagaSirusHD\male\Snaga_male0186-00.anim,external-animation,character\NagaSirusHD\male\Snaga_male.m2,214180,99C8AA6EF5A5BB567BB20B2F5498E729AC0D30DA,D:\Sirus\_client\World of Warcraft Sirus\Naga_Extract_2026-10-03\ModelCompanions\ByArchive\patch-t.mpq\character\NagaSirusHD\male\Snaga_male0186-00.anim
patch-t.mpq,character\NagaSirusHD\male\Snaga_male0522-00.anim,external-animation,character\NagaSirusHD\male\Snaga_male.m2,67068,84F1ECB9166064055F83DA7BC1BE7A6CA83FCF4E,D:\Sirus\_client\World of Warcraft Sirus\Naga_Extract_2026-10-03\ModelCompanions\ByArchive\patch-t.mpq\character\NagaSirusHD\male\Snaga_male0522-00.anim
patch-t.mpq,character\NagaSirusHD\male\Snaga_male0520-00.anim,external-animation,character\NagaSirusHD\male\Snaga_male.m2,267680,98401C23117776F89B5E76C9C33C81FD91C8E7F5,D:\Sirus\_client\World of Warcraft Sirus\Naga_Extract_2026-10-03\ModelCompanions\ByArchive\patch-t.mpq\character\NagaSirusHD\male\Snaga_male0520-00.anim
patch-t.mpq,character\NagaSirusHD\male\Snaga_male0518-00.anim,external-animation,character\NagaSirusHD\male\Snaga_male.m2,80416,6FE63AFFB3AB82229DDA84A040A312712B12536F,D:\Sirus\_client\World of Warcraft Sirus\Naga_Extract_2026-10-03\ModelCompanions\ByArchive\patch-t.mpq\character\NagaSirusHD\male\Snaga_male0518-00.anim
patch-t.mpq,character\NagaSirusHD\male\Snaga_male0073-00.anim,external-animation,character\NagaSirusHD\male\Snaga_male.m2,177428,F7FF910E9E25E56A45A144865F7004BF2CABA105,D:\Sirus\_client\World of Warcraft Sirus\Naga_Extract_2026-10-03\ModelCompanions\ByArchive\patch-t.mpq\character\NagaSirusHD\male\Snaga_male0073-00.anim
patch-t.mpq,character\NagaSirusHD\male\Snaga_male0210-00.anim,external-animation,character\NagaSirusHD\male\Snaga_male.m2,107168,93B8C24E35B7A0DD9F9B089598A2734E7146BFD8,D:\Sirus\_client\World of Warcraft Sirus\Naga_Extract_2026-10-03\ModelCompanions\ByArchive\patch-t.mpq\character\NagaSirusHD\male\Snaga_male0210-00.anim
patch-t.mpq,character\NagaSirusHD\male\Snaga_male0113-00.anim,external-animation,character\NagaSirusHD\male\Snaga_male.m2,107176,B3F4B21DF94FE45CC18DC430D38D2E4F4CCBE496,D:\Sirus\_client\World of Warcraft Sirus\Naga_Extract_2026-10-03\ModelCompanions\ByArchive\patch-t.mpq\character\NagaSirusHD\male\Snaga_male0113-00.anim
patch-t.mpq,character\NagaSirusHD\male\Snaga_male0081-00.anim,external-animation,character\NagaSirusHD\male\Snaga_male.m2,210840,2CCE9AF5D83500D3E86DB71DC52697300AF7DB49,D:\Sirus\_client\World of Warcraft Sirus\Naga_Extract_2026-10-03\ModelCompanions\ByArchive\patch-t.mpq\character\NagaSirusHD\male\Snaga_male0081-00.anim
patch-t.mpq,character\NagaSirusHD\male\Snaga_male0083-00.anim,external-animation,character\NagaSirusHD\male\Snaga_male.m2,341252,9C4BBD0A62DD1120F7E3D3B15D41B51E1CA60863,D:\Sirus\_client\World of Warcraft Sirus\Naga_Extract_2026-10-03\ModelCompanions\ByArchive\patch-t.mpq\character\NagaSirusHD\male\Snaga_male0083-00.anim
patch-t.mpq,character\NagaSirusHD\male\Snaga_male0137-00.anim,external-animation,character\NagaSirusHD\male\Snaga_male.m2,37788,A0E68842C468E0DEA95E782C42C20136CE0DA03A,D:\Sirus\_client\World of Warcraft Sirus\Naga_Extract_2026-10-03\ModelCompanions\ByArchive\patch-t.mpq\character\NagaSirusHD\male\Snaga_male0137-00.anim
patch-t.mpq,character\NagaSirusHD\male\Snaga_male0064-00.anim,external-animation,character\NagaSirusHD\male\Snaga_male.m2,133928,59970BBF563F370BE6C3F731D7755ACF03FDC091,D:\Sirus\_client\World of Warcraft Sirus\Naga_Extract_2026-10-03\ModelCompanions\ByArchive\patch-t.mpq\character\NagaSirusHD\male\Snaga_male0064-00.anim
patch-t.mpq,character\NagaSirusHD\male\Snaga_male0065-00.anim,external-animation,character\NagaSirusHD\male\Snaga_male.m2,107172,1E17F80BBBA7E205219AAF4D0CB56BB84F330E38,D:\Sirus\_client\World of Warcraft Sirus\Naga_Extract_2026-10-03\ModelCompanions\ByArchive\patch-t.mpq\character\NagaSirusHD\male\Snaga_male0065-00.anim
patch-t.mpq,character\NagaSirusHD\male\Snaga_male0195-00.anim,external-animation,character\NagaSirusHD\male\Snaga_male.m2,368008,596856548BFE863502F0AA3D06330A955BE1B058,D:\Sirus\_client\World of Warcraft Sirus\Naga_Extract_2026-10-03\ModelCompanions\ByArchive\patch-t.mpq\character\NagaSirusHD\male\Snaga_male0195-00.anim
patch-t.mpq,character\NagaSirusHD\male\Snaga_male0063-00.anim,external-animation,character\NagaSirusHD\male\Snaga_male.m2,85028,159B01B6C0F935AF4A1D1740BE136AD9542365BC,D:\Sirus\_client\World of Warcraft Sirus\Naga_Extract_2026-10-03\ModelCompanions\ByArchive\patch-t.mpq\character\NagaSirusHD\male\Snaga_male0063-00.anim
patch-t.mpq,character\NagaSirusHD\male\Snaga_male0138-00.anim,external-animation,character\NagaSirusHD\male\Snaga_male.m2,85028,159B01B6C0F935AF4A1D1740BE136AD9542365BC,D:\Sirus\_client\World of Warcraft Sirus\Naga_Extract_2026-10-03\ModelCompanions\ByArchive\patch-t.mpq\character\NagaSirusHD\male\Snaga_male0138-00.anim
patch-t.mpq,character\NagaSirusHD\male\Snaga_male0067-00.anim,external-animation,character\NagaSirusHD\male\Snaga_male.m2,180744,EB5E380A01434408F79F9AB6D34735A8CB877D57,D:\Sirus\_client\World of Warcraft Sirus\Naga_Extract_2026-10-03\ModelCompanions\ByArchive\patch-t.mpq\character\NagaSirusHD\male\Snaga_male0067-00.anim
patch-t.mpq,character\NagaSirusHD\male\Snaga_male0136-00.anim,external-animation,character\NagaSirusHD\male\Snaga_male.m2,22844,7D12618583E61ABFB07580E8582C20B86EEEF8F3,D:\Sirus\_client\World of Warcraft Sirus\Naga_Extract_2026-10-03\ModelCompanions\ByArchive\patch-t.mpq\character\NagaSirusHD\male\Snaga_male0136-00.anim
patch-t.mpq,character\NagaSirusHD\male\Snaga_male0185-00.anim,external-animation,character\NagaSirusHD\male\Snaga_male.m2,170708,799799F931A7D0BA9B811CC2049B0F9D0CFA741E,D:\Sirus\_client\World of Warcraft Sirus\Naga_Extract_2026-10-03\ModelCompanions\ByArchive\patch-t.mpq\character\NagaSirusHD\male\Snaga_male0185-00.anim
patch-t.mpq,character\NagaSirusHD\male\Snaga_male0133-00.anim,external-animation,character\NagaSirusHD\male\Snaga_male.m2,90452,66188E61EAE11CE3B8F81C14D890293E0CD8196D,D:\Sirus\_client\World of Warcraft Sirus\Naga_Extract_2026-10-03\ModelCompanions\ByArchive\patch-t.mpq\character\NagaSirusHD\male\Snaga_male0133-00.anim
patch-t.mpq,character\NagaSirusHD\male\Snaga_male0134-00.anim,external-animation,character\NagaSirusHD\male\Snaga_male.m2,133924,50D8E448BA0A192D15542143E92CD0996D392DA0,D:\Sirus\_client\World of Warcraft Sirus\Naga_Extract_2026-10-03\ModelCompanions\ByArchive\patch-t.mpq\character\NagaSirusHD\male\Snaga_male0134-00.anim
patch-t.mpq,character\NagaSirusHD\male\Snaga_male0702-00.anim,external-animation,character\NagaSirusHD\male\Snaga_male.m2,2288,B18EFEFD6D44E2C780FEB88497D1265F02F94CA2,D:\Sirus\_client\World of Warcraft Sirus\Naga_Extract_2026-10-03\ModelCompanions\ByArchive\patch-t.mpq\character\NagaSirusHD\male\Snaga_male0702-00.anim
patch-t.mpq,character\NagaSirusHD\male\Snaga_male0706-00.anim,external-animation,character\NagaSirusHD\male\Snaga_male.m2,2288,B18EFEFD6D44E2C780FEB88497D1265F02F94CA2,D:\Sirus\_client\World of Warcraft Sirus\Naga_Extract_2026-10-03\ModelCompanions\ByArchive\patch-t.mpq\character\NagaSirusHD\male\Snaga_male0706-00.anim
patch-t.mpq,character\NagaSirusHD\male\Snaga_male0704-00.anim,external-animation,character\NagaSirusHD\male\Snaga_male.m2,2288,B18EFEFD6D44E2C780FEB88497D1265F02F94CA2,D:\Sirus\_client\World of Warcraft Sirus\Naga_Extract_2026-10-03\ModelCompanions\ByArchive\patch-t.mpq\character\NagaSirusHD\male\Snaga_male0704-00.anim
patch-t.mpq,character\NagaSirusHD\male\Snaga_male0109-00.anim,external-animation,character\NagaSirusHD\male\Snaga_male.m2,90448,F12240938D39840AEFAED8EB9F81C08A8A47D35B,D:\Sirus\_client\World of Warcraft Sirus\Naga_Extract_2026-10-03\ModelCompanions\ByArchive\patch-t.mpq\character\NagaSirusHD\male\Snaga_male0109-00.anim
patch-t.mpq,character\NagaSirusHD\male\Snaga_male0478-00.anim,external-animation,character\NagaSirusHD\male\Snaga_male.m2,176420,1C6E69575C86341E550DD76E27187E326B0C3CF0,D:\Sirus\_client\World of Warcraft Sirus\Naga_Extract_2026-10-03\ModelCompanions\ByArchive\patch-t.mpq\character\NagaSirusHD\male\Snaga_male0478-00.anim
patch-t.mpq,character\NagaSirusHD\male\Snaga_male0110-00.anim,external-animation,character\NagaSirusHD\male\Snaga_male.m2,88288,8902490649B25241D81C3A99E7674A925971FD55,D:\Sirus\_client\World of Warcraft Sirus\Naga_Extract_2026-10-03\ModelCompanions\ByArchive\patch-t.mpq\character\NagaSirusHD\male\Snaga_male0110-00.anim
patch-t.mpq,character\NagaSirusHD\male\Snaga_male0193-00.anim,external-animation,character\NagaSirusHD\male\Snaga_male.m2,240928,3427C8034AD53A196CE434791D228DB7BB1D3E86,D:\Sirus\_client\World of Warcraft Sirus\Naga_Extract_2026-10-03\ModelCompanions\ByArchive\patch-t.mpq\character\NagaSirusHD\male\Snaga_male0193-00.anim
patch-t.mpq,character\NagaSirusHD\male\Snaga_male0039-00.anim,external-animation,character\NagaSirusHD\male\Snaga_male.m2,63696,88CA2DD01CF4E573B8973CEF26B426C886A4D5D3,D:\Sirus\_client\World of Warcraft Sirus\Naga_Extract_2026-10-03\ModelCompanions\ByArchive\patch-t.mpq\character\NagaSirusHD\male\Snaga_male0039-00.anim
patch-t.mpq,character\NagaSirusHD\male\Snaga_male0187-00.anim,external-animation,character\NagaSirusHD\male\Snaga_male.m2,13048,7A73EC597188935D85F9966A7339099CA4F2E2FB,D:\Sirus\_client\World of Warcraft Sirus\Naga_Extract_2026-10-03\ModelCompanions\ByArchive\patch-t.mpq\character\NagaSirusHD\male\Snaga_male0187-00.anim
patch-t.mpq,character\NagaSirusHD\male\Snaga_male0037-00.anim,external-animation,character\NagaSirusHD\male\Snaga_male.m2,77072,6F65283ACA17771604C140D3429929EFCB5C9145,D:\Sirus\_client\World of Warcraft Sirus\Naga_Extract_2026-10-03\ModelCompanions\ByArchive\patch-t.mpq\character\NagaSirusHD\male\Snaga_male0037-00.anim
patch-t.mpq,character\NagaSirusHD\male\Snaga_male0095-00.anim,external-animation,character\NagaSirusHD\male\Snaga_male.m2,90468,FD82C60E02C3632C63765E8FC525F14FF5BFC2D5,D:\Sirus\_client\World of Warcraft Sirus\Naga_Extract_2026-10-03\ModelCompanions\ByArchive\patch-t.mpq\character\NagaSirusHD\male\Snaga_male0095-00.anim
patch-t.mpq,character\NagaSirusHD\male\Snaga_male0121-00.anim,external-animation,character\NagaSirusHD\male\Snaga_male.m2,180736,E596B26C23BD19FC48B9BBC7D180C341C275F38B,D:\Sirus\_client\World of Warcraft Sirus\Naga_Extract_2026-10-03\ModelCompanions\ByArchive\patch-t.mpq\character\NagaSirusHD\male\Snaga_male0121-00.anim
patch-t.mpq,character\NagaSirusHD\male\Snaga_male0105-00.anim,external-animation,character\NagaSirusHD\male\Snaga_male.m2,90452,04459849D47F3A756A36888AF3BF0BF21FE2F233,D:\Sirus\_client\World of Warcraft Sirus\Naga_Extract_2026-10-03\ModelCompanions\ByArchive\patch-t.mpq\character\NagaSirusHD\male\Snaga_male0105-00.anim
patch-t.mpq,character\NagaSirusHD\male\Snaga_male0477-00.anim,external-animation,character\NagaSirusHD\male\Snaga_male.m2,45860,3D589D8B1E697B47151F41C304B0ED6BCB8BFA91,D:\Sirus\_client\World of Warcraft Sirus\Naga_Extract_2026-10-03\ModelCompanions\ByArchive\patch-t.mpq\character\NagaSirusHD\male\Snaga_male0477-00.anim
patch-t.mpq,character\NagaSirusHD\male\Snaga_male0106-00.anim,external-animation,character\NagaSirusHD\male\Snaga_male.m2,91012,97E6675F82103E58F525E0209B3C300A4F00B4C5,D:\Sirus\_client\World of Warcraft Sirus\Naga_Extract_2026-10-03\ModelCompanions\ByArchive\patch-t.mpq\character\NagaSirusHD\male\Snaga_male0106-00.anim
patch-t.mpq,character\NagaSirusHD\male\Snaga_male0050-00.anim,external-animation,character\NagaSirusHD\male\Snaga_male.m2,25812,A4CFBF6E7D1C7BF347D90C7EE378DF2C2F01EC7D,D:\Sirus\_client\World of Warcraft Sirus\Naga_Extract_2026-10-03\ModelCompanions\ByArchive\patch-t.mpq\character\NagaSirusHD\male\Snaga_male0050-00.anim
patch-t.mpq,character\NagaSirusHD\male\Snaga_male0732-00.anim,external-animation,character\NagaSirusHD\male\Snaga_male.m2,2288,B18EFEFD6D44E2C780FEB88497D1265F02F94CA2,D:\Sirus\_client\World of Warcraft Sirus\Naga_Extract_2026-10-03\ModelCompanions\ByArchive\patch-t.mpq\character\NagaSirusHD\male\Snaga_male0732-00.anim
patch-t.mpq,character\NagaSirusHD\male\Snaga_male0682-00.anim,external-animation,character\NagaSirusHD\male\Snaga_male.m2,2288,B18EFEFD6D44E2C780FEB88497D1265F02F94CA2,D:\Sirus\_client\World of Warcraft Sirus\Naga_Extract_2026-10-03\ModelCompanions\ByArchive\patch-t.mpq\character\NagaSirusHD\male\Snaga_male0682-00.anim
patch-t.mpq,character\NagaSirusHD\male\Snaga_male0684-00.anim,external-animation,character\NagaSirusHD\male\Snaga_male.m2,2288,B18EFEFD6D44E2C780FEB88497D1265F02F94CA2,D:\Sirus\_client\World of Warcraft Sirus\Naga_Extract_2026-10-03\ModelCompanions\ByArchive\patch-t.mpq\character\NagaSirusHD\male\Snaga_male0684-00.anim
patch-t.mpq,character\NagaSirusHD\male\Snaga_male0686-00.anim,external-animation,character\NagaSirusHD\male\Snaga_male.m2,2288,B18EFEFD6D44E2C780FEB88497D1265F02F94CA2,D:\Sirus\_client\World of Warcraft Sirus\Naga_Extract_2026-10-03\ModelCompanions\ByArchive\patch-t.mpq\character\NagaSirusHD\male\Snaga_male0686-00.anim
patch-t.mpq,character\NagaSirusHD\male\Snaga_male0688-00.anim,external-animation,character\NagaSirusHD\male\Snaga_male.m2,2288,B18EFEFD6D44E2C780FEB88497D1265F02F94CA2,D:\Sirus\_client\World of Warcraft Sirus\Naga_Extract_2026-10-03\ModelCompanions\ByArchive\patch-t.mpq\character\NagaSirusHD\male\Snaga_male0688-00.anim
patch-t.mpq,character\NagaSirusHD\male\Snaga_male0690-00.anim,external-animation,character\NagaSirusHD\male\Snaga_male.m2,2288,B18EFEFD6D44E2C780FEB88497D1265F02F94CA2,D:\Sirus\_client\World of Warcraft Sirus\Naga_Extract_2026-10-03\ModelCompanions\ByArchive\patch-t.mpq\character\NagaSirusHD\male\Snaga_male0690-00.anim
patch-t.mpq,character\NagaSirusHD\male\Snaga_male0726-00.anim,external-animation,character\NagaSirusHD\male\Snaga_male.m2,2288,B18EFEFD6D44E2C780FEB88497D1265F02F94CA2,D:\Sirus\_client\World of Warcraft Sirus\Naga_Extract_2026-10-03\ModelCompanions\ByArchive\patch-t.mpq\character\NagaSirusHD\male\Snaga_male0726-00.anim
patch-t.mpq,character\NagaSirusHD\male\Snaga_male0728-00.anim,external-animation,character\NagaSirusHD\male\Snaga_male.m2,2288,B18EFEFD6D44E2C780FEB88497D1265F02F94CA2,D:\Sirus\_client\World of Warcraft Sirus\Naga_Extract_2026-10-03\ModelCompanions\ByArchive\patch-t.mpq\character\NagaSirusHD\male\Snaga_male0728-00.anim
patch-t.mpq,character\NagaSirusHD\male\Snaga_male0692-00.anim,external-animation,character\NagaSirusHD\male\Snaga_male.m2,2288,B18EFEFD6D44E2C780FEB88497D1265F02F94CA2,D:\Sirus\_client\World of Warcraft Sirus\Naga_Extract_2026-10-03\ModelCompanions\ByArchive\patch-t.mpq\character\NagaSirusHD\male\Snaga_male0692-00.anim
patch-t.mpq,character\NagaSirusHD\male\Snaga_male0696-00.anim,external-animation,character\NagaSirusHD\male\Snaga_male.m2,2288,B18EFEFD6D44E2C780FEB88497D1265F02F94CA2,D:\Sirus\_client\World of Warcraft Sirus\Naga_Extract_2026-10-03\ModelCompanions\ByArchive\patch-t.mpq\character\NagaSirusHD\male\Snaga_male0696-00.anim
patch-t.mpq,character\NagaSirusHD\male\Snaga_male0698-00.anim,external-animation,character\NagaSirusHD\male\Snaga_male.m2,2288,B18EFEFD6D44E2C780FEB88497D1265F02F94CA2,D:\Sirus\_client\World of Warcraft Sirus\Naga_Extract_2026-10-03\ModelCompanions\ByArchive\patch-t.mpq\character\NagaSirusHD\male\Snaga_male0698-00.anim
patch-t.mpq,character\NagaSirusHD\male\Snaga_male0718-00.anim,external-animation,character\NagaSirusHD\male\Snaga_male.m2,2288,B18EFEFD6D44E2C780FEB88497D1265F02F94CA2,D:\Sirus\_client\World of Warcraft Sirus\Naga_Extract_2026-10-03\ModelCompanions\ByArchive\patch-t.mpq\character\NagaSirusHD\male\Snaga_male0718-00.anim
patch-t.mpq,character\NagaSirusHD\male\Snaga_male0720-00.anim,external-animation,character\NagaSirusHD\male\Snaga_male.m2,2288,B18EFEFD6D44E2C780FEB88497D1265F02F94CA2,D:\Sirus\_client\World of Warcraft Sirus\Naga_Extract_2026-10-03\ModelCompanions\ByArchive\patch-t.mpq\character\NagaSirusHD\male\Snaga_male0720-00.anim
patch-t.mpq,character\NagaSirusHD\male\Snaga_male0722-00.anim,external-animation,character\NagaSirusHD\male\Snaga_male.m2,2288,B18EFEFD6D44E2C780FEB88497D1265F02F94CA2,D:\Sirus\_client\World of Warcraft Sirus\Naga_Extract_2026-10-03\ModelCompanions\ByArchive\patch-t.mpq\character\NagaSirusHD\male\Snaga_male0722-00.anim
patch-t.mpq,character\NagaSirusHD\male\Snaga_male0724-00.anim,external-animation,character\NagaSirusHD\male\Snaga_male.m2,2288,B18EFEFD6D44E2C780FEB88497D1265F02F94CA2,D:\Sirus\_client\World of Warcraft Sirus\Naga_Extract_2026-10-03\ModelCompanions\ByArchive\patch-t.mpq\character\NagaSirusHD\male\Snaga_male0724-00.anim
patch-t.mpq,character\NagaSirusHD\male\Snaga_male0672-00.anim,external-animation,character\NagaSirusHD\male\Snaga_male.m2,2288,B18EFEFD6D44E2C780FEB88497D1265F02F94CA2,D:\Sirus\_client\World of Warcraft Sirus\Naga_Extract_2026-10-03\ModelCompanions\ByArchive\patch-t.mpq\character\NagaSirusHD\male\Snaga_male0672-00.anim
patch-t.mpq,character\NagaSirusHD\male\Snaga_male0674-00.anim,external-animation,character\NagaSirusHD\male\Snaga_male.m2,2288,B18EFEFD6D44E2C780FEB88497D1265F02F94CA2,D:\Sirus\_client\World of Warcraft Sirus\Naga_Extract_2026-10-03\ModelCompanions\ByArchive\patch-t.mpq\character\NagaSirusHD\male\Snaga_male0674-00.anim
patch-t.mpq,character\NagaSirusHD\male\Snaga_male0774-00.anim,external-animation,character\NagaSirusHD\male\Snaga_male.m2,2288,B18EFEFD6D44E2C780FEB88497D1265F02F94CA2,D:\Sirus\_client\World of Warcraft Sirus\Naga_Extract_2026-10-03\ModelCompanions\ByArchive\patch-t.mpq\character\NagaSirusHD\male\Snaga_male0774-00.anim
patch-t.mpq,character\NagaSirusHD\male\Snaga_male0676-00.anim,external-animation,character\NagaSirusHD\male\Snaga_male.m2,2288,B18EFEFD6D44E2C780FEB88497D1265F02F94CA2,D:\Sirus\_client\World of Warcraft Sirus\Naga_Extract_2026-10-03\ModelCompanions\ByArchive\patch-t.mpq\character\NagaSirusHD\male\Snaga_male0676-00.anim
patch-t.mpq,character\NagaSirusHD\male\Snaga_male0678-00.anim,external-animation,character\NagaSirusHD\male\Snaga_male.m2,2288,B18EFEFD6D44E2C780FEB88497D1265F02F94CA2,D:\Sirus\_client\World of Warcraft Sirus\Naga_Extract_2026-10-03\ModelCompanions\ByArchive\patch-t.mpq\character\NagaSirusHD\male\Snaga_male0678-00.anim
patch-t.mpq,character\NagaSirusHD\male\Snaga_male0680-00.anim,external-animation,character\NagaSirusHD\male\Snaga_male.m2,2288,B18EFEFD6D44E2C780FEB88497D1265F02F94CA2,D:\Sirus\_client\World of Warcraft Sirus\Naga_Extract_2026-10-03\ModelCompanions\ByArchive\patch-t.mpq\character\NagaSirusHD\male\Snaga_male0680-00.anim
patch-t.mpq,character\NagaSirusHD\male\Snaga_male0091-00.anim,external-animation,character\NagaSirusHD\male\Snaga_male.m2,176420,3602C8C9009549D00784093E2DB6B29299D0A243,D:\Sirus\_client\World of Warcraft Sirus\Naga_Extract_2026-10-03\ModelCompanions\ByArchive\patch-t.mpq\character\NagaSirusHD\male\Snaga_male0091-00.anim
patch-t.mpq,character\NagaSirusHD\male\Snaga_male0212-00.anim,external-animation,character\NagaSirusHD\male\Snaga_male.m2,87124,A4AC004ACB5245BBDF785FD5A93B0765BFE92C22,D:\Sirus\_client\World of Warcraft Sirus\Naga_Extract_2026-10-03\ModelCompanions\ByArchive\patch-t.mpq\character\NagaSirusHD\male\Snaga_male0212-00.anim
patch-t.mpq,character\NagaSirusHD\male\Snaga_male0670-00.anim,external-animation,character\NagaSirusHD\male\Snaga_male.m2,2288,B0460042B0E7242BE6A0CD560B416BBB1563D5FA,D:\Sirus\_client\World of Warcraft Sirus\Naga_Extract_2026-10-03\ModelCompanions\ByArchive\patch-t.mpq\character\NagaSirusHD\male\Snaga_male0670-00.anim
patch-t.mpq,character\NagaSirusHD\male\Snaga_male0021-00.anim,external-animation,character\NagaSirusHD\male\Snaga_male.m2,90448,E0CAA1EE1B8D50C739E49C8879F4E222206D8200,D:\Sirus\_client\World of Warcraft Sirus\Naga_Extract_2026-10-03\ModelCompanions\ByArchive\patch-t.mpq\character\NagaSirusHD\male\Snaga_male0021-00.anim
patch-t.mpq,character\NagaSirusHD\male\Snaga_male0022-00.anim,external-animation,character\NagaSirusHD\male\Snaga_male.m2,86848,0B8806FAE05B4831EE144CAD1B9406965BC7D70D,D:\Sirus\_client\World of Warcraft Sirus\Naga_Extract_2026-10-03\ModelCompanions\ByArchive\patch-t.mpq\character\NagaSirusHD\male\Snaga_male0022-00.anim
patch-t.mpq,character\NagaSirusHD\male\Snaga_male0023-00.anim,external-animation,character\NagaSirusHD\male\Snaga_male.m2,90448,561DD3A7749E5E253DFFA0F0CB3918412A23207A,D:\Sirus\_client\World of Warcraft Sirus\Naga_Extract_2026-10-03\ModelCompanions\ByArchive\patch-t.mpq\character\NagaSirusHD\male\Snaga_male0023-00.anim
patch-t.mpq,character\NagaSirusHD\male\Snaga_male0512-00.anim,external-animation,character\NagaSirusHD\male\Snaga_male.m2,90448,515C2A44BE83C3BAD4CF2CFDF8FF37218EB40A6F,D:\Sirus\_client\World of Warcraft Sirus\Naga_Extract_2026-10-03\ModelCompanions\ByArchive\patch-t.mpq\character\NagaSirusHD\male\Snaga_male0512-00.anim
patch-t.mpq,character\NagaSirusHD\male\Snaga_male0020-00.anim,external-animation,character\NagaSirusHD\male\Snaga_male.m2,90448,515C2A44BE83C3BAD4CF2CFDF8FF37218EB40A6F,D:\Sirus\_client\World of Warcraft Sirus\Naga_Extract_2026-10-03\ModelCompanions\ByArchive\patch-t.mpq\character\NagaSirusHD\male\Snaga_male0020-00.anim
patch-t.mpq,character\NagaSirusHD\male\Snaga_male0056-00.anim,external-animation,character\NagaSirusHD\male\Snaga_male.m2,90448,952993AD025BD5934033697AA5D80159BE9DE166,D:\Sirus\_client\World of Warcraft Sirus\Naga_Extract_2026-10-03\ModelCompanions\ByArchive\patch-t.mpq\character\NagaSirusHD\male\Snaga_male0056-00.anim
patch-t.mpq,character\NagaSirusHD\male\Snaga_male0029-00.anim,external-animation,character\NagaSirusHD\male\Snaga_male.m2,88288,BFBD5E0CAE17DAF8392A552F482E36BBD5C1488B,D:\Sirus\_client\World of Warcraft Sirus\Naga_Extract_2026-10-03\ModelCompanions\ByArchive\patch-t.mpq\character\NagaSirusHD\male\Snaga_male0029-00.anim
patch-t.mpq,character\NagaSirusHD\male\Snaga_male0514-00.anim,external-animation,character\NagaSirusHD\male\Snaga_male.m2,90448,D19907FDD1860F0C14F163A71D066EC4D77B2BDF,D:\Sirus\_client\World of Warcraft Sirus\Naga_Extract_2026-10-03\ModelCompanions\ByArchive\patch-t.mpq\character\NagaSirusHD\male\Snaga_male0514-00.anim
patch-t.mpq,character\NagaSirusHD\male\Snaga_male0476-00.anim,external-animation,character\NagaSirusHD\male\Snaga_male.m2,176420,08551AE3D697A4885F3049E5A05966A295BE7D22,D:\Sirus\_client\World of Warcraft Sirus\Naga_Extract_2026-10-03\ModelCompanions\ByArchive\patch-t.mpq\character\NagaSirusHD\male\Snaga_male0476-00.anim
patch-t.mpq,character\NagaSirusHD\male\Snaga_male0048-00.anim,external-animation,character\NagaSirusHD\male\Snaga_male.m2,88288,DD15FDBCA26E8EA47971F320FDE1A14AA7BBA676,D:\Sirus\_client\World of Warcraft Sirus\Naga_Extract_2026-10-03\ModelCompanions\ByArchive\patch-t.mpq\character\NagaSirusHD\male\Snaga_male0048-00.anim
patch-t.mpq,character\NagaSirusHD\male\Snaga_male0484-00.anim,external-animation,character\NagaSirusHD\male\Snaga_male.m2,176416,E2C18D6F87CECA3F2D283D2D816622868650E533,D:\Sirus\_client\World of Warcraft Sirus\Naga_Extract_2026-10-03\ModelCompanions\ByArchive\patch-t.mpq\character\NagaSirusHD\male\Snaga_male0484-00.anim
patch-t.mpq,character\NagaSirusHD\male\Snaga_male0500-00.anim,external-animation,character\NagaSirusHD\male\Snaga_male.m2,176416,4605CA918989A59CF4C810775C34ABF463A9BD9D,D:\Sirus\_client\World of Warcraft Sirus\Naga_Extract_2026-10-03\ModelCompanions\ByArchive\patch-t.mpq\character\NagaSirusHD\male\Snaga_male0500-00.anim
patch-t.mpq,character\NagaSirusHD\male\Snaga_male0736-00.anim,external-animation,character\NagaSirusHD\male\Snaga_male.m2,2288,B18EFEFD6D44E2C780FEB88497D1265F02F94CA2,D:\Sirus\_client\World of Warcraft Sirus\Naga_Extract_2026-10-03\ModelCompanions\ByArchive\patch-t.mpq\character\NagaSirusHD\male\Snaga_male0736-00.anim
patch-t.mpq,character\NagaSirusHD\male\Snaga_male0666-00.anim,external-animation,character\NagaSirusHD\male\Snaga_male.m2,2288,B18EFEFD6D44E2C780FEB88497D1265F02F94CA2,D:\Sirus\_client\World of Warcraft Sirus\Naga_Extract_2026-10-03\ModelCompanions\ByArchive\patch-t.mpq\character\NagaSirusHD\male\Snaga_male0666-00.anim
patch-t.mpq,character\NagaSirusHD\male\Snaga_male0668-00.anim,external-animation,character\NagaSirusHD\male\Snaga_male.m2,2288,B18EFEFD6D44E2C780FEB88497D1265F02F94CA2,D:\Sirus\_client\World of Warcraft Sirus\Naga_Extract_2026-10-03\ModelCompanions\ByArchive\patch-t.mpq\character\NagaSirusHD\male\Snaga_male0668-00.anim
patch-t.mpq,character\NagaSirusHD\male\Snaga_male0664-00.anim,external-animation,character\NagaSirusHD\male\Snaga_male.m2,2288,B18EFEFD6D44E2C780FEB88497D1265F02F94CA2,D:\Sirus\_client\World of Warcraft Sirus\Naga_Extract_2026-10-03\ModelCompanions\ByArchive\patch-t.mpq\character\NagaSirusHD\male\Snaga_male0664-00.anim
patch-t.mpq,character\NagaSirusHD\male\Snaga_male0662-00.anim,external-animation,character\NagaSirusHD\male\Snaga_male.m2,2288,B18EFEFD6D44E2C780FEB88497D1265F02F94CA2,D:\Sirus\_client\World of Warcraft Sirus\Naga_Extract_2026-10-03\ModelCompanions\ByArchive\patch-t.mpq\character\NagaSirusHD\male\Snaga_male0662-00.anim
patch-t.mpq,character\NagaSirusHD\male\Snaga_male0059-00.anim,external-animation,character\NagaSirusHD\male\Snaga_male.m2,90468,95398AAECFB54C77CA8715442101EBF269F87112,D:\Sirus\_client\World of Warcraft Sirus\Naga_Extract_2026-10-03\ModelCompanions\ByArchive\patch-t.mpq\character\NagaSirusHD\male\Snaga_male0059-00.anim
patch-t.mpq,character\NagaSirusHD\male\Snaga_male0024-00.anim,external-animation,character\NagaSirusHD\male\Snaga_male.m2,90452,BA65F6529E58E8CF328FA52C27C80C4E52E8EAEC,D:\Sirus\_client\World of Warcraft Sirus\Naga_Extract_2026-10-03\ModelCompanions\ByArchive\patch-t.mpq\character\NagaSirusHD\male\Snaga_male0024-00.anim
patch-t.mpq,character\NagaSirusHD\male\Snaga_male0104-00.anim,external-animation,character\NagaSirusHD\male\Snaga_male.m2,240932,56B50EA659CBE5C36C6CCC7AB5EA435F5E35CF35,D:\Sirus\_client\World of Warcraft Sirus\Naga_Extract_2026-10-03\ModelCompanions\ByArchive\patch-t.mpq\character\NagaSirusHD\male\Snaga_male0104-00.anim
patch-t.mpq,character\NagaSirusHD\male\Snaga_male0102-00.anim,external-animation,character\NagaSirusHD\male\Snaga_male.m2,240932,C12899A865171B920911BDB477A62F2F320DA1D5,D:\Sirus\_client\World of Warcraft Sirus\Naga_Extract_2026-10-03\ModelCompanions\ByArchive\patch-t.mpq\character\NagaSirusHD\male\Snaga_male0102-00.anim
patch-t.mpq,character\NagaSirusHD\male\Snaga_male0103-00.anim,external-animation,character\NagaSirusHD\male\Snaga_male.m2,240932,9230DEAD664B75070B859A3240F90E27115F7D03,D:\Sirus\_client\World of Warcraft Sirus\Naga_Extract_2026-10-03\ModelCompanions\ByArchive\patch-t.mpq\character\NagaSirusHD\male\Snaga_male0103-00.anim
patch-t.mpq,character\NagaSirusHD\male\Snaga_male0097-00.anim,external-animation,character\NagaSirusHD\male\Snaga_male.m2,261284,15DCBAEFC8B06DA03BF11DDA54B3A55E5DDFB7E2,D:\Sirus\_client\World of Warcraft Sirus\Naga_Extract_2026-10-03\ModelCompanions\ByArchive\patch-t.mpq\character\NagaSirusHD\male\Snaga_male0097-00.anim
patch-t.mpq,character\NagaSirusHD\male\Snaga_male0096-00.anim,external-animation,character\NagaSirusHD\male\Snaga_male.m2,107168,359151E81F291336D654A366EE0BF26E42EE46DE,D:\Sirus\_client\World of Warcraft Sirus\Naga_Extract_2026-10-03\ModelCompanions\ByArchive\patch-t.mpq\character\NagaSirusHD\male\Snaga_male0096-00.anim
patch-t.mpq,character\NagaSirusHD\male\Snaga_male0098-00.anim,external-animation,character\NagaSirusHD\male\Snaga_male.m2,113680,B8D823C87C3BB7C0C3E692CAE8B13DD8443B25FD,D:\Sirus\_client\World of Warcraft Sirus\Naga_Extract_2026-10-03\ModelCompanions\ByArchive\patch-t.mpq\character\NagaSirusHD\male\Snaga_male0098-00.anim
patch-t.mpq,character\NagaSirusHD\male\Snaga_male0654-00.anim,external-animation,character\NagaSirusHD\male\Snaga_male.m2,2288,FB1A578DC94794DC911582C733D632DD7DADC2D0,D:\Sirus\_client\World of Warcraft Sirus\Naga_Extract_2026-10-03\ModelCompanions\ByArchive\patch-t.mpq\character\NagaSirusHD\male\Snaga_male0654-00.anim
patch-t.mpq,character\NagaSirusHD\male\Snaga_male0100-00.anim,external-animation,character\NagaSirusHD\male\Snaga_male.m2,120544,A7334610A98E3121560D6DDBD8C5A395D7CA6AAB,D:\Sirus\_client\World of Warcraft Sirus\Naga_Extract_2026-10-03\ModelCompanions\ByArchive\patch-t.mpq\character\NagaSirusHD\male\Snaga_male0100-00.anim
patch-t.mpq,character\NagaSirusHD\male\Snaga_male0099-00.anim,external-animation,character\NagaSirusHD\male\Snaga_male.m2,230896,BBBB916DE5F490A2AE92A668A5381A72CFF19366,D:\Sirus\_client\World of Warcraft Sirus\Naga_Extract_2026-10-03\ModelCompanions\ByArchive\patch-t.mpq\character\NagaSirusHD\male\Snaga_male0099-00.anim
patch-t.mpq,character\NagaSirusHD\male\Snaga_male0101-00.anim,external-animation,character\NagaSirusHD\male\Snaga_male.m2,244272,4BE3056A20C0E7975DF348DAC9171E2FF1105786,D:\Sirus\_client\World of Warcraft Sirus\Naga_Extract_2026-10-03\ModelCompanions\ByArchive\patch-t.mpq\character\NagaSirusHD\male\Snaga_male0101-00.anim
patch-t.mpq,character\NagaSirusHD\male\Snaga_male0516-00.anim,external-animation,character\NagaSirusHD\male\Snaga_male.m2,18420,BC61EE3798709B052A7B74C9AF009572782FF4D3,D:\Sirus\_client\World of Warcraft Sirus\Naga_Extract_2026-10-03\ModelCompanions\ByArchive\patch-t.mpq\character\NagaSirusHD\male\Snaga_male0516-00.anim
patch-t.mpq,character\NagaSirusHD\male\Snaga_male0139-00.anim,external-animation,character\NagaSirusHD\male\Snaga_male.m2,230896,BBBB916DE5F490A2AE92A668A5381A72CFF19366,D:\Sirus\_client\World of Warcraft Sirus\Naga_Extract_2026-10-03\ModelCompanions\ByArchive\patch-t.mpq\character\NagaSirusHD\male\Snaga_male0139-00.anim
patch-t.mpq,character\NagaSirusHD\male\Snaga_male0660-00.anim,external-animation,character\NagaSirusHD\male\Snaga_male.m2,2288,FB1A578DC94794DC911582C733D632DD7DADC2D0,D:\Sirus\_client\World of Warcraft Sirus\Naga_Extract_2026-10-03\ModelCompanions\ByArchive\patch-t.mpq\character\NagaSirusHD\male\Snaga_male0660-00.anim
patch-t.mpq,character\NagaSirusHD\male\Snaga_male0143-00.anim,external-animation,character\NagaSirusHD\male\Snaga_male.m2,11124,56CD24E570AB531C28DD55A52DB0DB7AF659158E,D:\Sirus\_client\World of Warcraft Sirus\Naga_Extract_2026-10-03\ModelCompanions\ByArchive\patch-t.mpq\character\NagaSirusHD\male\Snaga_male0143-00.anim
patch-t.mpq,character\NagaSirusHD\male\Snaga_male0223-00.anim,external-animation,character\NagaSirusHD\male\Snaga_male.m2,44168,F839FE5AD974AA5A49ED732E8BEC01FCB88EF585,D:\Sirus\_client\World of Warcraft Sirus\Naga_Extract_2026-10-03\ModelCompanions\ByArchive\patch-t.mpq\character\NagaSirusHD\male\Snaga_male0223-00.anim
patch-t.mpq,character\NagaSirusHD\male\Snaga_male0120-00.anim,external-animation,character\NagaSirusHD\male\Snaga_male.m2,117212,84F8B934E8F3C84D02783AB04C5A3EF74CD21459,D:\Sirus\_client\World of Warcraft Sirus\Naga_Extract_2026-10-03\ModelCompanions\ByArchive\patch-t.mpq\character\NagaSirusHD\male\Snaga_male0120-00.anim
patch-t.mpq,character\NagaSirusHD\male\Snaga_male0119-00.anim,external-animation,character\NagaSirusHD\male\Snaga_male.m2,54576,CCB3226C8BB607757FCA7DE0808B5139FB5AF3D9,D:\Sirus\_client\World of Warcraft Sirus\Naga_Extract_2026-10-03\ModelCompanions\ByArchive\patch-t.mpq\character\NagaSirusHD\male\Snaga_male0119-00.anim
patch-t.mpq,character\NagaSirusHD\male\Snaga_male0650-00.anim,external-animation,character\NagaSirusHD\male\Snaga_male.m2,2288,FB1A578DC94794DC911582C733D632DD7DADC2D0,D:\Sirus\_client\World of Warcraft Sirus\Naga_Extract_2026-10-03\ModelCompanions\ByArchive\patch-t.mpq\character\NagaSirusHD\male\Snaga_male0650-00.anim
patch-t.mpq,character\NagaSirusHD\male\Snaga_male0474-00.anim,external-animation,character\NagaSirusHD\male\Snaga_male.m2,267680,20632FFA0EDA8C2D31ECC52A9A4B1CFD3D0619EE,D:\Sirus\_client\World of Warcraft Sirus\Naga_Extract_2026-10-03\ModelCompanions\ByArchive\patch-t.mpq\character\NagaSirusHD\male\Snaga_male0474-00.anim
patch-t.mpq,character\NagaSirusHD\male\Snaga_male0716-00.anim,external-animation,character\NagaSirusHD\male\Snaga_male.m2,2288,FB1A578DC94794DC911582C733D632DD7DADC2D0,D:\Sirus\_client\World of Warcraft Sirus\Naga_Extract_2026-10-03\ModelCompanions\ByArchive\patch-t.mpq\character\NagaSirusHD\male\Snaga_male0716-00.anim
patch-t.mpq,character\NagaSirusHD\male\Snaga_male0730-00.anim,external-animation,character\NagaSirusHD\male\Snaga_male.m2,2288,FB1A578DC94794DC911582C733D632DD7DADC2D0,D:\Sirus\_client\World of Warcraft Sirus\Naga_Extract_2026-10-03\ModelCompanions\ByArchive\patch-t.mpq\character\NagaSirusHD\male\Snaga_male0730-00.anim
patch-t.mpq,character\NagaSirusHD\male\Snaga_male0129-00.anim,external-animation,character\NagaSirusHD\male\Snaga_male.m2,84992,6A7A4B1348B5F2495B88C5E39BCC3379EF3A04DD,D:\Sirus\_client\World of Warcraft Sirus\Naga_Extract_2026-10-03\ModelCompanions\ByArchive\patch-t.mpq\character\NagaSirusHD\male\Snaga_male0129-00.anim
patch-t.mpq,character\NagaSirusHD\male\Snaga_male0123-00.anim,external-animation,character\NagaSirusHD\male\Snaga_male.m2,85028,1E9B100386CEAF21F0F5DA187CEFD11A2A9C6975,D:\Sirus\_client\World of Warcraft Sirus\Naga_Extract_2026-10-03\ModelCompanions\ByArchive\patch-t.mpq\character\NagaSirusHD\male\Snaga_male0123-00.anim
patch-t.mpq,character\NagaSirusHD\male\Snaga_male0128-00.anim,external-animation,character\NagaSirusHD\male\Snaga_male.m2,117676,F2AC9CBA3A58498A61C74C942524DD8A321B6928,D:\Sirus\_client\World of Warcraft Sirus\Naga_Extract_2026-10-03\ModelCompanions\ByArchive\patch-t.mpq\character\NagaSirusHD\male\Snaga_male0128-00.anim
patch-t.mpq,character\NagaSirusHD\male\Snaga_male0126-00.anim,external-animation,character\NagaSirusHD\male\Snaga_male.m2,26912,6E6BAFF59FE5155D815FFA756FC585A18E6218A0,D:\Sirus\_client\World of Warcraft Sirus\Naga_Extract_2026-10-03\ModelCompanions\ByArchive\patch-t.mpq\character\NagaSirusHD\male\Snaga_male0126-00.anim
patch-t.mpq,character\NagaSirusHD\male\Snaga_male0027-00.anim,external-animation,character\NagaSirusHD\male\Snaga_male.m2,180736,411CD1F243178DB4AE6F530ED48A54E5F191EAF4,D:\Sirus\_client\World of Warcraft Sirus\Naga_Extract_2026-10-03\ModelCompanions\ByArchive\patch-t.mpq\character\NagaSirusHD\male\Snaga_male0027-00.anim
patch-t.mpq,character\NagaSirusHD\male\Snaga_male0016-01.anim,external-animation,character\NagaSirusHD\male\Snaga_male.m2,90468,E442E2F89DBFCB71EF6ED9D2EE5E518962EDEE21,D:\Sirus\_client\World of Warcraft Sirus\Naga_Extract_2026-10-03\ModelCompanions\ByArchive\patch-t.mpq\character\NagaSirusHD\male\Snaga_male0016-01.anim
patch-t.mpq,character\NagaSirusHD\male\Snaga_male0069-01.anim,external-animation,character\NagaSirusHD\male\Snaga_male.m2,184048,383737DEE93E121C2D4AB4160A1577483A0D7DF6,D:\Sirus\_client\World of Warcraft Sirus\Naga_Extract_2026-10-03\ModelCompanions\ByArchive\patch-t.mpq\character\NagaSirusHD\male\Snaga_male0069-01.anim
patch-t.mpq,character\NagaSirusHD\male\Snaga_male0069-02.anim,external-animation,character\NagaSirusHD\male\Snaga_male.m2,187392,9B7037DE8EE32EAC3EBD8F346B275FA518634F1A,D:\Sirus\_client\World of Warcraft Sirus\Naga_Extract_2026-10-03\ModelCompanions\ByArchive\patch-t.mpq\character\NagaSirusHD\male\Snaga_male0069-02.anim
patch-t.mpq,character\NagaSirusHD\male\Snaga_male0091-01.anim,external-animation,character\NagaSirusHD\male\Snaga_male.m2,274340,2F0389BD370F44B3F2F3FF12C62443F39612673B,D:\Sirus\_client\World of Warcraft Sirus\Naga_Extract_2026-10-03\ModelCompanions\ByArchive\patch-t.mpq\character\NagaSirusHD\male\Snaga_male0091-01.anim
patch-u.mpq,WORLD\GOOBER\FIREPLUME64.BLP,embedded-model-dependency,SPELLS\NagaLordShell_Impact.m2,3916,C87C0B6A304EA9D372EACE17E4224161092BD05C,D:\Sirus\_client\World of Warcraft Sirus\Naga_Extract_2026-10-03\ModelCompanions\ByArchive\patch-u.mpq\WORLD\GOOBER\FIREPLUME64.BLP
patch-u.mpq,SPELLS\TOONSMOKE16.BLP,embedded-model-dependency,SPELLS\NagaLordShell_Impact.m2,350724,217BEBE5BD03401956E57C9776FDBBE101F9D87F,D:\Sirus\_client\World of Warcraft Sirus\Naga_Extract_2026-10-03\ModelCompanions\ByArchive\patch-u.mpq\SPELLS\TOONSMOKE16.BLP
patch-u.mpq,item\objectcomponents\weapon\armorreflect4.blp,embedded-model-dependency,item\objectcomponents\weapon\knife_1h_naga_c_01.m2 | item\objectcomponents\weapon\mace_1h_naga_a_01.m2,3916,A63F947856E395D628A8D09D346FB83D70A19F8F,D:\Sirus\_client\World of Warcraft Sirus\Naga_Extract_2026-10-03\ModelCompanions\ByArchive\patch-u.mpq\item\objectcomponents\weapon\armorreflect4.blp
patch-u.mpq,creature\CustomCharacters\Alaeth\AlaethNaga0060-00.anim,external-animation,creature\CustomCharacters\Alaeth\AlaethNaga.m2 | Creature\CustomCharacters\Alaeth\AlaethNaga.m2,354324,FF5EDAD81A6905FB87E9EA36EFD8196459CBB703,D:\Sirus\_client\World of Warcraft Sirus\Naga_Extract_2026-10-03\ModelCompanions\ByArchive\patch-u.mpq\creature\CustomCharacters\Alaeth\AlaethNaga0060-00.anim
patch-u.mpq,creature\CustomCharacters\Alaeth\AlaethNaga0208-00.anim,external-animation,creature\CustomCharacters\Alaeth\AlaethNaga.m2 | Creature\CustomCharacters\Alaeth\AlaethNaga.m2,354324,FF5EDAD81A6905FB87E9EA36EFD8196459CBB703,D:\Sirus\_client\World of Warcraft Sirus\Naga_Extract_2026-10-03\ModelCompanions\ByArchive\patch-u.mpq\creature\CustomCharacters\Alaeth\AlaethNaga0208-00.anim
patch-u.mpq,creature\CustomCharacters\Alaeth\AlaethNaga00.skin,skin-profile,creature\CustomCharacters\Alaeth\AlaethNaga.m2 | Creature\CustomCharacters\Alaeth\AlaethNaga.m2,200496,94CA9DDFD9F67CAA22EC209F9A04FEB5FCF0BC65,D:\Sirus\_client\World of Warcraft Sirus\Naga_Extract_2026-10-03\ModelCompanions\ByArchive\patch-u.mpq\creature\CustomCharacters\Alaeth\AlaethNaga00.skin
patch-u.mpq,ITEM\OBJECTCOMPONENTS\WEAPON\FLAMELICKSMALL.BLP,embedded-model-dependency,World\Sirus\Naga_totem_fire.m2,23044,F2C7B712DFB636B5635EB151111543DD53BE9424,D:\Sirus\_client\World of Warcraft Sirus\Naga_Extract_2026-10-03\ModelCompanions\ByArchive\patch-u.mpq\ITEM\OBJECTCOMPONENTS\WEAPON\FLAMELICKSMALL.BLP
patch-u.mpq,Creature\CustomCharacters\Alaeth\AlaethNaga0019-00.anim,external-animation,Creature\CustomCharacters\Alaeth\AlaethNaga.m2,110692,18D6494D919A888AF3D3AD1D0A4CCBCDEA25F7A5,D:\Sirus\_client\World of Warcraft Sirus\Naga_Extract_2026-10-03\ModelCompanions\ByArchive\patch-u.mpq\Creature\CustomCharacters\Alaeth\AlaethNaga0019-00.anim
patch-u.mpq,Creature\CustomCharacters\Alaeth\AlaethNaga0019-01.anim,external-animation,Creature\CustomCharacters\Alaeth\AlaethNaga.m2,103272,FC65464BC9917830B16E51671DA799AF25E1B02D,D:\Sirus\_client\World of Warcraft Sirus\Naga_Extract_2026-10-03\ModelCompanions\ByArchive\patch-u.mpq\Creature\CustomCharacters\Alaeth\AlaethNaga0019-01.anim
patch-u.mpq,Creature\CustomCharacters\Alaeth\AlaethNaga0124-00.anim,external-animation,Creature\CustomCharacters\Alaeth\AlaethNaga.m2,117084,C6D0B9634A392584D199D28CA943261D8C1FC628,D:\Sirus\_client\World of Warcraft Sirus\Naga_Extract_2026-10-03\ModelCompanions\ByArchive\patch-u.mpq\Creature\CustomCharacters\Alaeth\AlaethNaga0124-00.anim
patch-u.mpq,Creature\CustomCharacters\Alaeth\AlaethNaga0125-00.anim,external-animation,Creature\CustomCharacters\Alaeth\AlaethNaga.m2,110700,3D697D8A19F47CFD3C725A1D397B1869A9287B06,D:\Sirus\_client\World of Warcraft Sirus\Naga_Extract_2026-10-03\ModelCompanions\ByArchive\patch-u.mpq\Creature\CustomCharacters\Alaeth\AlaethNaga0125-00.anim
patch-u.mpq,Creature\CustomCharacters\Alaeth\AlaethNaga0213-00.anim,external-animation,Creature\CustomCharacters\Alaeth\AlaethNaga.m2,355816,72ADDAE851785D9B8668B8E35B75F8EAB2FA75DF,D:\Sirus\_client\World of Warcraft Sirus\Naga_Extract_2026-10-03\ModelCompanions\ByArchive\patch-u.mpq\Creature\CustomCharacters\Alaeth\AlaethNaga0213-00.anim
patch-u.mpq,Creature\CustomCharacters\Alaeth\AlaethNaga0028-00.anim,external-animation,Creature\CustomCharacters\Alaeth\AlaethNaga.m2,264548,FDDCA49199257A203B377F2F5918652A5999A290,D:\Sirus\_client\World of Warcraft Sirus\Naga_Extract_2026-10-03\ModelCompanions\ByArchive\patch-u.mpq\Creature\CustomCharacters\Alaeth\AlaethNaga0028-00.anim
patch-u.mpq,Creature\CustomCharacters\Alaeth\AlaethNaga0051-00.anim,external-animation,Creature\CustomCharacters\Alaeth\AlaethNaga.m2,102228,C591692F580B431F27418807CF29CA29DFBD6367,D:\Sirus\_client\World of Warcraft Sirus\Naga_Extract_2026-10-03\ModelCompanions\ByArchive\patch-u.mpq\Creature\CustomCharacters\Alaeth\AlaethNaga0051-00.anim
patch-u.mpq,Creature\CustomCharacters\Alaeth\AlaethNaga0053-00.anim,external-animation,Creature\CustomCharacters\Alaeth\AlaethNaga.m2,97100,C0119FC53B67FCEA2A0789E437809767AEDB6071,D:\Sirus\_client\World of Warcraft Sirus\Naga_Extract_2026-10-03\ModelCompanions\ByArchive\patch-u.mpq\Creature\CustomCharacters\Alaeth\AlaethNaga0053-00.anim
patch-u.mpq,Creature\CustomCharacters\Alaeth\AlaethNaga0054-00.anim,external-animation,Creature\CustomCharacters\Alaeth\AlaethNaga.m2,88072,18710099859C44D4A57F2943D768C98F320ACDB0,D:\Sirus\_client\World of Warcraft Sirus\Naga_Extract_2026-10-03\ModelCompanions\ByArchive\patch-u.mpq\Creature\CustomCharacters\Alaeth\AlaethNaga0054-00.anim
patch-u.mpq,Creature\CustomCharacters\Alaeth\AlaethNaga0001-00.anim,external-animation,Creature\CustomCharacters\Alaeth\AlaethNaga.m2,333612,10E480916ED09BB60FBEDAF4EEFB7E0067388B15,D:\Sirus\_client\World of Warcraft Sirus\Naga_Extract_2026-10-03\ModelCompanions\ByArchive\patch-u.mpq\Creature\CustomCharacters\Alaeth\AlaethNaga0001-00.anim
patch-u.mpq,Creature\CustomCharacters\Alaeth\AlaethNaga0006-00.anim,external-animation,Creature\CustomCharacters\Alaeth\AlaethNaga.m2,254620,ACE5DC48BA3C1442427F8B324477AE6EB983DD34,D:\Sirus\_client\World of Warcraft Sirus\Naga_Extract_2026-10-03\ModelCompanions\ByArchive\patch-u.mpq\Creature\CustomCharacters\Alaeth\AlaethNaga0006-00.anim
patch-u.mpq,Creature\CustomCharacters\Alaeth\AlaethNaga0214-00.anim,external-animation,Creature\CustomCharacters\Alaeth\AlaethNaga.m2,355200,041D7A2F60D657CC7EAE86C77DF58519DEE048F6,D:\Sirus\_client\World of Warcraft Sirus\Naga_Extract_2026-10-03\ModelCompanions\ByArchive\patch-u.mpq\Creature\CustomCharacters\Alaeth\AlaethNaga0214-00.anim
patch-u.mpq,Creature\CustomCharacters\Alaeth\AlaethNaga0215-00.anim,external-animation,Creature\CustomCharacters\Alaeth\AlaethNaga.m2,314848,43FB3386EBC7194BB3863D8AE2711FC30DF9B7F8,D:\Sirus\_client\World of Warcraft Sirus\Naga_Extract_2026-10-03\ModelCompanions\ByArchive\patch-u.mpq\Creature\CustomCharacters\Alaeth\AlaethNaga0215-00.anim
patch-u.mpq,Creature\CustomCharacters\Alaeth\AlaethNaga0055-00.anim,external-animation,Creature\CustomCharacters\Alaeth\AlaethNaga.m2,102836,C16635E60FC5789AAC1E81A1F7AD489D270BD551,D:\Sirus\_client\World of Warcraft Sirus\Naga_Extract_2026-10-03\ModelCompanions\ByArchive\patch-u.mpq\Creature\CustomCharacters\Alaeth\AlaethNaga0055-00.anim
patch-u.mpq,Creature\CustomCharacters\Alaeth\AlaethNaga0014-00.anim,external-animation,Creature\CustomCharacters\Alaeth\AlaethNaga.m2,152540,8D5A48A8798F46C64471C3EF9D6DF08D317D5F25,D:\Sirus\_client\World of Warcraft Sirus\Naga_Extract_2026-10-03\ModelCompanions\ByArchive\patch-u.mpq\Creature\CustomCharacters\Alaeth\AlaethNaga0014-00.anim
patch-u.mpq,Creature\CustomCharacters\Alaeth\AlaethNaga0137-00.anim,external-animation,Creature\CustomCharacters\Alaeth\AlaethNaga.m2,152540,8D5A48A8798F46C64471C3EF9D6DF08D317D5F25,D:\Sirus\_client\World of Warcraft Sirus\Naga_Extract_2026-10-03\ModelCompanions\ByArchive\patch-u.mpq\Creature\CustomCharacters\Alaeth\AlaethNaga0137-00.anim
