Archive,Table,RowIndex,Selector,RaceMaskHex,RecordSize,FieldCount,RawHex
ruRU/locale-ruRU.mpq,ChrRaces,12,13,0xD,276,69,0D000000010000000100000000000000FA430000FB4300009F01000007000000070000009F3A000048040000A201000000000000020000000000000000000000000000000000000000000000000000000000000000000000A801000000000000000000000000000000000000000000000000000000000000FE01FF000000000000000000000000000000000000000000000000000000000000000000A801000000000000000000000000000000000000000000000000000000000000EC01FF000000000000000000000000000000000000000000000000000000000000000000B101000000000000000000000000000000000000000000000000000000000000EC01FF00B8010000B8010000B801000000000000
ruRU/locale-ruRU.mpq,CharSections,8388,13,0xD,40,10,4F1800000D0000000000000000000000B8050700E405070000000000010000000000000000000000
ruRU/locale-ruRU.mpq,CharSections,8389,13,0xD,40,10,591800000D0000000000000000000000160607004206070000000000010000000000000001000000
ruRU/locale-ruRU.mpq,CharSections,8390,13,0xD,40,10,5A1800000D000000000000000000000074060700A006070000000000010000000000000002000000
ruRU/locale-ruRU.mpq,CharSections,8391,13,0xD,40,10,5B1800000D0000000000000000000000D2060700FE06070000000000010000000000000003000000
ruRU/locale-ruRU.mpq,CharSections,8392,13,0xD,40,10,5C1800000D0000000000000000000000300707005C07070000000000010000000000000004000000
ruRU/locale-ruRU.mpq,CharSections,8393,13,0xD,40,10,501800000D00000000000000010000008E070700BF07070000000000010000000000000000000000
ruRU/locale-ruRU.mpq,CharSections,8394,13,0xD,40,10,611800000D0000000000000001000000F00707002108070000000000010000000000000001000000
ruRU/locale-ruRU.mpq,CharSections,8395,13,0xD,40,10,621800000D0000000000000001000000520807008308070000000000010000000000000002000000
ruRU/locale-ruRU.mpq,CharSections,8396,13,0xD,40,10,631800000D0000000000000001000000B4080700E508070000000000010000000000000003000000
ruRU/locale-ruRU.mpq,CharSections,8397,13,0xD,40,10,641800000D0000000000000001000000160907004709070000000000010000000000000004000000
ruRU/locale-ruRU.mpq,CharSections,8398,13,0xD,40,10,511800000D0000000000000002000000000000000000000000000000010000000000000000000000
ruRU/locale-ruRU.mpq,CharSections,8399,13,0xD,40,10,C81900000D00000000000000030000007809070096090700BE090700010000000000000000000000
ruRU/locale-ruRU.mpq,CharSections,8400,13,0xD,40,10,C91900000D0000000000000004000000E60907001D0A070000000000010000000000000000000000
ruRU/locale-ruRU.mpq,CharSections,8401,13,0xD,40,10,D41900000D0000000000000004000000530A07008A0A070000000000010000000000000001000000
ruRU/locale-ruRU.mpq,CharSections,8402,13,0xD,40,10,D51900000D0000000000000004000000C00A0700F70A070000000000010000000000000002000000
ruRU/locale-ruRU.mpq,CharSections,8403,13,0xD,40,10,D61900000D00000000000000040000002D0B0700640B070000000000010000000000000003000000
ruRU/locale-ruRU.mpq,CharSections,8404,13,0xD,40,10,D71900000D00000000000000040000009A0B0700D10B070000000000010000000000000004000000
ruRU/locale-ruRU.mpq,CharSections,8405,13,0xD,40,10,541800000D0000000100000000000000070C0700370C070000000000010000000000000000000000
ruRU/locale-ruRU.mpq,CharSections,8406,13,0xD,40,10,5D1800000D00000001000000000000006D0C07009D0C070000000000010000000000000001000000
ruRU/locale-ruRU.mpq,CharSections,8407,13,0xD,40,10,5E1800000D0000000100000000000000D30C0700030D070000000000010000000000000002000000
ruRU/locale-ruRU.mpq,CharSections,8408,13,0xD,40,10,5F1800000D0000000100000000000000390D0700690D070000000000010000000000000003000000
ruRU/locale-ruRU.mpq,CharSections,8409,13,0xD,40,10,601800000D00000001000000000000009F0D0700CF0D070000000000010000000000000004000000
ruRU/locale-ruRU.mpq,CharSections,8410,13,0xD,40,10,551800000D0000000100000001000000050E07003A0E070000000000010000000000000000000000
ruRU/locale-ruRU.mpq,CharSections,8411,13,0xD,40,10,651800000D00000001000000010000006F0E0700A40E070000000000010000000000000001000000
ruRU/locale-ruRU.mpq,CharSections,8412,13,0xD,40,10,661800000D0000000100000001000000D90E07000E0F070000000000010000000000000002000000
ruRU/locale-ruRU.mpq,CharSections,8413,13,0xD,40,10,671800000D0000000100000001000000430F0700780F070000000000010000000000000003000000
ruRU/locale-ruRU.mpq,CharSections,8414,13,0xD,40,10,681800000D0000000100000001000000AD0F0700E20F070000000000010000000000000004000000
ruRU/locale-ruRU.mpq,CharSections,8415,13,0xD,40,10,C51900000D0000000100000002000000171007004010070000000000010000000000000000000000
ruRU/locale-ruRU.mpq,CharSections,8416,13,0xD,40,10,C61900000D00000001000000030000007809070096090700BE090700010000000000000000000000
ruRU/locale-ruRU.mpq,CharSections,8417,13,0xD,40,10,C71900000D000000010000000400000069100700A410070000000000010000000000000000000000
ruRU/locale-ruRU.mpq,CharSections,8418,13,0xD,40,10,D81900000D0000000100000004000000DE1007001911070000000000010000000000000001000000
ruRU/locale-ruRU.mpq,CharSections,8419,13,0xD,40,10,D91900000D0000000100000004000000531107008E11070000000000010000000000000002000000
ruRU/locale-ruRU.mpq,CharSections,8420,13,0xD,40,10,DA1900000D0000000100000004000000C81107000312070000000000010000000000000003000000
ruRU/locale-ruRU.mpq,CharSections,8421,13,0xD,40,10,DB1900000D00000001000000040000003D1207007812070000000000010000000000000004000000
ruRU/locale-ruRU.mpq,CharHairGeosets,195,13,0xD,24,6,260100000D00000000000000000000000000000000000000
ruRU/locale-ruRU.mpq,CharHairGeosets,196,13,0xD,24,6,270100000D00000001000000000000000000000000000000
ruRU/locale-ruRU.mpq,CharHairTextures,75,13,0xD,32,8,540000000D0000000000000000000000FF000000000000000100000001000000
ruRU/locale-ruRU.mpq,CharHairTextures,76,13,0xD,32,8,550000000D0000000100000000000000FF000000000000000100000001000000
ruRU/locale-ruRU.mpq,CharacterFacialHairStyles,152,13,0xD,32,8,0D00000000000000000000000000000000000000000000000000000000000000
ruRU/locale-ruRU.mpq,CharacterFacialHairStyles,153,13,0xD,32,8,0D00000001000000000000000000000000000000000000000000000000000000
ruRU/locale-ruRU.mpq,CreatureDisplayInfoExtra,7921,13,0xD,84,21,682F00000D0000000100000000000000000000000000000000000000000000000000000000000000C6450000000000000000000000000000000000003413000000000000000000000000000000000000C94C0400
ruRU/locale-ruRU.mpq,CreatureDisplayInfoExtra,7922,13,0xD,84,21,692F00000D0000000000000000000000000000000000000000000000000000000000000064710000000000008A5500000000000000000000000000000000000000000000000000000000000000000000EE4C0400
ruRU/locale-ruRU.mpq,CreatureDisplayInfoExtra,7942,13,0xD,84,21,7D2F00000D000000000000000000000000000000000000000000000000000000000000008A3D000000000000095800000C7000000000000000000000A75B000000000000000000000000000000000000A74F0400
ruRU/locale-ruRU.mpq,CreatureDisplayInfoExtra,7978,13,0xD,84,21,A12F00000D00000000000000000000000000000000000000000000000000000000000000039200000000000004920000EF7A00000000000000000000F164000000000000000000000000000000000000C2540400
ruRU/locale-ruRU.mpq,CreatureDisplayInfoExtra,8118,13,0xD,84,21,3B3000000D000000000000000000000000000000000000000000000000000000000000003E930000000000003F930000DB10000000000000000000000000000000000000000000000000000000000000D5670400
ruRU/locale-ruRU.mpq,CreatureDisplayInfoExtra,8119,13,0xD,84,21,3E3000000D000000000000000000000000000000000000000000000000000000000000004093000000000000419300000000000000000000000000000000000000000000000000000000000000000000F9670400
ruRU/locale-ruRU.mpq,CreatureDisplayInfoExtra,8121,13,0xD,84,21,413000000D0000000100000000000000000000000000000000000000000000000000000000000000000000003C2E0000000000000000000000000000482E00000000000000000000000000000000000043680400
ruRU/locale-ruRU.mpq,CreatureDisplayInfoExtra,8124,13,0xD,84,21,443000000D000000010000000000000000000000000000000000000000000000000000000000000000000000479300001123000000000000000000000000000000000000000000000000000000000000B2680400
ruRU/locale-ruRU.mpq,CreatureDisplayInfoExtra,8392,13,0xD,84,21,603100000D000000000000000000000000000000000000000000000000000000000000003795000000000000875D00000000000000000000000000001C6B0000000000000000000000000000000000000E8E0400
ruRU/locale-ruRU.mpq,CreatureDisplayInfoExtra,8393,13,0xD,84,21,613100000D00000000000000000000000000000000000000000000000000000000000000166B00000000000038950000FA62000000000000000000003995000000000000000000000000000000000000328E0400
ruRU/locale-ruRU.mpq,CreatureDisplayInfoExtra,8394,13,0xD,84,21,623100000D000000010000000000000000000000000000000000000000000000000000000000000000000000AB7300003363000000000000000000003A95000000000000000000000000000000000000568E0400
ruRU/locale-ruRU.mpq,CreatureDisplayInfoExtra,8396,13,0xD,84,21,643100000D000000000000000000000000000000000000000000000000000000000000000000000000000000A020000000000000000000000000000000000000FC2D00000000000000000000000000009F8E0400
ruRU/locale-ruRU.mpq,CreatureDisplayInfoExtra,8397,13,0xD,84,21,653100000D000000000000000000000000000000000000000000000000000000000000001A6F000000000000252700000000000000000000000000000F2B000000000000000000000000000000000000C48E0400
ruRU/locale-ruRU.mpq,CreatureDisplayInfoExtra,8398,13,0xD,84,21,663100000D000000000000000000000000000000000000000000000000000000000000003D95000000000000D7310000000000000000000000000000D631000000000000000000000000000000000000E98E0400
ruRU/locale-ruRU.mpq,CreatureDisplayInfoExtra,8399,13,0xD,84,21,673100000D0000000100000000000000000000000000000000000000000000000000000000000000000000003E950000000000000000000000000000000000003F9500000000000000000000000000000E8F0400
ruRU/locale-ruRU.mpq,CreatureDisplayInfoExtra,8409,13,0xD,84,21,713100000D000000000000000100000000000000000000000000000000000000000000008F830000000000004C9500006083000000000000000000005B830000000000000000000000000000000000000F900400
ruRU/locale-ruRU.mpq,CreatureDisplayInfoExtra,8410,13,0xD,84,21,723100000D000000000000000000000000000000000000000000000000000000000000004E9500000000000039870000000000000000000000000000000000004D95000000000000000000000000000034900400
ruRU/locale-ruRU.mpq,CreatureDisplayInfoExtra,8411,13,0xD,84,21,733100000D000000010000000100000000000000000000000000000000000000000000000000000000000000A58A0000278700000000000000000000000000000000000000000000000000000000000059900400
ruRU/locale-ruRU.mpq,CreatureDisplayInfoExtra,8412,13,0xD,84,21,743100000D000000010000000300000000000000000000000000000000000000000000000000000000000000E11F00007B6B0000000000000000000000000000833400000000000000000000000000007E900400
ruRU/locale-ruRU.mpq,CreatureDisplayInfoExtra,8413,13,0xD,84,21,753100000D000000010000000000000000000000000000000000000000000000000000000000000000000000AB8B0000796A0000000000000000000000000000337D0000000000000000000000000000A3900400
ruRU/locale-ruRU.mpq,CreatureDisplayInfoExtra,8414,13,0xD,84,21,763100000D000000000000000200000000000000000000000000000000000000000000004F95000000000000EB35000000000000000000000000000000000000C54D0000000000000000000000000000C7900400
ruRU/locale-ruRU.mpq,CreatureDisplayInfoExtra,8416,13,0xD,84,21,783100000D000000000000000000000000000000000000000000000000000000000000004A170000000000007C6D00006B7A00000000000000000000000000008379000000000000000000000000000011910400
ruRU/locale-ruRU.mpq,CreatureDisplayInfoExtra,8447,13,0xD,84,21,973100000D00000000000000000000000000000000000000000000000000000000000000EC7A000000000000193E000000000000000000000000000000000000000000000000000000000000000000003A950400
ruRU/locale-ruRU.mpq,CreatureDisplayInfoExtra,8448,13,0xD,84,21,983100000D0000000000000000000000000000000000000000000000000000000000000091950000000000006953000000000000000000000000000000000000929500000000000000000000000000005E950400
ruRU/locale-ruRU.mpq,CreatureDisplayInfoExtra,8449,13,0xD,84,21,993100000D000000000000000000000000000000000000000000000000000000000000000000000000000000B98D0000000000000000000000000000743F00000000000000000000000000000000000083950400
ruRU/locale-ruRU.mpq,CreatureDisplayInfoExtra,9262,13,0xD,84,21,D63400000D00000000000000000000000000000000000000000000000000000000000000C463000000000000319D000000000000000000000000000000000000807700000000000000000000000000005E050500
ruRU/locale-ruRU.mpq,CreatureDisplayInfoExtra,9263,13,0xD,84,21,D73400000D00000000000000000000000000000000000000000000000000000000000000C83400000000000038580000FA620000000000000000000000000000C759000000000000000000000000000082050500
ruRU/locale-ruRU.mpq,CreatureDisplayInfoExtra,9264,13,0xD,84,21,D83400000D00000000000000000000000000000000000000000000000000000000000000D9AD0000000000007EAB0000DDAD0000000000000000000000000000E1AD0000000000000000000000000000A7050500
ruRU/locale-ruRU.mpq,CreatureDisplayInfoExtra,9265,13,0xD,84,21,D93400000D00000000000000030000000000000000000000000000000000000000000000006D000000000000FB6C0000000000000000000000000000FF6C000000000000000000000000000000000000CC050500
ruRU/locale-ruRU.mpq,CreatureDisplayInfoExtra,9266,13,0xD,84,21,DA3400000D00000000000000000000000000000000000000000000000000000000000000329D000000000000595C000000000000000000000000000000000000CF600000000000000000000000000000F0050500
ruRU/locale-ruRU.mpq,CreatureDisplayInfoExtra,9267,13,0xD,84,21,DB3400000D000000000000000000000000000000000000000000000000000000000000006F23000000000000525F0000000000000000000000000000B25C00000000000000000000000000000000000015060500
ruRU/locale-ruRU.mpq,CreatureDisplayInfoExtra,9268,13,0xD,84,21,DC3400000D00000000000000000000000000000000000000000000000000000000000000339D000000000000B963000000000000000000000000000000000000349D00000000000000000000000000003A060500
ruRU/locale-ruRU.mpq,CreatureDisplayInfoExtra,9269,13,0xD,84,21,DD3400000D00000000000000000000000000000000000000000000000000000000000000359D000000000000E5720000000000000000000000000000B76E0000000000000000000000000000000000005F060500
ruRU/locale-ruRU.mpq,CreatureDisplayInfoExtra,9270,13,0xD,84,21,DE3400000D000000000000000000000000000000000000000000000000000000000000000B590000000000003F930000000000000000000000000000000000000000000000000000000000000000000084060500
ruRU/locale-ruRU.mpq,CreatureDisplayInfoExtra,9271,13,0xD,84,21,DF3400000D0000000000000000000000000000000000000000000000000000000000000004170000000000002527000000000000000000000000000000000000310D0000000000000000000000000000A9060500
ruRU/locale-ruRU.mpq,CreatureDisplayInfoExtra,9272,13,0xD,84,21,E03400000D00000000000000000000000000000000000000000000000000000000000000000000000000000069710000672100000000000000000000000000005A230000000000000000000000000000CE060500
ruRU/locale-ruRU.mpq,CreatureDisplayInfoExtra,9273,13,0xD,84,21,E13400000D000000000000000000000000000000000000000000000000000000000000004C13000000000000424C000000000000000000000000000000000000443D0000000000000000000000000000F1060500
ruRU/locale-ruRU.mpq,CreatureDisplayInfoExtra,9274,13,0xD,84,21,E23400000D000000000000000000000000000000000000000000000000000000000000000000000000000000A3280000000000000000000000000000EB440000B043000000000000000000000000000016070500
ruRU/locale-ruRU.mpq,CreatureDisplayInfoExtra,9275,13,0xD,84,21,E33400000D00000000000000010000000000000000000000000000000000000000000000AEA5000000000000CCAD000000000000000000000000000000000000D8AD00000000000000000000000000003B070500
ruRU/locale-ruRU.mpq,CreatureDisplayInfoExtra,9276,13,0xD,84,21,E43400000D00000000000000000000000000000000000000000000000000000000000000000000000000000068360000AE1700000000000000000000000000000000000000000000000000000000000060070500
ruRU/locale-ruRU.mpq,CreatureDisplayInfoExtra,9277,13,0xD,84,21,E53400000D000000010000000000000000000000000000000000000000000000000000000000000000000000E1940000000000000000000000000000000000000000000000000000000000000000000085070500
ruRU/locale-ruRU.mpq,CreatureDisplayInfoExtra,9278,13,0xD,84,21,E63400000D000000010000000000000000000000000000000000000000000000000000000000000000000000951600008416000000000000000000000000000000000000000000000000000000000000AA070500
ruRU/locale-ruRU.mpq,CreatureDisplayInfoExtra,9279,13,0xD,84,21,E73400000D000000010000000000000000000000000000000000000000000000000000000000000000000000847700000000000000000000000000008777000000000000000000000000000000000000CF070500
ruRU/locale-ruRU.mpq,CreatureDisplayInfoExtra,9280,13,0xD,84,21,E83400000D0000000100000000000000000000000000000000000000000000000000000000000000000000008B2300007B6B000000000000000000003F95000000000000000000000000000000000000F4070500
ruRU/locale-ruRU.mpq,CreatureDisplayInfoExtra,9281,13,0xD,84,21,E93400000D000000010000000000000000000000000000000000000000000000000000000000000000000000AB7300008E1600000000000000000000000000000000000000000000000000000000000018080500
ruRU/locale-ruRU.mpq,CreatureDisplayInfoExtra,9282,13,0xD,84,21,EA3400000D000000010000000000000000000000000000000000000000000000000000000000000000000000E52900008E160000000000000000000000000000000000000000000000000000000000003D080500
ruRU/locale-ruRU.mpq,CreatureDisplayInfoExtra,9283,13,0xD,84,21,EB3400000D00000001000000000000000000000000000000000000000000000000000000F12F0000399D000000000000FA1200000000000000000000000000000000000000000000000000000000000061080500
ruRU/locale-ruRU.mpq,CreatureDisplayInfoExtra,9284,13,0xD,84,21,EC3400000D000000010000000200000000000000000000000000000000000000000000000000000000000000C87E0000C97E0000000000000000000000000000D7AD000000000000000000000000000086080500
ruRU/locale-ruRU.mpq,CreatureDisplayInfoExtra,9285,13,0xD,84,21,ED3400000D00000000000000000000000000000000000000000000000000000000000000D0780000000000003A9D0000000000000000000000000000A176000000000000000000000000000000000000AB080500
ruRU/locale-ruRU.mpq,CreatureDisplayInfoExtra,9286,13,0xD,84,21,EE3400000D00000000000000020000000000000000000000000000000000000000000000A0760000000000009D7600000000000000000000000000000000000000000000000000000000000000000000D0080500
ruRU/locale-ruRU.mpq,CreatureDisplayInfoExtra,9287,13,0xD,84,21,EF3400000D000000000000000000000000000000000000000000000000000000000000000F7A000000000000097A00000000000000000000000000000000000000000000000000000000000000000000F5080500
ruRU/locale-ruRU.mpq,CreatureDisplayInfoExtra,9288,13,0xD,84,21,F03400000D0000000000000000000000000000000000000000000000000000000000000007710000000000006F9000000000000000000000000000007E6A00000000000000000000000000000000000019090500
ruRU/locale-ruRU.mpq,CreatureDisplayInfoExtra,9289,13,0xD,84,21,F13400000D0000000000000000000000000000000000000000000000000000000000000000000000000000003B9D000000000000000000000000000082790000000000000000000000000000000000003E090500
ruRU/locale-ruRU.mpq,CreatureDisplayInfoExtra,9290,13,0xD,84,21,F23400000D000000010000000100000000000000000000000000000000000000000000000000000000000000C8AD0000000000000000000000000000000000000000000000000000000000000000000062090500
ruRU/locale-ruRU.mpq,CreatureDisplayInfoExtra,9291,13,0xD,84,21,F33400000D000000010000000100000000000000000000000000000000000000000000000000000000000000B2290000000000000000000000000000000000000000000000000000000000000000000087090500
ruRU/locale-ruRU.mpq,CreatureDisplayInfoExtra,9661,13,0xD,84,21,6A3600000D00000000000000000000000000000000000000000000000000000000000000B19600000000000028A4000000000000000000000000000000000000FB940000000000000000000000000000233C0500
ruRU/locale-ruRU.mpq,CreatureDisplayInfoExtra,9677,13,0xD,84,21,7A3600000D000000000000000000000000000000000000000000000000000000000000001E7D000070A4000071A40000137D0000000000000000000000000000187D0000000000000000000000000000613E0500
ruRU/locale-ruRU.mpq,CreatureDisplayInfoExtra,9740,13,0xD,84,21,BD3600000D00000000000000040000000000000000000000000000000000000000000000000000000000000000000000000000000000000000000000000000000000000000000000000000000000000000000000
ruRU/locale-ruRU.mpq,CreatureDisplayInfoExtra,9915,13,0xD,84,21,6F3700000D00000000000000010000000000000000000000000000000000000000000000779A000000000000739A000000000000000000000000000000000000749A0000000000000000000000000000EC5C0500
ruRU/locale-ruRU.mpq,CreatureDisplayInfoExtra,9916,13,0xD,84,21,703700000D000000000000000400000000000000000000000000000000000000000000006AA90000000000006BA90000000000000000000000000000000000006CA90000000000000000000000000000115D0500
ruRU/locale-ruRU.mpq,CreatureDisplayInfoExtra,9919,13,0xD,84,21,733700000D0000000100000001000000000000000000000000000000000000000000000000000000000000006DA900000000000000000000000000000000000000000000000000000000000000000000795D0500
ruRU/locale-ruRU.mpq,CreatureDisplayInfoExtra,10071,13,0xD,84,21,0F3800000D0000000000000001000000000000000000000000000000000000000000000040890000000000003189000000000000000000000000000000000000000000000000000000000000000000009E720500
ruRU/locale-ruRU.mpq,CreatureDisplayInfoExtra,10137,13,0xD,84,21,553800000D00000000000000010000000000000000000000000000000000000000000000BDAE000000000000C4AE000000000000000000000000000000000000C5AE0000C6AE00000000000000000000A37B0500
ruRU/locale-ruRU.mpq,CreatureDisplayInfoExtra,10138,13,0xD,84,21,563800000D00000000000000040000000000000000000000000000000000000000000000BDAE000000000000C4AE000000000000000000000000000000000000C5AE0000C6AE00000000000000000000C77B0500
ruRU/locale-ruRU.mpq,CreatureDisplayInfoExtra,10139,13,0xD,84,21,573800000D0000000000000002000000000000000000000000000000000000000000000085AB000000000000CAA6000000000000000000000000000000000000C7AE0000C6AE00000000000000000000EC7B0500
ruRU/locale-ruRU.mpq,CreatureDisplayInfoExtra,10140,13,0xD,84,21,583800000D00000000000000040000000000000000000000000000000000000000000000BDA0000000000000C9AE000000000000000000000000000000000000CAAE0000C6AE00000000000000000000107C0500
ruRU/locale-ruRU.mpq,CreatureDisplayInfoExtra,10141,13,0xD,84,21,593800000D00000000000000030000000000000000000000000000000000000000000000BDA0000000000000C9AE000000000000000000000000000000000000CAAE0000C6AE00000000000000000000357C0500
ruRU/locale-ruRU.mpq,CreatureDisplayInfoExtra,10142,13,0xD,84,21,5A3800000D000000010000000300000000000000000000000000000000000000000000000000000000000000CBAE000000000000000000000000000000000000E8A70000AEAB00000000000000000000597C0500
ruRU/locale-ruRU.mpq,CreatureDisplayInfoExtra,10143,13,0xD,84,21,5B3800000D000000010000000200000000000000000000000000000000000000000000000000000000000000CBAE000000000000000000000000000000000000E8A70000AEAB000000000000000000007E7C0500
ruRU/locale-ruRU.mpq,CreatureDisplayInfoExtra,10145,13,0xD,84,21,5D3800000D00000001000000010000000000000000000000000000000000000000000000CFAE000000000000D0AE00000000000000000000000000000000000000000000AEAB00000000000000000000C77C0500
ruRU/locale-ruRU.mpq,CreatureDisplayInfoExtra,11267,13,0xD,84,21,E23C00000D0000000100000001000000000000000000000000000000000000000000000000000000000000006BAD0000B5A800000000000000000000000000006FAD0000000000000000000000000000D7060600
ruRU/locale-ruRU.mpq,CreatureDisplayInfoExtra,11268,13,0xD,84,21,E33C00000D0000000100000002000000000000000000000000000000000000000000000000000000000000006BAD0000B5A800000000000000000000000000006FAD0000000000000000000000000000F6060600
ruRU/locale-ruRU.mpq,CreatureDisplayInfoExtra,11269,13,0xD,84,21,E43C00000D0000000100000003000000000000000000000000000000000000000000000000000000000000006BAD0000B5A800000000000000000000000000006FAD000000000000000000000000000015070600
ruRU/locale-ruRU.mpq,CreatureDisplayInfoExtra,11270,13,0xD,84,21,E53C00000D0000000100000004000000000000000000000000000000000000000000000000000000000000006BAD0000B5A800000000000000000000000000006FAD000000000000000000000000000034070600
ruRU/locale-ruRU.mpq,CreatureDisplayInfoExtra,11271,13,0xD,84,21,E63C00000D00000000000000000000000000000000000000000000000000000000000000D9AD0000000000007EAB0000DDAD000000000000000000000000000001BA000000000000000000000000000053070600
ruRU/locale-ruRU.mpq,CreatureDisplayInfoExtra,11272,13,0xD,84,21,E73C00000D00000000000000010000000000000000000000000000000000000000000000D9AD0000000000007EAB0000DDAD000000000000000000000000000001BA000000000000000000000000000072070600
ruRU/locale-ruRU.mpq,CreatureDisplayInfoExtra,11273,13,0xD,84,21,E83C00000D00000000000000030000000000000000000000000000000000000000000000D9AD0000000000007EAB0000DDAD000000000000000000000000000001BA000000000000000000000000000091070600
ruRU/locale-ruRU.mpq,CreatureDisplayInfoExtra,11274,13,0xD,84,21,E93C00000D00000000000000040000000000000000000000000000000000000000000000D9AD0000000000007EAB0000DDAD000000000000000000000000000001BA0000000000000000000000000000B0070600
ruRU/locale-ruRU.mpq,CreatureDisplayInfoExtra,11524,13,0xD,84,21,F13D00000D000000010000000400000000000000000000000000000000000000000000000000000000000000E74100007BA900000000000000000000000000007DA90000000000000000000000000000F6250600
ruRU/locale-ruRU.mpq,CreatureDisplayInfoExtra,11706,13,0xD,84,21,AC3E00000D0000000000000000000000000000000000000000000000000000000000000048AE000000000000883400004AAE00000000000000000000000000009ABD0000000000000000000000000000003C0600
ruRU/locale-ruRU.mpq,CreatureDisplayInfoExtra,11708,13,0xD,84,21,AE3E00000D0000000100000003000000000000000000000000000000000000000000000000000000000000004C340000C64D0000000000000000000000000000000000000000000000000000000000003E3C0600
ruRU/locale-ruRU.mpq,CreatureDisplayInfoExtra,11799,13,0xD,84,21,383F00000D00000000000000030000000000000000000000000000000000000000000000F2BE00000000000088340000C64D00000000000000000000F3BE00000000000000000000000000000000000043470600
ruRU/locale-ruRU.mpq,CreatureDisplayInfoExtra,11800,13,0xD,84,21,393F00000D00000001000000030000000000000000000000000000000000000000000000000000006BAD000088340000C64D00000000000000000000000000000000000000000000000000000000000062470600
ruRU/locale-ruRU.mpq,SkillRaceClassInfo,0,4294967295,0xFFFFFFFF,32,8,3900000006000000FFFFFFFF8000000010040000000000000000000000000000
ruRU/locale-ruRU.mpq,SkillRaceClassInfo,1,4294967295,0xFFFFFFFF,32,8,2D01000008000000FFFFFFFF8000000010040000000000000000000000000000
ruRU/locale-ruRU.mpq,SkillRaceClassInfo,2,4294967295,0xFFFFFFFF,32,8,6B0000001A000000FFFFFFFF0100000010040000000000000000000000000000
ruRU/locale-ruRU.mpq,SkillRaceClassInfo,3,4294967295,0xFFFFFFFF,32,8,5200000026000000FFFFFFFF0800000010040000000000000000000000000000
ruRU/locale-ruRU.mpq,SkillRaceClassInfo,4,4294967295,0xFFFFFFFF,32,8,4B00000027000000FFFFFFFF0800000010040000000000000000000000000000
ruRU/locale-ruRU.mpq,SkillRaceClassInfo,8,32767,0x7FFF,32,8,680300002B000000FF7F00000800000080000000000000000000000000000000
ruRU/locale-ruRU.mpq,SkillRaceClassInfo,10,32767,0x7FFF,32,8,710300002B000000FF7F00008001000080000000000000000000000000000000
ruRU/locale-ruRU.mpq,SkillRaceClassInfo,13,262143,0x3FFFF,32,8,8E0300002B000000FFFF03002000000080000000000000000000000000000000
ruRU/locale-ruRU.mpq,SkillRaceClassInfo,15,2147483647,0x7FFFFFFF,32,8,4F0100002C000000FFFFFF7F4A00000080000000000000000000000000000000
ruRU/locale-ruRU.mpq,SkillRaceClassInfo,19,262143,0x3FFFF,32,8,900300002C000000FFFF03002000000080000000000000000000000000000000
ruRU/locale-ruRU.mpq,SkillRaceClassInfo,21,32767,0x7FFF,32,8,7F0000002D000000FF7F00000D00000080000000000000000000000000000000
ruRU/locale-ruRU.mpq,SkillRaceClassInfo,23,32767,0x7FFF,32,8,860000002E000000FF7F00000900000080000000000000000000000000000000
ruRU/locale-ruRU.mpq,SkillRaceClassInfo,25,4294967295,0xFFFFFFFF,32,8,1F00000032000000FFFFFFFF0400000010040000000000000000000000000000
ruRU/locale-ruRU.mpq,SkillRaceClassInfo,26,4294967295,0xFFFFFFFF,32,8,2700000033000000FFFFFFFF0400000010040000000000000000000000000000
ruRU/locale-ruRU.mpq,SkillRaceClassInfo,27,2147483647,0x7FFFFFFF,32,8,8700000036000000FFFFFF7F5000000080000000000000000000000000000000
ruRU/locale-ruRU.mpq,SkillRaceClassInfo,28,4294967295,0xFFFFFFFF,32,8,4501000036000000FFFFFFFF0800000080000000000000000000000000000000
ruRU/locale-ruRU.mpq,SkillRaceClassInfo,33,261631,0x3FDFF,32,8,7803000036000000FFFD03000200000080000000000000000000000000000000
ruRU/locale-ruRU.mpq,SkillRaceClassInfo,35,262143,0x3FFFF,32,8,9203000036000000FFFF03002000000080000000000000000000000000000000
ruRU/locale-ruRU.mpq,SkillRaceClassInfo,36,262143,0x3FFFF,32,8,7D00000037000000FFFF03000400000080000000000000000000000000000000
ruRU/locale-ruRU.mpq,SkillRaceClassInfo,37,163839,0x27FFF,32,8,7202000037000000FF7F02000100000080000000000000000000000000000000
ruRU/locale-ruRU.mpq,SkillRaceClassInfo,39,262143,0x3FFFF,32,8,8203000037000000FFFF03002000000080000000000000000000000000000000
ruRU/locale-ruRU.mpq,SkillRaceClassInfo,40,261631,0x3FDFF,32,8,8503000037000000FFFD03000200000080000000000000000000000000000000
ruRU/locale-ruRU.mpq,SkillRaceClassInfo,41,4294967295,0xFFFFFFFF,32,8,3A00000038000000FFFFFFFF1000000010040000000000000000000000000000
ruRU/locale-ruRU.mpq,SkillRaceClassInfo,42,4294967295,0xFFFFFFFF,32,8,3C0000004E000000FFFFFFFF1000000010040000000000000000000000000000
ruRU/locale-ruRU.mpq,SkillRaceClassInfo,43,2147483647,0x7FFFFFFF,32,8,040000005F000000FFFFFF7FDFFF030080020000000000000000000000000000
ruRU/locale-ruRU.mpq,SkillRaceClassInfo,44,524287,0x7FFFF,32,8,940300005F000000FFFF07002000000080020000000000000000000000000000
ruRU/locale-ruRU.mpq,SkillRaceClassInfo,57,32767,0x7FFF,32,8,8300000076000000FF7F00000800000092000000010000000000000000000000
ruRU/locale-ruRU.mpq,SkillRaceClassInfo,58,32767,0x7FFF,32,8,8400000076000000FF7F00000500000092000000140000000000000000000000
ruRU/locale-ruRU.mpq,SkillRaceClassInfo,59,32767,0x7FFF,32,8,7303000076000000FF7F00004000000092010000000000000000000000000000
ruRU/locale-ruRU.mpq,SkillRaceClassInfo,60,262143,0x3FFFF,32,8,9103000076000000FFFF03002000000092000000000000000000000000000000
ruRU/locale-ruRU.mpq,SkillRaceClassInfo,65,4294967295,0xFFFFFFFF,32,8,5600000081000000FFFFFFFFDFFF030080000000000000003F00000000000000
ruRU/locale-ruRU.mpq,SkillRaceClassInfo,66,4294967295,0xFFFFFFFF,32,8,9D03000081000000FFFFFFFF2000000080000000000000003F00000000000000
ruRU/locale-ruRU.mpq,SkillRaceClassInfo,68,4294967295,0xFFFFFFFF,32,8,1900000086000000FFFFFFFF00040000100400000A0000000000000000000000
ruRU/locale-ruRU.mpq,SkillRaceClassInfo,69,32767,0x7FFF,32,8,8A00000088000000FF7F0000D005000080000000000000000000000000000000
ruRU/locale-ruRU.mpq,SkillRaceClassInfo,70,32767,0x7FFF,32,8,8B00000088000000FF7F00000500000080000000000000000000000000000000
ruRU/locale-ruRU.mpq,SkillRaceClassInfo,86,262143,0x3FFFF,32,8,7B000000A0000000FFFF03000200000080000000000000000000000000000000
ruRU/locale-ruRU.mpq,SkillRaceClassInfo,87,4294967295,0xFFFFFFFF,32,8,7C000000A0000000FFFFFFFF0004000080000000000000000000000000000000
ruRU/locale-ruRU.mpq,SkillRaceClassInfo,89,262111,0x3FFDF,32,8,71020000A0000000DFFF03000100000080000000000000000000000000000000
ruRU/locale-ruRU.mpq,SkillRaceClassInfo,90,4294967295,0xFFFFFFFF,32,8,BE020000A0000000FFFFFFFF4000000080000000000000000000000000000000
ruRU/locale-ruRU.mpq,SkillRaceClassInfo,91,262143,0x3FFFF,32,8,8C030000A0000000FFFF03002000000080000000000000000000000000000000
ruRU/locale-ruRU.mpq,SkillRaceClassInfo,92,2147483647,0x7FFFFFFF,32,8,06000000A2000000FFFFFF7FDF05000080000000000000000000000000000000
ruRU/locale-ruRU.mpq,SkillRaceClassInfo,93,262143,0x3FFFF,32,8,9A030000A2000000FFFF03002000000080000000000000000000000000000000
ruRU/locale-ruRU.mpq,SkillRaceClassInfo,94,4294967295,0xFFFFFFFF,32,8,21000000A3000000FFFFFFFF0400000010040000000000000000000000000000
ruRU/locale-ruRU.mpq,SkillRaceClassInfo,98,163839,0x27FFF,32,8,7A000000AC000000FF7F02000200000080000000000000000000000000000000
ruRU/locale-ruRU.mpq,SkillRaceClassInfo,101,163839,0x27FFF,32,8,BD020000AC000000FF7F02004000000080000000000000000000000000000000
ruRU/locale-ruRU.mpq,SkillRaceClassInfo,102,524287,0x7FFFF,32,8,8B030000AC000000FFFF07002000000080000000000000000000000000000000
ruRU/locale-ruRU.mpq,SkillRaceClassInfo,103,163839,0x27FFF,32,8,CA030000AC000000FF7F02000400000080000000000000000000000000000000
ruRU/locale-ruRU.mpq,SkillRaceClassInfo,104,32767,0x7FFF,32,8,81000000AD000000FF7F00000801000080000000000000000000000000000000
ruRU/locale-ruRU.mpq,SkillRaceClassInfo,105,32767,0x7FFF,32,8,43010000AD000000FF7F0000D000000080000000000000000000000000000000
ruRU/locale-ruRU.mpq,SkillRaceClassInfo,112,4294967295,0xFFFFFFFF,32,8,8E000000B0000000FFFFFFFF0800000080000000000000000000000000000000
ruRU/locale-ruRU.mpq,SkillRaceClassInfo,113,4294967295,0xFFFFFFFF,32,8,8F000000B0000000FFFFFFFF0400000080000000000000000000000000000000
ruRU/locale-ruRU.mpq,SkillRaceClassInfo,115,262015,0x3FF7F,32,8,80020000B00000007FFF03000100000080000000000000000000000000000000
ruRU/locale-ruRU.mpq,SkillRaceClassInfo,117,4294967295,0xFFFFFFFF,32,8,05000000B7000000FFFFFFFFFFFF030092040000000000000000000000000000
ruRU/locale-ruRU.mpq,SkillRaceClassInfo,118,4294967295,0xFFFFFFFF,32,8,3F000000B8000000FFFFFFFF0200000010040000000000000000000000000000
ruRU/locale-ruRU.mpq,SkillRaceClassInfo,125,524287,0x7FFFF,32,8,AC030000CD000000FFFF07008000000000080000000000000000000000000000
ruRU/locale-ruRU.mpq,SkillRaceClassInfo,127,32767,0x7FFF,32,8,80000000E2000000FF7F00000900000080000000000000000000000000000000
ruRU/locale-ruRU.mpq,SkillRaceClassInfo,129,31743,0x7BFF,32,8,6F030000E2000000FF7B00000400000080000000000000000000000000000000
ruRU/locale-ruRU.mpq,SkillRaceClassInfo,131,4294967295,0xFFFFFFFF,32,8,90000000E4000000FFFFFFFF9001000080000000000000000000000000000000
ruRU/locale-ruRU.mpq,SkillRaceClassInfo,132,32767,0x7FFF,32,8,88000000E5000000FF7F00000704000080000000140000000000000000000000
ruRU/locale-ruRU.mpq,SkillRaceClassInfo,133,262143,0x3FFFF,32,8,93030000E5000000FFFF03002000000080000000000000000000000000000000
ruRU/locale-ruRU.mpq,SkillRaceClassInfo,134,4294967295,0xFFFFFFFF,32,8,37000000ED000000FFFFFFFF8000000010040000000000000000000000000000
ruRU/locale-ruRU.mpq,SkillRaceClassInfo,145,4294967295,0xFFFFFFFF,32,8,4A000000FD000000FFFFFFFF0800000010040000000000000000000000000000
ruRU/locale-ruRU.mpq,SkillRaceClassInfo,148,4294967295,0xFFFFFFFF,32,8,6D00000000010000FFFFFFFF0100000010040000000000000000000000000000
ruRU/locale-ruRU.mpq,SkillRaceClassInfo,149,4294967295,0xFFFFFFFF,32,8,6E00000001010000FFFFFFFF0100000010040000000000000000000000000000
ruRU/locale-ruRU.mpq,SkillRaceClassInfo,155,4294967295,0xFFFFFFFF,32,8,3D0000000B010000FFFFFFFF0200000010040000000000000000000000000000
ruRU/locale-ruRU.mpq,SkillRaceClassInfo,161,262143,0x3FFFF,32,8,8A03000025010000FFFF03002000000080000000000000000000000000000000
ruRU/locale-ruRU.mpq,SkillRaceClassInfo,168,4294967295,0xFFFFFFFF,32,8,6600000062010000FFFFFFFF0001000010040000000000000000000000000000
ruRU/locale-ruRU.mpq,SkillRaceClassInfo,169,4294967295,0xFFFFFFFF,32,8,6500000063010000FFFFFFFF0001000010040000000000000000000000000000
ruRU/locale-ruRU.mpq,SkillRaceClassInfo,171,4294967295,0xFFFFFFFF,32,8,5F00000075010000FFFFFFFF4000000010040000000000000000000000000000
ruRU/locale-ruRU.mpq,SkillRaceClassInfo,172,262143,0x3FFFF,32,8,6200000076010000FFFF03004000000010040000000000000000000000000000
ruRU/locale-ruRU.mpq,SkillRaceClassInfo,173,262143,0x3FFFF,32,8,6000000077010000FFFF03004000000010040000000000000000000000000000
ruRU/locale-ruRU.mpq,SkillRaceClassInfo,212,4294967295,0xFFFFFFFF,32,8,090200003D020000FFFFFFFF0004000010040000000000000000000000000000
ruRU/locale-ruRU.mpq,SkillRaceClassInfo,213,4294967295,0xFFFFFFFF,32,8,0A0200003E020000FFFFFFFF0004000010040000000000000000000000000000
ruRU/locale-ruRU.mpq,SkillRaceClassInfo,214,4294967295,0xFFFFFFFF,32,8,1D02000051020000FFFFFFFF0001000010040000000000000000000000000000
ruRU/locale-ruRU.mpq,SkillRaceClassInfo,215,4294967295,0xFFFFFFFF,32,8,2002000052020000FFFFFFFF0200000010040000000000000000000000000000
ruRU/locale-ruRU.mpq,SkillRaceClassInfo,216,4294967295,0xFFFFFFFF,32,8,4502000065020000FFFFFFFF1000000010040000000000000000000000000000
ruRU/locale-ruRU.mpq,SkillRaceClassInfo,217,4294967295,0xFFFFFFFF,32,8,5902000079020000FFFFFFFF0800000080000000000000000000000000000000
ruRU/locale-ruRU.mpq,SkillRaceClassInfo,229,2147483647,0x7FFFFFFF,32,8,7A030000FA020000FFFFFF7FDFFF03009000000000000000DF00000000000000
ruRU/locale-ruRU.mpq,SkillRaceClassInfo,230,524287,0x7FFFF,32,8,A6030000FA020000FFFF0700200000009000000000000000DF00000000000000
ruRU/locale-ruRU.mpq,SkillRaceClassInfo,231,32767,0x7FFF,32,8,7C03000001030000FF7F0000FF05000010040000000000000000000000000000
ruRU/locale-ruRU.mpq,SkillRaceClassInfo,232,4294967295,0xFFFFFFFF,32,8,8003000002030000FFFFFFFF2000000010040000000000000000000000000000
ruRU/locale-ruRU.mpq,SkillRaceClassInfo,233,262143,0x3FFFF,32,8,8103000003030000FFFF03002000000010040000000000000000000000000000
ruRU/locale-ruRU.mpq,SkillRaceClassInfo,234,2097151,0x1FFFFF,32,8,B703000003030000FFFF1F00FF05000000000000000000000000000000000000
ruRU/locale-ruRU.mpq,SkillRaceClassInfo,235,4294967295,0xFFFFFFFF,32,8,7F03000004030000FFFFFFFF2000000010040000000000000000000000000000
ruRU/locale-ruRU.mpq,SkillRaceClassInfo,236,262143,0x3FFFF,32,8,8403000005030000FFFF0300FF050000A0000000000000002900000000000000
ruRU/locale-ruRU.mpq,SkillRaceClassInfo,237,262143,0x3FFFF,32,8,A803000008030000FFFF03002000000080000000000000000000000000000000
ruRU/locale-ruRU.mpq,SkillRaceClassInfo,238,524287,0x7FFFF,32,8,AA03000009030000FFFF0700FF05000002000000000000000000000000000000
ruRU/locale-ruRU.mpq,SkillRaceClassInfo,239,524287,0x7FFFF,32,8,AB0300000A030000FFFF0700FF05000002000000000000000000000000000000
ruRU/locale-ruRU.mpq,SkillRaceClassInfo,240,2097151,0x1FFFFF,32,8,B30300000A030000FFFF1F00FF05000000000000000000000000000000000000
ruRU/patch-ruRU-4.mpq,ChrRaces,12,13,0xD,276,69,0D0000000E000000DF0800002D1000000AB509000BB50900DD02000001000000070000009F3A00004804000025030000A90000000100000025030000000000002503000025030000000000000000000025030000000000002A03000000000000000000000000000000000000000000000000000000000000FE01FF0025030000000000002503000000000000000000000000000025030000000000002A03000000000000000000000000000000000000000000000000000000000000EC01FF0025030000000000002503000025030000000000000000000025030000000000002A03000000000000000000000000000000000000000000000000000000000000EC01FF0033030000390300003D00000000000000
ruRU/patch-ruRU-4.mpq,CharBaseInfo,120,13,0xD,2,2,0D01
ruRU/patch-ruRU-4.mpq,CharBaseInfo,121,13,0xD,2,2,0D02
ruRU/patch-ruRU-4.mpq,CharBaseInfo,122,13,0xD,2,2,0D03
ruRU/patch-ruRU-4.mpq,CharBaseInfo,123,13,0xD,2,2,0D04
ruRU/patch-ruRU-4.mpq,CharBaseInfo,124,13,0xD,2,2,0D05
ruRU/patch-ruRU-4.mpq,CharBaseInfo,125,13,0xD,2,2,0D06
ruRU/patch-ruRU-4.mpq,CharBaseInfo,126,13,0xD,2,2,0D07
ruRU/patch-ruRU-4.mpq,CharBaseInfo,127,13,0xD,2,2,0D08
ruRU/patch-ruRU-4.mpq,CharBaseInfo,128,13,0xD,2,2,0D09
ruRU/patch-ruRU-4.mpq,CharBaseInfo,129,13,0xD,2,2,0D0B
ruRU/patch-ruRU-4.mpq,CharStartOutfit,120,13,0xD,296,77,790000000D010100B15B0000B25B0000B35B0000325B0000241B0000FFFFFFFFFFFFFFFFFFFFFFFFFFFFFFFFFFFFFFFFFFFFFFFFFFFFFFFFFFFFFFFFFFFFFFFFFFFFFFFFFFFFFFFFFFFFFFFFFFFFFFFFFFFFFFFFFFFFFFFFFFFFFFFFFFFFFFFFFFFFFFFFFFFFFFFFFFFFFFFFFFFFFFFF00930100FFFFFFFFFC920100FA920100FF920100FB920100FFFFFFFFFD920100FFFFFFFFFFFFFFFFFFFFFFFFFFFFFFFFFFFFFFFFFFFFFFFFFFFFFFFFFFFFFFFFFFFFFFFFFFFFFFFFFFFFFFFFFFFFFFFFFFFFFFFFFFFFFFFF0100000002000000030000000400000005000000060000000700000008000000090000000A0000000B0000000B0000000C0000000C0000000D0000000D0000000E0000000F000000100000001100000012000000120000001200000012000000
ruRU/patch-ruRU-4.mpq,CharStartOutfit,121,13,0xD,296,77,7A0000000D0901009C510000740500003B000000F2510000D1170000FFFFFFFFFFFFFFFF241B0000FFFFFFFFFFFFFFFFFFFFFFFFFFFFFFFFFFFFFFFFFFFFFFFFFFFFFFFFFFFFFFFFFFFFFFFFFFFFFFFFFFFFFFFFFFFFFFFFFFFFFFFFFFFFFFFFFFFFFFFFFFFFFFFFFFFFFFFFFFFFFFFFFDAB0100FFFFFFFFF8AB0100A3AB0100A8AB0100A4AB0100FFFFFFFFF4AB0100FFFFFFFFFFFFFFFFFFFFFFFFFFFFFFFFFFFFFFFFFFFFFFFFFFFFFFFFFFFFFFFFFFFFFFFFFFFFFFFFFFFFFFFFFFFFFFFFFFFFFFFFFFFFFFFF0100000002000000030000000400000005000000060000000700000008000000090000000A0000000B0000000B0000000C0000000C0000000D0000000D0000000E0000000F000000100000001100000012000000120000001200000012000000
ruRU/patch-ruRU-4.mpq,CharStartOutfit,122,13,0xD,296,77,7B0000000D070100315B0000305B0000345B0000241B000024000000FFFFFFFFFFFFFFFF3A09000000000000000000000000000000000000FFFFFFFFFFFFFFFFFFFFFFFFFFFFFFFFFFFFFFFFFFFFFFFFFFFFFFFFFFFFFFFFFFFFFFFFFFFFFFFFFFFFFFFFFFFFFFFFFFFFFFFFFFFFFFFF44C70100FFFFFFFF2EB60100B8C6010038B6010033B60100FFFFFFFF2FB60100FFFFFFFFFFFFFFFFFFFFFFFFFFFFFFFFFFFFFFFFFFFFFFFFFFFFFFFFFFFFFFFFFFFFFFFFFFFFFFFFFFFFFFFFFFFFFFFFFFFFFFFFFFFFFFFF0100000002000000030000000400000005000000060000000700000008000000090000000A0000000B0000000B0000000C0000000C0000000D0000000D0000000E0000000F000000100000001100000012000000120000001200000012000000
ruRU/patch-ruRU-4.mpq,CharStartOutfit,123,13,0xD,296,77,7C0000000D040100F6510000A1510000A0510000A2510000FFFFFFFF89C3000033710000241B0000FFFFFFFFFFFFFFFFFFFFFFFFFFFFFFFFFFFFFFFFFFFFFFFFFFFFFFFFFFFFFFFFFFFFFFFFFFFFFFFFFFFFFFFFFFFFFFFFFFFFFFFFFFFFFFFFFFFFFFFFFFFFFFFFFFFFFFFFFFFFFFFF79B80100FFFFFFFFB3B7010077B80100B5B70100B2B70100FFFFFFFFB4B70100FFFFFFFFFFFFFFFFFFFFFFFFFFFFFFFFFFFFFFFFFFFFFFFFFFFFFFFFFFFFFFFFFFFFFFFFFFFFFFFFFFFFFFFFFFFFFFFFFFFFFFFFFFFFFFFF0100000002000000030000000400000005000000060000000700000008000000090000000A0000000B0000000B0000000C0000000C0000000D0000000D0000000E0000000F000000100000001100000012000000120000001200000012000000
ruRU/patch-ruRU-4.mpq,CharStartOutfit,124,13,0xD,296,77,7D0000000D05010074050000D11700004D0E00001A5B0000241B0000FFFFFFFFFFFFFFFFFFFFFFFFFFFFFFFFFFFFFFFFFFFFFFFFFFFFFFFFFFFFFFFFFFFFFFFFFFFFFFFFFFFFFFFFFFFFFFFFFFFFFFFFFFFFFFFFFFFFFFFFFFFFFFFFFFFFFFFFFFFFFFFFFFFFFFFFFFFFFFFFFFFFFFFFC9C50100FFFFFFFF16A70100C7C5010018A7010014A70100FFFFFFFF17A70100FFFFFFFFFFFFFFFFFFFFFFFFFFFFFFFFFFFFFFFFFFFFFFFFFFFFFFFFFFFFFFFFFFFFFFFFFFFFFFFFFFFFFFFFFFFFFFFFFFFFFFFFFFFFFFFF0100000002000000030000000400000005000000060000000700000008000000090000000A0000000B0000000B0000000C0000000C0000000D0000000D0000000E0000000F000000100000001100000012000000120000001200000012000000
ruRU/patch-ruRU-4.mpq,CharStartOutfit,125,13,0xD,296,77,7E0000000D020100B45B0000B55B00003909000000000000241B0000FFFFFFFFFFFFFFFFFFFFFFFFFFFFFFFFFFFFFFFFFFFFFFFFFFFFFFFFFFFFFFFFFFFFFFFFFFFFFFFFFFFFFFFFFFFFFFFFFFFFFFFFFFFFFFFFFFFFFFFFFFFFFFFFFFFFFFFFFFFFFFFFFFFFFFFFFFFFFFFFFFFFFFFF4DC20100FFFFFFFFC1AB0100BFAB0100C4AB0100C0AB0100FFFFFFFFC2AB0100FFFFFFFFFFFFFFFFFFFFFFFFFFFFFFFFFFFFFFFFFFFFFFFFFFFFFFFFFFFFFFFFFFFFFFFFFFFFFFFFFFFFFFFFFFFFFFFFFFFFFFFFFFFFFFFF0100000002000000030000000400000005000000060000000700000008000000090000000A0000000B0000000B0000000C0000000C0000000D0000000D0000000E0000000F000000100000001100000012000000120000001200000012000000
ruRU/patch-ruRU-4.mpq,CharStartOutfit,126,13,0xD,296,77,7F0000000D030100315B0000305B0000FA2F0000345B0000241B0000FFFFFFFFFFFFFFFF335B000035080000A66B0200FFFFFFFFFFFFFFFFFFFFFFFFFFFFFFFFFFFFFFFFFFFFFFFFFFFFFFFFFFFFFFFFFFFFFFFFFFFFFFFFFFFFFFFFFFFFFFFFFFFFFFFFFFFFFFFFFFFFFFFFFFFFFFFFB0B60100FFFFFFFF0FC101000CB501000BB5010008B50100FFFFFFFF0AB50100FFFFFFFFFFFFFFFFFFFFFFFFFFFFFFFFFFFFFFFFFFFFFFFFFFFFFFFFFFFFFFFFFFFFFFFFFFFFFFFFFFFFFFFFFFFFFFFFFFFFFFFFFFFFFFFF0100000002000000030000000400000005000000060000000700000008000000090000000A0000000B0000000B0000000C0000000C0000000D0000000D0000000E0000000F000000100000001100000012000000120000001200000012000000
ruRU/patch-ruRU-4.mpq,CharStartOutfit,127,13,0xD,296,77,800000000D0B01004D0E0000EB170000EC170000FFFFFFFFFFFFFFFF00000000241B000000000000FFFFFFFFFFFFFFFFFFFFFFFFFFFFFFFFFFFFFFFFFFFFFFFFFFFFFFFFFFFFFFFFFFFFFFFFFFFFFFFFFFFFFFFFFFFFFFFFFFFFFFFFFFFFFFFFFFFFFFFFFFFFFFFFFFFFFFFFFFFFFFFF9FB60100FFFFFFFF25B501001FB5010023B5010020B50100FFFFFFFF4ACD0100FFFFFFFFFFFFFFFFFFFFFFFFFFFFFFFFFFFFFFFFFFFFFFFFFFFFFFFFFFFFFFFFFFFFFFFFFFFFFFFFFFFFFFFFFFFFFFFFFFFFFFFFFFFFFFFF0100000002000000030000000400000005000000060000000700000008000000090000000A0000000B0000000B0000000C0000000C0000000D0000000D0000000E0000000F000000100000001100000012000000120000001200000012000000
ruRU/patch-ruRU-4.mpq,CharStartOutfit,128,13,0xD,296,77,810000000D0601005C8700005F870000638700005A870000000000005D870000598700005B870000608700005887000061870000628700000195000001950000019500000195000003950000FFFFFFFF17A30000FFFFFFFFFFFFFFFFFFFFFFFFFFFFFFFFFFFFFFFFFFFFFFFFFFFFFFFFE6CA0100FFFFFFFFD4B60100C8B60100D2B60100D5B60100FFFFFFFFD0B60100FFFFFFFFFFFFFFFFFFFFFFFFFFFFFFFFFFFFFFFFFFFFFFFFFFFFFFFFFFFFFFFFFFFFFFFFFFFFFFFFFFFFFFFFFFFFFFFFFFFFFFFFFFFFFFFF0100000002000000030000000400000005000000060000000700000008000000090000000A0000000B0000000B0000000C0000000C0000000D0000000D0000000E0000000F000000100000001100000012000000120000001200000012000000
ruRU/patch-ruRU-4.mpq,CharStartOutfit,129,13,0xD,296,77,820000000D080100B65B0000B75B00004D0E0000B15B0000241B0000FFFFFFFFFFFFFFFF00000000FFFFFFFFFFFFFFFFFFFFFFFFFFFFFFFFFFFFFFFFFFFFFFFFFFFFFFFFFFFFFFFFFFFFFFFFFFFFFFFFFFFFFFFFFFFFFFFFFFFFFFFFFFFFFFFFFFFFFFFFFFFFFFFFFFFFFFFFFFFFFFFF26B20100FFFFFFFF78B7010043B0010028BB010044B00100FFFFFFFF47B00100FFFFFFFFFFFFFFFFFFFFFFFFFFFFFFFFFFFFFFFFFFFFFFFFFFFFFFFFFFFFFFFFFFFFFFFFFFFFFFFFFFFFFFFFFFFFFFFFFFFFFFFFFFFFFFFF0100000002000000030000000400000005000000060000000700000008000000090000000A0000000B0000000B0000000C0000000C0000000D0000000D0000000E0000000F000000100000001100000012000000120000001200000012000000
ruRU/patch-ruRU-4.mpq,CharStartOutfit,280,13,0xD,296,77,190100000D010000B15B0000B25B0000B35B0000325B0000241B0000FFFFFFFFFFFFFFFFFFFFFFFFFFFFFFFFFFFFFFFFFFFFFFFFFFFFFFFFFFFFFFFFFFFFFFFFFFFFFFFFFFFFFFFFFFFFFFFFFFFFFFFFFFFFFFFFFFFFFFFFFFFFFFFFFFFFFFFFFFFFFFFFFFFFFFFFFFFFFFFFFFFFFFFF00930100FFFFFFFFFC920100FA920100FF920100FB920100FFFFFFFFFD920100FFFFFFFFFFFFFFFFFFFFFFFFFFFFFFFFFFFFFFFFFFFFFFFFFFFFFFFFFFFFFFFFFFFFFFFFFFFFFFFFFFFFFFFFFFFFFFFFFFFFFFFFFFFFFFFF0100000002000000030000000400000005000000060000000700000008000000090000000A0000000B0000000B0000000C0000000C0000000D0000000D0000000E0000000F000000100000001100000012000000120000001200000012000000
ruRU/patch-ruRU-4.mpq,CharStartOutfit,281,13,0xD,296,77,1A0100000D0900009C510000740500003B000000F2510000D1170000FFFFFFFFFFFFFFFF241B0000FFFFFFFFFFFFFFFFFFFFFFFFFFFFFFFFFFFFFFFFFFFFFFFFFFFFFFFFFFFFFFFFFFFFFFFFFFFFFFFFFFFFFFFFFFFFFFFFFFFFFFFFFFFFFFFFFFFFFFFFFFFFFFFFFFFFFFFFFFFFFFFFFDAB0100FFFFFFFFF8AB0100A3AB0100A8AB0100A4AB0100FFFFFFFFF4AB0100FFFFFFFFFFFFFFFFFFFFFFFFFFFFFFFFFFFFFFFFFFFFFFFFFFFFFFFFFFFFFFFFFFFFFFFFFFFFFFFFFFFFFFFFFFFFFFFFFFFFFFFFFFFFFFFF0100000002000000030000000400000005000000060000000700000008000000090000000A0000000B0000000B0000000C0000000C0000000D0000000D0000000E0000000F000000100000001100000012000000120000001200000012000000
ruRU/patch-ruRU-4.mpq,CharStartOutfit,282,13,0xD,296,77,1B0100000D070000315B0000305B0000345B0000241B000024000000FFFFFFFFFFFFFFFF3A09000000000000000000000000000000000000FFFFFFFFFFFFFFFFFFFFFFFFFFFFFFFFFFFFFFFFFFFFFFFFFFFFFFFFFFFFFFFFFFFFFFFFFFFFFFFFFFFFFFFFFFFFFFFFFFFFFFFFFFFFFFFF44C70100FFFFFFFF2EB60100B8C6010038B6010033B60100FFFFFFFF2FB60100FFFFFFFFFFFFFFFFFFFFFFFFFFFFFFFFFFFFFFFFFFFFFFFFFFFFFFFFFFFFFFFFFFFFFFFFFFFFFFFFFFFFFFFFFFFFFFFFFFFFFFFFFFFFFFFF0100000002000000030000000400000005000000060000000700000008000000090000000A0000000B0000000B0000000C0000000C0000000D0000000D0000000E0000000F000000100000001100000012000000120000001200000012000000
ruRU/patch-ruRU-4.mpq,CharStartOutfit,283,13,0xD,296,77,1C0100000D040000F6510000A1510000A0510000A2510000FFFFFFFF89C3000033710000241B0000FFFFFFFFFFFFFFFFFFFFFFFFFFFFFFFFFFFFFFFFFFFFFFFFFFFFFFFFFFFFFFFFFFFFFFFFFFFFFFFFFFFFFFFFFFFFFFFFFFFFFFFFFFFFFFFFFFFFFFFFFFFFFFFFFFFFFFFFFFFFFFFF79B80100FFFFFFFFB3B7010077B80100B5B70100B2B70100FFFFFFFFB4B70100FFFFFFFFFFFFFFFFFFFFFFFFFFFFFFFFFFFFFFFFFFFFFFFFFFFFFFFFFFFFFFFFFFFFFFFFFFFFFFFFFFFFFFFFFFFFFFFFFFFFFFFFFFFFFFFF0100000002000000030000000400000005000000060000000700000008000000090000000A0000000B0000000B0000000C0000000C0000000D0000000D0000000E0000000F000000100000001100000012000000120000001200000012000000
ruRU/patch-ruRU-4.mpq,CharStartOutfit,284,13,0xD,296,77,1D0100000D05000074050000D11700004D0E00001A5B0000241B0000FFFFFFFFFFFFFFFFFFFFFFFFFFFFFFFFFFFFFFFFFFFFFFFFFFFFFFFFFFFFFFFFFFFFFFFFFFFFFFFFFFFFFFFFFFFFFFFFFFFFFFFFFFFFFFFFFFFFFFFFFFFFFFFFFFFFFFFFFFFFFFFFFFFFFFFFFFFFFFFFFFFFFFFFC9C50100FFFFFFFF16A70100C7C5010018A7010014A70100FFFFFFFF17A70100FFFFFFFFFFFFFFFFFFFFFFFFFFFFFFFFFFFFFFFFFFFFFFFFFFFFFFFFFFFFFFFFFFFFFFFFFFFFFFFFFFFFFFFFFFFFFFFFFFFFFFFFFFFFFFFF0100000002000000030000000400000005000000060000000700000008000000090000000A0000000B0000000B0000000C0000000C0000000D0000000D0000000E0000000F000000100000001100000012000000120000001200000012000000
ruRU/patch-ruRU-4.mpq,CharStartOutfit,285,13,0xD,296,77,1E0100000D020000B45B0000B55B00003909000000000000241B0000FFFFFFFFFFFFFFFFFFFFFFFFFFFFFFFFFFFFFFFFFFFFFFFFFFFFFFFFFFFFFFFFFFFFFFFFFFFFFFFFFFFFFFFFFFFFFFFFFFFFFFFFFFFFFFFFFFFFFFFFFFFFFFFFFFFFFFFFFFFFFFFFFFFFFFFFFFFFFFFFFFFFFFFF4DC20100FFFFFFFFC1AB0100BFAB0100C4AB0100C0AB0100FFFFFFFFC2AB0100FFFFFFFFFFFFFFFFFFFFFFFFFFFFFFFFFFFFFFFFFFFFFFFFFFFFFFFFFFFFFFFFFFFFFFFFFFFFFFFFFFFFFFFFFFFFFFFFFFFFFFFFFFFFFFFF0100000002000000030000000400000005000000060000000700000008000000090000000A0000000B0000000B0000000C0000000C0000000D0000000D0000000E0000000F000000100000001100000012000000120000001200000012000000
ruRU/patch-ruRU-4.mpq,CharStartOutfit,286,13,0xD,296,77,1F0100000D030000315B0000305B0000FA2F0000345B0000241B0000FFFFFFFFFFFFFFFF335B000035080000A66B0200FFFFFFFFFFFFFFFFFFFFFFFFFFFFFFFFFFFFFFFFFFFFFFFFFFFFFFFFFFFFFFFFFFFFFFFFFFFFFFFFFFFFFFFFFFFFFFFFFFFFFFFFFFFFFFFFFFFFFFFFFFFFFFFFB0B60100FFFFFFFF0FC101000CB501000BB5010008B50100FFFFFFFF0AB50100FFFFFFFFFFFFFFFFFFFFFFFFFFFFFFFFFFFFFFFFFFFFFFFFFFFFFFFFFFFFFFFFFFFFFFFFFFFFFFFFFFFFFFFFFFFFFFFFFFFFFFFFFFFFFFFF0100000002000000030000000400000005000000060000000700000008000000090000000A0000000B0000000B0000000C0000000C0000000D0000000D0000000E0000000F000000100000001100000012000000120000001200000012000000
ruRU/patch-ruRU-4.mpq,CharStartOutfit,287,13,0xD,296,77,200100000D0B00004D0E0000EB170000EC170000FFFFFFFFFFFFFFFF00000000241B000000000000FFFFFFFFFFFFFFFFFFFFFFFFFFFFFFFFFFFFFFFFFFFFFFFFFFFFFFFFFFFFFFFFFFFFFFFFFFFFFFFFFFFFFFFFFFFFFFFFFFFFFFFFFFFFFFFFFFFFFFFFFFFFFFFFFFFFFFFFFFFFFFFF9FB60100FFFFFFFF25B501001FB5010023B5010020B50100FFFFFFFF4ACD0100FFFFFFFFFFFFFFFFFFFFFFFFFFFFFFFFFFFFFFFFFFFFFFFFFFFFFFFFFFFFFFFFFFFFFFFFFFFFFFFFFFFFFFFFFFFFFFFFFFFFFFFFFFFFFFFF0100000002000000030000000400000005000000060000000700000008000000090000000A0000000B0000000B0000000C0000000C0000000D0000000D0000000E0000000F000000100000001100000012000000120000001200000012000000
ruRU/patch-ruRU-4.mpq,CharStartOutfit,288,13,0xD,296,77,210100000D0600005C8700005F870000638700005A870000000000005D870000598700005B870000608700005887000061870000628700000195000001950000019500000195000003950000FFFFFFFF17A30000FFFFFFFFFFFFFFFFFFFFFFFFFFFFFFFFFFFFFFFFFFFFFFFFFFFFFFFFE6CA0100FFFFFFFFD4B60100C8B60100D2B60100D5B60100FFFFFFFFD0B60100FFFFFFFFFFFFFFFFFFFFFFFFFFFFFFFFFFFFFFFFFFFFFFFFFFFFFFFFFFFFFFFFFFFFFFFFFFFFFFFFFFFFFFFFFFFFFFFFFFFFFFFFFFFFFFFF0100000002000000030000000400000005000000060000000700000008000000090000000A0000000B0000000B0000000C0000000C0000000D0000000D0000000E0000000F000000100000001100000012000000120000001200000012000000
ruRU/patch-ruRU-4.mpq,CharStartOutfit,289,13,0xD,296,77,220100000D080000B65B0000B75B00004D0E0000B15B0000241B0000FFFFFFFFFFFFFFFF00000000FFFFFFFFFFFFFFFFFFFFFFFFFFFFFFFFFFFFFFFFFFFFFFFFFFFFFFFFFFFFFFFFFFFFFFFFFFFFFFFFFFFFFFFFFFFFFFFFFFFFFFFFFFFFFFFFFFFFFFFFFFFFFFFFFFFFFFFFFFFFFFFF26B20100FFFFFFFF78B7010043B0010028BB010044B00100FFFFFFFF47B00100FFFFFFFFFFFFFFFFFFFFFFFFFFFFFFFFFFFFFFFFFFFFFFFFFFFFFFFFFFFFFFFFFFFFFFFFFFFFFFFFFFFFFFFFFFFFFFFFFFFFFFFFFFFFFFFF0100000002000000030000000400000005000000060000000700000008000000090000000A0000000B0000000B0000000C0000000C0000000D0000000D0000000E0000000F000000100000001100000012000000120000001200000012000000
ruRU/patch-ruRU-4.mpq,CharSections,706614,13,0xD,40,10,46EF0A000D000000000000000000000060D41C0092D41C0000000000110000000000000000000000
ruRU/patch-ruRU-4.mpq,CharSections,706615,13,0xD,40,10,47EF0A000D0000000000000000000000C9D41C00FBD41C0000000000110000000000000001000000
ruRU/patch-ruRU-4.mpq,CharSections,706616,13,0xD,40,10,48EF0A000D000000000000000000000032D51C0064D51C0000000000110000000000000002000000
ruRU/patch-ruRU-4.mpq,CharSections,706617,13,0xD,40,10,49EF0A000D00000000000000000000009BD51C00CDD51C0000000000110000000000000003000000
ruRU/patch-ruRU-4.mpq,CharSections,706618,13,0xD,40,10,4AEF0A000D000000000000000000000004D61C0036D61C0000000000110000000000000004000000
ruRU/patch-ruRU-4.mpq,CharSections,706619,13,0xD,40,10,4BEF0A000D00000000000000000000006DD61C009FD61C0000000000110000000000000005000000
ruRU/patch-ruRU-4.mpq,CharSections,706620,13,0xD,40,10,4CEF0A000D0000000000000000000000D6D61C0008D71C0000000000110000000000000006000000
ruRU/patch-ruRU-4.mpq,CharSections,706621,13,0xD,40,10,4DEF0A000D00000000000000000000003FD71C0071D71C0000000000110000000000000007000000
ruRU/patch-ruRU-4.mpq,CharSections,706622,13,0xD,40,10,4EEF0A000D0000000000000000000000A8D71C00DAD71C0000000000110000000000000008000000
ruRU/patch-ruRU-4.mpq,CharSections,706623,13,0xD,40,10,4FEF0A000D000000000000000000000011D81C0043D81C0000000000110000000000000009000000
ruRU/patch-ruRU-4.mpq,CharSections,706624,13,0xD,40,10,50EF0A000D00000000000000000000007AD81C00ACD81C000000000011000000000000000A000000
ruRU/patch-ruRU-4.mpq,CharSections,706625,13,0xD,40,10,51EF0A000D0000000000000000000000E3D81C0015D91C000000000011000000000000000B000000
ruRU/patch-ruRU-4.mpq,CharSections,706626,13,0xD,40,10,52EF0A000D00000000000000000000004CD91C007ED91C000000000011000000000000000C000000
ruRU/patch-ruRU-4.mpq,CharSections,706627,13,0xD,40,10,53EF0A000D0000000000000000000000B5D91C00E7D91C000000000011000000000000000D000000
ruRU/patch-ruRU-4.mpq,CharSections,706628,13,0xD,40,10,54EF0A000D00000000000000000000001EDA1C0050DA1C000000000011000000000000000E000000
ruRU/patch-ruRU-4.mpq,CharSections,706629,13,0xD,40,10,55EF0A000D000000000000000000000087DA1C00B9DA1C000000000011000000000000000F000000
ruRU/patch-ruRU-4.mpq,CharSections,706630,13,0xD,40,10,56EF0A000D0000000000000000000000F0DA1C0022DB1C0000000000110000000000000010000000
ruRU/patch-ruRU-4.mpq,CharSections,706631,13,0xD,40,10,57EF0A000D000000000000000000000059DB1C008BDB1C0000000000110000000000000011000000
ruRU/patch-ruRU-4.mpq,CharSections,706632,13,0xD,40,10,58EF0A000D0000000000000000000000C2DB1C00F4DB1C0000000000110000000000000012000000
ruRU/patch-ruRU-4.mpq,CharSections,706633,13,0xD,40,10,59EF0A000D00000000000000000000002BDC1C005DDC1C0000000000110000000000000013000000
ruRU/patch-ruRU-4.mpq,CharSections,706634,13,0xD,40,10,5AEF0A000D000000000000000000000094DC1C00C8DC1C0000000000050000000000000014000000
ruRU/patch-ruRU-4.mpq,CharSections,706635,13,0xD,40,10,5BEF0A000D000000000000000000000001DD1C0035DD1C0000000000050000000000000015000000
ruRU/patch-ruRU-4.mpq,CharSections,706636,13,0xD,40,10,5CEF0A000D00000000000000000000006EDD1C00A2DD1C0000000000050000000000000016000000
ruRU/patch-ruRU-4.mpq,CharSections,706637,13,0xD,40,10,5DEF0A000D0000000000000000000000DBDD1C000FDE1C0000000000050000000000000017000000
ruRU/patch-ruRU-4.mpq,CharSections,706638,13,0xD,40,10,5EEF0A000D000000000000000000000048DE1C007CDE1C0000000000050000000000000018000000
ruRU/patch-ruRU-4.mpq,CharSections,706639,13,0xD,40,10,5FEF0A000D0000000000000001000000B5DE1C00ECDE1C0000000000110000000000000000000000
ruRU/patch-ruRU-4.mpq,CharSections,706640,13,0xD,40,10,60EF0A000D000000000000000100000023DF1C005ADF1C0000000000110000000000000001000000
ruRU/patch-ruRU-4.mpq,CharSections,706641,13,0xD,40,10,61EF0A000D000000000000000100000091DF1C00C8DF1C0000000000110000000000000002000000
ruRU/patch-ruRU-4.mpq,CharSections,706642,13,0xD,40,10,62EF0A000D0000000000000001000000FFDF1C0036E01C0000000000110000000000000003000000
ruRU/patch-ruRU-4.mpq,CharSections,706643,13,0xD,40,10,63EF0A000D00000000000000010000006DE01C00A4E01C0000000000110000000000000004000000
ruRU/patch-ruRU-4.mpq,CharSections,706644,13,0xD,40,10,64EF0A000D0000000000000001000000DBE01C0012E11C0000000000110000000000000005000000
ruRU/patch-ruRU-4.mpq,CharSections,706645,13,0xD,40,10,65EF0A000D000000000000000100000049E11C0080E11C0000000000110000000000000006000000
ruRU/patch-ruRU-4.mpq,CharSections,706646,13,0xD,40,10,66EF0A000D0000000000000001000000B7E11C00EEE11C0000000000110000000000000007000000
ruRU/patch-ruRU-4.mpq,CharSections,706647,13,0xD,40,10,67EF0A000D000000000000000100000025E21C005CE21C0000000000110000000000000008000000
ruRU/patch-ruRU-4.mpq,CharSections,706648,13,0xD,40,10,68EF0A000D000000000000000100000093E21C00CAE21C0000000000110000000000000009000000
ruRU/patch-ruRU-4.mpq,CharSections,706649,13,0xD,40,10,69EF0A000D000000000000000100000001E31C0038E31C000000000011000000000000000A000000
ruRU/patch-ruRU-4.mpq,CharSections,706650,13,0xD,40,10,6AEF0A000D00000000000000010000006FE31C00A6E31C000000000011000000000000000B000000
ruRU/patch-ruRU-4.mpq,CharSections,706651,13,0xD,40,10,6BEF0A000D0000000000000001000000DDE31C0014E41C000000000011000000000000000C000000
ruRU/patch-ruRU-4.mpq,CharSections,706652,13,0xD,40,10,6CEF0A000D00000000000000010000004BE41C0082E41C000000000011000000000000000D000000
ruRU/patch-ruRU-4.mpq,CharSections,706653,13,0xD,40,10,6DEF0A000D0000000000000001000000B9E41C00F0E41C000000000011000000000000000E000000
ruRU/patch-ruRU-4.mpq,CharSections,706654,13,0xD,40,10,6EEF0A000D000000000000000100000027E51C005EE51C000000000011000000000000000F000000
ruRU/patch-ruRU-4.mpq,CharSections,706655,13,0xD,40,10,6FEF0A000D000000000000000100000095E51C00CCE51C0000000000110000000000000010000000
ruRU/patch-ruRU-4.mpq,CharSections,706656,13,0xD,40,10,70EF0A000D000000000000000100000003E61C003AE61C0000000000110000000000000011000000
ruRU/patch-ruRU-4.mpq,CharSections,706657,13,0xD,40,10,71EF0A000D000000000000000100000071E61C00A8E61C0000000000110000000000000012000000
ruRU/patch-ruRU-4.mpq,CharSections,706658,13,0xD,40,10,72EF0A000D0000000000000001000000DFE61C0016E71C0000000000110000000000000013000000
ruRU/patch-ruRU-4.mpq,CharSections,706659,13,0xD,40,10,73EF0A000D00000000000000010000004DE71C0086E71C0000000000050000000000000014000000
ruRU/patch-ruRU-4.mpq,CharSections,706660,13,0xD,40,10,74EF0A000D0000000000000001000000BFE71C00F8E71C0000000000050000000000000015000000
ruRU/patch-ruRU-4.mpq,CharSections,706661,13,0xD,40,10,75EF0A000D000000000000000100000031E81C006AE81C0000000000050000000000000016000000
ruRU/patch-ruRU-4.mpq,CharSections,706662,13,0xD,40,10,76EF0A000D0000000000000001000000A3E81C00DCE81C0000000000050000000000000017000000
ruRU/patch-ruRU-4.mpq,CharSections,706663,13,0xD,40,10,77EF0A000D000000000000000100000015E91C004EE91C0000000000050000000000000018000000
ruRU/patch-ruRU-4.mpq,CharSections,706664,13,0xD,40,10,78EF0A000D000000000000000300000087E91C000000000000000000110000000000000000000000
ruRU/patch-ruRU-4.mpq,CharSections,706665,13,0xD,40,10,79EF0A000D0000000000000003000000AFE91C000000000000000000110000000000000001000000
ruRU/patch-ruRU-4.mpq,CharSections,706666,13,0xD,40,10,7AEF0A000D0000000000000003000000D7E91C000000000000000000110000000000000002000000
ruRU/patch-ruRU-4.mpq,CharSections,706667,13,0xD,40,10,7BEF0A000D0000000000000003000000FFE91C000000000000000000110000000000000003000000
ruRU/patch-ruRU-4.mpq,CharSections,706668,13,0xD,40,10,7CEF0A000D000000000000000300000027EA1C000000000000000000110000000000000004000000
ruRU/patch-ruRU-4.mpq,CharSections,706669,13,0xD,40,10,7DEF0A000D00000000000000030000004FEA1C000000000000000000110000000000000005000000
ruRU/patch-ruRU-4.mpq,CharSections,706670,13,0xD,40,10,7EEF0A000D000000000000000300000077EA1C000000000000000000110000000000000006000000
ruRU/patch-ruRU-4.mpq,CharSections,706671,13,0xD,40,10,7FEF0A000D00000000000000030000009FEA1C000000000000000000110000000000000007000000
ruRU/patch-ruRU-4.mpq,CharSections,706672,13,0xD,40,10,80EF0A000D0000000000000003000000C7EA1C000000000000000000110000000000000008000000
ruRU/patch-ruRU-4.mpq,CharSections,706673,13,0xD,40,10,81EF0A000D0000000000000003000000EFEA1C000000000000000000110000000000000009000000
ruRU/patch-ruRU-4.mpq,CharSections,706674,13,0xD,40,10,82EF0A000D000000000000000300000017EB1C00000000000000000011000000000000000A000000
ruRU/patch-ruRU-4.mpq,CharSections,706675,13,0xD,40,10,83EF0A000D00000000000000030000003FEB1C00000000000000000011000000000000000B000000
ruRU/patch-ruRU-4.mpq,CharSections,706676,13,0xD,40,10,84EF0A000D000000000000000300000067EB1C00000000000000000011000000000000000C000000
ruRU/patch-ruRU-4.mpq,CharSections,706677,13,0xD,40,10,85EF0A000D00000000000000030000008FEB1C00000000000000000011000000000000000D000000
ruRU/patch-ruRU-4.mpq,CharSections,706678,13,0xD,40,10,86EF0A000D0000000000000003000000B7EB1C00000000000000000011000000000000000E000000
ruRU/patch-ruRU-4.mpq,CharSections,706679,13,0xD,40,10,87EF0A000D000000000000000300000087E91C000000000000000000110000000100000000000000
ruRU/patch-ruRU-4.mpq,CharSections,706680,13,0xD,40,10,88EF0A000D0000000000000003000000AFE91C000000000000000000110000000100000001000000
ruRU/patch-ruRU-4.mpq,CharSections,706681,13,0xD,40,10,89EF0A000D0000000000000003000000D7E91C000000000000000000110000000100000002000000
ruRU/patch-ruRU-4.mpq,CharSections,706682,13,0xD,40,10,8AEF0A000D0000000000000003000000FFE91C000000000000000000110000000100000003000000
ruRU/patch-ruRU-4.mpq,CharSections,706683,13,0xD,40,10,8BEF0A000D000000000000000300000027EA1C000000000000000000110000000100000004000000
ruRU/patch-ruRU-4.mpq,CharSections,706684,13,0xD,40,10,8CEF0A000D00000000000000030000004FEA1C000000000000000000110000000100000005000000
ruRU/patch-ruRU-4.mpq,CharSections,706685,13,0xD,40,10,8DEF0A000D000000000000000300000077EA1C000000000000000000110000000100000006000000
ruRU/patch-ruRU-4.mpq,CharSections,706686,13,0xD,40,10,8EEF0A000D00000000000000030000009FEA1C000000000000000000110000000100000007000000
ruRU/patch-ruRU-4.mpq,CharSections,706687,13,0xD,40,10,8FEF0A000D0000000000000003000000C7EA1C000000000000000000110000000100000008000000
ruRU/patch-ruRU-4.mpq,CharSections,706688,13,0xD,40,10,90EF0A000D0000000000000003000000EFEA1C000000000000000000110000000100000009000000
ruRU/patch-ruRU-4.mpq,CharSections,706689,13,0xD,40,10,91EF0A000D000000000000000300000017EB1C00000000000000000011000000010000000A000000
ruRU/patch-ruRU-4.mpq,CharSections,706690,13,0xD,40,10,92EF0A000D00000000000000030000003FEB1C00000000000000000011000000010000000B000000
ruRU/patch-ruRU-4.mpq,CharSections,706691,13,0xD,40,10,93EF0A000D000000000000000300000067EB1C00000000000000000011000000010000000C000000
ruRU/patch-ruRU-4.mpq,CharSections,706692,13,0xD,40,10,94EF0A000D00000000000000030000008FEB1C00000000000000000011000000010000000D000000
ruRU/patch-ruRU-4.mpq,CharSections,706693,13,0xD,40,10,95EF0A000D0000000000000003000000B7EB1C00000000000000000011000000010000000E000000
ruRU/patch-ruRU-4.mpq,CharSections,706694,13,0xD,40,10,96EF0A000D000000000000000300000087E91C000000000000000000110000000200000000000000
ruRU/patch-ruRU-4.mpq,CharSections,706695,13,0xD,40,10,97EF0A000D0000000000000003000000AFE91C000000000000000000110000000200000001000000
ruRU/patch-ruRU-4.mpq,CharSections,706696,13,0xD,40,10,98EF0A000D0000000000000003000000D7E91C000000000000000000110000000200000002000000
ruRU/patch-ruRU-4.mpq,CharSections,706697,13,0xD,40,10,99EF0A000D0000000000000003000000FFE91C000000000000000000110000000200000003000000
ruRU/patch-ruRU-4.mpq,CharSections,706698,13,0xD,40,10,9AEF0A000D000000000000000300000027EA1C000000000000000000110000000200000004000000
ruRU/patch-ruRU-4.mpq,CharSections,706699,13,0xD,40,10,9BEF0A000D00000000000000030000004FEA1C000000000000000000110000000200000005000000
ruRU/patch-ruRU-4.mpq,CharSections,706700,13,0xD,40,10,9CEF0A000D000000000000000300000077EA1C000000000000000000110000000200000006000000
ruRU/patch-ruRU-4.mpq,CharSections,706701,13,0xD,40,10,9DEF0A000D00000000000000030000009FEA1C000000000000000000110000000200000007000000
ruRU/patch-ruRU-4.mpq,CharSections,706702,13,0xD,40,10,9EEF0A000D0000000000000003000000C7EA1C000000000000000000110000000200000008000000
ruRU/patch-ruRU-4.mpq,CharSections,706703,13,0xD,40,10,9FEF0A000D0000000000000003000000EFEA1C000000000000000000110000000200000009000000
ruRU/patch-ruRU-4.mpq,CharSections,706704,13,0xD,40,10,A0EF0A000D000000000000000300000017EB1C00000000000000000011000000020000000A000000
ruRU/patch-ruRU-4.mpq,CharSections,706705,13,0xD,40,10,A1EF0A000D00000000000000030000003FEB1C00000000000000000011000000020000000B000000
ruRU/patch-ruRU-4.mpq,CharSections,706706,13,0xD,40,10,A2EF0A000D000000000000000300000067EB1C00000000000000000011000000020000000C000000
ruRU/patch-ruRU-4.mpq,CharSections,706707,13,0xD,40,10,A3EF0A000D00000000000000030000008FEB1C00000000000000000011000000020000000D000000
ruRU/patch-ruRU-4.mpq,CharSections,706708,13,0xD,40,10,A4EF0A000D0000000000000003000000B7EB1C00000000000000000011000000020000000E000000
ruRU/patch-ruRU-4.mpq,CharSections,706709,13,0xD,40,10,A5EF0A000D000000000000000300000087E91C000000000000000000110000000300000000000000
ruRU/patch-ruRU-4.mpq,CharSections,706710,13,0xD,40,10,A6EF0A000D0000000000000003000000AFE91C000000000000000000110000000300000001000000
ruRU/patch-ruRU-4.mpq,CharSections,706711,13,0xD,40,10,A7EF0A000D0000000000000003000000D7E91C000000000000000000110000000300000002000000
ruRU/patch-ruRU-4.mpq,CharSections,706712,13,0xD,40,10,A8EF0A000D0000000000000003000000FFE91C000000000000000000110000000300000003000000
ruRU/patch-ruRU-4.mpq,CharSections,706713,13,0xD,40,10,A9EF0A000D000000000000000300000027EA1C000000000000000000110000000300000004000000
ruRU/patch-ruRU-4.mpq,CharSections,706714,13,0xD,40,10,AAEF0A000D00000000000000030000004FEA1C000000000000000000110000000300000005000000
ruRU/patch-ruRU-4.mpq,CharSections,706715,13,0xD,40,10,ABEF0A000D000000000000000300000077EA1C000000000000000000110000000300000006000000
ruRU/patch-ruRU-4.mpq,CharSections,706716,13,0xD,40,10,ACEF0A000D00000000000000030000009FEA1C000000000000000000110000000300000007000000
ruRU/patch-ruRU-4.mpq,CharSections,706717,13,0xD,40,10,ADEF0A000D0000000000000003000000C7EA1C000000000000000000110000000300000008000000
ruRU/patch-ruRU-4.mpq,CharSections,706718,13,0xD,40,10,AEEF0A000D0000000000000003000000EFEA1C000000000000000000110000000300000009000000
ruRU/patch-ruRU-4.mpq,CharSections,706719,13,0xD,40,10,AFEF0A000D000000000000000300000017EB1C00000000000000000011000000030000000A000000
ruRU/patch-ruRU-4.mpq,CharSections,706720,13,0xD,40,10,B0EF0A000D00000000000000030000003FEB1C00000000000000000011000000030000000B000000
ruRU/patch-ruRU-4.mpq,CharSections,706721,13,0xD,40,10,B1EF0A000D000000000000000300000067EB1C00000000000000000011000000030000000C000000
ruRU/patch-ruRU-4.mpq,CharSections,706722,13,0xD,40,10,B2EF0A000D00000000000000030000008FEB1C00000000000000000011000000030000000D000000
ruRU/patch-ruRU-4.mpq,CharSections,706723,13,0xD,40,10,B3EF0A000D0000000000000003000000B7EB1C00000000000000000011000000030000000E000000
ruRU/patch-ruRU-4.mpq,CharSections,706724,13,0xD,40,10,B4EF0A000D000000000000000300000087E91C000000000000000000110000000400000000000000
ruRU/patch-ruRU-4.mpq,CharSections,706725,13,0xD,40,10,B5EF0A000D0000000000000003000000AFE91C000000000000000000110000000400000001000000
ruRU/patch-ruRU-4.mpq,CharSections,706726,13,0xD,40,10,B6EF0A000D0000000000000003000000D7E91C000000000000000000110000000400000002000000
ruRU/patch-ruRU-4.mpq,CharSections,706727,13,0xD,40,10,B7EF0A000D0000000000000003000000FFE91C000000000000000000110000000400000003000000
ruRU/patch-ruRU-4.mpq,CharSections,706728,13,0xD,40,10,B8EF0A000D000000000000000300000027EA1C000000000000000000110000000400000004000000
ruRU/patch-ruRU-4.mpq,CharSections,706729,13,0xD,40,10,B9EF0A000D00000000000000030000004FEA1C000000000000000000110000000400000005000000
ruRU/patch-ruRU-4.mpq,CharSections,706730,13,0xD,40,10,BAEF0A000D000000000000000300000077EA1C000000000000000000110000000400000006000000
ruRU/patch-ruRU-4.mpq,CharSections,706731,13,0xD,40,10,BBEF0A000D00000000000000030000009FEA1C000000000000000000110000000400000007000000
ruRU/patch-ruRU-4.mpq,CharSections,706732,13,0xD,40,10,BCEF0A000D0000000000000003000000C7EA1C000000000000000000110000000400000008000000
ruRU/patch-ruRU-4.mpq,CharSections,706733,13,0xD,40,10,BDEF0A000D0000000000000003000000EFEA1C000000000000000000110000000400000009000000
ruRU/patch-ruRU-4.mpq,CharSections,706734,13,0xD,40,10,BEEF0A000D000000000000000300000017EB1C00000000000000000011000000040000000A000000
ruRU/patch-ruRU-4.mpq,CharSections,706735,13,0xD,40,10,BFEF0A000D00000000000000030000003FEB1C00000000000000000011000000040000000B000000
ruRU/patch-ruRU-4.mpq,CharSections,706736,13,0xD,40,10,C0EF0A000D000000000000000300000067EB1C00000000000000000011000000040000000C000000
ruRU/patch-ruRU-4.mpq,CharSections,706737,13,0xD,40,10,C1EF0A000D00000000000000030000008FEB1C00000000000000000011000000040000000D000000
ruRU/patch-ruRU-4.mpq,CharSections,706738,13,0xD,40,10,C2EF0A000D0000000000000003000000B7EB1C00000000000000000011000000040000000E000000
ruRU/patch-ruRU-4.mpq,CharSections,706739,13,0xD,40,10,C3EF0A000D0000000000000004000000000000000000000000000000110000000000000000000000
ruRU/patch-ruRU-4.mpq,CharSections,706740,13,0xD,40,10,C4EF0A000D0000000000000004000000000000000000000000000000110000000000000001000000
ruRU/patch-ruRU-4.mpq,CharSections,706741,13,0xD,40,10,C5EF0A000D0000000000000004000000000000000000000000000000110000000000000002000000
ruRU/patch-ruRU-4.mpq,CharSections,706742,13,0xD,40,10,C6EF0A000D0000000000000004000000000000000000000000000000110000000000000003000000
ruRU/patch-ruRU-4.mpq,CharSections,706743,13,0xD,40,10,C7EF0A000D0000000000000004000000000000000000000000000000110000000000000004000000
ruRU/patch-ruRU-4.mpq,CharSections,706744,13,0xD,40,10,C8EF0A000D0000000000000004000000000000000000000000000000110000000000000005000000
ruRU/patch-ruRU-4.mpq,CharSections,706745,13,0xD,40,10,C9EF0A000D0000000000000004000000000000000000000000000000110000000000000006000000
ruRU/patch-ruRU-4.mpq,CharSections,706746,13,0xD,40,10,CAEF0A000D0000000000000004000000000000000000000000000000110000000000000007000000
ruRU/patch-ruRU-4.mpq,CharSections,706747,13,0xD,40,10,CBEF0A000D0000000000000004000000000000000000000000000000110000000000000008000000
ruRU/patch-ruRU-4.mpq,CharSections,706748,13,0xD,40,10,CCEF0A000D0000000000000004000000000000000000000000000000110000000000000009000000
ruRU/patch-ruRU-4.mpq,CharSections,706749,13,0xD,40,10,CDEF0A000D000000000000000400000000000000000000000000000011000000000000000A000000
ruRU/patch-ruRU-4.mpq,CharSections,706750,13,0xD,40,10,CEEF0A000D000000000000000400000000000000000000000000000011000000000000000B000000
ruRU/patch-ruRU-4.mpq,CharSections,706751,13,0xD,40,10,CFEF0A000D000000000000000400000000000000000000000000000011000000000000000C000000
ruRU/patch-ruRU-4.mpq,CharSections,706752,13,0xD,40,10,D0EF0A000D000000000000000400000000000000000000000000000011000000000000000D000000
ruRU/patch-ruRU-4.mpq,CharSections,706753,13,0xD,40,10,D1EF0A000D000000000000000400000000000000000000000000000011000000000000000E000000
ruRU/patch-ruRU-4.mpq,CharSections,706754,13,0xD,40,10,D2EF0A000D000000000000000400000000000000000000000000000011000000000000000F000000
ruRU/patch-ruRU-4.mpq,CharSections,706755,13,0xD,40,10,D3EF0A000D0000000000000004000000000000000000000000000000110000000000000010000000
ruRU/patch-ruRU-4.mpq,CharSections,706756,13,0xD,40,10,D4EF0A000D0000000000000004000000000000000000000000000000110000000000000011000000
ruRU/patch-ruRU-4.mpq,CharSections,706757,13,0xD,40,10,D5EF0A000D0000000000000004000000000000000000000000000000110000000000000012000000
ruRU/patch-ruRU-4.mpq,CharSections,706758,13,0xD,40,10,D6EF0A000D0000000000000004000000000000000000000000000000110000000000000013000000
ruRU/patch-ruRU-4.mpq,CharSections,706759,13,0xD,40,10,D7EF0A000D0000000000000004000000000000000000000000000000110000000000000014000000
ruRU/patch-ruRU-4.mpq,CharSections,706760,13,0xD,40,10,D8EF0A000D0000000000000004000000000000000000000000000000110000000000000015000000
ruRU/patch-ruRU-4.mpq,CharSections,706761,13,0xD,40,10,D9EF0A000D0000000000000004000000000000000000000000000000110000000000000016000000
ruRU/patch-ruRU-4.mpq,CharSections,706762,13,0xD,40,10,DAEF0A000D0000000000000004000000000000000000000000000000110000000000000017000000
ruRU/patch-ruRU-4.mpq,CharSections,706763,13,0xD,40,10,DBEF0A000D0000000000000004000000000000000000000000000000110000000000000018000000
ruRU/patch-ruRU-4.mpq,CharSections,706764,13,0xD,40,10,DCEF0A000D0000000100000000000000DFEB1C0015EC1C0000000000110000000000000000000000
ruRU/patch-ruRU-4.mpq,CharSections,706765,13,0xD,40,10,DDEF0A000D000000010000000000000051EC1C0087EC1C0000000000110000000000000001000000
ruRU/patch-ruRU-4.mpq,CharSections,706766,13,0xD,40,10,DEEF0A000D0000000100000000000000C3EC1C00F9EC1C0000000000110000000000000002000000
ruRU/patch-ruRU-4.mpq,CharSections,706767,13,0xD,40,10,DFEF0A000D000000010000000000000035ED1C006BED1C0000000000110000000000000003000000
ruRU/patch-ruRU-4.mpq,CharSections,706768,13,0xD,40,10,E0EF0A000D0000000100000000000000A7ED1C00DDED1C0000000000110000000000000004000000
ruRU/patch-ruRU-4.mpq,CharSections,706769,13,0xD,40,10,E1EF0A000D000000010000000000000019EE1C004FEE1C0000000000110000000000000005000000
ruRU/patch-ruRU-4.mpq,CharSections,706770,13,0xD,40,10,E2EF0A000D00000001000000000000008BEE1C00C1EE1C0000000000110000000000000006000000
ruRU/patch-ruRU-4.mpq,CharSections,706771,13,0xD,40,10,E3EF0A000D0000000100000000000000FDEE1C0033EF1C0000000000110000000000000007000000
ruRU/patch-ruRU-4.mpq,CharSections,706772,13,0xD,40,10,E4EF0A000D00000001000000000000006FEF1C00A5EF1C0000000000110000000000000008000000
ruRU/patch-ruRU-4.mpq,CharSections,706773,13,0xD,40,10,E5EF0A000D0000000100000000000000E1EF1C0017F01C0000000000110000000000000009000000
ruRU/patch-ruRU-4.mpq,CharSections,706774,13,0xD,40,10,E6EF0A000D000000010000000000000053F01C0089F01C000000000011000000000000000A000000
ruRU/patch-ruRU-4.mpq,CharSections,706775,13,0xD,40,10,E7EF0A000D0000000100000000000000C5F01C00FBF01C000000000011000000000000000B000000
ruRU/patch-ruRU-4.mpq,CharSections,706776,13,0xD,40,10,E8EF0A000D000000010000000000000037F11C006FF11C000000000005000000000000000C000000
ruRU/patch-ruRU-4.mpq,CharSections,706777,13,0xD,40,10,E9EF0A000D0000000100000000000000ADF11C00E5F11C000000000005000000000000000D000000
ruRU/patch-ruRU-4.mpq,CharSections,706778,13,0xD,40,10,EAEF0A000D000000010000000000000023F21C005BF21C000000000005000000000000000E000000
ruRU/patch-ruRU-4.mpq,CharSections,706779,13,0xD,40,10,EBEF0A000D000000010000000000000099F21C00D1F21C000000000005000000000000000F000000
ruRU/patch-ruRU-4.mpq,CharSections,706780,13,0xD,40,10,ECEF0A000D00000001000000000000000FF31C0047F31C0000000000050000000000000010000000
ruRU/patch-ruRU-4.mpq,CharSections,706781,13,0xD,40,10,EDEF0A000D0000000100000000000000DFEB1C0085F31C0000000000110000000000000011000000
ruRU/patch-ruRU-4.mpq,CharSections,706782,13,0xD,40,10,EEEF0A000D000000010000000000000051EC1C00C1F31C0000000000110000000000000012000000
ruRU/patch-ruRU-4.mpq,CharSections,706783,13,0xD,40,10,EFEF0A000D0000000100000000000000C3EC1C00FDF31C0000000000110000000000000013000000
ruRU/patch-ruRU-4.mpq,CharSections,706784,13,0xD,40,10,F0EF0A000D000000010000000000000035ED1C0039F41C0000000000110000000000000014000000
ruRU/patch-ruRU-4.mpq,CharSections,706785,13,0xD,40,10,F1EF0A000D0000000100000000000000A7ED1C0075F41C0000000000110000000000000015000000
ruRU/patch-ruRU-4.mpq,CharSections,706786,13,0xD,40,10,F2EF0A000D000000010000000000000019EE1C00B1F41C0000000000110000000000000016000000
ruRU/patch-ruRU-4.mpq,CharSections,706787,13,0xD,40,10,F3EF0A000D00000001000000000000008BEE1C00EDF41C0000000000110000000000000017000000
ruRU/patch-ruRU-4.mpq,CharSections,706788,13,0xD,40,10,F4EF0A000D0000000100000000000000FDEE1C0029F51C0000000000110000000000000018000000
ruRU/patch-ruRU-4.mpq,CharSections,706789,13,0xD,40,10,F5EF0A000D00000001000000000000006FEF1C0065F51C0000000000110000000000000019000000
ruRU/patch-ruRU-4.mpq,CharSections,706790,13,0xD,40,10,F6EF0A000D0000000100000000000000E1EF1C00A1F51C000000000011000000000000001A000000
ruRU/patch-ruRU-4.mpq,CharSections,706791,13,0xD,40,10,F7EF0A000D000000010000000000000053F01C00DDF51C000000000011000000000000001B000000
ruRU/patch-ruRU-4.mpq,CharSections,706792,13,0xD,40,10,F8EF0A000D0000000100000000000000C5F01C0019F61C000000000011000000000000001C000000
ruRU/patch-ruRU-4.mpq,CharSections,706793,13,0xD,40,10,F9EF0A000D000000010000000000000037F11C0055F61C000000000005000000000000001D000000
ruRU/patch-ruRU-4.mpq,CharSections,706794,13,0xD,40,10,FAEF0A000D0000000100000000000000ADF11C0093F61C000000000005000000000000001E000000
ruRU/patch-ruRU-4.mpq,CharSections,706795,13,0xD,40,10,FBEF0A000D000000010000000000000023F21C00D1F61C000000000005000000000000001F000000
ruRU/patch-ruRU-4.mpq,CharSections,706796,13,0xD,40,10,FCEF0A000D000000010000000000000099F21C000FF71C0000000000050000000000000020000000
ruRU/patch-ruRU-4.mpq,CharSections,706797,13,0xD,40,10,FDEF0A000D00000001000000000000000FF31C004DF71C0000000000050000000000000021000000
ruRU/patch-ruRU-4.mpq,CharSections,706798,13,0xD,40,10,FEEF0A000D0000000100000000000000DFEB1C008BF71C0000000000110000000000000022000000
ruRU/patch-ruRU-4.mpq,CharSections,706799,13,0xD,40,10,FFEF0A000D000000010000000000000051EC1C00C7F71C0000000000110000000000000023000000
ruRU/patch-ruRU-4.mpq,CharSections,706800,13,0xD,40,10,00F00A000D0000000100000000000000C3EC1C0003F81C0000000000110000000000000024000000
ruRU/patch-ruRU-4.mpq,CharSections,706801,13,0xD,40,10,01F00A000D000000010000000000000035ED1C003FF81C0000000000110000000000000025000000
ruRU/patch-ruRU-4.mpq,CharSections,706802,13,0xD,40,10,02F00A000D0000000100000000000000A7ED1C007BF81C0000000000110000000000000026000000
ruRU/patch-ruRU-4.mpq,CharSections,706803,13,0xD,40,10,03F00A000D000000010000000000000019EE1C00B7F81C0000000000110000000000000027000000
ruRU/patch-ruRU-4.mpq,CharSections,706804,13,0xD,40,10,04F00A000D00000001000000000000008BEE1C00F3F81C0000000000110000000000000028000000
ruRU/patch-ruRU-4.mpq,CharSections,706805,13,0xD,40,10,05F00A000D0000000100000000000000FDEE1C002FF91C0000000000110000000000000029000000
ruRU/patch-ruRU-4.mpq,CharSections,706806,13,0xD,40,10,06F00A000D00000001000000000000006FEF1C006BF91C000000000011000000000000002A000000
ruRU/patch-ruRU-4.mpq,CharSections,706807,13,0xD,40,10,07F00A000D0000000100000000000000E1EF1C00A7F91C000000000011000000000000002B000000
ruRU/patch-ruRU-4.mpq,CharSections,706808,13,0xD,40,10,08F00A000D000000010000000000000053F01C00E3F91C000000000011000000000000002C000000
ruRU/patch-ruRU-4.mpq,CharSections,706809,13,0xD,40,10,09F00A000D0000000100000000000000C5F01C001FFA1C000000000011000000000000002D000000
ruRU/patch-ruRU-4.mpq,CharSections,706810,13,0xD,40,10,0AF00A000D000000010000000000000037F11C005BFA1C000000000005000000000000002E000000
ruRU/patch-ruRU-4.mpq,CharSections,706811,13,0xD,40,10,0BF00A000D0000000100000000000000ADF11C0099FA1C000000000005000000000000002F000000
ruRU/patch-ruRU-4.mpq,CharSections,706812,13,0xD,40,10,0CF00A000D000000010000000000000023F21C00D7FA1C0000000000050000000000000030000000
ruRU/patch-ruRU-4.mpq,CharSections,706813,13,0xD,40,10,0DF00A000D000000010000000000000099F21C0015FB1C0000000000050000000000000031000000
ruRU/patch-ruRU-4.mpq,CharSections,706814,13,0xD,40,10,0EF00A000D00000001000000000000000FF31C0053FB1C0000000000050000000000000032000000
ruRU/patch-ruRU-4.mpq,CharSections,706815,13,0xD,40,10,0FF00A000D0000000100000000000000DFEB1C0091FB1C0000000000110000000000000033000000
ruRU/patch-ruRU-4.mpq,CharSections,706816,13,0xD,40,10,10F00A000D000000010000000000000051EC1C00CDFB1C0000000000110000000000000034000000
ruRU/patch-ruRU-4.mpq,CharSections,706817,13,0xD,40,10,11F00A000D0000000100000000000000C3EC1C0009FC1C0000000000110000000000000035000000
ruRU/patch-ruRU-4.mpq,CharSections,706818,13,0xD,40,10,12F00A000D000000010000000000000035ED1C0045FC1C0000000000110000000000000036000000
ruRU/patch-ruRU-4.mpq,CharSections,706819,13,0xD,40,10,13F00A000D0000000100000000000000A7ED1C0081FC1C0000000000110000000000000037000000
ruRU/patch-ruRU-4.mpq,CharSections,706820,13,0xD,40,10,14F00A000D000000010000000000000019EE1C00BDFC1C0000000000110000000000000038000000
ruRU/patch-ruRU-4.mpq,CharSections,706821,13,0xD,40,10,15F00A000D00000001000000000000008BEE1C00F9FC1C0000000000110000000000000039000000
ruRU/patch-ruRU-4.mpq,CharSections,706822,13,0xD,40,10,16F00A000D0000000100000000000000FDEE1C0035FD1C000000000011000000000000003A000000
ruRU/patch-ruRU-4.mpq,CharSections,706823,13,0xD,40,10,17F00A000D00000001000000000000006FEF1C0071FD1C000000000011000000000000003B000000
ruRU/patch-ruRU-4.mpq,CharSections,706824,13,0xD,40,10,18F00A000D0000000100000000000000E1EF1C00ADFD1C000000000011000000000000003C000000
ruRU/patch-ruRU-4.mpq,CharSections,706825,13,0xD,40,10,19F00A000D000000010000000000000053F01C00E9FD1C000000000011000000000000003D000000
ruRU/patch-ruRU-4.mpq,CharSections,706826,13,0xD,40,10,1AF00A000D0000000100000000000000C5F01C0025FE1C000000000011000000000000003E000000
ruRU/patch-ruRU-4.mpq,CharSections,706827,13,0xD,40,10,1BF00A000D000000010000000000000037F11C0061FE1C000000000005000000000000003F000000
ruRU/patch-ruRU-4.mpq,CharSections,706828,13,0xD,40,10,1CF00A000D0000000100000000000000ADF11C009FFE1C0000000000050000000000000040000000
ruRU/patch-ruRU-4.mpq,CharSections,706829,13,0xD,40,10,1DF00A000D000000010000000000000023F21C00DDFE1C0000000000050000000000000041000000
ruRU/patch-ruRU-4.mpq,CharSections,706830,13,0xD,40,10,1EF00A000D000000010000000000000099F21C001BFF1C0000000000050000000000000042000000
ruRU/patch-ruRU-4.mpq,CharSections,706831,13,0xD,40,10,1FF00A000D00000001000000000000000FF31C0059FF1C0000000000050000000000000043000000
ruRU/patch-ruRU-4.mpq,CharSections,706832,13,0xD,40,10,20F00A000D0000000100000000000000DFEB1C0097FF1C0000000000110000000000000044000000
ruRU/patch-ruRU-4.mpq,CharSections,706833,13,0xD,40,10,21F00A000D000000010000000000000051EC1C00D3FF1C0000000000110000000000000045000000
ruRU/patch-ruRU-4.mpq,CharSections,706834,13,0xD,40,10,22F00A000D0000000100000000000000C3EC1C000F001D0000000000110000000000000046000000
ruRU/patch-ruRU-4.mpq,CharSections,706835,13,0xD,40,10,23F00A000D000000010000000000000035ED1C004B001D0000000000110000000000000047000000
ruRU/patch-ruRU-4.mpq,CharSections,706836,13,0xD,40,10,24F00A000D0000000100000000000000A7ED1C0087001D0000000000110000000000000048000000
ruRU/patch-ruRU-4.mpq,CharSections,706837,13,0xD,40,10,25F00A000D000000010000000000000019EE1C00C3001D0000000000110000000000000049000000
ruRU/patch-ruRU-4.mpq,CharSections,706838,13,0xD,40,10,26F00A000D00000001000000000000008BEE1C00FF001D000000000011000000000000004A000000
ruRU/patch-ruRU-4.mpq,CharSections,706839,13,0xD,40,10,27F00A000D0000000100000000000000FDEE1C003B011D000000000011000000000000004B000000
ruRU/patch-ruRU-4.mpq,CharSections,706840,13,0xD,40,10,28F00A000D00000001000000000000006FEF1C0077011D000000000011000000000000004C000000
ruRU/patch-ruRU-4.mpq,CharSections,706841,13,0xD,40,10,29F00A000D0000000100000000000000E1EF1C00B3011D000000000011000000000000004D000000
ruRU/patch-ruRU-4.mpq,CharSections,706842,13,0xD,40,10,2AF00A000D000000010000000000000053F01C00EF011D000000000011000000000000004E000000
ruRU/patch-ruRU-4.mpq,CharSections,706843,13,0xD,40,10,2BF00A000D0000000100000000000000C5F01C002B021D000000000011000000000000004F000000
ruRU/patch-ruRU-4.mpq,CharSections,706844,13,0xD,40,10,2CF00A000D000000010000000000000037F11C0067021D0000000000050000000000000050000000
ruRU/patch-ruRU-4.mpq,CharSections,706845,13,0xD,40,10,2DF00A000D0000000100000000000000ADF11C00A5021D0000000000050000000000000051000000
ruRU/patch-ruRU-4.mpq,CharSections,706846,13,0xD,40,10,2EF00A000D000000010000000000000023F21C00E3021D0000000000050000000000000052000000
ruRU/patch-ruRU-4.mpq,CharSections,706847,13,0xD,40,10,2FF00A000D000000010000000000000099F21C0021031D0000000000050000000000000053000000
ruRU/patch-ruRU-4.mpq,CharSections,706848,13,0xD,40,10,30F00A000D00000001000000000000000FF31C005F031D0000000000050000000000000054000000
ruRU/patch-ruRU-4.mpq,CharSections,706849,13,0xD,40,10,31F00A000D0000000100000000000000DFEB1C009D031D0000000000110000000000000055000000
ruRU/patch-ruRU-4.mpq,CharSections,706850,13,0xD,40,10,32F00A000D000000010000000000000051EC1C00D9031D0000000000110000000000000056000000
ruRU/patch-ruRU-4.mpq,CharSections,706851,13,0xD,40,10,33F00A000D0000000100000000000000C3EC1C0015041D0000000000110000000000000057000000
ruRU/patch-ruRU-4.mpq,CharSections,706852,13,0xD,40,10,34F00A000D000000010000000000000035ED1C0051041D0000000000110000000000000058000000
ruRU/patch-ruRU-4.mpq,CharSections,706853,13,0xD,40,10,35F00A000D0000000100000000000000A7ED1C008D041D0000000000110000000000000059000000
ruRU/patch-ruRU-4.mpq,CharSections,706854,13,0xD,40,10,36F00A000D000000010000000000000019EE1C00C9041D000000000011000000000000005A000000
ruRU/patch-ruRU-4.mpq,CharSections,706855,13,0xD,40,10,37F00A000D00000001000000000000008BEE1C0005051D000000000011000000000000005B000000
ruRU/patch-ruRU-4.mpq,CharSections,706856,13,0xD,40,10,38F00A000D0000000100000000000000FDEE1C0041051D000000000011000000000000005C000000
ruRU/patch-ruRU-4.mpq,CharSections,706857,13,0xD,40,10,39F00A000D00000001000000000000006FEF1C007D051D000000000011000000000000005D000000
ruRU/patch-ruRU-4.mpq,CharSections,706858,13,0xD,40,10,3AF00A000D0000000100000000000000E1EF1C00B9051D000000000011000000000000005E000000
ruRU/patch-ruRU-4.mpq,CharSections,706859,13,0xD,40,10,3BF00A000D000000010000000000000053F01C00F5051D000000000011000000000000005F000000
ruRU/patch-ruRU-4.mpq,CharSections,706860,13,0xD,40,10,3CF00A000D0000000100000000000000C5F01C0031061D0000000000110000000000000060000000
ruRU/patch-ruRU-4.mpq,CharSections,706861,13,0xD,40,10,3DF00A000D000000010000000000000037F11C006D061D0000000000050000000000000061000000
ruRU/patch-ruRU-4.mpq,CharSections,706862,13,0xD,40,10,3EF00A000D0000000100000000000000ADF11C00AB061D0000000000050000000000000062000000
ruRU/patch-ruRU-4.mpq,CharSections,706863,13,0xD,40,10,3FF00A000D000000010000000000000023F21C00E9061D0000000000050000000000000063000000
ruRU/patch-ruRU-4.mpq,CharSections,706864,13,0xD,40,10,40F00A000D000000010000000000000099F21C0027071D0000000000050000000000000064000000
ruRU/patch-ruRU-4.mpq,CharSections,706865,13,0xD,40,10,41F00A000D00000001000000000000000FF31C0065071D0000000000050000000000000065000000
ruRU/patch-ruRU-4.mpq,CharSections,706866,13,0xD,40,10,42F00A000D0000000100000000000000DFEB1C00A3071D0000000000110000000000000066000000
ruRU/patch-ruRU-4.mpq,CharSections,706867,13,0xD,40,10,43F00A000D000000010000000000000051EC1C00DF071D0000000000110000000000000067000000
ruRU/patch-ruRU-4.mpq,CharSections,706868,13,0xD,40,10,44F00A000D0000000100000000000000C3EC1C001B081D0000000000110000000000000068000000
ruRU/patch-ruRU-4.mpq,CharSections,706869,13,0xD,40,10,45F00A000D000000010000000000000035ED1C0057081D0000000000110000000000000069000000
ruRU/patch-ruRU-4.mpq,CharSections,706870,13,0xD,40,10,46F00A000D0000000100000000000000A7ED1C0093081D000000000011000000000000006A000000
ruRU/patch-ruRU-4.mpq,CharSections,706871,13,0xD,40,10,47F00A000D000000010000000000000019EE1C00CF081D000000000011000000000000006B000000
ruRU/patch-ruRU-4.mpq,CharSections,706872,13,0xD,40,10,48F00A000D00000001000000000000008BEE1C000B091D000000000011000000000000006C000000
ruRU/patch-ruRU-4.mpq,CharSections,706873,13,0xD,40,10,49F00A000D0000000100000000000000FDEE1C0047091D000000000011000000000000006D000000
ruRU/patch-ruRU-4.mpq,CharSections,706874,13,0xD,40,10,4AF00A000D00000001000000000000006FEF1C0083091D000000000011000000000000006E000000
ruRU/patch-ruRU-4.mpq,CharSections,706875,13,0xD,40,10,4BF00A000D0000000100000000000000E1EF1C00BF091D000000000011000000000000006F000000
ruRU/patch-ruRU-4.mpq,CharSections,706876,13,0xD,40,10,4CF00A000D000000010000000000000053F01C00FB091D0000000000110000000000000070000000
ruRU/patch-ruRU-4.mpq,CharSections,706877,13,0xD,40,10,4DF00A000D0000000100000000000000C5F01C00370A1D0000000000110000000000000071000000
ruRU/patch-ruRU-4.mpq,CharSections,706878,13,0xD,40,10,4EF00A000D000000010000000000000037F11C00730A1D0000000000050000000000000072000000
ruRU/patch-ruRU-4.mpq,CharSections,706879,13,0xD,40,10,4FF00A000D0000000100000000000000ADF11C00B10A1D0000000000050000000000000073000000
ruRU/patch-ruRU-4.mpq,CharSections,706880,13,0xD,40,10,50F00A000D000000010000000000000023F21C00EF0A1D0000000000050000000000000074000000
ruRU/patch-ruRU-4.mpq,CharSections,706881,13,0xD,40,10,51F00A000D000000010000000000000099F21C002D0B1D0000000000050000000000000075000000
ruRU/patch-ruRU-4.mpq,CharSections,706882,13,0xD,40,10,52F00A000D00000001000000000000000FF31C006B0B1D0000000000050000000000000076000000
ruRU/patch-ruRU-4.mpq,CharSections,706883,13,0xD,40,10,53F00A000D0000000100000000000000DFEB1C00A90B1D0000000000110000000000000077000000
ruRU/patch-ruRU-4.mpq,CharSections,706884,13,0xD,40,10,54F00A000D000000010000000000000051EC1C00E50B1D0000000000110000000000000078000000
ruRU/patch-ruRU-4.mpq,CharSections,706885,13,0xD,40,10,55F00A000D0000000100000000000000C3EC1C00210C1D0000000000110000000000000079000000
ruRU/patch-ruRU-4.mpq,CharSections,706886,13,0xD,40,10,56F00A000D000000010000000000000035ED1C005D0C1D000000000011000000000000007A000000
ruRU/patch-ruRU-4.mpq,CharSections,706887,13,0xD,40,10,57F00A000D0000000100000000000000A7ED1C00990C1D000000000011000000000000007B000000
ruRU/patch-ruRU-4.mpq,CharSections,706888,13,0xD,40,10,58F00A000D000000010000000000000019EE1C00D50C1D000000000011000000000000007C000000
ruRU/patch-ruRU-4.mpq,CharSections,706889,13,0xD,40,10,59F00A000D00000001000000000000008BEE1C00110D1D000000000011000000000000007D000000
ruRU/patch-ruRU-4.mpq,CharSections,706890,13,0xD,40,10,5AF00A000D0000000100000000000000FDEE1C004D0D1D000000000011000000000000007E000000
ruRU/patch-ruRU-4.mpq,CharSections,706891,13,0xD,40,10,5BF00A000D00000001000000000000006FEF1C00890D1D000000000011000000000000007F000000
ruRU/patch-ruRU-4.mpq,CharSections,706892,13,0xD,40,10,5CF00A000D0000000100000000000000E1EF1C00C50D1D0000000000110000000000000080000000
ruRU/patch-ruRU-4.mpq,CharSections,706893,13,0xD,40,10,5DF00A000D000000010000000000000053F01C00010E1D0000000000110000000000000081000000
ruRU/patch-ruRU-4.mpq,CharSections,706894,13,0xD,40,10,5EF00A000D0000000100000000000000C5F01C003D0E1D0000000000110000000000000082000000
ruRU/patch-ruRU-4.mpq,CharSections,706895,13,0xD,40,10,5FF00A000D000000010000000000000037F11C00790E1D0000000000050000000000000083000000
ruRU/patch-ruRU-4.mpq,CharSections,706896,13,0xD,40,10,60F00A000D0000000100000000000000ADF11C00B70E1D0000000000050000000000000084000000
ruRU/patch-ruRU-4.mpq,CharSections,706897,13,0xD,40,10,61F00A000D000000010000000000000023F21C00F50E1D0000000000050000000000000085000000
ruRU/patch-ruRU-4.mpq,CharSections,706898,13,0xD,40,10,62F00A000D000000010000000000000099F21C00330F1D0000000000050000000000000086000000
ruRU/patch-ruRU-4.mpq,CharSections,706899,13,0xD,40,10,63F00A000D00000001000000000000000FF31C00710F1D0000000000050000000000000087000000
ruRU/patch-ruRU-4.mpq,CharSections,706900,13,0xD,40,10,64F00A000D0000000100000000000000DFEB1C00AF0F1D0000000000110000000000000088000000
ruRU/patch-ruRU-4.mpq,CharSections,706901,13,0xD,40,10,65F00A000D000000010000000000000051EC1C00EB0F1D0000000000110000000000000089000000
ruRU/patch-ruRU-4.mpq,CharSections,706902,13,0xD,40,10,66F00A000D0000000100000000000000C3EC1C0027101D000000000011000000000000008A000000
ruRU/patch-ruRU-4.mpq,CharSections,706903,13,0xD,40,10,67F00A000D000000010000000000000035ED1C0063101D000000000011000000000000008B000000
ruRU/patch-ruRU-4.mpq,CharSections,706904,13,0xD,40,10,68F00A000D0000000100000000000000A7ED1C009F101D000000000011000000000000008C000000
ruRU/patch-ruRU-4.mpq,CharSections,706905,13,0xD,40,10,69F00A000D000000010000000000000019EE1C00DB101D000000000011000000000000008D000000
ruRU/patch-ruRU-4.mpq,CharSections,706906,13,0xD,40,10,6AF00A000D00000001000000000000008BEE1C0017111D000000000011000000000000008E000000
ruRU/patch-ruRU-4.mpq,CharSections,706907,13,0xD,40,10,6BF00A000D0000000100000000000000FDEE1C0053111D000000000011000000000000008F000000
ruRU/patch-ruRU-4.mpq,CharSections,706908,13,0xD,40,10,6CF00A000D00000001000000000000006FEF1C008F111D0000000000110000000000000090000000
ruRU/patch-ruRU-4.mpq,CharSections,706909,13,0xD,40,10,6DF00A000D0000000100000000000000E1EF1C00CB111D0000000000110000000000000091000000
ruRU/patch-ruRU-4.mpq,CharSections,706910,13,0xD,40,10,6EF00A000D000000010000000000000053F01C0007121D0000000000110000000000000092000000
ruRU/patch-ruRU-4.mpq,CharSections,706911,13,0xD,40,10,6FF00A000D0000000100000000000000C5F01C0043121D0000000000110000000000000093000000
ruRU/patch-ruRU-4.mpq,CharSections,706912,13,0xD,40,10,70F00A000D000000010000000000000037F11C007F121D0000000000050000000000000094000000
ruRU/patch-ruRU-4.mpq,CharSections,706913,13,0xD,40,10,71F00A000D0000000100000000000000ADF11C00BD121D0000000000050000000000000095000000
ruRU/patch-ruRU-4.mpq,CharSections,706914,13,0xD,40,10,72F00A000D000000010000000000000023F21C00FB121D0000000000050000000000000096000000
ruRU/patch-ruRU-4.mpq,CharSections,706915,13,0xD,40,10,73F00A000D000000010000000000000099F21C0039131D0000000000050000000000000097000000
ruRU/patch-ruRU-4.mpq,CharSections,706916,13,0xD,40,10,74F00A000D00000001000000000000000FF31C0077131D0000000000050000000000000098000000
ruRU/patch-ruRU-4.mpq,CharSections,706917,13,0xD,40,10,75F00A000D0000000100000000000000DFEB1C00B5131D0000000000110000000000000099000000
ruRU/patch-ruRU-4.mpq,CharSections,706918,13,0xD,40,10,76F00A000D000000010000000000000051EC1C00F1131D000000000011000000000000009A000000
ruRU/patch-ruRU-4.mpq,CharSections,706919,13,0xD,40,10,77F00A000D0000000100000000000000C3EC1C002D141D000000000011000000000000009B000000
ruRU/patch-ruRU-4.mpq,CharSections,706920,13,0xD,40,10,78F00A000D000000010000000000000035ED1C0069141D000000000011000000000000009C000000
ruRU/patch-ruRU-4.mpq,CharSections,706921,13,0xD,40,10,79F00A000D0000000100000000000000A7ED1C00A5141D000000000011000000000000009D000000
ruRU/patch-ruRU-4.mpq,CharSections,706922,13,0xD,40,10,7AF00A000D000000010000000000000019EE1C00E1141D000000000011000000000000009E000000
ruRU/patch-ruRU-4.mpq,CharSections,706923,13,0xD,40,10,7BF00A000D00000001000000000000008BEE1C001D151D000000000011000000000000009F000000
ruRU/patch-ruRU-4.mpq,CharSections,706924,13,0xD,40,10,7CF00A000D0000000100000000000000FDEE1C0059151D00000000001100000000000000A0000000
ruRU/patch-ruRU-4.mpq,CharSections,706925,13,0xD,40,10,7DF00A000D00000001000000000000006FEF1C0095151D00000000001100000000000000A1000000
ruRU/patch-ruRU-4.mpq,CharSections,706926,13,0xD,40,10,7EF00A000D0000000100000000000000E1EF1C00D1151D00000000001100000000000000A2000000
ruRU/patch-ruRU-4.mpq,CharSections,706927,13,0xD,40,10,7FF00A000D000000010000000000000053F01C000D161D00000000001100000000000000A3000000
ruRU/patch-ruRU-4.mpq,CharSections,706928,13,0xD,40,10,80F00A000D0000000100000000000000C5F01C0049161D00000000001100000000000000A4000000
ruRU/patch-ruRU-4.mpq,CharSections,706929,13,0xD,40,10,81F00A000D000000010000000000000037F11C0085161D00000000000500000000000000A5000000
ruRU/patch-ruRU-4.mpq,CharSections,706930,13,0xD,40,10,82F00A000D0000000100000000000000ADF11C00C3161D00000000000500000000000000A6000000
ruRU/patch-ruRU-4.mpq,CharSections,706931,13,0xD,40,10,83F00A000D000000010000000000000023F21C0001171D00000000000500000000000000A7000000
ruRU/patch-ruRU-4.mpq,CharSections,706932,13,0xD,40,10,84F00A000D000000010000000000000099F21C003F171D00000000000500000000000000A8000000
ruRU/patch-ruRU-4.mpq,CharSections,706933,13,0xD,40,10,85F00A000D00000001000000000000000FF31C007D171D00000000000500000000000000A9000000
ruRU/patch-ruRU-4.mpq,CharSections,706934,13,0xD,40,10,86F00A000D0000000100000000000000DFEB1C00BB171D00000000001100000000000000AA000000
ruRU/patch-ruRU-4.mpq,CharSections,706935,13,0xD,40,10,87F00A000D000000010000000000000051EC1C00F7171D00000000001100000000000000AB000000
ruRU/patch-ruRU-4.mpq,CharSections,706936,13,0xD,40,10,88F00A000D0000000100000000000000C3EC1C0033181D00000000001100000000000000AC000000
ruRU/patch-ruRU-4.mpq,CharSections,706937,13,0xD,40,10,89F00A000D000000010000000000000035ED1C006F181D00000000001100000000000000AD000000
ruRU/patch-ruRU-4.mpq,CharSections,706938,13,0xD,40,10,8AF00A000D0000000100000000000000A7ED1C00AB181D00000000001100000000000000AE000000
ruRU/patch-ruRU-4.mpq,CharSections,706939,13,0xD,40,10,8BF00A000D000000010000000000000019EE1C00E7181D00000000001100000000000000AF000000
ruRU/patch-ruRU-4.mpq,CharSections,706940,13,0xD,40,10,8CF00A000D00000001000000000000008BEE1C0023191D00000000001100000000000000B0000000
ruRU/patch-ruRU-4.mpq,CharSections,706941,13,0xD,40,10,8DF00A000D0000000100000000000000FDEE1C005F191D00000000001100000000000000B1000000
ruRU/patch-ruRU-4.mpq,CharSections,706942,13,0xD,40,10,8EF00A000D00000001000000000000006FEF1C009B191D00000000001100000000000000B2000000
ruRU/patch-ruRU-4.mpq,CharSections,706943,13,0xD,40,10,8FF00A000D0000000100000000000000E1EF1C00D7191D00000000001100000000000000B3000000
ruRU/patch-ruRU-4.mpq,CharSections,706944,13,0xD,40,10,90F00A000D000000010000000000000053F01C00131A1D00000000001100000000000000B4000000
ruRU/patch-ruRU-4.mpq,CharSections,706945,13,0xD,40,10,91F00A000D0000000100000000000000C5F01C004F1A1D00000000001100000000000000B5000000
ruRU/patch-ruRU-4.mpq,CharSections,706946,13,0xD,40,10,92F00A000D000000010000000000000037F11C008B1A1D00000000000500000000000000B6000000
ruRU/patch-ruRU-4.mpq,CharSections,706947,13,0xD,40,10,93F00A000D0000000100000000000000ADF11C00C91A1D00000000000500000000000000B7000000
ruRU/patch-ruRU-4.mpq,CharSections,706948,13,0xD,40,10,94F00A000D000000010000000000000023F21C00071B1D00000000000500000000000000B8000000
ruRU/patch-ruRU-4.mpq,CharSections,706949,13,0xD,40,10,95F00A000D000000010000000000000099F21C00451B1D00000000000500000000000000B9000000
ruRU/patch-ruRU-4.mpq,CharSections,706950,13,0xD,40,10,96F00A000D00000001000000000000000FF31C00831B1D00000000000500000000000000BA000000
ruRU/patch-ruRU-4.mpq,CharSections,706951,13,0xD,40,10,97F00A000D0000000100000000000000DFEB1C00C11B1D00000000001100000000000000BB000000
ruRU/patch-ruRU-4.mpq,CharSections,706952,13,0xD,40,10,98F00A000D000000010000000000000051EC1C00FD1B1D00000000001100000000000000BC000000
ruRU/patch-ruRU-4.mpq,CharSections,706953,13,0xD,40,10,99F00A000D0000000100000000000000C3EC1C00391C1D00000000001100000000000000BD000000
ruRU/patch-ruRU-4.mpq,CharSections,706954,13,0xD,40,10,9AF00A000D000000010000000000000035ED1C00751C1D00000000001100000000000000BE000000
ruRU/patch-ruRU-4.mpq,CharSections,706955,13,0xD,40,10,9BF00A000D0000000100000000000000A7ED1C00B11C1D00000000001100000000000000BF000000
ruRU/patch-ruRU-4.mpq,CharSections,706956,13,0xD,40,10,9CF00A000D000000010000000000000019EE1C00ED1C1D00000000001100000000000000C0000000
ruRU/patch-ruRU-4.mpq,CharSections,706957,13,0xD,40,10,9DF00A000D00000001000000000000008BEE1C00291D1D00000000001100000000000000C1000000
ruRU/patch-ruRU-4.mpq,CharSections,706958,13,0xD,40,10,9EF00A000D0000000100000000000000FDEE1C00651D1D00000000001100000000000000C2000000
ruRU/patch-ruRU-4.mpq,CharSections,706959,13,0xD,40,10,9FF00A000D00000001000000000000006FEF1C00A11D1D00000000001100000000000000C3000000
ruRU/patch-ruRU-4.mpq,CharSections,706960,13,0xD,40,10,A0F00A000D0000000100000000000000E1EF1C00DD1D1D00000000001100000000000000C4000000
ruRU/patch-ruRU-4.mpq,CharSections,706961,13,0xD,40,10,A1F00A000D000000010000000000000053F01C00191E1D00000000001100000000000000C5000000
ruRU/patch-ruRU-4.mpq,CharSections,706962,13,0xD,40,10,A2F00A000D0000000100000000000000C5F01C00551E1D00000000001100000000000000C6000000
ruRU/patch-ruRU-4.mpq,CharSections,706963,13,0xD,40,10,A3F00A000D000000010000000000000037F11C00911E1D00000000000500000000000000C7000000
ruRU/patch-ruRU-4.mpq,CharSections,706964,13,0xD,40,10,A4F00A000D0000000100000000000000ADF11C00CF1E1D00000000000500000000000000C8000000
ruRU/patch-ruRU-4.mpq,CharSections,706965,13,0xD,40,10,A5F00A000D000000010000000000000023F21C000D1F1D00000000000500000000000000C9000000
ruRU/patch-ruRU-4.mpq,CharSections,706966,13,0xD,40,10,A6F00A000D000000010000000000000099F21C004B1F1D00000000000500000000000000CA000000
ruRU/patch-ruRU-4.mpq,CharSections,706967,13,0xD,40,10,A7F00A000D00000001000000000000000FF31C00891F1D00000000000500000000000000CB000000
ruRU/patch-ruRU-4.mpq,CharSections,706968,13,0xD,40,10,A8F00A000D0000000100000000000000DFEB1C00C71F1D00000000001100000000000000CC000000
ruRU/patch-ruRU-4.mpq,CharSections,706969,13,0xD,40,10,A9F00A000D000000010000000000000051EC1C0003201D00000000001100000000000000CD000000
ruRU/patch-ruRU-4.mpq,CharSections,706970,13,0xD,40,10,AAF00A000D0000000100000000000000C3EC1C003F201D00000000001100000000000000CE000000
ruRU/patch-ruRU-4.mpq,CharSections,706971,13,0xD,40,10,ABF00A000D000000010000000000000035ED1C007B201D00000000001100000000000000CF000000
ruRU/patch-ruRU-4.mpq,CharSections,706972,13,0xD,40,10,ACF00A000D0000000100000000000000A7ED1C00B7201D00000000001100000000000000D0000000
ruRU/patch-ruRU-4.mpq,CharSections,706973,13,0xD,40,10,ADF00A000D000000010000000000000019EE1C00F3201D00000000001100000000000000D1000000
ruRU/patch-ruRU-4.mpq,CharSections,706974,13,0xD,40,10,AEF00A000D00000001000000000000008BEE1C002F211D00000000001100000000000000D2000000
ruRU/patch-ruRU-4.mpq,CharSections,706975,13,0xD,40,10,AFF00A000D0000000100000000000000FDEE1C006B211D00000000001100000000000000D3000000
ruRU/patch-ruRU-4.mpq,CharSections,706976,13,0xD,40,10,B0F00A000D00000001000000000000006FEF1C00A7211D00000000001100000000000000D4000000
ruRU/patch-ruRU-4.mpq,CharSections,706977,13,0xD,40,10,B1F00A000D0000000100000000000000E1EF1C00E3211D00000000001100000000000000D5000000
ruRU/patch-ruRU-4.mpq,CharSections,706978,13,0xD,40,10,B2F00A000D000000010000000000000053F01C001F221D00000000001100000000000000D6000000
ruRU/patch-ruRU-4.mpq,CharSections,706979,13,0xD,40,10,B3F00A000D0000000100000000000000C5F01C005B221D00000000001100000000000000D7000000
ruRU/patch-ruRU-4.mpq,CharSections,706980,13,0xD,40,10,B4F00A000D000000010000000000000037F11C0097221D00000000000500000000000000D8000000
ruRU/patch-ruRU-4.mpq,CharSections,706981,13,0xD,40,10,B5F00A000D0000000100000000000000ADF11C00D5221D00000000000500000000000000D9000000
ruRU/patch-ruRU-4.mpq,CharSections,706982,13,0xD,40,10,B6F00A000D000000010000000000000023F21C0013231D00000000000500000000000000DA000000
ruRU/patch-ruRU-4.mpq,CharSections,706983,13,0xD,40,10,B7F00A000D000000010000000000000099F21C0051231D00000000000500000000000000DB000000
ruRU/patch-ruRU-4.mpq,CharSections,706984,13,0xD,40,10,B8F00A000D00000001000000000000000FF31C008F231D00000000000500000000000000DC000000
ruRU/patch-ruRU-4.mpq,CharSections,706985,13,0xD,40,10,B9F00A000D0000000100000000000000DFEB1C00CD231D00000000001100000000000000DD000000
ruRU/patch-ruRU-4.mpq,CharSections,706986,13,0xD,40,10,BAF00A000D000000010000000000000051EC1C0009241D00000000001100000000000000DE000000
ruRU/patch-ruRU-4.mpq,CharSections,706987,13,0xD,40,10,BBF00A000D0000000100000000000000C3EC1C0045241D00000000001100000000000000DF000000
ruRU/patch-ruRU-4.mpq,CharSections,706988,13,0xD,40,10,BCF00A000D000000010000000000000035ED1C0081241D00000000001100000000000000E0000000
ruRU/patch-ruRU-4.mpq,CharSections,706989,13,0xD,40,10,BDF00A000D0000000100000000000000A7ED1C00BD241D00000000001100000000000000E1000000
ruRU/patch-ruRU-4.mpq,CharSections,706990,13,0xD,40,10,BEF00A000D000000010000000000000019EE1C00F9241D00000000001100000000000000E2000000
ruRU/patch-ruRU-4.mpq,CharSections,706991,13,0xD,40,10,BFF00A000D00000001000000000000008BEE1C0035251D00000000001100000000000000E3000000
ruRU/patch-ruRU-4.mpq,CharSections,706992,13,0xD,40,10,C0F00A000D0000000100000000000000FDEE1C0071251D00000000001100000000000000E4000000
ruRU/patch-ruRU-4.mpq,CharSections,706993,13,0xD,40,10,C1F00A000D00000001000000000000006FEF1C00AD251D00000000001100000000000000E5000000
ruRU/patch-ruRU-4.mpq,CharSections,706994,13,0xD,40,10,C2F00A000D0000000100000000000000E1EF1C00E9251D00000000001100000000000000E6000000
ruRU/patch-ruRU-4.mpq,CharSections,706995,13,0xD,40,10,C3F00A000D000000010000000000000053F01C0025261D00000000001100000000000000E7000000
ruRU/patch-ruRU-4.mpq,CharSections,706996,13,0xD,40,10,C4F00A000D0000000100000000000000C5F01C0061261D00000000001100000000000000E8000000
ruRU/patch-ruRU-4.mpq,CharSections,706997,13,0xD,40,10,C5F00A000D000000010000000000000037F11C009D261D00000000000500000000000000E9000000
ruRU/patch-ruRU-4.mpq,CharSections,706998,13,0xD,40,10,C6F00A000D0000000100000000000000ADF11C00DB261D00000000000500000000000000EA000000
ruRU/patch-ruRU-4.mpq,CharSections,706999,13,0xD,40,10,C7F00A000D000000010000000000000023F21C0019271D00000000000500000000000000EB000000
ruRU/patch-ruRU-4.mpq,CharSections,707000,13,0xD,40,10,C8F00A000D000000010000000000000099F21C0057271D00000000000500000000000000EC000000
ruRU/patch-ruRU-4.mpq,CharSections,707001,13,0xD,40,10,C9F00A000D00000001000000000000000FF31C0095271D00000000000500000000000000ED000000
ruRU/patch-ruRU-4.mpq,CharSections,707002,13,0xD,40,10,CAF00A000D0000000100000000000000DFEB1C00D3271D00000000001100000000000000EE000000
ruRU/patch-ruRU-4.mpq,CharSections,707003,13,0xD,40,10,CBF00A000D000000010000000000000051EC1C000F281D00000000001100000000000000EF000000
ruRU/patch-ruRU-4.mpq,CharSections,707004,13,0xD,40,10,CCF00A000D0000000100000000000000C3EC1C004B281D00000000001100000000000000F0000000
ruRU/patch-ruRU-4.mpq,CharSections,707005,13,0xD,40,10,CDF00A000D000000010000000000000035ED1C0087281D00000000001100000000000000F1000000
ruRU/patch-ruRU-4.mpq,CharSections,707006,13,0xD,40,10,CEF00A000D0000000100000000000000A7ED1C00C3281D00000000001100000000000000F2000000
ruRU/patch-ruRU-4.mpq,CharSections,707007,13,0xD,40,10,CFF00A000D000000010000000000000019EE1C00FF281D00000000001100000000000000F3000000
ruRU/patch-ruRU-4.mpq,CharSections,707008,13,0xD,40,10,D0F00A000D00000001000000000000008BEE1C003B291D00000000001100000000000000F4000000
ruRU/patch-ruRU-4.mpq,CharSections,707009,13,0xD,40,10,D1F00A000D0000000100000000000000FDEE1C0077291D00000000001100000000000000F5000000
ruRU/patch-ruRU-4.mpq,CharSections,707010,13,0xD,40,10,D2F00A000D00000001000000000000006FEF1C00B3291D00000000001100000000000000F6000000
ruRU/patch-ruRU-4.mpq,CharSections,707011,13,0xD,40,10,D3F00A000D0000000100000000000000E1EF1C00EF291D00000000001100000000000000F7000000
ruRU/patch-ruRU-4.mpq,CharSections,707012,13,0xD,40,10,D4F00A000D000000010000000000000053F01C002B2A1D00000000001100000000000000F8000000
ruRU/patch-ruRU-4.mpq,CharSections,707013,13,0xD,40,10,D5F00A000D0000000100000000000000C5F01C00672A1D00000000001100000000000000F9000000
ruRU/patch-ruRU-4.mpq,CharSections,707014,13,0xD,40,10,D6F00A000D000000010000000000000037F11C00A32A1D00000000000500000000000000FA000000
ruRU/patch-ruRU-4.mpq,CharSections,707015,13,0xD,40,10,D7F00A000D0000000100000000000000ADF11C00E12A1D00000000000500000000000000FB000000
ruRU/patch-ruRU-4.mpq,CharSections,707016,13,0xD,40,10,D8F00A000D000000010000000000000023F21C001F2B1D00000000000500000000000000FC000000
ruRU/patch-ruRU-4.mpq,CharSections,707017,13,0xD,40,10,D9F00A000D000000010000000000000099F21C005D2B1D00000000000500000000000000FD000000
ruRU/patch-ruRU-4.mpq,CharSections,707018,13,0xD,40,10,DAF00A000D00000001000000000000000FF31C009B2B1D00000000000500000000000000FE000000
ruRU/patch-ruRU-4.mpq,CharSections,707019,13,0xD,40,10,DBF00A000D0000000100000001000000D92B1D00142C1D0000000000110000000000000000000000
ruRU/patch-ruRU-4.mpq,CharSections,707020,13,0xD,40,10,DCF00A000D00000001000000010000004F2C1D008A2C1D0000000000110000000000000001000000
ruRU/patch-ruRU-4.mpq,CharSections,707021,13,0xD,40,10,DDF00A000D0000000100000001000000C52C1D00002D1D0000000000110000000000000002000000
ruRU/patch-ruRU-4.mpq,CharSections,707022,13,0xD,40,10,DEF00A000D00000001000000010000003B2D1D00762D1D0000000000110000000000000003000000
ruRU/patch-ruRU-4.mpq,CharSections,707023,13,0xD,40,10,DFF00A000D0000000100000001000000B12D1D00EC2D1D0000000000110000000000000004000000
ruRU/patch-ruRU-4.mpq,CharSections,707024,13,0xD,40,10,E0F00A000D0000000100000001000000272E1D00622E1D0000000000110000000000000005000000
ruRU/patch-ruRU-4.mpq,CharSections,707025,13,0xD,40,10,E1F00A000D00000001000000010000009D2E1D00D82E1D0000000000110000000000000006000000
ruRU/patch-ruRU-4.mpq,CharSections,707026,13,0xD,40,10,E2F00A000D0000000100000001000000132F1D004E2F1D0000000000110000000000000007000000
ruRU/patch-ruRU-4.mpq,CharSections,707027,13,0xD,40,10,E3F00A000D0000000100000001000000892F1D00C42F1D0000000000110000000000000008000000
ruRU/patch-ruRU-4.mpq,CharSections,707028,13,0xD,40,10,E4F00A000D0000000100000001000000FF2F1D003A301D0000000000110000000000000009000000
ruRU/patch-ruRU-4.mpq,CharSections,707029,13,0xD,40,10,E5F00A000D000000010000000100000075301D00B0301D000000000011000000000000000A000000
ruRU/patch-ruRU-4.mpq,CharSections,707030,13,0xD,40,10,E6F00A000D0000000100000001000000EB301D0026311D000000000011000000000000000B000000
ruRU/patch-ruRU-4.mpq,CharSections,707031,13,0xD,40,10,E7F00A000D000000010000000100000061311D009E311D000000000005000000000000000C000000
ruRU/patch-ruRU-4.mpq,CharSections,707032,13,0xD,40,10,E8F00A000D0000000100000001000000DB311D0018321D000000000005000000000000000D000000
ruRU/patch-ruRU-4.mpq,CharSections,707033,13,0xD,40,10,E9F00A000D000000010000000100000055321D0092321D000000000005000000000000000E000000
ruRU/patch-ruRU-4.mpq,CharSections,707034,13,0xD,40,10,EAF00A000D0000000100000001000000CF321D000C331D000000000005000000000000000F000000
ruRU/patch-ruRU-4.mpq,CharSections,707035,13,0xD,40,10,EBF00A000D000000010000000100000049331D0086331D0000000000050000000000000010000000
ruRU/patch-ruRU-4.mpq,CharSections,707036,13,0xD,40,10,ECF00A000D0000000100000001000000D92B1D00142C1D0000000000110000000000000011000000
ruRU/patch-ruRU-4.mpq,CharSections,707037,13,0xD,40,10,EDF00A000D00000001000000010000004F2C1D008A2C1D0000000000110000000000000012000000
ruRU/patch-ruRU-4.mpq,CharSections,707038,13,0xD,40,10,EEF00A000D0000000100000001000000C52C1D00002D1D0000000000110000000000000013000000
ruRU/patch-ruRU-4.mpq,CharSections,707039,13,0xD,40,10,EFF00A000D00000001000000010000003B2D1D00762D1D0000000000110000000000000014000000
ruRU/patch-ruRU-4.mpq,CharSections,707040,13,0xD,40,10,F0F00A000D0000000100000001000000B12D1D00EC2D1D0000000000110000000000000015000000
ruRU/patch-ruRU-4.mpq,CharSections,707041,13,0xD,40,10,F1F00A000D0000000100000001000000272E1D00622E1D0000000000110000000000000016000000
ruRU/patch-ruRU-4.mpq,CharSections,707042,13,0xD,40,10,F2F00A000D00000001000000010000009D2E1D00D82E1D0000000000110000000000000017000000
ruRU/patch-ruRU-4.mpq,CharSections,707043,13,0xD,40,10,F3F00A000D0000000100000001000000132F1D004E2F1D0000000000110000000000000018000000
ruRU/patch-ruRU-4.mpq,CharSections,707044,13,0xD,40,10,F4F00A000D0000000100000001000000892F1D00C42F1D0000000000110000000000000019000000
ruRU/patch-ruRU-4.mpq,CharSections,707045,13,0xD,40,10,F5F00A000D0000000100000001000000FF2F1D003A301D000000000011000000000000001A000000
ruRU/patch-ruRU-4.mpq,CharSections,707046,13,0xD,40,10,F6F00A000D000000010000000100000075301D00B0301D000000000011000000000000001B000000
ruRU/patch-ruRU-4.mpq,CharSections,707047,13,0xD,40,10,F7F00A000D0000000100000001000000EB301D0026311D000000000011000000000000001C000000
ruRU/patch-ruRU-4.mpq,CharSections,707048,13,0xD,40,10,F8F00A000D000000010000000100000061311D009E311D000000000005000000000000001D000000
ruRU/patch-ruRU-4.mpq,CharSections,707049,13,0xD,40,10,F9F00A000D0000000100000001000000DB311D0018321D000000000005000000000000001E000000
ruRU/patch-ruRU-4.mpq,CharSections,707050,13,0xD,40,10,FAF00A000D000000010000000100000055321D0092321D000000000005000000000000001F000000
ruRU/patch-ruRU-4.mpq,CharSections,707051,13,0xD,40,10,FBF00A000D0000000100000001000000CF321D000C331D0000000000050000000000000020000000
ruRU/patch-ruRU-4.mpq,CharSections,707052,13,0xD,40,10,FCF00A000D000000010000000100000049331D0086331D0000000000050000000000000021000000
ruRU/patch-ruRU-4.mpq,CharSections,707053,13,0xD,40,10,FDF00A000D0000000100000001000000D92B1D00142C1D0000000000110000000000000022000000
ruRU/patch-ruRU-4.mpq,CharSections,707054,13,0xD,40,10,FEF00A000D00000001000000010000004F2C1D008A2C1D0000000000110000000000000023000000
ruRU/patch-ruRU-4.mpq,CharSections,707055,13,0xD,40,10,FFF00A000D0000000100000001000000C52C1D00002D1D0000000000110000000000000024000000
ruRU/patch-ruRU-4.mpq,CharSections,707056,13,0xD,40,10,00F10A000D00000001000000010000003B2D1D00762D1D0000000000110000000000000025000000
ruRU/patch-ruRU-4.mpq,CharSections,707057,13,0xD,40,10,01F10A000D0000000100000001000000B12D1D00EC2D1D0000000000110000000000000026000000
ruRU/patch-ruRU-4.mpq,CharSections,707058,13,0xD,40,10,02F10A000D0000000100000001000000272E1D00622E1D0000000000110000000000000027000000
ruRU/patch-ruRU-4.mpq,CharSections,707059,13,0xD,40,10,03F10A000D00000001000000010000009D2E1D00D82E1D0000000000110000000000000028000000
ruRU/patch-ruRU-4.mpq,CharSections,707060,13,0xD,40,10,04F10A000D0000000100000001000000132F1D004E2F1D0000000000110000000000000029000000
ruRU/patch-ruRU-4.mpq,CharSections,707061,13,0xD,40,10,05F10A000D0000000100000001000000892F1D00C42F1D000000000011000000000000002A000000
ruRU/patch-ruRU-4.mpq,CharSections,707062,13,0xD,40,10,06F10A000D0000000100000001000000FF2F1D003A301D000000000011000000000000002B000000
ruRU/patch-ruRU-4.mpq,CharSections,707063,13,0xD,40,10,07F10A000D000000010000000100000075301D00B0301D000000000011000000000000002C000000
ruRU/patch-ruRU-4.mpq,CharSections,707064,13,0xD,40,10,08F10A000D0000000100000001000000EB301D0026311D000000000011000000000000002D000000
ruRU/patch-ruRU-4.mpq,CharSections,707065,13,0xD,40,10,09F10A000D000000010000000100000061311D009E311D000000000005000000000000002E000000
ruRU/patch-ruRU-4.mpq,CharSections,707066,13,0xD,40,10,0AF10A000D0000000100000001000000DB311D0018321D000000000005000000000000002F000000
ruRU/patch-ruRU-4.mpq,CharSections,707067,13,0xD,40,10,0BF10A000D000000010000000100000055321D0092321D0000000000050000000000000030000000
ruRU/patch-ruRU-4.mpq,CharSections,707068,13,0xD,40,10,0CF10A000D0000000100000001000000CF321D000C331D0000000000050000000000000031000000
ruRU/patch-ruRU-4.mpq,CharSections,707069,13,0xD,40,10,0DF10A000D000000010000000100000049331D0086331D0000000000050000000000000032000000
ruRU/patch-ruRU-4.mpq,CharSections,707070,13,0xD,40,10,0EF10A000D0000000100000001000000D92B1D00142C1D0000000000110000000000000033000000
ruRU/patch-ruRU-4.mpq,CharSections,707071,13,0xD,40,10,0FF10A000D00000001000000010000004F2C1D008A2C1D0000000000110000000000000034000000
ruRU/patch-ruRU-4.mpq,CharSections,707072,13,0xD,40,10,10F10A000D0000000100000001000000C52C1D00002D1D0000000000110000000000000035000000
ruRU/patch-ruRU-4.mpq,CharSections,707073,13,0xD,40,10,11F10A000D00000001000000010000003B2D1D00762D1D0000000000110000000000000036000000
ruRU/patch-ruRU-4.mpq,CharSections,707074,13,0xD,40,10,12F10A000D0000000100000001000000B12D1D00EC2D1D0000000000110000000000000037000000
ruRU/patch-ruRU-4.mpq,CharSections,707075,13,0xD,40,10,13F10A000D0000000100000001000000272E1D00622E1D0000000000110000000000000038000000
ruRU/patch-ruRU-4.mpq,CharSections,707076,13,0xD,40,10,14F10A000D00000001000000010000009D2E1D00D82E1D0000000000110000000000000039000000
ruRU/patch-ruRU-4.mpq,CharSections,707077,13,0xD,40,10,15F10A000D0000000100000001000000132F1D004E2F1D000000000011000000000000003A000000
ruRU/patch-ruRU-4.mpq,CharSections,707078,13,0xD,40,10,16F10A000D0000000100000001000000892F1D00C42F1D000000000011000000000000003B000000
ruRU/patch-ruRU-4.mpq,CharSections,707079,13,0xD,40,10,17F10A000D0000000100000001000000FF2F1D003A301D000000000011000000000000003C000000
ruRU/patch-ruRU-4.mpq,CharSections,707080,13,0xD,40,10,18F10A000D000000010000000100000075301D00B0301D000000000011000000000000003D000000
ruRU/patch-ruRU-4.mpq,CharSections,707081,13,0xD,40,10,19F10A000D0000000100000001000000EB301D0026311D000000000011000000000000003E000000
ruRU/patch-ruRU-4.mpq,CharSections,707082,13,0xD,40,10,1AF10A000D000000010000000100000061311D009E311D000000000005000000000000003F000000
ruRU/patch-ruRU-4.mpq,CharSections,707083,13,0xD,40,10,1BF10A000D0000000100000001000000DB311D0018321D0000000000050000000000000040000000
ruRU/patch-ruRU-4.mpq,CharSections,707084,13,0xD,40,10,1CF10A000D000000010000000100000055321D0092321D0000000000050000000000000041000000
ruRU/patch-ruRU-4.mpq,CharSections,707085,13,0xD,40,10,1DF10A000D0000000100000001000000CF321D000C331D0000000000050000000000000042000000
ruRU/patch-ruRU-4.mpq,CharSections,707086,13,0xD,40,10,1EF10A000D000000010000000100000049331D0086331D0000000000050000000000000043000000
ruRU/patch-ruRU-4.mpq,CharSections,707087,13,0xD,40,10,1FF10A000D0000000100000001000000D92B1D00142C1D0000000000110000000000000044000000
ruRU/patch-ruRU-4.mpq,CharSections,707088,13,0xD,40,10,20F10A000D00000001000000010000004F2C1D008A2C1D0000000000110000000000000045000000
ruRU/patch-ruRU-4.mpq,CharSections,707089,13,0xD,40,10,21F10A000D0000000100000001000000C52C1D00002D1D0000000000110000000000000046000000
ruRU/patch-ruRU-4.mpq,CharSections,707090,13,0xD,40,10,22F10A000D00000001000000010000003B2D1D00762D1D0000000000110000000000000047000000
ruRU/patch-ruRU-4.mpq,CharSections,707091,13,0xD,40,10,23F10A000D0000000100000001000000B12D1D00EC2D1D0000000000110000000000000048000000
ruRU/patch-ruRU-4.mpq,CharSections,707092,13,0xD,40,10,24F10A000D0000000100000001000000272E1D00622E1D0000000000110000000000000049000000
ruRU/patch-ruRU-4.mpq,CharSections,707093,13,0xD,40,10,25F10A000D00000001000000010000009D2E1D00D82E1D000000000011000000000000004A000000
ruRU/patch-ruRU-4.mpq,CharSections,707094,13,0xD,40,10,26F10A000D0000000100000001000000132F1D004E2F1D000000000011000000000000004B000000
ruRU/patch-ruRU-4.mpq,CharSections,707095,13,0xD,40,10,27F10A000D0000000100000001000000892F1D00C42F1D000000000011000000000000004C000000
ruRU/patch-ruRU-4.mpq,CharSections,707096,13,0xD,40,10,28F10A000D0000000100000001000000FF2F1D003A301D000000000011000000000000004D000000
ruRU/patch-ruRU-4.mpq,CharSections,707097,13,0xD,40,10,29F10A000D000000010000000100000075301D00B0301D000000000011000000000000004E000000
ruRU/patch-ruRU-4.mpq,CharSections,707098,13,0xD,40,10,2AF10A000D0000000100000001000000EB301D0026311D000000000011000000000000004F000000
ruRU/patch-ruRU-4.mpq,CharSections,707099,13,0xD,40,10,2BF10A000D000000010000000100000061311D009E311D0000000000050000000000000050000000
ruRU/patch-ruRU-4.mpq,CharSections,707100,13,0xD,40,10,2CF10A000D0000000100000001000000DB311D0018321D0000000000050000000000000051000000
ruRU/patch-ruRU-4.mpq,CharSections,707101,13,0xD,40,10,2DF10A000D000000010000000100000055321D0092321D0000000000050000000000000052000000
ruRU/patch-ruRU-4.mpq,CharSections,707102,13,0xD,40,10,2EF10A000D0000000100000001000000CF321D000C331D0000000000050000000000000053000000
ruRU/patch-ruRU-4.mpq,CharSections,707103,13,0xD,40,10,2FF10A000D000000010000000100000049331D0086331D0000000000050000000000000054000000
ruRU/patch-ruRU-4.mpq,CharSections,707104,13,0xD,40,10,30F10A000D0000000100000001000000D92B1D00142C1D0000000000110000000000000055000000
ruRU/patch-ruRU-4.mpq,CharSections,707105,13,0xD,40,10,31F10A000D00000001000000010000004F2C1D008A2C1D0000000000110000000000000056000000
ruRU/patch-ruRU-4.mpq,CharSections,707106,13,0xD,40,10,32F10A000D0000000100000001000000C52C1D00002D1D0000000000110000000000000057000000
ruRU/patch-ruRU-4.mpq,CharSections,707107,13,0xD,40,10,33F10A000D00000001000000010000003B2D1D00762D1D0000000000110000000000000058000000
ruRU/patch-ruRU-4.mpq,CharSections,707108,13,0xD,40,10,34F10A000D0000000100000001000000B12D1D00EC2D1D0000000000110000000000000059000000
ruRU/patch-ruRU-4.mpq,CharSections,707109,13,0xD,40,10,35F10A000D0000000100000001000000272E1D00622E1D000000000011000000000000005A000000
ruRU/patch-ruRU-4.mpq,CharSections,707110,13,0xD,40,10,36F10A000D00000001000000010000009D2E1D00D82E1D000000000011000000000000005B000000
ruRU/patch-ruRU-4.mpq,CharSections,707111,13,0xD,40,10,37F10A000D0000000100000001000000132F1D004E2F1D000000000011000000000000005C000000
ruRU/patch-ruRU-4.mpq,CharSections,707112,13,0xD,40,10,38F10A000D0000000100000001000000892F1D00C42F1D000000000011000000000000005D000000
ruRU/patch-ruRU-4.mpq,CharSections,707113,13,0xD,40,10,39F10A000D0000000100000001000000FF2F1D003A301D000000000011000000000000005E000000
ruRU/patch-ruRU-4.mpq,CharSections,707114,13,0xD,40,10,3AF10A000D000000010000000100000075301D00B0301D000000000011000000000000005F000000
ruRU/patch-ruRU-4.mpq,CharSections,707115,13,0xD,40,10,3BF10A000D0000000100000001000000EB301D0026311D0000000000110000000000000060000000
ruRU/patch-ruRU-4.mpq,CharSections,707116,13,0xD,40,10,3CF10A000D000000010000000100000061311D009E311D0000000000050000000000000061000000
ruRU/patch-ruRU-4.mpq,CharSections,707117,13,0xD,40,10,3DF10A000D0000000100000001000000DB311D0018321D0000000000050000000000000062000000
ruRU/patch-ruRU-4.mpq,CharSections,707118,13,0xD,40,10,3EF10A000D000000010000000100000055321D0092321D0000000000050000000000000063000000
ruRU/patch-ruRU-4.mpq,CharSections,707119,13,0xD,40,10,3FF10A000D0000000100000001000000CF321D000C331D0000000000050000000000000064000000
ruRU/patch-ruRU-4.mpq,CharSections,707120,13,0xD,40,10,40F10A000D000000010000000100000049331D0086331D0000000000050000000000000065000000
ruRU/patch-ruRU-4.mpq,CharSections,707121,13,0xD,40,10,41F10A000D0000000100000001000000D92B1D00142C1D0000000000110000000000000066000000
ruRU/patch-ruRU-4.mpq,CharSections,707122,13,0xD,40,10,42F10A000D00000001000000010000004F2C1D008A2C1D0000000000110000000000000067000000
ruRU/patch-ruRU-4.mpq,CharSections,707123,13,0xD,40,10,43F10A000D0000000100000001000000C52C1D00002D1D0000000000110000000000000068000000
ruRU/patch-ruRU-4.mpq,CharSections,707124,13,0xD,40,10,44F10A000D00000001000000010000003B2D1D00762D1D0000000000110000000000000069000000
ruRU/patch-ruRU-4.mpq,CharSections,707125,13,0xD,40,10,45F10A000D0000000100000001000000B12D1D00EC2D1D000000000011000000000000006A000000
ruRU/patch-ruRU-4.mpq,CharSections,707126,13,0xD,40,10,46F10A000D0000000100000001000000272E1D00622E1D000000000011000000000000006B000000
ruRU/patch-ruRU-4.mpq,CharSections,707127,13,0xD,40,10,47F10A000D00000001000000010000009D2E1D00D82E1D000000000011000000000000006C000000
ruRU/patch-ruRU-4.mpq,CharSections,707128,13,0xD,40,10,48F10A000D0000000100000001000000132F1D004E2F1D000000000011000000000000006D000000
ruRU/patch-ruRU-4.mpq,CharSections,707129,13,0xD,40,10,49F10A000D0000000100000001000000892F1D00C42F1D000000000011000000000000006E000000
ruRU/patch-ruRU-4.mpq,CharSections,707130,13,0xD,40,10,4AF10A000D0000000100000001000000FF2F1D003A301D000000000011000000000000006F000000
ruRU/patch-ruRU-4.mpq,CharSections,707131,13,0xD,40,10,4BF10A000D000000010000000100000075301D00B0301D0000000000110000000000000070000000
ruRU/patch-ruRU-4.mpq,CharSections,707132,13,0xD,40,10,4CF10A000D0000000100000001000000EB301D0026311D0000000000110000000000000071000000
ruRU/patch-ruRU-4.mpq,CharSections,707133,13,0xD,40,10,4DF10A000D000000010000000100000061311D009E311D0000000000050000000000000072000000
ruRU/patch-ruRU-4.mpq,CharSections,707134,13,0xD,40,10,4EF10A000D0000000100000001000000DB311D0018321D0000000000050000000000000073000000
ruRU/patch-ruRU-4.mpq,CharSections,707135,13,0xD,40,10,4FF10A000D000000010000000100000055321D0092321D0000000000050000000000000074000000
ruRU/patch-ruRU-4.mpq,CharSections,707136,13,0xD,40,10,50F10A000D0000000100000001000000CF321D000C331D0000000000050000000000000075000000
ruRU/patch-ruRU-4.mpq,CharSections,707137,13,0xD,40,10,51F10A000D000000010000000100000049331D0086331D0000000000050000000000000076000000
ruRU/patch-ruRU-4.mpq,CharSections,707138,13,0xD,40,10,52F10A000D0000000100000001000000D92B1D00142C1D0000000000110000000000000077000000
ruRU/patch-ruRU-4.mpq,CharSections,707139,13,0xD,40,10,53F10A000D00000001000000010000004F2C1D008A2C1D0000000000110000000000000078000000
ruRU/patch-ruRU-4.mpq,CharSections,707140,13,0xD,40,10,54F10A000D0000000100000001000000C52C1D00002D1D0000000000110000000000000079000000
ruRU/patch-ruRU-4.mpq,CharSections,707141,13,0xD,40,10,55F10A000D00000001000000010000003B2D1D00762D1D000000000011000000000000007A000000
ruRU/patch-ruRU-4.mpq,CharSections,707142,13,0xD,40,10,56F10A000D0000000100000001000000B12D1D00EC2D1D000000000011000000000000007B000000
ruRU/patch-ruRU-4.mpq,CharSections,707143,13,0xD,40,10,57F10A000D0000000100000001000000272E1D00622E1D000000000011000000000000007C000000
ruRU/patch-ruRU-4.mpq,CharSections,707144,13,0xD,40,10,58F10A000D00000001000000010000009D2E1D00D82E1D000000000011000000000000007D000000
ruRU/patch-ruRU-4.mpq,CharSections,707145,13,0xD,40,10,59F10A000D0000000100000001000000132F1D004E2F1D000000000011000000000000007E000000
ruRU/patch-ruRU-4.mpq,CharSections,707146,13,0xD,40,10,5AF10A000D0000000100000001000000892F1D00C42F1D000000000011000000000000007F000000
ruRU/patch-ruRU-4.mpq,CharSections,707147,13,0xD,40,10,5BF10A000D0000000100000001000000FF2F1D003A301D0000000000110000000000000080000000
ruRU/patch-ruRU-4.mpq,CharSections,707148,13,0xD,40,10,5CF10A000D000000010000000100000075301D00B0301D0000000000110000000000000081000000
ruRU/patch-ruRU-4.mpq,CharSections,707149,13,0xD,40,10,5DF10A000D0000000100000001000000EB301D0026311D0000000000110000000000000082000000
ruRU/patch-ruRU-4.mpq,CharSections,707150,13,0xD,40,10,5EF10A000D000000010000000100000061311D009E311D0000000000050000000000000083000000
ruRU/patch-ruRU-4.mpq,CharSections,707151,13,0xD,40,10,5FF10A000D0000000100000001000000DB311D0018321D0000000000050000000000000084000000
ruRU/patch-ruRU-4.mpq,CharSections,707152,13,0xD,40,10,60F10A000D000000010000000100000055321D0092321D0000000000050000000000000085000000
ruRU/patch-ruRU-4.mpq,CharSections,707153,13,0xD,40,10,61F10A000D0000000100000001000000CF321D000C331D0000000000050000000000000086000000
ruRU/patch-ruRU-4.mpq,CharSections,707154,13,0xD,40,10,62F10A000D000000010000000100000049331D0086331D0000000000050000000000000087000000
ruRU/patch-ruRU-4.mpq,CharSections,707155,13,0xD,40,10,63F10A000D0000000100000001000000D92B1D00142C1D0000000000110000000000000088000000
ruRU/patch-ruRU-4.mpq,CharSections,707156,13,0xD,40,10,64F10A000D00000001000000010000004F2C1D008A2C1D0000000000110000000000000089000000
ruRU/patch-ruRU-4.mpq,CharSections,707157,13,0xD,40,10,65F10A000D0000000100000001000000C52C1D00002D1D000000000011000000000000008A000000
ruRU/patch-ruRU-4.mpq,CharSections,707158,13,0xD,40,10,66F10A000D00000001000000010000003B2D1D00762D1D000000000011000000000000008B000000
ruRU/patch-ruRU-4.mpq,CharSections,707159,13,0xD,40,10,67F10A000D0000000100000001000000B12D1D00EC2D1D000000000011000000000000008C000000
ruRU/patch-ruRU-4.mpq,CharSections,707160,13,0xD,40,10,68F10A000D0000000100000001000000272E1D00622E1D000000000011000000000000008D000000
ruRU/patch-ruRU-4.mpq,CharSections,707161,13,0xD,40,10,69F10A000D00000001000000010000009D2E1D00D82E1D000000000011000000000000008E000000
ruRU/patch-ruRU-4.mpq,CharSections,707162,13,0xD,40,10,6AF10A000D0000000100000001000000132F1D004E2F1D000000000011000000000000008F000000
ruRU/patch-ruRU-4.mpq,CharSections,707163,13,0xD,40,10,6BF10A000D0000000100000001000000892F1D00C42F1D0000000000110000000000000090000000
ruRU/patch-ruRU-4.mpq,CharSections,707164,13,0xD,40,10,6CF10A000D0000000100000001000000FF2F1D003A301D0000000000110000000000000091000000
ruRU/patch-ruRU-4.mpq,CharSections,707165,13,0xD,40,10,6DF10A000D000000010000000100000075301D00B0301D0000000000110000000000000092000000
ruRU/patch-ruRU-4.mpq,CharSections,707166,13,0xD,40,10,6EF10A000D0000000100000001000000EB301D0026311D0000000000110000000000000093000000
ruRU/patch-ruRU-4.mpq,CharSections,707167,13,0xD,40,10,6FF10A000D000000010000000100000061311D009E311D0000000000050000000000000094000000
ruRU/patch-ruRU-4.mpq,CharSections,707168,13,0xD,40,10,70F10A000D0000000100000001000000DB311D0018321D0000000000050000000000000095000000
ruRU/patch-ruRU-4.mpq,CharSections,707169,13,0xD,40,10,71F10A000D000000010000000100000055321D0092321D0000000000050000000000000096000000
ruRU/patch-ruRU-4.mpq,CharSections,707170,13,0xD,40,10,72F10A000D0000000100000001000000CF321D000C331D0000000000050000000000000097000000
ruRU/patch-ruRU-4.mpq,CharSections,707171,13,0xD,40,10,73F10A000D000000010000000100000049331D0086331D0000000000050000000000000098000000
ruRU/patch-ruRU-4.mpq,CharSections,707172,13,0xD,40,10,74F10A000D0000000100000001000000D92B1D00142C1D0000000000110000000000000099000000
ruRU/patch-ruRU-4.mpq,CharSections,707173,13,0xD,40,10,75F10A000D00000001000000010000004F2C1D008A2C1D000000000011000000000000009A000000
ruRU/patch-ruRU-4.mpq,CharSections,707174,13,0xD,40,10,76F10A000D0000000100000001000000C52C1D00002D1D000000000011000000000000009B000000
ruRU/patch-ruRU-4.mpq,CharSections,707175,13,0xD,40,10,77F10A000D00000001000000010000003B2D1D00762D1D000000000011000000000000009C000000
ruRU/patch-ruRU-4.mpq,CharSections,707176,13,0xD,40,10,78F10A000D0000000100000001000000B12D1D00EC2D1D000000000011000000000000009D000000
ruRU/patch-ruRU-4.mpq,CharSections,707177,13,0xD,40,10,79F10A000D0000000100000001000000272E1D00622E1D000000000011000000000000009E000000
ruRU/patch-ruRU-4.mpq,CharSections,707178,13,0xD,40,10,7AF10A000D00000001000000010000009D2E1D00D82E1D000000000011000000000000009F000000
ruRU/patch-ruRU-4.mpq,CharSections,707179,13,0xD,40,10,7BF10A000D0000000100000001000000132F1D004E2F1D00000000001100000000000000A0000000
ruRU/patch-ruRU-4.mpq,CharSections,707180,13,0xD,40,10,7CF10A000D0000000100000001000000892F1D00C42F1D00000000001100000000000000A1000000
ruRU/patch-ruRU-4.mpq,CharSections,707181,13,0xD,40,10,7DF10A000D0000000100000001000000FF2F1D003A301D00000000001100000000000000A2000000
ruRU/patch-ruRU-4.mpq,CharSections,707182,13,0xD,40,10,7EF10A000D000000010000000100000075301D00B0301D00000000001100000000000000A3000000
ruRU/patch-ruRU-4.mpq,CharSections,707183,13,0xD,40,10,7FF10A000D0000000100000001000000EB301D0026311D00000000001100000000000000A4000000
ruRU/patch-ruRU-4.mpq,CharSections,707184,13,0xD,40,10,80F10A000D000000010000000100000061311D009E311D00000000000500000000000000A5000000
ruRU/patch-ruRU-4.mpq,CharSections,707185,13,0xD,40,10,81F10A000D0000000100000001000000DB311D0018321D00000000000500000000000000A6000000
ruRU/patch-ruRU-4.mpq,CharSections,707186,13,0xD,40,10,82F10A000D000000010000000100000055321D0092321D00000000000500000000000000A7000000
ruRU/patch-ruRU-4.mpq,CharSections,707187,13,0xD,40,10,83F10A000D0000000100000001000000CF321D000C331D00000000000500000000000000A8000000
ruRU/patch-ruRU-4.mpq,CharSections,707188,13,0xD,40,10,84F10A000D000000010000000100000049331D0086331D00000000000500000000000000A9000000
ruRU/patch-ruRU-4.mpq,CharSections,707189,13,0xD,40,10,85F10A000D0000000100000001000000D92B1D00142C1D00000000001100000000000000AA000000
ruRU/patch-ruRU-4.mpq,CharSections,707190,13,0xD,40,10,86F10A000D00000001000000010000004F2C1D008A2C1D00000000001100000000000000AB000000
ruRU/patch-ruRU-4.mpq,CharSections,707191,13,0xD,40,10,87F10A000D0000000100000001000000C52C1D00002D1D00000000001100000000000000AC000000
ruRU/patch-ruRU-4.mpq,CharSections,707192,13,0xD,40,10,88F10A000D00000001000000010000003B2D1D00762D1D00000000001100000000000000AD000000
ruRU/patch-ruRU-4.mpq,CharSections,707193,13,0xD,40,10,89F10A000D0000000100000001000000B12D1D00EC2D1D00000000001100000000000000AE000000
ruRU/patch-ruRU-4.mpq,CharSections,707194,13,0xD,40,10,8AF10A000D0000000100000001000000272E1D00622E1D00000000001100000000000000AF000000
ruRU/patch-ruRU-4.mpq,CharSections,707195,13,0xD,40,10,8BF10A000D00000001000000010000009D2E1D00D82E1D00000000001100000000000000B0000000
ruRU/patch-ruRU-4.mpq,CharSections,707196,13,0xD,40,10,8CF10A000D0000000100000001000000132F1D004E2F1D00000000001100000000000000B1000000
ruRU/patch-ruRU-4.mpq,CharSections,707197,13,0xD,40,10,8DF10A000D0000000100000001000000892F1D00C42F1D00000000001100000000000000B2000000
ruRU/patch-ruRU-4.mpq,CharSections,707198,13,0xD,40,10,8EF10A000D0000000100000001000000FF2F1D003A301D00000000001100000000000000B3000000
ruRU/patch-ruRU-4.mpq,CharSections,707199,13,0xD,40,10,8FF10A000D000000010000000100000075301D00B0301D00000000001100000000000000B4000000
ruRU/patch-ruRU-4.mpq,CharSections,707200,13,0xD,40,10,90F10A000D0000000100000001000000EB301D0026311D00000000001100000000000000B5000000
ruRU/patch-ruRU-4.mpq,CharSections,707201,13,0xD,40,10,91F10A000D000000010000000100000061311D009E311D00000000000500000000000000B6000000
ruRU/patch-ruRU-4.mpq,CharSections,707202,13,0xD,40,10,92F10A000D0000000100000001000000DB311D0018321D00000000000500000000000000B7000000
ruRU/patch-ruRU-4.mpq,CharSections,707203,13,0xD,40,10,93F10A000D000000010000000100000055321D0092321D00000000000500000000000000B8000000
ruRU/patch-ruRU-4.mpq,CharSections,707204,13,0xD,40,10,94F10A000D0000000100000001000000CF321D000C331D00000000000500000000000000B9000000
ruRU/patch-ruRU-4.mpq,CharSections,707205,13,0xD,40,10,95F10A000D000000010000000100000049331D0086331D00000000000500000000000000BA000000
ruRU/patch-ruRU-4.mpq,CharSections,707206,13,0xD,40,10,96F10A000D0000000100000001000000D92B1D00142C1D00000000001100000000000000BB000000
ruRU/patch-ruRU-4.mpq,CharSections,707207,13,0xD,40,10,97F10A000D00000001000000010000004F2C1D008A2C1D00000000001100000000000000BC000000
ruRU/patch-ruRU-4.mpq,CharSections,707208,13,0xD,40,10,98F10A000D0000000100000001000000C52C1D00002D1D00000000001100000000000000BD000000
ruRU/patch-ruRU-4.mpq,CharSections,707209,13,0xD,40,10,99F10A000D00000001000000010000003B2D1D00762D1D00000000001100000000000000BE000000
ruRU/patch-ruRU-4.mpq,CharSections,707210,13,0xD,40,10,9AF10A000D0000000100000001000000B12D1D00EC2D1D00000000001100000000000000BF000000
ruRU/patch-ruRU-4.mpq,CharSections,707211,13,0xD,40,10,9BF10A000D0000000100000001000000272E1D00622E1D00000000001100000000000000C0000000
ruRU/patch-ruRU-4.mpq,CharSections,707212,13,0xD,40,10,9CF10A000D00000001000000010000009D2E1D00D82E1D00000000001100000000000000C1000000
ruRU/patch-ruRU-4.mpq,CharSections,707213,13,0xD,40,10,9DF10A000D0000000100000001000000132F1D004E2F1D00000000001100000000000000C2000000
ruRU/patch-ruRU-4.mpq,CharSections,707214,13,0xD,40,10,9EF10A000D0000000100000001000000892F1D00C42F1D00000000001100000000000000C3000000
ruRU/patch-ruRU-4.mpq,CharSections,707215,13,0xD,40,10,9FF10A000D0000000100000001000000FF2F1D003A301D00000000001100000000000000C4000000
ruRU/patch-ruRU-4.mpq,CharSections,707216,13,0xD,40,10,A0F10A000D000000010000000100000075301D00B0301D00000000001100000000000000C5000000
ruRU/patch-ruRU-4.mpq,CharSections,707217,13,0xD,40,10,A1F10A000D0000000100000001000000EB301D0026311D00000000001100000000000000C6000000
ruRU/patch-ruRU-4.mpq,CharSections,707218,13,0xD,40,10,A2F10A000D000000010000000100000061311D009E311D00000000000500000000000000C7000000
ruRU/patch-ruRU-4.mpq,CharSections,707219,13,0xD,40,10,A3F10A000D0000000100000001000000DB311D0018321D00000000000500000000000000C8000000
ruRU/patch-ruRU-4.mpq,CharSections,707220,13,0xD,40,10,A4F10A000D000000010000000100000055321D0092321D00000000000500000000000000C9000000
ruRU/patch-ruRU-4.mpq,CharSections,707221,13,0xD,40,10,A5F10A000D0000000100000001000000CF321D000C331D00000000000500000000000000CA000000
ruRU/patch-ruRU-4.mpq,CharSections,707222,13,0xD,40,10,A6F10A000D000000010000000100000049331D0086331D00000000000500000000000000CB000000
ruRU/patch-ruRU-4.mpq,CharSections,707223,13,0xD,40,10,A7F10A000D0000000100000001000000D92B1D00142C1D00000000001100000000000000CC000000
ruRU/patch-ruRU-4.mpq,CharSections,707224,13,0xD,40,10,A8F10A000D00000001000000010000004F2C1D008A2C1D00000000001100000000000000CD000000
ruRU/patch-ruRU-4.mpq,CharSections,707225,13,0xD,40,10,A9F10A000D0000000100000001000000C52C1D00002D1D00000000001100000000000000CE000000
ruRU/patch-ruRU-4.mpq,CharSections,707226,13,0xD,40,10,AAF10A000D00000001000000010000003B2D1D00762D1D00000000001100000000000000CF000000
ruRU/patch-ruRU-4.mpq,CharSections,707227,13,0xD,40,10,ABF10A000D0000000100000001000000B12D1D00EC2D1D00000000001100000000000000D0000000
ruRU/patch-ruRU-4.mpq,CharSections,707228,13,0xD,40,10,ACF10A000D0000000100000001000000272E1D00622E1D00000000001100000000000000D1000000
ruRU/patch-ruRU-4.mpq,CharSections,707229,13,0xD,40,10,ADF10A000D00000001000000010000009D2E1D00D82E1D00000000001100000000000000D2000000
ruRU/patch-ruRU-4.mpq,CharSections,707230,13,0xD,40,10,AEF10A000D0000000100000001000000132F1D004E2F1D00000000001100000000000000D3000000
ruRU/patch-ruRU-4.mpq,CharSections,707231,13,0xD,40,10,AFF10A000D0000000100000001000000892F1D00C42F1D00000000001100000000000000D4000000
ruRU/patch-ruRU-4.mpq,CharSections,707232,13,0xD,40,10,B0F10A000D0000000100000001000000FF2F1D003A301D00000000001100000000000000D5000000
ruRU/patch-ruRU-4.mpq,CharSections,707233,13,0xD,40,10,B1F10A000D000000010000000100000075301D00B0301D00000000001100000000000000D6000000
ruRU/patch-ruRU-4.mpq,CharSections,707234,13,0xD,40,10,B2F10A000D0000000100000001000000EB301D0026311D00000000001100000000000000D7000000
ruRU/patch-ruRU-4.mpq,CharSections,707235,13,0xD,40,10,B3F10A000D000000010000000100000061311D009E311D00000000000500000000000000D8000000
ruRU/patch-ruRU-4.mpq,CharSections,707236,13,0xD,40,10,B4F10A000D0000000100000001000000DB311D0018321D00000000000500000000000000D9000000
ruRU/patch-ruRU-4.mpq,CharSections,707237,13,0xD,40,10,B5F10A000D000000010000000100000055321D0092321D00000000000500000000000000DA000000
ruRU/patch-ruRU-4.mpq,CharSections,707238,13,0xD,40,10,B6F10A000D0000000100000001000000CF321D000C331D00000000000500000000000000DB000000
ruRU/patch-ruRU-4.mpq,CharSections,707239,13,0xD,40,10,B7F10A000D000000010000000100000049331D0086331D00000000000500000000000000DC000000
ruRU/patch-ruRU-4.mpq,CharSections,707240,13,0xD,40,10,B8F10A000D0000000100000001000000D92B1D00142C1D00000000001100000000000000DD000000
ruRU/patch-ruRU-4.mpq,CharSections,707241,13,0xD,40,10,B9F10A000D00000001000000010000004F2C1D008A2C1D00000000001100000000000000DE000000
ruRU/patch-ruRU-4.mpq,CharSections,707242,13,0xD,40,10,BAF10A000D0000000100000001000000C52C1D00002D1D00000000001100000000000000DF000000
ruRU/patch-ruRU-4.mpq,CharSections,707243,13,0xD,40,10,BBF10A000D00000001000000010000003B2D1D00762D1D00000000001100000000000000E0000000
ruRU/patch-ruRU-4.mpq,CharSections,707244,13,0xD,40,10,BCF10A000D0000000100000001000000B12D1D00EC2D1D00000000001100000000000000E1000000
ruRU/patch-ruRU-4.mpq,CharSections,707245,13,0xD,40,10,BDF10A000D0000000100000001000000272E1D00622E1D00000000001100000000000000E2000000
ruRU/patch-ruRU-4.mpq,CharSections,707246,13,0xD,40,10,BEF10A000D00000001000000010000009D2E1D00D82E1D00000000001100000000000000E3000000
ruRU/patch-ruRU-4.mpq,CharSections,707247,13,0xD,40,10,BFF10A000D0000000100000001000000132F1D004E2F1D00000000001100000000000000E4000000
ruRU/patch-ruRU-4.mpq,CharSections,707248,13,0xD,40,10,C0F10A000D0000000100000001000000892F1D00C42F1D00000000001100000000000000E5000000
ruRU/patch-ruRU-4.mpq,CharSections,707249,13,0xD,40,10,C1F10A000D0000000100000001000000FF2F1D003A301D00000000001100000000000000E6000000
ruRU/patch-ruRU-4.mpq,CharSections,707250,13,0xD,40,10,C2F10A000D000000010000000100000075301D00B0301D00000000001100000000000000E7000000
ruRU/patch-ruRU-4.mpq,CharSections,707251,13,0xD,40,10,C3F10A000D0000000100000001000000EB301D0026311D00000000001100000000000000E8000000
ruRU/patch-ruRU-4.mpq,CharSections,707252,13,0xD,40,10,C4F10A000D000000010000000100000061311D009E311D00000000000500000000000000E9000000
ruRU/patch-ruRU-4.mpq,CharSections,707253,13,0xD,40,10,C5F10A000D0000000100000001000000DB311D0018321D00000000000500000000000000EA000000
ruRU/patch-ruRU-4.mpq,CharSections,707254,13,0xD,40,10,C6F10A000D000000010000000100000055321D0092321D00000000000500000000000000EB000000
ruRU/patch-ruRU-4.mpq,CharSections,707255,13,0xD,40,10,C7F10A000D0000000100000001000000CF321D000C331D00000000000500000000000000EC000000
ruRU/patch-ruRU-4.mpq,CharSections,707256,13,0xD,40,10,C8F10A000D000000010000000100000049331D0086331D00000000000500000000000000ED000000
ruRU/patch-ruRU-4.mpq,CharSections,707257,13,0xD,40,10,C9F10A000D0000000100000001000000D92B1D00142C1D00000000001100000000000000EE000000
ruRU/patch-ruRU-4.mpq,CharSections,707258,13,0xD,40,10,CAF10A000D00000001000000010000004F2C1D008A2C1D00000000001100000000000000EF000000
ruRU/patch-ruRU-4.mpq,CharSections,707259,13,0xD,40,10,CBF10A000D0000000100000001000000C52C1D00002D1D00000000001100000000000000F0000000
ruRU/patch-ruRU-4.mpq,CharSections,707260,13,0xD,40,10,CCF10A000D00000001000000010000003B2D1D00762D1D00000000001100000000000000F1000000
ruRU/patch-ruRU-4.mpq,CharSections,707261,13,0xD,40,10,CDF10A000D0000000100000001000000B12D1D00EC2D1D00000000001100000000000000F2000000
ruRU/patch-ruRU-4.mpq,CharSections,707262,13,0xD,40,10,CEF10A000D0000000100000001000000272E1D00622E1D00000000001100000000000000F3000000
ruRU/patch-ruRU-4.mpq,CharSections,707263,13,0xD,40,10,CFF10A000D00000001000000010000009D2E1D00D82E1D00000000001100000000000000F4000000
ruRU/patch-ruRU-4.mpq,CharSections,707264,13,0xD,40,10,D0F10A000D0000000100000001000000132F1D004E2F1D00000000001100000000000000F5000000
ruRU/patch-ruRU-4.mpq,CharSections,707265,13,0xD,40,10,D1F10A000D0000000100000001000000892F1D00C42F1D00000000001100000000000000F6000000
ruRU/patch-ruRU-4.mpq,CharSections,707266,13,0xD,40,10,D2F10A000D0000000100000001000000FF2F1D003A301D00000000001100000000000000F7000000
ruRU/patch-ruRU-4.mpq,CharSections,707267,13,0xD,40,10,D3F10A000D000000010000000100000075301D00B0301D00000000001100000000000000F8000000
ruRU/patch-ruRU-4.mpq,CharSections,707268,13,0xD,40,10,D4F10A000D0000000100000001000000EB301D0026311D00000000001100000000000000F9000000
ruRU/patch-ruRU-4.mpq,CharSections,707269,13,0xD,40,10,D5F10A000D000000010000000100000061311D009E311D00000000000500000000000000FA000000
ruRU/patch-ruRU-4.mpq,CharSections,707270,13,0xD,40,10,D6F10A000D0000000100000001000000DB311D0018321D00000000000500000000000000FB000000
ruRU/patch-ruRU-4.mpq,CharSections,707271,13,0xD,40,10,D7F10A000D000000010000000100000055321D0092321D00000000000500000000000000FC000000
ruRU/patch-ruRU-4.mpq,CharSections,707272,13,0xD,40,10,D8F10A000D0000000100000001000000CF321D000C331D00000000000500000000000000FD000000
ruRU/patch-ruRU-4.mpq,CharSections,707273,13,0xD,40,10,D9F10A000D000000010000000100000049331D0086331D00000000000500000000000000FE000000
ruRU/patch-ruRU-4.mpq,CharSections,707274,13,0xD,40,10,DAF10A000D0000000100000003000000C3331D000000000000000000110000000000000000000000
ruRU/patch-ruRU-4.mpq,CharSections,707275,13,0xD,40,10,DBF10A000D0000000100000003000000F2331D000000000000000000110000000000000001000000
ruRU/patch-ruRU-4.mpq,CharSections,707276,13,0xD,40,10,DCF10A000D000000010000000300000021341D000000000000000000110000000000000002000000
ruRU/patch-ruRU-4.mpq,CharSections,707277,13,0xD,40,10,DDF10A000D000000010000000300000050341D000000000000000000110000000000000003000000
ruRU/patch-ruRU-4.mpq,CharSections,707278,13,0xD,40,10,DEF10A000D00000001000000030000007F341D000000000000000000110000000000000004000000
ruRU/patch-ruRU-4.mpq,CharSections,707279,13,0xD,40,10,DFF10A000D0000000100000003000000AE341D000000000000000000110000000000000005000000
ruRU/patch-ruRU-4.mpq,CharSections,707280,13,0xD,40,10,E0F10A000D0000000100000003000000DD341D000000000000000000110000000000000006000000
ruRU/patch-ruRU-4.mpq,CharSections,707281,13,0xD,40,10,E1F10A000D00000001000000030000000C351D000000000000000000110000000000000007000000
ruRU/patch-ruRU-4.mpq,CharSections,707282,13,0xD,40,10,E2F10A000D00000001000000030000003B351D000000000000000000110000000000000008000000
ruRU/patch-ruRU-4.mpq,CharSections,707283,13,0xD,40,10,E3F10A000D00000001000000030000006A351D000000000000000000110000000000000009000000
ruRU/patch-ruRU-4.mpq,CharSections,707284,13,0xD,40,10,E4F10A000D000000010000000300000099351D00000000000000000011000000000000000A000000
ruRU/patch-ruRU-4.mpq,CharSections,707285,13,0xD,40,10,E5F10A000D0000000100000003000000C8351D00000000000000000011000000000000000B000000
ruRU/patch-ruRU-4.mpq,CharSections,707286,13,0xD,40,10,E6F10A000D0000000100000003000000F7351D00000000000000000011000000000000000C000000
ruRU/patch-ruRU-4.mpq,CharSections,707287,13,0xD,40,10,E7F10A000D000000010000000300000026361D00000000000000000011000000000000000D000000
ruRU/patch-ruRU-4.mpq,CharSections,707288,13,0xD,40,10,E8F10A000D000000010000000300000055361D00000000000000000011000000000000000E000000
ruRU/patch-ruRU-4.mpq,CharSections,707289,13,0xD,40,10,E9F10A000D000000010000000300000084361D00000000000000000011000000000000000F000000
ruRU/patch-ruRU-4.mpq,CharSections,707290,13,0xD,40,10,EAF10A000D0000000100000003000000B3361D000000000000000000110000000000000010000000
ruRU/patch-ruRU-4.mpq,CharSections,707291,13,0xD,40,10,EBF10A000D0000000100000003000000E2361D000000000000000000110000000000000011000000
ruRU/patch-ruRU-4.mpq,CharSections,707292,13,0xD,40,10,ECF10A000D000000010000000300000011371D000000000000000000110000000000000012000000
ruRU/patch-ruRU-4.mpq,CharSections,707293,13,0xD,40,10,EDF10A000D000000010000000300000040371D000000000000000000110000000000000013000000
ruRU/patch-ruRU-4.mpq,CharSections,707294,13,0xD,40,10,EEF10A000D00000001000000030000006F371D000000000000000000110000000000000014000000
ruRU/patch-ruRU-4.mpq,CharSections,707295,13,0xD,40,10,EFF10A000D00000001000000030000009E371D000000000000000000110000000000000015000000
ruRU/patch-ruRU-4.mpq,CharSections,707296,13,0xD,40,10,F0F10A000D0000000100000003000000CD371D000000000000000000110000000000000016000000
ruRU/patch-ruRU-4.mpq,CharSections,707297,13,0xD,40,10,F1F10A000D0000000100000003000000FC371D000000000000000000110000000000000017000000
ruRU/patch-ruRU-4.mpq,CharSections,707298,13,0xD,40,10,F2F10A000D00000001000000030000002B381D000000000000000000110000000000000018000000
ruRU/patch-ruRU-4.mpq,CharSections,707299,13,0xD,40,10,F3F10A000D00000001000000030000005A381D000000000000000000110000000000000019000000
ruRU/patch-ruRU-4.mpq,CharSections,707300,13,0xD,40,10,F4F10A000D000000010000000300000089381D00000000000000000011000000000000001A000000
ruRU/patch-ruRU-4.mpq,CharSections,707301,13,0xD,40,10,F5F10A000D0000000100000003000000B8381D00000000000000000011000000000000001B000000
ruRU/patch-ruRU-4.mpq,CharSections,707302,13,0xD,40,10,F6F10A000D0000000100000003000000E7381D00000000000000000011000000000000001C000000
ruRU/patch-ruRU-4.mpq,CharSections,707303,13,0xD,40,10,F7F10A000D000000010000000300000016391D00000000000000000011000000000000001D000000
ruRU/patch-ruRU-4.mpq,CharSections,707304,13,0xD,40,10,F8F10A000D000000010000000300000045391D00000000000000000011000000000000001E000000
ruRU/patch-ruRU-4.mpq,CharSections,707305,13,0xD,40,10,F9F10A000D000000010000000300000074391D00000000000000000011000000000000001F000000
ruRU/patch-ruRU-4.mpq,CharSections,707306,13,0xD,40,10,FAF10A000D0000000100000003000000A3391D000000000000000000110000000000000020000000
ruRU/patch-ruRU-4.mpq,CharSections,707307,13,0xD,40,10,FBF10A000D0000000100000003000000D2391D000000000000000000110000000000000021000000
ruRU/patch-ruRU-4.mpq,CharSections,707308,13,0xD,40,10,FCF10A000D0000000100000003000000013A1D000000000000000000110000000000000022000000
ruRU/patch-ruRU-4.mpq,CharSections,707309,13,0xD,40,10,FDF10A000D0000000100000003000000303A1D000000000000000000110000000000000023000000
ruRU/patch-ruRU-4.mpq,CharSections,707310,13,0xD,40,10,FEF10A000D00000001000000030000005F3A1D000000000000000000110000000000000024000000
ruRU/patch-ruRU-4.mpq,CharSections,707311,13,0xD,40,10,FFF10A000D00000001000000030000008E3A1D000000000000000000110000000000000025000000
ruRU/patch-ruRU-4.mpq,CharSections,707312,13,0xD,40,10,00F20A000D0000000100000003000000BD3A1D000000000000000000110000000000000026000000
ruRU/patch-ruRU-4.mpq,CharSections,707313,13,0xD,40,10,01F20A000D0000000100000003000000EC3A1D000000000000000000110000000000000027000000
ruRU/patch-ruRU-4.mpq,CharSections,707314,13,0xD,40,10,02F20A000D00000001000000030000001B3B1D000000000000000000110000000000000028000000
ruRU/patch-ruRU-4.mpq,CharSections,707315,13,0xD,40,10,03F20A000D00000001000000030000004A3B1D000000000000000000110000000000000029000000
ruRU/patch-ruRU-4.mpq,CharSections,707316,13,0xD,40,10,04F20A000D0000000100000003000000793B1D00000000000000000011000000000000002A000000
ruRU/patch-ruRU-4.mpq,CharSections,707317,13,0xD,40,10,05F20A000D0000000100000003000000A83B1D00000000000000000011000000000000002B000000
ruRU/patch-ruRU-4.mpq,CharSections,707318,13,0xD,40,10,06F20A000D0000000100000003000000D73B1D00000000000000000011000000000000002C000000
ruRU/patch-ruRU-4.mpq,CharSections,707319,13,0xD,40,10,07F20A000D0000000100000003000000063C1D00000000000000000011000000000000002D000000
ruRU/patch-ruRU-4.mpq,CharSections,707320,13,0xD,40,10,08F20A000D0000000100000003000000353C1D00000000000000000011000000000000002E000000
ruRU/patch-ruRU-4.mpq,CharSections,707321,13,0xD,40,10,09F20A000D0000000100000003000000643C1D00000000000000000011000000000000002F000000
ruRU/patch-ruRU-4.mpq,CharSections,707322,13,0xD,40,10,0AF20A000D0000000100000003000000933C1D000000000000000000110000000000000030000000
ruRU/patch-ruRU-4.mpq,CharSections,707323,13,0xD,40,10,0BF20A000D0000000100000003000000C23C1D000000000000000000110000000000000031000000
ruRU/patch-ruRU-4.mpq,CharSections,707324,13,0xD,40,10,0CF20A000D0000000100000003000000F13C1D000000000000000000110000000000000032000000
ruRU/patch-ruRU-4.mpq,CharSections,707325,13,0xD,40,10,0DF20A000D0000000100000003000000203D1D000000000000000000110000000000000033000000
ruRU/patch-ruRU-4.mpq,CharSections,707326,13,0xD,40,10,0EF20A000D00000001000000030000004F3D1D000000000000000000110000000000000034000000
ruRU/patch-ruRU-4.mpq,CharSections,707327,13,0xD,40,10,0FF20A000D00000001000000030000007E3D1D000000000000000000110000000000000035000000
ruRU/patch-ruRU-4.mpq,CharSections,707328,13,0xD,40,10,10F20A000D0000000100000003000000AD3D1D000000000000000000110000000000000036000000
ruRU/patch-ruRU-4.mpq,CharSections,707329,13,0xD,40,10,11F20A000D0000000100000003000000DC3D1D000000000000000000110000000000000037000000
ruRU/patch-ruRU-4.mpq,CharSections,707330,13,0xD,40,10,12F20A000D00000001000000030000000B3E1D000000000000000000110000000000000038000000
ruRU/patch-ruRU-4.mpq,CharSections,707331,13,0xD,40,10,13F20A000D00000001000000030000003A3E1D000000000000000000110000000000000039000000
ruRU/patch-ruRU-4.mpq,CharSections,707332,13,0xD,40,10,14F20A000D0000000100000003000000693E1D00000000000000000011000000000000003A000000
ruRU/patch-ruRU-4.mpq,CharSections,707333,13,0xD,40,10,15F20A000D0000000100000003000000983E1D00000000000000000011000000000000003B000000
ruRU/patch-ruRU-4.mpq,CharSections,707334,13,0xD,40,10,16F20A000D0000000100000003000000C73E1D00000000000000000011000000000000003C000000
ruRU/patch-ruRU-4.mpq,CharSections,707335,13,0xD,40,10,17F20A000D0000000100000003000000F63E1D00000000000000000011000000000000003D000000
ruRU/patch-ruRU-4.mpq,CharSections,707336,13,0xD,40,10,18F20A000D0000000100000003000000253F1D00000000000000000011000000000000003E000000
ruRU/patch-ruRU-4.mpq,CharSections,707337,13,0xD,40,10,19F20A000D0000000100000003000000543F1D00000000000000000011000000000000003F000000
ruRU/patch-ruRU-4.mpq,CharSections,707338,13,0xD,40,10,1AF20A000D0000000100000003000000833F1D000000000000000000110000000000000040000000
ruRU/patch-ruRU-4.mpq,CharSections,707339,13,0xD,40,10,1BF20A000D0000000100000003000000B23F1D000000000000000000110000000000000041000000
ruRU/patch-ruRU-4.mpq,CharSections,707340,13,0xD,40,10,1CF20A000D0000000100000003000000E13F1D000000000000000000110000000000000042000000
ruRU/patch-ruRU-4.mpq,CharSections,707341,13,0xD,40,10,1DF20A000D000000010000000300000010401D000000000000000000110000000000000043000000
ruRU/patch-ruRU-4.mpq,CharSections,707342,13,0xD,40,10,1EF20A000D00000001000000030000003F401D000000000000000000110000000000000044000000
ruRU/patch-ruRU-4.mpq,CharSections,707343,13,0xD,40,10,1FF20A000D00000001000000030000006E401D000000000000000000110000000000000045000000
ruRU/patch-ruRU-4.mpq,CharSections,707344,13,0xD,40,10,20F20A000D00000001000000030000009D401D000000000000000000110000000000000046000000
ruRU/patch-ruRU-4.mpq,CharSections,707345,13,0xD,40,10,21F20A000D0000000100000003000000CC401D000000000000000000110000000000000047000000
ruRU/patch-ruRU-4.mpq,CharSections,707346,13,0xD,40,10,22F20A000D0000000100000003000000FB401D000000000000000000110000000000000048000000
ruRU/patch-ruRU-4.mpq,CharSections,707347,13,0xD,40,10,23F20A000D00000001000000030000002A411D000000000000000000110000000000000049000000
ruRU/patch-ruRU-4.mpq,CharSections,707348,13,0xD,40,10,24F20A000D000000010000000300000059411D00000000000000000011000000000000004A000000
ruRU/patch-ruRU-4.mpq,CharSections,707349,13,0xD,40,10,25F20A000D000000010000000300000088411D00000000000000000011000000000000004B000000
ruRU/patch-ruRU-4.mpq,CharSections,707350,13,0xD,40,10,26F20A000D0000000100000003000000B7411D00000000000000000011000000000000004C000000
ruRU/patch-ruRU-4.mpq,CharSections,707351,13,0xD,40,10,27F20A000D0000000100000003000000E6411D00000000000000000011000000000000004D000000
ruRU/patch-ruRU-4.mpq,CharSections,707352,13,0xD,40,10,28F20A000D000000010000000300000015421D00000000000000000011000000000000004E000000
ruRU/patch-ruRU-4.mpq,CharSections,707353,13,0xD,40,10,29F20A000D000000010000000300000044421D00000000000000000011000000000000004F000000
ruRU/patch-ruRU-4.mpq,CharSections,707354,13,0xD,40,10,2AF20A000D0000000100000003000000C3331D000000000000000000110000000100000000000000
ruRU/patch-ruRU-4.mpq,CharSections,707355,13,0xD,40,10,2BF20A000D0000000100000003000000F2331D000000000000000000110000000100000001000000
ruRU/patch-ruRU-4.mpq,CharSections,707356,13,0xD,40,10,2CF20A000D000000010000000300000021341D000000000000000000110000000100000002000000
ruRU/patch-ruRU-4.mpq,CharSections,707357,13,0xD,40,10,2DF20A000D000000010000000300000050341D000000000000000000110000000100000003000000
ruRU/patch-ruRU-4.mpq,CharSections,707358,13,0xD,40,10,2EF20A000D00000001000000030000007F341D000000000000000000110000000100000004000000
ruRU/patch-ruRU-4.mpq,CharSections,707359,13,0xD,40,10,2FF20A000D0000000100000003000000AE341D000000000000000000110000000100000005000000
ruRU/patch-ruRU-4.mpq,CharSections,707360,13,0xD,40,10,30F20A000D0000000100000003000000DD341D000000000000000000110000000100000006000000
ruRU/patch-ruRU-4.mpq,CharSections,707361,13,0xD,40,10,31F20A000D00000001000000030000000C351D000000000000000000110000000100000007000000
ruRU/patch-ruRU-4.mpq,CharSections,707362,13,0xD,40,10,32F20A000D00000001000000030000003B351D000000000000000000110000000100000008000000
ruRU/patch-ruRU-4.mpq,CharSections,707363,13,0xD,40,10,33F20A000D00000001000000030000006A351D000000000000000000110000000100000009000000
ruRU/patch-ruRU-4.mpq,CharSections,707364,13,0xD,40,10,34F20A000D000000010000000300000099351D00000000000000000011000000010000000A000000
ruRU/patch-ruRU-4.mpq,CharSections,707365,13,0xD,40,10,35F20A000D0000000100000003000000C8351D00000000000000000011000000010000000B000000
ruRU/patch-ruRU-4.mpq,CharSections,707366,13,0xD,40,10,36F20A000D0000000100000003000000F7351D00000000000000000011000000010000000C000000
ruRU/patch-ruRU-4.mpq,CharSections,707367,13,0xD,40,10,37F20A000D000000010000000300000026361D00000000000000000011000000010000000D000000
ruRU/patch-ruRU-4.mpq,CharSections,707368,13,0xD,40,10,38F20A000D000000010000000300000055361D00000000000000000011000000010000000E000000
ruRU/patch-ruRU-4.mpq,CharSections,707369,13,0xD,40,10,39F20A000D000000010000000300000084361D00000000000000000011000000010000000F000000
ruRU/patch-ruRU-4.mpq,CharSections,707370,13,0xD,40,10,3AF20A000D0000000100000003000000B3361D000000000000000000110000000100000010000000
ruRU/patch-ruRU-4.mpq,CharSections,707371,13,0xD,40,10,3BF20A000D0000000100000003000000E2361D000000000000000000110000000100000011000000
ruRU/patch-ruRU-4.mpq,CharSections,707372,13,0xD,40,10,3CF20A000D000000010000000300000011371D000000000000000000110000000100000012000000
ruRU/patch-ruRU-4.mpq,CharSections,707373,13,0xD,40,10,3DF20A000D000000010000000300000040371D000000000000000000110000000100000013000000
ruRU/patch-ruRU-4.mpq,CharSections,707374,13,0xD,40,10,3EF20A000D00000001000000030000006F371D000000000000000000110000000100000014000000
ruRU/patch-ruRU-4.mpq,CharSections,707375,13,0xD,40,10,3FF20A000D00000001000000030000009E371D000000000000000000110000000100000015000000
ruRU/patch-ruRU-4.mpq,CharSections,707376,13,0xD,40,10,40F20A000D0000000100000003000000CD371D000000000000000000110000000100000016000000
ruRU/patch-ruRU-4.mpq,CharSections,707377,13,0xD,40,10,41F20A000D0000000100000003000000FC371D000000000000000000110000000100000017000000
ruRU/patch-ruRU-4.mpq,CharSections,707378,13,0xD,40,10,42F20A000D00000001000000030000002B381D000000000000000000110000000100000018000000
ruRU/patch-ruRU-4.mpq,CharSections,707379,13,0xD,40,10,43F20A000D00000001000000030000005A381D000000000000000000110000000100000019000000
ruRU/patch-ruRU-4.mpq,CharSections,707380,13,0xD,40,10,44F20A000D000000010000000300000089381D00000000000000000011000000010000001A000000
ruRU/patch-ruRU-4.mpq,CharSections,707381,13,0xD,40,10,45F20A000D0000000100000003000000B8381D00000000000000000011000000010000001B000000
ruRU/patch-ruRU-4.mpq,CharSections,707382,13,0xD,40,10,46F20A000D0000000100000003000000E7381D00000000000000000011000000010000001C000000
ruRU/patch-ruRU-4.mpq,CharSections,707383,13,0xD,40,10,47F20A000D000000010000000300000016391D00000000000000000011000000010000001D000000
ruRU/patch-ruRU-4.mpq,CharSections,707384,13,0xD,40,10,48F20A000D000000010000000300000045391D00000000000000000011000000010000001E000000
ruRU/patch-ruRU-4.mpq,CharSections,707385,13,0xD,40,10,49F20A000D000000010000000300000074391D00000000000000000011000000010000001F000000
ruRU/patch-ruRU-4.mpq,CharSections,707386,13,0xD,40,10,4AF20A000D0000000100000003000000A3391D000000000000000000110000000100000020000000
ruRU/patch-ruRU-4.mpq,CharSections,707387,13,0xD,40,10,4BF20A000D0000000100000003000000D2391D000000000000000000110000000100000021000000
ruRU/patch-ruRU-4.mpq,CharSections,707388,13,0xD,40,10,4CF20A000D0000000100000003000000013A1D000000000000000000110000000100000022000000
ruRU/patch-ruRU-4.mpq,CharSections,707389,13,0xD,40,10,4DF20A000D0000000100000003000000303A1D000000000000000000110000000100000023000000
ruRU/patch-ruRU-4.mpq,CharSections,707390,13,0xD,40,10,4EF20A000D00000001000000030000005F3A1D000000000000000000110000000100000024000000
ruRU/patch-ruRU-4.mpq,CharSections,707391,13,0xD,40,10,4FF20A000D00000001000000030000008E3A1D000000000000000000110000000100000025000000
ruRU/patch-ruRU-4.mpq,CharSections,707392,13,0xD,40,10,50F20A000D0000000100000003000000BD3A1D000000000000000000110000000100000026000000
ruRU/patch-ruRU-4.mpq,CharSections,707393,13,0xD,40,10,51F20A000D0000000100000003000000EC3A1D000000000000000000110000000100000027000000
ruRU/patch-ruRU-4.mpq,CharSections,707394,13,0xD,40,10,52F20A000D00000001000000030000001B3B1D000000000000000000110000000100000028000000
ruRU/patch-ruRU-4.mpq,CharSections,707395,13,0xD,40,10,53F20A000D00000001000000030000004A3B1D000000000000000000110000000100000029000000
ruRU/patch-ruRU-4.mpq,CharSections,707396,13,0xD,40,10,54F20A000D0000000100000003000000793B1D00000000000000000011000000010000002A000000
ruRU/patch-ruRU-4.mpq,CharSections,707397,13,0xD,40,10,55F20A000D0000000100000003000000A83B1D00000000000000000011000000010000002B000000
ruRU/patch-ruRU-4.mpq,CharSections,707398,13,0xD,40,10,56F20A000D0000000100000003000000D73B1D00000000000000000011000000010000002C000000
ruRU/patch-ruRU-4.mpq,CharSections,707399,13,0xD,40,10,57F20A000D0000000100000003000000063C1D00000000000000000011000000010000002D000000
ruRU/patch-ruRU-4.mpq,CharSections,707400,13,0xD,40,10,58F20A000D0000000100000003000000353C1D00000000000000000011000000010000002E000000
ruRU/patch-ruRU-4.mpq,CharSections,707401,13,0xD,40,10,59F20A000D0000000100000003000000643C1D00000000000000000011000000010000002F000000
ruRU/patch-ruRU-4.mpq,CharSections,707402,13,0xD,40,10,5AF20A000D0000000100000003000000933C1D000000000000000000110000000100000030000000
ruRU/patch-ruRU-4.mpq,CharSections,707403,13,0xD,40,10,5BF20A000D0000000100000003000000C23C1D000000000000000000110000000100000031000000
ruRU/patch-ruRU-4.mpq,CharSections,707404,13,0xD,40,10,5CF20A000D0000000100000003000000F13C1D000000000000000000110000000100000032000000
ruRU/patch-ruRU-4.mpq,CharSections,707405,13,0xD,40,10,5DF20A000D0000000100000003000000203D1D000000000000000000110000000100000033000000
ruRU/patch-ruRU-4.mpq,CharSections,707406,13,0xD,40,10,5EF20A000D00000001000000030000004F3D1D000000000000000000110000000100000034000000
ruRU/patch-ruRU-4.mpq,CharSections,707407,13,0xD,40,10,5FF20A000D00000001000000030000007E3D1D000000000000000000110000000100000035000000
ruRU/patch-ruRU-4.mpq,CharSections,707408,13,0xD,40,10,60F20A000D0000000100000003000000AD3D1D000000000000000000110000000100000036000000
ruRU/patch-ruRU-4.mpq,CharSections,707409,13,0xD,40,10,61F20A000D0000000100000003000000DC3D1D000000000000000000110000000100000037000000
ruRU/patch-ruRU-4.mpq,CharSections,707410,13,0xD,40,10,62F20A000D00000001000000030000000B3E1D000000000000000000110000000100000038000000
ruRU/patch-ruRU-4.mpq,CharSections,707411,13,0xD,40,10,63F20A000D00000001000000030000003A3E1D000000000000000000110000000100000039000000
ruRU/patch-ruRU-4.mpq,CharSections,707412,13,0xD,40,10,64F20A000D0000000100000003000000693E1D00000000000000000011000000010000003A000000
ruRU/patch-ruRU-4.mpq,CharSections,707413,13,0xD,40,10,65F20A000D0000000100000003000000983E1D00000000000000000011000000010000003B000000
ruRU/patch-ruRU-4.mpq,CharSections,707414,13,0xD,40,10,66F20A000D0000000100000003000000C73E1D00000000000000000011000000010000003C000000
ruRU/patch-ruRU-4.mpq,CharSections,707415,13,0xD,40,10,67F20A000D0000000100000003000000F63E1D00000000000000000011000000010000003D000000
ruRU/patch-ruRU-4.mpq,CharSections,707416,13,0xD,40,10,68F20A000D0000000100000003000000253F1D00000000000000000011000000010000003E000000
ruRU/patch-ruRU-4.mpq,CharSections,707417,13,0xD,40,10,69F20A000D0000000100000003000000543F1D00000000000000000011000000010000003F000000
ruRU/patch-ruRU-4.mpq,CharSections,707418,13,0xD,40,10,6AF20A000D0000000100000003000000833F1D000000000000000000110000000100000040000000
ruRU/patch-ruRU-4.mpq,CharSections,707419,13,0xD,40,10,6BF20A000D0000000100000003000000B23F1D000000000000000000110000000100000041000000
ruRU/patch-ruRU-4.mpq,CharSections,707420,13,0xD,40,10,6CF20A000D0000000100000003000000E13F1D000000000000000000110000000100000042000000
ruRU/patch-ruRU-4.mpq,CharSections,707421,13,0xD,40,10,6DF20A000D000000010000000300000010401D000000000000000000110000000100000043000000
ruRU/patch-ruRU-4.mpq,CharSections,707422,13,0xD,40,10,6EF20A000D00000001000000030000003F401D000000000000000000110000000100000044000000
ruRU/patch-ruRU-4.mpq,CharSections,707423,13,0xD,40,10,6FF20A000D00000001000000030000006E401D000000000000000000110000000100000045000000
ruRU/patch-ruRU-4.mpq,CharSections,707424,13,0xD,40,10,70F20A000D00000001000000030000009D401D000000000000000000110000000100000046000000
ruRU/patch-ruRU-4.mpq,CharSections,707425,13,0xD,40,10,71F20A000D0000000100000003000000CC401D000000000000000000110000000100000047000000
ruRU/patch-ruRU-4.mpq,CharSections,707426,13,0xD,40,10,72F20A000D0000000100000003000000FB401D000000000000000000110000000100000048000000
ruRU/patch-ruRU-4.mpq,CharSections,707427,13,0xD,40,10,73F20A000D00000001000000030000002A411D000000000000000000110000000100000049000000
ruRU/patch-ruRU-4.mpq,CharSections,707428,13,0xD,40,10,74F20A000D000000010000000300000059411D00000000000000000011000000010000004A000000
ruRU/patch-ruRU-4.mpq,CharSections,707429,13,0xD,40,10,75F20A000D000000010000000300000088411D00000000000000000011000000010000004B000000
ruRU/patch-ruRU-4.mpq,CharSections,707430,13,0xD,40,10,76F20A000D0000000100000003000000B7411D00000000000000000011000000010000004C000000
ruRU/patch-ruRU-4.mpq,CharSections,707431,13,0xD,40,10,77F20A000D0000000100000003000000E6411D00000000000000000011000000010000004D000000
ruRU/patch-ruRU-4.mpq,CharSections,707432,13,0xD,40,10,78F20A000D000000010000000300000015421D00000000000000000011000000010000004E000000
ruRU/patch-ruRU-4.mpq,CharSections,707433,13,0xD,40,10,79F20A000D000000010000000300000044421D00000000000000000011000000010000004F000000
ruRU/patch-ruRU-4.mpq,CharSections,707434,13,0xD,40,10,7AF20A000D0000000100000003000000C3331D000000000000000000110000000200000000000000
ruRU/patch-ruRU-4.mpq,CharSections,707435,13,0xD,40,10,7BF20A000D0000000100000003000000F2331D000000000000000000110000000200000001000000
ruRU/patch-ruRU-4.mpq,CharSections,707436,13,0xD,40,10,7CF20A000D000000010000000300000021341D000000000000000000110000000200000002000000
ruRU/patch-ruRU-4.mpq,CharSections,707437,13,0xD,40,10,7DF20A000D000000010000000300000050341D000000000000000000110000000200000003000000
ruRU/patch-ruRU-4.mpq,CharSections,707438,13,0xD,40,10,7EF20A000D00000001000000030000007F341D000000000000000000110000000200000004000000
ruRU/patch-ruRU-4.mpq,CharSections,707439,13,0xD,40,10,7FF20A000D0000000100000003000000AE341D000000000000000000110000000200000005000000
ruRU/patch-ruRU-4.mpq,CharSections,707440,13,0xD,40,10,80F20A000D0000000100000003000000DD341D000000000000000000110000000200000006000000
ruRU/patch-ruRU-4.mpq,CharSections,707441,13,0xD,40,10,81F20A000D00000001000000030000000C351D000000000000000000110000000200000007000000
ruRU/patch-ruRU-4.mpq,CharSections,707442,13,0xD,40,10,82F20A000D00000001000000030000003B351D000000000000000000110000000200000008000000
ruRU/patch-ruRU-4.mpq,CharSections,707443,13,0xD,40,10,83F20A000D00000001000000030000006A351D000000000000000000110000000200000009000000
ruRU/patch-ruRU-4.mpq,CharSections,707444,13,0xD,40,10,84F20A000D000000010000000300000099351D00000000000000000011000000020000000A000000
ruRU/patch-ruRU-4.mpq,CharSections,707445,13,0xD,40,10,85F20A000D0000000100000003000000C8351D00000000000000000011000000020000000B000000
ruRU/patch-ruRU-4.mpq,CharSections,707446,13,0xD,40,10,86F20A000D0000000100000003000000F7351D00000000000000000011000000020000000C000000
ruRU/patch-ruRU-4.mpq,CharSections,707447,13,0xD,40,10,87F20A000D000000010000000300000026361D00000000000000000011000000020000000D000000
ruRU/patch-ruRU-4.mpq,CharSections,707448,13,0xD,40,10,88F20A000D000000010000000300000055361D00000000000000000011000000020000000E000000
ruRU/patch-ruRU-4.mpq,CharSections,707449,13,0xD,40,10,89F20A000D000000010000000300000084361D00000000000000000011000000020000000F000000
ruRU/patch-ruRU-4.mpq,CharSections,707450,13,0xD,40,10,8AF20A000D0000000100000003000000B3361D000000000000000000110000000200000010000000
ruRU/patch-ruRU-4.mpq,CharSections,707451,13,0xD,40,10,8BF20A000D0000000100000003000000E2361D000000000000000000110000000200000011000000
ruRU/patch-ruRU-4.mpq,CharSections,707452,13,0xD,40,10,8CF20A000D000000010000000300000011371D000000000000000000110000000200000012000000
ruRU/patch-ruRU-4.mpq,CharSections,707453,13,0xD,40,10,8DF20A000D000000010000000300000040371D000000000000000000110000000200000013000000
ruRU/patch-ruRU-4.mpq,CharSections,707454,13,0xD,40,10,8EF20A000D00000001000000030000006F371D000000000000000000110000000200000014000000
ruRU/patch-ruRU-4.mpq,CharSections,707455,13,0xD,40,10,8FF20A000D00000001000000030000009E371D000000000000000000110000000200000015000000
ruRU/patch-ruRU-4.mpq,CharSections,707456,13,0xD,40,10,90F20A000D0000000100000003000000CD371D000000000000000000110000000200000016000000
ruRU/patch-ruRU-4.mpq,CharSections,707457,13,0xD,40,10,91F20A000D0000000100000003000000FC371D000000000000000000110000000200000017000000
ruRU/patch-ruRU-4.mpq,CharSections,707458,13,0xD,40,10,92F20A000D00000001000000030000002B381D000000000000000000110000000200000018000000
ruRU/patch-ruRU-4.mpq,CharSections,707459,13,0xD,40,10,93F20A000D00000001000000030000005A381D000000000000000000110000000200000019000000
ruRU/patch-ruRU-4.mpq,CharSections,707460,13,0xD,40,10,94F20A000D000000010000000300000089381D00000000000000000011000000020000001A000000
ruRU/patch-ruRU-4.mpq,CharSections,707461,13,0xD,40,10,95F20A000D0000000100000003000000B8381D00000000000000000011000000020000001B000000
ruRU/patch-ruRU-4.mpq,CharSections,707462,13,0xD,40,10,96F20A000D0000000100000003000000E7381D00000000000000000011000000020000001C000000
ruRU/patch-ruRU-4.mpq,CharSections,707463,13,0xD,40,10,97F20A000D000000010000000300000016391D00000000000000000011000000020000001D000000
ruRU/patch-ruRU-4.mpq,CharSections,707464,13,0xD,40,10,98F20A000D000000010000000300000045391D00000000000000000011000000020000001E000000
ruRU/patch-ruRU-4.mpq,CharSections,707465,13,0xD,40,10,99F20A000D000000010000000300000074391D00000000000000000011000000020000001F000000
ruRU/patch-ruRU-4.mpq,CharSections,707466,13,0xD,40,10,9AF20A000D0000000100000003000000A3391D000000000000000000110000000200000020000000
ruRU/patch-ruRU-4.mpq,CharSections,707467,13,0xD,40,10,9BF20A000D0000000100000003000000D2391D000000000000000000110000000200000021000000
ruRU/patch-ruRU-4.mpq,CharSections,707468,13,0xD,40,10,9CF20A000D0000000100000003000000013A1D000000000000000000110000000200000022000000
ruRU/patch-ruRU-4.mpq,CharSections,707469,13,0xD,40,10,9DF20A000D0000000100000003000000303A1D000000000000000000110000000200000023000000
ruRU/patch-ruRU-4.mpq,CharSections,707470,13,0xD,40,10,9EF20A000D00000001000000030000005F3A1D000000000000000000110000000200000024000000
ruRU/patch-ruRU-4.mpq,CharSections,707471,13,0xD,40,10,9FF20A000D00000001000000030000008E3A1D000000000000000000110000000200000025000000
ruRU/patch-ruRU-4.mpq,CharSections,707472,13,0xD,40,10,A0F20A000D0000000100000003000000BD3A1D000000000000000000110000000200000026000000
ruRU/patch-ruRU-4.mpq,CharSections,707473,13,0xD,40,10,A1F20A000D0000000100000003000000EC3A1D000000000000000000110000000200000027000000
ruRU/patch-ruRU-4.mpq,CharSections,707474,13,0xD,40,10,A2F20A000D00000001000000030000001B3B1D000000000000000000110000000200000028000000
ruRU/patch-ruRU-4.mpq,CharSections,707475,13,0xD,40,10,A3F20A000D00000001000000030000004A3B1D000000000000000000110000000200000029000000
ruRU/patch-ruRU-4.mpq,CharSections,707476,13,0xD,40,10,A4F20A000D0000000100000003000000793B1D00000000000000000011000000020000002A000000
ruRU/patch-ruRU-4.mpq,CharSections,707477,13,0xD,40,10,A5F20A000D0000000100000003000000A83B1D00000000000000000011000000020000002B000000
ruRU/patch-ruRU-4.mpq,CharSections,707478,13,0xD,40,10,A6F20A000D0000000100000003000000D73B1D00000000000000000011000000020000002C000000
ruRU/patch-ruRU-4.mpq,CharSections,707479,13,0xD,40,10,A7F20A000D0000000100000003000000063C1D00000000000000000011000000020000002D000000
ruRU/patch-ruRU-4.mpq,CharSections,707480,13,0xD,40,10,A8F20A000D0000000100000003000000353C1D00000000000000000011000000020000002E000000
ruRU/patch-ruRU-4.mpq,CharSections,707481,13,0xD,40,10,A9F20A000D0000000100000003000000643C1D00000000000000000011000000020000002F000000
ruRU/patch-ruRU-4.mpq,CharSections,707482,13,0xD,40,10,AAF20A000D0000000100000003000000933C1D000000000000000000110000000200000030000000
ruRU/patch-ruRU-4.mpq,CharSections,707483,13,0xD,40,10,ABF20A000D0000000100000003000000C23C1D000000000000000000110000000200000031000000
ruRU/patch-ruRU-4.mpq,CharSections,707484,13,0xD,40,10,ACF20A000D0000000100000003000000F13C1D000000000000000000110000000200000032000000
ruRU/patch-ruRU-4.mpq,CharSections,707485,13,0xD,40,10,ADF20A000D0000000100000003000000203D1D000000000000000000110000000200000033000000
ruRU/patch-ruRU-4.mpq,CharSections,707486,13,0xD,40,10,AEF20A000D00000001000000030000004F3D1D000000000000000000110000000200000034000000
ruRU/patch-ruRU-4.mpq,CharSections,707487,13,0xD,40,10,AFF20A000D00000001000000030000007E3D1D000000000000000000110000000200000035000000
ruRU/patch-ruRU-4.mpq,CharSections,707488,13,0xD,40,10,B0F20A000D0000000100000003000000AD3D1D000000000000000000110000000200000036000000
ruRU/patch-ruRU-4.mpq,CharSections,707489,13,0xD,40,10,B1F20A000D0000000100000003000000DC3D1D000000000000000000110000000200000037000000
ruRU/patch-ruRU-4.mpq,CharSections,707490,13,0xD,40,10,B2F20A000D00000001000000030000000B3E1D000000000000000000110000000200000038000000
ruRU/patch-ruRU-4.mpq,CharSections,707491,13,0xD,40,10,B3F20A000D00000001000000030000003A3E1D000000000000000000110000000200000039000000
ruRU/patch-ruRU-4.mpq,CharSections,707492,13,0xD,40,10,B4F20A000D0000000100000003000000693E1D00000000000000000011000000020000003A000000
ruRU/patch-ruRU-4.mpq,CharSections,707493,13,0xD,40,10,B5F20A000D0000000100000003000000983E1D00000000000000000011000000020000003B000000
ruRU/patch-ruRU-4.mpq,CharSections,707494,13,0xD,40,10,B6F20A000D0000000100000003000000C73E1D00000000000000000011000000020000003C000000
ruRU/patch-ruRU-4.mpq,CharSections,707495,13,0xD,40,10,B7F20A000D0000000100000003000000F63E1D00000000000000000011000000020000003D000000
ruRU/patch-ruRU-4.mpq,CharSections,707496,13,0xD,40,10,B8F20A000D0000000100000003000000253F1D00000000000000000011000000020000003E000000
ruRU/patch-ruRU-4.mpq,CharSections,707497,13,0xD,40,10,B9F20A000D0000000100000003000000543F1D00000000000000000011000000020000003F000000
ruRU/patch-ruRU-4.mpq,CharSections,707498,13,0xD,40,10,BAF20A000D0000000100000003000000833F1D000000000000000000110000000200000040000000
ruRU/patch-ruRU-4.mpq,CharSections,707499,13,0xD,40,10,BBF20A000D0000000100000003000000B23F1D000000000000000000110000000200000041000000
ruRU/patch-ruRU-4.mpq,CharSections,707500,13,0xD,40,10,BCF20A000D0000000100000003000000E13F1D000000000000000000110000000200000042000000
ruRU/patch-ruRU-4.mpq,CharSections,707501,13,0xD,40,10,BDF20A000D000000010000000300000010401D000000000000000000110000000200000043000000
ruRU/patch-ruRU-4.mpq,CharSections,707502,13,0xD,40,10,BEF20A000D00000001000000030000003F401D000000000000000000110000000200000044000000
ruRU/patch-ruRU-4.mpq,CharSections,707503,13,0xD,40,10,BFF20A000D00000001000000030000006E401D000000000000000000110000000200000045000000
ruRU/patch-ruRU-4.mpq,CharSections,707504,13,0xD,40,10,C0F20A000D00000001000000030000009D401D000000000000000000110000000200000046000000
ruRU/patch-ruRU-4.mpq,CharSections,707505,13,0xD,40,10,C1F20A000D0000000100000003000000CC401D000000000000000000110000000200000047000000
ruRU/patch-ruRU-4.mpq,CharSections,707506,13,0xD,40,10,C2F20A000D0000000100000003000000FB401D000000000000000000110000000200000048000000
ruRU/patch-ruRU-4.mpq,CharSections,707507,13,0xD,40,10,C3F20A000D00000001000000030000002A411D000000000000000000110000000200000049000000
ruRU/patch-ruRU-4.mpq,CharSections,707508,13,0xD,40,10,C4F20A000D000000010000000300000059411D00000000000000000011000000020000004A000000
ruRU/patch-ruRU-4.mpq,CharSections,707509,13,0xD,40,10,C5F20A000D000000010000000300000088411D00000000000000000011000000020000004B000000
ruRU/patch-ruRU-4.mpq,CharSections,707510,13,0xD,40,10,C6F20A000D0000000100000003000000B7411D00000000000000000011000000020000004C000000
ruRU/patch-ruRU-4.mpq,CharSections,707511,13,0xD,40,10,C7F20A000D0000000100000003000000E6411D00000000000000000011000000020000004D000000
ruRU/patch-ruRU-4.mpq,CharSections,707512,13,0xD,40,10,C8F20A000D000000010000000300000015421D00000000000000000011000000020000004E000000
ruRU/patch-ruRU-4.mpq,CharSections,707513,13,0xD,40,10,C9F20A000D000000010000000300000044421D00000000000000000011000000020000004F000000
ruRU/patch-ruRU-4.mpq,CharSections,707514,13,0xD,40,10,CAF20A000D0000000100000003000000C3331D000000000000000000110000000300000000000000
ruRU/patch-ruRU-4.mpq,CharSections,707515,13,0xD,40,10,CBF20A000D0000000100000003000000F2331D000000000000000000110000000300000001000000
ruRU/patch-ruRU-4.mpq,CharSections,707516,13,0xD,40,10,CCF20A000D000000010000000300000021341D000000000000000000110000000300000002000000
ruRU/patch-ruRU-4.mpq,CharSections,707517,13,0xD,40,10,CDF20A000D000000010000000300000050341D000000000000000000110000000300000003000000
ruRU/patch-ruRU-4.mpq,CharSections,707518,13,0xD,40,10,CEF20A000D00000001000000030000007F341D000000000000000000110000000300000004000000
ruRU/patch-ruRU-4.mpq,CharSections,707519,13,0xD,40,10,CFF20A000D0000000100000003000000AE341D000000000000000000110000000300000005000000
ruRU/patch-ruRU-4.mpq,CharSections,707520,13,0xD,40,10,D0F20A000D0000000100000003000000DD341D000000000000000000110000000300000006000000
ruRU/patch-ruRU-4.mpq,CharSections,707521,13,0xD,40,10,D1F20A000D00000001000000030000000C351D000000000000000000110000000300000007000000
ruRU/patch-ruRU-4.mpq,CharSections,707522,13,0xD,40,10,D2F20A000D00000001000000030000003B351D000000000000000000110000000300000008000000
ruRU/patch-ruRU-4.mpq,CharSections,707523,13,0xD,40,10,D3F20A000D00000001000000030000006A351D000000000000000000110000000300000009000000
ruRU/patch-ruRU-4.mpq,CharSections,707524,13,0xD,40,10,D4F20A000D000000010000000300000099351D00000000000000000011000000030000000A000000
ruRU/patch-ruRU-4.mpq,CharSections,707525,13,0xD,40,10,D5F20A000D0000000100000003000000C8351D00000000000000000011000000030000000B000000
ruRU/patch-ruRU-4.mpq,CharSections,707526,13,0xD,40,10,D6F20A000D0000000100000003000000F7351D00000000000000000011000000030000000C000000
ruRU/patch-ruRU-4.mpq,CharSections,707527,13,0xD,40,10,D7F20A000D000000010000000300000026361D00000000000000000011000000030000000D000000
ruRU/patch-ruRU-4.mpq,CharSections,707528,13,0xD,40,10,D8F20A000D000000010000000300000055361D00000000000000000011000000030000000E000000
ruRU/patch-ruRU-4.mpq,CharSections,707529,13,0xD,40,10,D9F20A000D000000010000000300000084361D00000000000000000011000000030000000F000000
ruRU/patch-ruRU-4.mpq,CharSections,707530,13,0xD,40,10,DAF20A000D0000000100000003000000B3361D000000000000000000110000000300000010000000
ruRU/patch-ruRU-4.mpq,CharSections,707531,13,0xD,40,10,DBF20A000D0000000100000003000000E2361D000000000000000000110000000300000011000000
ruRU/patch-ruRU-4.mpq,CharSections,707532,13,0xD,40,10,DCF20A000D000000010000000300000011371D000000000000000000110000000300000012000000
ruRU/patch-ruRU-4.mpq,CharSections,707533,13,0xD,40,10,DDF20A000D000000010000000300000040371D000000000000000000110000000300000013000000
ruRU/patch-ruRU-4.mpq,CharSections,707534,13,0xD,40,10,DEF20A000D00000001000000030000006F371D000000000000000000110000000300000014000000
ruRU/patch-ruRU-4.mpq,CharSections,707535,13,0xD,40,10,DFF20A000D00000001000000030000009E371D000000000000000000110000000300000015000000
ruRU/patch-ruRU-4.mpq,CharSections,707536,13,0xD,40,10,E0F20A000D0000000100000003000000CD371D000000000000000000110000000300000016000000
ruRU/patch-ruRU-4.mpq,CharSections,707537,13,0xD,40,10,E1F20A000D0000000100000003000000FC371D000000000000000000110000000300000017000000
ruRU/patch-ruRU-4.mpq,CharSections,707538,13,0xD,40,10,E2F20A000D00000001000000030000002B381D000000000000000000110000000300000018000000
ruRU/patch-ruRU-4.mpq,CharSections,707539,13,0xD,40,10,E3F20A000D00000001000000030000005A381D000000000000000000110000000300000019000000
ruRU/patch-ruRU-4.mpq,CharSections,707540,13,0xD,40,10,E4F20A000D000000010000000300000089381D00000000000000000011000000030000001A000000
ruRU/patch-ruRU-4.mpq,CharSections,707541,13,0xD,40,10,E5F20A000D0000000100000003000000B8381D00000000000000000011000000030000001B000000
ruRU/patch-ruRU-4.mpq,CharSections,707542,13,0xD,40,10,E6F20A000D0000000100000003000000E7381D00000000000000000011000000030000001C000000
ruRU/patch-ruRU-4.mpq,CharSections,707543,13,0xD,40,10,E7F20A000D000000010000000300000016391D00000000000000000011000000030000001D000000
ruRU/patch-ruRU-4.mpq,CharSections,707544,13,0xD,40,10,E8F20A000D000000010000000300000045391D00000000000000000011000000030000001E000000
ruRU/patch-ruRU-4.mpq,CharSections,707545,13,0xD,40,10,E9F20A000D000000010000000300000074391D00000000000000000011000000030000001F000000
ruRU/patch-ruRU-4.mpq,CharSections,707546,13,0xD,40,10,EAF20A000D0000000100000003000000A3391D000000000000000000110000000300000020000000
ruRU/patch-ruRU-4.mpq,CharSections,707547,13,0xD,40,10,EBF20A000D0000000100000003000000D2391D000000000000000000110000000300000021000000
ruRU/patch-ruRU-4.mpq,CharSections,707548,13,0xD,40,10,ECF20A000D0000000100000003000000013A1D000000000000000000110000000300000022000000
ruRU/patch-ruRU-4.mpq,CharSections,707549,13,0xD,40,10,EDF20A000D0000000100000003000000303A1D000000000000000000110000000300000023000000
ruRU/patch-ruRU-4.mpq,CharSections,707550,13,0xD,40,10,EEF20A000D00000001000000030000005F3A1D000000000000000000110000000300000024000000
ruRU/patch-ruRU-4.mpq,CharSections,707551,13,0xD,40,10,EFF20A000D00000001000000030000008E3A1D000000000000000000110000000300000025000000
ruRU/patch-ruRU-4.mpq,CharSections,707552,13,0xD,40,10,F0F20A000D0000000100000003000000BD3A1D000000000000000000110000000300000026000000
ruRU/patch-ruRU-4.mpq,CharSections,707553,13,0xD,40,10,F1F20A000D0000000100000003000000EC3A1D000000000000000000110000000300000027000000
ruRU/patch-ruRU-4.mpq,CharSections,707554,13,0xD,40,10,F2F20A000D00000001000000030000001B3B1D000000000000000000110000000300000028000000
ruRU/patch-ruRU-4.mpq,CharSections,707555,13,0xD,40,10,F3F20A000D00000001000000030000004A3B1D000000000000000000110000000300000029000000
ruRU/patch-ruRU-4.mpq,CharSections,707556,13,0xD,40,10,F4F20A000D0000000100000003000000793B1D00000000000000000011000000030000002A000000
ruRU/patch-ruRU-4.mpq,CharSections,707557,13,0xD,40,10,F5F20A000D0000000100000003000000A83B1D00000000000000000011000000030000002B000000
ruRU/patch-ruRU-4.mpq,CharSections,707558,13,0xD,40,10,F6F20A000D0000000100000003000000D73B1D00000000000000000011000000030000002C000000
ruRU/patch-ruRU-4.mpq,CharSections,707559,13,0xD,40,10,F7F20A000D0000000100000003000000063C1D00000000000000000011000000030000002D000000
ruRU/patch-ruRU-4.mpq,CharSections,707560,13,0xD,40,10,F8F20A000D0000000100000003000000353C1D00000000000000000011000000030000002E000000
ruRU/patch-ruRU-4.mpq,CharSections,707561,13,0xD,40,10,F9F20A000D0000000100000003000000643C1D00000000000000000011000000030000002F000000
ruRU/patch-ruRU-4.mpq,CharSections,707562,13,0xD,40,10,FAF20A000D0000000100000003000000933C1D000000000000000000110000000300000030000000
ruRU/patch-ruRU-4.mpq,CharSections,707563,13,0xD,40,10,FBF20A000D0000000100000003000000C23C1D000000000000000000110000000300000031000000
ruRU/patch-ruRU-4.mpq,CharSections,707564,13,0xD,40,10,FCF20A000D0000000100000003000000F13C1D000000000000000000110000000300000032000000
ruRU/patch-ruRU-4.mpq,CharSections,707565,13,0xD,40,10,FDF20A000D0000000100000003000000203D1D000000000000000000110000000300000033000000
ruRU/patch-ruRU-4.mpq,CharSections,707566,13,0xD,40,10,FEF20A000D00000001000000030000004F3D1D000000000000000000110000000300000034000000
ruRU/patch-ruRU-4.mpq,CharSections,707567,13,0xD,40,10,FFF20A000D00000001000000030000007E3D1D000000000000000000110000000300000035000000
ruRU/patch-ruRU-4.mpq,CharSections,707568,13,0xD,40,10,00F30A000D0000000100000003000000AD3D1D000000000000000000110000000300000036000000
ruRU/patch-ruRU-4.mpq,CharSections,707569,13,0xD,40,10,01F30A000D0000000100000003000000DC3D1D000000000000000000110000000300000037000000
ruRU/patch-ruRU-4.mpq,CharSections,707570,13,0xD,40,10,02F30A000D00000001000000030000000B3E1D000000000000000000110000000300000038000000
ruRU/patch-ruRU-4.mpq,CharSections,707571,13,0xD,40,10,03F30A000D00000001000000030000003A3E1D000000000000000000110000000300000039000000
ruRU/patch-ruRU-4.mpq,CharSections,707572,13,0xD,40,10,04F30A000D0000000100000003000000693E1D00000000000000000011000000030000003A000000
ruRU/patch-ruRU-4.mpq,CharSections,707573,13,0xD,40,10,05F30A000D0000000100000003000000983E1D00000000000000000011000000030000003B000000
ruRU/patch-ruRU-4.mpq,CharSections,707574,13,0xD,40,10,06F30A000D0000000100000003000000C73E1D00000000000000000011000000030000003C000000
ruRU/patch-ruRU-4.mpq,CharSections,707575,13,0xD,40,10,07F30A000D0000000100000003000000F63E1D00000000000000000011000000030000003D000000
ruRU/patch-ruRU-4.mpq,CharSections,707576,13,0xD,40,10,08F30A000D0000000100000003000000253F1D00000000000000000011000000030000003E000000
ruRU/patch-ruRU-4.mpq,CharSections,707577,13,0xD,40,10,09F30A000D0000000100000003000000543F1D00000000000000000011000000030000003F000000
ruRU/patch-ruRU-4.mpq,CharSections,707578,13,0xD,40,10,0AF30A000D0000000100000003000000833F1D000000000000000000110000000300000040000000
ruRU/patch-ruRU-4.mpq,CharSections,707579,13,0xD,40,10,0BF30A000D0000000100000003000000B23F1D000000000000000000110000000300000041000000
ruRU/patch-ruRU-4.mpq,CharSections,707580,13,0xD,40,10,0CF30A000D0000000100000003000000E13F1D000000000000000000110000000300000042000000
ruRU/patch-ruRU-4.mpq,CharSections,707581,13,0xD,40,10,0DF30A000D000000010000000300000010401D000000000000000000110000000300000043000000
ruRU/patch-ruRU-4.mpq,CharSections,707582,13,0xD,40,10,0EF30A000D00000001000000030000003F401D000000000000000000110000000300000044000000
ruRU/patch-ruRU-4.mpq,CharSections,707583,13,0xD,40,10,0FF30A000D00000001000000030000006E401D000000000000000000110000000300000045000000
ruRU/patch-ruRU-4.mpq,CharSections,707584,13,0xD,40,10,10F30A000D00000001000000030000009D401D000000000000000000110000000300000046000000
ruRU/patch-ruRU-4.mpq,CharSections,707585,13,0xD,40,10,11F30A000D0000000100000003000000CC401D000000000000000000110000000300000047000000
ruRU/patch-ruRU-4.mpq,CharSections,707586,13,0xD,40,10,12F30A000D0000000100000003000000FB401D000000000000000000110000000300000048000000
ruRU/patch-ruRU-4.mpq,CharSections,707587,13,0xD,40,10,13F30A000D00000001000000030000002A411D000000000000000000110000000300000049000000
ruRU/patch-ruRU-4.mpq,CharSections,707588,13,0xD,40,10,14F30A000D000000010000000300000059411D00000000000000000011000000030000004A000000
ruRU/patch-ruRU-4.mpq,CharSections,707589,13,0xD,40,10,15F30A000D000000010000000300000088411D00000000000000000011000000030000004B000000
ruRU/patch-ruRU-4.mpq,CharSections,707590,13,0xD,40,10,16F30A000D0000000100000003000000B7411D00000000000000000011000000030000004C000000
ruRU/patch-ruRU-4.mpq,CharSections,707591,13,0xD,40,10,17F30A000D0000000100000003000000E6411D00000000000000000011000000030000004D000000
ruRU/patch-ruRU-4.mpq,CharSections,707592,13,0xD,40,10,18F30A000D000000010000000300000015421D00000000000000000011000000030000004E000000
ruRU/patch-ruRU-4.mpq,CharSections,707593,13,0xD,40,10,19F30A000D000000010000000300000044421D00000000000000000011000000030000004F000000
ruRU/patch-ruRU-4.mpq,CharSections,707594,13,0xD,40,10,1AF30A000D0000000100000003000000C3331D000000000000000000110000000400000000000000
ruRU/patch-ruRU-4.mpq,CharSections,707595,13,0xD,40,10,1BF30A000D0000000100000003000000F2331D000000000000000000110000000400000001000000
ruRU/patch-ruRU-4.mpq,CharSections,707596,13,0xD,40,10,1CF30A000D000000010000000300000021341D000000000000000000110000000400000002000000
ruRU/patch-ruRU-4.mpq,CharSections,707597,13,0xD,40,10,1DF30A000D000000010000000300000050341D000000000000000000110000000400000003000000
ruRU/patch-ruRU-4.mpq,CharSections,707598,13,0xD,40,10,1EF30A000D00000001000000030000007F341D000000000000000000110000000400000004000000
ruRU/patch-ruRU-4.mpq,CharSections,707599,13,0xD,40,10,1FF30A000D0000000100000003000000AE341D000000000000000000110000000400000005000000
ruRU/patch-ruRU-4.mpq,CharSections,707600,13,0xD,40,10,20F30A000D0000000100000003000000DD341D000000000000000000110000000400000006000000
ruRU/patch-ruRU-4.mpq,CharSections,707601,13,0xD,40,10,21F30A000D00000001000000030000000C351D000000000000000000110000000400000007000000
ruRU/patch-ruRU-4.mpq,CharSections,707602,13,0xD,40,10,22F30A000D00000001000000030000003B351D000000000000000000110000000400000008000000
ruRU/patch-ruRU-4.mpq,CharSections,707603,13,0xD,40,10,23F30A000D00000001000000030000006A351D000000000000000000110000000400000009000000
ruRU/patch-ruRU-4.mpq,CharSections,707604,13,0xD,40,10,24F30A000D000000010000000300000099351D00000000000000000011000000040000000A000000
ruRU/patch-ruRU-4.mpq,CharSections,707605,13,0xD,40,10,25F30A000D0000000100000003000000C8351D00000000000000000011000000040000000B000000
ruRU/patch-ruRU-4.mpq,CharSections,707606,13,0xD,40,10,26F30A000D0000000100000003000000F7351D00000000000000000011000000040000000C000000
ruRU/patch-ruRU-4.mpq,CharSections,707607,13,0xD,40,10,27F30A000D000000010000000300000026361D00000000000000000011000000040000000D000000
ruRU/patch-ruRU-4.mpq,CharSections,707608,13,0xD,40,10,28F30A000D000000010000000300000055361D00000000000000000011000000040000000E000000
ruRU/patch-ruRU-4.mpq,CharSections,707609,13,0xD,40,10,29F30A000D000000010000000300000084361D00000000000000000011000000040000000F000000
ruRU/patch-ruRU-4.mpq,CharSections,707610,13,0xD,40,10,2AF30A000D0000000100000003000000B3361D000000000000000000110000000400000010000000
ruRU/patch-ruRU-4.mpq,CharSections,707611,13,0xD,40,10,2BF30A000D0000000100000003000000E2361D000000000000000000110000000400000011000000
ruRU/patch-ruRU-4.mpq,CharSections,707612,13,0xD,40,10,2CF30A000D000000010000000300000011371D000000000000000000110000000400000012000000
ruRU/patch-ruRU-4.mpq,CharSections,707613,13,0xD,40,10,2DF30A000D000000010000000300000040371D000000000000000000110000000400000013000000
ruRU/patch-ruRU-4.mpq,CharSections,707614,13,0xD,40,10,2EF30A000D00000001000000030000006F371D000000000000000000110000000400000014000000
ruRU/patch-ruRU-4.mpq,CharSections,707615,13,0xD,40,10,2FF30A000D00000001000000030000009E371D000000000000000000110000000400000015000000
ruRU/patch-ruRU-4.mpq,CharSections,707616,13,0xD,40,10,30F30A000D0000000100000003000000CD371D000000000000000000110000000400000016000000
ruRU/patch-ruRU-4.mpq,CharSections,707617,13,0xD,40,10,31F30A000D0000000100000003000000FC371D000000000000000000110000000400000017000000
ruRU/patch-ruRU-4.mpq,CharSections,707618,13,0xD,40,10,32F30A000D00000001000000030000002B381D000000000000000000110000000400000018000000
ruRU/patch-ruRU-4.mpq,CharSections,707619,13,0xD,40,10,33F30A000D00000001000000030000005A381D000000000000000000110000000400000019000000
ruRU/patch-ruRU-4.mpq,CharSections,707620,13,0xD,40,10,34F30A000D000000010000000300000089381D00000000000000000011000000040000001A000000
ruRU/patch-ruRU-4.mpq,CharSections,707621,13,0xD,40,10,35F30A000D0000000100000003000000B8381D00000000000000000011000000040000001B000000
ruRU/patch-ruRU-4.mpq,CharSections,707622,13,0xD,40,10,36F30A000D0000000100000003000000E7381D00000000000000000011000000040000001C000000
ruRU/patch-ruRU-4.mpq,CharSections,707623,13,0xD,40,10,37F30A000D000000010000000300000016391D00000000000000000011000000040000001D000000
ruRU/patch-ruRU-4.mpq,CharSections,707624,13,0xD,40,10,38F30A000D000000010000000300000045391D00000000000000000011000000040000001E000000
ruRU/patch-ruRU-4.mpq,CharSections,707625,13,0xD,40,10,39F30A000D000000010000000300000074391D00000000000000000011000000040000001F000000
ruRU/patch-ruRU-4.mpq,CharSections,707626,13,0xD,40,10,3AF30A000D0000000100000003000000A3391D000000000000000000110000000400000020000000
ruRU/patch-ruRU-4.mpq,CharSections,707627,13,0xD,40,10,3BF30A000D0000000100000003000000D2391D000000000000000000110000000400000021000000
ruRU/patch-ruRU-4.mpq,CharSections,707628,13,0xD,40,10,3CF30A000D0000000100000003000000013A1D000000000000000000110000000400000022000000
ruRU/patch-ruRU-4.mpq,CharSections,707629,13,0xD,40,10,3DF30A000D0000000100000003000000303A1D000000000000000000110000000400000023000000
ruRU/patch-ruRU-4.mpq,CharSections,707630,13,0xD,40,10,3EF30A000D00000001000000030000005F3A1D000000000000000000110000000400000024000000
ruRU/patch-ruRU-4.mpq,CharSections,707631,13,0xD,40,10,3FF30A000D00000001000000030000008E3A1D000000000000000000110000000400000025000000
ruRU/patch-ruRU-4.mpq,CharSections,707632,13,0xD,40,10,40F30A000D0000000100000003000000BD3A1D000000000000000000110000000400000026000000
ruRU/patch-ruRU-4.mpq,CharSections,707633,13,0xD,40,10,41F30A000D0000000100000003000000EC3A1D000000000000000000110000000400000027000000
ruRU/patch-ruRU-4.mpq,CharSections,707634,13,0xD,40,10,42F30A000D00000001000000030000001B3B1D000000000000000000110000000400000028000000
ruRU/patch-ruRU-4.mpq,CharSections,707635,13,0xD,40,10,43F30A000D00000001000000030000004A3B1D000000000000000000110000000400000029000000
ruRU/patch-ruRU-4.mpq,CharSections,707636,13,0xD,40,10,44F30A000D0000000100000003000000793B1D00000000000000000011000000040000002A000000
ruRU/patch-ruRU-4.mpq,CharSections,707637,13,0xD,40,10,45F30A000D0000000100000003000000A83B1D00000000000000000011000000040000002B000000
ruRU/patch-ruRU-4.mpq,CharSections,707638,13,0xD,40,10,46F30A000D0000000100000003000000D73B1D00000000000000000011000000040000002C000000
ruRU/patch-ruRU-4.mpq,CharSections,707639,13,0xD,40,10,47F30A000D0000000100000003000000063C1D00000000000000000011000000040000002D000000
ruRU/patch-ruRU-4.mpq,CharSections,707640,13,0xD,40,10,48F30A000D0000000100000003000000353C1D00000000000000000011000000040000002E000000
ruRU/patch-ruRU-4.mpq,CharSections,707641,13,0xD,40,10,49F30A000D0000000100000003000000643C1D00000000000000000011000000040000002F000000
ruRU/patch-ruRU-4.mpq,CharSections,707642,13,0xD,40,10,4AF30A000D0000000100000003000000933C1D000000000000000000110000000400000030000000
ruRU/patch-ruRU-4.mpq,CharSections,707643,13,0xD,40,10,4BF30A000D0000000100000003000000C23C1D000000000000000000110000000400000031000000
ruRU/patch-ruRU-4.mpq,CharSections,707644,13,0xD,40,10,4CF30A000D0000000100000003000000F13C1D000000000000000000110000000400000032000000
ruRU/patch-ruRU-4.mpq,CharSections,707645,13,0xD,40,10,4DF30A000D0000000100000003000000203D1D000000000000000000110000000400000033000000
ruRU/patch-ruRU-4.mpq,CharSections,707646,13,0xD,40,10,4EF30A000D00000001000000030000004F3D1D000000000000000000110000000400000034000000
ruRU/patch-ruRU-4.mpq,CharSections,707647,13,0xD,40,10,4FF30A000D00000001000000030000007E3D1D000000000000000000110000000400000035000000
ruRU/patch-ruRU-4.mpq,CharSections,707648,13,0xD,40,10,50F30A000D0000000100000003000000AD3D1D000000000000000000110000000400000036000000
ruRU/patch-ruRU-4.mpq,CharSections,707649,13,0xD,40,10,51F30A000D0000000100000003000000DC3D1D000000000000000000110000000400000037000000
ruRU/patch-ruRU-4.mpq,CharSections,707650,13,0xD,40,10,52F30A000D00000001000000030000000B3E1D000000000000000000110000000400000038000000
ruRU/patch-ruRU-4.mpq,CharSections,707651,13,0xD,40,10,53F30A000D00000001000000030000003A3E1D000000000000000000110000000400000039000000
ruRU/patch-ruRU-4.mpq,CharSections,707652,13,0xD,40,10,54F30A000D0000000100000003000000693E1D00000000000000000011000000040000003A000000
ruRU/patch-ruRU-4.mpq,CharSections,707653,13,0xD,40,10,55F30A000D0000000100000003000000983E1D00000000000000000011000000040000003B000000
ruRU/patch-ruRU-4.mpq,CharSections,707654,13,0xD,40,10,56F30A000D0000000100000003000000C73E1D00000000000000000011000000040000003C000000
ruRU/patch-ruRU-4.mpq,CharSections,707655,13,0xD,40,10,57F30A000D0000000100000003000000F63E1D00000000000000000011000000040000003D000000
ruRU/patch-ruRU-4.mpq,CharSections,707656,13,0xD,40,10,58F30A000D0000000100000003000000253F1D00000000000000000011000000040000003E000000
ruRU/patch-ruRU-4.mpq,CharSections,707657,13,0xD,40,10,59F30A000D0000000100000003000000543F1D00000000000000000011000000040000003F000000
ruRU/patch-ruRU-4.mpq,CharSections,707658,13,0xD,40,10,5AF30A000D0000000100000003000000833F1D000000000000000000110000000400000040000000
ruRU/patch-ruRU-4.mpq,CharSections,707659,13,0xD,40,10,5BF30A000D0000000100000003000000B23F1D000000000000000000110000000400000041000000
ruRU/patch-ruRU-4.mpq,CharSections,707660,13,0xD,40,10,5CF30A000D0000000100000003000000E13F1D000000000000000000110000000400000042000000
ruRU/patch-ruRU-4.mpq,CharSections,707661,13,0xD,40,10,5DF30A000D000000010000000300000010401D000000000000000000110000000400000043000000
ruRU/patch-ruRU-4.mpq,CharSections,707662,13,0xD,40,10,5EF30A000D00000001000000030000003F401D000000000000000000110000000400000044000000
ruRU/patch-ruRU-4.mpq,CharSections,707663,13,0xD,40,10,5FF30A000D00000001000000030000006E401D000000000000000000110000000400000045000000
ruRU/patch-ruRU-4.mpq,CharSections,707664,13,0xD,40,10,60F30A000D00000001000000030000009D401D000000000000000000110000000400000046000000
ruRU/patch-ruRU-4.mpq,CharSections,707665,13,0xD,40,10,61F30A000D0000000100000003000000CC401D000000000000000000110000000400000047000000
ruRU/patch-ruRU-4.mpq,CharSections,707666,13,0xD,40,10,62F30A000D0000000100000003000000FB401D000000000000000000110000000400000048000000
ruRU/patch-ruRU-4.mpq,CharSections,707667,13,0xD,40,10,63F30A000D00000001000000030000002A411D000000000000000000110000000400000049000000
ruRU/patch-ruRU-4.mpq,CharSections,707668,13,0xD,40,10,64F30A000D000000010000000300000059411D00000000000000000011000000040000004A000000
ruRU/patch-ruRU-4.mpq,CharSections,707669,13,0xD,40,10,65F30A000D000000010000000300000088411D00000000000000000011000000040000004B000000
ruRU/patch-ruRU-4.mpq,CharSections,707670,13,0xD,40,10,66F30A000D0000000100000003000000B7411D00000000000000000011000000040000004C000000
ruRU/patch-ruRU-4.mpq,CharSections,707671,13,0xD,40,10,67F30A000D0000000100000003000000E6411D00000000000000000011000000040000004D000000
ruRU/patch-ruRU-4.mpq,CharSections,707672,13,0xD,40,10,68F30A000D000000010000000300000015421D00000000000000000011000000040000004E000000
ruRU/patch-ruRU-4.mpq,CharSections,707673,13,0xD,40,10,69F30A000D000000010000000300000044421D00000000000000000011000000040000004F000000
ruRU/patch-ruRU-4.mpq,CharSections,707674,13,0xD,40,10,6AF30A000D00000001000000040000000000000073421D0000000000110000000000000000000000
ruRU/patch-ruRU-4.mpq,CharSections,707675,13,0xD,40,10,6BF30A000D00000001000000040000000000000073421D0000000000110000000000000001000000
ruRU/patch-ruRU-4.mpq,CharSections,707676,13,0xD,40,10,6CF30A000D00000001000000040000000000000073421D0000000000110000000000000002000000
ruRU/patch-ruRU-4.mpq,CharSections,707677,13,0xD,40,10,6DF30A000D00000001000000040000000000000073421D0000000000110000000000000003000000
ruRU/patch-ruRU-4.mpq,CharSections,707678,13,0xD,40,10,6EF30A000D00000001000000040000000000000073421D0000000000110000000000000004000000
ruRU/patch-ruRU-4.mpq,CharSections,707679,13,0xD,40,10,6FF30A000D00000001000000040000000000000073421D0000000000110000000000000005000000
ruRU/patch-ruRU-4.mpq,CharSections,707680,13,0xD,40,10,70F30A000D00000001000000040000000000000073421D0000000000110000000000000006000000
ruRU/patch-ruRU-4.mpq,CharSections,707681,13,0xD,40,10,71F30A000D00000001000000040000000000000073421D0000000000110000000000000007000000
ruRU/patch-ruRU-4.mpq,CharSections,707682,13,0xD,40,10,72F30A000D00000001000000040000000000000073421D0000000000110000000000000008000000
ruRU/patch-ruRU-4.mpq,CharSections,707683,13,0xD,40,10,73F30A000D00000001000000040000000000000073421D0000000000110000000000000009000000
ruRU/patch-ruRU-4.mpq,CharSections,707684,13,0xD,40,10,74F30A000D00000001000000040000000000000073421D000000000011000000000000000A000000
ruRU/patch-ruRU-4.mpq,CharSections,707685,13,0xD,40,10,75F30A000D00000001000000040000000000000073421D000000000011000000000000000B000000
ruRU/patch-ruRU-4.mpq,CharSections,707686,13,0xD,40,10,76F30A000D00000001000000040000000000000073421D000000000005000000000000000C000000
ruRU/patch-ruRU-4.mpq,CharSections,707687,13,0xD,40,10,77F30A000D00000001000000040000000000000073421D000000000005000000000000000D000000
ruRU/patch-ruRU-4.mpq,CharSections,707688,13,0xD,40,10,78F30A000D00000001000000040000000000000073421D000000000005000000000000000E000000
ruRU/patch-ruRU-4.mpq,CharSections,707689,13,0xD,40,10,79F30A000D00000001000000040000000000000073421D000000000005000000000000000F000000
ruRU/patch-ruRU-4.mpq,CharSections,707690,13,0xD,40,10,7AF30A000D00000001000000040000000000000073421D0000000000050000000000000010000000
ruRU/patch-ruRU-4.mpq,CharSections,707691,13,0xD,40,10,7BF30A000D00000001000000040000000000000073421D0000000000110000000000000011000000
ruRU/patch-ruRU-4.mpq,CharSections,707692,13,0xD,40,10,7CF30A000D00000001000000040000000000000073421D0000000000110000000000000012000000
ruRU/patch-ruRU-4.mpq,CharSections,707693,13,0xD,40,10,7DF30A000D00000001000000040000000000000073421D0000000000110000000000000013000000
ruRU/patch-ruRU-4.mpq,CharSections,707694,13,0xD,40,10,7EF30A000D00000001000000040000000000000073421D0000000000110000000000000014000000
ruRU/patch-ruRU-4.mpq,CharSections,707695,13,0xD,40,10,7FF30A000D00000001000000040000000000000073421D0000000000110000000000000015000000
ruRU/patch-ruRU-4.mpq,CharSections,707696,13,0xD,40,10,80F30A000D00000001000000040000000000000073421D0000000000110000000000000016000000
ruRU/patch-ruRU-4.mpq,CharSections,707697,13,0xD,40,10,81F30A000D00000001000000040000000000000073421D0000000000110000000000000017000000
ruRU/patch-ruRU-4.mpq,CharSections,707698,13,0xD,40,10,82F30A000D00000001000000040000000000000073421D0000000000110000000000000018000000
ruRU/patch-ruRU-4.mpq,CharSections,707699,13,0xD,40,10,83F30A000D00000001000000040000000000000073421D0000000000110000000000000019000000
ruRU/patch-ruRU-4.mpq,CharSections,707700,13,0xD,40,10,84F30A000D00000001000000040000000000000073421D000000000011000000000000001A000000
ruRU/patch-ruRU-4.mpq,CharSections,707701,13,0xD,40,10,85F30A000D00000001000000040000000000000073421D000000000011000000000000001B000000
ruRU/patch-ruRU-4.mpq,CharSections,707702,13,0xD,40,10,86F30A000D00000001000000040000000000000073421D000000000011000000000000001C000000
ruRU/patch-ruRU-4.mpq,CharSections,707703,13,0xD,40,10,87F30A000D00000001000000040000000000000073421D000000000005000000000000001D000000
ruRU/patch-ruRU-4.mpq,CharSections,707704,13,0xD,40,10,88F30A000D00000001000000040000000000000073421D000000000005000000000000001E000000
ruRU/patch-ruRU-4.mpq,CharSections,707705,13,0xD,40,10,89F30A000D00000001000000040000000000000073421D000000000005000000000000001F000000
ruRU/patch-ruRU-4.mpq,CharSections,707706,13,0xD,40,10,8AF30A000D00000001000000040000000000000073421D0000000000050000000000000020000000
ruRU/patch-ruRU-4.mpq,CharSections,707707,13,0xD,40,10,8BF30A000D00000001000000040000000000000073421D0000000000050000000000000021000000
ruRU/patch-ruRU-4.mpq,CharSections,707708,13,0xD,40,10,8CF30A000D00000001000000040000000000000073421D0000000000110000000000000022000000
ruRU/patch-ruRU-4.mpq,CharSections,707709,13,0xD,40,10,8DF30A000D00000001000000040000000000000073421D0000000000110000000000000023000000
ruRU/patch-ruRU-4.mpq,CharSections,707710,13,0xD,40,10,8EF30A000D00000001000000040000000000000073421D0000000000110000000000000024000000
ruRU/patch-ruRU-4.mpq,CharSections,707711,13,0xD,40,10,8FF30A000D00000001000000040000000000000073421D0000000000110000000000000025000000
ruRU/patch-ruRU-4.mpq,CharSections,707712,13,0xD,40,10,90F30A000D00000001000000040000000000000073421D0000000000110000000000000026000000
ruRU/patch-ruRU-4.mpq,CharSections,707713,13,0xD,40,10,91F30A000D00000001000000040000000000000073421D0000000000110000000000000027000000
ruRU/patch-ruRU-4.mpq,CharSections,707714,13,0xD,40,10,92F30A000D00000001000000040000000000000073421D0000000000110000000000000028000000
ruRU/patch-ruRU-4.mpq,CharSections,707715,13,0xD,40,10,93F30A000D00000001000000040000000000000073421D0000000000110000000000000029000000
ruRU/patch-ruRU-4.mpq,CharSections,707716,13,0xD,40,10,94F30A000D00000001000000040000000000000073421D000000000011000000000000002A000000
ruRU/patch-ruRU-4.mpq,CharSections,707717,13,0xD,40,10,95F30A000D00000001000000040000000000000073421D000000000011000000000000002B000000
ruRU/patch-ruRU-4.mpq,CharSections,707718,13,0xD,40,10,96F30A000D00000001000000040000000000000073421D000000000011000000000000002C000000
ruRU/patch-ruRU-4.mpq,CharSections,707719,13,0xD,40,10,97F30A000D00000001000000040000000000000073421D000000000011000000000000002D000000
ruRU/patch-ruRU-4.mpq,CharSections,707720,13,0xD,40,10,98F30A000D00000001000000040000000000000073421D000000000005000000000000002E000000
ruRU/patch-ruRU-4.mpq,CharSections,707721,13,0xD,40,10,99F30A000D00000001000000040000000000000073421D000000000005000000000000002F000000
ruRU/patch-ruRU-4.mpq,CharSections,707722,13,0xD,40,10,9AF30A000D00000001000000040000000000000073421D0000000000050000000000000030000000
ruRU/patch-ruRU-4.mpq,CharSections,707723,13,0xD,40,10,9BF30A000D00000001000000040000000000000073421D0000000000050000000000000031000000
ruRU/patch-ruRU-4.mpq,CharSections,707724,13,0xD,40,10,9CF30A000D00000001000000040000000000000073421D0000000000050000000000000032000000
ruRU/patch-ruRU-4.mpq,CharSections,707725,13,0xD,40,10,9DF30A000D00000001000000040000000000000073421D0000000000110000000000000033000000
ruRU/patch-ruRU-4.mpq,CharSections,707726,13,0xD,40,10,9EF30A000D00000001000000040000000000000073421D0000000000110000000000000034000000
ruRU/patch-ruRU-4.mpq,CharSections,707727,13,0xD,40,10,9FF30A000D00000001000000040000000000000073421D0000000000110000000000000035000000
ruRU/patch-ruRU-4.mpq,CharSections,707728,13,0xD,40,10,A0F30A000D00000001000000040000000000000073421D0000000000110000000000000036000000
ruRU/patch-ruRU-4.mpq,CharSections,707729,13,0xD,40,10,A1F30A000D00000001000000040000000000000073421D0000000000110000000000000037000000
ruRU/patch-ruRU-4.mpq,CharSections,707730,13,0xD,40,10,A2F30A000D00000001000000040000000000000073421D0000000000110000000000000038000000
ruRU/patch-ruRU-4.mpq,CharSections,707731,13,0xD,40,10,A3F30A000D00000001000000040000000000000073421D0000000000110000000000000039000000
ruRU/patch-ruRU-4.mpq,CharSections,707732,13,0xD,40,10,A4F30A000D00000001000000040000000000000073421D000000000011000000000000003A000000
ruRU/patch-ruRU-4.mpq,CharSections,707733,13,0xD,40,10,A5F30A000D00000001000000040000000000000073421D000000000011000000000000003B000000
ruRU/patch-ruRU-4.mpq,CharSections,707734,13,0xD,40,10,A6F30A000D00000001000000040000000000000073421D000000000011000000000000003C000000
ruRU/patch-ruRU-4.mpq,CharSections,707735,13,0xD,40,10,A7F30A000D00000001000000040000000000000073421D000000000011000000000000003D000000
ruRU/patch-ruRU-4.mpq,CharSections,707736,13,0xD,40,10,A8F30A000D00000001000000040000000000000073421D000000000011000000000000003E000000
ruRU/patch-ruRU-4.mpq,CharSections,707737,13,0xD,40,10,A9F30A000D00000001000000040000000000000073421D000000000005000000000000003F000000
ruRU/patch-ruRU-4.mpq,CharSections,707738,13,0xD,40,10,AAF30A000D00000001000000040000000000000073421D0000000000050000000000000040000000
ruRU/patch-ruRU-4.mpq,CharSections,707739,13,0xD,40,10,ABF30A000D00000001000000040000000000000073421D0000000000050000000000000041000000
ruRU/patch-ruRU-4.mpq,CharSections,707740,13,0xD,40,10,ACF30A000D00000001000000040000000000000073421D0000000000050000000000000042000000
ruRU/patch-ruRU-4.mpq,CharSections,707741,13,0xD,40,10,ADF30A000D00000001000000040000000000000073421D0000000000050000000000000043000000
ruRU/patch-ruRU-4.mpq,CharSections,707742,13,0xD,40,10,AEF30A000D00000001000000040000000000000073421D0000000000110000000000000044000000
ruRU/patch-ruRU-4.mpq,CharSections,707743,13,0xD,40,10,AFF30A000D00000001000000040000000000000073421D0000000000110000000000000045000000
ruRU/patch-ruRU-4.mpq,CharSections,707744,13,0xD,40,10,B0F30A000D00000001000000040000000000000073421D0000000000110000000000000046000000
ruRU/patch-ruRU-4.mpq,CharSections,707745,13,0xD,40,10,B1F30A000D00000001000000040000000000000073421D0000000000110000000000000047000000
ruRU/patch-ruRU-4.mpq,CharSections,707746,13,0xD,40,10,B2F30A000D00000001000000040000000000000073421D0000000000110000000000000048000000
ruRU/patch-ruRU-4.mpq,CharSections,707747,13,0xD,40,10,B3F30A000D00000001000000040000000000000073421D0000000000110000000000000049000000
ruRU/patch-ruRU-4.mpq,CharSections,707748,13,0xD,40,10,B4F30A000D00000001000000040000000000000073421D000000000011000000000000004A000000
ruRU/patch-ruRU-4.mpq,CharSections,707749,13,0xD,40,10,B5F30A000D00000001000000040000000000000073421D000000000011000000000000004B000000
ruRU/patch-ruRU-4.mpq,CharSections,707750,13,0xD,40,10,B6F30A000D00000001000000040000000000000073421D000000000011000000000000004C000000
ruRU/patch-ruRU-4.mpq,CharSections,707751,13,0xD,40,10,B7F30A000D00000001000000040000000000000073421D000000000011000000000000004D000000
ruRU/patch-ruRU-4.mpq,CharSections,707752,13,0xD,40,10,B8F30A000D00000001000000040000000000000073421D000000000011000000000000004E000000
ruRU/patch-ruRU-4.mpq,CharSections,707753,13,0xD,40,10,B9F30A000D00000001000000040000000000000073421D000000000011000000000000004F000000
ruRU/patch-ruRU-4.mpq,CharSections,707754,13,0xD,40,10,BAF30A000D00000001000000040000000000000073421D0000000000050000000000000050000000
ruRU/patch-ruRU-4.mpq,CharSections,707755,13,0xD,40,10,BBF30A000D00000001000000040000000000000073421D0000000000050000000000000051000000
ruRU/patch-ruRU-4.mpq,CharSections,707756,13,0xD,40,10,BCF30A000D00000001000000040000000000000073421D0000000000050000000000000052000000
ruRU/patch-ruRU-4.mpq,CharSections,707757,13,0xD,40,10,BDF30A000D00000001000000040000000000000073421D0000000000050000000000000053000000
ruRU/patch-ruRU-4.mpq,CharSections,707758,13,0xD,40,10,BEF30A000D00000001000000040000000000000073421D0000000000050000000000000054000000
ruRU/patch-ruRU-4.mpq,CharSections,707759,13,0xD,40,10,BFF30A000D00000001000000040000000000000073421D0000000000110000000000000055000000
ruRU/patch-ruRU-4.mpq,CharSections,707760,13,0xD,40,10,C0F30A000D00000001000000040000000000000073421D0000000000110000000000000056000000
ruRU/patch-ruRU-4.mpq,CharSections,707761,13,0xD,40,10,C1F30A000D00000001000000040000000000000073421D0000000000110000000000000057000000
ruRU/patch-ruRU-4.mpq,CharSections,707762,13,0xD,40,10,C2F30A000D00000001000000040000000000000073421D0000000000110000000000000058000000
ruRU/patch-ruRU-4.mpq,CharSections,707763,13,0xD,40,10,C3F30A000D00000001000000040000000000000073421D0000000000110000000000000059000000
ruRU/patch-ruRU-4.mpq,CharSections,707764,13,0xD,40,10,C4F30A000D00000001000000040000000000000073421D000000000011000000000000005A000000
ruRU/patch-ruRU-4.mpq,CharSections,707765,13,0xD,40,10,C5F30A000D00000001000000040000000000000073421D000000000011000000000000005B000000
ruRU/patch-ruRU-4.mpq,CharSections,707766,13,0xD,40,10,C6F30A000D00000001000000040000000000000073421D000000000011000000000000005C000000
ruRU/patch-ruRU-4.mpq,CharSections,707767,13,0xD,40,10,C7F30A000D00000001000000040000000000000073421D000000000011000000000000005D000000
ruRU/patch-ruRU-4.mpq,CharSections,707768,13,0xD,40,10,C8F30A000D00000001000000040000000000000073421D000000000011000000000000005E000000
ruRU/patch-ruRU-4.mpq,CharSections,707769,13,0xD,40,10,C9F30A000D00000001000000040000000000000073421D000000000011000000000000005F000000
ruRU/patch-ruRU-4.mpq,CharSections,707770,13,0xD,40,10,CAF30A000D00000001000000040000000000000073421D0000000000110000000000000060000000
ruRU/patch-ruRU-4.mpq,CharSections,707771,13,0xD,40,10,CBF30A000D00000001000000040000000000000073421D0000000000050000000000000061000000
ruRU/patch-ruRU-4.mpq,CharSections,707772,13,0xD,40,10,CCF30A000D00000001000000040000000000000073421D0000000000050000000000000062000000
ruRU/patch-ruRU-4.mpq,CharSections,707773,13,0xD,40,10,CDF30A000D00000001000000040000000000000073421D0000000000050000000000000063000000
ruRU/patch-ruRU-4.mpq,CharSections,707774,13,0xD,40,10,CEF30A000D00000001000000040000000000000073421D0000000000050000000000000064000000
ruRU/patch-ruRU-4.mpq,CharSections,707775,13,0xD,40,10,CFF30A000D00000001000000040000000000000073421D0000000000050000000000000065000000
ruRU/patch-ruRU-4.mpq,CharSections,707776,13,0xD,40,10,D0F30A000D00000001000000040000000000000073421D0000000000110000000000000066000000
ruRU/patch-ruRU-4.mpq,CharSections,707777,13,0xD,40,10,D1F30A000D00000001000000040000000000000073421D0000000000110000000000000067000000
ruRU/patch-ruRU-4.mpq,CharSections,707778,13,0xD,40,10,D2F30A000D00000001000000040000000000000073421D0000000000110000000000000068000000
ruRU/patch-ruRU-4.mpq,CharSections,707779,13,0xD,40,10,D3F30A000D00000001000000040000000000000073421D0000000000110000000000000069000000
ruRU/patch-ruRU-4.mpq,CharSections,707780,13,0xD,40,10,D4F30A000D00000001000000040000000000000073421D000000000011000000000000006A000000
ruRU/patch-ruRU-4.mpq,CharSections,707781,13,0xD,40,10,D5F30A000D00000001000000040000000000000073421D000000000011000000000000006B000000
ruRU/patch-ruRU-4.mpq,CharSections,707782,13,0xD,40,10,D6F30A000D00000001000000040000000000000073421D000000000011000000000000006C000000
ruRU/patch-ruRU-4.mpq,CharSections,707783,13,0xD,40,10,D7F30A000D00000001000000040000000000000073421D000000000011000000000000006D000000
ruRU/patch-ruRU-4.mpq,CharSections,707784,13,0xD,40,10,D8F30A000D00000001000000040000000000000073421D000000000011000000000000006E000000
ruRU/patch-ruRU-4.mpq,CharSections,707785,13,0xD,40,10,D9F30A000D00000001000000040000000000000073421D000000000011000000000000006F000000
ruRU/patch-ruRU-4.mpq,CharSections,707786,13,0xD,40,10,DAF30A000D00000001000000040000000000000073421D0000000000110000000000000070000000
ruRU/patch-ruRU-4.mpq,CharSections,707787,13,0xD,40,10,DBF30A000D00000001000000040000000000000073421D0000000000110000000000000071000000
ruRU/patch-ruRU-4.mpq,CharSections,707788,13,0xD,40,10,DCF30A000D00000001000000040000000000000073421D0000000000050000000000000072000000
ruRU/patch-ruRU-4.mpq,CharSections,707789,13,0xD,40,10,DDF30A000D00000001000000040000000000000073421D0000000000050000000000000073000000
ruRU/patch-ruRU-4.mpq,CharSections,707790,13,0xD,40,10,DEF30A000D00000001000000040000000000000073421D0000000000050000000000000074000000
ruRU/patch-ruRU-4.mpq,CharSections,707791,13,0xD,40,10,DFF30A000D00000001000000040000000000000073421D0000000000050000000000000075000000
ruRU/patch-ruRU-4.mpq,CharSections,707792,13,0xD,40,10,E0F30A000D00000001000000040000000000000073421D0000000000050000000000000076000000
ruRU/patch-ruRU-4.mpq,CharSections,707793,13,0xD,40,10,E1F30A000D00000001000000040000000000000073421D0000000000110000000000000077000000
ruRU/patch-ruRU-4.mpq,CharSections,707794,13,0xD,40,10,E2F30A000D00000001000000040000000000000073421D0000000000110000000000000078000000
ruRU/patch-ruRU-4.mpq,CharSections,707795,13,0xD,40,10,E3F30A000D00000001000000040000000000000073421D0000000000110000000000000079000000
ruRU/patch-ruRU-4.mpq,CharSections,707796,13,0xD,40,10,E4F30A000D00000001000000040000000000000073421D000000000011000000000000007A000000
ruRU/patch-ruRU-4.mpq,CharSections,707797,13,0xD,40,10,E5F30A000D00000001000000040000000000000073421D000000000011000000000000007B000000
ruRU/patch-ruRU-4.mpq,CharSections,707798,13,0xD,40,10,E6F30A000D00000001000000040000000000000073421D000000000011000000000000007C000000
ruRU/patch-ruRU-4.mpq,CharSections,707799,13,0xD,40,10,E7F30A000D00000001000000040000000000000073421D000000000011000000000000007D000000
ruRU/patch-ruRU-4.mpq,CharSections,707800,13,0xD,40,10,E8F30A000D00000001000000040000000000000073421D000000000011000000000000007E000000
ruRU/patch-ruRU-4.mpq,CharSections,707801,13,0xD,40,10,E9F30A000D00000001000000040000000000000073421D000000000011000000000000007F000000
ruRU/patch-ruRU-4.mpq,CharSections,707802,13,0xD,40,10,EAF30A000D00000001000000040000000000000073421D0000000000110000000000000080000000
ruRU/patch-ruRU-4.mpq,CharSections,707803,13,0xD,40,10,EBF30A000D00000001000000040000000000000073421D0000000000110000000000000081000000
ruRU/patch-ruRU-4.mpq,CharSections,707804,13,0xD,40,10,ECF30A000D00000001000000040000000000000073421D0000000000110000000000000082000000
ruRU/patch-ruRU-4.mpq,CharSections,707805,13,0xD,40,10,EDF30A000D00000001000000040000000000000073421D0000000000050000000000000083000000
ruRU/patch-ruRU-4.mpq,CharSections,707806,13,0xD,40,10,EEF30A000D00000001000000040000000000000073421D0000000000050000000000000084000000
ruRU/patch-ruRU-4.mpq,CharSections,707807,13,0xD,40,10,EFF30A000D00000001000000040000000000000073421D0000000000050000000000000085000000
ruRU/patch-ruRU-4.mpq,CharSections,707808,13,0xD,40,10,F0F30A000D00000001000000040000000000000073421D0000000000050000000000000086000000
ruRU/patch-ruRU-4.mpq,CharSections,707809,13,0xD,40,10,F1F30A000D00000001000000040000000000000073421D0000000000050000000000000087000000
ruRU/patch-ruRU-4.mpq,CharSections,707810,13,0xD,40,10,F2F30A000D00000001000000040000000000000073421D0000000000110000000000000088000000
ruRU/patch-ruRU-4.mpq,CharSections,707811,13,0xD,40,10,F3F30A000D00000001000000040000000000000073421D0000000000110000000000000089000000
ruRU/patch-ruRU-4.mpq,CharSections,707812,13,0xD,40,10,F4F30A000D00000001000000040000000000000073421D000000000011000000000000008A000000
ruRU/patch-ruRU-4.mpq,CharSections,707813,13,0xD,40,10,F5F30A000D00000001000000040000000000000073421D000000000011000000000000008B000000
ruRU/patch-ruRU-4.mpq,CharSections,707814,13,0xD,40,10,F6F30A000D00000001000000040000000000000073421D000000000011000000000000008C000000
ruRU/patch-ruRU-4.mpq,CharSections,707815,13,0xD,40,10,F7F30A000D00000001000000040000000000000073421D000000000011000000000000008D000000
ruRU/patch-ruRU-4.mpq,CharSections,707816,13,0xD,40,10,F8F30A000D00000001000000040000000000000073421D000000000011000000000000008E000000
ruRU/patch-ruRU-4.mpq,CharSections,707817,13,0xD,40,10,F9F30A000D00000001000000040000000000000073421D000000000011000000000000008F000000
ruRU/patch-ruRU-4.mpq,CharSections,707818,13,0xD,40,10,FAF30A000D00000001000000040000000000000073421D0000000000110000000000000090000000
ruRU/patch-ruRU-4.mpq,CharSections,707819,13,0xD,40,10,FBF30A000D00000001000000040000000000000073421D0000000000110000000000000091000000
ruRU/patch-ruRU-4.mpq,CharSections,707820,13,0xD,40,10,FCF30A000D00000001000000040000000000000073421D0000000000110000000000000092000000
ruRU/patch-ruRU-4.mpq,CharSections,707821,13,0xD,40,10,FDF30A000D00000001000000040000000000000073421D0000000000110000000000000093000000
ruRU/patch-ruRU-4.mpq,CharSections,707822,13,0xD,40,10,FEF30A000D00000001000000040000000000000073421D0000000000050000000000000094000000
ruRU/patch-ruRU-4.mpq,CharSections,707823,13,0xD,40,10,FFF30A000D00000001000000040000000000000073421D0000000000050000000000000095000000
ruRU/patch-ruRU-4.mpq,CharSections,707824,13,0xD,40,10,00F40A000D00000001000000040000000000000073421D0000000000050000000000000096000000
ruRU/patch-ruRU-4.mpq,CharSections,707825,13,0xD,40,10,01F40A000D00000001000000040000000000000073421D0000000000050000000000000097000000
ruRU/patch-ruRU-4.mpq,CharSections,707826,13,0xD,40,10,02F40A000D00000001000000040000000000000073421D0000000000050000000000000098000000
ruRU/patch-ruRU-4.mpq,CharSections,707827,13,0xD,40,10,03F40A000D00000001000000040000000000000073421D0000000000110000000000000099000000
ruRU/patch-ruRU-4.mpq,CharSections,707828,13,0xD,40,10,04F40A000D00000001000000040000000000000073421D000000000011000000000000009A000000
ruRU/patch-ruRU-4.mpq,CharSections,707829,13,0xD,40,10,05F40A000D00000001000000040000000000000073421D000000000011000000000000009B000000
ruRU/patch-ruRU-4.mpq,CharSections,707830,13,0xD,40,10,06F40A000D00000001000000040000000000000073421D000000000011000000000000009C000000
ruRU/patch-ruRU-4.mpq,CharSections,707831,13,0xD,40,10,07F40A000D00000001000000040000000000000073421D000000000011000000000000009D000000
ruRU/patch-ruRU-4.mpq,CharSections,707832,13,0xD,40,10,08F40A000D00000001000000040000000000000073421D000000000011000000000000009E000000
ruRU/patch-ruRU-4.mpq,CharSections,707833,13,0xD,40,10,09F40A000D00000001000000040000000000000073421D000000000011000000000000009F000000
ruRU/patch-ruRU-4.mpq,CharSections,707834,13,0xD,40,10,0AF40A000D00000001000000040000000000000073421D00000000001100000000000000A0000000
ruRU/patch-ruRU-4.mpq,CharSections,707835,13,0xD,40,10,0BF40A000D00000001000000040000000000000073421D00000000001100000000000000A1000000
ruRU/patch-ruRU-4.mpq,CharSections,707836,13,0xD,40,10,0CF40A000D00000001000000040000000000000073421D00000000001100000000000000A2000000
ruRU/patch-ruRU-4.mpq,CharSections,707837,13,0xD,40,10,0DF40A000D00000001000000040000000000000073421D00000000001100000000000000A3000000
ruRU/patch-ruRU-4.mpq,CharSections,707838,13,0xD,40,10,0EF40A000D00000001000000040000000000000073421D00000000001100000000000000A4000000
ruRU/patch-ruRU-4.mpq,CharSections,707839,13,0xD,40,10,0FF40A000D00000001000000040000000000000073421D00000000000500000000000000A5000000
ruRU/patch-ruRU-4.mpq,CharSections,707840,13,0xD,40,10,10F40A000D00000001000000040000000000000073421D00000000000500000000000000A6000000
ruRU/patch-ruRU-4.mpq,CharSections,707841,13,0xD,40,10,11F40A000D00000001000000040000000000000073421D00000000000500000000000000A7000000
ruRU/patch-ruRU-4.mpq,CharSections,707842,13,0xD,40,10,12F40A000D00000001000000040000000000000073421D00000000000500000000000000A8000000
ruRU/patch-ruRU-4.mpq,CharSections,707843,13,0xD,40,10,13F40A000D00000001000000040000000000000073421D00000000000500000000000000A9000000
ruRU/patch-ruRU-4.mpq,CharSections,707844,13,0xD,40,10,14F40A000D00000001000000040000000000000073421D00000000001100000000000000AA000000
ruRU/patch-ruRU-4.mpq,CharSections,707845,13,0xD,40,10,15F40A000D00000001000000040000000000000073421D00000000001100000000000000AB000000
ruRU/patch-ruRU-4.mpq,CharSections,707846,13,0xD,40,10,16F40A000D00000001000000040000000000000073421D00000000001100000000000000AC000000
ruRU/patch-ruRU-4.mpq,CharSections,707847,13,0xD,40,10,17F40A000D00000001000000040000000000000073421D00000000001100000000000000AD000000
ruRU/patch-ruRU-4.mpq,CharSections,707848,13,0xD,40,10,18F40A000D00000001000000040000000000000073421D00000000001100000000000000AE000000
ruRU/patch-ruRU-4.mpq,CharSections,707849,13,0xD,40,10,19F40A000D00000001000000040000000000000073421D00000000001100000000000000AF000000
ruRU/patch-ruRU-4.mpq,CharSections,707850,13,0xD,40,10,1AF40A000D00000001000000040000000000000073421D00000000001100000000000000B0000000
ruRU/patch-ruRU-4.mpq,CharSections,707851,13,0xD,40,10,1BF40A000D00000001000000040000000000000073421D00000000001100000000000000B1000000
ruRU/patch-ruRU-4.mpq,CharSections,707852,13,0xD,40,10,1CF40A000D00000001000000040000000000000073421D00000000001100000000000000B2000000
ruRU/patch-ruRU-4.mpq,CharSections,707853,13,0xD,40,10,1DF40A000D00000001000000040000000000000073421D00000000001100000000000000B3000000
ruRU/patch-ruRU-4.mpq,CharSections,707854,13,0xD,40,10,1EF40A000D00000001000000040000000000000073421D00000000001100000000000000B4000000
ruRU/patch-ruRU-4.mpq,CharSections,707855,13,0xD,40,10,1FF40A000D00000001000000040000000000000073421D00000000001100000000000000B5000000
ruRU/patch-ruRU-4.mpq,CharSections,707856,13,0xD,40,10,20F40A000D00000001000000040000000000000073421D00000000000500000000000000B6000000
ruRU/patch-ruRU-4.mpq,CharSections,707857,13,0xD,40,10,21F40A000D00000001000000040000000000000073421D00000000000500000000000000B7000000
ruRU/patch-ruRU-4.mpq,CharSections,707858,13,0xD,40,10,22F40A000D00000001000000040000000000000073421D00000000000500000000000000B8000000
ruRU/patch-ruRU-4.mpq,CharSections,707859,13,0xD,40,10,23F40A000D00000001000000040000000000000073421D00000000000500000000000000B9000000
ruRU/patch-ruRU-4.mpq,CharSections,707860,13,0xD,40,10,24F40A000D00000001000000040000000000000073421D00000000000500000000000000BA000000
ruRU/patch-ruRU-4.mpq,CharSections,707861,13,0xD,40,10,25F40A000D00000001000000040000000000000073421D00000000001100000000000000BB000000
ruRU/patch-ruRU-4.mpq,CharSections,707862,13,0xD,40,10,26F40A000D00000001000000040000000000000073421D00000000001100000000000000BC000000
ruRU/patch-ruRU-4.mpq,CharSections,707863,13,0xD,40,10,27F40A000D00000001000000040000000000000073421D00000000001100000000000000BD000000
ruRU/patch-ruRU-4.mpq,CharSections,707864,13,0xD,40,10,28F40A000D00000001000000040000000000000073421D00000000001100000000000000BE000000
ruRU/patch-ruRU-4.mpq,CharSections,707865,13,0xD,40,10,29F40A000D00000001000000040000000000000073421D00000000001100000000000000BF000000
ruRU/patch-ruRU-4.mpq,CharSections,707866,13,0xD,40,10,2AF40A000D00000001000000040000000000000073421D00000000001100000000000000C0000000
ruRU/patch-ruRU-4.mpq,CharSections,707867,13,0xD,40,10,2BF40A000D00000001000000040000000000000073421D00000000001100000000000000C1000000
ruRU/patch-ruRU-4.mpq,CharSections,707868,13,0xD,40,10,2CF40A000D00000001000000040000000000000073421D00000000001100000000000000C2000000
ruRU/patch-ruRU-4.mpq,CharSections,707869,13,0xD,40,10,2DF40A000D00000001000000040000000000000073421D00000000001100000000000000C3000000
ruRU/patch-ruRU-4.mpq,CharSections,707870,13,0xD,40,10,2EF40A000D00000001000000040000000000000073421D00000000001100000000000000C4000000
ruRU/patch-ruRU-4.mpq,CharSections,707871,13,0xD,40,10,2FF40A000D00000001000000040000000000000073421D00000000001100000000000000C5000000
ruRU/patch-ruRU-4.mpq,CharSections,707872,13,0xD,40,10,30F40A000D00000001000000040000000000000073421D00000000001100000000000000C6000000
ruRU/patch-ruRU-4.mpq,CharSections,707873,13,0xD,40,10,31F40A000D00000001000000040000000000000073421D00000000000500000000000000C7000000
ruRU/patch-ruRU-4.mpq,CharSections,707874,13,0xD,40,10,32F40A000D00000001000000040000000000000073421D00000000000500000000000000C8000000
ruRU/patch-ruRU-4.mpq,CharSections,707875,13,0xD,40,10,33F40A000D00000001000000040000000000000073421D00000000000500000000000000C9000000
ruRU/patch-ruRU-4.mpq,CharSections,707876,13,0xD,40,10,34F40A000D00000001000000040000000000000073421D00000000000500000000000000CA000000
ruRU/patch-ruRU-4.mpq,CharSections,707877,13,0xD,40,10,35F40A000D00000001000000040000000000000073421D00000000000500000000000000CB000000
ruRU/patch-ruRU-4.mpq,CharSections,707878,13,0xD,40,10,36F40A000D00000001000000040000000000000073421D00000000001100000000000000CC000000
ruRU/patch-ruRU-4.mpq,CharSections,707879,13,0xD,40,10,37F40A000D00000001000000040000000000000073421D00000000001100000000000000CD000000
ruRU/patch-ruRU-4.mpq,CharSections,707880,13,0xD,40,10,38F40A000D00000001000000040000000000000073421D00000000001100000000000000CE000000
ruRU/patch-ruRU-4.mpq,CharSections,707881,13,0xD,40,10,39F40A000D00000001000000040000000000000073421D00000000001100000000000000CF000000
ruRU/patch-ruRU-4.mpq,CharSections,707882,13,0xD,40,10,3AF40A000D00000001000000040000000000000073421D00000000001100000000000000D0000000
ruRU/patch-ruRU-4.mpq,CharSections,707883,13,0xD,40,10,3BF40A000D00000001000000040000000000000073421D00000000001100000000000000D1000000
ruRU/patch-ruRU-4.mpq,CharSections,707884,13,0xD,40,10,3CF40A000D00000001000000040000000000000073421D00000000001100000000000000D2000000
ruRU/patch-ruRU-4.mpq,CharSections,707885,13,0xD,40,10,3DF40A000D00000001000000040000000000000073421D00000000001100000000000000D3000000
ruRU/patch-ruRU-4.mpq,CharSections,707886,13,0xD,40,10,3EF40A000D00000001000000040000000000000073421D00000000001100000000000000D4000000
ruRU/patch-ruRU-4.mpq,CharSections,707887,13,0xD,40,10,3FF40A000D00000001000000040000000000000073421D00000000001100000000000000D5000000
ruRU/patch-ruRU-4.mpq,CharSections,707888,13,0xD,40,10,40F40A000D00000001000000040000000000000073421D00000000001100000000000000D6000000
ruRU/patch-ruRU-4.mpq,CharSections,707889,13,0xD,40,10,41F40A000D00000001000000040000000000000073421D00000000001100000000000000D7000000
ruRU/patch-ruRU-4.mpq,CharSections,707890,13,0xD,40,10,42F40A000D00000001000000040000000000000073421D00000000000500000000000000D8000000
ruRU/patch-ruRU-4.mpq,CharSections,707891,13,0xD,40,10,43F40A000D00000001000000040000000000000073421D00000000000500000000000000D9000000
ruRU/patch-ruRU-4.mpq,CharSections,707892,13,0xD,40,10,44F40A000D00000001000000040000000000000073421D00000000000500000000000000DA000000
ruRU/patch-ruRU-4.mpq,CharSections,707893,13,0xD,40,10,45F40A000D00000001000000040000000000000073421D00000000000500000000000000DB000000
ruRU/patch-ruRU-4.mpq,CharSections,707894,13,0xD,40,10,46F40A000D00000001000000040000000000000073421D00000000000500000000000000DC000000
ruRU/patch-ruRU-4.mpq,CharSections,707895,13,0xD,40,10,47F40A000D00000001000000040000000000000073421D00000000001100000000000000DD000000
ruRU/patch-ruRU-4.mpq,CharSections,707896,13,0xD,40,10,48F40A000D00000001000000040000000000000073421D00000000001100000000000000DE000000
ruRU/patch-ruRU-4.mpq,CharSections,707897,13,0xD,40,10,49F40A000D00000001000000040000000000000073421D00000000001100000000000000DF000000
ruRU/patch-ruRU-4.mpq,CharSections,707898,13,0xD,40,10,4AF40A000D00000001000000040000000000000073421D00000000001100000000000000E0000000
ruRU/patch-ruRU-4.mpq,CharSections,707899,13,0xD,40,10,4BF40A000D00000001000000040000000000000073421D00000000001100000000000000E1000000
ruRU/patch-ruRU-4.mpq,CharSections,707900,13,0xD,40,10,4CF40A000D00000001000000040000000000000073421D00000000001100000000000000E2000000
ruRU/patch-ruRU-4.mpq,CharSections,707901,13,0xD,40,10,4DF40A000D00000001000000040000000000000073421D00000000001100000000000000E3000000
ruRU/patch-ruRU-4.mpq,CharSections,707902,13,0xD,40,10,4EF40A000D00000001000000040000000000000073421D00000000001100000000000000E4000000
ruRU/patch-ruRU-4.mpq,CharSections,707903,13,0xD,40,10,4FF40A000D00000001000000040000000000000073421D00000000001100000000000000E5000000
ruRU/patch-ruRU-4.mpq,CharSections,707904,13,0xD,40,10,50F40A000D00000001000000040000000000000073421D00000000001100000000000000E6000000
ruRU/patch-ruRU-4.mpq,CharSections,707905,13,0xD,40,10,51F40A000D00000001000000040000000000000073421D00000000001100000000000000E7000000
ruRU/patch-ruRU-4.mpq,CharSections,707906,13,0xD,40,10,52F40A000D00000001000000040000000000000073421D00000000001100000000000000E8000000
ruRU/patch-ruRU-4.mpq,CharSections,707907,13,0xD,40,10,53F40A000D00000001000000040000000000000073421D00000000000500000000000000E9000000
ruRU/patch-ruRU-4.mpq,CharSections,707908,13,0xD,40,10,54F40A000D00000001000000040000000000000073421D00000000000500000000000000EA000000
ruRU/patch-ruRU-4.mpq,CharSections,707909,13,0xD,40,10,55F40A000D00000001000000040000000000000073421D00000000000500000000000000EB000000
ruRU/patch-ruRU-4.mpq,CharSections,707910,13,0xD,40,10,56F40A000D00000001000000040000000000000073421D00000000000500000000000000EC000000
ruRU/patch-ruRU-4.mpq,CharSections,707911,13,0xD,40,10,57F40A000D00000001000000040000000000000073421D00000000000500000000000000ED000000
ruRU/patch-ruRU-4.mpq,CharSections,707912,13,0xD,40,10,58F40A000D00000001000000040000000000000073421D00000000001100000000000000EE000000
ruRU/patch-ruRU-4.mpq,CharSections,707913,13,0xD,40,10,59F40A000D00000001000000040000000000000073421D00000000001100000000000000EF000000
ruRU/patch-ruRU-4.mpq,CharSections,707914,13,0xD,40,10,5AF40A000D00000001000000040000000000000073421D00000000001100000000000000F0000000
ruRU/patch-ruRU-4.mpq,CharSections,707915,13,0xD,40,10,5BF40A000D00000001000000040000000000000073421D00000000001100000000000000F1000000
ruRU/patch-ruRU-4.mpq,CharSections,707916,13,0xD,40,10,5CF40A000D00000001000000040000000000000073421D00000000001100000000000000F2000000
ruRU/patch-ruRU-4.mpq,CharSections,707917,13,0xD,40,10,5DF40A000D00000001000000040000000000000073421D00000000001100000000000000F3000000
ruRU/patch-ruRU-4.mpq,CharSections,707918,13,0xD,40,10,5EF40A000D00000001000000040000000000000073421D00000000001100000000000000F4000000
ruRU/patch-ruRU-4.mpq,CharSections,707919,13,0xD,40,10,5FF40A000D00000001000000040000000000000073421D00000000001100000000000000F5000000
ruRU/patch-ruRU-4.mpq,CharSections,707920,13,0xD,40,10,60F40A000D00000001000000040000000000000073421D00000000001100000000000000F6000000
ruRU/patch-ruRU-4.mpq,CharSections,707921,13,0xD,40,10,61F40A000D00000001000000040000000000000073421D00000000001100000000000000F7000000
ruRU/patch-ruRU-4.mpq,CharSections,707922,13,0xD,40,10,62F40A000D00000001000000040000000000000073421D00000000001100000000000000F8000000
ruRU/patch-ruRU-4.mpq,CharSections,707923,13,0xD,40,10,63F40A000D00000001000000040000000000000073421D00000000001100000000000000F9000000
ruRU/patch-ruRU-4.mpq,CharSections,707924,13,0xD,40,10,64F40A000D00000001000000040000000000000073421D00000000000500000000000000FA000000
ruRU/patch-ruRU-4.mpq,CharSections,707925,13,0xD,40,10,65F40A000D00000001000000040000000000000073421D00000000000500000000000000FB000000
ruRU/patch-ruRU-4.mpq,CharSections,707926,13,0xD,40,10,66F40A000D00000001000000040000000000000073421D00000000000500000000000000FC000000
ruRU/patch-ruRU-4.mpq,CharSections,707927,13,0xD,40,10,67F40A000D00000001000000040000000000000073421D00000000000500000000000000FD000000
ruRU/patch-ruRU-4.mpq,CharSections,707928,13,0xD,40,10,68F40A000D00000001000000040000000000000073421D00000000000500000000000000FE000000
ruRU/patch-ruRU-4.mpq,CharHairGeosets,514,13,0xD,24,6,EA0500000D00000000000000000000000100000001000000
ruRU/patch-ruRU-4.mpq,CharHairGeosets,515,13,0xD,24,6,EB0500000D00000000000000010000000200000000000000
ruRU/patch-ruRU-4.mpq,CharHairGeosets,516,13,0xD,24,6,EC0500000D00000000000000020000000300000000000000
ruRU/patch-ruRU-4.mpq,CharHairGeosets,517,13,0xD,24,6,ED0500000D00000000000000030000000400000000000000
ruRU/patch-ruRU-4.mpq,CharHairGeosets,518,13,0xD,24,6,EE0500000D00000000000000040000000500000000000000
ruRU/patch-ruRU-4.mpq,CharHairGeosets,519,13,0xD,24,6,F60500000D00000001000000000000000100000001000000
ruRU/patch-ruRU-4.mpq,CharHairGeosets,520,13,0xD,24,6,F70500000D00000001000000010000000200000000000000
ruRU/patch-ruRU-4.mpq,CharHairGeosets,521,13,0xD,24,6,F80500000D00000001000000020000000300000000000000
ruRU/patch-ruRU-4.mpq,CharHairGeosets,522,13,0xD,24,6,F90500000D00000001000000030000000400000000000000
ruRU/patch-ruRU-4.mpq,CharHairGeosets,523,13,0xD,24,6,FA0500000D00000001000000040000000500000000000000
ruRU/patch-ruRU-4.mpq,BarberShopStyle,5535,13,0xD,160,40,A01500000000000000000000000000000000000000000000000000000000000000000000000000000000000000000000000000000000000000000000000000000000000000000000FE01FF0000000000000000000000000000000000000000000000000000000000000000000000000000000000000000000000000000000000000000000000000000000000CC01FF000000803F0D0000000000000000000000
ruRU/patch-ruRU-4.mpq,BarberShopStyle,5536,13,0xD,160,40,A11500000000000000000000000000000000000000000000000000000000000000000000000000000000000000000000000000000000000000000000000000000000000000000000FE01FF0000000000000000000000000000000000000000000000000000000000000000000000000000000000000000000000000000000000000000000000000000000000CC01FF000000803F0D0000000000000001000000
ruRU/patch-ruRU-4.mpq,BarberShopStyle,5537,13,0xD,160,40,A21500000000000000000000000000000000000000000000000000000000000000000000000000000000000000000000000000000000000000000000000000000000000000000000FE01FF0000000000000000000000000000000000000000000000000000000000000000000000000000000000000000000000000000000000000000000000000000000000CC01FF000000803F0D0000000000000002000000
ruRU/patch-ruRU-4.mpq,BarberShopStyle,5538,13,0xD,160,40,A31500000000000000000000000000000000000000000000000000000000000000000000000000000000000000000000000000000000000000000000000000000000000000000000FE01FF0000000000000000000000000000000000000000000000000000000000000000000000000000000000000000000000000000000000000000000000000000000000CC01FF000000803F0D0000000000000003000000
ruRU/patch-ruRU-4.mpq,BarberShopStyle,5539,13,0xD,160,40,A41500000000000000000000000000000000000000000000000000000000000000000000000000000000000000000000000000000000000000000000000000000000000000000000FE01FF0000000000000000000000000000000000000000000000000000000000000000000000000000000000000000000000000000000000000000000000000000000000CC01FF000000803F0D0000000000000004000000
ruRU/patch-ruRU-4.mpq,BarberShopStyle,5540,13,0xD,160,40,A51500000200000000000000000000000000000000000000000000000000000000000000000000000000000000000000000000000000000000000000000000000000000000000000FE01FF0000000000000000000000000000000000000000000000000000000000000000000000000000000000000000000000000000000000000000000000000000000000CC01FF000000003F0D0000000000000000000000
ruRU/patch-ruRU-4.mpq,BarberShopStyle,5541,13,0xD,160,40,A61500000200000000000000000000000000000000000000000000000000000000000000000000000000000000000000000000000000000000000000000000000000000000000000FE01FF0000000000000000000000000000000000000000000000000000000000000000000000000000000000000000000000000000000000000000000000000000000000CC01FF000000003F0D0000000000000001000000
ruRU/patch-ruRU-4.mpq,BarberShopStyle,5542,13,0xD,160,40,A71500000200000000000000000000000000000000000000000000000000000000000000000000000000000000000000000000000000000000000000000000000000000000000000FE01FF0000000000000000000000000000000000000000000000000000000000000000000000000000000000000000000000000000000000000000000000000000000000CC01FF000000003F0D0000000000000002000000
ruRU/patch-ruRU-4.mpq,BarberShopStyle,5543,13,0xD,160,40,A81500000200000000000000000000000000000000000000000000000000000000000000000000000000000000000000000000000000000000000000000000000000000000000000FE01FF0000000000000000000000000000000000000000000000000000000000000000000000000000000000000000000000000000000000000000000000000000000000CC01FF000000003F0D0000000000000003000000
ruRU/patch-ruRU-4.mpq,BarberShopStyle,5544,13,0xD,160,40,A91500000200000000000000000000000000000000000000000000000000000000000000000000000000000000000000000000000000000000000000000000000000000000000000FE01FF0000000000000000000000000000000000000000000000000000000000000000000000000000000000000000000000000000000000000000000000000000000000CC01FF000000003F0D0000000000000004000000
ruRU/patch-ruRU-4.mpq,BarberShopStyle,5545,13,0xD,160,40,AA1500000200000000000000000000000000000000000000000000000000000000000000000000000000000000000000000000000000000000000000000000000000000000000000FE01FF0000000000000000000000000000000000000000000000000000000000000000000000000000000000000000000000000000000000000000000000000000000000CC01FF000000003F0D0000000000000005000000
ruRU/patch-ruRU-4.mpq,BarberShopStyle,5546,13,0xD,160,40,AB1500000200000000000000000000000000000000000000000000000000000000000000000000000000000000000000000000000000000000000000000000000000000000000000FE01FF0000000000000000000000000000000000000000000000000000000000000000000000000000000000000000000000000000000000000000000000000000000000CC01FF000000003F0D0000000000000006000000
ruRU/patch-ruRU-4.mpq,BarberShopStyle,5547,13,0xD,160,40,AC1500000200000000000000000000000000000000000000000000000000000000000000000000000000000000000000000000000000000000000000000000000000000000000000FE01FF0000000000000000000000000000000000000000000000000000000000000000000000000000000000000000000000000000000000000000000000000000000000CC01FF000000003F0D0000000000000007000000
ruRU/patch-ruRU-4.mpq,BarberShopStyle,5548,13,0xD,160,40,AD1500000200000000000000000000000000000000000000000000000000000000000000000000000000000000000000000000000000000000000000000000000000000000000000FE01FF0000000000000000000000000000000000000000000000000000000000000000000000000000000000000000000000000000000000000000000000000000000000CC01FF000000003F0D0000000000000008000000
ruRU/patch-ruRU-4.mpq,BarberShopStyle,5549,13,0xD,160,40,AE1500000200000000000000000000000000000000000000000000000000000000000000000000000000000000000000000000000000000000000000000000000000000000000000FE01FF0000000000000000000000000000000000000000000000000000000000000000000000000000000000000000000000000000000000000000000000000000000000CC01FF000000003F0D0000000000000009000000
ruRU/patch-ruRU-4.mpq,BarberShopStyle,5550,13,0xD,160,40,AF1500000200000000000000000000000000000000000000000000000000000000000000000000000000000000000000000000000000000000000000000000000000000000000000FE01FF0000000000000000000000000000000000000000000000000000000000000000000000000000000000000000000000000000000000000000000000000000000000CC01FF000000003F0D000000000000000A000000
ruRU/patch-ruRU-4.mpq,BarberShopStyle,5551,13,0xD,160,40,B01500000200000000000000000000000000000000000000000000000000000000000000000000000000000000000000000000000000000000000000000000000000000000000000FE01FF0000000000000000000000000000000000000000000000000000000000000000000000000000000000000000000000000000000000000000000000000000000000CC01FF000000003F0D000000000000000B000000
ruRU/patch-ruRU-4.mpq,BarberShopStyle,5552,13,0xD,160,40,B11500000200000000000000000000000000000000000000000000000000000000000000000000000000000000000000000000000000000000000000000000000000000000000000FE01FF0000000000000000000000000000000000000000000000000000000000000000000000000000000000000000000000000000000000000000000000000000000000CC01FF000000003F0D000000000000000C000000
ruRU/patch-ruRU-4.mpq,BarberShopStyle,5553,13,0xD,160,40,B21500000200000000000000000000000000000000000000000000000000000000000000000000000000000000000000000000000000000000000000000000000000000000000000FE01FF0000000000000000000000000000000000000000000000000000000000000000000000000000000000000000000000000000000000000000000000000000000000CC01FF000000003F0D000000000000000D000000
ruRU/patch-ruRU-4.mpq,BarberShopStyle,5554,13,0xD,160,40,B31500000200000000000000000000000000000000000000000000000000000000000000000000000000000000000000000000000000000000000000000000000000000000000000FE01FF0000000000000000000000000000000000000000000000000000000000000000000000000000000000000000000000000000000000000000000000000000000000CC01FF000000003F0D000000000000000E000000
ruRU/patch-ruRU-4.mpq,BarberShopStyle,5555,13,0xD,160,40,B41500000200000000000000000000000000000000000000000000000000000000000000000000000000000000000000000000000000000000000000000000000000000000000000FE01FF0000000000000000000000000000000000000000000000000000000000000000000000000000000000000000000000000000000000000000000000000000000000CC01FF000000003F0D000000000000000F000000
ruRU/patch-ruRU-4.mpq,BarberShopStyle,5556,13,0xD,160,40,B51500000200000000000000000000000000000000000000000000000000000000000000000000000000000000000000000000000000000000000000000000000000000000000000FE01FF0000000000000000000000000000000000000000000000000000000000000000000000000000000000000000000000000000000000000000000000000000000000CC01FF000000003F0D0000000000000010000000
ruRU/patch-ruRU-4.mpq,BarberShopStyle,5557,13,0xD,160,40,B61500000200000000000000000000000000000000000000000000000000000000000000000000000000000000000000000000000000000000000000000000000000000000000000FE01FF0000000000000000000000000000000000000000000000000000000000000000000000000000000000000000000000000000000000000000000000000000000000CC01FF000000003F0D0000000000000011000000
ruRU/patch-ruRU-4.mpq,BarberShopStyle,5558,13,0xD,160,40,B71500000200000000000000000000000000000000000000000000000000000000000000000000000000000000000000000000000000000000000000000000000000000000000000FE01FF0000000000000000000000000000000000000000000000000000000000000000000000000000000000000000000000000000000000000000000000000000000000CC01FF000000003F0D0000000000000012000000
ruRU/patch-ruRU-4.mpq,BarberShopStyle,5559,13,0xD,160,40,B81500000200000000000000000000000000000000000000000000000000000000000000000000000000000000000000000000000000000000000000000000000000000000000000FE01FF0000000000000000000000000000000000000000000000000000000000000000000000000000000000000000000000000000000000000000000000000000000000CC01FF000000003F0D0000000000000013000000
ruRU/patch-ruRU-4.mpq,BarberShopStyle,5560,13,0xD,160,40,B91500000200000000000000000000000000000000000000000000000000000000000000000000000000000000000000000000000000000000000000000000000000000000000000FE01FF0000000000000000000000000000000000000000000000000000000000000000000000000000000000000000000000000000000000000000000000000000000000CC01FF000000003F0D0000000000000014000000
ruRU/patch-ruRU-4.mpq,BarberShopStyle,5561,13,0xD,160,40,BA1500000200000000000000000000000000000000000000000000000000000000000000000000000000000000000000000000000000000000000000000000000000000000000000FE01FF0000000000000000000000000000000000000000000000000000000000000000000000000000000000000000000000000000000000000000000000000000000000CC01FF000000003F0D0000000000000015000000
ruRU/patch-ruRU-4.mpq,BarberShopStyle,5562,13,0xD,160,40,BB1500000200000000000000000000000000000000000000000000000000000000000000000000000000000000000000000000000000000000000000000000000000000000000000FE01FF0000000000000000000000000000000000000000000000000000000000000000000000000000000000000000000000000000000000000000000000000000000000CC01FF000000003F0D0000000000000016000000
ruRU/patch-ruRU-4.mpq,BarberShopStyle,5563,13,0xD,160,40,BC1500000200000000000000000000000000000000000000000000000000000000000000000000000000000000000000000000000000000000000000000000000000000000000000FE01FF0000000000000000000000000000000000000000000000000000000000000000000000000000000000000000000000000000000000000000000000000000000000CC01FF000000003F0D0000000000000017000000
ruRU/patch-ruRU-4.mpq,BarberShopStyle,5564,13,0xD,160,40,BD1500000200000000000000000000000000000000000000000000000000000000000000000000000000000000000000000000000000000000000000000000000000000000000000FE01FF0000000000000000000000000000000000000000000000000000000000000000000000000000000000000000000000000000000000000000000000000000000000CC01FF000000003F0D0000000000000018000000
ruRU/patch-ruRU-4.mpq,BarberShopStyle,5565,13,0xD,160,40,BE1500000200000000000000000000000000000000000000000000000000000000000000000000000000000000000000000000000000000000000000000000000000000000000000FE01FF0000000000000000000000000000000000000000000000000000000000000000000000000000000000000000000000000000000000000000000000000000000000CC01FF000000003F0D0000000000000019000000
ruRU/patch-ruRU-4.mpq,BarberShopStyle,5566,13,0xD,160,40,BF1500000200000000000000000000000000000000000000000000000000000000000000000000000000000000000000000000000000000000000000000000000000000000000000FE01FF0000000000000000000000000000000000000000000000000000000000000000000000000000000000000000000000000000000000000000000000000000000000CC01FF000000003F0D000000000000001A000000
ruRU/patch-ruRU-4.mpq,BarberShopStyle,5567,13,0xD,160,40,C01500000200000000000000000000000000000000000000000000000000000000000000000000000000000000000000000000000000000000000000000000000000000000000000FE01FF0000000000000000000000000000000000000000000000000000000000000000000000000000000000000000000000000000000000000000000000000000000000CC01FF000000003F0D000000000000001B000000
ruRU/patch-ruRU-4.mpq,BarberShopStyle,5568,13,0xD,160,40,C11500000200000000000000000000000000000000000000000000000000000000000000000000000000000000000000000000000000000000000000000000000000000000000000FE01FF0000000000000000000000000000000000000000000000000000000000000000000000000000000000000000000000000000000000000000000000000000000000CC01FF000000003F0D000000000000001C000000
ruRU/patch-ruRU-4.mpq,BarberShopStyle,5569,13,0xD,160,40,C21500000200000000000000000000000000000000000000000000000000000000000000000000000000000000000000000000000000000000000000000000000000000000000000FE01FF0000000000000000000000000000000000000000000000000000000000000000000000000000000000000000000000000000000000000000000000000000000000CC01FF000000003F0D000000000000001D000000
ruRU/patch-ruRU-4.mpq,BarberShopStyle,5570,13,0xD,160,40,C31500000200000000000000000000000000000000000000000000000000000000000000000000000000000000000000000000000000000000000000000000000000000000000000FE01FF0000000000000000000000000000000000000000000000000000000000000000000000000000000000000000000000000000000000000000000000000000000000CC01FF000000003F0D000000000000001E000000
ruRU/patch-ruRU-4.mpq,BarberShopStyle,5571,13,0xD,160,40,C41500000200000000000000000000000000000000000000000000000000000000000000000000000000000000000000000000000000000000000000000000000000000000000000FE01FF0000000000000000000000000000000000000000000000000000000000000000000000000000000000000000000000000000000000000000000000000000000000CC01FF000000003F0D000000000000001F000000
ruRU/patch-ruRU-4.mpq,BarberShopStyle,5572,13,0xD,160,40,C51500000200000000000000000000000000000000000000000000000000000000000000000000000000000000000000000000000000000000000000000000000000000000000000FE01FF0000000000000000000000000000000000000000000000000000000000000000000000000000000000000000000000000000000000000000000000000000000000CC01FF000000003F0D0000000000000020000000
ruRU/patch-ruRU-4.mpq,BarberShopStyle,5573,13,0xD,160,40,C61500000200000000000000000000000000000000000000000000000000000000000000000000000000000000000000000000000000000000000000000000000000000000000000FE01FF0000000000000000000000000000000000000000000000000000000000000000000000000000000000000000000000000000000000000000000000000000000000CC01FF000000003F0D0000000000000021000000
ruRU/patch-ruRU-4.mpq,BarberShopStyle,5574,13,0xD,160,40,C71500000200000000000000000000000000000000000000000000000000000000000000000000000000000000000000000000000000000000000000000000000000000000000000FE01FF0000000000000000000000000000000000000000000000000000000000000000000000000000000000000000000000000000000000000000000000000000000000CC01FF000000003F0D0000000000000022000000
ruRU/patch-ruRU-4.mpq,BarberShopStyle,5575,13,0xD,160,40,C81500000200000000000000000000000000000000000000000000000000000000000000000000000000000000000000000000000000000000000000000000000000000000000000FE01FF0000000000000000000000000000000000000000000000000000000000000000000000000000000000000000000000000000000000000000000000000000000000CC01FF000000003F0D0000000000000023000000
ruRU/patch-ruRU-4.mpq,BarberShopStyle,5576,13,0xD,160,40,C91500000200000000000000000000000000000000000000000000000000000000000000000000000000000000000000000000000000000000000000000000000000000000000000FE01FF0000000000000000000000000000000000000000000000000000000000000000000000000000000000000000000000000000000000000000000000000000000000CC01FF000000003F0D0000000000000024000000
ruRU/patch-ruRU-4.mpq,BarberShopStyle,5577,13,0xD,160,40,CA1500000200000000000000000000000000000000000000000000000000000000000000000000000000000000000000000000000000000000000000000000000000000000000000FE01FF0000000000000000000000000000000000000000000000000000000000000000000000000000000000000000000000000000000000000000000000000000000000CC01FF000000003F0D0000000000000025000000
ruRU/patch-ruRU-4.mpq,BarberShopStyle,5578,13,0xD,160,40,CB1500000200000000000000000000000000000000000000000000000000000000000000000000000000000000000000000000000000000000000000000000000000000000000000FE01FF0000000000000000000000000000000000000000000000000000000000000000000000000000000000000000000000000000000000000000000000000000000000CC01FF000000003F0D0000000000000026000000
ruRU/patch-ruRU-4.mpq,BarberShopStyle,5579,13,0xD,160,40,CC1500000200000000000000000000000000000000000000000000000000000000000000000000000000000000000000000000000000000000000000000000000000000000000000FE01FF0000000000000000000000000000000000000000000000000000000000000000000000000000000000000000000000000000000000000000000000000000000000CC01FF000000003F0D0000000000000027000000
ruRU/patch-ruRU-4.mpq,BarberShopStyle,5580,13,0xD,160,40,CD1500000200000000000000000000000000000000000000000000000000000000000000000000000000000000000000000000000000000000000000000000000000000000000000FE01FF0000000000000000000000000000000000000000000000000000000000000000000000000000000000000000000000000000000000000000000000000000000000CC01FF000000003F0D0000000000000028000000
ruRU/patch-ruRU-4.mpq,BarberShopStyle,5581,13,0xD,160,40,CE1500000200000000000000000000000000000000000000000000000000000000000000000000000000000000000000000000000000000000000000000000000000000000000000FE01FF0000000000000000000000000000000000000000000000000000000000000000000000000000000000000000000000000000000000000000000000000000000000CC01FF000000003F0D0000000000000029000000
ruRU/patch-ruRU-4.mpq,BarberShopStyle,5582,13,0xD,160,40,CF1500000200000000000000000000000000000000000000000000000000000000000000000000000000000000000000000000000000000000000000000000000000000000000000FE01FF0000000000000000000000000000000000000000000000000000000000000000000000000000000000000000000000000000000000000000000000000000000000CC01FF000000003F0D000000000000002A000000
ruRU/patch-ruRU-4.mpq,BarberShopStyle,5583,13,0xD,160,40,D01500000200000000000000000000000000000000000000000000000000000000000000000000000000000000000000000000000000000000000000000000000000000000000000FE01FF0000000000000000000000000000000000000000000000000000000000000000000000000000000000000000000000000000000000000000000000000000000000CC01FF000000003F0D000000000000002B000000
ruRU/patch-ruRU-4.mpq,BarberShopStyle,5584,13,0xD,160,40,D11500000200000000000000000000000000000000000000000000000000000000000000000000000000000000000000000000000000000000000000000000000000000000000000FE01FF0000000000000000000000000000000000000000000000000000000000000000000000000000000000000000000000000000000000000000000000000000000000CC01FF000000003F0D000000000000002C000000
ruRU/patch-ruRU-4.mpq,BarberShopStyle,5585,13,0xD,160,40,D21500000200000000000000000000000000000000000000000000000000000000000000000000000000000000000000000000000000000000000000000000000000000000000000FE01FF0000000000000000000000000000000000000000000000000000000000000000000000000000000000000000000000000000000000000000000000000000000000CC01FF000000003F0D000000000000002D000000
ruRU/patch-ruRU-4.mpq,BarberShopStyle,5586,13,0xD,160,40,D31500000200000000000000000000000000000000000000000000000000000000000000000000000000000000000000000000000000000000000000000000000000000000000000FE01FF0000000000000000000000000000000000000000000000000000000000000000000000000000000000000000000000000000000000000000000000000000000000CC01FF000000003F0D000000000000002E000000
ruRU/patch-ruRU-4.mpq,BarberShopStyle,5587,13,0xD,160,40,D41500000200000000000000000000000000000000000000000000000000000000000000000000000000000000000000000000000000000000000000000000000000000000000000FE01FF0000000000000000000000000000000000000000000000000000000000000000000000000000000000000000000000000000000000000000000000000000000000CC01FF000000003F0D000000000000002F000000
ruRU/patch-ruRU-4.mpq,BarberShopStyle,5588,13,0xD,160,40,D51500000200000000000000000000000000000000000000000000000000000000000000000000000000000000000000000000000000000000000000000000000000000000000000FE01FF0000000000000000000000000000000000000000000000000000000000000000000000000000000000000000000000000000000000000000000000000000000000CC01FF000000003F0D0000000000000030000000
ruRU/patch-ruRU-4.mpq,BarberShopStyle,5589,13,0xD,160,40,D61500000200000000000000000000000000000000000000000000000000000000000000000000000000000000000000000000000000000000000000000000000000000000000000FE01FF0000000000000000000000000000000000000000000000000000000000000000000000000000000000000000000000000000000000000000000000000000000000CC01FF000000003F0D0000000000000031000000
ruRU/patch-ruRU-4.mpq,BarberShopStyle,5590,13,0xD,160,40,D71500000200000000000000000000000000000000000000000000000000000000000000000000000000000000000000000000000000000000000000000000000000000000000000FE01FF0000000000000000000000000000000000000000000000000000000000000000000000000000000000000000000000000000000000000000000000000000000000CC01FF000000003F0D0000000000000032000000
ruRU/patch-ruRU-4.mpq,BarberShopStyle,5591,13,0xD,160,40,D81500000200000000000000000000000000000000000000000000000000000000000000000000000000000000000000000000000000000000000000000000000000000000000000FE01FF0000000000000000000000000000000000000000000000000000000000000000000000000000000000000000000000000000000000000000000000000000000000CC01FF000000003F0D0000000000000033000000
ruRU/patch-ruRU-4.mpq,BarberShopStyle,5592,13,0xD,160,40,D91500000200000000000000000000000000000000000000000000000000000000000000000000000000000000000000000000000000000000000000000000000000000000000000FE01FF0000000000000000000000000000000000000000000000000000000000000000000000000000000000000000000000000000000000000000000000000000000000CC01FF000000003F0D0000000000000034000000
ruRU/patch-ruRU-4.mpq,BarberShopStyle,5593,13,0xD,160,40,DA1500000200000000000000000000000000000000000000000000000000000000000000000000000000000000000000000000000000000000000000000000000000000000000000FE01FF0000000000000000000000000000000000000000000000000000000000000000000000000000000000000000000000000000000000000000000000000000000000CC01FF000000003F0D0000000000000035000000
ruRU/patch-ruRU-4.mpq,BarberShopStyle,5594,13,0xD,160,40,DB1500000200000000000000000000000000000000000000000000000000000000000000000000000000000000000000000000000000000000000000000000000000000000000000FE01FF0000000000000000000000000000000000000000000000000000000000000000000000000000000000000000000000000000000000000000000000000000000000CC01FF000000003F0D0000000000000036000000
ruRU/patch-ruRU-4.mpq,BarberShopStyle,5595,13,0xD,160,40,DC1500000200000000000000000000000000000000000000000000000000000000000000000000000000000000000000000000000000000000000000000000000000000000000000FE01FF0000000000000000000000000000000000000000000000000000000000000000000000000000000000000000000000000000000000000000000000000000000000CC01FF000000003F0D0000000000000037000000
ruRU/patch-ruRU-4.mpq,BarberShopStyle,5596,13,0xD,160,40,DD1500000200000000000000000000000000000000000000000000000000000000000000000000000000000000000000000000000000000000000000000000000000000000000000FE01FF0000000000000000000000000000000000000000000000000000000000000000000000000000000000000000000000000000000000000000000000000000000000CC01FF000000003F0D0000000000000038000000
ruRU/patch-ruRU-4.mpq,BarberShopStyle,5597,13,0xD,160,40,DE1500000200000000000000000000000000000000000000000000000000000000000000000000000000000000000000000000000000000000000000000000000000000000000000FE01FF0000000000000000000000000000000000000000000000000000000000000000000000000000000000000000000000000000000000000000000000000000000000CC01FF000000003F0D0000000000000039000000
ruRU/patch-ruRU-4.mpq,BarberShopStyle,5598,13,0xD,160,40,DF1500000200000000000000000000000000000000000000000000000000000000000000000000000000000000000000000000000000000000000000000000000000000000000000FE01FF0000000000000000000000000000000000000000000000000000000000000000000000000000000000000000000000000000000000000000000000000000000000CC01FF000000003F0D000000000000003A000000
ruRU/patch-ruRU-4.mpq,BarberShopStyle,5599,13,0xD,160,40,E01500000200000000000000000000000000000000000000000000000000000000000000000000000000000000000000000000000000000000000000000000000000000000000000FE01FF0000000000000000000000000000000000000000000000000000000000000000000000000000000000000000000000000000000000000000000000000000000000CC01FF000000003F0D000000000000003B000000
ruRU/patch-ruRU-4.mpq,BarberShopStyle,5600,13,0xD,160,40,E11500000200000000000000000000000000000000000000000000000000000000000000000000000000000000000000000000000000000000000000000000000000000000000000FE01FF0000000000000000000000000000000000000000000000000000000000000000000000000000000000000000000000000000000000000000000000000000000000CC01FF000000003F0D000000000000003C000000
ruRU/patch-ruRU-4.mpq,BarberShopStyle,5601,13,0xD,160,40,E21500000200000000000000000000000000000000000000000000000000000000000000000000000000000000000000000000000000000000000000000000000000000000000000FE01FF0000000000000000000000000000000000000000000000000000000000000000000000000000000000000000000000000000000000000000000000000000000000CC01FF000000003F0D000000000000003D000000
ruRU/patch-ruRU-4.mpq,BarberShopStyle,5602,13,0xD,160,40,E31500000200000000000000000000000000000000000000000000000000000000000000000000000000000000000000000000000000000000000000000000000000000000000000FE01FF0000000000000000000000000000000000000000000000000000000000000000000000000000000000000000000000000000000000000000000000000000000000CC01FF000000003F0D000000000000003E000000
ruRU/patch-ruRU-4.mpq,BarberShopStyle,5603,13,0xD,160,40,E41500000200000000000000000000000000000000000000000000000000000000000000000000000000000000000000000000000000000000000000000000000000000000000000FE01FF0000000000000000000000000000000000000000000000000000000000000000000000000000000000000000000000000000000000000000000000000000000000CC01FF000000003F0D000000000000003F000000
ruRU/patch-ruRU-4.mpq,BarberShopStyle,5604,13,0xD,160,40,E51500000200000000000000000000000000000000000000000000000000000000000000000000000000000000000000000000000000000000000000000000000000000000000000FE01FF0000000000000000000000000000000000000000000000000000000000000000000000000000000000000000000000000000000000000000000000000000000000CC01FF000000003F0D0000000000000040000000
ruRU/patch-ruRU-4.mpq,BarberShopStyle,5605,13,0xD,160,40,E61500000200000000000000000000000000000000000000000000000000000000000000000000000000000000000000000000000000000000000000000000000000000000000000FE01FF0000000000000000000000000000000000000000000000000000000000000000000000000000000000000000000000000000000000000000000000000000000000CC01FF000000003F0D0000000000000041000000
ruRU/patch-ruRU-4.mpq,BarberShopStyle,5606,13,0xD,160,40,E71500000200000000000000000000000000000000000000000000000000000000000000000000000000000000000000000000000000000000000000000000000000000000000000FE01FF0000000000000000000000000000000000000000000000000000000000000000000000000000000000000000000000000000000000000000000000000000000000CC01FF000000003F0D0000000000000042000000
ruRU/patch-ruRU-4.mpq,BarberShopStyle,5607,13,0xD,160,40,E81500000200000000000000000000000000000000000000000000000000000000000000000000000000000000000000000000000000000000000000000000000000000000000000FE01FF0000000000000000000000000000000000000000000000000000000000000000000000000000000000000000000000000000000000000000000000000000000000CC01FF000000003F0D0000000000000043000000
ruRU/patch-ruRU-4.mpq,BarberShopStyle,5608,13,0xD,160,40,E91500000200000000000000000000000000000000000000000000000000000000000000000000000000000000000000000000000000000000000000000000000000000000000000FE01FF0000000000000000000000000000000000000000000000000000000000000000000000000000000000000000000000000000000000000000000000000000000000CC01FF000000003F0D0000000000000044000000
ruRU/patch-ruRU-4.mpq,BarberShopStyle,5609,13,0xD,160,40,EA1500000200000000000000000000000000000000000000000000000000000000000000000000000000000000000000000000000000000000000000000000000000000000000000FE01FF0000000000000000000000000000000000000000000000000000000000000000000000000000000000000000000000000000000000000000000000000000000000CC01FF000000003F0D0000000000000045000000
ruRU/patch-ruRU-4.mpq,BarberShopStyle,5610,13,0xD,160,40,EB1500000200000000000000000000000000000000000000000000000000000000000000000000000000000000000000000000000000000000000000000000000000000000000000FE01FF0000000000000000000000000000000000000000000000000000000000000000000000000000000000000000000000000000000000000000000000000000000000CC01FF000000003F0D0000000000000046000000
ruRU/patch-ruRU-4.mpq,BarberShopStyle,5611,13,0xD,160,40,EC1500000200000000000000000000000000000000000000000000000000000000000000000000000000000000000000000000000000000000000000000000000000000000000000FE01FF0000000000000000000000000000000000000000000000000000000000000000000000000000000000000000000000000000000000000000000000000000000000CC01FF000000003F0D0000000000000047000000
ruRU/patch-ruRU-4.mpq,BarberShopStyle,5612,13,0xD,160,40,ED1500000200000000000000000000000000000000000000000000000000000000000000000000000000000000000000000000000000000000000000000000000000000000000000FE01FF0000000000000000000000000000000000000000000000000000000000000000000000000000000000000000000000000000000000000000000000000000000000CC01FF000000003F0D0000000000000048000000
ruRU/patch-ruRU-4.mpq,BarberShopStyle,5613,13,0xD,160,40,EE1500000200000000000000000000000000000000000000000000000000000000000000000000000000000000000000000000000000000000000000000000000000000000000000FE01FF0000000000000000000000000000000000000000000000000000000000000000000000000000000000000000000000000000000000000000000000000000000000CC01FF000000003F0D0000000000000049000000
ruRU/patch-ruRU-4.mpq,BarberShopStyle,5614,13,0xD,160,40,EF1500000200000000000000000000000000000000000000000000000000000000000000000000000000000000000000000000000000000000000000000000000000000000000000FE01FF0000000000000000000000000000000000000000000000000000000000000000000000000000000000000000000000000000000000000000000000000000000000CC01FF000000003F0D000000000000004A000000
ruRU/patch-ruRU-4.mpq,BarberShopStyle,5615,13,0xD,160,40,F01500000200000000000000000000000000000000000000000000000000000000000000000000000000000000000000000000000000000000000000000000000000000000000000FE01FF0000000000000000000000000000000000000000000000000000000000000000000000000000000000000000000000000000000000000000000000000000000000CC01FF000000003F0D000000000000004B000000
ruRU/patch-ruRU-4.mpq,BarberShopStyle,5616,13,0xD,160,40,F11500000200000000000000000000000000000000000000000000000000000000000000000000000000000000000000000000000000000000000000000000000000000000000000FE01FF0000000000000000000000000000000000000000000000000000000000000000000000000000000000000000000000000000000000000000000000000000000000CC01FF000000003F0D000000000000004C000000
ruRU/patch-ruRU-4.mpq,BarberShopStyle,5617,13,0xD,160,40,F21500000200000000000000000000000000000000000000000000000000000000000000000000000000000000000000000000000000000000000000000000000000000000000000FE01FF0000000000000000000000000000000000000000000000000000000000000000000000000000000000000000000000000000000000000000000000000000000000CC01FF000000003F0D000000000000004D000000
ruRU/patch-ruRU-4.mpq,BarberShopStyle,5618,13,0xD,160,40,F31500000200000000000000000000000000000000000000000000000000000000000000000000000000000000000000000000000000000000000000000000000000000000000000FE01FF0000000000000000000000000000000000000000000000000000000000000000000000000000000000000000000000000000000000000000000000000000000000CC01FF000000003F0D000000000000004E000000
ruRU/patch-ruRU-4.mpq,BarberShopStyle,5619,13,0xD,160,40,F41500000200000000000000000000000000000000000000000000000000000000000000000000000000000000000000000000000000000000000000000000000000000000000000FE01FF0000000000000000000000000000000000000000000000000000000000000000000000000000000000000000000000000000000000000000000000000000000000CC01FF000000003F0D000000000000004F000000
ruRU/patch-ruRU-4.mpq,BarberShopStyle,5620,13,0xD,160,40,F51500000200000000000000000000000000000000000000000000000000000000000000000000000000000000000000000000000000000000000000000000000000000000000000FE01FF0000000000000000000000000000000000000000000000000000000000000000000000000000000000000000000000000000000000000000000000000000000000CC01FF000000003F0D0000000000000050000000
ruRU/patch-ruRU-4.mpq,BarberShopStyle,5621,13,0xD,160,40,F61500000200000000000000000000000000000000000000000000000000000000000000000000000000000000000000000000000000000000000000000000000000000000000000FE01FF0000000000000000000000000000000000000000000000000000000000000000000000000000000000000000000000000000000000000000000000000000000000CC01FF000000003F0D0000000000000051000000
ruRU/patch-ruRU-4.mpq,BarberShopStyle,5622,13,0xD,160,40,F71500000200000000000000000000000000000000000000000000000000000000000000000000000000000000000000000000000000000000000000000000000000000000000000FE01FF0000000000000000000000000000000000000000000000000000000000000000000000000000000000000000000000000000000000000000000000000000000000CC01FF000000003F0D0000000000000052000000
ruRU/patch-ruRU-4.mpq,BarberShopStyle,5623,13,0xD,160,40,F81500000200000000000000000000000000000000000000000000000000000000000000000000000000000000000000000000000000000000000000000000000000000000000000FE01FF0000000000000000000000000000000000000000000000000000000000000000000000000000000000000000000000000000000000000000000000000000000000CC01FF000000003F0D0000000000000053000000
ruRU/patch-ruRU-4.mpq,BarberShopStyle,5624,13,0xD,160,40,F91500000200000000000000000000000000000000000000000000000000000000000000000000000000000000000000000000000000000000000000000000000000000000000000FE01FF0000000000000000000000000000000000000000000000000000000000000000000000000000000000000000000000000000000000000000000000000000000000CC01FF000000003F0D0000000000000054000000
ruRU/patch-ruRU-4.mpq,BarberShopStyle,5625,13,0xD,160,40,FA1500000200000000000000000000000000000000000000000000000000000000000000000000000000000000000000000000000000000000000000000000000000000000000000FE01FF0000000000000000000000000000000000000000000000000000000000000000000000000000000000000000000000000000000000000000000000000000000000CC01FF000000003F0D0000000000000055000000
ruRU/patch-ruRU-4.mpq,BarberShopStyle,5626,13,0xD,160,40,FB1500000200000000000000000000000000000000000000000000000000000000000000000000000000000000000000000000000000000000000000000000000000000000000000FE01FF0000000000000000000000000000000000000000000000000000000000000000000000000000000000000000000000000000000000000000000000000000000000CC01FF000000003F0D0000000000000056000000
ruRU/patch-ruRU-4.mpq,BarberShopStyle,5627,13,0xD,160,40,FC1500000200000000000000000000000000000000000000000000000000000000000000000000000000000000000000000000000000000000000000000000000000000000000000FE01FF0000000000000000000000000000000000000000000000000000000000000000000000000000000000000000000000000000000000000000000000000000000000CC01FF000000003F0D0000000000000057000000
ruRU/patch-ruRU-4.mpq,BarberShopStyle,5628,13,0xD,160,40,FD1500000200000000000000000000000000000000000000000000000000000000000000000000000000000000000000000000000000000000000000000000000000000000000000FE01FF0000000000000000000000000000000000000000000000000000000000000000000000000000000000000000000000000000000000000000000000000000000000CC01FF000000003F0D0000000000000058000000
ruRU/patch-ruRU-4.mpq,BarberShopStyle,5629,13,0xD,160,40,FE1500000200000000000000000000000000000000000000000000000000000000000000000000000000000000000000000000000000000000000000000000000000000000000000FE01FF0000000000000000000000000000000000000000000000000000000000000000000000000000000000000000000000000000000000000000000000000000000000CC01FF000000003F0D0000000000000059000000
ruRU/patch-ruRU-4.mpq,BarberShopStyle,5630,13,0xD,160,40,FF1500000200000000000000000000000000000000000000000000000000000000000000000000000000000000000000000000000000000000000000000000000000000000000000FE01FF0000000000000000000000000000000000000000000000000000000000000000000000000000000000000000000000000000000000000000000000000000000000CC01FF000000003F0D000000000000005A000000
ruRU/patch-ruRU-4.mpq,BarberShopStyle,5631,13,0xD,160,40,001600000200000000000000000000000000000000000000000000000000000000000000000000000000000000000000000000000000000000000000000000000000000000000000FE01FF0000000000000000000000000000000000000000000000000000000000000000000000000000000000000000000000000000000000000000000000000000000000CC01FF000000003F0D000000000000005B000000
ruRU/patch-ruRU-4.mpq,BarberShopStyle,5632,13,0xD,160,40,011600000200000000000000000000000000000000000000000000000000000000000000000000000000000000000000000000000000000000000000000000000000000000000000FE01FF0000000000000000000000000000000000000000000000000000000000000000000000000000000000000000000000000000000000000000000000000000000000CC01FF000000003F0D000000000000005C000000
ruRU/patch-ruRU-4.mpq,BarberShopStyle,5633,13,0xD,160,40,021600000200000000000000000000000000000000000000000000000000000000000000000000000000000000000000000000000000000000000000000000000000000000000000FE01FF0000000000000000000000000000000000000000000000000000000000000000000000000000000000000000000000000000000000000000000000000000000000CC01FF000000003F0D000000000000005D000000
ruRU/patch-ruRU-4.mpq,BarberShopStyle,5634,13,0xD,160,40,031600000200000000000000000000000000000000000000000000000000000000000000000000000000000000000000000000000000000000000000000000000000000000000000FE01FF0000000000000000000000000000000000000000000000000000000000000000000000000000000000000000000000000000000000000000000000000000000000CC01FF000000003F0D000000000000005E000000
ruRU/patch-ruRU-4.mpq,BarberShopStyle,5635,13,0xD,160,40,041600000200000000000000000000000000000000000000000000000000000000000000000000000000000000000000000000000000000000000000000000000000000000000000FE01FF0000000000000000000000000000000000000000000000000000000000000000000000000000000000000000000000000000000000000000000000000000000000CC01FF000000003F0D000000000000005F000000
ruRU/patch-ruRU-4.mpq,BarberShopStyle,5636,13,0xD,160,40,051600000000000000000000000000000000000000000000000000000000000000000000000000000000000000000000000000000000000000000000000000000000000000000000FE01FF0000000000000000000000000000000000000000000000000000000000000000000000000000000000000000000000000000000000000000000000000000000000CC01FF000000803F0D0000000100000000000000
ruRU/patch-ruRU-4.mpq,BarberShopStyle,5637,13,0xD,160,40,061600000000000000000000000000000000000000000000000000000000000000000000000000000000000000000000000000000000000000000000000000000000000000000000FE01FF0000000000000000000000000000000000000000000000000000000000000000000000000000000000000000000000000000000000000000000000000000000000CC01FF000000803F0D0000000100000001000000
ruRU/patch-ruRU-4.mpq,BarberShopStyle,5638,13,0xD,160,40,071600000000000000000000000000000000000000000000000000000000000000000000000000000000000000000000000000000000000000000000000000000000000000000000FE01FF0000000000000000000000000000000000000000000000000000000000000000000000000000000000000000000000000000000000000000000000000000000000CC01FF000000803F0D0000000100000002000000
ruRU/patch-ruRU-4.mpq,BarberShopStyle,5639,13,0xD,160,40,081600000000000000000000000000000000000000000000000000000000000000000000000000000000000000000000000000000000000000000000000000000000000000000000FE01FF0000000000000000000000000000000000000000000000000000000000000000000000000000000000000000000000000000000000000000000000000000000000CC01FF000000803F0D0000000100000003000000
ruRU/patch-ruRU-4.mpq,BarberShopStyle,5640,13,0xD,160,40,091600000000000000000000000000000000000000000000000000000000000000000000000000000000000000000000000000000000000000000000000000000000000000000000FE01FF0000000000000000000000000000000000000000000000000000000000000000000000000000000000000000000000000000000000000000000000000000000000CC01FF000000803F0D0000000100000004000000
ruRU/patch-ruRU-4.mpq,BarberShopStyle,5641,13,0xD,160,40,0A1600000200000000000000000000000000000000000000000000000000000000000000000000000000000000000000000000000000000000000000000000000000000000000000FE01FF0000000000000000000000000000000000000000000000000000000000000000000000000000000000000000000000000000000000000000000000000000000000CC01FF000000003F0D0000000100000000000000
ruRU/patch-ruRU-4.mpq,BarberShopStyle,5642,13,0xD,160,40,0B1600000200000000000000000000000000000000000000000000000000000000000000000000000000000000000000000000000000000000000000000000000000000000000000FE01FF0000000000000000000000000000000000000000000000000000000000000000000000000000000000000000000000000000000000000000000000000000000000CC01FF000000003F0D0000000100000001000000
ruRU/patch-ruRU-4.mpq,BarberShopStyle,5643,13,0xD,160,40,0C1600000200000000000000000000000000000000000000000000000000000000000000000000000000000000000000000000000000000000000000000000000000000000000000FE01FF0000000000000000000000000000000000000000000000000000000000000000000000000000000000000000000000000000000000000000000000000000000000CC01FF000000003F0D0000000100000002000000
ruRU/patch-ruRU-4.mpq,BarberShopStyle,5644,13,0xD,160,40,0D1600000200000000000000000000000000000000000000000000000000000000000000000000000000000000000000000000000000000000000000000000000000000000000000FE01FF0000000000000000000000000000000000000000000000000000000000000000000000000000000000000000000000000000000000000000000000000000000000CC01FF000000003F0D0000000100000003000000
ruRU/patch-ruRU-4.mpq,BarberShopStyle,5645,13,0xD,160,40,0E1600000200000000000000000000000000000000000000000000000000000000000000000000000000000000000000000000000000000000000000000000000000000000000000FE01FF0000000000000000000000000000000000000000000000000000000000000000000000000000000000000000000000000000000000000000000000000000000000CC01FF000000003F0D0000000100000004000000
ruRU/patch-ruRU-4.mpq,BarberShopStyle,5646,13,0xD,160,40,0F1600000200000000000000000000000000000000000000000000000000000000000000000000000000000000000000000000000000000000000000000000000000000000000000FE01FF0000000000000000000000000000000000000000000000000000000000000000000000000000000000000000000000000000000000000000000000000000000000CC01FF000000003F0D0000000100000005000000
ruRU/patch-ruRU-4.mpq,BarberShopStyle,5647,13,0xD,160,40,101600000200000000000000000000000000000000000000000000000000000000000000000000000000000000000000000000000000000000000000000000000000000000000000FE01FF0000000000000000000000000000000000000000000000000000000000000000000000000000000000000000000000000000000000000000000000000000000000CC01FF000000003F0D0000000100000006000000
ruRU/patch-ruRU-4.mpq,BarberShopStyle,5648,13,0xD,160,40,111600000200000000000000000000000000000000000000000000000000000000000000000000000000000000000000000000000000000000000000000000000000000000000000FE01FF0000000000000000000000000000000000000000000000000000000000000000000000000000000000000000000000000000000000000000000000000000000000CC01FF000000003F0D0000000100000007000000
ruRU/patch-ruRU-4.mpq,BarberShopStyle,5649,13,0xD,160,40,121600000200000000000000000000000000000000000000000000000000000000000000000000000000000000000000000000000000000000000000000000000000000000000000FE01FF0000000000000000000000000000000000000000000000000000000000000000000000000000000000000000000000000000000000000000000000000000000000CC01FF000000003F0D0000000100000008000000
ruRU/patch-ruRU-4.mpq,BarberShopStyle,5650,13,0xD,160,40,131600000200000000000000000000000000000000000000000000000000000000000000000000000000000000000000000000000000000000000000000000000000000000000000FE01FF0000000000000000000000000000000000000000000000000000000000000000000000000000000000000000000000000000000000000000000000000000000000CC01FF000000003F0D0000000100000009000000
ruRU/patch-ruRU-4.mpq,BarberShopStyle,5651,13,0xD,160,40,141600000200000000000000000000000000000000000000000000000000000000000000000000000000000000000000000000000000000000000000000000000000000000000000FE01FF0000000000000000000000000000000000000000000000000000000000000000000000000000000000000000000000000000000000000000000000000000000000CC01FF000000003F0D000000010000000A000000
ruRU/patch-ruRU-4.mpq,BarberShopStyle,5652,13,0xD,160,40,151600000200000000000000000000000000000000000000000000000000000000000000000000000000000000000000000000000000000000000000000000000000000000000000FE01FF0000000000000000000000000000000000000000000000000000000000000000000000000000000000000000000000000000000000000000000000000000000000CC01FF000000003F0D000000010000000B000000
ruRU/patch-ruRU-4.mpq,BarberShopStyle,5653,13,0xD,160,40,161600000200000000000000000000000000000000000000000000000000000000000000000000000000000000000000000000000000000000000000000000000000000000000000FE01FF0000000000000000000000000000000000000000000000000000000000000000000000000000000000000000000000000000000000000000000000000000000000CC01FF000000003F0D000000010000000C000000
ruRU/patch-ruRU-4.mpq,BarberShopStyle,5654,13,0xD,160,40,171600000200000000000000000000000000000000000000000000000000000000000000000000000000000000000000000000000000000000000000000000000000000000000000FE01FF0000000000000000000000000000000000000000000000000000000000000000000000000000000000000000000000000000000000000000000000000000000000CC01FF000000003F0D000000010000000D000000
ruRU/patch-ruRU-4.mpq,BarberShopStyle,5655,13,0xD,160,40,181600000200000000000000000000000000000000000000000000000000000000000000000000000000000000000000000000000000000000000000000000000000000000000000FE01FF0000000000000000000000000000000000000000000000000000000000000000000000000000000000000000000000000000000000000000000000000000000000CC01FF000000003F0D000000010000000E000000
ruRU/patch-ruRU-4.mpq,BarberShopStyle,5656,13,0xD,160,40,191600000200000000000000000000000000000000000000000000000000000000000000000000000000000000000000000000000000000000000000000000000000000000000000FE01FF0000000000000000000000000000000000000000000000000000000000000000000000000000000000000000000000000000000000000000000000000000000000CC01FF000000003F0D000000010000000F000000
ruRU/patch-ruRU-4.mpq,BarberShopStyle,5657,13,0xD,160,40,1A1600000200000000000000000000000000000000000000000000000000000000000000000000000000000000000000000000000000000000000000000000000000000000000000FE01FF0000000000000000000000000000000000000000000000000000000000000000000000000000000000000000000000000000000000000000000000000000000000CC01FF000000003F0D0000000100000010000000
ruRU/patch-ruRU-4.mpq,BarberShopStyle,5658,13,0xD,160,40,1B1600000200000000000000000000000000000000000000000000000000000000000000000000000000000000000000000000000000000000000000000000000000000000000000FE01FF0000000000000000000000000000000000000000000000000000000000000000000000000000000000000000000000000000000000000000000000000000000000CC01FF000000003F0D0000000100000011000000
ruRU/patch-ruRU-4.mpq,BarberShopStyle,5659,13,0xD,160,40,1C1600000200000000000000000000000000000000000000000000000000000000000000000000000000000000000000000000000000000000000000000000000000000000000000FE01FF0000000000000000000000000000000000000000000000000000000000000000000000000000000000000000000000000000000000000000000000000000000000CC01FF000000003F0D0000000100000012000000
ruRU/patch-ruRU-4.mpq,BarberShopStyle,5660,13,0xD,160,40,1D1600000200000000000000000000000000000000000000000000000000000000000000000000000000000000000000000000000000000000000000000000000000000000000000FE01FF0000000000000000000000000000000000000000000000000000000000000000000000000000000000000000000000000000000000000000000000000000000000CC01FF000000003F0D0000000100000013000000
ruRU/patch-ruRU-4.mpq,BarberShopStyle,5661,13,0xD,160,40,1E1600000200000000000000000000000000000000000000000000000000000000000000000000000000000000000000000000000000000000000000000000000000000000000000FE01FF0000000000000000000000000000000000000000000000000000000000000000000000000000000000000000000000000000000000000000000000000000000000CC01FF000000003F0D0000000100000014000000
ruRU/patch-ruRU-4.mpq,BarberShopStyle,5662,13,0xD,160,40,1F1600000200000000000000000000000000000000000000000000000000000000000000000000000000000000000000000000000000000000000000000000000000000000000000FE01FF0000000000000000000000000000000000000000000000000000000000000000000000000000000000000000000000000000000000000000000000000000000000CC01FF000000003F0D0000000100000015000000
ruRU/patch-ruRU-4.mpq,BarberShopStyle,5663,13,0xD,160,40,201600000200000000000000000000000000000000000000000000000000000000000000000000000000000000000000000000000000000000000000000000000000000000000000FE01FF0000000000000000000000000000000000000000000000000000000000000000000000000000000000000000000000000000000000000000000000000000000000CC01FF000000003F0D0000000100000016000000
ruRU/patch-ruRU-4.mpq,BarberShopStyle,5664,13,0xD,160,40,211600000200000000000000000000000000000000000000000000000000000000000000000000000000000000000000000000000000000000000000000000000000000000000000FE01FF0000000000000000000000000000000000000000000000000000000000000000000000000000000000000000000000000000000000000000000000000000000000CC01FF000000003F0D0000000100000017000000
ruRU/patch-ruRU-4.mpq,BarberShopStyle,5665,13,0xD,160,40,221600000200000000000000000000000000000000000000000000000000000000000000000000000000000000000000000000000000000000000000000000000000000000000000FE01FF0000000000000000000000000000000000000000000000000000000000000000000000000000000000000000000000000000000000000000000000000000000000CC01FF000000003F0D0000000100000018000000
ruRU/patch-ruRU-4.mpq,BarberShopStyle,5666,13,0xD,160,40,231600000200000000000000000000000000000000000000000000000000000000000000000000000000000000000000000000000000000000000000000000000000000000000000FE01FF0000000000000000000000000000000000000000000000000000000000000000000000000000000000000000000000000000000000000000000000000000000000CC01FF000000003F0D0000000100000019000000
ruRU/patch-ruRU-4.mpq,BarberShopStyle,5667,13,0xD,160,40,241600000200000000000000000000000000000000000000000000000000000000000000000000000000000000000000000000000000000000000000000000000000000000000000FE01FF0000000000000000000000000000000000000000000000000000000000000000000000000000000000000000000000000000000000000000000000000000000000CC01FF000000003F0D000000010000001A000000
ruRU/patch-ruRU-4.mpq,BarberShopStyle,5668,13,0xD,160,40,251600000200000000000000000000000000000000000000000000000000000000000000000000000000000000000000000000000000000000000000000000000000000000000000FE01FF0000000000000000000000000000000000000000000000000000000000000000000000000000000000000000000000000000000000000000000000000000000000CC01FF000000003F0D000000010000001B000000
ruRU/patch-ruRU-4.mpq,BarberShopStyle,5669,13,0xD,160,40,261600000200000000000000000000000000000000000000000000000000000000000000000000000000000000000000000000000000000000000000000000000000000000000000FE01FF0000000000000000000000000000000000000000000000000000000000000000000000000000000000000000000000000000000000000000000000000000000000CC01FF000000003F0D000000010000001C000000
ruRU/patch-ruRU-4.mpq,BarberShopStyle,5670,13,0xD,160,40,271600000200000000000000000000000000000000000000000000000000000000000000000000000000000000000000000000000000000000000000000000000000000000000000FE01FF0000000000000000000000000000000000000000000000000000000000000000000000000000000000000000000000000000000000000000000000000000000000CC01FF000000003F0D000000010000001D000000
ruRU/patch-ruRU-4.mpq,BarberShopStyle,5671,13,0xD,160,40,281600000200000000000000000000000000000000000000000000000000000000000000000000000000000000000000000000000000000000000000000000000000000000000000FE01FF0000000000000000000000000000000000000000000000000000000000000000000000000000000000000000000000000000000000000000000000000000000000CC01FF000000003F0D000000010000001E000000
ruRU/patch-ruRU-4.mpq,BarberShopStyle,5672,13,0xD,160,40,291600000200000000000000000000000000000000000000000000000000000000000000000000000000000000000000000000000000000000000000000000000000000000000000FE01FF0000000000000000000000000000000000000000000000000000000000000000000000000000000000000000000000000000000000000000000000000000000000CC01FF000000003F0D000000010000001F000000
ruRU/patch-ruRU-4.mpq,BarberShopStyle,5673,13,0xD,160,40,2A1600000200000000000000000000000000000000000000000000000000000000000000000000000000000000000000000000000000000000000000000000000000000000000000FE01FF0000000000000000000000000000000000000000000000000000000000000000000000000000000000000000000000000000000000000000000000000000000000CC01FF000000003F0D0000000100000020000000
ruRU/patch-ruRU-4.mpq,BarberShopStyle,5674,13,0xD,160,40,2B1600000200000000000000000000000000000000000000000000000000000000000000000000000000000000000000000000000000000000000000000000000000000000000000FE01FF0000000000000000000000000000000000000000000000000000000000000000000000000000000000000000000000000000000000000000000000000000000000CC01FF000000003F0D0000000100000021000000
ruRU/patch-ruRU-4.mpq,BarberShopStyle,5675,13,0xD,160,40,2C1600000200000000000000000000000000000000000000000000000000000000000000000000000000000000000000000000000000000000000000000000000000000000000000FE01FF0000000000000000000000000000000000000000000000000000000000000000000000000000000000000000000000000000000000000000000000000000000000CC01FF000000003F0D0000000100000022000000
ruRU/patch-ruRU-4.mpq,BarberShopStyle,5676,13,0xD,160,40,2D1600000200000000000000000000000000000000000000000000000000000000000000000000000000000000000000000000000000000000000000000000000000000000000000FE01FF0000000000000000000000000000000000000000000000000000000000000000000000000000000000000000000000000000000000000000000000000000000000CC01FF000000003F0D0000000100000023000000
ruRU/patch-ruRU-4.mpq,BarberShopStyle,5677,13,0xD,160,40,2E1600000200000000000000000000000000000000000000000000000000000000000000000000000000000000000000000000000000000000000000000000000000000000000000FE01FF0000000000000000000000000000000000000000000000000000000000000000000000000000000000000000000000000000000000000000000000000000000000CC01FF000000003F0D0000000100000024000000
ruRU/patch-ruRU-4.mpq,BarberShopStyle,5678,13,0xD,160,40,2F1600000200000000000000000000000000000000000000000000000000000000000000000000000000000000000000000000000000000000000000000000000000000000000000FE01FF0000000000000000000000000000000000000000000000000000000000000000000000000000000000000000000000000000000000000000000000000000000000CC01FF000000003F0D0000000100000025000000
ruRU/patch-ruRU-4.mpq,BarberShopStyle,5679,13,0xD,160,40,301600000200000000000000000000000000000000000000000000000000000000000000000000000000000000000000000000000000000000000000000000000000000000000000FE01FF0000000000000000000000000000000000000000000000000000000000000000000000000000000000000000000000000000000000000000000000000000000000CC01FF000000003F0D0000000100000026000000
ruRU/patch-ruRU-4.mpq,BarberShopStyle,5680,13,0xD,160,40,311600000200000000000000000000000000000000000000000000000000000000000000000000000000000000000000000000000000000000000000000000000000000000000000FE01FF0000000000000000000000000000000000000000000000000000000000000000000000000000000000000000000000000000000000000000000000000000000000CC01FF000000003F0D0000000100000027000000
ruRU/patch-ruRU-4.mpq,BarberShopStyle,5681,13,0xD,160,40,321600000200000000000000000000000000000000000000000000000000000000000000000000000000000000000000000000000000000000000000000000000000000000000000FE01FF0000000000000000000000000000000000000000000000000000000000000000000000000000000000000000000000000000000000000000000000000000000000CC01FF000000003F0D0000000100000028000000
ruRU/patch-ruRU-4.mpq,BarberShopStyle,5682,13,0xD,160,40,331600000200000000000000000000000000000000000000000000000000000000000000000000000000000000000000000000000000000000000000000000000000000000000000FE01FF0000000000000000000000000000000000000000000000000000000000000000000000000000000000000000000000000000000000000000000000000000000000CC01FF000000003F0D0000000100000029000000
ruRU/patch-ruRU-4.mpq,BarberShopStyle,5683,13,0xD,160,40,341600000200000000000000000000000000000000000000000000000000000000000000000000000000000000000000000000000000000000000000000000000000000000000000FE01FF0000000000000000000000000000000000000000000000000000000000000000000000000000000000000000000000000000000000000000000000000000000000CC01FF000000003F0D000000010000002A000000
ruRU/patch-ruRU-4.mpq,BarberShopStyle,5684,13,0xD,160,40,351600000200000000000000000000000000000000000000000000000000000000000000000000000000000000000000000000000000000000000000000000000000000000000000FE01FF0000000000000000000000000000000000000000000000000000000000000000000000000000000000000000000000000000000000000000000000000000000000CC01FF000000003F0D000000010000002B000000
ruRU/patch-ruRU-4.mpq,BarberShopStyle,5685,13,0xD,160,40,361600000200000000000000000000000000000000000000000000000000000000000000000000000000000000000000000000000000000000000000000000000000000000000000FE01FF0000000000000000000000000000000000000000000000000000000000000000000000000000000000000000000000000000000000000000000000000000000000CC01FF000000003F0D000000010000002C000000
ruRU/patch-ruRU-4.mpq,BarberShopStyle,5686,13,0xD,160,40,371600000200000000000000000000000000000000000000000000000000000000000000000000000000000000000000000000000000000000000000000000000000000000000000FE01FF0000000000000000000000000000000000000000000000000000000000000000000000000000000000000000000000000000000000000000000000000000000000CC01FF000000003F0D000000010000002D000000
ruRU/patch-ruRU-4.mpq,BarberShopStyle,5687,13,0xD,160,40,381600000200000000000000000000000000000000000000000000000000000000000000000000000000000000000000000000000000000000000000000000000000000000000000FE01FF0000000000000000000000000000000000000000000000000000000000000000000000000000000000000000000000000000000000000000000000000000000000CC01FF000000003F0D000000010000002E000000
ruRU/patch-ruRU-4.mpq,BarberShopStyle,5688,13,0xD,160,40,391600000200000000000000000000000000000000000000000000000000000000000000000000000000000000000000000000000000000000000000000000000000000000000000FE01FF0000000000000000000000000000000000000000000000000000000000000000000000000000000000000000000000000000000000000000000000000000000000CC01FF000000003F0D000000010000002F000000
ruRU/patch-ruRU-4.mpq,BarberShopStyle,5689,13,0xD,160,40,3A1600000200000000000000000000000000000000000000000000000000000000000000000000000000000000000000000000000000000000000000000000000000000000000000FE01FF0000000000000000000000000000000000000000000000000000000000000000000000000000000000000000000000000000000000000000000000000000000000CC01FF000000003F0D0000000100000030000000
ruRU/patch-ruRU-4.mpq,BarberShopStyle,5690,13,0xD,160,40,3B1600000200000000000000000000000000000000000000000000000000000000000000000000000000000000000000000000000000000000000000000000000000000000000000FE01FF0000000000000000000000000000000000000000000000000000000000000000000000000000000000000000000000000000000000000000000000000000000000CC01FF000000003F0D0000000100000031000000
ruRU/patch-ruRU-4.mpq,BarberShopStyle,5691,13,0xD,160,40,3C1600000200000000000000000000000000000000000000000000000000000000000000000000000000000000000000000000000000000000000000000000000000000000000000FE01FF0000000000000000000000000000000000000000000000000000000000000000000000000000000000000000000000000000000000000000000000000000000000CC01FF000000003F0D0000000100000032000000
ruRU/patch-ruRU-4.mpq,BarberShopStyle,5692,13,0xD,160,40,3D1600000200000000000000000000000000000000000000000000000000000000000000000000000000000000000000000000000000000000000000000000000000000000000000FE01FF0000000000000000000000000000000000000000000000000000000000000000000000000000000000000000000000000000000000000000000000000000000000CC01FF000000003F0D0000000100000033000000
ruRU/patch-ruRU-4.mpq,BarberShopStyle,5693,13,0xD,160,40,3E1600000200000000000000000000000000000000000000000000000000000000000000000000000000000000000000000000000000000000000000000000000000000000000000FE01FF0000000000000000000000000000000000000000000000000000000000000000000000000000000000000000000000000000000000000000000000000000000000CC01FF000000003F0D0000000100000034000000
ruRU/patch-ruRU-4.mpq,BarberShopStyle,5694,13,0xD,160,40,3F1600000200000000000000000000000000000000000000000000000000000000000000000000000000000000000000000000000000000000000000000000000000000000000000FE01FF0000000000000000000000000000000000000000000000000000000000000000000000000000000000000000000000000000000000000000000000000000000000CC01FF000000003F0D0000000100000035000000
ruRU/patch-ruRU-4.mpq,BarberShopStyle,5695,13,0xD,160,40,401600000200000000000000000000000000000000000000000000000000000000000000000000000000000000000000000000000000000000000000000000000000000000000000FE01FF0000000000000000000000000000000000000000000000000000000000000000000000000000000000000000000000000000000000000000000000000000000000CC01FF000000003F0D0000000100000036000000
ruRU/patch-ruRU-4.mpq,BarberShopStyle,5696,13,0xD,160,40,411600000200000000000000000000000000000000000000000000000000000000000000000000000000000000000000000000000000000000000000000000000000000000000000FE01FF0000000000000000000000000000000000000000000000000000000000000000000000000000000000000000000000000000000000000000000000000000000000CC01FF000000003F0D0000000100000037000000
ruRU/patch-ruRU-4.mpq,BarberShopStyle,5697,13,0xD,160,40,421600000200000000000000000000000000000000000000000000000000000000000000000000000000000000000000000000000000000000000000000000000000000000000000FE01FF0000000000000000000000000000000000000000000000000000000000000000000000000000000000000000000000000000000000000000000000000000000000CC01FF000000003F0D0000000100000038000000
ruRU/patch-ruRU-4.mpq,BarberShopStyle,5698,13,0xD,160,40,431600000200000000000000000000000000000000000000000000000000000000000000000000000000000000000000000000000000000000000000000000000000000000000000FE01FF0000000000000000000000000000000000000000000000000000000000000000000000000000000000000000000000000000000000000000000000000000000000CC01FF000000003F0D0000000100000039000000
ruRU/patch-ruRU-4.mpq,BarberShopStyle,5699,13,0xD,160,40,441600000200000000000000000000000000000000000000000000000000000000000000000000000000000000000000000000000000000000000000000000000000000000000000FE01FF0000000000000000000000000000000000000000000000000000000000000000000000000000000000000000000000000000000000000000000000000000000000CC01FF000000003F0D000000010000003A000000
ruRU/patch-ruRU-4.mpq,BarberShopStyle,5700,13,0xD,160,40,451600000200000000000000000000000000000000000000000000000000000000000000000000000000000000000000000000000000000000000000000000000000000000000000FE01FF0000000000000000000000000000000000000000000000000000000000000000000000000000000000000000000000000000000000000000000000000000000000CC01FF000000003F0D000000010000003B000000
ruRU/patch-ruRU-4.mpq,BarberShopStyle,5701,13,0xD,160,40,461600000200000000000000000000000000000000000000000000000000000000000000000000000000000000000000000000000000000000000000000000000000000000000000FE01FF0000000000000000000000000000000000000000000000000000000000000000000000000000000000000000000000000000000000000000000000000000000000CC01FF000000003F0D000000010000003C000000
ruRU/patch-ruRU-4.mpq,BarberShopStyle,5702,13,0xD,160,40,471600000200000000000000000000000000000000000000000000000000000000000000000000000000000000000000000000000000000000000000000000000000000000000000FE01FF0000000000000000000000000000000000000000000000000000000000000000000000000000000000000000000000000000000000000000000000000000000000CC01FF000000003F0D000000010000003D000000
ruRU/patch-ruRU-4.mpq,BarberShopStyle,5703,13,0xD,160,40,481600000200000000000000000000000000000000000000000000000000000000000000000000000000000000000000000000000000000000000000000000000000000000000000FE01FF0000000000000000000000000000000000000000000000000000000000000000000000000000000000000000000000000000000000000000000000000000000000CC01FF000000003F0D000000010000003E000000
ruRU/patch-ruRU-4.mpq,BarberShopStyle,5704,13,0xD,160,40,491600000200000000000000000000000000000000000000000000000000000000000000000000000000000000000000000000000000000000000000000000000000000000000000FE01FF0000000000000000000000000000000000000000000000000000000000000000000000000000000000000000000000000000000000000000000000000000000000CC01FF000000003F0D000000010000003F000000
ruRU/patch-ruRU-4.mpq,BarberShopStyle,5705,13,0xD,160,40,4A1600000200000000000000000000000000000000000000000000000000000000000000000000000000000000000000000000000000000000000000000000000000000000000000FE01FF0000000000000000000000000000000000000000000000000000000000000000000000000000000000000000000000000000000000000000000000000000000000CC01FF000000003F0D0000000100000040000000
ruRU/patch-ruRU-4.mpq,BarberShopStyle,5706,13,0xD,160,40,4B1600000200000000000000000000000000000000000000000000000000000000000000000000000000000000000000000000000000000000000000000000000000000000000000FE01FF0000000000000000000000000000000000000000000000000000000000000000000000000000000000000000000000000000000000000000000000000000000000CC01FF000000003F0D0000000100000041000000
ruRU/patch-ruRU-4.mpq,BarberShopStyle,5707,13,0xD,160,40,4C1600000200000000000000000000000000000000000000000000000000000000000000000000000000000000000000000000000000000000000000000000000000000000000000FE01FF0000000000000000000000000000000000000000000000000000000000000000000000000000000000000000000000000000000000000000000000000000000000CC01FF000000003F0D0000000100000042000000
ruRU/patch-ruRU-4.mpq,BarberShopStyle,5708,13,0xD,160,40,4D1600000200000000000000000000000000000000000000000000000000000000000000000000000000000000000000000000000000000000000000000000000000000000000000FE01FF0000000000000000000000000000000000000000000000000000000000000000000000000000000000000000000000000000000000000000000000000000000000CC01FF000000003F0D0000000100000043000000
ruRU/patch-ruRU-4.mpq,BarberShopStyle,5709,13,0xD,160,40,4E1600000200000000000000000000000000000000000000000000000000000000000000000000000000000000000000000000000000000000000000000000000000000000000000FE01FF0000000000000000000000000000000000000000000000000000000000000000000000000000000000000000000000000000000000000000000000000000000000CC01FF000000003F0D0000000100000044000000
ruRU/patch-ruRU-4.mpq,BarberShopStyle,5710,13,0xD,160,40,4F1600000200000000000000000000000000000000000000000000000000000000000000000000000000000000000000000000000000000000000000000000000000000000000000FE01FF0000000000000000000000000000000000000000000000000000000000000000000000000000000000000000000000000000000000000000000000000000000000CC01FF000000003F0D0000000100000045000000
ruRU/patch-ruRU-4.mpq,BarberShopStyle,5711,13,0xD,160,40,501600000200000000000000000000000000000000000000000000000000000000000000000000000000000000000000000000000000000000000000000000000000000000000000FE01FF0000000000000000000000000000000000000000000000000000000000000000000000000000000000000000000000000000000000000000000000000000000000CC01FF000000003F0D0000000100000046000000
ruRU/patch-ruRU-4.mpq,BarberShopStyle,5712,13,0xD,160,40,511600000200000000000000000000000000000000000000000000000000000000000000000000000000000000000000000000000000000000000000000000000000000000000000FE01FF0000000000000000000000000000000000000000000000000000000000000000000000000000000000000000000000000000000000000000000000000000000000CC01FF000000003F0D0000000100000047000000
ruRU/patch-ruRU-4.mpq,BarberShopStyle,5713,13,0xD,160,40,521600000200000000000000000000000000000000000000000000000000000000000000000000000000000000000000000000000000000000000000000000000000000000000000FE01FF0000000000000000000000000000000000000000000000000000000000000000000000000000000000000000000000000000000000000000000000000000000000CC01FF000000003F0D0000000100000048000000
ruRU/patch-ruRU-4.mpq,BarberShopStyle,5714,13,0xD,160,40,531600000200000000000000000000000000000000000000000000000000000000000000000000000000000000000000000000000000000000000000000000000000000000000000FE01FF0000000000000000000000000000000000000000000000000000000000000000000000000000000000000000000000000000000000000000000000000000000000CC01FF000000003F0D0000000100000049000000
ruRU/patch-ruRU-4.mpq,BarberShopStyle,5715,13,0xD,160,40,541600000200000000000000000000000000000000000000000000000000000000000000000000000000000000000000000000000000000000000000000000000000000000000000FE01FF0000000000000000000000000000000000000000000000000000000000000000000000000000000000000000000000000000000000000000000000000000000000CC01FF000000003F0D000000010000004A000000
ruRU/patch-ruRU-4.mpq,BarberShopStyle,5716,13,0xD,160,40,551600000200000000000000000000000000000000000000000000000000000000000000000000000000000000000000000000000000000000000000000000000000000000000000FE01FF0000000000000000000000000000000000000000000000000000000000000000000000000000000000000000000000000000000000000000000000000000000000CC01FF000000003F0D000000010000004B000000
ruRU/patch-ruRU-4.mpq,BarberShopStyle,5717,13,0xD,160,40,561600000200000000000000000000000000000000000000000000000000000000000000000000000000000000000000000000000000000000000000000000000000000000000000FE01FF0000000000000000000000000000000000000000000000000000000000000000000000000000000000000000000000000000000000000000000000000000000000CC01FF000000003F0D000000010000004C000000
ruRU/patch-ruRU-4.mpq,BarberShopStyle,5718,13,0xD,160,40,571600000200000000000000000000000000000000000000000000000000000000000000000000000000000000000000000000000000000000000000000000000000000000000000FE01FF0000000000000000000000000000000000000000000000000000000000000000000000000000000000000000000000000000000000000000000000000000000000CC01FF000000003F0D000000010000004D000000
ruRU/patch-ruRU-4.mpq,BarberShopStyle,5719,13,0xD,160,40,581600000200000000000000000000000000000000000000000000000000000000000000000000000000000000000000000000000000000000000000000000000000000000000000FE01FF0000000000000000000000000000000000000000000000000000000000000000000000000000000000000000000000000000000000000000000000000000000000CC01FF000000003F0D000000010000004E000000
ruRU/patch-ruRU-4.mpq,BarberShopStyle,5720,13,0xD,160,40,591600000200000000000000000000000000000000000000000000000000000000000000000000000000000000000000000000000000000000000000000000000000000000000000FE01FF0000000000000000000000000000000000000000000000000000000000000000000000000000000000000000000000000000000000000000000000000000000000CC01FF000000003F0D000000010000004F000000
ruRU/patch-ruRU-4.mpq,BarberShopStyle,5721,13,0xD,160,40,5A1600000200000000000000000000000000000000000000000000000000000000000000000000000000000000000000000000000000000000000000000000000000000000000000FE01FF0000000000000000000000000000000000000000000000000000000000000000000000000000000000000000000000000000000000000000000000000000000000CC01FF000000003F0D0000000100000050000000
ruRU/patch-ruRU-4.mpq,BarberShopStyle,5722,13,0xD,160,40,5B1600000200000000000000000000000000000000000000000000000000000000000000000000000000000000000000000000000000000000000000000000000000000000000000FE01FF0000000000000000000000000000000000000000000000000000000000000000000000000000000000000000000000000000000000000000000000000000000000CC01FF000000003F0D0000000100000051000000
ruRU/patch-ruRU-4.mpq,BarberShopStyle,5723,13,0xD,160,40,5C1600000200000000000000000000000000000000000000000000000000000000000000000000000000000000000000000000000000000000000000000000000000000000000000FE01FF0000000000000000000000000000000000000000000000000000000000000000000000000000000000000000000000000000000000000000000000000000000000CC01FF000000003F0D0000000100000052000000
ruRU/patch-ruRU-4.mpq,BarberShopStyle,5724,13,0xD,160,40,5D1600000200000000000000000000000000000000000000000000000000000000000000000000000000000000000000000000000000000000000000000000000000000000000000FE01FF0000000000000000000000000000000000000000000000000000000000000000000000000000000000000000000000000000000000000000000000000000000000CC01FF000000003F0D0000000100000053000000
ruRU/patch-ruRU-4.mpq,BarberShopStyle,5725,13,0xD,160,40,5E1600000200000000000000000000000000000000000000000000000000000000000000000000000000000000000000000000000000000000000000000000000000000000000000FE01FF0000000000000000000000000000000000000000000000000000000000000000000000000000000000000000000000000000000000000000000000000000000000CC01FF000000003F0D0000000100000054000000
ruRU/patch-ruRU-4.mpq,BarberShopStyle,5726,13,0xD,160,40,5F1600000200000000000000000000000000000000000000000000000000000000000000000000000000000000000000000000000000000000000000000000000000000000000000FE01FF0000000000000000000000000000000000000000000000000000000000000000000000000000000000000000000000000000000000000000000000000000000000CC01FF000000003F0D0000000100000055000000
ruRU/patch-ruRU-4.mpq,BarberShopStyle,5727,13,0xD,160,40,601600000200000000000000000000000000000000000000000000000000000000000000000000000000000000000000000000000000000000000000000000000000000000000000FE01FF0000000000000000000000000000000000000000000000000000000000000000000000000000000000000000000000000000000000000000000000000000000000CC01FF000000003F0D0000000100000056000000
ruRU/patch-ruRU-4.mpq,BarberShopStyle,5728,13,0xD,160,40,611600000200000000000000000000000000000000000000000000000000000000000000000000000000000000000000000000000000000000000000000000000000000000000000FE01FF0000000000000000000000000000000000000000000000000000000000000000000000000000000000000000000000000000000000000000000000000000000000CC01FF000000003F0D0000000100000057000000
ruRU/patch-ruRU-4.mpq,BarberShopStyle,5729,13,0xD,160,40,621600000200000000000000000000000000000000000000000000000000000000000000000000000000000000000000000000000000000000000000000000000000000000000000FE01FF0000000000000000000000000000000000000000000000000000000000000000000000000000000000000000000000000000000000000000000000000000000000CC01FF000000003F0D0000000100000058000000
ruRU/patch-ruRU-4.mpq,BarberShopStyle,5730,13,0xD,160,40,631600000200000000000000000000000000000000000000000000000000000000000000000000000000000000000000000000000000000000000000000000000000000000000000FE01FF0000000000000000000000000000000000000000000000000000000000000000000000000000000000000000000000000000000000000000000000000000000000CC01FF000000003F0D0000000100000059000000
ruRU/patch-ruRU-4.mpq,BarberShopStyle,5731,13,0xD,160,40,641600000200000000000000000000000000000000000000000000000000000000000000000000000000000000000000000000000000000000000000000000000000000000000000FE01FF0000000000000000000000000000000000000000000000000000000000000000000000000000000000000000000000000000000000000000000000000000000000CC01FF000000003F0D000000010000005A000000
ruRU/patch-ruRU-4.mpq,BarberShopStyle,5732,13,0xD,160,40,651600000200000000000000000000000000000000000000000000000000000000000000000000000000000000000000000000000000000000000000000000000000000000000000FE01FF0000000000000000000000000000000000000000000000000000000000000000000000000000000000000000000000000000000000000000000000000000000000CC01FF000000003F0D000000010000005B000000
ruRU/patch-ruRU-4.mpq,BarberShopStyle,5733,13,0xD,160,40,661600000200000000000000000000000000000000000000000000000000000000000000000000000000000000000000000000000000000000000000000000000000000000000000FE01FF0000000000000000000000000000000000000000000000000000000000000000000000000000000000000000000000000000000000000000000000000000000000CC01FF000000003F0D000000010000005C000000
ruRU/patch-ruRU-4.mpq,BarberShopStyle,5734,13,0xD,160,40,671600000200000000000000000000000000000000000000000000000000000000000000000000000000000000000000000000000000000000000000000000000000000000000000FE01FF0000000000000000000000000000000000000000000000000000000000000000000000000000000000000000000000000000000000000000000000000000000000CC01FF000000003F0D000000010000005D000000
ruRU/patch-ruRU-4.mpq,BarberShopStyle,5735,13,0xD,160,40,681600000200000000000000000000000000000000000000000000000000000000000000000000000000000000000000000000000000000000000000000000000000000000000000FE01FF0000000000000000000000000000000000000000000000000000000000000000000000000000000000000000000000000000000000000000000000000000000000CC01FF000000003F0D000000010000005E000000
ruRU/patch-ruRU-4.mpq,BarberShopStyle,5736,13,0xD,160,40,691600000200000000000000000000000000000000000000000000000000000000000000000000000000000000000000000000000000000000000000000000000000000000000000FE01FF0000000000000000000000000000000000000000000000000000000000000000000000000000000000000000000000000000000000000000000000000000000000CC01FF000000003F0D000000010000005F000000
ruRU/patch-ruRU-4.mpq,BarberShopStyle,5737,13,0xD,160,40,6A1600000200000000000000000000000000000000000000000000000000000000000000000000000000000000000000000000000000000000000000000000000000000000000000FE01FF0000000000000000000000000000000000000000000000000000000000000000000000000000000000000000000000000000000000000000000000000000000000CC01FF000000003F0D0000000100000060000000
ruRU/patch-ruRU-4.mpq,BarberShopStyle,5738,13,0xD,160,40,6B1600000200000000000000000000000000000000000000000000000000000000000000000000000000000000000000000000000000000000000000000000000000000000000000FE01FF0000000000000000000000000000000000000000000000000000000000000000000000000000000000000000000000000000000000000000000000000000000000CC01FF000000003F0D0000000100000061000000
ruRU/patch-ruRU-4.mpq,BarberShopStyle,5739,13,0xD,160,40,6C1600000200000000000000000000000000000000000000000000000000000000000000000000000000000000000000000000000000000000000000000000000000000000000000FE01FF0000000000000000000000000000000000000000000000000000000000000000000000000000000000000000000000000000000000000000000000000000000000CC01FF000000003F0D0000000100000062000000
ruRU/patch-ruRU-4.mpq,BarberShopStyle,5740,13,0xD,160,40,6D1600000200000000000000000000000000000000000000000000000000000000000000000000000000000000000000000000000000000000000000000000000000000000000000FE01FF0000000000000000000000000000000000000000000000000000000000000000000000000000000000000000000000000000000000000000000000000000000000CC01FF000000003F0D0000000100000063000000
ruRU/patch-ruRU-4.mpq,BarberShopStyle,5741,13,0xD,160,40,6E1600000200000000000000000000000000000000000000000000000000000000000000000000000000000000000000000000000000000000000000000000000000000000000000FE01FF0000000000000000000000000000000000000000000000000000000000000000000000000000000000000000000000000000000000000000000000000000000000CC01FF000000003F0D0000000100000064000000
ruRU/patch-ruRU-4.mpq,BarberShopStyle,5742,13,0xD,160,40,6F1600000200000000000000000000000000000000000000000000000000000000000000000000000000000000000000000000000000000000000000000000000000000000000000FE01FF0000000000000000000000000000000000000000000000000000000000000000000000000000000000000000000000000000000000000000000000000000000000CC01FF000000003F0D0000000100000065000000
ruRU/patch-ruRU-4.mpq,BarberShopStyle,5743,13,0xD,160,40,701600000200000000000000000000000000000000000000000000000000000000000000000000000000000000000000000000000000000000000000000000000000000000000000FE01FF0000000000000000000000000000000000000000000000000000000000000000000000000000000000000000000000000000000000000000000000000000000000CC01FF000000003F0D0000000100000066000000
ruRU/patch-ruRU-4.mpq,BarberShopStyle,5744,13,0xD,160,40,711600000200000000000000000000000000000000000000000000000000000000000000000000000000000000000000000000000000000000000000000000000000000000000000FE01FF0000000000000000000000000000000000000000000000000000000000000000000000000000000000000000000000000000000000000000000000000000000000CC01FF000000003F0D0000000100000067000000
ruRU/patch-ruRU-4.mpq,BarberShopStyle,5745,13,0xD,160,40,721600000200000000000000000000000000000000000000000000000000000000000000000000000000000000000000000000000000000000000000000000000000000000000000FE01FF0000000000000000000000000000000000000000000000000000000000000000000000000000000000000000000000000000000000000000000000000000000000CC01FF000000003F0D0000000100000068000000
ruRU/patch-ruRU-4.mpq,BarberShopStyle,5746,13,0xD,160,40,731600000200000000000000000000000000000000000000000000000000000000000000000000000000000000000000000000000000000000000000000000000000000000000000FE01FF0000000000000000000000000000000000000000000000000000000000000000000000000000000000000000000000000000000000000000000000000000000000CC01FF000000003F0D0000000100000069000000
ruRU/patch-ruRU-4.mpq,BarberShopStyle,5747,13,0xD,160,40,741600000200000000000000000000000000000000000000000000000000000000000000000000000000000000000000000000000000000000000000000000000000000000000000FE01FF0000000000000000000000000000000000000000000000000000000000000000000000000000000000000000000000000000000000000000000000000000000000CC01FF000000003F0D000000010000006A000000
ruRU/patch-ruRU-4.mpq,BarberShopStyle,5748,13,0xD,160,40,751600000200000000000000000000000000000000000000000000000000000000000000000000000000000000000000000000000000000000000000000000000000000000000000FE01FF0000000000000000000000000000000000000000000000000000000000000000000000000000000000000000000000000000000000000000000000000000000000CC01FF000000003F0D000000010000006B000000
ruRU/patch-ruRU-4.mpq,BarberShopStyle,5749,13,0xD,160,40,761600000200000000000000000000000000000000000000000000000000000000000000000000000000000000000000000000000000000000000000000000000000000000000000FE01FF0000000000000000000000000000000000000000000000000000000000000000000000000000000000000000000000000000000000000000000000000000000000CC01FF000000003F0D000000010000006C000000
ruRU/patch-ruRU-4.mpq,BarberShopStyle,5750,13,0xD,160,40,771600000200000000000000000000000000000000000000000000000000000000000000000000000000000000000000000000000000000000000000000000000000000000000000FE01FF0000000000000000000000000000000000000000000000000000000000000000000000000000000000000000000000000000000000000000000000000000000000CC01FF000000003F0D000000010000006D000000
ruRU/patch-ruRU-4.mpq,BarberShopStyle,5751,13,0xD,160,40,781600000200000000000000000000000000000000000000000000000000000000000000000000000000000000000000000000000000000000000000000000000000000000000000FE01FF0000000000000000000000000000000000000000000000000000000000000000000000000000000000000000000000000000000000000000000000000000000000CC01FF000000003F0D000000010000006E000000
ruRU/patch-ruRU-4.mpq,BarberShopStyle,5752,13,0xD,160,40,791600000200000000000000000000000000000000000000000000000000000000000000000000000000000000000000000000000000000000000000000000000000000000000000FE01FF0000000000000000000000000000000000000000000000000000000000000000000000000000000000000000000000000000000000000000000000000000000000CC01FF000000003F0D000000010000006F000000
ruRU/patch-ruRU-4.mpq,BarberShopStyle,5753,13,0xD,160,40,7A1600000200000000000000000000000000000000000000000000000000000000000000000000000000000000000000000000000000000000000000000000000000000000000000FE01FF0000000000000000000000000000000000000000000000000000000000000000000000000000000000000000000000000000000000000000000000000000000000CC01FF000000003F0D0000000100000070000000
ruRU/patch-ruRU-4.mpq,BarberShopStyle,5754,13,0xD,160,40,7B1600000200000000000000000000000000000000000000000000000000000000000000000000000000000000000000000000000000000000000000000000000000000000000000FE01FF0000000000000000000000000000000000000000000000000000000000000000000000000000000000000000000000000000000000000000000000000000000000CC01FF000000003F0D0000000100000071000000
ruRU/patch-ruRU-4.mpq,BarberShopStyle,5755,13,0xD,160,40,7C1600000200000000000000000000000000000000000000000000000000000000000000000000000000000000000000000000000000000000000000000000000000000000000000FE01FF0000000000000000000000000000000000000000000000000000000000000000000000000000000000000000000000000000000000000000000000000000000000CC01FF000000003F0D0000000100000072000000
ruRU/patch-ruRU-4.mpq,BarberShopStyle,5756,13,0xD,160,40,7D1600000200000000000000000000000000000000000000000000000000000000000000000000000000000000000000000000000000000000000000000000000000000000000000FE01FF0000000000000000000000000000000000000000000000000000000000000000000000000000000000000000000000000000000000000000000000000000000000CC01FF000000003F0D0000000100000073000000
ruRU/patch-ruRU-4.mpq,BarberShopStyle,5757,13,0xD,160,40,7E1600000200000000000000000000000000000000000000000000000000000000000000000000000000000000000000000000000000000000000000000000000000000000000000FE01FF0000000000000000000000000000000000000000000000000000000000000000000000000000000000000000000000000000000000000000000000000000000000CC01FF000000003F0D0000000100000074000000
ruRU/patch-ruRU-4.mpq,BarberShopStyle,5758,13,0xD,160,40,7F1600000200000000000000000000000000000000000000000000000000000000000000000000000000000000000000000000000000000000000000000000000000000000000000FE01FF0000000000000000000000000000000000000000000000000000000000000000000000000000000000000000000000000000000000000000000000000000000000CC01FF000000003F0D0000000100000075000000
ruRU/patch-ruRU-4.mpq,BarberShopStyle,5759,13,0xD,160,40,801600000200000000000000000000000000000000000000000000000000000000000000000000000000000000000000000000000000000000000000000000000000000000000000FE01FF0000000000000000000000000000000000000000000000000000000000000000000000000000000000000000000000000000000000000000000000000000000000CC01FF000000003F0D0000000100000076000000
ruRU/patch-ruRU-4.mpq,BarberShopStyle,5760,13,0xD,160,40,811600000200000000000000000000000000000000000000000000000000000000000000000000000000000000000000000000000000000000000000000000000000000000000000FE01FF0000000000000000000000000000000000000000000000000000000000000000000000000000000000000000000000000000000000000000000000000000000000CC01FF000000003F0D0000000100000077000000
ruRU/patch-ruRU-4.mpq,BarberShopStyle,5761,13,0xD,160,40,821600000200000000000000000000000000000000000000000000000000000000000000000000000000000000000000000000000000000000000000000000000000000000000000FE01FF0000000000000000000000000000000000000000000000000000000000000000000000000000000000000000000000000000000000000000000000000000000000CC01FF000000003F0D0000000100000078000000
ruRU/patch-ruRU-4.mpq,BarberShopStyle,5762,13,0xD,160,40,831600000200000000000000000000000000000000000000000000000000000000000000000000000000000000000000000000000000000000000000000000000000000000000000FE01FF0000000000000000000000000000000000000000000000000000000000000000000000000000000000000000000000000000000000000000000000000000000000CC01FF000000003F0D0000000100000079000000
ruRU/patch-ruRU-4.mpq,BarberShopStyle,5763,13,0xD,160,40,841600000200000000000000000000000000000000000000000000000000000000000000000000000000000000000000000000000000000000000000000000000000000000000000FE01FF0000000000000000000000000000000000000000000000000000000000000000000000000000000000000000000000000000000000000000000000000000000000CC01FF000000003F0D000000010000007A000000
ruRU/patch-ruRU-4.mpq,BarberShopStyle,5764,13,0xD,160,40,851600000200000000000000000000000000000000000000000000000000000000000000000000000000000000000000000000000000000000000000000000000000000000000000FE01FF0000000000000000000000000000000000000000000000000000000000000000000000000000000000000000000000000000000000000000000000000000000000CC01FF000000003F0D000000010000007B000000
ruRU/patch-ruRU-4.mpq,BarberShopStyle,5765,13,0xD,160,40,861600000200000000000000000000000000000000000000000000000000000000000000000000000000000000000000000000000000000000000000000000000000000000000000FE01FF0000000000000000000000000000000000000000000000000000000000000000000000000000000000000000000000000000000000000000000000000000000000CC01FF000000003F0D000000010000007C000000
ruRU/patch-ruRU-4.mpq,BarberShopStyle,5766,13,0xD,160,40,871600000200000000000000000000000000000000000000000000000000000000000000000000000000000000000000000000000000000000000000000000000000000000000000FE01FF0000000000000000000000000000000000000000000000000000000000000000000000000000000000000000000000000000000000000000000000000000000000CC01FF000000003F0D000000010000007D000000
ruRU/patch-ruRU-4.mpq,BarberShopStyle,5767,13,0xD,160,40,881600000200000000000000000000000000000000000000000000000000000000000000000000000000000000000000000000000000000000000000000000000000000000000000FE01FF0000000000000000000000000000000000000000000000000000000000000000000000000000000000000000000000000000000000000000000000000000000000CC01FF000000003F0D000000010000007E000000
ruRU/patch-ruRU-4.mpq,BarberShopStyle,5768,13,0xD,160,40,891600000200000000000000000000000000000000000000000000000000000000000000000000000000000000000000000000000000000000000000000000000000000000000000FE01FF0000000000000000000000000000000000000000000000000000000000000000000000000000000000000000000000000000000000000000000000000000000000CC01FF000000003F0D000000010000007F000000
ruRU/patch-ruRU-4.mpq,BarberShopStyle,5769,13,0xD,160,40,8A1600000200000000000000000000000000000000000000000000000000000000000000000000000000000000000000000000000000000000000000000000000000000000000000FE01FF0000000000000000000000000000000000000000000000000000000000000000000000000000000000000000000000000000000000000000000000000000000000CC01FF000000003F0D0000000100000080000000
ruRU/patch-ruRU-4.mpq,BarberShopStyle,5770,13,0xD,160,40,8B1600000200000000000000000000000000000000000000000000000000000000000000000000000000000000000000000000000000000000000000000000000000000000000000FE01FF0000000000000000000000000000000000000000000000000000000000000000000000000000000000000000000000000000000000000000000000000000000000CC01FF000000003F0D0000000100000081000000
ruRU/patch-ruRU-4.mpq,BarberShopStyle,5771,13,0xD,160,40,8C1600000200000000000000000000000000000000000000000000000000000000000000000000000000000000000000000000000000000000000000000000000000000000000000FE01FF0000000000000000000000000000000000000000000000000000000000000000000000000000000000000000000000000000000000000000000000000000000000CC01FF000000003F0D0000000100000082000000
ruRU/patch-ruRU-4.mpq,BarberShopStyle,5772,13,0xD,160,40,8D1600000200000000000000000000000000000000000000000000000000000000000000000000000000000000000000000000000000000000000000000000000000000000000000FE01FF0000000000000000000000000000000000000000000000000000000000000000000000000000000000000000000000000000000000000000000000000000000000CC01FF000000003F0D0000000100000083000000
ruRU/patch-ruRU-4.mpq,BarberShopStyle,5773,13,0xD,160,40,8E1600000200000000000000000000000000000000000000000000000000000000000000000000000000000000000000000000000000000000000000000000000000000000000000FE01FF0000000000000000000000000000000000000000000000000000000000000000000000000000000000000000000000000000000000000000000000000000000000CC01FF000000003F0D0000000100000084000000
ruRU/patch-ruRU-4.mpq,BarberShopStyle,5774,13,0xD,160,40,8F1600000200000000000000000000000000000000000000000000000000000000000000000000000000000000000000000000000000000000000000000000000000000000000000FE01FF0000000000000000000000000000000000000000000000000000000000000000000000000000000000000000000000000000000000000000000000000000000000CC01FF000000003F0D0000000100000085000000
ruRU/patch-ruRU-4.mpq,BarberShopStyle,5775,13,0xD,160,40,901600000200000000000000000000000000000000000000000000000000000000000000000000000000000000000000000000000000000000000000000000000000000000000000FE01FF0000000000000000000000000000000000000000000000000000000000000000000000000000000000000000000000000000000000000000000000000000000000CC01FF000000003F0D0000000100000086000000
ruRU/patch-ruRU-4.mpq,BarberShopStyle,5776,13,0xD,160,40,911600000200000000000000000000000000000000000000000000000000000000000000000000000000000000000000000000000000000000000000000000000000000000000000FE01FF0000000000000000000000000000000000000000000000000000000000000000000000000000000000000000000000000000000000000000000000000000000000CC01FF000000003F0D0000000100000087000000
ruRU/patch-ruRU-4.mpq,BarberShopStyle,5777,13,0xD,160,40,921600000200000000000000000000000000000000000000000000000000000000000000000000000000000000000000000000000000000000000000000000000000000000000000FE01FF0000000000000000000000000000000000000000000000000000000000000000000000000000000000000000000000000000000000000000000000000000000000CC01FF000000003F0D0000000100000088000000
ruRU/patch-ruRU-4.mpq,BarberShopStyle,5778,13,0xD,160,40,931600000200000000000000000000000000000000000000000000000000000000000000000000000000000000000000000000000000000000000000000000000000000000000000FE01FF0000000000000000000000000000000000000000000000000000000000000000000000000000000000000000000000000000000000000000000000000000000000CC01FF000000003F0D0000000100000089000000
ruRU/patch-ruRU-4.mpq,BarberShopStyle,5779,13,0xD,160,40,941600000200000000000000000000000000000000000000000000000000000000000000000000000000000000000000000000000000000000000000000000000000000000000000FE01FF0000000000000000000000000000000000000000000000000000000000000000000000000000000000000000000000000000000000000000000000000000000000CC01FF000000003F0D000000010000008A000000
ruRU/patch-ruRU-4.mpq,BarberShopStyle,5780,13,0xD,160,40,951600000200000000000000000000000000000000000000000000000000000000000000000000000000000000000000000000000000000000000000000000000000000000000000FE01FF0000000000000000000000000000000000000000000000000000000000000000000000000000000000000000000000000000000000000000000000000000000000CC01FF000000003F0D000000010000008B000000
ruRU/patch-ruRU-4.mpq,BarberShopStyle,5781,13,0xD,160,40,961600000200000000000000000000000000000000000000000000000000000000000000000000000000000000000000000000000000000000000000000000000000000000000000FE01FF0000000000000000000000000000000000000000000000000000000000000000000000000000000000000000000000000000000000000000000000000000000000CC01FF000000003F0D000000010000008C000000
ruRU/patch-ruRU-4.mpq,BarberShopStyle,5782,13,0xD,160,40,971600000200000000000000000000000000000000000000000000000000000000000000000000000000000000000000000000000000000000000000000000000000000000000000FE01FF0000000000000000000000000000000000000000000000000000000000000000000000000000000000000000000000000000000000000000000000000000000000CC01FF000000003F0D000000010000008D000000
ruRU/patch-ruRU-4.mpq,BarberShopStyle,5783,13,0xD,160,40,981600000200000000000000000000000000000000000000000000000000000000000000000000000000000000000000000000000000000000000000000000000000000000000000FE01FF0000000000000000000000000000000000000000000000000000000000000000000000000000000000000000000000000000000000000000000000000000000000CC01FF000000003F0D000000010000008E000000
ruRU/patch-ruRU-4.mpq,BarberShopStyle,5784,13,0xD,160,40,991600000200000000000000000000000000000000000000000000000000000000000000000000000000000000000000000000000000000000000000000000000000000000000000FE01FF0000000000000000000000000000000000000000000000000000000000000000000000000000000000000000000000000000000000000000000000000000000000CC01FF000000003F0D000000010000008F000000
ruRU/patch-ruRU-4.mpq,BarberShopStyle,5785,13,0xD,160,40,9A1600000200000000000000000000000000000000000000000000000000000000000000000000000000000000000000000000000000000000000000000000000000000000000000FE01FF0000000000000000000000000000000000000000000000000000000000000000000000000000000000000000000000000000000000000000000000000000000000CC01FF000000003F0D0000000100000090000000
ruRU/patch-ruRU-4.mpq,BarberShopStyle,5786,13,0xD,160,40,9B1600000200000000000000000000000000000000000000000000000000000000000000000000000000000000000000000000000000000000000000000000000000000000000000FE01FF0000000000000000000000000000000000000000000000000000000000000000000000000000000000000000000000000000000000000000000000000000000000CC01FF000000003F0D0000000100000091000000
ruRU/patch-ruRU-4.mpq,BarberShopStyle,5787,13,0xD,160,40,9C1600000200000000000000000000000000000000000000000000000000000000000000000000000000000000000000000000000000000000000000000000000000000000000000FE01FF0000000000000000000000000000000000000000000000000000000000000000000000000000000000000000000000000000000000000000000000000000000000CC01FF000000003F0D0000000100000092000000
ruRU/patch-ruRU-4.mpq,BarberShopStyle,5788,13,0xD,160,40,9D1600000200000000000000000000000000000000000000000000000000000000000000000000000000000000000000000000000000000000000000000000000000000000000000FE01FF0000000000000000000000000000000000000000000000000000000000000000000000000000000000000000000000000000000000000000000000000000000000CC01FF000000003F0D0000000100000093000000
ruRU/patch-ruRU-4.mpq,BarberShopStyle,5789,13,0xD,160,40,9E1600000200000000000000000000000000000000000000000000000000000000000000000000000000000000000000000000000000000000000000000000000000000000000000FE01FF0000000000000000000000000000000000000000000000000000000000000000000000000000000000000000000000000000000000000000000000000000000000CC01FF000000003F0D0000000100000094000000
ruRU/patch-ruRU-4.mpq,BarberShopStyle,5790,13,0xD,160,40,9F1600000200000000000000000000000000000000000000000000000000000000000000000000000000000000000000000000000000000000000000000000000000000000000000FE01FF0000000000000000000000000000000000000000000000000000000000000000000000000000000000000000000000000000000000000000000000000000000000CC01FF000000003F0D0000000100000095000000
ruRU/patch-ruRU-4.mpq,BarberShopStyle,5791,13,0xD,160,40,A01600000200000000000000000000000000000000000000000000000000000000000000000000000000000000000000000000000000000000000000000000000000000000000000FE01FF0000000000000000000000000000000000000000000000000000000000000000000000000000000000000000000000000000000000000000000000000000000000CC01FF000000003F0D0000000100000096000000
ruRU/patch-ruRU-4.mpq,BarberShopStyle,5792,13,0xD,160,40,A11600000200000000000000000000000000000000000000000000000000000000000000000000000000000000000000000000000000000000000000000000000000000000000000FE01FF0000000000000000000000000000000000000000000000000000000000000000000000000000000000000000000000000000000000000000000000000000000000CC01FF000000003F0D0000000100000097000000
ruRU/patch-ruRU-4.mpq,BarberShopStyle,5793,13,0xD,160,40,A21600000200000000000000000000000000000000000000000000000000000000000000000000000000000000000000000000000000000000000000000000000000000000000000FE01FF0000000000000000000000000000000000000000000000000000000000000000000000000000000000000000000000000000000000000000000000000000000000CC01FF000000003F0D0000000100000098000000
ruRU/patch-ruRU-4.mpq,BarberShopStyle,5794,13,0xD,160,40,A31600000200000000000000000000000000000000000000000000000000000000000000000000000000000000000000000000000000000000000000000000000000000000000000FE01FF0000000000000000000000000000000000000000000000000000000000000000000000000000000000000000000000000000000000000000000000000000000000CC01FF000000003F0D0000000100000099000000
ruRU/patch-ruRU-4.mpq,BarberShopStyle,5795,13,0xD,160,40,A41600000200000000000000000000000000000000000000000000000000000000000000000000000000000000000000000000000000000000000000000000000000000000000000FE01FF0000000000000000000000000000000000000000000000000000000000000000000000000000000000000000000000000000000000000000000000000000000000CC01FF000000003F0D000000010000009A000000
ruRU/patch-ruRU-4.mpq,BarberShopStyle,5796,13,0xD,160,40,A51600000200000000000000000000000000000000000000000000000000000000000000000000000000000000000000000000000000000000000000000000000000000000000000FE01FF0000000000000000000000000000000000000000000000000000000000000000000000000000000000000000000000000000000000000000000000000000000000CC01FF000000003F0D000000010000009B000000
ruRU/patch-ruRU-4.mpq,BarberShopStyle,5797,13,0xD,160,40,A61600000200000000000000000000000000000000000000000000000000000000000000000000000000000000000000000000000000000000000000000000000000000000000000FE01FF0000000000000000000000000000000000000000000000000000000000000000000000000000000000000000000000000000000000000000000000000000000000CC01FF000000003F0D000000010000009C000000
ruRU/patch-ruRU-4.mpq,BarberShopStyle,5798,13,0xD,160,40,A71600000200000000000000000000000000000000000000000000000000000000000000000000000000000000000000000000000000000000000000000000000000000000000000FE01FF0000000000000000000000000000000000000000000000000000000000000000000000000000000000000000000000000000000000000000000000000000000000CC01FF000000003F0D000000010000009D000000
ruRU/patch-ruRU-4.mpq,BarberShopStyle,5799,13,0xD,160,40,A81600000200000000000000000000000000000000000000000000000000000000000000000000000000000000000000000000000000000000000000000000000000000000000000FE01FF0000000000000000000000000000000000000000000000000000000000000000000000000000000000000000000000000000000000000000000000000000000000CC01FF000000003F0D000000010000009E000000
ruRU/patch-ruRU-4.mpq,BarberShopStyle,5800,13,0xD,160,40,A91600000200000000000000000000000000000000000000000000000000000000000000000000000000000000000000000000000000000000000000000000000000000000000000FE01FF0000000000000000000000000000000000000000000000000000000000000000000000000000000000000000000000000000000000000000000000000000000000CC01FF000000003F0D000000010000009F000000
ruRU/patch-ruRU-4.mpq,BarberShopStyle,5801,13,0xD,160,40,AA1600000200000000000000000000000000000000000000000000000000000000000000000000000000000000000000000000000000000000000000000000000000000000000000FE01FF0000000000000000000000000000000000000000000000000000000000000000000000000000000000000000000000000000000000000000000000000000000000CC01FF000000003F0D00000001000000A0000000
ruRU/patch-ruRU-4.mpq,BarberShopStyle,5802,13,0xD,160,40,AB1600000200000000000000000000000000000000000000000000000000000000000000000000000000000000000000000000000000000000000000000000000000000000000000FE01FF0000000000000000000000000000000000000000000000000000000000000000000000000000000000000000000000000000000000000000000000000000000000CC01FF000000003F0D00000001000000A1000000
ruRU/patch-ruRU-4.mpq,BarberShopStyle,5803,13,0xD,160,40,AC1600000200000000000000000000000000000000000000000000000000000000000000000000000000000000000000000000000000000000000000000000000000000000000000FE01FF0000000000000000000000000000000000000000000000000000000000000000000000000000000000000000000000000000000000000000000000000000000000CC01FF000000003F0D00000001000000A2000000
ruRU/patch-ruRU-4.mpq,BarberShopStyle,5804,13,0xD,160,40,AD1600000200000000000000000000000000000000000000000000000000000000000000000000000000000000000000000000000000000000000000000000000000000000000000FE01FF0000000000000000000000000000000000000000000000000000000000000000000000000000000000000000000000000000000000000000000000000000000000CC01FF000000003F0D00000001000000A3000000
ruRU/patch-ruRU-4.mpq,BarberShopStyle,5805,13,0xD,160,40,AE1600000200000000000000000000000000000000000000000000000000000000000000000000000000000000000000000000000000000000000000000000000000000000000000FE01FF0000000000000000000000000000000000000000000000000000000000000000000000000000000000000000000000000000000000000000000000000000000000CC01FF000000003F0D00000001000000A4000000
ruRU/patch-ruRU-4.mpq,BarberShopStyle,5806,13,0xD,160,40,AF1600000200000000000000000000000000000000000000000000000000000000000000000000000000000000000000000000000000000000000000000000000000000000000000FE01FF0000000000000000000000000000000000000000000000000000000000000000000000000000000000000000000000000000000000000000000000000000000000CC01FF000000003F0D00000001000000A5000000
ruRU/patch-ruRU-4.mpq,BarberShopStyle,5807,13,0xD,160,40,B01600000200000000000000000000000000000000000000000000000000000000000000000000000000000000000000000000000000000000000000000000000000000000000000FE01FF0000000000000000000000000000000000000000000000000000000000000000000000000000000000000000000000000000000000000000000000000000000000CC01FF000000003F0D00000001000000A6000000
ruRU/patch-ruRU-4.mpq,BarberShopStyle,5808,13,0xD,160,40,B11600000200000000000000000000000000000000000000000000000000000000000000000000000000000000000000000000000000000000000000000000000000000000000000FE01FF0000000000000000000000000000000000000000000000000000000000000000000000000000000000000000000000000000000000000000000000000000000000CC01FF000000003F0D00000001000000A7000000
ruRU/patch-ruRU-4.mpq,BarberShopStyle,5809,13,0xD,160,40,B21600000200000000000000000000000000000000000000000000000000000000000000000000000000000000000000000000000000000000000000000000000000000000000000FE01FF0000000000000000000000000000000000000000000000000000000000000000000000000000000000000000000000000000000000000000000000000000000000CC01FF000000003F0D00000001000000A8000000
ruRU/patch-ruRU-4.mpq,BarberShopStyle,5810,13,0xD,160,40,B31600000200000000000000000000000000000000000000000000000000000000000000000000000000000000000000000000000000000000000000000000000000000000000000FE01FF0000000000000000000000000000000000000000000000000000000000000000000000000000000000000000000000000000000000000000000000000000000000CC01FF000000003F0D00000001000000A9000000
ruRU/patch-ruRU-4.mpq,BarberShopStyle,5811,13,0xD,160,40,B41600000200000000000000000000000000000000000000000000000000000000000000000000000000000000000000000000000000000000000000000000000000000000000000FE01FF0000000000000000000000000000000000000000000000000000000000000000000000000000000000000000000000000000000000000000000000000000000000CC01FF000000003F0D00000001000000AA000000
ruRU/patch-ruRU-4.mpq,BarberShopStyle,5812,13,0xD,160,40,B51600000200000000000000000000000000000000000000000000000000000000000000000000000000000000000000000000000000000000000000000000000000000000000000FE01FF0000000000000000000000000000000000000000000000000000000000000000000000000000000000000000000000000000000000000000000000000000000000CC01FF000000003F0D00000001000000AB000000
ruRU/patch-ruRU-4.mpq,BarberShopStyle,5813,13,0xD,160,40,B61600000200000000000000000000000000000000000000000000000000000000000000000000000000000000000000000000000000000000000000000000000000000000000000FE01FF0000000000000000000000000000000000000000000000000000000000000000000000000000000000000000000000000000000000000000000000000000000000CC01FF000000003F0D00000001000000AC000000
ruRU/patch-ruRU-4.mpq,BarberShopStyle,5814,13,0xD,160,40,B71600000200000000000000000000000000000000000000000000000000000000000000000000000000000000000000000000000000000000000000000000000000000000000000FE01FF0000000000000000000000000000000000000000000000000000000000000000000000000000000000000000000000000000000000000000000000000000000000CC01FF000000003F0D00000001000000AD000000
ruRU/patch-ruRU-4.mpq,BarberShopStyle,5815,13,0xD,160,40,B81600000200000000000000000000000000000000000000000000000000000000000000000000000000000000000000000000000000000000000000000000000000000000000000FE01FF0000000000000000000000000000000000000000000000000000000000000000000000000000000000000000000000000000000000000000000000000000000000CC01FF000000003F0D00000001000000AE000000
ruRU/patch-ruRU-4.mpq,BarberShopStyle,5816,13,0xD,160,40,B91600000200000000000000000000000000000000000000000000000000000000000000000000000000000000000000000000000000000000000000000000000000000000000000FE01FF0000000000000000000000000000000000000000000000000000000000000000000000000000000000000000000000000000000000000000000000000000000000CC01FF000000003F0D00000001000000AF000000
ruRU/patch-ruRU-4.mpq,BarberShopStyle,5817,13,0xD,160,40,BA1600000200000000000000000000000000000000000000000000000000000000000000000000000000000000000000000000000000000000000000000000000000000000000000FE01FF0000000000000000000000000000000000000000000000000000000000000000000000000000000000000000000000000000000000000000000000000000000000CC01FF000000003F0D00000001000000B0000000
ruRU/patch-ruRU-4.mpq,BarberShopStyle,5818,13,0xD,160,40,BB1600000200000000000000000000000000000000000000000000000000000000000000000000000000000000000000000000000000000000000000000000000000000000000000FE01FF0000000000000000000000000000000000000000000000000000000000000000000000000000000000000000000000000000000000000000000000000000000000CC01FF000000003F0D00000001000000B1000000
ruRU/patch-ruRU-4.mpq,BarberShopStyle,5819,13,0xD,160,40,BC1600000200000000000000000000000000000000000000000000000000000000000000000000000000000000000000000000000000000000000000000000000000000000000000FE01FF0000000000000000000000000000000000000000000000000000000000000000000000000000000000000000000000000000000000000000000000000000000000CC01FF000000003F0D00000001000000B2000000
ruRU/patch-ruRU-4.mpq,BarberShopStyle,5820,13,0xD,160,40,BD1600000200000000000000000000000000000000000000000000000000000000000000000000000000000000000000000000000000000000000000000000000000000000000000FE01FF0000000000000000000000000000000000000000000000000000000000000000000000000000000000000000000000000000000000000000000000000000000000CC01FF000000003F0D00000001000000B3000000
ruRU/patch-ruRU-4.mpq,BarberShopStyle,5821,13,0xD,160,40,BE1600000200000000000000000000000000000000000000000000000000000000000000000000000000000000000000000000000000000000000000000000000000000000000000FE01FF0000000000000000000000000000000000000000000000000000000000000000000000000000000000000000000000000000000000000000000000000000000000CC01FF000000003F0D00000001000000B4000000
ruRU/patch-ruRU-4.mpq,BarberShopStyle,5822,13,0xD,160,40,BF1600000200000000000000000000000000000000000000000000000000000000000000000000000000000000000000000000000000000000000000000000000000000000000000FE01FF0000000000000000000000000000000000000000000000000000000000000000000000000000000000000000000000000000000000000000000000000000000000CC01FF000000003F0D00000001000000B5000000
ruRU/patch-ruRU-4.mpq,BarberShopStyle,5823,13,0xD,160,40,C01600000200000000000000000000000000000000000000000000000000000000000000000000000000000000000000000000000000000000000000000000000000000000000000FE01FF0000000000000000000000000000000000000000000000000000000000000000000000000000000000000000000000000000000000000000000000000000000000CC01FF000000003F0D00000001000000B6000000
ruRU/patch-ruRU-4.mpq,BarberShopStyle,5824,13,0xD,160,40,C11600000200000000000000000000000000000000000000000000000000000000000000000000000000000000000000000000000000000000000000000000000000000000000000FE01FF0000000000000000000000000000000000000000000000000000000000000000000000000000000000000000000000000000000000000000000000000000000000CC01FF000000003F0D00000001000000B7000000
ruRU/patch-ruRU-4.mpq,BarberShopStyle,5825,13,0xD,160,40,C21600000200000000000000000000000000000000000000000000000000000000000000000000000000000000000000000000000000000000000000000000000000000000000000FE01FF0000000000000000000000000000000000000000000000000000000000000000000000000000000000000000000000000000000000000000000000000000000000CC01FF000000003F0D00000001000000B8000000
ruRU/patch-ruRU-4.mpq,BarberShopStyle,5826,13,0xD,160,40,C31600000200000000000000000000000000000000000000000000000000000000000000000000000000000000000000000000000000000000000000000000000000000000000000FE01FF0000000000000000000000000000000000000000000000000000000000000000000000000000000000000000000000000000000000000000000000000000000000CC01FF000000003F0D00000001000000B9000000
ruRU/patch-ruRU-4.mpq,BarberShopStyle,5827,13,0xD,160,40,C41600000200000000000000000000000000000000000000000000000000000000000000000000000000000000000000000000000000000000000000000000000000000000000000FE01FF0000000000000000000000000000000000000000000000000000000000000000000000000000000000000000000000000000000000000000000000000000000000CC01FF000000003F0D00000001000000BA000000
ruRU/patch-ruRU-4.mpq,BarberShopStyle,5828,13,0xD,160,40,C51600000200000000000000000000000000000000000000000000000000000000000000000000000000000000000000000000000000000000000000000000000000000000000000FE01FF0000000000000000000000000000000000000000000000000000000000000000000000000000000000000000000000000000000000000000000000000000000000CC01FF000000003F0D00000001000000BB000000
ruRU/patch-ruRU-4.mpq,BarberShopStyle,5829,13,0xD,160,40,C61600000200000000000000000000000000000000000000000000000000000000000000000000000000000000000000000000000000000000000000000000000000000000000000FE01FF0000000000000000000000000000000000000000000000000000000000000000000000000000000000000000000000000000000000000000000000000000000000CC01FF000000003F0D00000001000000BC000000
ruRU/patch-ruRU-4.mpq,BarberShopStyle,5830,13,0xD,160,40,C71600000200000000000000000000000000000000000000000000000000000000000000000000000000000000000000000000000000000000000000000000000000000000000000FE01FF0000000000000000000000000000000000000000000000000000000000000000000000000000000000000000000000000000000000000000000000000000000000CC01FF000000003F0D00000001000000BD000000
ruRU/patch-ruRU-4.mpq,BarberShopStyle,5831,13,0xD,160,40,C81600000200000000000000000000000000000000000000000000000000000000000000000000000000000000000000000000000000000000000000000000000000000000000000FE01FF0000000000000000000000000000000000000000000000000000000000000000000000000000000000000000000000000000000000000000000000000000000000CC01FF000000003F0D00000001000000BE000000
ruRU/patch-ruRU-4.mpq,BarberShopStyle,5832,13,0xD,160,40,C91600000200000000000000000000000000000000000000000000000000000000000000000000000000000000000000000000000000000000000000000000000000000000000000FE01FF0000000000000000000000000000000000000000000000000000000000000000000000000000000000000000000000000000000000000000000000000000000000CC01FF000000003F0D00000001000000BF000000
ruRU/patch-ruRU-4.mpq,BarberShopStyle,5833,13,0xD,160,40,CA1600000200000000000000000000000000000000000000000000000000000000000000000000000000000000000000000000000000000000000000000000000000000000000000FE01FF0000000000000000000000000000000000000000000000000000000000000000000000000000000000000000000000000000000000000000000000000000000000CC01FF000000003F0D00000001000000C0000000
ruRU/patch-ruRU-4.mpq,BarberShopStyle,5834,13,0xD,160,40,CB1600000200000000000000000000000000000000000000000000000000000000000000000000000000000000000000000000000000000000000000000000000000000000000000FE01FF0000000000000000000000000000000000000000000000000000000000000000000000000000000000000000000000000000000000000000000000000000000000CC01FF000000003F0D00000001000000C1000000
ruRU/patch-ruRU-4.mpq,BarberShopStyle,5835,13,0xD,160,40,CC1600000200000000000000000000000000000000000000000000000000000000000000000000000000000000000000000000000000000000000000000000000000000000000000FE01FF0000000000000000000000000000000000000000000000000000000000000000000000000000000000000000000000000000000000000000000000000000000000CC01FF000000003F0D00000001000000C2000000
ruRU/patch-ruRU-4.mpq,BarberShopStyle,5836,13,0xD,160,40,CD1600000200000000000000000000000000000000000000000000000000000000000000000000000000000000000000000000000000000000000000000000000000000000000000FE01FF0000000000000000000000000000000000000000000000000000000000000000000000000000000000000000000000000000000000000000000000000000000000CC01FF000000003F0D00000001000000C3000000
ruRU/patch-ruRU-4.mpq,BarberShopStyle,5837,13,0xD,160,40,CE1600000200000000000000000000000000000000000000000000000000000000000000000000000000000000000000000000000000000000000000000000000000000000000000FE01FF0000000000000000000000000000000000000000000000000000000000000000000000000000000000000000000000000000000000000000000000000000000000CC01FF000000003F0D00000001000000C4000000
ruRU/patch-ruRU-4.mpq,BarberShopStyle,5838,13,0xD,160,40,CF1600000200000000000000000000000000000000000000000000000000000000000000000000000000000000000000000000000000000000000000000000000000000000000000FE01FF0000000000000000000000000000000000000000000000000000000000000000000000000000000000000000000000000000000000000000000000000000000000CC01FF000000003F0D00000001000000C5000000
ruRU/patch-ruRU-4.mpq,BarberShopStyle,5839,13,0xD,160,40,D01600000200000000000000000000000000000000000000000000000000000000000000000000000000000000000000000000000000000000000000000000000000000000000000FE01FF0000000000000000000000000000000000000000000000000000000000000000000000000000000000000000000000000000000000000000000000000000000000CC01FF000000003F0D00000001000000C6000000
ruRU/patch-ruRU-4.mpq,BarberShopStyle,5840,13,0xD,160,40,D11600000200000000000000000000000000000000000000000000000000000000000000000000000000000000000000000000000000000000000000000000000000000000000000FE01FF0000000000000000000000000000000000000000000000000000000000000000000000000000000000000000000000000000000000000000000000000000000000CC01FF000000003F0D00000001000000C7000000
ruRU/patch-ruRU-4.mpq,BarberShopStyle,5841,13,0xD,160,40,D21600000200000000000000000000000000000000000000000000000000000000000000000000000000000000000000000000000000000000000000000000000000000000000000FE01FF0000000000000000000000000000000000000000000000000000000000000000000000000000000000000000000000000000000000000000000000000000000000CC01FF000000003F0D00000001000000C8000000
ruRU/patch-ruRU-4.mpq,BarberShopStyle,5842,13,0xD,160,40,D31600000200000000000000000000000000000000000000000000000000000000000000000000000000000000000000000000000000000000000000000000000000000000000000FE01FF0000000000000000000000000000000000000000000000000000000000000000000000000000000000000000000000000000000000000000000000000000000000CC01FF000000003F0D00000001000000C9000000
ruRU/patch-ruRU-4.mpq,BarberShopStyle,5843,13,0xD,160,40,D41600000200000000000000000000000000000000000000000000000000000000000000000000000000000000000000000000000000000000000000000000000000000000000000FE01FF0000000000000000000000000000000000000000000000000000000000000000000000000000000000000000000000000000000000000000000000000000000000CC01FF000000003F0D00000001000000CA000000
ruRU/patch-ruRU-4.mpq,BarberShopStyle,5844,13,0xD,160,40,D51600000200000000000000000000000000000000000000000000000000000000000000000000000000000000000000000000000000000000000000000000000000000000000000FE01FF0000000000000000000000000000000000000000000000000000000000000000000000000000000000000000000000000000000000000000000000000000000000CC01FF000000003F0D00000001000000CB000000
ruRU/patch-ruRU-4.mpq,BarberShopStyle,5845,13,0xD,160,40,D61600000200000000000000000000000000000000000000000000000000000000000000000000000000000000000000000000000000000000000000000000000000000000000000FE01FF0000000000000000000000000000000000000000000000000000000000000000000000000000000000000000000000000000000000000000000000000000000000CC01FF000000003F0D00000001000000CC000000
ruRU/patch-ruRU-4.mpq,BarberShopStyle,5846,13,0xD,160,40,D71600000200000000000000000000000000000000000000000000000000000000000000000000000000000000000000000000000000000000000000000000000000000000000000FE01FF0000000000000000000000000000000000000000000000000000000000000000000000000000000000000000000000000000000000000000000000000000000000CC01FF000000003F0D00000001000000CD000000
ruRU/patch-ruRU-4.mpq,BarberShopStyle,5847,13,0xD,160,40,D81600000200000000000000000000000000000000000000000000000000000000000000000000000000000000000000000000000000000000000000000000000000000000000000FE01FF0000000000000000000000000000000000000000000000000000000000000000000000000000000000000000000000000000000000000000000000000000000000CC01FF000000003F0D00000001000000CE000000
ruRU/patch-ruRU-4.mpq,BarberShopStyle,5848,13,0xD,160,40,D91600000200000000000000000000000000000000000000000000000000000000000000000000000000000000000000000000000000000000000000000000000000000000000000FE01FF0000000000000000000000000000000000000000000000000000000000000000000000000000000000000000000000000000000000000000000000000000000000CC01FF000000003F0D00000001000000CF000000
ruRU/patch-ruRU-4.mpq,BarberShopStyle,5849,13,0xD,160,40,DA1600000200000000000000000000000000000000000000000000000000000000000000000000000000000000000000000000000000000000000000000000000000000000000000FE01FF0000000000000000000000000000000000000000000000000000000000000000000000000000000000000000000000000000000000000000000000000000000000CC01FF000000003F0D00000001000000D0000000
ruRU/patch-ruRU-4.mpq,BarberShopStyle,5850,13,0xD,160,40,DB1600000200000000000000000000000000000000000000000000000000000000000000000000000000000000000000000000000000000000000000000000000000000000000000FE01FF0000000000000000000000000000000000000000000000000000000000000000000000000000000000000000000000000000000000000000000000000000000000CC01FF000000003F0D00000001000000D1000000
ruRU/patch-ruRU-4.mpq,BarberShopStyle,5851,13,0xD,160,40,DC1600000200000000000000000000000000000000000000000000000000000000000000000000000000000000000000000000000000000000000000000000000000000000000000FE01FF0000000000000000000000000000000000000000000000000000000000000000000000000000000000000000000000000000000000000000000000000000000000CC01FF000000003F0D00000001000000D2000000
ruRU/patch-ruRU-4.mpq,BarberShopStyle,5852,13,0xD,160,40,DD1600000200000000000000000000000000000000000000000000000000000000000000000000000000000000000000000000000000000000000000000000000000000000000000FE01FF0000000000000000000000000000000000000000000000000000000000000000000000000000000000000000000000000000000000000000000000000000000000CC01FF000000003F0D00000001000000D3000000
ruRU/patch-ruRU-4.mpq,BarberShopStyle,5853,13,0xD,160,40,DE1600000200000000000000000000000000000000000000000000000000000000000000000000000000000000000000000000000000000000000000000000000000000000000000FE01FF0000000000000000000000000000000000000000000000000000000000000000000000000000000000000000000000000000000000000000000000000000000000CC01FF000000003F0D00000001000000D4000000
ruRU/patch-ruRU-4.mpq,BarberShopStyle,5854,13,0xD,160,40,DF1600000200000000000000000000000000000000000000000000000000000000000000000000000000000000000000000000000000000000000000000000000000000000000000FE01FF0000000000000000000000000000000000000000000000000000000000000000000000000000000000000000000000000000000000000000000000000000000000CC01FF000000003F0D00000001000000D5000000
ruRU/patch-ruRU-4.mpq,BarberShopStyle,5855,13,0xD,160,40,E01600000200000000000000000000000000000000000000000000000000000000000000000000000000000000000000000000000000000000000000000000000000000000000000FE01FF0000000000000000000000000000000000000000000000000000000000000000000000000000000000000000000000000000000000000000000000000000000000CC01FF000000003F0D00000001000000D6000000
ruRU/patch-ruRU-4.mpq,BarberShopStyle,5856,13,0xD,160,40,E11600000200000000000000000000000000000000000000000000000000000000000000000000000000000000000000000000000000000000000000000000000000000000000000FE01FF0000000000000000000000000000000000000000000000000000000000000000000000000000000000000000000000000000000000000000000000000000000000CC01FF000000003F0D00000001000000D7000000
ruRU/patch-ruRU-4.mpq,BarberShopStyle,5857,13,0xD,160,40,E21600000200000000000000000000000000000000000000000000000000000000000000000000000000000000000000000000000000000000000000000000000000000000000000FE01FF0000000000000000000000000000000000000000000000000000000000000000000000000000000000000000000000000000000000000000000000000000000000CC01FF000000003F0D00000001000000D8000000
ruRU/patch-ruRU-4.mpq,BarberShopStyle,5858,13,0xD,160,40,E31600000200000000000000000000000000000000000000000000000000000000000000000000000000000000000000000000000000000000000000000000000000000000000000FE01FF0000000000000000000000000000000000000000000000000000000000000000000000000000000000000000000000000000000000000000000000000000000000CC01FF000000003F0D00000001000000D9000000
ruRU/patch-ruRU-4.mpq,BarberShopStyle,5859,13,0xD,160,40,E41600000200000000000000000000000000000000000000000000000000000000000000000000000000000000000000000000000000000000000000000000000000000000000000FE01FF0000000000000000000000000000000000000000000000000000000000000000000000000000000000000000000000000000000000000000000000000000000000CC01FF000000003F0D00000001000000DA000000
ruRU/patch-ruRU-4.mpq,BarberShopStyle,5860,13,0xD,160,40,E51600000200000000000000000000000000000000000000000000000000000000000000000000000000000000000000000000000000000000000000000000000000000000000000FE01FF0000000000000000000000000000000000000000000000000000000000000000000000000000000000000000000000000000000000000000000000000000000000CC01FF000000003F0D00000001000000DB000000
ruRU/patch-ruRU-4.mpq,BarberShopStyle,5861,13,0xD,160,40,E61600000200000000000000000000000000000000000000000000000000000000000000000000000000000000000000000000000000000000000000000000000000000000000000FE01FF0000000000000000000000000000000000000000000000000000000000000000000000000000000000000000000000000000000000000000000000000000000000CC01FF000000003F0D00000001000000DC000000
ruRU/patch-ruRU-4.mpq,BarberShopStyle,5862,13,0xD,160,40,E71600000200000000000000000000000000000000000000000000000000000000000000000000000000000000000000000000000000000000000000000000000000000000000000FE01FF0000000000000000000000000000000000000000000000000000000000000000000000000000000000000000000000000000000000000000000000000000000000CC01FF000000003F0D00000001000000DD000000
ruRU/patch-ruRU-4.mpq,BarberShopStyle,5863,13,0xD,160,40,E81600000200000000000000000000000000000000000000000000000000000000000000000000000000000000000000000000000000000000000000000000000000000000000000FE01FF0000000000000000000000000000000000000000000000000000000000000000000000000000000000000000000000000000000000000000000000000000000000CC01FF000000003F0D00000001000000DE000000
ruRU/patch-ruRU-4.mpq,BarberShopStyle,5864,13,0xD,160,40,E91600000200000000000000000000000000000000000000000000000000000000000000000000000000000000000000000000000000000000000000000000000000000000000000FE01FF0000000000000000000000000000000000000000000000000000000000000000000000000000000000000000000000000000000000000000000000000000000000CC01FF000000003F0D00000001000000DF000000
ruRU/patch-ruRU-4.mpq,BarberShopStyle,5865,13,0xD,160,40,EA1600000200000000000000000000000000000000000000000000000000000000000000000000000000000000000000000000000000000000000000000000000000000000000000FE01FF0000000000000000000000000000000000000000000000000000000000000000000000000000000000000000000000000000000000000000000000000000000000CC01FF000000003F0D00000001000000E0000000
ruRU/patch-ruRU-4.mpq,BarberShopStyle,5866,13,0xD,160,40,EB1600000200000000000000000000000000000000000000000000000000000000000000000000000000000000000000000000000000000000000000000000000000000000000000FE01FF0000000000000000000000000000000000000000000000000000000000000000000000000000000000000000000000000000000000000000000000000000000000CC01FF000000003F0D00000001000000E1000000
ruRU/patch-ruRU-4.mpq,BarberShopStyle,5867,13,0xD,160,40,EC1600000200000000000000000000000000000000000000000000000000000000000000000000000000000000000000000000000000000000000000000000000000000000000000FE01FF0000000000000000000000000000000000000000000000000000000000000000000000000000000000000000000000000000000000000000000000000000000000CC01FF000000003F0D00000001000000E2000000
ruRU/patch-ruRU-4.mpq,BarberShopStyle,5868,13,0xD,160,40,ED1600000200000000000000000000000000000000000000000000000000000000000000000000000000000000000000000000000000000000000000000000000000000000000000FE01FF0000000000000000000000000000000000000000000000000000000000000000000000000000000000000000000000000000000000000000000000000000000000CC01FF000000003F0D00000001000000E3000000
ruRU/patch-ruRU-4.mpq,BarberShopStyle,5869,13,0xD,160,40,EE1600000200000000000000000000000000000000000000000000000000000000000000000000000000000000000000000000000000000000000000000000000000000000000000FE01FF0000000000000000000000000000000000000000000000000000000000000000000000000000000000000000000000000000000000000000000000000000000000CC01FF000000003F0D00000001000000E4000000
ruRU/patch-ruRU-4.mpq,BarberShopStyle,5870,13,0xD,160,40,EF1600000200000000000000000000000000000000000000000000000000000000000000000000000000000000000000000000000000000000000000000000000000000000000000FE01FF0000000000000000000000000000000000000000000000000000000000000000000000000000000000000000000000000000000000000000000000000000000000CC01FF000000003F0D00000001000000E5000000
ruRU/patch-ruRU-4.mpq,BarberShopStyle,5871,13,0xD,160,40,F01600000200000000000000000000000000000000000000000000000000000000000000000000000000000000000000000000000000000000000000000000000000000000000000FE01FF0000000000000000000000000000000000000000000000000000000000000000000000000000000000000000000000000000000000000000000000000000000000CC01FF000000003F0D00000001000000E6000000
ruRU/patch-ruRU-4.mpq,BarberShopStyle,5872,13,0xD,160,40,F11600000200000000000000000000000000000000000000000000000000000000000000000000000000000000000000000000000000000000000000000000000000000000000000FE01FF0000000000000000000000000000000000000000000000000000000000000000000000000000000000000000000000000000000000000000000000000000000000CC01FF000000003F0D00000001000000E7000000
ruRU/patch-ruRU-4.mpq,BarberShopStyle,5873,13,0xD,160,40,F21600000200000000000000000000000000000000000000000000000000000000000000000000000000000000000000000000000000000000000000000000000000000000000000FE01FF0000000000000000000000000000000000000000000000000000000000000000000000000000000000000000000000000000000000000000000000000000000000CC01FF000000003F0D00000001000000E8000000
ruRU/patch-ruRU-4.mpq,BarberShopStyle,5874,13,0xD,160,40,F31600000200000000000000000000000000000000000000000000000000000000000000000000000000000000000000000000000000000000000000000000000000000000000000FE01FF0000000000000000000000000000000000000000000000000000000000000000000000000000000000000000000000000000000000000000000000000000000000CC01FF000000003F0D00000001000000E9000000
ruRU/patch-ruRU-4.mpq,BarberShopStyle,5875,13,0xD,160,40,F41600000200000000000000000000000000000000000000000000000000000000000000000000000000000000000000000000000000000000000000000000000000000000000000FE01FF0000000000000000000000000000000000000000000000000000000000000000000000000000000000000000000000000000000000000000000000000000000000CC01FF000000003F0D00000001000000EA000000
ruRU/patch-ruRU-4.mpq,BarberShopStyle,5876,13,0xD,160,40,F51600000200000000000000000000000000000000000000000000000000000000000000000000000000000000000000000000000000000000000000000000000000000000000000FE01FF0000000000000000000000000000000000000000000000000000000000000000000000000000000000000000000000000000000000000000000000000000000000CC01FF000000003F0D00000001000000EB000000
ruRU/patch-ruRU-4.mpq,BarberShopStyle,5877,13,0xD,160,40,F61600000200000000000000000000000000000000000000000000000000000000000000000000000000000000000000000000000000000000000000000000000000000000000000FE01FF0000000000000000000000000000000000000000000000000000000000000000000000000000000000000000000000000000000000000000000000000000000000CC01FF000000003F0D00000001000000EC000000
ruRU/patch-ruRU-4.mpq,BarberShopStyle,5878,13,0xD,160,40,F71600000200000000000000000000000000000000000000000000000000000000000000000000000000000000000000000000000000000000000000000000000000000000000000FE01FF0000000000000000000000000000000000000000000000000000000000000000000000000000000000000000000000000000000000000000000000000000000000CC01FF000000003F0D00000001000000ED000000
ruRU/patch-ruRU-4.mpq,BarberShopStyle,5879,13,0xD,160,40,F81600000200000000000000000000000000000000000000000000000000000000000000000000000000000000000000000000000000000000000000000000000000000000000000FE01FF0000000000000000000000000000000000000000000000000000000000000000000000000000000000000000000000000000000000000000000000000000000000CC01FF000000003F0D00000001000000EE000000
ruRU/patch-ruRU-4.mpq,BarberShopStyle,5880,13,0xD,160,40,F91600000200000000000000000000000000000000000000000000000000000000000000000000000000000000000000000000000000000000000000000000000000000000000000FE01FF0000000000000000000000000000000000000000000000000000000000000000000000000000000000000000000000000000000000000000000000000000000000CC01FF000000003F0D00000001000000EF000000
ruRU/patch-ruRU-4.mpq,CharacterFacialHairStyles,3930,13,0xD,32,8,0D00000000000000000000000200000002000000020000000000000002000000
ruRU/patch-ruRU-4.mpq,CharacterFacialHairStyles,3931,13,0xD,32,8,0D00000000000000010000000200000002000000030000000000000002000000
ruRU/patch-ruRU-4.mpq,CharacterFacialHairStyles,3932,13,0xD,32,8,0D00000000000000020000000200000002000000040000000000000002000000
ruRU/patch-ruRU-4.mpq,CharacterFacialHairStyles,3933,13,0xD,32,8,0D00000000000000030000000200000002000000050000000000000002000000
ruRU/patch-ruRU-4.mpq,CharacterFacialHairStyles,3934,13,0xD,32,8,0D00000000000000040000000200000002000000060000000000000002000000
ruRU/patch-ruRU-4.mpq,CharacterFacialHairStyles,3935,13,0xD,32,8,0D00000000000000050000000200000002000000070000000000000002000000
ruRU/patch-ruRU-4.mpq,CharacterFacialHairStyles,3936,13,0xD,32,8,0D00000000000000060000000300000002000000020000000000000002000000
ruRU/patch-ruRU-4.mpq,CharacterFacialHairStyles,3937,13,0xD,32,8,0D00000000000000070000000300000002000000030000000000000002000000
ruRU/patch-ruRU-4.mpq,CharacterFacialHairStyles,3938,13,0xD,32,8,0D00000000000000080000000300000002000000040000000000000002000000
ruRU/patch-ruRU-4.mpq,CharacterFacialHairStyles,3939,13,0xD,32,8,0D00000000000000090000000300000002000000050000000000000002000000
ruRU/patch-ruRU-4.mpq,CharacterFacialHairStyles,3940,13,0xD,32,8,0D000000000000000A0000000300000002000000060000000000000002000000
ruRU/patch-ruRU-4.mpq,CharacterFacialHairStyles,3941,13,0xD,32,8,0D000000000000000B0000000300000002000000070000000000000002000000
ruRU/patch-ruRU-4.mpq,CharacterFacialHairStyles,3942,13,0xD,32,8,0D000000000000000C0000000400000002000000020000000000000002000000
ruRU/patch-ruRU-4.mpq,CharacterFacialHairStyles,3943,13,0xD,32,8,0D000000000000000D0000000400000002000000030000000000000002000000
ruRU/patch-ruRU-4.mpq,CharacterFacialHairStyles,3944,13,0xD,32,8,0D000000000000000E0000000400000002000000040000000000000002000000
ruRU/patch-ruRU-4.mpq,CharacterFacialHairStyles,3945,13,0xD,32,8,0D000000000000000F0000000400000002000000050000000000000002000000
ruRU/patch-ruRU-4.mpq,CharacterFacialHairStyles,3946,13,0xD,32,8,0D00000000000000100000000400000002000000060000000000000002000000
ruRU/patch-ruRU-4.mpq,CharacterFacialHairStyles,3947,13,0xD,32,8,0D00000000000000110000000400000002000000070000000000000002000000
ruRU/patch-ruRU-4.mpq,CharacterFacialHairStyles,3948,13,0xD,32,8,0D00000000000000120000000500000002000000020000000000000002000000
ruRU/patch-ruRU-4.mpq,CharacterFacialHairStyles,3949,13,0xD,32,8,0D00000000000000130000000500000002000000030000000000000002000000
ruRU/patch-ruRU-4.mpq,CharacterFacialHairStyles,3950,13,0xD,32,8,0D00000000000000140000000500000002000000040000000000000002000000
ruRU/patch-ruRU-4.mpq,CharacterFacialHairStyles,3951,13,0xD,32,8,0D00000000000000150000000500000002000000050000000000000002000000
ruRU/patch-ruRU-4.mpq,CharacterFacialHairStyles,3952,13,0xD,32,8,0D00000000000000160000000500000002000000060000000000000002000000
ruRU/patch-ruRU-4.mpq,CharacterFacialHairStyles,3953,13,0xD,32,8,0D00000000000000170000000500000002000000070000000000000002000000
ruRU/patch-ruRU-4.mpq,CharacterFacialHairStyles,3954,13,0xD,32,8,0D00000000000000180000000200000003000000020000000000000002000000
ruRU/patch-ruRU-4.mpq,CharacterFacialHairStyles,3955,13,0xD,32,8,0D00000000000000190000000200000003000000030000000000000002000000
ruRU/patch-ruRU-4.mpq,CharacterFacialHairStyles,3956,13,0xD,32,8,0D000000000000001A0000000200000003000000040000000000000002000000
ruRU/patch-ruRU-4.mpq,CharacterFacialHairStyles,3957,13,0xD,32,8,0D000000000000001B0000000200000003000000050000000000000002000000
ruRU/patch-ruRU-4.mpq,CharacterFacialHairStyles,3958,13,0xD,32,8,0D000000000000001C0000000200000003000000060000000000000002000000
ruRU/patch-ruRU-4.mpq,CharacterFacialHairStyles,3959,13,0xD,32,8,0D000000000000001D0000000200000003000000070000000000000002000000
ruRU/patch-ruRU-4.mpq,CharacterFacialHairStyles,3960,13,0xD,32,8,0D000000000000001E0000000300000003000000020000000000000002000000
ruRU/patch-ruRU-4.mpq,CharacterFacialHairStyles,3961,13,0xD,32,8,0D000000000000001F0000000300000003000000030000000000000002000000
ruRU/patch-ruRU-4.mpq,CharacterFacialHairStyles,3962,13,0xD,32,8,0D00000000000000200000000300000003000000040000000000000002000000
ruRU/patch-ruRU-4.mpq,CharacterFacialHairStyles,3963,13,0xD,32,8,0D00000000000000210000000300000003000000050000000000000002000000
ruRU/patch-ruRU-4.mpq,CharacterFacialHairStyles,3964,13,0xD,32,8,0D00000000000000220000000300000003000000060000000000000002000000
ruRU/patch-ruRU-4.mpq,CharacterFacialHairStyles,3965,13,0xD,32,8,0D00000000000000230000000300000003000000070000000000000002000000
ruRU/patch-ruRU-4.mpq,CharacterFacialHairStyles,3966,13,0xD,32,8,0D00000000000000240000000400000003000000020000000000000002000000
ruRU/patch-ruRU-4.mpq,CharacterFacialHairStyles,3967,13,0xD,32,8,0D00000000000000250000000400000003000000030000000000000002000000
ruRU/patch-ruRU-4.mpq,CharacterFacialHairStyles,3968,13,0xD,32,8,0D00000000000000260000000400000003000000040000000000000002000000
ruRU/patch-ruRU-4.mpq,CharacterFacialHairStyles,3969,13,0xD,32,8,0D00000000000000270000000400000003000000050000000000000002000000
ruRU/patch-ruRU-4.mpq,CharacterFacialHairStyles,3970,13,0xD,32,8,0D00000000000000280000000400000003000000060000000000000002000000
ruRU/patch-ruRU-4.mpq,CharacterFacialHairStyles,3971,13,0xD,32,8,0D00000000000000290000000400000003000000070000000000000002000000
ruRU/patch-ruRU-4.mpq,CharacterFacialHairStyles,3972,13,0xD,32,8,0D000000000000002A0000000500000003000000020000000000000002000000
ruRU/patch-ruRU-4.mpq,CharacterFacialHairStyles,3973,13,0xD,32,8,0D000000000000002B0000000500000003000000030000000000000002000000
ruRU/patch-ruRU-4.mpq,CharacterFacialHairStyles,3974,13,0xD,32,8,0D000000000000002C0000000500000003000000040000000000000002000000
ruRU/patch-ruRU-4.mpq,CharacterFacialHairStyles,3975,13,0xD,32,8,0D000000000000002D0000000500000003000000050000000000000002000000
ruRU/patch-ruRU-4.mpq,CharacterFacialHairStyles,3976,13,0xD,32,8,0D000000000000002E0000000500000003000000060000000000000002000000
ruRU/patch-ruRU-4.mpq,CharacterFacialHairStyles,3977,13,0xD,32,8,0D000000000000002F0000000500000003000000070000000000000002000000
ruRU/patch-ruRU-4.mpq,CharacterFacialHairStyles,3978,13,0xD,32,8,0D00000000000000300000000200000004000000020000000000000002000000
ruRU/patch-ruRU-4.mpq,CharacterFacialHairStyles,3979,13,0xD,32,8,0D00000000000000310000000200000004000000030000000000000002000000
ruRU/patch-ruRU-4.mpq,CharacterFacialHairStyles,3980,13,0xD,32,8,0D00000000000000320000000200000004000000040000000000000002000000
ruRU/patch-ruRU-4.mpq,CharacterFacialHairStyles,3981,13,0xD,32,8,0D00000000000000330000000200000004000000050000000000000002000000
ruRU/patch-ruRU-4.mpq,CharacterFacialHairStyles,3982,13,0xD,32,8,0D00000000000000340000000200000004000000060000000000000002000000
ruRU/patch-ruRU-4.mpq,CharacterFacialHairStyles,3983,13,0xD,32,8,0D00000000000000350000000200000004000000070000000000000002000000
ruRU/patch-ruRU-4.mpq,CharacterFacialHairStyles,3984,13,0xD,32,8,0D00000000000000360000000300000004000000020000000000000002000000
ruRU/patch-ruRU-4.mpq,CharacterFacialHairStyles,3985,13,0xD,32,8,0D00000000000000370000000300000004000000030000000000000002000000
ruRU/patch-ruRU-4.mpq,CharacterFacialHairStyles,3986,13,0xD,32,8,0D00000000000000380000000300000004000000040000000000000002000000
ruRU/patch-ruRU-4.mpq,CharacterFacialHairStyles,3987,13,0xD,32,8,0D00000000000000390000000300000004000000050000000000000002000000
ruRU/patch-ruRU-4.mpq,CharacterFacialHairStyles,3988,13,0xD,32,8,0D000000000000003A0000000300000004000000060000000000000002000000
ruRU/patch-ruRU-4.mpq,CharacterFacialHairStyles,3989,13,0xD,32,8,0D000000000000003B0000000300000004000000070000000000000002000000
ruRU/patch-ruRU-4.mpq,CharacterFacialHairStyles,3990,13,0xD,32,8,0D000000000000003C0000000400000004000000020000000000000002000000
ruRU/patch-ruRU-4.mpq,CharacterFacialHairStyles,3991,13,0xD,32,8,0D000000000000003D0000000400000004000000030000000000000002000000
ruRU/patch-ruRU-4.mpq,CharacterFacialHairStyles,3992,13,0xD,32,8,0D000000000000003E0000000400000004000000040000000000000002000000
ruRU/patch-ruRU-4.mpq,CharacterFacialHairStyles,3993,13,0xD,32,8,0D000000000000003F0000000400000004000000050000000000000002000000
ruRU/patch-ruRU-4.mpq,CharacterFacialHairStyles,3994,13,0xD,32,8,0D00000000000000400000000400000004000000060000000000000002000000
ruRU/patch-ruRU-4.mpq,CharacterFacialHairStyles,3995,13,0xD,32,8,0D00000000000000410000000400000004000000070000000000000002000000
ruRU/patch-ruRU-4.mpq,CharacterFacialHairStyles,3996,13,0xD,32,8,0D00000000000000420000000500000004000000020000000000000002000000
ruRU/patch-ruRU-4.mpq,CharacterFacialHairStyles,3997,13,0xD,32,8,0D00000000000000430000000500000004000000030000000000000002000000
ruRU/patch-ruRU-4.mpq,CharacterFacialHairStyles,3998,13,0xD,32,8,0D00000000000000440000000500000004000000040000000000000002000000
ruRU/patch-ruRU-4.mpq,CharacterFacialHairStyles,3999,13,0xD,32,8,0D00000000000000450000000500000004000000050000000000000002000000
ruRU/patch-ruRU-4.mpq,CharacterFacialHairStyles,4000,13,0xD,32,8,0D00000000000000460000000500000004000000060000000000000002000000
ruRU/patch-ruRU-4.mpq,CharacterFacialHairStyles,4001,13,0xD,32,8,0D00000000000000470000000500000004000000070000000000000002000000
ruRU/patch-ruRU-4.mpq,CharacterFacialHairStyles,4002,13,0xD,32,8,0D00000000000000480000000200000005000000020000000000000002000000
ruRU/patch-ruRU-4.mpq,CharacterFacialHairStyles,4003,13,0xD,32,8,0D00000000000000490000000200000005000000030000000000000002000000
ruRU/patch-ruRU-4.mpq,CharacterFacialHairStyles,4004,13,0xD,32,8,0D000000000000004A0000000200000005000000040000000000000002000000
ruRU/patch-ruRU-4.mpq,CharacterFacialHairStyles,4005,13,0xD,32,8,0D000000000000004B0000000200000005000000050000000000000002000000
ruRU/patch-ruRU-4.mpq,CharacterFacialHairStyles,4006,13,0xD,32,8,0D000000000000004C0000000200000005000000060000000000000002000000
ruRU/patch-ruRU-4.mpq,CharacterFacialHairStyles,4007,13,0xD,32,8,0D000000000000004D0000000200000005000000070000000000000002000000
ruRU/patch-ruRU-4.mpq,CharacterFacialHairStyles,4008,13,0xD,32,8,0D000000000000004E0000000300000005000000020000000000000002000000
ruRU/patch-ruRU-4.mpq,CharacterFacialHairStyles,4009,13,0xD,32,8,0D000000000000004F0000000300000005000000030000000000000002000000
ruRU/patch-ruRU-4.mpq,CharacterFacialHairStyles,4010,13,0xD,32,8,0D00000000000000500000000300000005000000040000000000000002000000
ruRU/patch-ruRU-4.mpq,CharacterFacialHairStyles,4011,13,0xD,32,8,0D00000000000000510000000300000005000000050000000000000002000000
ruRU/patch-ruRU-4.mpq,CharacterFacialHairStyles,4012,13,0xD,32,8,0D00000000000000520000000300000005000000060000000000000002000000
ruRU/patch-ruRU-4.mpq,CharacterFacialHairStyles,4013,13,0xD,32,8,0D00000000000000530000000300000005000000070000000000000002000000
ruRU/patch-ruRU-4.mpq,CharacterFacialHairStyles,4014,13,0xD,32,8,0D00000000000000540000000400000005000000020000000000000002000000
ruRU/patch-ruRU-4.mpq,CharacterFacialHairStyles,4015,13,0xD,32,8,0D00000000000000550000000400000005000000030000000000000002000000
ruRU/patch-ruRU-4.mpq,CharacterFacialHairStyles,4016,13,0xD,32,8,0D00000000000000560000000400000005000000040000000000000002000000
ruRU/patch-ruRU-4.mpq,CharacterFacialHairStyles,4017,13,0xD,32,8,0D00000000000000570000000400000005000000050000000000000002000000
ruRU/patch-ruRU-4.mpq,CharacterFacialHairStyles,4018,13,0xD,32,8,0D00000000000000580000000400000005000000060000000000000002000000
ruRU/patch-ruRU-4.mpq,CharacterFacialHairStyles,4019,13,0xD,32,8,0D00000000000000590000000400000005000000070000000000000002000000
ruRU/patch-ruRU-4.mpq,CharacterFacialHairStyles,4020,13,0xD,32,8,0D000000000000005A0000000500000005000000020000000000000002000000
ruRU/patch-ruRU-4.mpq,CharacterFacialHairStyles,4021,13,0xD,32,8,0D000000000000005B0000000500000005000000030000000000000002000000
ruRU/patch-ruRU-4.mpq,CharacterFacialHairStyles,4022,13,0xD,32,8,0D000000000000005C0000000500000005000000040000000000000002000000
ruRU/patch-ruRU-4.mpq,CharacterFacialHairStyles,4023,13,0xD,32,8,0D000000000000005D0000000500000005000000050000000000000002000000
ruRU/patch-ruRU-4.mpq,CharacterFacialHairStyles,4024,13,0xD,32,8,0D000000000000005E0000000500000005000000060000000000000002000000
ruRU/patch-ruRU-4.mpq,CharacterFacialHairStyles,4025,13,0xD,32,8,0D000000000000005F0000000500000005000000070000000000000002000000
ruRU/patch-ruRU-4.mpq,CharacterFacialHairStyles,4026,13,0xD,32,8,0D00000001000000000000000200000001000000020000000000000002000000
ruRU/patch-ruRU-4.mpq,CharacterFacialHairStyles,4027,13,0xD,32,8,0D00000001000000010000000200000002000000020000000000000002000000
ruRU/patch-ruRU-4.mpq,CharacterFacialHairStyles,4028,13,0xD,32,8,0D00000001000000020000000200000003000000020000000000000002000000
ruRU/patch-ruRU-4.mpq,CharacterFacialHairStyles,4029,13,0xD,32,8,0D00000001000000030000000200000004000000020000000000000002000000
ruRU/patch-ruRU-4.mpq,CharacterFacialHairStyles,4030,13,0xD,32,8,0D00000001000000040000000200000005000000020000000000000002000000
ruRU/patch-ruRU-4.mpq,CharacterFacialHairStyles,4031,13,0xD,32,8,0D00000001000000050000000200000006000000020000000000000002000000
ruRU/patch-ruRU-4.mpq,CharacterFacialHairStyles,4032,13,0xD,32,8,0D00000001000000060000000200000007000000020000000000000002000000
ruRU/patch-ruRU-4.mpq,CharacterFacialHairStyles,4033,13,0xD,32,8,0D00000001000000070000000200000008000000020000000000000002000000
ruRU/patch-ruRU-4.mpq,CharacterFacialHairStyles,4034,13,0xD,32,8,0D00000001000000080000000200000009000000020000000000000002000000
ruRU/patch-ruRU-4.mpq,CharacterFacialHairStyles,4035,13,0xD,32,8,0D0000000100000009000000020000000A000000020000000000000002000000
ruRU/patch-ruRU-4.mpq,CharacterFacialHairStyles,4036,13,0xD,32,8,0D000000010000000A000000020000000B000000020000000000000002000000
ruRU/patch-ruRU-4.mpq,CharacterFacialHairStyles,4037,13,0xD,32,8,0D000000010000000B000000020000000C000000020000000000000002000000
ruRU/patch-ruRU-4.mpq,CharacterFacialHairStyles,4038,13,0xD,32,8,0D000000010000000C0000000200000001000000030000000000000002000000
ruRU/patch-ruRU-4.mpq,CharacterFacialHairStyles,4039,13,0xD,32,8,0D000000010000000D0000000200000002000000030000000000000002000000
ruRU/patch-ruRU-4.mpq,CharacterFacialHairStyles,4040,13,0xD,32,8,0D000000010000000E0000000200000003000000030000000000000002000000
ruRU/patch-ruRU-4.mpq,CharacterFacialHairStyles,4041,13,0xD,32,8,0D000000010000000F0000000200000004000000030000000000000002000000
ruRU/patch-ruRU-4.mpq,CharacterFacialHairStyles,4042,13,0xD,32,8,0D00000001000000100000000200000005000000030000000000000002000000
ruRU/patch-ruRU-4.mpq,CharacterFacialHairStyles,4043,13,0xD,32,8,0D00000001000000110000000200000006000000030000000000000002000000
ruRU/patch-ruRU-4.mpq,CharacterFacialHairStyles,4044,13,0xD,32,8,0D00000001000000120000000200000007000000030000000000000002000000
ruRU/patch-ruRU-4.mpq,CharacterFacialHairStyles,4045,13,0xD,32,8,0D00000001000000130000000200000008000000030000000000000002000000
ruRU/patch-ruRU-4.mpq,CharacterFacialHairStyles,4046,13,0xD,32,8,0D00000001000000140000000200000009000000030000000000000002000000
ruRU/patch-ruRU-4.mpq,CharacterFacialHairStyles,4047,13,0xD,32,8,0D0000000100000015000000020000000A000000030000000000000002000000
ruRU/patch-ruRU-4.mpq,CharacterFacialHairStyles,4048,13,0xD,32,8,0D0000000100000016000000020000000B000000030000000000000002000000
ruRU/patch-ruRU-4.mpq,CharacterFacialHairStyles,4049,13,0xD,32,8,0D0000000100000017000000020000000C000000030000000000000002000000
ruRU/patch-ruRU-4.mpq,CharacterFacialHairStyles,4050,13,0xD,32,8,0D00000001000000180000000200000001000000040000000000000002000000
ruRU/patch-ruRU-4.mpq,CharacterFacialHairStyles,4051,13,0xD,32,8,0D00000001000000190000000200000002000000040000000000000002000000
ruRU/patch-ruRU-4.mpq,CharacterFacialHairStyles,4052,13,0xD,32,8,0D000000010000001A0000000200000003000000040000000000000002000000
ruRU/patch-ruRU-4.mpq,CharacterFacialHairStyles,4053,13,0xD,32,8,0D000000010000001B0000000200000004000000040000000000000002000000
ruRU/patch-ruRU-4.mpq,CharacterFacialHairStyles,4054,13,0xD,32,8,0D000000010000001C0000000200000005000000040000000000000002000000
ruRU/patch-ruRU-4.mpq,CharacterFacialHairStyles,4055,13,0xD,32,8,0D000000010000001D0000000200000006000000040000000000000002000000
ruRU/patch-ruRU-4.mpq,CharacterFacialHairStyles,4056,13,0xD,32,8,0D000000010000001E0000000200000007000000040000000000000002000000
ruRU/patch-ruRU-4.mpq,CharacterFacialHairStyles,4057,13,0xD,32,8,0D000000010000001F0000000200000008000000040000000000000002000000
ruRU/patch-ruRU-4.mpq,CharacterFacialHairStyles,4058,13,0xD,32,8,0D00000001000000200000000200000009000000040000000000000002000000
ruRU/patch-ruRU-4.mpq,CharacterFacialHairStyles,4059,13,0xD,32,8,0D0000000100000021000000020000000A000000040000000000000002000000
ruRU/patch-ruRU-4.mpq,CharacterFacialHairStyles,4060,13,0xD,32,8,0D0000000100000022000000020000000B000000040000000000000002000000
ruRU/patch-ruRU-4.mpq,CharacterFacialHairStyles,4061,13,0xD,32,8,0D0000000100000023000000020000000C000000040000000000000002000000
ruRU/patch-ruRU-4.mpq,CharacterFacialHairStyles,4062,13,0xD,32,8,0D00000001000000240000000200000001000000050000000000000002000000
ruRU/patch-ruRU-4.mpq,CharacterFacialHairStyles,4063,13,0xD,32,8,0D00000001000000250000000200000002000000050000000000000002000000
ruRU/patch-ruRU-4.mpq,CharacterFacialHairStyles,4064,13,0xD,32,8,0D00000001000000260000000200000003000000050000000000000002000000
ruRU/patch-ruRU-4.mpq,CharacterFacialHairStyles,4065,13,0xD,32,8,0D00000001000000270000000200000004000000050000000000000002000000
ruRU/patch-ruRU-4.mpq,CharacterFacialHairStyles,4066,13,0xD,32,8,0D00000001000000280000000200000005000000050000000000000002000000
ruRU/patch-ruRU-4.mpq,CharacterFacialHairStyles,4067,13,0xD,32,8,0D00000001000000290000000200000006000000050000000000000002000000
ruRU/patch-ruRU-4.mpq,CharacterFacialHairStyles,4068,13,0xD,32,8,0D000000010000002A0000000200000007000000050000000000000002000000
ruRU/patch-ruRU-4.mpq,CharacterFacialHairStyles,4069,13,0xD,32,8,0D000000010000002B0000000200000008000000050000000000000002000000
ruRU/patch-ruRU-4.mpq,CharacterFacialHairStyles,4070,13,0xD,32,8,0D000000010000002C0000000200000009000000050000000000000002000000
ruRU/patch-ruRU-4.mpq,CharacterFacialHairStyles,4071,13,0xD,32,8,0D000000010000002D000000020000000A000000050000000000000002000000
ruRU/patch-ruRU-4.mpq,CharacterFacialHairStyles,4072,13,0xD,32,8,0D000000010000002E000000020000000B000000050000000000000002000000
ruRU/patch-ruRU-4.mpq,CharacterFacialHairStyles,4073,13,0xD,32,8,0D000000010000002F000000020000000C000000050000000000000002000000
ruRU/patch-ruRU-4.mpq,CharacterFacialHairStyles,4074,13,0xD,32,8,0D00000001000000300000000300000001000000020000000000000002000000
ruRU/patch-ruRU-4.mpq,CharacterFacialHairStyles,4075,13,0xD,32,8,0D00000001000000310000000300000002000000020000000000000002000000
ruRU/patch-ruRU-4.mpq,CharacterFacialHairStyles,4076,13,0xD,32,8,0D00000001000000320000000300000003000000020000000000000002000000
ruRU/patch-ruRU-4.mpq,CharacterFacialHairStyles,4077,13,0xD,32,8,0D00000001000000330000000300000004000000020000000000000002000000
ruRU/patch-ruRU-4.mpq,CharacterFacialHairStyles,4078,13,0xD,32,8,0D00000001000000340000000300000005000000020000000000000002000000
ruRU/patch-ruRU-4.mpq,CharacterFacialHairStyles,4079,13,0xD,32,8,0D00000001000000350000000300000006000000020000000000000002000000
ruRU/patch-ruRU-4.mpq,CharacterFacialHairStyles,4080,13,0xD,32,8,0D00000001000000360000000300000007000000020000000000000002000000
ruRU/patch-ruRU-4.mpq,CharacterFacialHairStyles,4081,13,0xD,32,8,0D00000001000000370000000300000008000000020000000000000002000000
ruRU/patch-ruRU-4.mpq,CharacterFacialHairStyles,4082,13,0xD,32,8,0D00000001000000380000000300000009000000020000000000000002000000
ruRU/patch-ruRU-4.mpq,CharacterFacialHairStyles,4083,13,0xD,32,8,0D0000000100000039000000030000000A000000020000000000000002000000
ruRU/patch-ruRU-4.mpq,CharacterFacialHairStyles,4084,13,0xD,32,8,0D000000010000003A000000030000000B000000020000000000000002000000
ruRU/patch-ruRU-4.mpq,CharacterFacialHairStyles,4085,13,0xD,32,8,0D000000010000003B000000030000000C000000020000000000000002000000
ruRU/patch-ruRU-4.mpq,CharacterFacialHairStyles,4086,13,0xD,32,8,0D000000010000003C0000000300000001000000030000000000000002000000
ruRU/patch-ruRU-4.mpq,CharacterFacialHairStyles,4087,13,0xD,32,8,0D000000010000003D0000000300000002000000030000000000000002000000
ruRU/patch-ruRU-4.mpq,CharacterFacialHairStyles,4088,13,0xD,32,8,0D000000010000003E0000000300000003000000030000000000000002000000
ruRU/patch-ruRU-4.mpq,CharacterFacialHairStyles,4089,13,0xD,32,8,0D000000010000003F0000000300000004000000030000000000000002000000
ruRU/patch-ruRU-4.mpq,CharacterFacialHairStyles,4090,13,0xD,32,8,0D00000001000000400000000300000005000000030000000000000002000000
ruRU/patch-ruRU-4.mpq,CharacterFacialHairStyles,4091,13,0xD,32,8,0D00000001000000410000000300000006000000030000000000000002000000
ruRU/patch-ruRU-4.mpq,CharacterFacialHairStyles,4092,13,0xD,32,8,0D00000001000000420000000300000007000000030000000000000002000000
ruRU/patch-ruRU-4.mpq,CharacterFacialHairStyles,4093,13,0xD,32,8,0D00000001000000430000000300000008000000030000000000000002000000
ruRU/patch-ruRU-4.mpq,CharacterFacialHairStyles,4094,13,0xD,32,8,0D00000001000000440000000300000009000000030000000000000002000000
ruRU/patch-ruRU-4.mpq,CharacterFacialHairStyles,4095,13,0xD,32,8,0D0000000100000045000000030000000A000000030000000000000002000000
ruRU/patch-ruRU-4.mpq,CharacterFacialHairStyles,4096,13,0xD,32,8,0D0000000100000046000000030000000B000000030000000000000002000000
ruRU/patch-ruRU-4.mpq,CharacterFacialHairStyles,4097,13,0xD,32,8,0D0000000100000047000000030000000C000000030000000000000002000000
ruRU/patch-ruRU-4.mpq,CharacterFacialHairStyles,4098,13,0xD,32,8,0D00000001000000480000000300000001000000040000000000000002000000
ruRU/patch-ruRU-4.mpq,CharacterFacialHairStyles,4099,13,0xD,32,8,0D00000001000000490000000300000002000000040000000000000002000000
ruRU/patch-ruRU-4.mpq,CharacterFacialHairStyles,4100,13,0xD,32,8,0D000000010000004A0000000300000003000000040000000000000002000000
ruRU/patch-ruRU-4.mpq,CharacterFacialHairStyles,4101,13,0xD,32,8,0D000000010000004B0000000300000004000000040000000000000002000000
ruRU/patch-ruRU-4.mpq,CharacterFacialHairStyles,4102,13,0xD,32,8,0D000000010000004C0000000300000005000000040000000000000002000000
ruRU/patch-ruRU-4.mpq,CharacterFacialHairStyles,4103,13,0xD,32,8,0D000000010000004D0000000300000006000000040000000000000002000000
ruRU/patch-ruRU-4.mpq,CharacterFacialHairStyles,4104,13,0xD,32,8,0D000000010000004E0000000300000007000000040000000000000002000000
ruRU/patch-ruRU-4.mpq,CharacterFacialHairStyles,4105,13,0xD,32,8,0D000000010000004F0000000300000008000000040000000000000002000000
ruRU/patch-ruRU-4.mpq,CharacterFacialHairStyles,4106,13,0xD,32,8,0D00000001000000500000000300000009000000040000000000000002000000
ruRU/patch-ruRU-4.mpq,CharacterFacialHairStyles,4107,13,0xD,32,8,0D0000000100000051000000030000000A000000040000000000000002000000
ruRU/patch-ruRU-4.mpq,CharacterFacialHairStyles,4108,13,0xD,32,8,0D0000000100000052000000030000000B000000040000000000000002000000
ruRU/patch-ruRU-4.mpq,CharacterFacialHairStyles,4109,13,0xD,32,8,0D0000000100000053000000030000000C000000040000000000000002000000
ruRU/patch-ruRU-4.mpq,CharacterFacialHairStyles,4110,13,0xD,32,8,0D00000001000000540000000300000001000000050000000000000002000000
ruRU/patch-ruRU-4.mpq,CharacterFacialHairStyles,4111,13,0xD,32,8,0D00000001000000550000000300000002000000050000000000000002000000
ruRU/patch-ruRU-4.mpq,CharacterFacialHairStyles,4112,13,0xD,32,8,0D00000001000000560000000300000003000000050000000000000002000000
ruRU/patch-ruRU-4.mpq,CharacterFacialHairStyles,4113,13,0xD,32,8,0D00000001000000570000000300000004000000050000000000000002000000
ruRU/patch-ruRU-4.mpq,CharacterFacialHairStyles,4114,13,0xD,32,8,0D00000001000000580000000300000005000000050000000000000002000000
ruRU/patch-ruRU-4.mpq,CharacterFacialHairStyles,4115,13,0xD,32,8,0D00000001000000590000000300000006000000050000000000000002000000
ruRU/patch-ruRU-4.mpq,CharacterFacialHairStyles,4116,13,0xD,32,8,0D000000010000005A0000000300000007000000050000000000000002000000
ruRU/patch-ruRU-4.mpq,CharacterFacialHairStyles,4117,13,0xD,32,8,0D000000010000005B0000000300000008000000050000000000000002000000
ruRU/patch-ruRU-4.mpq,CharacterFacialHairStyles,4118,13,0xD,32,8,0D000000010000005C0000000300000009000000050000000000000002000000
ruRU/patch-ruRU-4.mpq,CharacterFacialHairStyles,4119,13,0xD,32,8,0D000000010000005D000000030000000A000000050000000000000002000000
ruRU/patch-ruRU-4.mpq,CharacterFacialHairStyles,4120,13,0xD,32,8,0D000000010000005E000000030000000B000000050000000000000002000000
ruRU/patch-ruRU-4.mpq,CharacterFacialHairStyles,4121,13,0xD,32,8,0D000000010000005F000000030000000C000000050000000000000002000000
ruRU/patch-ruRU-4.mpq,CharacterFacialHairStyles,4122,13,0xD,32,8,0D00000001000000600000000400000001000000020000000000000002000000
ruRU/patch-ruRU-4.mpq,CharacterFacialHairStyles,4123,13,0xD,32,8,0D00000001000000610000000400000002000000020000000000000002000000
ruRU/patch-ruRU-4.mpq,CharacterFacialHairStyles,4124,13,0xD,32,8,0D00000001000000620000000400000003000000020000000000000002000000
ruRU/patch-ruRU-4.mpq,CharacterFacialHairStyles,4125,13,0xD,32,8,0D00000001000000630000000400000004000000020000000000000002000000
ruRU/patch-ruRU-4.mpq,CharacterFacialHairStyles,4126,13,0xD,32,8,0D00000001000000640000000400000005000000020000000000000002000000
ruRU/patch-ruRU-4.mpq,CharacterFacialHairStyles,4127,13,0xD,32,8,0D00000001000000650000000400000006000000020000000000000002000000
ruRU/patch-ruRU-4.mpq,CharacterFacialHairStyles,4128,13,0xD,32,8,0D00000001000000660000000400000007000000020000000000000002000000
ruRU/patch-ruRU-4.mpq,CharacterFacialHairStyles,4129,13,0xD,32,8,0D00000001000000670000000400000008000000020000000000000002000000
ruRU/patch-ruRU-4.mpq,CharacterFacialHairStyles,4130,13,0xD,32,8,0D00000001000000680000000400000009000000020000000000000002000000
ruRU/patch-ruRU-4.mpq,CharacterFacialHairStyles,4131,13,0xD,32,8,0D0000000100000069000000040000000A000000020000000000000002000000
ruRU/patch-ruRU-4.mpq,CharacterFacialHairStyles,4132,13,0xD,32,8,0D000000010000006A000000040000000B000000020000000000000002000000
ruRU/patch-ruRU-4.mpq,CharacterFacialHairStyles,4133,13,0xD,32,8,0D000000010000006B000000040000000C000000020000000000000002000000
ruRU/patch-ruRU-4.mpq,CharacterFacialHairStyles,4134,13,0xD,32,8,0D000000010000006C0000000400000001000000030000000000000002000000
ruRU/patch-ruRU-4.mpq,CharacterFacialHairStyles,4135,13,0xD,32,8,0D000000010000006D0000000400000002000000030000000000000002000000
ruRU/patch-ruRU-4.mpq,CharacterFacialHairStyles,4136,13,0xD,32,8,0D000000010000006E0000000400000003000000030000000000000002000000
ruRU/patch-ruRU-4.mpq,CharacterFacialHairStyles,4137,13,0xD,32,8,0D000000010000006F0000000400000004000000030000000000000002000000
ruRU/patch-ruRU-4.mpq,CharacterFacialHairStyles,4138,13,0xD,32,8,0D00000001000000700000000400000005000000030000000000000002000000
ruRU/patch-ruRU-4.mpq,CharacterFacialHairStyles,4139,13,0xD,32,8,0D00000001000000710000000400000006000000030000000000000002000000
ruRU/patch-ruRU-4.mpq,CharacterFacialHairStyles,4140,13,0xD,32,8,0D00000001000000720000000400000007000000030000000000000002000000
ruRU/patch-ruRU-4.mpq,CharacterFacialHairStyles,4141,13,0xD,32,8,0D00000001000000730000000400000008000000030000000000000002000000
ruRU/patch-ruRU-4.mpq,CharacterFacialHairStyles,4142,13,0xD,32,8,0D00000001000000740000000400000009000000030000000000000002000000
ruRU/patch-ruRU-4.mpq,CharacterFacialHairStyles,4143,13,0xD,32,8,0D0000000100000075000000040000000A000000030000000000000002000000
ruRU/patch-ruRU-4.mpq,CharacterFacialHairStyles,4144,13,0xD,32,8,0D0000000100000076000000040000000B000000030000000000000002000000
ruRU/patch-ruRU-4.mpq,CharacterFacialHairStyles,4145,13,0xD,32,8,0D0000000100000077000000040000000C000000030000000000000002000000
ruRU/patch-ruRU-4.mpq,CharacterFacialHairStyles,4146,13,0xD,32,8,0D00000001000000780000000400000001000000040000000000000002000000
ruRU/patch-ruRU-4.mpq,CharacterFacialHairStyles,4147,13,0xD,32,8,0D00000001000000790000000400000002000000040000000000000002000000
ruRU/patch-ruRU-4.mpq,CharacterFacialHairStyles,4148,13,0xD,32,8,0D000000010000007A0000000400000003000000040000000000000002000000
ruRU/patch-ruRU-4.mpq,CharacterFacialHairStyles,4149,13,0xD,32,8,0D000000010000007B0000000400000004000000040000000000000002000000
ruRU/patch-ruRU-4.mpq,CharacterFacialHairStyles,4150,13,0xD,32,8,0D000000010000007C0000000400000005000000040000000000000002000000
ruRU/patch-ruRU-4.mpq,CharacterFacialHairStyles,4151,13,0xD,32,8,0D000000010000007D0000000400000006000000040000000000000002000000
ruRU/patch-ruRU-4.mpq,CharacterFacialHairStyles,4152,13,0xD,32,8,0D000000010000007E0000000400000007000000040000000000000002000000
ruRU/patch-ruRU-4.mpq,CharacterFacialHairStyles,4153,13,0xD,32,8,0D000000010000007F0000000400000008000000040000000000000002000000
ruRU/patch-ruRU-4.mpq,CharacterFacialHairStyles,4154,13,0xD,32,8,0D00000001000000800000000400000009000000040000000000000002000000
ruRU/patch-ruRU-4.mpq,CharacterFacialHairStyles,4155,13,0xD,32,8,0D0000000100000081000000040000000A000000040000000000000002000000
ruRU/patch-ruRU-4.mpq,CharacterFacialHairStyles,4156,13,0xD,32,8,0D0000000100000082000000040000000B000000040000000000000002000000
ruRU/patch-ruRU-4.mpq,CharacterFacialHairStyles,4157,13,0xD,32,8,0D0000000100000083000000040000000C000000040000000000000002000000
ruRU/patch-ruRU-4.mpq,CharacterFacialHairStyles,4158,13,0xD,32,8,0D00000001000000840000000400000001000000050000000000000002000000
ruRU/patch-ruRU-4.mpq,CharacterFacialHairStyles,4159,13,0xD,32,8,0D00000001000000850000000400000002000000050000000000000002000000
ruRU/patch-ruRU-4.mpq,CharacterFacialHairStyles,4160,13,0xD,32,8,0D00000001000000860000000400000003000000050000000000000002000000
ruRU/patch-ruRU-4.mpq,CharacterFacialHairStyles,4161,13,0xD,32,8,0D00000001000000870000000400000004000000050000000000000002000000
ruRU/patch-ruRU-4.mpq,CharacterFacialHairStyles,4162,13,0xD,32,8,0D00000001000000880000000400000005000000050000000000000002000000
ruRU/patch-ruRU-4.mpq,CharacterFacialHairStyles,4163,13,0xD,32,8,0D00000001000000890000000400000006000000050000000000000002000000
ruRU/patch-ruRU-4.mpq,CharacterFacialHairStyles,4164,13,0xD,32,8,0D000000010000008A0000000400000007000000050000000000000002000000
ruRU/patch-ruRU-4.mpq,CharacterFacialHairStyles,4165,13,0xD,32,8,0D000000010000008B0000000400000008000000050000000000000002000000
ruRU/patch-ruRU-4.mpq,CharacterFacialHairStyles,4166,13,0xD,32,8,0D000000010000008C0000000400000009000000050000000000000002000000
ruRU/patch-ruRU-4.mpq,CharacterFacialHairStyles,4167,13,0xD,32,8,0D000000010000008D000000040000000A000000050000000000000002000000
ruRU/patch-ruRU-4.mpq,CharacterFacialHairStyles,4168,13,0xD,32,8,0D000000010000008E000000040000000B000000050000000000000002000000
ruRU/patch-ruRU-4.mpq,CharacterFacialHairStyles,4169,13,0xD,32,8,0D000000010000008F000000040000000C000000050000000000000002000000
ruRU/patch-ruRU-4.mpq,CharacterFacialHairStyles,4170,13,0xD,32,8,0D00000001000000900000000500000001000000020000000000000002000000
ruRU/patch-ruRU-4.mpq,CharacterFacialHairStyles,4171,13,0xD,32,8,0D00000001000000910000000500000002000000020000000000000002000000
ruRU/patch-ruRU-4.mpq,CharacterFacialHairStyles,4172,13,0xD,32,8,0D00000001000000920000000500000003000000020000000000000002000000
ruRU/patch-ruRU-4.mpq,CharacterFacialHairStyles,4173,13,0xD,32,8,0D00000001000000930000000500000004000000020000000000000002000000
ruRU/patch-ruRU-4.mpq,CharacterFacialHairStyles,4174,13,0xD,32,8,0D00000001000000940000000500000005000000020000000000000002000000
ruRU/patch-ruRU-4.mpq,CharacterFacialHairStyles,4175,13,0xD,32,8,0D00000001000000950000000500000006000000020000000000000002000000
ruRU/patch-ruRU-4.mpq,CharacterFacialHairStyles,4176,13,0xD,32,8,0D00000001000000960000000500000007000000020000000000000002000000
ruRU/patch-ruRU-4.mpq,CharacterFacialHairStyles,4177,13,0xD,32,8,0D00000001000000970000000500000008000000020000000000000002000000
ruRU/patch-ruRU-4.mpq,CharacterFacialHairStyles,4178,13,0xD,32,8,0D00000001000000980000000500000009000000020000000000000002000000
ruRU/patch-ruRU-4.mpq,CharacterFacialHairStyles,4179,13,0xD,32,8,0D0000000100000099000000050000000A000000020000000000000002000000
ruRU/patch-ruRU-4.mpq,CharacterFacialHairStyles,4180,13,0xD,32,8,0D000000010000009A000000050000000B000000020000000000000002000000
ruRU/patch-ruRU-4.mpq,CharacterFacialHairStyles,4181,13,0xD,32,8,0D000000010000009B000000050000000C000000020000000000000002000000
ruRU/patch-ruRU-4.mpq,CharacterFacialHairStyles,4182,13,0xD,32,8,0D000000010000009C0000000500000001000000030000000000000002000000
ruRU/patch-ruRU-4.mpq,CharacterFacialHairStyles,4183,13,0xD,32,8,0D000000010000009D0000000500000002000000030000000000000002000000
ruRU/patch-ruRU-4.mpq,CharacterFacialHairStyles,4184,13,0xD,32,8,0D000000010000009E0000000500000003000000030000000000000002000000
ruRU/patch-ruRU-4.mpq,CharacterFacialHairStyles,4185,13,0xD,32,8,0D000000010000009F0000000500000004000000030000000000000002000000
ruRU/patch-ruRU-4.mpq,CharacterFacialHairStyles,4186,13,0xD,32,8,0D00000001000000A00000000500000005000000030000000000000002000000
ruRU/patch-ruRU-4.mpq,CharacterFacialHairStyles,4187,13,0xD,32,8,0D00000001000000A10000000500000006000000030000000000000002000000
ruRU/patch-ruRU-4.mpq,CharacterFacialHairStyles,4188,13,0xD,32,8,0D00000001000000A20000000500000007000000030000000000000002000000
ruRU/patch-ruRU-4.mpq,CharacterFacialHairStyles,4189,13,0xD,32,8,0D00000001000000A30000000500000008000000030000000000000002000000
ruRU/patch-ruRU-4.mpq,CharacterFacialHairStyles,4190,13,0xD,32,8,0D00000001000000A40000000500000009000000030000000000000002000000
ruRU/patch-ruRU-4.mpq,CharacterFacialHairStyles,4191,13,0xD,32,8,0D00000001000000A5000000050000000A000000030000000000000002000000
ruRU/patch-ruRU-4.mpq,CharacterFacialHairStyles,4192,13,0xD,32,8,0D00000001000000A6000000050000000B000000030000000000000002000000
ruRU/patch-ruRU-4.mpq,CharacterFacialHairStyles,4193,13,0xD,32,8,0D00000001000000A7000000050000000C000000030000000000000002000000
ruRU/patch-ruRU-4.mpq,CharacterFacialHairStyles,4194,13,0xD,32,8,0D00000001000000A80000000500000001000000040000000000000002000000
ruRU/patch-ruRU-4.mpq,CharacterFacialHairStyles,4195,13,0xD,32,8,0D00000001000000A90000000500000002000000040000000000000002000000
ruRU/patch-ruRU-4.mpq,CharacterFacialHairStyles,4196,13,0xD,32,8,0D00000001000000AA0000000500000003000000040000000000000002000000
ruRU/patch-ruRU-4.mpq,CharacterFacialHairStyles,4197,13,0xD,32,8,0D00000001000000AB0000000500000004000000040000000000000002000000
ruRU/patch-ruRU-4.mpq,CharacterFacialHairStyles,4198,13,0xD,32,8,0D00000001000000AC0000000500000005000000040000000000000002000000
ruRU/patch-ruRU-4.mpq,CharacterFacialHairStyles,4199,13,0xD,32,8,0D00000001000000AD0000000500000006000000040000000000000002000000
ruRU/patch-ruRU-4.mpq,CharacterFacialHairStyles,4200,13,0xD,32,8,0D00000001000000AE0000000500000007000000040000000000000002000000
ruRU/patch-ruRU-4.mpq,CharacterFacialHairStyles,4201,13,0xD,32,8,0D00000001000000AF0000000500000008000000040000000000000002000000
ruRU/patch-ruRU-4.mpq,CharacterFacialHairStyles,4202,13,0xD,32,8,0D00000001000000B00000000500000009000000040000000000000002000000
ruRU/patch-ruRU-4.mpq,CharacterFacialHairStyles,4203,13,0xD,32,8,0D00000001000000B1000000050000000A000000040000000000000002000000
ruRU/patch-ruRU-4.mpq,CharacterFacialHairStyles,4204,13,0xD,32,8,0D00000001000000B2000000050000000B000000040000000000000002000000
ruRU/patch-ruRU-4.mpq,CharacterFacialHairStyles,4205,13,0xD,32,8,0D00000001000000B3000000050000000C000000040000000000000002000000
ruRU/patch-ruRU-4.mpq,CharacterFacialHairStyles,4206,13,0xD,32,8,0D00000001000000B40000000500000001000000050000000000000002000000
ruRU/patch-ruRU-4.mpq,CharacterFacialHairStyles,4207,13,0xD,32,8,0D00000001000000B50000000500000002000000050000000000000002000000
ruRU/patch-ruRU-4.mpq,CharacterFacialHairStyles,4208,13,0xD,32,8,0D00000001000000B60000000500000003000000050000000000000002000000
ruRU/patch-ruRU-4.mpq,CharacterFacialHairStyles,4209,13,0xD,32,8,0D00000001000000B70000000500000004000000050000000000000002000000
ruRU/patch-ruRU-4.mpq,CharacterFacialHairStyles,4210,13,0xD,32,8,0D00000001000000B80000000500000005000000050000000000000002000000
ruRU/patch-ruRU-4.mpq,CharacterFacialHairStyles,4211,13,0xD,32,8,0D00000001000000B90000000500000006000000050000000000000002000000
ruRU/patch-ruRU-4.mpq,CharacterFacialHairStyles,4212,13,0xD,32,8,0D00000001000000BA0000000500000007000000050000000000000002000000
ruRU/patch-ruRU-4.mpq,CharacterFacialHairStyles,4213,13,0xD,32,8,0D00000001000000BB0000000500000008000000050000000000000002000000
ruRU/patch-ruRU-4.mpq,CharacterFacialHairStyles,4214,13,0xD,32,8,0D00000001000000BC0000000500000009000000050000000000000002000000
ruRU/patch-ruRU-4.mpq,CharacterFacialHairStyles,4215,13,0xD,32,8,0D00000001000000BD000000050000000A000000050000000000000002000000
ruRU/patch-ruRU-4.mpq,CharacterFacialHairStyles,4216,13,0xD,32,8,0D00000001000000BE000000050000000B000000050000000000000002000000
ruRU/patch-ruRU-4.mpq,CharacterFacialHairStyles,4217,13,0xD,32,8,0D00000001000000BF000000050000000C000000050000000000000002000000
ruRU/patch-ruRU-4.mpq,CharacterFacialHairStyles,4218,13,0xD,32,8,0D00000001000000C00000000600000001000000020000000000000002000000
ruRU/patch-ruRU-4.mpq,CharacterFacialHairStyles,4219,13,0xD,32,8,0D00000001000000C10000000600000002000000020000000000000002000000
ruRU/patch-ruRU-4.mpq,CharacterFacialHairStyles,4220,13,0xD,32,8,0D00000001000000C20000000600000003000000020000000000000002000000
ruRU/patch-ruRU-4.mpq,CharacterFacialHairStyles,4221,13,0xD,32,8,0D00000001000000C30000000600000004000000020000000000000002000000
ruRU/patch-ruRU-4.mpq,CharacterFacialHairStyles,4222,13,0xD,32,8,0D00000001000000C40000000600000005000000020000000000000002000000
ruRU/patch-ruRU-4.mpq,CharacterFacialHairStyles,4223,13,0xD,32,8,0D00000001000000C50000000600000006000000020000000000000002000000
ruRU/patch-ruRU-4.mpq,CharacterFacialHairStyles,4224,13,0xD,32,8,0D00000001000000C60000000600000007000000020000000000000002000000
ruRU/patch-ruRU-4.mpq,CharacterFacialHairStyles,4225,13,0xD,32,8,0D00000001000000C70000000600000008000000020000000000000002000000
ruRU/patch-ruRU-4.mpq,CharacterFacialHairStyles,4226,13,0xD,32,8,0D00000001000000C80000000600000009000000020000000000000002000000
ruRU/patch-ruRU-4.mpq,CharacterFacialHairStyles,4227,13,0xD,32,8,0D00000001000000C9000000060000000A000000020000000000000002000000
ruRU/patch-ruRU-4.mpq,CharacterFacialHairStyles,4228,13,0xD,32,8,0D00000001000000CA000000060000000B000000020000000000000002000000
ruRU/patch-ruRU-4.mpq,CharacterFacialHairStyles,4229,13,0xD,32,8,0D00000001000000CB000000060000000C000000020000000000000002000000
ruRU/patch-ruRU-4.mpq,CharacterFacialHairStyles,4230,13,0xD,32,8,0D00000001000000CC0000000600000001000000030000000000000002000000
ruRU/patch-ruRU-4.mpq,CharacterFacialHairStyles,4231,13,0xD,32,8,0D00000001000000CD0000000600000002000000030000000000000002000000
ruRU/patch-ruRU-4.mpq,CharacterFacialHairStyles,4232,13,0xD,32,8,0D00000001000000CE0000000600000003000000030000000000000002000000
ruRU/patch-ruRU-4.mpq,CharacterFacialHairStyles,4233,13,0xD,32,8,0D00000001000000CF0000000600000004000000030000000000000002000000
ruRU/patch-ruRU-4.mpq,CharacterFacialHairStyles,4234,13,0xD,32,8,0D00000001000000D00000000600000005000000030000000000000002000000
ruRU/patch-ruRU-4.mpq,CharacterFacialHairStyles,4235,13,0xD,32,8,0D00000001000000D10000000600000006000000030000000000000002000000
ruRU/patch-ruRU-4.mpq,CharacterFacialHairStyles,4236,13,0xD,32,8,0D00000001000000D20000000600000007000000030000000000000002000000
ruRU/patch-ruRU-4.mpq,CharacterFacialHairStyles,4237,13,0xD,32,8,0D00000001000000D30000000600000008000000030000000000000002000000
ruRU/patch-ruRU-4.mpq,CharacterFacialHairStyles,4238,13,0xD,32,8,0D00000001000000D40000000600000009000000030000000000000002000000
ruRU/patch-ruRU-4.mpq,CharacterFacialHairStyles,4239,13,0xD,32,8,0D00000001000000D5000000060000000A000000030000000000000002000000
ruRU/patch-ruRU-4.mpq,CharacterFacialHairStyles,4240,13,0xD,32,8,0D00000001000000D6000000060000000B000000030000000000000002000000
ruRU/patch-ruRU-4.mpq,CharacterFacialHairStyles,4241,13,0xD,32,8,0D00000001000000D7000000060000000C000000030000000000000002000000
ruRU/patch-ruRU-4.mpq,CharacterFacialHairStyles,4242,13,0xD,32,8,0D00000001000000D80000000600000001000000040000000000000002000000
ruRU/patch-ruRU-4.mpq,CharacterFacialHairStyles,4243,13,0xD,32,8,0D00000001000000D90000000600000002000000040000000000000002000000
ruRU/patch-ruRU-4.mpq,CharacterFacialHairStyles,4244,13,0xD,32,8,0D00000001000000DA0000000600000003000000040000000000000002000000
ruRU/patch-ruRU-4.mpq,CharacterFacialHairStyles,4245,13,0xD,32,8,0D00000001000000DB0000000600000004000000040000000000000002000000
ruRU/patch-ruRU-4.mpq,CharacterFacialHairStyles,4246,13,0xD,32,8,0D00000001000000DC0000000600000005000000040000000000000002000000
ruRU/patch-ruRU-4.mpq,CharacterFacialHairStyles,4247,13,0xD,32,8,0D00000001000000DD0000000600000006000000040000000000000002000000
ruRU/patch-ruRU-4.mpq,CharacterFacialHairStyles,4248,13,0xD,32,8,0D00000001000000DE0000000600000007000000040000000000000002000000
ruRU/patch-ruRU-4.mpq,CharacterFacialHairStyles,4249,13,0xD,32,8,0D00000001000000DF0000000600000008000000040000000000000002000000
ruRU/patch-ruRU-4.mpq,CharacterFacialHairStyles,4250,13,0xD,32,8,0D00000001000000E00000000600000009000000040000000000000002000000
ruRU/patch-ruRU-4.mpq,CharacterFacialHairStyles,4251,13,0xD,32,8,0D00000001000000E1000000060000000A000000040000000000000002000000
ruRU/patch-ruRU-4.mpq,CharacterFacialHairStyles,4252,13,0xD,32,8,0D00000001000000E2000000060000000B000000040000000000000002000000
ruRU/patch-ruRU-4.mpq,CharacterFacialHairStyles,4253,13,0xD,32,8,0D00000001000000E3000000060000000C000000040000000000000002000000
ruRU/patch-ruRU-4.mpq,CharacterFacialHairStyles,4254,13,0xD,32,8,0D00000001000000E40000000600000001000000050000000000000002000000
ruRU/patch-ruRU-4.mpq,CharacterFacialHairStyles,4255,13,0xD,32,8,0D00000001000000E50000000600000002000000050000000000000002000000
ruRU/patch-ruRU-4.mpq,CharacterFacialHairStyles,4256,13,0xD,32,8,0D00000001000000E60000000600000003000000050000000000000002000000
ruRU/patch-ruRU-4.mpq,CharacterFacialHairStyles,4257,13,0xD,32,8,0D00000001000000E70000000600000004000000050000000000000002000000
ruRU/patch-ruRU-4.mpq,CharacterFacialHairStyles,4258,13,0xD,32,8,0D00000001000000E80000000600000005000000050000000000000002000000
ruRU/patch-ruRU-4.mpq,CharacterFacialHairStyles,4259,13,0xD,32,8,0D00000001000000E90000000600000006000000050000000000000002000000
ruRU/patch-ruRU-4.mpq,CharacterFacialHairStyles,4260,13,0xD,32,8,0D00000001000000EA0000000600000007000000050000000000000002000000
ruRU/patch-ruRU-4.mpq,CharacterFacialHairStyles,4261,13,0xD,32,8,0D00000001000000EB0000000600000008000000050000000000000002000000
ruRU/patch-ruRU-4.mpq,CharacterFacialHairStyles,4262,13,0xD,32,8,0D00000001000000EC0000000600000009000000050000000000000002000000
ruRU/patch-ruRU-4.mpq,CharacterFacialHairStyles,4263,13,0xD,32,8,0D00000001000000ED000000060000000A000000050000000000000002000000
ruRU/patch-ruRU-4.mpq,CharacterFacialHairStyles,4264,13,0xD,32,8,0D00000001000000EE000000060000000B000000050000000000000002000000
ruRU/patch-ruRU-4.mpq,CharacterFacialHairStyles,4265,13,0xD,32,8,0D00000001000000EF000000060000000C000000050000000000000002000000
ruRU/patch-ruRU-4.mpq,NameGen,10970,13,0xD,16,4,EA510000640701000D00000000000000
ruRU/patch-ruRU-4.mpq,NameGen,10971,13,0xD,16,4,EB5100006B0701000D00000000000000
ruRU/patch-ruRU-4.mpq,NameGen,10972,13,0xD,16,4,EC510000730701000D00000000000000
ruRU/patch-ruRU-4.mpq,NameGen,10973,13,0xD,16,4,ED510000780701000D00000000000000
ruRU/patch-ruRU-4.mpq,NameGen,10974,13,0xD,16,4,EE5100007F0701000D00000000000000
ruRU/patch-ruRU-4.mpq,NameGen,10975,13,0xD,16,4,EF510000860701000D00000000000000
ruRU/patch-ruRU-4.mpq,NameGen,10976,13,0xD,16,4,F05100008C0701000D00000000000000
ruRU/patch-ruRU-4.mpq,NameGen,10977,13,0xD,16,4,F1510000920701000D00000000000000
ruRU/patch-ruRU-4.mpq,NameGen,10978,13,0xD,16,4,F2510000990701000D00000000000000
ruRU/patch-ruRU-4.mpq,NameGen,10979,13,0xD,16,4,F3510000A00701000D00000000000000
ruRU/patch-ruRU-4.mpq,NameGen,10980,13,0xD,16,4,F4510000A60701000D00000000000000
ruRU/patch-ruRU-4.mpq,NameGen,10981,13,0xD,16,4,F5510000AD0701000D00000000000000
ruRU/patch-ruRU-4.mpq,NameGen,10982,13,0xD,16,4,F6510000B40701000D00000000000000
ruRU/patch-ruRU-4.mpq,NameGen,10983,13,0xD,16,4,F7510000BC0701000D00000000000000
ruRU/patch-ruRU-4.mpq,NameGen,10984,13,0xD,16,4,F8510000C30701000D00000000000000
ruRU/patch-ruRU-4.mpq,NameGen,10985,13,0xD,16,4,F9510000CC0701000D00000000000000
ruRU/patch-ruRU-4.mpq,NameGen,10986,13,0xD,16,4,FA510000D60701000D00000000000000
ruRU/patch-ruRU-4.mpq,NameGen,10987,13,0xD,16,4,FB510000DE0701000D00000000000000
ruRU/patch-ruRU-4.mpq,NameGen,10988,13,0xD,16,4,FC510000E60701000D00000000000000
ruRU/patch-ruRU-4.mpq,NameGen,10989,13,0xD,16,4,FD510000EE0701000D00000000000000
ruRU/patch-ruRU-4.mpq,NameGen,10990,13,0xD,16,4,FE510000F60701000D00000000000000
ruRU/patch-ruRU-4.mpq,NameGen,10991,13,0xD,16,4,FF510000FE0701000D00000000000000
ruRU/patch-ruRU-4.mpq,NameGen,10992,13,0xD,16,4,00520000070801000D00000000000000
ruRU/patch-ruRU-4.mpq,NameGen,10993,13,0xD,16,4,01520000100801000D00000000000000
ruRU/patch-ruRU-4.mpq,NameGen,10994,13,0xD,16,4,02520000180801000D00000000000000
ruRU/patch-ruRU-4.mpq,NameGen,10995,13,0xD,16,4,03520000200801000D00000000000000
ruRU/patch-ruRU-4.mpq,NameGen,10996,13,0xD,16,4,04520000280801000D00000000000000
ruRU/patch-ruRU-4.mpq,NameGen,10997,13,0xD,16,4,05520000300801000D00000000000000
ruRU/patch-ruRU-4.mpq,NameGen,10998,13,0xD,16,4,06520000380801000D00000000000000
ruRU/patch-ruRU-4.mpq,NameGen,10999,13,0xD,16,4,07520000410801000D00000000000000
ruRU/patch-ruRU-4.mpq,NameGen,11000,13,0xD,16,4,08520000470801000D00000000000000
ruRU/patch-ruRU-4.mpq,NameGen,11001,13,0xD,16,4,095200004F0801000D00000000000000
ruRU/patch-ruRU-4.mpq,NameGen,11002,13,0xD,16,4,0A520000570801000D00000000000000
ruRU/patch-ruRU-4.mpq,NameGen,11003,13,0xD,16,4,0B5200005E0801000D00000000000000
ruRU/patch-ruRU-4.mpq,NameGen,11004,13,0xD,16,4,0C520000650801000D00000000000000
ruRU/patch-ruRU-4.mpq,NameGen,11005,13,0xD,16,4,0D5200006D0801000D00000000000000
ruRU/patch-ruRU-4.mpq,NameGen,11006,13,0xD,16,4,0E520000750801000D00000000000000
ruRU/patch-ruRU-4.mpq,NameGen,11007,13,0xD,16,4,0F5200007C0801000D00000000000000
ruRU/patch-ruRU-4.mpq,NameGen,11008,13,0xD,16,4,10520000840801000D00000000000000
ruRU/patch-ruRU-4.mpq,NameGen,11009,13,0xD,16,4,115200008C0801000D00000000000000
ruRU/patch-ruRU-4.mpq,NameGen,11010,13,0xD,16,4,12520000950801000D00000000000000
ruRU/patch-ruRU-4.mpq,NameGen,11011,13,0xD,16,4,135200009E0801000D00000000000000
ruRU/patch-ruRU-4.mpq,NameGen,11012,13,0xD,16,4,14520000A80801000D00000000000000
ruRU/patch-ruRU-4.mpq,NameGen,11013,13,0xD,16,4,15520000AF0801000D00000000000000
ruRU/patch-ruRU-4.mpq,NameGen,11014,13,0xD,16,4,16520000B80801000D00000000000000
ruRU/patch-ruRU-4.mpq,NameGen,11015,13,0xD,16,4,17520000C10801000D00000000000000
ruRU/patch-ruRU-4.mpq,NameGen,11016,13,0xD,16,4,18520000C90801000D00000000000000
ruRU/patch-ruRU-4.mpq,NameGen,11017,13,0xD,16,4,19520000D10801000D00000000000000
ruRU/patch-ruRU-4.mpq,NameGen,11018,13,0xD,16,4,1A520000DA0801000D00000000000000
ruRU/patch-ruRU-4.mpq,NameGen,11019,13,0xD,16,4,1B520000E30801000D00000000000000
ruRU/patch-ruRU-4.mpq,NameGen,11020,13,0xD,16,4,1C520000EB0801000D00000000000000
ruRU/patch-ruRU-4.mpq,NameGen,11021,13,0xD,16,4,1D520000F40801000D00000000000000
ruRU/patch-ruRU-4.mpq,NameGen,11022,13,0xD,16,4,1E520000FD0801000D00000000000000
ruRU/patch-ruRU-4.mpq,NameGen,11023,13,0xD,16,4,1F520000070901000D00000000000000
ruRU/patch-ruRU-4.mpq,NameGen,11024,13,0xD,16,4,205200000E0901000D00000000000000
ruRU/patch-ruRU-4.mpq,NameGen,11025,13,0xD,16,4,21520000160901000D00000000000000
ruRU/patch-ruRU-4.mpq,NameGen,11026,13,0xD,16,4,225200001B0901000D00000000000000
ruRU/patch-ruRU-4.mpq,NameGen,11027,13,0xD,16,4,23520000220901000D00000000000000
ruRU/patch-ruRU-4.mpq,NameGen,11028,13,0xD,16,4,24520000290901000D00000000000000
ruRU/patch-ruRU-4.mpq,NameGen,11029,13,0xD,16,4,255200002F0901000D00000000000000
ruRU/patch-ruRU-4.mpq,NameGen,11030,13,0xD,16,4,26520000350901000D00000000000000
ruRU/patch-ruRU-4.mpq,NameGen,11031,13,0xD,16,4,275200003C0901000D00000000000000
ruRU/patch-ruRU-4.mpq,NameGen,11032,13,0xD,16,4,28520000430901000D00000000000000
ruRU/patch-ruRU-4.mpq,NameGen,11033,13,0xD,16,4,29520000490901000D00000000000000
ruRU/patch-ruRU-4.mpq,NameGen,11034,13,0xD,16,4,2A520000500901000D00000000000000
ruRU/patch-ruRU-4.mpq,NameGen,11035,13,0xD,16,4,2B520000570901000D00000000000000
ruRU/patch-ruRU-4.mpq,NameGen,11036,13,0xD,16,4,2C5200005F0901000D00000000000000
ruRU/patch-ruRU-4.mpq,NameGen,11037,13,0xD,16,4,2D520000670901000D00000000000000
ruRU/patch-ruRU-4.mpq,NameGen,11038,13,0xD,16,4,2E520000700901000D00000000000000
ruRU/patch-ruRU-4.mpq,NameGen,11039,13,0xD,16,4,2F520000760901000D00000000000000
ruRU/patch-ruRU-4.mpq,NameGen,11040,13,0xD,16,4,305200007E0901000D00000000000000
ruRU/patch-ruRU-4.mpq,NameGen,11041,13,0xD,16,4,31520000860901000D00000000000000
ruRU/patch-ruRU-4.mpq,NameGen,11042,13,0xD,16,4,325200008D0901000D00000000000000
ruRU/patch-ruRU-4.mpq,NameGen,11043,13,0xD,16,4,33520000940901000D00000000000000
ruRU/patch-ruRU-4.mpq,NameGen,11044,13,0xD,16,4,345200009C0901000D00000000000000
ruRU/patch-ruRU-4.mpq,NameGen,11045,13,0xD,16,4,35520000A40901000D00000000000000
ruRU/patch-ruRU-4.mpq,NameGen,11046,13,0xD,16,4,36520000AB0901000D00000000000000
ruRU/patch-ruRU-4.mpq,NameGen,11047,13,0xD,16,4,37520000B30901000D00000000000000
ruRU/patch-ruRU-4.mpq,NameGen,11048,13,0xD,16,4,38520000BB0901000D00000000000000
ruRU/patch-ruRU-4.mpq,NameGen,11049,13,0xD,16,4,39520000C40901000D00000000000000
ruRU/patch-ruRU-4.mpq,NameGen,11050,13,0xD,16,4,3A520000CD0901000D00000000000000
ruRU/patch-ruRU-4.mpq,NameGen,11051,13,0xD,16,4,3B520000D70901000D00000000000000
ruRU/patch-ruRU-4.mpq,NameGen,11052,13,0xD,16,4,3C520000DE0901000D00000000000000
ruRU/patch-ruRU-4.mpq,NameGen,11053,13,0xD,16,4,3D520000E70901000D00000000000000
ruRU/patch-ruRU-4.mpq,NameGen,11054,13,0xD,16,4,3E520000F00901000D00000000000000
ruRU/patch-ruRU-4.mpq,NameGen,11055,13,0xD,16,4,3F520000F80901000D00000000000000
ruRU/patch-ruRU-4.mpq,NameGen,11056,13,0xD,16,4,40520000010A01000D00000000000000
ruRU/patch-ruRU-4.mpq,NameGen,11057,13,0xD,16,4,415200000A0A01000D00000000000000
ruRU/patch-ruRU-4.mpq,NameGen,11058,13,0xD,16,4,42520000120A01000D00000000000000
ruRU/patch-ruRU-4.mpq,NameGen,11059,13,0xD,16,4,435200001B0A01000D00000000000000
ruRU/patch-ruRU-4.mpq,NameGen,11060,13,0xD,16,4,44520000240A01000D00000000000000
ruRU/patch-ruRU-4.mpq,NameGen,11061,13,0xD,16,4,455200002E0A01000D00000000000000
ruRU/patch-ruRU-4.mpq,NameGen,11062,13,0xD,16,4,46520000360A01000D00000000000000
ruRU/patch-ruRU-4.mpq,NameGen,11063,13,0xD,16,4,475200003F0A01000D00000000000000
ruRU/patch-ruRU-4.mpq,NameGen,11064,13,0xD,16,4,48520000450A01000D00000000000000
ruRU/patch-ruRU-4.mpq,NameGen,11065,13,0xD,16,4,495200004D0A01000D00000000000000
ruRU/patch-ruRU-4.mpq,NameGen,11066,13,0xD,16,4,4A520000550A01000D00000000000000
ruRU/patch-ruRU-4.mpq,NameGen,11067,13,0xD,16,4,4B5200005C0A01000D00000000000000
ruRU/patch-ruRU-4.mpq,NameGen,11068,13,0xD,16,4,4C520000630A01000D00000000000000
ruRU/patch-ruRU-4.mpq,NameGen,11069,13,0xD,16,4,4D5200006B0A01000D00000000000000
ruRU/patch-ruRU-4.mpq,NameGen,11070,13,0xD,16,4,4E520000730A01000D00000000000000
ruRU/patch-ruRU-4.mpq,NameGen,11071,13,0xD,16,4,4F5200007A0A01000D00000000000000
ruRU/patch-ruRU-4.mpq,NameGen,11072,13,0xD,16,4,50520000820A01000D00000000000000
ruRU/patch-ruRU-4.mpq,NameGen,11073,13,0xD,16,4,515200008A0A01000D00000000000000
ruRU/patch-ruRU-4.mpq,NameGen,11074,13,0xD,16,4,52520000930A01000D00000000000000
ruRU/patch-ruRU-4.mpq,NameGen,11075,13,0xD,16,4,535200009A0A01000D00000000000000
ruRU/patch-ruRU-4.mpq,NameGen,11076,13,0xD,16,4,54520000A20A01000D00000000000000
ruRU/patch-ruRU-4.mpq,NameGen,11077,13,0xD,16,4,55520000A70A01000D00000000000000
ruRU/patch-ruRU-4.mpq,NameGen,11078,13,0xD,16,4,56520000AE0A01000D00000000000000
ruRU/patch-ruRU-4.mpq,NameGen,11079,13,0xD,16,4,57520000B50A01000D00000000000000
ruRU/patch-ruRU-4.mpq,NameGen,11080,13,0xD,16,4,58520000BB0A01000D00000000000000
ruRU/patch-ruRU-4.mpq,NameGen,11081,13,0xD,16,4,59520000C10A01000D00000000000000
ruRU/patch-ruRU-4.mpq,NameGen,11082,13,0xD,16,4,5A520000C80A01000D00000000000000
ruRU/patch-ruRU-4.mpq,NameGen,11083,13,0xD,16,4,5B520000CF0A01000D00000000000000
ruRU/patch-ruRU-4.mpq,NameGen,11084,13,0xD,16,4,5C520000D50A01000D00000000000000
ruRU/patch-ruRU-4.mpq,NameGen,11085,13,0xD,16,4,5D520000DC0A01000D00000000000000
ruRU/patch-ruRU-4.mpq,NameGen,11086,13,0xD,16,4,5E520000E30A01000D00000000000000
ruRU/patch-ruRU-4.mpq,NameGen,11087,13,0xD,16,4,5F520000EB0A01000D00000000000000
ruRU/patch-ruRU-4.mpq,NameGen,11088,13,0xD,16,4,60520000F20A01000D00000000000000
ruRU/patch-ruRU-4.mpq,NameGen,11089,13,0xD,16,4,61520000FA0A01000D00000000000000
ruRU/patch-ruRU-4.mpq,NameGen,11090,13,0xD,16,4,62520000FF0A01000D00000000000000
ruRU/patch-ruRU-4.mpq,NameGen,11091,13,0xD,16,4,63520000060B01000D00000000000000
ruRU/patch-ruRU-4.mpq,NameGen,11092,13,0xD,16,4,645200000D0B01000D00000000000000
ruRU/patch-ruRU-4.mpq,NameGen,11093,13,0xD,16,4,65520000130B01000D00000000000000
ruRU/patch-ruRU-4.mpq,NameGen,11094,13,0xD,16,4,66520000190B01000D00000000000000
ruRU/patch-ruRU-4.mpq,NameGen,11095,13,0xD,16,4,67520000200B01000D00000000000000
ruRU/patch-ruRU-4.mpq,NameGen,11096,13,0xD,16,4,68520000270B01000D00000000000000
ruRU/patch-ruRU-4.mpq,NameGen,11097,13,0xD,16,4,695200002D0B01000D00000000000000
ruRU/patch-ruRU-4.mpq,NameGen,11098,13,0xD,16,4,6A520000340B01000D00000000000000
ruRU/patch-ruRU-4.mpq,NameGen,11099,13,0xD,16,4,6B5200003B0B01000D00000000000000
ruRU/patch-ruRU-4.mpq,NameGen,11100,13,0xD,16,4,6C520000430B01000D00000000000000
ruRU/patch-ruRU-4.mpq,NameGen,11101,13,0xD,16,4,6D5200004C0B01000D00000000000000
ruRU/patch-ruRU-4.mpq,NameGen,11102,13,0xD,16,4,6E520000560B01000D00000000000000
ruRU/patch-ruRU-4.mpq,NameGen,11103,13,0xD,16,4,6F5200005D0B01000D00000000000000
ruRU/patch-ruRU-4.mpq,NameGen,11104,13,0xD,16,4,70520000660B01000D00000000000000
ruRU/patch-ruRU-4.mpq,NameGen,11105,13,0xD,16,4,715200006F0B01000D00000000000000
ruRU/patch-ruRU-4.mpq,NameGen,11106,13,0xD,16,4,72520000770B01000D00000000000000
ruRU/patch-ruRU-4.mpq,NameGen,11107,13,0xD,16,4,735200007F0B01000D00000000000000
ruRU/patch-ruRU-4.mpq,NameGen,11108,13,0xD,16,4,74520000880B01000D00000000000000
ruRU/patch-ruRU-4.mpq,NameGen,11109,13,0xD,16,4,75520000910B01000D00000000000000
ruRU/patch-ruRU-4.mpq,NameGen,11110,13,0xD,16,4,76520000990B01000D00000000000000
ruRU/patch-ruRU-4.mpq,NameGen,11111,13,0xD,16,4,77520000A20B01000D00000000000000
ruRU/patch-ruRU-4.mpq,NameGen,11112,13,0xD,16,4,78520000AC0B01000D00000000000000
ruRU/patch-ruRU-4.mpq,NameGen,11113,13,0xD,16,4,79520000B40B01000D00000000000000
ruRU/patch-ruRU-4.mpq,NameGen,11114,13,0xD,16,4,7A520000BD0B01000D00000000000000
ruRU/patch-ruRU-4.mpq,NameGen,11115,13,0xD,16,4,7B520000C30B01000D00000000000000
ruRU/patch-ruRU-4.mpq,NameGen,11116,13,0xD,16,4,7C520000CB0B01000D00000000000000
ruRU/patch-ruRU-4.mpq,NameGen,11117,13,0xD,16,4,7D520000D20B01000D00000000000000
ruRU/patch-ruRU-4.mpq,NameGen,11118,13,0xD,16,4,7E520000D90B01000D00000000000000
ruRU/patch-ruRU-4.mpq,NameGen,11119,13,0xD,16,4,7F520000E10B01000D00000000000000
ruRU/patch-ruRU-4.mpq,NameGen,11120,13,0xD,16,4,80520000E90B01000D00000000000000
ruRU/patch-ruRU-4.mpq,NameGen,11121,13,0xD,16,4,81520000F00B01000D00000000000000
ruRU/patch-ruRU-4.mpq,NameGen,11122,13,0xD,16,4,82520000F80B01000D00000000000000
ruRU/patch-ruRU-4.mpq,NameGen,11123,13,0xD,16,4,83520000000C01000D00000000000000
ruRU/patch-ruRU-4.mpq,NameGen,11124,13,0xD,16,4,84520000090C01000D00000000000000
ruRU/patch-ruRU-4.mpq,NameGen,11125,13,0xD,16,4,85520000100C01000D00000000000000
ruRU/patch-ruRU-4.mpq,NameGen,11126,13,0xD,16,4,86520000180C01000D00000000000000
ruRU/patch-ruRU-4.mpq,NameGen,11127,13,0xD,16,4,875200001D0C01000D00000000000000
ruRU/patch-ruRU-4.mpq,NameGen,11128,13,0xD,16,4,88520000240C01000D00000000000000
ruRU/patch-ruRU-4.mpq,NameGen,11129,13,0xD,16,4,895200002B0C01000D00000000000000
ruRU/patch-ruRU-4.mpq,NameGen,11130,13,0xD,16,4,8A520000350C01000D00000000000000
ruRU/patch-ruRU-4.mpq,NameGen,11131,13,0xD,16,4,8B520000400C01000D00000000000000
ruRU/patch-ruRU-4.mpq,NameGen,11132,13,0xD,16,4,8C520000480C01000D00000000000000
ruRU/patch-ruRU-4.mpq,NameGen,11133,13,0xD,16,4,8D520000520C01000D00000000000000
ruRU/patch-ruRU-4.mpq,NameGen,11134,13,0xD,16,4,8E5200005C0C01000D00000000000000
ruRU/patch-ruRU-4.mpq,NameGen,11135,13,0xD,16,4,8F520000660C01000D00000000000000
ruRU/patch-ruRU-4.mpq,NameGen,11136,13,0xD,16,4,905200006F0C01000D00000000000000
ruRU/patch-ruRU-4.mpq,NameGen,11137,13,0xD,16,4,91520000780C01000D00000000000000
ruRU/patch-ruRU-4.mpq,NameGen,11138,13,0xD,16,4,92520000820C01000D00000000000000
ruRU/patch-ruRU-4.mpq,NameGen,11139,13,0xD,16,4,935200008C0C01000D00000000000000
ruRU/patch-ruRU-4.mpq,NameGen,11140,13,0xD,16,4,94520000950C01000D00000000000000
ruRU/patch-ruRU-4.mpq,NameGen,11141,13,0xD,16,4,955200009F0C01000D00000000000000
ruRU/patch-ruRU-4.mpq,NameGen,11142,13,0xD,16,4,96520000A90C01000D00000000000000
ruRU/patch-ruRU-4.mpq,NameGen,11143,13,0xD,16,4,97520000B40C01000D00000000000000
ruRU/patch-ruRU-4.mpq,NameGen,11144,13,0xD,16,4,98520000BA0C01000D00000000000000
ruRU/patch-ruRU-4.mpq,NameGen,11145,13,0xD,16,4,99520000C00C01000D00000000000000
ruRU/patch-ruRU-4.mpq,NameGen,11146,13,0xD,16,4,9A520000C70C01000D00000000000000
ruRU/patch-ruRU-4.mpq,NameGen,11147,13,0xD,16,4,9B520000CE0C01000D00000000000000
ruRU/patch-ruRU-4.mpq,NameGen,11148,13,0xD,16,4,9C520000D40C01000D00000000000000
ruRU/patch-ruRU-4.mpq,NameGen,11149,13,0xD,16,4,9D520000DB0C01000D00000000000000
ruRU/patch-ruRU-4.mpq,NameGen,11150,13,0xD,16,4,9E520000E20C01000D00000000000000
ruRU/patch-ruRU-4.mpq,NameGen,11151,13,0xD,16,4,9F520000EA0C01000D00000000000000
ruRU/patch-ruRU-4.mpq,NameGen,11152,13,0xD,16,4,A0520000F20C01000D00000000000000
ruRU/patch-ruRU-4.mpq,NameGen,11153,13,0xD,16,4,A1520000FB0C01000D00000000000000
ruRU/patch-ruRU-4.mpq,NameGen,11154,13,0xD,16,4,A2520000010D01000D00000000000000
ruRU/patch-ruRU-4.mpq,NameGen,11155,13,0xD,16,4,A3520000090D01000D00000000000000
ruRU/patch-ruRU-4.mpq,NameGen,11156,13,0xD,16,4,A4520000110D01000D00000000000000
ruRU/patch-ruRU-4.mpq,NameGen,11157,13,0xD,16,4,A5520000180D01000D00000000000000
ruRU/patch-ruRU-4.mpq,NameGen,11158,13,0xD,16,4,A65200001F0D01000D00000000000000
ruRU/patch-ruRU-4.mpq,NameGen,11159,13,0xD,16,4,A7520000270D01000D00000000000000
ruRU/patch-ruRU-4.mpq,NameGen,11160,13,0xD,16,4,A85200002F0D01000D00000000000000
ruRU/patch-ruRU-4.mpq,NameGen,11161,13,0xD,16,4,A9520000360D01000D00000000000000
ruRU/patch-ruRU-4.mpq,NameGen,11162,13,0xD,16,4,AA5200003E0D01000D00000000000000
ruRU/patch-ruRU-4.mpq,NameGen,11163,13,0xD,16,4,AB520000460D01000D00000000000000
ruRU/patch-ruRU-4.mpq,NameGen,11164,13,0xD,16,4,AC5200004F0D01000D00000000000000
ruRU/patch-ruRU-4.mpq,NameGen,11165,13,0xD,16,4,AD520000590D01000D00000000000000
ruRU/patch-ruRU-4.mpq,NameGen,11166,13,0xD,16,4,AE520000640D01000D00000000000000
ruRU/patch-ruRU-4.mpq,NameGen,11167,13,0xD,16,4,AF5200006C0D01000D00000000000000
ruRU/patch-ruRU-4.mpq,NameGen,11168,13,0xD,16,4,B0520000760D01000D00000000000000
ruRU/patch-ruRU-4.mpq,NameGen,11169,13,0xD,16,4,B1520000800D01000D00000000000000
ruRU/patch-ruRU-4.mpq,NameGen,11170,13,0xD,16,4,B2520000890D01000D00000000000000
ruRU/patch-ruRU-4.mpq,NameGen,11171,13,0xD,16,4,B3520000920D01000D00000000000000
ruRU/patch-ruRU-4.mpq,NameGen,11172,13,0xD,16,4,B45200009C0D01000D00000000000000
ruRU/patch-ruRU-4.mpq,NameGen,11173,13,0xD,16,4,B5520000A60D01000D00000000000000
ruRU/patch-ruRU-4.mpq,NameGen,11174,13,0xD,16,4,B6520000AF0D01000D00000000000000
ruRU/patch-ruRU-4.mpq,NameGen,11175,13,0xD,16,4,B7520000B90D01000D00000000000000
ruRU/patch-ruRU-4.mpq,NameGen,11176,13,0xD,16,4,B8520000C30D01000D00000000000000
ruRU/patch-ruRU-4.mpq,NameGen,11177,13,0xD,16,4,B9520000CE0D01000D00000000000000
ruRU/patch-ruRU-4.mpq,NameGen,11178,13,0xD,16,4,BA520000D60D01000D00000000000000
ruRU/patch-ruRU-4.mpq,NameGen,11179,13,0xD,16,4,BB520000DF0D01000D00000000000000
ruRU/patch-ruRU-4.mpq,NameGen,11180,13,0xD,16,4,BC520000E50D01000D00000000000000
ruRU/patch-ruRU-4.mpq,NameGen,11181,13,0xD,16,4,BD520000ED0D01000D00000000000000
ruRU/patch-ruRU-4.mpq,NameGen,11182,13,0xD,16,4,BE520000F50D01000D00000000000000
ruRU/patch-ruRU-4.mpq,NameGen,11183,13,0xD,16,4,BF520000FC0D01000D00000000000000
ruRU/patch-ruRU-4.mpq,NameGen,11184,13,0xD,16,4,C0520000030E01000D00000000000000
ruRU/patch-ruRU-4.mpq,NameGen,11185,13,0xD,16,4,C15200000B0E01000D00000000000000
ruRU/patch-ruRU-4.mpq,NameGen,11186,13,0xD,16,4,C2520000130E01000D00000000000000
ruRU/patch-ruRU-4.mpq,NameGen,11187,13,0xD,16,4,C35200001A0E01000D00000000000000
ruRU/patch-ruRU-4.mpq,NameGen,11188,13,0xD,16,4,C4520000220E01000D00000000000000
ruRU/patch-ruRU-4.mpq,NameGen,11189,13,0xD,16,4,C55200002A0E01000D00000000000000
ruRU/patch-ruRU-4.mpq,NameGen,11190,13,0xD,16,4,C6520000330E01000D00000000000000
ruRU/patch-ruRU-4.mpq,NameGen,11191,13,0xD,16,4,C75200003B0E01000D00000000000000
ruRU/patch-ruRU-4.mpq,NameGen,11192,13,0xD,16,4,C8520000440E01000D00000000000000
ruRU/patch-ruRU-4.mpq,NameGen,11193,13,0xD,16,4,C95200004A0E01000D00000000000000
ruRU/patch-ruRU-4.mpq,NameGen,11194,13,0xD,16,4,CA520000520E01000D00000000000000
ruRU/patch-ruRU-4.mpq,NameGen,11195,13,0xD,16,4,CB5200005A0E01000D00000000000000
ruRU/patch-ruRU-4.mpq,NameGen,11196,13,0xD,16,4,CC520000610E01000D00000000000000
ruRU/patch-ruRU-4.mpq,NameGen,11197,13,0xD,16,4,CD520000680E01000D00000000000000
ruRU/patch-ruRU-4.mpq,NameGen,11198,13,0xD,16,4,CE520000700E01000D00000000000000
ruRU/patch-ruRU-4.mpq,NameGen,11199,13,0xD,16,4,CF520000780E01000D00000000000000
ruRU/patch-ruRU-4.mpq,NameGen,11200,13,0xD,16,4,D05200007F0E01000D00000000000000
ruRU/patch-ruRU-4.mpq,NameGen,11201,13,0xD,16,4,D1520000870E01000D00000000000000
ruRU/patch-ruRU-4.mpq,NameGen,11202,13,0xD,16,4,D25200008F0E01000D00000000000000
ruRU/patch-ruRU-4.mpq,NameGen,11203,13,0xD,16,4,D3520000980E01000D00000000000000
ruRU/patch-ruRU-4.mpq,NameGen,11204,13,0xD,16,4,D4520000A10E01000D00000000000000
ruRU/patch-ruRU-4.mpq,NameGen,11205,13,0xD,16,4,D5520000AB0E01000D00000000000000
ruRU/patch-ruRU-4.mpq,NameGen,11206,13,0xD,16,4,D6520000B20E01000D00000000000000
ruRU/patch-ruRU-4.mpq,NameGen,11207,13,0xD,16,4,D7520000BB0E01000D00000000000000
ruRU/patch-ruRU-4.mpq,NameGen,11208,13,0xD,16,4,D8520000C30E01000D00000000000000
ruRU/patch-ruRU-4.mpq,NameGen,11209,13,0xD,16,4,D9520000CB0E01000D00000000000000
ruRU/patch-ruRU-4.mpq,NameGen,11210,13,0xD,16,4,DA520000D40E01000D00000000000000
ruRU/patch-ruRU-4.mpq,NameGen,11211,13,0xD,16,4,DB520000DD0E01000D00000000000000
ruRU/patch-ruRU-4.mpq,NameGen,11212,13,0xD,16,4,DC520000E50E01000D00000000000000
ruRU/patch-ruRU-4.mpq,NameGen,11213,13,0xD,16,4,DD520000EE0E01000D00000000000000
ruRU/patch-ruRU-4.mpq,NameGen,11214,13,0xD,16,4,DE520000F70E01000D00000000000000
ruRU/patch-ruRU-4.mpq,NameGen,11215,13,0xD,16,4,DF520000010F01000D00000000000000
ruRU/patch-ruRU-4.mpq,NameGen,11216,13,0xD,16,4,E05200000B0F01000D00000000000000
ruRU/patch-ruRU-4.mpq,NameGen,11217,13,0xD,16,4,E1520000160F01000D00000000000000
ruRU/patch-ruRU-4.mpq,NameGen,11218,13,0xD,16,4,E25200001E0F01000D00000000000000
ruRU/patch-ruRU-4.mpq,NameGen,11219,13,0xD,16,4,E3520000280F01000D00000000000000
ruRU/patch-ruRU-4.mpq,NameGen,11220,13,0xD,16,4,E4520000320F01000D00000000000000
ruRU/patch-ruRU-4.mpq,NameGen,11221,13,0xD,16,4,E55200003B0F01000D00000000000000
ruRU/patch-ruRU-4.mpq,NameGen,11222,13,0xD,16,4,E6520000440F01000D00000000000000
ruRU/patch-ruRU-4.mpq,NameGen,11223,13,0xD,16,4,E75200004E0F01000D00000000000000
ruRU/patch-ruRU-4.mpq,NameGen,11224,13,0xD,16,4,E8520000580F01000D00000000000000
ruRU/patch-ruRU-4.mpq,NameGen,11225,13,0xD,16,4,E9520000610F01000D00000000000000
ruRU/patch-ruRU-4.mpq,NameGen,11226,13,0xD,16,4,EA5200006B0F01000D00000000000000
ruRU/patch-ruRU-4.mpq,NameGen,11227,13,0xD,16,4,EB520000750F01000D00000000000000
ruRU/patch-ruRU-4.mpq,NameGen,11228,13,0xD,16,4,EC520000800F01000D00000000000000
ruRU/patch-ruRU-4.mpq,NameGen,11229,13,0xD,16,4,ED520000880F01000D00000000000000
ruRU/patch-ruRU-4.mpq,NameGen,11230,13,0xD,16,4,EE520000910F01000D00000000000000
ruRU/patch-ruRU-4.mpq,NameGen,11231,13,0xD,16,4,EF520000970F01000D00000000000000
ruRU/patch-ruRU-4.mpq,NameGen,11232,13,0xD,16,4,F05200009F0F01000D00000000000000
ruRU/patch-ruRU-4.mpq,NameGen,11233,13,0xD,16,4,F1520000A70F01000D00000000000000
ruRU/patch-ruRU-4.mpq,NameGen,11234,13,0xD,16,4,F2520000AE0F01000D00000000000000
ruRU/patch-ruRU-4.mpq,NameGen,11235,13,0xD,16,4,F3520000B50F01000D00000000000000
ruRU/patch-ruRU-4.mpq,NameGen,11236,13,0xD,16,4,F4520000BD0F01000D00000000000000
ruRU/patch-ruRU-4.mpq,NameGen,11237,13,0xD,16,4,F5520000C50F01000D00000000000000
ruRU/patch-ruRU-4.mpq,NameGen,11238,13,0xD,16,4,F6520000CC0F01000D00000000000000
ruRU/patch-ruRU-4.mpq,NameGen,11239,13,0xD,16,4,F7520000D40F01000D00000000000000
ruRU/patch-ruRU-4.mpq,NameGen,11240,13,0xD,16,4,F8520000DC0F01000D00000000000000
ruRU/patch-ruRU-4.mpq,NameGen,11241,13,0xD,16,4,F9520000E40F01000D00000000000000
ruRU/patch-ruRU-4.mpq,NameGen,11242,13,0xD,16,4,FA520000ED0F01000D00000000000000
ruRU/patch-ruRU-4.mpq,NameGen,11243,13,0xD,16,4,FB520000F30F01000D00000000000000
ruRU/patch-ruRU-4.mpq,NameGen,11244,13,0xD,16,4,FC520000FB0F01000D00000000000000
ruRU/patch-ruRU-4.mpq,NameGen,11245,13,0xD,16,4,FD520000031001000D00000000000000
ruRU/patch-ruRU-4.mpq,NameGen,11246,13,0xD,16,4,FE5200000A1001000D00000000000000
ruRU/patch-ruRU-4.mpq,NameGen,11247,13,0xD,16,4,FF520000111001000D00000000000000
ruRU/patch-ruRU-4.mpq,NameGen,11248,13,0xD,16,4,00530000191001000D00000000000000
ruRU/patch-ruRU-4.mpq,NameGen,11249,13,0xD,16,4,01530000211001000D00000000000000
ruRU/patch-ruRU-4.mpq,NameGen,11250,13,0xD,16,4,02530000281001000D00000000000000
ruRU/patch-ruRU-4.mpq,NameGen,11251,13,0xD,16,4,03530000301001000D00000000000000
ruRU/patch-ruRU-4.mpq,NameGen,11252,13,0xD,16,4,04530000391001000D00000000000000
ruRU/patch-ruRU-4.mpq,NameGen,11253,13,0xD,16,4,05530000401001000D00000000000000
ruRU/patch-ruRU-4.mpq,NameGen,11254,13,0xD,16,4,06530000481001000D00000000000000
ruRU/patch-ruRU-4.mpq,NameGen,11255,13,0xD,16,4,075300004D1001000D00000000000000
ruRU/patch-ruRU-4.mpq,NameGen,11256,13,0xD,16,4,08530000541001000D00000000000000
ruRU/patch-ruRU-4.mpq,NameGen,11257,13,0xD,16,4,095300005B1001000D00000000000000
ruRU/patch-ruRU-4.mpq,NameGen,11258,13,0xD,16,4,0A530000611001000D00000000000000
ruRU/patch-ruRU-4.mpq,NameGen,11259,13,0xD,16,4,0B530000671001000D00000000000000
ruRU/patch-ruRU-4.mpq,NameGen,11260,13,0xD,16,4,0C5300006E1001000D00000000000000
ruRU/patch-ruRU-4.mpq,NameGen,11261,13,0xD,16,4,0D530000751001000D00000000000000
ruRU/patch-ruRU-4.mpq,NameGen,11262,13,0xD,16,4,0E5300007B1001000D00000000000000
ruRU/patch-ruRU-4.mpq,NameGen,11263,13,0xD,16,4,0F530000821001000D00000000000000
ruRU/patch-ruRU-4.mpq,NameGen,11264,13,0xD,16,4,10530000891001000D00000000000000
ruRU/patch-ruRU-4.mpq,NameGen,11265,13,0xD,16,4,11530000911001000D00000001000000
ruRU/patch-ruRU-4.mpq,NameGen,11266,13,0xD,16,4,12530000971001000D00000001000000
ruRU/patch-ruRU-4.mpq,NameGen,11267,13,0xD,16,4,13530000A01001000D00000001000000
ruRU/patch-ruRU-4.mpq,NameGen,11268,13,0xD,16,4,14530000A71001000D00000001000000
ruRU/patch-ruRU-4.mpq,NameGen,11269,13,0xD,16,4,15530000AE1001000D00000001000000
ruRU/patch-ruRU-4.mpq,NameGen,11270,13,0xD,16,4,16530000B51001000D00000001000000
ruRU/patch-ruRU-4.mpq,NameGen,11271,13,0xD,16,4,17530000BC1001000D00000001000000
ruRU/patch-ruRU-4.mpq,NameGen,11272,13,0xD,16,4,18530000C31001000D00000001000000
ruRU/patch-ruRU-4.mpq,NameGen,11273,13,0xD,16,4,19530000CB1001000D00000001000000
ruRU/patch-ruRU-4.mpq,NameGen,11274,13,0xD,16,4,1A530000D31001000D00000001000000
ruRU/patch-ruRU-4.mpq,NameGen,11275,13,0xD,16,4,1B530000DA1001000D00000001000000
ruRU/patch-ruRU-4.mpq,NameGen,11276,13,0xD,16,4,1C530000E11001000D00000001000000
ruRU/patch-ruRU-4.mpq,NameGen,11277,13,0xD,16,4,1D530000E81001000D00000001000000
ruRU/patch-ruRU-4.mpq,NameGen,11278,13,0xD,16,4,1E530000F01001000D00000001000000
ruRU/patch-ruRU-4.mpq,NameGen,11279,13,0xD,16,4,1F530000F61001000D00000001000000
ruRU/patch-ruRU-4.mpq,NameGen,11280,13,0xD,16,4,20530000FE1001000D00000001000000
ruRU/patch-ruRU-4.mpq,NameGen,11281,13,0xD,16,4,21530000061101000D00000001000000
ruRU/patch-ruRU-4.mpq,NameGen,11282,13,0xD,16,4,225300000D1101000D00000001000000
ruRU/patch-ruRU-4.mpq,NameGen,11283,13,0xD,16,4,23530000141101000D00000001000000
ruRU/patch-ruRU-4.mpq,NameGen,11284,13,0xD,16,4,245300001C1101000D00000001000000
ruRU/patch-ruRU-4.mpq,NameGen,11285,13,0xD,16,4,25530000231101000D00000001000000
ruRU/patch-ruRU-4.mpq,NameGen,11286,13,0xD,16,4,265300002B1101000D00000001000000
ruRU/patch-ruRU-4.mpq,NameGen,11287,13,0xD,16,4,27530000331101000D00000001000000
ruRU/patch-ruRU-4.mpq,NameGen,11288,13,0xD,16,4,285300003C1101000D00000001000000
ruRU/patch-ruRU-4.mpq,NameGen,11289,13,0xD,16,4,29530000431101000D00000001000000
ruRU/patch-ruRU-4.mpq,NameGen,11290,13,0xD,16,4,2A5300004A1101000D00000001000000
ruRU/patch-ruRU-4.mpq,NameGen,11291,13,0xD,16,4,2B530000541101000D00000001000000
ruRU/patch-ruRU-4.mpq,NameGen,11292,13,0xD,16,4,2C5300005C1101000D00000001000000
ruRU/patch-ruRU-4.mpq,NameGen,11293,13,0xD,16,4,2D530000641101000D00000001000000
ruRU/patch-ruRU-4.mpq,NameGen,11294,13,0xD,16,4,2E5300006C1101000D00000001000000
ruRU/patch-ruRU-4.mpq,NameGen,11295,13,0xD,16,4,2F530000741101000D00000001000000
ruRU/patch-ruRU-4.mpq,NameGen,11296,13,0xD,16,4,305300007C1101000D00000001000000
ruRU/patch-ruRU-4.mpq,NameGen,11297,13,0xD,16,4,31530000851101000D00000001000000
ruRU/patch-ruRU-4.mpq,NameGen,11298,13,0xD,16,4,325300008E1101000D00000001000000
ruRU/patch-ruRU-4.mpq,NameGen,11299,13,0xD,16,4,33530000961101000D00000001000000
ruRU/patch-ruRU-4.mpq,NameGen,11300,13,0xD,16,4,345300009E1101000D00000001000000
ruRU/patch-ruRU-4.mpq,NameGen,11301,13,0xD,16,4,35530000A61101000D00000001000000
ruRU/patch-ruRU-4.mpq,NameGen,11302,13,0xD,16,4,36530000AE1101000D00000001000000
ruRU/patch-ruRU-4.mpq,NameGen,11303,13,0xD,16,4,37530000B61101000D00000001000000
ruRU/patch-ruRU-4.mpq,NameGen,11304,13,0xD,16,4,38530000C11101000D00000001000000
ruRU/patch-ruRU-4.mpq,NameGen,11305,13,0xD,16,4,39530000CA1101000D00000001000000
ruRU/patch-ruRU-4.mpq,NameGen,11306,13,0xD,16,4,3A530000D31101000D00000001000000
ruRU/patch-ruRU-4.mpq,NameGen,11307,13,0xD,16,4,3B530000DC1101000D00000001000000
ruRU/patch-ruRU-4.mpq,NameGen,11308,13,0xD,16,4,3C530000E51101000D00000001000000
ruRU/patch-ruRU-4.mpq,NameGen,11309,13,0xD,16,4,3D530000EE1101000D00000001000000
ruRU/patch-ruRU-4.mpq,NameGen,11310,13,0xD,16,4,3E530000F81101000D00000001000000
ruRU/patch-ruRU-4.mpq,NameGen,11311,13,0xD,16,4,3F530000021201000D00000001000000
ruRU/patch-ruRU-4.mpq,NameGen,11312,13,0xD,16,4,405300000B1201000D00000001000000
ruRU/patch-ruRU-4.mpq,NameGen,11313,13,0xD,16,4,41530000141201000D00000001000000
ruRU/patch-ruRU-4.mpq,NameGen,11314,13,0xD,16,4,425300001D1201000D00000001000000
ruRU/patch-ruRU-4.mpq,NameGen,11315,13,0xD,16,4,43530000261201000D00000001000000
ruRU/patch-ruRU-4.mpq,NameGen,11316,13,0xD,16,4,445300002C1201000D00000001000000
ruRU/patch-ruRU-4.mpq,NameGen,11317,13,0xD,16,4,45530000351201000D00000001000000
ruRU/patch-ruRU-4.mpq,NameGen,11318,13,0xD,16,4,465300003C1201000D00000001000000
ruRU/patch-ruRU-4.mpq,NameGen,11319,13,0xD,16,4,47530000431201000D00000001000000
ruRU/patch-ruRU-4.mpq,NameGen,11320,13,0xD,16,4,485300004A1201000D00000001000000
ruRU/patch-ruRU-4.mpq,NameGen,11321,13,0xD,16,4,49530000511201000D00000001000000
ruRU/patch-ruRU-4.mpq,NameGen,11322,13,0xD,16,4,4A530000581201000D00000001000000
ruRU/patch-ruRU-4.mpq,NameGen,11323,13,0xD,16,4,4B530000601201000D00000001000000
ruRU/patch-ruRU-4.mpq,NameGen,11324,13,0xD,16,4,4C530000681201000D00000001000000
ruRU/patch-ruRU-4.mpq,NameGen,11325,13,0xD,16,4,4D5300006F1201000D00000001000000
ruRU/patch-ruRU-4.mpq,NameGen,11326,13,0xD,16,4,4E530000761201000D00000001000000
ruRU/patch-ruRU-4.mpq,NameGen,11327,13,0xD,16,4,4F5300007D1201000D00000001000000
ruRU/patch-ruRU-4.mpq,NameGen,11328,13,0xD,16,4,50530000841201000D00000001000000
ruRU/patch-ruRU-4.mpq,NameGen,11329,13,0xD,16,4,515300008B1201000D00000001000000
ruRU/patch-ruRU-4.mpq,NameGen,11330,13,0xD,16,4,52530000951201000D00000001000000
ruRU/patch-ruRU-4.mpq,NameGen,11331,13,0xD,16,4,535300009D1201000D00000001000000
ruRU/patch-ruRU-4.mpq,NameGen,11332,13,0xD,16,4,54530000A51201000D00000001000000
ruRU/patch-ruRU-4.mpq,NameGen,11333,13,0xD,16,4,55530000AD1201000D00000001000000
ruRU/patch-ruRU-4.mpq,NameGen,11334,13,0xD,16,4,56530000B51201000D00000001000000
ruRU/patch-ruRU-4.mpq,NameGen,11335,13,0xD,16,4,57530000BD1201000D00000001000000
ruRU/patch-ruRU-4.mpq,NameGen,11336,13,0xD,16,4,58530000C61201000D00000001000000
ruRU/patch-ruRU-4.mpq,NameGen,11337,13,0xD,16,4,59530000CE1201000D00000001000000
ruRU/patch-ruRU-4.mpq,NameGen,11338,13,0xD,16,4,5A530000D61201000D00000001000000
ruRU/patch-ruRU-4.mpq,NameGen,11339,13,0xD,16,4,5B530000DE1201000D00000001000000
ruRU/patch-ruRU-4.mpq,NameGen,11340,13,0xD,16,4,5C530000E61201000D00000001000000
ruRU/patch-ruRU-4.mpq,NameGen,11341,13,0xD,16,4,5D530000EE1201000D00000001000000
ruRU/patch-ruRU-4.mpq,NameGen,11342,13,0xD,16,4,5E530000F91201000D00000001000000
ruRU/patch-ruRU-4.mpq,NameGen,11343,13,0xD,16,4,5F530000021301000D00000001000000
ruRU/patch-ruRU-4.mpq,NameGen,11344,13,0xD,16,4,605300000B1301000D00000001000000
ruRU/patch-ruRU-4.mpq,NameGen,11345,13,0xD,16,4,61530000141301000D00000001000000
ruRU/patch-ruRU-4.mpq,NameGen,11346,13,0xD,16,4,625300001D1301000D00000001000000
ruRU/patch-ruRU-4.mpq,NameGen,11347,13,0xD,16,4,63530000261301000D00000001000000
ruRU/patch-ruRU-4.mpq,NameGen,11348,13,0xD,16,4,64530000301301000D00000001000000
ruRU/patch-ruRU-4.mpq,NameGen,11349,13,0xD,16,4,655300003A1301000D00000001000000
ruRU/patch-ruRU-4.mpq,NameGen,11350,13,0xD,16,4,66530000431301000D00000001000000
ruRU/patch-ruRU-4.mpq,NameGen,11351,13,0xD,16,4,675300004C1301000D00000001000000
ruRU/patch-ruRU-4.mpq,NameGen,11352,13,0xD,16,4,68530000551301000D00000001000000
ruRU/patch-ruRU-4.mpq,NameGen,11353,13,0xD,16,4,695300005C1301000D00000001000000
ruRU/patch-ruRU-4.mpq,NameGen,11354,13,0xD,16,4,6A530000661301000D00000001000000
ruRU/patch-ruRU-4.mpq,NameGen,11355,13,0xD,16,4,6B5300006E1301000D00000001000000
ruRU/patch-ruRU-4.mpq,NameGen,11356,13,0xD,16,4,6C530000761301000D00000001000000
ruRU/patch-ruRU-4.mpq,NameGen,11357,13,0xD,16,4,6D5300007E1301000D00000001000000
ruRU/patch-ruRU-4.mpq,NameGen,11358,13,0xD,16,4,6E530000861301000D00000001000000
ruRU/patch-ruRU-4.mpq,NameGen,11359,13,0xD,16,4,6F5300008E1301000D00000001000000
ruRU/patch-ruRU-4.mpq,NameGen,11360,13,0xD,16,4,70530000971301000D00000001000000
ruRU/patch-ruRU-4.mpq,NameGen,11361,13,0xD,16,4,71530000A01301000D00000001000000
ruRU/patch-ruRU-4.mpq,NameGen,11362,13,0xD,16,4,72530000A81301000D00000001000000
ruRU/patch-ruRU-4.mpq,NameGen,11363,13,0xD,16,4,73530000B01301000D00000001000000
ruRU/patch-ruRU-4.mpq,NameGen,11364,13,0xD,16,4,74530000B81301000D00000001000000
ruRU/patch-ruRU-4.mpq,NameGen,11365,13,0xD,16,4,75530000C01301000D00000001000000
ruRU/patch-ruRU-4.mpq,NameGen,11366,13,0xD,16,4,76530000C61301000D00000001000000
ruRU/patch-ruRU-4.mpq,NameGen,11367,13,0xD,16,4,77530000CF1301000D00000001000000
ruRU/patch-ruRU-4.mpq,NameGen,11368,13,0xD,16,4,78530000D61301000D00000001000000
ruRU/patch-ruRU-4.mpq,NameGen,11369,13,0xD,16,4,79530000DD1301000D00000001000000
ruRU/patch-ruRU-4.mpq,NameGen,11370,13,0xD,16,4,7A530000E41301000D00000001000000
ruRU/patch-ruRU-4.mpq,NameGen,11371,13,0xD,16,4,7B530000EB1301000D00000001000000
ruRU/patch-ruRU-4.mpq,NameGen,11372,13,0xD,16,4,7C530000F21301000D00000001000000
ruRU/patch-ruRU-4.mpq,NameGen,11373,13,0xD,16,4,7D530000FA1301000D00000001000000
ruRU/patch-ruRU-4.mpq,NameGen,11374,13,0xD,16,4,7E530000021401000D00000001000000
ruRU/patch-ruRU-4.mpq,NameGen,11375,13,0xD,16,4,7F530000091401000D00000001000000
ruRU/patch-ruRU-4.mpq,NameGen,11376,13,0xD,16,4,80530000101401000D00000001000000
ruRU/patch-ruRU-4.mpq,NameGen,11377,13,0xD,16,4,81530000171401000D00000001000000
ruRU/patch-ruRU-4.mpq,NameGen,11378,13,0xD,16,4,825300001E1401000D00000001000000
ruRU/patch-ruRU-4.mpq,NameGen,11379,13,0xD,16,4,83530000241401000D00000001000000
ruRU/patch-ruRU-4.mpq,NameGen,11380,13,0xD,16,4,845300002D1401000D00000001000000
ruRU/patch-ruRU-4.mpq,NameGen,11381,13,0xD,16,4,85530000341401000D00000001000000
ruRU/patch-ruRU-4.mpq,NameGen,11382,13,0xD,16,4,865300003B1401000D00000001000000
ruRU/patch-ruRU-4.mpq,NameGen,11383,13,0xD,16,4,87530000421401000D00000001000000
ruRU/patch-ruRU-4.mpq,NameGen,11384,13,0xD,16,4,88530000491401000D00000001000000
ruRU/patch-ruRU-4.mpq,NameGen,11385,13,0xD,16,4,89530000501401000D00000001000000
ruRU/patch-ruRU-4.mpq,NameGen,11386,13,0xD,16,4,8A530000581401000D00000001000000
ruRU/patch-ruRU-4.mpq,NameGen,11387,13,0xD,16,4,8B530000601401000D00000001000000
ruRU/patch-ruRU-4.mpq,NameGen,11388,13,0xD,16,4,8C530000671401000D00000001000000
ruRU/patch-ruRU-4.mpq,NameGen,11389,13,0xD,16,4,8D5300006E1401000D00000001000000
ruRU/patch-ruRU-4.mpq,NameGen,11390,13,0xD,16,4,8E530000751401000D00000001000000
ruRU/patch-ruRU-4.mpq,NameGen,11391,13,0xD,16,4,8F5300007C1401000D00000001000000
ruRU/patch-ruRU-4.mpq,NameGen,11392,13,0xD,16,4,90530000841401000D00000001000000
ruRU/patch-ruRU-4.mpq,NameGen,11393,13,0xD,16,4,915300008F1401000D00000001000000
ruRU/patch-ruRU-4.mpq,NameGen,11394,13,0xD,16,4,92530000981401000D00000001000000
ruRU/patch-ruRU-4.mpq,NameGen,11395,13,0xD,16,4,93530000A11401000D00000001000000
ruRU/patch-ruRU-4.mpq,NameGen,11396,13,0xD,16,4,94530000AA1401000D00000001000000
ruRU/patch-ruRU-4.mpq,NameGen,11397,13,0xD,16,4,95530000B31401000D00000001000000
ruRU/patch-ruRU-4.mpq,NameGen,11398,13,0xD,16,4,96530000BC1401000D00000001000000
ruRU/patch-ruRU-4.mpq,NameGen,11399,13,0xD,16,4,97530000C61401000D00000001000000
ruRU/patch-ruRU-4.mpq,NameGen,11400,13,0xD,16,4,98530000D01401000D00000001000000
ruRU/patch-ruRU-4.mpq,NameGen,11401,13,0xD,16,4,99530000D91401000D00000001000000
ruRU/patch-ruRU-4.mpq,NameGen,11402,13,0xD,16,4,9A530000E21401000D00000001000000
ruRU/patch-ruRU-4.mpq,NameGen,11403,13,0xD,16,4,9B530000EB1401000D00000001000000
ruRU/patch-ruRU-4.mpq,NameGen,11404,13,0xD,16,4,9C530000F41401000D00000001000000
ruRU/patch-ruRU-4.mpq,NameGen,11405,13,0xD,16,4,9D530000FB1401000D00000001000000
ruRU/patch-ruRU-4.mpq,NameGen,11406,13,0xD,16,4,9E530000051501000D00000001000000
ruRU/patch-ruRU-4.mpq,NameGen,11407,13,0xD,16,4,9F5300000D1501000D00000001000000
ruRU/patch-ruRU-4.mpq,NameGen,11408,13,0xD,16,4,A0530000151501000D00000001000000
ruRU/patch-ruRU-4.mpq,NameGen,11409,13,0xD,16,4,A15300001D1501000D00000001000000
ruRU/patch-ruRU-4.mpq,NameGen,11410,13,0xD,16,4,A2530000251501000D00000001000000
ruRU/patch-ruRU-4.mpq,NameGen,11411,13,0xD,16,4,A35300002D1501000D00000001000000
ruRU/patch-ruRU-4.mpq,NameGen,11412,13,0xD,16,4,A4530000361501000D00000001000000
ruRU/patch-ruRU-4.mpq,NameGen,11413,13,0xD,16,4,A55300003F1501000D00000001000000
ruRU/patch-ruRU-4.mpq,NameGen,11414,13,0xD,16,4,A6530000471501000D00000001000000
ruRU/patch-ruRU-4.mpq,NameGen,11415,13,0xD,16,4,A75300004F1501000D00000001000000
ruRU/patch-ruRU-4.mpq,NameGen,11416,13,0xD,16,4,A8530000571501000D00000001000000
ruRU/patch-ruRU-4.mpq,NameGen,11417,13,0xD,16,4,A95300005F1501000D00000001000000
ruRU/patch-ruRU-4.mpq,NameGen,11418,13,0xD,16,4,AA530000651501000D00000001000000
ruRU/patch-ruRU-4.mpq,NameGen,11419,13,0xD,16,4,AB5300006E1501000D00000001000000
ruRU/patch-ruRU-4.mpq,NameGen,11420,13,0xD,16,4,AC530000751501000D00000001000000
ruRU/patch-ruRU-4.mpq,NameGen,11421,13,0xD,16,4,AD5300007C1501000D00000001000000
ruRU/patch-ruRU-4.mpq,NameGen,11422,13,0xD,16,4,AE530000831501000D00000001000000
ruRU/patch-ruRU-4.mpq,NameGen,11423,13,0xD,16,4,AF5300008C1501000D00000001000000
ruRU/patch-ruRU-4.mpq,NameGen,11424,13,0xD,16,4,B0530000981501000D00000001000000
ruRU/patch-ruRU-4.mpq,NameGen,11425,13,0xD,16,4,B1530000A21501000D00000001000000
ruRU/patch-ruRU-4.mpq,NameGen,11426,13,0xD,16,4,B2530000AC1501000D00000001000000
ruRU/patch-ruRU-4.mpq,NameGen,11427,13,0xD,16,4,B3530000B61501000D00000001000000
ruRU/patch-ruRU-4.mpq,NameGen,11428,13,0xD,16,4,B4530000C01501000D00000001000000
ruRU/patch-ruRU-4.mpq,NameGen,11429,13,0xD,16,4,B5530000CB1501000D00000001000000
ruRU/patch-ruRU-4.mpq,NameGen,11430,13,0xD,16,4,B6530000D61501000D00000001000000
ruRU/patch-ruRU-4.mpq,NameGen,11431,13,0xD,16,4,B7530000E01501000D00000001000000
ruRU/patch-ruRU-4.mpq,NameGen,11432,13,0xD,16,4,B8530000EA1501000D00000001000000
ruRU/patch-ruRU-4.mpq,NameGen,11433,13,0xD,16,4,B9530000F41501000D00000001000000
ruRU/patch-ruRU-4.mpq,NameGen,11434,13,0xD,16,4,BA530000FE1501000D00000001000000
ruRU/patch-ruRU-4.mpq,NameGen,11435,13,0xD,16,4,BB530000051601000D00000001000000
ruRU/patch-ruRU-4.mpq,NameGen,11436,13,0xD,16,4,BC5300000C1601000D00000001000000
ruRU/patch-ruRU-4.mpq,NameGen,11437,13,0xD,16,4,BD530000141601000D00000001000000
ruRU/patch-ruRU-4.mpq,NameGen,11438,13,0xD,16,4,BE5300001C1601000D00000001000000
ruRU/patch-ruRU-4.mpq,NameGen,11439,13,0xD,16,4,BF530000231601000D00000001000000
ruRU/patch-ruRU-4.mpq,NameGen,11440,13,0xD,16,4,C05300002A1601000D00000001000000
ruRU/patch-ruRU-4.mpq,NameGen,11441,13,0xD,16,4,C1530000311601000D00000001000000
ruRU/patch-ruRU-4.mpq,NameGen,11442,13,0xD,16,4,C2530000381601000D00000001000000
ruRU/patch-ruRU-4.mpq,NameGen,11443,13,0xD,16,4,C35300003F1601000D00000001000000
ruRU/patch-ruRU-4.mpq,NameGen,11444,13,0xD,16,4,C4530000491601000D00000001000000
ruRU/patch-ruRU-4.mpq,NameGen,11445,13,0xD,16,4,C5530000511601000D00000001000000
ruRU/patch-ruRU-4.mpq,NameGen,11446,13,0xD,16,4,C6530000591601000D00000001000000
ruRU/patch-ruRU-4.mpq,NameGen,11447,13,0xD,16,4,C7530000611601000D00000001000000
ruRU/patch-ruRU-4.mpq,NameGen,11448,13,0xD,16,4,C8530000691601000D00000001000000
ruRU/patch-ruRU-4.mpq,NameGen,11449,13,0xD,16,4,C9530000711601000D00000001000000
ruRU/patch-ruRU-4.mpq,NameGen,11450,13,0xD,16,4,CA5300007A1601000D00000001000000
ruRU/patch-ruRU-4.mpq,NameGen,11451,13,0xD,16,4,CB530000831601000D00000001000000
ruRU/patch-ruRU-4.mpq,NameGen,11452,13,0xD,16,4,CC5300008B1601000D00000001000000
ruRU/patch-ruRU-4.mpq,NameGen,11453,13,0xD,16,4,CD530000931601000D00000001000000
ruRU/patch-ruRU-4.mpq,NameGen,11454,13,0xD,16,4,CE5300009B1601000D00000001000000
ruRU/patch-ruRU-4.mpq,NameGen,11455,13,0xD,16,4,CF530000A31601000D00000001000000
ruRU/patch-ruRU-4.mpq,NameGen,11456,13,0xD,16,4,D0530000AC1601000D00000001000000
ruRU/patch-ruRU-4.mpq,NameGen,11457,13,0xD,16,4,D1530000B81601000D00000001000000
ruRU/patch-ruRU-4.mpq,NameGen,11458,13,0xD,16,4,D2530000C21601000D00000001000000
ruRU/patch-ruRU-4.mpq,NameGen,11459,13,0xD,16,4,D3530000CC1601000D00000001000000
ruRU/patch-ruRU-4.mpq,NameGen,11460,13,0xD,16,4,D4530000D61601000D00000001000000
ruRU/patch-ruRU-4.mpq,NameGen,11461,13,0xD,16,4,D5530000E01601000D00000001000000
ruRU/patch-ruRU-4.mpq,NameGen,11462,13,0xD,16,4,D6530000EA1601000D00000001000000
ruRU/patch-ruRU-4.mpq,NameGen,11463,13,0xD,16,4,D7530000F51601000D00000001000000
ruRU/patch-ruRU-4.mpq,NameGen,11464,13,0xD,16,4,D8530000001701000D00000001000000
ruRU/patch-ruRU-4.mpq,NameGen,11465,13,0xD,16,4,D95300000A1701000D00000001000000
ruRU/patch-ruRU-4.mpq,NameGen,11466,13,0xD,16,4,DA530000141701000D00000001000000
ruRU/patch-ruRU-4.mpq,NameGen,11467,13,0xD,16,4,DB5300001E1701000D00000001000000
ruRU/patch-ruRU-4.mpq,NameGen,11468,13,0xD,16,4,DC530000281701000D00000001000000
ruRU/patch-ruRU-4.mpq,NameGen,11469,13,0xD,16,4,DD5300002F1701000D00000001000000
ruRU/patch-ruRU-4.mpq,NameGen,11470,13,0xD,16,4,DE530000391701000D00000001000000
ruRU/patch-ruRU-4.mpq,NameGen,11471,13,0xD,16,4,DF530000411701000D00000001000000
ruRU/patch-ruRU-4.mpq,NameGen,11472,13,0xD,16,4,E0530000491701000D00000001000000
ruRU/patch-ruRU-4.mpq,NameGen,11473,13,0xD,16,4,E1530000511701000D00000001000000
ruRU/patch-ruRU-4.mpq,NameGen,11474,13,0xD,16,4,E2530000591701000D00000001000000
ruRU/patch-ruRU-4.mpq,NameGen,11475,13,0xD,16,4,E3530000621701000D00000001000000
ruRU/patch-ruRU-4.mpq,NameGen,11476,13,0xD,16,4,E45300006B1701000D00000001000000
ruRU/patch-ruRU-4.mpq,NameGen,11477,13,0xD,16,4,E5530000731701000D00000001000000
ruRU/patch-ruRU-4.mpq,NameGen,11478,13,0xD,16,4,E65300007B1701000D00000001000000
ruRU/patch-ruRU-4.mpq,NameGen,11479,13,0xD,16,4,E7530000831701000D00000001000000
ruRU/patch-ruRU-4.mpq,NameGen,11480,13,0xD,16,4,E85300008B1701000D00000001000000
ruRU/patch-ruRU-4.mpq,NameGen,11481,13,0xD,16,4,E9530000921701000D00000001000000
ruRU/patch-ruRU-4.mpq,NameGen,11482,13,0xD,16,4,EA5300009C1701000D00000001000000
ruRU/patch-ruRU-4.mpq,NameGen,11483,13,0xD,16,4,EB530000A41701000D00000001000000
ruRU/patch-ruRU-4.mpq,NameGen,11484,13,0xD,16,4,EC530000AC1701000D00000001000000
ruRU/patch-ruRU-4.mpq,NameGen,11485,13,0xD,16,4,ED530000B41701000D00000001000000
ruRU/patch-ruRU-4.mpq,NameGen,11486,13,0xD,16,4,EE530000BC1701000D00000001000000
ruRU/patch-ruRU-4.mpq,NameGen,11487,13,0xD,16,4,EF530000C41701000D00000001000000
ruRU/patch-ruRU-4.mpq,NameGen,11488,13,0xD,16,4,F0530000CD1701000D00000001000000
ruRU/patch-ruRU-4.mpq,NameGen,11489,13,0xD,16,4,F1530000D61701000D00000001000000
ruRU/patch-ruRU-4.mpq,NameGen,11490,13,0xD,16,4,F2530000DE1701000D00000001000000
ruRU/patch-ruRU-4.mpq,NameGen,11491,13,0xD,16,4,F3530000E61701000D00000001000000
ruRU/patch-ruRU-4.mpq,NameGen,11492,13,0xD,16,4,F4530000EE1701000D00000001000000
ruRU/patch-ruRU-4.mpq,NameGen,11493,13,0xD,16,4,F5530000F61701000D00000001000000
ruRU/patch-ruRU-4.mpq,NameGen,11494,13,0xD,16,4,F6530000FE1701000D00000001000000
ruRU/patch-ruRU-4.mpq,NameGen,11495,13,0xD,16,4,F7530000091801000D00000001000000
ruRU/patch-ruRU-4.mpq,NameGen,11496,13,0xD,16,4,F8530000121801000D00000001000000
ruRU/patch-ruRU-4.mpq,NameGen,11497,13,0xD,16,4,F95300001B1801000D00000001000000
ruRU/patch-ruRU-4.mpq,NameGen,11498,13,0xD,16,4,FA530000241801000D00000001000000
ruRU/patch-ruRU-4.mpq,NameGen,11499,13,0xD,16,4,FB5300002D1801000D00000001000000
ruRU/patch-ruRU-4.mpq,NameGen,11500,13,0xD,16,4,FC530000361801000D00000001000000
ruRU/patch-ruRU-4.mpq,NameGen,11501,13,0xD,16,4,FD530000401801000D00000001000000
ruRU/patch-ruRU-4.mpq,NameGen,11502,13,0xD,16,4,FE5300004A1801000D00000001000000
ruRU/patch-ruRU-4.mpq,NameGen,11503,13,0xD,16,4,FF530000531801000D00000001000000
ruRU/patch-ruRU-4.mpq,NameGen,11504,13,0xD,16,4,005400005C1801000D00000001000000
ruRU/patch-ruRU-4.mpq,NameGen,11505,13,0xD,16,4,01540000651801000D00000001000000
ruRU/patch-ruRU-4.mpq,NameGen,11506,13,0xD,16,4,025400006E1801000D00000001000000
ruRU/patch-ruRU-4.mpq,NameGen,11507,13,0xD,16,4,03540000771801000D00000001000000
ruRU/patch-ruRU-4.mpq,NameGen,11508,13,0xD,16,4,04540000831801000D00000001000000
ruRU/patch-ruRU-4.mpq,NameGen,11509,13,0xD,16,4,055400008D1801000D00000001000000
ruRU/patch-ruRU-4.mpq,NameGen,11510,13,0xD,16,4,06540000971801000D00000001000000
ruRU/patch-ruRU-4.mpq,NameGen,11511,13,0xD,16,4,07540000A11801000D00000001000000
ruRU/patch-ruRU-4.mpq,NameGen,11512,13,0xD,16,4,08540000AB1801000D00000001000000
ruRU/patch-ruRU-4.mpq,NameGen,11513,13,0xD,16,4,09540000B51801000D00000001000000
ruRU/patch-ruRU-4.mpq,NameGen,11514,13,0xD,16,4,0A540000C01801000D00000001000000
ruRU/patch-ruRU-4.mpq,NameGen,11515,13,0xD,16,4,0B540000CB1801000D00000001000000
ruRU/patch-ruRU-4.mpq,NameGen,11516,13,0xD,16,4,0C540000D51801000D00000001000000
ruRU/patch-ruRU-4.mpq,NameGen,11517,13,0xD,16,4,0D540000DF1801000D00000001000000
ruRU/patch-ruRU-4.mpq,NameGen,11518,13,0xD,16,4,0E540000E91801000D00000001000000
ruRU/patch-ruRU-4.mpq,NameGen,11519,13,0xD,16,4,0F540000F01801000D00000001000000
ruRU/patch-ruRU-4.mpq,NameGen,11520,13,0xD,16,4,10540000FA1801000D00000001000000
ruRU/patch-ruRU-4.mpq,NameGen,11521,13,0xD,16,4,11540000021901000D00000001000000
ruRU/patch-ruRU-4.mpq,NameGen,11522,13,0xD,16,4,125400000A1901000D00000001000000
ruRU/patch-ruRU-4.mpq,NameGen,11523,13,0xD,16,4,13540000121901000D00000001000000
ruRU/patch-ruRU-4.mpq,NameGen,11524,13,0xD,16,4,145400001A1901000D00000001000000
ruRU/patch-ruRU-4.mpq,NameGen,11525,13,0xD,16,4,15540000221901000D00000001000000
ruRU/patch-ruRU-4.mpq,NameGen,11526,13,0xD,16,4,165400002B1901000D00000001000000
ruRU/patch-ruRU-4.mpq,NameGen,11527,13,0xD,16,4,17540000341901000D00000001000000
ruRU/patch-ruRU-4.mpq,NameGen,11528,13,0xD,16,4,185400003C1901000D00000001000000
ruRU/patch-ruRU-4.mpq,NameGen,11529,13,0xD,16,4,19540000441901000D00000001000000
ruRU/patch-ruRU-4.mpq,NameGen,11530,13,0xD,16,4,1A5400004C1901000D00000001000000
ruRU/patch-ruRU-4.mpq,NameGen,11531,13,0xD,16,4,1B540000541901000D00000001000000
ruRU/patch-ruRU-4.mpq,NameGen,11532,13,0xD,16,4,1C5400005B1901000D00000001000000
ruRU/patch-ruRU-4.mpq,NameGen,11533,13,0xD,16,4,1D540000651901000D00000001000000
ruRU/patch-ruRU-4.mpq,NameGen,11534,13,0xD,16,4,1E5400006D1901000D00000001000000
ruRU/patch-ruRU-4.mpq,NameGen,11535,13,0xD,16,4,1F540000751901000D00000001000000
ruRU/patch-ruRU-4.mpq,NameGen,11536,13,0xD,16,4,205400007D1901000D00000001000000
ruRU/patch-ruRU-4.mpq,NameGen,11537,13,0xD,16,4,21540000851901000D00000001000000
ruRU/patch-ruRU-4.mpq,NameGen,11538,13,0xD,16,4,225400008D1901000D00000001000000
ruRU/patch-ruRU-4.mpq,NameGen,11539,13,0xD,16,4,23540000961901000D00000001000000
ruRU/patch-ruRU-4.mpq,NameGen,11540,13,0xD,16,4,245400009F1901000D00000001000000
ruRU/patch-ruRU-4.mpq,NameGen,11541,13,0xD,16,4,25540000A71901000D00000001000000
ruRU/patch-ruRU-4.mpq,NameGen,11542,13,0xD,16,4,26540000AF1901000D00000001000000
ruRU/patch-ruRU-4.mpq,NameGen,11543,13,0xD,16,4,27540000B71901000D00000001000000
ruRU/patch-ruRU-4.mpq,NameGen,11544,13,0xD,16,4,28540000BF1901000D00000001000000
ruRU/patch-ruRU-4.mpq,NameGen,11545,13,0xD,16,4,29540000C51901000D00000001000000
ruRU/patch-ruRU-4.mpq,NameGen,11546,13,0xD,16,4,2A540000CE1901000D00000001000000
ruRU/patch-ruRU-4.mpq,NameGen,11547,13,0xD,16,4,2B540000D51901000D00000001000000
ruRU/patch-ruRU-4.mpq,NameGen,11548,13,0xD,16,4,2C540000DC1901000D00000001000000
ruRU/patch-ruRU-4.mpq,NameGen,11549,13,0xD,16,4,2D540000E31901000D00000001000000
ruRU/patch-ruRU-4.mpq,NameGen,11550,13,0xD,16,4,2E540000EA1901000D00000001000000
ruRU/patch-ruRU-4.mpq,NameGen,11551,13,0xD,16,4,2F540000F11901000D00000001000000
ruRU/patch-ruRU-4.mpq,NameGen,11552,13,0xD,16,4,30540000F91901000D00000001000000
ruRU/patch-ruRU-4.mpq,NameGen,11553,13,0xD,16,4,31540000011A01000D00000001000000
ruRU/patch-ruRU-4.mpq,NameGen,11554,13,0xD,16,4,32540000081A01000D00000001000000
ruRU/patch-ruRU-4.mpq,NameGen,11555,13,0xD,16,4,335400000F1A01000D00000001000000
ruRU/patch-ruRU-4.mpq,NameGen,11556,13,0xD,16,4,34540000161A01000D00000001000000
ruRU/patch-ruRU-4.mpq,CreatureDisplayInfoExtra,15561,13,0xD,84,21,B65600000D000000000000000400000002000000080000000000000002000000CD14000000000000A71E000000000000D01100006F350000221D0000000000000000000000000000000000000000000029090800
ruRU/patch-ruRU-4.mpq,CreatureDisplayInfoExtra,15562,13,0xD,84,21,B75600000D000000010000000700000004000000110000000000000006000000CD14000000000000A71E000000000000D01100006F350000221D0000000000000000000000000000000000000000000041090800
ruRU/patch-ruRU-4.mpq,CreatureDisplayInfoExtra,17336,13,0xD,84,21,9E0408000D00000000000000000000000100000001000000010000000100000000000000000000000000000000000000000000000000000000000000000000000000000000000000000000000100000025860800
ruRU/patch-ruRU-4.mpq,CreatureDisplayInfoExtra,17337,13,0xD,84,21,9F0408000D00000001000000000000000100000001000000010000000100000000000000000000000000000000000000000000000000000000000000000000000000000000000000000000000100000038860800
ruRU/patch-ruRU-4.mpq,CreatureDisplayInfoExtra,17369,13,0xD,84,21,BF0408000D00000000000000000000000000000000000000000000000000000000000000000000008F080000781B00000000000089080000AE0B000000000000000000000000000000000000000000003B470000
ruRU/patch-ruRU-4.mpq,CreatureDisplayInfoExtra,17370,13,0xD,84,21,C00408000D000000010000000300000002000000050000000100000004000000000000000000000033180000781B0000E3160000CF1600000712000000000000E41600000000000000000000000000005F470000
ruRU/patch-ruRU-4.mpq,CreatureDisplayInfoExtra,17393,13,0xD,84,21,D70408000D00000000000000000000000000000000000000000000000000000000000000000000008F080000781B00000000000089080000AE0B0000000000000000000000000000000000000000000066890800
ruRU/patch-ruRU-4.mpq,CreatureDisplayInfoExtra,17394,13,0xD,84,21,D80408000D000000010000000300000002000000050000000100000004000000000000000000000033180000781B0000E3160000CF1600000712000000000000E416000000000000000000000000000080890800
ruRU/patch-ruRU-4.mpq,SkillLineAbility,1437,21599154,0x14993B2,56,14,D72700006D0000009D020000B293490100000000000000000000000001000000000000000200000000000000000000000000000000000000
ruRU/patch-ruRU-4.mpq,SkillLineAbility,3676,21599154,0x14993B2,56,14,FE2D0000B7000000F9B50400B293490100000000000000000000000001000000000000000200000000000000000000000000000000000000
ruRU/patch-ruRU-4.mpq,SkillLineAbility,5528,21599154,0x14993B2,56,14,36130000ED000000838B0000B293490180000000000000000000000001000000000000000000000000000000000000000000000000000000
ruRU/patch-ruRU-4.mpq,SkillLineAbility,5529,21599154,0x14993B2,56,14,37130000ED000000858B0000B293490180000000000000000000000001000000000000000000000000000000000000000000000000000000
ruRU/patch-ruRU-4.mpq,SkillRaceClassInfo,0,4294967295,0xFFFFFFFF,32,8,3900000006000000FFFFFFFF8000000010040000000000000000000000000000
ruRU/patch-ruRU-4.mpq,SkillRaceClassInfo,1,4294967295,0xFFFFFFFF,32,8,2D01000008000000FFFFFFFF8000000010040000000000000000000000000000
ruRU/patch-ruRU-4.mpq,SkillRaceClassInfo,2,4294967295,0xFFFFFFFF,32,8,6B0000001A000000FFFFFFFF0100000010040000000000000000000000000000
ruRU/patch-ruRU-4.mpq,SkillRaceClassInfo,3,4294967295,0xFFFFFFFF,32,8,5200000026000000FFFFFFFF0800000010040000000000000000000000000000
ruRU/patch-ruRU-4.mpq,SkillRaceClassInfo,4,4294967295,0xFFFFFFFF,32,8,4B00000027000000FFFFFFFF0800000010040000000000000000000000000000
ruRU/patch-ruRU-4.mpq,SkillRaceClassInfo,5,4294967295,0xFFFFFFFF,32,8,8C0000002B000000FFFFFFFF0100000080000000000000000000000000000000
ruRU/patch-ruRU-4.mpq,SkillRaceClassInfo,6,4294967295,0xFFFFFFFF,32,8,480100002B000000FFFFFFFF0400000080000000000000000000000000000000
ruRU/patch-ruRU-4.mpq,SkillRaceClassInfo,7,4294967295,0xFFFFFFFF,32,8,7E0200002B000000FFFFFFFF0100000080000000000000000000000000000000
ruRU/patch-ruRU-4.mpq,SkillRaceClassInfo,8,4294967295,0xFFFFFFFF,32,8,680300002B000000FFFFFFFF0800000080000000000000000000000000000000
ruRU/patch-ruRU-4.mpq,SkillRaceClassInfo,9,4294967295,0xFFFFFFFF,32,8,700300002B000000FFFFFFFF0400000080000000000000000000000000000000
ruRU/patch-ruRU-4.mpq,SkillRaceClassInfo,10,4294967295,0xFFFFFFFF,32,8,710300002B000000FFFFFFFF8001000080000000000000000000000000000000
ruRU/patch-ruRU-4.mpq,SkillRaceClassInfo,11,4294967295,0xFFFFFFFF,32,8,750300002B000000FFFFFFFF0200000080000000000000000000000000000000
ruRU/patch-ruRU-4.mpq,SkillRaceClassInfo,12,4294967295,0xFFFFFFFF,32,8,760300002B000000FFFFFFFF0200000080000000000000000000000000000000
ruRU/patch-ruRU-4.mpq,SkillRaceClassInfo,13,4294967295,0xFFFFFFFF,32,8,8E0300002B000000FFFFFFFF2002000080000000000000000000000000000000
ruRU/patch-ruRU-4.mpq,SkillRaceClassInfo,14,4294967295,0xFFFFFFFF,32,8,750000002C000000FFFFFFFF0400000080000000000000000000000000000000
ruRU/patch-ruRU-4.mpq,SkillRaceClassInfo,15,4294967295,0xFFFFFFFF,32,8,4F0100002C000000FFFFFFFF4A00000080000000000000000000000000000000
ruRU/patch-ruRU-4.mpq,SkillRaceClassInfo,16,4294967295,0xFFFFFFFF,32,8,740200002C000000FFFFFFFF0400000080000000000000000000000000000000
ruRU/patch-ruRU-4.mpq,SkillRaceClassInfo,17,4294967295,0xFFFFFFFF,32,8,750200002C000000FFFFFFFF0100000080000000000000000000000000000000
ruRU/patch-ruRU-4.mpq,SkillRaceClassInfo,18,4294967295,0xFFFFFFFF,32,8,760200002C000000FFFFFFFF0100000080000000000000000000000000000000
ruRU/patch-ruRU-4.mpq,SkillRaceClassInfo,19,4294967295,0xFFFFFFFF,32,8,900300002C000000FFFFFFFF2000000080000000000000000000000000000000
ruRU/patch-ruRU-4.mpq,SkillRaceClassInfo,20,4294967295,0xFFFFFFFF,32,8,7E0000002D000000FFFFFFFF0400000080000000000000000000000000000000
ruRU/patch-ruRU-4.mpq,SkillRaceClassInfo,21,4294967295,0xFFFFFFFF,32,8,7F0000002D000000FFFFFFFF0D00000080000000000000000000000000000000
ruRU/patch-ruRU-4.mpq,SkillRaceClassInfo,22,4294967295,0xFFFFFFFF,32,8,850000002E000000FFFFFFFF0400000080000000000000000000000000000000
ruRU/patch-ruRU-4.mpq,SkillRaceClassInfo,23,4294967295,0xFFFFFFFF,32,8,860000002E000000FFFFFFFF0900000080000000000000000000000000000000
ruRU/patch-ruRU-4.mpq,SkillRaceClassInfo,24,4294967295,0xFFFFFFFF,32,8,7B0200002E000000FFFFFFFF0400000080000000000000000000000000000000
ruRU/patch-ruRU-4.mpq,SkillRaceClassInfo,25,4294967295,0xFFFFFFFF,32,8,1F00000032000000FFFFFFFF0400000010040000000000000000000000000000
ruRU/patch-ruRU-4.mpq,SkillRaceClassInfo,26,4294967295,0xFFFFFFFF,32,8,2700000033000000FFFFFFFF0400000010040000000000000000000000000000
ruRU/patch-ruRU-4.mpq,SkillRaceClassInfo,27,4294967295,0xFFFFFFFF,32,8,8700000036000000FFFFFFFF5000000080000000000000000000000000000000
ruRU/patch-ruRU-4.mpq,SkillRaceClassInfo,28,4294967295,0xFFFFFFFF,32,8,4501000036000000FFFFFFFF0800000080000000000000000000000000000000
ruRU/patch-ruRU-4.mpq,SkillRaceClassInfo,29,4294967295,0xFFFFFFFF,32,8,7C02000036000000FFFFFFFF0100000080000000000000000000000000000000
ruRU/patch-ruRU-4.mpq,SkillRaceClassInfo,30,4294967295,0xFFFFFFFF,32,8,7D02000036000000FFFFFFFF0100000080000000000000000000000000000000
ruRU/patch-ruRU-4.mpq,SkillRaceClassInfo,31,4294967295,0xFFFFFFFF,32,8,8302000036000000FFFFFFFF0004000080000000000000000000000000000000
ruRU/patch-ruRU-4.mpq,SkillRaceClassInfo,32,4294967295,0xFFFFFFFF,32,8,8402000036000000FFFFFFFF0004000080000000000000000000000000000000
ruRU/patch-ruRU-4.mpq,SkillRaceClassInfo,33,4294967295,0xFFFFFFFF,32,8,7803000036000000FFFFFFFF0200000080000000000000000000000000000000
ruRU/patch-ruRU-4.mpq,SkillRaceClassInfo,34,4294967295,0xFFFFFFFF,32,8,7903000036000000FFFFFFFF0200000080000000000000000000000000000000
ruRU/patch-ruRU-4.mpq,SkillRaceClassInfo,35,4294967295,0xFFFFFFFF,32,8,9203000036000000FFFFFFFF2000000080000000000000000000000000000000
ruRU/patch-ruRU-4.mpq,SkillRaceClassInfo,36,4294967295,0xFFFFFFFF,32,8,7D00000037000000FFFFFFFF0400000080000000000000000000000000000000
ruRU/patch-ruRU-4.mpq,SkillRaceClassInfo,37,4294967295,0xFFFFFFFF,32,8,7202000037000000FFFFFFFF0100000080000000000000000000000000000000
ruRU/patch-ruRU-4.mpq,SkillRaceClassInfo,38,4294967295,0xFFFFFFFF,32,8,7302000037000000FFFFFFFF0100000080000000000000000000000000000000
ruRU/patch-ruRU-4.mpq,SkillRaceClassInfo,39,4294967295,0xFFFFFFFF,32,8,7403000037000000FFFFFFFF0200000080000000000000000000000000000000
ruRU/patch-ruRU-4.mpq,SkillRaceClassInfo,40,4294967295,0xFFFFFFFF,32,8,8203000037000000FFFFFFFF2000000080000000000000000000000000000000
ruRU/patch-ruRU-4.mpq,SkillRaceClassInfo,41,4294967295,0xFFFFFFFF,32,8,8503000037000000FFFFFFFF0200000080000000000000000000000000000000
ruRU/patch-ruRU-4.mpq,SkillRaceClassInfo,42,4294967295,0xFFFFFFFF,32,8,3A00000038000000FFFFFFFF1000000010040000000000000000000000000000
ruRU/patch-ruRU-4.mpq,SkillRaceClassInfo,43,4294967295,0xFFFFFFFF,32,8,3C0000004E000000FFFFFFFF1000000010040000000000000000000000000000
ruRU/patch-ruRU-4.mpq,SkillRaceClassInfo,44,4294967295,0xFFFFFFFF,32,8,040000005F000000FFFFFFFFDF07000080020000000000000000000000000000
ruRU/patch-ruRU-4.mpq,SkillRaceClassInfo,45,4294967295,0xFFFFFFFF,32,8,940300005F000000FFFFFFFF2000000080020000000000000000000000000000
ruRU/patch-ruRU-4.mpq,SkillRaceClassInfo,46,4294967295,0xFFFFFFFF,32,8,2800000062000000FFFFFFFFFFFFFFFF80000000000000000000000000000000
ruRU/patch-ruRU-4.mpq,SkillRaceClassInfo,48,4294967295,0xFFFFFFFF,32,8,300000006D000000FFFFFFFFFFFFFFFF80000000000000000000000000000000
ruRU/patch-ruRU-4.mpq,SkillRaceClassInfo,49,4294967295,0xFFFFFFFF,32,8,2C0000006F000000FFFFFFFFFFFFFFFF80000000000000000000000000000000
ruRU/patch-ruRU-4.mpq,SkillRaceClassInfo,50,4294967295,0xFFFFFFFF,32,8,2A00000071000000FFFFFFFFFFFFFFFF80000000000000000000000000000000
ruRU/patch-ruRU-4.mpq,SkillRaceClassInfo,51,4294967295,0xFFFFFFFF,32,8,3200000073000000FFFFFFFFFFFFFFFF80000000000000000000000000000000
ruRU/patch-ruRU-4.mpq,SkillRaceClassInfo,52,4294967295,0xFFFFFFFF,32,8,8300000076000000FFFFFFFF08020000920000000A0000000000000000000000
ruRU/patch-ruRU-4.mpq,SkillRaceClassInfo,53,4294967295,0xFFFFFFFF,32,8,8400000076000000FFFFFFFF0500000092000000140000000000000000000000
ruRU/patch-ruRU-4.mpq,SkillRaceClassInfo,54,4294967295,0xFFFFFFFF,32,8,7303000076000000FFFFFFFF4000000092010000000000000000000000000000
ruRU/patch-ruRU-4.mpq,SkillRaceClassInfo,55,4294967295,0xFFFFFFFF,32,8,9103000076000000FFFFFFFF2000000092000000000000000000000000000000
ruRU/patch-ruRU-4.mpq,SkillRaceClassInfo,59,4294967295,0xFFFFFFFF,32,8,5600000081000000FFFFFFFFFFFFFFFF80000000000000003F00000000000000
ruRU/patch-ruRU-4.mpq,SkillRaceClassInfo,60,4294967295,0xFFFFFFFF,32,8,9D03000081000000FFFFFFFF2000000080000000000000003F00000000000000
ruRU/patch-ruRU-4.mpq,SkillRaceClassInfo,61,4294967295,0xFFFFFFFF,32,8,1900000086000000FFFFFFFF00040000100400000A0000000000000000000000
ruRU/patch-ruRU-4.mpq,SkillRaceClassInfo,62,4294967295,0xFFFFFFFF,32,8,8A00000088000000FFFFFFFFC004000080000000000000000000000000000000
ruRU/patch-ruRU-4.mpq,SkillRaceClassInfo,63,4294967295,0xFFFFFFFF,32,8,8B00000088000000FFFFFFFF1501000080000000000000000000000000000000
ruRU/patch-ruRU-4.mpq,SkillRaceClassInfo,64,4294967295,0xFFFFFFFF,32,8,7203000089000000FFFFFFFFFFFFFFFF80000000000000000000000000000000
ruRU/patch-ruRU-4.mpq,SkillRaceClassInfo,65,4294967295,0xFFFFFFFF,32,8,550000008A000000FFFFFFFFFFFFFFFF80000000000000000000000000000000
ruRU/patch-ruRU-4.mpq,SkillRaceClassInfo,66,4294967295,0xFFFFFFFF,32,8,540000008B000000FFFFFFFFFFFFFFFFA0000000000000001500000000000000
ruRU/patch-ruRU-4.mpq,SkillRaceClassInfo,67,4294967295,0xFFFFFFFF,32,8,5D0000008C000000FFFFFFFFFFFFFFFF80000000000000000000000000000000
ruRU/patch-ruRU-4.mpq,SkillRaceClassInfo,68,4294967295,0xFFFFFFFF,32,8,580000008D000000FFFFFFFFFFFFFFFFA0000000000000001500000000000000
ruRU/patch-ruRU-4.mpq,SkillRaceClassInfo,69,4294967295,0xFFFFFFFF,32,8,610300008E000000FFFFFFFFFFFFFFFF00000000000000000000000000000000
ruRU/patch-ruRU-4.mpq,SkillRaceClassInfo,71,4294967295,0xFFFFFFFF,32,8,B901000094000000FFFFFFFFFFFFFFFF9204000000000000B600000000000000
ruRU/patch-ruRU-4.mpq,SkillRaceClassInfo,72,4294967295,0xFFFFFFFF,32,8,5E00000095000000FFFFFFFFDF0500009204000000000000B500000000000000
ruRU/patch-ruRU-4.mpq,SkillRaceClassInfo,73,4294967295,0xFFFFFFFF,32,8,BB01000095000000FFFFFFFFFFFFFFFF9204000000000000B600000000000000
ruRU/patch-ruRU-4.mpq,SkillRaceClassInfo,74,4294967295,0xFFFFFFFF,32,8,5C00000096000000FFFFFFFFDF0500009204000000000000B500000000000000
ruRU/patch-ruRU-4.mpq,SkillRaceClassInfo,75,4294967295,0xFFFFFFFF,32,8,E101000096000000FFFFFFFFFFFFFFFF9204000000000000B600000000000000
ruRU/patch-ruRU-4.mpq,SkillRaceClassInfo,76,4294967295,0xFFFFFFFF,32,8,5900000098000000FFFFFFFFDF0500009204000000000000B500000000000000
ruRU/patch-ruRU-4.mpq,SkillRaceClassInfo,77,4294967295,0xFFFFFFFF,32,8,BA01000098000000FFFFFFFFFFFFFFFF9204000000000000B600000000000000
ruRU/patch-ruRU-4.mpq,SkillRaceClassInfo,78,4294967295,0xFFFFFFFF,32,8,7B000000A0000000FFFFFFFF0200000080000000000000000000000000000000
ruRU/patch-ruRU-4.mpq,SkillRaceClassInfo,79,4294967295,0xFFFFFFFF,32,8,7C000000A0000000FFFFFFFF0004000080000000000000000000000000000000
ruRU/patch-ruRU-4.mpq,SkillRaceClassInfo,80,4294967295,0xFFFFFFFF,32,8,70020000A0000000FFFFFFFF0100000080000000000000000000000000000000
ruRU/patch-ruRU-4.mpq,SkillRaceClassInfo,81,4294967295,0xFFFFFFFF,32,8,71020000A0000000FFFFFFFF0100000080000000000000000000000000000000
ruRU/patch-ruRU-4.mpq,SkillRaceClassInfo,82,4294967295,0xFFFFFFFF,32,8,BE020000A0000000FFFFFFFF4000000080000000000000000000000000000000
ruRU/patch-ruRU-4.mpq,SkillRaceClassInfo,83,4294967295,0xFFFFFFFF,32,8,77030000A0000000FFFFFFFF0200000080000000000000000000000000000000
ruRU/patch-ruRU-4.mpq,SkillRaceClassInfo,84,4294967295,0xFFFFFFFF,32,8,8C030000A0000000FFFFFFFF2000000080000000000000000000000000000000
ruRU/patch-ruRU-4.mpq,SkillRaceClassInfo,85,4294967295,0xFFFFFFFF,32,8,06000000A2000000FFFFFFFFDF07000080000000000000000000000000000000
ruRU/patch-ruRU-4.mpq,SkillRaceClassInfo,86,4294967295,0xFFFFFFFF,32,8,9A030000A2000000FFFFFFFF2000000080000000000000000000000000000000
ruRU/patch-ruRU-4.mpq,SkillRaceClassInfo,87,4294967295,0xFFFFFFFF,32,8,21000000A3000000FFFFFFFF0400000010040000000000000000000000000000
ruRU/patch-ruRU-4.mpq,SkillRaceClassInfo,88,4294967295,0xFFFFFFFF,32,8,F3000000A4000000FFFFFFFFFFFFFFFFA0000000000000002900000000000000
ruRU/patch-ruRU-4.mpq,SkillRaceClassInfo,89,4294967295,0xFFFFFFFF,32,8,83030000A5000000FFFFFFFFFFFFFFFFA0000000000000002900000000000000
ruRU/patch-ruRU-4.mpq,SkillRaceClassInfo,90,4294967295,0xFFFFFFFF,32,8,F1000000AB000000FFFFFFFFFFFFFFFFA0000000000000002900000000000000
ruRU/patch-ruRU-4.mpq,SkillRaceClassInfo,91,4294967295,0xFFFFFFFF,32,8,7A000000AC000000FFFFFFFF0600000080000000000000000000000000000000
ruRU/patch-ruRU-4.mpq,SkillRaceClassInfo,92,4294967295,0xFFFFFFFF,32,8,6D020000AC000000FFFFFFFF0100000080000000000000000000000000000000
ruRU/patch-ruRU-4.mpq,SkillRaceClassInfo,93,4294967295,0xFFFFFFFF,32,8,6E020000AC000000FFFFFFFF0100000080000000000000000000000000000000
ruRU/patch-ruRU-4.mpq,SkillRaceClassInfo,94,4294967295,0xFFFFFFFF,32,8,BD020000AC000000FFFFFFFF4000000080000000000000000000000000000000
ruRU/patch-ruRU-4.mpq,SkillRaceClassInfo,95,4294967295,0xFFFFFFFF,32,8,8B030000AC000000FFFFFFFF2000000080000000000000000000000000000000
ruRU/patch-ruRU-4.mpq,SkillRaceClassInfo,96,4294967295,0xFFFFFFFF,32,8,81000000AD000000FFFFFFFF0801000080000000000000000000000000000000
ruRU/patch-ruRU-4.mpq,SkillRaceClassInfo,97,4294967295,0xFFFFFFFF,32,8,43010000AD000000FFFFFFFFD000000080000000000000000000000000000000
ruRU/patch-ruRU-4.mpq,SkillRaceClassInfo,98,4294967295,0xFFFFFFFF,32,8,77020000AD000000FFFFFFFF0400000080000000000000000000000000000000
ruRU/patch-ruRU-4.mpq,SkillRaceClassInfo,99,4294967295,0xFFFFFFFF,32,8,78020000AD000000FFFFFFFF0400000080000000000000000000000000000000
ruRU/patch-ruRU-4.mpq,SkillRaceClassInfo,100,4294967295,0xFFFFFFFF,32,8,79020000AD000000FFFFFFFF0100000080000000000000000000000000000000
ruRU/patch-ruRU-4.mpq,SkillRaceClassInfo,101,4294967295,0xFFFFFFFF,32,8,7A020000AD000000FFFFFFFF0100000080000000000000000000000000000000
ruRU/patch-ruRU-4.mpq,SkillRaceClassInfo,102,4294967295,0xFFFFFFFF,32,8,81020000AD000000FFFFFFFF0004000080000000000000000000000000000000
ruRU/patch-ruRU-4.mpq,SkillRaceClassInfo,103,4294967295,0xFFFFFFFF,32,8,82020000AD000000FFFFFFFF0004000080000000000000000000000000000000
ruRU/patch-ruRU-4.mpq,SkillRaceClassInfo,104,4294967295,0xFFFFFFFF,32,8,8E000000B0000000FFFFFFFF0800000080000000000000000000000000000000
ruRU/patch-ruRU-4.mpq,SkillRaceClassInfo,105,4294967295,0xFFFFFFFF,32,8,8F000000B0000000FFFFFFFF0400000080000000000000000000000000000000
ruRU/patch-ruRU-4.mpq,SkillRaceClassInfo,106,4294967295,0xFFFFFFFF,32,8,7F020000B0000000FFFFFFFF0100000080000000000000000000000000000000
ruRU/patch-ruRU-4.mpq,SkillRaceClassInfo,107,4294967295,0xFFFFFFFF,32,8,80020000B0000000FFFFFFFF0100000080000000000000000000000000000000
ruRU/patch-ruRU-4.mpq,SkillRaceClassInfo,108,4294967295,0xFFFFFFFF,32,8,1C000000B6000000FFFFFFFFFFFFFFFFA0000000000000000200000000000000
ruRU/patch-ruRU-4.mpq,SkillRaceClassInfo,109,4294967295,0xFFFFFFFF,32,8,05000000B7000000FFFFFFFFFFFFFFFF92040000000000000000000000000000
ruRU/patch-ruRU-4.mpq,SkillRaceClassInfo,110,4294967295,0xFFFFFFFF,32,8,3F000000B8000000FFFFFFFF0200000010040000000000000000000000000000
ruRU/patch-ruRU-4.mpq,SkillRaceClassInfo,111,4294967295,0xFFFFFFFF,32,8,1A010000B9000000FFFFFFFFFFFFFFFF80000000000000003D00000000000000
ruRU/patch-ruRU-4.mpq,SkillRaceClassInfo,112,4294967295,0xFFFFFFFF,32,8,1D000000BA000000FFFFFFFFFFFFFFFFA0000000000000000200000000000000
ruRU/patch-ruRU-4.mpq,SkillRaceClassInfo,113,4294967295,0xFFFFFFFF,32,8,1C010000C5000000FFFFFFFFFFFFFFFFA0000000000000003E00000000000000
ruRU/patch-ruRU-4.mpq,SkillRaceClassInfo,114,4294967295,0xFFFFFFFF,32,8,F4000000CA000000FFFFFFFFFFFFFFFFA0000000000000002900000000000000
ruRU/patch-ruRU-4.mpq,SkillRaceClassInfo,115,4294967295,0xFFFFFFFF,32,8,AC030000CD000000FFFFFFFF8000000000080000000000000000000000000000
ruRU/patch-ruRU-4.mpq,SkillRaceClassInfo,117,4294967295,0xFFFFFFFF,32,8,80000000E2000000FFFFFFFF0900000080000000000000000000000000000000
ruRU/patch-ruRU-4.mpq,SkillRaceClassInfo,118,4294967295,0xFFFFFFFF,32,8,6E030000E2000000FFFFFFFF0400000080000000000000000000000000000000
ruRU/patch-ruRU-4.mpq,SkillRaceClassInfo,119,4294967295,0xFFFFFFFF,32,8,6F030000E2000000FFFFFFFF0400000080000000000000000000000000000000
ruRU/patch-ruRU-4.mpq,SkillRaceClassInfo,120,4294967295,0xFFFFFFFF,32,8,90000000E4000000FFFFFFFF9001000080000000000000000000000000000000
ruRU/patch-ruRU-4.mpq,SkillRaceClassInfo,121,4294967295,0xFFFFFFFF,32,8,88000000E5000000FFFFFFFF0704000080000000140000000000000000000000
ruRU/patch-ruRU-4.mpq,SkillRaceClassInfo,122,4294967295,0xFFFFFFFF,32,8,93030000E5000000FFFFFFFF2000000080000000000000000000000000000000
ruRU/patch-ruRU-4.mpq,SkillRaceClassInfo,123,4294967295,0xFFFFFFFF,32,8,37000000ED000000FFFFFFFF8000000010040000000000000000000000000000
ruRU/patch-ruRU-4.mpq,SkillRaceClassInfo,124,4294967295,0xFFFFFFFF,32,8,4A000000FD000000FFFFFFFF0800000010040000000000000000000000000000
ruRU/patch-ruRU-4.mpq,SkillRaceClassInfo,125,4294967295,0xFFFFFFFF,32,8,6D00000000010000FFFFFFFF0100000010040000000000000000000000000000
ruRU/patch-ruRU-4.mpq,SkillRaceClassInfo,126,4294967295,0xFFFFFFFF,32,8,6E00000001010000FFFFFFFF0100000010040000000000000000000000000000
ruRU/patch-ruRU-4.mpq,SkillRaceClassInfo,127,4294967295,0xFFFFFFFF,32,8,3D0000000B010000FFFFFFFF0200000010040000000000000000000000000000
ruRU/patch-ruRU-4.mpq,SkillRaceClassInfo,128,4294967295,0xFFFFFFFF,32,8,1500000025010000FFFFFFFF0300000080000000280000000000000000000000
ruRU/patch-ruRU-4.mpq,SkillRaceClassInfo,129,4294967295,0xFFFFFFFF,32,8,8A03000025010000FFFFFFFF2000000080000000000000000000000000000000
ruRU/patch-ruRU-4.mpq,SkillRaceClassInfo,130,4294967295,0xFFFFFFFF,32,8,2E00000039010000FFFFFFFFFFFFFFFF80000000000000000000000000000000
ruRU/patch-ruRU-4.mpq,SkillRaceClassInfo,131,4294967295,0xFFFFFFFF,32,8,340000003B010000FFFFFFFFFFFFFFFF80000000000000000000000000000000
ruRU/patch-ruRU-4.mpq,SkillRaceClassInfo,132,4294967295,0xFFFFFFFF,32,8,190100004D010000FFFFFFFFFFFFFFFFA0000000000000003E00000000000000
ruRU/patch-ruRU-4.mpq,SkillRaceClassInfo,133,4294967295,0xFFFFFFFF,32,8,6600000062010000FFFFFFFF0001000010040000000000000000000000000000
ruRU/patch-ruRU-4.mpq,SkillRaceClassInfo,134,4294967295,0xFFFFFFFF,32,8,6500000063010000FFFFFFFF0001000010040000000000000000000000000000
ruRU/patch-ruRU-4.mpq,SkillRaceClassInfo,135,4294967295,0xFFFFFFFF,32,8,1B00000064010000FFFFFFFFFFFFFFFF80000000000000001700000000000000
ruRU/patch-ruRU-4.mpq,SkillRaceClassInfo,136,4294967295,0xFFFFFFFF,32,8,5F00000075010000FFFFFFFF4000000010040000000000000000000000000000
ruRU/patch-ruRU-4.mpq,SkillRaceClassInfo,137,4294967295,0xFFFFFFFF,32,8,6200000076010000FFFFFFFF4000000010040000000000000000000000000000
ruRU/patch-ruRU-4.mpq,SkillRaceClassInfo,138,4294967295,0xFFFFFFFF,32,8,6000000077010000FFFFFFFF4000000010040000000000000000000000000000
ruRU/patch-ruRU-4.mpq,SkillRaceClassInfo,139,4294967295,0xFFFFFFFF,32,8,1E00000089010000FFFFFFFFFFFFFFFFA000000000000000A100000000000000
ruRU/patch-ruRU-4.mpq,SkillRaceClassInfo,140,4294967295,0xFFFFFFFF,32,8,910000009D010000FFFFFFFF4400000080000000280000000000000000000000
ruRU/patch-ruRU-4.mpq,SkillRaceClassInfo,141,4294967295,0xFFFFFFFF,32,8,920000009D010000FFFFFFFF2300000080000000000000000000000000000000
ruRU/patch-ruRU-4.mpq,SkillRaceClassInfo,142,4294967295,0xFFFFFFFF,32,8,930000009E010000FFFFFFFF6F06000080000000000000000000000000000000
ruRU/patch-ruRU-4.mpq,SkillRaceClassInfo,143,4294967295,0xFFFFFFFF,32,8,940000009F010000FFFFFFFFFFFFFFFF80000000000000000000000000000000
ruRU/patch-ruRU-4.mpq,SkillRaceClassInfo,144,4294967295,0xFFFFFFFF,32,8,F6000000B1010000FFFFFFFF4300000080000000000000000000000000000000
ruRU/patch-ruRU-4.mpq,SkillRaceClassInfo,145,4294967295,0xFFFFFFFF,32,8,4A010000D9010000FFFFFFFF4D04000082000000000000000000000000000000
ruRU/patch-ruRU-4.mpq,SkillRaceClassInfo,146,4294967295,0xFFFFFFFF,32,8,BD01000015020000FFFFFFFFFFFFFFFF9204000000000000B500000000000000
ruRU/patch-ruRU-4.mpq,SkillRaceClassInfo,147,4294967295,0xFFFFFFFF,32,8,BE01000015020000FFFFFFFFDF0500009204000000000000B600000000000000
ruRU/patch-ruRU-4.mpq,SkillRaceClassInfo,148,4294967295,0xFFFFFFFF,32,8,CD01000029020000FFFFFFFFDF0500009204000000000000B500000000000000
ruRU/patch-ruRU-4.mpq,SkillRaceClassInfo,149,4294967295,0xFFFFFFFF,32,8,F501000029020000FFFFFFFFFFFFFFFF9204000000000000B600000000000000
ruRU/patch-ruRU-4.mpq,SkillRaceClassInfo,150,4294967295,0xFFFFFFFF,32,8,CF0100002A020000FFFFFFFFDF0500009204000000000000B500000000000000
ruRU/patch-ruRU-4.mpq,SkillRaceClassInfo,151,4294967295,0xFFFFFFFF,32,8,D00100002A020000FFFFFFFFFFFFFFFF9204000000000000B600000000000000
ruRU/patch-ruRU-4.mpq,SkillRaceClassInfo,152,4294967295,0xFFFFFFFF,32,8,090200003D020000FFFFFFFF0004000010040000000000000000000000000000
ruRU/patch-ruRU-4.mpq,SkillRaceClassInfo,153,4294967295,0xFFFFFFFF,32,8,0A0200003E020000FFFFFFFF0004000010040000000000000000000000000000
ruRU/patch-ruRU-4.mpq,SkillRaceClassInfo,154,4294967295,0xFFFFFFFF,32,8,1D02000051020000FFFFFFFF0001000010040000000000000000000000000000
ruRU/patch-ruRU-4.mpq,SkillRaceClassInfo,155,4294967295,0xFFFFFFFF,32,8,2002000052020000FFFFFFFF0200000010040000000000000000000000000000
ruRU/patch-ruRU-4.mpq,SkillRaceClassInfo,156,4294967295,0xFFFFFFFF,32,8,4502000065020000FFFFFFFF1000000010040000000000000000000000000000
ruRU/patch-ruRU-4.mpq,SkillRaceClassInfo,157,4294967295,0xFFFFFFFF,32,8,5902000079020000FFFFFFFF0800000080000000000000000000000000000000
ruRU/patch-ruRU-4.mpq,SkillRaceClassInfo,158,4294967295,0xFFFFFFFF,32,8,E5020000A1020000FFFFFFFFFFFFFFFF80000000000000000000000000000000
ruRU/patch-ruRU-4.mpq,SkillRaceClassInfo,159,4294967295,0xFFFFFFFF,32,8,0D030000C9020000FFFFFFFFFFFFFFFF9204000000000000B500000000000000
ruRU/patch-ruRU-4.mpq,SkillRaceClassInfo,163,4294967295,0xFFFFFFFF,32,8,62030000F3020000FFFFFFFFFFFFFFFFA0000000000000002900000000000000
ruRU/patch-ruRU-4.mpq,SkillRaceClassInfo,165,4294967295,0xFFFFFFFF,32,8,6B030000F7020000FFFFFFFFFFFFFFFF80000000000000000000000000000000
ruRU/patch-ruRU-4.mpq,SkillRaceClassInfo,167,4294967295,0xFFFFFFFF,32,8,7A030000FA020000FFFFFFFFFFFFFFFF9000000000000000DF00000000000000
ruRU/patch-ruRU-4.mpq,SkillRaceClassInfo,168,4294967295,0xFFFFFFFF,32,8,A6030000FA020000FFFFFFFF200000009000000000000000DF00000000000000
ruRU/patch-ruRU-4.mpq,SkillRaceClassInfo,169,4294967295,0xFFFFFFFF,32,8,7C03000001030000FFFFFFFFFFFFFFFF10040000000000000000000000000000
ruRU/patch-ruRU-4.mpq,SkillRaceClassInfo,170,4294967295,0xFFFFFFFF,32,8,8003000002030000FFFFFFFF2000000010040000000000000000000000000000
ruRU/patch-ruRU-4.mpq,SkillRaceClassInfo,171,4294967295,0xFFFFFFFF,32,8,8103000003030000FFFFFFFF2000000010040000000000000000000000000000
ruRU/patch-ruRU-4.mpq,SkillRaceClassInfo,172,4294967295,0xFFFFFFFF,32,8,B703000003030000FFFFFFFFFFFFFFFF00000000000000000000000000000000
ruRU/patch-ruRU-4.mpq,SkillRaceClassInfo,173,4294967295,0xFFFFFFFF,32,8,7F03000004030000FFFFFFFF2000000010040000000000000000000000000000
ruRU/patch-ruRU-4.mpq,SkillRaceClassInfo,174,4294967295,0xFFFFFFFF,32,8,8403000005030000FFFFFFFFFFFFFFFFA0000000000000002900000000000000
ruRU/patch-ruRU-4.mpq,SkillRaceClassInfo,175,4294967295,0xFFFFFFFF,32,8,A803000008030000FFFFFFFF2000000080000000000000000000000000000000
ruRU/patch-ruRU-4.mpq,SkillRaceClassInfo,176,4294967295,0xFFFFFFFF,32,8,AA03000009030000FFFFFFFFFFFFFFFF02000000000000000000000000000000
ruRU/patch-ruRU-4.mpq,SkillRaceClassInfo,177,4294967295,0xFFFFFFFF,32,8,AB0300000A030000FFFFFFFFFFFFFFFF02000000000000000000000000000000
ruRU/patch-ruRU-4.mpq,SkillRaceClassInfo,178,4294967295,0xFFFFFFFF,32,8,B30300000A030000FFFFFFFFFFFFFFFF00000000000000000000000000000000
ruRU/patch-ruRU-4.mpq,SkillRaceClassInfo,184,4294967295,0xFFFFFFFF,32,8,ED03000016030000FFFFFFFF0002000010040000000000000000000000000000
ruRU/patch-ruRU-4.mpq,SkillRaceClassInfo,185,4294967295,0xFFFFFFFF,32,8,EE03000017030000FFFFFFFF0002000010040000000000000000000000000000
ruRU/patch-ruRU-4.mpq,SkillRaceClassInfo,186,4294967295,0xFFFFFFFF,32,8,EF03000018030000FFFFFFFF0002000010040000000000000000000000000000
ruRU/patch-ruRU-4.mpq,SkillRaceClassInfo,187,4294967295,0xFFFFFFFF,32,8,F00300001E030000FFFFFFFFFFFFFFFF80000000000000000000000000000000
ruRU/patch-ruRU-4.mpq,SkillRaceClassInfo,188,4294967295,0xFFFFFFFF,32,8,F20300001F030000FFFFFFFFFFFFFFFF80000000000000000000000000000000
ruRU/patch-ruRU-4.mpq,SkillRaceClassInfo,189,4294967295,0xFFFFFFFF,32,8,F403000020030000FFFFFFFFFFFFFFFF80000000000000000000000000000000
ruRU/patch-ruRU-4.mpq,SkillRaceClassInfo,190,4294967295,0xFFFFFFFF,32,8,F503000021030000FFFFFFFFFFFFFFFF80000000000000000000000000000000
ruRU/patch-ruRU-4.mpq,SkillRaceClassInfo,191,4294967295,0xFFFFFFFF,32,8,F603000022030000FFFFFFFFFFFFFFFF00000000000000000000000000000000
ruRU/patch-ruRU-4.mpq,SkillRaceClassInfo,192,4294967295,0xFFFFFFFF,32,8,F703000023030000FFFFFFFFFFFFFFFF00000000000000000000000000000000
ruRU/patch-ruRU-4.mpq,SkillRaceClassInfo,194,4294967295,0xFFFFFFFF,32,8,F903000025030000FFFFFFFFFFFFFFFF80000000000000000000000000000000
ruRU/patch-ruRU-4.mpq,SkillRaceClassInfo,195,4294967295,0xFFFFFFFF,32,8,FA03000026030000FFFFFFFFFFFFFFFF00000000000000000000000000000000
ruRU/patch-ruRU-4.mpq,SkillRaceClassInfo,196,4294967295,0xFFFFFFFF,32,8,FB03000027030000FFFFFFFFFFFFFFFF92040000000000000000000000000000
ruRU/patch-ruRU-4.mpq,SkillRaceClassInfo,197,4294967295,0xFFFFFFFF,32,8,4604000028030000FFFFFFFFFFFFFFFF80000000000000000000000000000000
ruRU/patch-ruRU-4.mpq,SkillRaceClassInfo,198,4294967295,0xFFFFFFFF,32,8,4704000029030000FFFFFFFFFFFFFFFF80000000000000000000000000000000
ruRU/patch-ruRU-4.mpq,SkillRaceClassInfo,199,4294967295,0xFFFFFFFF,32,8,480400002A030000FFFFFFFFFFFFFFFF80000000000000000000000000000000
ruRU/patch-ruRU-4.mpq,SkillRaceClassInfo,200,4294967295,0xFFFFFFFF,32,8,490400002B030000FFFFFFFFFFFFFFFF80000000000000000000000000000000
ruRU/patch-ruRU-4.mpq,SkillRaceClassInfo,206,4294967295,0xFFFFFFFF,32,8,4F04000031030000FFFFFFFFFFFFFFFFA000000000000000E000000000000000
ruRU/patch-ruRU-4.mpq,SkillRaceClassInfo,207,4294967295,0xFFFFFFFF,32,8,5004000032030000FFFFFFFFFFFFFFFF80000000000000000000000000000000
ruRU/patch-ruRU-4.mpq,SkillRaceClassInfo,208,4294967295,0xFFFFFFFF,32,8,5104000033030000FFFFFFFFFFFFFFFF80000000000000000000000000000000
ruRU/patch-ruRU-4.mpq,SkillRaceClassInfo,209,4294967295,0xFFFFFFFF,32,8,5204000034030000FFFFFFFFFFFFFFFF80000000000000000000000000000000
ruRU/patch-ruRU-4.mpq,SkillRaceClassInfo,224,4096,0x1000,32,8,610400004503000000100000FFFFFFFF92040000000000000000000000000000
ruRU/patch-ruRU-4.mpq,SkillRaceClassInfo,230,4294967295,0xFFFFFFFF,32,8,670400008B000000FFFFFFFFFFFFFFFF80000000000000000000000000000000
ruRU/patch-ruRU-4.mpq,SkillRaceClassInfo,232,4294967295,0xFFFFFFFF,32,8,690400004C030000FFFFFFFFFFFFFFFF00000000000000000000000000000000
ruRU/patch-ruRU-4.mpq,SkillRaceClassInfo,233,4294967295,0xFFFFFFFF,32,8,6A0400004D030000FFFFFFFFFFFFFFFF00000000000000000000000000000000
ruRU/patch-ruRU-4.mpq,SkillRaceClassInfo,234,4294967295,0xFFFFFFFF,32,8,6B0400004E030000FFFFFFFFFFFFFFFF00000000000000000000000000000000
ruRU/patch-ruRU-4.mpq,SkillRaceClassInfo,235,4294967295,0xFFFFFFFF,32,8,6C0400004F030000FFFFFFFFFFFFFFFF92040000000000000000000000000000
ruRU/patch-ruRU-4.mpq,SkillRaceClassInfo,236,4294967295,0xFFFFFFFF,32,8,6D04000050030000FFFFFFFFFFFFFFFF92040000000000000000000000000000
ruRU/patch-ruRU-4.mpq,SkillRaceClassInfo,237,4294967295,0xFFFFFFFF,32,8,6E04000051030000FFFFFFFFFFFFFFFF92040000000000000000000000000000
ruRU/patch-ruRU-4.mpq,SkillRaceClassInfo,238,4294967295,0xFFFFFFFF,32,8,6F04000052030000FFFFFFFFFFFFFFFF92040000000000000000000000000000
ruRU/patch-ruRU-4.mpq,SkillRaceClassInfo,239,4294967295,0xFFFFFFFF,32,8,7004000053030000FFFFFFFFFFFFFFFF92040000000000000000000000000000
ruRU/patch-ruRU-4.mpq,SkillRaceClassInfo,240,4294967295,0xFFFFFFFF,32,8,7104000054030000FFFFFFFFFFFFFFFF92040000000000000000000000000000
ruRU/patch-ruRU-4.mpq,SkillRaceClassInfo,241,4294967295,0xFFFFFFFF,32,8,7204000055030000FFFFFFFFFFFFFFFF92040000000000000000000000000000
ruRU/patch-ruRU-4.mpq,SkillRaceClassInfo,242,4294967295,0xFFFFFFFF,32,8,7304000056030000FFFFFFFFFFFFFFFF92040000000000000000000000000000
ruRU/patch-ruRU-4.mpq,SkillRaceClassInfo,243,4294967295,0xFFFFFFFF,32,8,7404000057030000FFFFFFFFFFFFFFFF92040000000000000000000000000000
ruRU/patch-ruRU-4.mpq,SkillRaceClassInfo,244,4294967295,0xFFFFFFFF,32,8,7504000058030000FFFFFFFFFFFFFFFF92040000000000000000000000000000
ruRU/patch-ruRU-4.mpq,SkillRaceClassInfo,245,4294967295,0xFFFFFFFF,32,8,7604000059030000FFFFFFFFFFFFFFFF92040000000000000000000000000000
ruRU/patch-ruRU-4.mpq,SkillRaceClassInfo,246,4294967295,0xFFFFFFFF,32,8,770400005A030000FFFFFFFFFFFFFFFF92040000000000000000000000000000
ruRU/patch-ruRU-4.mpq,SkillRaceClassInfo,247,4294967295,0xFFFFFFFF,32,8,780400005B030000FFFFFFFFFFFFFFFF92040000000000000000000000000000
ruRU/patch-ruRU-4.mpq,SkillRaceClassInfo,248,4294967295,0xFFFFFFFF,32,8,790400005C030000FFFFFFFFFFFFFFFF92040000000000000000000000000000
ruRU/patch-ruRU-4.mpq,SkillRaceClassInfo,249,4294967295,0xFFFFFFFF,32,8,7A0400005D030000FFFFFFFFFFFFFFFF92040000000000000000000000000000
ruRU/patch-ruRU-4.mpq,SkillRaceClassInfo,250,4294967295,0xFFFFFFFF,32,8,7B0400005E030000FFFFFFFFFFFFFFFF92040000000000000000000000000000
ruRU/patch-ruRU-4.mpq,SkillRaceClassInfo,251,4294967295,0xFFFFFFFF,32,8,7C0400005F030000FFFFFFFFFFFFFFFF92040000000000000000000000000000
ruRU/patch-ruRU-4.mpq,SkillRaceClassInfo,252,4294967295,0xFFFFFFFF,32,8,7D04000060030000FFFFFFFFFFFFFFFF92040000000000000000000000000000
ruRU/patch-ruRU-4.mpq,SkillRaceClassInfo,253,4294967295,0xFFFFFFFF,32,8,7E04000061030000FFFFFFFFFFFFFFFF92040000000000000000000000000000
ruRU/patch-ruRU-4.mpq,SkillRaceClassInfo,254,4294967295,0xFFFFFFFF,32,8,7F04000062030000FFFFFFFFFFFFFFFF92040000000000000000000000000000
ruRU/patch-ruRU-4.mpq,SkillRaceClassInfo,255,4294967295,0xFFFFFFFF,32,8,8004000063030000FFFFFFFFFFFFFFFF92040000000000000000000000000000
ruRU/patch-ruRU-4.mpq,SkillRaceClassInfo,256,4294967295,0xFFFFFFFF,32,8,8104000064030000FFFFFFFFFFFFFFFF92040000000000000000000000000000
ruRU/patch-ruRU-4.mpq,SkillRaceClassInfo,257,4294967295,0xFFFFFFFF,32,8,8204000065030000FFFFFFFFFFFFFFFF92040000000000000000000000000000
ruRU/patch-ruRU-4.mpq,SkillRaceClassInfo,258,4294967295,0xFFFFFFFF,32,8,8304000066030000FFFFFFFFFFFFFFFF92040000000000000000000000000000
ruRU/patch-ruRU-4.mpq,SkillRaceClassInfo,259,4294967295,0xFFFFFFFF,32,8,8404000067030000FFFFFFFFFFFFFFFF80000000000000000000000000000000
