reference_entry,displayid,item_level,quality,source,earliest_expansion
714,14445,5,1,item_template.sql,Classic
720,2368,28,3,item_template.sql,Classic
727,26577,10,2,item_template.sql,Classic
744,18059,44,2,item_template.sql,Classic
754,20218,47,3,item_template.sql,Classic
791,20334,31,3,item_template.sql,Classic
821,17102,13,2,item_template.sql,Classic
832,6847,15,2,item_template.sql,Classic
862,18397,50,3,item_template.sql,Classic
864,26579,38,2,item_template.sql,Classic
865,5212,31,2,item_template.sql,Classic
866,20357,42,2,item_template.sql,Classic
867,17180,42,4,item_template.sql,Classic
880,20382,23,2,item_template.sql,Classic
888,17182,27,3,item_template.sql,Classic
892,16950,22,2,item_template.sql,Classic
897,17011,29,2,item_template.sql,Classic
914,2829,30,2,item_template.sql,Classic
920,19703,25,2,item_template.sql,Classic
934,19405,37,3,item_template.sql,Classic
935,8274,20,3,item_template.sql,Classic
937,20329,38,3,item_template.sql,Classic
1021,13551,1,1,item_template.sql,Classic
1023,15297,1,1,item_template.sql,Classic
1025,15302,1,1,item_template.sql,Classic
1076,6012,25,2,item_template.sql,Classic
1121,703,24,3,item_template.sql,Classic
1156,9839,22,3,item_template.sql,Classic
1162,13219,10,1,item_template.sql,Classic
1163,13218,10,1,item_template.sql,Classic
1190,15120,20,2,item_template.sql,Classic
1203,2594,54,3,item_template.sql,Classic
1207,5223,39,2,item_template.sql,Classic
1211,14260,15,2,item_template.sql,Classic
1215,16942,22,2,item_template.sql,Classic
1216,9559,33,2,item_template.sql,Classic
1265,20156,39,3,item_template.sql,Classic
1280,15298,38,2,item_template.sql,Classic
1282,15324,33,2,item_template.sql,Classic
1299,16717,22,2,item_template.sql,Classic
1300,20391,20,2,item_template.sql,Classic
1302,17174,18,2,item_template.sql,Classic
1304,16818,20,2,item_template.sql,Classic
1310,16971,20,2,item_template.sql,Classic
1314,17179,20,2,item_template.sql,Classic
1315,6524,51,4,item_template.sql,Classic
1317,20377,25,2,item_template.sql,Classic
1319,14437,25,2,item_template.sql,Classic
1351,16897,28,2,item_template.sql,Classic
1355,23014,15,2,item_template.sql,Classic
1391,20410,18,2,item_template.sql,Classic
1405,5540,17,2,item_template.sql,Classic
1406,5638,21,2,item_template.sql,Classic
1444,6504,40,3,item_template.sql,Classic
1446,6841,19,2,item_template.sql,Classic
1447,14438,46,4,item_template.sql,Classic
1448,6842,20,2,item_template.sql,Classic
1455,22214,24,2,item_template.sql,Classic
1461,19375,25,2,item_template.sql,Classic
1462,9846,25,2,item_template.sql,Classic
1465,20594,38,2,item_template.sql,Classic
1481,25595,25,3,item_template.sql,Classic
1483,9117,21,3,item_template.sql,Classic
1484,9122,22,3,item_template.sql,Classic
1486,9889,24,3,item_template.sql,Classic
1489,8676,25,3,item_template.sql,Classic
1521,19306,44,2,item_template.sql,Classic
1522,22239,36,2,item_template.sql,Classic
1547,21551,30,2,item_template.sql,Classic
1560,16856,21,2,item_template.sql,Classic
1561,12671,15,2,item_template.sql,Classic
1604,63370,45,2,item_template.sql,Classic
1613,28470,44,2,item_template.sql,Classic
1640,8526,42,2,item_template.sql,Classic
1677,8678,46,2,item_template.sql,Classic
1678,11269,37,3,item_template.sql,Classic
1680,19304,44,2,item_template.sql,Classic
1713,23949,45,3,item_template.sql,Classic
1716,16667,40,3,item_template.sql,Classic
1718,17137,43,3,item_template.sql,Classic
1720,21460,46,3,item_template.sql,Classic
1722,15467,42,3,item_template.sql,Classic
1726,20749,36,3,item_template.sql,Classic
1832,16845,17,2,item_template.sql,Classic
1893,19234,20,2,item_template.sql,Classic
1917,20435,10,2,item_template.sql,Classic
1927,19276,15,2,item_template.sql,Classic
1928,20415,16,2,item_template.sql,Classic
1929,16848,18,2,item_template.sql,Classic
1930,23067,18,2,item_template.sql,Classic
1933,20418,15,2,item_template.sql,Classic
1935,20471,24,3,item_template.sql,Classic
1944,17062,18,2,item_template.sql,Classic
1945,17189,18,2,item_template.sql,Classic
1974,16901,22,3,item_template.sql,Classic
1976,8590,29,3,item_template.sql,Classic
1978,12813,27,3,item_template.sql,Classic
1986,20638,41,2,item_template.sql,Classic
1993,14436,36,2,item_template.sql,Classic
1997,16670,34,2,item_template.sql,Classic
2013,20373,26,2,item_template.sql,Classic
2016,1727,26,2,item_template.sql,Classic
2017,6738,28,2,item_template.sql,Classic
2018,20088,27,2,item_template.sql,Classic
2032,16887,36,2,item_template.sql,Classic
2035,5161,24,2,item_template.sql,Classic
2037,11447,18,2,item_template.sql,Classic
2055,8579,4,1,item_template.sql,Classic
2059,22991,24,3,item_template.sql,Classic
2072,20363,27,2,item_template.sql,Classic
2075,5218,12,2,item_template.sql,Classic
2077,28578,29,2,item_template.sql,Classic
2087,17095,13,2,item_template.sql,Classic
2088,6455,15,2,item_template.sql,Classic
2108,8662,4,1,item_template.sql,Classic
2122,14425,5,1,item_template.sql,Classic
2140,6440,11,2,item_template.sql,Classic
2164,20312,45,4,item_template.sql,Classic
2166,685,20,2,item_template.sql,Classic
2168,16713,21,2,item_template.sql,Classic
2173,28227,5,1,item_template.sql,Classic
2194,8567,25,3,item_template.sql,Classic
2203,8506,19,2,item_template.sql,Classic
2226,20372,27,2,item_template.sql,Classic
2230,6930,24,2,item_template.sql,Classic
2231,16671,40,2,item_template.sql,Classic
2233,18489,27,2,item_template.sql,Classic
2246,9841,58,4,item_template.sql,Classic
2256,5221,24,3,item_template.sql,Classic
2264,12830,30,3,item_template.sql,Classic
2266,20427,13,2,item_template.sql,Classic
2271,20346,23,3,item_template.sql,Classic
2273,16114,15,2,item_template.sql,Classic
2274,6883,17,2,item_template.sql,Classic
2275,13279,20,3,item_template.sql,Classic
2276,16996,37,3,item_template.sql,Classic
2277,3173,35,3,item_template.sql,Classic
2278,17190,31,3,item_template.sql,Classic
2281,19297,11,2,item_template.sql,Classic
2283,16831,15,2,item_template.sql,Classic
2299,19389,33,3,item_template.sql,Classic
2300,9502,12,2,item_template.sql,Classic
2307,17163,18,2,item_template.sql,Classic
2308,23028,15,2,item_template.sql,Classic
2309,13864,15,2,item_template.sql,Classic
2310,23025,13,2,item_template.sql,Classic
2311,17233,13,2,item_template.sql,Classic
2312,5406,15,2,item_template.sql,Classic
2314,9531,24,3,item_template.sql,Classic
2315,9530,20,2,item_template.sql,Classic
2316,23021,22,2,item_template.sql,Classic
2391,6954,5,1,item_template.sql,Classic
2491,22112,8,1,item_template.sql,Classic
2564,4485,50,3,item_template.sql,Classic
2566,16666,27,2,item_template.sql,Classic
2569,17120,13,2,item_template.sql,Classic
2570,23122,6,1,item_template.sql,Classic
2578,10891,14,2,item_template.sql,Classic
2580,23133,12,2,item_template.sql,Classic
2582,12394,17,2,item_template.sql,Classic
2585,12669,21,2,item_template.sql,Classic
2588,13253,20,1,item_template.sql,Classic
2621,15295,36,2,item_template.sql,Classic
2632,20473,14,2,item_template.sql,Classic
2694,28250,17,2,item_template.sql,Classic
2800,21114,26,3,item_template.sql,Classic
2801,5193,64,4,item_template.sql,Classic
2802,6484,43,3,item_template.sql,Classic
2807,9118,23,3,item_template.sql,Classic
2817,17103,12,2,item_template.sql,Classic
2818,1963,15,2,item_template.sql,Classic
2820,6540,50,2,item_template.sql,Classic
2823,19236,19,2,item_template.sql,Classic
2848,5198,22,2,item_template.sql,Classic
2854,25851,19,2,item_template.sql,Classic
2857,25852,18,2,item_template.sql,Classic
2867,23532,23,2,item_template.sql,Classic
2868,23533,25,2,item_template.sql,Classic
2869,9403,26,2,item_template.sql,Classic
2870,23540,29,3,item_template.sql,Classic
2899,16949,15,2,item_template.sql,Classic
2902,23099,30,2,item_template.sql,Classic
2903,8107,15,2,item_template.sql,Classic
2907,19227,20,2,item_template.sql,Classic
2911,9898,23,3,item_template.sql,Classic
2912,20320,32,3,item_template.sql,Classic
2917,9850,33,2,item_template.sql,Classic
2919,6526,30,1,item_template.sql,Classic
2921,6485,15,1,item_template.sql,Classic
2923,6550,25,1,item_template.sql,Classic
2933,9845,31,3,item_template.sql,Classic
2949,16989,25,2,item_template.sql,Classic
2950,20378,25,2,item_template.sql,Classic
2951,9851,36,3,item_template.sql,Classic
2953,23077,33,2,item_template.sql,Classic
2954,14615,33,2,item_template.sql,Classic
2955,16545,40,2,item_template.sql,Classic
2957,14499,11,2,item_template.sql,Classic
2958,14498,10,2,item_template.sql,Classic
2961,17093,11,2,item_template.sql,Classic
2962,17160,10,2,item_template.sql,Classic
2965,22677,11,2,item_template.sql,Classic
2966,7193,10,2,item_template.sql,Classic
2969,14524,17,2,item_template.sql,Classic
2970,14529,16,2,item_template.sql,Classic
2973,14539,17,2,item_template.sql,Classic
2974,14537,16,2,item_template.sql,Classic
2976,14536,15,2,item_template.sql,Classic
2978,22693,15,2,item_template.sql,Classic
2980,12450,15,2,item_template.sql,Classic
2982,14554,20,2,item_template.sql,Classic
2983,14552,17,2,item_template.sql,Classic
2984,16789,18,2,item_template.sql,Classic
2985,9739,21,2,item_template.sql,Classic
2986,11369,20,2,item_template.sql,Classic
2988,14411,19,2,item_template.sql,Classic
2989,25769,21,2,item_template.sql,Classic
2990,25768,21,2,item_template.sql,Classic
2991,25765,21,2,item_template.sql,Classic
2992,16731,20,2,item_template.sql,Classic
3000,16888,10,2,item_template.sql,Classic
3001,18087,20,1,item_template.sql,Classic
3004,6551,15,1,item_template.sql,Classic
3006,6521,25,1,item_template.sql,Classic
3011,13259,36,2,item_template.sql,Classic
3018,23027,23,2,item_template.sql,Classic
3020,21294,33,3,item_template.sql,Classic
3021,20673,25,3,item_template.sql,Classic
3022,16534,23,2,item_template.sql,Classic
3040,20740,19,2,item_template.sql,Classic
3045,25778,27,2,item_template.sql,Classic
3048,11525,26,2,item_template.sql,Classic
3049,25780,27,2,item_template.sql,Classic
3056,16954,26,2,item_template.sql,Classic
3058,17055,25,2,item_template.sql,Classic
3066,27550,24,2,item_template.sql,Classic
3068,16824,32,2,item_template.sql,Classic
3069,27554,27,2,item_template.sql,Classic
3070,15149,5,1,item_template.sql,Classic
3073,16846,26,2,item_template.sql,Classic
3074,12420,24,2,item_template.sql,Classic
3075,15322,55,4,item_template.sql,Classic
3076,4873,23,2,item_template.sql,Classic
3078,20669,26,3,item_template.sql,Classic
3079,20738,12,2,item_template.sql,Classic
3166,12965,15,2,item_template.sql,Classic
3184,20396,20,2,item_template.sql,Classic
3185,20362,34,2,item_template.sql,Classic
3186,26576,30,2,item_template.sql,Classic
3191,11165,26,3,item_template.sql,Classic
3192,26590,12,2,item_template.sql,Classic
3194,19622,21,3,item_template.sql,Classic
3195,8499,18,2,item_template.sql,Classic
3196,26585,18,2,item_template.sql,Classic
3197,20184,35,2,item_template.sql,Classic
3198,8585,23,2,item_template.sql,Classic
3203,5228,28,3,item_template.sql,Classic
3204,3606,26,2,item_template.sql,Classic
3205,14410,17,2,item_template.sql,Classic
3211,25766,19,2,item_template.sql,Classic
3212,25779,26,2,item_template.sql,Classic
3217,16787,15,2,item_template.sql,Classic
3223,19624,11,2,item_template.sql,Classic
3227,20381,23,2,item_template.sql,Classic
3228,10402,26,3,item_template.sql,Classic
3230,17166,26,3,item_template.sql,Classic
3231,10166,25,2,item_template.sql,Classic
3235,9840,20,2,item_template.sql,Classic
3282,26932,12,2,item_template.sql,Classic
3283,26933,13,2,item_template.sql,Classic
3287,28591,12,2,item_template.sql,Classic
3288,27996,13,2,item_template.sql,Classic
3291,14511,13,2,item_template.sql,Classic
3292,14513,13,2,item_template.sql,Classic
3302,26944,15,2,item_template.sql,Classic
3307,11060,15,2,item_template.sql,Classic
3308,16592,15,2,item_template.sql,Classic
3309,16591,16,2,item_template.sql,Classic
3310,16590,18,2,item_template.sql,Classic
3313,28047,18,2,item_template.sql,Classic
3314,14546,15,2,item_template.sql,Classic
3324,21457,28,2,item_template.sql,Classic
3330,12971,13,2,item_template.sql,Classic
3336,20341,29,2,item_template.sql,Classic
3344,4511,15,2,item_template.sql,Classic
3345,15912,37,2,item_template.sql,Classic
3392,21310,30,2,item_template.sql,Classic
3429,4532,24,2,item_template.sql,Classic
3446,20419,13,2,item_template.sql,Classic
3449,23127,15,2,item_template.sql,Classic
3457,16850,18,2,item_template.sql,Classic
3461,12672,24,2,item_template.sql,Classic
3462,28607,24,2,item_template.sql,Classic
3469,23528,9,1,item_template.sql,Classic
3471,13090,10,2,item_template.sql,Classic
3472,25850,12,2,item_template.sql,Classic
3473,25849,13,2,item_template.sql,Classic
3474,9390,15,2,item_template.sql,Classic
3480,23531,22,2,item_template.sql,Classic
3481,9407,25,2,item_template.sql,Classic
3482,9404,26,2,item_template.sql,Classic
3483,9406,27,2,item_template.sql,Classic
3484,9412,29,2,item_template.sql,Classic
3485,9414,30,2,item_template.sql,Classic
3488,8516,13,2,item_template.sql,Classic
3491,5211,25,2,item_template.sql,Classic
3511,23020,15,2,item_template.sql,Classic
3522,7421,1,1,item_template.sql,Classic
3526,6836,1,1,item_template.sql,Classic
3535,6763,1,1,item_template.sql,Classic
3545,6721,1,1,item_template.sql,Classic
3555,16615,25,2,item_template.sql,Classic
3556,16544,30,2,item_template.sql,Classic
3558,16528,25,2,item_template.sql,Classic
3559,11626,21,2,item_template.sql,Classic
3561,23135,26,2,item_template.sql,Classic
3563,3179,20,2,item_template.sql,Classic
3567,6601,19,2,item_template.sql,Classic
3570,8100,16,2,item_template.sql,Classic
3578,9380,15,2,item_template.sql,Classic
3581,20414,18,2,item_template.sql,Classic
3582,23085,18,2,item_template.sql,Classic
3585,16876,22,2,item_template.sql,Classic
3645,16915,17,2,item_template.sql,Classic
3647,14566,23,2,item_template.sql,Classic
3653,1673,15,2,item_template.sql,Classic
3719,23040,30,2,item_template.sql,Classic
3739,16132,25,2,item_template.sql,Classic
3741,17164,24,2,item_template.sql,Classic
3747,11167,30,2,item_template.sql,Classic
3748,10169,26,3,item_template.sql,Classic
3749,23118,30,2,item_template.sql,Classic
3752,8666,22,2,item_template.sql,Classic
3753,17129,34,2,item_template.sql,Classic
3754,17186,33,2,item_template.sql,Classic
3755,19228,32,2,item_template.sql,Classic
3764,3750,40,2,item_template.sql,Classic
3765,6971,40,2,item_template.sql,Classic
3822,20180,32,2,item_template.sql,Classic
3836,25658,34,2,item_template.sql,Classic
3837,15333,38,2,item_template.sql,Classic
3840,9422,32,2,item_template.sql,Classic
3842,9415,31,2,item_template.sql,Classic
3843,9242,34,2,item_template.sql,Classic
3845,9425,40,2,item_template.sql,Classic
3847,9426,40,2,item_template.sql,Classic
3850,20215,35,2,item_template.sql,Classic
3854,20252,40,2,item_template.sql,Classic
3856,8533,40,2,item_template.sql,Classic
3883,13228,22,1,item_template.sql,Classic
3885,13278,22,1,item_template.sql,Classic
3902,20412,18,2,item_template.sql,Classic
3985,16829,40,2,item_template.sql,Classic
4035,16643,31,2,item_template.sql,Classic
4036,4607,27,2,item_template.sql,Classic
4040,14623,34,2,item_template.sql,Classic
4042,14661,39,2,item_template.sql,Classic
4043,14652,38,2,item_template.sql,Classic
4044,14659,40,2,item_template.sql,Classic
4047,14679,43,2,item_template.sql,Classic
4048,17199,31,2,item_template.sql,Classic
4049,14601,28,2,item_template.sql,Classic
4050,17141,31,2,item_template.sql,Classic
4051,17161,30,2,item_template.sql,Classic
4052,21304,35,2,item_template.sql,Classic
4054,17149,35,2,item_template.sql,Classic
4057,16890,36,2,item_template.sql,Classic
4058,14674,41,2,item_template.sql,Classic
4059,14673,37,2,item_template.sql,Classic
4061,17008,42,2,item_template.sql,Classic
4062,17147,45,2,item_template.sql,Classic
4063,17181,43,2,item_template.sql,Classic
4072,25802,30,2,item_template.sql,Classic
4073,25804,31,2,item_template.sql,Classic
4075,25811,34,2,item_template.sql,Classic
4077,25825,35,2,item_template.sql,Classic
4079,25896,40,2,item_template.sql,Classic
4080,15290,45,2,item_template.sql,Classic
4086,20736,37,2,item_template.sql,Classic
4090,18496,46,3,item_template.sql,Classic
4108,4439,40,2,item_template.sql,Classic
4109,16983,41,2,item_template.sql,Classic
4116,20223,41,2,item_template.sql,Classic
4117,16830,44,2,item_template.sql,Classic
4119,17100,43,2,item_template.sql,Classic
4120,16695,40,3,item_template.sql,Classic
4123,6919,37,2,item_template.sql,Classic
4124,21293,40,2,item_template.sql,Classic
4130,6562,50,2,item_template.sql,Classic
4133,4462,37,2,item_template.sql,Classic
4134,20294,46,3,item_template.sql,Classic
4135,6486,35,2,item_template.sql,Classic
4137,4835,42,2,item_template.sql,Classic
4138,8638,45,2,item_template.sql,Classic
4140,4869,34,2,item_template.sql,Classic
4196,4483,30,3,item_template.sql,Classic
4239,9503,13,2,item_template.sql,Classic
4242,9505,15,2,item_template.sql,Classic
4243,9511,17,2,item_template.sql,Classic
4246,9513,16,2,item_template.sql,Classic
4247,2362,29,2,item_template.sql,Classic
4248,9526,26,2,item_template.sql,Classic
4251,11274,26,2,item_template.sql,Classic
4252,12403,28,2,item_template.sql,Classic
4253,27881,27,3,item_template.sql,Classic
4254,9543,30,2,item_template.sql,Classic
4255,9532,31,2,item_template.sql,Classic
4256,9545,35,2,item_template.sql,Classic
4257,17224,32,2,item_template.sql,Classic
4258,9538,34,2,item_template.sql,Classic
4262,17218,37,3,item_template.sql,Classic
4264,17111,40,2,item_template.sql,Classic
4307,6295,10,2,item_template.sql,Classic
4308,8089,12,2,item_template.sql,Classic
4309,12395,14,2,item_template.sql,Classic
4310,12865,17,2,item_template.sql,Classic
4313,4615,20,2,item_template.sql,Classic
4314,9997,22,2,item_template.sql,Classic
4315,17135,24,2,item_template.sql,Classic
4316,6297,22,2,item_template.sql,Classic
4317,12399,25,2,item_template.sql,Classic
4320,4301,24,3,item_template.sql,Classic
4322,15314,33,2,item_template.sql,Classic
4323,15319,34,2,item_template.sql,Classic
4324,17128,30,2,item_template.sql,Classic
4325,4631,35,2,item_template.sql,Classic
4326,15076,37,2,item_template.sql,Classic
4327,15273,40,3,item_template.sql,Classic
4329,6315,40,2,item_template.sql,Classic
4331,13195,25,2,item_template.sql,Classic
4343,12388,10,2,item_template.sql,Classic
4362,6600,10,2,item_template.sql,Classic
4368,13236,20,2,item_template.sql,Classic
4373,26619,24,2,item_template.sql,Classic
4381,22293,28,2,item_template.sql,Classic
4385,22422,30,2,item_template.sql,Classic
4393,13215,37,2,item_template.sql,Classic
4396,21632,40,2,item_template.sql,Classic
4397,7841,40,2,item_template.sql,Classic
4434,4365,20,2,item_template.sql,Classic
4436,9912,21,2,item_template.sql,Classic
4437,20390,20,2,item_template.sql,Classic
4438,6977,30,3,item_template.sql,Classic
4443,11327,36,2,item_template.sql,Classic
4447,23019,26,2,item_template.sql,Classic
4448,4723,27,2,item_template.sql,Classic
4449,20439,27,2,item_template.sql,Classic
4455,14261,33,2,item_template.sql,Classic
4456,17231,33,2,item_template.sql,Classic
4462,23098,31,2,item_template.sql,Classic
4464,7002,32,2,item_template.sql,Classic
4465,6844,32,2,item_template.sql,Classic
4504,15183,31,2,item_template.sql,Classic
4505,16791,31,2,item_template.sql,Classic
4509,17185,40,2,item_template.sql,Classic
4534,6996,29,2,item_template.sql,Classic
4535,9838,31,2,item_template.sql,Classic
4543,21313,40,2,item_template.sql,Classic
4545,16892,40,2,item_template.sql,Classic
4547,21016,40,2,item_template.sql,Classic
4562,8531,10,2,item_template.sql,Classic
4564,6813,13,2,item_template.sql,Classic
4566,20420,13,2,item_template.sql,Classic
4568,22478,21,2,item_template.sql,Classic
4576,20674,21,2,item_template.sql,Classic
4577,6592,13,2,item_template.sql,Classic
4614,9859,35,2,item_template.sql,Classic
4643,15079,33,2,item_template.sql,Classic
4653,6944,45,2,item_template.sql,Classic
4660,6322,18,2,item_template.sql,Classic
4676,6991,17,2,item_template.sql,Classic
4695,26048,18,2,item_template.sql,Classic
4697,25767,20,2,item_template.sql,Classic
4699,14555,18,2,item_template.sql,Classic
4701,23044,16,2,item_template.sql,Classic
4705,25783,27,2,item_template.sql,Classic
4707,25781,26,2,item_template.sql,Classic
4708,27545,24,2,item_template.sql,Classic
4709,8098,25,2,item_template.sql,Classic
4710,23029,22,2,item_template.sql,Classic
4711,26047,28,2,item_template.sql,Classic
4713,23140,26,2,item_template.sql,Classic
4716,26016,32,2,item_template.sql,Classic
4717,25813,34,2,item_template.sql,Classic
4721,17193,35,2,item_template.sql,Classic
4723,14332,29,2,item_template.sql,Classic
4724,21302,30,2,item_template.sql,Classic
4726,25900,36,2,item_template.sql,Classic
4727,25895,38,2,item_template.sql,Classic
4731,14677,39,2,item_template.sql,Classic
4734,11638,43,2,item_template.sql,Classic
4736,14686,42,2,item_template.sql,Classic
4737,17192,44,2,item_template.sql,Classic
4741,4912,37,2,item_template.sql,Classic
4743,6546,50,3,item_template.sql,Classic
4744,16925,39,2,item_template.sql,Classic
4766,5154,13,2,item_template.sql,Classic
4767,3528,15,2,item_template.sql,Classic
4768,16946,15,2,item_template.sql,Classic
4771,23012,15,2,item_template.sql,Classic
4781,8702,20,2,item_template.sql,Classic
4785,6277,24,2,item_template.sql,Classic
4786,16833,20,2,item_template.sql,Classic
4788,4024,20,2,item_template.sql,Classic
4795,6756,25,2,item_template.sql,Classic
4798,15206,25,2,item_template.sql,Classic
4810,19911,37,2,item_template.sql,Classic
4816,4978,24,2,item_template.sql,Classic
4817,7319,22,2,item_template.sql,Classic
4820,18511,25,2,item_template.sql,Classic
4826,19224,26,2,item_template.sql,Classic
4827,16865,28,2,item_template.sql,Classic
4828,16792,27,2,item_template.sql,Classic
4830,17153,28,2,item_template.sql,Classic
4832,22428,29,2,item_template.sql,Classic
4853,15330,5,1,item_template.sql,Classic
4861,5243,10,2,item_template.sql,Classic
4910,6969,5,1,item_template.sql,Classic
4915,16802,5,1,item_template.sql,Classic
4919,16799,5,1,item_template.sql,Classic
4939,20112,11,2,item_template.sql,Classic
4947,20603,11,2,item_template.sql,Classic
4951,16938,7,1,item_template.sql,Classic
4971,8572,12,2,item_template.sql,Classic
4975,18491,39,3,item_template.sql,Classic
4976,28287,40,2,item_template.sql,Classic
4977,20009,41,2,item_template.sql,Classic
4978,19741,36,2,item_template.sql,Classic
4980,5435,37,2,item_template.sql,Classic
4983,19596,42,2,item_template.sql,Classic
4987,20083,45,2,item_template.sql,Classic
4989,16673,50,2,item_template.sql,Classic
4998,9834,24,2,item_template.sql,Classic
5005,9658,35,2,item_template.sql,Classic
5008,9843,36,2,item_template.sql,Classic
5016,16849,35,2,item_template.sql,Classic
5071,18356,14,2,item_template.sql,Classic
5111,18133,15,2,item_template.sql,Classic
5180,6494,34,2,item_template.sql,Classic
5181,23142,33,2,item_template.sql,Classic
5187,8600,20,3,item_template.sql,Classic
5191,7311,24,3,item_template.sql,Classic
5193,22998,25,3,item_template.sql,Classic
5195,16966,22,3,item_template.sql,Classic
5196,13913,22,3,item_template.sql,Classic
5197,20953,21,3,item_template.sql,Classic
5198,21011,22,3,item_template.sql,Classic
5199,1978,21,3,item_template.sql,Classic
5200,5949,22,3,item_template.sql,Classic
5202,12803,24,3,item_template.sql,Classic
5216,20790,45,2,item_template.sql,Classic
5222,6001,28,1,item_template.sql,Classic
5240,6101,21,2,item_template.sql,Classic
5242,6093,16,2,item_template.sql,Classic
5243,12601,20,3,item_template.sql,Classic
5248,21023,37,2,item_template.sql,Classic
5249,20793,40,2,item_template.sql,Classic
5252,20825,21,2,item_template.sql,Classic
5253,20801,40,2,item_template.sql,Classic
5254,10179,20,3,item_template.sql,Classic
5257,23000,37,3,item_template.sql,Classic
5275,7545,15,2,item_template.sql,Classic
5299,17223,20,2,item_template.sql,Classic
5311,17159,21,2,item_template.sql,Classic
5312,7540,20,2,item_template.sql,Classic
5313,7544,25,2,item_template.sql,Classic
5315,28200,18,2,item_template.sql,Classic
5316,16870,25,2,item_template.sql,Classic
5317,8658,25,2,item_template.sql,Classic
5318,22225,20,2,item_template.sql,Classic
5321,20014,20,2,item_template.sql,Classic
5324,8576,16,2,item_template.sql,Classic
5328,7563,15,2,item_template.sql,Classic
5337,19899,16,2,item_template.sql,Classic
5340,20417,15,2,item_template.sql,Classic
5341,8717,15,2,item_template.sql,Classic
5343,23088,18,2,item_template.sql,Classic
5344,8485,14,2,item_template.sql,Classic
5345,8602,14,2,item_template.sql,Classic
5351,6011,20,2,item_template.sql,Classic
5355,7662,28,2,item_template.sql,Classic
5387,23108,20,2,item_template.sql,Classic
5399,7835,5,1,item_template.sql,Classic
5404,6729,23,3,item_template.sql,Classic
5420,8635,14,2,item_template.sql,Classic
5422,16974,20,2,item_template.sql,Classic
5423,19221,20,3,item_template.sql,Classic
5425,7932,20,3,item_template.sql,Classic
5444,15089,19,3,item_template.sql,Classic
5459,5014,13,2,item_template.sql,Classic
5540,6439,23,2,item_template.sql,Classic
5541,19801,28,2,item_template.sql,Classic
5609,6755,22,2,item_template.sql,Classic
5610,23115,15,2,item_template.sql,Classic
5613,20384,23,2,item_template.sql,Classic
5617,6718,13,2,item_template.sql,Classic
5627,20354,20,2,item_template.sql,Classic
5629,8450,20,2,item_template.sql,Classic
5630,8449,20,2,item_template.sql,Classic
5739,12368,38,2,item_template.sql,Classic
5744,8279,12,2,item_template.sql,Classic
5750,8749,23,2,item_template.sql,Classic
5751,23078,25,2,item_template.sql,Classic
5753,8753,31,2,item_template.sql,Classic
5754,7093,31,2,item_template.sql,Classic
5757,8803,20,2,item_template.sql,Classic
5770,12695,30,2,item_template.sql,Classic
5781,8908,19,2,item_template.sql,Classic
5782,22393,34,2,item_template.sql,Classic
5783,8912,38,2,item_template.sql,Classic
5812,12694,25,2,item_template.sql,Classic
5814,16899,30,2,item_template.sql,Classic
5817,9060,30,2,item_template.sql,Classic
5819,15810,33,3,item_template.sql,Classic
5820,9077,32,2,item_template.sql,Classic
5821,16982,24,2,item_template.sql,Classic
5943,9378,25,3,item_template.sql,Classic
5944,7554,15,2,item_template.sql,Classic
5958,9514,21,2,item_template.sql,Classic
5962,9535,32,2,item_template.sql,Classic
5963,17212,34,2,item_template.sql,Classic
5964,9544,35,2,item_template.sql,Classic
5966,9549,38,2,item_template.sql,Classic
5967,9552,18,2,item_template.sql,Classic
5969,23059,23,2,item_template.sql,Classic
5970,19128,23,3,item_template.sql,Classic
5975,9584,23,2,item_template.sql,Classic
6040,9634,37,2,item_template.sql,Classic
6060,16588,5,1,item_template.sql,Classic
6070,17173,5,1,item_template.sql,Classic
6084,9738,13,2,item_template.sql,Classic
6093,19646,27,2,item_template.sql,Classic
6095,11548,24,2,item_template.sql,Classic
6173,16809,5,1,item_template.sql,Classic
6179,15166,19,2,item_template.sql,Classic
6188,10434,15,2,item_template.sql,Classic
6191,10454,23,2,item_template.sql,Classic
6194,19404,32,2,item_template.sql,Classic
6197,2644,22,2,item_template.sql,Classic
6199,10530,24,2,item_template.sql,Classic
6204,13266,32,2,item_template.sql,Classic
6214,10642,16,2,item_template.sql,Classic
6220,20536,29,3,item_template.sql,Classic
6239,12400,12,2,item_template.sql,Classic
6241,17123,10,2,item_template.sql,Classic
6242,12386,14,2,item_template.sql,Classic
6255,6590,19,2,item_template.sql,Classic
6263,11182,20,2,item_template.sql,Classic
6264,12716,23,2,item_template.sql,Classic
6267,16561,12,2,item_template.sql,Classic
6268,17098,13,2,item_template.sql,Classic
6269,17152,12,2,item_template.sql,Classic
6282,11166,32,2,item_template.sql,Classic
6314,23082,27,3,item_template.sql,Classic
6319,11253,26,3,item_template.sql,Classic
6321,14433,26,3,item_template.sql,Classic
6323,21051,25,3,item_template.sql,Classic
6324,12696,29,3,item_template.sql,Classic
6333,20604,22,2,item_template.sql,Classic
6335,11330,29,2,item_template.sql,Classic
6336,3057,13,2,item_template.sql,Classic
6337,3058,12,2,item_template.sql,Classic
6350,6885,18,2,item_template.sql,Classic
6378,23139,17,2,item_template.sql,Classic
6379,16922,17,2,item_template.sql,Classic
6381,27549,23,2,item_template.sql,Classic
6382,16916,23,2,item_template.sql,Classic
6386,25805,30,2,item_template.sql,Classic
6389,15517,31,2,item_template.sql,Classic
6392,11533,29,3,item_template.sql,Classic
6394,11571,27,2,item_template.sql,Classic
6396,14602,32,2,item_template.sql,Classic
6399,14599,30,2,item_template.sql,Classic
6402,25812,36,2,item_template.sql,Classic
6404,25815,35,2,item_template.sql,Classic
6406,14617,34,2,item_template.sql,Classic
6408,17061,34,2,item_template.sql,Classic
6409,17121,34,2,item_template.sql,Classic
6412,25883,39,2,item_template.sql,Classic
6415,12653,41,2,item_template.sql,Classic
6416,14651,38,2,item_template.sql,Classic
6418,14656,37,2,item_template.sql,Classic
6419,14676,38,2,item_template.sql,Classic
6420,14672,39,2,item_template.sql,Classic
6421,14671,38,2,item_template.sql,Classic
6423,26077,45,2,item_template.sql,Classic
6425,26076,44,2,item_template.sql,Classic
6428,14684,43,2,item_template.sql,Classic
6429,15910,44,2,item_template.sql,Classic
6431,16986,43,2,item_template.sql,Classic
6432,23039,41,2,item_template.sql,Classic
6440,12643,48,3,item_template.sql,Classic
6449,23001,22,3,item_template.sql,Classic
6459,11935,23,3,item_template.sql,Classic
6460,11945,24,3,item_template.sql,Classic
6465,12693,22,3,item_template.sql,Classic
6466,23010,18,2,item_template.sql,Classic
6468,11960,23,3,item_template.sql,Classic
6472,24741,24,3,item_template.sql,Classic
6473,17091,23,3,item_template.sql,Classic
6478,11999,23,2,item_template.sql,Classic
6480,9541,20,2,item_template.sql,Classic
6482,12070,24,2,item_template.sql,Classic
6504,20116,24,3,item_template.sql,Classic
6511,16698,11,2,item_template.sql,Classic
6512,16813,13,2,item_template.sql,Classic
6527,12422,13,2,item_template.sql,Classic
6528,16567,17,2,item_template.sql,Classic
6531,19110,18,2,item_template.sql,Classic
6537,12439,15,2,item_template.sql,Classic
6538,16522,19,2,item_template.sql,Classic
6539,14735,16,2,item_template.sql,Classic
6541,14737,16,2,item_template.sql,Classic
6542,15267,15,2,item_template.sql,Classic
6543,14736,15,2,item_template.sql,Classic
6546,25759,17,2,item_template.sql,Classic
6547,25756,17,2,item_template.sql,Classic
6548,25757,16,2,item_template.sql,Classic
6550,25758,15,2,item_template.sql,Classic
6556,14728,15,2,item_template.sql,Classic
6557,19184,16,2,item_template.sql,Classic
6558,17113,15,2,item_template.sql,Classic
6561,14551,21,2,item_template.sql,Classic
6563,14750,20,2,item_template.sql,Classic
6565,16793,22,2,item_template.sql,Classic
6568,14746,24,2,item_template.sql,Classic
6569,18120,25,2,item_template.sql,Classic
6570,14752,22,2,item_template.sql,Classic
6573,25760,23,2,item_template.sql,Classic
6574,12456,22,2,item_template.sql,Classic
6575,25967,20,2,item_template.sql,Classic
6576,25762,22,2,item_template.sql,Classic
6578,12453,23,2,item_template.sql,Classic
6580,25763,23,2,item_template.sql,Classic
6581,17127,21,2,item_template.sql,Classic
6583,3657,21,2,item_template.sql,Classic
6584,14758,25,2,item_template.sql,Classic
6585,23053,20,2,item_template.sql,Classic
6586,14755,23,2,item_template.sql,Classic
6587,14757,24,2,item_template.sql,Classic
6591,25797,27,2,item_template.sql,Classic
6592,25798,29,2,item_template.sql,Classic
6596,25796,28,2,item_template.sql,Classic
6601,14769,28,2,item_template.sql,Classic
6603,14773,30,2,item_template.sql,Classic
6604,23022,26,2,item_template.sql,Classic
6607,14776,30,2,item_template.sql,Classic
6609,16862,32,2,item_template.sql,Classic
6610,16878,32,2,item_template.sql,Classic
6611,16866,29,2,item_template.sql,Classic
6612,19921,28,2,item_template.sql,Classic
6613,16869,28,2,item_template.sql,Classic
6616,16863,32,2,item_template.sql,Classic
6617,4904,30,2,item_template.sql,Classic
6627,12595,28,3,item_template.sql,Classic
6628,16952,22,2,item_template.sql,Classic
6629,23141,23,3,item_template.sql,Classic
6631,20336,25,3,item_template.sql,Classic
6632,15156,20,3,item_template.sql,Classic
6642,12632,25,3,item_template.sql,Classic
6659,12777,20,2,item_template.sql,Classic
6664,12782,26,2,item_template.sql,Classic
6666,12784,22,2,item_template.sql,Classic
6667,23110,27,2,item_template.sql,Classic
6668,12788,27,2,item_template.sql,Classic
6670,12794,27,2,item_template.sql,Classic
6678,14434,28,2,item_template.sql,Classic
6685,11473,30,3,item_template.sql,Classic
6686,15492,33,3,item_template.sql,Classic
6688,17277,32,3,item_template.sql,Classic
6689,20325,32,3,item_template.sql,Classic
6690,17142,34,3,item_template.sql,Classic
6692,25597,36,3,item_template.sql,Classic
6709,12924,18,2,item_template.sql,Classic
6719,17134,30,2,item_template.sql,Classic
6721,12934,24,2,item_template.sql,Classic
6727,17067,41,2,item_template.sql,Classic
6732,12943,38,2,item_template.sql,Classic
6733,12948,28,2,item_template.sql,Classic
6737,16852,35,2,item_template.sql,Classic
6740,12977,29,2,item_template.sql,Classic
6743,12984,25,2,item_template.sql,Classic
6744,16956,33,2,item_template.sql,Classic
6745,23069,33,2,item_template.sql,Classic
6750,12987,31,2,item_template.sql,Classic
6751,23126,30,2,item_template.sql,Classic
6752,16988,30,2,item_template.sql,Classic
6780,13023,36,2,item_template.sql,Classic
6788,17122,42,2,item_template.sql,Classic
6789,23096,42,2,item_template.sql,Classic
6791,17227,40,2,item_template.sql,Classic
6797,21014,37,2,item_template.sql,Classic
6806,13084,40,3,item_template.sql,Classic
6832,23097,42,2,item_template.sql,Classic
6834,13116,1,1,item_template.sql,Classic
6900,13337,38,3,item_template.sql,Classic
6901,23002,29,3,item_template.sql,Classic
6902,17001,27,3,item_template.sql,Classic
6903,13357,28,3,item_template.sql,Classic
6906,13361,28,3,item_template.sql,Classic
6907,16903,25,3,item_template.sql,Classic
6908,16723,25,3,item_template.sql,Classic
6910,13365,31,3,item_template.sql,Classic
6911,16931,31,3,item_template.sql,Classic
6953,13466,31,3,item_template.sql,Classic
6971,15327,31,2,item_template.sql,Classic
6972,22480,30,3,item_template.sql,Classic
6973,22481,29,2,item_template.sql,Classic
6974,22482,31,2,item_template.sql,Classic
6977,22731,40,3,item_template.sql,Classic
6980,20601,15,2,item_template.sql,Classic
6983,19773,15,2,item_template.sql,Classic
7001,20824,29,3,item_template.sql,Classic
7004,15042,27,2,item_template.sql,Classic
7046,13649,28,2,item_template.sql,Classic
7047,17146,29,2,item_template.sql,Classic
7048,15283,29,2,item_template.sql,Classic
7049,17143,30,2,item_template.sql,Classic
7050,15863,32,2,item_template.sql,Classic
7051,8721,34,2,item_template.sql,Classic
7052,13664,35,2,item_template.sql,Classic
7053,23092,35,2,item_template.sql,Classic
7054,17133,38,3,item_template.sql,Classic
7056,15243,36,2,item_template.sql,Classic
7059,13672,38,2,item_template.sql,Classic
7061,13678,39,2,item_template.sql,Classic
7063,12675,41,2,item_template.sql,Classic
7064,13681,42,2,item_template.sql,Classic
7106,16959,33,2,item_template.sql,Classic
7130,15288,31,2,item_template.sql,Classic
7187,16999,20,3,item_template.sql,Classic
7229,11563,13,2,item_template.sql,Classic
7280,17232,11,2,item_template.sql,Classic
7281,14002,14,2,item_template.sql,Classic
7284,3992,24,2,item_template.sql,Classic
7285,14004,24,2,item_template.sql,Classic
7298,20425,13,2,item_template.sql,Classic
7327,20398,15,2,item_template.sql,Classic
7329,20160,15,2,item_template.sql,Classic
7335,12482,28,2,item_template.sql,Classic
7348,6735,25,3,item_template.sql,Classic
7352,14316,27,2,item_template.sql,Classic
7354,16605,33,2,item_template.sql,Classic
7357,15906,34,2,item_template.sql,Classic
7359,17225,29,2,item_template.sql,Classic
7366,16601,32,2,item_template.sql,Classic
7367,16606,33,2,item_template.sql,Classic
7368,16600,34,2,item_template.sql,Classic
7373,14777,33,2,item_template.sql,Classic
7374,14781,35,2,item_template.sql,Classic
7375,25674,35,2,item_template.sql,Classic
7377,23030,36,2,item_template.sql,Classic
7386,14831,38,2,item_template.sql,Classic
7387,14832,39,2,item_template.sql,Classic
7390,17215,40,2,item_template.sql,Classic
7407,21900,35,2,item_template.sql,Classic
7408,11270,33,2,item_template.sql,Classic
7411,23043,31,2,item_template.sql,Classic
7412,21902,32,2,item_template.sql,Classic
7413,21298,33,2,item_template.sql,Classic
7415,14950,29,2,item_template.sql,Classic
7417,26030,34,2,item_template.sql,Classic
7420,30091,33,2,item_template.sql,Classic
7421,26036,33,2,item_template.sql,Classic
7422,26037,32,2,item_template.sql,Classic
7423,26039,34,2,item_template.sql,Classic
7427,9853,31,2,item_template.sql,Classic
7430,14990,40,2,item_template.sql,Classic
7431,14644,39,2,item_template.sql,Classic
7432,16825,38,2,item_template.sql,Classic
7435,14589,38,2,item_template.sql,Classic
7437,14647,36,2,item_template.sql,Classic
7439,14995,40,2,item_template.sql,Classic
7440,15001,39,2,item_template.sql,Classic
7441,21311,38,2,item_template.sql,Classic
7443,15000,37,2,item_template.sql,Classic
7444,14996,37,2,item_template.sql,Classic
7446,23062,36,2,item_template.sql,Classic
7448,14999,36,2,item_template.sql,Classic
7454,25862,39,2,item_template.sql,Classic
7455,25868,39,2,item_template.sql,Classic
7456,30092,38,2,item_template.sql,Classic
7459,25872,38,2,item_template.sql,Classic
7470,15911,42,2,item_template.sql,Classic
7471,15008,42,2,item_template.sql,Classic
7475,15410,41,2,item_template.sql,Classic
7476,15012,40,2,item_template.sql,Classic
7477,17099,45,2,item_template.sql,Classic
7481,15017,42,2,item_template.sql,Classic
7482,17194,42,2,item_template.sql,Classic
7483,23057,40,2,item_template.sql,Classic
7484,15023,41,2,item_template.sql,Classic
7486,22559,44,2,item_template.sql,Classic
7487,25820,43,2,item_template.sql,Classic
7488,25824,42,2,item_template.sql,Classic
7489,25819,41,2,item_template.sql,Classic
7490,25817,42,2,item_template.sql,Classic
7491,25822,43,2,item_template.sql,Classic
7492,26018,39,2,item_template.sql,Classic
7494,25821,41,2,item_template.sql,Classic
7506,15150,25,2,item_template.sql,Classic
7511,15223,31,2,item_template.sql,Classic
7512,15232,31,2,item_template.sql,Classic
7514,25076,40,3,item_template.sql,Classic
7517,15398,50,2,item_template.sql,Classic
7518,15400,50,2,item_template.sql,Classic
7519,15401,47,2,item_template.sql,Classic
7521,15405,46,2,item_template.sql,Classic
7524,15406,44,2,item_template.sql,Classic
7525,15407,45,2,item_template.sql,Classic
7526,16838,46,2,item_template.sql,Classic
7528,15416,48,2,item_template.sql,Classic
7529,21292,47,2,item_template.sql,Classic
7530,15415,46,2,item_template.sql,Classic
7532,15417,47,2,item_template.sql,Classic
7533,23016,44,2,item_template.sql,Classic
7534,15413,45,2,item_template.sql,Classic
7538,26087,48,2,item_template.sql,Classic
7539,3193,48,2,item_template.sql,Classic
7541,26089,46,2,item_template.sql,Classic
7542,26090,46,2,item_template.sql,Classic
7544,26097,44,2,item_template.sql,Classic
7549,14437,47,2,item_template.sql,Classic
7551,15421,47,2,item_template.sql,Classic
7553,15422,48,2,item_template.sql,Classic
7606,15721,22,2,item_template.sql,Classic
7682,6555,34,3,item_template.sql,Classic
7683,15720,34,3,item_template.sql,Classic
7684,15800,35,3,item_template.sql,Classic
7688,15731,35,3,item_template.sql,Classic
7690,15753,35,3,item_template.sql,Classic
7691,16823,35,3,item_template.sql,Classic
7709,15824,35,3,item_template.sql,Classic
7710,20360,36,3,item_template.sql,Classic
7711,12673,38,3,item_template.sql,Classic
7712,4488,38,3,item_template.sql,Classic
7713,15806,39,3,item_template.sql,Classic
7718,15809,42,3,item_template.sql,Classic
7719,15811,42,3,item_template.sql,Classic
7720,16224,44,3,item_template.sql,Classic
7724,16223,44,3,item_template.sql,Classic
7727,17197,32,3,item_template.sql,Classic
7728,19109,34,3,item_template.sql,Classic
7731,15420,35,3,item_template.sql,Classic
7734,3410,51,3,item_template.sql,Classic
7738,16815,18,2,item_template.sql,Classic
7746,7899,41,2,item_template.sql,Classic
7750,13673,33,2,item_template.sql,Classic
7752,19670,33,3,item_template.sql,Classic
7753,19371,32,3,item_template.sql,Classic
7754,15889,30,3,item_template.sql,Classic
7755,15890,38,3,item_template.sql,Classic
7756,15894,34,3,item_template.sql,Classic
7759,15897,38,3,item_template.sql,Classic
7760,21404,39,3,item_template.sql,Classic
7913,16081,32,2,item_template.sql,Classic
7916,16086,36,2,item_template.sql,Classic
7917,16087,37,2,item_template.sql,Classic
7921,16092,45,2,item_template.sql,Classic
7925,16102,44,2,item_template.sql,Classic
7926,16103,45,2,item_template.sql,Classic
7927,16105,45,2,item_template.sql,Classic
7928,16106,45,2,item_template.sql,Classic
7930,16109,46,2,item_template.sql,Classic
7936,16118,49,2,item_template.sql,Classic
7937,16119,49,2,item_template.sql,Classic
7938,16124,45,3,item_template.sql,Classic
7939,24393,49,3,item_template.sql,Classic
7942,5639,44,2,item_template.sql,Classic
7944,20221,48,2,item_template.sql,Classic
7947,16130,51,2,item_template.sql,Classic
7948,16131,30,2,item_template.sql,Classic
7949,16133,30,2,item_template.sql,Classic
7950,16134,30,2,item_template.sql,Classic
7951,17183,30,2,item_template.sql,Classic
7952,16136,30,2,item_template.sql,Classic
7953,16137,42,2,item_template.sql,Classic
7959,22234,50,3,item_template.sql,Classic
7963,16184,40,2,item_template.sql,Classic
7996,16548,20,1,item_template.sql,Classic
8108,16636,47,2,item_template.sql,Classic
8109,23107,46,2,item_template.sql,Classic
8111,16637,48,2,item_template.sql,Classic
8112,16632,49,2,item_template.sql,Classic
8114,21459,47,2,item_template.sql,Classic
8117,14701,47,2,item_template.sql,Classic
8118,14700,46,2,item_template.sql,Classic
8121,14698,47,2,item_template.sql,Classic
8125,26103,48,2,item_template.sql,Classic
8126,26105,51,2,item_template.sql,Classic
8127,26118,47,2,item_template.sql,Classic
8128,26107,49,2,item_template.sql,Classic
8129,26108,49,2,item_template.sql,Classic
8132,26110,51,2,item_template.sql,Classic
8135,27339,46,2,item_template.sql,Classic
8138,27330,47,2,item_template.sql,Classic
8140,27332,43,2,item_template.sql,Classic
8141,27334,44,2,item_template.sql,Classic
8174,17213,40,3,item_template.sql,Classic
8175,16482,41,2,item_template.sql,Classic
8176,16483,41,2,item_template.sql,Classic
8178,26591,10,2,item_template.sql,Classic
8180,18350,11,2,item_template.sql,Classic
8185,16487,47,2,item_template.sql,Classic
8186,20851,26,2,item_template.sql,Classic
8187,16488,41,2,item_template.sql,Classic
8191,16492,46,2,item_template.sql,Classic
8192,16497,42,2,item_template.sql,Classic
8194,19721,43,2,item_template.sql,Classic
8195,23049,46,2,item_template.sql,Classic
8196,26572,43,2,item_template.sql,Classic
8197,16505,47,2,item_template.sql,Classic
8198,16506,42,2,item_template.sql,Classic
8200,16508,43,2,item_template.sql,Classic
8202,16510,47,2,item_template.sql,Classic
8203,16513,44,2,item_template.sql,Classic
8205,16516,44,2,item_template.sql,Classic
8206,16517,49,2,item_template.sql,Classic
8207,16519,48,2,item_template.sql,Classic
8211,25689,45,2,item_template.sql,Classic
8213,4389,49,2,item_template.sql,Classic
8214,25693,45,2,item_template.sql,Classic
8215,23081,50,2,item_template.sql,Classic
8216,24297,48,2,item_template.sql,Classic
8223,20073,37,3,item_template.sql,Classic
8246,16766,52,2,item_template.sql,Classic
8247,17229,51,2,item_template.sql,Classic
8249,17216,52,2,item_template.sql,Classic
8250,17234,52,2,item_template.sql,Classic
8253,17228,51,2,item_template.sql,Classic
8254,18728,53,2,item_template.sql,Classic
8256,17258,52,2,item_template.sql,Classic
8257,17259,50,2,item_template.sql,Classic
8260,17263,52,2,item_template.sql,Classic
8261,17321,54,2,item_template.sql,Classic
8262,17265,54,2,item_template.sql,Classic
8263,17267,53,2,item_template.sql,Classic
8265,26204,56,2,item_template.sql,Classic
8266,26228,51,2,item_template.sql,Classic
8267,28726,54,2,item_template.sql,Classic
8268,26210,54,2,item_template.sql,Classic
8269,28667,55,2,item_template.sql,Classic
8271,21694,56,2,item_template.sql,Classic
8277,27375,46,2,item_template.sql,Classic
8278,27376,47,2,item_template.sql,Classic
8279,27379,48,2,item_template.sql,Classic
8280,27377,49,2,item_template.sql,Classic
8281,27378,48,2,item_template.sql,Classic
8293,17318,56,2,item_template.sql,Classic
8297,23066,55,2,item_template.sql,Classic
8298,17314,57,2,item_template.sql,Classic
8302,26313,58,2,item_template.sql,Classic
8306,26312,59,2,item_template.sql,Classic
8307,26310,60,2,item_template.sql,Classic
8309,26317,61,2,item_template.sql,Classic
8310,26321,60,2,item_template.sql,Classic
8311,27394,53,2,item_template.sql,Classic
8314,27390,53,2,item_template.sql,Classic
8316,27392,53,2,item_template.sql,Classic
8319,27396,55,2,item_template.sql,Classic
8345,45176,45,3,item_template.sql,Classic
8346,16678,46,3,item_template.sql,Classic
8348,17226,50,3,item_template.sql,Classic
8350,224,15,2,item_template.sql,Classic
8367,16729,51,3,item_template.sql,Classic
9149,8025,45,2,item_template.sql,Classic
9243,17918,45,2,item_template.sql,Classic
9285,27362,41,2,item_template.sql,Classic
9292,27361,42,2,item_template.sql,Classic
9366,18256,41,2,item_template.sql,Classic
9375,21295,38,3,item_template.sql,Classic
9390,19056,40,3,item_template.sql,Classic
9395,18271,34,3,item_template.sql,Classic
9396,18274,39,3,item_template.sql,Classic
9397,22996,39,3,item_template.sql,Classic
9398,18361,40,3,item_template.sql,Classic
9405,18283,33,3,item_template.sql,Classic
9406,18284,35,3,item_template.sql,Classic
9407,12345,40,3,item_template.sql,Classic
9408,20274,42,3,item_template.sql,Classic
9409,18352,42,3,item_template.sql,Classic
9410,29000,45,3,item_template.sql,Classic
9414,18434,46,3,item_template.sql,Classic
9415,18347,47,3,item_template.sql,Classic
9417,18308,47,3,item_template.sql,Classic
9418,20193,49,3,item_template.sql,Classic
9419,18312,46,3,item_template.sql,Classic
9420,18322,37,3,item_template.sql,Classic
9422,20663,43,3,item_template.sql,Classic
9423,18324,45,3,item_template.sql,Classic
9425,22220,44,3,item_template.sql,Classic
9426,20556,41,3,item_template.sql,Classic
9427,22051,42,3,item_template.sql,Classic
9428,18331,35,3,item_template.sql,Classic
9430,18333,45,3,item_template.sql,Classic
9431,18334,43,3,item_template.sql,Classic
9433,18337,46,3,item_template.sql,Classic
9434,18338,41,3,item_template.sql,Classic
9445,18364,34,3,item_template.sql,Classic
9447,18365,34,3,item_template.sql,Classic
9448,18366,33,3,item_template.sql,Classic
9450,18367,33,3,item_template.sql,Classic
9454,14749,32,3,item_template.sql,Classic
9455,18371,33,3,item_template.sql,Classic
9458,18374,37,3,item_template.sql,Classic
9461,3258,37,3,item_template.sql,Classic
9465,18377,45,3,item_template.sql,Classic
9469,18382,48,3,item_template.sql,Classic
9470,18689,49,3,item_template.sql,Classic
9473,18386,49,3,item_template.sql,Classic
9474,18387,49,3,item_template.sql,Classic
9476,18389,50,3,item_template.sql,Classic
9481,19309,49,3,item_template.sql,Classic
9482,20269,47,3,item_template.sql,Classic
9483,20786,49,3,item_template.sql,Classic
9484,22426,50,3,item_template.sql,Classic
9488,18406,28,3,item_template.sql,Classic
9491,14765,32,3,item_template.sql,Classic
9492,18415,37,3,item_template.sql,Classic
9508,18428,31,3,item_template.sql,Classic
9509,18429,30,3,item_template.sql,Classic
9510,18431,32,3,item_template.sql,Classic
9512,22988,46,3,item_template.sql,Classic
9513,18438,13,2,item_template.sql,Classic
9514,20424,10,2,item_template.sql,Classic
9516,18440,31,2,item_template.sql,Classic
9517,20348,40,3,item_template.sql,Classic
9518,18443,36,2,item_template.sql,Classic
9520,20574,41,2,item_template.sql,Classic
9527,20300,46,2,item_template.sql,Classic
9534,18498,47,3,item_template.sql,Classic
9535,28169,30,2,item_template.sql,Classic
9536,18901,30,2,item_template.sql,Classic
9598,19011,10,2,item_template.sql,Classic
9599,26948,10,2,item_template.sql,Classic
9603,20432,10,2,item_template.sql,Classic
9605,23134,30,2,item_template.sql,Classic
9624,28195,37,3,item_template.sql,Classic
9625,28317,37,3,item_template.sql,Classic
9626,19302,42,2,item_template.sql,Classic
9630,4440,45,2,item_template.sql,Classic
9634,18998,46,2,item_template.sql,Classic
9636,4446,45,2,item_template.sql,Classic
9639,28194,48,3,item_template.sql,Classic
9640,18573,48,3,item_template.sql,Classic
9645,18906,49,2,item_template.sql,Classic
9649,28294,55,3,item_template.sql,Classic
9650,28279,55,3,item_template.sql,Classic
9651,18578,53,3,item_template.sql,Classic
9654,28307,50,2,item_template.sql,Classic
9656,18580,49,2,item_template.sql,Classic
9665,18586,50,2,item_template.sql,Classic
9680,20475,43,2,item_template.sql,Classic
9683,20289,51,3,item_template.sql,Classic
9703,28297,43,2,item_template.sql,Classic
9704,28296,43,2,item_template.sql,Classic
9718,13488,38,3,item_template.sql,Classic
9747,14711,14,2,item_template.sql,Classic
9748,18883,15,2,item_template.sql,Classic
9749,27529,15,2,item_template.sql,Classic
9763,22687,14,2,item_template.sql,Classic
9765,22688,15,2,item_template.sql,Classic
9767,25946,23,2,item_template.sql,Classic
9770,23106,20,2,item_template.sql,Classic
9771,25941,25,2,item_template.sql,Classic
9772,25942,27,2,item_template.sql,Classic
9773,25944,27,2,item_template.sql,Classic
9775,28177,19,2,item_template.sql,Classic
9777,28427,19,2,item_template.sql,Classic
9780,28428,20,2,item_template.sql,Classic
9785,25776,17,2,item_template.sql,Classic
9786,25978,16,2,item_template.sql,Classic
9787,13484,19,2,item_template.sql,Classic
9788,25775,18,2,item_template.sql,Classic
9794,27752,25,2,item_template.sql,Classic
9796,27754,27,2,item_template.sql,Classic
9797,27755,28,2,item_template.sql,Classic
9801,6760,25,2,item_template.sql,Classic
9802,27761,26,2,item_template.sql,Classic
9806,2358,27,2,item_template.sql,Classic
9807,27759,27,2,item_template.sql,Classic
9808,691,28,2,item_template.sql,Classic
9819,27860,34,2,item_template.sql,Classic
9820,27861,31,2,item_template.sql,Classic
9821,27857,30,2,item_template.sql,Classic
9823,10508,31,2,item_template.sql,Classic
9825,27853,33,2,item_template.sql,Classic
9826,27856,34,2,item_template.sql,Classic
9827,14936,30,2,item_template.sql,Classic
9829,28482,29,2,item_template.sql,Classic
9831,27768,29,2,item_template.sql,Classic
9832,27766,31,2,item_template.sql,Classic
9833,6772,33,2,item_template.sql,Classic
9834,27764,32,2,item_template.sql,Classic
9835,11580,33,2,item_template.sql,Classic
9836,27769,33,2,item_template.sql,Classic
9838,27779,29,2,item_template.sql,Classic
9842,27776,32,2,item_template.sql,Classic
9846,28418,35,2,item_template.sql,Classic
9848,28422,36,2,item_template.sql,Classic
9849,16638,36,2,item_template.sql,Classic
9850,12980,36,2,item_template.sql,Classic
9853,28421,34,2,item_template.sql,Classic
9855,11956,35,2,item_template.sql,Classic
9857,18930,34,2,item_template.sql,Classic
9859,26550,36,2,item_template.sql,Classic
9862,14635,37,2,item_template.sql,Classic
9868,25788,35,2,item_template.sql,Classic
9875,26470,39,2,item_template.sql,Classic
9876,28088,40,2,item_template.sql,Classic
9877,28065,38,2,item_template.sql,Classic
9880,28062,40,2,item_template.sql,Classic
9883,28061,42,2,item_template.sql,Classic
9884,28074,43,2,item_template.sql,Classic
9887,18903,43,2,item_template.sql,Classic
9889,18921,40,2,item_template.sql,Classic
9890,23023,38,2,item_template.sql,Classic
9892,18912,40,2,item_template.sql,Classic
9893,27807,42,2,item_template.sql,Classic
9895,27787,40,2,item_template.sql,Classic
9898,27794,38,2,item_template.sql,Classic
9901,27792,40,2,item_template.sql,Classic
9902,27789,41,2,item_template.sql,Classic
9903,26163,42,2,item_template.sql,Classic
9906,28415,44,2,item_template.sql,Classic
9908,28412,43,2,item_template.sql,Classic
9909,28410,43,2,item_template.sql,Classic
9911,28416,46,2,item_template.sql,Classic
9913,28417,48,2,item_template.sql,Classic
9922,18935,46,2,item_template.sql,Classic
9923,18939,45,2,item_template.sql,Classic
9930,25933,43,2,item_template.sql,Classic
9932,25937,44,2,item_template.sql,Classic
9933,25934,45,2,item_template.sql,Classic
9934,25935,44,2,item_template.sql,Classic
9936,28010,49,2,item_template.sql,Classic
9941,27796,49,2,item_template.sql,Classic
9942,14613,50,2,item_template.sql,Classic
9943,27800,53,2,item_template.sql,Classic
9952,18946,49,2,item_template.sql,Classic
9953,11275,50,2,item_template.sql,Classic
9956,26181,46,2,item_template.sql,Classic
9957,26183,50,2,item_template.sql,Classic
9959,26202,45,2,item_template.sql,Classic
9961,26180,47,2,item_template.sql,Classic
9964,26191,49,2,item_template.sql,Classic
9970,27354,44,2,item_template.sql,Classic
9972,27350,42,2,item_template.sql,Classic
9999,24354,41,2,item_template.sql,Classic
10001,19141,42,2,item_template.sql,Classic
10002,19061,42,2,item_template.sql,Classic
10003,18835,43,2,item_template.sql,Classic
10004,24951,43,2,item_template.sql,Classic
10009,16764,43,2,item_template.sql,Classic
10011,18889,44,2,item_template.sql,Classic
10018,19111,45,2,item_template.sql,Classic
10021,18949,45,3,item_template.sql,Classic
10023,19055,45,2,item_template.sql,Classic
10024,18860,46,2,item_template.sql,Classic
10025,41842,49,2,item_template.sql,Classic
10026,21154,46,2,item_template.sql,Classic
10027,18865,46,2,item_template.sql,Classic
10029,19113,47,2,item_template.sql,Classic
10030,18872,48,2,item_template.sql,Classic
10031,19051,48,2,item_template.sql,Classic
10038,18882,49,2,item_template.sql,Classic
10041,19000,50,3,item_template.sql,Classic
10043,20209,31,2,item_template.sql,Classic
10047,19009,15,2,item_template.sql,Classic
10048,18914,24,2,item_template.sql,Classic
10049,20472,25,2,item_template.sql,Classic
10060,28125,49,2,item_template.sql,Classic
10064,28140,53,2,item_template.sql,Classic
10065,28165,55,2,item_template.sql,Classic
10066,28155,49,2,item_template.sql,Classic
10069,19014,49,2,item_template.sql,Classic
10070,19012,55,2,item_template.sql,Classic
10072,19017,51,2,item_template.sql,Classic
10073,21309,52,2,item_template.sql,Classic
10074,19018,53,2,item_template.sql,Classic
10076,19725,49,2,item_template.sql,Classic
10079,26331,48,2,item_template.sql,Classic
10084,19720,52,2,item_template.sql,Classic
10086,27363,49,2,item_template.sql,Classic
10088,27365,45,2,item_template.sql,Classic
10091,27367,47,2,item_template.sql,Classic
10092,27371,47,2,item_template.sql,Classic
10095,27600,56,2,item_template.sql,Classic
10096,27601,54,2,item_template.sql,Classic
10097,27606,57,2,item_template.sql,Classic
10099,27602,55,2,item_template.sql,Classic
10100,27605,57,2,item_template.sql,Classic
10101,27598,58,2,item_template.sql,Classic
10103,27614,54,2,item_template.sql,Classic
10104,27599,59,2,item_template.sql,Classic
10105,27716,60,2,item_template.sql,Classic
10108,27721,53,2,item_template.sql,Classic
10110,27726,55,2,item_template.sql,Classic
10111,28590,57,2,item_template.sql,Classic
10112,27731,58,2,item_template.sql,Classic
10113,27733,57,2,item_template.sql,Classic
10118,26291,58,2,item_template.sql,Classic
10119,26297,57,2,item_template.sql,Classic
10120,26304,53,2,item_template.sql,Classic
10122,26295,55,2,item_template.sql,Classic
10123,26303,57,2,item_template.sql,Classic
10124,19708,57,2,item_template.sql,Classic
10125,26301,56,2,item_template.sql,Classic
10127,27426,49,2,item_template.sql,Classic
10128,27427,54,2,item_template.sql,Classic
10131,27425,50,2,item_template.sql,Classic
10132,19759,51,2,item_template.sql,Classic
10137,27633,61,2,item_template.sql,Classic
10138,27631,59,2,item_template.sql,Classic
10143,27645,64,2,item_template.sql,Classic
10144,27647,60,2,item_template.sql,Classic
10145,18974,59,2,item_template.sql,Classic
10146,27741,61,2,item_template.sql,Classic
10150,27746,62,2,item_template.sql,Classic
10152,18962,63,2,item_template.sql,Classic
10153,27748,62,2,item_template.sql,Classic
10154,26127,61,2,item_template.sql,Classic
10155,26129,61,2,item_template.sql,Classic
10162,26130,63,2,item_template.sql,Classic
10164,27407,58,2,item_template.sql,Classic
10166,27411,54,2,item_template.sql,Classic
10168,27408,56,2,item_template.sql,Classic
10169,27413,57,2,item_template.sql,Classic
10170,27414,56,2,item_template.sql,Classic
10171,27406,54,2,item_template.sql,Classic
10173,28082,53,2,item_template.sql,Classic
10175,44717,55,2,item_template.sql,Classic
10177,28084,56,2,item_template.sql,Classic
10179,28080,54,2,item_template.sql,Classic
10180,28079,52,2,item_template.sql,Classic
10181,28078,58,2,item_template.sql,Classic
10187,27809,55,2,item_template.sql,Classic
10190,19001,52,2,item_template.sql,Classic
10191,26155,51,2,item_template.sql,Classic
10192,26160,53,2,item_template.sql,Classic
10194,26173,50,2,item_template.sql,Classic
10195,26176,55,2,item_template.sql,Classic
10196,26162,52,2,item_template.sql,Classic
10197,26158,52,2,item_template.sql,Classic
10198,26172,53,2,item_template.sql,Classic
10201,27400,48,2,item_template.sql,Classic
10202,27402,48,2,item_template.sql,Classic
10204,27388,55,2,item_template.sql,Classic
10206,27399,48,2,item_template.sql,Classic
10210,27867,60,2,item_template.sql,Classic
10211,24291,59,2,item_template.sql,Classic
10212,15214,57,2,item_template.sql,Classic
10213,27870,58,2,item_template.sql,Classic
10225,18981,59,2,item_template.sql,Classic
10227,18982,62,2,item_template.sql,Classic
10229,26265,56,2,item_template.sql,Classic
10230,26267,60,2,item_template.sql,Classic
10238,27380,52,2,item_template.sql,Classic
10239,27385,51,2,item_template.sql,Classic
10240,27384,55,2,item_template.sql,Classic
10242,27381,52,2,item_template.sql,Classic
10243,27382,51,2,item_template.sql,Classic
10244,27383,54,2,item_template.sql,Classic
10245,27386,53,2,item_template.sql,Classic
10255,27830,62,2,item_template.sql,Classic
10257,27844,62,2,item_template.sql,Classic
10258,27850,60,2,item_template.sql,Classic
10260,27845,63,2,item_template.sql,Classic
10270,26237,63,2,item_template.sql,Classic
10274,27805,63,2,item_template.sql,Classic
10276,27419,56,2,item_template.sql,Classic
10277,29003,57,2,item_template.sql,Classic
10278,27418,55,2,item_template.sql,Classic
10279,27423,58,2,item_template.sql,Classic
10288,18976,31,2,item_template.sql,Classic
10328,19049,39,3,item_template.sql,Classic
10366,20831,63,2,item_template.sql,Classic
10368,26351,62,2,item_template.sql,Classic
10369,26352,58,2,item_template.sql,Classic
10375,26363,57,2,item_template.sql,Classic
10377,26362,59,2,item_template.sql,Classic
10379,27749,61,2,item_template.sql,Classic
10380,26334,60,2,item_template.sql,Classic
10382,26336,62,2,item_template.sql,Classic
10383,26337,61,2,item_template.sql,Classic
10386,26339,62,2,item_template.sql,Classic
10387,26340,61,2,item_template.sql,Classic
10390,26342,63,2,item_template.sql,Classic
10399,9123,24,3,item_template.sql,Classic
10400,27947,18,2,item_template.sql,Classic
10402,21903,18,2,item_template.sql,Classic
10403,14389,22,3,item_template.sql,Classic
10404,27854,30,2,item_template.sql,Classic
10406,28173,32,2,item_template.sql,Classic
10408,27774,32,2,item_template.sql,Classic
10409,27771,32,2,item_template.sql,Classic
10410,28385,23,3,item_template.sql,Classic
10411,27949,23,3,item_template.sql,Classic
10412,28384,21,3,item_template.sql,Classic
10413,19125,19,3,item_template.sql,Classic
10461,19314,45,2,item_template.sql,Classic
10462,19313,47,2,item_template.sql,Classic
10500,19399,41,2,item_template.sql,Classic
10501,19402,44,2,item_template.sql,Classic
10502,19409,43,2,item_template.sql,Classic
10504,19563,49,3,item_template.sql,Classic
10506,23161,46,2,item_template.sql,Classic
10510,20744,44,2,item_template.sql,Classic
10549,19951,12,2,item_template.sql,Classic
10553,19919,11,2,item_template.sql,Classic
10554,19918,11,2,item_template.sql,Classic
10572,28747,39,3,item_template.sql,Classic
10574,19903,40,3,item_template.sql,Classic
10576,60692,50,2,item_template.sql,Classic
10577,7397,41,2,item_template.sql,Classic
10578,19993,38,3,item_template.sql,Classic
10582,28654,36,3,item_template.sql,Classic
10583,28808,39,3,item_template.sql,Classic
10584,28685,36,3,item_template.sql,Classic
10627,20259,47,3,item_template.sql,Classic
10630,22928,51,3,item_template.sql,Classic
10631,28800,46,3,item_template.sql,Classic
10632,28711,49,3,item_template.sql,Classic
10633,19900,51,3,item_template.sql,Classic
10637,14152,15,2,item_template.sql,Classic
10638,28209,15,2,item_template.sql,Classic
10653,9174,30,2,item_template.sql,Classic
10657,19991,26,2,item_template.sql,Classic
10686,20820,55,3,item_template.sql,Classic
10696,22229,60,2,item_template.sql,Classic
10698,20275,60,2,item_template.sql,Classic
10702,28273,43,2,item_template.sql,Classic
10704,28267,46,2,item_template.sql,Classic
10705,19915,47,2,item_template.sql,Classic
10706,28336,47,2,item_template.sql,Classic
10716,20625,41,2,item_template.sql,Classic
10720,19662,42,2,item_template.sql,Classic
10724,19665,45,2,item_template.sql,Classic
10741,42881,53,2,item_template.sql,Classic
10742,19710,51,2,item_template.sql,Classic
10743,28143,51,2,item_template.sql,Classic
10746,28343,50,2,item_template.sql,Classic
10747,19992,41,2,item_template.sql,Classic
10748,4385,41,2,item_template.sql,Classic
10749,19728,54,3,item_template.sql,Classic
10751,19920,54,3,item_template.sql,Classic
10760,28683,39,3,item_template.sql,Classic
10762,19953,44,3,item_template.sql,Classic
10763,28783,44,3,item_template.sql,Classic
10764,28710,44,3,item_template.sql,Classic
10765,28688,43,3,item_template.sql,Classic
10768,28684,42,3,item_template.sql,Classic
10769,19785,41,3,item_template.sql,Classic
10771,19910,41,3,item_template.sql,Classic
10774,28744,42,3,item_template.sql,Classic
10775,28694,42,3,item_template.sql,Classic
10777,28595,42,3,item_template.sql,Classic
10778,1399,60,2,item_template.sql,Classic
10779,16452,60,2,item_template.sql,Classic
10782,19930,55,2,item_template.sql,Classic
10783,19995,52,3,item_template.sql,Classic
10784,19793,52,3,item_template.sql,Classic
10786,19794,52,3,item_template.sql,Classic
10787,19796,52,3,item_template.sql,Classic
10798,28640,51,3,item_template.sql,Classic
10801,19912,52,3,item_template.sql,Classic
10802,18968,52,3,item_template.sql,Classic
10807,19812,55,3,item_template.sql,Classic
10808,19813,55,3,item_template.sql,Classic
10820,19932,15,2,item_template.sql,Classic
10821,28298,15,2,item_template.sql,Classic
10823,20086,44,3,item_template.sql,Classic
10826,20293,48,2,item_template.sql,Classic
10833,19838,56,3,item_template.sql,Classic
10836,20788,56,3,item_template.sql,Classic
10837,19841,56,3,item_template.sql,Classic
10838,19869,54,3,item_template.sql,Classic
10842,22427,54,3,item_template.sql,Classic
10843,22995,54,3,item_template.sql,Classic
10845,19893,54,3,item_template.sql,Classic
10846,19898,54,3,item_template.sql,Classic
11118,20769,47,3,item_template.sql,Classic
11120,28262,55,2,item_template.sql,Classic
11122,21115,50,2,item_template.sql,Classic
11123,14590,55,3,item_template.sql,Classic
11124,28196,55,3,item_template.sql,Classic
11190,28188,5,1,item_template.sql,Classic
11192,4685,5,1,item_template.sql,Classic
11193,19002,57,2,item_template.sql,Classic
11263,25077,40,3,item_template.sql,Classic
11287,21096,15,2,item_template.sql,Classic
11288,21097,23,2,item_template.sql,Classic
11303,8104,16,2,item_template.sql,Classic
11306,20713,32,2,item_template.sql,Classic
11308,21113,49,2,item_template.sql,Classic
11311,28731,46,3,item_template.sql,Classic
11603,23270,51,3,item_template.sql,Classic
11604,21580,59,3,item_template.sql,Classic
11624,28788,52,3,item_template.sql,Classic
11626,26278,53,3,item_template.sql,Classic
11627,28658,53,3,item_template.sql,Classic
11632,28725,52,3,item_template.sql,Classic
11633,21898,54,3,item_template.sql,Classic
11634,28741,54,3,item_template.sql,Classic
11675,18979,55,3,item_template.sql,Classic
11677,28381,55,3,item_template.sql,Classic
11685,28704,55,3,item_template.sql,Classic
11686,28763,55,3,item_template.sql,Classic
11703,28686,55,3,item_template.sql,Classic
11722,28721,55,3,item_template.sql,Classic
11731,28666,57,3,item_template.sql,Classic
11743,21714,55,3,item_template.sql,Classic
11745,28740,56,3,item_template.sql,Classic
11746,21717,56,3,item_template.sql,Classic
11747,21719,53,3,item_template.sql,Classic
11749,28722,53,3,item_template.sql,Classic
11755,21725,56,3,item_template.sql,Classic
11782,21771,57,3,item_template.sql,Classic
11783,28696,57,3,item_template.sql,Classic
11787,28669,58,3,item_template.sql,Classic
11802,19843,58,3,item_template.sql,Classic
11805,28821,56,3,item_template.sql,Classic
11814,21805,58,3,item_template.sql,Classic
11815,6337,58,3,item_template.sql,Classic
11821,28623,58,3,item_template.sql,Classic
11823,28728,59,3,item_template.sql,Classic
11832,19764,58,3,item_template.sql,Classic
11839,21839,55,3,item_template.sql,Classic
11841,28720,55,3,item_template.sql,Classic
11842,28792,55,3,item_template.sql,Classic
11850,23128,5,1,item_template.sql,Classic
11853,28241,18,2,item_template.sql,Classic
11854,28245,19,2,item_template.sql,Classic
11857,28345,46,2,item_template.sql,Classic
11860,28108,46,2,item_template.sql,Classic
11861,28171,46,2,item_template.sql,Classic
11863,21855,52,2,item_template.sql,Classic
11866,28219,55,3,item_template.sql,Classic
11871,28253,54,2,item_template.sql,Classic
11873,28325,56,2,item_template.sql,Classic
11874,28313,56,2,item_template.sql,Classic
11875,28305,54,2,item_template.sql,Classic
11884,14649,33,2,item_template.sql,Classic
11888,28342,50,2,item_template.sql,Classic
11889,28304,50,2,item_template.sql,Classic
11902,22227,56,2,item_template.sql,Classic
11905,22753,56,2,item_template.sql,Classic
11908,28063,55,2,item_template.sql,Classic
11911,28198,55,2,item_template.sql,Classic
11913,28132,55,2,item_template.sql,Classic
11917,28255,55,2,item_template.sql,Classic
11919,28136,55,2,item_template.sql,Classic
11922,25609,57,3,item_template.sql,Classic
11926,28712,57,3,item_template.sql,Classic
11929,28736,57,3,item_template.sql,Classic
11930,21965,60,3,item_template.sql,Classic
11933,28784,60,3,item_template.sql,Classic
11963,28232,53,2,item_template.sql,Classic
11964,28203,55,2,item_template.sql,Classic
11967,9835,23,2,item_template.sql,Classic
11981,3666,20,2,item_template.sql,Classic
11986,9849,39,2,item_template.sql,Classic
11993,9836,22,2,item_template.sql,Classic
12021,23483,54,2,item_template.sql,Classic
12028,9857,32,2,item_template.sql,Classic
12041,28429,54,2,item_template.sql,Classic
12047,9852,30,2,item_template.sql,Classic
12049,28244,53,2,item_template.sql,Classic
12061,28086,60,2,item_template.sql,Classic
12062,25611,60,2,item_template.sql,Classic
12063,22031,1,0,item_template.sql,Classic
12065,22037,60,2,item_template.sql,Classic
12066,28251,58,2,item_template.sql,Classic
12082,28176,58,2,item_template.sql,Classic
12105,28234,56,3,item_template.sql,Classic
12106,28089,60,2,item_template.sql,Classic
12107,28182,60,2,item_template.sql,Classic
12110,28240,58,2,item_template.sql,Classic
12111,28202,58,2,item_template.sql,Classic
12114,28222,56,2,item_template.sql,Classic
12115,28224,56,2,item_template.sql,Classic
12250,22250,34,2,item_template.sql,Classic
12251,22252,37,2,item_template.sql,Classic
12252,28699,39,2,item_template.sql,Classic
12253,28690,41,2,item_template.sql,Classic
12254,23079,44,2,item_template.sql,Classic
12255,4765,46,2,item_template.sql,Classic
12258,22256,44,2,item_template.sql,Classic
12259,4119,36,2,item_template.sql,Classic
12260,22258,39,2,item_template.sql,Classic
12295,28204,15,2,item_template.sql,Classic
12296,28248,17,2,item_template.sql,Classic
12344,22415,61,3,item_template.sql,Classic
12405,25751,50,2,item_template.sql,Classic
12409,25752,56,2,item_template.sql,Classic
12414,22951,60,2,item_template.sql,Classic
12417,25826,59,2,item_template.sql,Classic
12419,25741,58,2,item_template.sql,Classic
12424,24514,53,2,item_template.sql,Classic
12425,24511,54,2,item_template.sql,Classic
12427,24510,59,2,item_template.sql,Classic
12428,24509,53,2,item_template.sql,Classic
12429,24506,61,2,item_template.sql,Classic
12449,28235,5,1,item_template.sql,Classic
12463,20198,53,3,item_template.sql,Classic
12464,28680,53,3,item_template.sql,Classic
12465,22989,53,3,item_template.sql,Classic
12466,28190,53,3,item_template.sql,Classic
12470,22656,47,3,item_template.sql,Classic
12522,28077,15,2,item_template.sql,Classic
12531,22721,51,3,item_template.sql,Classic
12532,22722,56,3,item_template.sql,Classic
12535,22733,54,3,item_template.sql,Classic
12546,28637,54,3,item_template.sql,Classic
12547,28797,56,3,item_template.sql,Classic
12549,15501,52,3,item_template.sql,Classic
12551,28695,56,3,item_template.sql,Classic
12553,28670,59,3,item_template.sql,Classic
12557,28727,59,3,item_template.sql,Classic
12606,22837,61,3,item_template.sql,Classic
12610,23490,60,2,item_template.sql,Classic
12611,23486,60,2,item_template.sql,Classic
12612,23491,61,2,item_template.sql,Classic
12616,22861,63,2,item_template.sql,Classic
12617,22869,63,2,item_template.sql,Classic
12618,25746,63,3,item_template.sql,Classic
12619,22882,63,3,item_template.sql,Classic
12628,22892,57,3,item_template.sql,Classic
12631,25747,58,3,item_template.sql,Classic
12636,22908,61,3,item_template.sql,Classic
12764,23224,52,2,item_template.sql,Classic
12772,23230,54,2,item_template.sql,Classic
12775,23434,56,2,item_template.sql,Classic
12791,23262,55,3,item_template.sql,Classic
12792,23267,58,2,item_template.sql,Classic
12793,23266,55,3,item_template.sql,Classic
12802,23283,60,3,item_template.sql,Classic
12805,23727,46,2,item_template.sql,Classic
12895,28335,62,4,item_template.sql,Classic
12903,23473,62,4,item_template.sql,Classic
12930,8232,60,3,item_template.sql,Classic
12940,25648,63,3,item_template.sql,Classic
12975,28804,20,3,item_template.sql,Classic
12976,8272,20,3,item_template.sql,Classic
12977,16642,20,3,item_template.sql,Classic
12978,28448,20,3,item_template.sql,Classic
12979,28661,21,3,item_template.sql,Classic
12982,28452,21,3,item_template.sql,Classic
12983,28809,21,3,item_template.sql,Classic
12984,28738,21,3,item_template.sql,Classic
12987,28648,22,3,item_template.sql,Classic
12988,28375,22,3,item_template.sql,Classic
12989,28758,22,3,item_template.sql,Classic
12996,24646,23,3,item_template.sql,Classic
12998,28651,25,3,item_template.sql,Classic
12999,28370,25,3,item_template.sql,Classic
13000,28701,62,3,item_template.sql,Classic
13005,28951,28,3,item_template.sql,Classic
13007,28616,58,3,item_template.sql,Classic
13008,28646,52,3,item_template.sql,Classic
13009,28700,51,3,item_template.sql,Classic
13010,28438,26,3,item_template.sql,Classic
13011,28372,27,3,item_template.sql,Classic
13013,28643,56,3,item_template.sql,Classic
13017,25599,40,3,item_template.sql,Classic
13018,23228,48,3,item_template.sql,Classic
13021,28801,47,3,item_template.sql,Classic
13024,28671,29,3,item_template.sql,Classic
13038,25607,40,3,item_template.sql,Classic
13039,25608,48,3,item_template.sql,Classic
13041,28768,26,3,item_template.sql,Classic
13043,28675,49,3,item_template.sql,Classic
13048,25623,31,3,item_template.sql,Classic
13051,28598,44,3,item_template.sql,Classic
13053,28717,60,3,item_template.sql,Classic
13058,28790,44,3,item_template.sql,Classic
13064,28787,42,3,item_template.sql,Classic
13065,28626,50,3,item_template.sql,Classic
13066,28351,51,3,item_template.sql,Classic
13067,28355,54,3,item_template.sql,Classic
13070,28353,58,3,item_template.sql,Classic
13071,28354,45,3,item_template.sql,Classic
13073,28360,52,3,item_template.sql,Classic
13074,21961,46,3,item_template.sql,Classic
13076,28357,48,3,item_template.sql,Classic
13077,28364,57,3,item_template.sql,Classic
13079,28742,30,3,item_template.sql,Classic
13084,6497,35,3,item_template.sql,Classic
13088,6522,41,3,item_template.sql,Classic
13091,23717,57,3,item_template.sql,Classic
13099,28617,29,3,item_template.sql,Classic
13100,28645,44,3,item_template.sql,Classic
13103,28612,38,3,item_template.sql,Classic
13106,28656,31,3,item_template.sql,Classic
13107,28619,62,3,item_template.sql,Classic
13108,28614,34,3,item_template.sql,Classic
13109,28609,49,3,item_template.sql,Classic
13110,28368,36,3,item_template.sql,Classic
13111,28664,54,3,item_template.sql,Classic
13112,28601,48,3,item_template.sql,Classic
13114,17031,30,3,item_template.sql,Classic
13115,28745,45,3,item_template.sql,Classic
13117,28802,42,3,item_template.sql,Classic
13118,28369,57,3,item_template.sql,Classic
13119,28735,39,3,item_template.sql,Classic
13121,28602,38,3,item_template.sql,Classic
13122,28652,55,3,item_template.sql,Classic
13124,28441,35,3,item_template.sql,Classic
13125,28439,50,3,item_template.sql,Classic
13126,28434,53,3,item_template.sql,Classic
13127,28440,32,3,item_template.sql,Classic
13128,28662,47,3,item_template.sql,Classic
13129,28437,39,3,item_template.sql,Classic
13130,28447,56,3,item_template.sql,Classic
13131,28444,29,3,item_template.sql,Classic
13132,28443,43,3,item_template.sql,Classic
13134,28435,49,3,item_template.sql,Classic
13145,28356,40,3,item_template.sql,Classic
13168,23559,60,3,item_template.sql,Classic
13170,28713,60,3,item_template.sql,Classic
13179,23730,60,3,item_template.sql,Classic
13181,23732,57,3,item_template.sql,Classic
13209,23763,61,3,item_template.sql,Classic
13212,23766,60,3,item_template.sql,Classic
13218,23791,61,3,item_template.sql,Classic
13259,23856,61,3,item_template.sql,Classic
13283,23435,59,3,item_template.sql,Classic
13373,1225,60,3,item_template.sql,Classic
13379,2618,58,3,item_template.sql,Classic
13390,24292,61,3,item_template.sql,Classic
13394,24102,59,3,item_template.sql,Classic
13404,41843,57,3,item_template.sql,Classic
13405,24115,57,3,item_template.sql,Classic
13409,24120,57,3,item_template.sql,Classic
13473,23715,54,2,item_template.sql,Classic
13525,24177,62,2,item_template.sql,Classic
13530,24181,61,2,item_template.sql,Classic
13532,24183,61,2,item_template.sql,Classic
13535,24189,60,2,item_template.sql,Classic
13539,24194,60,2,item_template.sql,Classic
13544,24220,60,2,item_template.sql,Classic
13811,6502,60,2,item_template.sql,Classic
13812,24569,58,2,item_template.sql,Classic
13856,25235,51,2,item_template.sql,Classic
13863,25231,55,2,item_template.sql,Classic
13864,25233,56,2,item_template.sql,Classic
13866,25230,59,2,item_template.sql,Classic
13870,24616,53,2,item_template.sql,Classic
13956,24762,61,3,item_template.sql,Classic
13958,24767,60,3,item_template.sql,Classic
13962,30391,60,3,item_template.sql,Classic
13968,24784,63,3,item_template.sql,Classic
14025,25881,17,2,item_template.sql,Classic
14042,24893,52,2,item_template.sql,Classic
14043,24896,54,2,item_template.sql,Classic
14090,7533,11,2,item_template.sql,Classic
14091,25869,11,2,item_template.sql,Classic
14094,25873,11,2,item_template.sql,Classic
14096,25880,16,2,item_template.sql,Classic
14097,25876,14,2,item_template.sql,Classic
14103,24928,55,2,item_template.sql,Classic
14104,24927,58,2,item_template.sql,Classic
14106,24932,61,2,item_template.sql,Classic
14108,24935,57,2,item_template.sql,Classic
14109,25877,16,2,item_template.sql,Classic
14111,24933,58,2,item_template.sql,Classic
14112,24934,62,2,item_template.sql,Classic
14113,25858,15,2,item_template.sql,Classic
14114,25857,16,2,item_template.sql,Classic
14117,14542,16,2,item_template.sql,Classic
14119,11421,17,2,item_template.sql,Classic
14121,17462,20,2,item_template.sql,Classic
14129,25929,20,2,item_template.sql,Classic
14134,24946,55,3,item_template.sql,Classic
14136,25834,57,3,item_template.sql,Classic
14138,25228,60,3,item_template.sql,Classic
14143,24978,53,2,item_template.sql,Classic
14145,24981,18,3,item_template.sql,Classic
14147,24982,18,3,item_template.sql,Classic
14148,24983,18,3,item_template.sql,Classic
14149,24985,18,3,item_template.sql,Classic
14150,24988,18,3,item_template.sql,Classic
14151,24990,18,3,item_template.sql,Classic
14159,25893,22,2,item_template.sql,Classic
14162,11144,23,2,item_template.sql,Classic
14165,25890,25,2,item_template.sql,Classic
14166,28050,19,2,item_template.sql,Classic
14167,28054,19,2,item_template.sql,Classic
14171,13679,22,2,item_template.sql,Classic
14177,25970,26,2,item_template.sql,Classic
14178,26302,31,2,item_template.sql,Classic
14181,25971,28,2,item_template.sql,Classic
14183,25974,30,2,item_template.sql,Classic
14184,25976,30,2,item_template.sql,Classic
14185,25969,27,2,item_template.sql,Classic
14186,25986,29,2,item_template.sql,Classic
14187,14640,28,2,item_template.sql,Classic
14188,23138,27,2,item_template.sql,Classic
14191,25987,30,2,item_template.sql,Classic
14193,18887,31,2,item_template.sql,Classic
14194,28730,28,2,item_template.sql,Classic
14196,26008,32,2,item_template.sql,Classic
14197,26004,30,2,item_template.sql,Classic
14198,26006,31,2,item_template.sql,Classic
14200,15293,35,2,item_template.sql,Classic
14203,16719,35,2,item_template.sql,Classic
14204,26011,36,2,item_template.sql,Classic
14205,26005,32,2,item_template.sql,Classic
14207,26021,36,2,item_template.sql,Classic
14208,26308,36,2,item_template.sql,Classic
14209,26022,33,2,item_template.sql,Classic
14213,26017,37,2,item_template.sql,Classic
14216,26051,41,2,item_template.sql,Classic
14217,24113,36,2,item_template.sql,Classic
14220,26044,40,2,item_template.sql,Classic
14222,26050,37,2,item_template.sql,Classic
14223,26054,38,2,item_template.sql,Classic
14224,26052,39,2,item_template.sql,Classic
14226,26055,37,2,item_template.sql,Classic
14228,26059,41,2,item_template.sql,Classic
14229,26057,36,2,item_template.sql,Classic
14233,26061,40,2,item_template.sql,Classic
14234,26067,42,2,item_template.sql,Classic
14235,26058,37,2,item_template.sql,Classic
14236,26066,38,2,item_template.sql,Classic
14238,26100,41,2,item_template.sql,Classic
14239,26101,39,2,item_template.sql,Classic
14243,26104,43,2,item_template.sql,Classic
14244,28991,46,2,item_template.sql,Classic
14246,26309,44,2,item_template.sql,Classic
14247,26116,44,2,item_template.sql,Classic
14250,26117,42,2,item_template.sql,Classic
14251,26112,40,2,item_template.sql,Classic
14252,18992,45,2,item_template.sql,Classic
14254,26119,47,2,item_template.sql,Classic
14259,26186,46,2,item_template.sql,Classic
14260,26187,44,2,item_template.sql,Classic
14261,26189,43,2,item_template.sql,Classic
14263,41844,48,2,item_template.sql,Classic
14264,26196,48,2,item_template.sql,Classic
14265,26198,51,2,item_template.sql,Classic
14266,26195,47,2,item_template.sql,Classic
14271,26307,49,2,item_template.sql,Classic
14272,26143,47,2,item_template.sql,Classic
14274,26144,51,2,item_template.sql,Classic
14276,26138,47,2,item_template.sql,Classic
14278,27928,50,2,item_template.sql,Classic
14280,26137,48,2,item_template.sql,Classic
14282,26132,50,2,item_template.sql,Classic
14283,26124,54,2,item_template.sql,Classic
14285,26134,50,2,item_template.sql,Classic
14286,26136,50,2,item_template.sql,Classic
14287,27927,56,2,item_template.sql,Classic
14289,25098,51,2,item_template.sql,Classic
14290,26206,51,2,item_template.sql,Classic
14291,26205,50,2,item_template.sql,Classic
14294,26208,51,2,item_template.sql,Classic
14295,26212,55,2,item_template.sql,Classic
14296,26213,52,2,item_template.sql,Classic
14297,26211,57,2,item_template.sql,Classic
14298,26281,56,2,item_template.sql,Classic
14299,26268,54,2,item_template.sql,Classic
14301,26266,53,2,item_template.sql,Classic
14302,26275,56,2,item_template.sql,Classic
14303,18834,60,2,item_template.sql,Classic
14305,26282,57,2,item_template.sql,Classic
14310,26261,58,2,item_template.sql,Classic
14311,26253,55,2,item_template.sql,Classic
14313,26262,54,2,item_template.sql,Classic
14314,26258,58,2,item_template.sql,Classic
14315,26260,59,2,item_template.sql,Classic
14316,26263,59,2,item_template.sql,Classic
14318,26288,63,2,item_template.sql,Classic
14319,26285,59,2,item_template.sql,Classic
14320,26287,57,2,item_template.sql,Classic
14321,26299,55,2,item_template.sql,Classic
14323,26290,60,2,item_template.sql,Classic
14324,26300,60,2,item_template.sql,Classic
14325,26298,61,2,item_template.sql,Classic
14326,28993,63,2,item_template.sql,Classic
14327,26284,58,2,item_template.sql,Classic
14329,26225,62,2,item_template.sql,Classic
14334,26223,63,2,item_template.sql,Classic
14336,26226,65,2,item_template.sql,Classic
14337,26221,61,2,item_template.sql,Classic
14365,25884,15,2,item_template.sql,Classic
14370,10079,19,2,item_template.sql,Classic
14371,25889,23,2,item_template.sql,Classic
14372,25954,28,2,item_template.sql,Classic
14373,25957,25,2,item_template.sql,Classic
14374,25966,24,2,item_template.sql,Classic
14375,25959,25,2,item_template.sql,Classic
14376,25958,22,2,item_template.sql,Classic
14377,25961,26,2,item_template.sql,Classic
14378,25965,27,2,item_template.sql,Classic
14380,25956,28,2,item_template.sql,Classic
14398,26003,33,2,item_template.sql,Classic
14399,25995,31,2,item_template.sql,Classic
14402,25994,29,2,item_template.sql,Classic
14404,12973,33,2,item_template.sql,Classic
14405,27873,33,2,item_template.sql,Classic
14406,25998,30,2,item_template.sql,Classic
14411,26029,35,2,item_template.sql,Classic
14412,26035,36,2,item_template.sql,Classic
14414,26024,34,2,item_template.sql,Classic
14416,26025,34,2,item_template.sql,Classic
14419,26079,38,2,item_template.sql,Classic
14424,26083,42,2,item_template.sql,Classic
14426,16781,39,2,item_template.sql,Classic
14429,26151,43,2,item_template.sql,Classic
14431,26154,44,2,item_template.sql,Classic
14433,26159,46,2,item_template.sql,Classic
14435,26149,43,2,item_template.sql,Classic
14441,41845,50,2,item_template.sql,Classic
14447,26171,53,2,item_template.sql,Classic
14449,26170,57,2,item_template.sql,Classic
14450,26184,51,2,item_template.sql,Classic
14453,26157,59,2,item_template.sql,Classic
14454,26169,53,2,item_template.sql,Classic
14457,26235,58,2,item_template.sql,Classic
14458,26231,60,2,item_template.sql,Classic
14459,26233,57,2,item_template.sql,Classic
14462,26238,62,2,item_template.sql,Classic
14464,27228,64,2,item_template.sql,Classic
14465,26230,60,2,item_template.sql,Classic
14536,25157,61,3,item_template.sql,Classic
14539,25166,62,3,item_template.sql,Classic
14543,28703,62,3,item_template.sql,Classic
14548,28817,62,3,item_template.sql,Classic
14551,28280,49,4,item_template.sql,Classic
14559,27520,18,2,item_template.sql,Classic
14560,27524,19,2,item_template.sql,Classic
14562,27518,23,2,item_template.sql,Classic
14564,27519,19,2,item_template.sql,Classic
14565,27522,21,2,item_template.sql,Classic
14566,27523,25,2,item_template.sql,Classic
14569,13355,22,2,item_template.sql,Classic
14570,27669,28,2,item_template.sql,Classic
14574,27670,26,2,item_template.sql,Classic
14578,27963,29,2,item_template.sql,Classic
14579,27965,31,2,item_template.sql,Classic
14581,27962,33,2,item_template.sql,Classic
14583,27966,32,2,item_template.sql,Classic
14584,27968,35,2,item_template.sql,Classic
14585,27967,32,2,item_template.sql,Classic
14588,27976,36,2,item_template.sql,Classic
14589,9169,37,2,item_template.sql,Classic
14590,14770,35,2,item_template.sql,Classic
14595,27975,38,2,item_template.sql,Classic
14596,27978,38,2,item_template.sql,Classic
14598,27983,40,2,item_template.sql,Classic
14599,27982,42,2,item_template.sql,Classic
14602,27986,39,2,item_template.sql,Classic
14604,27987,45,2,item_template.sql,Classic
14605,27984,43,2,item_template.sql,Classic
14621,25227,61,3,item_template.sql,Classic
14652,27579,45,2,item_template.sql,Classic
14653,18944,46,2,item_template.sql,Classic
14657,27577,46,2,item_template.sql,Classic
14659,27578,47,2,item_template.sql,Classic
14660,27580,47,2,item_template.sql,Classic
14661,27566,49,2,item_template.sql,Classic
14662,27568,51,2,item_template.sql,Classic
14664,27564,54,2,item_template.sql,Classic
14666,27567,51,2,item_template.sql,Classic
14668,27570,52,2,item_template.sql,Classic
14669,27569,51,2,item_template.sql,Classic
14673,27653,52,2,item_template.sql,Classic
14678,27652,57,2,item_template.sql,Classic
14722,26983,17,2,item_template.sql,Classic
14725,26987,17,2,item_template.sql,Classic
14726,26985,18,2,item_template.sql,Classic
14742,27009,24,2,item_template.sql,Classic
14743,27007,22,2,item_template.sql,Classic
14744,27010,28,2,item_template.sql,Classic
14745,27011,20,2,item_template.sql,Classic
14746,27008,22,2,item_template.sql,Classic
14747,27012,23,2,item_template.sql,Classic
14748,27013,25,2,item_template.sql,Classic
14749,27014,26,2,item_template.sql,Classic
14751,27034,33,2,item_template.sql,Classic
14753,27191,33,2,item_template.sql,Classic
14754,27027,29,2,item_template.sql,Classic
14756,27035,29,2,item_template.sql,Classic
14757,27028,32,2,item_template.sql,Classic
14760,27049,39,2,item_template.sql,Classic
14764,27053,35,2,item_template.sql,Classic
14768,27092,44,2,item_template.sql,Classic
14769,27093,42,2,item_template.sql,Classic
14770,27091,40,2,item_template.sql,Classic
14771,26141,39,2,item_template.sql,Classic
14772,29007,40,2,item_template.sql,Classic
14776,27096,43,2,item_template.sql,Classic
14778,21756,45,2,item_template.sql,Classic
14781,27152,44,2,item_template.sql,Classic
14782,27148,45,2,item_template.sql,Classic
14791,27161,48,2,item_template.sql,Classic
14792,27156,50,2,item_template.sql,Classic
14793,27159,50,2,item_template.sql,Classic
14796,27157,53,2,item_template.sql,Classic
14797,27160,51,2,item_template.sql,Classic
14800,27202,59,2,item_template.sql,Classic
14802,27196,55,2,item_template.sql,Classic
14803,27185,55,2,item_template.sql,Classic
14815,27536,62,2,item_template.sql,Classic
14816,27140,62,2,item_template.sql,Classic
14817,27142,62,2,item_template.sql,Classic
14821,26811,43,2,item_template.sql,Classic
14828,26813,42,2,item_template.sql,Classic
14835,26687,48,2,item_template.sql,Classic
14840,26691,47,2,item_template.sql,Classic
14841,26688,44,2,item_template.sql,Classic
14844,26820,54,2,item_template.sql,Classic
14847,26819,49,2,item_template.sql,Classic
14849,27186,53,2,item_template.sql,Classic
14854,26846,59,2,item_template.sql,Classic
14857,26850,54,2,item_template.sql,Classic
14858,28985,58,2,item_template.sql,Classic
14859,26849,57,2,item_template.sql,Classic
14861,19760,52,2,item_template.sql,Classic
14864,26879,59,2,item_template.sql,Classic
14866,27180,62,2,item_template.sql,Classic
14867,26884,62,2,item_template.sql,Classic
14868,26885,61,2,item_template.sql,Classic
14907,27906,48,2,item_template.sql,Classic
14919,27839,52,2,item_template.sql,Classic
14921,26797,49,2,item_template.sql,Classic
14922,26874,53,2,item_template.sql,Classic
14923,26869,50,2,item_template.sql,Classic
14924,26871,57,2,item_template.sql,Classic
14925,28015,57,2,item_template.sql,Classic
14928,26873,55,2,item_template.sql,Classic
14929,26875,54,2,item_template.sql,Classic
14931,27932,62,2,item_template.sql,Classic
14936,27938,61,2,item_template.sql,Classic
14938,27933,56,2,item_template.sql,Classic
14940,26643,43,2,item_template.sql,Classic
14944,27512,45,2,item_template.sql,Classic
14946,26645,43,2,item_template.sql,Classic
14948,26838,51,2,item_template.sql,Classic
14949,28996,47,2,item_template.sql,Classic
14952,26257,50,2,item_template.sql,Classic
14953,26840,49,2,item_template.sql,Classic
14956,26837,45,2,item_template.sql,Classic
14957,26833,51,2,item_template.sql,Classic
14958,26827,56,2,item_template.sql,Classic
14959,26830,52,2,item_template.sql,Classic
14962,26831,54,2,item_template.sql,Classic
14963,26834,53,2,item_template.sql,Classic
14968,26856,55,2,item_template.sql,Classic
14969,28024,59,2,item_template.sql,Classic
14974,26857,55,2,item_template.sql,Classic
14977,26889,60,2,item_template.sql,Classic
14979,26893,64,2,item_template.sql,Classic
14981,26894,62,2,item_template.sql,Classic
14983,26887,59,2,item_template.sql,Classic
15003,28007,8,1,item_template.sql,Classic
15009,28008,11,2,item_template.sql,Classic
15010,9536,11,2,item_template.sql,Classic
15011,27668,15,2,item_template.sql,Classic
15012,14276,16,2,item_template.sql,Classic
15016,27990,16,2,item_template.sql,Classic
15017,27991,19,2,item_template.sql,Classic
15018,3390,20,2,item_template.sql,Classic
15045,25671,52,3,item_template.sql,Classic
15046,25673,54,3,item_template.sql,Classic
15047,25675,61,3,item_template.sql,Classic
15048,25676,57,3,item_template.sql,Classic
15052,27944,60,3,item_template.sql,Classic
15053,25682,57,2,item_template.sql,Classic
15054,25683,54,2,item_template.sql,Classic
15059,25688,60,3,item_template.sql,Classic
15060,25694,57,3,item_template.sql,Classic
15061,25695,54,3,item_template.sql,Classic
15066,25699,58,3,item_template.sql,Classic
15067,25700,54,3,item_template.sql,Classic
15071,25703,55,2,item_template.sql,Classic
15078,25718,55,2,item_template.sql,Classic
15079,25714,57,2,item_template.sql,Classic
15084,25726,53,2,item_template.sql,Classic
15086,25729,56,2,item_template.sql,Classic
15087,25722,58,2,item_template.sql,Classic
15088,25728,60,2,item_template.sql,Classic
15090,25731,62,2,item_template.sql,Classic
15094,25739,58,2,item_template.sql,Classic
15095,25732,60,2,item_template.sql,Classic
15104,28432,39,3,item_template.sql,Classic
15105,28231,40,2,item_template.sql,Classic
15106,28236,40,2,item_template.sql,Classic
15109,28225,25,2,item_template.sql,Classic
15110,27880,20,2,item_template.sql,Classic
15111,1981,21,2,item_template.sql,Classic
15112,27879,20,2,item_template.sql,Classic
15115,27878,22,2,item_template.sql,Classic
15118,27877,26,2,item_template.sql,Classic
15119,26177,56,2,item_template.sql,Classic
15121,1966,28,2,item_template.sql,Classic
15122,27888,25,2,item_template.sql,Classic
15124,27693,25,2,item_template.sql,Classic
15126,27884,29,2,item_template.sql,Classic
15127,6775,30,2,item_template.sql,Classic
15128,27882,31,2,item_template.sql,Classic
15129,27886,31,2,item_template.sql,Classic
15130,9548,34,2,item_template.sql,Classic
15131,27710,32,2,item_template.sql,Classic
15134,27711,37,2,item_template.sql,Classic
15135,28563,30,2,item_template.sql,Classic
15136,27708,31,2,item_template.sql,Classic
15139,27712,33,2,item_template.sql,Classic
15140,27713,34,2,item_template.sql,Classic
15142,27685,35,2,item_template.sql,Classic
15144,27689,37,2,item_template.sql,Classic
15146,27687,39,2,item_template.sql,Classic
15147,27686,33,2,item_template.sql,Classic
15152,27725,41,2,item_template.sql,Classic
15153,23048,37,2,item_template.sql,Classic
15155,27722,39,2,item_template.sql,Classic
15156,27734,43,2,item_template.sql,Classic
15157,27723,41,2,item_template.sql,Classic
15158,27732,40,2,item_template.sql,Classic
15159,27728,42,2,item_template.sql,Classic
15160,27727,39,2,item_template.sql,Classic
15161,18980,43,2,item_template.sql,Classic
15163,27922,43,2,item_template.sql,Classic
15164,27914,47,2,item_template.sql,Classic
15165,22253,42,2,item_template.sql,Classic
15166,27921,45,2,item_template.sql,Classic
15167,28979,48,2,item_template.sql,Classic
15169,27920,44,2,item_template.sql,Classic
15173,27593,46,2,item_template.sql,Classic
15174,27591,50,2,item_template.sql,Classic
15175,27907,51,2,item_template.sql,Classic
15177,27592,49,2,item_template.sql,Classic
15178,27590,47,2,item_template.sql,Classic
15180,27560,53,2,item_template.sql,Classic
15182,28584,51,2,item_template.sql,Classic
15185,56052,57,2,item_template.sql,Classic
15186,27662,55,2,item_template.sql,Classic
15187,27664,54,2,item_template.sql,Classic
15188,27632,57,2,item_template.sql,Classic
15189,27634,60,2,item_template.sql,Classic
15190,23051,55,2,item_template.sql,Classic
15192,27635,60,2,item_template.sql,Classic
15200,30797,35,3,item_template.sql,Classic
15203,28189,18,2,item_template.sql,Classic
15212,28527,27,2,item_template.sql,Classic
15215,28528,45,2,item_template.sql,Classic
15216,28530,51,2,item_template.sql,Classic
15217,28458,54,2,item_template.sql,Classic
15220,28316,62,2,item_template.sql,Classic
15222,28314,19,2,item_template.sql,Classic
15223,28571,24,2,item_template.sql,Classic
15224,28318,25,2,item_template.sql,Classic
15226,28531,37,2,item_template.sql,Classic
15228,28512,53,2,item_template.sql,Classic
15232,28542,33,2,item_template.sql,Classic
15235,28341,48,2,item_template.sql,Classic
15236,28566,52,2,item_template.sql,Classic
15239,28523,61,2,item_template.sql,Classic
15242,28568,30,2,item_template.sql,Classic
15244,3175,42,2,item_template.sql,Classic
15247,28327,64,2,item_template.sql,Classic
15251,28546,43,2,item_template.sql,Classic
15255,28529,57,2,item_template.sql,Classic
15256,28576,59,2,item_template.sql,Classic
15263,28534,50,2,item_template.sql,Classic
15264,28311,56,2,item_template.sql,Classic
15267,28674,63,2,item_template.sql,Classic
15268,28460,16,2,item_template.sql,Classic
15272,28541,59,2,item_template.sql,Classic
15274,22144,52,2,item_template.sql,Classic
15275,28467,54,2,item_template.sql,Classic
15276,28580,58,2,item_template.sql,Classic
15279,28569,51,2,item_template.sql,Classic
15280,28457,53,2,item_template.sql,Classic
15286,28575,35,2,item_template.sql,Classic
15295,28547,55,2,item_template.sql,Classic
15303,28014,14,2,item_template.sql,Classic
15304,12369,16,2,item_template.sql,Classic
15305,28039,18,2,item_template.sql,Classic
15309,28042,15,2,item_template.sql,Classic
15311,11382,22,2,item_template.sql,Classic
15312,14522,20,2,item_template.sql,Classic
15323,28557,50,2,item_template.sql,Classic
15324,28331,56,2,item_template.sql,Classic
15329,27998,24,2,item_template.sql,Classic
15331,28001,23,2,item_template.sql,Classic
15333,28006,22,2,item_template.sql,Classic
15334,28005,27,2,item_template.sql,Classic
15335,28093,14,2,item_template.sql,Classic
15336,28003,27,2,item_template.sql,Classic
15338,28002,28,2,item_template.sql,Classic
15339,27680,34,2,item_template.sql,Classic
15341,27678,30,2,item_template.sql,Classic
15343,27677,30,2,item_template.sql,Classic
15345,27682,31,2,item_template.sql,Classic
15347,27674,28,2,item_template.sql,Classic
15349,11953,33,2,item_template.sql,Classic
15350,27702,34,2,item_template.sql,Classic
15351,27699,30,2,item_template.sql,Classic
15353,29134,38,2,item_template.sql,Classic
15355,27701,34,2,item_template.sql,Classic
15357,27703,35,2,item_template.sql,Classic
15358,27704,35,2,item_template.sql,Classic
15359,27956,41,2,item_template.sql,Classic
15361,27958,37,2,item_template.sql,Classic
15362,27957,39,2,item_template.sql,Classic
15364,27960,36,2,item_template.sql,Classic
15365,27955,38,2,item_template.sql,Classic
15371,27974,41,2,item_template.sql,Classic
15372,27970,43,2,item_template.sql,Classic
15373,27973,47,2,item_template.sql,Classic
15376,27971,46,2,item_template.sql,Classic
15384,23544,50,2,item_template.sql,Classic
15385,27555,49,2,item_template.sql,Classic
15389,13343,53,2,item_template.sql,Classic
15390,27656,56,2,item_template.sql,Classic
15392,27658,49,2,item_template.sql,Classic
15394,32816,54,2,item_template.sql,Classic
15396,26602,14,2,item_template.sql,Classic
15399,28149,14,2,item_template.sql,Classic
15403,28243,18,2,item_template.sql,Classic
15405,9529,17,2,item_template.sql,Classic
15406,28138,17,2,item_template.sql,Classic
15428,28030,56,2,item_template.sql,Classic
15430,28035,60,2,item_template.sql,Classic
15433,28028,61,2,item_template.sql,Classic
15440,27615,63,2,item_template.sql,Classic
15441,27618,63,2,item_template.sql,Classic
15444,28228,18,2,item_template.sql,Classic
15452,28168,18,2,item_template.sql,Classic
15453,28247,18,2,item_template.sql,Classic
15461,26086,25,2,item_template.sql,Classic
15462,28286,25,2,item_template.sql,Classic
15463,28288,25,2,item_template.sql,Classic
15465,28216,28,2,item_template.sql,Classic
15469,28302,29,2,item_template.sql,Classic
15470,28290,29,2,item_template.sql,Classic
15471,28266,29,2,item_template.sql,Classic
15477,26941,11,2,item_template.sql,Classic
15479,26936,11,2,item_template.sql,Classic
15485,26955,14,2,item_template.sql,Classic
15486,26959,12,2,item_template.sql,Classic
15491,27000,15,2,item_template.sql,Classic
15492,27029,15,2,item_template.sql,Classic
15493,26998,18,2,item_template.sql,Classic
15494,23750,18,2,item_template.sql,Classic
15495,27005,15,2,item_template.sql,Classic
15497,27127,19,2,item_template.sql,Classic
15499,26993,18,2,item_template.sql,Classic
15501,26991,17,2,item_template.sql,Classic
15503,26995,22,2,item_template.sql,Classic
15506,26970,21,2,item_template.sql,Classic
15508,26977,19,2,item_template.sql,Classic
15511,26974,24,2,item_template.sql,Classic
15513,26975,25,2,item_template.sql,Classic
15515,26960,25,2,item_template.sql,Classic
15518,26961,30,2,item_template.sql,Classic
15523,26965,27,2,item_template.sql,Classic
15524,27081,31,2,item_template.sql,Classic
15525,27540,28,2,item_template.sql,Classic
15526,27082,24,2,item_template.sql,Classic
15527,27075,27,2,item_template.sql,Classic
15528,27079,26,2,item_template.sql,Classic
15529,27076,29,2,item_template.sql,Classic
15531,27080,30,2,item_template.sql,Classic
15533,27083,31,2,item_template.sql,Classic
15535,27038,29,2,item_template.sql,Classic
15536,27039,34,2,item_template.sql,Classic
15537,27040,28,2,item_template.sql,Classic
15539,27045,30,2,item_template.sql,Classic
15544,27022,32,2,item_template.sql,Classic
15545,27017,30,2,item_template.sql,Classic
15546,27018,36,2,item_template.sql,Classic
15549,27016,31,2,item_template.sql,Classic
15551,27020,35,2,item_template.sql,Classic
15558,27073,37,2,item_template.sql,Classic
15559,27072,31,2,item_template.sql,Classic
15561,27070,36,2,item_template.sql,Classic
15565,27059,38,2,item_template.sql,Classic
15566,27058,35,2,item_template.sql,Classic
15567,27063,40,2,item_template.sql,Classic
15576,27115,39,2,item_template.sql,Classic
15579,25910,35,2,item_template.sql,Classic
15582,27114,40,2,item_template.sql,Classic
15583,27116,41,2,item_template.sql,Classic
15585,28289,35,2,item_template.sql,Classic
15589,27891,41,2,item_template.sql,Classic
15591,27889,43,2,item_template.sql,Classic
15593,27898,42,2,item_template.sql,Classic
15595,27892,39,2,item_template.sql,Classic
15597,27893,42,2,item_template.sql,Classic
15599,27120,44,2,item_template.sql,Classic
15601,27118,46,2,item_template.sql,Classic
15608,27123,44,2,item_template.sql,Classic
15612,27326,44,2,item_template.sql,Classic
15613,27323,42,2,item_template.sql,Classic
15614,27328,45,2,item_template.sql,Classic
15626,27132,47,2,item_template.sql,Classic
15628,27134,48,2,item_template.sql,Classic
15629,27208,48,2,item_template.sql,Classic
15631,27212,52,2,item_template.sql,Classic
15632,27220,46,2,item_template.sql,Classic
15636,27206,49,2,item_template.sql,Classic
15637,27214,51,2,item_template.sql,Classic
15640,27171,56,2,item_template.sql,Classic
15642,27173,52,2,item_template.sql,Classic
15643,27176,49,2,item_template.sql,Classic
15644,29006,52,2,item_template.sql,Classic
15645,27178,55,2,item_template.sql,Classic
15646,27174,55,2,item_template.sql,Classic
15647,27177,53,2,item_template.sql,Classic
15649,27286,51,2,item_template.sql,Classic
15651,27293,56,2,item_template.sql,Classic
15652,27292,51,2,item_template.sql,Classic
15653,27287,53,2,item_template.sql,Classic
15658,27301,59,2,item_template.sql,Classic
15660,27297,61,2,item_template.sql,Classic
15663,27295,56,2,item_template.sql,Classic
15665,27300,60,2,item_template.sql,Classic
15670,41846,61,2,item_template.sql,Classic
15673,27313,58,2,item_template.sql,Classic
15676,27319,61,2,item_template.sql,Classic
15677,27320,61,2,item_template.sql,Classic
15679,27307,61,2,item_template.sql,Classic
15689,26391,35,2,item_template.sql,Classic
15693,28020,59,2,item_template.sql,Classic
15694,27288,54,2,item_template.sql,Classic
15697,26415,38,2,item_template.sql,Classic
15703,26431,55,2,item_template.sql,Classic
15706,26433,57,2,item_template.sql,Classic
15707,26435,58,2,item_template.sql,Classic
15709,26437,58,2,item_template.sql,Classic
15782,26463,60,2,item_template.sql,Classic
15784,26465,59,2,item_template.sql,Classic
15795,26473,58,2,item_template.sql,Classic
15796,26475,59,2,item_template.sql,Classic
15812,26501,56,2,item_template.sql,Classic
15823,26512,55,2,item_template.sql,Classic
15824,26513,59,2,item_template.sql,Classic
15825,26514,59,2,item_template.sql,Classic
15854,26536,60,3,item_template.sql,Classic
15858,26540,59,2,item_template.sql,Classic
15864,3658,39,2,item_template.sql,Classic
16064,25981,35,2,item_template.sql,Classic
16065,28734,35,2,item_template.sql,Classic
16066,14895,35,2,item_template.sql,Classic
16126,28730,35,2,item_template.sql,Classic
16127,16604,35,2,item_template.sql,Classic
16309,26950,63,3,item_template.sql,Classic
16315,27087,30,3,item_template.sql,Classic
16370,27165,60,3,item_template.sql,Classic
16391,31064,63,3,item_template.sql,Classic
16400,27211,60,3,item_template.sql,Classic
16403,31245,63,3,item_template.sql,Classic
16406,31086,63,3,item_template.sql,Classic
16414,27230,63,3,item_template.sql,Classic
16415,27231,63,3,item_template.sql,Classic
16420,31076,63,3,item_template.sql,Classic
16422,27235,63,3,item_template.sql,Classic
16426,31242,63,3,item_template.sql,Classic
16428,31246,63,3,item_template.sql,Classic
16436,31085,63,3,item_template.sql,Classic
16489,31099,63,3,item_template.sql,Classic
16495,27264,60,3,item_template.sql,Classic
16521,30072,63,3,item_template.sql,Classic
16604,27472,5,2,item_template.sql,Classic
16605,27473,5,2,item_template.sql,Classic
16606,27477,5,2,item_template.sql,Classic
16659,28270,27,2,item_template.sql,Classic
16661,27521,27,2,item_template.sql,Classic
16673,31413,58,3,item_template.sql,Classic
16675,31408,59,3,item_template.sql,Classic
16676,31406,59,3,item_template.sql,Classic
16682,29594,59,3,item_template.sql,Classic
16683,29597,57,3,item_template.sql,Classic
16686,31087,62,3,item_template.sql,Classic
16689,30211,60,3,item_template.sql,Classic
16697,30426,57,3,item_template.sql,Classic
16699,29797,61,3,item_template.sql,Classic
16706,29974,63,3,item_template.sql,Classic
16707,28180,62,3,item_template.sql,Classic
16712,28166,59,3,item_template.sql,Classic
16716,29976,58,3,item_template.sql,Classic
16717,29979,59,3,item_template.sql,Classic
16718,30412,60,3,item_template.sql,Classic
16719,29975,61,3,item_template.sql,Classic
16720,31228,62,3,item_template.sql,Classic
16724,29970,59,3,item_template.sql,Classic
16725,29967,59,3,item_template.sql,Classic
16726,29969,63,3,item_template.sql,Classic
16727,31207,62,3,item_template.sql,Classic
16728,29972,61,3,item_template.sql,Classic
16729,29971,60,3,item_template.sql,Classic
16732,29963,61,3,item_template.sql,Classic
16733,29964,60,3,item_template.sql,Classic
16736,29959,58,3,item_template.sql,Classic
16737,29962,59,3,item_template.sql,Classic
16738,27910,48,2,item_template.sql,Classic
16739,27911,48,2,item_template.sql,Classic
16741,27913,31,2,item_template.sql,Classic
16794,23729,38,2,item_template.sql,Classic
16833,31797,66,4,item_template.sql,Classic
16841,31832,66,4,item_template.sql,Classic
16889,28592,24,2,item_template.sql,Classic
16975,28746,27,3,item_template.sql,Classic
16977,28749,27,3,item_template.sql,Classic
16978,28750,27,3,item_template.sql,Classic
16987,28767,27,2,item_template.sql,Classic
16993,28818,60,2,item_template.sql,Classic
17003,28835,61,2,item_template.sql,Classic
17005,28837,27,2,item_template.sql,Classic
17043,28871,36,2,item_template.sql,Classic
17044,23716,61,3,item_template.sql,Classic
17046,28873,31,2,item_template.sql,Classic
17050,28990,52,3,item_template.sql,Classic
17523,29630,58,2,item_template.sql,Classic
17568,31053,63,3,item_template.sql,Classic
17576,31026,63,3,item_template.sql,Classic
17690,31475,60,2,item_template.sql,Classic
17691,31480,60,2,item_template.sql,Classic
17695,16572,26,2,item_template.sql,Classic
17704,29759,38,2,item_template.sql,Classic
17707,29842,54,3,item_template.sql,Classic
17711,29880,54,3,item_template.sql,Classic
17715,29894,54,3,item_template.sql,Classic
17732,29908,53,3,item_template.sql,Classic
17733,29910,53,3,item_template.sql,Classic
17734,29911,53,3,item_template.sql,Classic
17736,29912,53,3,item_template.sql,Classic
17739,29916,52,3,item_template.sql,Classic
17741,29918,51,3,item_template.sql,Classic
17742,29919,51,3,item_template.sql,Classic
17744,29922,51,3,item_template.sql,Classic
17746,29925,51,3,item_template.sql,Classic
17748,29927,51,3,item_template.sql,Classic
17750,29929,51,3,item_template.sql,Classic
17753,29932,53,3,item_template.sql,Classic
17754,29934,50,3,item_template.sql,Classic
17766,29939,54,3,item_template.sql,Classic
17767,29942,51,3,item_template.sql,Classic
17774,29947,48,2,item_template.sql,Classic
17775,29951,47,2,item_template.sql,Classic
17778,29954,47,2,item_template.sql,Classic
17779,29955,47,2,item_template.sql,Classic
17901,31481,60,2,item_template.sql,Classic
17906,31476,60,2,item_template.sql,Classic
17922,30171,10,2,item_template.sql,Classic
18023,4006,59,3,item_template.sql,Classic
18044,30436,57,3,item_template.sql,Classic
18082,30472,47,3,item_template.sql,Classic
18083,30474,47,3,item_template.sql,Classic
18295,30639,55,3,item_template.sql,Classic
18306,30669,58,2,item_template.sql,Classic
18309,30672,59,3,item_template.sql,Classic
18311,28511,58,3,item_template.sql,Classic
18313,41372,58,3,item_template.sql,Classic
18319,30680,58,3,item_template.sql,Classic
18320,30681,45,3,item_template.sql,Classic
18322,6779,58,3,item_template.sql,Classic
18326,30686,59,3,item_template.sql,Classic
18328,30689,59,3,item_template.sql,Classic
18337,30693,59,2,item_template.sql,Classic
18339,30703,59,2,item_template.sql,Classic
18340,30696,59,3,item_template.sql,Classic
18341,30697,45,3,item_template.sql,Classic
18350,15217,61,2,item_template.sql,Classic
18351,30704,61,2,item_template.sql,Classic
18353,30711,61,2,item_template.sql,Classic
18366,30721,60,3,item_template.sql,Classic
18368,30719,60,3,item_template.sql,Classic
18378,30730,62,3,item_template.sql,Classic
18380,30737,62,3,item_template.sql,Classic
18381,30738,62,3,item_template.sql,Classic
18385,30744,62,3,item_template.sql,Classic
18386,21964,61,3,item_template.sql,Classic
18388,30747,62,3,item_template.sql,Classic
18410,30778,57,2,item_template.sql,Classic
18424,30795,63,3,item_template.sql,Classic
18427,27088,35,3,item_template.sql,Classic
18430,27273,50,3,item_template.sql,Classic
18436,27262,50,3,item_template.sql,Classic
18437,27255,50,3,item_template.sql,Classic
18438,23521,40,3,item_template.sql,Classic
18442,30799,35,3,item_template.sql,Classic
18447,27223,50,3,item_template.sql,Classic
18449,31248,50,3,item_template.sql,Classic
18451,30803,60,2,item_template.sql,Classic
18453,30804,50,3,item_template.sql,Classic
18457,30806,50,3,item_template.sql,Classic
18459,30807,60,2,item_template.sql,Classic
18475,15399,60,2,item_template.sql,Classic
18479,30820,60,2,item_template.sql,Classic
18490,33293,61,3,item_template.sql,Classic
18493,30829,60,3,item_template.sql,Classic
18494,30830,60,3,item_template.sql,Classic
18496,30832,60,3,item_template.sql,Classic
18497,30833,60,3,item_template.sql,Classic
18502,30836,62,3,item_template.sql,Classic
18503,30837,62,3,item_template.sql,Classic
18505,30838,62,3,item_template.sql,Classic
18511,30851,62,4,item_template.sql,Classic
18522,23897,63,3,item_template.sql,Classic
18524,30857,63,3,item_template.sql,Classic
18531,30867,62,3,item_template.sql,Classic
18637,31204,55,2,item_template.sql,Classic
18673,31121,59,3,item_template.sql,Classic
18677,15148,61,2,item_template.sql,Classic
18697,31139,55,3,item_template.sql,Classic
18700,27048,58,3,item_template.sql,Classic
18701,28733,59,3,item_template.sql,Classic
18709,36935,50,3,item_template.sql,Classic
18711,31160,50,3,item_template.sql,Classic
18712,31161,50,3,item_template.sql,Classic
18717,23239,63,3,item_template.sql,Classic
18727,31177,59,3,item_template.sql,Classic
18730,31180,60,3,item_template.sql,Classic
18738,31239,61,3,item_template.sql,Classic
18739,31191,61,3,item_template.sql,Classic
18742,31194,60,3,item_template.sql,Classic
18745,2311,57,3,item_template.sql,Classic
18757,31217,62,3,item_template.sql,Classic
18834,37841,60,3,item_template.sql,Classic
18948,31385,32,3,item_template.sql,Classic
18951,31387,50,2,item_template.sql,Classic
18957,31400,10,2,item_template.sql,Classic
19024,31499,55,3,item_template.sql,Classic
19039,31675,48,2,item_template.sql,Classic
19040,31526,48,2,item_template.sql,Classic
19041,31529,48,2,item_template.sql,Classic
19042,31531,48,2,item_template.sql,Classic
19043,31532,58,3,item_template.sql,Classic
19051,31565,58,3,item_template.sql,Classic
19052,34504,58,3,item_template.sql,Classic
19056,31557,58,3,item_template.sql,Classic
19085,31592,60,3,item_template.sql,Classic
19091,31597,60,3,item_template.sql,Classic
19094,31602,60,3,item_template.sql,Classic
19099,31605,65,3,item_template.sql,Classic
19118,31628,50,2,item_template.sql,Classic
19120,31631,51,2,item_template.sql,Classic
19121,31632,51,3,item_template.sql,Classic
19124,31635,48,2,item_template.sql,Classic
19125,27137,49,2,item_template.sql,Classic
19126,31638,49,2,item_template.sql,Classic
19127,31639,50,2,item_template.sql,Classic
19128,31641,50,2,item_template.sql,Classic
19141,7418,50,2,item_template.sql,Classic
19159,31633,51,3,item_template.sql,Classic
19507,32034,41,3,item_template.sql,Classic
19509,32038,41,3,item_template.sql,Classic
19526,32066,63,3,item_template.sql,Classic
19528,32070,43,3,item_template.sql,Classic
19531,32068,53,3,item_template.sql,Classic
19532,32071,43,3,item_template.sql,Classic
19574,32713,60,2,item_template.sql,Classic
19575,32714,60,3,item_template.sql,Classic
19743,32193,38,2,item_template.sql,Classic
19809,31721,60,3,item_template.sql,Classic
19810,31808,60,3,item_template.sql,Classic
19826,32264,61,4,item_template.sql,Classic
19829,32750,61,4,item_template.sql,Classic
19888,32339,71,3,item_template.sql,Classic
19920,32305,68,3,item_template.sql,Classic
19979,8233,65,3,item_template.sql,Classic
19982,32503,52,3,item_template.sql,Classic
19986,21701,52,3,item_template.sql,Classic
19992,13806,52,3,item_template.sql,Classic
20006,32678,52,3,item_template.sql,Classic
20035,32592,52,3,item_template.sql,Classic
20037,18707,52,3,item_template.sql,Classic
20082,32685,52,3,item_template.sql,Classic
20083,32717,52,3,item_template.sql,Classic
20089,34241,43,3,item_template.sql,Classic
20090,34392,33,3,item_template.sql,Classic
20093,34393,33,3,item_template.sql,Classic
20096,34240,33,3,item_template.sql,Classic
20099,34244,33,3,item_template.sql,Classic
20102,34248,33,3,item_template.sql,Classic
20107,32644,43,3,item_template.sql,Classic
20108,32644,33,3,item_template.sql,Classic
20110,32822,43,3,item_template.sql,Classic
20111,32822,33,3,item_template.sql,Classic
20114,34247,33,3,item_template.sql,Classic
20218,32726,59,3,item_template.sql,Classic
20255,32732,52,3,item_template.sql,Classic
20264,32757,68,4,item_template.sql,Classic
20292,29864,63,2,item_template.sql,Classic
20295,32760,60,3,item_template.sql,Classic
20362,30870,63,2,item_template.sql,Classic
20369,32890,52,3,item_template.sql,Classic
20407,32841,60,2,item_template.sql,Classic
20408,33073,60,2,item_template.sql,Classic
20425,20330,23,3,item_template.sql,Classic
20426,30661,23,3,item_template.sql,Classic
20428,32072,23,3,item_template.sql,Classic
20437,32079,23,3,item_template.sql,Classic
20441,32074,23,3,item_template.sql,Classic
20442,32008,23,3,item_template.sql,Classic
20476,32871,62,3,item_template.sql,Classic
20504,33033,52,3,item_template.sql,Classic
20505,31905,52,3,item_template.sql,Classic
20512,24730,52,3,item_template.sql,Classic
20521,32906,52,3,item_template.sql,Classic
20524,32910,52,3,item_template.sql,Classic
20525,32912,52,3,item_template.sql,Classic
20530,33150,52,3,item_template.sql,Classic
20640,34495,45,2,item_template.sql,Classic
20641,18863,45,2,item_template.sql,Classic
20642,33062,47,2,item_template.sql,Classic
20652,33098,60,2,item_template.sql,Classic
20653,33100,60,2,item_template.sql,Classic
20655,33101,60,2,item_template.sql,Classic
20656,33105,60,2,item_template.sql,Classic
20658,33112,60,2,item_template.sql,Classic
20659,33110,60,2,item_template.sql,Classic
20661,33132,60,2,item_template.sql,Classic
20662,33117,60,2,item_template.sql,Classic
20693,33142,60,2,item_template.sql,Classic
20696,33143,63,3,item_template.sql,Classic
20820,28812,22,2,item_template.sql,Classic
20821,24087,20,2,item_template.sql,Classic
20823,24022,24,2,item_template.sql,Classic
20826,26537,27,3,item_template.sql,Classic
20830,9657,30,2,item_template.sql,Classic
20832,43894,31,3,item_template.sql,Classic
20906,9823,15,2,item_template.sql,Classic
20909,33262,30,2,item_template.sql,Classic
20914,33264,5,1,item_template.sql,Classic
20915,33270,5,1,item_template.sql,Classic
20916,33266,5,1,item_template.sql,Classic
20921,33272,5,1,item_template.sql,Classic
20922,33275,5,1,item_template.sql,Classic
20950,33288,31,2,item_template.sql,Classic
20956,33287,34,2,item_template.sql,Classic
20960,31616,37,2,item_template.sql,Classic
20961,28831,38,2,item_template.sql,Classic
20969,43895,45,3,item_template.sql,Classic
20991,15196,5,1,item_template.sql,Classic
20996,33324,5,1,item_template.sql,Classic
21119,6502,33,3,item_template.sql,Classic
21184,33528,62,4,item_template.sql,Classic
21273,34134,79,4,item_template.sql,Classic
21316,33604,55,2,item_template.sql,Classic
21317,42880,55,2,item_template.sql,Classic
21320,33601,58,2,item_template.sql,Classic
21336,33618,81,4,item_template.sql,Classic
21481,22757,73,3,item_template.sql,Classic
21524,33998,1,2,item_template.sql,Classic
21525,33999,1,2,item_template.sql,Classic
21566,34188,25,3,item_template.sql,Classic
21568,7248,25,3,item_template.sql,Classic
21583,34179,88,4,item_template.sql,Classic
21710,34337,88,4,item_template.sql,Classic
21748,39914,40,2,item_template.sql,Classic
21753,31576,50,3,item_template.sql,Classic
21756,39920,40,2,item_template.sql,Classic
21758,39915,43,2,item_template.sql,Classic
21760,39916,45,2,item_template.sql,Classic
21763,39917,47,2,item_template.sql,Classic
21764,31604,47,2,item_template.sql,Classic
21767,23629,52,2,item_template.sql,Classic
21769,39918,52,2,item_template.sql,Classic
21774,43893,55,3,item_template.sql,Classic
21778,33808,57,2,item_template.sql,Classic
21779,31908,62,3,item_template.sql,Classic
21792,39214,61,3,item_template.sql,Classic
21793,39215,63,3,item_template.sql,Classic
21859,38942,106,3,item_template.sql,TBC
21860,38102,109,3,item_template.sql,TBC
21861,38920,114,3,item_template.sql,TBC
21933,34491,22,2,item_template.sql,Classic
21934,9854,20,2,item_template.sql,Classic
21998,34613,60,4,item_template.sql,Classic
22060,34645,60,4,item_template.sql,Classic
22062,34599,65,3,item_template.sql,Classic
22064,34782,60,4,item_template.sql,Classic
22070,34620,65,3,item_template.sql,Classic
22079,34629,65,3,item_template.sql,Classic
22083,34633,60,4,item_template.sql,Classic
22109,34639,60,4,item_template.sql,Classic
22204,34549,60,3,item_template.sql,Classic
22207,34555,60,3,item_template.sql,Classic
22212,34558,56,3,item_template.sql,Classic
22223,34564,55,3,item_template.sql,Classic
22225,35922,60,3,item_template.sql,Classic
22231,34593,61,3,item_template.sql,Classic
22234,34579,53,3,item_template.sql,Classic
22241,34590,57,3,item_template.sql,Classic
22256,30774,57,3,item_template.sql,Classic
22257,31655,57,3,item_template.sql,Classic
22267,34690,63,3,item_template.sql,Classic
22271,34710,57,3,item_template.sql,Classic
22272,34714,52,3,item_template.sql,Classic
22274,34717,52,3,item_template.sql,Classic
22311,34792,61,3,item_template.sql,Classic
22335,34891,63,3,item_template.sql,Classic
22385,34890,60,4,item_template.sql,Classic
22394,34894,62,3,item_template.sql,Classic
22395,34957,57,3,item_template.sql,Classic
22397,34955,57,3,item_template.sql,Classic
22398,34954,62,3,item_template.sql,Classic
22400,34961,57,3,item_template.sql,Classic
22401,34960,62,3,item_template.sql,Classic
22407,42208,61,3,item_template.sql,Classic
22428,36972,88,4,item_template.sql,Classic
22438,35601,88,4,item_template.sql,Classic
22482,36349,88,4,item_template.sql,Classic
22483,35053,88,4,item_template.sql,Classic
22490,35162,88,4,item_template.sql,Classic
22500,35525,86,4,item_template.sql,Classic
22502,35519,88,4,item_template.sql,Classic
22508,35186,86,4,item_template.sql,Classic
22516,35148,86,4,item_template.sql,Classic
22665,36435,80,4,item_template.sql,Classic
22731,35139,88,4,item_template.sql,Classic
22816,35258,83,4,item_template.sql,Classic
22821,35263,92,4,item_template.sql,Classic
22938,35312,83,4,item_template.sql,Classic
22947,35359,85,4,item_template.sql,Classic
22961,35367,83,4,item_template.sql,Classic
22971,28159,11,2,item_template.sql,Classic
22980,44339,21,3,item_template.sql,Classic
22981,35373,83,4,item_template.sql,Classic
22984,35390,21,3,item_template.sql,Classic
22986,12718,15,2,item_template.sql,Classic
22987,36996,15,2,item_template.sql,Classic
22990,35378,21,3,item_template.sql,Classic
22991,35380,15,2,item_template.sql,Classic
22992,35381,15,2,item_template.sql,Classic
22993,35399,15,2,item_template.sql,Classic
22995,35392,21,3,item_template.sql,Classic
22998,35395,20,2,item_template.sql,Classic
23001,35400,85,4,item_template.sql,Classic
23021,35422,83,4,item_template.sql,Classic
23036,35437,83,4,item_template.sql,Classic
23045,35444,90,4,item_template.sql,Classic
23069,36370,85,4,item_template.sql,Classic
23084,35545,63,3,item_template.sql,Classic
23089,36480,63,3,item_template.sql,Classic
23091,35556,63,3,item_template.sql,Classic
23126,35564,60,3,item_template.sql,Classic
23170,18339,35,3,item_template.sql,Classic
23177,35593,41,3,item_template.sql,Classic
23178,22994,41,3,item_template.sql,Classic
23200,34956,65,3,item_template.sql,Classic
23368,8308,5,1,item_template.sql,Classic
23410,36960,20,2,item_template.sql,Classic
23423,35962,10,2,item_template.sql,Classic
23429,35968,10,2,item_template.sql,Classic
23430,5145,10,2,item_template.sql,Classic
23431,35961,10,2,item_template.sql,Classic
23482,38318,90,2,item_template.sql,TBC
23484,38319,90,2,item_template.sql,TBC
23487,39451,96,2,item_template.sql,TBC
23488,38316,96,2,item_template.sql,TBC
23489,38321,102,2,item_template.sql,TBC
23491,38328,93,2,item_template.sql,TBC
23493,44656,90,2,item_template.sql,Classic
23497,39450,93,2,item_template.sql,TBC
23502,38681,102,2,item_template.sql,TBC
23506,38684,103,3,item_template.sql,TBC
23507,36206,106,3,item_template.sql,TBC
23510,38687,113,3,item_template.sql,TBC
23511,38689,113,3,item_template.sql,TBC
23512,38690,115,3,item_template.sql,TBC
23515,42877,112,3,item_template.sql,TBC
23518,38696,114,3,item_template.sql,TBC
23587,39942,90,2,item_template.sql,Classic
23667,36429,85,4,item_template.sql,Classic
23761,40545,89,3,item_template.sql,Classic
23824,46155,112,3,item_template.sql,TBC
23828,43887,95,4,item_template.sql,Classic
23931,36676,5,2,item_template.sql,Classic
24022,43149,85,3,item_template.sql,Classic
24023,43166,85,3,item_template.sql,Classic
24024,43187,85,3,item_template.sql,Classic
24044,36729,85,3,item_template.sql,Classic
24046,43160,85,3,item_template.sql,Classic
24064,43135,85,3,item_template.sql,Classic
24069,39050,85,3,item_template.sql,Classic
24075,39129,93,2,item_template.sql,TBC
24078,39128,83,2,item_template.sql,TBC
24082,39120,113,3,item_template.sql,TBC
24087,39125,109,3,item_template.sql,TBC
24088,39127,101,3,item_template.sql,TBC
24090,43151,85,3,item_template.sql,Classic
24091,43136,85,3,item_template.sql,Classic
24094,38823,85,3,item_template.sql,Classic
24096,38544,85,3,item_template.sql,Classic
24107,36997,10,2,item_template.sql,Classic
24111,36771,10,2,item_template.sql,Classic
24113,28013,10,2,item_template.sql,Classic
24118,9847,32,2,item_template.sql,Classic
24137,36780,86,3,item_template.sql,Classic
24138,11247,12,2,item_template.sql,Classic
24141,36786,8,1,item_template.sql,Classic
24150,38813,85,3,item_template.sql,Classic
24249,38923,112,3,item_template.sql,TBC
24253,38973,112,3,item_template.sql,TBC
24261,43304,105,4,item_template.sql,TBC
24346,37046,18,2,item_template.sql,Classic
24348,37048,18,2,item_template.sql,Classic
24349,23608,20,2,item_template.sql,Classic
24351,37049,20,2,item_template.sql,Classic
24352,37050,20,2,item_template.sql,Classic
24354,37054,20,2,item_template.sql,Classic
24356,43194,91,3,item_template.sql,TBC
24360,43153,91,3,item_template.sql,TBC
24361,43733,91,3,item_template.sql,TBC
24362,43197,91,3,item_template.sql,TBC
24364,43144,91,3,item_template.sql,TBC
24365,43170,91,3,item_template.sql,TBC
24366,43156,91,3,item_template.sql,TBC
24376,39055,91,3,item_template.sql,TBC
24378,43195,91,3,item_template.sql,TBC
24379,38548,91,3,item_template.sql,TBC
24384,38827,88,3,item_template.sql,TBC
24387,43134,88,3,item_template.sql,TBC
24388,43159,88,3,item_template.sql,TBC
24390,38837,88,3,item_template.sql,TBC
24392,43188,88,3,item_template.sql,TBC
24394,40900,88,3,item_template.sql,TBC
24395,43189,88,3,item_template.sql,TBC
24397,43183,88,3,item_template.sql,TBC
24398,43169,88,3,item_template.sql,TBC
24413,43198,94,3,item_template.sql,TBC
24438,37199,11,2,item_template.sql,Classic
24440,37200,11,2,item_template.sql,Classic
24441,37201,5,1,item_template.sql,Classic
24451,43152,94,3,item_template.sql,TBC
24454,39075,94,3,item_template.sql,TBC
24455,43177,94,3,item_template.sql,TBC
24456,43138,94,3,item_template.sql,TBC
24457,43199,94,3,item_template.sql,TBC
24459,39078,94,3,item_template.sql,TBC
24460,38555,94,3,item_template.sql,TBC
24465,43154,94,3,item_template.sql,TBC
24481,43191,94,3,item_template.sql,TBC
24582,39623,81,2,item_template.sql,Classic
24590,40700,84,2,item_template.sql,Classic
24594,40312,84,2,item_template.sql,Classic
24596,40701,84,2,item_template.sql,Classic
24597,38064,87,2,item_template.sql,Classic
24599,40708,87,2,item_template.sql,Classic
24600,40704,87,2,item_template.sql,Classic
24602,40707,87,2,item_template.sql,Classic
24608,38441,90,2,item_template.sql,Classic
24611,9999,90,2,item_template.sql,Classic
24613,38736,93,2,item_template.sql,TBC
24616,9555,93,2,item_template.sql,TBC
24617,44718,93,2,item_template.sql,TBC
24618,38739,93,2,item_template.sql,TBC
24622,39008,96,2,item_template.sql,TBC
24625,42386,96,2,item_template.sql,TBC
24626,39010,96,2,item_template.sql,TBC
24627,39011,96,2,item_template.sql,TBC
24629,39093,99,2,item_template.sql,TBC
24632,39090,99,2,item_template.sql,TBC
24633,39091,99,2,item_template.sql,TBC
24635,39094,99,2,item_template.sql,TBC
24636,39088,99,2,item_template.sql,TBC
24638,39334,102,2,item_template.sql,TBC
24648,39398,105,2,item_template.sql,TBC
24652,39397,105,2,item_template.sql,TBC
24655,39509,108,2,item_template.sql,TBC
24657,39511,108,2,item_template.sql,TBC
24658,39507,108,2,item_template.sql,TBC
24660,39506,108,2,item_template.sql,TBC
24661,39778,111,2,item_template.sql,TBC
24662,39777,111,2,item_template.sql,TBC
24664,39779,111,2,item_template.sql,TBC
24665,39783,111,2,item_template.sql,TBC
24666,39780,111,2,item_template.sql,TBC
24667,39782,111,2,item_template.sql,TBC
24670,39883,114,2,item_template.sql,TBC
24671,39885,114,2,item_template.sql,TBC
24672,39884,114,2,item_template.sql,TBC
24673,39887,114,2,item_template.sql,TBC
24681,44265,117,2,item_template.sql,TBC
24695,40718,81,2,item_template.sql,Classic
24700,40717,81,2,item_template.sql,Classic
24701,40724,84,2,item_template.sql,Classic
24705,42209,84,2,item_template.sql,Classic
24706,40728,84,2,item_template.sql,Classic
24711,38352,87,2,item_template.sql,Classic
24713,39671,87,2,item_template.sql,Classic
24718,38416,90,2,item_template.sql,Classic
24721,44882,90,2,item_template.sql,Classic
24725,38658,93,2,item_template.sql,TBC
24727,38663,93,2,item_template.sql,TBC
24728,38661,93,2,item_template.sql,TBC
24729,44657,93,2,item_template.sql,TBC
24733,38862,96,2,item_template.sql,TBC
24735,38856,96,2,item_template.sql,TBC
24736,38858,96,2,item_template.sql,TBC
24738,38860,96,2,item_template.sql,TBC
24739,38861,96,2,item_template.sql,TBC
24741,39096,99,2,item_template.sql,TBC
24745,39098,99,2,item_template.sql,TBC
24749,39319,102,2,item_template.sql,TBC
24754,39321,102,2,item_template.sql,TBC
24755,39322,102,2,item_template.sql,TBC
24757,39469,105,2,item_template.sql,TBC
24761,39471,105,2,item_template.sql,TBC
24767,39494,108,2,item_template.sql,TBC
24771,39498,108,2,item_template.sql,TBC
24774,39737,111,2,item_template.sql,TBC
24775,39746,111,2,item_template.sql,TBC
24778,39738,111,2,item_template.sql,TBC
24779,26035,111,2,item_template.sql,TBC
24783,39896,114,2,item_template.sql,TBC
24785,39897,114,2,item_template.sql,TBC
24786,40149,114,2,item_template.sql,TBC
24787,39898,114,2,item_template.sql,TBC
24788,39900,114,2,item_template.sql,TBC
24790,16704,117,2,item_template.sql,TBC
24791,16703,117,2,item_template.sql,TBC
24792,16700,117,2,item_template.sql,TBC
24810,40733,81,2,item_template.sql,Classic
24811,40735,81,2,item_template.sql,Classic
24815,40741,84,2,item_template.sql,Classic
24818,40742,84,2,item_template.sql,Classic
24819,40129,84,2,item_template.sql,Classic
24821,40738,84,2,item_template.sql,Classic
24824,42105,87,2,item_template.sql,Classic
24827,42108,87,2,item_template.sql,Classic
24830,49703,90,2,item_template.sql,Classic
24835,38629,90,2,item_template.sql,Classic
24844,38848,93,2,item_template.sql,TBC
24845,38843,93,2,item_template.sql,TBC
24850,41377,96,2,item_template.sql,TBC
24852,38872,96,2,item_template.sql,TBC
24853,38866,96,2,item_template.sql,TBC
24855,40252,99,2,item_template.sql,TBC
24857,40254,99,2,item_template.sql,TBC
24858,40255,99,2,item_template.sql,TBC
24860,40257,99,2,item_template.sql,TBC
24863,39305,102,2,item_template.sql,TBC
24866,44677,102,2,item_template.sql,TBC
24868,39308,102,2,item_template.sql,TBC
24870,39436,105,2,item_template.sql,TBC
24874,25791,105,2,item_template.sql,TBC
24886,39786,111,2,item_template.sql,TBC
24887,39789,111,2,item_template.sql,TBC
24888,39788,111,2,item_template.sql,TBC
24889,39790,111,2,item_template.sql,TBC
24890,39793,111,2,item_template.sql,TBC
24895,39980,114,2,item_template.sql,TBC
24897,39981,114,2,item_template.sql,TBC
24899,39982,114,2,item_template.sql,TBC
24901,39988,114,2,item_template.sql,TBC
24903,39812,117,2,item_template.sql,TBC
24904,39810,117,2,item_template.sql,TBC
24906,42461,117,2,item_template.sql,TBC
24907,39704,117,2,item_template.sql,TBC
24909,39813,117,2,item_template.sql,TBC
24911,40183,120,2,item_template.sql,TBC
24912,16700,120,2,item_template.sql,TBC
24913,16702,120,2,item_template.sql,TBC
24914,42462,120,2,item_template.sql,TBC
24915,39171,120,2,item_template.sql,TBC
24917,9894,120,2,item_template.sql,TBC
24919,40758,81,2,item_template.sql,Classic
24920,40746,81,2,item_template.sql,Classic
24922,42214,81,2,item_template.sql,Classic
24924,40757,81,2,item_template.sql,Classic
24926,40761,84,2,item_template.sql,Classic
24928,40762,84,2,item_template.sql,Classic
24929,40763,84,2,item_template.sql,Classic
24931,40764,84,2,item_template.sql,Classic
24934,40767,87,2,item_template.sql,Classic
24935,40774,87,2,item_template.sql,Classic
24937,40770,87,2,item_template.sql,Classic
24939,40772,87,2,item_template.sql,Classic
24941,40768,87,2,item_template.sql,Classic
24943,40352,90,2,item_template.sql,Classic
24948,40303,90,2,item_template.sql,Classic
24951,49767,93,2,item_template.sql,TBC
24952,49764,93,2,item_template.sql,TBC
24953,49765,93,2,item_template.sql,TBC
24955,49766,93,2,item_template.sql,TBC
24957,44766,93,2,item_template.sql,TBC
24958,44274,96,2,item_template.sql,TBC
24962,44278,96,2,item_template.sql,TBC
24963,44279,96,2,item_template.sql,TBC
24968,39800,99,2,item_template.sql,TBC
24970,42215,99,2,item_template.sql,TBC
24972,39802,99,2,item_template.sql,TBC
24973,39801,99,2,item_template.sql,TBC
24974,44280,102,2,item_template.sql,TBC
24976,39377,102,2,item_template.sql,TBC
24979,39385,102,2,item_template.sql,TBC
24980,39379,102,2,item_template.sql,TBC
24982,39410,105,2,item_template.sql,TBC
24984,39409,105,2,item_template.sql,TBC
24985,39412,105,2,item_template.sql,TBC
24991,39615,108,2,item_template.sql,TBC
24994,44686,108,2,item_template.sql,TBC
24995,39617,108,2,item_template.sql,TBC
24998,39643,111,2,item_template.sql,TBC
25000,39641,111,2,item_template.sql,TBC
25003,39647,111,2,item_template.sql,TBC
25006,39868,114,2,item_template.sql,TBC
25008,39865,114,2,item_template.sql,TBC
25010,39873,114,2,item_template.sql,TBC
25011,39870,114,2,item_template.sql,TBC
25012,39867,114,2,item_template.sql,TBC
25013,39871,114,2,item_template.sql,TBC
25014,44334,117,2,item_template.sql,TBC
25015,44340,117,2,item_template.sql,TBC
25016,40688,117,2,item_template.sql,TBC
25017,44336,117,2,item_template.sql,TBC
25018,48246,117,2,item_template.sql,TBC
25020,44335,117,2,item_template.sql,TBC
25021,39170,117,2,item_template.sql,TBC
25022,44346,120,2,item_template.sql,TBC
25023,44349,120,2,item_template.sql,TBC
25024,44341,120,2,item_template.sql,TBC
25026,42390,120,2,item_template.sql,TBC
25027,44347,120,2,item_template.sql,TBC
25030,40775,81,2,item_template.sql,Classic
25031,40776,84,2,item_template.sql,Classic
25032,40777,87,2,item_template.sql,Classic
25033,38589,90,2,item_template.sql,Classic
25034,38665,93,2,item_template.sql,TBC
25037,39391,102,2,item_template.sql,TBC
25060,38348,87,2,item_template.sql,Classic
25062,38809,93,2,item_template.sql,TBC
25063,39000,96,2,item_template.sql,TBC
25064,39023,99,2,item_template.sql,TBC
25065,39390,102,2,item_template.sql,TBC
25069,39877,114,2,item_template.sql,TBC
25102,40789,87,2,item_template.sql,Classic
25119,38854,96,2,item_template.sql,TBC
25120,39045,99,2,item_template.sql,TBC
25123,39488,108,2,item_template.sql,TBC
25127,40823,120,2,item_template.sql,TBC
25128,40792,81,2,item_template.sql,Classic
25133,39001,96,2,item_template.sql,TBC
25134,39255,99,2,item_template.sql,TBC
25136,39408,105,2,item_template.sql,TBC
25137,39527,108,2,item_template.sql,TBC
25140,40824,117,2,item_template.sql,TBC
25142,40794,81,2,item_template.sql,Classic
25146,38635,93,2,item_template.sql,TBC
25148,39025,99,2,item_template.sql,TBC
25151,39474,108,2,item_template.sql,TBC
25154,41950,117,2,item_template.sql,TBC
25155,40686,120,2,item_template.sql,TBC
25158,40798,87,2,item_template.sql,Classic
25161,38864,96,2,item_template.sql,TBC
25164,39428,105,2,item_template.sql,TBC
25170,40799,81,2,item_template.sql,Classic
25176,39105,99,2,item_template.sql,TBC
25181,39987,114,2,item_template.sql,TBC
25185,40802,84,2,item_template.sql,Classic
25186,40803,87,2,item_template.sql,Classic
25192,40177,105,2,item_template.sql,TBC
25198,40804,81,2,item_template.sql,Classic
25202,38723,93,2,item_template.sql,TBC
25203,38997,96,2,item_template.sql,TBC
25208,39632,111,2,item_template.sql,TBC
25213,40294,84,2,item_template.sql,Classic
25216,40297,93,2,item_template.sql,TBC
25218,40298,99,2,item_template.sql,TBC
25219,40939,102,2,item_template.sql,TBC
25221,39603,108,2,item_template.sql,TBC
25234,39425,105,2,item_template.sql,TBC
25235,39531,108,2,item_template.sql,TBC
25248,39431,105,2,item_template.sql,TBC
25284,40144,87,2,item_template.sql,Classic
25287,40139,96,2,item_template.sql,TBC
25288,40133,99,2,item_template.sql,TBC
25299,38601,90,2,item_template.sql,Classic
25302,39101,99,2,item_template.sql,TBC
25303,39282,102,2,item_template.sql,TBC
25306,39769,111,2,item_template.sql,TBC
25312,38346,87,2,item_template.sql,Classic
25314,16498,93,2,item_template.sql,TBC
25316,39102,99,2,item_template.sql,TBC
25317,39389,102,2,item_template.sql,TBC
25319,39611,108,2,item_template.sql,TBC
25321,39875,114,2,item_template.sql,TBC
25322,40159,117,2,item_template.sql,TBC
25326,38345,87,2,item_template.sql,Classic
25330,39104,99,2,item_template.sql,TBC
25337,44331,120,2,item_template.sql,TBC
25438,6539,18,2,item_template.sql,Classic
25439,29697,18,2,item_template.sql,Classic
25478,37441,93,2,item_template.sql,Classic
25480,37437,93,2,item_template.sql,Classic
25484,39682,93,2,item_template.sql,Classic
25485,39681,93,2,item_template.sql,Classic
25486,37433,93,2,item_template.sql,Classic
25488,37430,93,2,item_template.sql,Classic
25489,37429,93,2,item_template.sql,Classic
25503,37446,90,2,item_template.sql,Classic
25504,37447,90,2,item_template.sql,Classic
25507,37449,93,2,item_template.sql,Classic
25512,37454,93,2,item_template.sql,Classic
25513,41854,93,2,item_template.sql,Classic
25515,37457,87,2,item_template.sql,Classic
25516,37459,87,2,item_template.sql,Classic
25524,37473,93,2,item_template.sql,Classic
25530,44327,96,2,item_template.sql,Classic
25534,37476,96,2,item_template.sql,Classic
25540,40130,94,3,item_template.sql,Classic
25556,37490,102,2,item_template.sql,TBC
25557,37491,102,2,item_template.sql,TBC
25558,37492,102,2,item_template.sql,TBC
25566,37498,105,2,item_template.sql,TBC
25568,37501,105,2,item_template.sql,TBC
25580,37508,105,2,item_template.sql,TBC
25581,37509,105,2,item_template.sql,TBC
25582,37511,105,2,item_template.sql,TBC
25583,39363,105,2,item_template.sql,TBC
25589,37533,105,2,item_template.sql,TBC
25592,37535,105,2,item_template.sql,TBC
25595,37537,105,2,item_template.sql,TBC
25598,37543,90,2,item_template.sql,Classic
25599,37544,90,2,item_template.sql,Classic
25610,37548,80,2,item_template.sql,Classic
25619,37549,96,2,item_template.sql,Classic
25628,37552,102,2,item_template.sql,TBC
25634,3026,105,2,item_template.sql,TBC
25636,37556,105,2,item_template.sql,TBC
25654,38982,84,2,item_template.sql,Classic
25656,38980,99,2,item_template.sql,TBC
25657,38981,108,2,item_template.sql,TBC
25659,40164,108,2,item_template.sql,TBC
25661,38988,93,2,item_template.sql,TBC
25667,40160,79,3,item_template.sql,TBC
25670,41551,96,2,item_template.sql,TBC
25675,37605,99,2,item_template.sql,TBC
25676,37604,105,2,item_template.sql,TBC
25683,37618,112,3,item_template.sql,TBC
25685,38992,106,3,item_template.sql,TBC
25691,37634,113,3,item_template.sql,TBC
25693,45372,100,3,item_template.sql,TBC
25694,45371,106,3,item_template.sql,TBC
25761,39296,103,3,item_template.sql,TBC
25762,41636,103,3,item_template.sql,TBC
25763,48502,103,3,item_template.sql,TBC
25772,39359,100,3,item_template.sql,Classic
25779,41951,105,2,item_template.sql,TBC
25780,52783,105,2,item_template.sql,TBC
25793,37798,114,2,item_template.sql,TBC
25797,37801,114,2,item_template.sql,TBC
25810,37805,109,3,item_template.sql,TBC
25819,39288,103,3,item_template.sql,TBC
25919,38098,93,2,item_template.sql,Classic
25923,27106,99,2,item_template.sql,Classic
25927,38101,99,2,item_template.sql,Classic
25939,39208,97,3,item_template.sql,TBC
25942,43146,97,3,item_template.sql,TBC
25944,47478,97,3,item_template.sql,TBC
25945,43201,97,3,item_template.sql,TBC
25946,43173,97,3,item_template.sql,TBC
25950,39226,97,3,item_template.sql,TBC
25954,38560,97,3,item_template.sql,TBC
25955,45175,97,3,item_template.sql,TBC
25959,39485,96,2,item_template.sql,Classic
25962,33534,97,3,item_template.sql,TBC
25965,44372,96,2,item_template.sql,Classic
25977,45179,96,2,item_template.sql,Classic
25994,38129,87,2,item_template.sql,Classic
25995,38127,87,2,item_template.sql,Classic
25996,38130,87,2,item_template.sql,Classic
26004,16551,11,2,item_template.sql,Classic
26010,16821,14,2,item_template.sql,Classic
26018,19029,11,2,item_template.sql,Classic
26019,38267,16,2,item_template.sql,Classic
26020,19030,12,2,item_template.sql,Classic
26021,7834,17,2,item_template.sql,Classic
26022,41379,13,2,item_template.sql,Classic
26028,25864,13,2,item_template.sql,Classic
26029,16566,18,2,item_template.sql,Classic
26030,38268,16,2,item_template.sql,Classic
26039,6864,15,2,item_template.sql,Classic
26235,16702,105,2,item_template.sql,TBC
26368,16704,114,2,item_template.sql,TBC
26465,16703,108,2,item_template.sql,TBC
27401,38260,12,2,item_template.sql,Classic
27402,22929,17,2,item_template.sql,Classic
27403,39743,12,2,item_template.sql,Classic
27404,28218,17,2,item_template.sql,Classic
27411,43185,100,3,item_template.sql,TBC
27414,44407,100,3,item_template.sql,TBC
27415,45101,100,3,item_template.sql,TBC
27416,39365,100,3,item_template.sql,TBC
27417,43181,103,3,item_template.sql,TBC
27418,43193,103,3,item_template.sql,TBC
27420,43147,103,3,item_template.sql,TBC
27423,38794,103,3,item_template.sql,TBC
27426,43204,103,3,item_template.sql,TBC
27427,43205,103,3,item_template.sql,TBC
27431,43207,103,3,item_template.sql,TBC
27433,43186,103,3,item_template.sql,TBC
27434,43209,103,3,item_template.sql,TBC
27450,43008,115,3,item_template.sql,TBC
27451,43084,115,3,item_template.sql,TBC
27458,42927,115,3,item_template.sql,TBC
27460,40034,115,3,item_template.sql,TBC
27461,43015,115,3,item_template.sql,TBC
27462,42896,115,3,item_template.sql,TBC
27468,42452,115,3,item_template.sql,TBC
27483,42965,115,3,item_template.sql,TBC
27487,42839,115,3,item_template.sql,TBC
27489,42851,115,3,item_template.sql,TBC
27495,43085,115,3,item_template.sql,TBC
27506,42997,115,3,item_template.sql,TBC
27512,41418,115,3,item_template.sql,TBC
27514,42945,115,3,item_template.sql,TBC
27519,43086,112,3,item_template.sql,TBC
27520,42829,112,3,item_template.sql,TBC
27529,40039,115,3,item_template.sql,TBC
27536,42576,115,3,item_template.sql,TBC
27539,42853,115,3,item_template.sql,TBC
27540,43088,115,3,item_template.sql,TBC
27541,42887,115,3,item_template.sql,TBC
27542,42999,115,3,item_template.sql,TBC
27547,42987,115,3,item_template.sql,TBC
27548,42862,115,3,item_template.sql,TBC
27551,40036,115,3,item_template.sql,TBC
27637,38261,100,3,item_template.sql,TBC
27639,38286,100,3,item_template.sql,TBC
27641,38264,16,2,item_template.sql,Classic
27647,38278,100,3,item_template.sql,TBC
27648,38280,100,3,item_template.sql,TBC
27653,38285,100,3,item_template.sql,TBC
27672,42833,115,3,item_template.sql,TBC
27708,41794,123,4,item_template.sql,TBC
27713,43044,115,3,item_template.sql,TBC
27715,42217,90,2,item_template.sql,Classic
27725,44422,93,2,item_template.sql,Classic
27737,42454,115,3,item_template.sql,TBC
27739,42351,115,3,item_template.sql,TBC
27741,41771,115,3,item_template.sql,TBC
27742,43026,115,3,item_template.sql,TBC
27743,42911,115,3,item_template.sql,TBC
27745,42886,115,3,item_template.sql,TBC
27746,43025,115,3,item_template.sql,TBC
27757,40358,115,3,item_template.sql,TBC
27765,42948,115,3,item_template.sql,TBC
27766,40038,115,3,item_template.sql,TBC
27768,42977,115,3,item_template.sql,TBC
27769,41773,115,3,item_template.sql,TBC
27770,43092,115,3,item_template.sql,TBC
27771,43034,115,3,item_template.sql,TBC
27773,43010,115,3,item_template.sql,TBC
27776,42414,115,3,item_template.sql,TBC
27779,32087,115,3,item_template.sql,TBC
27783,42967,112,3,item_template.sql,TBC
27787,42946,112,3,item_template.sql,TBC
27789,43093,112,3,item_template.sql,TBC
27792,40040,112,3,item_template.sql,TBC
27793,42912,112,3,item_template.sql,TBC
27794,41431,112,3,item_template.sql,TBC
27799,42898,115,3,item_template.sql,TBC
27800,42955,115,3,item_template.sql,TBC
27803,42360,115,3,item_template.sql,TBC
27804,43094,115,3,item_template.sql,TBC
27815,40043,115,3,item_template.sql,TBC
27818,42969,115,3,item_template.sql,TBC
27822,40044,115,3,item_template.sql,TBC
27824,42978,115,3,item_template.sql,TBC
27829,41776,115,3,item_template.sql,TBC
27835,42936,115,3,item_template.sql,TBC
27839,42354,115,3,item_template.sql,TBC
27842,40359,115,3,item_template.sql,TBC
27843,43078,115,3,item_template.sql,TBC
27844,42872,115,3,item_template.sql,TBC
27847,42836,115,3,item_template.sql,TBC
27848,43024,115,3,item_template.sql,TBC
27865,43012,115,3,item_template.sql,TBC
27866,44412,115,3,item_template.sql,TBC
27868,42561,112,3,item_template.sql,TBC
27870,43037,115,3,item_template.sql,TBC
27871,40047,115,3,item_template.sql,TBC
27873,42453,115,3,item_template.sql,TBC
27875,42578,115,3,item_template.sql,TBC
27877,40371,115,3,item_template.sql,TBC
27890,43449,112,3,item_template.sql,TBC
27891,40049,112,3,item_template.sql,TBC
27897,42863,112,3,item_template.sql,TBC
27900,40051,112,3,item_template.sql,TBC
27902,42982,115,3,item_template.sql,TBC
27903,40367,115,3,item_template.sql,TBC
27909,42572,115,3,item_template.sql,TBC
27911,43021,115,3,item_template.sql,TBC
27920,38571,91,3,item_template.sql,TBC
27921,38572,91,3,item_template.sql,TBC
27922,31603,91,3,item_template.sql,TBC
27926,38556,91,3,item_template.sql,TBC
27936,43055,115,3,item_template.sql,TBC
27937,39833,115,3,item_template.sql,TBC
27939,44558,91,3,item_template.sql,TBC
27945,9860,20,1,item_template.sql,Classic
27946,43099,115,3,item_template.sql,TBC
27947,25246,91,3,item_template.sql,TBC
27978,9858,1,1,item_template.sql,Classic
27979,31603,10,1,item_template.sql,Classic
27985,43042,115,3,item_template.sql,TBC
27992,32073,5,1,item_template.sql,Classic
28027,39689,96,2,item_template.sql,Classic
28032,39279,97,3,item_template.sql,Classic
28040,38671,88,3,item_template.sql,Classic
28043,36755,90,2,item_template.sql,Classic
28044,38674,90,2,item_template.sql,Classic
28055,38359,85,3,item_template.sql,Classic
28069,38711,91,3,item_template.sql,Classic
28108,15853,97,3,item_template.sql,Classic
28121,40037,115,3,item_template.sql,TBC
28124,42947,115,3,item_template.sql,TBC
28134,43423,112,3,item_template.sql,TBC
28144,20476,12,2,item_template.sql,Classic
28146,16918,10,2,item_template.sql,Classic
28147,28045,10,2,item_template.sql,Classic
28148,22685,10,2,item_template.sql,Classic
28149,7560,11,2,item_template.sql,Classic
28150,15248,13,2,item_template.sql,Classic
28159,28046,17,2,item_template.sql,Classic
28168,39210,103,3,item_template.sql,TBC
28184,41782,112,3,item_template.sql,TBC
28191,43075,115,3,item_template.sql,TBC
28193,43759,115,3,item_template.sql,TBC
28202,42456,115,3,item_template.sql,TBC
28211,43104,115,3,item_template.sql,TBC
28217,43105,115,3,item_template.sql,TBC
28218,43002,115,3,item_template.sql,TBC
28226,42560,115,3,item_template.sql,TBC
28228,42579,115,3,item_template.sql,TBC
28229,42367,115,3,item_template.sql,TBC
28231,42567,115,3,item_template.sql,TBC
28232,42449,115,3,item_template.sql,TBC
28249,43110,115,3,item_template.sql,TBC
28253,41554,115,3,item_template.sql,TBC
28262,42838,115,3,item_template.sql,TBC
28264,43069,115,3,item_template.sql,TBC
28265,41448,115,3,item_template.sql,TBC
28266,42919,115,3,item_template.sql,TBC
28288,41449,115,3,item_template.sql,TBC
28293,42069,115,3,item_template.sql,TBC
28294,42385,123,4,item_template.sql,TBC
28296,39650,115,3,item_template.sql,TBC
28303,28682,21,2,item_template.sql,Classic
28304,43005,115,3,item_template.sql,TBC
28306,43014,115,3,item_template.sql,TBC
28321,33808,115,3,item_template.sql,TBC
28324,42849,115,3,item_template.sql,TBC
28328,43113,115,3,item_template.sql,TBC
28337,42873,115,3,item_template.sql,TBC
28339,43071,115,3,item_template.sql,TBC
28344,42895,115,3,item_template.sql,TBC
28345,43917,115,3,item_template.sql,TBC
28350,42362,115,3,item_template.sql,TBC
28373,23119,115,3,item_template.sql,TBC
28374,42983,115,3,item_template.sql,TBC
28386,44799,115,3,item_template.sql,TBC
28396,42952,115,3,item_template.sql,TBC
28406,43082,115,3,item_template.sql,TBC
28433,41630,136,4,item_template.sql,TBC
28435,39577,123,4,item_template.sql,TBC
28438,45769,123,4,item_template.sql,TBC
28442,39584,136,4,item_template.sql,TBC
28484,39660,127,4,item_template.sql,TBC
28491,39368,94,3,item_template.sql,TBC
28494,39709,94,3,item_template.sql,TBC
28496,39701,99,2,item_template.sql,TBC
28498,39708,99,2,item_template.sql,TBC
28517,42327,115,4,item_template.sql,TBC
28561,37894,100,3,item_template.sql,TBC
28660,24160,115,4,item_template.sql,TBC
28672,43488,115,4,item_template.sql,TBC
28751,45879,115,4,item_template.sql,TBC
28752,47479,115,4,item_template.sql,TBC
28770,43098,125,4,item_template.sql,TBC
28801,44884,125,4,item_template.sql,TBC
28813,39033,115,3,item_template.sql,TBC
28815,39035,115,3,item_template.sql,TBC
28820,37312,115,3,item_template.sql,TBC
28821,37313,115,3,item_template.sql,TBC
28822,43535,125,4,item_template.sql,TBC
28831,41247,115,3,item_template.sql,TBC
28834,41249,115,3,item_template.sql,TBC
28835,41228,115,3,item_template.sql,TBC
28838,37895,115,3,item_template.sql,TBC
28839,37898,115,3,item_template.sql,TBC
28840,37897,115,3,item_template.sql,TBC
28853,37300,115,3,item_template.sql,TBC
28854,37301,115,3,item_template.sql,TBC
28855,37302,115,3,item_template.sql,TBC
28861,41229,115,3,item_template.sql,TBC
28862,41230,115,3,item_template.sql,TBC
28863,41933,115,3,item_template.sql,TBC
28917,42068,115,3,item_template.sql,TBC
28924,42067,115,3,item_template.sql,TBC
28929,42076,115,3,item_template.sql,TBC
28935,42078,115,3,item_template.sql,TBC
28945,42083,115,3,item_template.sql,TBC
28946,40960,115,3,item_template.sql,TBC
28949,42086,115,3,item_template.sql,TBC
28959,42091,115,3,item_template.sql,TBC
29011,47568,120,4,item_template.sql,TBC
29047,45811,120,4,item_template.sql,TBC
29117,40315,115,3,item_template.sql,TBC
29131,40323,115,3,item_template.sql,TBC
29134,44413,115,3,item_template.sql,TBC
29135,40327,115,3,item_template.sql,TBC
29139,40918,115,3,item_template.sql,TBC
29140,40917,115,3,item_template.sql,TBC
29141,40335,115,3,item_template.sql,TBC
29150,40920,91,3,item_template.sql,TBC
29157,38541,36,3,item_template.sql,Classic
29158,28830,40,3,item_template.sql,Classic
29171,41913,100,4,item_template.sql,TBC
29179,40386,115,3,item_template.sql,TBC
29180,40387,115,3,item_template.sql,TBC
29185,40392,115,3,item_template.sql,TBC
29238,42606,110,4,item_template.sql,TBC
29247,46574,110,4,item_template.sql,TBC
29277,40518,110,4,item_template.sql,TBC
29294,43095,128,4,item_template.sql,TBC
29312,40537,97,3,item_template.sql,Classic
29315,40539,97,3,item_template.sql,Classic
29316,39080,103,3,item_template.sql,TBC
29318,39223,103,3,item_template.sql,TBC
29325,38784,97,3,item_template.sql,Classic
29326,39065,97,3,item_template.sql,Classic
29337,40585,100,3,item_template.sql,Classic
29347,43125,110,4,item_template.sql,TBC
29352,39123,110,4,item_template.sql,TBC
29355,42203,105,4,item_template.sql,TBC
29376,42609,110,4,item_template.sql,TBC
29378,40612,108,2,item_template.sql,TBC
29399,40650,93,2,item_template.sql,Classic
29400,40648,93,2,item_template.sql,Classic
29456,39310,94,3,item_template.sql,TBC
29490,40989,112,3,item_template.sql,TBC
29491,40990,112,3,item_template.sql,TBC
29492,44266,112,3,item_template.sql,TBC
29497,40997,112,3,item_template.sql,TBC
29499,42857,112,3,item_template.sql,TBC
29511,41036,105,4,item_template.sql,TBC
29512,41034,105,4,item_template.sql,TBC
29583,41179,20,2,item_template.sql,Classic
29927,44579,81,2,item_template.sql,Classic
29930,43927,81,2,item_template.sql,Classic
29936,41518,81,2,item_template.sql,Classic
29938,42396,81,2,item_template.sql,Classic
29941,41525,81,2,item_template.sql,Classic
29943,44607,81,2,item_template.sql,Classic
29944,41531,81,2,item_template.sql,Classic
29946,19769,81,2,item_template.sql,Classic
29951,45912,128,4,item_template.sql,TBC
29954,41548,108,2,item_template.sql,TBC
29955,41549,108,2,item_template.sql,TBC
29959,41550,108,2,item_template.sql,TBC
29964,41569,52,3,item_template.sql,Classic
29965,42699,128,4,item_template.sql,TBC
29967,41827,108,2,item_template.sql,TBC
29969,42995,108,2,item_template.sql,TBC
29971,41605,52,3,item_template.sql,Classic
29978,41828,114,2,item_template.sql,TBC
29985,46093,128,4,item_template.sql,TBC
29989,46123,138,4,item_template.sql,TBC
29994,46125,138,4,item_template.sql,TBC
29998,46076,138,4,item_template.sql,TBC
29999,41830,108,2,item_template.sql,TBC
30010,41598,109,3,item_template.sql,TBC
30013,44767,109,3,item_template.sql,TBC
30016,42994,106,3,item_template.sql,TBC
30024,46120,128,4,item_template.sql,TBC
30026,46085,128,4,item_template.sql,TBC
30027,44966,128,4,item_template.sql,TBC
30031,45920,128,4,item_template.sql,TBC
30032,46075,128,4,item_template.sql,TBC
30034,46072,128,4,item_template.sql,TBC
30038,46112,128,4,item_template.sql,TBC
30046,46087,128,4,item_template.sql,TBC
30053,46348,128,4,item_template.sql,TBC
30054,46099,128,4,item_template.sql,TBC
30062,43584,128,4,item_template.sql,TBC
30068,46097,128,4,item_template.sql,TBC
30069,41604,52,3,item_template.sql,Classic
30070,41607,52,3,item_template.sql,Classic
30074,41616,100,3,item_template.sql,TBC
30076,41617,100,3,item_template.sql,TBC
30085,46355,128,4,item_template.sql,TBC
30088,41631,100,3,item_template.sql,TBC
30098,43597,128,4,item_template.sql,TBC
30100,45910,128,4,item_template.sql,TBC
30102,46082,138,4,item_template.sql,TBC
30115,47594,133,4,item_template.sql,TBC
30117,42300,133,4,item_template.sql,TBC
30125,44050,133,4,item_template.sql,TBC
30145,45016,133,4,item_template.sql,TBC
30148,45019,133,4,item_template.sql,TBC
30152,42879,133,4,item_template.sql,TBC
30205,42641,133,4,item_template.sql,TBC
30207,42643,133,4,item_template.sql,TBC
30210,42644,133,4,item_template.sql,TBC
30213,42303,133,4,item_template.sql,TBC
30218,41756,108,2,item_template.sql,TBC
30254,41836,114,2,item_template.sql,TBC
30264,41840,108,2,item_template.sql,TBC
30266,41806,111,2,item_template.sql,TBC
30267,41807,111,2,item_template.sql,TBC
30268,41808,108,2,item_template.sql,TBC
30269,41810,108,2,item_template.sql,TBC
30273,41813,111,2,item_template.sql,TBC
30274,41814,108,2,item_template.sql,TBC
30284,41817,111,2,item_template.sql,TBC
30285,41818,111,2,item_template.sql,TBC
30286,41819,111,2,item_template.sql,TBC
30289,41821,111,2,item_template.sql,TBC
30293,41858,111,2,item_template.sql,TBC
30296,41861,108,2,item_template.sql,TBC
30297,41938,109,3,item_template.sql,TBC
30300,41916,109,3,item_template.sql,TBC
30328,41917,114,2,item_template.sql,TBC
30334,41920,114,2,item_template.sql,TBC
30335,41925,114,2,item_template.sql,TBC
30337,41928,114,2,item_template.sql,TBC
30339,2854,114,2,item_template.sql,TBC
30340,41936,114,2,item_template.sql,TBC
30362,15550,108,2,item_template.sql,TBC
30368,41959,109,3,item_template.sql,TBC
30369,41960,109,3,item_template.sql,TBC
30379,41967,114,2,item_template.sql,TBC
30380,26158,114,2,item_template.sql,TBC
30386,41968,108,2,item_template.sql,TBC
30420,9842,29,2,item_template.sql,Classic
30422,31906,53,2,item_template.sql,Classic
30459,42100,110,3,item_template.sql,TBC
30465,42110,106,3,item_template.sql,TBC
30488,47593,136,4,item_template.sql,TBC
30505,14739,19,2,item_template.sql,Classic
30516,43150,108,2,item_template.sql,TBC
30517,15823,114,2,item_template.sql,TBC
30531,42316,110,4,item_template.sql,TBC
30696,38758,52,3,item_template.sql,Classic
30732,43253,120,4,item_template.sql,TBC
30804,31800,23,3,item_template.sql,Classic
30825,44358,114,3,item_template.sql,TBC
30837,42942,112,3,item_template.sql,TBC
30839,41580,115,3,item_template.sql,TBC
30841,1317,115,3,item_template.sql,TBC
30847,67050,108,2,item_template.sql,TBC
30856,43000,84,2,item_template.sql,Classic
30859,43007,109,3,item_template.sql,TBC
30862,45741,141,4,item_template.sql,TBC
30873,45240,141,4,item_template.sql,TBC
30878,45212,141,4,item_template.sql,TBC
30881,45799,141,4,item_template.sql,TBC
30883,45224,141,4,item_template.sql,TBC
30892,45735,141,4,item_template.sql,TBC
30893,45229,141,4,item_template.sql,TBC
30904,46351,151,4,item_template.sql,TBC
30905,46352,151,4,item_template.sql,TBC
30912,45218,151,4,item_template.sql,TBC
30915,45243,141,4,item_template.sql,TBC
30925,43346,109,3,item_template.sql,TBC
30927,43217,114,2,item_template.sql,TBC
30928,43218,111,2,item_template.sql,TBC
30929,43219,111,2,item_template.sql,TBC
30930,43220,114,2,item_template.sql,TBC
30931,43221,114,2,item_template.sql,TBC
30933,43222,109,3,item_template.sql,TBC
30938,43227,111,2,item_template.sql,TBC
30941,43231,111,2,item_template.sql,TBC
30947,43241,111,2,item_template.sql,TBC
30948,44018,109,3,item_template.sql,TBC
30951,43348,109,3,item_template.sql,TBC
30955,44732,111,2,item_template.sql,TBC
30957,43260,114,2,item_template.sql,TBC
30958,43262,114,2,item_template.sql,TBC
30959,43272,114,2,item_template.sql,TBC
30960,43274,111,2,item_template.sql,TBC
30961,43277,114,2,item_template.sql,TBC
30962,43345,109,3,item_template.sql,TBC
30964,43344,114,2,item_template.sql,TBC
30967,43349,109,3,item_template.sql,TBC
30975,45658,146,4,item_template.sql,TBC
30987,45684,146,4,item_template.sql,TBC
30993,45686,146,4,item_template.sql,TBC
30999,43309,109,3,item_template.sql,TBC
31002,1930,109,3,item_template.sql,TBC
31013,43315,109,3,item_template.sql,TBC
31016,45668,146,4,item_template.sql,TBC
31022,45672,146,4,item_template.sql,TBC
31031,43317,106,3,item_template.sql,TBC
31033,43318,106,3,item_template.sql,TBC
31036,43323,108,3,item_template.sql,TBC
31041,45662,146,4,item_template.sql,TBC
31044,45665,146,4,item_template.sql,TBC
31055,45121,146,4,item_template.sql,TBC
31060,44977,146,4,item_template.sql,TBC
31063,45770,146,4,item_template.sql,TBC
31065,44979,146,4,item_template.sql,TBC
31076,43335,109,3,item_template.sql,TBC
31077,43339,109,3,item_template.sql,TBC
31080,43360,105,2,item_template.sql,TBC
31105,45168,109,3,item_template.sql,TBC
31107,43516,109,3,item_template.sql,TBC
31109,44680,109,3,item_template.sql,TBC
31111,31135,114,2,item_template.sql,TBC
31115,43490,114,2,item_template.sql,TBC
31125,43043,85,3,item_template.sql,Classic
31133,21963,85,3,item_template.sql,Classic
31137,43640,88,3,item_template.sql,TBC
31140,42907,88,3,item_template.sql,TBC
31142,43649,88,3,item_template.sql,TBC
31149,43073,91,3,item_template.sql,TBC
31150,43654,91,3,item_template.sql,TBC
31151,42848,94,3,item_template.sql,TBC
31153,43655,94,3,item_template.sql,TBC
31154,35358,26,2,item_template.sql,Classic
31155,43666,109,3,item_template.sql,TBC
31158,43667,109,3,item_template.sql,TBC
31159,43661,109,3,item_template.sql,TBC
31162,43668,109,3,item_template.sql,TBC
31163,43672,103,3,item_template.sql,TBC
31164,43671,103,3,item_template.sql,TBC
31165,43673,103,3,item_template.sql,TBC
31166,43675,103,3,item_template.sql,TBC
31172,43681,82,3,item_template.sql,Classic
31173,30438,94,3,item_template.sql,TBC
31174,43682,82,3,item_template.sql,Classic
31176,43684,91,3,item_template.sql,TBC
31177,43686,91,3,item_template.sql,TBC
31178,40413,94,3,item_template.sql,TBC
31182,43692,85,3,item_template.sql,Classic
31184,43697,85,3,item_template.sql,Classic
31188,43699,94,3,item_template.sql,TBC
31190,43669,97,3,item_template.sql,TBC
31196,39211,97,3,item_template.sql,TBC
31200,4404,100,3,item_template.sql,TBC
31201,43705,103,3,item_template.sql,TBC
31202,41962,100,3,item_template.sql,TBC
31203,43706,103,3,item_template.sql,TBC
31209,43713,109,3,item_template.sql,TBC
31211,43714,109,3,item_template.sql,TBC
31213,43715,109,3,item_template.sql,TBC
31217,43719,109,3,item_template.sql,TBC
31219,43723,109,3,item_template.sql,TBC
31220,43724,109,3,item_template.sql,TBC
31221,43725,103,3,item_template.sql,TBC
31223,43726,103,3,item_template.sql,TBC
31225,33328,103,3,item_template.sql,TBC
31227,43730,91,3,item_template.sql,TBC
31228,43729,91,3,item_template.sql,TBC
31229,43731,91,3,item_template.sql,TBC
31230,43718,100,3,item_template.sql,TBC
31231,43732,91,3,item_template.sql,TBC
31232,43734,91,3,item_template.sql,TBC
31233,43735,91,3,item_template.sql,TBC
31234,43736,103,3,item_template.sql,TBC
31235,28617,91,3,item_template.sql,TBC
31236,43737,91,3,item_template.sql,TBC
31237,43738,103,3,item_template.sql,TBC
31240,42842,103,3,item_template.sql,TBC
31242,43740,88,3,item_template.sql,TBC
31243,43741,88,3,item_template.sql,TBC
31244,43742,88,3,item_template.sql,TBC
31246,39886,88,3,item_template.sql,TBC
31247,43743,88,3,item_template.sql,TBC
31249,43745,88,3,item_template.sql,TBC
31250,43747,88,3,item_template.sql,TBC
31258,43120,103,3,item_template.sql,TBC
31268,8466,18,2,item_template.sql,Classic
31269,43772,18,2,item_template.sql,Classic
31272,43761,103,3,item_template.sql,TBC
31276,42841,106,3,item_template.sql,TBC
31280,42932,106,3,item_template.sql,TBC
31284,42847,109,3,item_template.sql,TBC
31288,38993,109,3,item_template.sql,TBC
31291,43799,112,3,item_template.sql,TBC
31299,43830,115,3,item_template.sql,TBC
31312,43821,108,2,item_template.sql,TBC
31323,43836,100,4,item_template.sql,TBC
31328,42325,100,4,item_template.sql,TBC
31340,43861,100,4,item_template.sql,TBC
31341,43867,108,2,item_template.sql,TBC
31382,39124,109,3,item_template.sql,TBC
31383,39126,109,3,item_template.sql,TBC
31414,43951,108,2,item_template.sql,TBC
31417,43954,109,3,item_template.sql,TBC
31419,43989,102,2,item_template.sql,TBC
31420,43991,102,2,item_template.sql,TBC
31421,43992,102,2,item_template.sql,TBC
31425,43997,102,2,item_template.sql,TBC
31426,3658,102,2,item_template.sql,TBC
31427,43998,102,2,item_template.sql,TBC
31428,43996,102,2,item_template.sql,TBC
31433,43965,105,2,item_template.sql,TBC
31434,44002,105,2,item_template.sql,TBC
31436,43968,108,2,item_template.sql,TBC
31441,43988,105,2,item_template.sql,TBC
31445,44007,105,2,item_template.sql,TBC
31452,44016,105,2,item_template.sql,TBC
31453,44017,105,2,item_template.sql,TBC
31456,43984,108,2,item_template.sql,TBC
31457,44021,108,2,item_template.sql,TBC
31462,44028,115,3,item_template.sql,TBC
31472,44121,102,2,item_template.sql,TBC
31474,44118,105,2,item_template.sql,TBC
31480,44111,102,2,item_template.sql,TBC
31484,44110,102,2,item_template.sql,TBC
31485,44107,102,2,item_template.sql,TBC
31510,44124,105,2,item_template.sql,TBC
31511,44129,108,2,item_template.sql,TBC
31516,44125,105,2,item_template.sql,TBC
31519,44128,108,2,item_template.sql,TBC
31520,44131,108,2,item_template.sql,TBC
31521,44123,105,2,item_template.sql,TBC
31526,44086,108,2,item_template.sql,TBC
31532,44067,108,2,item_template.sql,TBC
31540,44072,105,2,item_template.sql,TBC
31542,44073,108,2,item_template.sql,TBC
31546,44076,109,3,item_template.sql,TBC
31548,44078,109,3,item_template.sql,TBC
31549,44079,109,3,item_template.sql,TBC
31554,44159,115,3,item_template.sql,TBC
31558,44168,115,3,item_template.sql,TBC
31563,44192,115,3,item_template.sql,TBC
31565,44187,109,3,item_template.sql,TBC
31566,44186,115,3,item_template.sql,TBC
31573,44200,109,3,item_template.sql,TBC
31576,44574,115,3,item_template.sql,TBC
31579,44224,115,3,item_template.sql,TBC
31580,44215,115,3,item_template.sql,TBC
31582,44220,115,3,item_template.sql,TBC
31615,44237,102,2,item_template.sql,TBC
31617,30696,102,2,item_template.sql,TBC
31657,44326,90,2,item_template.sql,Classic
31658,44254,90,2,item_template.sql,Classic
31659,44255,90,2,item_template.sql,Classic
31660,44257,102,2,item_template.sql,TBC
31683,44304,108,2,item_template.sql,TBC
31684,44305,108,2,item_template.sql,TBC
31688,45180,108,2,item_template.sql,TBC
31690,44313,108,2,item_template.sql,TBC
31693,39212,103,3,item_template.sql,TBC
31713,15431,105,2,item_template.sql,TBC
31714,44324,105,2,item_template.sql,TBC
31717,44557,88,3,item_template.sql,Classic
31718,44319,88,3,item_template.sql,Classic
31720,44555,88,3,item_template.sql,Classic
31726,43701,94,3,item_template.sql,Classic
31729,9865,99,2,item_template.sql,Classic
31756,44417,94,3,item_template.sql,Classic
31764,44423,99,2,item_template.sql,Classic
31765,44424,99,2,item_template.sql,Classic
31766,45370,99,2,item_template.sql,Classic
31768,44450,90,2,item_template.sql,Classic
31785,44470,99,2,item_template.sql,Classic
31786,44484,90,2,item_template.sql,Classic
31789,44483,90,2,item_template.sql,Classic
31790,7570,108,2,item_template.sql,TBC
31792,44458,108,2,item_template.sql,TBC
31816,44530,102,2,item_template.sql,TBC
31817,44533,102,2,item_template.sql,TBC
31819,44536,102,2,item_template.sql,TBC
31821,44546,102,2,item_template.sql,TBC
31856,44707,100,4,item_template.sql,TBC
31935,44633,109,3,item_template.sql,TBC
31936,44632,109,3,item_template.sql,TBC
31939,44630,109,3,item_template.sql,TBC
31942,44634,115,3,item_template.sql,TBC
31962,45965,136,4,item_template.sql,TBC
31963,45966,136,4,item_template.sql,TBC
31964,45967,136,4,item_template.sql,TBC
31968,45998,136,4,item_template.sql,TBC
31982,45982,136,4,item_template.sql,TBC
32004,46017,136,4,item_template.sql,TBC
32006,46507,136,4,item_template.sql,TBC
32019,46035,136,4,item_template.sql,TBC
32078,44699,110,4,item_template.sql,TBC
32110,41189,105,4,item_template.sql,TBC
32120,41215,105,4,item_template.sql,TBC
32125,41797,105,4,item_template.sql,TBC
32137,41202,105,4,item_template.sql,TBC
32166,41185,105,4,item_template.sql,TBC
32257,45315,141,4,item_template.sql,TBC
32278,46487,141,4,item_template.sql,TBC
32323,45886,141,4,item_template.sql,TBC
32328,45707,141,4,item_template.sql,TBC
32336,45485,151,4,item_template.sql,TBC
32338,45705,141,4,item_template.sql,TBC
32342,45298,141,4,item_template.sql,TBC
32343,45357,141,4,item_template.sql,TBC
32348,45492,141,4,item_template.sql,TBC
32349,45351,141,4,item_template.sql,TBC
32387,45754,115,3,item_template.sql,TBC
32403,44839,130,4,item_template.sql,TBC
32414,40487,105,4,item_template.sql,TBC
32461,45779,127,4,item_template.sql,TBC
32490,45854,141,4,item_template.sql,TBC
32494,43891,127,4,item_template.sql,TBC
32512,44866,141,4,item_template.sql,TBC
32522,45006,115,3,item_template.sql,TBC
32532,45029,115,3,item_template.sql,TBC
32534,36755,115,3,item_template.sql,TBC
32538,45042,115,3,item_template.sql,TBC
32592,45283,141,4,item_template.sql,TBC
32648,45472,105,4,item_template.sql,TBC
32654,36540,115,3,item_template.sql,TBC
32658,45197,115,3,item_template.sql,TBC
32665,45191,115,3,item_template.sql,TBC
32789,46044,136,4,item_template.sql,TBC
32802,46054,136,4,item_template.sql,TBC
32820,46066,126,4,item_template.sql,TBC
32831,47595,109,3,item_template.sql,TBC
32854,45496,105,4,item_template.sql,TBC
32863,45500,70,3,item_template.sql,Classic
32867,45502,114,2,item_template.sql,TBC
32869,45506,114,2,item_template.sql,TBC
32870,45507,114,2,item_template.sql,TBC
33173,46324,115,3,item_template.sql,TBC
33191,46781,128,4,item_template.sql,TBC
33211,46785,128,4,item_template.sql,TBC
33215,47020,128,4,item_template.sql,TBC
33216,49359,128,4,item_template.sql,TBC
33228,46430,36,2,item_template.sql,Classic
33229,46431,36,2,item_template.sql,Classic
33230,46432,39,2,item_template.sql,Classic
33231,46433,40,2,item_template.sql,Classic
33233,46435,40,2,item_template.sql,Classic
33235,13675,40,2,item_template.sql,Classic
33239,46438,40,2,item_template.sql,Classic
33240,8712,39,2,item_template.sql,Classic
33241,46439,40,2,item_template.sql,Classic
33242,46440,40,2,item_template.sql,Classic
33243,46441,39,2,item_template.sql,Classic
33245,46443,36,2,item_template.sql,Classic
33247,46444,36,2,item_template.sql,Classic
33248,38664,37,2,item_template.sql,Classic
33249,46445,37,2,item_template.sql,Classic
33251,46447,39,2,item_template.sql,Classic
33252,46448,37,2,item_template.sql,Classic
33253,46449,36,2,item_template.sql,Classic
33257,46452,36,2,item_template.sql,Classic
33259,46454,38,2,item_template.sql,Classic
33261,35076,39,2,item_template.sql,Classic
33267,46457,38,2,item_template.sql,Classic
33269,46459,37,2,item_template.sql,Classic
33292,46514,1,3,item_template.sql,Classic
33296,46805,128,4,item_template.sql,TBC
33299,46807,128,4,item_template.sql,TBC
33331,47021,128,4,item_template.sql,TBC
33388,46985,132,4,item_template.sql,TBC
33446,46989,128,4,item_template.sql,TBC
33471,46996,133,4,item_template.sql,TBC
33479,47001,133,4,item_template.sql,TBC
33484,47589,136,4,item_template.sql,TBC
33490,47008,132,4,item_template.sql,TBC
33492,47011,132,4,item_template.sql,TBC
33499,45362,141,4,item_template.sql,TBC
33514,47018,128,4,item_template.sql,TBC
33532,47035,128,4,item_template.sql,TBC
33539,47044,128,4,item_template.sql,TBC
33578,47055,128,4,item_template.sql,TBC
33591,47068,128,4,item_template.sql,TBC
33666,47951,146,4,item_template.sql,TBC
33670,47732,146,4,item_template.sql,TBC
33678,46872,146,4,item_template.sql,TBC
33680,46873,146,4,item_template.sql,TBC
33699,46953,146,4,item_template.sql,TBC
33700,46940,146,4,item_template.sql,TBC
33716,47744,146,4,item_template.sql,TBC
33720,46926,146,4,item_template.sql,TBC
33731,46866,146,4,item_template.sql,TBC
33734,46970,146,4,item_template.sql,TBC
33791,46839,11,2,item_template.sql,Classic
33805,47004,128,4,item_template.sql,TBC
33808,51920,110,4,item_template.sql,TBC
33829,47093,133,4,item_template.sql,TBC
33883,47413,141,4,item_template.sql,TBC
33888,47415,146,4,item_template.sql,TBC
33895,47419,146,4,item_template.sql,TBC
33900,47421,146,4,item_template.sql,TBC
33902,47423,146,4,item_template.sql,TBC
33957,47144,110,4,item_template.sql,TBC
34049,47294,133,4,item_template.sql,TBC
34050,47696,133,4,item_template.sql,TBC
34107,47454,21,3,item_template.sql,Classic
34167,47988,159,4,item_template.sql,TBC
34169,47975,159,4,item_template.sql,TBC
34170,48295,159,4,item_template.sql,TBC
34177,48511,154,4,item_template.sql,TBC
34183,47996,154,4,item_template.sql,TBC
34184,48509,154,4,item_template.sql,TBC
34188,47995,159,4,item_template.sql,TBC
34190,48869,154,4,item_template.sql,TBC
34192,50016,159,4,item_template.sql,TBC
34193,50017,159,4,item_template.sql,TBC
34195,47999,159,4,item_template.sql,TBC
34197,49971,154,4,item_template.sql,TBC
34204,48512,154,4,item_template.sql,TBC
34205,48870,154,4,item_template.sql,TBC
34210,50012,159,4,item_template.sql,TBC
34214,48079,154,4,item_template.sql,TBC
34232,48299,159,4,item_template.sql,TBC
34234,48018,159,4,item_template.sql,TBC
34241,48868,164,4,item_template.sql,TBC
34242,48871,164,4,item_template.sql,TBC
34243,48022,164,4,item_template.sql,TBC
34244,48020,164,4,item_template.sql,TBC
34247,48023,164,4,item_template.sql,TBC
34331,48028,164,4,item_template.sql,TBC
34333,48024,164,4,item_template.sql,TBC
34336,48031,164,4,item_template.sql,TBC
34339,50018,164,4,item_template.sql,TBC
34340,50019,164,4,item_template.sql,TBC
34341,48032,164,4,item_template.sql,TBC
34343,48034,164,4,item_template.sql,TBC
34364,48925,159,4,item_template.sql,TBC
34367,48920,159,4,item_template.sql,TBC
34373,48913,159,4,item_template.sql,TBC
34375,48918,159,4,item_template.sql,TBC
34379,48928,159,4,item_template.sql,TBC
34381,48043,159,4,item_template.sql,TBC
34382,48045,159,4,item_template.sql,TBC
34386,48307,159,4,item_template.sql,TBC
34388,50015,159,4,item_template.sql,TBC
34393,50014,159,4,item_template.sql,TBC
34395,48053,159,4,item_template.sql,TBC
34400,48058,159,4,item_template.sql,TBC
34401,48057,159,4,item_template.sql,TBC
34405,50020,164,4,item_template.sql,TBC
34406,48387,164,4,item_template.sql,TBC
34418,47699,50,3,item_template.sql,Classic
34422,34708,50,3,item_template.sql,Classic
34424,47701,59,3,item_template.sql,Classic
34427,48503,154,4,item_template.sql,TBC
34428,48506,154,4,item_template.sql,TBC
34429,48505,154,4,item_template.sql,TBC
34430,48504,154,4,item_template.sql,TBC
34431,48313,154,4,item_template.sql,TBC
34432,48312,154,4,item_template.sql,TBC
34436,48349,154,4,item_template.sql,TBC
34442,48348,154,4,item_template.sql,TBC
34485,48355,154,4,item_template.sql,TBC
34529,43083,146,4,item_template.sql,TBC
34541,48359,154,4,item_template.sql,TBC
34546,48360,154,4,item_template.sql,TBC
34547,48361,154,4,item_template.sql,TBC
34549,48353,154,4,item_template.sql,TBC
34557,48354,154,4,item_template.sql,TBC
34558,48357,154,4,item_template.sql,TBC
34615,48167,125,4,item_template.sql,TBC
34648,51496,60,2,item_template.sql,Classic
34649,51498,60,2,item_template.sql,Classic
34650,51494,60,2,item_template.sql,Classic
34655,51501,60,2,item_template.sql,Classic
34656,51499,60,2,item_template.sql,Classic
34659,49738,60,2,item_template.sql,Classic
34661,49742,60,3,item_template.sql,Classic
34788,48252,115,3,item_template.sql,TBC
34789,48253,115,3,item_template.sql,TBC
34791,48255,115,3,item_template.sql,TBC
34793,48256,115,3,item_template.sql,TBC
34796,48258,115,3,item_template.sql,TBC
34799,48259,110,4,item_template.sql,TBC
34809,48985,110,4,item_template.sql,TBC
34887,49005,141,4,item_template.sql,TBC
34892,49114,146,4,item_template.sql,TBC
34900,48446,141,4,item_template.sql,TBC
34933,48491,141,4,item_template.sql,TBC
34938,48495,141,4,item_template.sql,TBC
34939,48496,141,4,item_template.sql,TBC
34945,48473,141,4,item_template.sql,TBC
34994,48609,159,4,item_template.sql,TBC
35015,49137,154,4,item_template.sql,TBC
35018,49138,154,4,item_template.sql,TBC
35027,50001,159,4,item_template.sql,TBC
35029,48740,159,4,item_template.sql,TBC
35030,50002,159,4,item_template.sql,TBC
35031,50003,159,4,item_template.sql,TBC
35036,48599,159,4,item_template.sql,TBC
35042,49969,159,4,item_template.sql,TBC
35044,48613,159,4,item_template.sql,TBC
35045,48615,159,4,item_template.sql,TBC
35046,48616,159,4,item_template.sql,TBC
35047,49140,154,4,item_template.sql,TBC
35054,50007,159,4,item_template.sql,TBC
35057,49963,159,4,item_template.sql,TBC
35069,49996,159,4,item_template.sql,TBC
35096,50011,159,4,item_template.sql,TBC
35136,48672,159,4,item_template.sql,TBC
35140,48663,159,4,item_template.sql,TBC
35142,48675,159,4,item_template.sql,TBC
35146,48669,159,4,item_template.sql,TBC
35149,48691,159,4,item_template.sql,TBC
35152,48676,159,4,item_template.sql,TBC
35153,48683,159,4,item_template.sql,TBC
35155,48660,159,4,item_template.sql,TBC
35157,48674,159,4,item_template.sql,TBC
35159,48686,159,4,item_template.sql,TBC
35161,48661,159,4,item_template.sql,TBC
35176,48664,154,4,item_template.sql,TBC
35179,48690,154,4,item_template.sql,TBC
35328,48717,115,3,item_template.sql,TBC
35334,48727,115,3,item_template.sql,TBC
35337,48730,115,3,item_template.sql,TBC
35343,48733,115,3,item_template.sql,TBC
35346,48736,115,3,item_template.sql,TBC
35358,48747,115,3,item_template.sql,TBC
35360,48750,115,3,item_template.sql,TBC
35366,48751,115,3,item_template.sql,TBC
35379,48762,115,3,item_template.sql,TBC
35380,48763,115,3,item_template.sql,TBC
35381,48756,115,3,item_template.sql,TBC
35382,48757,115,3,item_template.sql,TBC
35384,48764,115,3,item_template.sql,TBC
35402,48792,115,3,item_template.sql,TBC
35404,48794,115,3,item_template.sql,TBC
35408,48798,115,3,item_template.sql,TBC
35409,48799,115,3,item_template.sql,TBC
35410,48800,115,3,item_template.sql,TBC
35514,48878,110,4,item_template.sql,TBC
35570,48957,155,3,item_template.sql,TBC
35572,52529,155,3,item_template.sql,TBC
35574,49353,155,3,item_template.sql,TBC
35575,49354,155,3,item_template.sql,TBC
35576,49356,155,3,item_template.sql,TBC
35577,49358,155,3,item_template.sql,TBC
35584,52337,179,3,item_template.sql,Wrath
35585,52336,179,3,item_template.sql,Wrath
35588,52338,179,3,item_template.sql,Wrath
35591,49369,179,3,item_template.sql,Wrath
35593,52341,179,3,item_template.sql,Wrath
35596,52210,159,3,item_template.sql,Wrath
35599,52212,159,3,item_template.sql,Wrath
35600,52211,159,3,item_template.sql,Wrath
35603,50507,159,3,item_template.sql,Wrath
35604,52213,159,3,item_template.sql,Wrath
35607,54506,167,3,item_template.sql,Wrath
35608,54507,167,3,item_template.sql,Wrath
35611,54508,167,3,item_template.sql,Wrath
35613,54509,167,3,item_template.sql,Wrath
35614,54510,167,3,item_template.sql,Wrath
35618,50599,171,3,item_template.sql,Wrath
35619,52335,171,3,item_template.sql,Wrath
35632,52216,171,3,item_template.sql,Wrath
35633,50604,171,3,item_template.sql,Wrath
35635,52217,171,3,item_template.sql,Wrath
35637,50609,171,3,item_template.sql,Wrath
35639,50615,171,3,item_template.sql,Wrath
35640,52214,171,3,item_template.sql,Wrath
35644,54996,175,3,item_template.sql,Wrath
35646,52344,175,3,item_template.sql,Wrath
35647,54998,175,3,item_template.sql,Wrath
35649,53207,175,3,item_template.sql,Wrath
35652,54986,175,3,item_template.sql,Wrath
35653,55004,175,3,item_template.sql,Wrath
35654,55005,175,3,item_template.sql,Wrath
35657,52222,163,3,item_template.sql,Wrath
35659,52223,163,3,item_template.sql,Wrath
35662,52224,163,3,item_template.sql,Wrath
35664,51717,163,3,item_template.sql,Wrath
35666,51719,163,3,item_template.sql,Wrath
35672,52494,183,3,item_template.sql,Wrath
35673,52351,183,3,item_template.sql,Wrath
35675,52353,183,3,item_template.sql,Wrath
35676,51528,183,3,item_template.sql,Wrath
35678,51532,183,3,item_template.sql,Wrath
35680,48510,183,3,item_template.sql,Wrath
35683,51458,183,3,item_template.sql,Wrath
35693,48970,125,4,item_template.sql,TBC
35810,49233,138,2,item_template.sql,TBC
35811,49202,138,2,item_template.sql,TBC
35812,49203,138,2,item_template.sql,TBC
35815,56441,138,2,item_template.sql,TBC
35821,51077,138,2,item_template.sql,TBC
35824,49221,138,2,item_template.sql,TBC
35833,49264,138,2,item_template.sql,TBC
35834,49470,138,2,item_template.sql,TBC
35835,56195,138,2,item_template.sql,TBC
35842,56309,138,2,item_template.sql,TBC
35859,51040,138,2,item_template.sql,TBC
35862,51087,138,2,item_template.sql,TBC
35867,49225,138,2,item_template.sql,TBC
35878,51061,138,2,item_template.sql,TBC
35889,56355,138,2,item_template.sql,TBC
35891,49510,138,2,item_template.sql,TBC
35893,52377,138,2,item_template.sql,TBC
35895,49512,138,2,item_template.sql,TBC
35897,49230,138,2,item_template.sql,TBC
35903,51093,138,2,item_template.sql,TBC
35904,6490,138,2,item_template.sql,TBC
35910,51095,138,2,item_template.sql,TBC
35913,51043,138,2,item_template.sql,TBC
35919,51079,138,2,item_template.sql,TBC
35920,53048,138,2,item_template.sql,TBC
35924,51082,138,2,item_template.sql,TBC
35925,49229,138,2,item_template.sql,TBC
35926,49930,138,2,item_template.sql,TBC
35928,56188,138,2,item_template.sql,TBC
35930,49261,138,2,item_template.sql,TBC
35933,49527,138,2,item_template.sql,TBC
35936,49267,138,2,item_template.sql,TBC
35937,16283,138,2,item_template.sql,TBC
35938,49231,138,2,item_template.sql,TBC
35956,52104,130,2,item_template.sql,TBC
35959,52516,130,2,item_template.sql,TBC
35960,52120,130,2,item_template.sql,TBC
35961,49536,130,2,item_template.sql,TBC
35962,52071,130,2,item_template.sql,TBC
35963,52126,134,2,item_template.sql,TBC
35964,52125,134,2,item_template.sql,TBC
35966,51145,134,2,item_template.sql,TBC
35967,51203,134,2,item_template.sql,TBC
35968,52123,134,2,item_template.sql,TBC
35969,49538,134,2,item_template.sql,TBC
35970,52122,134,2,item_template.sql,TBC
36020,52112,162,2,item_template.sql,Wrath
36023,52103,162,2,item_template.sql,Wrath
36024,52106,162,2,item_template.sql,Wrath
36025,52109,162,2,item_template.sql,Wrath
36026,51777,162,2,item_template.sql,Wrath
36029,52032,166,2,item_template.sql,Wrath
36030,51780,166,2,item_template.sql,Wrath
36032,52114,166,2,item_template.sql,Wrath
36064,51781,182,2,item_template.sql,Wrath
36067,49257,130,2,item_template.sql,TBC
36071,49797,130,2,item_template.sql,TBC
36074,49256,130,2,item_template.sql,TBC
36091,49815,142,2,item_template.sql,TBC
36098,49860,142,2,item_template.sql,TBC
36111,49843,150,2,item_template.sql,Wrath
36132,49901,162,2,item_template.sql,Wrath
36136,49927,162,2,item_template.sql,Wrath
36153,49918,170,2,item_template.sql,Wrath
36154,49981,170,2,item_template.sql,Wrath
36174,49986,182,2,item_template.sql,Wrath
36175,52519,182,2,item_template.sql,Wrath
36180,52135,130,2,item_template.sql,TBC
36181,52128,130,2,item_template.sql,TBC
36182,52129,130,2,item_template.sql,TBC
36183,52496,130,2,item_template.sql,TBC
36184,52155,130,2,item_template.sql,TBC
36185,51237,130,2,item_template.sql,TBC
36186,51075,130,2,item_template.sql,TBC
36189,52147,134,2,item_template.sql,TBC
36191,52497,134,2,item_template.sql,TBC
36192,52153,134,2,item_template.sql,TBC
36291,51653,130,2,item_template.sql,TBC
36292,51657,130,2,item_template.sql,TBC
36294,51656,130,2,item_template.sql,TBC
36295,61307,130,2,item_template.sql,TBC
36297,51951,130,2,item_template.sql,TBC
36299,51662,134,2,item_template.sql,TBC
36300,51131,134,2,item_template.sql,TBC
36301,51660,134,2,item_template.sql,TBC
36302,51661,134,2,item_template.sql,TBC
36303,51207,134,2,item_template.sql,TBC
36304,51663,134,2,item_template.sql,TBC
36305,51949,134,2,item_template.sql,TBC
36306,51659,134,2,item_template.sql,TBC
36307,51676,138,2,item_template.sql,TBC
36312,51671,138,2,item_template.sql,TBC
36313,51950,138,2,item_template.sql,TBC
36314,51672,138,2,item_template.sql,TBC
36323,51675,146,2,item_template.sql,Wrath
36355,51953,162,2,item_template.sql,Wrath
36362,51897,162,2,item_template.sql,Wrath
36368,52044,166,2,item_template.sql,Wrath
36370,52039,166,2,item_template.sql,Wrath
36371,52051,170,2,item_template.sql,Wrath
36381,52053,174,2,item_template.sql,Wrath
36394,52064,178,2,item_template.sql,Wrath
36395,51771,182,2,item_template.sql,Wrath
36396,51775,182,2,item_template.sql,Wrath
36397,51769,182,2,item_template.sql,Wrath
36398,51772,182,2,item_template.sql,Wrath
36399,51773,182,2,item_template.sql,Wrath
36400,51774,182,2,item_template.sql,Wrath
36401,51770,182,2,item_template.sql,Wrath
36402,51776,182,2,item_template.sql,Wrath
36403,50050,130,2,item_template.sql,TBC
36404,50051,134,2,item_template.sql,TBC
36405,50052,138,2,item_template.sql,TBC
36406,50053,142,2,item_template.sql,TBC
36408,50055,150,2,item_template.sql,Wrath
36410,50057,158,2,item_template.sql,Wrath
36415,50061,178,2,item_template.sql,Wrath
36416,50062,182,2,item_template.sql,Wrath
36457,52181,178,2,item_template.sql,Wrath
36490,49201,142,2,item_template.sql,TBC
36493,50202,154,2,item_template.sql,Wrath
36502,50247,134,2,item_template.sql,TBC
36504,50316,142,2,item_template.sql,TBC
36511,50315,170,2,item_template.sql,Wrath
36513,50322,178,2,item_template.sql,Wrath
36514,50321,182,2,item_template.sql,Wrath
36515,50260,130,2,item_template.sql,TBC
36518,50267,142,2,item_template.sql,TBC
36527,50263,178,2,item_template.sql,Wrath
36529,49223,130,2,item_template.sql,TBC
36533,50326,146,2,item_template.sql,Wrath
36534,50332,150,2,item_template.sql,Wrath
36540,50330,174,2,item_template.sql,Wrath
36552,50347,166,2,item_template.sql,Wrath
36577,50074,154,2,item_template.sql,Wrath
36584,50066,182,2,item_template.sql,Wrath
36595,50339,170,2,item_template.sql,Wrath
36600,50358,134,2,item_template.sql,TBC
36603,50349,146,2,item_template.sql,Wrath
36609,50348,170,2,item_template.sql,Wrath
36613,50149,130,2,item_template.sql,TBC
36636,50168,166,2,item_template.sql,Wrath
36662,50368,158,2,item_template.sql,Wrath
36682,50131,182,2,item_template.sql,Wrath
36701,50346,146,2,item_template.sql,Wrath
36872,52817,138,3,item_template.sql,TBC
36874,24187,138,3,item_template.sql,TBC
36879,50204,138,2,item_template.sql,TBC
36888,51201,138,2,item_template.sql,TBC
36938,51204,138,2,item_template.sql,TBC
36939,51555,138,2,item_template.sql,TBC
36945,50973,187,3,item_template.sql,Wrath
36946,52229,187,3,item_template.sql,Wrath
36947,50974,187,3,item_template.sql,Wrath
36948,50908,187,3,item_template.sql,Wrath
36949,52225,187,3,item_template.sql,Wrath
36951,50979,187,3,item_template.sql,Wrath
36952,50982,187,3,item_template.sql,Wrath
36954,52230,187,3,item_template.sql,Wrath
36969,52500,187,3,item_template.sql,Wrath
36972,1103,187,3,item_template.sql,Wrath
36974,52233,187,3,item_template.sql,Wrath
36976,52227,187,3,item_template.sql,Wrath
36977,52998,187,3,item_template.sql,Wrath
36978,50995,187,3,item_template.sql,Wrath
36989,51931,187,3,item_template.sql,Wrath
36992,52350,187,3,item_template.sql,Wrath
36993,17776,187,3,item_template.sql,Wrath
36995,51932,187,3,item_template.sql,Wrath
36998,56207,138,2,item_template.sql,TBC
36999,52342,187,3,item_template.sql,Wrath
37000,51933,187,3,item_template.sql,Wrath
37002,51109,138,2,item_template.sql,TBC
37005,51154,138,2,item_template.sql,TBC
37009,51269,138,2,item_template.sql,TBC
37046,50319,138,2,item_template.sql,TBC
37056,52568,187,3,item_template.sql,Wrath
37060,50509,187,3,item_template.sql,Wrath
37065,50514,187,3,item_template.sql,Wrath
37066,52997,187,3,item_template.sql,Wrath
37069,52232,187,3,item_template.sql,Wrath
37070,55282,187,3,item_template.sql,Wrath
37081,51597,187,3,item_template.sql,Wrath
37082,53001,187,3,item_template.sql,Wrath
37083,51598,187,3,item_template.sql,Wrath
37088,51601,187,3,item_template.sql,Wrath
37095,52343,187,3,item_template.sql,Wrath
37099,51602,187,3,item_template.sql,Wrath
37108,51606,187,3,item_template.sql,Wrath
37111,19785,187,3,item_template.sql,Wrath
37112,55984,187,3,item_template.sql,Wrath
37113,52398,187,3,item_template.sql,Wrath
37114,51608,187,3,item_template.sql,Wrath
37144,52327,200,3,item_template.sql,Wrath
37150,50909,200,3,item_template.sql,Wrath
37169,50987,200,4,item_template.sql,Wrath
37178,51686,200,3,item_template.sql,Wrath
37197,51374,200,3,item_template.sql,Wrath
37205,51199,138,2,item_template.sql,TBC
37206,51214,138,2,item_template.sql,TBC
37212,51224,138,2,item_template.sql,TBC
37214,51234,138,2,item_template.sql,TBC
37218,52310,200,3,item_template.sql,Wrath
37221,52309,200,3,item_template.sql,Wrath
37226,51233,138,2,item_template.sql,TBC
37231,9086,138,2,item_template.sql,TBC
37240,53807,200,4,item_template.sql,Wrath
37245,52312,200,3,item_template.sql,Wrath
37254,7245,200,4,item_template.sql,Wrath
37255,50996,200,3,item_template.sql,Wrath
37256,52325,200,3,item_template.sql,Wrath
37258,52317,200,3,item_template.sql,Wrath
37262,52313,200,3,item_template.sql,Wrath
37271,51161,138,2,item_template.sql,TBC
37272,51208,138,2,item_template.sql,TBC
37276,51183,138,2,item_template.sql,TBC
37277,51534,138,2,item_template.sql,TBC
37283,51218,138,2,item_template.sql,TBC
37284,51138,138,2,item_template.sql,TBC
37319,49913,138,2,item_template.sql,TBC
37322,51173,138,2,item_template.sql,TBC
37325,51217,138,2,item_template.sql,TBC
37354,49906,138,2,item_template.sql,TBC
37355,51265,138,2,item_template.sql,TBC
37368,51701,200,3,item_template.sql,Wrath
37380,51210,138,2,item_template.sql,TBC
37382,56376,138,2,item_template.sql,TBC
37390,51706,200,3,item_template.sql,Wrath
37391,51294,138,2,item_template.sql,TBC
37393,49911,138,2,item_template.sql,TBC
37395,51707,200,3,item_template.sql,Wrath
37401,51695,200,4,item_template.sql,Wrath
37406,49851,138,2,item_template.sql,TBC
37461,49801,145,3,item_template.sql,TBC
37462,49800,145,2,item_template.sql,TBC
37466,56326,138,2,item_template.sql,TBC
37469,51144,138,2,item_template.sql,TBC
37472,56321,138,2,item_template.sql,TBC
37473,51527,138,2,item_template.sql,TBC
37478,52372,138,2,item_template.sql,TBC
37482,51206,138,2,item_template.sql,TBC
37487,51254,138,2,item_template.sql,TBC
37507,56386,138,2,item_template.sql,TBC
37510,51259,138,2,item_template.sql,TBC
37512,51151,138,2,item_template.sql,TBC
37514,51133,138,2,item_template.sql,TBC
37515,51197,138,2,item_template.sql,TBC
37518,56189,138,2,item_template.sql,TBC
37519,51904,138,2,item_template.sql,TBC
37521,50911,138,2,item_template.sql,TBC
37525,51277,138,2,item_template.sql,TBC
37526,51230,138,2,item_template.sql,TBC
37527,51243,138,2,item_template.sql,TBC
37537,50142,138,2,item_template.sql,TBC
37555,45851,138,2,item_template.sql,TBC
37558,52820,138,2,item_template.sql,TBC
37560,51112,138,2,item_template.sql,TBC
37562,22639,138,2,item_template.sql,TBC
37564,51256,138,2,item_template.sql,TBC
37591,54513,200,3,item_template.sql,Wrath
37613,52311,200,3,item_template.sql,Wrath
37614,54516,200,3,item_template.sql,Wrath
37625,54517,200,3,item_template.sql,Wrath
37634,53120,200,3,item_template.sql,Wrath
37637,53121,200,3,item_template.sql,Wrath
37646,53133,200,3,item_template.sql,Wrath
37650,51459,200,3,item_template.sql,Wrath
37653,51512,200,3,item_template.sql,Wrath
37655,52355,200,3,item_template.sql,Wrath
37656,52360,200,3,item_template.sql,Wrath
37666,51519,200,3,item_template.sql,Wrath
37670,53809,200,4,item_template.sql,Wrath
37680,52347,200,3,item_template.sql,Wrath
37682,50510,200,3,item_template.sql,Wrath
37687,52400,200,3,item_template.sql,Wrath
37691,52407,200,3,item_template.sql,Wrath
37693,54894,200,4,item_template.sql,Wrath
37717,52567,200,3,item_template.sql,Wrath
37730,52620,200,3,item_template.sql,Wrath
37733,52574,200,3,item_template.sql,Wrath
37734,52576,200,3,item_template.sql,Wrath
37743,50506,130,3,item_template.sql,TBC
37744,52467,130,3,item_template.sql,TBC
37746,52544,130,3,item_template.sql,TBC
37751,50376,134,3,item_template.sql,TBC
37752,52464,134,3,item_template.sql,TBC
37753,52458,138,3,item_template.sql,Wrath
37754,52545,142,3,item_template.sql,Wrath
37755,52472,146,3,item_template.sql,Wrath
37756,15063,150,3,item_template.sql,Wrath
37757,52448,154,3,item_template.sql,Wrath
37762,52520,134,3,item_template.sql,TBC
37763,52475,138,3,item_template.sql,Wrath
37764,51715,142,3,item_template.sql,Wrath
37765,52488,150,3,item_template.sql,Wrath
37766,52513,154,3,item_template.sql,Wrath
37769,52482,166,3,item_template.sql,Wrath
37774,52481,142,3,item_template.sql,Wrath
37775,53371,146,3,item_template.sql,Wrath
37777,52485,154,3,item_template.sql,Wrath
37779,52484,166,3,item_template.sql,Wrath
37780,52502,170,3,item_template.sql,Wrath
37781,52487,174,3,item_template.sql,Wrath
37782,52477,134,3,item_template.sql,TBC
37783,51927,138,3,item_template.sql,Wrath
37785,52509,146,3,item_template.sql,Wrath
37787,52302,154,3,item_template.sql,Wrath
37790,51704,162,3,item_template.sql,Wrath
37792,52450,166,3,item_template.sql,Wrath
37794,52454,174,3,item_template.sql,Wrath
37795,52451,142,3,item_template.sql,Wrath
37796,52453,142,3,item_template.sql,Wrath
37799,52605,200,3,item_template.sql,Wrath
37800,52610,200,3,item_template.sql,Wrath
37801,52611,200,3,item_template.sql,Wrath
37803,51691,138,3,item_template.sql,Wrath
37806,52446,162,3,item_template.sql,Wrath
37807,52457,150,3,item_template.sql,Wrath
37812,52460,158,3,item_template.sql,Wrath
37822,52459,170,3,item_template.sql,Wrath
37823,36902,166,3,item_template.sql,Wrath
37844,52614,200,3,item_template.sql,Wrath
37852,55709,200,4,item_template.sql,Wrath
37872,55012,200,3,item_template.sql,Wrath
37883,54903,200,4,item_template.sql,Wrath
37884,53893,200,4,item_template.sql,Wrath
37886,55006,200,4,item_template.sql,Wrath
37934,45948,1,1,item_template.sql,Classic
37938,51370,146,2,item_template.sql,TBC
37940,51301,146,2,item_template.sql,TBC
37942,53251,146,2,item_template.sql,TBC
37944,51368,146,2,item_template.sql,TBC
37945,51334,146,2,item_template.sql,TBC
37949,51004,146,2,item_template.sql,TBC
37954,52623,146,2,item_template.sql,TBC
37963,52625,146,2,item_template.sql,TBC
37967,51276,146,2,item_template.sql,TBC
37969,51372,146,2,item_template.sql,TBC
37970,52493,146,2,item_template.sql,TBC
37971,51312,146,2,item_template.sql,TBC
37988,51375,146,2,item_template.sql,TBC
37989,51332,146,2,item_template.sql,TBC
37990,51318,146,2,item_template.sql,TBC
37991,49809,146,2,item_template.sql,TBC
37996,51392,146,2,item_template.sql,TBC
38002,51373,146,2,item_template.sql,TBC
38007,56372,146,2,item_template.sql,TBC
38029,56310,146,2,item_template.sql,TBC
38031,56312,146,2,item_template.sql,TBC
38033,51309,146,2,item_template.sql,TBC
38036,51275,146,2,item_template.sql,TBC
38037,51303,146,2,item_template.sql,TBC
38039,51300,146,2,item_template.sql,TBC
38041,51321,146,2,item_template.sql,TBC
38042,51280,146,2,item_template.sql,TBC
38044,54933,146,2,item_template.sql,TBC
38046,51394,146,2,item_template.sql,TBC
38056,51311,146,2,item_template.sql,TBC
38072,53466,146,2,item_template.sql,TBC
38087,51391,146,2,item_template.sql,TBC
38093,56469,146,2,item_template.sql,TBC
38104,51288,146,2,item_template.sql,TBC
38105,51302,146,2,item_template.sql,TBC
38108,56138,146,2,item_template.sql,TBC
38109,51337,146,2,item_template.sql,TBC
38114,56445,146,2,item_template.sql,TBC
38118,51397,146,2,item_template.sql,TBC
38128,50146,146,2,item_template.sql,TBC
38129,50141,146,2,item_template.sql,TBC
38142,51366,146,2,item_template.sql,TBC
38148,51381,146,2,item_template.sql,TBC
38157,50152,146,2,item_template.sql,TBC
38170,50201,146,2,item_template.sql,TBC
38171,50325,146,2,item_template.sql,TBC
38172,50166,146,2,item_template.sql,TBC
38174,50206,146,2,item_template.sql,TBC
38181,50329,146,2,item_template.sql,TBC
38208,50157,138,2,item_template.sql,TBC
38212,52818,138,2,item_template.sql,TBC
38237,53056,138,3,item_template.sql,TBC
38241,50850,138,3,item_template.sql,TBC
38257,50547,138,3,item_template.sql,TBC
38258,3673,138,3,item_template.sql,TBC
38259,7371,138,3,item_template.sql,TBC
38284,51279,146,2,item_template.sql,TBC
38295,51424,146,2,item_template.sql,TBC
38353,57171,150,3,item_template.sql,Wrath
38355,57172,150,3,item_template.sql,Wrath
38361,50537,150,3,item_template.sql,Wrath
38364,5562,150,3,item_template.sql,Wrath
38366,54349,150,3,item_template.sql,Wrath
38387,50680,154,3,item_template.sql,Wrath
38401,49794,146,2,item_template.sql,Wrath
38403,49253,146,2,item_template.sql,Wrath
38407,53051,138,2,item_template.sql,TBC
38408,53052,138,2,item_template.sql,TBC
38409,64114,142,2,item_template.sql,TBC
38411,49920,146,2,item_template.sql,Wrath
38417,56692,146,2,item_template.sql,Wrath
38422,56691,138,2,item_template.sql,TBC
38436,57750,150,2,item_template.sql,Wrath
38437,52906,150,2,item_template.sql,Wrath
38439,51293,150,2,item_template.sql,Wrath
38440,57541,150,2,item_template.sql,Wrath
38441,56696,159,3,item_template.sql,Wrath
38444,17171,187,3,item_template.sql,Wrath
38453,49480,166,3,item_template.sql,Wrath
38513,46626,13,2,item_template.sql,Classic
38524,56373,146,2,item_template.sql,TBC
38530,51413,146,3,item_template.sql,TBC
38531,51411,146,3,item_template.sql,TBC
38532,56337,146,3,item_template.sql,TBC
38535,51414,146,3,item_template.sql,TBC
38537,56397,146,3,item_template.sql,TBC
38540,50772,146,3,item_template.sql,TBC
38541,50770,146,3,item_template.sql,TBC
38542,51412,146,3,item_template.sql,TBC
38592,52938,175,3,item_template.sql,Wrath
38614,51531,183,3,item_template.sql,Wrath
38616,51514,200,3,item_template.sql,Wrath
38617,51515,200,3,item_template.sql,Wrath
38618,51163,200,3,item_template.sql,Wrath
38672,39122,70,3,item_template.sql,Classic
38760,57689,154,2,item_template.sql,TBC
38763,48007,174,2,item_template.sql,Wrath
38764,45112,174,2,item_template.sql,Wrath
39018,56357,154,2,item_template.sql,TBC
39023,51307,154,2,item_template.sql,TBC
39034,56332,154,2,item_template.sql,TBC
39079,51899,154,2,item_template.sql,TBC
39082,51149,154,2,item_template.sql,TBC
39087,54812,142,2,item_template.sql,TBC
39091,51892,154,2,item_template.sql,TBC
39093,51306,154,2,item_template.sql,TBC
39099,56106,154,2,item_template.sql,TBC
39139,55381,200,4,item_template.sql,Wrath
39140,35245,200,4,item_template.sql,Wrath
39170,51569,154,3,item_template.sql,TBC
39171,51575,154,3,item_template.sql,TBC
39172,49876,154,3,item_template.sql,TBC
39174,51572,154,3,item_template.sql,TBC
39175,51571,154,3,item_template.sql,TBC
39176,51574,154,3,item_template.sql,TBC
39179,56375,154,3,item_template.sql,TBC
39183,51585,154,3,item_template.sql,TBC
39188,53829,200,4,item_template.sql,Wrath
39195,55378,200,4,item_template.sql,Wrath
39198,53842,200,4,item_template.sql,Wrath
39208,51913,70,3,item_template.sql,Classic
39256,55718,200,4,item_template.sql,Wrath
39279,54215,200,4,item_template.sql,Wrath
39284,55327,200,4,item_template.sql,Wrath
39295,53925,200,4,item_template.sql,Wrath
39330,51838,162,2,item_template.sql,TBC
39331,51849,162,2,item_template.sql,TBC
39332,51851,162,2,item_template.sql,TBC
39363,51842,162,2,item_template.sql,TBC
39368,51848,162,2,item_template.sql,TBC
39369,54224,200,4,item_template.sql,Wrath
39378,51868,162,2,item_template.sql,TBC
39379,54219,200,4,item_template.sql,Wrath
39385,51860,162,2,item_template.sql,TBC
39386,53935,200,4,item_template.sql,Wrath
39393,53938,200,4,item_template.sql,Wrath
39395,53653,200,4,item_template.sql,Wrath
39402,51858,162,2,item_template.sql,TBC
39408,54029,200,4,item_template.sql,Wrath
39409,54028,200,4,item_template.sql,Wrath
39440,51878,162,2,item_template.sql,TBC
39441,51879,162,2,item_template.sql,TBC
39452,51905,162,2,item_template.sql,TBC
39457,51893,162,2,item_template.sql,TBC
39460,51896,162,2,item_template.sql,TBC
39462,51902,162,2,item_template.sql,TBC
39467,55380,200,4,item_template.sql,Wrath
39471,51903,174,2,item_template.sql,Wrath
39478,56190,162,3,item_template.sql,TBC
39480,52268,162,2,item_template.sql,TBC
39491,57531,200,4,item_template.sql,Wrath
39507,51797,20,2,item_template.sql,Classic
39509,51796,20,2,item_template.sql,Classic
39535,53000,187,3,item_template.sql,Wrath
39538,56071,200,4,item_template.sql,Wrath
39543,54407,200,4,item_template.sql,Wrath
39547,54230,200,4,item_template.sql,Wrath
39557,54406,200,4,item_template.sql,Wrath
39613,56213,200,4,item_template.sql,Wrath
39618,55486,200,4,item_template.sql,Wrath
39630,54277,200,4,item_template.sql,Wrath
39634,54420,200,4,item_template.sql,Wrath
39642,54301,200,4,item_template.sql,Wrath
39673,52004,162,2,item_template.sql,TBC
39675,52005,162,2,item_template.sql,TBC
39719,55324,213,4,item_template.sql,Wrath
39726,54620,213,4,item_template.sql,Wrath
39764,55384,213,4,item_template.sql,Wrath
39767,54719,213,4,item_template.sql,Wrath
39768,54623,213,4,item_template.sql,Wrath
39775,52444,158,2,item_template.sql,TBC
39776,52386,154,2,item_template.sql,TBC
39777,52373,158,2,item_template.sql,TBC
39778,56351,158,2,item_template.sql,TBC
39780,51073,158,2,item_template.sql,TBC
39786,52374,158,2,item_template.sql,TBC
39788,52416,158,2,item_template.sql,TBC
39792,52439,158,2,item_template.sql,TBC
39793,52417,158,2,item_template.sql,TBC
39798,52438,158,2,item_template.sql,TBC
39799,52425,158,2,item_template.sql,TBC
39805,56381,158,2,item_template.sql,TBC
39806,52379,158,2,item_template.sql,TBC
39809,52441,158,2,item_template.sql,TBC
39830,52404,158,2,item_template.sql,TBC
39831,52405,158,2,item_template.sql,TBC
39847,56192,158,2,item_template.sql,TBC
39848,52419,158,2,item_template.sql,TBC
39849,52376,158,2,item_template.sql,TBC
39851,51891,158,2,item_template.sql,TBC
39856,56352,158,2,item_template.sql,TBC
39857,52424,158,2,item_template.sql,TBC
39860,52428,158,2,item_template.sql,TBC
39863,52431,158,2,item_template.sql,TBC
39872,52410,158,2,item_template.sql,TBC
39877,51906,158,2,item_template.sql,TBC
39888,51298,174,2,item_template.sql,Wrath
39894,5116,25,3,item_template.sql,Classic
39897,52161,25,3,item_template.sql,Classic
40184,54770,213,4,item_template.sql,Wrath
40194,53622,226,4,item_template.sql,Wrath
40200,54762,213,4,item_template.sql,Wrath
40201,54783,213,4,item_template.sql,Wrath
40210,54768,213,4,item_template.sql,Wrath
40244,54793,213,4,item_template.sql,Wrath
40249,54804,213,4,item_template.sql,Wrath
40275,54845,213,4,item_template.sql,Wrath
40285,54846,213,4,item_template.sql,Wrath
40293,52304,162,3,item_template.sql,TBC
40302,54835,213,4,item_template.sql,Wrath
40306,55386,213,4,item_template.sql,Wrath
40322,50456,213,4,item_template.sql,Wrath
40343,54560,213,4,item_template.sql,Wrath
40362,54970,213,4,item_template.sql,Wrath
40395,57250,226,4,item_template.sql,Wrath
40427,53194,200,4,item_template.sql,Wrath
40432,53291,213,4,item_template.sql,Wrath
40450,55074,213,4,item_template.sql,Wrath
40462,55224,213,4,item_template.sql,Wrath
40474,53560,213,4,item_template.sql,Wrath
40491,53563,213,4,item_template.sql,Wrath
40499,55078,213,4,item_template.sql,Wrath
40507,55213,213,4,item_template.sql,Wrath
40512,57062,213,4,item_template.sql,Wrath
40548,57022,213,4,item_template.sql,Wrath
40561,53663,226,4,item_template.sql,Wrath
40567,55496,213,4,item_template.sql,Wrath
40569,55173,213,4,item_template.sql,Wrath
40577,55179,213,4,item_template.sql,Wrath
40578,55208,213,4,item_template.sql,Wrath
40583,55178,213,4,item_template.sql,Wrath
40586,52632,200,4,item_template.sql,Wrath
40592,53672,226,4,item_template.sql,Wrath
40601,52664,115,3,item_template.sql,TBC
40672,54827,167,3,item_template.sql,Wrath
40674,54828,163,3,item_template.sql,Wrath
40675,54829,171,3,item_template.sql,Wrath
40682,53630,200,4,item_template.sql,Wrath
40685,54046,200,4,item_template.sql,Wrath
40688,54051,200,4,item_template.sql,Wrath
40691,54059,200,4,item_template.sql,Wrath
40693,54053,200,4,item_template.sql,Wrath
40702,54464,200,4,item_template.sql,Wrath
40711,54481,200,4,item_template.sql,Wrath
40713,54484,200,4,item_template.sql,Wrath
40722,54673,213,4,item_template.sql,Wrath
40723,54674,213,4,item_template.sql,Wrath
40733,54619,213,4,item_template.sql,Wrath
40736,54681,213,4,item_template.sql,Wrath
40755,51628,171,3,item_template.sql,Wrath
40767,36444,167,3,item_template.sql,Wrath
40778,55801,200,3,item_template.sql,Wrath
40779,55500,200,3,item_template.sql,Wrath
40780,55821,200,3,item_template.sql,Wrath
40785,55816,213,4,item_template.sql,Wrath
40786,55811,213,4,item_template.sql,Wrath
40787,58717,232,4,item_template.sql,Wrath
40789,58791,232,4,item_template.sql,Wrath
40792,60895,251,4,item_template.sql,Wrath
40799,55840,200,3,item_template.sql,Wrath
40807,58792,232,4,item_template.sql,Wrath
40810,62198,251,4,item_template.sql,Wrath
40816,55803,200,3,item_template.sql,Wrath
40817,57533,200,3,item_template.sql,Wrath
40818,55528,200,3,item_template.sql,Wrath
40821,55531,200,4,item_template.sql,Wrath
40829,61830,251,4,item_template.sql,Wrath
40836,55804,200,3,item_template.sql,Wrath
40837,55834,200,3,item_template.sql,Wrath
40850,62196,251,4,item_template.sql,Wrath
40851,60200,251,4,item_template.sql,Wrath
40858,55828,200,3,item_template.sql,Wrath
40859,55810,200,4,item_template.sql,Wrath
40861,55827,200,4,item_template.sql,Wrath
40863,55733,213,4,item_template.sql,Wrath
40864,55826,213,4,item_template.sql,Wrath
40877,55645,200,4,item_template.sql,Wrath
40880,55755,213,4,item_template.sql,Wrath
40884,62208,245,4,item_template.sql,Wrath
40942,54816,142,2,item_template.sql,TBC
40943,54825,158,2,item_template.sql,Wrath
40949,54823,146,2,item_template.sql,Wrath
40950,54826,150,2,item_template.sql,Wrath
40951,54824,150,2,item_template.sql,Wrath
40956,54821,154,2,item_template.sql,Wrath
40957,54819,162,2,item_template.sql,Wrath
40958,54820,166,2,item_template.sql,Wrath
40959,54818,170,2,item_template.sql,Wrath
40973,55651,200,4,item_template.sql,Wrath
40974,55727,213,4,item_template.sql,Wrath
40986,56926,200,3,item_template.sql,Wrath
40998,56940,200,3,item_template.sql,Wrath
41038,59053,232,4,item_template.sql,Wrath
41056,61466,245,4,item_template.sql,Wrath
41061,61467,245,4,item_template.sql,Wrath
41085,55847,200,4,item_template.sql,Wrath
41088,60192,251,4,item_template.sql,Wrath
41112,45782,183,3,item_template.sql,Wrath
41114,54076,179,3,item_template.sql,Wrath
41116,54075,175,3,item_template.sql,Wrath
41121,52868,200,3,item_template.sql,Wrath
41126,54811,163,3,item_template.sql,Wrath
41144,61457,251,4,item_template.sql,Wrath
41181,52941,159,3,item_template.sql,Wrath
41182,50271,163,3,item_template.sql,Wrath
41186,53477,179,3,item_template.sql,Wrath
41188,53478,179,3,item_template.sql,Wrath
41189,52931,179,3,item_template.sql,Wrath
41190,51612,166,3,item_template.sql,Wrath
41218,61461,251,4,item_template.sql,Wrath
41229,56972,213,4,item_template.sql,Wrath
41238,56697,167,3,item_template.sql,Wrath
41239,50270,146,2,item_template.sql,Wrath
41243,50076,154,2,item_template.sql,Wrath
41319,55411,200,4,item_template.sql,Wrath
41321,59411,232,4,item_template.sql,Wrath
41331,55647,200,4,item_template.sql,Wrath
41332,55632,200,4,item_template.sql,Wrath
41346,52999,187,3,item_template.sql,Wrath
41347,53003,187,3,item_template.sql,Wrath
41349,53110,187,3,item_template.sql,Wrath
41351,51604,187,3,item_template.sql,Wrath
41352,53005,187,3,item_template.sql,Wrath
41353,50991,187,3,item_template.sql,Wrath
41354,51710,187,3,item_template.sql,Wrath
41355,54830,187,3,item_template.sql,Wrath
41356,53007,187,3,item_template.sql,Wrath
41357,53008,187,3,item_template.sql,Wrath
41387,55311,200,4,item_template.sql,Wrath
41392,53037,200,4,item_template.sql,Wrath
41513,53090,134,2,item_template.sql,TBC
41515,53084,134,2,item_template.sql,TBC
41520,53086,138,2,item_template.sql,TBC
41521,52491,142,2,item_template.sql,Wrath
41523,53088,146,3,item_template.sql,Wrath
41543,53092,154,2,item_template.sql,Wrath
41544,53093,162,2,item_template.sql,Wrath
41546,53381,154,2,item_template.sql,Wrath
41610,55335,200,4,item_template.sql,Wrath
41624,56422,213,4,item_template.sql,Wrath
41644,55431,200,3,item_template.sql,Wrath
41646,55435,200,3,item_template.sql,Wrath
41651,62214,251,4,item_template.sql,Wrath
41653,55873,200,4,item_template.sql,Wrath
41654,55869,213,4,item_template.sql,Wrath
41683,58800,232,4,item_template.sql,Wrath
41756,53242,158,2,item_template.sql,TBC
41760,53244,158,2,item_template.sql,TBC
41761,53245,158,2,item_template.sql,TBC
41762,53246,158,2,item_template.sql,TBC
41763,53243,158,2,item_template.sql,TBC
41767,61799,232,4,item_template.sql,Wrath
41815,60069,175,3,item_template.sql,Wrath
41816,53200,175,3,item_template.sql,Wrath
41828,55749,200,4,item_template.sql,Wrath
41837,62216,245,4,item_template.sql,Wrath
41839,55633,213,4,item_template.sql,Wrath
41844,56366,158,3,item_template.sql,TBC
41846,53235,158,3,item_template.sql,TBC
41849,55539,200,3,item_template.sql,Wrath
41851,55897,200,3,item_template.sql,Wrath
41853,55561,213,4,item_template.sql,Wrath
41873,55878,213,4,item_template.sql,Wrath
41881,59296,226,4,item_template.sql,Wrath
41884,55661,213,4,item_template.sql,Wrath
41886,61483,245,4,item_template.sql,Wrath
41891,53240,158,3,item_template.sql,TBC
41902,55752,213,4,item_template.sql,Wrath
41905,56378,158,3,item_template.sql,TBC
41907,56444,200,4,item_template.sql,Wrath
41932,53241,158,3,item_template.sql,TBC
41943,56437,200,3,item_template.sql,Wrath
41949,56442,200,3,item_template.sql,Wrath
41954,61422,251,4,item_template.sql,Wrath
41956,56439,200,3,item_template.sql,Wrath
41959,58755,232,4,item_template.sql,Wrath
41962,55595,200,3,item_template.sql,Wrath
41963,55575,200,4,item_template.sql,Wrath
41966,60169,251,4,item_template.sql,Wrath
41968,56438,200,3,item_template.sql,Wrath
41971,58753,232,4,item_template.sql,Wrath
41974,54071,142,2,item_template.sql,TBC
41984,53250,187,3,item_template.sql,Wrath
41985,53252,187,3,item_template.sql,Wrath
41986,53253,187,3,item_template.sql,Wrath
41991,56149,200,4,item_template.sql,Wrath
41994,60183,251,4,item_template.sql,Wrath
42004,56164,213,4,item_template.sql,Wrath
42011,58789,232,4,item_template.sql,Wrath
42076,61562,245,4,item_template.sql,Wrath
42078,61648,245,4,item_template.sql,Wrath
42083,53264,252,4,item_template.sql,Wrath
42095,53270,187,3,item_template.sql,Wrath
42096,53271,187,3,item_template.sql,Wrath
42101,55341,200,4,item_template.sql,Wrath
42102,55330,200,4,item_template.sql,Wrath
42206,56240,200,3,item_template.sql,Wrath
42207,56204,200,4,item_template.sql,Wrath
42284,57298,200,4,item_template.sql,Wrath
42294,55927,200,3,item_template.sql,Wrath
42297,57464,200,3,item_template.sql,Wrath
42316,55925,200,4,item_template.sql,Wrath
42324,60808,245,4,item_template.sql,Wrath
42338,53407,167,3,item_template.sql,Wrath
42356,56238,200,3,item_template.sql,Wrath
42362,56409,213,4,item_template.sql,Wrath
42395,53454,200,3,item_template.sql,Wrath
42413,53453,200,3,item_template.sql,Wrath
42443,53476,175,3,item_template.sql,Wrath
42445,55930,200,3,item_template.sql,Wrath
42446,55933,200,3,item_template.sql,Wrath
42494,55932,200,4,item_template.sql,Wrath
42502,56617,213,4,item_template.sql,Wrath
42560,59214,232,4,item_template.sql,Wrath
42646,53566,200,4,item_template.sql,Wrath
42723,54817,187,3,item_template.sql,Wrath
42726,53577,187,3,item_template.sql,Wrath
42729,53578,187,3,item_template.sql,Wrath
42731,56715,187,3,item_template.sql,Wrath
42758,53633,155,3,item_template.sql,TBC
42760,53625,155,3,item_template.sql,TBC
42761,53632,155,3,item_template.sql,TBC
42762,53626,155,3,item_template.sql,TBC
42763,56342,155,3,item_template.sql,TBC
42765,53639,155,3,item_template.sql,TBC
42767,49734,155,3,item_template.sql,TBC
42768,53629,155,3,item_template.sql,TBC
42785,56093,174,2,item_template.sql,Wrath
42787,56034,174,2,item_template.sql,Wrath
42788,56007,174,2,item_template.sql,Wrath
42790,55476,174,2,item_template.sql,Wrath
42791,56103,174,2,item_template.sql,Wrath
42795,56055,174,2,item_template.sql,Wrath
42801,56577,174,2,item_template.sql,Wrath
42804,56132,174,2,item_template.sql,Wrath
42809,56579,174,2,item_template.sql,Wrath
42814,55903,174,2,item_template.sql,Wrath
42815,56092,174,2,item_template.sql,Wrath
42816,56585,174,2,item_template.sql,Wrath
42830,56102,174,2,item_template.sql,Wrath
42832,56596,174,2,item_template.sql,Wrath
42835,56600,174,2,item_template.sql,Wrath
42844,56105,187,3,item_template.sql,Wrath
42845,55905,174,2,item_template.sql,Wrath
42846,56091,174,2,item_template.sql,Wrath
42847,56137,174,2,item_template.sql,Wrath
42866,56009,174,2,item_template.sql,Wrath
42871,56580,174,2,item_template.sql,Wrath
42883,56042,174,2,item_template.sql,Wrath
42896,56576,174,2,item_template.sql,Wrath
42988,56182,200,4,item_template.sql,Wrath
42989,56178,200,4,item_template.sql,Wrath
43081,54458,115,4,item_template.sql,TBC
43130,52333,187,3,item_template.sql,Wrath
43132,56718,187,3,item_template.sql,Wrath
43160,54189,158,3,item_template.sql,TBC
43161,54194,158,3,item_template.sql,TBC
43163,54196,158,3,item_template.sql,TBC
43164,57269,175,3,item_template.sql,Wrath
43168,57264,175,3,item_template.sql,Wrath
43171,57267,175,3,item_template.sql,Wrath
43174,57271,175,3,item_template.sql,Wrath
43177,56875,175,3,item_template.sql,Wrath
43178,56874,175,3,item_template.sql,Wrath
43179,56873,175,3,item_template.sql,Wrath
43185,56148,174,3,item_template.sql,Wrath
43190,56027,174,3,item_template.sql,Wrath
43191,56035,174,3,item_template.sql,Wrath
43193,56072,174,3,item_template.sql,Wrath
43194,56591,174,3,item_template.sql,Wrath
43195,56135,174,3,item_template.sql,Wrath
43197,56097,174,3,item_template.sql,Wrath
43200,56131,174,3,item_template.sql,Wrath
43202,56595,174,3,item_template.sql,Wrath
43203,56033,174,3,item_template.sql,Wrath
43207,56605,187,3,item_template.sql,Wrath
43208,56608,187,3,item_template.sql,Wrath
43209,56609,187,3,item_template.sql,Wrath
43210,56017,174,3,item_template.sql,Wrath
43212,56014,187,3,item_template.sql,Wrath
43250,54488,187,3,item_template.sql,Wrath
43256,54952,187,3,item_template.sql,Wrath
43260,56701,187,3,item_template.sql,Wrath
43262,54925,187,3,item_template.sql,Wrath
43263,54924,187,3,item_template.sql,Wrath
43265,57622,187,3,item_template.sql,Wrath
43273,56719,187,3,item_template.sql,Wrath
43278,54512,167,3,item_template.sql,Wrath
43279,51520,167,3,item_template.sql,Wrath
43283,54522,200,3,item_template.sql,Wrath
43284,54525,200,3,item_template.sql,Wrath
43305,51925,179,3,item_template.sql,Wrath
43306,53042,179,3,item_template.sql,Wrath
43313,54579,200,3,item_template.sql,Wrath
43353,51615,175,3,item_template.sql,Wrath
43358,54999,175,3,item_template.sql,Wrath
43363,55000,175,3,item_template.sql,Wrath
43375,55001,175,3,item_template.sql,Wrath
43402,55015,200,3,item_template.sql,Wrath
43409,55017,200,3,item_template.sql,Wrath
43434,56703,187,3,item_template.sql,Wrath
43436,56704,187,3,item_template.sql,Wrath
43437,56709,187,3,item_template.sql,Wrath
43439,56708,187,3,item_template.sql,Wrath
43445,54937,187,3,item_template.sql,Wrath
43448,56736,187,3,item_template.sql,Wrath
43450,56728,187,3,item_template.sql,Wrath
43454,56729,187,3,item_template.sql,Wrath
43455,50611,187,3,item_template.sql,Wrath
43502,55205,200,4,item_template.sql,Wrath
43565,56737,200,4,item_template.sql,Wrath
43566,56738,200,4,item_template.sql,Wrath
43573,55033,200,4,item_template.sql,Wrath
43584,55048,213,4,item_template.sql,Wrath
43588,55044,213,4,item_template.sql,Wrath
43595,55054,213,4,item_template.sql,Wrath
43762,54260,200,4,item_template.sql,Wrath
43764,45014,200,4,item_template.sql,Wrath
43830,51299,174,2,item_template.sql,Wrath
43833,56343,174,2,item_template.sql,Wrath
43836,56783,174,2,item_template.sql,Wrath
43837,56782,174,2,item_template.sql,Wrath
43838,56786,174,2,item_template.sql,Wrath
43839,56496,174,2,item_template.sql,Wrath
43859,56509,174,2,item_template.sql,Wrath
43860,55301,171,3,item_template.sql,Wrath
43862,56573,174,2,item_template.sql,Wrath
43864,55302,171,3,item_template.sql,Wrath
43865,55306,171,3,item_template.sql,Wrath
43866,56571,174,2,item_template.sql,Wrath
43871,55309,175,3,item_template.sql,Wrath
43873,56562,174,2,item_template.sql,Wrath
43874,56567,174,2,item_template.sql,Wrath
43878,56572,174,2,item_template.sql,Wrath
43879,56565,174,2,item_template.sql,Wrath
43889,56488,174,2,item_template.sql,Wrath
43893,57391,174,2,item_template.sql,Wrath
43906,56400,174,2,item_template.sql,Wrath
43908,56359,174,2,item_template.sql,Wrath
43910,56510,174,2,item_template.sql,Wrath
43920,50145,174,2,item_template.sql,Wrath
43924,56566,174,2,item_template.sql,Wrath
43925,56557,174,2,item_template.sql,Wrath
43932,56483,174,2,item_template.sql,Wrath
43934,56561,174,2,item_template.sql,Wrath
43936,56331,174,2,item_template.sql,Wrath
43939,56371,174,2,item_template.sql,Wrath
43943,56563,174,2,item_template.sql,Wrath
43945,56505,174,2,item_template.sql,Wrath
43946,56500,174,2,item_template.sql,Wrath
43969,55370,187,3,item_template.sql,Wrath
43970,55368,187,3,item_template.sql,Wrath
43972,55363,187,3,item_template.sql,Wrath
43974,55366,187,3,item_template.sql,Wrath
43975,55364,187,3,item_template.sql,Wrath
43988,56114,200,4,item_template.sql,Wrath
43989,56216,200,4,item_template.sql,Wrath
43990,56117,200,4,item_template.sql,Wrath
44014,56514,174,3,item_template.sql,Wrath
44015,56513,174,3,item_template.sql,Wrath
44016,56521,174,3,item_template.sql,Wrath
44018,56522,174,3,item_template.sql,Wrath
44019,56527,174,3,item_template.sql,Wrath
44020,56537,174,3,item_template.sql,Wrath
44021,56539,174,3,item_template.sql,Wrath
44024,56540,174,3,item_template.sql,Wrath
44026,56538,174,3,item_template.sql,Wrath
44027,56070,174,3,item_template.sql,Wrath
44031,56542,174,3,item_template.sql,Wrath
44035,56781,174,3,item_template.sql,Wrath
44036,56516,174,3,item_template.sql,Wrath
44038,56518,174,3,item_template.sql,Wrath
44041,56523,174,3,item_template.sql,Wrath
44043,56526,174,3,item_template.sql,Wrath
44045,56534,174,3,item_template.sql,Wrath
44046,56532,174,3,item_template.sql,Wrath
44052,55574,187,3,item_template.sql,Wrath
44054,55608,166,3,item_template.sql,Wrath
44058,55612,166,3,item_template.sql,Wrath
44059,55604,166,3,item_template.sql,Wrath
44060,55603,166,3,item_template.sql,Wrath
44062,55607,166,3,item_template.sql,Wrath
44104,55691,187,3,item_template.sql,Wrath
44108,55698,187,3,item_template.sql,Wrath
44109,57526,187,3,item_template.sql,Wrath
44110,58223,187,3,item_template.sql,Wrath
44111,55695,187,3,item_template.sql,Wrath
44112,55696,187,3,item_template.sql,Wrath
44116,55757,187,3,item_template.sql,Wrath
44117,55760,174,3,item_template.sql,Wrath
44121,55758,187,3,item_template.sql,Wrath
44122,55763,187,3,item_template.sql,Wrath
44123,55771,187,3,item_template.sql,Wrath
44170,51003,187,3,item_template.sql,Wrath
44171,55825,187,3,item_template.sql,Wrath
44188,55943,187,3,item_template.sql,Wrath
44189,55962,187,3,item_template.sql,Wrath
44190,55964,187,3,item_template.sql,Wrath
44192,55974,200,3,item_template.sql,Wrath
44196,55993,187,3,item_template.sql,Wrath
44197,55990,187,3,item_template.sql,Wrath
44198,55983,200,3,item_template.sql,Wrath
44200,55989,200,3,item_template.sql,Wrath
44201,55986,200,3,item_template.sql,Wrath
44203,55988,200,4,item_template.sql,Wrath
44211,53085,138,2,item_template.sql,TBC
44215,7271,35,3,item_template.sql,Classic
44239,56180,187,3,item_template.sql,Wrath
44241,56203,187,3,item_template.sql,Wrath
44243,56196,187,3,item_template.sql,Wrath
44247,55312,200,3,item_template.sql,Wrath
44248,56218,200,3,item_template.sql,Wrath
44249,56219,200,3,item_template.sql,Wrath
44258,56262,200,3,item_template.sql,Wrath
44297,56399,200,4,item_template.sql,Wrath
44303,56295,200,4,item_template.sql,Wrath
44305,56296,200,4,item_template.sql,Wrath
44306,56297,200,4,item_template.sql,Wrath
44336,56339,175,3,item_template.sql,Wrath
44337,56664,175,3,item_template.sql,Wrath
44343,56056,167,3,item_template.sql,Wrath
44346,56870,146,3,item_template.sql,TBC
44347,56871,146,3,item_template.sql,TBC
44348,56869,146,3,item_template.sql,TBC
44349,56872,146,3,item_template.sql,TBC
44350,56011,163,3,item_template.sql,TBC
44351,51857,163,3,item_template.sql,TBC
44355,56784,167,3,item_template.sql,Wrath
44356,56785,167,3,item_template.sql,Wrath
44357,56787,167,3,item_template.sql,Wrath
44360,51195,159,3,item_template.sql,TBC
44362,56759,159,3,item_template.sql,TBC
44363,51884,159,3,item_template.sql,TBC
44383,56777,183,3,item_template.sql,Wrath
44386,56764,174,3,item_template.sql,Wrath
44387,56766,174,3,item_template.sql,Wrath
44388,56765,174,3,item_template.sql,Wrath
44404,56788,187,3,item_template.sql,Wrath
44407,56789,187,3,item_template.sql,Wrath
44409,56791,187,3,item_template.sql,Wrath
44410,56792,187,3,item_template.sql,Wrath
44424,60804,245,4,item_template.sql,Wrath
44436,56673,167,3,item_template.sql,Wrath
44441,56679,171,3,item_template.sql,Wrath
44442,56677,175,3,item_template.sql,Wrath
44445,56725,175,3,item_template.sql,Wrath
44504,57236,200,4,item_template.sql,Wrath
44590,56876,146,3,item_template.sql,TBC
44638,56903,80,1,item_template.sql,TBC
44649,56883,159,3,item_template.sql,TBC
44662,23713,226,4,item_template.sql,Wrath
44667,56924,159,3,item_template.sql,TBC
44668,56927,159,3,item_template.sql,TBC
44669,56929,159,3,item_template.sql,TBC
44670,56930,159,3,item_template.sql,TBC
44672,56943,167,3,item_template.sql,Wrath
44673,56951,167,3,item_template.sql,Wrath
44674,56953,167,3,item_template.sql,Wrath
44675,56958,167,3,item_template.sql,Wrath
44677,56964,174,3,item_template.sql,Wrath
44686,56988,175,3,item_template.sql,Wrath
44688,39432,175,3,item_template.sql,Wrath
44734,57332,175,3,item_template.sql,Wrath
44735,57334,175,3,item_template.sql,Wrath
44736,52928,175,3,item_template.sql,Wrath
44741,45782,183,3,item_template.sql,Wrath
44742,45782,183,3,item_template.sql,Wrath
44748,50535,174,3,item_template.sql,Wrath
45076,59078,200,4,item_template.sql,Wrath
45111,59713,226,4,item_template.sql,Wrath
45119,61867,226,4,item_template.sql,Wrath
45131,59068,200,3,item_template.sql,Wrath
45136,59136,239,4,item_template.sql,Wrath
45147,58909,232,4,item_template.sql,Wrath
45149,59100,226,4,item_template.sql,Wrath
45158,59320,226,4,item_template.sql,Wrath
45160,59064,200,3,item_template.sql,Wrath
45164,59660,226,4,item_template.sql,Wrath
45167,59207,226,4,item_template.sql,Wrath
45169,61970,226,4,item_template.sql,Wrath
45181,59043,200,3,item_template.sql,Wrath
45186,61862,226,4,item_template.sql,Wrath
45187,59284,226,4,item_template.sql,Wrath
45209,59073,200,3,item_template.sql,Wrath
45213,48508,200,3,item_template.sql,Wrath
45217,59075,200,3,item_template.sql,Wrath
45219,59069,200,3,item_template.sql,Wrath
45236,40051,226,4,item_template.sql,Wrath
45242,58997,239,4,item_template.sql,Wrath
45252,59205,226,4,item_template.sql,Wrath
45258,59735,226,4,item_template.sql,Wrath
45263,59318,226,4,item_template.sql,Wrath
45264,61876,226,4,item_template.sql,Wrath
45275,59728,226,4,item_template.sql,Wrath
45283,59302,219,4,item_template.sql,Wrath
45292,59311,219,4,item_template.sql,Wrath
45295,59217,226,4,item_template.sql,Wrath
45299,59158,219,4,item_template.sql,Wrath
45303,11990,219,4,item_template.sql,Wrath
45308,59524,219,4,item_template.sql,Wrath
45324,59101,219,4,item_template.sql,Wrath
45330,59150,219,4,item_template.sql,Wrath
45333,59764,219,4,item_template.sql,Wrath
45334,59716,226,4,item_template.sql,Wrath
45356,59574,219,4,item_template.sql,Wrath
45363,58257,219,4,item_template.sql,Wrath
45368,59517,219,4,item_template.sql,Wrath
45375,59610,219,4,item_template.sql,Wrath
45378,59757,219,4,item_template.sql,Wrath
45412,59646,219,4,item_template.sql,Wrath
45425,59677,219,4,item_template.sql,Wrath
45426,58309,219,4,item_template.sql,Wrath
45427,58311,219,4,item_template.sql,Wrath
45433,58315,219,4,item_template.sql,Wrath
45434,59204,226,4,item_template.sql,Wrath
45444,59632,239,4,item_template.sql,Wrath
45447,44703,226,4,item_template.sql,Wrath
45460,59159,239,4,item_template.sql,Wrath
45461,58996,239,4,item_template.sql,Wrath
45468,61887,226,4,item_template.sql,Wrath
45472,59706,239,4,item_template.sql,Wrath
45473,59737,239,4,item_template.sql,Wrath
45481,59699,226,4,item_template.sql,Wrath
45483,59727,226,4,item_template.sql,Wrath
45486,59002,239,4,item_template.sql,Wrath
45493,58977,226,4,item_template.sql,Wrath
45496,59035,239,4,item_template.sql,Wrath
45502,59711,226,4,item_template.sql,Wrath
45516,58946,239,4,item_template.sql,Wrath
45518,59269,239,4,item_template.sql,Wrath
45521,58910,232,4,item_template.sql,Wrath
45529,59028,226,4,item_template.sql,Wrath
45535,59317,239,4,item_template.sql,Wrath
45536,59740,239,4,item_template.sql,Wrath
45537,59037,239,4,item_template.sql,Wrath
45542,59219,226,4,item_template.sql,Wrath
45549,59731,226,4,item_template.sql,Wrath
45553,59145,226,4,item_template.sql,Wrath
45560,59667,226,4,item_template.sql,Wrath
45594,59712,239,4,item_template.sql,Wrath
45609,59321,239,4,item_template.sql,Wrath
45616,59135,239,4,item_template.sql,Wrath
45626,58419,24,3,item_template.sql,Classic
45629,58418,44,2,item_template.sql,Classic
45631,18155,54,3,item_template.sql,Classic
45663,59694,239,4,item_template.sql,Wrath
45697,59229,219,4,item_template.sql,Wrath
45698,59754,219,4,item_template.sql,Wrath
45703,59326,219,4,item_template.sql,Wrath
45708,59300,219,4,item_template.sql,Wrath
45810,55663,200,3,item_template.sql,Wrath
45831,58769,226,4,item_template.sql,Wrath
45840,61878,226,4,item_template.sql,Wrath
45868,59364,232,4,item_template.sql,Wrath
45871,59327,226,4,item_template.sql,Wrath
45873,59040,219,4,item_template.sql,Wrath
45888,59170,226,4,item_template.sql,Wrath
45928,59751,226,4,item_template.sql,Wrath
45933,59307,226,4,item_template.sql,Wrath
45934,58928,219,4,item_template.sql,Wrath
45945,59308,226,4,item_template.sql,Wrath
45947,58938,232,4,item_template.sql,Wrath
45960,58966,239,4,item_template.sql,Wrath
45974,59760,219,4,item_template.sql,Wrath
46013,59031,219,4,item_template.sql,Wrath
46021,59316,219,4,item_template.sql,Wrath
46031,58877,219,4,item_template.sql,Wrath
46032,58999,226,4,item_template.sql,Wrath
46035,61656,232,4,item_template.sql,Wrath
46038,59323,226,4,item_template.sql,Wrath
46039,59233,226,4,item_template.sql,Wrath
46057,58776,213,4,item_template.sql,Wrath
46067,58911,232,4,item_template.sql,Wrath
46071,60347,213,4,item_template.sql,Wrath
46082,58819,213,4,item_template.sql,Wrath
46122,59336,226,4,item_template.sql,Wrath
46129,61892,226,4,item_template.sql,Wrath
46130,62580,226,4,item_template.sql,Wrath
46131,58258,219,4,item_template.sql,Wrath
46137,61917,226,4,item_template.sql,Wrath
46149,59419,226,4,item_template.sql,Wrath
46167,59448,226,4,item_template.sql,Wrath
46201,59644,226,4,item_template.sql,Wrath
46221,58269,219,4,item_template.sql,Wrath
46223,58277,219,4,item_template.sql,Wrath
46225,58278,226,4,item_template.sql,Wrath
46227,58268,226,4,item_template.sql,Wrath
46299,58294,226,4,item_template.sql,Wrath
46320,59001,226,4,item_template.sql,Wrath
46321,59034,226,4,item_template.sql,Wrath
46999,61342,245,4,item_template.sql,Wrath
47055,61650,245,4,item_template.sql,Wrath
47072,61368,245,4,item_template.sql,Wrath
47080,61410,245,4,item_template.sql,Wrath
47121,62026,245,4,item_template.sql,Wrath
47150,62290,245,4,item_template.sql,Wrath
47173,60523,200,4,item_template.sql,Wrath
47195,61341,245,4,item_template.sql,Wrath
47212,60539,200,4,item_template.sql,Wrath
47217,60536,200,4,item_template.sql,Wrath
47229,60641,200,4,item_template.sql,Wrath
47230,60549,200,4,item_template.sql,Wrath
47231,60640,200,4,item_template.sql,Wrath
47251,61219,245,4,item_template.sql,Wrath
47253,62143,245,4,item_template.sql,Wrath
47284,61173,245,4,item_template.sql,Wrath
47299,61181,245,4,item_template.sql,Wrath
47312,62140,245,4,item_template.sql,Wrath
47493,60562,219,4,item_template.sql,Wrath
47495,60555,219,4,item_template.sql,Wrath
47502,60502,219,4,item_template.sql,Wrath
47589,62047,245,4,item_template.sql,Wrath
47592,62052,245,4,item_template.sql,Wrath
47610,62051,232,4,item_template.sql,Wrath
47614,62006,232,4,item_template.sql,Wrath
47617,61682,232,4,item_template.sql,Wrath
47677,62027,245,4,item_template.sql,Wrath
47711,61297,232,4,item_template.sql,Wrath
47717,62035,232,4,item_template.sql,Wrath
47721,61561,232,4,item_template.sql,Wrath
47725,61409,232,4,item_template.sql,Wrath
47737,60608,232,4,item_template.sql,Wrath
47739,61930,232,4,item_template.sql,Wrath
47799,62083,232,4,item_template.sql,Wrath
47830,62021,232,4,item_template.sql,Wrath
47853,62079,232,4,item_template.sql,Wrath
47877,62129,232,4,item_template.sql,Wrath
47884,60682,232,4,item_template.sql,Wrath
47908,62119,232,4,item_template.sql,Wrath
47909,61806,232,4,item_template.sql,Wrath
47937,61354,245,4,item_template.sql,Wrath
47981,61172,232,4,item_template.sql,Wrath
48281,59179,232,4,item_template.sql,Wrath
48298,62102,232,4,item_template.sql,Wrath
48373,62019,232,4,item_template.sql,Wrath
48533,61854,232,4,item_template.sql,Wrath
48535,62011,232,4,item_template.sql,Wrath
48636,62013,232,4,item_template.sql,Wrath
48671,61260,258,4,item_template.sql,Wrath
48703,61676,245,4,item_template.sql,Wrath
48813,62175,232,4,item_template.sql,Wrath
48820,61942,232,4,item_template.sql,Wrath
48865,59705,232,4,item_template.sql,Wrath
48875,62049,232,4,item_template.sql,Wrath
48877,59709,232,4,item_template.sql,Wrath
48887,62033,232,4,item_template.sql,Wrath
48928,62034,232,4,item_template.sql,Wrath
49183,61482,245,4,item_template.sql,Wrath
49236,61114,232,4,item_template.sql,Wrath
49304,62971,232,4,item_template.sql,Wrath
49320,62987,232,4,item_template.sql,Wrath
49783,64744,219,4,item_template.sql,Wrath
49793,64741,219,4,item_template.sql,Wrath
49798,64665,219,4,item_template.sql,Wrath
49802,64740,219,4,item_template.sql,Wrath
49804,64650,219,4,item_template.sql,Wrath
49813,52413,219,4,item_template.sql,Wrath
49839,64750,219,4,item_template.sql,Wrath
49848,64558,219,4,item_template.sql,Wrath
49849,64599,219,4,item_template.sql,Wrath
49851,64950,219,4,item_template.sql,Wrath
49854,64606,219,4,item_template.sql,Wrath
49891,64241,264,4,item_template.sql,Wrath
49902,64852,264,4,item_template.sql,Wrath
49949,64169,264,4,item_template.sql,Wrath
49980,64998,264,4,item_template.sql,Wrath
49992,64342,264,4,item_template.sql,Wrath
49995,64668,264,4,item_template.sql,Wrath
49998,64304,264,4,item_template.sql,Wrath
50000,64824,264,4,item_template.sql,Wrath
50001,64426,264,4,item_template.sql,Wrath
50002,64795,264,4,item_template.sql,Wrath
50006,64160,264,4,item_template.sql,Wrath
50010,64660,264,4,item_template.sql,Wrath
50011,65002,264,4,item_template.sql,Wrath
50036,64784,264,4,item_template.sql,Wrath
50037,64571,264,4,item_template.sql,Wrath
50067,64422,264,4,item_template.sql,Wrath
50071,64822,264,4,item_template.sql,Wrath
50080,64527,251,4,item_template.sql,Wrath
50087,63692,251,4,item_template.sql,Wrath
50089,63690,251,4,item_template.sql,Wrath
50090,63691,251,4,item_template.sql,Wrath
50096,64594,251,4,item_template.sql,Wrath
50105,63689,251,4,item_template.sql,Wrath
50115,65130,251,4,item_template.sql,Wrath
50118,64814,251,4,item_template.sql,Wrath
50174,64173,264,4,item_template.sql,Wrath
50181,64337,264,4,item_template.sql,Wrath
50186,64227,264,4,item_template.sql,Wrath
50195,64211,264,4,item_template.sql,Wrath
50196,64207,232,4,item_template.sql,Wrath
50199,64667,264,4,item_template.sql,Wrath
50230,64833,232,4,item_template.sql,Wrath
50242,64287,251,4,item_template.sql,Wrath
50259,64256,232,4,item_template.sql,Wrath
50262,64765,232,4,item_template.sql,Wrath
50272,64836,232,4,item_template.sql,Wrath
50296,64758,232,4,item_template.sql,Wrath
50298,65155,232,4,item_template.sql,Wrath
50308,64560,232,4,item_template.sql,Wrath
50310,64197,232,4,item_template.sql,Wrath
50325,64633,251,4,item_template.sql,Wrath
50328,64637,251,4,item_template.sql,Wrath
50339,64261,251,4,item_template.sql,Wrath
50351,64711,264,4,item_template.sql,Wrath
50354,64237,264,4,item_template.sql,Wrath
50355,48008,264,4,item_template.sql,Wrath
50356,64264,264,4,item_template.sql,Wrath
50362,64244,264,4,item_template.sql,Wrath
50376,63958,251,4,item_template.sql,Wrath
50377,63960,251,4,item_template.sql,Wrath
50459,64573,264,4,item_template.sql,Wrath
50460,64625,264,4,item_template.sql,Wrath
50461,64626,264,4,item_template.sql,Wrath
50462,64615,264,4,item_template.sql,Wrath
50612,64588,277,4,item_template.sql,Wrath
50613,64349,277,4,item_template.sql,Wrath
50620,64798,277,4,item_template.sql,Wrath
50661,64224,277,4,item_template.sql,Wrath
50696,64502,277,4,item_template.sql,Wrath
50723,65173,277,4,item_template.sql,Wrath
50741,64043,200,3,item_template.sql,Wrath
50760,64516,251,4,item_template.sql,Wrath
50762,64809,251,4,item_template.sql,Wrath
50776,64354,251,4,item_template.sql,Wrath
50784,65226,251,4,item_template.sql,Wrath
50790,64171,251,4,item_template.sql,Wrath
50803,64174,251,4,item_template.sql,Wrath
50809,64218,251,4,item_template.sql,Wrath
50833,65232,251,4,item_template.sql,Wrath
50834,65233,251,4,item_template.sql,Wrath
50852,53560,251,4,item_template.sql,Wrath
51000,64774,251,4,item_template.sql,Wrath
51001,64229,251,4,item_template.sql,Wrath
51004,64506,251,4,item_template.sql,Wrath
51008,64203,251,4,item_template.sql,Wrath
51019,65231,251,4,item_template.sql,Wrath
51023,64399,251,4,item_template.sql,Wrath
51024,64230,251,4,item_template.sql,Wrath
51126,64603,264,4,item_template.sql,Wrath
51220,64580,277,4,item_template.sql,Wrath
51283,64859,277,4,item_template.sql,Wrath
51364,65245,264,4,item_template.sql,Wrath
51373,65238,264,4,item_template.sql,Wrath
51382,64323,251,4,item_template.sql,Wrath
51415,65248,270,4,item_template.sql,Wrath
51446,65378,277,4,item_template.sql,Wrath
51455,65581,270,4,item_template.sql,Wrath
51483,65952,270,4,item_template.sql,Wrath
51515,65363,264,4,item_template.sql,Wrath
51541,65251,270,4,item_template.sql,Wrath
51544,65266,270,4,item_template.sql,Wrath
51548,64190,251,4,item_template.sql,Wrath
51796,64555,258,4,item_template.sql,Wrath
51832,64790,264,4,item_template.sql,Wrath
51872,64298,264,4,item_template.sql,Wrath
51917,64787,264,4,item_template.sql,Wrath
51920,64475,264,4,item_template.sql,Wrath
51923,64423,264,4,item_template.sql,Wrath
51936,64556,264,4,item_template.sql,Wrath
51964,49925,25,3,item_template.sql,Classic
51965,49985,35,3,item_template.sql,Classic
51967,52117,55,3,item_template.sql,Classic
51968,51783,25,3,item_template.sql,Classic
51972,52113,55,3,item_template.sql,Classic
51973,51840,35,3,item_template.sql,Classic
51974,52068,45,3,item_template.sql,Classic
51976,51883,45,3,item_template.sql,Classic
51978,52166,25,3,item_template.sql,Classic
51980,52164,35,3,item_template.sql,Classic
51981,52165,55,3,item_template.sql,Classic
51985,52055,60,3,item_template.sql,Classic
51989,52058,55,3,item_template.sql,Classic
51994,50059,25,3,item_template.sql,Classic
54573,68108,271,4,item_template.sql,Wrath
