Archive,MPQPath,Kinds,Size,CompressedSize,Flags,SHA1,OutputPath
common.mpq,tileset\expansion02\howlingfjord\hfjords_rubblebasec.blp,terrain_texture,44876,41782,0x84000200,C421D32DD3E9CD6C6EF1055CA3134E158D3F87E0,D:\Sirus\_client\World of Warcraft Sirus\Risen_Depths_Extract_2026-10-04\ADTDependencies\ByArchive\common.mpq\tileset\expansion02\howlingfjord\hfjords_rubblebasec.blp
common.mpq,tileset\generic\black.blp,terrain_texture,1356,82,0x84000200,358A8BE913826548CC692CFA094B03D9F10C5B3B,D:\Sirus\_client\World of Warcraft Sirus\Risen_Depths_Extract_2026-10-04\ADTDependencies\ByArchive\common.mpq\tileset\generic\black.blp
common.mpq,WORLD\AZEROTH\BURNINGSTEPPES\PASSIVEDOODADS\WARLOCKSHRINE\WARLOCKSHRINE.M2,doodad_model,49200,13930,0x84000200,1AD01CA736B8C23C63585098A52741E619B3D691,D:\Sirus\_client\World of Warcraft Sirus\Risen_Depths_Extract_2026-10-04\ADTDependencies\ByArchive\common.mpq\WORLD\AZEROTH\BURNINGSTEPPES\PASSIVEDOODADS\WARLOCKSHRINE\WARLOCKSHRINE.M2
common.mpq,WORLD\AZEROTH\ELWYNN\PASSIVEDOODADS\SKELETON\BATTLEGLADEBONESHUMANDARK.M2,doodad_model,7728,3491,0x84000200,982EFD297C8578140BE985CD99B25C095A812A81,D:\Sirus\_client\World of Warcraft Sirus\Risen_Depths_Extract_2026-10-04\ADTDependencies\ByArchive\common.mpq\WORLD\AZEROTH\ELWYNN\PASSIVEDOODADS\SKELETON\BATTLEGLADEBONESHUMANDARK.M2
common.mpq,WORLD\AZEROTH\SWAMPOSORROW\PASSIVEDOODADS\SWAMPBOATS\SWAMPBOAT01.M2,doodad_model,18304,10914,0x84000200,EFB712FA6A6C6BFB3184ECD6A2F7A0D72FAD52C1,D:\Sirus\_client\World of Warcraft Sirus\Risen_Depths_Extract_2026-10-04\ADTDependencies\ByArchive\common.mpq\WORLD\AZEROTH\SWAMPOSORROW\PASSIVEDOODADS\SWAMPBOATS\SWAMPBOAT01.M2
common.mpq,WORLD\AZEROTH\THEBLASTEDLANDS\PASSIVEDOODADS\BONES\BLASTEDLANDSBONE01.M2,doodad_model,2112,933,0x84000200,2181B5527A3C656F8FEBCEF69456519BB115CA82,D:\Sirus\_client\World of Warcraft Sirus\Risen_Depths_Extract_2026-10-04\ADTDependencies\ByArchive\common.mpq\WORLD\AZEROTH\THEBLASTEDLANDS\PASSIVEDOODADS\BONES\BLASTEDLANDSBONE01.M2
common.mpq,WORLD\AZEROTH\THEBLASTEDLANDS\PASSIVEDOODADS\BONES\BLASTEDLANDSBONEPILE02.M2,doodad_model,10352,4479,0x84000200,06FE45AD7E852C45B9576028790FC106F017ABE8,D:\Sirus\_client\World of Warcraft Sirus\Risen_Depths_Extract_2026-10-04\ADTDependencies\ByArchive\common.mpq\WORLD\AZEROTH\THEBLASTEDLANDS\PASSIVEDOODADS\BONES\BLASTEDLANDSBONEPILE02.M2
common.mpq,WORLD\AZEROTH\THEBLASTEDLANDS\PASSIVEDOODADS\BONES\BLASTEDLANDSBONEPILE03.M2,doodad_model,6096,2707,0x84000200,E45D9FC1037A914859D5643FDF28ACE66671A20C,D:\Sirus\_client\World of Warcraft Sirus\Risen_Depths_Extract_2026-10-04\ADTDependencies\ByArchive\common.mpq\WORLD\AZEROTH\THEBLASTEDLANDS\PASSIVEDOODADS\BONES\BLASTEDLANDSBONEPILE03.M2
common.mpq,WORLD\CRITTER\BIRDS\BIRD01.M2,doodad_model,13104,8679,0x84000200,3F1919FE544E9D6CEFF8D25F0483BBC51016F68C,D:\Sirus\_client\World of Warcraft Sirus\Risen_Depths_Extract_2026-10-04\ADTDependencies\ByArchive\common.mpq\WORLD\CRITTER\BIRDS\BIRD01.M2
common.mpq,WORLD\CRITTER\FISH\FISH01.M2,doodad_model,45344,28011,0x84000200,4A3920E0EA9D75DBCFC3C370714C06EE9F1221DB,D:\Sirus\_client\World of Warcraft Sirus\Risen_Depths_Extract_2026-10-04\ADTDependencies\ByArchive\common.mpq\WORLD\CRITTER\FISH\FISH01.M2
common.mpq,WORLD\EXPANSION01\DOODADS\GENERIC\NAGA\ARK\NA_ARK.M2,doodad_model,58640,27900,0x84000200,75AE69DA00446D122F84FF7D8ED9E946C1FADECB,D:\Sirus\_client\World of Warcraft Sirus\Risen_Depths_Extract_2026-10-04\ADTDependencies\ByArchive\common.mpq\WORLD\EXPANSION01\DOODADS\GENERIC\NAGA\ARK\NA_ARK.M2
common.mpq,WORLD\EXPANSION01\DOODADS\GENERIC\NAGA\CRATES\NA_CRATE02.M2,doodad_model,16272,7174,0x84000200,41EE7881A879CDD1972F21BD0CC11EDA412DFB0A,D:\Sirus\_client\World of Warcraft Sirus\Risen_Depths_Extract_2026-10-04\ADTDependencies\ByArchive\common.mpq\WORLD\EXPANSION01\DOODADS\GENERIC\NAGA\CRATES\NA_CRATE02.M2
common.mpq,WORLD\EXPANSION01\DOODADS\GENERIC\NAGA\DISTILLER\NA_DISTILLER.M2,doodad_model,93120,40457,0x84000200,DABAC107DCED246C90F1EB9E30AAE2947E1153D7,D:\Sirus\_client\World of Warcraft Sirus\Risen_Depths_Extract_2026-10-04\ADTDependencies\ByArchive\common.mpq\WORLD\EXPANSION01\DOODADS\GENERIC\NAGA\DISTILLER\NA_DISTILLER.M2
common.mpq,WORLD\EXPANSION01\DOODADS\GENERIC\NAGA\JARS\NA_JAR02.M2,doodad_model,8688,4263,0x84000200,7514B919962434BD6EF4C3AF4F96735F0189841D,D:\Sirus\_client\World of Warcraft Sirus\Risen_Depths_Extract_2026-10-04\ADTDependencies\ByArchive\common.mpq\WORLD\EXPANSION01\DOODADS\GENERIC\NAGA\JARS\NA_JAR02.M2
common.mpq,WORLD\EXPANSION01\DOODADS\GENERIC\NAGA\TORCH\NA_TORCH01.M2,doodad_model,26016,11553,0x84000200,2908CF70B9192E707F7C0DA7EBC839BA94942A66,D:\Sirus\_client\World of Warcraft Sirus\Risen_Depths_Extract_2026-10-04\ADTDependencies\ByArchive\common.mpq\WORLD\EXPANSION01\DOODADS\GENERIC\NAGA\TORCH\NA_TORCH01.M2
common.mpq,WORLD\EXPANSION01\DOODADS\GENERIC\VRYKUL\WEAPONRACKS\VR_WEAPONRACK_01.M2,doodad_model,52176,26054,0x84000200,F5B6B64FCB09685810486A518DFB79BBAC1C5BFB,D:\Sirus\_client\World of Warcraft Sirus\Risen_Depths_Extract_2026-10-04\ADTDependencies\ByArchive\common.mpq\WORLD\EXPANSION01\DOODADS\GENERIC\VRYKUL\WEAPONRACKS\VR_WEAPONRACK_01.M2
common.mpq,WORLD\EXPANSION02\DOODADS\BOREANTUNDRA\MAGNATAURITEMS\BOREAN_REDPLANT_BURNINGPILE_01.M2,doodad_model,21184,11208,0x84000200,660F08DDD93A5B5384BB4E32249DD76DD7E0DC4E,D:\Sirus\_client\World of Warcraft Sirus\Risen_Depths_Extract_2026-10-04\ADTDependencies\ByArchive\common.mpq\WORLD\EXPANSION02\DOODADS\BOREANTUNDRA\MAGNATAURITEMS\BOREAN_REDPLANT_BURNINGPILE_01.M2
common.mpq,WORLD\EXPANSION02\DOODADS\BOREANTUNDRA\ROCKS\BOREAN_ROCKLARGE_01.M2,doodad_model,47776,34152,0x84000200,C36D873A7852593F5AAAC5F9032EBA2F0FF293AC,D:\Sirus\_client\World of Warcraft Sirus\Risen_Depths_Extract_2026-10-04\ADTDependencies\ByArchive\common.mpq\WORLD\EXPANSION02\DOODADS\BOREANTUNDRA\ROCKS\BOREAN_ROCKLARGE_01.M2
common.mpq,WORLD\EXPANSION02\DOODADS\BOREANTUNDRA\ROCKS\BOREAN_ROCKLARGE_06.M2,doodad_model,16320,12147,0x84000200,92980D10B56BA5A1451E2F719F0D70F35CAA3E40,D:\Sirus\_client\World of Warcraft Sirus\Risen_Depths_Extract_2026-10-04\ADTDependencies\ByArchive\common.mpq\WORLD\EXPANSION02\DOODADS\BOREANTUNDRA\ROCKS\BOREAN_ROCKLARGE_06.M2
common.mpq,WORLD\EXPANSION02\DOODADS\GENERIC\ORACLE\O_TRASHPILE_01.M2,doodad_model,11216,6634,0x84000200,F00DFDFE81FEBC648BD00AD542AF267290EF0507,D:\Sirus\_client\World of Warcraft Sirus\Risen_Depths_Extract_2026-10-04\ADTDependencies\ByArchive\common.mpq\WORLD\EXPANSION02\DOODADS\GENERIC\ORACLE\O_TRASHPILE_01.M2
common.mpq,WORLD\EXPANSION02\DOODADS\GENERIC\ORACLE\O_TRASHPILE_02.M2,doodad_model,14720,8689,0x84000200,38F839A80DD99C45692FA19BFAD574A4345F18F9,D:\Sirus\_client\World of Warcraft Sirus\Risen_Depths_Extract_2026-10-04\ADTDependencies\ByArchive\common.mpq\WORLD\EXPANSION02\DOODADS\GENERIC\ORACLE\O_TRASHPILE_02.M2
common.mpq,WORLD\EXPANSION02\DOODADS\GENERIC\SCOURGE\SC_BARRICADE_BROKEN.M2,doodad_model,23440,12205,0x84000200,966378F0AC92C3976C92AC3F8B9F167DB0CF20B8,D:\Sirus\_client\World of Warcraft Sirus\Risen_Depths_Extract_2026-10-04\ADTDependencies\ByArchive\common.mpq\WORLD\EXPANSION02\DOODADS\GENERIC\SCOURGE\SC_BARRICADE_BROKEN.M2
common.mpq,WORLD\EXPANSION02\DOODADS\GENERIC\SCOURGE\SC_BRAZIER2_ORANGE.M2,doodad_model,99776,45461,0x84000200,69A10ED90C862D633D095F728551A41C8FEF747F,D:\Sirus\_client\World of Warcraft Sirus\Risen_Depths_Extract_2026-10-04\ADTDependencies\ByArchive\common.mpq\WORLD\EXPANSION02\DOODADS\GENERIC\SCOURGE\SC_BRAZIER2_ORANGE.M2
common.mpq,WORLD\EXPANSION02\DOODADS\GENERIC\SCOURGE\SC_BRAZIER3_ORANGE.M2,doodad_model,45600,25006,0x84000200,E446C67DDEA74BAF3542023737E3CC3B2270CD31,D:\Sirus\_client\World of Warcraft Sirus\Risen_Depths_Extract_2026-10-04\ADTDependencies\ByArchive\common.mpq\WORLD\EXPANSION02\DOODADS\GENERIC\SCOURGE\SC_BRAZIER3_ORANGE.M2
common.mpq,WORLD\EXPANSION02\DOODADS\GENERIC\SCOURGE\SC_CAULDRON_GREEN.M2,doodad_model,71600,40586,0x84000200,B6E3EE8BC15AC88A44ABADE7130BEB7F877E1713,D:\Sirus\_client\World of Warcraft Sirus\Risen_Depths_Extract_2026-10-04\ADTDependencies\ByArchive\common.mpq\WORLD\EXPANSION02\DOODADS\GENERIC\SCOURGE\SC_CAULDRON_GREEN.M2
common.mpq,WORLD\EXPANSION02\DOODADS\GENERIC\SCOURGE\SC_OBELISK1.M2,doodad_model,24784,13518,0x84000200,80EF72DAF25E942C930152B400B4CE3324392D91,D:\Sirus\_client\World of Warcraft Sirus\Risen_Depths_Extract_2026-10-04\ADTDependencies\ByArchive\common.mpq\WORLD\EXPANSION02\DOODADS\GENERIC\SCOURGE\SC_OBELISK1.M2
common.mpq,WORLD\EXPANSION02\DOODADS\GENERIC\SCOURGE\SC_PLATFORM2.M2,doodad_model,7296,2958,0x84000200,C7110A64C55D9564A466D2AEB79274EAB965571D,D:\Sirus\_client\World of Warcraft Sirus\Risen_Depths_Extract_2026-10-04\ADTDependencies\ByArchive\common.mpq\WORLD\EXPANSION02\DOODADS\GENERIC\SCOURGE\SC_PLATFORM2.M2
common.mpq,WORLD\EXPANSION02\DOODADS\GENERIC\SCOURGE\SC_TRENCH_C_LONG.M2,doodad_model,30480,17452,0x84000200,19BD2E70179DB98DBFAA7EA48F5B4BB2D3E53A0A,D:\Sirus\_client\World of Warcraft Sirus\Risen_Depths_Extract_2026-10-04\ADTDependencies\ByArchive\common.mpq\WORLD\EXPANSION02\DOODADS\GENERIC\SCOURGE\SC_TRENCH_C_LONG.M2
common.mpq,WORLD\EXPANSION02\DOODADS\GENERIC\SCOURGE\SC_TRENCH_M_BRACE.M2,doodad_model,66256,35868,0x84000200,6D98D12B116D3EE8A9F8A24F6BC5ED4432F3357D,D:\Sirus\_client\World of Warcraft Sirus\Risen_Depths_Extract_2026-10-04\ADTDependencies\ByArchive\common.mpq\WORLD\EXPANSION02\DOODADS\GENERIC\SCOURGE\SC_TRENCH_M_BRACE.M2
common.mpq,WORLD\EXPANSION02\DOODADS\GENERIC\SCOURGE\SC_TRENCH_M_LONG.M2,doodad_model,32016,17617,0x84000200,8C3A23392BF9F40EC4A0EB425E98A3CAC7536134,D:\Sirus\_client\World of Warcraft Sirus\Risen_Depths_Extract_2026-10-04\ADTDependencies\ByArchive\common.mpq\WORLD\EXPANSION02\DOODADS\GENERIC\SCOURGE\SC_TRENCH_M_LONG.M2
common.mpq,WORLD\EXPANSION02\DOODADS\GENERIC\SCOURGE\SC_TRENCH_P_BONE2.M2,doodad_model,3232,2196,0x84000200,C8A8A6D76F9261B85B9CB7702D7E347D537A8212,D:\Sirus\_client\World of Warcraft Sirus\Risen_Depths_Extract_2026-10-04\ADTDependencies\ByArchive\common.mpq\WORLD\EXPANSION02\DOODADS\GENERIC\SCOURGE\SC_TRENCH_P_BONE2.M2
common.mpq,WORLD\EXPANSION02\DOODADS\GENERIC\SEAVRYKUL\SHORE\VRS_CHEST_01.M2,doodad_model,38816,15865,0x84000200,D7EAEF0DF1F8BAB23E9C579794A0F2F854697BCD,D:\Sirus\_client\World of Warcraft Sirus\Risen_Depths_Extract_2026-10-04\ADTDependencies\ByArchive\common.mpq\WORLD\EXPANSION02\DOODADS\GENERIC\SEAVRYKUL\SHORE\VRS_CHEST_01.M2
common.mpq,WORLD\EXPANSION02\DOODADS\GENERIC\SEAVRYKUL\SHORE\VRS_CRATE_01.M2,doodad_model,3424,1483,0x84000200,0D2088DB9EF4AC8BD2DC7E7AEEC52476314480A4,D:\Sirus\_client\World of Warcraft Sirus\Risen_Depths_Extract_2026-10-04\ADTDependencies\ByArchive\common.mpq\WORLD\EXPANSION02\DOODADS\GENERIC\SEAVRYKUL\SHORE\VRS_CRATE_01.M2
common.mpq,WORLD\EXPANSION02\DOODADS\GENERIC\SEAVRYKUL\SHORE\VRS_CRATE_DESTROYED_01.M2,doodad_model,22720,11002,0x84000200,170B1E713C111F635C58B556BE6955B4FF9E3295,D:\Sirus\_client\World of Warcraft Sirus\Risen_Depths_Extract_2026-10-04\ADTDependencies\ByArchive\common.mpq\WORLD\EXPANSION02\DOODADS\GENERIC\SEAVRYKUL\SHORE\VRS_CRATE_DESTROYED_01.M2
common.mpq,WORLD\EXPANSION02\DOODADS\GENERIC\SEAVRYKUL\SHORE\VRS_NETPILE_01.M2,doodad_model,14368,7347,0x84000200,73DEE67D03541924BD0A53E7F1CC41755D6778B3,D:\Sirus\_client\World of Warcraft Sirus\Risen_Depths_Extract_2026-10-04\ADTDependencies\ByArchive\common.mpq\WORLD\EXPANSION02\DOODADS\GENERIC\SEAVRYKUL\SHORE\VRS_NETPILE_01.M2
common.mpq,WORLD\EXPANSION02\DOODADS\GENERIC\SEAVRYKUL\SHORE\VRS_TENT_01.M2,doodad_model,59056,28773,0x84000200,604F2B8CE8ACE73415EFAEAD3CB38BE217BBF884,D:\Sirus\_client\World of Warcraft Sirus\Risen_Depths_Extract_2026-10-04\ADTDependencies\ByArchive\common.mpq\WORLD\EXPANSION02\DOODADS\GENERIC\SEAVRYKUL\SHORE\VRS_TENT_01.M2
common.mpq,WORLD\EXPANSION02\DOODADS\GENERIC\SEAVRYKUL\SHORE\VRS_TENT_02.M2,doodad_model,63616,30962,0x84000200,3C25CC15AF49CB1F0BA5E2B48C0CE323EEC90DCD,D:\Sirus\_client\World of Warcraft Sirus\Risen_Depths_Extract_2026-10-04\ADTDependencies\ByArchive\common.mpq\WORLD\EXPANSION02\DOODADS\GENERIC\SEAVRYKUL\SHORE\VRS_TENT_02.M2
common.mpq,WORLD\EXPANSION02\DOODADS\GENERIC\SEAVRYKUL\WEAPONS\VRS_WEAPONRACK_01.M2,doodad_model,72832,34405,0x84000200,C5B042C5158B0ECEDF091605527384CFF4F8DDE9,D:\Sirus\_client\World of Warcraft Sirus\Risen_Depths_Extract_2026-10-04\ADTDependencies\ByArchive\common.mpq\WORLD\EXPANSION02\DOODADS\GENERIC\SEAVRYKUL\WEAPONS\VRS_WEAPONRACK_01.M2
common.mpq,WORLD\EXPANSION02\DOODADS\GENERIC\SEAVRYKUL\WEAPONS\VRS_WEAPONRACK_02.M2,doodad_model,35680,17352,0x84000200,F18ADAD6EFA2E3D3E14CE61875431B0034C1ACCA,D:\Sirus\_client\World of Warcraft Sirus\Risen_Depths_Extract_2026-10-04\ADTDependencies\ByArchive\common.mpq\WORLD\EXPANSION02\DOODADS\GENERIC\SEAVRYKUL\WEAPONS\VRS_WEAPONRACK_02.M2
common.mpq,WORLD\EXPANSION02\DOODADS\GENERIC\VRYKUL\BANNER\VR_SEA_BANNER_01.M2,doodad_model,42768,20284,0x84000200,3BC116276883277FC83AF1F674514111838A4750,D:\Sirus\_client\World of Warcraft Sirus\Risen_Depths_Extract_2026-10-04\ADTDependencies\ByArchive\common.mpq\WORLD\EXPANSION02\DOODADS\GENERIC\VRYKUL\BANNER\VR_SEA_BANNER_01.M2
common.mpq,WORLD\EXPANSION02\DOODADS\GENERIC\VRYKUL\BOATS\TRANSPORT_VRYKUL_MEDIUM_DOODAD.M2,doodad_model,80416,51404,0x84000200,4DCDA89A846B61E519CE931C187497B9C67E28D5,D:\Sirus\_client\World of Warcraft Sirus\Risen_Depths_Extract_2026-10-04\ADTDependencies\ByArchive\common.mpq\WORLD\EXPANSION02\DOODADS\GENERIC\VRYKUL\BOATS\TRANSPORT_VRYKUL_MEDIUM_DOODAD.M2
common.mpq,WORLD\EXPANSION02\DOODADS\GENERIC\VRYKUL\BRAZIER\VR_BRAZIER_01.M2,doodad_model,42400,22006,0x84000200,C6BA820DABA830B77A785623BE7D2CB9F95A0894,D:\Sirus\_client\World of Warcraft Sirus\Risen_Depths_Extract_2026-10-04\ADTDependencies\ByArchive\common.mpq\WORLD\EXPANSION02\DOODADS\GENERIC\VRYKUL\BRAZIER\VR_BRAZIER_01.M2
common.mpq,WORLD\EXPANSION02\DOODADS\GENERIC\VRYKUL\BUTTRESS\VR_BUTTRESS_01.M2,doodad_model,17456,9763,0x84000200,305419031C3280AE9B734CA627CB559FA4A79B1B,D:\Sirus\_client\World of Warcraft Sirus\Risen_Depths_Extract_2026-10-04\ADTDependencies\ByArchive\common.mpq\WORLD\EXPANSION02\DOODADS\GENERIC\VRYKUL\BUTTRESS\VR_BUTTRESS_01.M2
common.mpq,WORLD\EXPANSION02\DOODADS\GENERIC\VRYKUL\CAGE\VR_CAGE_01.M2,doodad_model,57456,23450,0x84000200,E764F1CAD3090AD6695BC0DBE2BCF92195195D9D,D:\Sirus\_client\World of Warcraft Sirus\Risen_Depths_Extract_2026-10-04\ADTDependencies\ByArchive\common.mpq\WORLD\EXPANSION02\DOODADS\GENERIC\VRYKUL\CAGE\VR_CAGE_01.M2
common.mpq,WORLD\EXPANSION02\DOODADS\GENERIC\VRYKUL\CAGE\VR_CAGE_02.M2,doodad_model,79808,36394,0x84000200,806594762178A294D87CF3AAF65BEA0BC4A01668,D:\Sirus\_client\World of Warcraft Sirus\Risen_Depths_Extract_2026-10-04\ADTDependencies\ByArchive\common.mpq\WORLD\EXPANSION02\DOODADS\GENERIC\VRYKUL\CAGE\VR_CAGE_02.M2
common.mpq,WORLD\EXPANSION02\DOODADS\GENERIC\VRYKUL\CHAINS\VR_CHAINS_02.M2,doodad_model,43280,16848,0x84000200,E7CF2B5A50355E6B24E340C0D5D8F9773118676C,D:\Sirus\_client\World of Warcraft Sirus\Risen_Depths_Extract_2026-10-04\ADTDependencies\ByArchive\common.mpq\WORLD\EXPANSION02\DOODADS\GENERIC\VRYKUL\CHAINS\VR_CHAINS_02.M2
common.mpq,WORLD\EXPANSION02\DOODADS\GENERIC\VRYKUL\CHAIRS\VR_CHAIR_01.M2,doodad_model,12896,5417,0x84000200,BE98819FFC5721717FE86348F010333A02A914EC,D:\Sirus\_client\World of Warcraft Sirus\Risen_Depths_Extract_2026-10-04\ADTDependencies\ByArchive\common.mpq\WORLD\EXPANSION02\DOODADS\GENERIC\VRYKUL\CHAIRS\VR_CHAIR_01.M2
common.mpq,WORLD\EXPANSION02\DOODADS\GENERIC\VRYKUL\COOKING\VR_COOKPOT_01.M2,doodad_model,44928,22664,0x84000200,A837094BAA0AEEC04BE40995FD7D4D57E5AB1195,D:\Sirus\_client\World of Warcraft Sirus\Risen_Depths_Extract_2026-10-04\ADTDependencies\ByArchive\common.mpq\WORLD\EXPANSION02\DOODADS\GENERIC\VRYKUL\COOKING\VR_COOKPOT_01.M2
common.mpq,WORLD\EXPANSION02\DOODADS\GENERIC\VRYKUL\COOKING\VR_COOKPOT_02.M2,doodad_model,44240,21727,0x84000200,6897F7991395A2A7D23D31176EBE63E53CA8B2BD,D:\Sirus\_client\World of Warcraft Sirus\Risen_Depths_Extract_2026-10-04\ADTDependencies\ByArchive\common.mpq\WORLD\EXPANSION02\DOODADS\GENERIC\VRYKUL\COOKING\VR_COOKPOT_02.M2
common.mpq,WORLD\EXPANSION02\DOODADS\GENERIC\VRYKUL\HARPOON\VR_HARPOON_02.M2,doodad_model,47392,25007,0x84000200,CC3E3C74C8534CD794F5BCCE4C90F314C0D412E4,D:\Sirus\_client\World of Warcraft Sirus\Risen_Depths_Extract_2026-10-04\ADTDependencies\ByArchive\common.mpq\WORLD\EXPANSION02\DOODADS\GENERIC\VRYKUL\HARPOON\VR_HARPOON_02.M2
common.mpq,WORLD\EXPANSION02\DOODADS\GENERIC\VRYKUL\HAY\VR_HAYBAIL_01.M2,doodad_model,3696,1406,0x84000200,2ABF3F0748AF571F55AE52EAEAFC78AAD006C207,D:\Sirus\_client\World of Warcraft Sirus\Risen_Depths_Extract_2026-10-04\ADTDependencies\ByArchive\common.mpq\WORLD\EXPANSION02\DOODADS\GENERIC\VRYKUL\HAY\VR_HAYBAIL_01.M2
common.mpq,WORLD\EXPANSION02\DOODADS\GENERIC\VRYKUL\QUEST\VR_BONES_01_Q.M2,doodad_model,29280,16075,0x84000200,A332FB1CBB49239AF46A569A79A5459813CD7B32,D:\Sirus\_client\World of Warcraft Sirus\Risen_Depths_Extract_2026-10-04\ADTDependencies\ByArchive\common.mpq\WORLD\EXPANSION02\DOODADS\GENERIC\VRYKUL\QUEST\VR_BONES_01_Q.M2
common.mpq,WORLD\EXPANSION02\DOODADS\GENERIC\VRYKUL\QUEST\VR_SACK_02_Q.M2,doodad_model,5968,3440,0x84000200,32CA30C57D780D20A4B47124FC4DC6D198BEA615,D:\Sirus\_client\World of Warcraft Sirus\Risen_Depths_Extract_2026-10-04\ADTDependencies\ByArchive\common.mpq\WORLD\EXPANSION02\DOODADS\GENERIC\VRYKUL\QUEST\VR_SACK_02_Q.M2
common.mpq,WORLD\EXPANSION02\DOODADS\GENERIC\VRYKUL\ROAD\VR_ROADPLANK_02.M2,doodad_model,27424,12473,0x84000200,8DC76B784B51143B1A7512C3EDDF9BD6576BAA5F,D:\Sirus\_client\World of Warcraft Sirus\Risen_Depths_Extract_2026-10-04\ADTDependencies\ByArchive\common.mpq\WORLD\EXPANSION02\DOODADS\GENERIC\VRYKUL\ROAD\VR_ROADPLANK_02.M2
common.mpq,WORLD\EXPANSION02\DOODADS\GENERIC\VRYKUL\ROAD\VR_ROADPLANK_03.M2,doodad_model,51040,22983,0x84000200,41A752FE3D47D6A7A36E7BE1E312A5A5BF716938,D:\Sirus\_client\World of Warcraft Sirus\Risen_Depths_Extract_2026-10-04\ADTDependencies\ByArchive\common.mpq\WORLD\EXPANSION02\DOODADS\GENERIC\VRYKUL\ROAD\VR_ROADPLANK_03.M2
common.mpq,WORLD\EXPANSION02\DOODADS\GENERIC\VRYKUL\ROAD\VR_ROADPLANK_04.M2,doodad_model,15520,7496,0x84000200,F80CA9E935345D8C4299519431E6CE199433BBB8,D:\Sirus\_client\World of Warcraft Sirus\Risen_Depths_Extract_2026-10-04\ADTDependencies\ByArchive\common.mpq\WORLD\EXPANSION02\DOODADS\GENERIC\VRYKUL\ROAD\VR_ROADPLANK_04.M2
common.mpq,WORLD\EXPANSION02\DOODADS\GENERIC\VRYKUL\ROAD\VR_ROADPLANK_05.M2,doodad_model,2752,1252,0x84000200,E1D99F890C42A20667EBD2D9648E663BE9C02D5E,D:\Sirus\_client\World of Warcraft Sirus\Risen_Depths_Extract_2026-10-04\ADTDependencies\ByArchive\common.mpq\WORLD\EXPANSION02\DOODADS\GENERIC\VRYKUL\ROAD\VR_ROADPLANK_05.M2
common.mpq,WORLD\EXPANSION02\DOODADS\GENERIC\VRYKUL\ROAD\VR_ROADPLANK_06.M2,doodad_model,4672,1745,0x84000200,F4B4A6970C7AF16822914E505A0B7A9DDF329EC5,D:\Sirus\_client\World of Warcraft Sirus\Risen_Depths_Extract_2026-10-04\ADTDependencies\ByArchive\common.mpq\WORLD\EXPANSION02\DOODADS\GENERIC\VRYKUL\ROAD\VR_ROADPLANK_06.M2
common.mpq,WORLD\EXPANSION02\DOODADS\GENERIC\VRYKUL\RUBBLE\VR_RUBBLE_03.M2,doodad_model,1680,954,0x84000200,EADDC19EA4A16F5A507269EAD88E2E9839E27B32,D:\Sirus\_client\World of Warcraft Sirus\Risen_Depths_Extract_2026-10-04\ADTDependencies\ByArchive\common.mpq\WORLD\EXPANSION02\DOODADS\GENERIC\VRYKUL\RUBBLE\VR_RUBBLE_03.M2
common.mpq,WORLD\EXPANSION02\DOODADS\GENERIC\VRYKUL\SHIELD\VR_SHIELD_01.M2,doodad_model,5728,2944,0x84000200,3BBF352F82D6AA4108AA992F2DD8AFCC4047AA8B,D:\Sirus\_client\World of Warcraft Sirus\Risen_Depths_Extract_2026-10-04\ADTDependencies\ByArchive\common.mpq\WORLD\EXPANSION02\DOODADS\GENERIC\VRYKUL\SHIELD\VR_SHIELD_01.M2
common.mpq,WORLD\EXPANSION02\DOODADS\GENERIC\VRYKUL\SHIELD\VR_SHIELD_03.M2,doodad_model,5728,2951,0x84000200,4382A0A6EC5D40B8AD7F4E09282A95ABAF85E8EA,D:\Sirus\_client\World of Warcraft Sirus\Risen_Depths_Extract_2026-10-04\ADTDependencies\ByArchive\common.mpq\WORLD\EXPANSION02\DOODADS\GENERIC\VRYKUL\SHIELD\VR_SHIELD_03.M2
common.mpq,WORLD\EXPANSION02\DOODADS\GENERIC\VRYKUL\TABLE\VR_TABLE_LARGE_01.M2,doodad_model,47056,28390,0x84000200,FE61D92ADD32D06EFC11FCCEDB362EB8301B422A,D:\Sirus\_client\World of Warcraft Sirus\Risen_Depths_Extract_2026-10-04\ADTDependencies\ByArchive\common.mpq\WORLD\EXPANSION02\DOODADS\GENERIC\VRYKUL\TABLE\VR_TABLE_LARGE_01.M2
common.mpq,WORLD\EXPANSION02\DOODADS\GENERIC\VRYKUL\TABLE\VR_TABLE_MEDIUM_01.M2,doodad_model,21104,10388,0x84000200,8D40BC16B98C5751A951E6110D5EE7680B58A124,D:\Sirus\_client\World of Warcraft Sirus\Risen_Depths_Extract_2026-10-04\ADTDependencies\ByArchive\common.mpq\WORLD\EXPANSION02\DOODADS\GENERIC\VRYKUL\TABLE\VR_TABLE_MEDIUM_01.M2
common.mpq,WORLD\EXPANSION02\DOODADS\GENERIC\VRYKUL\TROUGH\VR_TROUGH.M2,doodad_model,10208,3226,0x84000200,571482A23F9483CD43756D78D659CD65F811FD37,D:\Sirus\_client\World of Warcraft Sirus\Risen_Depths_Extract_2026-10-04\ADTDependencies\ByArchive\common.mpq\WORLD\EXPANSION02\DOODADS\GENERIC\VRYKUL\TROUGH\VR_TROUGH.M2
common.mpq,WORLD\EXPANSION02\DOODADS\GENERIC\VRYKUL\WAGON\VR_WAGON_01.M2,doodad_model,126640,63934,0x84000200,9F411632D1C5B53A6B5F3233A96B43F3E6B9BA21,D:\Sirus\_client\World of Warcraft Sirus\Risen_Depths_Extract_2026-10-04\ADTDependencies\ByArchive\common.mpq\WORLD\EXPANSION02\DOODADS\GENERIC\VRYKUL\WAGON\VR_WAGON_01.M2
common.mpq,WORLD\EXPANSION02\DOODADS\GENERIC\VRYKUL\WEAPONS\VR_CRESTAXE_01.M2,doodad_model,8464,4357,0x84000200,A3AEAAF9C53DC1D6AB3B320176E0D3C8CCDB4134,D:\Sirus\_client\World of Warcraft Sirus\Risen_Depths_Extract_2026-10-04\ADTDependencies\ByArchive\common.mpq\WORLD\EXPANSION02\DOODADS\GENERIC\VRYKUL\WEAPONS\VR_CRESTAXE_01.M2
common.mpq,WORLD\EXPANSION02\DOODADS\GENERIC\VRYKUL\WEAPONS\VR_CRESTAXE_02.M2,doodad_model,8032,3924,0x84000200,DD1DD35C24D9021F1EB6B7160BA41CC8E0C375A5,D:\Sirus\_client\World of Warcraft Sirus\Risen_Depths_Extract_2026-10-04\ADTDependencies\ByArchive\common.mpq\WORLD\EXPANSION02\DOODADS\GENERIC\VRYKUL\WEAPONS\VR_CRESTAXE_02.M2
common.mpq,WORLD\EXPANSION02\DOODADS\GENERIC\WATERFALLS\WATERFALLS_SET1_MED_HAT.M2,doodad_model,13552,9292,0x84000200,F86632B8A21261453F3003729D9ABA2B0885E3FC,D:\Sirus\_client\World of Warcraft Sirus\Risen_Depths_Extract_2026-10-04\ADTDependencies\ByArchive\common.mpq\WORLD\EXPANSION02\DOODADS\GENERIC\WATERFALLS\WATERFALLS_SET1_MED_HAT.M2
common.mpq,WORLD\EXPANSION02\DOODADS\GENERIC\WATERFALLS\WATERFALLS_SET1_MED_RIPPLES.M2,doodad_model,7248,3675,0x84000200,EC439BABC43F9514D7AF3DAF08DB6CEED72458ED,D:\Sirus\_client\World of Warcraft Sirus\Risen_Depths_Extract_2026-10-04\ADTDependencies\ByArchive\common.mpq\WORLD\EXPANSION02\DOODADS\GENERIC\WATERFALLS\WATERFALLS_SET1_MED_RIPPLES.M2
common.mpq,WORLD\EXPANSION02\DOODADS\GENERIC\WATERFALLS\WATERFALLS_SET2_MED_TALL_WITHCHOP.M2,doodad_model,3248,1470,0x84000200,ADBEB9BBBB5B61DD2F94AFE6599AFB4DBC80D2F5,D:\Sirus\_client\World of Warcraft Sirus\Risen_Depths_Extract_2026-10-04\ADTDependencies\ByArchive\common.mpq\WORLD\EXPANSION02\DOODADS\GENERIC\WATERFALLS\WATERFALLS_SET2_MED_TALL_WITHCHOP.M2
common.mpq,WORLD\EXPANSION02\DOODADS\HOWLINGFJORD\FOG\HFJORD_FOG_01.M2,doodad_model,5664,1941,0x84000200,EC50F012F65C7D8DF004DBE073F5383BEFA6B78C,D:\Sirus\_client\World of Warcraft Sirus\Risen_Depths_Extract_2026-10-04\ADTDependencies\ByArchive\common.mpq\WORLD\EXPANSION02\DOODADS\HOWLINGFJORD\FOG\HFJORD_FOG_01.M2
common.mpq,WORLD\EXPANSION03\DOODADS\TWILIGHTHAMMER\SUMMONINGPORTALS\TWILIGHTSHAMMER_SUMMONINGPORTAL_WATER01.M2,doodad_model,163392,78279,0x84000200,A5C7EFA9E88DEE62A91D733B49FA2FA2F1097ED2,D:\Sirus\_client\World of Warcraft Sirus\Risen_Depths_Extract_2026-10-04\ADTDependencies\ByArchive\common.mpq\WORLD\EXPANSION03\DOODADS\TWILIGHTHAMMER\SUMMONINGPORTALS\TWILIGHTSHAMMER_SUMMONINGPORTAL_WATER01.M2
common.mpq,WORLD\GENERIC\MAKURA\PASSIVE DOODADS\MAKURASHELLS\MAKURASHELLS01.M2,doodad_model,18960,10890,0x84000200,760F8158F5D148FBE31602E06FC978FECDC2C0EC,D:\Sirus\_client\World of Warcraft Sirus\Risen_Depths_Extract_2026-10-04\ADTDependencies\ByArchive\common.mpq\WORLD\GENERIC\MAKURA\PASSIVE DOODADS\MAKURASHELLS\MAKURASHELLS01.M2
common.mpq,WORLD\GENERIC\MAKURA\PASSIVE DOODADS\MAKURASHELLS\MAKURASHELLS06.M2,doodad_model,23232,13258,0x84000200,6DCC2E9525924AE26BE2383040FC80306F20B428,D:\Sirus\_client\World of Warcraft Sirus\Risen_Depths_Extract_2026-10-04\ADTDependencies\ByArchive\common.mpq\WORLD\GENERIC\MAKURA\PASSIVE DOODADS\MAKURASHELLS\MAKURASHELLS06.M2
common.mpq,WORLD\GENERIC\MAKURA\PASSIVE DOODADS\MAKURASHELLS\MAKURASHELLS07.M2,doodad_model,22608,13174,0x84000200,1A51928F832B4BFA0DE401A30DE3A56E0DC2CCCA,D:\Sirus\_client\World of Warcraft Sirus\Risen_Depths_Extract_2026-10-04\ADTDependencies\ByArchive\common.mpq\WORLD\GENERIC\MAKURA\PASSIVE DOODADS\MAKURASHELLS\MAKURASHELLS07.M2
common.mpq,WORLD\GENERIC\NIGHTELF\PASSIVE DOODADS\STATUES\STATUEASZHARAARM.M2,doodad_model,13216,8272,0x84000200,8854568D09F17BA562CAEB0B05F4099B32F830DA,D:\Sirus\_client\World of Warcraft Sirus\Risen_Depths_Extract_2026-10-04\ADTDependencies\ByArchive\common.mpq\WORLD\GENERIC\NIGHTELF\PASSIVE DOODADS\STATUES\STATUEASZHARAARM.M2
common.mpq,WORLD\GENERIC\NIGHTELF\PASSIVE DOODADS\STATUES\STATUEASZHARAHEAD.M2,doodad_model,15552,10463,0x84000200,9C7CA67C740A1AFF8C810879EF7F7AC91A15F6EF,D:\Sirus\_client\World of Warcraft Sirus\Risen_Depths_Extract_2026-10-04\ADTDependencies\ByArchive\common.mpq\WORLD\GENERIC\NIGHTELF\PASSIVE DOODADS\STATUES\STATUEASZHARAHEAD.M2
common.mpq,WORLD\GENERIC\PASSIVEDOODADS\PLAINRUNE\RUNESTONE.M2,doodad_model,28064,10828,0x84000200,9FA2B6D7FDBD87F361EBC66EF2A4B79C5A714411,D:\Sirus\_client\World of Warcraft Sirus\Risen_Depths_Extract_2026-10-04\ADTDependencies\ByArchive\common.mpq\WORLD\GENERIC\PASSIVEDOODADS\PLAINRUNE\RUNESTONE.M2
common.mpq,WORLD\GENERIC\UNDEAD\PASSIVE DOODADS\UNDEADALCHEMYTABLE\UNDEAD_ALCHEMY_TABLE.M2,doodad_model,51728,18518,0x84000200,B8EED890EE84B7D1EA3AD3711D2D39813DD90864,D:\Sirus\_client\World of Warcraft Sirus\Risen_Depths_Extract_2026-10-04\ADTDependencies\ByArchive\common.mpq\WORLD\GENERIC\UNDEAD\PASSIVE DOODADS\UNDEADALCHEMYTABLE\UNDEAD_ALCHEMY_TABLE.M2
common.mpq,WORLD\KALIMDOR\ASHENVALE\PASSIVEDOODADS\SATYRRUINS\RUINSSATYRALTPILLAR01.M2,doodad_model,10384,4589,0x84000200,26A8E4F3B2727E70E9292209186C2BBB94CBB310,D:\Sirus\_client\World of Warcraft Sirus\Risen_Depths_Extract_2026-10-04\ADTDependencies\ByArchive\common.mpq\WORLD\KALIMDOR\ASHENVALE\PASSIVEDOODADS\SATYRRUINS\RUINSSATYRALTPILLAR01.M2
common.mpq,WORLD\KALIMDOR\ASHENVALE\PASSIVEDOODADS\SATYRRUINS\RUINSSATYRARCH.M2,doodad_model,29456,14474,0x84000200,14AE4135C8907DEACD7A80B6DB69FAD2B3777516,D:\Sirus\_client\World of Warcraft Sirus\Risen_Depths_Extract_2026-10-04\ADTDependencies\ByArchive\common.mpq\WORLD\KALIMDOR\ASHENVALE\PASSIVEDOODADS\SATYRRUINS\RUINSSATYRARCH.M2
common.mpq,WORLD\KALIMDOR\ASHENVALE\PASSIVEDOODADS\SATYRRUINS\RUINSSATYRWALL01.M2,doodad_model,8880,4698,0x84000200,5102FDBFC789415BDF727ED34A16024527B8F752,D:\Sirus\_client\World of Warcraft Sirus\Risen_Depths_Extract_2026-10-04\ADTDependencies\ByArchive\common.mpq\WORLD\KALIMDOR\ASHENVALE\PASSIVEDOODADS\SATYRRUINS\RUINSSATYRWALL01.M2
common.mpq,WORLD\KALIMDOR\ASHENVALE\PASSIVEDOODADS\SATYRRUINS\RUINSSATYRWALL02.M2,doodad_model,15664,8407,0x84000200,42D1B3DE0B7E5D30C53AC733E36EA9A16C7C8C6B,D:\Sirus\_client\World of Warcraft Sirus\Risen_Depths_Extract_2026-10-04\ADTDependencies\ByArchive\common.mpq\WORLD\KALIMDOR\ASHENVALE\PASSIVEDOODADS\SATYRRUINS\RUINSSATYRWALL02.M2
common.mpq,WORLD\KALIMDOR\ASHENVALE\PASSIVEDOODADS\SATYRRUINS\RUINSSATYRWALL03.M2,doodad_model,7472,4517,0x84000200,FE2F6316584F2B6C5ACFF53152D9458841759FCA,D:\Sirus\_client\World of Warcraft Sirus\Risen_Depths_Extract_2026-10-04\ADTDependencies\ByArchive\common.mpq\WORLD\KALIMDOR\ASHENVALE\PASSIVEDOODADS\SATYRRUINS\RUINSSATYRWALL03.M2
common.mpq,WORLD\KALIMDOR\ASHENVALE\PASSIVEDOODADS\SATYRRUINS\RUINSSATYRWALL04.M2,doodad_model,3648,2091,0x84000200,FB12E247976A1A70C9C3D31A02155D1C236024BC,D:\Sirus\_client\World of Warcraft Sirus\Risen_Depths_Extract_2026-10-04\ADTDependencies\ByArchive\common.mpq\WORLD\KALIMDOR\ASHENVALE\PASSIVEDOODADS\SATYRRUINS\RUINSSATYRWALL04.M2
common.mpq,WORLD\KALIMDOR\ASHENVALE\PASSIVEDOODADS\SATYRRUINS\RUINSSATYRWALL06.M2,doodad_model,7760,4040,0x84000200,8FA686D30364D3A9C501F9527E54F82C0016AC86,D:\Sirus\_client\World of Warcraft Sirus\Risen_Depths_Extract_2026-10-04\ADTDependencies\ByArchive\common.mpq\WORLD\KALIMDOR\ASHENVALE\PASSIVEDOODADS\SATYRRUINS\RUINSSATYRWALL06.M2
common.mpq,WORLD\KALIMDOR\ASHENVALE\PASSIVEDOODADS\SHRINES\NESHRINESATYR.M2,doodad_model,36224,17254,0x84000200,64A890076FF3046532E0F74F9A1BEC2D5C033899,D:\Sirus\_client\World of Warcraft Sirus\Risen_Depths_Extract_2026-10-04\ADTDependencies\ByArchive\common.mpq\WORLD\KALIMDOR\ASHENVALE\PASSIVEDOODADS\SHRINES\NESHRINESATYR.M2
common.mpq,WORLD\KALIMDOR\DARKSHORE\GIANTSEATURTLE\GIANTSEATURTLE03.M2,doodad_model,8704,5389,0x84000200,34FF59771D4D252A873F6E7A9363C039B955A637,D:\Sirus\_client\World of Warcraft Sirus\Risen_Depths_Extract_2026-10-04\ADTDependencies\ByArchive\common.mpq\WORLD\KALIMDOR\DARKSHORE\GIANTSEATURTLE\GIANTSEATURTLE03.M2
common.mpq,WORLD\KALIMDOR\DARKSHORE\GIANTSEATURTLE\GIANTSEATURTLE04.M2,doodad_model,6800,3998,0x84000200,124FB44134B809489D304265B7AEE350D2766752,D:\Sirus\_client\World of Warcraft Sirus\Risen_Depths_Extract_2026-10-04\ADTDependencies\ByArchive\common.mpq\WORLD\KALIMDOR\DARKSHORE\GIANTSEATURTLE\GIANTSEATURTLE04.M2
common.mpq,WORLD\KALIMDOR\DARKSHORE\GIANTSNAKESKULLS\SNAKESKULLGIANT.M2,doodad_model,24752,16160,0x84000200,E95B0F7EC6EE28101A71D3E502C6836A775423B2,D:\Sirus\_client\World of Warcraft Sirus\Risen_Depths_Extract_2026-10-04\ADTDependencies\ByArchive\common.mpq\WORLD\KALIMDOR\DARKSHORE\GIANTSNAKESKULLS\SNAKESKULLGIANT.M2
common.mpq,WORLD\KALIMDOR\DARKSHORE\GIANTSNAKESPINES\SNAKESPINEGIANT01.M2,doodad_model,23120,15645,0x84000200,B751C08D41CEED5AF8C301B0EA99E0F1FAA66AAF,D:\Sirus\_client\World of Warcraft Sirus\Risen_Depths_Extract_2026-10-04\ADTDependencies\ByArchive\common.mpq\WORLD\KALIMDOR\DARKSHORE\GIANTSNAKESPINES\SNAKESPINEGIANT01.M2
common.mpq,WORLD\KALIMDOR\DARKSHORE\GIANTSNAKESPINES\SNAKESPINEGIANT02.M2,doodad_model,21104,14096,0x84000200,1483074ACD5F9E8ED3CFBA680295F03BF238811B,D:\Sirus\_client\World of Warcraft Sirus\Risen_Depths_Extract_2026-10-04\ADTDependencies\ByArchive\common.mpq\WORLD\KALIMDOR\DARKSHORE\GIANTSNAKESPINES\SNAKESPINEGIANT02.M2
common.mpq,WORLD\KALIMDOR\DARKSHORE\PASSIVEDOODADS\SEAMONSTERCARCASS\DARKSHORESEAMONSTER01.M2,doodad_model,49216,28150,0x84000200,2B3AA9A2EB1848D066C1A4EE22CD22993AD9F64D,D:\Sirus\_client\World of Warcraft Sirus\Risen_Depths_Extract_2026-10-04\ADTDependencies\ByArchive\common.mpq\WORLD\KALIMDOR\DARKSHORE\PASSIVEDOODADS\SEAMONSTERCARCASS\DARKSHORESEAMONSTER01.M2
common.mpq,WORLD\KALIMDOR\DARKSHORE\THRESHADONCORPSE\DARKSHORETHRESHADONCORPSE.M2,doodad_model,39824,26487,0x84000200,191A8D169352A6D6BE36340C5A53BA14AF80702C,D:\Sirus\_client\World of Warcraft Sirus\Risen_Depths_Extract_2026-10-04\ADTDependencies\ByArchive\common.mpq\WORLD\KALIMDOR\DARKSHORE\THRESHADONCORPSE\DARKSHORETHRESHADONCORPSE.M2
common.mpq,WORLD\KALIMDOR\DESOLACE\PASSIVEDOODADS\ROCKS\DESOLACEROCK04.M2,doodad_model,8608,5749,0x84000200,8A03813430EBDEF3398687E308CD5B680C8E0745,D:\Sirus\_client\World of Warcraft Sirus\Risen_Depths_Extract_2026-10-04\ADTDependencies\ByArchive\common.mpq\WORLD\KALIMDOR\DESOLACE\PASSIVEDOODADS\ROCKS\DESOLACEROCK04.M2
common.mpq,WORLD\KALIMDOR\GENERIC\PASSIVEDOODADS\ELEVENDESTORYERWRECKBACK\ELVENDESTROYERWRECKBACK.M2,doodad_model,40784,21352,0x84000200,F350A0A2DE06A1728CE22833724C43EDD7DD3563,D:\Sirus\_client\World of Warcraft Sirus\Risen_Depths_Extract_2026-10-04\ADTDependencies\ByArchive\common.mpq\WORLD\KALIMDOR\GENERIC\PASSIVEDOODADS\ELEVENDESTORYERWRECKBACK\ELVENDESTROYERWRECKBACK.M2
common.mpq,WORLD\KALIMDOR\GENERIC\PASSIVEDOODADS\ELEVENDESTORYERWRECKFRONT\ELVENDESTROYERWRECKFRONT.M2,doodad_model,44112,26214,0x84000200,6B2ADA5DA5BBC52EA0582CDDD694EF27B60AFE07,D:\Sirus\_client\World of Warcraft Sirus\Risen_Depths_Extract_2026-10-04\ADTDependencies\ByArchive\common.mpq\WORLD\KALIMDOR\GENERIC\PASSIVEDOODADS\ELEVENDESTORYERWRECKFRONT\ELVENDESTROYERWRECKFRONT.M2
common.mpq,WORLD\KALIMDOR\GENERIC\PASSIVEDOODADS\ELEVENDESTORYERWRECKSAILS\ELVENDESTROYERWRECKSAILS.M2,doodad_model,9696,5905,0x84000200,32503000A80BED55682AD1375FB19591F9F044F7,D:\Sirus\_client\World of Warcraft Sirus\Risen_Depths_Extract_2026-10-04\ADTDependencies\ByArchive\common.mpq\WORLD\KALIMDOR\GENERIC\PASSIVEDOODADS\ELEVENDESTORYERWRECKSAILS\ELVENDESTROYERWRECKSAILS.M2
common.mpq,WORLD\KALIMDOR\SILITHUS\PASSIVEDOODADS\TWILIGHTTABLET\TWILIGHTTABLETUPPER.M2,doodad_model,7616,3394,0x84000200,80230407EFC52ACF369DCDF513C898387C482446,D:\Sirus\_client\World of Warcraft Sirus\Risen_Depths_Extract_2026-10-04\ADTDependencies\ByArchive\common.mpq\WORLD\KALIMDOR\SILITHUS\PASSIVEDOODADS\TWILIGHTTABLET\TWILIGHTTABLETUPPER.M2
common.mpq,WORLD\WMO\DUNGEON\BOREANMAGNATAURMICRO\BOREANMAGNATAURMICRO_1ROOM.WMO,wmo,3016,1735,0x84000200,6F02BC6479579C97FEFD1C415D4E65DCBF44FE51,D:\Sirus\_client\World of Warcraft Sirus\Risen_Depths_Extract_2026-10-04\ADTDependencies\ByArchive\common.mpq\WORLD\WMO\DUNGEON\BOREANMAGNATAURMICRO\BOREANMAGNATAURMICRO_1ROOM.WMO
common.mpq,WORLD\WMO\DUNGEON\MD_MOUNTAINCAVE\MD_MUSHROOMCAVE07.WMO,wmo,8808,5204,0x84000200,AA9FFF7AC5CCE3FFB1D03E35F68714B84B2A6D39,D:\Sirus\_client\World of Warcraft Sirus\Risen_Depths_Extract_2026-10-04\ADTDependencies\ByArchive\common.mpq\WORLD\WMO\DUNGEON\MD_MOUNTAINCAVE\MD_MUSHROOMCAVE07.WMO
common.mpq,WORLD\WMO\DUNGEON\MD_MOUNTAINCAVE\MD_UNDERWATERCAVE_MEDIUM.WMO,wmo,2888,1234,0x84000200,8E2D325CBE189706AC9765C08BE2809F1B72321B,D:\Sirus\_client\World of Warcraft Sirus\Risen_Depths_Extract_2026-10-04\ADTDependencies\ByArchive\common.mpq\WORLD\WMO\DUNGEON\MD_MOUNTAINCAVE\MD_UNDERWATERCAVE_MEDIUM.WMO
common.mpq,WORLD\WMO\DUNGEON\MD_SHIPWRECK\SHIPWRECK_A.WMO,wmo,5264,2475,0x84000200,4C95EF0A214B177703D18F2A84238A058EE5C79E,D:\Sirus\_client\World of Warcraft Sirus\Risen_Depths_Extract_2026-10-04\ADTDependencies\ByArchive\common.mpq\WORLD\WMO\DUNGEON\MD_SHIPWRECK\SHIPWRECK_A.WMO
common.mpq,WORLD\WMO\DUNGEON\MD_SHIPWRECK\SHIPWRECK_B.WMO,wmo,3700,1853,0x84000200,5E5E1CF4CE466DAB892C5BB7AE6D2D62104CE448,D:\Sirus\_client\World of Warcraft Sirus\Risen_Depths_Extract_2026-10-04\ADTDependencies\ByArchive\common.mpq\WORLD\WMO\DUNGEON\MD_SHIPWRECK\SHIPWRECK_B.WMO
common.mpq,WORLD\WMO\DUNGEON\MD_SHIPWRECK\SHIPWRECK_C.WMO,wmo,1068,370,0x84000200,19AE62D0EE0276D6C21E18D2A40DFF5E03EF0D96,D:\Sirus\_client\World of Warcraft Sirus\Risen_Depths_Extract_2026-10-04\ADTDependencies\ByArchive\common.mpq\WORLD\WMO\DUNGEON\MD_SHIPWRECK\SHIPWRECK_C.WMO
common.mpq,WORLD\WMO\DUNGEON\MD_SHIPWRECK\SHIPWRECK_D.WMO,wmo,1204,401,0x84000200,B3E55466A914CFF9DB2ADC40911F79A09884DB6B,D:\Sirus\_client\World of Warcraft Sirus\Risen_Depths_Extract_2026-10-04\ADTDependencies\ByArchive\common.mpq\WORLD\WMO\DUNGEON\MD_SHIPWRECK\SHIPWRECK_D.WMO
common.mpq,WORLD\WMO\DUNGEON\MD_SHIPWRECK\SHIPWRECK_DBACK.WMO,wmo,1292,639,0x84000200,8FABAF1E832E29AC3BC076330900C5CFADF1AA45,D:\Sirus\_client\World of Warcraft Sirus\Risen_Depths_Extract_2026-10-04\ADTDependencies\ByArchive\common.mpq\WORLD\WMO\DUNGEON\MD_SHIPWRECK\SHIPWRECK_DBACK.WMO
common.mpq,WORLD\WMO\DUNGEON\MD_SHIPWRECK\SHIPWRECK_DFRONT.WMO,wmo,3024,1401,0x84000200,459A979D913F3803BD1455BABE664B7CEABC9208,D:\Sirus\_client\World of Warcraft Sirus\Risen_Depths_Extract_2026-10-04\ADTDependencies\ByArchive\common.mpq\WORLD\WMO\DUNGEON\MD_SHIPWRECK\SHIPWRECK_DFRONT.WMO
common.mpq,WORLD\WMO\KALIMDOR\BUILDINGS\NAGAPAGODA\NAGAPAGODA01.WMO,wmo,476,296,0x84000200,820F4FD8346F461AB13A56B0D45B9DCFB5BF0E25,D:\Sirus\_client\World of Warcraft Sirus\Risen_Depths_Extract_2026-10-04\ADTDependencies\ByArchive\common.mpq\WORLD\WMO\KALIMDOR\BUILDINGS\NAGAPAGODA\NAGAPAGODA01.WMO
common.mpq,WORLD\WMO\KALIMDOR\BUILDINGS\ORCKENNEL\ABANDONEDORCKENNEL.WMO,wmo,1132,385,0x84000200,C610A28C3105118485A6835493C4E387A875CB1D,D:\Sirus\_client\World of Warcraft Sirus\Risen_Depths_Extract_2026-10-04\ADTDependencies\ByArchive\common.mpq\WORLD\WMO\KALIMDOR\BUILDINGS\ORCKENNEL\ABANDONEDORCKENNEL.WMO
common.mpq,WORLD\WMO\KALIMDOR\BUILDINGS\QUILLBOAR\BIGHOUSE.WMO,wmo,920,356,0x84000200,04C2B45AD15E47583F1A5551EF2A305049A19B52,D:\Sirus\_client\World of Warcraft Sirus\Risen_Depths_Extract_2026-10-04\ADTDependencies\ByArchive\common.mpq\WORLD\WMO\KALIMDOR\BUILDINGS\QUILLBOAR\BIGHOUSE.WMO
common.mpq,WORLD\WMO\KALIMDOR\COLLIDABLEDOODADS\DARKSHORE\GIANTSEATURTLE01\GIANTSEATURTLE01.WMO,wmo,1680,495,0x84000200,3E464454E29914D65B4BB1F179E2DE15F553167A,D:\Sirus\_client\World of Warcraft Sirus\Risen_Depths_Extract_2026-10-04\ADTDependencies\ByArchive\common.mpq\WORLD\WMO\KALIMDOR\COLLIDABLEDOODADS\DARKSHORE\GIANTSEATURTLE01\GIANTSEATURTLE01.WMO
common.mpq,WORLD\WMO\KALIMDOR\COLLIDABLEDOODADS\DARKSHORE\GIANTSEATURTLE02\GIANTSEATURTLE02.WMO,wmo,728,328,0x84000200,2A3977FDC11BC8BE0EA537DB4411E2F156B84C0C,D:\Sirus\_client\World of Warcraft Sirus\Risen_Depths_Extract_2026-10-04\ADTDependencies\ByArchive\common.mpq\WORLD\WMO\KALIMDOR\COLLIDABLEDOODADS\DARKSHORE\GIANTSEATURTLE02\GIANTSEATURTLE02.WMO
common.mpq,WORLD\WMO\NORTHREND\BUILDINGS\FORSAKEN\SHIPWRECK\ND_FORSAKEN_SHIPWRECK.WMO,wmo,7056,2836,0x84000200,6FFF3637B01D9AE635DEB5BE145895AFF4F64042,D:\Sirus\_client\World of Warcraft Sirus\Risen_Depths_Extract_2026-10-04\ADTDependencies\ByArchive\common.mpq\WORLD\WMO\NORTHREND\BUILDINGS\FORSAKEN\SHIPWRECK\ND_FORSAKEN_SHIPWRECK.WMO
common.mpq,WORLD\WMO\TRANSPORTS\VRYKULBOATS\TRANSPORT_VRYKUL_LARGE.WMO,wmo,3604,1633,0x84000200,058BCBCDD665E6887F99395F692945F775CD7556,D:\Sirus\_client\World of Warcraft Sirus\Risen_Depths_Extract_2026-10-04\ADTDependencies\ByArchive\common.mpq\WORLD\WMO\TRANSPORTS\VRYKULBOATS\TRANSPORT_VRYKUL_LARGE.WMO
common.mpq,WORLD\WMO\TRANSPORTS\VRYKULBOATS\TRANSPORT_VRYKUL_LARGELESS.WMO,wmo,3604,1634,0x84000200,2C80E355CCF06B2026E3BC0E6286AD59C4A19DF7,D:\Sirus\_client\World of Warcraft Sirus\Risen_Depths_Extract_2026-10-04\ADTDependencies\ByArchive\common.mpq\WORLD\WMO\TRANSPORTS\VRYKULBOATS\TRANSPORT_VRYKUL_LARGELESS.WMO
patch-4.MPQ,tileset\expansion03\vashjir\vj_braincoral01.blp,terrain_texture,44876,40146,0x80010200,DD4F3BA60718840EF18F51E852428AFD857EDA8D,D:\Sirus\_client\World of Warcraft Sirus\Risen_Depths_Extract_2026-10-04\ADTDependencies\ByArchive\patch-4.MPQ\tileset\expansion03\vashjir\vj_braincoral01.blp
patch-4.MPQ,tileset\expansion03\vashjir\vj_braincoral02.blp,terrain_texture,44876,40201,0x80010200,24DA7A3851131FE03D0E43297048C3937E5586CA,D:\Sirus\_client\World of Warcraft Sirus\Risen_Depths_Extract_2026-10-04\ADTDependencies\ByArchive\patch-4.MPQ\tileset\expansion03\vashjir\vj_braincoral02.blp
patch-4.MPQ,tileset\expansion03\vashjir\vj_coral01.blp,terrain_texture,44876,42125,0x80010200,1098F8EF720C88A2004083E7935B7FDC32FA4DFB,D:\Sirus\_client\World of Warcraft Sirus\Risen_Depths_Extract_2026-10-04\ADTDependencies\ByArchive\patch-4.MPQ\tileset\expansion03\vashjir\vj_coral01.blp
patch-4.MPQ,tileset\expansion03\vashjir\vj_coral02.blp,terrain_texture,44876,42381,0x80010200,A3F92629F736F768F3F73568BC528A29E8887E2D,D:\Sirus\_client\World of Warcraft Sirus\Risen_Depths_Extract_2026-10-04\ADTDependencies\ByArchive\patch-4.MPQ\tileset\expansion03\vashjir\vj_coral02.blp
patch-4.MPQ,tileset\expansion03\vashjir\vj_coral03.blp,terrain_texture,44876,42418,0x80010200,A4813491A5966873AC584ACEE541246DC4D8C37F,D:\Sirus\_client\World of Warcraft Sirus\Risen_Depths_Extract_2026-10-04\ADTDependencies\ByArchive\patch-4.MPQ\tileset\expansion03\vashjir\vj_coral03.blp
patch-4.MPQ,tileset\expansion03\vashjir\vj_coralaccent01.blp,terrain_texture,44876,42616,0x80010200,D40636CEB5DC363E5234005D264CA6DF98DBAFF9,D:\Sirus\_client\World of Warcraft Sirus\Risen_Depths_Extract_2026-10-04\ADTDependencies\ByArchive\patch-4.MPQ\tileset\expansion03\vashjir\vj_coralaccent01.blp
patch-4.MPQ,tileset\expansion03\vashjir\vj_coralaccent02.blp,terrain_texture,44876,43035,0x80010200,8E7B12CFEF7B4EFA87E64624D3F3785413F15210,D:\Sirus\_client\World of Warcraft Sirus\Risen_Depths_Extract_2026-10-04\ADTDependencies\ByArchive\patch-4.MPQ\tileset\expansion03\vashjir\vj_coralaccent02.blp
patch-4.MPQ,tileset\expansion03\vashjir\vj_dirt01.blp,terrain_texture,44876,37017,0x80010200,7A8DAC434ED5B76FAB801EAEC745DD8F3F169EBC,D:\Sirus\_client\World of Warcraft Sirus\Risen_Depths_Extract_2026-10-04\ADTDependencies\ByArchive\patch-4.MPQ\tileset\expansion03\vashjir\vj_dirt01.blp
patch-4.MPQ,tileset\expansion03\vashjir\vj_groundcovera.blp,terrain_texture,44876,42258,0x80010200,02CEA5A432DFD2C7066A59C5B31F7B8DAA29DA79,D:\Sirus\_client\World of Warcraft Sirus\Risen_Depths_Extract_2026-10-04\ADTDependencies\ByArchive\patch-4.MPQ\tileset\expansion03\vashjir\vj_groundcovera.blp
patch-4.MPQ,tileset\expansion03\vashjir\vj_minerala.blp,terrain_texture,44876,39495,0x80010200,D7AD3BA82DC729B77BEE28C2AA8E1EBA03330CBD,D:\Sirus\_client\World of Warcraft Sirus\Risen_Depths_Extract_2026-10-04\ADTDependencies\ByArchive\patch-4.MPQ\tileset\expansion03\vashjir\vj_minerala.blp
patch-4.MPQ,tileset\expansion03\vashjir\vj_mineralaccenta.blp,terrain_texture,44876,36393,0x80010200,CF7219068716199729E300B90E3A422B0ADE8E49,D:\Sirus\_client\World of Warcraft Sirus\Risen_Depths_Extract_2026-10-04\ADTDependencies\ByArchive\patch-4.MPQ\tileset\expansion03\vashjir\vj_mineralaccenta.blp
patch-4.MPQ,tileset\expansion03\vashjir\vj_mineralb.blp,terrain_texture,44876,37552,0x80010200,FA8D2F0EAA3F6EEF6AF6DFA89061F3564F1935DE,D:\Sirus\_client\World of Warcraft Sirus\Risen_Depths_Extract_2026-10-04\ADTDependencies\ByArchive\patch-4.MPQ\tileset\expansion03\vashjir\vj_mineralb.blp
patch-4.MPQ,tileset\expansion03\vashjir\vj_moss01.blp,terrain_texture,44876,39724,0x80010200,0ABF32213D6962B110E39C2CCCAD63E2D043A439,D:\Sirus\_client\World of Warcraft Sirus\Risen_Depths_Extract_2026-10-04\ADTDependencies\ByArchive\patch-4.MPQ\tileset\expansion03\vashjir\vj_moss01.blp
patch-4.MPQ,tileset\expansion03\vashjir\vj_moss02.blp,terrain_texture,44876,42695,0x80010200,D6003528BC35133D655DB6439C738C373BB648BC,D:\Sirus\_client\World of Warcraft Sirus\Risen_Depths_Extract_2026-10-04\ADTDependencies\ByArchive\patch-4.MPQ\tileset\expansion03\vashjir\vj_moss02.blp
patch-4.MPQ,tileset\expansion03\vashjir\vj_rock01.blp,terrain_texture,44876,38082,0x80010200,B0CC55793316EFDC85A0FFBFCC03C63359CB7DEF,D:\Sirus\_client\World of Warcraft Sirus\Risen_Depths_Extract_2026-10-04\ADTDependencies\ByArchive\patch-4.MPQ\tileset\expansion03\vashjir\vj_rock01.blp
patch-4.MPQ,tileset\expansion03\vashjir\vj_sand01.blp,terrain_texture,44876,32846,0x80010200,BBD4BC9AC54E1CA688C6FA8D2EF9E54C62817E8B,D:\Sirus\_client\World of Warcraft Sirus\Risen_Depths_Extract_2026-10-04\ADTDependencies\ByArchive\patch-4.MPQ\tileset\expansion03\vashjir\vj_sand01.blp
patch-4.MPQ,tileset\expansion03\vashjir\vj_seaweed_01.blp,terrain_texture,44876,40298,0x80010200,4BEDCAD75AE48DC4144DA0BC7B8BD21861F40838,D:\Sirus\_client\World of Warcraft Sirus\Risen_Depths_Extract_2026-10-04\ADTDependencies\ByArchive\patch-4.MPQ\tileset\expansion03\vashjir\vj_seaweed_01.blp
patch-4.MPQ,tileset\expansion03\vashjir\vj_simplepaverc02.blp,terrain_texture,44876,31382,0x80010200,E0D3E67885CBFF8C5B62E5CDF531627EAC2BF228,D:\Sirus\_client\World of Warcraft Sirus\Risen_Depths_Extract_2026-10-04\ADTDependencies\ByArchive\patch-4.MPQ\tileset\expansion03\vashjir\vj_simplepaverc02.blp
patch-4.MPQ,tileset\expansion03\vashjir\vj_weedsa.blp,terrain_texture,44876,39976,0x80010200,472566B727E12B37130EF94C7EE1A388A47861F6,D:\Sirus\_client\World of Warcraft Sirus\Risen_Depths_Extract_2026-10-04\ADTDependencies\ByArchive\patch-4.MPQ\tileset\expansion03\vashjir\vj_weedsa.blp
patch-4.MPQ,tileset\expansion04\turtlezone\tu_grass01.blp,terrain_texture,44876,38280,0x80010200,69A3B75E8CA683A11F1109F9DB336A43DABA7FB3,D:\Sirus\_client\World of Warcraft Sirus\Risen_Depths_Extract_2026-10-04\ADTDependencies\ByArchive\patch-4.MPQ\tileset\expansion04\turtlezone\tu_grass01.blp
patch-4.MPQ,tileset\expansion04\turtlezone\tu_rock10.blp,terrain_texture,44876,34930,0x80010200,F0AAF8E054B19336E417AA09CA7D6EF74E055066,D:\Sirus\_client\World of Warcraft Sirus\Risen_Depths_Extract_2026-10-04\ADTDependencies\ByArchive\patch-4.MPQ\tileset\expansion04\turtlezone\tu_rock10.blp
patch-4.MPQ,tileset\hyjal\cooledmudashe.blp,terrain_texture,44876,30719,0x80010200,E489AB48C2AC0A1B9A33690C907176C1CCD6DD7B,D:\Sirus\_client\World of Warcraft Sirus\Risen_Depths_Extract_2026-10-04\ADTDependencies\ByArchive\patch-4.MPQ\tileset\hyjal\cooledmudashe.blp
patch-4.MPQ,tileset\hyjal\hyjalrockf.blp,terrain_texture,44876,33744,0x80010200,109FE10F6C4B040C379D889EBB4FE3637BD1D6FB,D:\Sirus\_client\World of Warcraft Sirus\Risen_Depths_Extract_2026-10-04\ADTDependencies\ByArchive\patch-4.MPQ\tileset\hyjal\hyjalrockf.blp
patch-6.MPQ,WORLD\AZEROTH\ZULGURUB\PASSIVEDOODADS\CAULDRONS\ZG_CAULDRON_ICE.M2,doodad_model,54426,21499,0x80010200,FBE452E2EA55CC1FEA6075716A3D6EC6FC30121D,D:\Sirus\_client\World of Warcraft Sirus\Risen_Depths_Extract_2026-10-04\ADTDependencies\ByArchive\patch-6.MPQ\WORLD\AZEROTH\ZULGURUB\PASSIVEDOODADS\CAULDRONS\ZG_CAULDRON_ICE.M2
patch-6.MPQ,WORLD\EXPANSION01\DOODADS\GENERIC\NAGA\ARTIFACT\NA_ARTIFACT01.M2,doodad_model,76476,37049,0x80010200,ECAB94450DFBC65DC252FE64B9C6EC3EF0D8BBEA,D:\Sirus\_client\World of Warcraft Sirus\Risen_Depths_Extract_2026-10-04\ADTDependencies\ByArchive\patch-6.MPQ\WORLD\EXPANSION01\DOODADS\GENERIC\NAGA\ARTIFACT\NA_ARTIFACT01.M2
patch-6.MPQ,WORLD\EXPANSION02\DOODADS\GENERIC\VRYKUL\HAY\VR_HAYBAIL_01.M2,doodad_model,3682,1397,0x80010200,C0221D197AE27A8F3E85756D812C2AFB428183B0,D:\Sirus\_client\World of Warcraft Sirus\Risen_Depths_Extract_2026-10-04\ADTDependencies\ByArchive\patch-6.MPQ\WORLD\EXPANSION02\DOODADS\GENERIC\VRYKUL\HAY\VR_HAYBAIL_01.M2
patch-6.MPQ,WORLD\EXPANSION03\DOODADS\ABYSSALMAW\CORAL\ABYSSAL_FISH02.M2,doodad_model,45792,28506,0x80010200,602A92001A7EA104F25673942752418B3DB58BB2,D:\Sirus\_client\World of Warcraft Sirus\Risen_Depths_Extract_2026-10-04\ADTDependencies\ByArchive\patch-6.MPQ\WORLD\EXPANSION03\DOODADS\ABYSSALMAW\CORAL\ABYSSAL_FISH02.M2
patch-6.MPQ,WORLD\EXPANSION03\DOODADS\ABYSSALMAW\CORAL\ABYSSAL_SEAWEED_BLUE_02.M2,doodad_model,52706,21882,0x80010200,60147B0D97B66A0B4362BC232A43D5261AF06394,D:\Sirus\_client\World of Warcraft Sirus\Risen_Depths_Extract_2026-10-04\ADTDependencies\ByArchive\patch-6.MPQ\WORLD\EXPANSION03\DOODADS\ABYSSALMAW\CORAL\ABYSSAL_SEAWEED_BLUE_02.M2
patch-6.MPQ,WORLD\EXPANSION03\DOODADS\VASHJIR\ANEMONE\VJ_ANEMONELRG01.M2,doodad_model,38562,19666,0x80010200,A78CA548EDC511D1C9786E9A5D1B54FF67AB60F8,D:\Sirus\_client\World of Warcraft Sirus\Risen_Depths_Extract_2026-10-04\ADTDependencies\ByArchive\patch-6.MPQ\WORLD\EXPANSION03\DOODADS\VASHJIR\ANEMONE\VJ_ANEMONELRG01.M2
patch-6.MPQ,WORLD\EXPANSION03\DOODADS\VASHJIR\ANEMONE\VJ_ANEMONELRG02.M2,doodad_model,28050,14197,0x80010200,49D5D5D18E6652BAC55E62E561E620D03CE3ACB5,D:\Sirus\_client\World of Warcraft Sirus\Risen_Depths_Extract_2026-10-04\ADTDependencies\ByArchive\patch-6.MPQ\WORLD\EXPANSION03\DOODADS\VASHJIR\ANEMONE\VJ_ANEMONELRG02.M2
patch-6.MPQ,WORLD\EXPANSION03\DOODADS\VASHJIR\ANEMONE\VJ_ANEMONELRG03.M2,doodad_model,41138,22649,0x80010200,0276C33E90C504EF3FF153689B3F38F2BF8CBBFD,D:\Sirus\_client\World of Warcraft Sirus\Risen_Depths_Extract_2026-10-04\ADTDependencies\ByArchive\patch-6.MPQ\WORLD\EXPANSION03\DOODADS\VASHJIR\ANEMONE\VJ_ANEMONELRG03.M2
patch-6.MPQ,WORLD\EXPANSION03\DOODADS\VASHJIR\ANEMONE\VJ_ANEMONELRG05.M2,doodad_model,43170,21187,0x80010200,C89CB6FB64146F96E0A6F5CD3B93CB78B672528B,D:\Sirus\_client\World of Warcraft Sirus\Risen_Depths_Extract_2026-10-04\ADTDependencies\ByArchive\patch-6.MPQ\WORLD\EXPANSION03\DOODADS\VASHJIR\ANEMONE\VJ_ANEMONELRG05.M2
patch-6.MPQ,WORLD\EXPANSION03\DOODADS\VASHJIR\ANEMONE\VJ_ANEMONESM01.M2,doodad_model,37906,20255,0x80010200,55FEC76673687CCA85CE13CEA890741DC9EE1DFE,D:\Sirus\_client\World of Warcraft Sirus\Risen_Depths_Extract_2026-10-04\ADTDependencies\ByArchive\patch-6.MPQ\WORLD\EXPANSION03\DOODADS\VASHJIR\ANEMONE\VJ_ANEMONESM01.M2
patch-6.MPQ,WORLD\EXPANSION03\DOODADS\VASHJIR\ANEMONE\VJ_ANEMONESM03.M2,doodad_model,28514,16012,0x80010200,E03434CA309A5D029954D5D3B261692E61D58E53,D:\Sirus\_client\World of Warcraft Sirus\Risen_Depths_Extract_2026-10-04\ADTDependencies\ByArchive\patch-6.MPQ\WORLD\EXPANSION03\DOODADS\VASHJIR\ANEMONE\VJ_ANEMONESM03.M2
patch-6.MPQ,WORLD\EXPANSION03\DOODADS\VASHJIR\ANEMONE\VJ_GIANTANEMONE01.M2,doodad_model,219522,108367,0x80010200,1F76122A4425EAD820F2681E5025D03BD1147CF7,D:\Sirus\_client\World of Warcraft Sirus\Risen_Depths_Extract_2026-10-04\ADTDependencies\ByArchive\patch-6.MPQ\WORLD\EXPANSION03\DOODADS\VASHJIR\ANEMONE\VJ_GIANTANEMONE01.M2
patch-6.MPQ,WORLD\EXPANSION03\DOODADS\VASHJIR\ANEMONE\VJ_GIANTANEMONE02.M2,doodad_model,219522,108377,0x80010200,9DEC8B5CA201C1D2517FFB9D115ED3C23D0FEF7D,D:\Sirus\_client\World of Warcraft Sirus\Risen_Depths_Extract_2026-10-04\ADTDependencies\ByArchive\patch-6.MPQ\WORLD\EXPANSION03\DOODADS\VASHJIR\ANEMONE\VJ_GIANTANEMONE02.M2
patch-6.MPQ,WORLD\EXPANSION03\DOODADS\VASHJIR\BONES\VJ_WHALEBONES_01.M2,doodad_model,30178,21567,0x80010200,68AF4E5FF8E4A2F9DE1253CD950A3677E8F1E981,D:\Sirus\_client\World of Warcraft Sirus\Risen_Depths_Extract_2026-10-04\ADTDependencies\ByArchive\patch-6.MPQ\WORLD\EXPANSION03\DOODADS\VASHJIR\BONES\VJ_WHALEBONES_01.M2
patch-6.MPQ,WORLD\EXPANSION03\DOODADS\VASHJIR\BONES\VJ_WHALEBONES_04.M2,doodad_model,45362,31023,0x80010200,DEDF4173B6DA16F90D5F963C0A4A271038DB72A7,D:\Sirus\_client\World of Warcraft Sirus\Risen_Depths_Extract_2026-10-04\ADTDependencies\ByArchive\patch-6.MPQ\WORLD\EXPANSION03\DOODADS\VASHJIR\BONES\VJ_WHALEBONES_04.M2
patch-6.MPQ,WORLD\EXPANSION03\DOODADS\VASHJIR\CORALS\VJ_BUSHCORALBROWN01.M2,doodad_model,20642,12532,0x80010200,443D147F2614C74B3F3A5C7AB9F57705A22293E7,D:\Sirus\_client\World of Warcraft Sirus\Risen_Depths_Extract_2026-10-04\ADTDependencies\ByArchive\patch-6.MPQ\WORLD\EXPANSION03\DOODADS\VASHJIR\CORALS\VJ_BUSHCORALBROWN01.M2
patch-6.MPQ,WORLD\EXPANSION03\DOODADS\VASHJIR\CORALS\VJ_CORAL_TREE_LARGE_01.M2,doodad_model,40162,25511,0x80010200,961FB6CDE325E0623101D2A651F85207F21E34BB,D:\Sirus\_client\World of Warcraft Sirus\Risen_Depths_Extract_2026-10-04\ADTDependencies\ByArchive\patch-6.MPQ\WORLD\EXPANSION03\DOODADS\VASHJIR\CORALS\VJ_CORAL_TREE_LARGE_01.M2
patch-6.MPQ,WORLD\EXPANSION03\DOODADS\VASHJIR\CORALS\VJ_CORAL_TREE_LARGE_03.M2,doodad_model,35330,22440,0x80010200,AE7EB4200ACF8C7F011E8F067CB413307935E39F,D:\Sirus\_client\World of Warcraft Sirus\Risen_Depths_Extract_2026-10-04\ADTDependencies\ByArchive\patch-6.MPQ\WORLD\EXPANSION03\DOODADS\VASHJIR\CORALS\VJ_CORAL_TREE_LARGE_03.M2
patch-6.MPQ,WORLD\EXPANSION03\DOODADS\VASHJIR\CORALS\VJ_CORALBUSH_BLUEGREEN01.M2,doodad_model,4626,2086,0x80010200,BB159C2AAD79641D014A3BF43FE6F53A49F81BC7,D:\Sirus\_client\World of Warcraft Sirus\Risen_Depths_Extract_2026-10-04\ADTDependencies\ByArchive\patch-6.MPQ\WORLD\EXPANSION03\DOODADS\VASHJIR\CORALS\VJ_CORALBUSH_BLUEGREEN01.M2
patch-6.MPQ,WORLD\EXPANSION03\DOODADS\VASHJIR\CORALS\VJ_CORALBUSH_GRAY02.M2,doodad_model,4002,2065,0x80010200,F64769334AFB5EFDB9042F6184A1B9CBDBD024D6,D:\Sirus\_client\World of Warcraft Sirus\Risen_Depths_Extract_2026-10-04\ADTDependencies\ByArchive\patch-6.MPQ\WORLD\EXPANSION03\DOODADS\VASHJIR\CORALS\VJ_CORALBUSH_GRAY02.M2
patch-6.MPQ,WORLD\EXPANSION03\DOODADS\VASHJIR\CORALS\VJ_CORALBUSH_GREEN01.M2,doodad_model,4002,2065,0x80010200,02FB4E088A03BB11637FD4BE536D61EC136E0682,D:\Sirus\_client\World of Warcraft Sirus\Risen_Depths_Extract_2026-10-04\ADTDependencies\ByArchive\patch-6.MPQ\WORLD\EXPANSION03\DOODADS\VASHJIR\CORALS\VJ_CORALBUSH_GREEN01.M2
patch-6.MPQ,WORLD\EXPANSION03\DOODADS\VASHJIR\CORALS\VJ_CORALBUSH_GREEN02.M2,doodad_model,4002,2065,0x80010200,20C5993099C34D15CC525AAF920D77FCC4FDFE0C,D:\Sirus\_client\World of Warcraft Sirus\Risen_Depths_Extract_2026-10-04\ADTDependencies\ByArchive\patch-6.MPQ\WORLD\EXPANSION03\DOODADS\VASHJIR\CORALS\VJ_CORALBUSH_GREEN02.M2
patch-6.MPQ,WORLD\EXPANSION03\DOODADS\VASHJIR\CORALS\VJ_CORALBUSH_ORANGE01.M2,doodad_model,4002,2060,0x80010200,F25612E52183A1E033A4BB0963B251B4C472C2E8,D:\Sirus\_client\World of Warcraft Sirus\Risen_Depths_Extract_2026-10-04\ADTDependencies\ByArchive\patch-6.MPQ\WORLD\EXPANSION03\DOODADS\VASHJIR\CORALS\VJ_CORALBUSH_ORANGE01.M2
patch-6.MPQ,WORLD\EXPANSION03\DOODADS\VASHJIR\CORALS\VJ_CORALBUSH_PINK01.M2,doodad_model,4434,2257,0x80010200,10129FFB8250D6B1CEFF80BC8AEFDC78709E4DC1,D:\Sirus\_client\World of Warcraft Sirus\Risen_Depths_Extract_2026-10-04\ADTDependencies\ByArchive\patch-6.MPQ\WORLD\EXPANSION03\DOODADS\VASHJIR\CORALS\VJ_CORALBUSH_PINK01.M2
patch-6.MPQ,WORLD\EXPANSION03\DOODADS\VASHJIR\CORALS\VJ_CORALBUSH_PURPLE02.M2,doodad_model,4002,2069,0x80010200,5D2EA1F3562ADD153F9A15E7B17D32EAE9C54E46,D:\Sirus\_client\World of Warcraft Sirus\Risen_Depths_Extract_2026-10-04\ADTDependencies\ByArchive\patch-6.MPQ\WORLD\EXPANSION03\DOODADS\VASHJIR\CORALS\VJ_CORALBUSH_PURPLE02.M2
patch-6.MPQ,WORLD\EXPANSION03\DOODADS\VASHJIR\CORALS\VJ_CORALBUSH_RED02.M2,doodad_model,4002,2065,0x80010200,EF2765BCC9B52315FF996837E3194A906DAD4B03,D:\Sirus\_client\World of Warcraft Sirus\Risen_Depths_Extract_2026-10-04\ADTDependencies\ByArchive\patch-6.MPQ\WORLD\EXPANSION03\DOODADS\VASHJIR\CORALS\VJ_CORALBUSH_RED02.M2
patch-6.MPQ,WORLD\EXPANSION03\DOODADS\VASHJIR\CORALS\VJ_CORALCLUSTERTOP02.M2,doodad_model,66546,45331,0x80010200,44B4674EA4B5014DF34701F9A21B4C938C36C86E,D:\Sirus\_client\World of Warcraft Sirus\Risen_Depths_Extract_2026-10-04\ADTDependencies\ByArchive\patch-6.MPQ\WORLD\EXPANSION03\DOODADS\VASHJIR\CORALS\VJ_CORALCLUSTERTOP02.M2
patch-6.MPQ,WORLD\EXPANSION03\DOODADS\VASHJIR\CORALS\VJ_CORALFLATGREEN_01.M2,doodad_model,14050,7091,0x80010200,EA54063FF5176EE9177C5B2926D7E5726101CB72,D:\Sirus\_client\World of Warcraft Sirus\Risen_Depths_Extract_2026-10-04\ADTDependencies\ByArchive\patch-6.MPQ\WORLD\EXPANSION03\DOODADS\VASHJIR\CORALS\VJ_CORALFLATGREEN_01.M2
patch-6.MPQ,WORLD\EXPANSION03\DOODADS\VASHJIR\CORALS\VJ_CORALFLATPURPLE_01.M2,doodad_model,14050,7094,0x80010200,8F6687442EBE84312E861DC420FA80C5778A1FF5,D:\Sirus\_client\World of Warcraft Sirus\Risen_Depths_Extract_2026-10-04\ADTDependencies\ByArchive\patch-6.MPQ\WORLD\EXPANSION03\DOODADS\VASHJIR\CORALS\VJ_CORALFLATPURPLE_01.M2
patch-6.MPQ,WORLD\EXPANSION03\DOODADS\VASHJIR\CORALS\VJ_CORALFLATRED_01.M2,doodad_model,14050,7088,0x80010200,16C46766799433737BDB94E01646D84A2327264E,D:\Sirus\_client\World of Warcraft Sirus\Risen_Depths_Extract_2026-10-04\ADTDependencies\ByArchive\patch-6.MPQ\WORLD\EXPANSION03\DOODADS\VASHJIR\CORALS\VJ_CORALFLATRED_01.M2
patch-6.MPQ,WORLD\EXPANSION03\DOODADS\VASHJIR\CORALS\VJ_CORALFLATRED_02.M2,doodad_model,7234,2884,0x80010200,2DCFA4B3A69BF260FCBC1E2176BA383CA147A43C,D:\Sirus\_client\World of Warcraft Sirus\Risen_Depths_Extract_2026-10-04\ADTDependencies\ByArchive\patch-6.MPQ\WORLD\EXPANSION03\DOODADS\VASHJIR\CORALS\VJ_CORALFLATRED_02.M2
patch-6.MPQ,WORLD\EXPANSION03\DOODADS\VASHJIR\CORALS\VJ_CORALMUTATED01.M2,doodad_model,34978,21191,0x80010200,B29D917E87A0779BE7A9D6605AD4389C919A67F0,D:\Sirus\_client\World of Warcraft Sirus\Risen_Depths_Extract_2026-10-04\ADTDependencies\ByArchive\patch-6.MPQ\WORLD\EXPANSION03\DOODADS\VASHJIR\CORALS\VJ_CORALMUTATED01.M2
patch-6.MPQ,WORLD\EXPANSION03\DOODADS\VASHJIR\CORALS\VJ_CORALMUTATED02.M2,doodad_model,34978,21246,0x80010200,328A41DC9BEC9886936906C11E53EE2E53C8DAA0,D:\Sirus\_client\World of Warcraft Sirus\Risen_Depths_Extract_2026-10-04\ADTDependencies\ByArchive\patch-6.MPQ\WORLD\EXPANSION03\DOODADS\VASHJIR\CORALS\VJ_CORALMUTATED02.M2
patch-6.MPQ,WORLD\EXPANSION03\DOODADS\VASHJIR\CORALS\VJ_CORALSPIKEY_01.M2,doodad_model,27874,15789,0x80010200,57330AF6799F3E3C20013FCE112E297C59FFC2DB,D:\Sirus\_client\World of Warcraft Sirus\Risen_Depths_Extract_2026-10-04\ADTDependencies\ByArchive\patch-6.MPQ\WORLD\EXPANSION03\DOODADS\VASHJIR\CORALS\VJ_CORALSPIKEY_01.M2
patch-6.MPQ,WORLD\EXPANSION03\DOODADS\VASHJIR\CORALS\VJ_CORALSPIKEY_03.M2,doodad_model,74162,32280,0x80010200,42BFF750DCAE2EC338922AA50840A364392263EF,D:\Sirus\_client\World of Warcraft Sirus\Risen_Depths_Extract_2026-10-04\ADTDependencies\ByArchive\patch-6.MPQ\WORLD\EXPANSION03\DOODADS\VASHJIR\CORALS\VJ_CORALSPIKEY_03.M2
patch-6.MPQ,WORLD\EXPANSION03\DOODADS\VASHJIR\CORALS\VJ_CORALTABLEMID04.M2,doodad_model,31730,22028,0x80010200,853A1B7FA07F7AA352F55E83940ADBF7D334E309,D:\Sirus\_client\World of Warcraft Sirus\Risen_Depths_Extract_2026-10-04\ADTDependencies\ByArchive\patch-6.MPQ\WORLD\EXPANSION03\DOODADS\VASHJIR\CORALS\VJ_CORALTABLEMID04.M2
patch-6.MPQ,WORLD\EXPANSION03\DOODADS\VASHJIR\CORALS\VJ_CORALTABLEMID05.M2,doodad_model,31026,21775,0x80010200,85B65BA6B89C0BE7816554B8F0D9A6717F9EB7AA,D:\Sirus\_client\World of Warcraft Sirus\Risen_Depths_Extract_2026-10-04\ADTDependencies\ByArchive\patch-6.MPQ\WORLD\EXPANSION03\DOODADS\VASHJIR\CORALS\VJ_CORALTABLEMID05.M2
patch-6.MPQ,WORLD\EXPANSION03\DOODADS\VASHJIR\CORALS\VJ_CORALTABLESPIKY02.M2,doodad_model,60034,34807,0x80010200,7FF9DAD585002EC58488059D9FDCD39258C0BEFB,D:\Sirus\_client\World of Warcraft Sirus\Risen_Depths_Extract_2026-10-04\ADTDependencies\ByArchive\patch-6.MPQ\WORLD\EXPANSION03\DOODADS\VASHJIR\CORALS\VJ_CORALTABLESPIKY02.M2
patch-6.MPQ,WORLD\EXPANSION03\DOODADS\VASHJIR\CORALS\VJ_CORALTABLESPIKYCLUSTER01.M2,doodad_model,211986,136983,0x80010200,C9A575EFCF80ED20984B39E360A96769A1ADF8E2,D:\Sirus\_client\World of Warcraft Sirus\Risen_Depths_Extract_2026-10-04\ADTDependencies\ByArchive\patch-6.MPQ\WORLD\EXPANSION03\DOODADS\VASHJIR\CORALS\VJ_CORALTABLESPIKYCLUSTER01.M2
patch-6.MPQ,WORLD\EXPANSION03\DOODADS\VASHJIR\CORALS\VJ_CORALTABLETOP01.M2,doodad_model,20834,15107,0x80010200,D796ED7D2D8748C63313CD50DAF55646358B829C,D:\Sirus\_client\World of Warcraft Sirus\Risen_Depths_Extract_2026-10-04\ADTDependencies\ByArchive\patch-6.MPQ\WORLD\EXPANSION03\DOODADS\VASHJIR\CORALS\VJ_CORALTABLETOP01.M2
patch-6.MPQ,WORLD\EXPANSION03\DOODADS\VASHJIR\CORALS\VJ_CORALTHICK_02.M2,doodad_model,29570,19987,0x80010200,B85EC7755F13F8CADEC15A910609EB4096F5EBE9,D:\Sirus\_client\World of Warcraft Sirus\Risen_Depths_Extract_2026-10-04\ADTDependencies\ByArchive\patch-6.MPQ\WORLD\EXPANSION03\DOODADS\VASHJIR\CORALS\VJ_CORALTHICK_02.M2
patch-6.MPQ,WORLD\EXPANSION03\DOODADS\VASHJIR\CORALS\VJ_CORALTHICK_03.M2,doodad_model,84514,46427,0x80010200,EA18A1E0EB17B92024CE6349E3AF03236A4A397A,D:\Sirus\_client\World of Warcraft Sirus\Risen_Depths_Extract_2026-10-04\ADTDependencies\ByArchive\patch-6.MPQ\WORLD\EXPANSION03\DOODADS\VASHJIR\CORALS\VJ_CORALTHICK_03.M2
patch-6.MPQ,WORLD\EXPANSION03\DOODADS\VASHJIR\CORALS\VJ_CORALTHICKBLUE_02.M2,doodad_model,27778,17899,0x80010200,4EDC7C052D92465A7D22EF5E533BE4074CB17C40,D:\Sirus\_client\World of Warcraft Sirus\Risen_Depths_Extract_2026-10-04\ADTDependencies\ByArchive\patch-6.MPQ\WORLD\EXPANSION03\DOODADS\VASHJIR\CORALS\VJ_CORALTHICKBLUE_02.M2
patch-6.MPQ,WORLD\EXPANSION03\DOODADS\VASHJIR\CORALS\VJ_CORALTHICKORANGE_01.M2,doodad_model,57714,38236,0x80010200,22F137532D676E4F9DE480685E5621664DB67ECC,D:\Sirus\_client\World of Warcraft Sirus\Risen_Depths_Extract_2026-10-04\ADTDependencies\ByArchive\patch-6.MPQ\WORLD\EXPANSION03\DOODADS\VASHJIR\CORALS\VJ_CORALTHICKORANGE_01.M2
patch-6.MPQ,WORLD\EXPANSION03\DOODADS\VASHJIR\CORALS\VJ_CORALTHICKORANGE_02.M2,doodad_model,29586,20004,0x80010200,919F28D6D15A48DC97C22EEAECCAFCD1DABE84CD,D:\Sirus\_client\World of Warcraft Sirus\Risen_Depths_Extract_2026-10-04\ADTDependencies\ByArchive\patch-6.MPQ\WORLD\EXPANSION03\DOODADS\VASHJIR\CORALS\VJ_CORALTHICKORANGE_02.M2
patch-6.MPQ,WORLD\EXPANSION03\DOODADS\VASHJIR\CORALS\VJ_CORALTHICKRED_02.M2,doodad_model,29586,19997,0x80010200,146459AC220D1525D141577A547456F5B88E385A,D:\Sirus\_client\World of Warcraft Sirus\Risen_Depths_Extract_2026-10-04\ADTDependencies\ByArchive\patch-6.MPQ\WORLD\EXPANSION03\DOODADS\VASHJIR\CORALS\VJ_CORALTHICKRED_02.M2
patch-6.MPQ,WORLD\EXPANSION03\DOODADS\VASHJIR\CORALS\VJ_GIANTCLAM01.M2,doodad_model,33826,23837,0x80010200,851240755489705C86DF477E7F958F590648A885,D:\Sirus\_client\World of Warcraft Sirus\Risen_Depths_Extract_2026-10-04\ADTDependencies\ByArchive\patch-6.MPQ\WORLD\EXPANSION03\DOODADS\VASHJIR\CORALS\VJ_GIANTCLAM01.M2
patch-6.MPQ,WORLD\EXPANSION03\DOODADS\VASHJIR\CORALS\VJ_GIANTCORAL_BLUEGREEN01.M2,doodad_model,69698,40757,0x80010200,AEB4212692C58DE337566A45C41B362318A6EAFC,D:\Sirus\_client\World of Warcraft Sirus\Risen_Depths_Extract_2026-10-04\ADTDependencies\ByArchive\patch-6.MPQ\WORLD\EXPANSION03\DOODADS\VASHJIR\CORALS\VJ_GIANTCORAL_BLUEGREEN01.M2
patch-6.MPQ,WORLD\EXPANSION03\DOODADS\VASHJIR\CORALS\VJ_GIANTCORAL_BLUEGREEN02.M2,doodad_model,74818,45192,0x80010200,E7715778E12878962BEE28EEF255AA41BC1A30C4,D:\Sirus\_client\World of Warcraft Sirus\Risen_Depths_Extract_2026-10-04\ADTDependencies\ByArchive\patch-6.MPQ\WORLD\EXPANSION03\DOODADS\VASHJIR\CORALS\VJ_GIANTCORAL_BLUEGREEN02.M2
patch-6.MPQ,WORLD\EXPANSION03\DOODADS\VASHJIR\CORALS\VJ_GIANTCORAL_BLUEGREEN03.M2,doodad_model,22530,13524,0x80010200,888171029F735AFE3414AC81C8DEF06B74032E45,D:\Sirus\_client\World of Warcraft Sirus\Risen_Depths_Extract_2026-10-04\ADTDependencies\ByArchive\patch-6.MPQ\WORLD\EXPANSION03\DOODADS\VASHJIR\CORALS\VJ_GIANTCORAL_BLUEGREEN03.M2
patch-6.MPQ,WORLD\EXPANSION03\DOODADS\VASHJIR\CORALS\VJ_GIANTCORAL_BLUEGREEN04.M2,doodad_model,18226,11038,0x80010200,D107C5D4FA42673961E1907FEAED7DA040B0112C,D:\Sirus\_client\World of Warcraft Sirus\Risen_Depths_Extract_2026-10-04\ADTDependencies\ByArchive\patch-6.MPQ\WORLD\EXPANSION03\DOODADS\VASHJIR\CORALS\VJ_GIANTCORAL_BLUEGREEN04.M2
patch-6.MPQ,WORLD\EXPANSION03\DOODADS\VASHJIR\CORALS\VJ_GIANTCORAL_GLOWY05.M2,doodad_model,96194,59023,0x80010200,F03C8D5057D8A24511633BC3BD51A6C252272A50,D:\Sirus\_client\World of Warcraft Sirus\Risen_Depths_Extract_2026-10-04\ADTDependencies\ByArchive\patch-6.MPQ\WORLD\EXPANSION03\DOODADS\VASHJIR\CORALS\VJ_GIANTCORAL_GLOWY05.M2
patch-6.MPQ,WORLD\EXPANSION03\DOODADS\VASHJIR\CORALS\VJ_GIANTCORAL_GLOWY07.M2,doodad_model,34146,20649,0x80010200,817B46994CF63BDFDA66903404A3CC6F86A23D12,D:\Sirus\_client\World of Warcraft Sirus\Risen_Depths_Extract_2026-10-04\ADTDependencies\ByArchive\patch-6.MPQ\WORLD\EXPANSION03\DOODADS\VASHJIR\CORALS\VJ_GIANTCORAL_GLOWY07.M2
patch-6.MPQ,WORLD\EXPANSION03\DOODADS\VASHJIR\CORALS\VJ_GIANTCORAL_GLOWY08.M2,doodad_model,21394,12743,0x80010200,64408D047922C80E3BBCDC7863A3F0BE9A3F0716,D:\Sirus\_client\World of Warcraft Sirus\Risen_Depths_Extract_2026-10-04\ADTDependencies\ByArchive\patch-6.MPQ\WORLD\EXPANSION03\DOODADS\VASHJIR\CORALS\VJ_GIANTCORAL_GLOWY08.M2
patch-6.MPQ,WORLD\EXPANSION03\DOODADS\VASHJIR\CORALS\VJ_GIANTCORAL_PINK02.M2,doodad_model,27650,16105,0x80010200,F52AD0F64C46F23F358A1EDAA44E319470EFFBC1,D:\Sirus\_client\World of Warcraft Sirus\Risen_Depths_Extract_2026-10-04\ADTDependencies\ByArchive\patch-6.MPQ\WORLD\EXPANSION03\DOODADS\VASHJIR\CORALS\VJ_GIANTCORAL_PINK02.M2
patch-6.MPQ,WORLD\EXPANSION03\DOODADS\VASHJIR\CORALS\VJ_GIANTCORAL_PINK03.M2,doodad_model,28098,16846,0x80010200,6FA82F906B9FF2FE566CAB5AD60BD6FBF9337897,D:\Sirus\_client\World of Warcraft Sirus\Risen_Depths_Extract_2026-10-04\ADTDependencies\ByArchive\patch-6.MPQ\WORLD\EXPANSION03\DOODADS\VASHJIR\CORALS\VJ_GIANTCORAL_PINK03.M2
patch-6.MPQ,WORLD\EXPANSION03\DOODADS\VASHJIR\CORALS\VJ_GIANTFANCORAL_01.M2,doodad_model,30146,21069,0x80010200,A0FAA78C31A5830758BB3E7B1F6E1378AE0AA478,D:\Sirus\_client\World of Warcraft Sirus\Risen_Depths_Extract_2026-10-04\ADTDependencies\ByArchive\patch-6.MPQ\WORLD\EXPANSION03\DOODADS\VASHJIR\CORALS\VJ_GIANTFANCORAL_01.M2
patch-6.MPQ,WORLD\EXPANSION03\DOODADS\VASHJIR\CORALS\VJ_GIANTFANCORAL_03.M2,doodad_model,20978,11711,0x80010200,7887C9A59B38477A7F4925441198795D08E637A2,D:\Sirus\_client\World of Warcraft Sirus\Risen_Depths_Extract_2026-10-04\ADTDependencies\ByArchive\patch-6.MPQ\WORLD\EXPANSION03\DOODADS\VASHJIR\CORALS\VJ_GIANTFANCORAL_03.M2
patch-6.MPQ,WORLD\EXPANSION03\DOODADS\VASHJIR\CORALS\VJ_SPIKEDBUSHCORAL02.M2,doodad_model,51042,34221,0x80010200,18C24E563DC39C2EC07883BF87CF8C8BAE367586,D:\Sirus\_client\World of Warcraft Sirus\Risen_Depths_Extract_2026-10-04\ADTDependencies\ByArchive\patch-6.MPQ\WORLD\EXPANSION03\DOODADS\VASHJIR\CORALS\VJ_SPIKEDBUSHCORAL02.M2
patch-6.MPQ,WORLD\EXPANSION03\DOODADS\VASHJIR\CORALS\VJ_SPIKEDTREECORAL05.M2,doodad_model,49746,33886,0x80010200,79D11FE2B1DCE0E8920E86DC4C7C2ADAF164D03C,D:\Sirus\_client\World of Warcraft Sirus\Risen_Depths_Extract_2026-10-04\ADTDependencies\ByArchive\patch-6.MPQ\WORLD\EXPANSION03\DOODADS\VASHJIR\CORALS\VJ_SPIKEDTREECORAL05.M2
patch-6.MPQ,WORLD\EXPANSION03\DOODADS\VASHJIR\CORALS\VJ_SPIKEDTREECORAL06.M2,doodad_model,49746,33886,0x80010200,396B0678C7514586C4A1A68A99B24260FF31F461,D:\Sirus\_client\World of Warcraft Sirus\Risen_Depths_Extract_2026-10-04\ADTDependencies\ByArchive\patch-6.MPQ\WORLD\EXPANSION03\DOODADS\VASHJIR\CORALS\VJ_SPIKEDTREECORAL06.M2
patch-6.MPQ,WORLD\EXPANSION03\DOODADS\VASHJIR\CORALS\VJ_SPONGECORAL_02.M2,doodad_model,36114,26593,0x80010200,C63827542CA50D48A9DF680C9D5883D8409257E7,D:\Sirus\_client\World of Warcraft Sirus\Risen_Depths_Extract_2026-10-04\ADTDependencies\ByArchive\patch-6.MPQ\WORLD\EXPANSION03\DOODADS\VASHJIR\CORALS\VJ_SPONGECORAL_02.M2
patch-6.MPQ,WORLD\EXPANSION03\DOODADS\VASHJIR\CORALS\VJ_SPONGECORAL_03.M2,doodad_model,19026,14038,0x80010200,623AAE61E35D4F5E53514C5B7F216A10DB0D334D,D:\Sirus\_client\World of Warcraft Sirus\Risen_Depths_Extract_2026-10-04\ADTDependencies\ByArchive\patch-6.MPQ\WORLD\EXPANSION03\DOODADS\VASHJIR\CORALS\VJ_SPONGECORAL_03.M2
patch-6.MPQ,WORLD\EXPANSION03\DOODADS\VASHJIR\CORALS\VJ_SPONGECORAL_05.M2,doodad_model,16146,10368,0x80010200,E8246E7597E90DDD328C702F65F960B03B8C135E,D:\Sirus\_client\World of Warcraft Sirus\Risen_Depths_Extract_2026-10-04\ADTDependencies\ByArchive\patch-6.MPQ\WORLD\EXPANSION03\DOODADS\VASHJIR\CORALS\VJ_SPONGECORAL_05.M2
patch-6.MPQ,WORLD\EXPANSION03\DOODADS\VASHJIR\CORALS\VJ_SPONGECORAL_08.M2,doodad_model,17538,11398,0x80010200,69AA73B9FCC3F125D00D8A68BE21868DEA652867,D:\Sirus\_client\World of Warcraft Sirus\Risen_Depths_Extract_2026-10-04\ADTDependencies\ByArchive\patch-6.MPQ\WORLD\EXPANSION03\DOODADS\VASHJIR\CORALS\VJ_SPONGECORAL_08.M2
patch-6.MPQ,WORLD\EXPANSION03\DOODADS\VASHJIR\CORALS\VJ_SPONGECORAL_09.M2,doodad_model,52402,33399,0x80010200,CE206A4F047EB9AB9E5E3A45AFB7ADCF45838DCE,D:\Sirus\_client\World of Warcraft Sirus\Risen_Depths_Extract_2026-10-04\ADTDependencies\ByArchive\patch-6.MPQ\WORLD\EXPANSION03\DOODADS\VASHJIR\CORALS\VJ_SPONGECORAL_09.M2
patch-6.MPQ,WORLD\EXPANSION03\DOODADS\VASHJIR\CORALS\VJ_SPONGECORAL_11_ORANGE.M2,doodad_model,19026,12387,0x80010200,CC251AD239BD0B58DCB387F546BB9792E2E8BC2E,D:\Sirus\_client\World of Warcraft Sirus\Risen_Depths_Extract_2026-10-04\ADTDependencies\ByArchive\patch-6.MPQ\WORLD\EXPANSION03\DOODADS\VASHJIR\CORALS\VJ_SPONGECORAL_11_ORANGE.M2
patch-6.MPQ,WORLD\EXPANSION03\DOODADS\VASHJIR\CORALS\VJ_SPONGECORAL_12.M2,doodad_model,5618,4047,0x80010200,CAFE18291C86FC33A63B13CDFC5AAF13349271AD,D:\Sirus\_client\World of Warcraft Sirus\Risen_Depths_Extract_2026-10-04\ADTDependencies\ByArchive\patch-6.MPQ\WORLD\EXPANSION03\DOODADS\VASHJIR\CORALS\VJ_SPONGECORAL_12.M2
patch-6.MPQ,WORLD\EXPANSION03\DOODADS\VASHJIR\CORALS\VJ_TREECORALGRAY01.M2,doodad_model,49746,33879,0x80010200,4385FBE22B437962FC9C39E9A60C332822BA4146,D:\Sirus\_client\World of Warcraft Sirus\Risen_Depths_Extract_2026-10-04\ADTDependencies\ByArchive\patch-6.MPQ\WORLD\EXPANSION03\DOODADS\VASHJIR\CORALS\VJ_TREECORALGRAY01.M2
patch-6.MPQ,WORLD\EXPANSION03\DOODADS\VASHJIR\CORALS\VJ_TREECORALGRAY02.M2,doodad_model,62498,32205,0x80010200,44870AA06EEC2BA1CFA00E9A295543F965090B74,D:\Sirus\_client\World of Warcraft Sirus\Risen_Depths_Extract_2026-10-04\ADTDependencies\ByArchive\patch-6.MPQ\WORLD\EXPANSION03\DOODADS\VASHJIR\CORALS\VJ_TREECORALGRAY02.M2
patch-6.MPQ,WORLD\EXPANSION03\DOODADS\VASHJIR\CORALS\VJ_TREECORALGRAY03.M2,doodad_model,63218,38370,0x80010200,E70C7E89FF6A4AC469142CAC7BE4CFE8DDDFCAE5,D:\Sirus\_client\World of Warcraft Sirus\Risen_Depths_Extract_2026-10-04\ADTDependencies\ByArchive\patch-6.MPQ\WORLD\EXPANSION03\DOODADS\VASHJIR\CORALS\VJ_TREECORALGRAY03.M2
patch-6.MPQ,WORLD\EXPANSION03\DOODADS\VASHJIR\KELP\VJ_BULLKELP02.M2,doodad_model,40914,25221,0x80010200,598A27517D5FA804B02C86E67F426FE36D274893,D:\Sirus\_client\World of Warcraft Sirus\Risen_Depths_Extract_2026-10-04\ADTDependencies\ByArchive\patch-6.MPQ\WORLD\EXPANSION03\DOODADS\VASHJIR\KELP\VJ_BULLKELP02.M2
patch-6.MPQ,WORLD\EXPANSION03\DOODADS\VASHJIR\KELP\VJ_BULLKELP03.M2,doodad_model,17986,10972,0x80010200,1FC2F74B67CED49C72FF4D42B966C0933F2E0F30,D:\Sirus\_client\World of Warcraft Sirus\Risen_Depths_Extract_2026-10-04\ADTDependencies\ByArchive\patch-6.MPQ\WORLD\EXPANSION03\DOODADS\VASHJIR\KELP\VJ_BULLKELP03.M2
patch-6.MPQ,WORLD\EXPANSION03\DOODADS\VASHJIR\KELP\VJ_BULLKELP04.M2,doodad_model,27218,15105,0x80010200,55A84D88D787630C0DD799FEA1CD0E3E778C6394,D:\Sirus\_client\World of Warcraft Sirus\Risen_Depths_Extract_2026-10-04\ADTDependencies\ByArchive\patch-6.MPQ\WORLD\EXPANSION03\DOODADS\VASHJIR\KELP\VJ_BULLKELP04.M2
patch-6.MPQ,WORLD\EXPANSION03\DOODADS\VASHJIR\KELP\VJ_BULLKELP05.M2,doodad_model,25874,13575,0x80010200,83C3757F244D313D7BF1B3D053E87D293CD80A0A,D:\Sirus\_client\World of Warcraft Sirus\Risen_Depths_Extract_2026-10-04\ADTDependencies\ByArchive\patch-6.MPQ\WORLD\EXPANSION03\DOODADS\VASHJIR\KELP\VJ_BULLKELP05.M2
patch-6.MPQ,WORLD\EXPANSION03\DOODADS\VASHJIR\KELP\VJ_BULLKELP06.M2,doodad_model,19794,12456,0x80010200,07128742565C6F28F2EF4EC776B07659708010E0,D:\Sirus\_client\World of Warcraft Sirus\Risen_Depths_Extract_2026-10-04\ADTDependencies\ByArchive\patch-6.MPQ\WORLD\EXPANSION03\DOODADS\VASHJIR\KELP\VJ_BULLKELP06.M2
patch-6.MPQ,WORLD\EXPANSION03\DOODADS\VASHJIR\KELP\VJ_BULLKELP07.M2,doodad_model,38242,23642,0x80010200,D53A163CBCF4CE266F9926CC0356FA0F5160594D,D:\Sirus\_client\World of Warcraft Sirus\Risen_Depths_Extract_2026-10-04\ADTDependencies\ByArchive\patch-6.MPQ\WORLD\EXPANSION03\DOODADS\VASHJIR\KELP\VJ_BULLKELP07.M2
patch-6.MPQ,WORLD\EXPANSION03\DOODADS\VASHJIR\KELP\VJ_HANGINGKELPRED03.M2,doodad_model,9394,4645,0x80010200,ED01B95D68F721938909341C2995F414B54E71B6,D:\Sirus\_client\World of Warcraft Sirus\Risen_Depths_Extract_2026-10-04\ADTDependencies\ByArchive\patch-6.MPQ\WORLD\EXPANSION03\DOODADS\VASHJIR\KELP\VJ_HANGINGKELPRED03.M2
patch-6.MPQ,WORLD\EXPANSION03\DOODADS\VASHJIR\KELP\VJ_KELP01.M2,doodad_model,29106,10970,0x80010200,49B7CE3C962E2864C6324CD57AD7445A3C73C61F,D:\Sirus\_client\World of Warcraft Sirus\Risen_Depths_Extract_2026-10-04\ADTDependencies\ByArchive\patch-6.MPQ\WORLD\EXPANSION03\DOODADS\VASHJIR\KELP\VJ_KELP01.M2
patch-6.MPQ,WORLD\EXPANSION03\DOODADS\VASHJIR\KELP\VJ_SEAWEED_01.M2,doodad_model,4226,2040,0x80010200,DB517FE312328BC2E1E54C41268CEEFB8D7C61CC,D:\Sirus\_client\World of Warcraft Sirus\Risen_Depths_Extract_2026-10-04\ADTDependencies\ByArchive\patch-6.MPQ\WORLD\EXPANSION03\DOODADS\VASHJIR\KELP\VJ_SEAWEED_01.M2
patch-6.MPQ,WORLD\EXPANSION03\DOODADS\VASHJIR\KELP\VJ_SEAWEED_02.M2,doodad_model,4226,2040,0x80010200,3520455364DC4C67FC48B50F34AE15D9E3284CD3,D:\Sirus\_client\World of Warcraft Sirus\Risen_Depths_Extract_2026-10-04\ADTDependencies\ByArchive\patch-6.MPQ\WORLD\EXPANSION03\DOODADS\VASHJIR\KELP\VJ_SEAWEED_02.M2
patch-6.MPQ,WORLD\EXPANSION03\DOODADS\VASHJIR\PEARL\VJ_GIANTPEARL.M2,doodad_model,33682,14379,0x80010200,C0C4116C8E58FFF1E08B08DA92832CE7B6294607,D:\Sirus\_client\World of Warcraft Sirus\Risen_Depths_Extract_2026-10-04\ADTDependencies\ByArchive\patch-6.MPQ\WORLD\EXPANSION03\DOODADS\VASHJIR\PEARL\VJ_GIANTPEARL.M2
patch-6.MPQ,WORLD\EXPANSION03\DOODADS\VASHJIR\ROCKS\VJ_ROCKFORMATION_03.M2,doodad_model,94866,67608,0x80010200,0B1BD94706AF374E95962BEAEA6C5827CA34714E,D:\Sirus\_client\World of Warcraft Sirus\Risen_Depths_Extract_2026-10-04\ADTDependencies\ByArchive\patch-6.MPQ\WORLD\EXPANSION03\DOODADS\VASHJIR\ROCKS\VJ_ROCKFORMATION_03.M2
patch-6.MPQ,WORLD\EXPANSION03\DOODADS\VASHJIR\ROCKS\VJ_ROCKFORMATIONBIT_01.M2,doodad_model,17666,13062,0x80010200,1CA5C0FE04623256F697AF9C428BB4838DB46662,D:\Sirus\_client\World of Warcraft Sirus\Risen_Depths_Extract_2026-10-04\ADTDependencies\ByArchive\patch-6.MPQ\WORLD\EXPANSION03\DOODADS\VASHJIR\ROCKS\VJ_ROCKFORMATIONBIT_01.M2
patch-6.MPQ,WORLD\EXPANSION03\DOODADS\VASHJIR\ROCKS\VJ_ROCKFORMATIONBIT_02.M2,doodad_model,25730,18750,0x80010200,8253B3044A0588DDDF5B0C6EBA01970A90D27258,D:\Sirus\_client\World of Warcraft Sirus\Risen_Depths_Extract_2026-10-04\ADTDependencies\ByArchive\patch-6.MPQ\WORLD\EXPANSION03\DOODADS\VASHJIR\ROCKS\VJ_ROCKFORMATIONBIT_02.M2
patch-6.MPQ,WORLD\EXPANSION03\DOODADS\VASHJIR\ROCKS\VJ_ROCKFORMATIONBIT_03.M2,doodad_model,8898,6196,0x80010200,28DFA30CA9533BADAB463E6EE02FEB96D775D02E,D:\Sirus\_client\World of Warcraft Sirus\Risen_Depths_Extract_2026-10-04\ADTDependencies\ByArchive\patch-6.MPQ\WORLD\EXPANSION03\DOODADS\VASHJIR\ROCKS\VJ_ROCKFORMATIONBIT_03.M2
patch-6.MPQ,WORLD\EXPANSION03\DOODADS\VASHJIR\ROCKS\VJ_ROCKHOLE_01.M2,doodad_model,26098,19207,0x80010200,AD37CAB76CA4B2E34D9F46A34C738EDF56A2489A,D:\Sirus\_client\World of Warcraft Sirus\Risen_Depths_Extract_2026-10-04\ADTDependencies\ByArchive\patch-6.MPQ\WORLD\EXPANSION03\DOODADS\VASHJIR\ROCKS\VJ_ROCKHOLE_01.M2
patch-6.MPQ,WORLD\EXPANSION03\DOODADS\VASHJIR\ROCKS\VJ_ROCKHOLE_02.M2,doodad_model,12370,9247,0x80010200,2CE6A26DA31BE9AC0291396760606AEA8D649727,D:\Sirus\_client\World of Warcraft Sirus\Risen_Depths_Extract_2026-10-04\ADTDependencies\ByArchive\patch-6.MPQ\WORLD\EXPANSION03\DOODADS\VASHJIR\ROCKS\VJ_ROCKHOLE_02.M2
patch-6.MPQ,WORLD\EXPANSION03\DOODADS\VASHJIR\ROCKS\VJ_ROCKLARGE_01.M2,doodad_model,8386,5638,0x80010200,C7FE77C3ACB104DAC8C19F6A377FE0B0CEF530FD,D:\Sirus\_client\World of Warcraft Sirus\Risen_Depths_Extract_2026-10-04\ADTDependencies\ByArchive\patch-6.MPQ\WORLD\EXPANSION03\DOODADS\VASHJIR\ROCKS\VJ_ROCKLARGE_01.M2
patch-6.MPQ,WORLD\EXPANSION03\DOODADS\VASHJIR\ROCKS\VJ_ROCKS_02.M2,doodad_model,6722,4366,0x80010200,4F7B989F53FA44E90F26DF90C8205C977515E228,D:\Sirus\_client\World of Warcraft Sirus\Risen_Depths_Extract_2026-10-04\ADTDependencies\ByArchive\patch-6.MPQ\WORLD\EXPANSION03\DOODADS\VASHJIR\ROCKS\VJ_ROCKS_02.M2
patch-6.MPQ,WORLD\EXPANSION03\DOODADS\VASHJIR\SEAMONSTER\VJ_SEAMONSTER_BONESSKULL_02.M2,doodad_model,107629,61663,0x80010200,7755C9116A01B025F4990E60E4A54D77480C2F75,D:\Sirus\_client\World of Warcraft Sirus\Risen_Depths_Extract_2026-10-04\ADTDependencies\ByArchive\patch-6.MPQ\WORLD\EXPANSION03\DOODADS\VASHJIR\SEAMONSTER\VJ_SEAMONSTER_BONESSKULL_02.M2
patch-6.MPQ,WORLD\EXPANSION03\DOODADS\VASHJIR\SEAMONSTER\VJ_SEAMONSTER_BONESSKULL_03.M2,doodad_model,55549,39128,0x80010200,FCAB90221C88020132632BA36FCF06CFEEB203F8,D:\Sirus\_client\World of Warcraft Sirus\Risen_Depths_Extract_2026-10-04\ADTDependencies\ByArchive\patch-6.MPQ\WORLD\EXPANSION03\DOODADS\VASHJIR\SEAMONSTER\VJ_SEAMONSTER_BONESSKULL_03.M2
patch-6.MPQ,WORLD\EXPANSION03\DOODADS\VASHJIR\SEAMONSTER\VJ_SEAMONSTER_BONESSKULL_04.M2,doodad_model,66029,47182,0x80010200,1DCED2D0D5D2C50098E91D78C71EEDBEA24DFF7C,D:\Sirus\_client\World of Warcraft Sirus\Risen_Depths_Extract_2026-10-04\ADTDependencies\ByArchive\patch-6.MPQ\WORLD\EXPANSION03\DOODADS\VASHJIR\SEAMONSTER\VJ_SEAMONSTER_BONESSKULL_04.M2
patch-6.MPQ,WORLD\EXPANSION03\DOODADS\VASHJIR\SHELLS\VJ_GIANT_SHELLS08_TILT.M2,doodad_model,23506,15161,0x80010200,C67799F2B9F7D18119002B1C13BE5C45988E4F45,D:\Sirus\_client\World of Warcraft Sirus\Risen_Depths_Extract_2026-10-04\ADTDependencies\ByArchive\patch-6.MPQ\WORLD\EXPANSION03\DOODADS\VASHJIR\SHELLS\VJ_GIANT_SHELLS08_TILT.M2
patch-6.MPQ,WORLD\EXPANSION03\DOODADS\VASHJIR\SHELLS\VJ_GIANT_SHELLS08.M2,doodad_model,26066,17459,0x80010200,93C0DD72F2A3EECCE4F51D4BE3F1F1C098EF6C58,D:\Sirus\_client\World of Warcraft Sirus\Risen_Depths_Extract_2026-10-04\ADTDependencies\ByArchive\patch-6.MPQ\WORLD\EXPANSION03\DOODADS\VASHJIR\SHELLS\VJ_GIANT_SHELLS08.M2
patch-6.MPQ,WORLD\EXPANSION03\DOODADS\VASHJIR\SHELLS\VJ_GIANT_SHELLS09_BLUE.M2,doodad_model,10354,6686,0x80010200,E56F9E495E1F7DCEC46654A8D10A36AB187DC864,D:\Sirus\_client\World of Warcraft Sirus\Risen_Depths_Extract_2026-10-04\ADTDependencies\ByArchive\patch-6.MPQ\WORLD\EXPANSION03\DOODADS\VASHJIR\SHELLS\VJ_GIANT_SHELLS09_BLUE.M2
patch-6.MPQ,WORLD\EXPANSION03\DOODADS\VASHJIR\SHELLS\VJ_GIANT_SHELLS09.M2,doodad_model,10082,6444,0x80010200,03259E5E5336ED435942F9C8E8D0D04B1B18593B,D:\Sirus\_client\World of Warcraft Sirus\Risen_Depths_Extract_2026-10-04\ADTDependencies\ByArchive\patch-6.MPQ\WORLD\EXPANSION03\DOODADS\VASHJIR\SHELLS\VJ_GIANT_SHELLS09.M2
patch-6.MPQ,WORLD\EXPANSION03\DOODADS\VASHJIR\SHELLS\VJ_GIANT_SHELLS10_ORANGE.M2,doodad_model,11410,7206,0x80010200,A408DE8C65D191AABE5F4EB78E647434361696AE,D:\Sirus\_client\World of Warcraft Sirus\Risen_Depths_Extract_2026-10-04\ADTDependencies\ByArchive\patch-6.MPQ\WORLD\EXPANSION03\DOODADS\VASHJIR\SHELLS\VJ_GIANT_SHELLS10_ORANGE.M2
patch-6.MPQ,WORLD\EXPANSION03\DOODADS\VASHJIR\TUBEWORMS\VJ_GLOWINGTUBEWORMCLUSTER02.M2,doodad_model,20530,12153,0x80010200,3E2212576E98F66FDBD6C31E7515DEE53E7D972F,D:\Sirus\_client\World of Warcraft Sirus\Risen_Depths_Extract_2026-10-04\ADTDependencies\ByArchive\patch-6.MPQ\WORLD\EXPANSION03\DOODADS\VASHJIR\TUBEWORMS\VJ_GLOWINGTUBEWORMCLUSTER02.M2
patch-6.MPQ,WORLD\EXPANSION03\DOODADS\VASHJIR\TUBEWORMS\VJ_GLOWINGTUBEWORMS01.M2,doodad_model,12450,5999,0x80010200,B63D4221385A1301C6FD96A99D9EC7C04A58B10E,D:\Sirus\_client\World of Warcraft Sirus\Risen_Depths_Extract_2026-10-04\ADTDependencies\ByArchive\patch-6.MPQ\WORLD\EXPANSION03\DOODADS\VASHJIR\TUBEWORMS\VJ_GLOWINGTUBEWORMS01.M2
patch-6.MPQ,WORLD\EXPANSION03\DOODADS\VASHJIR\TUBEWORMS\VJ_TUBEWORMCLUSTER04.M2,doodad_model,17506,9138,0x80010200,131AA4D65A33579DD51FDB8D8D445E601DFD3B02,D:\Sirus\_client\World of Warcraft Sirus\Risen_Depths_Extract_2026-10-04\ADTDependencies\ByArchive\patch-6.MPQ\WORLD\EXPANSION03\DOODADS\VASHJIR\TUBEWORMS\VJ_TUBEWORMCLUSTER04.M2
patch-6.MPQ,WORLD\EXPANSION03\DOODADS\VASHJIR\VOLCANO\VJ_VOLCANICVENT05.M2,doodad_model,39026,22397,0x80010200,FBEDE989F092E78A7173ACB45500449E33FD22AA,D:\Sirus\_client\World of Warcraft Sirus\Risen_Depths_Extract_2026-10-04\ADTDependencies\ByArchive\patch-6.MPQ\WORLD\EXPANSION03\DOODADS\VASHJIR\VOLCANO\VJ_VOLCANICVENT05.M2
patch-6.MPQ,WORLD\EXPANSION03\DOODADS\VASHJIR\WHIRLPOOLS\VJ_WHIRLPOOL01.M2,doodad_model,77052,49851,0x80010200,6939C07B2F7F59F392E846C8E1CB51746D87F9B4,D:\Sirus\_client\World of Warcraft Sirus\Risen_Depths_Extract_2026-10-04\ADTDependencies\ByArchive\patch-6.MPQ\WORLD\EXPANSION03\DOODADS\VASHJIR\WHIRLPOOLS\VJ_WHIRLPOOL01.M2
patch-6.MPQ,WORLD\EXPANSION06\DOODADS\ARAKNASHAL\7AN_ROCKSTACK_RUNES_B01.M2,doodad_model,12111,9269,0x80010200,945B9ECD0F582CCBA06F931084468FE8974897C6,D:\Sirus\_client\World of Warcraft Sirus\Risen_Depths_Extract_2026-10-04\ADTDependencies\ByArchive\patch-6.MPQ\WORLD\EXPANSION06\DOODADS\ARAKNASHAL\7AN_ROCKSTACK_RUNES_B01.M2
patch-6.MPQ,WORLD\EXPANSION06\DOODADS\ARAKNASHAL\7AN_ROCKSTACK_RUNES_C01.M2,doodad_model,14185,10813,0x80010200,70E6387C72941A3515EDCFEA9D784AF806E7B1A4,D:\Sirus\_client\World of Warcraft Sirus\Risen_Depths_Extract_2026-10-04\ADTDependencies\ByArchive\patch-6.MPQ\WORLD\EXPANSION06\DOODADS\ARAKNASHAL\7AN_ROCKSTACK_RUNES_C01.M2
patch-6.MPQ,WORLD\EXPANSION06\DOODADS\ARAKNASHAL\7AN_ROCKSTACKCLUSTER_A01.M2,doodad_model,38202,28654,0x80010200,871D956D03F32CCFBB5CABEBB741513D1AFDBEE0,D:\Sirus\_client\World of Warcraft Sirus\Risen_Depths_Extract_2026-10-04\ADTDependencies\ByArchive\patch-6.MPQ\WORLD\EXPANSION06\DOODADS\ARAKNASHAL\7AN_ROCKSTACKCLUSTER_A01.M2
patch-6.MPQ,WORLD\EXPANSION06\DOODADS\ARAKNASHAL\7AN_ROCKSTACKCLUSTER_B01.M2,doodad_model,55706,43396,0x80010200,9BC8667BBE979C5A51300717E8B81AB7AFC3D24E,D:\Sirus\_client\World of Warcraft Sirus\Risen_Depths_Extract_2026-10-04\ADTDependencies\ByArchive\patch-6.MPQ\WORLD\EXPANSION06\DOODADS\ARAKNASHAL\7AN_ROCKSTACKCLUSTER_B01.M2
patch-6.MPQ,WORLD\EXPANSION06\DOODADS\ARAKNASHAL\7AN_ROCKSTACKCLUSTER_B02.M2,doodad_model,45482,35503,0x80010200,400AF2C36EE453D52A23F4B2D8D10A26828ED006,D:\Sirus\_client\World of Warcraft Sirus\Risen_Depths_Extract_2026-10-04\ADTDependencies\ByArchive\patch-6.MPQ\WORLD\EXPANSION06\DOODADS\ARAKNASHAL\7AN_ROCKSTACKCLUSTER_B02.M2
patch-6.MPQ,WORLD\EXPANSION06\DOODADS\ARAKNASHAL\7AN_ROCKSTACKCLUSTER_C01.M2,doodad_model,60778,47326,0x80010200,BD3C504ED0BD0905CB6B1A766473A017A0FC99CE,D:\Sirus\_client\World of Warcraft Sirus\Risen_Depths_Extract_2026-10-04\ADTDependencies\ByArchive\patch-6.MPQ\WORLD\EXPANSION06\DOODADS\ARAKNASHAL\7AN_ROCKSTACKCLUSTER_C01.M2
patch-6.MPQ,WORLD\EXPANSION06\DOODADS\DUNGEON\DOODADS\7DU_HELHEIMRAID_HELYAROCK01.M2,doodad_model,165945,100429,0x80010200,8B166BB92C201B501E25F8C1F72AFBCBCC23A382,D:\Sirus\_client\World of Warcraft Sirus\Risen_Depths_Extract_2026-10-04\ADTDependencies\ByArchive\patch-6.MPQ\WORLD\EXPANSION06\DOODADS\DUNGEON\DOODADS\7DU_HELHEIMRAID_HELYAROCK01.M2
patch-6.MPQ,WORLD\EXPANSION06\DOODADS\DUNGEON\DOODADS\7DU_TOMBOFSARGERAS_NAGATHRONE01.M2,doodad_model,237360,143449,0x80010200,250BF1A9A1FD0B4BB93F4D31F715AD64F3443A00,D:\Sirus\_client\World of Warcraft Sirus\Risen_Depths_Extract_2026-10-04\ADTDependencies\ByArchive\patch-6.MPQ\WORLD\EXPANSION06\DOODADS\DUNGEON\DOODADS\7DU_TOMBOFSARGERAS_NAGATHRONE01.M2
patch-6.MPQ,WORLD\EXPANSION06\DOODADS\HIGHMOUNTAIN\7HM_LARGEROCK_B03.M2,doodad_model,20610,15742,0x80010200,68821C767E2013E79B32525277E974F05AF32BC4,D:\Sirus\_client\World of Warcraft Sirus\Risen_Depths_Extract_2026-10-04\ADTDependencies\ByArchive\patch-6.MPQ\WORLD\EXPANSION06\DOODADS\HIGHMOUNTAIN\7HM_LARGEROCK_B03.M2
patch-6.MPQ,WORLD\EXPANSION06\DOODADS\HIGHMOUNTAIN\7HM_ROCKSPIKE_B02.M2,doodad_model,6130,3769,0x80010200,6057B44DBE902B0E072C5659330E54CC4E1114FA,D:\Sirus\_client\World of Warcraft Sirus\Risen_Depths_Extract_2026-10-04\ADTDependencies\ByArchive\patch-6.MPQ\WORLD\EXPANSION06\DOODADS\HIGHMOUNTAIN\7HM_ROCKSPIKE_B02.M2
patch-6.MPQ,WORLD\EXPANSION06\DOODADS\MURLOC\7MU_MURLOC_BARREL_DESTROYED.M2,doodad_model,21234,12853,0x80010200,C8646DF86A23A577E185522789092F9A0B1DEC76,D:\Sirus\_client\World of Warcraft Sirus\Risen_Depths_Extract_2026-10-04\ADTDependencies\ByArchive\patch-6.MPQ\WORLD\EXPANSION06\DOODADS\MURLOC\7MU_MURLOC_BARREL_DESTROYED.M2
patch-6.MPQ,WORLD\EXPANSION06\DOODADS\MURLOC\7MU_MURLOC_BARREL01.M2,doodad_model,18962,10419,0x80010200,6629B1C549A38907CC6345CEB37A282B2A9E382B,D:\Sirus\_client\World of Warcraft Sirus\Risen_Depths_Extract_2026-10-04\ADTDependencies\ByArchive\patch-6.MPQ\WORLD\EXPANSION06\DOODADS\MURLOC\7MU_MURLOC_BARREL01.M2
patch-6.MPQ,WORLD\EXPANSION06\DOODADS\MURLOC\7MU_MURLOC_BARREL03.M2,doodad_model,11042,5992,0x80010200,78EADC791092308757C027199E5C4E16B72373B9,D:\Sirus\_client\World of Warcraft Sirus\Risen_Depths_Extract_2026-10-04\ADTDependencies\ByArchive\patch-6.MPQ\WORLD\EXPANSION06\DOODADS\MURLOC\7MU_MURLOC_BARREL03.M2
patch-6.MPQ,WORLD\EXPANSION06\DOODADS\MURLOC\7MU_MURLOC_BOATSHACK_DEBRIS01.M2,doodad_model,8530,4790,0x80010200,618CA32EA04F73EED389AA212D22BF65548A599E,D:\Sirus\_client\World of Warcraft Sirus\Risen_Depths_Extract_2026-10-04\ADTDependencies\ByArchive\patch-6.MPQ\WORLD\EXPANSION06\DOODADS\MURLOC\7MU_MURLOC_BOATSHACK_DEBRIS01.M2
patch-6.MPQ,WORLD\EXPANSION06\DOODADS\MURLOC\7MU_MURLOC_BOATSHACK_PLANK01.M2,doodad_model,3138,1429,0x80010200,C2CAC508D5E750AAD9761DAF42C058BA318D0432,D:\Sirus\_client\World of Warcraft Sirus\Risen_Depths_Extract_2026-10-04\ADTDependencies\ByArchive\patch-6.MPQ\WORLD\EXPANSION06\DOODADS\MURLOC\7MU_MURLOC_BOATSHACK_PLANK01.M2
patch-6.MPQ,WORLD\EXPANSION06\DOODADS\MURLOC\7MU_MURLOC_BOATSHACK_PLANK02.M2,doodad_model,2946,1303,0x80010200,D18C6FF3E5B1D04F079DBCC5F60311BA0A238DCC,D:\Sirus\_client\World of Warcraft Sirus\Risen_Depths_Extract_2026-10-04\ADTDependencies\ByArchive\patch-6.MPQ\WORLD\EXPANSION06\DOODADS\MURLOC\7MU_MURLOC_BOATSHACK_PLANK02.M2
patch-6.MPQ,WORLD\EXPANSION06\DOODADS\MURLOC\7MU_MURLOC_BOATSHACK01.M2,doodad_model,53106,32800,0x80010200,29C5DC7AC158C3A69327A630569146DDB576C909,D:\Sirus\_client\World of Warcraft Sirus\Risen_Depths_Extract_2026-10-04\ADTDependencies\ByArchive\patch-6.MPQ\WORLD\EXPANSION06\DOODADS\MURLOC\7MU_MURLOC_BOATSHACK01.M2
patch-6.MPQ,WORLD\EXPANSION06\DOODADS\MURLOC\7MU_MURLOC_BOATSHACK02.M2,doodad_model,57042,33947,0x80010200,79404494FE29AA2958F8003F47566C308F17D947,D:\Sirus\_client\World of Warcraft Sirus\Risen_Depths_Extract_2026-10-04\ADTDependencies\ByArchive\patch-6.MPQ\WORLD\EXPANSION06\DOODADS\MURLOC\7MU_MURLOC_BOATSHACK02.M2
patch-6.MPQ,WORLD\EXPANSION06\DOODADS\MURLOC\7MU_MURLOC_FOOD_CRAB02.M2,doodad_model,23106,13559,0x80010200,11C1DF603EDD6A944E6AB97DAB983566A43B9CD8,D:\Sirus\_client\World of Warcraft Sirus\Risen_Depths_Extract_2026-10-04\ADTDependencies\ByArchive\patch-6.MPQ\WORLD\EXPANSION06\DOODADS\MURLOC\7MU_MURLOC_FOOD_CRAB02.M2
patch-6.MPQ,WORLD\EXPANSION06\DOODADS\MURLOC\7MU_MURLOC_FOOD_FISH02.M2,doodad_model,3762,2123,0x80010200,0FAC528B08D7156609CE83B3905B027ED9D4A581,D:\Sirus\_client\World of Warcraft Sirus\Risen_Depths_Extract_2026-10-04\ADTDependencies\ByArchive\patch-6.MPQ\WORLD\EXPANSION06\DOODADS\MURLOC\7MU_MURLOC_FOOD_FISH02.M2
patch-6.MPQ,WORLD\EXPANSION06\DOODADS\MURLOC\7MU_MURLOC_FOOD_FISH03.M2,doodad_model,6402,3855,0x80010200,9E2A89913C85478C4F45A1B2C9A00E3E53732DE9,D:\Sirus\_client\World of Warcraft Sirus\Risen_Depths_Extract_2026-10-04\ADTDependencies\ByArchive\patch-6.MPQ\WORLD\EXPANSION06\DOODADS\MURLOC\7MU_MURLOC_FOOD_FISH03.M2
patch-6.MPQ,WORLD\EXPANSION06\DOODADS\MURLOC\7MU_MURLOC_FOOD_FISH04.M2,doodad_model,12066,7290,0x80010200,A88AB7136DDC9B6C3C1A91BB151C0971903C6205,D:\Sirus\_client\World of Warcraft Sirus\Risen_Depths_Extract_2026-10-04\ADTDependencies\ByArchive\patch-6.MPQ\WORLD\EXPANSION06\DOODADS\MURLOC\7MU_MURLOC_FOOD_FISH04.M2
patch-6.MPQ,WORLD\EXPANSION06\DOODADS\MURLOC\7MU_MURLOC_HANGINGTRINKET02.M2,doodad_model,4258,2185,0x80010200,525C4FF4D5DF030BB008DC08575C2BC06FC9702F,D:\Sirus\_client\World of Warcraft Sirus\Risen_Depths_Extract_2026-10-04\ADTDependencies\ByArchive\patch-6.MPQ\WORLD\EXPANSION06\DOODADS\MURLOC\7MU_MURLOC_HANGINGTRINKET02.M2
patch-6.MPQ,WORLD\EXPANSION06\DOODADS\MURLOC\7MU_MURLOC_HUT01_EMPTY.M2,doodad_model,102530,54889,0x80010200,7729C9FF974517C631233417FCCCBFD8F62D7060,D:\Sirus\_client\World of Warcraft Sirus\Risen_Depths_Extract_2026-10-04\ADTDependencies\ByArchive\patch-6.MPQ\WORLD\EXPANSION06\DOODADS\MURLOC\7MU_MURLOC_HUT01_EMPTY.M2
patch-6.MPQ,WORLD\EXPANSION06\DOODADS\MURLOC\7MU_MURLOC_HUT02_EMPTY.M2,doodad_model,80050,44662,0x80010200,79306D4473693387AED2EC32D8C421D237288CBC,D:\Sirus\_client\World of Warcraft Sirus\Risen_Depths_Extract_2026-10-04\ADTDependencies\ByArchive\patch-6.MPQ\WORLD\EXPANSION06\DOODADS\MURLOC\7MU_MURLOC_HUT02_EMPTY.M2
patch-6.MPQ,WORLD\EXPANSION06\DOODADS\MURLOC\7MU_MURLOC_HUT02.M2,doodad_model,103080,55602,0x80010200,6BE22C50F61D4D8D12E75755C662D73384B4B715,D:\Sirus\_client\World of Warcraft Sirus\Risen_Depths_Extract_2026-10-04\ADTDependencies\ByArchive\patch-6.MPQ\WORLD\EXPANSION06\DOODADS\MURLOC\7MU_MURLOC_HUT02.M2
patch-6.MPQ,WORLD\EXPANSION06\DOODADS\MURLOC\7MU_MURLOC_HUT03.M2,doodad_model,93992,49431,0x80010200,60B2DEE6F2D35C7B1AB2A0B67138031AB9D0E6A5,D:\Sirus\_client\World of Warcraft Sirus\Risen_Depths_Extract_2026-10-04\ADTDependencies\ByArchive\patch-6.MPQ\WORLD\EXPANSION06\DOODADS\MURLOC\7MU_MURLOC_HUT03.M2
patch-6.MPQ,WORLD\EXPANSION06\DOODADS\MURLOC\7MU_MURLOC_JUNKPILE01.M2,doodad_model,44530,23435,0x80010200,F3628CAF124A5E2A6E58B02B73DD1352C2598E6C,D:\Sirus\_client\World of Warcraft Sirus\Risen_Depths_Extract_2026-10-04\ADTDependencies\ByArchive\patch-6.MPQ\WORLD\EXPANSION06\DOODADS\MURLOC\7MU_MURLOC_JUNKPILE01.M2
patch-6.MPQ,WORLD\EXPANSION06\DOODADS\MURLOC\7MU_MURLOC_JUNKPILE02.M2,doodad_model,62642,31395,0x80010200,AF64B8E6A8F2E44E274D72E472A61B3779AF885D,D:\Sirus\_client\World of Warcraft Sirus\Risen_Depths_Extract_2026-10-04\ADTDependencies\ByArchive\patch-6.MPQ\WORLD\EXPANSION06\DOODADS\MURLOC\7MU_MURLOC_JUNKPILE02.M2
patch-6.MPQ,WORLD\EXPANSION06\DOODADS\MURLOC\7MU_MURLOC_JUNKPILE03.M2,doodad_model,53602,29114,0x80010200,EBEFC1500C425ACE00406E4339C70F3FA8B14704,D:\Sirus\_client\World of Warcraft Sirus\Risen_Depths_Extract_2026-10-04\ADTDependencies\ByArchive\patch-6.MPQ\WORLD\EXPANSION06\DOODADS\MURLOC\7MU_MURLOC_JUNKPILE03.M2
patch-6.MPQ,WORLD\EXPANSION06\DOODADS\MURLOC\7MU_MURLOC_SHIPTOWER01.M2,doodad_model,242552,170228,0x80010200,A9E7F43D240CB0A86EFEE2592E56086981D1B7FF,D:\Sirus\_client\World of Warcraft Sirus\Risen_Depths_Extract_2026-10-04\ADTDependencies\ByArchive\patch-6.MPQ\WORLD\EXPANSION06\DOODADS\MURLOC\7MU_MURLOC_SHIPTOWER01.M2
patch-6.MPQ,WORLD\EXPANSION06\DOODADS\MURLOC\7MU_MURLOC_SHIPTOWER02.M2,doodad_model,109416,65623,0x80010200,4CCA701E443CB5786F7AEDE67190C0A94F4FAAC4,D:\Sirus\_client\World of Warcraft Sirus\Risen_Depths_Extract_2026-10-04\ADTDependencies\ByArchive\patch-6.MPQ\WORLD\EXPANSION06\DOODADS\MURLOC\7MU_MURLOC_SHIPTOWER02.M2
patch-6.MPQ,WORLD\EXPANSION06\DOODADS\MURLOC\7MU_MURLOC_STANDARD01.M2,doodad_model,25346,15334,0x80010200,968D86B6998F2763D770D33436CB7DCC493A94B6,D:\Sirus\_client\World of Warcraft Sirus\Risen_Depths_Extract_2026-10-04\ADTDependencies\ByArchive\patch-6.MPQ\WORLD\EXPANSION06\DOODADS\MURLOC\7MU_MURLOC_STANDARD01.M2
patch-6.MPQ,WORLD\EXPANSION06\DOODADS\MURLOC\7MU_MURLOC_TOOL_HAMMER.M2,doodad_model,10626,6261,0x80010200,09EC1312F46A50B4F36367959B18FB1923BD4F65,D:\Sirus\_client\World of Warcraft Sirus\Risen_Depths_Extract_2026-10-04\ADTDependencies\ByArchive\patch-6.MPQ\WORLD\EXPANSION06\DOODADS\MURLOC\7MU_MURLOC_TOOL_HAMMER.M2
patch-6.MPQ,WORLD\EXPANSION06\DOODADS\MURLOC\7MU_MURLOC_TORCH01.M2,doodad_model,35882,19245,0x80010200,52D1F92C212DF75CBC749942E9AFCE5BCF6DD8EA,D:\Sirus\_client\World of Warcraft Sirus\Risen_Depths_Extract_2026-10-04\ADTDependencies\ByArchive\patch-6.MPQ\WORLD\EXPANSION06\DOODADS\MURLOC\7MU_MURLOC_TORCH01.M2
patch-6.MPQ,WORLD\EXPANSION06\DOODADS\MURLOC\7MU_MURLOC_TORCH02.M2,doodad_model,21426,11845,0x80010200,5F779239623417D5766AB5106919E0A9DEF64867,D:\Sirus\_client\World of Warcraft Sirus\Risen_Depths_Extract_2026-10-04\ADTDependencies\ByArchive\patch-6.MPQ\WORLD\EXPANSION06\DOODADS\MURLOC\7MU_MURLOC_TORCH02.M2
patch-6.MPQ,WORLD\EXPANSION06\DOODADS\MURLOC\7MU_MURLOC_WEAPONRACK01.M2,doodad_model,35954,21164,0x80010200,5126DA7683DE2BDCEE88B7E48F06D00B6B30EB5E,D:\Sirus\_client\World of Warcraft Sirus\Risen_Depths_Extract_2026-10-04\ADTDependencies\ByArchive\patch-6.MPQ\WORLD\EXPANSION06\DOODADS\MURLOC\7MU_MURLOC_WEAPONRACK01.M2
patch-6.MPQ,WORLD\EXPANSION06\DOODADS\MURLOC\7MU_MURLOC_WEAPONRACK02.M2,doodad_model,39074,22385,0x80010200,396F749FC00A6A5E53D5AD131A227E05099BA2F9,D:\Sirus\_client\World of Warcraft Sirus\Risen_Depths_Extract_2026-10-04\ADTDependencies\ByArchive\patch-6.MPQ\WORLD\EXPANSION06\DOODADS\MURLOC\7MU_MURLOC_WEAPONRACK02.M2
patch-6.MPQ,WORLD\EXPANSION06\DOODADS\MURLOC\7MU_MURLOC_WEAPONRACK03.M2,doodad_model,42386,24869,0x80010200,FD33E07190D602ECC251D55B30945CD90FD3BEA1,D:\Sirus\_client\World of Warcraft Sirus\Risen_Depths_Extract_2026-10-04\ADTDependencies\ByArchive\patch-6.MPQ\WORLD\EXPANSION06\DOODADS\MURLOC\7MU_MURLOC_WEAPONRACK03.M2
patch-6.MPQ,WORLD\EXPANSION06\DOODADS\NAGA\7NG_NAGA_BANNER01.M2,doodad_model,63192,43963,0x80010200,FFDB6A771DA940A2C2F3E113BF131FC8FFBD282C,D:\Sirus\_client\World of Warcraft Sirus\Risen_Depths_Extract_2026-10-04\ADTDependencies\ByArchive\patch-6.MPQ\WORLD\EXPANSION06\DOODADS\NAGA\7NG_NAGA_BANNER01.M2
patch-6.MPQ,WORLD\EXPANSION06\DOODADS\NAGA\7NG_NAGA_BARRICADE01.M2,doodad_model,30796,18699,0x80010200,6125CA86C58524CC634A1BCD1C091C2683BCB0C7,D:\Sirus\_client\World of Warcraft Sirus\Risen_Depths_Extract_2026-10-04\ADTDependencies\ByArchive\patch-6.MPQ\WORLD\EXPANSION06\DOODADS\NAGA\7NG_NAGA_BARRICADE01.M2
patch-6.MPQ,WORLD\EXPANSION06\DOODADS\NAGA\7NG_NAGA_BARRICADE02.M2,doodad_model,16732,10101,0x80010200,FBD3952417C16938EB67096A40563192DDD3F308,D:\Sirus\_client\World of Warcraft Sirus\Risen_Depths_Extract_2026-10-04\ADTDependencies\ByArchive\patch-6.MPQ\WORLD\EXPANSION06\DOODADS\NAGA\7NG_NAGA_BARRICADE02.M2
patch-6.MPQ,WORLD\EXPANSION06\DOODADS\NAGA\7NG_NAGA_CAGE.M2,doodad_model,41768,20721,0x80010200,6F8057445AC3AA7F6A28C8FED1C09390D4036842,D:\Sirus\_client\World of Warcraft Sirus\Risen_Depths_Extract_2026-10-04\ADTDependencies\ByArchive\patch-6.MPQ\WORLD\EXPANSION06\DOODADS\NAGA\7NG_NAGA_CAGE.M2
patch-6.MPQ,WORLD\EXPANSION06\DOODADS\NAGA\7NG_NAGA_CANNON.M2,doodad_model,178136,99816,0x80010200,97870474C37C04E9260043F416086E34EA088DC5,D:\Sirus\_client\World of Warcraft Sirus\Risen_Depths_Extract_2026-10-04\ADTDependencies\ByArchive\patch-6.MPQ\WORLD\EXPANSION06\DOODADS\NAGA\7NG_NAGA_CANNON.M2
patch-6.MPQ,WORLD\EXPANSION06\DOODADS\NAGA\7NG_NAGA_CHESTLARGE_OPEN01.M2,doodad_model,74426,43890,0x80010200,5D916AB9FFA578C08CF0F37FFFA22A500F260BE4,D:\Sirus\_client\World of Warcraft Sirus\Risen_Depths_Extract_2026-10-04\ADTDependencies\ByArchive\patch-6.MPQ\WORLD\EXPANSION06\DOODADS\NAGA\7NG_NAGA_CHESTLARGE_OPEN01.M2
patch-6.MPQ,WORLD\EXPANSION06\DOODADS\NAGA\7NG_NAGA_CHESTSMALL_CLOSED01.M2,doodad_model,30866,15401,0x80010200,C0C8E2222EAB368D5CB90763761CC2AFFCB2EA7C,D:\Sirus\_client\World of Warcraft Sirus\Risen_Depths_Extract_2026-10-04\ADTDependencies\ByArchive\patch-6.MPQ\WORLD\EXPANSION06\DOODADS\NAGA\7NG_NAGA_CHESTSMALL_CLOSED01.M2
patch-6.MPQ,WORLD\EXPANSION06\DOODADS\NAGA\7NG_NAGA_CHESTSMALL_OPEN01.M2,doodad_model,28850,15822,0x80010200,F227648893E9EA8A36E2390C5360B13DED84AFE8,D:\Sirus\_client\World of Warcraft Sirus\Risen_Depths_Extract_2026-10-04\ADTDependencies\ByArchive\patch-6.MPQ\WORLD\EXPANSION06\DOODADS\NAGA\7NG_NAGA_CHESTSMALL_OPEN01.M2
patch-6.MPQ,WORLD\EXPANSION06\DOODADS\NAGA\7NG_NAGA_HARPOON.M2,doodad_model,10184,5986,0x80010200,44E5349758AF1283CDFBAB6428578DFC9781D516,D:\Sirus\_client\World of Warcraft Sirus\Risen_Depths_Extract_2026-10-04\ADTDependencies\ByArchive\patch-6.MPQ\WORLD\EXPANSION06\DOODADS\NAGA\7NG_NAGA_HARPOON.M2
patch-6.MPQ,WORLD\EXPANSION06\DOODADS\NAGA\7NG_NAGA_INCUBATOR.M2,doodad_model,128338,68797,0x80010200,950E3ACEBC64D8ED3E290EA7343F9EB517601E12,D:\Sirus\_client\World of Warcraft Sirus\Risen_Depths_Extract_2026-10-04\ADTDependencies\ByArchive\patch-6.MPQ\WORLD\EXPANSION06\DOODADS\NAGA\7NG_NAGA_INCUBATOR.M2
patch-6.MPQ,WORLD\EXPANSION06\DOODADS\NAGA\7NG_NAGA_JAR01.M2,doodad_model,7510,4327,0x80010200,90B47A9C9A1795745EDC7AB9790BD00D4C9A70C0,D:\Sirus\_client\World of Warcraft Sirus\Risen_Depths_Extract_2026-10-04\ADTDependencies\ByArchive\patch-6.MPQ\WORLD\EXPANSION06\DOODADS\NAGA\7NG_NAGA_JAR01.M2
patch-6.MPQ,WORLD\EXPANSION06\DOODADS\NAGA\7NG_NAGA_NAUGILUS01.M2,doodad_model,36962,23751,0x80010200,38B8939EBB40C5ABCB6DF573499E1CDE6C7C11BB,D:\Sirus\_client\World of Warcraft Sirus\Risen_Depths_Extract_2026-10-04\ADTDependencies\ByArchive\patch-6.MPQ\WORLD\EXPANSION06\DOODADS\NAGA\7NG_NAGA_NAUGILUS01.M2
patch-6.MPQ,WORLD\EXPANSION06\DOODADS\NAGA\7NG_NAGA_SHELL.M2,doodad_model,19922,12121,0x80010200,EAF9508278A1B9ED8755E10AF982CF6DBB7AA4DE,D:\Sirus\_client\World of Warcraft Sirus\Risen_Depths_Extract_2026-10-04\ADTDependencies\ByArchive\patch-6.MPQ\WORLD\EXPANSION06\DOODADS\NAGA\7NG_NAGA_SHELL.M2
patch-6.MPQ,WORLD\EXPANSION06\DOODADS\NAGA\7NG_NAGA_SUPPLIES01.M2,doodad_model,110762,62459,0x80010200,85C0E1362DE72CE89483F7A9CE536EECF2D88DF4,D:\Sirus\_client\World of Warcraft Sirus\Risen_Depths_Extract_2026-10-04\ADTDependencies\ByArchive\patch-6.MPQ\WORLD\EXPANSION06\DOODADS\NAGA\7NG_NAGA_SUPPLIES01.M2
patch-6.MPQ,WORLD\EXPANSION06\DOODADS\NAGA\7NG_NAGA_SUPPLIES02.M2,doodad_model,149981,84925,0x80010200,AAE5B9FA442D033CEC4F25AE02D887E24A24BF37,D:\Sirus\_client\World of Warcraft Sirus\Risen_Depths_Extract_2026-10-04\ADTDependencies\ByArchive\patch-6.MPQ\WORLD\EXPANSION06\DOODADS\NAGA\7NG_NAGA_SUPPLIES02.M2
patch-6.MPQ,WORLD\EXPANSION06\DOODADS\NAGA\7NG_NAGA_SUPPLIES03.M2,doodad_model,403608,224439,0x80010200,8364AB1EFBA39311ACD5553311FF0BA73B00344B,D:\Sirus\_client\World of Warcraft Sirus\Risen_Depths_Extract_2026-10-04\ADTDependencies\ByArchive\patch-6.MPQ\WORLD\EXPANSION06\DOODADS\NAGA\7NG_NAGA_SUPPLIES03.M2
patch-6.MPQ,WORLD\EXPANSION06\DOODADS\NAGA\7NG_NAGA_TORCH01_LIGHT.M2,doodad_model,14832,6838,0x80010200,4AB4B745DFD0426470DECDE8E00F1D7FAD1FC2CF,D:\Sirus\_client\World of Warcraft Sirus\Risen_Depths_Extract_2026-10-04\ADTDependencies\ByArchive\patch-6.MPQ\WORLD\EXPANSION06\DOODADS\NAGA\7NG_NAGA_TORCH01_LIGHT.M2
patch-6.MPQ,WORLD\EXPANSION06\DOODADS\NAGA\7NG_NAGA_TRIDENT.M2,doodad_model,8936,5210,0x80010200,800B99747E60410C8A781A808384A0F8E46578E9,D:\Sirus\_client\World of Warcraft Sirus\Risen_Depths_Extract_2026-10-04\ADTDependencies\ByArchive\patch-6.MPQ\WORLD\EXPANSION06\DOODADS\NAGA\7NG_NAGA_TRIDENT.M2
patch-6.MPQ,WORLD\EXPANSION06\DOODADS\NAGA\7NG_NAGA_VASE.M2,doodad_model,7509,4257,0x80010200,2EBF6AB9DC5F69B50B739185F137F5BF4D827E7B,D:\Sirus\_client\World of Warcraft Sirus\Risen_Depths_Extract_2026-10-04\ADTDependencies\ByArchive\patch-6.MPQ\WORLD\EXPANSION06\DOODADS\NAGA\7NG_NAGA_VASE.M2
patch-6.MPQ,WORLD\EXPANSION06\DOODADS\NAGA\7NG_NAGA_WEAPONCRATE_CLOSED01.M2,doodad_model,29951,14765,0x80010200,366387FD43F9A7B34D1BCAC1BF060E025F7B3670,D:\Sirus\_client\World of Warcraft Sirus\Risen_Depths_Extract_2026-10-04\ADTDependencies\ByArchive\patch-6.MPQ\WORLD\EXPANSION06\DOODADS\NAGA\7NG_NAGA_WEAPONCRATE_CLOSED01.M2
patch-6.MPQ,WORLD\EXPANSION06\DOODADS\NAGA\7NG_NAGA_WEAPONRACK01.M2,doodad_model,74941,44703,0x80010200,5ED481B71935A8655FF37E292EB7D8C4641102B9,D:\Sirus\_client\World of Warcraft Sirus\Risen_Depths_Extract_2026-10-04\ADTDependencies\ByArchive\patch-6.MPQ\WORLD\EXPANSION06\DOODADS\NAGA\7NG_NAGA_WEAPONRACK01.M2
patch-6.MPQ,WORLD\EXPANSION06\DOODADS\NAGA\7NG_NAGA_WEAPONRACK02.M2,doodad_model,81613,48322,0x80010200,94464E8D6712A661DE89BBF6678954AF8266308F,D:\Sirus\_client\World of Warcraft Sirus\Risen_Depths_Extract_2026-10-04\ADTDependencies\ByArchive\patch-6.MPQ\WORLD\EXPANSION06\DOODADS\NAGA\7NG_NAGA_WEAPONRACK02.M2
patch-6.MPQ,WORLD\EXPANSION06\DOODADS\SEAGIANT\7SG_SEAGIANT_ANCHOR_LAMP02.M2,doodad_model,52186,33045,0x80010200,3D22B4CF47B98C36C2327770BE26B9FCF7506558,D:\Sirus\_client\World of Warcraft Sirus\Risen_Depths_Extract_2026-10-04\ADTDependencies\ByArchive\patch-6.MPQ\WORLD\EXPANSION06\DOODADS\SEAGIANT\7SG_SEAGIANT_ANCHOR_LAMP02.M2
patch-6.MPQ,WORLD\EXPANSION06\DOODADS\SEAGIANT\7SG_SEAGIANT_ANCHOR_LAMP03.M2,doodad_model,67306,41893,0x80010200,7E090C6BEBF3F74AF36C92CCA30D9BE1F8D1196F,D:\Sirus\_client\World of Warcraft Sirus\Risen_Depths_Extract_2026-10-04\ADTDependencies\ByArchive\patch-6.MPQ\WORLD\EXPANSION06\DOODADS\SEAGIANT\7SG_SEAGIANT_ANCHOR_LAMP03.M2
patch-6.MPQ,WORLD\EXPANSION06\DOODADS\SEAGIANT\7SG_SEAGIANT_ANCHOR01.M2,doodad_model,14872,9789,0x80010200,8D026DC6DD8229EB4AACA0C9A0A4C8C9A59FABB6,D:\Sirus\_client\World of Warcraft Sirus\Risen_Depths_Extract_2026-10-04\ADTDependencies\ByArchive\patch-6.MPQ\WORLD\EXPANSION06\DOODADS\SEAGIANT\7SG_SEAGIANT_ANCHOR01.M2
patch-6.MPQ,WORLD\EXPANSION06\DOODADS\SEAGIANT\7SG_SEAGIANT_BROKENMAST01.M2,doodad_model,92376,57859,0x80010200,BD7A5E0BEF152A56C0AC02F53CF5C2F3F9328DA9,D:\Sirus\_client\World of Warcraft Sirus\Risen_Depths_Extract_2026-10-04\ADTDependencies\ByArchive\patch-6.MPQ\WORLD\EXPANSION06\DOODADS\SEAGIANT\7SG_SEAGIANT_BROKENMAST01.M2
patch-6.MPQ,WORLD\EXPANSION06\DOODADS\SEAGIANT\7SG_SEAGIANT_BROKENMAST02.M2,doodad_model,79080,48440,0x80010200,16917694002FF029F6BB4ECB5DC24C8B6D67CA17,D:\Sirus\_client\World of Warcraft Sirus\Risen_Depths_Extract_2026-10-04\ADTDependencies\ByArchive\patch-6.MPQ\WORLD\EXPANSION06\DOODADS\SEAGIANT\7SG_SEAGIANT_BROKENMAST02.M2
patch-6.MPQ,WORLD\EXPANSION06\DOODADS\SEAGIANT\7SG_SEAGIANT_BROKENMAST03.M2,doodad_model,63697,38743,0x80010200,2145AA904C7C0B270CCAD45C7187F6B1140BC009,D:\Sirus\_client\World of Warcraft Sirus\Risen_Depths_Extract_2026-10-04\ADTDependencies\ByArchive\patch-6.MPQ\WORLD\EXPANSION06\DOODADS\SEAGIANT\7SG_SEAGIANT_BROKENMAST03.M2
patch-6.MPQ,WORLD\EXPANSION06\DOODADS\SEAGIANT\7SG_SEAGIANT_BROKENMAST04.M2,doodad_model,15848,9730,0x80010200,B9A8279001DAEF8E1CCABDA1A6904D7C82363641,D:\Sirus\_client\World of Warcraft Sirus\Risen_Depths_Extract_2026-10-04\ADTDependencies\ByArchive\patch-6.MPQ\WORLD\EXPANSION06\DOODADS\SEAGIANT\7SG_SEAGIANT_BROKENMAST04.M2
patch-6.MPQ,WORLD\EXPANSION06\DOODADS\SEAGIANT\7SG_SEAGIANT_BROKENMAST05.M2,doodad_model,13928,8382,0x80010200,421C71CB1143EBBFA33AC9872F020DCD68D2BBD4,D:\Sirus\_client\World of Warcraft Sirus\Risen_Depths_Extract_2026-10-04\ADTDependencies\ByArchive\patch-6.MPQ\WORLD\EXPANSION06\DOODADS\SEAGIANT\7SG_SEAGIANT_BROKENMAST05.M2
patch-6.MPQ,WORLD\EXPANSION06\DOODADS\SEAGIANT\7SG_SEAGIANT_DEBRIS_PLANK01_FLOATING.M2,doodad_model,4706,2026,0x80010200,D1B7E79F7D8E0CDD15DAA6957DC0F4C0AE49131F,D:\Sirus\_client\World of Warcraft Sirus\Risen_Depths_Extract_2026-10-04\ADTDependencies\ByArchive\patch-6.MPQ\WORLD\EXPANSION06\DOODADS\SEAGIANT\7SG_SEAGIANT_DEBRIS_PLANK01_FLOATING.M2
patch-6.MPQ,WORLD\EXPANSION06\DOODADS\SEAGIANT\7SG_SEAGIANT_DEBRIS_PLANK01.M2,doodad_model,4813,2400,0x80010200,173E85151EF0400D97446E7B7748C01ED5FAF174,D:\Sirus\_client\World of Warcraft Sirus\Risen_Depths_Extract_2026-10-04\ADTDependencies\ByArchive\patch-6.MPQ\WORLD\EXPANSION06\DOODADS\SEAGIANT\7SG_SEAGIANT_DEBRIS_PLANK01.M2
patch-6.MPQ,WORLD\EXPANSION06\DOODADS\SEAGIANT\7SG_SEAGIANT_DEBRIS_PLANK02.M2,doodad_model,4829,2327,0x80010200,9A796171C9DD1CB6F5505A06C62CBBF9D1A59F33,D:\Sirus\_client\World of Warcraft Sirus\Risen_Depths_Extract_2026-10-04\ADTDependencies\ByArchive\patch-6.MPQ\WORLD\EXPANSION06\DOODADS\SEAGIANT\7SG_SEAGIANT_DEBRIS_PLANK02.M2
patch-6.MPQ,WORLD\EXPANSION06\DOODADS\SEAGIANT\7SG_SEAGIANT_DEBRIS_PLANK03.M2,doodad_model,5309,2714,0x80010200,39E5315D371A5F5480F333D9871A8DE31ED715ED,D:\Sirus\_client\World of Warcraft Sirus\Risen_Depths_Extract_2026-10-04\ADTDependencies\ByArchive\patch-6.MPQ\WORLD\EXPANSION06\DOODADS\SEAGIANT\7SG_SEAGIANT_DEBRIS_PLANK03.M2
patch-6.MPQ,WORLD\EXPANSION06\DOODADS\SEAGIANT\7SG_SEAGIANT_DEBRIS01.M2,doodad_model,15143,8812,0x80010200,6E3020C55A02900DA764D8C3601D551B6BA1D83A,D:\Sirus\_client\World of Warcraft Sirus\Risen_Depths_Extract_2026-10-04\ADTDependencies\ByArchive\patch-6.MPQ\WORLD\EXPANSION06\DOODADS\SEAGIANT\7SG_SEAGIANT_DEBRIS01.M2
patch-6.MPQ,WORLD\EXPANSION06\DOODADS\SEAGIANT\7SG_SEAGIANT_DEBRIS02.M2,doodad_model,19127,11803,0x80010200,69F8D883A20DB3CE00E8A0EA4BB947EA17E01D93,D:\Sirus\_client\World of Warcraft Sirus\Risen_Depths_Extract_2026-10-04\ADTDependencies\ByArchive\patch-6.MPQ\WORLD\EXPANSION06\DOODADS\SEAGIANT\7SG_SEAGIANT_DEBRIS02.M2
patch-6.MPQ,WORLD\EXPANSION06\DOODADS\SEAGIANT\7SG_SEAGIANT_DEBRIS03.M2,doodad_model,18487,11278,0x80010200,107B64B0639D6D80C7C0D2405B972AC66EF7C456,D:\Sirus\_client\World of Warcraft Sirus\Risen_Depths_Extract_2026-10-04\ADTDependencies\ByArchive\patch-6.MPQ\WORLD\EXPANSION06\DOODADS\SEAGIANT\7SG_SEAGIANT_DEBRIS03.M2
patch-6.MPQ,WORLD\EXPANSION06\DOODADS\SEAGIANT\7SG_SEAGIANT_DEBRIS04.M2,doodad_model,8871,5027,0x80010200,0E2D87C7F0495EE33A0425F4A3242928FA8C6AF1,D:\Sirus\_client\World of Warcraft Sirus\Risen_Depths_Extract_2026-10-04\ADTDependencies\ByArchive\patch-6.MPQ\WORLD\EXPANSION06\DOODADS\SEAGIANT\7SG_SEAGIANT_DEBRIS04.M2
patch-6.MPQ,WORLD\EXPANSION06\DOODADS\SEAGIANT\7SG_SEAGIANT_MASTTORCH03.M2,doodad_model,111882,69600,0x80010200,78798ACF1B2C312FC39C1AD997EA9BAB56E71874,D:\Sirus\_client\World of Warcraft Sirus\Risen_Depths_Extract_2026-10-04\ADTDependencies\ByArchive\patch-6.MPQ\WORLD\EXPANSION06\DOODADS\SEAGIANT\7SG_SEAGIANT_MASTTORCH03.M2
patch-6.MPQ,WORLD\EXPANSION06\DOODADS\SEAGIANT\7SG_SEAGIANT_PIERPILING01.M2,doodad_model,45707,26828,0x80010200,3AE814FA0D2779CCC63BDB587B910D2498B56CC8,D:\Sirus\_client\World of Warcraft Sirus\Risen_Depths_Extract_2026-10-04\ADTDependencies\ByArchive\patch-6.MPQ\WORLD\EXPANSION06\DOODADS\SEAGIANT\7SG_SEAGIANT_PIERPILING01.M2
patch-6.MPQ,WORLD\EXPANSION06\DOODADS\SEAGIANT\7SG_SEAGIANT_PIERPILING02.M2,doodad_model,42242,24291,0x80010200,52E12AB03BFD4EE960A47BB5225935128D9B385E,D:\Sirus\_client\World of Warcraft Sirus\Risen_Depths_Extract_2026-10-04\ADTDependencies\ByArchive\patch-6.MPQ\WORLD\EXPANSION06\DOODADS\SEAGIANT\7SG_SEAGIANT_PIERPILING02.M2
patch-6.MPQ,WORLD\EXPANSION06\DOODADS\SEAGIANT\7SG_SEAGIANT_PIERPILING03.M2,doodad_model,32379,18502,0x80010200,EA7C44560167B113A8DF36E08857D4A426120FA7,D:\Sirus\_client\World of Warcraft Sirus\Risen_Depths_Extract_2026-10-04\ADTDependencies\ByArchive\patch-6.MPQ\WORLD\EXPANSION06\DOODADS\SEAGIANT\7SG_SEAGIANT_PIERPILING03.M2
patch-6.MPQ,WORLD\EXPANSION06\DOODADS\SEAGIANT\7SG_SEAGIANT_PIERPILING04.M2,doodad_model,17451,9658,0x80010200,CB6ED7A91ADDE9B6BF88D6E298C60828A7D60576,D:\Sirus\_client\World of Warcraft Sirus\Risen_Depths_Extract_2026-10-04\ADTDependencies\ByArchive\patch-6.MPQ\WORLD\EXPANSION06\DOODADS\SEAGIANT\7SG_SEAGIANT_PIERPILING04.M2
patch-6.MPQ,WORLD\EXPANSION06\DOODADS\SEAGIANT\7SG_SEAGIANT_PIERPILING05.M2,doodad_model,14299,8413,0x80010200,BAA888B7938694C20C02060066FE98A223010A24,D:\Sirus\_client\World of Warcraft Sirus\Risen_Depths_Extract_2026-10-04\ADTDependencies\ByArchive\patch-6.MPQ\WORLD\EXPANSION06\DOODADS\SEAGIANT\7SG_SEAGIANT_PIERPILING05.M2
patch-6.MPQ,WORLD\EXPANSION06\DOODADS\SEAGIANT\7SG_SEAGIANT_PIERPILING06.M2,doodad_model,77163,44409,0x80010200,DC9CC6E4103A2335841739259832E3F46847C1E3,D:\Sirus\_client\World of Warcraft Sirus\Risen_Depths_Extract_2026-10-04\ADTDependencies\ByArchive\patch-6.MPQ\WORLD\EXPANSION06\DOODADS\SEAGIANT\7SG_SEAGIANT_PIERPILING06.M2
patch-6.MPQ,WORLD\EXPANSION06\DOODADS\SEAGIANT\7SG_SEAGIANT_PIERPILING07.M2,doodad_model,80939,46214,0x80010200,1299AA889A41DF4A37C2FA02B016B55FE09A624F,D:\Sirus\_client\World of Warcraft Sirus\Risen_Depths_Extract_2026-10-04\ADTDependencies\ByArchive\patch-6.MPQ\WORLD\EXPANSION06\DOODADS\SEAGIANT\7SG_SEAGIANT_PIERPILING07.M2
patch-6.MPQ,WORLD\EXPANSION06\DOODADS\SEAGIANT\7SG_SEAGIANT_POLE01.M2,doodad_model,20850,12761,0x80010200,DA93965DFB44B18A0F7CD7292386DACB8D12F6C5,D:\Sirus\_client\World of Warcraft Sirus\Risen_Depths_Extract_2026-10-04\ADTDependencies\ByArchive\patch-6.MPQ\WORLD\EXPANSION06\DOODADS\SEAGIANT\7SG_SEAGIANT_POLE01.M2
patch-6.MPQ,WORLD\EXPANSION06\DOODADS\SEAGIANT\7SG_SEAGIANT_POLE02.M2,doodad_model,19461,12401,0x80010200,E756474D407680E9752D467AB6E0547EC5571294,D:\Sirus\_client\World of Warcraft Sirus\Risen_Depths_Extract_2026-10-04\ADTDependencies\ByArchive\patch-6.MPQ\WORLD\EXPANSION06\DOODADS\SEAGIANT\7SG_SEAGIANT_POLE02.M2
patch-6.MPQ,WORLD\EXPANSION06\DOODADS\SEAGIANT\7SG_SEAGIANT_SHIPLANTERN01_HANGING01.M2,doodad_model,24762,11767,0x80010200,2F8D3439BBCCBAD67066234F17FCD587F921FA34,D:\Sirus\_client\World of Warcraft Sirus\Risen_Depths_Extract_2026-10-04\ADTDependencies\ByArchive\patch-6.MPQ\WORLD\EXPANSION06\DOODADS\SEAGIANT\7SG_SEAGIANT_SHIPLANTERN01_HANGING01.M2
patch-6.MPQ,WORLD\EXPANSION06\DOODADS\SEAGIANT\7SG_SEAGIANT_SHIPLANTERN01_UNLIT.M2,doodad_model,17864,10957,0x80010200,ABA69565A0EDE63AB3235ACB38AFC8B4ADE6CAE0,D:\Sirus\_client\World of Warcraft Sirus\Risen_Depths_Extract_2026-10-04\ADTDependencies\ByArchive\patch-6.MPQ\WORLD\EXPANSION06\DOODADS\SEAGIANT\7SG_SEAGIANT_SHIPLANTERN01_UNLIT.M2
patch-6.MPQ,WORLD\EXPANSION06\DOODADS\SEAGIANT\7SG_SEAGIANT_SHIPLANTERN02_UNLIT.M2,doodad_model,33880,21017,0x80010200,107083189147EE7559A10D52A5E68D91B77759AB,D:\Sirus\_client\World of Warcraft Sirus\Risen_Depths_Extract_2026-10-04\ADTDependencies\ByArchive\patch-6.MPQ\WORLD\EXPANSION06\DOODADS\SEAGIANT\7SG_SEAGIANT_SHIPLANTERN02_UNLIT.M2
patch-6.MPQ,WORLD\EXPANSION06\DOODADS\SEAGIANT\7SG_SEAGIANT_SLAVEWEAPONS01.M2,doodad_model,28963,15871,0x80010200,58A0CC77418AD5EB572D539EB1AFCBA58749AD9D,D:\Sirus\_client\World of Warcraft Sirus\Risen_Depths_Extract_2026-10-04\ADTDependencies\ByArchive\patch-6.MPQ\WORLD\EXPANSION06\DOODADS\SEAGIANT\7SG_SEAGIANT_SLAVEWEAPONS01.M2
patch-6.MPQ,WORLD\EXPANSION06\DOODADS\SEAGIANT\7SG_SEAGIANT_TATTEREDSAIL03.M2,doodad_model,469645,333046,0x80010200,5841DD32D313AA8F3923231DF3B27064079644E2,D:\Sirus\_client\World of Warcraft Sirus\Risen_Depths_Extract_2026-10-04\ADTDependencies\ByArchive\patch-6.MPQ\WORLD\EXPANSION06\DOODADS\SEAGIANT\7SG_SEAGIANT_TATTEREDSAIL03.M2
patch-6.MPQ,WORLD\EXPANSION06\DOODADS\SEAGIANT\7SG_SEAGIANT_WEAPON01.M2,doodad_model,35432,21842,0x80010200,371AF37E0DE55FD57DA3B9DF785531B5056916D8,D:\Sirus\_client\World of Warcraft Sirus\Risen_Depths_Extract_2026-10-04\ADTDependencies\ByArchive\patch-6.MPQ\WORLD\EXPANSION06\DOODADS\SEAGIANT\7SG_SEAGIANT_WEAPON01.M2
patch-6.MPQ,WORLD\EXPANSION06\DOODADS\SEAGIANT\7SG_SEAGIANT_WEAPON02.M2,doodad_model,51320,30317,0x80010200,2F88B0ED4FAD7414C8E322E2B45D9DF90E537654,D:\Sirus\_client\World of Warcraft Sirus\Risen_Depths_Extract_2026-10-04\ADTDependencies\ByArchive\patch-6.MPQ\WORLD\EXPANSION06\DOODADS\SEAGIANT\7SG_SEAGIANT_WEAPON02.M2
patch-6.MPQ,WORLD\EXPANSION06\DOODADS\SEAGIANT\7SG_SEAGIANT_WEAPON03.M2,doodad_model,27901,17339,0x80010200,3C6C3D419BF94299DCDF6E4FCA6AC52605533A1E,D:\Sirus\_client\World of Warcraft Sirus\Risen_Depths_Extract_2026-10-04\ADTDependencies\ByArchive\patch-6.MPQ\WORLD\EXPANSION06\DOODADS\SEAGIANT\7SG_SEAGIANT_WEAPON03.M2
patch-6.MPQ,WORLD\EXPANSION06\DOODADS\SEAGIANT\7SG_SEAGIANT_WEAPONRACK01.M2,doodad_model,210257,131336,0x80010200,BBAC93D7C57DF8731D84F341274EC5BDA6B685AC,D:\Sirus\_client\World of Warcraft Sirus\Risen_Depths_Extract_2026-10-04\ADTDependencies\ByArchive\patch-6.MPQ\WORLD\EXPANSION06\DOODADS\SEAGIANT\7SG_SEAGIANT_WEAPONRACK01.M2
patch-6.MPQ,WORLD\EXPANSION06\DOODADS\SEAGIANT\7SG_SEAGIANT_WEAPONRACK02.M2,doodad_model,211224,131675,0x80010200,9300548DE4E10B7487A1C4C3D713051CB36501E4,D:\Sirus\_client\World of Warcraft Sirus\Risen_Depths_Extract_2026-10-04\ADTDependencies\ByArchive\patch-6.MPQ\WORLD\EXPANSION06\DOODADS\SEAGIANT\7SG_SEAGIANT_WEAPONRACK02.M2
patch-6.MPQ,WORLD\EXPANSION06\DOODADS\VRYKUL\7VR_VRYKUL_BONE02.M2,doodad_model,4435,2030,0x80010200,A00A491CE943A99A773BB2C916B05A08D9ACCCFA,D:\Sirus\_client\World of Warcraft Sirus\Risen_Depths_Extract_2026-10-04\ADTDependencies\ByArchive\patch-6.MPQ\WORLD\EXPANSION06\DOODADS\VRYKUL\7VR_VRYKUL_BONE02.M2
patch-6.MPQ,WORLD\EXPANSION06\DOODADS\VRYKUL\7VR_VRYKUL_BONEPILE01.M2,doodad_model,23714,14766,0x80010200,16FF2444AD4E113F6794D8AFD3CC15DC78610178,D:\Sirus\_client\World of Warcraft Sirus\Risen_Depths_Extract_2026-10-04\ADTDependencies\ByArchive\patch-6.MPQ\WORLD\EXPANSION06\DOODADS\VRYKUL\7VR_VRYKUL_BONEPILE01.M2
patch-6.MPQ,WORLD\EXPANSION06\DOODADS\VRYKUL\7VR_VRYKUL_BONEPILE02.M2,doodad_model,45170,29408,0x80010200,C54CD4CFFF0D4A65CDE0DDE5E6E382505B71FD14,D:\Sirus\_client\World of Warcraft Sirus\Risen_Depths_Extract_2026-10-04\ADTDependencies\ByArchive\patch-6.MPQ\WORLD\EXPANSION06\DOODADS\VRYKUL\7VR_VRYKUL_BONEPILE02.M2
patch-6.MPQ,WORLD\EXPANSION06\DOODADS\VRYKUL\7VR_VRYKUL_BONEPILE03.M2,doodad_model,59378,37919,0x80010200,5E34B6A225D25DD05A78CD0E2E36FEFD830EEC16,D:\Sirus\_client\World of Warcraft Sirus\Risen_Depths_Extract_2026-10-04\ADTDependencies\ByArchive\patch-6.MPQ\WORLD\EXPANSION06\DOODADS\VRYKUL\7VR_VRYKUL_BONEPILE03.M2
patch-6.MPQ,WORLD\EXPANSION06\DOODADS\VRYKUL\7VR_VRYKUL_GIBBET.M2,doodad_model,31433,16075,0x80010200,96B3FE9A718A8F566778C501D5F9C32CD124A757,D:\Sirus\_client\World of Warcraft Sirus\Risen_Depths_Extract_2026-10-04\ADTDependencies\ByArchive\patch-6.MPQ\WORLD\EXPANSION06\DOODADS\VRYKUL\7VR_VRYKUL_GIBBET.M2
patch-6.MPQ,WORLD\EXPANSION06\DOODADS\VRYKUL\7VR_VRYKUL_GIBBET01.M2,doodad_model,19413,9968,0x80010200,1755B521BE41FCDFC6E287EAF214049349857C22,D:\Sirus\_client\World of Warcraft Sirus\Risen_Depths_Extract_2026-10-04\ADTDependencies\ByArchive\patch-6.MPQ\WORLD\EXPANSION06\DOODADS\VRYKUL\7VR_VRYKUL_GIBBET01.M2
patch-6.MPQ,WORLD\EXPANSION06\DOODADS\VRYKUL\7VR_VRYKUL_RUNEROCK01.M2,doodad_model,6431,3239,0x80010200,ED009E85C5F57F7A859FAFCDB5397F07FE4AE2F1,D:\Sirus\_client\World of Warcraft Sirus\Risen_Depths_Extract_2026-10-04\ADTDependencies\ByArchive\patch-6.MPQ\WORLD\EXPANSION06\DOODADS\VRYKUL\7VR_VRYKUL_RUNEROCK01.M2
patch-6.MPQ,WORLD\EXPANSION06\DOODADS\VRYKUL\7VR_VRYKUL_RUNEROCK02.M2,doodad_model,6143,3315,0x80010200,BFDACDD5D61682921AA583E6C9B07B9E3C973F1D,D:\Sirus\_client\World of Warcraft Sirus\Risen_Depths_Extract_2026-10-04\ADTDependencies\ByArchive\patch-6.MPQ\WORLD\EXPANSION06\DOODADS\VRYKUL\7VR_VRYKUL_RUNEROCK02.M2
patch-6.MPQ,WORLD\EXPANSION06\DOODADS\VRYKUL\7VR_VRYKUL_RUNEROCK03.M2,doodad_model,7439,3863,0x80010200,D75352311FB435A59A14D5B1C0D941C584280EA7,D:\Sirus\_client\World of Warcraft Sirus\Risen_Depths_Extract_2026-10-04\ADTDependencies\ByArchive\patch-6.MPQ\WORLD\EXPANSION06\DOODADS\VRYKUL\7VR_VRYKUL_RUNEROCK03.M2
patch-6.MPQ,WORLD\GENERIC\NIGHTELF\PASSIVE DOODADS\RUINS\AZRELFRUIN_UW01.M2,doodad_model,14210,6821,0x80010200,E424FCF5276282A0CF7FDCBA8FE10F0B1FB263AC,D:\Sirus\_client\World of Warcraft Sirus\Risen_Depths_Extract_2026-10-04\ADTDependencies\ByArchive\patch-6.MPQ\WORLD\GENERIC\NIGHTELF\PASSIVE DOODADS\RUINS\AZRELFRUIN_UW01.M2
patch-6.MPQ,WORLD\GENERIC\NIGHTELF\PASSIVE DOODADS\RUINS\AZRELFRUIN_UW03.M2,doodad_model,7650,4576,0x80010200,26EAA751241AE6A6CFF73FD77798278838FFD29E,D:\Sirus\_client\World of Warcraft Sirus\Risen_Depths_Extract_2026-10-04\ADTDependencies\ByArchive\patch-6.MPQ\WORLD\GENERIC\NIGHTELF\PASSIVE DOODADS\RUINS\AZRELFRUIN_UW03.M2
patch-6.MPQ,WORLD\GENERIC\NIGHTELF\PASSIVE DOODADS\RUINS\AZRELFRUIN_UW04.M2,doodad_model,4754,2462,0x80010200,6D1ADB19221055D6916975663FA5F76D5B9EBEF5,D:\Sirus\_client\World of Warcraft Sirus\Risen_Depths_Extract_2026-10-04\ADTDependencies\ByArchive\patch-6.MPQ\WORLD\GENERIC\NIGHTELF\PASSIVE DOODADS\RUINS\AZRELFRUIN_UW04.M2
patch-6.MPQ,WORLD\GENERIC\NIGHTELF\PASSIVE DOODADS\RUINS\AZRELFRUIN_UW07.M2,doodad_model,10610,5406,0x80010200,05A261772DDB77A004B30328642C169E560D3A0A,D:\Sirus\_client\World of Warcraft Sirus\Risen_Depths_Extract_2026-10-04\ADTDependencies\ByArchive\patch-6.MPQ\WORLD\GENERIC\NIGHTELF\PASSIVE DOODADS\RUINS\AZRELFRUIN_UW07.M2
patch-6.MPQ,WORLD\GENERIC\NIGHTELF\PASSIVE DOODADS\RUINS\AZRELFRUIN_UW08.M2,doodad_model,25682,12320,0x80010200,ECAE4AEEDC8462B56A356549D6B1FC8520047789,D:\Sirus\_client\World of Warcraft Sirus\Risen_Depths_Extract_2026-10-04\ADTDependencies\ByArchive\patch-6.MPQ\WORLD\GENERIC\NIGHTELF\PASSIVE DOODADS\RUINS\AZRELFRUIN_UW08.M2
patch-6.MPQ,WORLD\GENERIC\NIGHTELF\PASSIVE DOODADS\RUINS\AZRELFRUIN_UW09.M2,doodad_model,18818,10193,0x80010200,4C9294E273A7D40C95FB28BF086D3DE8992DD2BD,D:\Sirus\_client\World of Warcraft Sirus\Risen_Depths_Extract_2026-10-04\ADTDependencies\ByArchive\patch-6.MPQ\WORLD\GENERIC\NIGHTELF\PASSIVE DOODADS\RUINS\AZRELFRUIN_UW09.M2
patch-6.MPQ,WORLD\GENERIC\NIGHTELF\PASSIVE DOODADS\RUINS\AZRELFRUIN_UW10.M2,doodad_model,19074,10250,0x80010200,D8F9DA0389D592304B273F160436AA2C865D5BDD,D:\Sirus\_client\World of Warcraft Sirus\Risen_Depths_Extract_2026-10-04\ADTDependencies\ByArchive\patch-6.MPQ\WORLD\GENERIC\NIGHTELF\PASSIVE DOODADS\RUINS\AZRELFRUIN_UW10.M2
patch-6.MPQ,WORLD\GENERIC\PASSIVEDOODADS\DEATHSKELETONS\NAGAFEMALEDEATHSKELETON.M2,doodad_model,41618,21366,0x80010200,EBEC66EBEBA4FC859CBBF02A2E7FF6A62FDD6073,D:\Sirus\_client\World of Warcraft Sirus\Risen_Depths_Extract_2026-10-04\ADTDependencies\ByArchive\patch-6.MPQ\WORLD\GENERIC\PASSIVEDOODADS\DEATHSKELETONS\NAGAFEMALEDEATHSKELETON.M2
patch-6.MPQ,WORLD\GENERIC\PASSIVEDOODADS\DEATHSKELETONS\NAGAMALEDEATHSKELETON.M2,doodad_model,40690,22071,0x80010200,EA3AECCD038385F52147F5C95BED46A70D95D474,D:\Sirus\_client\World of Warcraft Sirus\Risen_Depths_Extract_2026-10-04\ADTDependencies\ByArchive\patch-6.MPQ\WORLD\GENERIC\PASSIVEDOODADS\DEATHSKELETONS\NAGAMALEDEATHSKELETON.M2
patch-6.MPQ,WORLD\GENERIC\PASSIVEDOODADS\FISH\FISH_FELBLOOD_SNAPPA.M2,doodad_model,197106,116694,0x80010200,20266E6E14F2EAE405CB7C582D2346E28C059F57,D:\Sirus\_client\World of Warcraft Sirus\Risen_Depths_Extract_2026-10-04\ADTDependencies\ByArchive\patch-6.MPQ\WORLD\GENERIC\PASSIVEDOODADS\FISH\FISH_FELBLOOD_SNAPPA.M2
patch-6.MPQ,WORLD\GENERIC\PASSIVEDOODADS\FISH\FISHSCHOOL_05.M2,doodad_model,109442,66425,0x80010200,BB543F1C9ABDF55886E19C792DCB6D21E0C456EB,D:\Sirus\_client\World of Warcraft Sirus\Risen_Depths_Extract_2026-10-04\ADTDependencies\ByArchive\patch-6.MPQ\WORLD\GENERIC\PASSIVEDOODADS\FISH\FISHSCHOOL_05.M2
patch-6.MPQ,WORLD\GENERIC\PVP\COLLISIONWALL\COLLISION.WMO,wmo,1308,391,0x80010200,ABE72F0588690F100EA6C319F3DEFDF5F35E3E99,D:\Sirus\_client\World of Warcraft Sirus\Risen_Depths_Extract_2026-10-04\ADTDependencies\ByArchive\patch-6.MPQ\WORLD\GENERIC\PVP\COLLISIONWALL\COLLISION.WMO
patch-6.MPQ,WORLD\GENERIC\PVP\COLLISIONWALL\COLLISIONWALLPVP02.M2,doodad_model,2098,587,0x80010200,469DF7948EEBF834C71A31F306FC90BD776A1CDF,D:\Sirus\_client\World of Warcraft Sirus\Risen_Depths_Extract_2026-10-04\ADTDependencies\ByArchive\patch-6.MPQ\WORLD\GENERIC\PVP\COLLISIONWALL\COLLISIONWALLPVP02.M2
patch-6.MPQ,WORLD\NODXT\DETAIL\TU_GRA01.M2,doodad_model,1730,849,0x80010200,104641C0FC5995834BF3BA1B76EB32AB24BEB5DF,D:\Sirus\_client\World of Warcraft Sirus\Risen_Depths_Extract_2026-10-04\ADTDependencies\ByArchive\patch-6.MPQ\WORLD\NODXT\DETAIL\TU_GRA01.M2
patch-6.MPQ,WORLD\SKILLACTIVATED\TRADESKILLNODES\BLACKROCK_MININGNODE_NORMAL.M2,doodad_model,23048,15168,0x80010200,C97C81B0BB88BA85105DC4B78E0A896915A40DAB,D:\Sirus\_client\World of Warcraft Sirus\Risen_Depths_Extract_2026-10-04\ADTDependencies\ByArchive\patch-6.MPQ\WORLD\SKILLACTIVATED\TRADESKILLNODES\BLACKROCK_MININGNODE_NORMAL.M2
patch-6.MPQ,WORLD\SKILLACTIVATED\TRADESKILLNODES\BLACKROCK_MININGNODE_RICH.M2,doodad_model,36456,22486,0x80010200,708E17BED36272D1138400DBA9DA8144FC25B115,D:\Sirus\_client\World of Warcraft Sirus\Risen_Depths_Extract_2026-10-04\ADTDependencies\ByArchive\patch-6.MPQ\WORLD\SKILLACTIVATED\TRADESKILLNODES\BLACKROCK_MININGNODE_RICH.M2
patch-6.MPQ,WORLD\WMO\BROKENISLES\ARAKNASHAL\7AN_MOUNTAINCAVE_MEDIUM01.WMO,wmo,67756,45403,0x80010200,9F36FAF5CEBB0A0807956C739BF4CCF1314B7D28,D:\Sirus\_client\World of Warcraft Sirus\Risen_Depths_Extract_2026-10-04\ADTDependencies\ByArchive\patch-6.MPQ\WORLD\WMO\BROKENISLES\ARAKNASHAL\7AN_MOUNTAINCAVE_MEDIUM01.WMO
patch-6.MPQ,WORLD\WMO\BROKENISLES\MURLOC\7MU_MURLOC_HUTCLUSTER01.WMO,wmo,10308,3991,0x80010200,BA558C6E97332DBBCD4026DE652D5CA7A3EA0D67,D:\Sirus\_client\World of Warcraft Sirus\Risen_Depths_Extract_2026-10-04\ADTDependencies\ByArchive\patch-6.MPQ\WORLD\WMO\BROKENISLES\MURLOC\7MU_MURLOC_HUTCLUSTER01.WMO
patch-6.MPQ,WORLD\WMO\BROKENISLES\MURLOC\7MU_MURLOC_HUTCLUSTER02.WMO,wmo,5968,2204,0x80010200,AC81983B7C88F466AAA6542E8B96D92F28A6E694,D:\Sirus\_client\World of Warcraft Sirus\Risen_Depths_Extract_2026-10-04\ADTDependencies\ByArchive\patch-6.MPQ\WORLD\WMO\BROKENISLES\MURLOC\7MU_MURLOC_HUTCLUSTER02.WMO
patch-6.MPQ,WORLD\WMO\BROKENISLES\MURLOC\7MU_MURLOC_HUTCLUSTER03.WMO,wmo,3704,1375,0x80010200,DC88FF64FD5F650AC84097CD3BC562C51FA80329,D:\Sirus\_client\World of Warcraft Sirus\Risen_Depths_Extract_2026-10-04\ADTDependencies\ByArchive\patch-6.MPQ\WORLD\WMO\BROKENISLES\MURLOC\7MU_MURLOC_HUTCLUSTER03.WMO
patch-6.MPQ,WORLD\WMO\BROKENISLES\NIGHTELF\7NG_NAGA_TENT03.WMO,wmo,452,266,0x80010200,E3DD5C3E479AAC8882042DC9B2CB27C26EE37CF3,D:\Sirus\_client\World of Warcraft Sirus\Risen_Depths_Extract_2026-10-04\ADTDependencies\ByArchive\patch-6.MPQ\WORLD\WMO\BROKENISLES\NIGHTELF\7NG_NAGA_TENT03.WMO
patch-6.MPQ,WORLD\WMO\BROKENISLES\NIGHTELF\7NG_NAGA_TENT04.WMO,wmo,452,266,0x80010200,45AD383F7B65B5C5F65BA4C44BB1D13426C3A7DB,D:\Sirus\_client\World of Warcraft Sirus\Risen_Depths_Extract_2026-10-04\ADTDependencies\ByArchive\patch-6.MPQ\WORLD\WMO\BROKENISLES\NIGHTELF\7NG_NAGA_TENT04.WMO
patch-6.MPQ,WORLD\WMO\BROKENISLES\NIGHTELF\7NG_NAGA_TENTLARGE01.WMO,wmo,452,267,0x80010200,8CFD84DBC59BA1A40A1B749EC4A79459432184C0,D:\Sirus\_client\World of Warcraft Sirus\Risen_Depths_Extract_2026-10-04\ADTDependencies\ByArchive\patch-6.MPQ\WORLD\WMO\BROKENISLES\NIGHTELF\7NG_NAGA_TENTLARGE01.WMO
patch-6.MPQ,WORLD\WMO\CATACLYSM\VASHJIR\BUILDINGS\VASHJIR_NIGHTELF_BROKEN_BRIDGE.WMO,wmo,1232,433,0x80010200,3CAACBE171FA443C1C11968FA433356933B73BA6,D:\Sirus\_client\World of Warcraft Sirus\Risen_Depths_Extract_2026-10-04\ADTDependencies\ByArchive\patch-6.MPQ\WORLD\WMO\CATACLYSM\VASHJIR\BUILDINGS\VASHJIR_NIGHTELF_BROKEN_BRIDGE.WMO
patch-6.MPQ,WORLD\WMO\CATACLYSM\VASHJIR\BUILDINGS\VASHJIR_PALACE_BUILDINGS.WMO,wmo,4604,1288,0x80010200,F12A0921947B292759E142E9038BD19BC095BFB6,D:\Sirus\_client\World of Warcraft Sirus\Risen_Depths_Extract_2026-10-04\ADTDependencies\ByArchive\patch-6.MPQ\WORLD\WMO\CATACLYSM\VASHJIR\BUILDINGS\VASHJIR_PALACE_BUILDINGS.WMO
patch-6.MPQ,WORLD\WMO\CATACLYSM\VASHJIR\CAVES\VASHJIR_SMALL_CAVE.WMO,wmo,14141,8052,0x80010200,2F74EE7EBA27341251379B956D16277B5C8109D8,D:\Sirus\_client\World of Warcraft Sirus\Risen_Depths_Extract_2026-10-04\ADTDependencies\ByArchive\patch-6.MPQ\WORLD\WMO\CATACLYSM\VASHJIR\CAVES\VASHJIR_SMALL_CAVE.WMO
patch-6.MPQ,WORLD\WMO\CATACLYSM\VASHJIR\CAVES\VASHJIRLARGECAVE_A.WMO,wmo,2720,994,0x80010200,B59D7EFE93E87D84E00A4B89F8C57548C58859EF,D:\Sirus\_client\World of Warcraft Sirus\Risen_Depths_Extract_2026-10-04\ADTDependencies\ByArchive\patch-6.MPQ\WORLD\WMO\CATACLYSM\VASHJIR\CAVES\VASHJIRLARGECAVE_A.WMO
patch-6.MPQ,WORLD\WMO\DUNGEON\MD_SHIPWRECK\SHIPWRECK_DFRONT_SOLID.WMO,wmo,1556,577,0x80010200,3DA70D88D5F8CA37D2E00001E08605F0D590EA95,D:\Sirus\_client\World of Warcraft Sirus\Risen_Depths_Extract_2026-10-04\ADTDependencies\ByArchive\patch-6.MPQ\WORLD\WMO\DUNGEON\MD_SHIPWRECK\SHIPWRECK_DFRONT_SOLID.WMO
patch-6.MPQ,WORLD\WMO\DUNGEON\MD_SHIPWRECK\TRANSPORT_SHIPWRECK_SUNKENSHIP.WMO,wmo,9176,5004,0x80010200,BD95C0A8D0F664C96F57CB2F73AA8A1B21F6A682,D:\Sirus\_client\World of Warcraft Sirus\Risen_Depths_Extract_2026-10-04\ADTDependencies\ByArchive\patch-6.MPQ\WORLD\WMO\DUNGEON\MD_SHIPWRECK\TRANSPORT_SHIPWRECK_SUNKENSHIP.WMO
patch-6.MPQ,WORLD\WMO\KALIMDOR\BUILDINGS\CLASSICALELFRUINS\AZRCLASSICALELFRUIN_UW01.WMO,wmo,1324,395,0x80010200,7682D02F1954AE9657EFF75177C149E5A6280EC0,D:\Sirus\_client\World of Warcraft Sirus\Risen_Depths_Extract_2026-10-04\ADTDependencies\ByArchive\patch-6.MPQ\WORLD\WMO\KALIMDOR\BUILDINGS\CLASSICALELFRUINS\AZRCLASSICALELFRUIN_UW01.WMO
patch-6.MPQ,WORLD\WMO\KALIMDOR\BUILDINGS\CLASSICALELFRUINS\AZRCLASSICALELFRUIN_UW02.WMO,wmo,1604,448,0x80010200,03A15E67CF105C5D63E8D5E3F5D9700D3AD2E23C,D:\Sirus\_client\World of Warcraft Sirus\Risen_Depths_Extract_2026-10-04\ADTDependencies\ByArchive\patch-6.MPQ\WORLD\WMO\KALIMDOR\BUILDINGS\CLASSICALELFRUINS\AZRCLASSICALELFRUIN_UW02.WMO
patch-6.MPQ,WORLD\WMO\KALIMDOR\BUILDINGS\CLASSICALELFRUINS\AZRCLASSICALELFRUIN_UW03.WMO,wmo,1604,432,0x80010200,8E76F73982DF4F3474B85D2FBF5473CBC74E3072,D:\Sirus\_client\World of Warcraft Sirus\Risen_Depths_Extract_2026-10-04\ADTDependencies\ByArchive\patch-6.MPQ\WORLD\WMO\KALIMDOR\BUILDINGS\CLASSICALELFRUINS\AZRCLASSICALELFRUIN_UW03.WMO
patch-6.MPQ,WORLD\WMO\KALIMDOR\BUILDINGS\CLASSICALELFRUINS\AZRCLASSICALELFRUIN_UW05.WMO,wmo,1732,456,0x80010200,925747CCA0C7AC27DE817A9120848A468A4C9158,D:\Sirus\_client\World of Warcraft Sirus\Risen_Depths_Extract_2026-10-04\ADTDependencies\ByArchive\patch-6.MPQ\WORLD\WMO\KALIMDOR\BUILDINGS\CLASSICALELFRUINS\AZRCLASSICALELFRUIN_UW05.WMO
patch-6.MPQ,WORLD\WMO\KALIMDOR\BUILDINGS\CLASSICALELFRUINS\AZRCLASSICALELFRUIN_UW06.WMO,wmo,1476,427,0x80010200,7067BCEC458F1DBA3EEB4A54FDF21E11C69A9D15,D:\Sirus\_client\World of Warcraft Sirus\Risen_Depths_Extract_2026-10-04\ADTDependencies\ByArchive\patch-6.MPQ\WORLD\WMO\KALIMDOR\BUILDINGS\CLASSICALELFRUINS\AZRCLASSICALELFRUIN_UW06.WMO
patch-6.MPQ,WORLD\WMO\KALIMDOR\BUILDINGS\CLASSICALELFRUINS\AZRCLASSICALELFRUIN_UW07.WMO,wmo,1060,369,0x80010200,3BA591CAE953FE1DC2236732FACE8AEE1A3573F1,D:\Sirus\_client\World of Warcraft Sirus\Risen_Depths_Extract_2026-10-04\ADTDependencies\ByArchive\patch-6.MPQ\WORLD\WMO\KALIMDOR\BUILDINGS\CLASSICALELFRUINS\AZRCLASSICALELFRUIN_UW07.WMO
patch-6.MPQ,WORLD\WMO\KALIMDOR\BUILDINGS\CLASSICALELFRUINS\AZRCLASSICALELFRUIN_UW08.WMO,wmo,1068,368,0x80010200,4BAA77B82A2FB46C275BFC6196E2851156B477E1,D:\Sirus\_client\World of Warcraft Sirus\Risen_Depths_Extract_2026-10-04\ADTDependencies\ByArchive\patch-6.MPQ\WORLD\WMO\KALIMDOR\BUILDINGS\CLASSICALELFRUINS\AZRCLASSICALELFRUIN_UW08.WMO
patch-6.MPQ,WORLD\WMO\KALIMDOR\BUILDINGS\CLASSICALELFRUINS\AZRCLASSICALELFRUIN_UW09.WMO,wmo,9280,4979,0x80010200,5B3CF92AE4CF0EEE067DC433E3EFA93733AC21B1,D:\Sirus\_client\World of Warcraft Sirus\Risen_Depths_Extract_2026-10-04\ADTDependencies\ByArchive\patch-6.MPQ\WORLD\WMO\KALIMDOR\BUILDINGS\CLASSICALELFRUINS\AZRCLASSICALELFRUIN_UW09.WMO
patch-6.MPQ,WORLD\WMO\KALIMDOR\BUILDINGS\CLASSICALELFRUINS\AZRCLASSICALELFRUIN_UW10.WMO,wmo,1752,526,0x80010200,91882C996E8D8E6861C351247D75D0ECD77289A9,D:\Sirus\_client\World of Warcraft Sirus\Risen_Depths_Extract_2026-10-04\ADTDependencies\ByArchive\patch-6.MPQ\WORLD\WMO\KALIMDOR\BUILDINGS\CLASSICALELFRUINS\AZRCLASSICALELFRUIN_UW10.WMO
patch-6.MPQ,WORLD\WMO\KALIMDOR\BUILDINGS\NAGAPAGODA\ND_NAGA_PAGODA_UNDERWATER_01.WMO,wmo,660,330,0x80010200,3B2903D263EE5D65FEF81396374175807564F747,D:\Sirus\_client\World of Warcraft Sirus\Risen_Depths_Extract_2026-10-04\ADTDependencies\ByArchive\patch-6.MPQ\WORLD\WMO\KALIMDOR\BUILDINGS\NAGAPAGODA\ND_NAGA_PAGODA_UNDERWATER_01.WMO
patch-7.mpq,WORLD\EXPANSION02\DOODADS\HOWLINGFJORD\FOG\HFJORD_FOG_01.M2,doodad_model,5663,1944,0x80010200,A0745CABDD0B24D762B7ECC193FD8FA7D43205AB,D:\Sirus\_client\World of Warcraft Sirus\Risen_Depths_Extract_2026-10-04\ADTDependencies\ByArchive\patch-7.mpq\WORLD\EXPANSION02\DOODADS\HOWLINGFJORD\FOG\HFJORD_FOG_01.M2
patch-7.mpq,WORLD\EXPANSION06\DOODADS\NAGA\7NG_NAGA_BARRICADE01.M2,doodad_model,31112,18752,0x80010200,83ABF79AB34A18FE78467821C34D159030BDF2AC,D:\Sirus\_client\World of Warcraft Sirus\Risen_Depths_Extract_2026-10-04\ADTDependencies\ByArchive\patch-7.mpq\WORLD\EXPANSION06\DOODADS\NAGA\7NG_NAGA_BARRICADE01.M2
patch-7.mpq,WORLD\EXPANSION06\DOODADS\NAGA\7NG_NAGA_SUPPLIES01.M2,doodad_model,111076,62239,0x80010200,9120CA3D9DB0104E4815D7C710A520B47EEDD6BF,D:\Sirus\_client\World of Warcraft Sirus\Risen_Depths_Extract_2026-10-04\ADTDependencies\ByArchive\patch-7.mpq\WORLD\EXPANSION06\DOODADS\NAGA\7NG_NAGA_SUPPLIES01.M2
patch-8.mpq,WORLD\GENERIC\PVP\COLLISIONWALL\COLLISIONWALLPVP02.M2,doodad_model,2098,587,0x80010200,469DF7948EEBF834C71A31F306FC90BD776A1CDF,D:\Sirus\_client\World of Warcraft Sirus\Risen_Depths_Extract_2026-10-04\ADTDependencies\ByArchive\patch-8.mpq\WORLD\GENERIC\PVP\COLLISIONWALL\COLLISIONWALLPVP02.M2
patch-e.mpq,WORLD\EXPANSION06\DOODADS\NAGA\7NG_NAGA_TORCH01_LIGHT.M2,doodad_model,37105,16644,0x80010200,DC4ABFE06E0AD6730854870FCF71C29ACCD266D5,D:\Sirus\_client\World of Warcraft Sirus\Risen_Depths_Extract_2026-10-04\ADTDependencies\ByArchive\patch-e.mpq\WORLD\EXPANSION06\DOODADS\NAGA\7NG_NAGA_TORCH01_LIGHT.M2
patch-e.mpq,WORLD\SKILLACTIVATED\TRADESKILLNODES\BLACKROCK_MININGNODE_NORMAL.M2,doodad_model,23048,15185,0x80010200,AF400AAB2373637EEB3CCC47100FD88ECBA348DE,D:\Sirus\_client\World of Warcraft Sirus\Risen_Depths_Extract_2026-10-04\ADTDependencies\ByArchive\patch-e.mpq\WORLD\SKILLACTIVATED\TRADESKILLNODES\BLACKROCK_MININGNODE_NORMAL.M2
patch-e.mpq,WORLD\SKILLACTIVATED\TRADESKILLNODES\BLACKROCK_MININGNODE_RICH.M2,doodad_model,36456,22500,0x80010200,1EE53616772FE4645007FB0082684C7EB9C3533F,D:\Sirus\_client\World of Warcraft Sirus\Risen_Depths_Extract_2026-10-04\ADTDependencies\ByArchive\patch-e.mpq\WORLD\SKILLACTIVATED\TRADESKILLNODES\BLACKROCK_MININGNODE_RICH.M2
