MPQPath,Kinds,SourceCount,Sources
tileset\expansion02\howlingfjord\hfjords_rubblebasec.blp,terrain_texture,13,patch-9.mpq:30_30|patch-9.mpq:30_31|patch-9.mpq:31_30|patch-9.mpq:31_31|patch-9.mpq:32_30|patch-c.mpq:30_30|patch-c.mpq:30_31|patch-c.mpq:31_30|patch-c.mpq:31_31|patch-c.mpq:32_30|patch-e.mpq:31_30|patch-e.mpq:31_31|patch-e.mpq:32_30
tileset\expansion03\vashjir\vj_braincoral01.blp,terrain_texture,7,patch-9.mpq:32_30|patch-9.mpq:32_31|patch-c.mpq:32_30|patch-c.mpq:32_31|patch-d.mpq:32_31|patch-e.mpq:32_30|patch-e.mpq:32_31
tileset\expansion03\vashjir\vj_braincoral02.blp,terrain_texture,12,patch-9.mpq:32_32|patch-9.mpq:32_33|patch-9.mpq:33_32|patch-9.mpq:33_33|patch-c.mpq:32_32|patch-c.mpq:32_33|patch-c.mpq:33_32|patch-c.mpq:33_33|patch-e.mpq:32_32|patch-e.mpq:32_33|patch-e.mpq:33_32|patch-e.mpq:33_33
tileset\expansion03\vashjir\vj_coral01.blp,terrain_texture,11,patch-9.mpq:30_31|patch-9.mpq:30_32|patch-9.mpq:31_31|patch-9.mpq:31_32|patch-c.mpq:30_31|patch-c.mpq:30_32|patch-c.mpq:31_31|patch-c.mpq:31_32|patch-d.mpq:31_32|patch-e.mpq:31_31|patch-e.mpq:31_32
tileset\expansion03\vashjir\vj_coral02.blp,terrain_texture,6,patch-9.mpq:31_33|patch-9.mpq:32_33|patch-c.mpq:31_33|patch-c.mpq:32_33|patch-e.mpq:31_33|patch-e.mpq:32_33
tileset\expansion03\vashjir\vj_coral03.blp,terrain_texture,6,patch-9.mpq:32_32|patch-9.mpq:32_33|patch-c.mpq:32_32|patch-c.mpq:32_33|patch-e.mpq:32_32|patch-e.mpq:32_33
tileset\expansion03\vashjir\vj_coralaccent01.blp,terrain_texture,17,patch-9.mpq:31_31|patch-9.mpq:31_32|patch-9.mpq:32_31|patch-9.mpq:32_32|patch-9.mpq:32_33|patch-c.mpq:31_31|patch-c.mpq:31_32|patch-c.mpq:32_31|patch-c.mpq:32_32|patch-c.mpq:32_33|patch-d.mpq:31_32|patch-d.mpq:32_31|patch-e.mpq:31_31|patch-e.mpq:31_32|patch-e.mpq:32_31|patch-e.mpq:32_32|patch-e.mpq:32_33
tileset\expansion03\vashjir\vj_coralaccent02.blp,terrain_texture,12,patch-9.mpq:32_32|patch-9.mpq:32_33|patch-9.mpq:33_32|patch-9.mpq:33_33|patch-c.mpq:32_32|patch-c.mpq:32_33|patch-c.mpq:33_32|patch-c.mpq:33_33|patch-e.mpq:32_32|patch-e.mpq:32_33|patch-e.mpq:33_32|patch-e.mpq:33_33
tileset\expansion03\vashjir\vj_dirt01.blp,terrain_texture,17,patch-9.mpq:33_30|patch-9.mpq:33_31|patch-9.mpq:33_33|patch-9.mpq:33_34|patch-9.mpq:34_33|patch-9.mpq:34_34|patch-c.mpq:33_30|patch-c.mpq:33_31|patch-c.mpq:33_33|patch-c.mpq:33_34|patch-c.mpq:34_33|patch-c.mpq:34_34|patch-d.mpq:33_31|patch-e.mpq:33_30|patch-e.mpq:33_31|patch-e.mpq:33_33|patch-e.mpq:34_33
tileset\expansion03\vashjir\vj_groundcovera.blp,terrain_texture,181,patch-9.mpq:28_28|patch-9.mpq:28_29|patch-9.mpq:28_30|patch-9.mpq:28_31|patch-9.mpq:28_32|patch-9.mpq:28_33|patch-9.mpq:28_34|patch-9.mpq:28_35|patch-9.mpq:28_36|patch-9.mpq:29_28|patch-9.mpq:29_29|patch-9.mpq:29_30|patch-9.mpq:29_31|patch-9.mpq:29_32|patch-9.mpq:29_33|patch-9.mpq:29_34|patch-9.mpq:29_35|patch-9.mpq:29_36|patch-9.mpq:30_28|patch-9.mpq:30_29|patch-9.mpq:30_30|patch-9.mpq:30_31|patch-9.mpq:30_32|patch-9.mpq:30_33|patch-9.mpq:30_34|patch-9.mpq:30_35|patch-9.mpq:30_36|patch-9.mpq:31_28|patch-9.mpq:31_29|patch-9.mpq:31_30|patch-9.mpq:31_31|patch-9.mpq:31_32|patch-9.mpq:31_33|patch-9.mpq:31_34|patch-9.mpq:31_35|patch-9.mpq:31_36|patch-9.mpq:32_28|patch-9.mpq:32_29|patch-9.mpq:32_30|patch-9.mpq:32_31|patch-9.mpq:32_32|patch-9.mpq:32_33|patch-9.mpq:32_34|patch-9.mpq:32_35|patch-9.mpq:32_36|patch-9.mpq:33_28|patch-9.mpq:33_29|patch-9.mpq:33_30|patch-9.mpq:33_31|patch-9.mpq:33_32|patch-9.mpq:33_33|patch-9.mpq:33_34|patch-9.mpq:33_35|patch-9.mpq:33_36|patch-9.mpq:34_28|patch-9.mpq:34_29|patch-9.mpq:34_30|patch-9.mpq:34_31|patch-9.mpq:34_32|patch-9.mpq:34_33|patch-9.mpq:34_34|patch-9.mpq:34_35|patch-9.mpq:34_36|patch-9.mpq:35_28|patch-9.mpq:35_29|patch-9.mpq:35_30|patch-9.mpq:35_31|patch-9.mpq:35_32|patch-9.mpq:35_33|patch-9.mpq:35_34|patch-9.mpq:35_35|patch-9.mpq:35_36|patch-9.mpq:36_28|patch-9.mpq:36_29|patch-9.mpq:36_30|patch-9.mpq:36_31|patch-9.mpq:36_32|patch-9.mpq:36_33|patch-9.mpq:36_34|patch-9.mpq:36_35|patch-9.mpq:36_36|patch-c.mpq:28_28|patch-c.mpq:28_29|patch-c.mpq:28_30|patch-c.mpq:28_31|patch-c.mpq:28_32|patch-c.mpq:28_33|patch-c.mpq:28_34|patch-c.mpq:28_35|patch-c.mpq:28_36|patch-c.mpq:29_28|patch-c.mpq:29_29|patch-c.mpq:29_30|patch-c.mpq:29_31|patch-c.mpq:29_32|patch-c.mpq:29_33|patch-c.mpq:29_34|patch-c.mpq:29_35|patch-c.mpq:29_36|patch-c.mpq:30_28|patch-c.mpq:30_29|patch-c.mpq:30_30|patch-c.mpq:30_31|patch-c.mpq:30_32|patch-c.mpq:30_33|patch-c.mpq:30_34|patch-c.mpq:30_35|patch-c.mpq:30_36|patch-c.mpq:31_28|patch-c.mpq:31_29|patch-c.mpq:31_30|patch-c.mpq:31_31|patch-c.mpq:31_32|patch-c.mpq:31_33|patch-c.mpq:31_34|patch-c.mpq:31_35|patch-c.mpq:31_36|patch-c.mpq:32_28|patch-c.mpq:32_29|patch-c.mpq:32_30|patch-c.mpq:32_31|patch-c.mpq:32_32|patch-c.mpq:32_33|patch-c.mpq:32_34|patch-c.mpq:32_35|patch-c.mpq:32_36|patch-c.mpq:33_28|patch-c.mpq:33_29|patch-c.mpq:33_30|patch-c.mpq:33_31|patch-c.mpq:33_32|patch-c.mpq:33_33|patch-c.mpq:33_34|patch-c.mpq:33_35|patch-c.mpq:33_36|patch-c.mpq:34_28|patch-c.mpq:34_29|patch-c.mpq:34_30|patch-c.mpq:34_31|patch-c.mpq:34_32|patch-c.mpq:34_33|patch-c.mpq:34_34|patch-c.mpq:34_35|patch-c.mpq:34_36|patch-c.mpq:35_28|patch-c.mpq:35_29|patch-c.mpq:35_30|patch-c.mpq:35_31|patch-c.mpq:35_32|patch-c.mpq:35_33|patch-c.mpq:35_34|patch-c.mpq:35_35|patch-c.mpq:35_36|patch-c.mpq:36_28|patch-c.mpq:36_29|patch-c.mpq:36_30|patch-c.mpq:36_31|patch-c.mpq:36_32|patch-c.mpq:36_33|patch-c.mpq:36_34|patch-c.mpq:36_35|patch-c.mpq:36_36|patch-d.mpq:31_32|patch-d.mpq:32_31|patch-d.mpq:33_31|patch-e.mpq:31_30|patch-e.mpq:31_31|patch-e.mpq:31_32|patch-e.mpq:31_33|patch-e.mpq:32_30|patch-e.mpq:32_31|patch-e.mpq:32_32|patch-e.mpq:32_33|patch-e.mpq:33_30|patch-e.mpq:33_31|patch-e.mpq:33_32|patch-e.mpq:33_33|patch-e.mpq:34_30|patch-e.mpq:34_31|patch-e.mpq:34_32|patch-e.mpq:34_33
tileset\expansion03\vashjir\vj_minerala.blp,terrain_texture,13,patch-9.mpq:31_32|patch-9.mpq:31_33|patch-9.mpq:32_32|patch-9.mpq:32_33|patch-c.mpq:31_32|patch-c.mpq:31_33|patch-c.mpq:32_32|patch-c.mpq:32_33|patch-d.mpq:31_32|patch-e.mpq:31_32|patch-e.mpq:31_33|patch-e.mpq:32_32|patch-e.mpq:32_33
tileset\expansion03\vashjir\vj_mineralaccenta.blp,terrain_texture,13,patch-9.mpq:31_32|patch-9.mpq:31_33|patch-9.mpq:32_32|patch-9.mpq:32_33|patch-c.mpq:31_32|patch-c.mpq:31_33|patch-c.mpq:32_32|patch-c.mpq:32_33|patch-d.mpq:31_32|patch-e.mpq:31_32|patch-e.mpq:31_33|patch-e.mpq:32_32|patch-e.mpq:32_33
tileset\expansion03\vashjir\vj_mineralb.blp,terrain_texture,13,patch-9.mpq:31_32|patch-9.mpq:31_33|patch-9.mpq:32_32|patch-9.mpq:32_33|patch-c.mpq:31_32|patch-c.mpq:31_33|patch-c.mpq:32_32|patch-c.mpq:32_33|patch-d.mpq:31_32|patch-e.mpq:31_32|patch-e.mpq:31_33|patch-e.mpq:32_32|patch-e.mpq:32_33
tileset\expansion03\vashjir\vj_moss01.blp,terrain_texture,20,patch-9.mpq:31_31|patch-9.mpq:31_32|patch-9.mpq:32_33|patch-9.mpq:33_30|patch-9.mpq:33_31|patch-9.mpq:33_33|patch-c.mpq:31_31|patch-c.mpq:31_32|patch-c.mpq:32_33|patch-c.mpq:33_30|patch-c.mpq:33_31|patch-c.mpq:33_33|patch-d.mpq:31_32|patch-d.mpq:33_31|patch-e.mpq:31_31|patch-e.mpq:31_32|patch-e.mpq:32_33|patch-e.mpq:33_30|patch-e.mpq:33_31|patch-e.mpq:33_33
tileset\expansion03\vashjir\vj_moss02.blp,terrain_texture,16,patch-9.mpq:32_33|patch-9.mpq:33_32|patch-9.mpq:33_33|patch-9.mpq:33_34|patch-9.mpq:34_33|patch-9.mpq:34_34|patch-c.mpq:32_33|patch-c.mpq:33_32|patch-c.mpq:33_33|patch-c.mpq:33_34|patch-c.mpq:34_33|patch-c.mpq:34_34|patch-e.mpq:32_33|patch-e.mpq:33_32|patch-e.mpq:33_33|patch-e.mpq:34_33
tileset\expansion03\vashjir\vj_rock01.blp,terrain_texture,72,patch-9.mpq:29_30|patch-9.mpq:29_31|patch-9.mpq:30_30|patch-9.mpq:30_31|patch-9.mpq:30_32|patch-9.mpq:30_33|patch-9.mpq:30_34|patch-9.mpq:31_30|patch-9.mpq:31_31|patch-9.mpq:31_32|patch-9.mpq:31_33|patch-9.mpq:31_34|patch-9.mpq:32_30|patch-9.mpq:32_31|patch-9.mpq:32_32|patch-9.mpq:32_33|patch-9.mpq:32_34|patch-9.mpq:33_30|patch-9.mpq:33_31|patch-9.mpq:33_32|patch-9.mpq:33_33|patch-9.mpq:33_34|patch-9.mpq:34_31|patch-9.mpq:34_32|patch-9.mpq:34_33|patch-9.mpq:34_34|patch-9.mpq:34_35|patch-c.mpq:29_30|patch-c.mpq:29_31|patch-c.mpq:30_30|patch-c.mpq:30_31|patch-c.mpq:30_32|patch-c.mpq:30_33|patch-c.mpq:30_34|patch-c.mpq:31_30|patch-c.mpq:31_31|patch-c.mpq:31_32|patch-c.mpq:31_33|patch-c.mpq:31_34|patch-c.mpq:32_30|patch-c.mpq:32_31|patch-c.mpq:32_32|patch-c.mpq:32_33|patch-c.mpq:32_34|patch-c.mpq:33_30|patch-c.mpq:33_31|patch-c.mpq:33_32|patch-c.mpq:33_33|patch-c.mpq:33_34|patch-c.mpq:34_31|patch-c.mpq:34_32|patch-c.mpq:34_33|patch-c.mpq:34_34|patch-c.mpq:34_35|patch-d.mpq:31_32|patch-d.mpq:32_31|patch-d.mpq:33_31|patch-e.mpq:31_30|patch-e.mpq:31_31|patch-e.mpq:31_32|patch-e.mpq:31_33|patch-e.mpq:32_30|patch-e.mpq:32_31|patch-e.mpq:32_32|patch-e.mpq:32_33|patch-e.mpq:33_30|patch-e.mpq:33_31|patch-e.mpq:33_32|patch-e.mpq:33_33|patch-e.mpq:34_31|patch-e.mpq:34_32|patch-e.mpq:34_33
tileset\expansion03\vashjir\vj_sand01.blp,terrain_texture,39,patch-9.mpq:30_31|patch-9.mpq:30_32|patch-9.mpq:30_33|patch-9.mpq:31_31|patch-9.mpq:31_32|patch-9.mpq:31_33|patch-9.mpq:32_31|patch-9.mpq:32_32|patch-9.mpq:32_33|patch-9.mpq:33_31|patch-9.mpq:33_32|patch-9.mpq:33_33|patch-9.mpq:34_33|patch-c.mpq:30_31|patch-c.mpq:30_32|patch-c.mpq:30_33|patch-c.mpq:31_31|patch-c.mpq:31_32|patch-c.mpq:31_33|patch-c.mpq:32_31|patch-c.mpq:32_32|patch-c.mpq:32_33|patch-c.mpq:33_31|patch-c.mpq:33_32|patch-c.mpq:33_33|patch-c.mpq:34_33|patch-d.mpq:31_32|patch-d.mpq:32_31|patch-d.mpq:33_31|patch-e.mpq:31_31|patch-e.mpq:31_32|patch-e.mpq:31_33|patch-e.mpq:32_31|patch-e.mpq:32_32|patch-e.mpq:32_33|patch-e.mpq:33_31|patch-e.mpq:33_32|patch-e.mpq:33_33|patch-e.mpq:34_33
tileset\expansion03\vashjir\vj_seaweed_01.blp,terrain_texture,32,patch-9.mpq:30_31|patch-9.mpq:30_32|patch-9.mpq:30_33|patch-9.mpq:31_33|patch-9.mpq:31_34|patch-9.mpq:32_30|patch-9.mpq:32_33|patch-9.mpq:32_34|patch-9.mpq:33_30|patch-9.mpq:33_33|patch-9.mpq:33_34|patch-9.mpq:34_33|patch-9.mpq:34_34|patch-c.mpq:30_31|patch-c.mpq:30_32|patch-c.mpq:30_33|patch-c.mpq:31_33|patch-c.mpq:31_34|patch-c.mpq:32_30|patch-c.mpq:32_33|patch-c.mpq:32_34|patch-c.mpq:33_30|patch-c.mpq:33_33|patch-c.mpq:33_34|patch-c.mpq:34_33|patch-c.mpq:34_34|patch-e.mpq:31_33|patch-e.mpq:32_30|patch-e.mpq:32_33|patch-e.mpq:33_30|patch-e.mpq:33_33|patch-e.mpq:34_33
tileset\expansion03\vashjir\vj_simplepaverc02.blp,terrain_texture,21,patch-9.mpq:31_31|patch-9.mpq:31_32|patch-9.mpq:32_31|patch-9.mpq:32_32|patch-9.mpq:33_31|patch-9.mpq:33_32|patch-c.mpq:31_31|patch-c.mpq:31_32|patch-c.mpq:32_31|patch-c.mpq:32_32|patch-c.mpq:33_31|patch-c.mpq:33_32|patch-d.mpq:31_32|patch-d.mpq:32_31|patch-d.mpq:33_31|patch-e.mpq:31_31|patch-e.mpq:31_32|patch-e.mpq:32_31|patch-e.mpq:32_32|patch-e.mpq:33_31|patch-e.mpq:33_32
tileset\expansion03\vashjir\vj_weedsa.blp,terrain_texture,21,patch-9.mpq:31_31|patch-9.mpq:31_32|patch-9.mpq:32_31|patch-9.mpq:32_32|patch-9.mpq:33_31|patch-9.mpq:33_32|patch-c.mpq:31_31|patch-c.mpq:31_32|patch-c.mpq:32_31|patch-c.mpq:32_32|patch-c.mpq:33_31|patch-c.mpq:33_32|patch-d.mpq:31_32|patch-d.mpq:32_31|patch-d.mpq:33_31|patch-e.mpq:31_31|patch-e.mpq:31_32|patch-e.mpq:32_31|patch-e.mpq:32_32|patch-e.mpq:33_31|patch-e.mpq:33_32
tileset\expansion04\turtlezone\tu_grass01.blp,terrain_texture,108,patch-9.mpq:28_29|patch-9.mpq:28_30|patch-9.mpq:28_31|patch-9.mpq:28_32|patch-9.mpq:28_33|patch-9.mpq:28_34|patch-9.mpq:29_28|patch-9.mpq:29_29|patch-9.mpq:29_30|patch-9.mpq:29_31|patch-9.mpq:29_32|patch-9.mpq:29_33|patch-9.mpq:29_34|patch-9.mpq:29_35|patch-9.mpq:30_28|patch-9.mpq:30_29|patch-9.mpq:30_30|patch-9.mpq:30_34|patch-9.mpq:30_35|patch-9.mpq:31_28|patch-9.mpq:31_29|patch-9.mpq:31_30|patch-9.mpq:31_35|patch-9.mpq:32_28|patch-9.mpq:32_29|patch-9.mpq:32_35|patch-9.mpq:33_28|patch-9.mpq:33_29|patch-9.mpq:33_35|patch-9.mpq:34_28|patch-9.mpq:34_29|patch-9.mpq:34_30|patch-9.mpq:34_31|patch-9.mpq:34_32|patch-9.mpq:34_35|patch-9.mpq:34_36|patch-9.mpq:35_28|patch-9.mpq:35_29|patch-9.mpq:35_30|patch-9.mpq:35_31|patch-9.mpq:35_32|patch-9.mpq:35_33|patch-9.mpq:35_34|patch-9.mpq:35_35|patch-9.mpq:35_36|patch-9.mpq:36_29|patch-9.mpq:36_30|patch-9.mpq:36_31|patch-9.mpq:36_32|patch-9.mpq:36_33|patch-9.mpq:36_34|patch-9.mpq:36_35|patch-c.mpq:28_29|patch-c.mpq:28_30|patch-c.mpq:28_31|patch-c.mpq:28_32|patch-c.mpq:28_33|patch-c.mpq:28_34|patch-c.mpq:29_28|patch-c.mpq:29_29|patch-c.mpq:29_30|patch-c.mpq:29_31|patch-c.mpq:29_32|patch-c.mpq:29_33|patch-c.mpq:29_34|patch-c.mpq:29_35|patch-c.mpq:30_28|patch-c.mpq:30_29|patch-c.mpq:30_30|patch-c.mpq:30_34|patch-c.mpq:30_35|patch-c.mpq:31_28|patch-c.mpq:31_29|patch-c.mpq:31_30|patch-c.mpq:31_35|patch-c.mpq:32_28|patch-c.mpq:32_29|patch-c.mpq:32_35|patch-c.mpq:33_28|patch-c.mpq:33_29|patch-c.mpq:33_35|patch-c.mpq:34_28|patch-c.mpq:34_29|patch-c.mpq:34_30|patch-c.mpq:34_31|patch-c.mpq:34_32|patch-c.mpq:34_35|patch-c.mpq:34_36|patch-c.mpq:35_28|patch-c.mpq:35_29|patch-c.mpq:35_30|patch-c.mpq:35_31|patch-c.mpq:35_32|patch-c.mpq:35_33|patch-c.mpq:35_34|patch-c.mpq:35_35|patch-c.mpq:35_36|patch-c.mpq:36_29|patch-c.mpq:36_30|patch-c.mpq:36_31|patch-c.mpq:36_32|patch-c.mpq:36_33|patch-c.mpq:36_34|patch-c.mpq:36_35|patch-e.mpq:31_30|patch-e.mpq:34_30|patch-e.mpq:34_31|patch-e.mpq:34_32
tileset\expansion04\turtlezone\tu_rock10.blp,terrain_texture,89,patch-9.mpq:28_29|patch-9.mpq:28_30|patch-9.mpq:28_31|patch-9.mpq:28_32|patch-9.mpq:28_33|patch-9.mpq:28_34|patch-9.mpq:29_28|patch-9.mpq:29_29|patch-9.mpq:29_32|patch-9.mpq:29_33|patch-9.mpq:29_34|patch-9.mpq:29_35|patch-9.mpq:30_28|patch-9.mpq:30_29|patch-9.mpq:30_35|patch-9.mpq:31_28|patch-9.mpq:31_29|patch-9.mpq:31_35|patch-9.mpq:32_28|patch-9.mpq:32_29|patch-9.mpq:32_35|patch-9.mpq:33_28|patch-9.mpq:33_29|patch-9.mpq:33_35|patch-9.mpq:34_28|patch-9.mpq:34_29|patch-9.mpq:34_30|patch-9.mpq:34_36|patch-9.mpq:35_28|patch-9.mpq:35_29|patch-9.mpq:35_30|patch-9.mpq:35_31|patch-9.mpq:35_32|patch-9.mpq:35_33|patch-9.mpq:35_34|patch-9.mpq:35_35|patch-9.mpq:35_36|patch-9.mpq:36_29|patch-9.mpq:36_30|patch-9.mpq:36_31|patch-9.mpq:36_32|patch-9.mpq:36_33|patch-9.mpq:36_34|patch-9.mpq:36_35|patch-c.mpq:28_29|patch-c.mpq:28_30|patch-c.mpq:28_31|patch-c.mpq:28_32|patch-c.mpq:28_33|patch-c.mpq:28_34|patch-c.mpq:29_28|patch-c.mpq:29_29|patch-c.mpq:29_32|patch-c.mpq:29_33|patch-c.mpq:29_34|patch-c.mpq:29_35|patch-c.mpq:30_28|patch-c.mpq:30_29|patch-c.mpq:30_35|patch-c.mpq:31_28|patch-c.mpq:31_29|patch-c.mpq:31_35|patch-c.mpq:32_28|patch-c.mpq:32_29|patch-c.mpq:32_35|patch-c.mpq:33_28|patch-c.mpq:33_29|patch-c.mpq:33_35|patch-c.mpq:34_28|patch-c.mpq:34_29|patch-c.mpq:34_30|patch-c.mpq:34_36|patch-c.mpq:35_28|patch-c.mpq:35_29|patch-c.mpq:35_30|patch-c.mpq:35_31|patch-c.mpq:35_32|patch-c.mpq:35_33|patch-c.mpq:35_34|patch-c.mpq:35_35|patch-c.mpq:35_36|patch-c.mpq:36_29|patch-c.mpq:36_30|patch-c.mpq:36_31|patch-c.mpq:36_32|patch-c.mpq:36_33|patch-c.mpq:36_34|patch-c.mpq:36_35|patch-e.mpq:34_30
tileset\generic\black.blp,terrain_texture,82,patch-9.mpq:28_28|patch-9.mpq:28_29|patch-9.mpq:28_30|patch-9.mpq:28_31|patch-9.mpq:28_32|patch-9.mpq:28_33|patch-9.mpq:28_34|patch-9.mpq:28_35|patch-9.mpq:28_36|patch-9.mpq:29_28|patch-9.mpq:29_29|patch-9.mpq:29_34|patch-9.mpq:29_35|patch-9.mpq:29_36|patch-9.mpq:30_28|patch-9.mpq:30_35|patch-9.mpq:30_36|patch-9.mpq:31_28|patch-9.mpq:31_35|patch-9.mpq:31_36|patch-9.mpq:32_28|patch-9.mpq:32_35|patch-9.mpq:32_36|patch-9.mpq:33_28|patch-9.mpq:33_35|patch-9.mpq:33_36|patch-9.mpq:34_28|patch-9.mpq:34_36|patch-9.mpq:35_28|patch-9.mpq:35_29|patch-9.mpq:35_35|patch-9.mpq:35_36|patch-9.mpq:36_28|patch-9.mpq:36_29|patch-9.mpq:36_30|patch-9.mpq:36_31|patch-9.mpq:36_32|patch-9.mpq:36_33|patch-9.mpq:36_34|patch-9.mpq:36_35|patch-9.mpq:36_36|patch-c.mpq:28_28|patch-c.mpq:28_29|patch-c.mpq:28_30|patch-c.mpq:28_31|patch-c.mpq:28_32|patch-c.mpq:28_33|patch-c.mpq:28_34|patch-c.mpq:28_35|patch-c.mpq:28_36|patch-c.mpq:29_28|patch-c.mpq:29_29|patch-c.mpq:29_34|patch-c.mpq:29_35|patch-c.mpq:29_36|patch-c.mpq:30_28|patch-c.mpq:30_35|patch-c.mpq:30_36|patch-c.mpq:31_28|patch-c.mpq:31_35|patch-c.mpq:31_36|patch-c.mpq:32_28|patch-c.mpq:32_35|patch-c.mpq:32_36|patch-c.mpq:33_28|patch-c.mpq:33_35|patch-c.mpq:33_36|patch-c.mpq:34_28|patch-c.mpq:34_36|patch-c.mpq:35_28|patch-c.mpq:35_29|patch-c.mpq:35_35|patch-c.mpq:35_36|patch-c.mpq:36_28|patch-c.mpq:36_29|patch-c.mpq:36_30|patch-c.mpq:36_31|patch-c.mpq:36_32|patch-c.mpq:36_33|patch-c.mpq:36_34|patch-c.mpq:36_35|patch-c.mpq:36_36
tileset\hyjal\cooledmudashe.blp,terrain_texture,181,patch-9.mpq:28_28|patch-9.mpq:28_29|patch-9.mpq:28_30|patch-9.mpq:28_31|patch-9.mpq:28_32|patch-9.mpq:28_33|patch-9.mpq:28_34|patch-9.mpq:28_35|patch-9.mpq:28_36|patch-9.mpq:29_28|patch-9.mpq:29_29|patch-9.mpq:29_30|patch-9.mpq:29_31|patch-9.mpq:29_32|patch-9.mpq:29_33|patch-9.mpq:29_34|patch-9.mpq:29_35|patch-9.mpq:29_36|patch-9.mpq:30_28|patch-9.mpq:30_29|patch-9.mpq:30_30|patch-9.mpq:30_31|patch-9.mpq:30_32|patch-9.mpq:30_33|patch-9.mpq:30_34|patch-9.mpq:30_35|patch-9.mpq:30_36|patch-9.mpq:31_28|patch-9.mpq:31_29|patch-9.mpq:31_30|patch-9.mpq:31_31|patch-9.mpq:31_32|patch-9.mpq:31_33|patch-9.mpq:31_34|patch-9.mpq:31_35|patch-9.mpq:31_36|patch-9.mpq:32_28|patch-9.mpq:32_29|patch-9.mpq:32_30|patch-9.mpq:32_31|patch-9.mpq:32_32|patch-9.mpq:32_33|patch-9.mpq:32_34|patch-9.mpq:32_35|patch-9.mpq:32_36|patch-9.mpq:33_28|patch-9.mpq:33_29|patch-9.mpq:33_30|patch-9.mpq:33_31|patch-9.mpq:33_32|patch-9.mpq:33_33|patch-9.mpq:33_34|patch-9.mpq:33_35|patch-9.mpq:33_36|patch-9.mpq:34_28|patch-9.mpq:34_29|patch-9.mpq:34_30|patch-9.mpq:34_31|patch-9.mpq:34_32|patch-9.mpq:34_33|patch-9.mpq:34_34|patch-9.mpq:34_35|patch-9.mpq:34_36|patch-9.mpq:35_28|patch-9.mpq:35_29|patch-9.mpq:35_30|patch-9.mpq:35_31|patch-9.mpq:35_32|patch-9.mpq:35_33|patch-9.mpq:35_34|patch-9.mpq:35_35|patch-9.mpq:35_36|patch-9.mpq:36_28|patch-9.mpq:36_29|patch-9.mpq:36_30|patch-9.mpq:36_31|patch-9.mpq:36_32|patch-9.mpq:36_33|patch-9.mpq:36_34|patch-9.mpq:36_35|patch-9.mpq:36_36|patch-c.mpq:28_28|patch-c.mpq:28_29|patch-c.mpq:28_30|patch-c.mpq:28_31|patch-c.mpq:28_32|patch-c.mpq:28_33|patch-c.mpq:28_34|patch-c.mpq:28_35|patch-c.mpq:28_36|patch-c.mpq:29_28|patch-c.mpq:29_29|patch-c.mpq:29_30|patch-c.mpq:29_31|patch-c.mpq:29_32|patch-c.mpq:29_33|patch-c.mpq:29_34|patch-c.mpq:29_35|patch-c.mpq:29_36|patch-c.mpq:30_28|patch-c.mpq:30_29|patch-c.mpq:30_30|patch-c.mpq:30_31|patch-c.mpq:30_32|patch-c.mpq:30_33|patch-c.mpq:30_34|patch-c.mpq:30_35|patch-c.mpq:30_36|patch-c.mpq:31_28|patch-c.mpq:31_29|patch-c.mpq:31_30|patch-c.mpq:31_31|patch-c.mpq:31_32|patch-c.mpq:31_33|patch-c.mpq:31_34|patch-c.mpq:31_35|patch-c.mpq:31_36|patch-c.mpq:32_28|patch-c.mpq:32_29|patch-c.mpq:32_30|patch-c.mpq:32_31|patch-c.mpq:32_32|patch-c.mpq:32_33|patch-c.mpq:32_34|patch-c.mpq:32_35|patch-c.mpq:32_36|patch-c.mpq:33_28|patch-c.mpq:33_29|patch-c.mpq:33_30|patch-c.mpq:33_31|patch-c.mpq:33_32|patch-c.mpq:33_33|patch-c.mpq:33_34|patch-c.mpq:33_35|patch-c.mpq:33_36|patch-c.mpq:34_28|patch-c.mpq:34_29|patch-c.mpq:34_30|patch-c.mpq:34_31|patch-c.mpq:34_32|patch-c.mpq:34_33|patch-c.mpq:34_34|patch-c.mpq:34_35|patch-c.mpq:34_36|patch-c.mpq:35_28|patch-c.mpq:35_29|patch-c.mpq:35_30|patch-c.mpq:35_31|patch-c.mpq:35_32|patch-c.mpq:35_33|patch-c.mpq:35_34|patch-c.mpq:35_35|patch-c.mpq:35_36|patch-c.mpq:36_28|patch-c.mpq:36_29|patch-c.mpq:36_30|patch-c.mpq:36_31|patch-c.mpq:36_32|patch-c.mpq:36_33|patch-c.mpq:36_34|patch-c.mpq:36_35|patch-c.mpq:36_36|patch-d.mpq:31_32|patch-d.mpq:32_31|patch-d.mpq:33_31|patch-e.mpq:31_30|patch-e.mpq:31_31|patch-e.mpq:31_32|patch-e.mpq:31_33|patch-e.mpq:32_30|patch-e.mpq:32_31|patch-e.mpq:32_32|patch-e.mpq:32_33|patch-e.mpq:33_30|patch-e.mpq:33_31|patch-e.mpq:33_32|patch-e.mpq:33_33|patch-e.mpq:34_30|patch-e.mpq:34_31|patch-e.mpq:34_32|patch-e.mpq:34_33
tileset\hyjal\hyjalrockf.blp,terrain_texture,10,patch-9.mpq:31_32|patch-9.mpq:32_32|patch-9.mpq:33_32|patch-c.mpq:31_32|patch-c.mpq:32_32|patch-c.mpq:33_32|patch-d.mpq:31_32|patch-e.mpq:31_32|patch-e.mpq:32_32|patch-e.mpq:33_32
WORLD\AZEROTH\BURNINGSTEPPES\PASSIVEDOODADS\WARLOCKSHRINE\WARLOCKSHRINE.M2,doodad_model,2,patch-9.mpq:30_31|patch-c.mpq:30_31
WORLD\AZEROTH\ELWYNN\PASSIVEDOODADS\SKELETON\BATTLEGLADEBONESHUMANDARK.M2,doodad_model,2,patch-9.mpq:30_31|patch-c.mpq:30_31
WORLD\AZEROTH\SWAMPOSORROW\PASSIVEDOODADS\SWAMPBOATS\SWAMPBOAT01.M2,doodad_model,3,patch-9.mpq:31_33|patch-c.mpq:31_33|patch-e.mpq:31_33
WORLD\AZEROTH\THEBLASTEDLANDS\PASSIVEDOODADS\BONES\BLASTEDLANDSBONE01.M2,doodad_model,2,patch-9.mpq:30_31|patch-c.mpq:30_31
WORLD\AZEROTH\THEBLASTEDLANDS\PASSIVEDOODADS\BONES\BLASTEDLANDSBONEPILE02.M2,doodad_model,7,patch-9.mpq:30_31|patch-9.mpq:30_32|patch-9.mpq:31_31|patch-c.mpq:30_31|patch-c.mpq:30_32|patch-c.mpq:31_31|patch-e.mpq:31_31
WORLD\AZEROTH\THEBLASTEDLANDS\PASSIVEDOODADS\BONES\BLASTEDLANDSBONEPILE03.M2,doodad_model,2,patch-9.mpq:30_31|patch-c.mpq:30_31
WORLD\AZEROTH\ZULGURUB\PASSIVEDOODADS\CAULDRONS\ZG_CAULDRON_ICE.M2,doodad_model,3,patch-9.mpq:31_31|patch-c.mpq:31_31|patch-e.mpq:31_31
WORLD\CRITTER\BIRDS\BIRD01.M2,doodad_model,47,patch-9.mpq:30_31|patch-9.mpq:30_32|patch-9.mpq:30_33|patch-9.mpq:31_31|patch-9.mpq:31_32|patch-9.mpq:31_33|patch-9.mpq:32_30|patch-9.mpq:32_31|patch-9.mpq:32_32|patch-9.mpq:32_33|patch-9.mpq:33_30|patch-9.mpq:33_31|patch-9.mpq:33_32|patch-9.mpq:33_33|patch-9.mpq:34_33|patch-9.mpq:34_34|patch-c.mpq:30_31|patch-c.mpq:30_32|patch-c.mpq:30_33|patch-c.mpq:31_31|patch-c.mpq:31_32|patch-c.mpq:31_33|patch-c.mpq:32_30|patch-c.mpq:32_31|patch-c.mpq:32_32|patch-c.mpq:32_33|patch-c.mpq:33_30|patch-c.mpq:33_31|patch-c.mpq:33_32|patch-c.mpq:33_33|patch-c.mpq:34_33|patch-c.mpq:34_34|patch-d.mpq:31_32|patch-d.mpq:32_31|patch-d.mpq:33_31|patch-e.mpq:31_31|patch-e.mpq:31_32|patch-e.mpq:31_33|patch-e.mpq:32_30|patch-e.mpq:32_31|patch-e.mpq:32_32|patch-e.mpq:32_33|patch-e.mpq:33_30|patch-e.mpq:33_31|patch-e.mpq:33_32|patch-e.mpq:33_33|patch-e.mpq:34_33
WORLD\CRITTER\FISH\FISH01.M2,doodad_model,21,patch-9.mpq:31_31|patch-9.mpq:31_32|patch-9.mpq:32_31|patch-9.mpq:32_32|patch-9.mpq:33_31|patch-9.mpq:33_32|patch-c.mpq:31_31|patch-c.mpq:31_32|patch-c.mpq:32_31|patch-c.mpq:32_32|patch-c.mpq:33_31|patch-c.mpq:33_32|patch-d.mpq:31_32|patch-d.mpq:32_31|patch-d.mpq:33_31|patch-e.mpq:31_31|patch-e.mpq:31_32|patch-e.mpq:32_31|patch-e.mpq:32_32|patch-e.mpq:33_31|patch-e.mpq:33_32
WORLD\EXPANSION01\DOODADS\GENERIC\NAGA\ARK\NA_ARK.M2,doodad_model,7,patch-9.mpq:31_31|patch-9.mpq:32_31|patch-c.mpq:31_31|patch-c.mpq:32_31|patch-d.mpq:32_31|patch-e.mpq:31_31|patch-e.mpq:32_31
WORLD\EXPANSION01\DOODADS\GENERIC\NAGA\ARTIFACT\NA_ARTIFACT01.M2,doodad_model,3,patch-9.mpq:32_32|patch-c.mpq:32_32|patch-e.mpq:32_32
WORLD\EXPANSION01\DOODADS\GENERIC\NAGA\CRATES\NA_CRATE02.M2,doodad_model,7,patch-9.mpq:31_31|patch-9.mpq:32_31|patch-c.mpq:31_31|patch-c.mpq:32_31|patch-d.mpq:32_31|patch-e.mpq:31_31|patch-e.mpq:32_31
WORLD\EXPANSION01\DOODADS\GENERIC\NAGA\DISTILLER\NA_DISTILLER.M2,doodad_model,11,patch-9.mpq:31_31|patch-9.mpq:31_32|patch-9.mpq:32_31|patch-c.mpq:31_31|patch-c.mpq:31_32|patch-c.mpq:32_31|patch-d.mpq:31_32|patch-d.mpq:32_31|patch-e.mpq:31_31|patch-e.mpq:31_32|patch-e.mpq:32_31
WORLD\EXPANSION01\DOODADS\GENERIC\NAGA\JARS\NA_JAR02.M2,doodad_model,7,patch-9.mpq:31_31|patch-9.mpq:32_31|patch-c.mpq:31_31|patch-c.mpq:32_31|patch-d.mpq:32_31|patch-e.mpq:31_31|patch-e.mpq:32_31
WORLD\EXPANSION01\DOODADS\GENERIC\NAGA\TORCH\NA_TORCH01.M2,doodad_model,7,patch-9.mpq:31_31|patch-9.mpq:32_31|patch-c.mpq:31_31|patch-c.mpq:32_31|patch-d.mpq:32_31|patch-e.mpq:31_31|patch-e.mpq:32_31
WORLD\EXPANSION01\DOODADS\GENERIC\VRYKUL\WEAPONRACKS\VR_WEAPONRACK_01.M2,doodad_model,3,patch-9.mpq:33_33|patch-c.mpq:33_33|patch-e.mpq:33_33
WORLD\EXPANSION02\DOODADS\BOREANTUNDRA\MAGNATAURITEMS\BOREAN_REDPLANT_BURNINGPILE_01.M2,doodad_model,2,patch-9.mpq:30_31|patch-c.mpq:30_31
WORLD\EXPANSION02\DOODADS\BOREANTUNDRA\ROCKS\BOREAN_ROCKLARGE_01.M2,doodad_model,6,patch-9.mpq:33_32|patch-9.mpq:33_33|patch-c.mpq:33_32|patch-c.mpq:33_33|patch-e.mpq:33_32|patch-e.mpq:33_33
WORLD\EXPANSION02\DOODADS\BOREANTUNDRA\ROCKS\BOREAN_ROCKLARGE_06.M2,doodad_model,9,patch-9.mpq:32_33|patch-9.mpq:33_32|patch-9.mpq:33_33|patch-c.mpq:32_33|patch-c.mpq:33_32|patch-c.mpq:33_33|patch-e.mpq:32_33|patch-e.mpq:33_32|patch-e.mpq:33_33
WORLD\EXPANSION02\DOODADS\GENERIC\ORACLE\O_TRASHPILE_01.M2,doodad_model,3,patch-9.mpq:31_31|patch-c.mpq:31_31|patch-e.mpq:31_31
WORLD\EXPANSION02\DOODADS\GENERIC\ORACLE\O_TRASHPILE_02.M2,doodad_model,17,patch-9.mpq:31_31|patch-9.mpq:32_31|patch-9.mpq:32_32|patch-9.mpq:33_31|patch-9.mpq:33_32|patch-c.mpq:31_31|patch-c.mpq:32_31|patch-c.mpq:32_32|patch-c.mpq:33_31|patch-c.mpq:33_32|patch-d.mpq:32_31|patch-d.mpq:33_31|patch-e.mpq:31_31|patch-e.mpq:32_31|patch-e.mpq:32_32|patch-e.mpq:33_31|patch-e.mpq:33_32
WORLD\EXPANSION02\DOODADS\GENERIC\SCOURGE\SC_BARRICADE_BROKEN.M2,doodad_model,7,patch-9.mpq:33_34|patch-9.mpq:34_33|patch-9.mpq:34_34|patch-c.mpq:33_34|patch-c.mpq:34_33|patch-c.mpq:34_34|patch-e.mpq:34_33
WORLD\EXPANSION02\DOODADS\GENERIC\SCOURGE\SC_BRAZIER2_ORANGE.M2,doodad_model,7,patch-9.mpq:33_34|patch-9.mpq:34_33|patch-9.mpq:34_34|patch-c.mpq:33_34|patch-c.mpq:34_33|patch-c.mpq:34_34|patch-e.mpq:34_33
WORLD\EXPANSION02\DOODADS\GENERIC\SCOURGE\SC_BRAZIER3_ORANGE.M2,doodad_model,2,patch-9.mpq:34_34|patch-c.mpq:34_34
WORLD\EXPANSION02\DOODADS\GENERIC\SCOURGE\SC_CAULDRON_GREEN.M2,doodad_model,2,patch-9.mpq:34_34|patch-c.mpq:34_34
WORLD\EXPANSION02\DOODADS\GENERIC\SCOURGE\SC_OBELISK1.M2,doodad_model,2,patch-9.mpq:34_34|patch-c.mpq:34_34
WORLD\EXPANSION02\DOODADS\GENERIC\SCOURGE\SC_PLATFORM2.M2,doodad_model,2,patch-9.mpq:34_34|patch-c.mpq:34_34
WORLD\EXPANSION02\DOODADS\GENERIC\SCOURGE\SC_TRENCH_C_LONG.M2,doodad_model,7,patch-9.mpq:33_34|patch-9.mpq:34_33|patch-9.mpq:34_34|patch-c.mpq:33_34|patch-c.mpq:34_33|patch-c.mpq:34_34|patch-e.mpq:34_33
WORLD\EXPANSION02\DOODADS\GENERIC\SCOURGE\SC_TRENCH_M_BRACE.M2,doodad_model,2,patch-9.mpq:34_34|patch-c.mpq:34_34
WORLD\EXPANSION02\DOODADS\GENERIC\SCOURGE\SC_TRENCH_M_LONG.M2,doodad_model,7,patch-9.mpq:33_34|patch-9.mpq:34_33|patch-9.mpq:34_34|patch-c.mpq:33_34|patch-c.mpq:34_33|patch-c.mpq:34_34|patch-e.mpq:34_33
WORLD\EXPANSION02\DOODADS\GENERIC\SCOURGE\SC_TRENCH_P_BONE2.M2,doodad_model,5,patch-9.mpq:34_33|patch-9.mpq:34_34|patch-c.mpq:34_33|patch-c.mpq:34_34|patch-e.mpq:34_33
WORLD\EXPANSION02\DOODADS\GENERIC\SEAVRYKUL\SHORE\VRS_CHEST_01.M2,doodad_model,6,patch-9.mpq:33_33|patch-9.mpq:34_33|patch-c.mpq:33_33|patch-c.mpq:34_33|patch-e.mpq:33_33|patch-e.mpq:34_33
WORLD\EXPANSION02\DOODADS\GENERIC\SEAVRYKUL\SHORE\VRS_CRATE_01.M2,doodad_model,9,patch-9.mpq:33_32|patch-9.mpq:33_33|patch-9.mpq:34_33|patch-c.mpq:33_32|patch-c.mpq:33_33|patch-c.mpq:34_33|patch-e.mpq:33_32|patch-e.mpq:33_33|patch-e.mpq:34_33
WORLD\EXPANSION02\DOODADS\GENERIC\SEAVRYKUL\SHORE\VRS_CRATE_DESTROYED_01.M2,doodad_model,13,patch-9.mpq:33_32|patch-9.mpq:33_33|patch-9.mpq:33_34|patch-9.mpq:34_33|patch-9.mpq:34_34|patch-c.mpq:33_32|patch-c.mpq:33_33|patch-c.mpq:33_34|patch-c.mpq:34_33|patch-c.mpq:34_34|patch-e.mpq:33_32|patch-e.mpq:33_33|patch-e.mpq:34_33
WORLD\EXPANSION02\DOODADS\GENERIC\SEAVRYKUL\SHORE\VRS_NETPILE_01.M2,doodad_model,9,patch-9.mpq:33_32|patch-9.mpq:33_33|patch-9.mpq:34_33|patch-c.mpq:33_32|patch-c.mpq:33_33|patch-c.mpq:34_33|patch-e.mpq:33_32|patch-e.mpq:33_33|patch-e.mpq:34_33
WORLD\EXPANSION02\DOODADS\GENERIC\SEAVRYKUL\SHORE\VRS_TENT_01.M2,doodad_model,6,patch-9.mpq:33_33|patch-9.mpq:34_33|patch-c.mpq:33_33|patch-c.mpq:34_33|patch-e.mpq:33_33|patch-e.mpq:34_33
WORLD\EXPANSION02\DOODADS\GENERIC\SEAVRYKUL\SHORE\VRS_TENT_02.M2,doodad_model,6,patch-9.mpq:33_33|patch-9.mpq:34_33|patch-c.mpq:33_33|patch-c.mpq:34_33|patch-e.mpq:33_33|patch-e.mpq:34_33
WORLD\EXPANSION02\DOODADS\GENERIC\SEAVRYKUL\WEAPONS\VRS_WEAPONRACK_01.M2,doodad_model,6,patch-9.mpq:33_33|patch-9.mpq:34_33|patch-c.mpq:33_33|patch-c.mpq:34_33|patch-e.mpq:33_33|patch-e.mpq:34_33
WORLD\EXPANSION02\DOODADS\GENERIC\SEAVRYKUL\WEAPONS\VRS_WEAPONRACK_02.M2,doodad_model,3,patch-9.mpq:33_33|patch-c.mpq:33_33|patch-e.mpq:33_33
WORLD\EXPANSION02\DOODADS\GENERIC\VRYKUL\BANNER\VR_SEA_BANNER_01.M2,doodad_model,9,patch-9.mpq:33_32|patch-9.mpq:33_33|patch-9.mpq:34_33|patch-c.mpq:33_32|patch-c.mpq:33_33|patch-c.mpq:34_33|patch-e.mpq:33_32|patch-e.mpq:33_33|patch-e.mpq:34_33
WORLD\EXPANSION02\DOODADS\GENERIC\VRYKUL\BOATS\TRANSPORT_VRYKUL_MEDIUM_DOODAD.M2,doodad_model,6,patch-9.mpq:33_32|patch-9.mpq:33_33|patch-c.mpq:33_32|patch-c.mpq:33_33|patch-e.mpq:33_32|patch-e.mpq:33_33
WORLD\EXPANSION02\DOODADS\GENERIC\VRYKUL\BRAZIER\VR_BRAZIER_01.M2,doodad_model,3,patch-9.mpq:33_33|patch-c.mpq:33_33|patch-e.mpq:33_33
WORLD\EXPANSION02\DOODADS\GENERIC\VRYKUL\BUTTRESS\VR_BUTTRESS_01.M2,doodad_model,3,patch-9.mpq:33_33|patch-c.mpq:33_33|patch-e.mpq:33_33
WORLD\EXPANSION02\DOODADS\GENERIC\VRYKUL\CAGE\VR_CAGE_01.M2,doodad_model,3,patch-9.mpq:33_33|patch-c.mpq:33_33|patch-e.mpq:33_33
WORLD\EXPANSION02\DOODADS\GENERIC\VRYKUL\CAGE\VR_CAGE_02.M2,doodad_model,6,patch-9.mpq:33_32|patch-9.mpq:33_33|patch-c.mpq:33_32|patch-c.mpq:33_33|patch-e.mpq:33_32|patch-e.mpq:33_33
WORLD\EXPANSION02\DOODADS\GENERIC\VRYKUL\CHAINS\VR_CHAINS_02.M2,doodad_model,6,patch-9.mpq:33_33|patch-9.mpq:34_33|patch-c.mpq:33_33|patch-c.mpq:34_33|patch-e.mpq:33_33|patch-e.mpq:34_33
WORLD\EXPANSION02\DOODADS\GENERIC\VRYKUL\CHAIRS\VR_CHAIR_01.M2,doodad_model,3,patch-9.mpq:34_33|patch-c.mpq:34_33|patch-e.mpq:34_33
WORLD\EXPANSION02\DOODADS\GENERIC\VRYKUL\COOKING\VR_COOKPOT_01.M2,doodad_model,6,patch-9.mpq:33_33|patch-9.mpq:34_33|patch-c.mpq:33_33|patch-c.mpq:34_33|patch-e.mpq:33_33|patch-e.mpq:34_33
WORLD\EXPANSION02\DOODADS\GENERIC\VRYKUL\COOKING\VR_COOKPOT_02.M2,doodad_model,3,patch-9.mpq:33_33|patch-c.mpq:33_33|patch-e.mpq:33_33
WORLD\EXPANSION02\DOODADS\GENERIC\VRYKUL\HARPOON\VR_HARPOON_02.M2,doodad_model,3,patch-9.mpq:33_33|patch-c.mpq:33_33|patch-e.mpq:33_33
WORLD\EXPANSION02\DOODADS\GENERIC\VRYKUL\HAY\VR_HAYBAIL_01.M2,doodad_model,3,patch-9.mpq:33_33|patch-c.mpq:33_33|patch-e.mpq:33_33
WORLD\EXPANSION02\DOODADS\GENERIC\VRYKUL\QUEST\VR_BONES_01_Q.M2,doodad_model,3,patch-9.mpq:33_33|patch-c.mpq:33_33|patch-e.mpq:33_33
WORLD\EXPANSION02\DOODADS\GENERIC\VRYKUL\QUEST\VR_SACK_02_Q.M2,doodad_model,8,patch-9.mpq:33_33|patch-9.mpq:33_34|patch-9.mpq:34_33|patch-c.mpq:33_33|patch-c.mpq:33_34|patch-c.mpq:34_33|patch-e.mpq:33_33|patch-e.mpq:34_33
WORLD\EXPANSION02\DOODADS\GENERIC\VRYKUL\ROAD\VR_ROADPLANK_02.M2,doodad_model,3,patch-9.mpq:34_33|patch-c.mpq:34_33|patch-e.mpq:34_33
WORLD\EXPANSION02\DOODADS\GENERIC\VRYKUL\ROAD\VR_ROADPLANK_03.M2,doodad_model,6,patch-9.mpq:33_33|patch-9.mpq:34_33|patch-c.mpq:33_33|patch-c.mpq:34_33|patch-e.mpq:33_33|patch-e.mpq:34_33
WORLD\EXPANSION02\DOODADS\GENERIC\VRYKUL\ROAD\VR_ROADPLANK_04.M2,doodad_model,3,patch-9.mpq:34_33|patch-c.mpq:34_33|patch-e.mpq:34_33
WORLD\EXPANSION02\DOODADS\GENERIC\VRYKUL\ROAD\VR_ROADPLANK_05.M2,doodad_model,6,patch-9.mpq:33_33|patch-9.mpq:34_33|patch-c.mpq:33_33|patch-c.mpq:34_33|patch-e.mpq:33_33|patch-e.mpq:34_33
WORLD\EXPANSION02\DOODADS\GENERIC\VRYKUL\ROAD\VR_ROADPLANK_06.M2,doodad_model,3,patch-9.mpq:33_33|patch-c.mpq:33_33|patch-e.mpq:33_33
WORLD\EXPANSION02\DOODADS\GENERIC\VRYKUL\RUBBLE\VR_RUBBLE_03.M2,doodad_model,3,patch-9.mpq:33_33|patch-c.mpq:33_33|patch-e.mpq:33_33
WORLD\EXPANSION02\DOODADS\GENERIC\VRYKUL\SHIELD\VR_SHIELD_01.M2,doodad_model,3,patch-9.mpq:33_33|patch-c.mpq:33_33|patch-e.mpq:33_33
WORLD\EXPANSION02\DOODADS\GENERIC\VRYKUL\SHIELD\VR_SHIELD_03.M2,doodad_model,3,patch-9.mpq:33_33|patch-c.mpq:33_33|patch-e.mpq:33_33
WORLD\EXPANSION02\DOODADS\GENERIC\VRYKUL\TABLE\VR_TABLE_LARGE_01.M2,doodad_model,3,patch-9.mpq:33_33|patch-c.mpq:33_33|patch-e.mpq:33_33
WORLD\EXPANSION02\DOODADS\GENERIC\VRYKUL\TABLE\VR_TABLE_MEDIUM_01.M2,doodad_model,3,patch-9.mpq:34_33|patch-c.mpq:34_33|patch-e.mpq:34_33
WORLD\EXPANSION02\DOODADS\GENERIC\VRYKUL\TROUGH\VR_TROUGH.M2,doodad_model,3,patch-9.mpq:33_33|patch-c.mpq:33_33|patch-e.mpq:33_33
WORLD\EXPANSION02\DOODADS\GENERIC\VRYKUL\WAGON\VR_WAGON_01.M2,doodad_model,6,patch-9.mpq:33_33|patch-9.mpq:34_33|patch-c.mpq:33_33|patch-c.mpq:34_33|patch-e.mpq:33_33|patch-e.mpq:34_33
WORLD\EXPANSION02\DOODADS\GENERIC\VRYKUL\WEAPONS\VR_CRESTAXE_01.M2,doodad_model,3,patch-9.mpq:33_33|patch-c.mpq:33_33|patch-e.mpq:33_33
WORLD\EXPANSION02\DOODADS\GENERIC\VRYKUL\WEAPONS\VR_CRESTAXE_02.M2,doodad_model,3,patch-9.mpq:33_33|patch-c.mpq:33_33|patch-e.mpq:33_33
WORLD\EXPANSION02\DOODADS\GENERIC\WATERFALLS\WATERFALLS_SET1_MED_HAT.M2,doodad_model,10,patch-9.mpq:33_33|patch-9.mpq:33_34|patch-9.mpq:34_33|patch-9.mpq:34_34|patch-c.mpq:33_33|patch-c.mpq:33_34|patch-c.mpq:34_33|patch-c.mpq:34_34|patch-e.mpq:33_33|patch-e.mpq:34_33
WORLD\EXPANSION02\DOODADS\GENERIC\WATERFALLS\WATERFALLS_SET1_MED_RIPPLES.M2,doodad_model,6,patch-9.mpq:33_33|patch-9.mpq:34_33|patch-c.mpq:33_33|patch-c.mpq:34_33|patch-e.mpq:33_33|patch-e.mpq:34_33
WORLD\EXPANSION02\DOODADS\GENERIC\WATERFALLS\WATERFALLS_SET2_MED_TALL_WITHCHOP.M2,doodad_model,6,patch-9.mpq:33_33|patch-9.mpq:34_33|patch-c.mpq:33_33|patch-c.mpq:34_33|patch-e.mpq:33_33|patch-e.mpq:34_33
WORLD\EXPANSION02\DOODADS\HOWLINGFJORD\FOG\HFJORD_FOG_01.M2,doodad_model,6,patch-9.mpq:33_33|patch-9.mpq:34_33|patch-c.mpq:33_33|patch-c.mpq:34_33|patch-e.mpq:33_33|patch-e.mpq:34_33
WORLD\EXPANSION03\DOODADS\ABYSSALMAW\CORAL\ABYSSAL_FISH02.M2,doodad_model,9,patch-9.mpq:31_33|patch-9.mpq:32_33|patch-9.mpq:33_33|patch-c.mpq:31_33|patch-c.mpq:32_33|patch-c.mpq:33_33|patch-e.mpq:31_33|patch-e.mpq:32_33|patch-e.mpq:33_33
WORLD\EXPANSION03\DOODADS\ABYSSALMAW\CORAL\ABYSSAL_SEAWEED_BLUE_02.M2,doodad_model,9,patch-9.mpq:32_32|patch-9.mpq:32_33|patch-9.mpq:33_32|patch-c.mpq:32_32|patch-c.mpq:32_33|patch-c.mpq:33_32|patch-e.mpq:32_32|patch-e.mpq:32_33|patch-e.mpq:33_32
WORLD\EXPANSION03\DOODADS\TWILIGHTHAMMER\SUMMONINGPORTALS\TWILIGHTSHAMMER_SUMMONINGPORTAL_WATER01.M2,doodad_model,7,patch-9.mpq:31_31|patch-9.mpq:32_31|patch-c.mpq:31_31|patch-c.mpq:32_31|patch-d.mpq:32_31|patch-e.mpq:31_31|patch-e.mpq:32_31
WORLD\EXPANSION03\DOODADS\VASHJIR\ANEMONE\VJ_ANEMONELRG01.M2,doodad_model,7,patch-9.mpq:31_31|patch-9.mpq:31_32|patch-c.mpq:31_31|patch-c.mpq:31_32|patch-d.mpq:31_32|patch-e.mpq:31_31|patch-e.mpq:31_32
WORLD\EXPANSION03\DOODADS\VASHJIR\ANEMONE\VJ_ANEMONELRG02.M2,doodad_model,7,patch-9.mpq:31_31|patch-9.mpq:31_32|patch-c.mpq:31_31|patch-c.mpq:31_32|patch-d.mpq:31_32|patch-e.mpq:31_31|patch-e.mpq:31_32
WORLD\EXPANSION03\DOODADS\VASHJIR\ANEMONE\VJ_ANEMONELRG03.M2,doodad_model,7,patch-9.mpq:31_32|patch-9.mpq:31_33|patch-c.mpq:31_32|patch-c.mpq:31_33|patch-d.mpq:31_32|patch-e.mpq:31_32|patch-e.mpq:31_33
WORLD\EXPANSION03\DOODADS\VASHJIR\ANEMONE\VJ_ANEMONELRG05.M2,doodad_model,13,patch-9.mpq:31_33|patch-9.mpq:31_34|patch-9.mpq:32_33|patch-9.mpq:32_34|patch-9.mpq:33_33|patch-c.mpq:31_33|patch-c.mpq:31_34|patch-c.mpq:32_33|patch-c.mpq:32_34|patch-c.mpq:33_33|patch-e.mpq:31_33|patch-e.mpq:32_33|patch-e.mpq:33_33
WORLD\EXPANSION03\DOODADS\VASHJIR\ANEMONE\VJ_ANEMONESM01.M2,doodad_model,3,patch-9.mpq:32_33|patch-c.mpq:32_33|patch-e.mpq:32_33
WORLD\EXPANSION03\DOODADS\VASHJIR\ANEMONE\VJ_ANEMONESM03.M2,doodad_model,9,patch-9.mpq:32_32|patch-9.mpq:32_33|patch-9.mpq:33_32|patch-c.mpq:32_32|patch-c.mpq:32_33|patch-c.mpq:33_32|patch-e.mpq:32_32|patch-e.mpq:32_33|patch-e.mpq:33_32
WORLD\EXPANSION03\DOODADS\VASHJIR\ANEMONE\VJ_GIANTANEMONE01.M2,doodad_model,6,patch-9.mpq:31_33|patch-9.mpq:32_33|patch-c.mpq:31_33|patch-c.mpq:32_33|patch-e.mpq:31_33|patch-e.mpq:32_33
WORLD\EXPANSION03\DOODADS\VASHJIR\ANEMONE\VJ_GIANTANEMONE02.M2,doodad_model,6,patch-9.mpq:32_32|patch-9.mpq:32_33|patch-c.mpq:32_32|patch-c.mpq:32_33|patch-e.mpq:32_32|patch-e.mpq:32_33
WORLD\EXPANSION03\DOODADS\VASHJIR\BONES\VJ_WHALEBONES_01.M2,doodad_model,4,patch-9.mpq:31_32|patch-c.mpq:31_32|patch-d.mpq:31_32|patch-e.mpq:31_32
WORLD\EXPANSION03\DOODADS\VASHJIR\BONES\VJ_WHALEBONES_04.M2,doodad_model,9,patch-9.mpq:31_30|patch-9.mpq:31_31|patch-9.mpq:33_32|patch-c.mpq:31_30|patch-c.mpq:31_31|patch-c.mpq:33_32|patch-e.mpq:31_30|patch-e.mpq:31_31|patch-e.mpq:33_32
WORLD\EXPANSION03\DOODADS\VASHJIR\CORALS\VJ_BUSHCORALBROWN01.M2,doodad_model,13,patch-9.mpq:31_32|patch-9.mpq:31_33|patch-9.mpq:32_32|patch-9.mpq:32_33|patch-c.mpq:31_32|patch-c.mpq:31_33|patch-c.mpq:32_32|patch-c.mpq:32_33|patch-d.mpq:31_32|patch-e.mpq:31_32|patch-e.mpq:31_33|patch-e.mpq:32_32|patch-e.mpq:32_33
WORLD\EXPANSION03\DOODADS\VASHJIR\CORALS\VJ_CORAL_TREE_LARGE_01.M2,doodad_model,7,patch-9.mpq:30_31|patch-9.mpq:30_32|patch-9.mpq:31_31|patch-c.mpq:30_31|patch-c.mpq:30_32|patch-c.mpq:31_31|patch-e.mpq:31_31
WORLD\EXPANSION03\DOODADS\VASHJIR\CORALS\VJ_CORAL_TREE_LARGE_03.M2,doodad_model,11,patch-9.mpq:30_31|patch-9.mpq:30_32|patch-9.mpq:31_31|patch-9.mpq:31_32|patch-c.mpq:30_31|patch-c.mpq:30_32|patch-c.mpq:31_31|patch-c.mpq:31_32|patch-d.mpq:31_32|patch-e.mpq:31_31|patch-e.mpq:31_32
WORLD\EXPANSION03\DOODADS\VASHJIR\CORALS\VJ_CORALBUSH_BLUEGREEN01.M2,doodad_model,6,patch-9.mpq:32_32|patch-9.mpq:32_33|patch-c.mpq:32_32|patch-c.mpq:32_33|patch-e.mpq:32_32|patch-e.mpq:32_33
WORLD\EXPANSION03\DOODADS\VASHJIR\CORALS\VJ_CORALBUSH_GRAY02.M2,doodad_model,15,patch-9.mpq:32_32|patch-9.mpq:32_33|patch-9.mpq:33_32|patch-9.mpq:33_33|patch-9.mpq:34_33|patch-c.mpq:32_32|patch-c.mpq:32_33|patch-c.mpq:33_32|patch-c.mpq:33_33|patch-c.mpq:34_33|patch-e.mpq:32_32|patch-e.mpq:32_33|patch-e.mpq:33_32|patch-e.mpq:33_33|patch-e.mpq:34_33
WORLD\EXPANSION03\DOODADS\VASHJIR\CORALS\VJ_CORALBUSH_GREEN01.M2,doodad_model,6,patch-9.mpq:32_32|patch-9.mpq:32_33|patch-c.mpq:32_32|patch-c.mpq:32_33|patch-e.mpq:32_32|patch-e.mpq:32_33
WORLD\EXPANSION03\DOODADS\VASHJIR\CORALS\VJ_CORALBUSH_GREEN02.M2,doodad_model,15,patch-9.mpq:31_31|patch-9.mpq:31_32|patch-9.mpq:33_33|patch-9.mpq:33_34|patch-9.mpq:34_33|patch-c.mpq:31_31|patch-c.mpq:31_32|patch-c.mpq:33_33|patch-c.mpq:33_34|patch-c.mpq:34_33|patch-d.mpq:31_32|patch-e.mpq:31_31|patch-e.mpq:31_32|patch-e.mpq:33_33|patch-e.mpq:34_33
WORLD\EXPANSION03\DOODADS\VASHJIR\CORALS\VJ_CORALBUSH_ORANGE01.M2,doodad_model,6,patch-9.mpq:31_33|patch-9.mpq:32_33|patch-c.mpq:31_33|patch-c.mpq:32_33|patch-e.mpq:31_33|patch-e.mpq:32_33
WORLD\EXPANSION03\DOODADS\VASHJIR\CORALS\VJ_CORALBUSH_PINK01.M2,doodad_model,7,patch-9.mpq:31_32|patch-9.mpq:31_33|patch-c.mpq:31_32|patch-c.mpq:31_33|patch-d.mpq:31_32|patch-e.mpq:31_32|patch-e.mpq:31_33
WORLD\EXPANSION03\DOODADS\VASHJIR\CORALS\VJ_CORALBUSH_PURPLE02.M2,doodad_model,12,patch-9.mpq:32_32|patch-9.mpq:32_33|patch-9.mpq:33_32|patch-9.mpq:33_33|patch-c.mpq:32_32|patch-c.mpq:32_33|patch-c.mpq:33_32|patch-c.mpq:33_33|patch-e.mpq:32_32|patch-e.mpq:32_33|patch-e.mpq:33_32|patch-e.mpq:33_33
WORLD\EXPANSION03\DOODADS\VASHJIR\CORALS\VJ_CORALBUSH_RED02.M2,doodad_model,5,patch-9.mpq:30_31|patch-9.mpq:31_31|patch-c.mpq:30_31|patch-c.mpq:31_31|patch-e.mpq:31_31
WORLD\EXPANSION03\DOODADS\VASHJIR\CORALS\VJ_CORALCLUSTERTOP02.M2,doodad_model,6,patch-9.mpq:32_33|patch-9.mpq:33_33|patch-c.mpq:32_33|patch-c.mpq:33_33|patch-e.mpq:32_33|patch-e.mpq:33_33
WORLD\EXPANSION03\DOODADS\VASHJIR\CORALS\VJ_CORALFLATGREEN_01.M2,doodad_model,27,patch-9.mpq:31_31|patch-9.mpq:31_32|patch-9.mpq:32_33|patch-9.mpq:33_30|patch-9.mpq:33_31|patch-9.mpq:33_33|patch-9.mpq:33_34|patch-9.mpq:34_33|patch-9.mpq:34_34|patch-c.mpq:31_31|patch-c.mpq:31_32|patch-c.mpq:32_33|patch-c.mpq:33_30|patch-c.mpq:33_31|patch-c.mpq:33_33|patch-c.mpq:33_34|patch-c.mpq:34_33|patch-c.mpq:34_34|patch-d.mpq:31_32|patch-d.mpq:33_31|patch-e.mpq:31_31|patch-e.mpq:31_32|patch-e.mpq:32_33|patch-e.mpq:33_30|patch-e.mpq:33_31|patch-e.mpq:33_33|patch-e.mpq:34_33
WORLD\EXPANSION03\DOODADS\VASHJIR\CORALS\VJ_CORALFLATPURPLE_01.M2,doodad_model,12,patch-9.mpq:32_32|patch-9.mpq:32_33|patch-9.mpq:33_32|patch-9.mpq:33_33|patch-c.mpq:32_32|patch-c.mpq:32_33|patch-c.mpq:33_32|patch-c.mpq:33_33|patch-e.mpq:32_32|patch-e.mpq:32_33|patch-e.mpq:33_32|patch-e.mpq:33_33
WORLD\EXPANSION03\DOODADS\VASHJIR\CORALS\VJ_CORALFLATRED_01.M2,doodad_model,17,patch-9.mpq:30_31|patch-9.mpq:30_32|patch-9.mpq:31_31|patch-9.mpq:31_32|patch-9.mpq:31_33|patch-9.mpq:32_33|patch-c.mpq:30_31|patch-c.mpq:30_32|patch-c.mpq:31_31|patch-c.mpq:31_32|patch-c.mpq:31_33|patch-c.mpq:32_33|patch-d.mpq:31_32|patch-e.mpq:31_31|patch-e.mpq:31_32|patch-e.mpq:31_33|patch-e.mpq:32_33
WORLD\EXPANSION03\DOODADS\VASHJIR\CORALS\VJ_CORALFLATRED_02.M2,doodad_model,6,patch-9.mpq:31_33|patch-9.mpq:32_33|patch-c.mpq:31_33|patch-c.mpq:32_33|patch-e.mpq:31_33|patch-e.mpq:32_33
WORLD\EXPANSION03\DOODADS\VASHJIR\CORALS\VJ_CORALMUTATED01.M2,doodad_model,10,patch-9.mpq:31_32|patch-9.mpq:31_33|patch-9.mpq:32_33|patch-c.mpq:31_32|patch-c.mpq:31_33|patch-c.mpq:32_33|patch-d.mpq:31_32|patch-e.mpq:31_32|patch-e.mpq:31_33|patch-e.mpq:32_33
WORLD\EXPANSION03\DOODADS\VASHJIR\CORALS\VJ_CORALMUTATED02.M2,doodad_model,6,patch-9.mpq:31_33|patch-9.mpq:32_33|patch-c.mpq:31_33|patch-c.mpq:32_33|patch-e.mpq:31_33|patch-e.mpq:32_33
WORLD\EXPANSION03\DOODADS\VASHJIR\CORALS\VJ_CORALSPIKEY_01.M2,doodad_model,14,patch-9.mpq:31_31|patch-9.mpq:31_32|patch-9.mpq:32_31|patch-9.mpq:32_32|patch-c.mpq:31_31|patch-c.mpq:31_32|patch-c.mpq:32_31|patch-c.mpq:32_32|patch-d.mpq:31_32|patch-d.mpq:32_31|patch-e.mpq:31_31|patch-e.mpq:31_32|patch-e.mpq:32_31|patch-e.mpq:32_32
WORLD\EXPANSION03\DOODADS\VASHJIR\CORALS\VJ_CORALSPIKEY_03.M2,doodad_model,17,patch-9.mpq:31_31|patch-9.mpq:31_32|patch-9.mpq:32_30|patch-9.mpq:32_31|patch-9.mpq:32_32|patch-c.mpq:31_31|patch-c.mpq:31_32|patch-c.mpq:32_30|patch-c.mpq:32_31|patch-c.mpq:32_32|patch-d.mpq:31_32|patch-d.mpq:32_31|patch-e.mpq:31_31|patch-e.mpq:31_32|patch-e.mpq:32_30|patch-e.mpq:32_31|patch-e.mpq:32_32
WORLD\EXPANSION03\DOODADS\VASHJIR\CORALS\VJ_CORALTABLEMID04.M2,doodad_model,16,patch-9.mpq:31_33|patch-9.mpq:31_34|patch-9.mpq:32_32|patch-9.mpq:32_33|patch-9.mpq:32_34|patch-9.mpq:33_33|patch-c.mpq:31_33|patch-c.mpq:31_34|patch-c.mpq:32_32|patch-c.mpq:32_33|patch-c.mpq:32_34|patch-c.mpq:33_33|patch-e.mpq:31_33|patch-e.mpq:32_32|patch-e.mpq:32_33|patch-e.mpq:33_33
WORLD\EXPANSION03\DOODADS\VASHJIR\CORALS\VJ_CORALTABLEMID05.M2,doodad_model,12,patch-9.mpq:32_32|patch-9.mpq:32_33|patch-9.mpq:33_32|patch-9.mpq:33_33|patch-c.mpq:32_32|patch-c.mpq:32_33|patch-c.mpq:33_32|patch-c.mpq:33_33|patch-e.mpq:32_32|patch-e.mpq:32_33|patch-e.mpq:33_32|patch-e.mpq:33_33
WORLD\EXPANSION03\DOODADS\VASHJIR\CORALS\VJ_CORALTABLESPIKY02.M2,doodad_model,13,patch-9.mpq:31_32|patch-9.mpq:31_33|patch-9.mpq:32_32|patch-9.mpq:32_33|patch-c.mpq:31_32|patch-c.mpq:31_33|patch-c.mpq:32_32|patch-c.mpq:32_33|patch-d.mpq:31_32|patch-e.mpq:31_32|patch-e.mpq:31_33|patch-e.mpq:32_32|patch-e.mpq:32_33
WORLD\EXPANSION03\DOODADS\VASHJIR\CORALS\VJ_CORALTABLESPIKYCLUSTER01.M2,doodad_model,6,patch-9.mpq:32_32|patch-9.mpq:32_33|patch-c.mpq:32_32|patch-c.mpq:32_33|patch-e.mpq:32_32|patch-e.mpq:32_33
WORLD\EXPANSION03\DOODADS\VASHJIR\CORALS\VJ_CORALTABLETOP01.M2,doodad_model,32,patch-9.mpq:30_31|patch-9.mpq:31_30|patch-9.mpq:31_31|patch-9.mpq:31_32|patch-9.mpq:32_30|patch-9.mpq:32_31|patch-9.mpq:32_32|patch-9.mpq:33_31|patch-9.mpq:33_32|patch-9.mpq:34_31|patch-c.mpq:30_31|patch-c.mpq:31_30|patch-c.mpq:31_31|patch-c.mpq:31_32|patch-c.mpq:32_30|patch-c.mpq:32_31|patch-c.mpq:32_32|patch-c.mpq:33_31|patch-c.mpq:33_32|patch-c.mpq:34_31|patch-d.mpq:31_32|patch-d.mpq:32_31|patch-d.mpq:33_31|patch-e.mpq:31_30|patch-e.mpq:31_31|patch-e.mpq:31_32|patch-e.mpq:32_30|patch-e.mpq:32_31|patch-e.mpq:32_32|patch-e.mpq:33_31|patch-e.mpq:33_32|patch-e.mpq:34_31
WORLD\EXPANSION03\DOODADS\VASHJIR\CORALS\VJ_CORALTHICK_02.M2,doodad_model,6,patch-9.mpq:31_30|patch-9.mpq:31_31|patch-c.mpq:31_30|patch-c.mpq:31_31|patch-e.mpq:31_30|patch-e.mpq:31_31
WORLD\EXPANSION03\DOODADS\VASHJIR\CORALS\VJ_CORALTHICK_03.M2,doodad_model,12,patch-9.mpq:32_32|patch-9.mpq:32_33|patch-9.mpq:33_32|patch-9.mpq:33_33|patch-c.mpq:32_32|patch-c.mpq:32_33|patch-c.mpq:33_32|patch-c.mpq:33_33|patch-e.mpq:32_32|patch-e.mpq:32_33|patch-e.mpq:33_32|patch-e.mpq:33_33
WORLD\EXPANSION03\DOODADS\VASHJIR\CORALS\VJ_CORALTHICKBLUE_02.M2,doodad_model,6,patch-9.mpq:32_32|patch-9.mpq:32_33|patch-c.mpq:32_32|patch-c.mpq:32_33|patch-e.mpq:32_32|patch-e.mpq:32_33
WORLD\EXPANSION03\DOODADS\VASHJIR\CORALS\VJ_CORALTHICKORANGE_01.M2,doodad_model,10,patch-9.mpq:31_32|patch-9.mpq:31_33|patch-9.mpq:32_33|patch-c.mpq:31_32|patch-c.mpq:31_33|patch-c.mpq:32_33|patch-d.mpq:31_32|patch-e.mpq:31_32|patch-e.mpq:31_33|patch-e.mpq:32_33
WORLD\EXPANSION03\DOODADS\VASHJIR\CORALS\VJ_CORALTHICKORANGE_02.M2,doodad_model,13,patch-9.mpq:31_32|patch-9.mpq:31_33|patch-9.mpq:32_32|patch-9.mpq:32_33|patch-c.mpq:31_32|patch-c.mpq:31_33|patch-c.mpq:32_32|patch-c.mpq:32_33|patch-d.mpq:31_32|patch-e.mpq:31_32|patch-e.mpq:31_33|patch-e.mpq:32_32|patch-e.mpq:32_33
WORLD\EXPANSION03\DOODADS\VASHJIR\CORALS\VJ_CORALTHICKRED_02.M2,doodad_model,11,patch-9.mpq:30_31|patch-9.mpq:30_32|patch-9.mpq:31_31|patch-9.mpq:31_32|patch-c.mpq:30_31|patch-c.mpq:30_32|patch-c.mpq:31_31|patch-c.mpq:31_32|patch-d.mpq:31_32|patch-e.mpq:31_31|patch-e.mpq:31_32
WORLD\EXPANSION03\DOODADS\VASHJIR\CORALS\VJ_GIANTCLAM01.M2,doodad_model,9,patch-9.mpq:32_32|patch-9.mpq:32_33|patch-9.mpq:33_32|patch-c.mpq:32_32|patch-c.mpq:32_33|patch-c.mpq:33_32|patch-e.mpq:32_32|patch-e.mpq:32_33|patch-e.mpq:33_32
WORLD\EXPANSION03\DOODADS\VASHJIR\CORALS\VJ_GIANTCORAL_BLUEGREEN01.M2,doodad_model,10,patch-9.mpq:33_33|patch-9.mpq:33_34|patch-9.mpq:34_33|patch-9.mpq:34_34|patch-c.mpq:33_33|patch-c.mpq:33_34|patch-c.mpq:34_33|patch-c.mpq:34_34|patch-e.mpq:33_33|patch-e.mpq:34_33
WORLD\EXPANSION03\DOODADS\VASHJIR\CORALS\VJ_GIANTCORAL_BLUEGREEN02.M2,doodad_model,18,patch-9.mpq:31_31|patch-9.mpq:31_32|patch-9.mpq:32_31|patch-9.mpq:33_30|patch-9.mpq:33_31|patch-c.mpq:31_31|patch-c.mpq:31_32|patch-c.mpq:32_31|patch-c.mpq:33_30|patch-c.mpq:33_31|patch-d.mpq:31_32|patch-d.mpq:32_31|patch-d.mpq:33_31|patch-e.mpq:31_31|patch-e.mpq:31_32|patch-e.mpq:32_31|patch-e.mpq:33_30|patch-e.mpq:33_31
WORLD\EXPANSION03\DOODADS\VASHJIR\CORALS\VJ_GIANTCORAL_BLUEGREEN03.M2,doodad_model,14,patch-9.mpq:31_31|patch-9.mpq:31_32|patch-9.mpq:33_30|patch-9.mpq:33_31|patch-c.mpq:31_31|patch-c.mpq:31_32|patch-c.mpq:33_30|patch-c.mpq:33_31|patch-d.mpq:31_32|patch-d.mpq:33_31|patch-e.mpq:31_31|patch-e.mpq:31_32|patch-e.mpq:33_30|patch-e.mpq:33_31
WORLD\EXPANSION03\DOODADS\VASHJIR\CORALS\VJ_GIANTCORAL_BLUEGREEN04.M2,doodad_model,10,patch-9.mpq:33_33|patch-9.mpq:33_34|patch-9.mpq:34_33|patch-9.mpq:34_34|patch-c.mpq:33_33|patch-c.mpq:33_34|patch-c.mpq:34_33|patch-c.mpq:34_34|patch-e.mpq:33_33|patch-e.mpq:34_33
WORLD\EXPANSION03\DOODADS\VASHJIR\CORALS\VJ_GIANTCORAL_GLOWY05.M2,doodad_model,9,patch-9.mpq:32_32|patch-9.mpq:32_33|patch-9.mpq:33_32|patch-c.mpq:32_32|patch-c.mpq:32_33|patch-c.mpq:33_32|patch-e.mpq:32_32|patch-e.mpq:32_33|patch-e.mpq:33_32
WORLD\EXPANSION03\DOODADS\VASHJIR\CORALS\VJ_GIANTCORAL_GLOWY07.M2,doodad_model,19,patch-9.mpq:32_30|patch-9.mpq:32_31|patch-9.mpq:32_32|patch-9.mpq:32_33|patch-9.mpq:33_32|patch-9.mpq:33_33|patch-c.mpq:32_30|patch-c.mpq:32_31|patch-c.mpq:32_32|patch-c.mpq:32_33|patch-c.mpq:33_32|patch-c.mpq:33_33|patch-d.mpq:32_31|patch-e.mpq:32_30|patch-e.mpq:32_31|patch-e.mpq:32_32|patch-e.mpq:32_33|patch-e.mpq:33_32|patch-e.mpq:33_33
WORLD\EXPANSION03\DOODADS\VASHJIR\CORALS\VJ_GIANTCORAL_GLOWY08.M2,doodad_model,12,patch-9.mpq:32_32|patch-9.mpq:32_33|patch-9.mpq:33_32|patch-9.mpq:33_33|patch-c.mpq:32_32|patch-c.mpq:32_33|patch-c.mpq:33_32|patch-c.mpq:33_33|patch-e.mpq:32_32|patch-e.mpq:32_33|patch-e.mpq:33_32|patch-e.mpq:33_33
WORLD\EXPANSION03\DOODADS\VASHJIR\CORALS\VJ_GIANTCORAL_PINK02.M2,doodad_model,7,patch-9.mpq:31_32|patch-9.mpq:31_33|patch-c.mpq:31_32|patch-c.mpq:31_33|patch-d.mpq:31_32|patch-e.mpq:31_32|patch-e.mpq:31_33
WORLD\EXPANSION03\DOODADS\VASHJIR\CORALS\VJ_GIANTCORAL_PINK03.M2,doodad_model,7,patch-9.mpq:31_32|patch-9.mpq:31_33|patch-c.mpq:31_32|patch-c.mpq:31_33|patch-d.mpq:31_32|patch-e.mpq:31_32|patch-e.mpq:31_33
WORLD\EXPANSION03\DOODADS\VASHJIR\CORALS\VJ_GIANTFANCORAL_01.M2,doodad_model,6,patch-9.mpq:32_33|patch-9.mpq:33_33|patch-c.mpq:32_33|patch-c.mpq:33_33|patch-e.mpq:32_33|patch-e.mpq:33_33
WORLD\EXPANSION03\DOODADS\VASHJIR\CORALS\VJ_GIANTFANCORAL_03.M2,doodad_model,7,patch-9.mpq:31_32|patch-9.mpq:31_33|patch-c.mpq:31_32|patch-c.mpq:31_33|patch-d.mpq:31_32|patch-e.mpq:31_32|patch-e.mpq:31_33
WORLD\EXPANSION03\DOODADS\VASHJIR\CORALS\VJ_SPIKEDBUSHCORAL02.M2,doodad_model,15,patch-9.mpq:30_31|patch-9.mpq:31_30|patch-9.mpq:31_31|patch-9.mpq:32_30|patch-9.mpq:32_31|patch-c.mpq:30_31|patch-c.mpq:31_30|patch-c.mpq:31_31|patch-c.mpq:32_30|patch-c.mpq:32_31|patch-d.mpq:32_31|patch-e.mpq:31_30|patch-e.mpq:31_31|patch-e.mpq:32_30|patch-e.mpq:32_31
WORLD\EXPANSION03\DOODADS\VASHJIR\CORALS\VJ_SPIKEDTREECORAL05.M2,doodad_model,11,patch-9.mpq:30_31|patch-9.mpq:31_30|patch-9.mpq:31_31|patch-9.mpq:32_30|patch-c.mpq:30_31|patch-c.mpq:31_30|patch-c.mpq:31_31|patch-c.mpq:32_30|patch-e.mpq:31_30|patch-e.mpq:31_31|patch-e.mpq:32_30
WORLD\EXPANSION03\DOODADS\VASHJIR\CORALS\VJ_SPIKEDTREECORAL06.M2,doodad_model,6,patch-9.mpq:32_32|patch-9.mpq:32_33|patch-c.mpq:32_32|patch-c.mpq:32_33|patch-e.mpq:32_32|patch-e.mpq:32_33
WORLD\EXPANSION03\DOODADS\VASHJIR\CORALS\VJ_SPONGECORAL_02.M2,doodad_model,7,patch-9.mpq:31_32|patch-9.mpq:31_33|patch-c.mpq:31_32|patch-c.mpq:31_33|patch-d.mpq:31_32|patch-e.mpq:31_32|patch-e.mpq:31_33
WORLD\EXPANSION03\DOODADS\VASHJIR\CORALS\VJ_SPONGECORAL_03.M2,doodad_model,10,patch-9.mpq:31_32|patch-9.mpq:31_33|patch-9.mpq:32_33|patch-c.mpq:31_32|patch-c.mpq:31_33|patch-c.mpq:32_33|patch-d.mpq:31_32|patch-e.mpq:31_32|patch-e.mpq:31_33|patch-e.mpq:32_33
WORLD\EXPANSION03\DOODADS\VASHJIR\CORALS\VJ_SPONGECORAL_05.M2,doodad_model,4,patch-9.mpq:31_32|patch-c.mpq:31_32|patch-d.mpq:31_32|patch-e.mpq:31_32
WORLD\EXPANSION03\DOODADS\VASHJIR\CORALS\VJ_SPONGECORAL_08.M2,doodad_model,7,patch-9.mpq:31_32|patch-9.mpq:32_32|patch-c.mpq:31_32|patch-c.mpq:32_32|patch-d.mpq:31_32|patch-e.mpq:31_32|patch-e.mpq:32_32
WORLD\EXPANSION03\DOODADS\VASHJIR\CORALS\VJ_SPONGECORAL_09.M2,doodad_model,13,patch-9.mpq:31_32|patch-9.mpq:31_33|patch-9.mpq:32_32|patch-9.mpq:32_33|patch-c.mpq:31_32|patch-c.mpq:31_33|patch-c.mpq:32_32|patch-c.mpq:32_33|patch-d.mpq:31_32|patch-e.mpq:31_32|patch-e.mpq:31_33|patch-e.mpq:32_32|patch-e.mpq:32_33
WORLD\EXPANSION03\DOODADS\VASHJIR\CORALS\VJ_SPONGECORAL_11_ORANGE.M2,doodad_model,6,patch-9.mpq:31_33|patch-9.mpq:32_33|patch-c.mpq:31_33|patch-c.mpq:32_33|patch-e.mpq:31_33|patch-e.mpq:32_33
WORLD\EXPANSION03\DOODADS\VASHJIR\CORALS\VJ_SPONGECORAL_12.M2,doodad_model,6,patch-9.mpq:32_33|patch-9.mpq:33_33|patch-c.mpq:32_33|patch-c.mpq:33_33|patch-e.mpq:32_33|patch-e.mpq:33_33
WORLD\EXPANSION03\DOODADS\VASHJIR\CORALS\VJ_TREECORALGRAY01.M2,doodad_model,9,patch-9.mpq:32_32|patch-9.mpq:32_33|patch-9.mpq:33_33|patch-c.mpq:32_32|patch-c.mpq:32_33|patch-c.mpq:33_33|patch-e.mpq:32_32|patch-e.mpq:32_33|patch-e.mpq:33_33
WORLD\EXPANSION03\DOODADS\VASHJIR\CORALS\VJ_TREECORALGRAY02.M2,doodad_model,9,patch-9.mpq:33_32|patch-9.mpq:33_33|patch-9.mpq:34_33|patch-c.mpq:33_32|patch-c.mpq:33_33|patch-c.mpq:34_33|patch-e.mpq:33_32|patch-e.mpq:33_33|patch-e.mpq:34_33
WORLD\EXPANSION03\DOODADS\VASHJIR\CORALS\VJ_TREECORALGRAY03.M2,doodad_model,6,patch-9.mpq:33_32|patch-9.mpq:33_33|patch-c.mpq:33_32|patch-c.mpq:33_33|patch-e.mpq:33_32|patch-e.mpq:33_33
WORLD\EXPANSION03\DOODADS\VASHJIR\KELP\VJ_BULLKELP02.M2,doodad_model,6,patch-9.mpq:32_33|patch-9.mpq:33_33|patch-c.mpq:32_33|patch-c.mpq:33_33|patch-e.mpq:32_33|patch-e.mpq:33_33
WORLD\EXPANSION03\DOODADS\VASHJIR\KELP\VJ_BULLKELP03.M2,doodad_model,6,patch-9.mpq:32_33|patch-9.mpq:33_33|patch-c.mpq:32_33|patch-c.mpq:33_33|patch-e.mpq:32_33|patch-e.mpq:33_33
WORLD\EXPANSION03\DOODADS\VASHJIR\KELP\VJ_BULLKELP04.M2,doodad_model,6,patch-9.mpq:32_33|patch-9.mpq:33_33|patch-c.mpq:32_33|patch-c.mpq:33_33|patch-e.mpq:32_33|patch-e.mpq:33_33
WORLD\EXPANSION03\DOODADS\VASHJIR\KELP\VJ_BULLKELP05.M2,doodad_model,6,patch-9.mpq:32_33|patch-9.mpq:33_33|patch-c.mpq:32_33|patch-c.mpq:33_33|patch-e.mpq:32_33|patch-e.mpq:33_33
WORLD\EXPANSION03\DOODADS\VASHJIR\KELP\VJ_BULLKELP06.M2,doodad_model,6,patch-9.mpq:32_33|patch-9.mpq:33_33|patch-c.mpq:32_33|patch-c.mpq:33_33|patch-e.mpq:32_33|patch-e.mpq:33_33
WORLD\EXPANSION03\DOODADS\VASHJIR\KELP\VJ_BULLKELP07.M2,doodad_model,21,patch-9.mpq:31_31|patch-9.mpq:31_32|patch-9.mpq:32_31|patch-9.mpq:32_32|patch-9.mpq:33_31|patch-9.mpq:33_32|patch-c.mpq:31_31|patch-c.mpq:31_32|patch-c.mpq:32_31|patch-c.mpq:32_32|patch-c.mpq:33_31|patch-c.mpq:33_32|patch-d.mpq:31_32|patch-d.mpq:32_31|patch-d.mpq:33_31|patch-e.mpq:31_31|patch-e.mpq:31_32|patch-e.mpq:32_31|patch-e.mpq:32_32|patch-e.mpq:33_31|patch-e.mpq:33_32
WORLD\EXPANSION03\DOODADS\VASHJIR\KELP\VJ_HANGINGKELPRED03.M2,doodad_model,8,patch-9.mpq:32_34|patch-9.mpq:33_32|patch-9.mpq:33_33|patch-c.mpq:32_34|patch-c.mpq:33_32|patch-c.mpq:33_33|patch-e.mpq:33_32|patch-e.mpq:33_33
WORLD\EXPANSION03\DOODADS\VASHJIR\KELP\VJ_KELP01.M2,doodad_model,21,patch-9.mpq:31_31|patch-9.mpq:31_32|patch-9.mpq:32_31|patch-9.mpq:32_32|patch-9.mpq:33_31|patch-9.mpq:33_32|patch-c.mpq:31_31|patch-c.mpq:31_32|patch-c.mpq:32_31|patch-c.mpq:32_32|patch-c.mpq:33_31|patch-c.mpq:33_32|patch-d.mpq:31_32|patch-d.mpq:32_31|patch-d.mpq:33_31|patch-e.mpq:31_31|patch-e.mpq:31_32|patch-e.mpq:32_31|patch-e.mpq:32_32|patch-e.mpq:33_31|patch-e.mpq:33_32
WORLD\EXPANSION03\DOODADS\VASHJIR\KELP\VJ_SEAWEED_01.M2,doodad_model,2,patch-9.mpq:32_34|patch-c.mpq:32_34
WORLD\EXPANSION03\DOODADS\VASHJIR\KELP\VJ_SEAWEED_02.M2,doodad_model,2,patch-9.mpq:32_34|patch-c.mpq:32_34
WORLD\EXPANSION03\DOODADS\VASHJIR\PEARL\VJ_GIANTPEARL.M2,doodad_model,3,patch-9.mpq:32_33|patch-c.mpq:32_33|patch-e.mpq:32_33
WORLD\EXPANSION03\DOODADS\VASHJIR\ROCKS\VJ_ROCKFORMATION_03.M2,doodad_model,4,patch-9.mpq:31_32|patch-c.mpq:31_32|patch-d.mpq:31_32|patch-e.mpq:31_32
WORLD\EXPANSION03\DOODADS\VASHJIR\ROCKS\VJ_ROCKFORMATIONBIT_01.M2,doodad_model,13,patch-9.mpq:31_32|patch-9.mpq:31_33|patch-9.mpq:32_32|patch-9.mpq:32_33|patch-c.mpq:31_32|patch-c.mpq:31_33|patch-c.mpq:32_32|patch-c.mpq:32_33|patch-d.mpq:31_32|patch-e.mpq:31_32|patch-e.mpq:31_33|patch-e.mpq:32_32|patch-e.mpq:32_33
WORLD\EXPANSION03\DOODADS\VASHJIR\ROCKS\VJ_ROCKFORMATIONBIT_02.M2,doodad_model,10,patch-9.mpq:31_32|patch-9.mpq:31_33|patch-9.mpq:32_32|patch-c.mpq:31_32|patch-c.mpq:31_33|patch-c.mpq:32_32|patch-d.mpq:31_32|patch-e.mpq:31_32|patch-e.mpq:31_33|patch-e.mpq:32_32
WORLD\EXPANSION03\DOODADS\VASHJIR\ROCKS\VJ_ROCKFORMATIONBIT_03.M2,doodad_model,18,patch-9.mpq:30_31|patch-9.mpq:31_30|patch-9.mpq:31_31|patch-9.mpq:32_30|patch-9.mpq:32_31|patch-9.mpq:33_33|patch-c.mpq:30_31|patch-c.mpq:31_30|patch-c.mpq:31_31|patch-c.mpq:32_30|patch-c.mpq:32_31|patch-c.mpq:33_33|patch-d.mpq:32_31|patch-e.mpq:31_30|patch-e.mpq:31_31|patch-e.mpq:32_30|patch-e.mpq:32_31|patch-e.mpq:33_33
WORLD\EXPANSION03\DOODADS\VASHJIR\ROCKS\VJ_ROCKHOLE_01.M2,doodad_model,6,patch-9.mpq:31_33|patch-9.mpq:32_33|patch-c.mpq:31_33|patch-c.mpq:32_33|patch-e.mpq:31_33|patch-e.mpq:32_33
WORLD\EXPANSION03\DOODADS\VASHJIR\ROCKS\VJ_ROCKHOLE_02.M2,doodad_model,10,patch-9.mpq:31_33|patch-9.mpq:32_31|patch-9.mpq:32_33|patch-c.mpq:31_33|patch-c.mpq:32_31|patch-c.mpq:32_33|patch-d.mpq:32_31|patch-e.mpq:31_33|patch-e.mpq:32_31|patch-e.mpq:32_33
WORLD\EXPANSION03\DOODADS\VASHJIR\ROCKS\VJ_ROCKLARGE_01.M2,doodad_model,7,patch-9.mpq:31_31|patch-9.mpq:31_32|patch-c.mpq:31_31|patch-c.mpq:31_32|patch-d.mpq:31_32|patch-e.mpq:31_31|patch-e.mpq:31_32
WORLD\EXPANSION03\DOODADS\VASHJIR\ROCKS\VJ_ROCKS_02.M2,doodad_model,3,patch-9.mpq:33_33|patch-c.mpq:33_33|patch-e.mpq:33_33
WORLD\EXPANSION03\DOODADS\VASHJIR\SEAMONSTER\VJ_SEAMONSTER_BONESSKULL_02.M2,doodad_model,7,patch-9.mpq:31_31|patch-9.mpq:31_32|patch-c.mpq:31_31|patch-c.mpq:31_32|patch-d.mpq:31_32|patch-e.mpq:31_31|patch-e.mpq:31_32
WORLD\EXPANSION03\DOODADS\VASHJIR\SEAMONSTER\VJ_SEAMONSTER_BONESSKULL_03.M2,doodad_model,7,patch-9.mpq:31_32|patch-9.mpq:33_33|patch-c.mpq:31_32|patch-c.mpq:33_33|patch-d.mpq:31_32|patch-e.mpq:31_32|patch-e.mpq:33_33
WORLD\EXPANSION03\DOODADS\VASHJIR\SEAMONSTER\VJ_SEAMONSTER_BONESSKULL_04.M2,doodad_model,6,patch-9.mpq:31_31|patch-9.mpq:33_33|patch-c.mpq:31_31|patch-c.mpq:33_33|patch-e.mpq:31_31|patch-e.mpq:33_33
WORLD\EXPANSION03\DOODADS\VASHJIR\SHELLS\VJ_GIANT_SHELLS08_TILT.M2,doodad_model,2,patch-9.mpq:32_34|patch-c.mpq:32_34
WORLD\EXPANSION03\DOODADS\VASHJIR\SHELLS\VJ_GIANT_SHELLS08.M2,doodad_model,6,patch-9.mpq:31_33|patch-9.mpq:32_33|patch-c.mpq:31_33|patch-c.mpq:32_33|patch-e.mpq:31_33|patch-e.mpq:32_33
WORLD\EXPANSION03\DOODADS\VASHJIR\SHELLS\VJ_GIANT_SHELLS09_BLUE.M2,doodad_model,10,patch-9.mpq:32_33|patch-9.mpq:33_30|patch-9.mpq:33_31|patch-c.mpq:32_33|patch-c.mpq:33_30|patch-c.mpq:33_31|patch-d.mpq:33_31|patch-e.mpq:32_33|patch-e.mpq:33_30|patch-e.mpq:33_31
WORLD\EXPANSION03\DOODADS\VASHJIR\SHELLS\VJ_GIANT_SHELLS09.M2,doodad_model,7,patch-9.mpq:31_31|patch-9.mpq:31_32|patch-c.mpq:31_31|patch-c.mpq:31_32|patch-d.mpq:31_32|patch-e.mpq:31_31|patch-e.mpq:31_32
WORLD\EXPANSION03\DOODADS\VASHJIR\SHELLS\VJ_GIANT_SHELLS10_ORANGE.M2,doodad_model,16,patch-9.mpq:31_30|patch-9.mpq:31_32|patch-9.mpq:31_33|patch-9.mpq:32_30|patch-9.mpq:32_33|patch-c.mpq:31_30|patch-c.mpq:31_32|patch-c.mpq:31_33|patch-c.mpq:32_30|patch-c.mpq:32_33|patch-d.mpq:31_32|patch-e.mpq:31_30|patch-e.mpq:31_32|patch-e.mpq:31_33|patch-e.mpq:32_30|patch-e.mpq:32_33
WORLD\EXPANSION03\DOODADS\VASHJIR\TUBEWORMS\VJ_GLOWINGTUBEWORMCLUSTER02.M2,doodad_model,9,patch-9.mpq:32_32|patch-9.mpq:32_33|patch-9.mpq:33_32|patch-c.mpq:32_32|patch-c.mpq:32_33|patch-c.mpq:33_32|patch-e.mpq:32_32|patch-e.mpq:32_33|patch-e.mpq:33_32
WORLD\EXPANSION03\DOODADS\VASHJIR\TUBEWORMS\VJ_GLOWINGTUBEWORMS01.M2,doodad_model,9,patch-9.mpq:32_32|patch-9.mpq:32_33|patch-9.mpq:33_32|patch-c.mpq:32_32|patch-c.mpq:32_33|patch-c.mpq:33_32|patch-e.mpq:32_32|patch-e.mpq:32_33|patch-e.mpq:33_32
WORLD\EXPANSION03\DOODADS\VASHJIR\TUBEWORMS\VJ_TUBEWORMCLUSTER04.M2,doodad_model,15,patch-9.mpq:32_32|patch-9.mpq:32_33|patch-9.mpq:33_32|patch-9.mpq:33_33|patch-9.mpq:34_33|patch-c.mpq:32_32|patch-c.mpq:32_33|patch-c.mpq:33_32|patch-c.mpq:33_33|patch-c.mpq:34_33|patch-e.mpq:32_32|patch-e.mpq:32_33|patch-e.mpq:33_32|patch-e.mpq:33_33|patch-e.mpq:34_33
WORLD\EXPANSION03\DOODADS\VASHJIR\VOLCANO\VJ_VOLCANICVENT05.M2,doodad_model,6,patch-9.mpq:31_33|patch-9.mpq:32_33|patch-c.mpq:31_33|patch-c.mpq:32_33|patch-e.mpq:31_33|patch-e.mpq:32_33
WORLD\EXPANSION03\DOODADS\VASHJIR\WHIRLPOOLS\VJ_WHIRLPOOL01.M2,doodad_model,7,patch-9.mpq:32_31|patch-9.mpq:32_32|patch-c.mpq:32_31|patch-c.mpq:32_32|patch-d.mpq:32_31|patch-e.mpq:32_31|patch-e.mpq:32_32
WORLD\EXPANSION06\DOODADS\ARAKNASHAL\7AN_ROCKSTACK_RUNES_B01.M2,doodad_model,7,patch-9.mpq:33_34|patch-9.mpq:34_33|patch-9.mpq:34_34|patch-c.mpq:33_34|patch-c.mpq:34_33|patch-c.mpq:34_34|patch-e.mpq:34_33
WORLD\EXPANSION06\DOODADS\ARAKNASHAL\7AN_ROCKSTACK_RUNES_C01.M2,doodad_model,7,patch-9.mpq:33_34|patch-9.mpq:34_33|patch-9.mpq:34_34|patch-c.mpq:33_34|patch-c.mpq:34_33|patch-c.mpq:34_34|patch-e.mpq:34_33
WORLD\EXPANSION06\DOODADS\ARAKNASHAL\7AN_ROCKSTACKCLUSTER_A01.M2,doodad_model,2,patch-9.mpq:34_34|patch-c.mpq:34_34
WORLD\EXPANSION06\DOODADS\ARAKNASHAL\7AN_ROCKSTACKCLUSTER_B01.M2,doodad_model,10,patch-9.mpq:33_33|patch-9.mpq:33_34|patch-9.mpq:34_33|patch-9.mpq:34_34|patch-c.mpq:33_33|patch-c.mpq:33_34|patch-c.mpq:34_33|patch-c.mpq:34_34|patch-e.mpq:33_33|patch-e.mpq:34_33
WORLD\EXPANSION06\DOODADS\ARAKNASHAL\7AN_ROCKSTACKCLUSTER_B02.M2,doodad_model,7,patch-9.mpq:33_34|patch-9.mpq:34_33|patch-9.mpq:34_34|patch-c.mpq:33_34|patch-c.mpq:34_33|patch-c.mpq:34_34|patch-e.mpq:34_33
WORLD\EXPANSION06\DOODADS\ARAKNASHAL\7AN_ROCKSTACKCLUSTER_C01.M2,doodad_model,10,patch-9.mpq:33_33|patch-9.mpq:33_34|patch-9.mpq:34_33|patch-9.mpq:34_34|patch-c.mpq:33_33|patch-c.mpq:33_34|patch-c.mpq:34_33|patch-c.mpq:34_34|patch-e.mpq:33_33|patch-e.mpq:34_33
WORLD\EXPANSION06\DOODADS\DUNGEON\DOODADS\7DU_HELHEIMRAID_HELYAROCK01.M2,doodad_model,2,patch-9.mpq:34_34|patch-c.mpq:34_34
WORLD\EXPANSION06\DOODADS\DUNGEON\DOODADS\7DU_TOMBOFSARGERAS_NAGATHRONE01.M2,doodad_model,4,patch-9.mpq:31_32|patch-c.mpq:31_32|patch-d.mpq:31_32|patch-e.mpq:31_32
WORLD\EXPANSION06\DOODADS\HIGHMOUNTAIN\7HM_LARGEROCK_B03.M2,doodad_model,10,patch-9.mpq:30_30|patch-9.mpq:30_31|patch-9.mpq:31_30|patch-9.mpq:31_31|patch-c.mpq:30_30|patch-c.mpq:30_31|patch-c.mpq:31_30|patch-c.mpq:31_31|patch-e.mpq:31_30|patch-e.mpq:31_31
WORLD\EXPANSION06\DOODADS\HIGHMOUNTAIN\7HM_ROCKSPIKE_B02.M2,doodad_model,2,patch-9.mpq:30_31|patch-c.mpq:30_31
WORLD\EXPANSION06\DOODADS\MURLOC\7MU_MURLOC_BARREL_DESTROYED.M2,doodad_model,7,patch-9.mpq:31_32|patch-9.mpq:31_33|patch-c.mpq:31_32|patch-c.mpq:31_33|patch-d.mpq:31_32|patch-e.mpq:31_32|patch-e.mpq:31_33
WORLD\EXPANSION06\DOODADS\MURLOC\7MU_MURLOC_BARREL01.M2,doodad_model,7,patch-9.mpq:31_32|patch-9.mpq:31_33|patch-c.mpq:31_32|patch-c.mpq:31_33|patch-d.mpq:31_32|patch-e.mpq:31_32|patch-e.mpq:31_33
WORLD\EXPANSION06\DOODADS\MURLOC\7MU_MURLOC_BARREL03.M2,doodad_model,3,patch-9.mpq:31_33|patch-c.mpq:31_33|patch-e.mpq:31_33
WORLD\EXPANSION06\DOODADS\MURLOC\7MU_MURLOC_BOATSHACK_DEBRIS01.M2,doodad_model,7,patch-9.mpq:31_32|patch-9.mpq:31_33|patch-c.mpq:31_32|patch-c.mpq:31_33|patch-d.mpq:31_32|patch-e.mpq:31_32|patch-e.mpq:31_33
WORLD\EXPANSION06\DOODADS\MURLOC\7MU_MURLOC_BOATSHACK_PLANK01.M2,doodad_model,7,patch-9.mpq:31_32|patch-9.mpq:31_33|patch-c.mpq:31_32|patch-c.mpq:31_33|patch-d.mpq:31_32|patch-e.mpq:31_32|patch-e.mpq:31_33
WORLD\EXPANSION06\DOODADS\MURLOC\7MU_MURLOC_BOATSHACK_PLANK02.M2,doodad_model,7,patch-9.mpq:31_32|patch-9.mpq:31_33|patch-c.mpq:31_32|patch-c.mpq:31_33|patch-d.mpq:31_32|patch-e.mpq:31_32|patch-e.mpq:31_33
WORLD\EXPANSION06\DOODADS\MURLOC\7MU_MURLOC_BOATSHACK01.M2,doodad_model,7,patch-9.mpq:31_32|patch-9.mpq:31_33|patch-c.mpq:31_32|patch-c.mpq:31_33|patch-d.mpq:31_32|patch-e.mpq:31_32|patch-e.mpq:31_33
WORLD\EXPANSION06\DOODADS\MURLOC\7MU_MURLOC_BOATSHACK02.M2,doodad_model,7,patch-9.mpq:31_32|patch-9.mpq:31_33|patch-c.mpq:31_32|patch-c.mpq:31_33|patch-d.mpq:31_32|patch-e.mpq:31_32|patch-e.mpq:31_33
WORLD\EXPANSION06\DOODADS\MURLOC\7MU_MURLOC_FOOD_CRAB02.M2,doodad_model,181,patch-9.mpq:28_28|patch-9.mpq:28_29|patch-9.mpq:28_30|patch-9.mpq:28_31|patch-9.mpq:28_32|patch-9.mpq:28_33|patch-9.mpq:28_34|patch-9.mpq:28_35|patch-9.mpq:28_36|patch-9.mpq:29_28|patch-9.mpq:29_29|patch-9.mpq:29_30|patch-9.mpq:29_31|patch-9.mpq:29_32|patch-9.mpq:29_33|patch-9.mpq:29_34|patch-9.mpq:29_35|patch-9.mpq:29_36|patch-9.mpq:30_28|patch-9.mpq:30_29|patch-9.mpq:30_30|patch-9.mpq:30_31|patch-9.mpq:30_32|patch-9.mpq:30_33|patch-9.mpq:30_34|patch-9.mpq:30_35|patch-9.mpq:30_36|patch-9.mpq:31_28|patch-9.mpq:31_29|patch-9.mpq:31_30|patch-9.mpq:31_31|patch-9.mpq:31_32|patch-9.mpq:31_33|patch-9.mpq:31_34|patch-9.mpq:31_35|patch-9.mpq:31_36|patch-9.mpq:32_28|patch-9.mpq:32_29|patch-9.mpq:32_30|patch-9.mpq:32_31|patch-9.mpq:32_32|patch-9.mpq:32_33|patch-9.mpq:32_34|patch-9.mpq:32_35|patch-9.mpq:32_36|patch-9.mpq:33_28|patch-9.mpq:33_29|patch-9.mpq:33_30|patch-9.mpq:33_31|patch-9.mpq:33_32|patch-9.mpq:33_33|patch-9.mpq:33_34|patch-9.mpq:33_35|patch-9.mpq:33_36|patch-9.mpq:34_28|patch-9.mpq:34_29|patch-9.mpq:34_30|patch-9.mpq:34_31|patch-9.mpq:34_32|patch-9.mpq:34_33|patch-9.mpq:34_34|patch-9.mpq:34_35|patch-9.mpq:34_36|patch-9.mpq:35_28|patch-9.mpq:35_29|patch-9.mpq:35_30|patch-9.mpq:35_31|patch-9.mpq:35_32|patch-9.mpq:35_33|patch-9.mpq:35_34|patch-9.mpq:35_35|patch-9.mpq:35_36|patch-9.mpq:36_28|patch-9.mpq:36_29|patch-9.mpq:36_30|patch-9.mpq:36_31|patch-9.mpq:36_32|patch-9.mpq:36_33|patch-9.mpq:36_34|patch-9.mpq:36_35|patch-9.mpq:36_36|patch-c.mpq:28_28|patch-c.mpq:28_29|patch-c.mpq:28_30|patch-c.mpq:28_31|patch-c.mpq:28_32|patch-c.mpq:28_33|patch-c.mpq:28_34|patch-c.mpq:28_35|patch-c.mpq:28_36|patch-c.mpq:29_28|patch-c.mpq:29_29|patch-c.mpq:29_30|patch-c.mpq:29_31|patch-c.mpq:29_32|patch-c.mpq:29_33|patch-c.mpq:29_34|patch-c.mpq:29_35|patch-c.mpq:29_36|patch-c.mpq:30_28|patch-c.mpq:30_29|patch-c.mpq:30_30|patch-c.mpq:30_31|patch-c.mpq:30_32|patch-c.mpq:30_33|patch-c.mpq:30_34|patch-c.mpq:30_35|patch-c.mpq:30_36|patch-c.mpq:31_28|patch-c.mpq:31_29|patch-c.mpq:31_30|patch-c.mpq:31_31|patch-c.mpq:31_32|patch-c.mpq:31_33|patch-c.mpq:31_34|patch-c.mpq:31_35|patch-c.mpq:31_36|patch-c.mpq:32_28|patch-c.mpq:32_29|patch-c.mpq:32_30|patch-c.mpq:32_31|patch-c.mpq:32_32|patch-c.mpq:32_33|patch-c.mpq:32_34|patch-c.mpq:32_35|patch-c.mpq:32_36|patch-c.mpq:33_28|patch-c.mpq:33_29|patch-c.mpq:33_30|patch-c.mpq:33_31|patch-c.mpq:33_32|patch-c.mpq:33_33|patch-c.mpq:33_34|patch-c.mpq:33_35|patch-c.mpq:33_36|patch-c.mpq:34_28|patch-c.mpq:34_29|patch-c.mpq:34_30|patch-c.mpq:34_31|patch-c.mpq:34_32|patch-c.mpq:34_33|patch-c.mpq:34_34|patch-c.mpq:34_35|patch-c.mpq:34_36|patch-c.mpq:35_28|patch-c.mpq:35_29|patch-c.mpq:35_30|patch-c.mpq:35_31|patch-c.mpq:35_32|patch-c.mpq:35_33|patch-c.mpq:35_34|patch-c.mpq:35_35|patch-c.mpq:35_36|patch-c.mpq:36_28|patch-c.mpq:36_29|patch-c.mpq:36_30|patch-c.mpq:36_31|patch-c.mpq:36_32|patch-c.mpq:36_33|patch-c.mpq:36_34|patch-c.mpq:36_35|patch-c.mpq:36_36|patch-d.mpq:31_32|patch-d.mpq:32_31|patch-d.mpq:33_31|patch-e.mpq:31_30|patch-e.mpq:31_31|patch-e.mpq:31_32|patch-e.mpq:31_33|patch-e.mpq:32_30|patch-e.mpq:32_31|patch-e.mpq:32_32|patch-e.mpq:32_33|patch-e.mpq:33_30|patch-e.mpq:33_31|patch-e.mpq:33_32|patch-e.mpq:33_33|patch-e.mpq:34_30|patch-e.mpq:34_31|patch-e.mpq:34_32|patch-e.mpq:34_33
WORLD\EXPANSION06\DOODADS\MURLOC\7MU_MURLOC_FOOD_FISH02.M2,doodad_model,7,patch-9.mpq:31_32|patch-9.mpq:31_33|patch-c.mpq:31_32|patch-c.mpq:31_33|patch-d.mpq:31_32|patch-e.mpq:31_32|patch-e.mpq:31_33
WORLD\EXPANSION06\DOODADS\MURLOC\7MU_MURLOC_FOOD_FISH03.M2,doodad_model,4,patch-9.mpq:31_32|patch-c.mpq:31_32|patch-d.mpq:31_32|patch-e.mpq:31_32
WORLD\EXPANSION06\DOODADS\MURLOC\7MU_MURLOC_FOOD_FISH04.M2,doodad_model,7,patch-9.mpq:31_32|patch-9.mpq:31_33|patch-c.mpq:31_32|patch-c.mpq:31_33|patch-d.mpq:31_32|patch-e.mpq:31_32|patch-e.mpq:31_33
WORLD\EXPANSION06\DOODADS\MURLOC\7MU_MURLOC_HANGINGTRINKET02.M2,doodad_model,4,patch-9.mpq:31_32|patch-c.mpq:31_32|patch-d.mpq:31_32|patch-e.mpq:31_32
WORLD\EXPANSION06\DOODADS\MURLOC\7MU_MURLOC_HUT01_EMPTY.M2,doodad_model,7,patch-9.mpq:31_32|patch-9.mpq:31_33|patch-c.mpq:31_32|patch-c.mpq:31_33|patch-d.mpq:31_32|patch-e.mpq:31_32|patch-e.mpq:31_33
WORLD\EXPANSION06\DOODADS\MURLOC\7MU_MURLOC_HUT02_EMPTY.M2,doodad_model,7,patch-9.mpq:31_32|patch-9.mpq:31_33|patch-c.mpq:31_32|patch-c.mpq:31_33|patch-d.mpq:31_32|patch-e.mpq:31_32|patch-e.mpq:31_33
WORLD\EXPANSION06\DOODADS\MURLOC\7MU_MURLOC_HUT02.M2,doodad_model,4,patch-9.mpq:31_32|patch-c.mpq:31_32|patch-d.mpq:31_32|patch-e.mpq:31_32
WORLD\EXPANSION06\DOODADS\MURLOC\7MU_MURLOC_HUT03.M2,doodad_model,7,patch-9.mpq:31_32|patch-9.mpq:31_33|patch-c.mpq:31_32|patch-c.mpq:31_33|patch-d.mpq:31_32|patch-e.mpq:31_32|patch-e.mpq:31_33
WORLD\EXPANSION06\DOODADS\MURLOC\7MU_MURLOC_JUNKPILE01.M2,doodad_model,7,patch-9.mpq:31_32|patch-9.mpq:31_33|patch-c.mpq:31_32|patch-c.mpq:31_33|patch-d.mpq:31_32|patch-e.mpq:31_32|patch-e.mpq:31_33
WORLD\EXPANSION06\DOODADS\MURLOC\7MU_MURLOC_JUNKPILE02.M2,doodad_model,7,patch-9.mpq:31_32|patch-9.mpq:31_33|patch-c.mpq:31_32|patch-c.mpq:31_33|patch-d.mpq:31_32|patch-e.mpq:31_32|patch-e.mpq:31_33
WORLD\EXPANSION06\DOODADS\MURLOC\7MU_MURLOC_JUNKPILE03.M2,doodad_model,10,patch-9.mpq:31_32|patch-9.mpq:31_33|patch-9.mpq:32_33|patch-c.mpq:31_32|patch-c.mpq:31_33|patch-c.mpq:32_33|patch-d.mpq:31_32|patch-e.mpq:31_32|patch-e.mpq:31_33|patch-e.mpq:32_33
WORLD\EXPANSION06\DOODADS\MURLOC\7MU_MURLOC_SHIPTOWER01.M2,doodad_model,7,patch-9.mpq:31_32|patch-9.mpq:31_33|patch-c.mpq:31_32|patch-c.mpq:31_33|patch-d.mpq:31_32|patch-e.mpq:31_32|patch-e.mpq:31_33
WORLD\EXPANSION06\DOODADS\MURLOC\7MU_MURLOC_SHIPTOWER02.M2,doodad_model,7,patch-9.mpq:31_32|patch-9.mpq:31_33|patch-c.mpq:31_32|patch-c.mpq:31_33|patch-d.mpq:31_32|patch-e.mpq:31_32|patch-e.mpq:31_33
WORLD\EXPANSION06\DOODADS\MURLOC\7MU_MURLOC_STANDARD01.M2,doodad_model,10,patch-9.mpq:31_32|patch-9.mpq:31_33|patch-9.mpq:32_33|patch-c.mpq:31_32|patch-c.mpq:31_33|patch-c.mpq:32_33|patch-d.mpq:31_32|patch-e.mpq:31_32|patch-e.mpq:31_33|patch-e.mpq:32_33
WORLD\EXPANSION06\DOODADS\MURLOC\7MU_MURLOC_TOOL_HAMMER.M2,doodad_model,4,patch-9.mpq:31_32|patch-c.mpq:31_32|patch-d.mpq:31_32|patch-e.mpq:31_32
WORLD\EXPANSION06\DOODADS\MURLOC\7MU_MURLOC_TORCH01.M2,doodad_model,3,patch-9.mpq:31_33|patch-c.mpq:31_33|patch-e.mpq:31_33
WORLD\EXPANSION06\DOODADS\MURLOC\7MU_MURLOC_TORCH02.M2,doodad_model,7,patch-9.mpq:31_32|patch-9.mpq:31_33|patch-c.mpq:31_32|patch-c.mpq:31_33|patch-d.mpq:31_32|patch-e.mpq:31_32|patch-e.mpq:31_33
WORLD\EXPANSION06\DOODADS\MURLOC\7MU_MURLOC_WEAPONRACK01.M2,doodad_model,7,patch-9.mpq:31_32|patch-9.mpq:31_33|patch-c.mpq:31_32|patch-c.mpq:31_33|patch-d.mpq:31_32|patch-e.mpq:31_32|patch-e.mpq:31_33
WORLD\EXPANSION06\DOODADS\MURLOC\7MU_MURLOC_WEAPONRACK02.M2,doodad_model,3,patch-9.mpq:32_33|patch-c.mpq:32_33|patch-e.mpq:32_33
WORLD\EXPANSION06\DOODADS\MURLOC\7MU_MURLOC_WEAPONRACK03.M2,doodad_model,3,patch-9.mpq:32_33|patch-c.mpq:32_33|patch-e.mpq:32_33
WORLD\EXPANSION06\DOODADS\NAGA\7NG_NAGA_BANNER01.M2,doodad_model,7,patch-9.mpq:32_31|patch-9.mpq:32_32|patch-c.mpq:32_31|patch-c.mpq:32_32|patch-d.mpq:32_31|patch-e.mpq:32_31|patch-e.mpq:32_32
WORLD\EXPANSION06\DOODADS\NAGA\7NG_NAGA_BARRICADE01.M2,doodad_model,16,patch-9.mpq:31_33|patch-9.mpq:32_31|patch-9.mpq:32_32|patch-9.mpq:32_33|patch-9.mpq:33_33|patch-c.mpq:31_33|patch-c.mpq:32_31|patch-c.mpq:32_32|patch-c.mpq:32_33|patch-c.mpq:33_33|patch-d.mpq:32_31|patch-e.mpq:31_33|patch-e.mpq:32_31|patch-e.mpq:32_32|patch-e.mpq:32_33|patch-e.mpq:33_33
WORLD\EXPANSION06\DOODADS\NAGA\7NG_NAGA_BARRICADE02.M2,doodad_model,3,patch-9.mpq:33_33|patch-c.mpq:33_33|patch-e.mpq:33_33
WORLD\EXPANSION06\DOODADS\NAGA\7NG_NAGA_CAGE.M2,doodad_model,19,patch-9.mpq:31_31|patch-9.mpq:31_33|patch-9.mpq:32_31|patch-9.mpq:32_32|patch-9.mpq:32_33|patch-9.mpq:33_33|patch-c.mpq:31_31|patch-c.mpq:31_33|patch-c.mpq:32_31|patch-c.mpq:32_32|patch-c.mpq:32_33|patch-c.mpq:33_33|patch-d.mpq:32_31|patch-e.mpq:31_31|patch-e.mpq:31_33|patch-e.mpq:32_31|patch-e.mpq:32_32|patch-e.mpq:32_33|patch-e.mpq:33_33
WORLD\EXPANSION06\DOODADS\NAGA\7NG_NAGA_CANNON.M2,doodad_model,10,patch-9.mpq:31_33|patch-9.mpq:32_31|patch-9.mpq:32_32|patch-c.mpq:31_33|patch-c.mpq:32_31|patch-c.mpq:32_32|patch-d.mpq:32_31|patch-e.mpq:31_33|patch-e.mpq:32_31|patch-e.mpq:32_32
WORLD\EXPANSION06\DOODADS\NAGA\7NG_NAGA_CHESTLARGE_OPEN01.M2,doodad_model,13,patch-9.mpq:31_33|patch-9.mpq:32_31|patch-9.mpq:32_32|patch-9.mpq:33_33|patch-c.mpq:31_33|patch-c.mpq:32_31|patch-c.mpq:32_32|patch-c.mpq:33_33|patch-d.mpq:32_31|patch-e.mpq:31_33|patch-e.mpq:32_31|patch-e.mpq:32_32|patch-e.mpq:33_33
WORLD\EXPANSION06\DOODADS\NAGA\7NG_NAGA_CHESTSMALL_CLOSED01.M2,doodad_model,9,patch-9.mpq:31_31|patch-9.mpq:31_33|patch-9.mpq:33_33|patch-c.mpq:31_31|patch-c.mpq:31_33|patch-c.mpq:33_33|patch-e.mpq:31_31|patch-e.mpq:31_33|patch-e.mpq:33_33
WORLD\EXPANSION06\DOODADS\NAGA\7NG_NAGA_CHESTSMALL_OPEN01.M2,doodad_model,9,patch-9.mpq:31_33|patch-9.mpq:33_32|patch-9.mpq:33_33|patch-c.mpq:31_33|patch-c.mpq:33_32|patch-c.mpq:33_33|patch-e.mpq:31_33|patch-e.mpq:33_32|patch-e.mpq:33_33
WORLD\EXPANSION06\DOODADS\NAGA\7NG_NAGA_HARPOON.M2,doodad_model,10,patch-9.mpq:31_33|patch-9.mpq:32_31|patch-9.mpq:32_32|patch-c.mpq:31_33|patch-c.mpq:32_31|patch-c.mpq:32_32|patch-d.mpq:32_31|patch-e.mpq:31_33|patch-e.mpq:32_31|patch-e.mpq:32_32
WORLD\EXPANSION06\DOODADS\NAGA\7NG_NAGA_INCUBATOR.M2,doodad_model,6,patch-9.mpq:31_31|patch-9.mpq:33_33|patch-c.mpq:31_31|patch-c.mpq:33_33|patch-e.mpq:31_31|patch-e.mpq:33_33
WORLD\EXPANSION06\DOODADS\NAGA\7NG_NAGA_JAR01.M2,doodad_model,3,patch-9.mpq:31_31|patch-c.mpq:31_31|patch-e.mpq:31_31
WORLD\EXPANSION06\DOODADS\NAGA\7NG_NAGA_NAUGILUS01.M2,doodad_model,6,patch-9.mpq:32_32|patch-9.mpq:32_33|patch-c.mpq:32_32|patch-c.mpq:32_33|patch-e.mpq:32_32|patch-e.mpq:32_33
WORLD\EXPANSION06\DOODADS\NAGA\7NG_NAGA_SHELL.M2,doodad_model,3,patch-9.mpq:31_31|patch-c.mpq:31_31|patch-e.mpq:31_31
WORLD\EXPANSION06\DOODADS\NAGA\7NG_NAGA_SUPPLIES01.M2,doodad_model,13,patch-9.mpq:31_31|patch-9.mpq:31_33|patch-9.mpq:32_31|patch-9.mpq:32_32|patch-c.mpq:31_31|patch-c.mpq:31_33|patch-c.mpq:32_31|patch-c.mpq:32_32|patch-d.mpq:32_31|patch-e.mpq:31_31|patch-e.mpq:31_33|patch-e.mpq:32_31|patch-e.mpq:32_32
WORLD\EXPANSION06\DOODADS\NAGA\7NG_NAGA_SUPPLIES02.M2,doodad_model,13,patch-9.mpq:31_33|patch-9.mpq:32_31|patch-9.mpq:32_32|patch-9.mpq:32_33|patch-c.mpq:31_33|patch-c.mpq:32_31|patch-c.mpq:32_32|patch-c.mpq:32_33|patch-d.mpq:32_31|patch-e.mpq:31_33|patch-e.mpq:32_31|patch-e.mpq:32_32|patch-e.mpq:32_33
WORLD\EXPANSION06\DOODADS\NAGA\7NG_NAGA_SUPPLIES03.M2,doodad_model,13,patch-9.mpq:31_33|patch-9.mpq:32_31|patch-9.mpq:32_32|patch-9.mpq:32_33|patch-c.mpq:31_33|patch-c.mpq:32_31|patch-c.mpq:32_32|patch-c.mpq:32_33|patch-d.mpq:32_31|patch-e.mpq:31_33|patch-e.mpq:32_31|patch-e.mpq:32_32|patch-e.mpq:32_33
WORLD\EXPANSION06\DOODADS\NAGA\7NG_NAGA_TORCH01_LIGHT.M2,doodad_model,12,patch-9.mpq:31_31|patch-9.mpq:31_33|patch-9.mpq:32_32|patch-9.mpq:32_33|patch-c.mpq:31_31|patch-c.mpq:31_33|patch-c.mpq:32_32|patch-c.mpq:32_33|patch-e.mpq:31_31|patch-e.mpq:31_33|patch-e.mpq:32_32|patch-e.mpq:32_33
WORLD\EXPANSION06\DOODADS\NAGA\7NG_NAGA_TRIDENT.M2,doodad_model,3,patch-9.mpq:33_33|patch-c.mpq:33_33|patch-e.mpq:33_33
WORLD\EXPANSION06\DOODADS\NAGA\7NG_NAGA_VASE.M2,doodad_model,6,patch-9.mpq:31_33|patch-9.mpq:33_33|patch-c.mpq:31_33|patch-c.mpq:33_33|patch-e.mpq:31_33|patch-e.mpq:33_33
WORLD\EXPANSION06\DOODADS\NAGA\7NG_NAGA_WEAPONCRATE_CLOSED01.M2,doodad_model,10,patch-9.mpq:31_31|patch-9.mpq:32_31|patch-9.mpq:32_32|patch-c.mpq:31_31|patch-c.mpq:32_31|patch-c.mpq:32_32|patch-d.mpq:32_31|patch-e.mpq:31_31|patch-e.mpq:32_31|patch-e.mpq:32_32
WORLD\EXPANSION06\DOODADS\NAGA\7NG_NAGA_WEAPONRACK01.M2,doodad_model,6,patch-9.mpq:31_33|patch-9.mpq:32_33|patch-c.mpq:31_33|patch-c.mpq:32_33|patch-e.mpq:31_33|patch-e.mpq:32_33
WORLD\EXPANSION06\DOODADS\NAGA\7NG_NAGA_WEAPONRACK02.M2,doodad_model,6,patch-9.mpq:31_33|patch-9.mpq:32_33|patch-c.mpq:31_33|patch-c.mpq:32_33|patch-e.mpq:31_33|patch-e.mpq:32_33
WORLD\EXPANSION06\DOODADS\SEAGIANT\7SG_SEAGIANT_ANCHOR_LAMP02.M2,doodad_model,7,patch-9.mpq:33_30|patch-9.mpq:33_31|patch-c.mpq:33_30|patch-c.mpq:33_31|patch-d.mpq:33_31|patch-e.mpq:33_30|patch-e.mpq:33_31
WORLD\EXPANSION06\DOODADS\SEAGIANT\7SG_SEAGIANT_ANCHOR_LAMP03.M2,doodad_model,11,patch-9.mpq:32_31|patch-9.mpq:33_30|patch-9.mpq:33_31|patch-c.mpq:32_31|patch-c.mpq:33_30|patch-c.mpq:33_31|patch-d.mpq:32_31|patch-d.mpq:33_31|patch-e.mpq:32_31|patch-e.mpq:33_30|patch-e.mpq:33_31
WORLD\EXPANSION06\DOODADS\SEAGIANT\7SG_SEAGIANT_ANCHOR01.M2,doodad_model,7,patch-9.mpq:33_30|patch-9.mpq:33_31|patch-c.mpq:33_30|patch-c.mpq:33_31|patch-d.mpq:33_31|patch-e.mpq:33_30|patch-e.mpq:33_31
WORLD\EXPANSION06\DOODADS\SEAGIANT\7SG_SEAGIANT_BROKENMAST01.M2,doodad_model,7,patch-9.mpq:33_30|patch-9.mpq:33_31|patch-c.mpq:33_30|patch-c.mpq:33_31|patch-d.mpq:33_31|patch-e.mpq:33_30|patch-e.mpq:33_31
WORLD\EXPANSION06\DOODADS\SEAGIANT\7SG_SEAGIANT_BROKENMAST02.M2,doodad_model,7,patch-9.mpq:33_30|patch-9.mpq:33_31|patch-c.mpq:33_30|patch-c.mpq:33_31|patch-d.mpq:33_31|patch-e.mpq:33_30|patch-e.mpq:33_31
WORLD\EXPANSION06\DOODADS\SEAGIANT\7SG_SEAGIANT_BROKENMAST03.M2,doodad_model,7,patch-9.mpq:33_30|patch-9.mpq:33_31|patch-c.mpq:33_30|patch-c.mpq:33_31|patch-d.mpq:33_31|patch-e.mpq:33_30|patch-e.mpq:33_31
WORLD\EXPANSION06\DOODADS\SEAGIANT\7SG_SEAGIANT_BROKENMAST04.M2,doodad_model,7,patch-9.mpq:33_30|patch-9.mpq:33_31|patch-c.mpq:33_30|patch-c.mpq:33_31|patch-d.mpq:33_31|patch-e.mpq:33_30|patch-e.mpq:33_31
WORLD\EXPANSION06\DOODADS\SEAGIANT\7SG_SEAGIANT_BROKENMAST05.M2,doodad_model,7,patch-9.mpq:33_30|patch-9.mpq:33_31|patch-c.mpq:33_30|patch-c.mpq:33_31|patch-d.mpq:33_31|patch-e.mpq:33_30|patch-e.mpq:33_31
WORLD\EXPANSION06\DOODADS\SEAGIANT\7SG_SEAGIANT_DEBRIS_PLANK01_FLOATING.M2,doodad_model,8,patch-9.mpq:32_31|patch-9.mpq:33_31|patch-c.mpq:32_31|patch-c.mpq:33_31|patch-d.mpq:32_31|patch-d.mpq:33_31|patch-e.mpq:32_31|patch-e.mpq:33_31
WORLD\EXPANSION06\DOODADS\SEAGIANT\7SG_SEAGIANT_DEBRIS_PLANK01.M2,doodad_model,4,patch-9.mpq:33_31|patch-c.mpq:33_31|patch-d.mpq:33_31|patch-e.mpq:33_31
WORLD\EXPANSION06\DOODADS\SEAGIANT\7SG_SEAGIANT_DEBRIS_PLANK02.M2,doodad_model,4,patch-9.mpq:33_31|patch-c.mpq:33_31|patch-d.mpq:33_31|patch-e.mpq:33_31
WORLD\EXPANSION06\DOODADS\SEAGIANT\7SG_SEAGIANT_DEBRIS_PLANK03.M2,doodad_model,7,patch-9.mpq:33_30|patch-9.mpq:33_31|patch-c.mpq:33_30|patch-c.mpq:33_31|patch-d.mpq:33_31|patch-e.mpq:33_30|patch-e.mpq:33_31
WORLD\EXPANSION06\DOODADS\SEAGIANT\7SG_SEAGIANT_DEBRIS01.M2,doodad_model,7,patch-9.mpq:33_30|patch-9.mpq:33_31|patch-c.mpq:33_30|patch-c.mpq:33_31|patch-d.mpq:33_31|patch-e.mpq:33_30|patch-e.mpq:33_31
WORLD\EXPANSION06\DOODADS\SEAGIANT\7SG_SEAGIANT_DEBRIS02.M2,doodad_model,7,patch-9.mpq:33_30|patch-9.mpq:33_31|patch-c.mpq:33_30|patch-c.mpq:33_31|patch-d.mpq:33_31|patch-e.mpq:33_30|patch-e.mpq:33_31
WORLD\EXPANSION06\DOODADS\SEAGIANT\7SG_SEAGIANT_DEBRIS03.M2,doodad_model,7,patch-9.mpq:33_30|patch-9.mpq:33_31|patch-c.mpq:33_30|patch-c.mpq:33_31|patch-d.mpq:33_31|patch-e.mpq:33_30|patch-e.mpq:33_31
WORLD\EXPANSION06\DOODADS\SEAGIANT\7SG_SEAGIANT_DEBRIS04.M2,doodad_model,4,patch-9.mpq:33_31|patch-c.mpq:33_31|patch-d.mpq:33_31|patch-e.mpq:33_31
WORLD\EXPANSION06\DOODADS\SEAGIANT\7SG_SEAGIANT_MASTTORCH03.M2,doodad_model,7,patch-9.mpq:33_30|patch-9.mpq:33_31|patch-c.mpq:33_30|patch-c.mpq:33_31|patch-d.mpq:33_31|patch-e.mpq:33_30|patch-e.mpq:33_31
WORLD\EXPANSION06\DOODADS\SEAGIANT\7SG_SEAGIANT_PIERPILING01.M2,doodad_model,11,patch-9.mpq:32_31|patch-9.mpq:33_30|patch-9.mpq:33_31|patch-c.mpq:32_31|patch-c.mpq:33_30|patch-c.mpq:33_31|patch-d.mpq:32_31|patch-d.mpq:33_31|patch-e.mpq:32_31|patch-e.mpq:33_30|patch-e.mpq:33_31
WORLD\EXPANSION06\DOODADS\SEAGIANT\7SG_SEAGIANT_PIERPILING02.M2,doodad_model,7,patch-9.mpq:33_30|patch-9.mpq:33_31|patch-c.mpq:33_30|patch-c.mpq:33_31|patch-d.mpq:33_31|patch-e.mpq:33_30|patch-e.mpq:33_31
WORLD\EXPANSION06\DOODADS\SEAGIANT\7SG_SEAGIANT_PIERPILING03.M2,doodad_model,4,patch-9.mpq:33_31|patch-c.mpq:33_31|patch-d.mpq:33_31|patch-e.mpq:33_31
WORLD\EXPANSION06\DOODADS\SEAGIANT\7SG_SEAGIANT_PIERPILING04.M2,doodad_model,4,patch-9.mpq:33_31|patch-c.mpq:33_31|patch-d.mpq:33_31|patch-e.mpq:33_31
WORLD\EXPANSION06\DOODADS\SEAGIANT\7SG_SEAGIANT_PIERPILING05.M2,doodad_model,7,patch-9.mpq:33_30|patch-9.mpq:33_31|patch-c.mpq:33_30|patch-c.mpq:33_31|patch-d.mpq:33_31|patch-e.mpq:33_30|patch-e.mpq:33_31
WORLD\EXPANSION06\DOODADS\SEAGIANT\7SG_SEAGIANT_PIERPILING06.M2,doodad_model,11,patch-9.mpq:32_31|patch-9.mpq:33_30|patch-9.mpq:33_31|patch-c.mpq:32_31|patch-c.mpq:33_30|patch-c.mpq:33_31|patch-d.mpq:32_31|patch-d.mpq:33_31|patch-e.mpq:32_31|patch-e.mpq:33_30|patch-e.mpq:33_31
WORLD\EXPANSION06\DOODADS\SEAGIANT\7SG_SEAGIANT_PIERPILING07.M2,doodad_model,11,patch-9.mpq:32_31|patch-9.mpq:33_30|patch-9.mpq:33_31|patch-c.mpq:32_31|patch-c.mpq:33_30|patch-c.mpq:33_31|patch-d.mpq:32_31|patch-d.mpq:33_31|patch-e.mpq:32_31|patch-e.mpq:33_30|patch-e.mpq:33_31
WORLD\EXPANSION06\DOODADS\SEAGIANT\7SG_SEAGIANT_POLE01.M2,doodad_model,8,patch-9.mpq:32_31|patch-9.mpq:33_31|patch-c.mpq:32_31|patch-c.mpq:33_31|patch-d.mpq:32_31|patch-d.mpq:33_31|patch-e.mpq:32_31|patch-e.mpq:33_31
WORLD\EXPANSION06\DOODADS\SEAGIANT\7SG_SEAGIANT_POLE02.M2,doodad_model,4,patch-9.mpq:33_31|patch-c.mpq:33_31|patch-d.mpq:33_31|patch-e.mpq:33_31
WORLD\EXPANSION06\DOODADS\SEAGIANT\7SG_SEAGIANT_SHIPLANTERN01_HANGING01.M2,doodad_model,7,patch-9.mpq:33_30|patch-9.mpq:33_31|patch-c.mpq:33_30|patch-c.mpq:33_31|patch-d.mpq:33_31|patch-e.mpq:33_30|patch-e.mpq:33_31
WORLD\EXPANSION06\DOODADS\SEAGIANT\7SG_SEAGIANT_SHIPLANTERN01_UNLIT.M2,doodad_model,4,patch-9.mpq:33_31|patch-c.mpq:33_31|patch-d.mpq:33_31|patch-e.mpq:33_31
WORLD\EXPANSION06\DOODADS\SEAGIANT\7SG_SEAGIANT_SHIPLANTERN02_UNLIT.M2,doodad_model,7,patch-9.mpq:33_30|patch-9.mpq:33_31|patch-c.mpq:33_30|patch-c.mpq:33_31|patch-d.mpq:33_31|patch-e.mpq:33_30|patch-e.mpq:33_31
WORLD\EXPANSION06\DOODADS\SEAGIANT\7SG_SEAGIANT_SLAVEWEAPONS01.M2,doodad_model,7,patch-9.mpq:33_30|patch-9.mpq:33_31|patch-c.mpq:33_30|patch-c.mpq:33_31|patch-d.mpq:33_31|patch-e.mpq:33_30|patch-e.mpq:33_31
WORLD\EXPANSION06\DOODADS\SEAGIANT\7SG_SEAGIANT_TATTEREDSAIL03.M2,doodad_model,7,patch-9.mpq:33_30|patch-9.mpq:33_31|patch-c.mpq:33_30|patch-c.mpq:33_31|patch-d.mpq:33_31|patch-e.mpq:33_30|patch-e.mpq:33_31
WORLD\EXPANSION06\DOODADS\SEAGIANT\7SG_SEAGIANT_WEAPON01.M2,doodad_model,7,patch-9.mpq:33_30|patch-9.mpq:33_31|patch-c.mpq:33_30|patch-c.mpq:33_31|patch-d.mpq:33_31|patch-e.mpq:33_30|patch-e.mpq:33_31
WORLD\EXPANSION06\DOODADS\SEAGIANT\7SG_SEAGIANT_WEAPON02.M2,doodad_model,7,patch-9.mpq:33_30|patch-9.mpq:33_31|patch-c.mpq:33_30|patch-c.mpq:33_31|patch-d.mpq:33_31|patch-e.mpq:33_30|patch-e.mpq:33_31
WORLD\EXPANSION06\DOODADS\SEAGIANT\7SG_SEAGIANT_WEAPON03.M2,doodad_model,4,patch-9.mpq:33_31|patch-c.mpq:33_31|patch-d.mpq:33_31|patch-e.mpq:33_31
WORLD\EXPANSION06\DOODADS\SEAGIANT\7SG_SEAGIANT_WEAPONRACK01.M2,doodad_model,7,patch-9.mpq:33_30|patch-9.mpq:33_31|patch-c.mpq:33_30|patch-c.mpq:33_31|patch-d.mpq:33_31|patch-e.mpq:33_30|patch-e.mpq:33_31
WORLD\EXPANSION06\DOODADS\SEAGIANT\7SG_SEAGIANT_WEAPONRACK02.M2,doodad_model,7,patch-9.mpq:33_30|patch-9.mpq:33_31|patch-c.mpq:33_30|patch-c.mpq:33_31|patch-d.mpq:33_31|patch-e.mpq:33_30|patch-e.mpq:33_31
WORLD\EXPANSION06\DOODADS\VRYKUL\7VR_VRYKUL_BONE02.M2,doodad_model,7,patch-9.mpq:33_34|patch-9.mpq:34_33|patch-9.mpq:34_34|patch-c.mpq:33_34|patch-c.mpq:34_33|patch-c.mpq:34_34|patch-e.mpq:34_33
WORLD\EXPANSION06\DOODADS\VRYKUL\7VR_VRYKUL_BONEPILE01.M2,doodad_model,4,patch-9.mpq:33_34|patch-9.mpq:34_34|patch-c.mpq:33_34|patch-c.mpq:34_34
WORLD\EXPANSION06\DOODADS\VRYKUL\7VR_VRYKUL_BONEPILE02.M2,doodad_model,7,patch-9.mpq:33_34|patch-9.mpq:34_33|patch-9.mpq:34_34|patch-c.mpq:33_34|patch-c.mpq:34_33|patch-c.mpq:34_34|patch-e.mpq:34_33
WORLD\EXPANSION06\DOODADS\VRYKUL\7VR_VRYKUL_BONEPILE03.M2,doodad_model,4,patch-9.mpq:33_34|patch-9.mpq:34_34|patch-c.mpq:33_34|patch-c.mpq:34_34
WORLD\EXPANSION06\DOODADS\VRYKUL\7VR_VRYKUL_GIBBET.M2,doodad_model,4,patch-9.mpq:33_34|patch-9.mpq:34_34|patch-c.mpq:33_34|patch-c.mpq:34_34
WORLD\EXPANSION06\DOODADS\VRYKUL\7VR_VRYKUL_GIBBET01.M2,doodad_model,4,patch-9.mpq:33_34|patch-9.mpq:34_34|patch-c.mpq:33_34|patch-c.mpq:34_34
WORLD\EXPANSION06\DOODADS\VRYKUL\7VR_VRYKUL_RUNEROCK01.M2,doodad_model,7,patch-9.mpq:33_34|patch-9.mpq:34_33|patch-9.mpq:34_34|patch-c.mpq:33_34|patch-c.mpq:34_33|patch-c.mpq:34_34|patch-e.mpq:34_33
WORLD\EXPANSION06\DOODADS\VRYKUL\7VR_VRYKUL_RUNEROCK02.M2,doodad_model,7,patch-9.mpq:33_34|patch-9.mpq:34_33|patch-9.mpq:34_34|patch-c.mpq:33_34|patch-c.mpq:34_33|patch-c.mpq:34_34|patch-e.mpq:34_33
WORLD\EXPANSION06\DOODADS\VRYKUL\7VR_VRYKUL_RUNEROCK03.M2,doodad_model,7,patch-9.mpq:33_34|patch-9.mpq:34_33|patch-9.mpq:34_34|patch-c.mpq:33_34|patch-c.mpq:34_33|patch-c.mpq:34_34|patch-e.mpq:34_33
WORLD\GENERIC\MAKURA\PASSIVE DOODADS\MAKURASHELLS\MAKURASHELLS01.M2,doodad_model,3,patch-9.mpq:32_33|patch-c.mpq:32_33|patch-e.mpq:32_33
WORLD\GENERIC\MAKURA\PASSIVE DOODADS\MAKURASHELLS\MAKURASHELLS06.M2,doodad_model,6,patch-9.mpq:32_32|patch-9.mpq:32_33|patch-c.mpq:32_32|patch-c.mpq:32_33|patch-e.mpq:32_32|patch-e.mpq:32_33
WORLD\GENERIC\MAKURA\PASSIVE DOODADS\MAKURASHELLS\MAKURASHELLS07.M2,doodad_model,3,patch-9.mpq:32_33|patch-c.mpq:32_33|patch-e.mpq:32_33
WORLD\GENERIC\NIGHTELF\PASSIVE DOODADS\RUINS\AZRELFRUIN_UW01.M2,doodad_model,20,patch-9.mpq:31_31|patch-9.mpq:31_33|patch-9.mpq:32_31|patch-9.mpq:32_32|patch-9.mpq:32_33|patch-9.mpq:33_31|patch-c.mpq:31_31|patch-c.mpq:31_33|patch-c.mpq:32_31|patch-c.mpq:32_32|patch-c.mpq:32_33|patch-c.mpq:33_31|patch-d.mpq:32_31|patch-d.mpq:33_31|patch-e.mpq:31_31|patch-e.mpq:31_33|patch-e.mpq:32_31|patch-e.mpq:32_32|patch-e.mpq:32_33|patch-e.mpq:33_31
WORLD\GENERIC\NIGHTELF\PASSIVE DOODADS\RUINS\AZRELFRUIN_UW03.M2,doodad_model,11,patch-9.mpq:32_31|patch-9.mpq:33_31|patch-9.mpq:33_32|patch-c.mpq:32_31|patch-c.mpq:33_31|patch-c.mpq:33_32|patch-d.mpq:32_31|patch-d.mpq:33_31|patch-e.mpq:32_31|patch-e.mpq:33_31|patch-e.mpq:33_32
WORLD\GENERIC\NIGHTELF\PASSIVE DOODADS\RUINS\AZRELFRUIN_UW04.M2,doodad_model,10,patch-9.mpq:31_33|patch-9.mpq:32_33|patch-9.mpq:33_31|patch-c.mpq:31_33|patch-c.mpq:32_33|patch-c.mpq:33_31|patch-d.mpq:33_31|patch-e.mpq:31_33|patch-e.mpq:32_33|patch-e.mpq:33_31
WORLD\GENERIC\NIGHTELF\PASSIVE DOODADS\RUINS\AZRELFRUIN_UW07.M2,doodad_model,27,patch-9.mpq:31_31|patch-9.mpq:31_32|patch-9.mpq:31_33|patch-9.mpq:32_31|patch-9.mpq:32_32|patch-9.mpq:32_33|patch-9.mpq:33_31|patch-9.mpq:33_32|patch-c.mpq:31_31|patch-c.mpq:31_32|patch-c.mpq:31_33|patch-c.mpq:32_31|patch-c.mpq:32_32|patch-c.mpq:32_33|patch-c.mpq:33_31|patch-c.mpq:33_32|patch-d.mpq:31_32|patch-d.mpq:32_31|patch-d.mpq:33_31|patch-e.mpq:31_31|patch-e.mpq:31_32|patch-e.mpq:31_33|patch-e.mpq:32_31|patch-e.mpq:32_32|patch-e.mpq:32_33|patch-e.mpq:33_31|patch-e.mpq:33_32
WORLD\GENERIC\NIGHTELF\PASSIVE DOODADS\RUINS\AZRELFRUIN_UW08.M2,doodad_model,17,patch-9.mpq:31_31|patch-9.mpq:31_33|patch-9.mpq:32_31|patch-9.mpq:32_32|patch-9.mpq:33_31|patch-c.mpq:31_31|patch-c.mpq:31_33|patch-c.mpq:32_31|patch-c.mpq:32_32|patch-c.mpq:33_31|patch-d.mpq:32_31|patch-d.mpq:33_31|patch-e.mpq:31_31|patch-e.mpq:31_33|patch-e.mpq:32_31|patch-e.mpq:32_32|patch-e.mpq:33_31
WORLD\GENERIC\NIGHTELF\PASSIVE DOODADS\RUINS\AZRELFRUIN_UW09.M2,doodad_model,23,patch-9.mpq:31_31|patch-9.mpq:31_33|patch-9.mpq:32_31|patch-9.mpq:32_32|patch-9.mpq:32_33|patch-9.mpq:33_31|patch-9.mpq:33_32|patch-c.mpq:31_31|patch-c.mpq:31_33|patch-c.mpq:32_31|patch-c.mpq:32_32|patch-c.mpq:32_33|patch-c.mpq:33_31|patch-c.mpq:33_32|patch-d.mpq:32_31|patch-d.mpq:33_31|patch-e.mpq:31_31|patch-e.mpq:31_33|patch-e.mpq:32_31|patch-e.mpq:32_32|patch-e.mpq:32_33|patch-e.mpq:33_31|patch-e.mpq:33_32
WORLD\GENERIC\NIGHTELF\PASSIVE DOODADS\RUINS\AZRELFRUIN_UW10.M2,doodad_model,27,patch-9.mpq:31_31|patch-9.mpq:31_32|patch-9.mpq:31_33|patch-9.mpq:32_31|patch-9.mpq:32_32|patch-9.mpq:32_33|patch-9.mpq:33_31|patch-9.mpq:33_32|patch-c.mpq:31_31|patch-c.mpq:31_32|patch-c.mpq:31_33|patch-c.mpq:32_31|patch-c.mpq:32_32|patch-c.mpq:32_33|patch-c.mpq:33_31|patch-c.mpq:33_32|patch-d.mpq:31_32|patch-d.mpq:32_31|patch-d.mpq:33_31|patch-e.mpq:31_31|patch-e.mpq:31_32|patch-e.mpq:31_33|patch-e.mpq:32_31|patch-e.mpq:32_32|patch-e.mpq:32_33|patch-e.mpq:33_31|patch-e.mpq:33_32
WORLD\GENERIC\NIGHTELF\PASSIVE DOODADS\STATUES\STATUEASZHARAARM.M2,doodad_model,4,patch-9.mpq:33_31|patch-c.mpq:33_31|patch-d.mpq:33_31|patch-e.mpq:33_31
WORLD\GENERIC\NIGHTELF\PASSIVE DOODADS\STATUES\STATUEASZHARAHEAD.M2,doodad_model,4,patch-9.mpq:33_31|patch-c.mpq:33_31|patch-d.mpq:33_31|patch-e.mpq:33_31
WORLD\GENERIC\PASSIVEDOODADS\DEATHSKELETONS\NAGAFEMALEDEATHSKELETON.M2,doodad_model,3,patch-9.mpq:33_33|patch-c.mpq:33_33|patch-e.mpq:33_33
WORLD\GENERIC\PASSIVEDOODADS\DEATHSKELETONS\NAGAMALEDEATHSKELETON.M2,doodad_model,3,patch-9.mpq:33_33|patch-c.mpq:33_33|patch-e.mpq:33_33
WORLD\GENERIC\PASSIVEDOODADS\FISH\FISH_FELBLOOD_SNAPPA.M2,doodad_model,9,patch-9.mpq:32_32|patch-9.mpq:32_33|patch-9.mpq:33_32|patch-c.mpq:32_32|patch-c.mpq:32_33|patch-c.mpq:33_32|patch-e.mpq:32_32|patch-e.mpq:32_33|patch-e.mpq:33_32
WORLD\GENERIC\PASSIVEDOODADS\FISH\FISHSCHOOL_05.M2,doodad_model,22,patch-9.mpq:31_31|patch-9.mpq:31_32|patch-9.mpq:31_33|patch-9.mpq:31_34|patch-9.mpq:32_31|patch-9.mpq:32_32|patch-9.mpq:32_33|patch-c.mpq:31_31|patch-c.mpq:31_32|patch-c.mpq:31_33|patch-c.mpq:31_34|patch-c.mpq:32_31|patch-c.mpq:32_32|patch-c.mpq:32_33|patch-d.mpq:31_32|patch-d.mpq:32_31|patch-e.mpq:31_31|patch-e.mpq:31_32|patch-e.mpq:31_33|patch-e.mpq:32_31|patch-e.mpq:32_32|patch-e.mpq:32_33
WORLD\GENERIC\PASSIVEDOODADS\PLAINRUNE\RUNESTONE.M2,doodad_model,2,patch-9.mpq:34_34|patch-c.mpq:34_34
WORLD\GENERIC\PVP\COLLISIONWALL\COLLISION.WMO,wmo,7,patch-9.mpq:32_31|patch-9.mpq:32_32|patch-c.mpq:32_31|patch-c.mpq:32_32|patch-d.mpq:32_31|patch-e.mpq:32_31|patch-e.mpq:32_32
WORLD\GENERIC\PVP\COLLISIONWALL\COLLISIONWALLPVP02.M2,doodad_model,7,patch-9.mpq:32_31|patch-9.mpq:32_32|patch-c.mpq:32_31|patch-c.mpq:32_32|patch-d.mpq:32_31|patch-e.mpq:32_31|patch-e.mpq:32_32
WORLD\GENERIC\UNDEAD\PASSIVE DOODADS\UNDEADALCHEMYTABLE\UNDEAD_ALCHEMY_TABLE.M2,doodad_model,3,patch-9.mpq:31_31|patch-c.mpq:31_31|patch-e.mpq:31_31
WORLD\KALIMDOR\ASHENVALE\PASSIVEDOODADS\SATYRRUINS\RUINSSATYRALTPILLAR01.M2,doodad_model,5,patch-9.mpq:30_31|patch-9.mpq:31_31|patch-c.mpq:30_31|patch-c.mpq:31_31|patch-e.mpq:31_31
WORLD\KALIMDOR\ASHENVALE\PASSIVEDOODADS\SATYRRUINS\RUINSSATYRARCH.M2,doodad_model,2,patch-9.mpq:30_31|patch-c.mpq:30_31
WORLD\KALIMDOR\ASHENVALE\PASSIVEDOODADS\SATYRRUINS\RUINSSATYRWALL01.M2,doodad_model,4,patch-9.mpq:30_31|patch-9.mpq:30_32|patch-c.mpq:30_31|patch-c.mpq:30_32
WORLD\KALIMDOR\ASHENVALE\PASSIVEDOODADS\SATYRRUINS\RUINSSATYRWALL02.M2,doodad_model,5,patch-9.mpq:30_31|patch-9.mpq:31_31|patch-c.mpq:30_31|patch-c.mpq:31_31|patch-e.mpq:31_31
WORLD\KALIMDOR\ASHENVALE\PASSIVEDOODADS\SATYRRUINS\RUINSSATYRWALL03.M2,doodad_model,2,patch-9.mpq:30_31|patch-c.mpq:30_31
WORLD\KALIMDOR\ASHENVALE\PASSIVEDOODADS\SATYRRUINS\RUINSSATYRWALL04.M2,doodad_model,2,patch-9.mpq:30_31|patch-c.mpq:30_31
WORLD\KALIMDOR\ASHENVALE\PASSIVEDOODADS\SATYRRUINS\RUINSSATYRWALL06.M2,doodad_model,2,patch-9.mpq:30_31|patch-c.mpq:30_31
WORLD\KALIMDOR\ASHENVALE\PASSIVEDOODADS\SHRINES\NESHRINESATYR.M2,doodad_model,2,patch-9.mpq:30_31|patch-c.mpq:30_31
WORLD\KALIMDOR\DARKSHORE\GIANTSEATURTLE\GIANTSEATURTLE03.M2,doodad_model,6,patch-9.mpq:32_33|patch-9.mpq:33_30|patch-c.mpq:32_33|patch-c.mpq:33_30|patch-e.mpq:32_33|patch-e.mpq:33_30
WORLD\KALIMDOR\DARKSHORE\GIANTSEATURTLE\GIANTSEATURTLE04.M2,doodad_model,3,patch-9.mpq:32_33|patch-c.mpq:32_33|patch-e.mpq:32_33
WORLD\KALIMDOR\DARKSHORE\GIANTSNAKESKULLS\SNAKESKULLGIANT.M2,doodad_model,3,patch-9.mpq:32_33|patch-c.mpq:32_33|patch-e.mpq:32_33
WORLD\KALIMDOR\DARKSHORE\GIANTSNAKESPINES\SNAKESPINEGIANT01.M2,doodad_model,3,patch-9.mpq:31_33|patch-c.mpq:31_33|patch-e.mpq:31_33
WORLD\KALIMDOR\DARKSHORE\GIANTSNAKESPINES\SNAKESPINEGIANT02.M2,doodad_model,6,patch-9.mpq:31_33|patch-9.mpq:32_33|patch-c.mpq:31_33|patch-c.mpq:32_33|patch-e.mpq:31_33|patch-e.mpq:32_33
WORLD\KALIMDOR\DARKSHORE\PASSIVEDOODADS\SEAMONSTERCARCASS\DARKSHORESEAMONSTER01.M2,doodad_model,7,patch-9.mpq:31_31|patch-9.mpq:31_32|patch-c.mpq:31_31|patch-c.mpq:31_32|patch-d.mpq:31_32|patch-e.mpq:31_31|patch-e.mpq:31_32
WORLD\KALIMDOR\DARKSHORE\THRESHADONCORPSE\DARKSHORETHRESHADONCORPSE.M2,doodad_model,7,patch-9.mpq:31_31|patch-9.mpq:31_32|patch-c.mpq:31_31|patch-c.mpq:31_32|patch-d.mpq:31_32|patch-e.mpq:31_31|patch-e.mpq:31_32
WORLD\KALIMDOR\DESOLACE\PASSIVEDOODADS\ROCKS\DESOLACEROCK04.M2,doodad_model,4,patch-9.mpq:31_32|patch-c.mpq:31_32|patch-d.mpq:31_32|patch-e.mpq:31_32
WORLD\KALIMDOR\GENERIC\PASSIVEDOODADS\ELEVENDESTORYERWRECKBACK\ELVENDESTROYERWRECKBACK.M2,doodad_model,3,patch-9.mpq:32_33|patch-c.mpq:32_33|patch-e.mpq:32_33
WORLD\KALIMDOR\GENERIC\PASSIVEDOODADS\ELEVENDESTORYERWRECKFRONT\ELVENDESTROYERWRECKFRONT.M2,doodad_model,3,patch-9.mpq:33_33|patch-c.mpq:33_33|patch-e.mpq:33_33
WORLD\KALIMDOR\GENERIC\PASSIVEDOODADS\ELEVENDESTORYERWRECKSAILS\ELVENDESTROYERWRECKSAILS.M2,doodad_model,6,patch-9.mpq:32_33|patch-9.mpq:33_33|patch-c.mpq:32_33|patch-c.mpq:33_33|patch-e.mpq:32_33|patch-e.mpq:33_33
WORLD\KALIMDOR\SILITHUS\PASSIVEDOODADS\TWILIGHTTABLET\TWILIGHTTABLETUPPER.M2,doodad_model,5,patch-9.mpq:34_33|patch-9.mpq:34_34|patch-c.mpq:34_33|patch-c.mpq:34_34|patch-e.mpq:34_33
WORLD\NODXT\DETAIL\TU_GRA01.M2,doodad_model,2,patch-9.mpq:30_33|patch-c.mpq:30_33
WORLD\SKILLACTIVATED\TRADESKILLNODES\BLACKROCK_MININGNODE_NORMAL.M2,doodad_model,7,patch-9.mpq:33_34|patch-9.mpq:34_33|patch-9.mpq:34_34|patch-c.mpq:33_34|patch-c.mpq:34_33|patch-c.mpq:34_34|patch-e.mpq:34_33
WORLD\SKILLACTIVATED\TRADESKILLNODES\BLACKROCK_MININGNODE_RICH.M2,doodad_model,7,patch-9.mpq:33_34|patch-9.mpq:34_33|patch-9.mpq:34_34|patch-c.mpq:33_34|patch-c.mpq:34_33|patch-c.mpq:34_34|patch-e.mpq:34_33
WORLD\WMO\BROKENISLES\ARAKNASHAL\7AN_MOUNTAINCAVE_MEDIUM01.WMO,wmo,6,patch-9.mpq:32_32|patch-9.mpq:33_32|patch-c.mpq:32_32|patch-c.mpq:33_32|patch-e.mpq:32_32|patch-e.mpq:33_32
WORLD\WMO\BROKENISLES\MURLOC\7MU_MURLOC_HUTCLUSTER01.WMO,wmo,7,patch-9.mpq:31_32|patch-9.mpq:31_33|patch-c.mpq:31_32|patch-c.mpq:31_33|patch-d.mpq:31_32|patch-e.mpq:31_32|patch-e.mpq:31_33
WORLD\WMO\BROKENISLES\MURLOC\7MU_MURLOC_HUTCLUSTER02.WMO,wmo,4,patch-9.mpq:31_32|patch-c.mpq:31_32|patch-d.mpq:31_32|patch-e.mpq:31_32
WORLD\WMO\BROKENISLES\MURLOC\7MU_MURLOC_HUTCLUSTER03.WMO,wmo,7,patch-9.mpq:31_32|patch-9.mpq:31_33|patch-c.mpq:31_32|patch-c.mpq:31_33|patch-d.mpq:31_32|patch-e.mpq:31_32|patch-e.mpq:31_33
WORLD\WMO\BROKENISLES\NIGHTELF\7NG_NAGA_TENT03.WMO,wmo,12,patch-9.mpq:31_33|patch-9.mpq:32_33|patch-9.mpq:33_32|patch-9.mpq:33_33|patch-c.mpq:31_33|patch-c.mpq:32_33|patch-c.mpq:33_32|patch-c.mpq:33_33|patch-e.mpq:31_33|patch-e.mpq:32_33|patch-e.mpq:33_32|patch-e.mpq:33_33
WORLD\WMO\BROKENISLES\NIGHTELF\7NG_NAGA_TENT04.WMO,wmo,16,patch-9.mpq:31_33|patch-9.mpq:32_31|patch-9.mpq:32_32|patch-9.mpq:32_33|patch-9.mpq:33_33|patch-c.mpq:31_33|patch-c.mpq:32_31|patch-c.mpq:32_32|patch-c.mpq:32_33|patch-c.mpq:33_33|patch-d.mpq:32_31|patch-e.mpq:31_33|patch-e.mpq:32_31|patch-e.mpq:32_32|patch-e.mpq:32_33|patch-e.mpq:33_33
WORLD\WMO\BROKENISLES\NIGHTELF\7NG_NAGA_TENTLARGE01.WMO,wmo,6,patch-9.mpq:31_33|patch-9.mpq:32_32|patch-c.mpq:31_33|patch-c.mpq:32_32|patch-e.mpq:31_33|patch-e.mpq:32_32
WORLD\WMO\CATACLYSM\VASHJIR\BUILDINGS\VASHJIR_NIGHTELF_BROKEN_BRIDGE.WMO,wmo,14,patch-9.mpq:31_31|patch-9.mpq:31_32|patch-9.mpq:32_31|patch-9.mpq:32_32|patch-c.mpq:31_31|patch-c.mpq:31_32|patch-c.mpq:32_31|patch-c.mpq:32_32|patch-d.mpq:31_32|patch-d.mpq:32_31|patch-e.mpq:31_31|patch-e.mpq:31_32|patch-e.mpq:32_31|patch-e.mpq:32_32
WORLD\WMO\CATACLYSM\VASHJIR\BUILDINGS\VASHJIR_PALACE_BUILDINGS.WMO,wmo,14,patch-9.mpq:32_31|patch-9.mpq:32_32|patch-9.mpq:33_31|patch-9.mpq:33_32|patch-c.mpq:32_31|patch-c.mpq:32_32|patch-c.mpq:33_31|patch-c.mpq:33_32|patch-d.mpq:32_31|patch-d.mpq:33_31|patch-e.mpq:32_31|patch-e.mpq:32_32|patch-e.mpq:33_31|patch-e.mpq:33_32
WORLD\WMO\CATACLYSM\VASHJIR\CAVES\VASHJIR_SMALL_CAVE.WMO,wmo,11,patch-9.mpq:32_31|patch-9.mpq:33_31|patch-9.mpq:33_33|patch-c.mpq:32_31|patch-c.mpq:33_31|patch-c.mpq:33_33|patch-d.mpq:32_31|patch-d.mpq:33_31|patch-e.mpq:32_31|patch-e.mpq:33_31|patch-e.mpq:33_33
WORLD\WMO\CATACLYSM\VASHJIR\CAVES\VASHJIRLARGECAVE_A.WMO,wmo,26,patch-9.mpq:30_30|patch-9.mpq:30_31|patch-9.mpq:30_32|patch-9.mpq:31_30|patch-9.mpq:31_31|patch-9.mpq:31_32|patch-9.mpq:32_30|patch-9.mpq:32_31|patch-9.mpq:32_32|patch-c.mpq:30_30|patch-c.mpq:30_31|patch-c.mpq:30_32|patch-c.mpq:31_30|patch-c.mpq:31_31|patch-c.mpq:31_32|patch-c.mpq:32_30|patch-c.mpq:32_31|patch-c.mpq:32_32|patch-d.mpq:31_32|patch-d.mpq:32_31|patch-e.mpq:31_30|patch-e.mpq:31_31|patch-e.mpq:31_32|patch-e.mpq:32_30|patch-e.mpq:32_31|patch-e.mpq:32_32
WORLD\WMO\DUNGEON\BOREANMAGNATAURMICRO\BOREANMAGNATAURMICRO_1ROOM.WMO,wmo,10,patch-9.mpq:33_33|patch-9.mpq:33_34|patch-9.mpq:34_33|patch-9.mpq:34_34|patch-c.mpq:33_33|patch-c.mpq:33_34|patch-c.mpq:34_33|patch-c.mpq:34_34|patch-e.mpq:33_33|patch-e.mpq:34_33
WORLD\WMO\DUNGEON\MD_MOUNTAINCAVE\MD_MUSHROOMCAVE07.WMO,wmo,4,patch-9.mpq:31_32|patch-c.mpq:31_32|patch-d.mpq:31_32|patch-e.mpq:31_32
WORLD\WMO\DUNGEON\MD_MOUNTAINCAVE\MD_UNDERWATERCAVE_MEDIUM.WMO,wmo,6,patch-9.mpq:32_32|patch-9.mpq:32_33|patch-c.mpq:32_32|patch-c.mpq:32_33|patch-e.mpq:32_32|patch-e.mpq:32_33
WORLD\WMO\DUNGEON\MD_SHIPWRECK\SHIPWRECK_A.WMO,wmo,11,patch-9.mpq:31_32|patch-9.mpq:33_30|patch-9.mpq:33_31|patch-c.mpq:31_32|patch-c.mpq:33_30|patch-c.mpq:33_31|patch-d.mpq:31_32|patch-d.mpq:33_31|patch-e.mpq:31_32|patch-e.mpq:33_30|patch-e.mpq:33_31
WORLD\WMO\DUNGEON\MD_SHIPWRECK\SHIPWRECK_B.WMO,wmo,11,patch-9.mpq:31_32|patch-9.mpq:33_30|patch-9.mpq:33_31|patch-c.mpq:31_32|patch-c.mpq:33_30|patch-c.mpq:33_31|patch-d.mpq:31_32|patch-d.mpq:33_31|patch-e.mpq:31_32|patch-e.mpq:33_30|patch-e.mpq:33_31
WORLD\WMO\DUNGEON\MD_SHIPWRECK\SHIPWRECK_C.WMO,wmo,7,patch-9.mpq:33_30|patch-9.mpq:33_31|patch-c.mpq:33_30|patch-c.mpq:33_31|patch-d.mpq:33_31|patch-e.mpq:33_30|patch-e.mpq:33_31
WORLD\WMO\DUNGEON\MD_SHIPWRECK\SHIPWRECK_D.WMO,wmo,8,patch-9.mpq:31_32|patch-9.mpq:33_31|patch-c.mpq:31_32|patch-c.mpq:33_31|patch-d.mpq:31_32|patch-d.mpq:33_31|patch-e.mpq:31_32|patch-e.mpq:33_31
WORLD\WMO\DUNGEON\MD_SHIPWRECK\SHIPWRECK_DBACK.WMO,wmo,4,patch-9.mpq:33_31|patch-c.mpq:33_31|patch-d.mpq:33_31|patch-e.mpq:33_31
WORLD\WMO\DUNGEON\MD_SHIPWRECK\SHIPWRECK_DFRONT_SOLID.WMO,wmo,3,patch-9.mpq:33_30|patch-c.mpq:33_30|patch-e.mpq:33_30
WORLD\WMO\DUNGEON\MD_SHIPWRECK\SHIPWRECK_DFRONT.WMO,wmo,10,patch-9.mpq:32_32|patch-9.mpq:32_33|patch-9.mpq:33_31|patch-c.mpq:32_32|patch-c.mpq:32_33|patch-c.mpq:33_31|patch-d.mpq:33_31|patch-e.mpq:32_32|patch-e.mpq:32_33|patch-e.mpq:33_31
WORLD\WMO\DUNGEON\MD_SHIPWRECK\TRANSPORT_SHIPWRECK_SUNKENSHIP.WMO,wmo,7,patch-9.mpq:31_32|patch-9.mpq:32_32|patch-c.mpq:31_32|patch-c.mpq:32_32|patch-d.mpq:31_32|patch-e.mpq:31_32|patch-e.mpq:32_32
WORLD\WMO\KALIMDOR\BUILDINGS\CLASSICALELFRUINS\AZRCLASSICALELFRUIN_UW01.WMO,wmo,3,patch-9.mpq:32_32|patch-c.mpq:32_32|patch-e.mpq:32_32
WORLD\WMO\KALIMDOR\BUILDINGS\CLASSICALELFRUINS\AZRCLASSICALELFRUIN_UW02.WMO,wmo,10,patch-9.mpq:31_33|patch-9.mpq:32_31|patch-9.mpq:32_33|patch-c.mpq:31_33|patch-c.mpq:32_31|patch-c.mpq:32_33|patch-d.mpq:32_31|patch-e.mpq:31_33|patch-e.mpq:32_31|patch-e.mpq:32_33
WORLD\WMO\KALIMDOR\BUILDINGS\CLASSICALELFRUINS\AZRCLASSICALELFRUIN_UW03.WMO,wmo,10,patch-9.mpq:31_31|patch-9.mpq:33_31|patch-9.mpq:33_32|patch-c.mpq:31_31|patch-c.mpq:33_31|patch-c.mpq:33_32|patch-d.mpq:33_31|patch-e.mpq:31_31|patch-e.mpq:33_31|patch-e.mpq:33_32
WORLD\WMO\KALIMDOR\BUILDINGS\CLASSICALELFRUINS\AZRCLASSICALELFRUIN_UW05.WMO,wmo,20,patch-9.mpq:31_31|patch-9.mpq:32_31|patch-9.mpq:32_32|patch-9.mpq:32_33|patch-9.mpq:33_31|patch-9.mpq:33_32|patch-c.mpq:31_31|patch-c.mpq:32_31|patch-c.mpq:32_32|patch-c.mpq:32_33|patch-c.mpq:33_31|patch-c.mpq:33_32|patch-d.mpq:32_31|patch-d.mpq:33_31|patch-e.mpq:31_31|patch-e.mpq:32_31|patch-e.mpq:32_32|patch-e.mpq:32_33|patch-e.mpq:33_31|patch-e.mpq:33_32
WORLD\WMO\KALIMDOR\BUILDINGS\CLASSICALELFRUINS\AZRCLASSICALELFRUIN_UW06.WMO,wmo,6,patch-9.mpq:31_33|patch-9.mpq:32_32|patch-c.mpq:31_33|patch-c.mpq:32_32|patch-e.mpq:31_33|patch-e.mpq:32_32
WORLD\WMO\KALIMDOR\BUILDINGS\CLASSICALELFRUINS\AZRCLASSICALELFRUIN_UW07.WMO,wmo,3,patch-9.mpq:32_33|patch-c.mpq:32_33|patch-e.mpq:32_33
WORLD\WMO\KALIMDOR\BUILDINGS\CLASSICALELFRUINS\AZRCLASSICALELFRUIN_UW08.WMO,wmo,3,patch-9.mpq:31_33|patch-c.mpq:31_33|patch-e.mpq:31_33
WORLD\WMO\KALIMDOR\BUILDINGS\CLASSICALELFRUINS\AZRCLASSICALELFRUIN_UW09.WMO,wmo,13,patch-9.mpq:31_30|patch-9.mpq:31_31|patch-9.mpq:32_30|patch-9.mpq:32_31|patch-c.mpq:31_30|patch-c.mpq:31_31|patch-c.mpq:32_30|patch-c.mpq:32_31|patch-d.mpq:32_31|patch-e.mpq:31_30|patch-e.mpq:31_31|patch-e.mpq:32_30|patch-e.mpq:32_31
WORLD\WMO\KALIMDOR\BUILDINGS\CLASSICALELFRUINS\AZRCLASSICALELFRUIN_UW10.WMO,wmo,18,patch-9.mpq:31_31|patch-9.mpq:31_32|patch-9.mpq:32_31|patch-9.mpq:32_32|patch-9.mpq:33_31|patch-c.mpq:31_31|patch-c.mpq:31_32|patch-c.mpq:32_31|patch-c.mpq:32_32|patch-c.mpq:33_31|patch-d.mpq:31_32|patch-d.mpq:32_31|patch-d.mpq:33_31|patch-e.mpq:31_31|patch-e.mpq:31_32|patch-e.mpq:32_31|patch-e.mpq:32_32|patch-e.mpq:33_31
WORLD\WMO\KALIMDOR\BUILDINGS\NAGAPAGODA\NAGAPAGODA01.WMO,wmo,4,patch-9.mpq:30_31|patch-9.mpq:30_32|patch-c.mpq:30_31|patch-c.mpq:30_32
WORLD\WMO\KALIMDOR\BUILDINGS\NAGAPAGODA\ND_NAGA_PAGODA_UNDERWATER_01.WMO,wmo,3,patch-9.mpq:32_33|patch-c.mpq:32_33|patch-e.mpq:32_33
WORLD\WMO\KALIMDOR\BUILDINGS\ORCKENNEL\ABANDONEDORCKENNEL.WMO,wmo,3,patch-9.mpq:33_33|patch-c.mpq:33_33|patch-e.mpq:33_33
WORLD\WMO\KALIMDOR\BUILDINGS\QUILLBOAR\BIGHOUSE.WMO,wmo,3,patch-9.mpq:31_31|patch-c.mpq:31_31|patch-e.mpq:31_31
WORLD\WMO\KALIMDOR\COLLIDABLEDOODADS\DARKSHORE\GIANTSEATURTLE01\GIANTSEATURTLE01.WMO,wmo,3,patch-9.mpq:32_33|patch-c.mpq:32_33|patch-e.mpq:32_33
WORLD\WMO\KALIMDOR\COLLIDABLEDOODADS\DARKSHORE\GIANTSEATURTLE02\GIANTSEATURTLE02.WMO,wmo,3,patch-9.mpq:32_33|patch-c.mpq:32_33|patch-e.mpq:32_33
WORLD\WMO\NORTHREND\BUILDINGS\FORSAKEN\SHIPWRECK\ND_FORSAKEN_SHIPWRECK.WMO,wmo,6,patch-9.mpq:31_30|patch-9.mpq:32_30|patch-c.mpq:31_30|patch-c.mpq:32_30|patch-e.mpq:31_30|patch-e.mpq:32_30
WORLD\WMO\TRANSPORTS\VRYKULBOATS\TRANSPORT_VRYKUL_LARGE.WMO,wmo,6,patch-9.mpq:33_33|patch-9.mpq:34_33|patch-c.mpq:33_33|patch-c.mpq:34_33|patch-e.mpq:33_33|patch-e.mpq:34_33
WORLD\WMO\TRANSPORTS\VRYKULBOATS\TRANSPORT_VRYKUL_LARGELESS.WMO,wmo,3,patch-9.mpq:34_33|patch-c.mpq:34_33|patch-e.mpq:34_33
