Round,Archive,MPQPath,Kinds,Sources,Size,SHA1,OutputPath
1,common.mpq,WORLD\AZEROTH\BURNINGSTEPPES\PASSIVEDOODADS\WARLOCKSHRINE\WARLOCKSHRINE00.skin,m2-skin-profile,WORLD\AZEROTH\BURNINGSTEPPES\PASSIVEDOODADS\WARLOCKSHRINE\WARLOCKSHRINE.M2,3680,F680CF43B42CD2D115F03B3D6D212F7DF9587124,D:\Sirus\_client\World of Warcraft Sirus\Risen_Depths_Extract_2026-10-04\AssetClosure\ByArchive\common.mpq\WORLD\AZEROTH\BURNINGSTEPPES\PASSIVEDOODADS\WARLOCKSHRINE\WARLOCKSHRINE00.skin
1,common.mpq,WORLD\AZEROTH\BURNINGSTEPPES\PASSIVEDOODADS\WARLOCKSHRINE\SHRINE05.BLP,m2-embedded-path,WORLD\AZEROTH\BURNINGSTEPPES\PASSIVEDOODADS\WARLOCKSHRINE\WARLOCKSHRINE.M2,88572,E9BA74BB0D82C2AF3931C0C4FFD7D39F4A5A29D6,D:\Sirus\_client\World of Warcraft Sirus\Risen_Depths_Extract_2026-10-04\AssetClosure\ByArchive\common.mpq\WORLD\AZEROTH\BURNINGSTEPPES\PASSIVEDOODADS\WARLOCKSHRINE\SHRINE05.BLP
1,common.mpq,WORLD\AZEROTH\BURNINGSTEPPES\PASSIVEDOODADS\WARLOCKSHRINE\CANDEL04.BLP,m2-embedded-path,WORLD\AZEROTH\BURNINGSTEPPES\PASSIVEDOODADS\WARLOCKSHRINE\WARLOCKSHRINE.M2,2556,0D571A5A998FFC2BF45A9DD2CEC8116342A2D85C,D:\Sirus\_client\World of Warcraft Sirus\Risen_Depths_Extract_2026-10-04\AssetClosure\ByArchive\common.mpq\WORLD\AZEROTH\BURNINGSTEPPES\PASSIVEDOODADS\WARLOCKSHRINE\CANDEL04.BLP
1,common.mpq,WORLD\GENERIC\NIGHTELF\PASSIVE DOODADS\MAGICALIMPLEMENTS\GLOW.BLP,m2-embedded-path,WORLD\AZEROTH\BURNINGSTEPPES\PASSIVEDOODADS\WARLOCKSHRINE\WARLOCKSHRINE.M2 | WORLD\GENERIC\NIGHTELF\PASSIVE DOODADS\LANTERNS\NIGHTELFLANTERN01.m2,2564,D90AECA42F04AAE2A10D4CE298AADB9064A9DBEB,D:\Sirus\_client\World of Warcraft Sirus\Risen_Depths_Extract_2026-10-04\AssetClosure\ByArchive\common.mpq\WORLD\GENERIC\NIGHTELF\PASSIVE DOODADS\MAGICALIMPLEMENTS\GLOW.BLP
1,common.mpq,WORLD\AZEROTH\BURNINGSTEPPES\PASSIVEDOODADS\WARLOCKSHRINE\SKULLDARK03.BLP,m2-embedded-path,WORLD\AZEROTH\BURNINGSTEPPES\PASSIVEDOODADS\WARLOCKSHRINE\WARLOCKSHRINE.M2,3916,F00C3B9539BEC8FE8FB5A6F093143E8D9E847C62,D:\Sirus\_client\World of Warcraft Sirus\Risen_Depths_Extract_2026-10-04\AssetClosure\ByArchive\common.mpq\WORLD\AZEROTH\BURNINGSTEPPES\PASSIVEDOODADS\WARLOCKSHRINE\SKULLDARK03.BLP
1,common.mpq,WORLD\AZEROTH\KARAZAHN\PASSIVEDOODADS\BONFIRE\FLAMELICKSMALLBLUE.BLP,m2-embedded-path,WORLD\AZEROTH\BURNINGSTEPPES\PASSIVEDOODADS\WARLOCKSHRINE\WARLOCKSHRINE.M2 | WORLD\GENERIC\NIGHTELF\PASSIVE DOODADS\LANTERNS\NIGHTELFLANTERN01.m2,23044,B44C10D46EC0AF46C667FD8FBACB4C0244154F14,D:\Sirus\_client\World of Warcraft Sirus\Risen_Depths_Extract_2026-10-04\AssetClosure\ByArchive\common.mpq\WORLD\AZEROTH\KARAZAHN\PASSIVEDOODADS\BONFIRE\FLAMELICKSMALLBLUE.BLP
1,common.mpq,WORLD\AZEROTH\ELWYNN\PASSIVEDOODADS\SKELETON\BATTLEGLADEBONESHUMANDARK00.skin,m2-skin-profile,WORLD\AZEROTH\ELWYNN\PASSIVEDOODADS\SKELETON\BATTLEGLADEBONESHUMANDARK.M2,1760,D70BD2D2F8A4F54353E725EB1120CE5758808417,D:\Sirus\_client\World of Warcraft Sirus\Risen_Depths_Extract_2026-10-04\AssetClosure\ByArchive\common.mpq\WORLD\AZEROTH\ELWYNN\PASSIVEDOODADS\SKELETON\BATTLEGLADEBONESHUMANDARK00.skin
1,common.mpq,world\Azeroth\Elwynn\PassiveDoodads\Skeleton\BattleGladeSpinedarkSat64.blp,m2-embedded-path,WORLD\AZEROTH\ELWYNN\PASSIVEDOODADS\SKELETON\BATTLEGLADEBONESHUMANDARK.M2,3916,23C4C72B41C2CE29C2BAE7523351D205A46A22F3,D:\Sirus\_client\World of Warcraft Sirus\Risen_Depths_Extract_2026-10-04\AssetClosure\ByArchive\common.mpq\world\Azeroth\Elwynn\PassiveDoodads\Skeleton\BattleGladeSpinedarkSat64.blp
1,common.mpq,WORLD\AZEROTH\SWAMPOSORROW\PASSIVEDOODADS\SWAMPBOATS\SWAMPBOAT0100.skin,m2-skin-profile,WORLD\AZEROTH\SWAMPOSORROW\PASSIVEDOODADS\SWAMPBOATS\SWAMPBOAT01.M2,3664,41CB4AF598608C4E8C00D1917CB74FF3D405BBFA,D:\Sirus\_client\World of Warcraft Sirus\Risen_Depths_Extract_2026-10-04\AssetClosure\ByArchive\common.mpq\WORLD\AZEROTH\SWAMPOSORROW\PASSIVEDOODADS\SWAMPBOATS\SWAMPBOAT0100.skin
1,common.mpq,World\Azeroth\SwampOSorrow\PassiveDoodads\SwampBoats\GreenHorn.blp,m2-embedded-path,WORLD\AZEROTH\SWAMPOSORROW\PASSIVEDOODADS\SWAMPBOATS\SWAMPBOAT01.M2,6652,EAC3EFE02A4DA0BCAF4D01B3823402D036CFA357,D:\Sirus\_client\World of Warcraft Sirus\Risen_Depths_Extract_2026-10-04\AssetClosure\ByArchive\common.mpq\World\Azeroth\SwampOSorrow\PassiveDoodads\SwampBoats\GreenHorn.blp
1,common.mpq,TEXTURES\ELWYNN\BATTLEGLADE\SKULLS\BATTLEGLADESKULLDARKGREEN.BLP,m2-embedded-path,WORLD\AZEROTH\SWAMPOSORROW\PASSIVEDOODADS\SWAMPBOATS\SWAMPBOAT01.M2,6660,B34DBC18EE81AE6544A06F81775EC8EAAAE80F3A,D:\Sirus\_client\World of Warcraft Sirus\Risen_Depths_Extract_2026-10-04\AssetClosure\ByArchive\common.mpq\TEXTURES\ELWYNN\BATTLEGLADE\SKULLS\BATTLEGLADESKULLDARKGREEN.BLP
1,common.mpq,World\Azeroth\SwampOSorrow\PassiveDoodads\SwampBoats\BattleGladeSkull04Green.blp,m2-embedded-path,WORLD\AZEROTH\SWAMPOSORROW\PASSIVEDOODADS\SWAMPBOATS\SWAMPBOAT01.M2,6660,749272AAE86E7AA4FF860173F1063824AAA5E98A,D:\Sirus\_client\World of Warcraft Sirus\Risen_Depths_Extract_2026-10-04\AssetClosure\ByArchive\common.mpq\World\Azeroth\SwampOSorrow\PassiveDoodads\SwampBoats\BattleGladeSkull04Green.blp
1,common.mpq,WORLD\AZEROTH\SWAMPOSORROW\PASSIVEDOODADS\SWAMPBOATS\SWAMPBOATBARK02.BLP,m2-embedded-path,WORLD\AZEROTH\SWAMPOSORROW\PASSIVEDOODADS\SWAMPBOATS\SWAMPBOAT01.M2,23036,D975C0C6F7BA932587086995DCA0E0108DE969B0,D:\Sirus\_client\World of Warcraft Sirus\Risen_Depths_Extract_2026-10-04\AssetClosure\ByArchive\common.mpq\WORLD\AZEROTH\SWAMPOSORROW\PASSIVEDOODADS\SWAMPBOATS\SWAMPBOATBARK02.BLP
1,common.mpq,WORLD\ENVIRONMENT\DOODAD\SWAMPOFSORROWS\CANOPYTREES\TEXTURE\JUSTIN\SWAMPCANOPYTREE01_VINES.BLP,m2-embedded-path,WORLD\AZEROTH\SWAMPOSORROW\PASSIVEDOODADS\SWAMPBOATS\SWAMPBOAT01.M2 | WORLD\AZEROTH\SwampOSorrow\PassiveDoodads\SWAMPBEASTBONES\SWAMPBEASTBONE01.m2 | WORLD\AZEROTH\SwampOSorrow\PassiveDoodads\VINES\SWAMPHANGINGVINES02.m2,23036,52712AAE5CDFFA375B0A39538D9E34C36A684695,D:\Sirus\_client\World of Warcraft Sirus\Risen_Depths_Extract_2026-10-04\AssetClosure\ByArchive\common.mpq\WORLD\ENVIRONMENT\DOODAD\SWAMPOFSORROWS\CANOPYTREES\TEXTURE\JUSTIN\SWAMPCANOPYTREE01_VINES.BLP
1,common.mpq,WORLD\AZEROTH\THEBLASTEDLANDS\PASSIVEDOODADS\BONES\BLASTEDLANDSBONE0100.skin,m2-skin-profile,WORLD\AZEROTH\THEBLASTEDLANDS\PASSIVEDOODADS\BONES\BLASTEDLANDSBONE01.M2,336,54396252C4452A89E406A8E062FD53E586819C91,D:\Sirus\_client\World of Warcraft Sirus\Risen_Depths_Extract_2026-10-04\AssetClosure\ByArchive\common.mpq\WORLD\AZEROTH\THEBLASTEDLANDS\PASSIVEDOODADS\BONES\BLASTEDLANDSBONE0100.skin
1,common.mpq,WORLD\KALIMDOR\KALIDAR\PASSIVEDOODADS\KALIDARHARPYNEST\SPINE02.BLP,m2-embedded-path,WORLD\AZEROTH\THEBLASTEDLANDS\PASSIVEDOODADS\BONES\BLASTEDLANDSBONE01.M2 | WORLD\AZEROTH\THEBLASTEDLANDS\PASSIVEDOODADS\BONES\BLASTEDLANDSBONEPILE02.M2 | WORLD\AZEROTH\THEBLASTEDLANDS\PASSIVEDOODADS\BONES\BLASTEDLANDSBONEPILE03.M2 | WORLD\AZEROTH\TheBlastedlands\PassiveDoodads\Bones\BLASTEDLANDSSPINE01.m2,2556,3AB62596E2C55E39E552F5FC681FFE5D55EAED64,D:\Sirus\_client\World of Warcraft Sirus\Risen_Depths_Extract_2026-10-04\AssetClosure\ByArchive\common.mpq\WORLD\KALIMDOR\KALIDAR\PASSIVEDOODADS\KALIDARHARPYNEST\SPINE02.BLP
1,common.mpq,WORLD\AZEROTH\THEBLASTEDLANDS\PASSIVEDOODADS\BONES\BLASTEDLANDSBONEPILE0200.skin,m2-skin-profile,WORLD\AZEROTH\THEBLASTEDLANDS\PASSIVEDOODADS\BONES\BLASTEDLANDSBONEPILE02.M2,2256,B6FA43FC4E19BABF450D087162681C98F7D501ED,D:\Sirus\_client\World of Warcraft Sirus\Risen_Depths_Extract_2026-10-04\AssetClosure\ByArchive\common.mpq\WORLD\AZEROTH\THEBLASTEDLANDS\PASSIVEDOODADS\BONES\BLASTEDLANDSBONEPILE0200.skin
1,common.mpq,World\Azeroth\TheBlastedlands\PassiveDoodads\Bones\Skull03.blp,m2-embedded-path,WORLD\AZEROTH\THEBLASTEDLANDS\PASSIVEDOODADS\BONES\BLASTEDLANDSBONEPILE02.M2 | WORLD\AZEROTH\TheBlastedlands\PassiveDoodads\Bones\BLASTEDLANDSSKULL01.m2,6660,0C0CE99E5A5F73BF07E20424ED7ABF5B2821883E,D:\Sirus\_client\World of Warcraft Sirus\Risen_Depths_Extract_2026-10-04\AssetClosure\ByArchive\common.mpq\World\Azeroth\TheBlastedlands\PassiveDoodads\Bones\Skull03.blp
1,common.mpq,WORLD\AZEROTH\THEBLASTEDLANDS\PASSIVEDOODADS\BONES\BLASTEDLANDSBONEPILE0300.skin,m2-skin-profile,WORLD\AZEROTH\THEBLASTEDLANDS\PASSIVEDOODADS\BONES\BLASTEDLANDSBONEPILE03.M2,1232,E508817DDB5DE48868CF8B6B2BF072245411265C,D:\Sirus\_client\World of Warcraft Sirus\Risen_Depths_Extract_2026-10-04\AssetClosure\ByArchive\common.mpq\WORLD\AZEROTH\THEBLASTEDLANDS\PASSIVEDOODADS\BONES\BLASTEDLANDSBONEPILE0300.skin
1,common.mpq,WORLD\CRITTER\BIRDS\BIRD0100.skin,m2-skin-profile,WORLD\CRITTER\BIRDS\BIRD01.M2,592,26E2FF2C50DA904188BAD04DAFD91B2D68BEB982,D:\Sirus\_client\World of Warcraft Sirus\Risen_Depths_Extract_2026-10-04\AssetClosure\ByArchive\common.mpq\WORLD\CRITTER\BIRDS\BIRD0100.skin
1,common.mpq,WORLD\CRITTER\BIRDS\SEAGULL01.BLP,m2-embedded-path,WORLD\CRITTER\BIRDS\BIRD01.M2,3916,D2C7414EFCAF0F8FD97595081D8CD8702CD8F422,D:\Sirus\_client\World of Warcraft Sirus\Risen_Depths_Extract_2026-10-04\AssetClosure\ByArchive\common.mpq\WORLD\CRITTER\BIRDS\SEAGULL01.BLP
1,common.mpq,WORLD\CRITTER\FISH\FISH0100.skin,m2-skin-profile,WORLD\CRITTER\FISH\FISH01.M2,2320,3E1F6EF3AB75203753D734AC0363FA095A26554A,D:\Sirus\_client\World of Warcraft Sirus\Risen_Depths_Extract_2026-10-04\AssetClosure\ByArchive\common.mpq\WORLD\CRITTER\FISH\FISH0100.skin
1,common.mpq,WORLD\CRITTER\FISH\FISHBLUE.BLP,m2-embedded-path,WORLD\CRITTER\FISH\FISH01.M2 | WORLD\CRITTER\FISH\FISHBASIC04.m2,3916,6218BC54E7B7D761BF24D9E92C4C41FF4C8622F6,D:\Sirus\_client\World of Warcraft Sirus\Risen_Depths_Extract_2026-10-04\AssetClosure\ByArchive\common.mpq\WORLD\CRITTER\FISH\FISHBLUE.BLP
1,common.mpq,WORLD\EXPANSION01\DOODADS\GENERIC\NAGA\ARK\NA_ARK00.skin,m2-skin-profile,WORLD\EXPANSION01\DOODADS\GENERIC\NAGA\ARK\NA_ARK.M2,15072,8593D3D9E16EE37445C5067359E75A76C52F28A1,D:\Sirus\_client\World of Warcraft Sirus\Risen_Depths_Extract_2026-10-04\AssetClosure\ByArchive\common.mpq\WORLD\EXPANSION01\DOODADS\GENERIC\NAGA\ARK\NA_ARK00.skin
1,common.mpq,WORLD\EXPANSION01\DOODADS\GENERIC\NAGA\ARK\NA_DISTILLER.BLP,m2-embedded-path,WORLD\EXPANSION01\DOODADS\GENERIC\NAGA\ARK\NA_ARK.M2 | WORLD\EXPANSION01\DOODADS\GENERIC\NAGA\ARTIFACT\NA_ARTIFACT01.M2 | WORLD\EXPANSION01\DOODADS\GENERIC\NAGA\DISTILLER\NA_DISTILLER.M2,88580,AC96F62BE8198336FD2B9DE7FFBA154DEC4F4147,D:\Sirus\_client\World of Warcraft Sirus\Risen_Depths_Extract_2026-10-04\AssetClosure\ByArchive\common.mpq\WORLD\EXPANSION01\DOODADS\GENERIC\NAGA\ARK\NA_DISTILLER.BLP
1,common.mpq,WORLD\EXPANSION01\DOODADS\GENERIC\NAGA\ARK\NA_TORCH.BLP,m2-embedded-path,WORLD\EXPANSION01\DOODADS\GENERIC\NAGA\ARK\NA_ARK.M2 | WORLD\EXPANSION01\DOODADS\GENERIC\NAGA\ARTIFACT\NA_ARTIFACT01.M2 | WORLD\EXPANSION01\DOODADS\GENERIC\NAGA\DISTILLER\NA_DISTILLER.M2 | WORLD\EXPANSION01\DOODADS\GENERIC\NAGA\TORCH\NA_TORCH01.M2,44900,5623D400F695C5E3461D2C313C0DCCE95F594B24,D:\Sirus\_client\World of Warcraft Sirus\Risen_Depths_Extract_2026-10-04\AssetClosure\ByArchive\common.mpq\WORLD\EXPANSION01\DOODADS\GENERIC\NAGA\ARK\NA_TORCH.BLP
1,common.mpq,SPELLS\GENERICGLOW64.BLP,m2-embedded-path,WORLD\EXPANSION01\DOODADS\GENERIC\NAGA\ARK\NA_ARK.M2 | WORLD\EXPANSION01\DOODADS\GENERIC\NAGA\ARTIFACT\NA_ARTIFACT01.M2 | WORLD\EXPANSION01\DOODADS\GENERIC\NAGA\DISTILLER\NA_DISTILLER.M2 | WORLD\GENERIC\PASSIVEDOODADS\FISH\FISH_FELBLOOD_SNAPPA.M2,6660,769E9E81DB22268C904AEF6350D3B5C2E6761DAD,D:\Sirus\_client\World of Warcraft Sirus\Risen_Depths_Extract_2026-10-04\AssetClosure\ByArchive\common.mpq\SPELLS\GENERICGLOW64.BLP
1,common.mpq,WORLD\EXPANSION01\DOODADS\GENERIC\NAGA\CRATES\NA_CRATE0200.skin,m2-skin-profile,WORLD\EXPANSION01\DOODADS\GENERIC\NAGA\CRATES\NA_CRATE02.M2,3584,842729957F627A1A828765F786D379BB506F95EB,D:\Sirus\_client\World of Warcraft Sirus\Risen_Depths_Extract_2026-10-04\AssetClosure\ByArchive\common.mpq\WORLD\EXPANSION01\DOODADS\GENERIC\NAGA\CRATES\NA_CRATE0200.skin
1,common.mpq,WORLD\EXPANSION01\DOODADS\GENERIC\NAGA\CRATES\NA_JARS.BLP,m2-embedded-path,WORLD\EXPANSION01\DOODADS\GENERIC\NAGA\CRATES\NA_CRATE02.M2 | WORLD\EXPANSION01\DOODADS\GENERIC\NAGA\JARS\NA_JAR02.M2,44876,DABB8B008F741F872925AEC1084823BDDF7A1907,D:\Sirus\_client\World of Warcraft Sirus\Risen_Depths_Extract_2026-10-04\AssetClosure\ByArchive\common.mpq\WORLD\EXPANSION01\DOODADS\GENERIC\NAGA\CRATES\NA_JARS.BLP
1,common.mpq,WORLD\EXPANSION01\DOODADS\GENERIC\NAGA\DISTILLER\NA_DISTILLER00.skin,m2-skin-profile,WORLD\EXPANSION01\DOODADS\GENERIC\NAGA\DISTILLER\NA_DISTILLER.M2,22544,9141A20D29391EDB49DAF52BE8A020D5B185CEAF,D:\Sirus\_client\World of Warcraft Sirus\Risen_Depths_Extract_2026-10-04\AssetClosure\ByArchive\common.mpq\WORLD\EXPANSION01\DOODADS\GENERIC\NAGA\DISTILLER\NA_DISTILLER00.skin
1,common.mpq,WORLD\GOOBER\BUBBLE.BLP,m2-embedded-path,WORLD\EXPANSION01\DOODADS\GENERIC\NAGA\DISTILLER\NA_DISTILLER.M2 | WORLD\GENERIC\PASSIVEDOODADS\PARTICLEEMITTERS\BUBBLES01.m2 | WORLD\GENERIC\PASSIVEDOODADS\PARTICLEEMITTERS\BUBBLESB.m2 | WORLD\GENERIC\PASSIVEDOODADS\PARTICLEEMITTERS\BUBBLESB_BIGEMITTER.m2,6660,210BB6B2FFCED3612DE69FC5DA12845039EE6405,D:\Sirus\_client\World of Warcraft Sirus\Risen_Depths_Extract_2026-10-04\AssetClosure\ByArchive\common.mpq\WORLD\GOOBER\BUBBLE.BLP
1,common.mpq,WORLD\EXPANSION01\DOODADS\GENERIC\NAGA\JARS\NA_JAR0200.skin,m2-skin-profile,WORLD\EXPANSION01\DOODADS\GENERIC\NAGA\JARS\NA_JAR02.M2,2112,F7A9271ABC8845DB8088EE07018D39BFEBA3730C,D:\Sirus\_client\World of Warcraft Sirus\Risen_Depths_Extract_2026-10-04\AssetClosure\ByArchive\common.mpq\WORLD\EXPANSION01\DOODADS\GENERIC\NAGA\JARS\NA_JAR0200.skin
1,common.mpq,WORLD\EXPANSION01\DOODADS\GENERIC\NAGA\TORCH\NA_TORCH0100.skin,m2-skin-profile,WORLD\EXPANSION01\DOODADS\GENERIC\NAGA\TORCH\NA_TORCH01.M2,6592,A727B67D0E8C9723901F41A0B0D50B51BDB0EC70,D:\Sirus\_client\World of Warcraft Sirus\Risen_Depths_Extract_2026-10-04\AssetClosure\ByArchive\common.mpq\WORLD\EXPANSION01\DOODADS\GENERIC\NAGA\TORCH\NA_TORCH0100.skin
1,common.mpq,WORLD\EXPANSION01\DOODADS\GENERIC\NAGA\TORCH\SHOCKWAVEWATER1EXTREME.BLP,m2-embedded-path,WORLD\EXPANSION01\DOODADS\GENERIC\NAGA\TORCH\NA_TORCH01.M2,12108,B55C1F00DFD37763C31DFC3479B598B6E9C312E9,D:\Sirus\_client\World of Warcraft Sirus\Risen_Depths_Extract_2026-10-04\AssetClosure\ByArchive\common.mpq\WORLD\EXPANSION01\DOODADS\GENERIC\NAGA\TORCH\SHOCKWAVEWATER1EXTREME.BLP
1,common.mpq,WORLD\EXPANSION01\DOODADS\GENERIC\NAGA\TORCH\NA_GLOWFISH.BLP,m2-embedded-path,WORLD\EXPANSION01\DOODADS\GENERIC\NAGA\TORCH\NA_TORCH01.M2,6660,3EFCFCC5029EF354353B146BC833FEE29E90EC9E,D:\Sirus\_client\World of Warcraft Sirus\Risen_Depths_Extract_2026-10-04\AssetClosure\ByArchive\common.mpq\WORLD\EXPANSION01\DOODADS\GENERIC\NAGA\TORCH\NA_GLOWFISH.BLP
1,common.mpq,WORLD\KALIMDOR\FERALAS\PASSIVEDOODADS\TREE\FROSTGLOWBALL64.BLP,m2-embedded-path,WORLD\EXPANSION01\DOODADS\GENERIC\NAGA\TORCH\NA_TORCH01.M2,3916,B20BE9975D4EB6889F2E2E6D71D77CCB610948CE,D:\Sirus\_client\World of Warcraft Sirus\Risen_Depths_Extract_2026-10-04\AssetClosure\ByArchive\common.mpq\WORLD\KALIMDOR\FERALAS\PASSIVEDOODADS\TREE\FROSTGLOWBALL64.BLP
1,common.mpq,WORLD\EXPANSION01\DOODADS\GENERIC\VRYKUL\WEAPONRACKS\VR_WEAPONRACK_0100.skin,m2-skin-profile,WORLD\EXPANSION01\DOODADS\GENERIC\VRYKUL\WEAPONRACKS\VR_WEAPONRACK_01.M2,11760,2F8728044E4EA9B67937DEECC1958575A30F62CA,D:\Sirus\_client\World of Warcraft Sirus\Risen_Depths_Extract_2026-10-04\AssetClosure\ByArchive\common.mpq\WORLD\EXPANSION01\DOODADS\GENERIC\VRYKUL\WEAPONRACKS\VR_WEAPONRACK_0100.skin
1,common.mpq,WORLD\EXPANSION02\DOODADS\GENERIC\VRYKUL\SHIELD\CREST3.BLP,m2-embedded-path,WORLD\EXPANSION01\DOODADS\GENERIC\VRYKUL\WEAPONRACKS\VR_WEAPONRACK_01.M2,175948,AD15C045CDFC14349746155B658B1735B1BC1B50,D:\Sirus\_client\World of Warcraft Sirus\Risen_Depths_Extract_2026-10-04\AssetClosure\ByArchive\common.mpq\WORLD\EXPANSION02\DOODADS\GENERIC\VRYKUL\SHIELD\CREST3.BLP
1,common.mpq,WORLD\EXPANSION02\DOODADS\GENERIC\VRYKUL\CAGE\VR_CAGE01.BLP,m2-embedded-path,WORLD\EXPANSION01\DOODADS\GENERIC\VRYKUL\WEAPONRACKS\VR_WEAPONRACK_01.M2 | WORLD\EXPANSION02\DOODADS\GENERIC\SEAVRYKUL\SHORE\VRS_CHEST_01.M2 | WORLD\EXPANSION02\DOODADS\GENERIC\VRYKUL\CAGE\VR_CAGE_01.M2 | WORLD\EXPANSION02\DOODADS\GENERIC\VRYKUL\CAGE\VR_CAGE_02.M2,88580,97A991A1ED8D1EC8009C2BF06BCC1270E65E8D16,D:\Sirus\_client\World of Warcraft Sirus\Risen_Depths_Extract_2026-10-04\AssetClosure\ByArchive\common.mpq\WORLD\EXPANSION02\DOODADS\GENERIC\VRYKUL\CAGE\VR_CAGE01.BLP
1,common.mpq,WORLD\EXPANSION02\DOODADS\BOREANTUNDRA\MAGNATAURITEMS\BOREAN_REDPLANT_BURNINGPILE_0100.skin,m2-skin-profile,WORLD\EXPANSION02\DOODADS\BOREANTUNDRA\MAGNATAURITEMS\BOREAN_REDPLANT_BURNINGPILE_01.M2,4256,1DB33AF9CDD03239B31CD4589B37DB591B15AF8F,D:\Sirus\_client\World of Warcraft Sirus\Risen_Depths_Extract_2026-10-04\AssetClosure\ByArchive\common.mpq\WORLD\EXPANSION02\DOODADS\BOREANTUNDRA\MAGNATAURITEMS\BOREAN_REDPLANT_BURNINGPILE_0100.skin
1,common.mpq,WORLD\EXPANSION02\DOODADS\BOREANTUNDRA\MAGNATAURITEMS\BOREAN_REDPLANT_DRIED_01.BLP,m2-embedded-path,WORLD\EXPANSION02\DOODADS\BOREANTUNDRA\MAGNATAURITEMS\BOREAN_REDPLANT_BURNINGPILE_01.M2,350724,31ADF10DDABD5CEA9A7634ABC86501AC1FDC0807,D:\Sirus\_client\World of Warcraft Sirus\Risen_Depths_Extract_2026-10-04\AssetClosure\ByArchive\common.mpq\WORLD\EXPANSION02\DOODADS\BOREANTUNDRA\MAGNATAURITEMS\BOREAN_REDPLANT_DRIED_01.BLP
1,common.mpq,WORLD\EXPANSION02\DOODADS\HOWLINGFJORD\FIREFX\T_VFX_FIRE_ANIM02_128_FULL_DESAT.BLP,m2-embedded-path,WORLD\EXPANSION02\DOODADS\BOREANTUNDRA\MAGNATAURITEMS\BOREAN_REDPLANT_BURNINGPILE_01.M2 | WORLD\EXPANSION02\DOODADS\GENERIC\VRYKUL\BRAZIER\VR_BRAZIER_01.M2,88580,5FAD9C9950630B07A17E2A55625DA501104BF45C,D:\Sirus\_client\World of Warcraft Sirus\Risen_Depths_Extract_2026-10-04\AssetClosure\ByArchive\common.mpq\WORLD\EXPANSION02\DOODADS\HOWLINGFJORD\FIREFX\T_VFX_FIRE_ANIM02_128_FULL_DESAT.BLP
1,common.mpq,SPELLS\T_VFX_DOOR_BLACK.BLP,m2-embedded-path,WORLD\EXPANSION02\DOODADS\BOREANTUNDRA\MAGNATAURITEMS\BOREAN_REDPLANT_BURNINGPILE_01.M2 | WORLD\EXPANSION02\DOODADS\GENERIC\VRYKUL\BRAZIER\VR_BRAZIER_01.M2,23044,1AD5412AB19AA0B69682B6E2987B23A2384B1BB7,D:\Sirus\_client\World of Warcraft Sirus\Risen_Depths_Extract_2026-10-04\AssetClosure\ByArchive\common.mpq\SPELLS\T_VFX_DOOR_BLACK.BLP
1,common.mpq,WORLD\LORDAERON\STRATHOLME\PASSIVEDOODADS\FX\SMOKEWISPY03.BLP,m2-embedded-path,WORLD\EXPANSION02\DOODADS\BOREANTUNDRA\MAGNATAURITEMS\BOREAN_REDPLANT_BURNINGPILE_01.M2,6660,3797A9B8FE12AB1835ECE6F03615FD9F5E1D254C,D:\Sirus\_client\World of Warcraft Sirus\Risen_Depths_Extract_2026-10-04\AssetClosure\ByArchive\common.mpq\WORLD\LORDAERON\STRATHOLME\PASSIVEDOODADS\FX\SMOKEWISPY03.BLP
1,common.mpq,SPELLS\LAVALUMP2.BLP,m2-embedded-path,WORLD\AZEROTH\BURNINGSTEPPES\PASSIVEDOODADS\BONFIRE\ORCBONFIRE.m2 | WORLD\EXPANSION02\DOODADS\BOREANTUNDRA\MAGNATAURITEMS\BOREAN_REDPLANT_BURNINGPILE_01.M2,1868,0155D95CF3FAA4C133FCE7235A250FFA304AD00C,D:\Sirus\_client\World of Warcraft Sirus\Risen_Depths_Extract_2026-10-04\AssetClosure\ByArchive\common.mpq\SPELLS\LAVALUMP2.BLP
1,common.mpq,WORLD\EXPANSION02\DOODADS\BOREANTUNDRA\ROCKS\BOREAN_ROCKLARGE_0100.skin,m2-skin-profile,WORLD\EXPANSION02\DOODADS\BOREANTUNDRA\ROCKS\BOREAN_ROCKLARGE_01.M2,10064,CBD550AE280EBB2D58C547C0B00C2690EBB4F1A3,D:\Sirus\_client\World of Warcraft Sirus\Risen_Depths_Extract_2026-10-04\AssetClosure\ByArchive\common.mpq\WORLD\EXPANSION02\DOODADS\BOREANTUNDRA\ROCKS\BOREAN_ROCKLARGE_0100.skin
1,common.mpq,WORLD\EXPANSION02\DOODADS\BOREANTUNDRA\ROCKS\BOREAN_ROCKLARGE_03.BLP,m2-embedded-path,WORLD\EXPANSION02\DOODADS\BOREANTUNDRA\ROCKS\BOREAN_ROCKLARGE_01.M2,175948,0FE9CEE0AB657918472B3FB4888D57CAE9FC8308,D:\Sirus\_client\World of Warcraft Sirus\Risen_Depths_Extract_2026-10-04\AssetClosure\ByArchive\common.mpq\WORLD\EXPANSION02\DOODADS\BOREANTUNDRA\ROCKS\BOREAN_ROCKLARGE_03.BLP
1,common.mpq,WORLD\EXPANSION02\DOODADS\BOREANTUNDRA\ROCKS\BOREAN_ROCKLARGE_02.BLP,m2-embedded-path,WORLD\EXPANSION02\DOODADS\BOREANTUNDRA\ROCKS\BOREAN_ROCKLARGE_01.M2 | WORLD\EXPANSION02\DOODADS\BOREANTUNDRA\ROCKS\BOREAN_ROCKLARGE_06.M2,175948,18F174A800A92569C6910933A13728E09E8E46F0,D:\Sirus\_client\World of Warcraft Sirus\Risen_Depths_Extract_2026-10-04\AssetClosure\ByArchive\common.mpq\WORLD\EXPANSION02\DOODADS\BOREANTUNDRA\ROCKS\BOREAN_ROCKLARGE_02.BLP
1,common.mpq,WORLD\EXPANSION02\DOODADS\BOREANTUNDRA\ROCKS\BOREAN_ROCKLARGE_01.BLP,m2-embedded-path,WORLD\EXPANSION02\DOODADS\BOREANTUNDRA\ROCKS\BOREAN_ROCKLARGE_01.M2,175948,31A6B32B18D5A6D6A5C2E01F9653BACF6B3D9285,D:\Sirus\_client\World of Warcraft Sirus\Risen_Depths_Extract_2026-10-04\AssetClosure\ByArchive\common.mpq\WORLD\EXPANSION02\DOODADS\BOREANTUNDRA\ROCKS\BOREAN_ROCKLARGE_01.BLP
1,common.mpq,WORLD\EXPANSION02\DOODADS\BOREANTUNDRA\ROCKS\BOREAN_ROCKLARGE_0600.skin,m2-skin-profile,WORLD\EXPANSION02\DOODADS\BOREANTUNDRA\ROCKS\BOREAN_ROCKLARGE_06.M2,2976,9492F4C9E867DC28A710AA34329D1FFA16D820F5,D:\Sirus\_client\World of Warcraft Sirus\Risen_Depths_Extract_2026-10-04\AssetClosure\ByArchive\common.mpq\WORLD\EXPANSION02\DOODADS\BOREANTUNDRA\ROCKS\BOREAN_ROCKLARGE_0600.skin
1,common.mpq,WORLD\EXPANSION02\DOODADS\GENERIC\ORACLE\O_TRASHPILE_0100.skin,m2-skin-profile,WORLD\EXPANSION02\DOODADS\GENERIC\ORACLE\O_TRASHPILE_01.M2,3424,A2D67CC87241FF23EC2CDEEBBF30D9B288724C1B,D:\Sirus\_client\World of Warcraft Sirus\Risen_Depths_Extract_2026-10-04\AssetClosure\ByArchive\common.mpq\WORLD\EXPANSION02\DOODADS\GENERIC\ORACLE\O_TRASHPILE_0100.skin
1,common.mpq,WORLD\EXPANSION02\DOODADS\GENERIC\ORACLE\O_EGGS_01.BLP,m2-embedded-path,WORLD\EXPANSION02\DOODADS\GENERIC\ORACLE\O_TRASHPILE_01.M2 | WORLD\EXPANSION02\DOODADS\GENERIC\ORACLE\O_TRASHPILE_02.M2,350724,D201C52CFEE499F79CC1053AB089038153DD80DA,D:\Sirus\_client\World of Warcraft Sirus\Risen_Depths_Extract_2026-10-04\AssetClosure\ByArchive\common.mpq\WORLD\EXPANSION02\DOODADS\GENERIC\ORACLE\O_EGGS_01.BLP
1,common.mpq,WORLD\KALIMDOR\SILITHUS\PASSIVEDOODADS\CRYSTALS\SILITHUS_CRYSTAL_ENVIRONMENT_MAP.BLP,m2-embedded-path,WORLD\EXPANSION02\DOODADS\GENERIC\ORACLE\O_TRASHPILE_01.M2 | WORLD\EXPANSION02\DOODADS\GENERIC\ORACLE\O_TRASHPILE_02.M2,1356,9E34C01187CE1DC63C945E5210FC57EC8B169683,D:\Sirus\_client\World of Warcraft Sirus\Risen_Depths_Extract_2026-10-04\AssetClosure\ByArchive\common.mpq\WORLD\KALIMDOR\SILITHUS\PASSIVEDOODADS\CRYSTALS\SILITHUS_CRYSTAL_ENVIRONMENT_MAP.BLP
1,common.mpq,WORLD\EXPANSION02\DOODADS\GENERIC\ORACLE\O_TRASHPILE_0200.skin,m2-skin-profile,WORLD\EXPANSION02\DOODADS\GENERIC\ORACLE\O_TRASHPILE_02.M2,4384,3EAEC3F50D01CB563A1FC4B7185E762D1ADC0C65,D:\Sirus\_client\World of Warcraft Sirus\Risen_Depths_Extract_2026-10-04\AssetClosure\ByArchive\common.mpq\WORLD\EXPANSION02\DOODADS\GENERIC\ORACLE\O_TRASHPILE_0200.skin
1,common.mpq,WORLD\EXPANSION02\DOODADS\GENERIC\SCOURGE\SC_BARRICADE_BROKEN00.skin,m2-skin-profile,WORLD\EXPANSION02\DOODADS\GENERIC\SCOURGE\SC_BARRICADE_BROKEN.M2,6528,BBC9D0B59484FDB0333465D26A9270ECDD49677E,D:\Sirus\_client\World of Warcraft Sirus\Risen_Depths_Extract_2026-10-04\AssetClosure\ByArchive\common.mpq\WORLD\EXPANSION02\DOODADS\GENERIC\SCOURGE\SC_BARRICADE_BROKEN00.skin
1,common.mpq,WORLD\EXPANSION02\DOODADS\GENERIC\SCOURGE\SC_BARRICADE2.BLP,m2-embedded-path,WORLD\EXPANSION02\DOODADS\GENERIC\SCOURGE\SC_BARRICADE_BROKEN.M2 | WORLD\EXPANSION02\DOODADS\GENERIC\SCOURGE\SC_TRENCH_C_LONG.M2 | WORLD\EXPANSION02\DOODADS\GENERIC\SCOURGE\SC_TRENCH_M_BRACE.M2 | WORLD\EXPANSION02\DOODADS\GENERIC\SCOURGE\SC_TRENCH_M_LONG.M2 | WORLD\EXPANSION02\DOODADS\GENERIC\SCOURGE\SC_TRENCH_P_BONE2.M2,88572,0F7A56E87C327EDE19C76D7FDD5B1051D3ACC007,D:\Sirus\_client\World of Warcraft Sirus\Risen_Depths_Extract_2026-10-04\AssetClosure\ByArchive\common.mpq\WORLD\EXPANSION02\DOODADS\GENERIC\SCOURGE\SC_BARRICADE2.BLP
1,common.mpq,WORLD\EXPANSION02\DOODADS\GENERIC\SCOURGE\SC_CHAIN.BLP,m2-embedded-path,WORLD\EXPANSION02\DOODADS\GENERIC\SCOURGE\SC_BARRICADE_BROKEN.M2,44900,7AE77353F7473BC09D50E36B264D9A33D1B863F8,D:\Sirus\_client\World of Warcraft Sirus\Risen_Depths_Extract_2026-10-04\AssetClosure\ByArchive\common.mpq\WORLD\EXPANSION02\DOODADS\GENERIC\SCOURGE\SC_CHAIN.BLP
1,common.mpq,WORLD\EXPANSION02\DOODADS\GENERIC\SCOURGE\SC_BRAZIER2_ORANGE00.skin,m2-skin-profile,WORLD\EXPANSION02\DOODADS\GENERIC\SCOURGE\SC_BRAZIER2_ORANGE.M2,22080,C38382722DFF57542E6DCC26EE925046EF8E8D64,D:\Sirus\_client\World of Warcraft Sirus\Risen_Depths_Extract_2026-10-04\AssetClosure\ByArchive\common.mpq\WORLD\EXPANSION02\DOODADS\GENERIC\SCOURGE\SC_BRAZIER2_ORANGE00.skin
1,common.mpq,WORLD\EXPANSION02\DOODADS\GENERIC\SCOURGE\SC_BARRICADE.BLP,m2-embedded-path,WORLD\EXPANSION02\DOODADS\GENERIC\SCOURGE\SC_BRAZIER2_ORANGE.M2 | WORLD\EXPANSION02\DOODADS\GENERIC\SCOURGE\SC_CAULDRON_GREEN.M2 | WORLD\EXPANSION02\DOODADS\GENERIC\SCOURGE\SC_TRENCH_C_LONG.M2 | WORLD\EXPANSION02\DOODADS\GENERIC\SCOURGE\SC_TRENCH_M_BRACE.M2 | WORLD\EXPANSION02\DOODADS\GENERIC\SCOURGE\SC_TRENCH_M_LONG.M2,88580,1DBEA45069D1D4F2EFF940D57BE6E21DD419ABA3,D:\Sirus\_client\World of Warcraft Sirus\Risen_Depths_Extract_2026-10-04\AssetClosure\ByArchive\common.mpq\WORLD\EXPANSION02\DOODADS\GENERIC\SCOURGE\SC_BARRICADE.BLP
1,common.mpq,WORLD\EXPANSION02\DOODADS\GENERIC\SCOURGE\SC_BRAZIER_ORANGE.BLP,m2-embedded-path,WORLD\EXPANSION02\DOODADS\GENERIC\SCOURGE\SC_BRAZIER2_ORANGE.M2 | WORLD\EXPANSION02\DOODADS\GENERIC\SCOURGE\SC_BRAZIER3_ORANGE.M2,88580,8894F69DDDC9D75071B3839621FB7FD986BB6464,D:\Sirus\_client\World of Warcraft Sirus\Risen_Depths_Extract_2026-10-04\AssetClosure\ByArchive\common.mpq\WORLD\EXPANSION02\DOODADS\GENERIC\SCOURGE\SC_BRAZIER_ORANGE.BLP
1,common.mpq,SPELLS\TOONSMOKE16.BLP,m2-embedded-path,WORLD\EXPANSION02\DOODADS\GENERIC\SCOURGE\SC_BRAZIER2_ORANGE.M2 | WORLD\EXPANSION02\DOODADS\GENERIC\SCOURGE\SC_BRAZIER3_ORANGE.M2 | WORLD\EXPANSION02\DOODADS\GENERIC\SCOURGE\SC_CAULDRON_GREEN.M2,350724,05C013DBD9327C1F9123C7424F43FFCCC228F193,D:\Sirus\_client\World of Warcraft Sirus\Risen_Depths_Extract_2026-10-04\AssetClosure\ByArchive\common.mpq\SPELLS\TOONSMOKE16.BLP
1,common.mpq,WORLD\EXPANSION02\DOODADS\GENERIC\SCOURGE\SC_BRAZIER3_ORANGE00.skin,m2-skin-profile,WORLD\EXPANSION02\DOODADS\GENERIC\SCOURGE\SC_BRAZIER3_ORANGE.M2,7440,0058393B2EC493444ED481AAA115FFBA63C12752,D:\Sirus\_client\World of Warcraft Sirus\Risen_Depths_Extract_2026-10-04\AssetClosure\ByArchive\common.mpq\WORLD\EXPANSION02\DOODADS\GENERIC\SCOURGE\SC_BRAZIER3_ORANGE00.skin
1,common.mpq,WORLD\EXPANSION02\DOODADS\GENERIC\SCOURGE\SC_CAULDRON_GREEN00.skin,m2-skin-profile,WORLD\EXPANSION02\DOODADS\GENERIC\SCOURGE\SC_CAULDRON_GREEN.M2,19216,53E48C3C7A1BF5BAEB37CF7938B9457A8D058616,D:\Sirus\_client\World of Warcraft Sirus\Risen_Depths_Extract_2026-10-04\AssetClosure\ByArchive\common.mpq\WORLD\EXPANSION02\DOODADS\GENERIC\SCOURGE\SC_CAULDRON_GREEN00.skin
1,common.mpq,WORLD\EXPANSION02\DOODADS\GENERIC\SCOURGE\SC_CAULDRON_GREEN.BLP,m2-embedded-path,WORLD\EXPANSION02\DOODADS\GENERIC\SCOURGE\SC_CAULDRON_GREEN.M2,88580,DB2D19058CF66C5839CF6D761DC23E5DF674FB64,D:\Sirus\_client\World of Warcraft Sirus\Risen_Depths_Extract_2026-10-04\AssetClosure\ByArchive\common.mpq\WORLD\EXPANSION02\DOODADS\GENERIC\SCOURGE\SC_CAULDRON_GREEN.BLP
1,common.mpq,WORLD\LORDAERON\SCHOLOMANCE\PASSIVEDOODADS\CAULDRONS\LIQUIDDRIP.BLP,m2-embedded-path,WORLD\EXPANSION02\DOODADS\GENERIC\SCOURGE\SC_CAULDRON_GREEN.M2,2564,71B7F05A542056544508A3B9855984F26946CE96,D:\Sirus\_client\World of Warcraft Sirus\Risen_Depths_Extract_2026-10-04\AssetClosure\ByArchive\common.mpq\WORLD\LORDAERON\SCHOLOMANCE\PASSIVEDOODADS\CAULDRONS\LIQUIDDRIP.BLP
1,common.mpq,WORLD\EXPANSION02\DOODADS\GENERIC\SCOURGE\GREENLAVABUBBLE.BLP,m2-embedded-path,WORLD\EXPANSION02\DOODADS\GENERIC\SCOURGE\SC_CAULDRON_GREEN.M2,88580,68E66796B6294012C9B834DDDE691CD6BCB95AA1,D:\Sirus\_client\World of Warcraft Sirus\Risen_Depths_Extract_2026-10-04\AssetClosure\ByArchive\common.mpq\WORLD\EXPANSION02\DOODADS\GENERIC\SCOURGE\GREENLAVABUBBLE.BLP
1,common.mpq,WORLD\EXPANSION02\DOODADS\GENERIC\SCOURGE\GREENSWIRL.BLP,m2-embedded-path,WORLD\EXPANSION02\DOODADS\GENERIC\SCOURGE\SC_CAULDRON_GREEN.M2,3916,8709BCCC4B1432F5560AAD59FFDE4385B7F5F12E,D:\Sirus\_client\World of Warcraft Sirus\Risen_Depths_Extract_2026-10-04\AssetClosure\ByArchive\common.mpq\WORLD\EXPANSION02\DOODADS\GENERIC\SCOURGE\GREENSWIRL.BLP
1,common.mpq,WORLD\EXPANSION02\DOODADS\GENERIC\SCOURGE\SC_OBELISK100.skin,m2-skin-profile,WORLD\EXPANSION02\DOODADS\GENERIC\SCOURGE\SC_OBELISK1.M2,5120,4CC9A9B8E3A560CCAF10AF5C4A4DCCB3B6B618A5,D:\Sirus\_client\World of Warcraft Sirus\Risen_Depths_Extract_2026-10-04\AssetClosure\ByArchive\common.mpq\WORLD\EXPANSION02\DOODADS\GENERIC\SCOURGE\SC_OBELISK100.skin
1,common.mpq,WORLD\EXPANSION02\DOODADS\GENERIC\SCOURGE\SC_OBELISK.BLP,m2-embedded-path,WORLD\EXPANSION02\DOODADS\GENERIC\SCOURGE\SC_OBELISK1.M2,44876,FDEEB21914AB1376DA29690C7788387E790B9195,D:\Sirus\_client\World of Warcraft Sirus\Risen_Depths_Extract_2026-10-04\AssetClosure\ByArchive\common.mpq\WORLD\EXPANSION02\DOODADS\GENERIC\SCOURGE\SC_OBELISK.BLP
1,common.mpq,WORLD\EXPANSION02\DOODADS\GENERIC\SCOURGE\SC_PLATFORM200.skin,m2-skin-profile,WORLD\EXPANSION02\DOODADS\GENERIC\SCOURGE\SC_PLATFORM2.M2,1312,8880D94FF7B4EC899CD01673BFA73E57D6A967FA,D:\Sirus\_client\World of Warcraft Sirus\Risen_Depths_Extract_2026-10-04\AssetClosure\ByArchive\common.mpq\WORLD\EXPANSION02\DOODADS\GENERIC\SCOURGE\SC_PLATFORM200.skin
1,common.mpq,WORLD\EXPANSION02\DOODADS\GENERIC\SCOURGE\SC_STAIRS.BLP,m2-embedded-path,WORLD\EXPANSION02\DOODADS\GENERIC\SCOURGE\SC_PLATFORM2.M2,88580,A446EFC60105FB8DF1E14D9916333417A4CA8790,D:\Sirus\_client\World of Warcraft Sirus\Risen_Depths_Extract_2026-10-04\AssetClosure\ByArchive\common.mpq\WORLD\EXPANSION02\DOODADS\GENERIC\SCOURGE\SC_STAIRS.BLP
1,common.mpq,WORLD\EXPANSION02\DOODADS\GENERIC\SCOURGE\SC_TRENCH_C_LONG00.skin,m2-skin-profile,WORLD\EXPANSION02\DOODADS\GENERIC\SCOURGE\SC_TRENCH_C_LONG.M2,9344,EA13A79F2B6E669FF536B2A92BFC9D71AFF400D2,D:\Sirus\_client\World of Warcraft Sirus\Risen_Depths_Extract_2026-10-04\AssetClosure\ByArchive\common.mpq\WORLD\EXPANSION02\DOODADS\GENERIC\SCOURGE\SC_TRENCH_C_LONG00.skin
1,common.mpq,WORLD\EXPANSION02\DOODADS\GENERIC\SCOURGE\SC_TRENCH_M_BRACE00.skin,m2-skin-profile,WORLD\EXPANSION02\DOODADS\GENERIC\SCOURGE\SC_TRENCH_M_BRACE.M2,18032,CFA06338F6542B12D928D370EAD61ADAB96BB364,D:\Sirus\_client\World of Warcraft Sirus\Risen_Depths_Extract_2026-10-04\AssetClosure\ByArchive\common.mpq\WORLD\EXPANSION02\DOODADS\GENERIC\SCOURGE\SC_TRENCH_M_BRACE00.skin
1,common.mpq,WORLD\EXPANSION02\DOODADS\GENERIC\SCOURGE\SC_TRENCH_M_LONG00.skin,m2-skin-profile,WORLD\EXPANSION02\DOODADS\GENERIC\SCOURGE\SC_TRENCH_M_LONG.M2,9344,801198A931BE0F2CDBA04F860201CDAA9DF1715C,D:\Sirus\_client\World of Warcraft Sirus\Risen_Depths_Extract_2026-10-04\AssetClosure\ByArchive\common.mpq\WORLD\EXPANSION02\DOODADS\GENERIC\SCOURGE\SC_TRENCH_M_LONG00.skin
1,common.mpq,WORLD\EXPANSION02\DOODADS\GENERIC\SCOURGE\SC_TRENCH_P_BONE200.skin,m2-skin-profile,WORLD\EXPANSION02\DOODADS\GENERIC\SCOURGE\SC_TRENCH_P_BONE2.M2,624,2894ECF576BF639147AD043C129AF690A9FB5E7A,D:\Sirus\_client\World of Warcraft Sirus\Risen_Depths_Extract_2026-10-04\AssetClosure\ByArchive\common.mpq\WORLD\EXPANSION02\DOODADS\GENERIC\SCOURGE\SC_TRENCH_P_BONE200.skin
1,common.mpq,WORLD\EXPANSION02\DOODADS\GENERIC\SEAVRYKUL\SHORE\VRS_CHEST_0100.skin,m2-skin-profile,WORLD\EXPANSION02\DOODADS\GENERIC\SEAVRYKUL\SHORE\VRS_CHEST_01.M2,8480,2CA99EDAF4675B9C06961111192246EEF5C1B772,D:\Sirus\_client\World of Warcraft Sirus\Risen_Depths_Extract_2026-10-04\AssetClosure\ByArchive\common.mpq\WORLD\EXPANSION02\DOODADS\GENERIC\SEAVRYKUL\SHORE\VRS_CHEST_0100.skin
1,common.mpq,World\Expansion02\Doodads\Generic\SeaVrykul\Shore\VRS_Hook_01.blp,m2-embedded-path,WORLD\EXPANSION02\DOODADS\GENERIC\SEAVRYKUL\SHORE\VRS_CHEST_01.M2 | WORLD\EXPANSION02\DOODADS\GENERIC\SEAVRYKUL\SHORE\VRS_CRATE_DESTROYED_01.M2 | WORLD\EXPANSION02\DOODADS\GENERIC\SEAVRYKUL\SHORE\VRS_NETPILE_01.M2 | WORLD\EXPANSION02\DOODADS\GENERIC\SEAVRYKUL\SHORE\VRS_TENT_01.M2 | WORLD\EXPANSION02\DOODADS\GENERIC\SEAVRYKUL\SHORE\VRS_TENT_02.M2 | WORLD\EXPANSION02\DOODADS\GENERIC\SEAVRYKUL\WEAPONS\VRS_WEAPONRACK_01.M2 | WORLD\EXPANSION02\DOODADS\GENERIC\SEAVRYKUL\WEAPONS\VRS_WEAPONRACK_02.M2,350724,C0E2D99C2BC619D23A0F9788220D7D7C06E29476,D:\Sirus\_client\World of Warcraft Sirus\Risen_Depths_Extract_2026-10-04\AssetClosure\ByArchive\common.mpq\World\Expansion02\Doodads\Generic\SeaVrykul\Shore\VRS_Hook_01.blp
1,common.mpq,World\Expansion02\Doodads\Generic\SeaVrykul\Shore\VRS_Chest_01.blp,m2-embedded-path,WORLD\EXPANSION02\DOODADS\GENERIC\SEAVRYKUL\SHORE\VRS_CHEST_01.M2,88572,180326CB89F6B4442B24A90769688B1630D9F40E,D:\Sirus\_client\World of Warcraft Sirus\Risen_Depths_Extract_2026-10-04\AssetClosure\ByArchive\common.mpq\World\Expansion02\Doodads\Generic\SeaVrykul\Shore\VRS_Chest_01.blp
1,common.mpq,World\Expansion02\Doodads\Generic\SeaVrykul\Shore\VRS_Tent.blp,m2-embedded-path,WORLD\EXPANSION02\DOODADS\GENERIC\SEAVRYKUL\SHORE\VRS_CHEST_01.M2 | WORLD\EXPANSION02\DOODADS\GENERIC\SEAVRYKUL\SHORE\VRS_CRATE_DESTROYED_01.M2 | WORLD\EXPANSION02\DOODADS\GENERIC\SEAVRYKUL\SHORE\VRS_NETPILE_01.M2 | WORLD\EXPANSION02\DOODADS\GENERIC\SEAVRYKUL\SHORE\VRS_TENT_01.M2 | WORLD\EXPANSION02\DOODADS\GENERIC\SEAVRYKUL\SHORE\VRS_TENT_02.M2 | WORLD\EXPANSION02\DOODADS\GENERIC\SEAVRYKUL\WEAPONS\VRS_WEAPONRACK_01.M2 | WORLD\EXPANSION02\DOODADS\GENERIC\SEAVRYKUL\WEAPONS\VRS_WEAPONRACK_02.M2,350724,43FBFF8B991EDAFC27357EBAB0E33C4E59E362E3,D:\Sirus\_client\World of Warcraft Sirus\Risen_Depths_Extract_2026-10-04\AssetClosure\ByArchive\common.mpq\World\Expansion02\Doodads\Generic\SeaVrykul\Shore\VRS_Tent.blp
1,common.mpq,WORLD\EXPANSION02\DOODADS\GENERIC\SEAVRYKUL\SHORE\VRS_CRATE_0100.skin,m2-skin-profile,WORLD\EXPANSION02\DOODADS\GENERIC\SEAVRYKUL\SHORE\VRS_CRATE_01.M2,544,BC28AE42064712F3FAD968631B4329A74185CA18,D:\Sirus\_client\World of Warcraft Sirus\Risen_Depths_Extract_2026-10-04\AssetClosure\ByArchive\common.mpq\WORLD\EXPANSION02\DOODADS\GENERIC\SEAVRYKUL\SHORE\VRS_CRATE_0100.skin
1,common.mpq,World\Expansion02\Doodads\Generic\SeaVrykul\Shore\VRS_Crate_01.blp,m2-embedded-path,WORLD\EXPANSION02\DOODADS\GENERIC\SEAVRYKUL\SHORE\VRS_CRATE_01.M2,44876,1182EBE0D45F7EF958C7A36268EFE522B1DAB96B,D:\Sirus\_client\World of Warcraft Sirus\Risen_Depths_Extract_2026-10-04\AssetClosure\ByArchive\common.mpq\World\Expansion02\Doodads\Generic\SeaVrykul\Shore\VRS_Crate_01.blp
1,common.mpq,WORLD\EXPANSION02\DOODADS\GENERIC\SEAVRYKUL\SHORE\VRS_CRATE_DESTROYED_0100.skin,m2-skin-profile,WORLD\EXPANSION02\DOODADS\GENERIC\SEAVRYKUL\SHORE\VRS_CRATE_DESTROYED_01.M2,4800,D72784F618CAB4DAB114BC33E6DE538D2101C417,D:\Sirus\_client\World of Warcraft Sirus\Risen_Depths_Extract_2026-10-04\AssetClosure\ByArchive\common.mpq\WORLD\EXPANSION02\DOODADS\GENERIC\SEAVRYKUL\SHORE\VRS_CRATE_DESTROYED_0100.skin
1,common.mpq,WORLD\EXPANSION02\DOODADS\GENERIC\SEAVRYKUL\SHORE\VRS_NETPILE_0100.skin,m2-skin-profile,WORLD\EXPANSION02\DOODADS\GENERIC\SEAVRYKUL\SHORE\VRS_NETPILE_01.M2,3280,5E01F4C26B6E2B0B70A22E7E79F80041A071D897,D:\Sirus\_client\World of Warcraft Sirus\Risen_Depths_Extract_2026-10-04\AssetClosure\ByArchive\common.mpq\WORLD\EXPANSION02\DOODADS\GENERIC\SEAVRYKUL\SHORE\VRS_NETPILE_0100.skin
1,common.mpq,WORLD\EXPANSION02\DOODADS\GENERIC\SEAVRYKUL\SHORE\VRS_NET_01.BLP,m2-embedded-path,WORLD\EXPANSION02\DOODADS\GENERIC\SEAVRYKUL\SHORE\VRS_NETPILE_01.M2 | WORLD\EXPANSION02\DOODADS\GENERIC\SEAVRYKUL\SHORE\VRS_TENT_02.M2 | WORLD\EXPANSION02\DOODADS\GENERIC\SEAVRYKUL\WEAPONS\VRS_WEAPONRACK_01.M2 | WORLD\EXPANSION02\DOODADS\GENERIC\SEAVRYKUL\WEAPONS\VRS_WEAPONRACK_02.M2,350724,6F2CCCE6B1361D7AAC56F71F5C3ED36C3542366F,D:\Sirus\_client\World of Warcraft Sirus\Risen_Depths_Extract_2026-10-04\AssetClosure\ByArchive\common.mpq\WORLD\EXPANSION02\DOODADS\GENERIC\SEAVRYKUL\SHORE\VRS_NET_01.BLP
1,common.mpq,WORLD\EXPANSION02\DOODADS\GENERIC\SEAVRYKUL\SHORE\VRS_NET_02.BLP,m2-embedded-path,WORLD\EXPANSION02\DOODADS\GENERIC\SEAVRYKUL\SHORE\VRS_NETPILE_01.M2,23036,51D86424B755F855D52E4C6C290F2A833730B499,D:\Sirus\_client\World of Warcraft Sirus\Risen_Depths_Extract_2026-10-04\AssetClosure\ByArchive\common.mpq\WORLD\EXPANSION02\DOODADS\GENERIC\SEAVRYKUL\SHORE\VRS_NET_02.BLP
1,common.mpq,WORLD\EXPANSION02\DOODADS\GENERIC\SEAVRYKUL\SHORE\VRS_TENT_0100.skin,m2-skin-profile,WORLD\EXPANSION02\DOODADS\GENERIC\SEAVRYKUL\SHORE\VRS_TENT_01.M2,14096,A1767751D37C60B089137D79A4B1800EB712753B,D:\Sirus\_client\World of Warcraft Sirus\Risen_Depths_Extract_2026-10-04\AssetClosure\ByArchive\common.mpq\WORLD\EXPANSION02\DOODADS\GENERIC\SEAVRYKUL\SHORE\VRS_TENT_0100.skin
1,common.mpq,WORLD\EXPANSION02\DOODADS\GENERIC\SEAVRYKUL\SHORE\VRS_TENT_0200.skin,m2-skin-profile,WORLD\EXPANSION02\DOODADS\GENERIC\SEAVRYKUL\SHORE\VRS_TENT_02.M2,15072,89BB749B91A5E6B269E370B80A9CA02FD647FAAA,D:\Sirus\_client\World of Warcraft Sirus\Risen_Depths_Extract_2026-10-04\AssetClosure\ByArchive\common.mpq\WORLD\EXPANSION02\DOODADS\GENERIC\SEAVRYKUL\SHORE\VRS_TENT_0200.skin
1,common.mpq,WORLD\EXPANSION02\DOODADS\GENERIC\SEAVRYKUL\WEAPONS\VRS_WEAPONRACK_0100.skin,m2-skin-profile,WORLD\EXPANSION02\DOODADS\GENERIC\SEAVRYKUL\WEAPONS\VRS_WEAPONRACK_01.M2,16848,E9D39608DB2C1D65B1816440B07A6603988DE237,D:\Sirus\_client\World of Warcraft Sirus\Risen_Depths_Extract_2026-10-04\AssetClosure\ByArchive\common.mpq\WORLD\EXPANSION02\DOODADS\GENERIC\SEAVRYKUL\WEAPONS\VRS_WEAPONRACK_0100.skin
1,common.mpq,WORLD\EXPANSION02\DOODADS\GENERIC\SEAVRYKUL\WEAPONS\VRS_WEAPONRACK_0200.skin,m2-skin-profile,WORLD\EXPANSION02\DOODADS\GENERIC\SEAVRYKUL\WEAPONS\VRS_WEAPONRACK_02.M2,8464,D395820BA88C79CBD1444B27E3FBEE7E5F6EEB26,D:\Sirus\_client\World of Warcraft Sirus\Risen_Depths_Extract_2026-10-04\AssetClosure\ByArchive\common.mpq\WORLD\EXPANSION02\DOODADS\GENERIC\SEAVRYKUL\WEAPONS\VRS_WEAPONRACK_0200.skin
1,common.mpq,WORLD\EXPANSION02\DOODADS\BOREANTUNDRA\BEACH\BOREAN_SEAWEED_01.BLP,m2-embedded-path,WORLD\EXPANSION02\DOODADS\BOREANTUNDRA\BEACH\BOREAN_SEAWEED_01.m2 | WORLD\EXPANSION02\DOODADS\BOREANTUNDRA\BEACH\BOREAN_SEAWEED_02.m2 | WORLD\EXPANSION02\DOODADS\BOREANTUNDRA\BEACH\BOREAN_SEAWEED_03.m2 | WORLD\EXPANSION02\DOODADS\GENERIC\SEAVRYKUL\WEAPONS\VRS_WEAPONRACK_02.M2,88580,97D7AEA972EC925596E6CCB182F1FE5A756370C4,D:\Sirus\_client\World of Warcraft Sirus\Risen_Depths_Extract_2026-10-04\AssetClosure\ByArchive\common.mpq\WORLD\EXPANSION02\DOODADS\BOREANTUNDRA\BEACH\BOREAN_SEAWEED_01.BLP
1,common.mpq,WORLD\EXPANSION02\DOODADS\GENERIC\VRYKUL\BANNER\VR_SEA_BANNER_0100.skin,m2-skin-profile,WORLD\EXPANSION02\DOODADS\GENERIC\VRYKUL\BANNER\VR_SEA_BANNER_01.M2,10224,8CBB53CE79FD8D35FDFF08A1040A306B2B1F109E,D:\Sirus\_client\World of Warcraft Sirus\Risen_Depths_Extract_2026-10-04\AssetClosure\ByArchive\common.mpq\WORLD\EXPANSION02\DOODADS\GENERIC\VRYKUL\BANNER\VR_SEA_BANNER_0100.skin
1,common.mpq,WORLD\EXPANSION02\DOODADS\GENERIC\VRYKUL\BANNER\VR_SEA_BANNER.BLP,m2-embedded-path,WORLD\EXPANSION02\DOODADS\GENERIC\VRYKUL\BANNER\VR_SEA_BANNER_01.M2,88580,D2AE90A6BD9BB4310C23357D354E535824CF5826,D:\Sirus\_client\World of Warcraft Sirus\Risen_Depths_Extract_2026-10-04\AssetClosure\ByArchive\common.mpq\WORLD\EXPANSION02\DOODADS\GENERIC\VRYKUL\BANNER\VR_SEA_BANNER.BLP
1,common.mpq,WORLD\EXPANSION02\DOODADS\GENERIC\VRYKUL\BOATS\TRANSPORT_VRYKUL_MEDIUM_DOODAD00.skin,m2-skin-profile,WORLD\EXPANSION02\DOODADS\GENERIC\VRYKUL\BOATS\TRANSPORT_VRYKUL_MEDIUM_DOODAD.M2,15344,9EFF391FBBE0518FF4C781C5FC69BE56D09E8DAF,D:\Sirus\_client\World of Warcraft Sirus\Risen_Depths_Extract_2026-10-04\AssetClosure\ByArchive\common.mpq\WORLD\EXPANSION02\DOODADS\GENERIC\VRYKUL\BOATS\TRANSPORT_VRYKUL_MEDIUM_DOODAD00.skin
1,common.mpq,CREATURE\VRYKULBOAT\WOOD.BLP,m2-embedded-path,WORLD\EXPANSION02\DOODADS\GENERIC\VRYKUL\BOATS\TRANSPORT_VRYKUL_MEDIUM_DOODAD.M2,88580,8080C4417EFB78CF70AB2EF03847F8456CE3E739,D:\Sirus\_client\World of Warcraft Sirus\Risen_Depths_Extract_2026-10-04\AssetClosure\ByArchive\common.mpq\CREATURE\VRYKULBOAT\WOOD.BLP
1,common.mpq,CREATURE\VRYKULBOAT\VRYKUL_WINGSAIL.BLP,m2-embedded-path|wmo-embedded-path|wmo-material-texture,WORLD\EXPANSION02\DOODADS\GENERIC\VRYKUL\BOATS\TRANSPORT_VRYKUL_MEDIUM_DOODAD.M2 | WORLD\WMO\TRANSPORTS\VRYKULBOATS\TRANSPORT_VRYKUL_LARGE.WMO | WORLD\WMO\TRANSPORTS\VRYKULBOATS\TRANSPORT_VRYKUL_LARGELESS.WMO,88580,EF7B5E656224D9E784BD51F8014E95BA09537EE6,D:\Sirus\_client\World of Warcraft Sirus\Risen_Depths_Extract_2026-10-04\AssetClosure\ByArchive\common.mpq\CREATURE\VRYKULBOAT\VRYKUL_WINGSAIL.BLP
1,common.mpq,CREATURE\VRYKULBOAT\VRYKULDRAGONMAST.BLP,m2-embedded-path,WORLD\EXPANSION02\DOODADS\GENERIC\VRYKUL\BOATS\TRANSPORT_VRYKUL_MEDIUM_DOODAD.M2,44876,51D80D2BCEB679172F6C9D693BAB69CA5E3A5F37,D:\Sirus\_client\World of Warcraft Sirus\Risen_Depths_Extract_2026-10-04\AssetClosure\ByArchive\common.mpq\CREATURE\VRYKULBOAT\VRYKULDRAGONMAST.BLP
1,common.mpq,CREATURE\VRYKULBOAT\TRIM_01.BLP,m2-embedded-path,WORLD\EXPANSION02\DOODADS\GENERIC\VRYKUL\BOATS\TRANSPORT_VRYKUL_MEDIUM_DOODAD.M2,175948,B52AF4E09A4A41FA041ECE3AA5DCED2F49E0CBDB,D:\Sirus\_client\World of Warcraft Sirus\Risen_Depths_Extract_2026-10-04\AssetClosure\ByArchive\common.mpq\CREATURE\VRYKULBOAT\TRIM_01.BLP
1,common.mpq,CREATURE\VRYKULBOAT\VRYKUL_SEAVESSEL_WOOD01.BLP,m2-embedded-path|wmo-embedded-path|wmo-material-texture,WORLD\EXPANSION02\DOODADS\GENERIC\VRYKUL\BOATS\TRANSPORT_VRYKUL_MEDIUM_DOODAD.M2 | WORLD\WMO\TRANSPORTS\VRYKULBOATS\TRANSPORT_VRYKUL_LARGE.WMO | WORLD\WMO\TRANSPORTS\VRYKULBOATS\TRANSPORT_VRYKUL_LARGELESS.WMO,44876,DA2A8F2474BEBC24E2EAC0FD076776B97E516319,D:\Sirus\_client\World of Warcraft Sirus\Risen_Depths_Extract_2026-10-04\AssetClosure\ByArchive\common.mpq\CREATURE\VRYKULBOAT\VRYKUL_SEAVESSEL_WOOD01.BLP
1,common.mpq,WORLD\EXPANSION02\DOODADS\GENERIC\VRYKUL\BRAZIER\VR_BRAZIER_0100.skin,m2-skin-profile,WORLD\EXPANSION02\DOODADS\GENERIC\VRYKUL\BRAZIER\VR_BRAZIER_01.M2,10272,3452F492AB4259FF7511A28EBB6D72661BCCACDE,D:\Sirus\_client\World of Warcraft Sirus\Risen_Depths_Extract_2026-10-04\AssetClosure\ByArchive\common.mpq\WORLD\EXPANSION02\DOODADS\GENERIC\VRYKUL\BRAZIER\VR_BRAZIER_0100.skin
1,common.mpq,WORLD\EXPANSION02\DOODADS\GENERIC\VRYKUL\BRAZIER\VR_BRAZIER_01.BLP,m2-embedded-path,WORLD\EXPANSION02\DOODADS\GENERIC\VRYKUL\BRAZIER\VR_BRAZIER_01.M2,44876,84F4123014F49C48BC90D30FA1518FB05797CF77,D:\Sirus\_client\World of Warcraft Sirus\Risen_Depths_Extract_2026-10-04\AssetClosure\ByArchive\common.mpq\WORLD\EXPANSION02\DOODADS\GENERIC\VRYKUL\BRAZIER\VR_BRAZIER_01.BLP
1,common.mpq,WORLD\EXPANSION02\DOODADS\GENERIC\VRYKUL\BUTTRESS\VR_BUTTRESS_0100.skin,m2-skin-profile,WORLD\EXPANSION02\DOODADS\GENERIC\VRYKUL\BUTTRESS\VR_BUTTRESS_01.M2,2960,C25322726C541775E448B5BA1B966371DEF7594C,D:\Sirus\_client\World of Warcraft Sirus\Risen_Depths_Extract_2026-10-04\AssetClosure\ByArchive\common.mpq\WORLD\EXPANSION02\DOODADS\GENERIC\VRYKUL\BUTTRESS\VR_BUTTRESS_0100.skin
1,common.mpq,WORLD\EXPANSION02\DOODADS\GENERIC\VRYKUL\BUTTRESS\VR_BUTTRESS_01.BLP,m2-embedded-path,WORLD\EXPANSION02\DOODADS\GENERIC\VRYKUL\BUTTRESS\VR_BUTTRESS_01.M2,44876,B5347705FC31E1BC473C260947329A18820F860D,D:\Sirus\_client\World of Warcraft Sirus\Risen_Depths_Extract_2026-10-04\AssetClosure\ByArchive\common.mpq\WORLD\EXPANSION02\DOODADS\GENERIC\VRYKUL\BUTTRESS\VR_BUTTRESS_01.BLP
1,common.mpq,WORLD\EXPANSION02\DOODADS\GENERIC\VRYKUL\CAGE\VR_CAGE_0100.skin,m2-skin-profile,WORLD\EXPANSION02\DOODADS\GENERIC\VRYKUL\CAGE\VR_CAGE_01.M2,12528,324CC9CB7A3D44D293831917D50DDAA4D09FF4A5,D:\Sirus\_client\World of Warcraft Sirus\Risen_Depths_Extract_2026-10-04\AssetClosure\ByArchive\common.mpq\WORLD\EXPANSION02\DOODADS\GENERIC\VRYKUL\CAGE\VR_CAGE_0100.skin
1,common.mpq,WORLD\EXPANSION02\DOODADS\GENERIC\VRYKUL\CAGE\VR_CAGE_0200.skin,m2-skin-profile,WORLD\EXPANSION02\DOODADS\GENERIC\VRYKUL\CAGE\VR_CAGE_02.M2,18032,32B46FEFF294B067970DF3B7BB03B63592A6561C,D:\Sirus\_client\World of Warcraft Sirus\Risen_Depths_Extract_2026-10-04\AssetClosure\ByArchive\common.mpq\WORLD\EXPANSION02\DOODADS\GENERIC\VRYKUL\CAGE\VR_CAGE_0200.skin
1,common.mpq,WORLD\EXPANSION02\DOODADS\GENERIC\VRYKUL\CHAINS\VR_CHAINS_0200.skin,m2-skin-profile,WORLD\EXPANSION02\DOODADS\GENERIC\VRYKUL\CHAINS\VR_CHAINS_02.M2,9008,37D8E6F83192C7C1790A9604C8962DB9C1C163F7,D:\Sirus\_client\World of Warcraft Sirus\Risen_Depths_Extract_2026-10-04\AssetClosure\ByArchive\common.mpq\WORLD\EXPANSION02\DOODADS\GENERIC\VRYKUL\CHAINS\VR_CHAINS_0200.skin
1,common.mpq,WORLD\ENVIRONMENT\DOODAD\VRYKUL\VRYKULFOOTBRIDGE\TEX\VRYKULFOOTBRIDGE01.BLP,m2-embedded-path,WORLD\EXPANSION02\DOODADS\GENERIC\VRYKUL\CHAINS\VR_CHAINS_02.M2 | WORLD\EXPANSION02\DOODADS\GENERIC\VRYKUL\WAGON\VR_WAGON_01.M2,88580,EB619D1E18061AB56ED218192CE5FF094D5D1412,D:\Sirus\_client\World of Warcraft Sirus\Risen_Depths_Extract_2026-10-04\AssetClosure\ByArchive\common.mpq\WORLD\ENVIRONMENT\DOODAD\VRYKUL\VRYKULFOOTBRIDGE\TEX\VRYKULFOOTBRIDGE01.BLP
1,common.mpq,WORLD\EXPANSION02\DOODADS\GENERIC\VRYKUL\CHAIRS\VR_CHAIR_0100.skin,m2-skin-profile,WORLD\EXPANSION02\DOODADS\GENERIC\VRYKUL\CHAIRS\VR_CHAIR_01.M2,2832,E4AFD82D365C27D7E4E8E57FE2AE2DB4BBF0E5DB,D:\Sirus\_client\World of Warcraft Sirus\Risen_Depths_Extract_2026-10-04\AssetClosure\ByArchive\common.mpq\WORLD\EXPANSION02\DOODADS\GENERIC\VRYKUL\CHAIRS\VR_CHAIR_0100.skin
1,common.mpq,WORLD\EXPANSION02\DOODADS\GENERIC\VRYKUL\CHAIRS\CHAIR_01.BLP,m2-embedded-path,WORLD\EXPANSION02\DOODADS\GENERIC\VRYKUL\CHAIRS\VR_CHAIR_01.M2,88580,5D9A49D065A69291CEDCEBEBE78B684CB3805EED,D:\Sirus\_client\World of Warcraft Sirus\Risen_Depths_Extract_2026-10-04\AssetClosure\ByArchive\common.mpq\WORLD\EXPANSION02\DOODADS\GENERIC\VRYKUL\CHAIRS\CHAIR_01.BLP
1,common.mpq,WORLD\EXPANSION02\DOODADS\GENERIC\VRYKUL\COOKING\VR_COOKPOT_0100.skin,m2-skin-profile,WORLD\EXPANSION02\DOODADS\GENERIC\VRYKUL\COOKING\VR_COOKPOT_01.M2,9792,7BDAD2F9B340F09767F3026AE92CC35E1EDB36B7,D:\Sirus\_client\World of Warcraft Sirus\Risen_Depths_Extract_2026-10-04\AssetClosure\ByArchive\common.mpq\WORLD\EXPANSION02\DOODADS\GENERIC\VRYKUL\COOKING\VR_COOKPOT_0100.skin
1,common.mpq,WORLD\EXPANSION02\DOODADS\GENERIC\VRYKUL\COOKING\VRYKULCOOKPOT01.BLP,m2-embedded-path,WORLD\EXPANSION02\DOODADS\GENERIC\VRYKUL\COOKING\VR_COOKPOT_01.M2 | WORLD\EXPANSION02\DOODADS\GENERIC\VRYKUL\COOKING\VR_COOKPOT_02.M2,350724,EFD27A3388B34699605E93D3529E41441521C592,D:\Sirus\_client\World of Warcraft Sirus\Risen_Depths_Extract_2026-10-04\AssetClosure\ByArchive\common.mpq\WORLD\EXPANSION02\DOODADS\GENERIC\VRYKUL\COOKING\VRYKULCOOKPOT01.BLP
1,common.mpq,ITEM\OBJECTCOMPONENTS\WEAPON\FLAMELICKSMALL.BLP,m2-embedded-path,WORLD\EXPANSION02\DOODADS\GENERIC\VRYKUL\COOKING\VR_COOKPOT_01.M2 | WORLD\EXPANSION02\DOODADS\GENERIC\VRYKUL\COOKING\VR_COOKPOT_02.M2 | WORLD\GENERIC\OGRE\PASSIVE DOODADS\TORCHES\OGREWALLTORCH.m2,23044,1C5DE3258525080516447E30D6CBFD1ADAA33887,D:\Sirus\_client\World of Warcraft Sirus\Risen_Depths_Extract_2026-10-04\AssetClosure\ByArchive\common.mpq\ITEM\OBJECTCOMPONENTS\WEAPON\FLAMELICKSMALL.BLP
1,common.mpq,WORLD\EXPANSION02\DOODADS\GENERIC\VRYKUL\COOKING\BROTHBUBBLESALPHA.BLP,m2-embedded-path,WORLD\EXPANSION02\DOODADS\GENERIC\VRYKUL\COOKING\VR_COOKPOT_01.M2 | WORLD\EXPANSION02\DOODADS\GENERIC\VRYKUL\COOKING\VR_COOKPOT_02.M2,88580,4C4997E9608C40BC356AD871DBF875C3511D7F4B,D:\Sirus\_client\World of Warcraft Sirus\Risen_Depths_Extract_2026-10-04\AssetClosure\ByArchive\common.mpq\WORLD\EXPANSION02\DOODADS\GENERIC\VRYKUL\COOKING\BROTHBUBBLESALPHA.BLP
1,common.mpq,WORLD\GENERIC\ORC\PASSIVE DOODADS\VOODOOSTUFF\GENERICGLOW1.BLP,m2-embedded-path,WORLD\EXPANSION02\DOODADS\GENERIC\VRYKUL\COOKING\VR_COOKPOT_01.M2 | WORLD\EXPANSION02\DOODADS\GENERIC\VRYKUL\COOKING\VR_COOKPOT_02.M2,2564,AF85F8F5ED8D84621E01D64A224642C1CD0B54C5,D:\Sirus\_client\World of Warcraft Sirus\Risen_Depths_Extract_2026-10-04\AssetClosure\ByArchive\common.mpq\WORLD\GENERIC\ORC\PASSIVE DOODADS\VOODOOSTUFF\GENERICGLOW1.BLP
1,common.mpq,WORLD\EXPANSION02\DOODADS\GENERIC\VRYKUL\COOKING\VR_COOKPOT_0200.skin,m2-skin-profile,WORLD\EXPANSION02\DOODADS\GENERIC\VRYKUL\COOKING\VR_COOKPOT_02.M2,9584,B2C358BDF926AACB7BA124AD081920A0EFEB9DC0,D:\Sirus\_client\World of Warcraft Sirus\Risen_Depths_Extract_2026-10-04\AssetClosure\ByArchive\common.mpq\WORLD\EXPANSION02\DOODADS\GENERIC\VRYKUL\COOKING\VR_COOKPOT_0200.skin
1,common.mpq,WORLD\EXPANSION02\DOODADS\GENERIC\VRYKUL\HARPOON\VR_HARPOON_0200.skin,m2-skin-profile,WORLD\EXPANSION02\DOODADS\GENERIC\VRYKUL\HARPOON\VR_HARPOON_02.M2,11888,43461F625091BF97D653B510B4C47D5EFA9B00F2,D:\Sirus\_client\World of Warcraft Sirus\Risen_Depths_Extract_2026-10-04\AssetClosure\ByArchive\common.mpq\WORLD\EXPANSION02\DOODADS\GENERIC\VRYKUL\HARPOON\VR_HARPOON_0200.skin
1,common.mpq,WORLD\EXPANSION02\DOODADS\GENERIC\VRYKUL\HARPOON\VR_HARPOON.BLP,m2-embedded-path,WORLD\EXPANSION02\DOODADS\GENERIC\VRYKUL\HARPOON\VR_HARPOON_02.M2,350724,B3FF302869F6B97019207835D23C85C2DBB1948D,D:\Sirus\_client\World of Warcraft Sirus\Risen_Depths_Extract_2026-10-04\AssetClosure\ByArchive\common.mpq\WORLD\EXPANSION02\DOODADS\GENERIC\VRYKUL\HARPOON\VR_HARPOON.BLP
1,common.mpq,WORLD\EXPANSION02\DOODADS\GENERIC\VRYKUL\HARPOON\VR_HARPOON._LEVER.BLP,m2-embedded-path,WORLD\EXPANSION02\DOODADS\GENERIC\VRYKUL\HARPOON\VR_HARPOON_02.M2,350724,4E3DEC63D7745856BD42C06142939B890D224A48,D:\Sirus\_client\World of Warcraft Sirus\Risen_Depths_Extract_2026-10-04\AssetClosure\ByArchive\common.mpq\WORLD\EXPANSION02\DOODADS\GENERIC\VRYKUL\HARPOON\VR_HARPOON._LEVER.BLP
1,common.mpq,WORLD\EXPANSION02\DOODADS\GENERIC\VRYKUL\HAY\VR_HAYBAIL_0100.skin,m2-skin-profile,WORLD\EXPANSION02\DOODADS\GENERIC\VRYKUL\HAY\VR_HAYBAIL_01.M2,736,A8865CF0C3EAD7019C226E987DCF01110B40FBDF,D:\Sirus\_client\World of Warcraft Sirus\Risen_Depths_Extract_2026-10-04\AssetClosure\ByArchive\common.mpq\WORLD\EXPANSION02\DOODADS\GENERIC\VRYKUL\HAY\VR_HAYBAIL_0100.skin
1,common.mpq,WORLD\EXPANSION02\DOODADS\GENERIC\VRYKUL\HAY\VRYKULHAYBAIL.BLP,m2-embedded-path,WORLD\EXPANSION02\DOODADS\GENERIC\VRYKUL\HAY\VR_HAYBAIL_01.M2,12116,052247567152E2BEADD45F9C97B7230738611625,D:\Sirus\_client\World of Warcraft Sirus\Risen_Depths_Extract_2026-10-04\AssetClosure\ByArchive\common.mpq\WORLD\EXPANSION02\DOODADS\GENERIC\VRYKUL\HAY\VRYKULHAYBAIL.BLP
1,common.mpq,WORLD\EXPANSION02\DOODADS\GENERIC\VRYKUL\QUEST\VR_BONES_01_Q00.skin,m2-skin-profile,WORLD\EXPANSION02\DOODADS\GENERIC\VRYKUL\QUEST\VR_BONES_01_Q.M2,6816,31D08DCB32F453F56F094ACD41FF1EDBB7C4D631,D:\Sirus\_client\World of Warcraft Sirus\Risen_Depths_Extract_2026-10-04\AssetClosure\ByArchive\common.mpq\WORLD\EXPANSION02\DOODADS\GENERIC\VRYKUL\QUEST\VR_BONES_01_Q00.skin
1,common.mpq,WORLD\GENERIC\HUMAN\PASSIVE DOODADS\MEAT\MEAT03.BLP,m2-embedded-path,WORLD\EXPANSION02\DOODADS\GENERIC\VRYKUL\QUEST\VR_BONES_01_Q.M2 | WORLD\GENERIC\HUMAN\PASSIVE DOODADS\MEAT\BLOODYMEAT01.m2 | WORLD\GENERIC\HUMAN\PASSIVE DOODADS\MEAT\BLOODYMEAT02.m2,23036,30FD024005C1C979B0981705EA8A1B24EE98263F,D:\Sirus\_client\World of Warcraft Sirus\Risen_Depths_Extract_2026-10-04\AssetClosure\ByArchive\common.mpq\WORLD\GENERIC\HUMAN\PASSIVE DOODADS\MEAT\MEAT03.BLP
1,common.mpq,WORLD\GENERIC\OGRE\PASSIVE DOODADS\POODAD\FLY.BLP,m2-embedded-path,WORLD\EXPANSION02\DOODADS\GENERIC\VRYKUL\QUEST\VR_BONES_01_Q.M2 | WORLD\GENERIC\HUMAN\PASSIVE DOODADS\MEAT\BLOODYMEAT01.m2 | WORLD\GENERIC\HUMAN\PASSIVE DOODADS\MEAT\BLOODYMEAT02.m2,1540,AFA01A831062320123B6BEE3EF85DDB4595B7B4F,D:\Sirus\_client\World of Warcraft Sirus\Risen_Depths_Extract_2026-10-04\AssetClosure\ByArchive\common.mpq\WORLD\GENERIC\OGRE\PASSIVE DOODADS\POODAD\FLY.BLP
1,common.mpq,WORLD\EXPANSION02\DOODADS\GENERIC\VRYKUL\QUEST\VR_SACK_02_Q00.skin,m2-skin-profile,WORLD\EXPANSION02\DOODADS\GENERIC\VRYKUL\QUEST\VR_SACK_02_Q.M2,1440,B8DF63BF7FD16AD2F620A1B8906BA3B39FCCF230,D:\Sirus\_client\World of Warcraft Sirus\Risen_Depths_Extract_2026-10-04\AssetClosure\ByArchive\common.mpq\WORLD\EXPANSION02\DOODADS\GENERIC\VRYKUL\QUEST\VR_SACK_02_Q00.skin
1,common.mpq,WORLD\EXPANSION02\DOODADS\GENERIC\VRYKUL\QUEST\HF_SACK.BLP,m2-embedded-path,WORLD\EXPANSION02\DOODADS\GENERIC\VRYKUL\QUEST\VR_SACK_02_Q.M2,44876,439A54D6F6DCDC7D2A45CAFDF1D0697D739DA201,D:\Sirus\_client\World of Warcraft Sirus\Risen_Depths_Extract_2026-10-04\AssetClosure\ByArchive\common.mpq\WORLD\EXPANSION02\DOODADS\GENERIC\VRYKUL\QUEST\HF_SACK.BLP
1,common.mpq,WORLD\EXPANSION02\DOODADS\GENERIC\VRYKUL\ROAD\VR_ROADPLANK_0200.skin,m2-skin-profile,WORLD\EXPANSION02\DOODADS\GENERIC\VRYKUL\ROAD\VR_ROADPLANK_02.M2,5696,F1B1D2FC923B28409234F5E2143157DAF3107FE1,D:\Sirus\_client\World of Warcraft Sirus\Risen_Depths_Extract_2026-10-04\AssetClosure\ByArchive\common.mpq\WORLD\EXPANSION02\DOODADS\GENERIC\VRYKUL\ROAD\VR_ROADPLANK_0200.skin
1,common.mpq,WORLD\EXPANSION02\DOODADS\GENERIC\VRYKUL\ROAD\VRYKULROADEDGE02.BLP,m2-embedded-path,WORLD\EXPANSION02\DOODADS\GENERIC\VRYKUL\ROAD\VR_ROADPLANK_02.M2 | WORLD\EXPANSION02\DOODADS\GENERIC\VRYKUL\ROAD\VR_ROADPLANK_03.M2 | WORLD\EXPANSION02\DOODADS\GENERIC\VRYKUL\ROAD\VR_ROADPLANK_04.M2 | WORLD\EXPANSION02\DOODADS\GENERIC\VRYKUL\ROAD\VR_ROADPLANK_05.M2 | WORLD\EXPANSION02\DOODADS\GENERIC\VRYKUL\ROAD\VR_ROADPLANK_06.M2,44876,D0F6E6FC08001510CFCD25AB6A68C9EB98BE126F,D:\Sirus\_client\World of Warcraft Sirus\Risen_Depths_Extract_2026-10-04\AssetClosure\ByArchive\common.mpq\WORLD\EXPANSION02\DOODADS\GENERIC\VRYKUL\ROAD\VRYKULROADEDGE02.BLP
1,common.mpq,WORLD\EXPANSION02\DOODADS\GENERIC\VRYKUL\ROAD\VR_ROADPLANK_0300.skin,m2-skin-profile,WORLD\EXPANSION02\DOODADS\GENERIC\VRYKUL\ROAD\VR_ROADPLANK_03.M2,10752,DA416953A11FD98E2B65EF0851E1019D8C96115D,D:\Sirus\_client\World of Warcraft Sirus\Risen_Depths_Extract_2026-10-04\AssetClosure\ByArchive\common.mpq\WORLD\EXPANSION02\DOODADS\GENERIC\VRYKUL\ROAD\VR_ROADPLANK_0300.skin
1,common.mpq,WORLD\EXPANSION02\DOODADS\GENERIC\VRYKUL\ROAD\VR_ROADPLANK_0400.skin,m2-skin-profile,WORLD\EXPANSION02\DOODADS\GENERIC\VRYKUL\ROAD\VR_ROADPLANK_04.M2,3184,4E33664E1B51777501B5B6C68D79B6501E24EDD0,D:\Sirus\_client\World of Warcraft Sirus\Risen_Depths_Extract_2026-10-04\AssetClosure\ByArchive\common.mpq\WORLD\EXPANSION02\DOODADS\GENERIC\VRYKUL\ROAD\VR_ROADPLANK_0400.skin
1,common.mpq,WORLD\EXPANSION02\DOODADS\GENERIC\VRYKUL\ROAD\VR_ROADPLANK_0500.skin,m2-skin-profile,WORLD\EXPANSION02\DOODADS\GENERIC\VRYKUL\ROAD\VR_ROADPLANK_05.M2,448,4445E94BE93A0A688F9A373B78A20A96C803AEEE,D:\Sirus\_client\World of Warcraft Sirus\Risen_Depths_Extract_2026-10-04\AssetClosure\ByArchive\common.mpq\WORLD\EXPANSION02\DOODADS\GENERIC\VRYKUL\ROAD\VR_ROADPLANK_0500.skin
1,common.mpq,WORLD\EXPANSION02\DOODADS\GENERIC\VRYKUL\ROAD\VR_ROADPLANK_0600.skin,m2-skin-profile,WORLD\EXPANSION02\DOODADS\GENERIC\VRYKUL\ROAD\VR_ROADPLANK_06.M2,832,688F7C0750521895C9E0B3415D2BC0664AC95A72,D:\Sirus\_client\World of Warcraft Sirus\Risen_Depths_Extract_2026-10-04\AssetClosure\ByArchive\common.mpq\WORLD\EXPANSION02\DOODADS\GENERIC\VRYKUL\ROAD\VR_ROADPLANK_0600.skin
1,common.mpq,WORLD\EXPANSION02\DOODADS\GENERIC\VRYKUL\RUBBLE\VR_RUBBLE_0300.skin,m2-skin-profile,WORLD\EXPANSION02\DOODADS\GENERIC\VRYKUL\RUBBLE\VR_RUBBLE_03.M2,304,F5CD2E141AAD20BEFC796CD597ABCDCD2E6B0911,D:\Sirus\_client\World of Warcraft Sirus\Risen_Depths_Extract_2026-10-04\AssetClosure\ByArchive\common.mpq\WORLD\EXPANSION02\DOODADS\GENERIC\VRYKUL\RUBBLE\VR_RUBBLE_0300.skin
1,common.mpq,DUNGEONS\TEXTURES\UTGARDE\ND_UTGARDE_ROCKWALL_GRAY.BLP,m2-embedded-path,WORLD\EXPANSION02\DOODADS\GENERIC\VRYKUL\RUBBLE\VR_RUBBLE_03.M2,44876,211CDE40F313B97FCEAE5D8A3C0B4A3CA7F45200,D:\Sirus\_client\World of Warcraft Sirus\Risen_Depths_Extract_2026-10-04\AssetClosure\ByArchive\common.mpq\DUNGEONS\TEXTURES\UTGARDE\ND_UTGARDE_ROCKWALL_GRAY.BLP
1,common.mpq,WORLD\EXPANSION02\DOODADS\GENERIC\VRYKUL\SHIELD\VR_SHIELD_0100.skin,m2-skin-profile,WORLD\EXPANSION02\DOODADS\GENERIC\VRYKUL\SHIELD\VR_SHIELD_01.M2,992,AE300C26CF5B5CD8213AFA7FC4423826467D17D7,D:\Sirus\_client\World of Warcraft Sirus\Risen_Depths_Extract_2026-10-04\AssetClosure\ByArchive\common.mpq\WORLD\EXPANSION02\DOODADS\GENERIC\VRYKUL\SHIELD\VR_SHIELD_0100.skin
1,common.mpq,WORLD\EXPANSION02\DOODADS\GENERIC\VRYKUL\SHIELD\VR_SHIELD_01.BLP,m2-embedded-path,WORLD\EXPANSION02\DOODADS\GENERIC\VRYKUL\SHIELD\VR_SHIELD_01.M2,44876,CA57D0C1D5F11E7548414122343A84F88512D0F5,D:\Sirus\_client\World of Warcraft Sirus\Risen_Depths_Extract_2026-10-04\AssetClosure\ByArchive\common.mpq\WORLD\EXPANSION02\DOODADS\GENERIC\VRYKUL\SHIELD\VR_SHIELD_01.BLP
1,common.mpq,WORLD\EXPANSION02\DOODADS\GENERIC\VRYKUL\SHIELD\VR_SHIELD_0300.skin,m2-skin-profile,WORLD\EXPANSION02\DOODADS\GENERIC\VRYKUL\SHIELD\VR_SHIELD_03.M2,992,BAB904C3276765CD45BDF881ED166EAFBA0B44C4,D:\Sirus\_client\World of Warcraft Sirus\Risen_Depths_Extract_2026-10-04\AssetClosure\ByArchive\common.mpq\WORLD\EXPANSION02\DOODADS\GENERIC\VRYKUL\SHIELD\VR_SHIELD_0300.skin
1,common.mpq,WORLD\EXPANSION02\DOODADS\GENERIC\VRYKUL\SHIELD\VR_SHIELD_03.BLP,m2-embedded-path,WORLD\EXPANSION02\DOODADS\GENERIC\VRYKUL\SHIELD\VR_SHIELD_03.M2,44876,936A038B9B0591A8F8244E288E1EA4D378CC77CC,D:\Sirus\_client\World of Warcraft Sirus\Risen_Depths_Extract_2026-10-04\AssetClosure\ByArchive\common.mpq\WORLD\EXPANSION02\DOODADS\GENERIC\VRYKUL\SHIELD\VR_SHIELD_03.BLP
1,common.mpq,WORLD\EXPANSION02\DOODADS\GENERIC\VRYKUL\TABLE\VR_TABLE_LARGE_0100.skin,m2-skin-profile,WORLD\EXPANSION02\DOODADS\GENERIC\VRYKUL\TABLE\VR_TABLE_LARGE_01.M2,10656,2EC36136C7C372E173671696B3115FE11BE2B4A8,D:\Sirus\_client\World of Warcraft Sirus\Risen_Depths_Extract_2026-10-04\AssetClosure\ByArchive\common.mpq\WORLD\EXPANSION02\DOODADS\GENERIC\VRYKUL\TABLE\VR_TABLE_LARGE_0100.skin
1,common.mpq,WORLD\EXPANSION02\DOODADS\GENERIC\VRYKUL\TABLE\VRYKULTABLE01.BLP,m2-embedded-path,WORLD\EXPANSION02\DOODADS\GENERIC\VRYKUL\TABLE\VR_TABLE_LARGE_01.M2,175948,7E17088ECA81989060AEE711A5AC1169B2B8E1E0,D:\Sirus\_client\World of Warcraft Sirus\Risen_Depths_Extract_2026-10-04\AssetClosure\ByArchive\common.mpq\WORLD\EXPANSION02\DOODADS\GENERIC\VRYKUL\TABLE\VRYKULTABLE01.BLP
1,common.mpq,WORLD\EXPANSION02\DOODADS\GENERIC\VRYKUL\TABLE\VRYKULTABLETOP.BLP,m2-embedded-path,WORLD\EXPANSION02\DOODADS\GENERIC\VRYKUL\TABLE\VR_TABLE_LARGE_01.M2,175948,A4F2F3B17DEB9CA0C5C1CA35C8C53E6D9C553973,D:\Sirus\_client\World of Warcraft Sirus\Risen_Depths_Extract_2026-10-04\AssetClosure\ByArchive\common.mpq\WORLD\EXPANSION02\DOODADS\GENERIC\VRYKUL\TABLE\VRYKULTABLETOP.BLP
1,common.mpq,WORLD\EXPANSION02\DOODADS\GENERIC\VRYKUL\TABLE\VR_TABLE_MEDIUM_0100.skin,m2-skin-profile,WORLD\EXPANSION02\DOODADS\GENERIC\VRYKUL\TABLE\VR_TABLE_MEDIUM_01.M2,4352,DD2283E43DB87C906254A4834C12E2F2ED10E1DC,D:\Sirus\_client\World of Warcraft Sirus\Risen_Depths_Extract_2026-10-04\AssetClosure\ByArchive\common.mpq\WORLD\EXPANSION02\DOODADS\GENERIC\VRYKUL\TABLE\VR_TABLE_MEDIUM_0100.skin
1,common.mpq,WORLD\EXPANSION02\DOODADS\GENERIC\VRYKUL\TABLE\MEDIUMTABLETOP01.BLP,m2-embedded-path,WORLD\EXPANSION02\DOODADS\GENERIC\VRYKUL\TABLE\VR_TABLE_MEDIUM_01.M2,175948,1BCCFA7C142CA7F27C58704B3355EE984D3CC619,D:\Sirus\_client\World of Warcraft Sirus\Risen_Depths_Extract_2026-10-04\AssetClosure\ByArchive\common.mpq\WORLD\EXPANSION02\DOODADS\GENERIC\VRYKUL\TABLE\MEDIUMTABLETOP01.BLP
1,common.mpq,WORLD\EXPANSION02\DOODADS\GENERIC\VRYKUL\TROUGH\VR_TROUGH00.skin,m2-skin-profile,WORLD\EXPANSION02\DOODADS\GENERIC\VRYKUL\TROUGH\VR_TROUGH.M2,1696,D709E25A87F6C58C75DE8DC7A5E92410BBB940FF,D:\Sirus\_client\World of Warcraft Sirus\Risen_Depths_Extract_2026-10-04\AssetClosure\ByArchive\common.mpq\WORLD\EXPANSION02\DOODADS\GENERIC\VRYKUL\TROUGH\VR_TROUGH00.skin
1,common.mpq,WORLD\EXPANSION02\DOODADS\GENERIC\VRYKUL\TROUGH\VR_TORCH_01.BLP,m2-embedded-path,WORLD\EXPANSION02\DOODADS\GENERIC\VRYKUL\TROUGH\VR_TROUGH.M2,175948,E9E863D05F0F4B3FBC4B260D11A893992ED6F6D3,D:\Sirus\_client\World of Warcraft Sirus\Risen_Depths_Extract_2026-10-04\AssetClosure\ByArchive\common.mpq\WORLD\EXPANSION02\DOODADS\GENERIC\VRYKUL\TROUGH\VR_TORCH_01.BLP
1,common.mpq,WORLD\EXPANSION02\DOODADS\GENERIC\VRYKUL\TROUGH\WATER_SURFACE.BLP,m2-embedded-path,WORLD\EXPANSION02\DOODADS\GENERIC\VRYKUL\TROUGH\VR_TROUGH.M2,88580,C6BB035B8BF6E4A2C31D613C496737B4F8098826,D:\Sirus\_client\World of Warcraft Sirus\Risen_Depths_Extract_2026-10-04\AssetClosure\ByArchive\common.mpq\WORLD\EXPANSION02\DOODADS\GENERIC\VRYKUL\TROUGH\WATER_SURFACE.BLP
1,common.mpq,WORLD\EXPANSION02\DOODADS\GENERIC\VRYKUL\TROUGH\WATER_REFLECT.BLP,m2-embedded-path,WORLD\EXPANSION02\DOODADS\GENERIC\VRYKUL\TROUGH\VR_TROUGH.M2,44900,986D4AA30152BBE1EBC0A0C3A37E3C57A16E8A1E,D:\Sirus\_client\World of Warcraft Sirus\Risen_Depths_Extract_2026-10-04\AssetClosure\ByArchive\common.mpq\WORLD\EXPANSION02\DOODADS\GENERIC\VRYKUL\TROUGH\WATER_REFLECT.BLP
1,common.mpq,WORLD\GENERIC\HUMAN\PASSIVE DOODADS\VIALS\WHITERINGNOISE128.BLP,m2-embedded-path,WORLD\EXPANSION02\DOODADS\GENERIC\VRYKUL\TROUGH\VR_TROUGH.M2 | WORLD\EXPANSION03\DOODADS\WORGEN\EFFECTS\WORGEN_PUDDLESPLASH_01.m2 | WORLD\GENERIC\UNDEAD\PASSIVE DOODADS\UNDEADALCHEMYTABLE\UNDEAD_ALCHEMY_TABLE.M2,12108,643943FFDF86C4FA93E0BE6D9A603A114F15C4A7,D:\Sirus\_client\World of Warcraft Sirus\Risen_Depths_Extract_2026-10-04\AssetClosure\ByArchive\common.mpq\WORLD\GENERIC\HUMAN\PASSIVE DOODADS\VIALS\WHITERINGNOISE128.BLP
1,common.mpq,WORLD\EXPANSION01\DOODADS\SHATTRATH\PASSIVEDOODADS\LIGHTING\SMOKEWISPY_ROUNDSPONGE_EDIT.BLP,m2-embedded-path,WORLD\EXPANSION02\DOODADS\GENERIC\VRYKUL\TROUGH\VR_TROUGH.M2,6660,040FE536F7E899E1EBCE81D5EE63B4A23182D842,D:\Sirus\_client\World of Warcraft Sirus\Risen_Depths_Extract_2026-10-04\AssetClosure\ByArchive\common.mpq\WORLD\EXPANSION01\DOODADS\SHATTRATH\PASSIVEDOODADS\LIGHTING\SMOKEWISPY_ROUNDSPONGE_EDIT.BLP
1,common.mpq,WORLD\EXPANSION02\DOODADS\GENERIC\VRYKUL\WAGON\VR_WAGON_0100.skin,m2-skin-profile,WORLD\EXPANSION02\DOODADS\GENERIC\VRYKUL\WAGON\VR_WAGON_01.M2,26928,68B09184565F9B7248BF18111FA10E695FD7D01F,D:\Sirus\_client\World of Warcraft Sirus\Risen_Depths_Extract_2026-10-04\AssetClosure\ByArchive\common.mpq\WORLD\EXPANSION02\DOODADS\GENERIC\VRYKUL\WAGON\VR_WAGON_0100.skin
1,common.mpq,WORLD\EXPANSION02\DOODADS\GENERIC\VRYKUL\WAGON\VR_WAGON.BLP,m2-embedded-path,WORLD\EXPANSION02\DOODADS\GENERIC\VRYKUL\WAGON\VR_WAGON_01.M2,44876,F1E4A6CE1955F68ADC836F44855F0A5B518989DB,D:\Sirus\_client\World of Warcraft Sirus\Risen_Depths_Extract_2026-10-04\AssetClosure\ByArchive\common.mpq\WORLD\EXPANSION02\DOODADS\GENERIC\VRYKUL\WAGON\VR_WAGON.BLP
1,common.mpq,WORLD\EXPANSION02\DOODADS\GENERIC\VRYKUL\WEAPONS\VR_CRESTAXE_0100.skin,m2-skin-profile,WORLD\EXPANSION02\DOODADS\GENERIC\VRYKUL\WEAPONS\VR_CRESTAXE_01.M2,1792,114B3DAAC0A7F36D14146906CE42558E488EDDFC,D:\Sirus\_client\World of Warcraft Sirus\Risen_Depths_Extract_2026-10-04\AssetClosure\ByArchive\common.mpq\WORLD\EXPANSION02\DOODADS\GENERIC\VRYKUL\WEAPONS\VR_CRESTAXE_0100.skin
1,common.mpq,WORLD\EXPANSION02\DOODADS\GENERIC\VRYKUL\SHIELD\CREST2.BLP,m2-embedded-path,WORLD\EXPANSION02\DOODADS\GENERIC\VRYKUL\WEAPONS\VR_CRESTAXE_01.M2,175948,E8F5D9249FF12B7AF2F8A2A0EDA812E0E7A3D234,D:\Sirus\_client\World of Warcraft Sirus\Risen_Depths_Extract_2026-10-04\AssetClosure\ByArchive\common.mpq\WORLD\EXPANSION02\DOODADS\GENERIC\VRYKUL\SHIELD\CREST2.BLP
1,common.mpq,WORLD\EXPANSION02\DOODADS\GENERIC\VRYKUL\WEAPONS\VR_CRESTAXE_0200.skin,m2-skin-profile,WORLD\EXPANSION02\DOODADS\GENERIC\VRYKUL\WEAPONS\VR_CRESTAXE_02.M2,1696,3410974E81A75D553F155B5753CE66133F2ED231,D:\Sirus\_client\World of Warcraft Sirus\Risen_Depths_Extract_2026-10-04\AssetClosure\ByArchive\common.mpq\WORLD\EXPANSION02\DOODADS\GENERIC\VRYKUL\WEAPONS\VR_CRESTAXE_0200.skin
1,common.mpq,WORLD\EXPANSION02\DOODADS\GENERIC\VRYKUL\SHIELD\CREST1.BLP,m2-embedded-path,WORLD\EXPANSION02\DOODADS\GENERIC\VRYKUL\WEAPONS\VR_CRESTAXE_02.M2,175948,0E386134607FA3E7235E4277F8591D13029C41B5,D:\Sirus\_client\World of Warcraft Sirus\Risen_Depths_Extract_2026-10-04\AssetClosure\ByArchive\common.mpq\WORLD\EXPANSION02\DOODADS\GENERIC\VRYKUL\SHIELD\CREST1.BLP
1,common.mpq,WORLD\EXPANSION02\DOODADS\GENERIC\WATERFALLS\WATERFALLS_SET1_MED_HAT00.skin,m2-skin-profile,WORLD\EXPANSION02\DOODADS\GENERIC\WATERFALLS\WATERFALLS_SET1_MED_HAT.M2,4368,86271881A14F59378D084E74D8DD5B45A177A0F6,D:\Sirus\_client\World of Warcraft Sirus\Risen_Depths_Extract_2026-10-04\AssetClosure\ByArchive\common.mpq\WORLD\EXPANSION02\DOODADS\GENERIC\WATERFALLS\WATERFALLS_SET1_MED_HAT00.skin
1,common.mpq,WORLD\EXPANSION02\DOODADS\GENERIC\WATERFALLS\WATERFOAMLOOP3.BLP,m2-embedded-path,WORLD\EXPANSION02\DOODADS\GENERIC\WATERFALLS\WATERFALLS_SET1_MED_HAT.M2,88580,07B02859B066A13640098532BCCB20D0A3B0D099,D:\Sirus\_client\World of Warcraft Sirus\Risen_Depths_Extract_2026-10-04\AssetClosure\ByArchive\common.mpq\WORLD\EXPANSION02\DOODADS\GENERIC\WATERFALLS\WATERFOAMLOOP3.BLP
1,common.mpq,WORLD\EXPANSION02\DOODADS\GENERIC\WATERFALLS\WATERFOAM_RAPID.BLP,m2-embedded-path,WORLD\EXPANSION02\DOODADS\GENERIC\WATERFALLS\WATERFALLS_SET1_MED_HAT.M2,88580,B7950B0161B0F83575806B4BA2DFB6A6149E6848,D:\Sirus\_client\World of Warcraft Sirus\Risen_Depths_Extract_2026-10-04\AssetClosure\ByArchive\common.mpq\WORLD\EXPANSION02\DOODADS\GENERIC\WATERFALLS\WATERFOAM_RAPID.BLP
1,common.mpq,WORLD\EXPANSION02\DOODADS\GENERIC\WATERFALLS\WATERFALLS_SET1_MED_RIPPLES00.skin,m2-skin-profile,WORLD\EXPANSION02\DOODADS\GENERIC\WATERFALLS\WATERFALLS_SET1_MED_RIPPLES.M2,1616,9AE2D0B4509A53B14923B4B205ED75DAA3EDC476,D:\Sirus\_client\World of Warcraft Sirus\Risen_Depths_Extract_2026-10-04\AssetClosure\ByArchive\common.mpq\WORLD\EXPANSION02\DOODADS\GENERIC\WATERFALLS\WATERFALLS_SET1_MED_RIPPLES00.skin
1,common.mpq,SPELLS\T_VFX_EXPLOSION01_ALPHA_BLANK.BLP,m2-embedded-path,WORLD\EXPANSION02\DOODADS\GENERIC\WATERFALLS\WATERFALLS_SET1_MED_RIPPLES.M2,6660,58517A43DDF20AA20B70C728C1470ECD30ACC1B8,D:\Sirus\_client\World of Warcraft Sirus\Risen_Depths_Extract_2026-10-04\AssetClosure\ByArchive\common.mpq\SPELLS\T_VFX_EXPLOSION01_ALPHA_BLANK.BLP
1,common.mpq,WORLD\EXPANSION02\DOODADS\GENERIC\WATERFALLS\WATERFOAMLOOP2.BLP,m2-embedded-path,WORLD\EXPANSION02\DOODADS\GENERIC\WATERFALLS\WATERFALLS_SET1_MED_RIPPLES.M2,88580,A28B5A0995922BDB81C467ED3C3319F95C39DAAF,D:\Sirus\_client\World of Warcraft Sirus\Risen_Depths_Extract_2026-10-04\AssetClosure\ByArchive\common.mpq\WORLD\EXPANSION02\DOODADS\GENERIC\WATERFALLS\WATERFOAMLOOP2.BLP
1,common.mpq,WORLD\EXPANSION02\DOODADS\GENERIC\WATERFALLS\T_VFX_BORDER3.BLP,m2-embedded-path,WORLD\EXPANSION02\DOODADS\GENERIC\WATERFALLS\WATERFALLS_SET1_MED_RIPPLES.M2,23044,018819CBBD1D105FF024BF83C6AA030642D79DD9,D:\Sirus\_client\World of Warcraft Sirus\Risen_Depths_Extract_2026-10-04\AssetClosure\ByArchive\common.mpq\WORLD\EXPANSION02\DOODADS\GENERIC\WATERFALLS\T_VFX_BORDER3.BLP
1,common.mpq,WORLD\EXPANSION02\DOODADS\GENERIC\WATERFALLS\WATERFALLS_SET2_MED_TALL_WITHCHOP00.skin,m2-skin-profile,WORLD\EXPANSION02\DOODADS\GENERIC\WATERFALLS\WATERFALLS_SET2_MED_TALL_WITHCHOP.M2,720,D69732E894A3852F69A09AF118E62915CD71AC73,D:\Sirus\_client\World of Warcraft Sirus\Risen_Depths_Extract_2026-10-04\AssetClosure\ByArchive\common.mpq\WORLD\EXPANSION02\DOODADS\GENERIC\WATERFALLS\WATERFALLS_SET2_MED_TALL_WITHCHOP00.skin
1,common.mpq,WORLD\EXPANSION02\DOODADS\SCHOLAZAR\WATERFALLS\WATERCHOP5.BLP,m2-embedded-path,WORLD\EXPANSION02\DOODADS\GENERIC\WATERFALLS\WATERFALLS_SET2_MED_TALL_WITHCHOP.M2,88580,3866A31988400CC14294EC2C6F558776C677BEE7,D:\Sirus\_client\World of Warcraft Sirus\Risen_Depths_Extract_2026-10-04\AssetClosure\ByArchive\common.mpq\WORLD\EXPANSION02\DOODADS\SCHOLAZAR\WATERFALLS\WATERCHOP5.BLP
1,common.mpq,WORLD\EXPANSION02\DOODADS\SCHOLAZAR\WATERFALLS\WATERCHOP.BLP,m2-embedded-path,WORLD\EXPANSION02\DOODADS\GENERIC\WATERFALLS\WATERFALLS_SET2_MED_TALL_WITHCHOP.M2,88580,888EAA1405474A920D2E6F6BB123D971E6646DD9,D:\Sirus\_client\World of Warcraft Sirus\Risen_Depths_Extract_2026-10-04\AssetClosure\ByArchive\common.mpq\WORLD\EXPANSION02\DOODADS\SCHOLAZAR\WATERFALLS\WATERCHOP.BLP
1,common.mpq,WORLD\EXPANSION02\DOODADS\SCHOLAZAR\WATERFALLS\WATERCASCADE_SOFT_DIRECTIONAFLIPL.BLP,m2-embedded-path,WORLD\EXPANSION02\DOODADS\GENERIC\WATERFALLS\WATERFALLS_SET2_MED_TALL_WITHCHOP.M2,88580,9A4EC4A0BC18B8F7B4C865DDBBF8AF2B81282FC7,D:\Sirus\_client\World of Warcraft Sirus\Risen_Depths_Extract_2026-10-04\AssetClosure\ByArchive\common.mpq\WORLD\EXPANSION02\DOODADS\SCHOLAZAR\WATERFALLS\WATERCASCADE_SOFT_DIRECTIONAFLIPL.BLP
1,common.mpq,WORLD\EXPANSION02\DOODADS\SCHOLAZAR\WATERFALLS\WATERCASCADE_COLOR.BLP,m2-embedded-path,WORLD\EXPANSION02\DOODADS\GENERIC\WATERFALLS\WATERFALLS_SET2_MED_TALL_WITHCHOP.M2,88580,E45964D03A65A00BCB54FC582A62F386689E7E9E,D:\Sirus\_client\World of Warcraft Sirus\Risen_Depths_Extract_2026-10-04\AssetClosure\ByArchive\common.mpq\WORLD\EXPANSION02\DOODADS\SCHOLAZAR\WATERFALLS\WATERCASCADE_COLOR.BLP
1,common.mpq,WORLD\EXPANSION02\DOODADS\HOWLINGFJORD\FOG\HFJORD_FOG_0100.skin,m2-skin-profile,WORLD\EXPANSION02\DOODADS\HOWLINGFJORD\FOG\HFJORD_FOG_01.M2,640,69D956C934A4C56D8AE1B679C60E6BFC3F5A0F4F,D:\Sirus\_client\World of Warcraft Sirus\Risen_Depths_Extract_2026-10-04\AssetClosure\ByArchive\common.mpq\WORLD\EXPANSION02\DOODADS\HOWLINGFJORD\FOG\HFJORD_FOG_0100.skin
1,common.mpq,WORLD\EXPANSION02\DOODADS\HOWLINGFJORD\FOG\HFJORD_FOG_01.BLP,m2-embedded-path,WORLD\EXPANSION02\DOODADS\HOWLINGFJORD\FOG\HFJORD_FOG_01.M2,175948,B5547F9A69166E4F8297DA196A6B5FFC74B7FAB6,D:\Sirus\_client\World of Warcraft Sirus\Risen_Depths_Extract_2026-10-04\AssetClosure\ByArchive\common.mpq\WORLD\EXPANSION02\DOODADS\HOWLINGFJORD\FOG\HFJORD_FOG_01.BLP
1,common.mpq,WORLD\EXPANSION03\DOODADS\TWILIGHTHAMMER\SUMMONINGPORTALS\TWILIGHTSHAMMER_SUMMONINGPORTAL_WATER0100.skin,m2-skin-profile,WORLD\EXPANSION03\DOODADS\TWILIGHTHAMMER\SUMMONINGPORTALS\TWILIGHTSHAMMER_SUMMONINGPORTAL_WATER01.M2,43456,6F37FF33CDE79E6416F4BCFD400702A316909163,D:\Sirus\_client\World of Warcraft Sirus\Risen_Depths_Extract_2026-10-04\AssetClosure\ByArchive\common.mpq\WORLD\EXPANSION03\DOODADS\TWILIGHTHAMMER\SUMMONINGPORTALS\TWILIGHTSHAMMER_SUMMONINGPORTAL_WATER0100.skin
1,common.mpq,WORLD\EXPANSION03\DOODADS\TWILIGHTHAMMER\LAMPS\TWILIGHTSHAMMER_LAMPPOST_01.BLP,m2-embedded-path,WORLD\EXPANSION03\DOODADS\TWILIGHTHAMMER\SUMMONINGPORTALS\TWILIGHTSHAMMER_SUMMONINGPORTAL_WATER01.M2,88580,67B1D5D9CB49EBF9560CE7927F42AEDC168A8686,D:\Sirus\_client\World of Warcraft Sirus\Risen_Depths_Extract_2026-10-04\AssetClosure\ByArchive\common.mpq\WORLD\EXPANSION03\DOODADS\TWILIGHTHAMMER\LAMPS\TWILIGHTSHAMMER_LAMPPOST_01.BLP
1,common.mpq,WORLD\EXPANSION03\DOODADS\DARKSHOREREWORK\RAINBOWENVIRO.BLP,m2-embedded-path,WORLD\EXPANSION03\DOODADS\TWILIGHTHAMMER\SUMMONINGPORTALS\TWILIGHTSHAMMER_SUMMONINGPORTAL_WATER01.M2,3916,58153360DC48839CF4DD9703DD7818894D3E7FAD,D:\Sirus\_client\World of Warcraft Sirus\Risen_Depths_Extract_2026-10-04\AssetClosure\ByArchive\common.mpq\WORLD\EXPANSION03\DOODADS\DARKSHOREREWORK\RAINBOWENVIRO.BLP
1,common.mpq,WORLD\EXPANSION03\DOODADS\TWILIGHTHAMMER\LAMPPOST\TWILIGHTSHAMMER_TENTPOLE01.BLP,m2-embedded-path,WORLD\EXPANSION03\DOODADS\TWILIGHTHAMMER\SUMMONINGPORTALS\TWILIGHTSHAMMER_SUMMONINGPORTAL_WATER01.M2,88580,88C0D12F7E041AF2C77D7FCF51F65A789DAE8966,D:\Sirus\_client\World of Warcraft Sirus\Risen_Depths_Extract_2026-10-04\AssetClosure\ByArchive\common.mpq\WORLD\EXPANSION03\DOODADS\TWILIGHTHAMMER\LAMPPOST\TWILIGHTSHAMMER_TENTPOLE01.BLP
1,common.mpq,WORLD\EXPANSION03\DOODADS\TWILIGHTHAMMER\SUMMONINGPORTALS\TWILIGHTSHAMMER_SUMMONINGPORTAL01.BLP,m2-embedded-path,WORLD\EXPANSION03\DOODADS\TWILIGHTHAMMER\SUMMONINGPORTALS\TWILIGHTSHAMMER_SUMMONINGPORTAL_WATER01.M2,350724,01ED0BE1D6F9D24BF1BDADD57D25B8347A49BFA6,D:\Sirus\_client\World of Warcraft Sirus\Risen_Depths_Extract_2026-10-04\AssetClosure\ByArchive\common.mpq\WORLD\EXPANSION03\DOODADS\TWILIGHTHAMMER\SUMMONINGPORTALS\TWILIGHTSHAMMER_SUMMONINGPORTAL01.BLP
1,common.mpq,WORLD\EXPANSION03\DOODADS\TWILIGHTHAMMER\SUMMONINGPORTALS\TWILIGHTSHAMMER_LAMPPOST_WATER01.BLP,m2-embedded-path,WORLD\EXPANSION03\DOODADS\TWILIGHTHAMMER\SUMMONINGPORTALS\TWILIGHTSHAMMER_SUMMONINGPORTAL_WATER01.M2,175972,4B32735ACA25E1A2C0D6D331133BDCECD735B4E1,D:\Sirus\_client\World of Warcraft Sirus\Risen_Depths_Extract_2026-10-04\AssetClosure\ByArchive\common.mpq\WORLD\EXPANSION03\DOODADS\TWILIGHTHAMMER\SUMMONINGPORTALS\TWILIGHTSHAMMER_LAMPPOST_WATER01.BLP
1,common.mpq,WORLD\EXPANSION03\DOODADS\TWILIGHTHAMMER\SUMMONINGPORTALS\TWILIGHTSHAMMER_WATERWHIRL01.BLP,m2-embedded-path,WORLD\EXPANSION03\DOODADS\TWILIGHTHAMMER\SUMMONINGPORTALS\TWILIGHTSHAMMER_SUMMONINGPORTAL_WATER01.M2,88580,2335575E6BD3A970D3E73EDE45A42607C518FC26,D:\Sirus\_client\World of Warcraft Sirus\Risen_Depths_Extract_2026-10-04\AssetClosure\ByArchive\common.mpq\WORLD\EXPANSION03\DOODADS\TWILIGHTHAMMER\SUMMONINGPORTALS\TWILIGHTSHAMMER_WATERWHIRL01.BLP
1,common.mpq,WORLD\EXPANSION03\DOODADS\TWILIGHTHAMMER\LAMPPOST\GLOWBALLSMOOTHFADE.BLP,m2-embedded-path,WORLD\EXPANSION03\DOODADS\TWILIGHTHAMMER\SUMMONINGPORTALS\TWILIGHTSHAMMER_SUMMONINGPORTAL_WATER01.M2,6660,B0066375C275FB9F9E786417A3B170F9D9FEF747,D:\Sirus\_client\World of Warcraft Sirus\Risen_Depths_Extract_2026-10-04\AssetClosure\ByArchive\common.mpq\WORLD\EXPANSION03\DOODADS\TWILIGHTHAMMER\LAMPPOST\GLOWBALLSMOOTHFADE.BLP
1,common.mpq,WORLD\EXPANSION03\DOODADS\TWILIGHTHAMMER\SUMMONINGPORTALS\TWILIGHTSHAMMER_SUMMONINGPORTALCRYSTAL01.BLP,m2-embedded-path,WORLD\EXPANSION03\DOODADS\TWILIGHTHAMMER\SUMMONINGPORTALS\TWILIGHTSHAMMER_SUMMONINGPORTAL_WATER01.M2,350724,2CB5F0E89F70AE4D785475FC7FD9039FA7CBAD1A,D:\Sirus\_client\World of Warcraft Sirus\Risen_Depths_Extract_2026-10-04\AssetClosure\ByArchive\common.mpq\WORLD\EXPANSION03\DOODADS\TWILIGHTHAMMER\SUMMONINGPORTALS\TWILIGHTSHAMMER_SUMMONINGPORTALCRYSTAL01.BLP
1,common.mpq,ITEM\OBJECTCOMPONENTS\WEAPON\ORBREFLECTBRIGHT.BLP,m2-embedded-path,WORLD\EXPANSION01\DOODADS\GENERIC\NAGA\ARTIFACT\NA_ARTIFACT01.M2 | WORLD\EXPANSION03\DOODADS\TWILIGHTHAMMER\SUMMONINGPORTALS\TWILIGHTSHAMMER_SUMMONINGPORTAL_WATER01.M2,1868,5164750CC131514A4DB27DC4663BE6C494909343,D:\Sirus\_client\World of Warcraft Sirus\Risen_Depths_Extract_2026-10-04\AssetClosure\ByArchive\common.mpq\ITEM\OBJECTCOMPONENTS\WEAPON\ORBREFLECTBRIGHT.BLP
1,common.mpq,WORLD\GENERIC\MAKURA\PASSIVE DOODADS\MAKURASHELLS\MAKURASHELLS0100.skin,m2-skin-profile,WORLD\GENERIC\MAKURA\PASSIVE DOODADS\MAKURASHELLS\MAKURASHELLS01.M2,5360,4E1A86E3E28527DE9BB22BA6F8B58AE5E56605AC,D:\Sirus\_client\World of Warcraft Sirus\Risen_Depths_Extract_2026-10-04\AssetClosure\ByArchive\common.mpq\WORLD\GENERIC\MAKURA\PASSIVE DOODADS\MAKURASHELLS\MAKURASHELLS0100.skin
1,common.mpq,World\Generic\Makura\Passive Doodads\MakuraShells\LobstrokDead.blp,m2-embedded-path,WORLD\GENERIC\MAKURA\PASSIVE DOODADS\MAKURASHELLS\MAKURASHELLS01.M2 | WORLD\GENERIC\MAKURA\PASSIVE DOODADS\MAKURASHELLS\MAKURASHELLS06.M2 | WORLD\GENERIC\MAKURA\PASSIVE DOODADS\MAKURASHELLS\MAKURASHELLS07.M2,88580,981A700C9FCABCD4E0B24E2CEEDDB13066136A46,D:\Sirus\_client\World of Warcraft Sirus\Risen_Depths_Extract_2026-10-04\AssetClosure\ByArchive\common.mpq\World\Generic\Makura\Passive Doodads\MakuraShells\LobstrokDead.blp
1,common.mpq,WORLD\GENERIC\MAKURA\PASSIVE DOODADS\MAKURASHELLS\MAKURASHELLS0600.skin,m2-skin-profile,WORLD\GENERIC\MAKURA\PASSIVE DOODADS\MAKURASHELLS\MAKURASHELLS06.M2,6336,2047369B910CD932E28DF363C4C8696E029C6BE8,D:\Sirus\_client\World of Warcraft Sirus\Risen_Depths_Extract_2026-10-04\AssetClosure\ByArchive\common.mpq\WORLD\GENERIC\MAKURA\PASSIVE DOODADS\MAKURASHELLS\MAKURASHELLS0600.skin
1,common.mpq,WORLD\GENERIC\MAKURA\PASSIVE DOODADS\MAKURASHELLS\MAKURASHELLS0700.skin,m2-skin-profile,WORLD\GENERIC\MAKURA\PASSIVE DOODADS\MAKURASHELLS\MAKURASHELLS07.M2,5968,8695D761C2962A7F18E19A912475573266C9F790,D:\Sirus\_client\World of Warcraft Sirus\Risen_Depths_Extract_2026-10-04\AssetClosure\ByArchive\common.mpq\WORLD\GENERIC\MAKURA\PASSIVE DOODADS\MAKURASHELLS\MAKURASHELLS0700.skin
1,common.mpq,WORLD\GENERIC\NIGHTELF\PASSIVE DOODADS\STATUES\STATUEASZHARAARM00.skin,m2-skin-profile,WORLD\GENERIC\NIGHTELF\PASSIVE DOODADS\STATUES\STATUEASZHARAARM.M2,2224,0106D2BF487026C41D7CEC6D95132C3472725B36,D:\Sirus\_client\World of Warcraft Sirus\Risen_Depths_Extract_2026-10-04\AssetClosure\ByArchive\common.mpq\WORLD\GENERIC\NIGHTELF\PASSIVE DOODADS\STATUES\STATUEASZHARAARM00.skin
1,common.mpq,WORLD\GENERIC\NIGHTELF\PASSIVE DOODADS\STATUES\AZSHARASTATUE_HEAD.BLP,m2-embedded-path,WORLD\GENERIC\NIGHTELF\PASSIVE DOODADS\STATUES\STATUEASZHARAARM.M2 | WORLD\GENERIC\NIGHTELF\PASSIVE DOODADS\STATUES\STATUEASZHARAHEAD.M2,44876,6350C1B5065878F884A1469D7C46644D01A19174,D:\Sirus\_client\World of Warcraft Sirus\Risen_Depths_Extract_2026-10-04\AssetClosure\ByArchive\common.mpq\WORLD\GENERIC\NIGHTELF\PASSIVE DOODADS\STATUES\AZSHARASTATUE_HEAD.BLP
1,common.mpq,WORLD\GENERIC\NIGHTELF\PASSIVE DOODADS\STATUES\STATUEASZHARAHEAD00.skin,m2-skin-profile,WORLD\GENERIC\NIGHTELF\PASSIVE DOODADS\STATUES\STATUEASZHARAHEAD.M2,2704,A2530CBA0B6328C492AA082F5ED947F3CF59F9A8,D:\Sirus\_client\World of Warcraft Sirus\Risen_Depths_Extract_2026-10-04\AssetClosure\ByArchive\common.mpq\WORLD\GENERIC\NIGHTELF\PASSIVE DOODADS\STATUES\STATUEASZHARAHEAD00.skin
1,common.mpq,WORLD\GENERIC\PASSIVEDOODADS\PLAINRUNE\RUNESTONE00.skin,m2-skin-profile,WORLD\GENERIC\PASSIVEDOODADS\PLAINRUNE\RUNESTONE.M2,4960,1069FD34F3094B060087A26EF3EB4579A570FF7E,D:\Sirus\_client\World of Warcraft Sirus\Risen_Depths_Extract_2026-10-04\AssetClosure\ByArchive\common.mpq\WORLD\GENERIC\PASSIVEDOODADS\PLAINRUNE\RUNESTONE00.skin
1,common.mpq,WORLD\GENERIC\PASSIVEDOODADS\PLAINRUNE\STEPSPLAIN.BLP,m2-embedded-path,WORLD\GENERIC\PASSIVEDOODADS\PLAINRUNE\RUNESTONE.M2,12108,27747B305E4551D5194573C241507B51E786FB5B,D:\Sirus\_client\World of Warcraft Sirus\Risen_Depths_Extract_2026-10-04\AssetClosure\ByArchive\common.mpq\WORLD\GENERIC\PASSIVEDOODADS\PLAINRUNE\STEPSPLAIN.BLP
1,common.mpq,WORLD\GENERIC\PASSIVEDOODADS\PLAINRUNE\BINDSTONEJEWEL.BLP,m2-embedded-path,WORLD\GENERIC\PASSIVEDOODADS\PLAINRUNE\RUNESTONE.M2,2564,F715AFE5FCF0AA80C5E572C4FCA9701E0D3B2DA3,D:\Sirus\_client\World of Warcraft Sirus\Risen_Depths_Extract_2026-10-04\AssetClosure\ByArchive\common.mpq\WORLD\GENERIC\PASSIVEDOODADS\PLAINRUNE\BINDSTONEJEWEL.BLP
1,common.mpq,CREATURE\DRYAD\ARMORREFLECT2.BLP,m2-embedded-path,WORLD\GENERIC\PASSIVEDOODADS\PLAINRUNE\RUNESTONE.M2,3916,5E6D8379153C01FB4823F5B4400F7C0E32643D48,D:\Sirus\_client\World of Warcraft Sirus\Risen_Depths_Extract_2026-10-04\AssetClosure\ByArchive\common.mpq\CREATURE\DRYAD\ARMORREFLECT2.BLP
1,common.mpq,WORLD\EXPANSION02\DOODADS\DALARAN\GLOWBALL.BLP,m2-embedded-path,WORLD\GENERIC\PASSIVEDOODADS\PLAINRUNE\RUNESTONE.M2,1540,04545A993CD14DCE6AA41BAD453D20B096CB955C,D:\Sirus\_client\World of Warcraft Sirus\Risen_Depths_Extract_2026-10-04\AssetClosure\ByArchive\common.mpq\WORLD\EXPANSION02\DOODADS\DALARAN\GLOWBALL.BLP
1,common.mpq,WORLD\GENERIC\PASSIVEDOODADS\PLAINRUNE\SHAFTPLAIN.BLP,m2-embedded-path,WORLD\GENERIC\PASSIVEDOODADS\PLAINRUNE\RUNESTONE.M2,12124,69579C9B12150C911A041097F059EAB5EE7C8A9A,D:\Sirus\_client\World of Warcraft Sirus\Risen_Depths_Extract_2026-10-04\AssetClosure\ByArchive\common.mpq\WORLD\GENERIC\PASSIVEDOODADS\PLAINRUNE\SHAFTPLAIN.BLP
1,common.mpq,WORLD\GENERIC\NIGHTELF\PASSIVE DOODADS\MAGICALIMPLEMENTS\SMOKEWISPY01.BLP,m2-embedded-path,WORLD\GENERIC\PASSIVEDOODADS\PLAINRUNE\RUNESTONE.M2,6660,9091EF413A6A7CACEB05296380DB51029FE70D5E,D:\Sirus\_client\World of Warcraft Sirus\Risen_Depths_Extract_2026-10-04\AssetClosure\ByArchive\common.mpq\WORLD\GENERIC\NIGHTELF\PASSIVE DOODADS\MAGICALIMPLEMENTS\SMOKEWISPY01.BLP
1,common.mpq,WORLD\GENERIC\UNDEAD\PASSIVE DOODADS\UNDEADALCHEMYTABLE\UNDEAD_ALCHEMY_TABLE00.skin,m2-skin-profile,WORLD\GENERIC\UNDEAD\PASSIVE DOODADS\UNDEADALCHEMYTABLE\UNDEAD_ALCHEMY_TABLE.M2,8480,23B9999C5852F95E49FF26173E3860BB72E082F0,D:\Sirus\_client\World of Warcraft Sirus\Risen_Depths_Extract_2026-10-04\AssetClosure\ByArchive\common.mpq\WORLD\GENERIC\UNDEAD\PASSIVE DOODADS\UNDEADALCHEMYTABLE\UNDEAD_ALCHEMY_TABLE00.skin
1,common.mpq,WORLD\GENERIC\UNDEAD\PASSIVE DOODADS\UNDEADTOOLSTABLE\UNDEAD_OPERATING_TABLE.BLP,m2-embedded-path,WORLD\GENERIC\UNDEAD\PASSIVE DOODADS\UNDEADALCHEMYTABLE\UNDEAD_ALCHEMY_TABLE.M2,44876,0F41524B597FA361A67031A664DBA47841456918,D:\Sirus\_client\World of Warcraft Sirus\Risen_Depths_Extract_2026-10-04\AssetClosure\ByArchive\common.mpq\WORLD\GENERIC\UNDEAD\PASSIVE DOODADS\UNDEADTOOLSTABLE\UNDEAD_OPERATING_TABLE.BLP
1,common.mpq,WORLD\GENERIC\UNDEAD\PASSIVE DOODADS\UNDEADALCHEMYTABLE\UNDEAD_METAL_ALCHEMY_SET_TRIM.BLP,m2-embedded-path,WORLD\GENERIC\UNDEAD\PASSIVE DOODADS\UNDEADALCHEMYTABLE\UNDEAD_ALCHEMY_TABLE.M2,2556,509E3A7E7C89856DC60EF50A10AED59D5C70AFFF,D:\Sirus\_client\World of Warcraft Sirus\Risen_Depths_Extract_2026-10-04\AssetClosure\ByArchive\common.mpq\WORLD\GENERIC\UNDEAD\PASSIVE DOODADS\UNDEADALCHEMYTABLE\UNDEAD_METAL_ALCHEMY_SET_TRIM.BLP
1,common.mpq,WORLD\GENERIC\UNDEAD\PASSIVE DOODADS\UNDEADALCHEMYTABLE\VIAL04_UNDEAD.BLP,m2-embedded-path,WORLD\GENERIC\UNDEAD\PASSIVE DOODADS\UNDEADALCHEMYTABLE\UNDEAD_ALCHEMY_TABLE.M2,6652,E9E2EF2FFE145C3CCA9D261396DC9C9B07AB4C83,D:\Sirus\_client\World of Warcraft Sirus\Risen_Depths_Extract_2026-10-04\AssetClosure\ByArchive\common.mpq\WORLD\GENERIC\UNDEAD\PASSIVE DOODADS\UNDEADALCHEMYTABLE\VIAL04_UNDEAD.BLP
1,common.mpq,WORLD\GENERIC\UNDEAD\PASSIVE DOODADS\UNDEADALCHEMYTABLE\GLASSBOTTLE04_UNDEAD.BLP,m2-embedded-path,WORLD\GENERIC\UNDEAD\PASSIVE DOODADS\UNDEADALCHEMYTABLE\UNDEAD_ALCHEMY_TABLE.M2,6652,CB861ACD8F293BC73D3E20334FAF9EEAE5E200AC,D:\Sirus\_client\World of Warcraft Sirus\Risen_Depths_Extract_2026-10-04\AssetClosure\ByArchive\common.mpq\WORLD\GENERIC\UNDEAD\PASSIVE DOODADS\UNDEADALCHEMYTABLE\GLASSBOTTLE04_UNDEAD.BLP
1,common.mpq,WORLD\GENERIC\HUMAN\PASSIVE DOODADS\VIALS\RINGALPHA02.BLP,m2-embedded-path,WORLD\GENERIC\UNDEAD\PASSIVE DOODADS\UNDEADALCHEMYTABLE\UNDEAD_ALCHEMY_TABLE.M2,6660,D72EA0F7BBAF55FF4DE66C6F4AE196AE19C8699A,D:\Sirus\_client\World of Warcraft Sirus\Risen_Depths_Extract_2026-10-04\AssetClosure\ByArchive\common.mpq\WORLD\GENERIC\HUMAN\PASSIVE DOODADS\VIALS\RINGALPHA02.BLP
1,common.mpq,WORLD\GENERIC\UNDEAD\PASSIVE DOODADS\UNDEADALCHEMYTABLE\TUBE02_UNDEAD.BLP,m2-embedded-path,WORLD\GENERIC\UNDEAD\PASSIVE DOODADS\UNDEADALCHEMYTABLE\UNDEAD_ALCHEMY_TABLE.M2,2556,B438B4B1B79AB83CD729D0D31DB7402573B3A4EC,D:\Sirus\_client\World of Warcraft Sirus\Risen_Depths_Extract_2026-10-04\AssetClosure\ByArchive\common.mpq\WORLD\GENERIC\UNDEAD\PASSIVE DOODADS\UNDEADALCHEMYTABLE\TUBE02_UNDEAD.BLP
1,common.mpq,WORLD\GENERIC\UNDEAD\PASSIVE DOODADS\UNDEADALCHEMYTABLE\VIAL03_UNDEAD.BLP,m2-embedded-path,WORLD\GENERIC\UNDEAD\PASSIVE DOODADS\UNDEADALCHEMYTABLE\UNDEAD_ALCHEMY_TABLE.M2,6652,8B1775824631B09D4A00777628388AB59D1E051D,D:\Sirus\_client\World of Warcraft Sirus\Risen_Depths_Extract_2026-10-04\AssetClosure\ByArchive\common.mpq\WORLD\GENERIC\UNDEAD\PASSIVE DOODADS\UNDEADALCHEMYTABLE\VIAL03_UNDEAD.BLP
1,common.mpq,CREATURE\ELEMENTALEARTH\WATERMIST.BLP,m2-embedded-path,WORLD\GENERIC\UNDEAD\PASSIVE DOODADS\UNDEADALCHEMYTABLE\UNDEAD_ALCHEMY_TABLE.M2,2564,1F7653BEF4DBF05702F664F96FC91A7806623856,D:\Sirus\_client\World of Warcraft Sirus\Risen_Depths_Extract_2026-10-04\AssetClosure\ByArchive\common.mpq\CREATURE\ELEMENTALEARTH\WATERMIST.BLP
1,common.mpq,WORLD\GENERIC\UNDEAD\PASSIVE DOODADS\UNDEADALCHEMYTABLE\GLASS2BOTTLE04_UNDEAD.BLP,m2-embedded-path,WORLD\GENERIC\UNDEAD\PASSIVE DOODADS\UNDEADALCHEMYTABLE\UNDEAD_ALCHEMY_TABLE.M2,6652,FA8F185B0B7CE7FFE9A2FC32409A142AA7D0CBC6,D:\Sirus\_client\World of Warcraft Sirus\Risen_Depths_Extract_2026-10-04\AssetClosure\ByArchive\common.mpq\WORLD\GENERIC\UNDEAD\PASSIVE DOODADS\UNDEADALCHEMYTABLE\GLASS2BOTTLE04_UNDEAD.BLP
1,common.mpq,WORLD\GENERIC\HUMAN\PASSIVE DOODADS\VIALS\IRON04.BLP,m2-embedded-path,WORLD\GENERIC\UNDEAD\PASSIVE DOODADS\UNDEADALCHEMYTABLE\UNDEAD_ALCHEMY_TABLE.M2,2556,72ECB035F2DFEED340F986F791334C9268A982B5,D:\Sirus\_client\World of Warcraft Sirus\Risen_Depths_Extract_2026-10-04\AssetClosure\ByArchive\common.mpq\WORLD\GENERIC\HUMAN\PASSIVE DOODADS\VIALS\IRON04.BLP
1,common.mpq,WORLD\GENERIC\UNDEAD\PASSIVE DOODADS\UNDEADALCHEMYTABLE\VIAL05_UNDEAD.BLP,m2-embedded-path,WORLD\GENERIC\UNDEAD\PASSIVE DOODADS\UNDEADALCHEMYTABLE\UNDEAD_ALCHEMY_TABLE.M2,6652,99BAFD32B1A198EB3B0E8258747536E62166FD77,D:\Sirus\_client\World of Warcraft Sirus\Risen_Depths_Extract_2026-10-04\AssetClosure\ByArchive\common.mpq\WORLD\GENERIC\UNDEAD\PASSIVE DOODADS\UNDEADALCHEMYTABLE\VIAL05_UNDEAD.BLP
1,common.mpq,WORLD\KALIMDOR\ASHENVALE\PASSIVEDOODADS\SATYRRUINS\RUINSSATYRALTPILLAR0100.skin,m2-skin-profile,WORLD\KALIMDOR\ASHENVALE\PASSIVEDOODADS\SATYRRUINS\RUINSSATYRALTPILLAR01.M2,1760,B4959C3A3D80088C19E6A89488424BE915121AAD,D:\Sirus\_client\World of Warcraft Sirus\Risen_Depths_Extract_2026-10-04\AssetClosure\ByArchive\common.mpq\WORLD\KALIMDOR\ASHENVALE\PASSIVEDOODADS\SATYRRUINS\RUINSSATYRALTPILLAR0100.skin
1,common.mpq,WORLD\KALIMDOR\ASHENVALE\PASSIVEDOODADS\SATYRRUINS\RUINSSATYRPILLAR08.BLP,m2-embedded-path,WORLD\KALIMDOR\ASHENVALE\PASSIVEDOODADS\SATYRRUINS\RUINSSATYRALTPILLAR01.M2 | WORLD\KALIMDOR\ASHENVALE\PASSIVEDOODADS\SATYRRUINS\RUINSSATYRARCH.M2 | WORLD\KALIMDOR\ASHENVALE\PASSIVEDOODADS\SATYRRUINS\RUINSSATYRWALL01.M2 | WORLD\KALIMDOR\ASHENVALE\PASSIVEDOODADS\SATYRRUINS\RUINSSATYRWALL06.M2,23036,557D968D163ABEFAF0247AC6428716B5A4ED32BB,D:\Sirus\_client\World of Warcraft Sirus\Risen_Depths_Extract_2026-10-04\AssetClosure\ByArchive\common.mpq\WORLD\KALIMDOR\ASHENVALE\PASSIVEDOODADS\SATYRRUINS\RUINSSATYRPILLAR08.BLP
1,common.mpq,WORLD\KALIMDOR\ASHENVALE\PASSIVEDOODADS\SATYRRUINS\RUINSSATYRROOT06.BLP,m2-embedded-path,WORLD\KALIMDOR\ASHENVALE\PASSIVEDOODADS\SATYRRUINS\RUINSSATYRALTPILLAR01.M2 | WORLD\KALIMDOR\ASHENVALE\PASSIVEDOODADS\SATYRRUINS\RUINSSATYRARCH.M2,12108,09622A614C81F9681C4BE5366DEA40787C025D38,D:\Sirus\_client\World of Warcraft Sirus\Risen_Depths_Extract_2026-10-04\AssetClosure\ByArchive\common.mpq\WORLD\KALIMDOR\ASHENVALE\PASSIVEDOODADS\SATYRRUINS\RUINSSATYRROOT06.BLP
1,common.mpq,WORLD\KALIMDOR\ASHENVALE\PASSIVEDOODADS\SATYRRUINS\RUINSSATYRARCH00.skin,m2-skin-profile,WORLD\KALIMDOR\ASHENVALE\PASSIVEDOODADS\SATYRRUINS\RUINSSATYRARCH.M2,5104,4A32AA8630EC57DC873956FB14AFBE3927E84A83,D:\Sirus\_client\World of Warcraft Sirus\Risen_Depths_Extract_2026-10-04\AssetClosure\ByArchive\common.mpq\WORLD\KALIMDOR\ASHENVALE\PASSIVEDOODADS\SATYRRUINS\RUINSSATYRARCH00.skin
1,common.mpq,WORLD\KALIMDOR\ASHENVALE\PASSIVEDOODADS\SATYRRUINS\RUINSSATYRTOP07.BLP,m2-embedded-path,WORLD\KALIMDOR\ASHENVALE\PASSIVEDOODADS\SATYRRUINS\RUINSSATYRARCH.M2 | WORLD\KALIMDOR\ASHENVALE\PASSIVEDOODADS\SATYRRUINS\RUINSSATYRWALL01.M2 | WORLD\KALIMDOR\ASHENVALE\PASSIVEDOODADS\SATYRRUINS\RUINSSATYRWALL02.M2 | WORLD\KALIMDOR\ASHENVALE\PASSIVEDOODADS\SATYRRUINS\RUINSSATYRWALL06.M2,12108,B143E4AE9998A01B74C8087424C6C4F299A35708,D:\Sirus\_client\World of Warcraft Sirus\Risen_Depths_Extract_2026-10-04\AssetClosure\ByArchive\common.mpq\WORLD\KALIMDOR\ASHENVALE\PASSIVEDOODADS\SATYRRUINS\RUINSSATYRTOP07.BLP
1,common.mpq,WORLD\KALIMDOR\ASHENVALE\PASSIVEDOODADS\SATYRRUINS\RUINSSATYRCRUMBLEDROCK04.BLP,m2-embedded-path,WORLD\KALIMDOR\ASHENVALE\PASSIVEDOODADS\SATYRRUINS\RUINSSATYRARCH.M2 | WORLD\KALIMDOR\ASHENVALE\PASSIVEDOODADS\SATYRRUINS\RUINSSATYRWALL01.M2 | WORLD\KALIMDOR\ASHENVALE\PASSIVEDOODADS\SATYRRUINS\RUINSSATYRWALL02.M2 | WORLD\KALIMDOR\ASHENVALE\PASSIVEDOODADS\SATYRRUINS\RUINSSATYRWALL03.M2 | WORLD\KALIMDOR\ASHENVALE\PASSIVEDOODADS\SATYRRUINS\RUINSSATYRWALL04.M2 | WORLD\KALIMDOR\ASHENVALE\PASSIVEDOODADS\SATYRRUINS\RUINSSATYRWALL06.M2,44876,D0D9980542D1691FB248F05BCEC8ECFAD1EC00BC,D:\Sirus\_client\World of Warcraft Sirus\Risen_Depths_Extract_2026-10-04\AssetClosure\ByArchive\common.mpq\WORLD\KALIMDOR\ASHENVALE\PASSIVEDOODADS\SATYRRUINS\RUINSSATYRCRUMBLEDROCK04.BLP
1,common.mpq,WORLD\KALIMDOR\ASHENVALE\PASSIVEDOODADS\SATYRRUINS\PILLAR09.BLP,m2-embedded-path,WORLD\KALIMDOR\ASHENVALE\PASSIVEDOODADS\SATYRRUINS\RUINSSATYRARCH.M2,23036,0BA1D805776176CEF9249308A7889EC5B72AC519,D:\Sirus\_client\World of Warcraft Sirus\Risen_Depths_Extract_2026-10-04\AssetClosure\ByArchive\common.mpq\WORLD\KALIMDOR\ASHENVALE\PASSIVEDOODADS\SATYRRUINS\PILLAR09.BLP
1,common.mpq,WORLD\KALIMDOR\ASHENVALE\PASSIVEDOODADS\SATYRRUINS\RUINSSATYRWALL0100.skin,m2-skin-profile,WORLD\KALIMDOR\ASHENVALE\PASSIVEDOODADS\SATYRRUINS\RUINSSATYRWALL01.M2,1520,9412CDE1F9694D6E5BA57941C32225E643E8539A,D:\Sirus\_client\World of Warcraft Sirus\Risen_Depths_Extract_2026-10-04\AssetClosure\ByArchive\common.mpq\WORLD\KALIMDOR\ASHENVALE\PASSIVEDOODADS\SATYRRUINS\RUINSSATYRWALL0100.skin
1,common.mpq,WORLD\KALIMDOR\ASHENVALE\PASSIVEDOODADS\SATYRRUINS\RUINSSATYRWALL0200.skin,m2-skin-profile,WORLD\KALIMDOR\ASHENVALE\PASSIVEDOODADS\SATYRRUINS\RUINSSATYRWALL02.M2,2640,717181F06038B5901B1B8A76FC86ACC077298696,D:\Sirus\_client\World of Warcraft Sirus\Risen_Depths_Extract_2026-10-04\AssetClosure\ByArchive\common.mpq\WORLD\KALIMDOR\ASHENVALE\PASSIVEDOODADS\SATYRRUINS\RUINSSATYRWALL0200.skin
1,common.mpq,WORLD\KALIMDOR\ASHENVALE\PASSIVEDOODADS\SATYRRUINS\RUINSSATYRSTONE01.BLP,m2-embedded-path,WORLD\KALIMDOR\ASHENVALE\PASSIVEDOODADS\SATYRRUINS\RUINSSATYRWALL02.M2 | WORLD\KALIMDOR\ASHENVALE\PASSIVEDOODADS\SATYRRUINS\RUINSSATYRWALL03.M2 | WORLD\KALIMDOR\ASHENVALE\PASSIVEDOODADS\SATYRRUINS\RUINSSATYRWALL04.M2,12108,D58146ECC1E846B74F2EE42BF1C577BE1F6B12DD,D:\Sirus\_client\World of Warcraft Sirus\Risen_Depths_Extract_2026-10-04\AssetClosure\ByArchive\common.mpq\WORLD\KALIMDOR\ASHENVALE\PASSIVEDOODADS\SATYRRUINS\RUINSSATYRSTONE01.BLP
1,common.mpq,WORLD\KALIMDOR\ASHENVALE\PASSIVEDOODADS\SATYRRUINS\RUINSSATYRPILLAR02.BLP,m2-embedded-path,WORLD\KALIMDOR\ASHENVALE\PASSIVEDOODADS\SATYRRUINS\RUINSSATYRWALL02.M2 | WORLD\KALIMDOR\ASHENVALE\PASSIVEDOODADS\SATYRRUINS\RUINSSATYRWALL03.M2,44876,0502AABC2C41483B07818B649C22A637C6AB9809,D:\Sirus\_client\World of Warcraft Sirus\Risen_Depths_Extract_2026-10-04\AssetClosure\ByArchive\common.mpq\WORLD\KALIMDOR\ASHENVALE\PASSIVEDOODADS\SATYRRUINS\RUINSSATYRPILLAR02.BLP
1,common.mpq,WORLD\KALIMDOR\ASHENVALE\PASSIVEDOODADS\SATYRRUINS\RUINSSATYRWALL0300.skin,m2-skin-profile,WORLD\KALIMDOR\ASHENVALE\PASSIVEDOODADS\SATYRRUINS\RUINSSATYRWALL03.M2,1360,1CC2F9CA9663621E752F8B0B60FB2F8D866AE252,D:\Sirus\_client\World of Warcraft Sirus\Risen_Depths_Extract_2026-10-04\AssetClosure\ByArchive\common.mpq\WORLD\KALIMDOR\ASHENVALE\PASSIVEDOODADS\SATYRRUINS\RUINSSATYRWALL0300.skin
1,common.mpq,WORLD\KALIMDOR\ASHENVALE\PASSIVEDOODADS\SATYRRUINS\RUINSSATYRWALL0400.skin,m2-skin-profile,WORLD\KALIMDOR\ASHENVALE\PASSIVEDOODADS\SATYRRUINS\RUINSSATYRWALL04.M2,624,BC71CE6C950E967494F237BFF53DB4EE9EB46F89,D:\Sirus\_client\World of Warcraft Sirus\Risen_Depths_Extract_2026-10-04\AssetClosure\ByArchive\common.mpq\WORLD\KALIMDOR\ASHENVALE\PASSIVEDOODADS\SATYRRUINS\RUINSSATYRWALL0400.skin
1,common.mpq,WORLD\KALIMDOR\ASHENVALE\PASSIVEDOODADS\SATYRRUINS\RUINSSATYRWALL0600.skin,m2-skin-profile,WORLD\KALIMDOR\ASHENVALE\PASSIVEDOODADS\SATYRRUINS\RUINSSATYRWALL06.M2,1312,A0D327894B8A9EAB51FCD4D245005D2EB877174F,D:\Sirus\_client\World of Warcraft Sirus\Risen_Depths_Extract_2026-10-04\AssetClosure\ByArchive\common.mpq\WORLD\KALIMDOR\ASHENVALE\PASSIVEDOODADS\SATYRRUINS\RUINSSATYRWALL0600.skin
1,common.mpq,WORLD\KALIMDOR\ASHENVALE\PASSIVEDOODADS\SHRINES\NESHRINESATYR00.skin,m2-skin-profile,WORLD\KALIMDOR\ASHENVALE\PASSIVEDOODADS\SHRINES\NESHRINESATYR.M2,5760,5FC858759847774A3507D597FFDDE3FC5CB1551D,D:\Sirus\_client\World of Warcraft Sirus\Risen_Depths_Extract_2026-10-04\AssetClosure\ByArchive\common.mpq\WORLD\KALIMDOR\ASHENVALE\PASSIVEDOODADS\SHRINES\NESHRINESATYR00.skin
1,common.mpq,World\Kalimdor\Ashenvale\PassiveDoodads\Shrines\NEShrine01.blp,m2-embedded-path,WORLD\KALIMDOR\ASHENVALE\PASSIVEDOODADS\SHRINES\NESHRINESATYR.M2,44876,CB0FE8FC03141D351CFAD63BEEC7E7CAC20473F1,D:\Sirus\_client\World of Warcraft Sirus\Risen_Depths_Extract_2026-10-04\AssetClosure\ByArchive\common.mpq\World\Kalimdor\Ashenvale\PassiveDoodads\Shrines\NEShrine01.blp
1,common.mpq,World\Kalimdor\Ashenvale\PassiveDoodads\Shrines\NEShrineSatyr01.blp,m2-embedded-path,WORLD\KALIMDOR\ASHENVALE\PASSIVEDOODADS\SHRINES\NESHRINESATYR.M2,44876,15D0900DE2710B9B1F63799D37D29A7F2367DB9B,D:\Sirus\_client\World of Warcraft Sirus\Risen_Depths_Extract_2026-10-04\AssetClosure\ByArchive\common.mpq\World\Kalimdor\Ashenvale\PassiveDoodads\Shrines\NEShrineSatyr01.blp
1,common.mpq,WORLD\KALIMDOR\DARKSHORE\GIANTSEATURTLE\GIANTSEATURTLE0300.skin,m2-skin-profile,WORLD\KALIMDOR\DARKSHORE\GIANTSEATURTLE\GIANTSEATURTLE03.M2,2080,67D383EA626FB30D5078F36FFC9A7E2A913EDD3F,D:\Sirus\_client\World of Warcraft Sirus\Risen_Depths_Extract_2026-10-04\AssetClosure\ByArchive\common.mpq\WORLD\KALIMDOR\DARKSHORE\GIANTSEATURTLE\GIANTSEATURTLE0300.skin
1,common.mpq,World\Kalimdor\Darkshore\GiantSeaTurtle\SeaTurtleSkull01.blp,m2-embedded-path,WORLD\KALIMDOR\DARKSHORE\GIANTSEATURTLE\GIANTSEATURTLE03.M2,23036,36CEE2491A9A8E1FB025DCA711821EB4D13F2E9E,D:\Sirus\_client\World of Warcraft Sirus\Risen_Depths_Extract_2026-10-04\AssetClosure\ByArchive\common.mpq\World\Kalimdor\Darkshore\GiantSeaTurtle\SeaTurtleSkull01.blp
1,common.mpq,WORLD\KALIMDOR\DARKSHORE\GIANTSEATURTLE\GIANTSEATURTLE0400.skin,m2-skin-profile,WORLD\KALIMDOR\DARKSHORE\GIANTSEATURTLE\GIANTSEATURTLE04.M2,1344,66B3E538081BF35B5B00089568C3C55F8F829AD4,D:\Sirus\_client\World of Warcraft Sirus\Risen_Depths_Extract_2026-10-04\AssetClosure\ByArchive\common.mpq\WORLD\KALIMDOR\DARKSHORE\GIANTSEATURTLE\GIANTSEATURTLE0400.skin
1,common.mpq,WORLD\KALIMDOR\DARKSHORE\GIANTSEATURTLE\TURTLESHELLCAGE01.BLP,m2-embedded-path|wmo-embedded-path|wmo-material-texture,WORLD\KALIMDOR\DARKSHORE\GIANTSEATURTLE\GIANTSEATURTLE04.M2 | WORLD\WMO\KALIMDOR\COLLIDABLEDOODADS\DARKSHORE\GIANTSEATURTLE01\GIANTSEATURTLE01.WMO | WORLD\WMO\KALIMDOR\COLLIDABLEDOODADS\DARKSHORE\GIANTSEATURTLE02\GIANTSEATURTLE02.WMO,12116,9BA54717179227D4C01CFD51BD7CB8F7C15E6494,D:\Sirus\_client\World of Warcraft Sirus\Risen_Depths_Extract_2026-10-04\AssetClosure\ByArchive\common.mpq\WORLD\KALIMDOR\DARKSHORE\GIANTSEATURTLE\TURTLESHELLCAGE01.BLP
1,common.mpq,WORLD\KALIMDOR\DARKSHORE\GIANTSNAKESKULLS\SNAKESKULLGIANT00.skin,m2-skin-profile,WORLD\KALIMDOR\DARKSHORE\GIANTSNAKESKULLS\SNAKESKULLGIANT.M2,4672,7C748008BB805C0951E8588E4ACD0A3ECA195923,D:\Sirus\_client\World of Warcraft Sirus\Risen_Depths_Extract_2026-10-04\AssetClosure\ByArchive\common.mpq\WORLD\KALIMDOR\DARKSHORE\GIANTSNAKESKULLS\SNAKESKULLGIANT00.skin
1,common.mpq,WORLD\KALIMDOR\DARKSHORE\GIANTSNAKESKULLS\SNAKEGIANT01.BLP,m2-embedded-path,WORLD\KALIMDOR\DARKSHORE\GIANTSNAKESKULLS\SNAKESKULLGIANT.M2 | WORLD\KALIMDOR\DARKSHORE\GIANTSNAKESPINES\SNAKESPINEGIANT01.M2 | WORLD\KALIMDOR\DARKSHORE\GIANTSNAKESPINES\SNAKESPINEGIANT02.M2,44876,8031D0F7F474B87CA37AAFB49D2FEFF06CB5AA68,D:\Sirus\_client\World of Warcraft Sirus\Risen_Depths_Extract_2026-10-04\AssetClosure\ByArchive\common.mpq\WORLD\KALIMDOR\DARKSHORE\GIANTSNAKESKULLS\SNAKEGIANT01.BLP
1,common.mpq,WORLD\KALIMDOR\DARKSHORE\GIANTSNAKESPINES\SNAKESPINEGIANT0100.skin,m2-skin-profile,WORLD\KALIMDOR\DARKSHORE\GIANTSNAKESPINES\SNAKESPINEGIANT01.M2,4000,9E0419317822B3ED9CADCB9608DBC90E10C1B443,D:\Sirus\_client\World of Warcraft Sirus\Risen_Depths_Extract_2026-10-04\AssetClosure\ByArchive\common.mpq\WORLD\KALIMDOR\DARKSHORE\GIANTSNAKESPINES\SNAKESPINEGIANT0100.skin
1,common.mpq,WORLD\KALIMDOR\DARKSHORE\GIANTSNAKESPINES\SNAKESPINEGIANT0200.skin,m2-skin-profile,WORLD\KALIMDOR\DARKSHORE\GIANTSNAKESPINES\SNAKESPINEGIANT02.M2,3680,BFAF6551DFBA1839B401DFCD0BB1B60870BE005A,D:\Sirus\_client\World of Warcraft Sirus\Risen_Depths_Extract_2026-10-04\AssetClosure\ByArchive\common.mpq\WORLD\KALIMDOR\DARKSHORE\GIANTSNAKESPINES\SNAKESPINEGIANT0200.skin
1,common.mpq,WORLD\KALIMDOR\DARKSHORE\PASSIVEDOODADS\SEAMONSTERCARCASS\DARKSHORESEAMONSTER0100.skin,m2-skin-profile,WORLD\KALIMDOR\DARKSHORE\PASSIVEDOODADS\SEAMONSTERCARCASS\DARKSHORESEAMONSTER01.M2,9840,DC940DCF2860E96C1C73EC7EE71A1CF1043E7C98,D:\Sirus\_client\World of Warcraft Sirus\Risen_Depths_Extract_2026-10-04\AssetClosure\ByArchive\common.mpq\WORLD\KALIMDOR\DARKSHORE\PASSIVEDOODADS\SEAMONSTERCARCASS\DARKSHORESEAMONSTER0100.skin
1,common.mpq,WORLD\KALIMDOR\DARKSHORE\PASSIVEDOODADS\SEAMONSTERCARCASS\DEADTHRESHADONSKIN02.BLP,m2-embedded-path,WORLD\KALIMDOR\DARKSHORE\PASSIVEDOODADS\SEAMONSTERCARCASS\DARKSHORESEAMONSTER01.M2,12108,875676C866B271F4C16AD4BB05F439581677B6A7,D:\Sirus\_client\World of Warcraft Sirus\Risen_Depths_Extract_2026-10-04\AssetClosure\ByArchive\common.mpq\WORLD\KALIMDOR\DARKSHORE\PASSIVEDOODADS\SEAMONSTERCARCASS\DEADTHRESHADONSKIN02.BLP
1,common.mpq,WORLD\AZEROTH\WESTFALL\PASSIVEDOODADS\DEADSEAMONSTER\SPINEBLOODD.BLP,m2-embedded-path,WORLD\KALIMDOR\DARKSHORE\PASSIVEDOODADS\SEAMONSTERCARCASS\DARKSHORESEAMONSTER01.M2,3916,53D8DCF6335659E702227049EB9D79D11ED25F53,D:\Sirus\_client\World of Warcraft Sirus\Risen_Depths_Extract_2026-10-04\AssetClosure\ByArchive\common.mpq\WORLD\AZEROTH\WESTFALL\PASSIVEDOODADS\DEADSEAMONSTER\SPINEBLOODD.BLP
1,common.mpq,WORLD\AZEROTH\WESTFALL\PASSIVEDOODADS\DEADSEAMONSTER\SPINED.BLP,m2-embedded-path,WORLD\KALIMDOR\DARKSHORE\PASSIVEDOODADS\SEAMONSTERCARCASS\DARKSHORESEAMONSTER01.M2,12108,BB61E330F421EB4F150804914248E3E2BE49E90E,D:\Sirus\_client\World of Warcraft Sirus\Risen_Depths_Extract_2026-10-04\AssetClosure\ByArchive\common.mpq\WORLD\AZEROTH\WESTFALL\PASSIVEDOODADS\DEADSEAMONSTER\SPINED.BLP
1,common.mpq,WORLD\ENVIRONMENT\DOODAD\WESTWOOD\DEADSEAMONSTER\TEXTURE\SKULLD.BLP,m2-embedded-path,WORLD\KALIMDOR\DARKSHORE\PASSIVEDOODADS\SEAMONSTERCARCASS\DARKSHORESEAMONSTER01.M2,23036,16F850568862CE407A736B5E424445E70DBFFD07,D:\Sirus\_client\World of Warcraft Sirus\Risen_Depths_Extract_2026-10-04\AssetClosure\ByArchive\common.mpq\WORLD\ENVIRONMENT\DOODAD\WESTWOOD\DEADSEAMONSTER\TEXTURE\SKULLD.BLP
1,common.mpq,WORLD\KALIMDOR\DARKSHORE\PASSIVEDOODADS\SEAMONSTERCARCASS\DEADTHRESHADONSKIN01.BLP,m2-embedded-path,WORLD\KALIMDOR\DARKSHORE\PASSIVEDOODADS\SEAMONSTERCARCASS\DARKSHORESEAMONSTER01.M2,12108,212A7E32A42A669E6B4BFE39360B728BBB0B660E,D:\Sirus\_client\World of Warcraft Sirus\Risen_Depths_Extract_2026-10-04\AssetClosure\ByArchive\common.mpq\WORLD\KALIMDOR\DARKSHORE\PASSIVEDOODADS\SEAMONSTERCARCASS\DEADTHRESHADONSKIN01.BLP
1,common.mpq,WORLD\ENVIRONMENT\DOODAD\WESTWOOD\DEADSEAMONSTER\TEXTURE\GUTSD.BLP,m2-embedded-path,WORLD\KALIMDOR\DARKSHORE\PASSIVEDOODADS\SEAMONSTERCARCASS\DARKSHORESEAMONSTER01.M2,6652,C9EEDDD14EFFEE85969AC5C97257CF7B1ED0DF79,D:\Sirus\_client\World of Warcraft Sirus\Risen_Depths_Extract_2026-10-04\AssetClosure\ByArchive\common.mpq\WORLD\ENVIRONMENT\DOODAD\WESTWOOD\DEADSEAMONSTER\TEXTURE\GUTSD.BLP
1,common.mpq,WORLD\KALIMDOR\DARKSHORE\PASSIVEDOODADS\SEAMONSTERCARCASS\DARKFINS01.BLP,m2-embedded-path,WORLD\KALIMDOR\DARKSHORE\PASSIVEDOODADS\SEAMONSTERCARCASS\DARKSHORESEAMONSTER01.M2,23060,DC74D1B4904E27DEE94CCCF426A99EDE0B0B2B71,D:\Sirus\_client\World of Warcraft Sirus\Risen_Depths_Extract_2026-10-04\AssetClosure\ByArchive\common.mpq\WORLD\KALIMDOR\DARKSHORE\PASSIVEDOODADS\SEAMONSTERCARCASS\DARKFINS01.BLP
1,common.mpq,WORLD\KALIMDOR\DARKSHORE\THRESHADONCORPSE\DARKSHORETHRESHADONCORPSE00.skin,m2-skin-profile,WORLD\KALIMDOR\DARKSHORE\THRESHADONCORPSE\DARKSHORETHRESHADONCORPSE.M2,7504,2A9864FD3DBF576FAA53EC8DABFEF33EE14D2B31,D:\Sirus\_client\World of Warcraft Sirus\Risen_Depths_Extract_2026-10-04\AssetClosure\ByArchive\common.mpq\WORLD\KALIMDOR\DARKSHORE\THRESHADONCORPSE\DARKSHORETHRESHADONCORPSE00.skin
1,common.mpq,WORLD\KALIMDOR\DARKSHORE\THRESHADONCORPSE\THRESHADONSKIN16.BLP,m2-embedded-path,WORLD\KALIMDOR\DARKSHORE\THRESHADONCORPSE\DARKSHORETHRESHADONCORPSE.M2,44876,4BC865616616059EF4B464AE3E6F766D8944AA8E,D:\Sirus\_client\World of Warcraft Sirus\Risen_Depths_Extract_2026-10-04\AssetClosure\ByArchive\common.mpq\WORLD\KALIMDOR\DARKSHORE\THRESHADONCORPSE\THRESHADONSKIN16.BLP
1,common.mpq,WORLD\KALIMDOR\DESOLACE\PASSIVEDOODADS\ROCKS\DESOLACEROCK0400.skin,m2-skin-profile,WORLD\KALIMDOR\DESOLACE\PASSIVEDOODADS\ROCKS\DESOLACEROCK04.M2,2720,E1B0F9382CCCA99F696C8C00EEF22A9EABAC8A73,D:\Sirus\_client\World of Warcraft Sirus\Risen_Depths_Extract_2026-10-04\AssetClosure\ByArchive\common.mpq\WORLD\KALIMDOR\DESOLACE\PASSIVEDOODADS\ROCKS\DESOLACEROCK0400.skin
1,common.mpq,World\Kalimdor\Desolace\PassiveDoodads\Rocks\DesolaceRock01.blp,m2-embedded-path,WORLD\KALIMDOR\DESOLACE\PASSIVEDOODADS\ROCKS\DESOLACEROCK04.M2,44876,A951340FB8BD719BF7E0C222613B9D4A2EFE2168,D:\Sirus\_client\World of Warcraft Sirus\Risen_Depths_Extract_2026-10-04\AssetClosure\ByArchive\common.mpq\World\Kalimdor\Desolace\PassiveDoodads\Rocks\DesolaceRock01.blp
1,common.mpq,WORLD\KALIMDOR\GENERIC\PASSIVEDOODADS\ELEVENDESTORYERWRECKBACK\ELVENDESTROYERWRECKBACK00.skin,m2-skin-profile,WORLD\KALIMDOR\GENERIC\PASSIVEDOODADS\ELEVENDESTORYERWRECKBACK\ELVENDESTROYERWRECKBACK.M2,7072,859DE6F12AAAD36DC07D8F1CE00B5D70AEB4F140,D:\Sirus\_client\World of Warcraft Sirus\Risen_Depths_Extract_2026-10-04\AssetClosure\ByArchive\common.mpq\WORLD\KALIMDOR\GENERIC\PASSIVEDOODADS\ELEVENDESTORYERWRECKBACK\ELVENDESTROYERWRECKBACK00.skin
1,common.mpq,CREATURE\FIREELEMENTAL\GLOWBALL.BLP,m2-embedded-path,WORLD\GENERIC\NIGHTELF\PASSIVE DOODADS\STONERUNES\KALIDARSTONERUNE03.m2 | WORLD\KALIMDOR\GENERIC\PASSIVEDOODADS\ELEVENDESTORYERWRECKBACK\ELVENDESTROYERWRECKBACK.M2,2564,26AF030B09BBB2EB2D9D29DCAD51362F5C055805,D:\Sirus\_client\World of Warcraft Sirus\Risen_Depths_Extract_2026-10-04\AssetClosure\ByArchive\common.mpq\CREATURE\FIREELEMENTAL\GLOWBALL.BLP
1,common.mpq,WORLD\KALIMDOR\GENERIC\PASSIVEDOODADS\ELEVENDESTORYERWRECKBACK\DESTORYERWOOD02.BLP,m2-embedded-path,WORLD\KALIMDOR\GENERIC\PASSIVEDOODADS\ELEVENDESTORYERWRECKBACK\ELVENDESTROYERWRECKBACK.M2 | WORLD\KALIMDOR\GENERIC\PASSIVEDOODADS\ELEVENDESTORYERWRECKFRONT\ELVENDESTROYERWRECKFRONT.M2,44876,7F96A9AE65DB4794CE1B8542A246AEEFA440FB42,D:\Sirus\_client\World of Warcraft Sirus\Risen_Depths_Extract_2026-10-04\AssetClosure\ByArchive\common.mpq\WORLD\KALIMDOR\GENERIC\PASSIVEDOODADS\ELEVENDESTORYERWRECKBACK\DESTORYERWOOD02.BLP
1,common.mpq,WORLD\KALIMDOR\GENERIC\PASSIVEDOODADS\ELEVENDESTORYERWRECKBACK\DESTORYERPOLE.BLP,m2-embedded-path,WORLD\KALIMDOR\GENERIC\PASSIVEDOODADS\ELEVENDESTORYERWRECKBACK\ELVENDESTROYERWRECKBACK.M2 | WORLD\KALIMDOR\GENERIC\PASSIVEDOODADS\ELEVENDESTORYERWRECKFRONT\ELVENDESTROYERWRECKFRONT.M2 | WORLD\KALIMDOR\GENERIC\PASSIVEDOODADS\ELEVENDESTORYERWRECKSAILS\ELVENDESTROYERWRECKSAILS.M2,2556,1EDD5DD0375F626211C5D028940024CC15186FA8,D:\Sirus\_client\World of Warcraft Sirus\Risen_Depths_Extract_2026-10-04\AssetClosure\ByArchive\common.mpq\WORLD\KALIMDOR\GENERIC\PASSIVEDOODADS\ELEVENDESTORYERWRECKBACK\DESTORYERPOLE.BLP
1,common.mpq,WORLD\KALIMDOR\GENERIC\PASSIVEDOODADS\ELEVENDESTORYERWRECKBACK\DESTORYERREDWOOD01.BLP,m2-embedded-path,WORLD\KALIMDOR\GENERIC\PASSIVEDOODADS\ELEVENDESTORYERWRECKBACK\ELVENDESTROYERWRECKBACK.M2 | WORLD\KALIMDOR\GENERIC\PASSIVEDOODADS\ELEVENDESTORYERWRECKFRONT\ELVENDESTROYERWRECKFRONT.M2,6652,831D2E154D0AC6B1C8E995DEA4D80EA2EEB50BEF,D:\Sirus\_client\World of Warcraft Sirus\Risen_Depths_Extract_2026-10-04\AssetClosure\ByArchive\common.mpq\WORLD\KALIMDOR\GENERIC\PASSIVEDOODADS\ELEVENDESTORYERWRECKBACK\DESTORYERREDWOOD01.BLP
1,common.mpq,WORLD\KALIMDOR\GENERIC\PASSIVEDOODADS\ELEVENDESTORYERWRECKBACK\DESTORYERSAILS01.BLP,m2-embedded-path,WORLD\KALIMDOR\GENERIC\PASSIVEDOODADS\ELEVENDESTORYERWRECKBACK\ELVENDESTROYERWRECKBACK.M2 | WORLD\KALIMDOR\GENERIC\PASSIVEDOODADS\ELEVENDESTORYERWRECKFRONT\ELVENDESTROYERWRECKFRONT.M2 | WORLD\KALIMDOR\GENERIC\PASSIVEDOODADS\ELEVENDESTORYERWRECKSAILS\ELVENDESTROYERWRECKSAILS.M2,44876,17D9EDCDA3739BE6A9334D1FF64A1D5A80532D77,D:\Sirus\_client\World of Warcraft Sirus\Risen_Depths_Extract_2026-10-04\AssetClosure\ByArchive\common.mpq\WORLD\KALIMDOR\GENERIC\PASSIVEDOODADS\ELEVENDESTORYERWRECKBACK\DESTORYERSAILS01.BLP
1,common.mpq,WORLD\KALIMDOR\GENERIC\PASSIVEDOODADS\ELEVENDESTORYERWRECKBACK\DESTORYERPOLERED.BLP,m2-embedded-path,WORLD\KALIMDOR\GENERIC\PASSIVEDOODADS\ELEVENDESTORYERWRECKBACK\ELVENDESTROYERWRECKBACK.M2 | WORLD\KALIMDOR\GENERIC\PASSIVEDOODADS\ELEVENDESTORYERWRECKFRONT\ELVENDESTROYERWRECKFRONT.M2 | WORLD\KALIMDOR\GENERIC\PASSIVEDOODADS\ELEVENDESTORYERWRECKSAILS\ELVENDESTROYERWRECKSAILS.M2,6652,9B8E181409513696857AD014D5A38B295F3DBBFD,D:\Sirus\_client\World of Warcraft Sirus\Risen_Depths_Extract_2026-10-04\AssetClosure\ByArchive\common.mpq\WORLD\KALIMDOR\GENERIC\PASSIVEDOODADS\ELEVENDESTORYERWRECKBACK\DESTORYERPOLERED.BLP
1,common.mpq,WORLD\KALIMDOR\GENERIC\PASSIVEDOODADS\ELEVENDESTORYERWRECKBACK\DESTORYERLAMP.BLP,m2-embedded-path,WORLD\KALIMDOR\GENERIC\PASSIVEDOODADS\ELEVENDESTORYERWRECKBACK\ELVENDESTROYERWRECKBACK.M2,6660,7120DCF58B2073F0B91E70C2B5C3FC65E8B0A3B0,D:\Sirus\_client\World of Warcraft Sirus\Risen_Depths_Extract_2026-10-04\AssetClosure\ByArchive\common.mpq\WORLD\KALIMDOR\GENERIC\PASSIVEDOODADS\ELEVENDESTORYERWRECKBACK\DESTORYERLAMP.BLP
1,common.mpq,WORLD\KALIMDOR\GENERIC\PASSIVEDOODADS\ELEVENDESTORYERWRECKBACK\DESTORYERLAMPTOP.BLP,m2-embedded-path,WORLD\KALIMDOR\GENERIC\PASSIVEDOODADS\ELEVENDESTORYERWRECKBACK\ELVENDESTROYERWRECKBACK.M2,2556,AC0AF9B1AA5080537EA2F92EDAFC66DDDD3524D3,D:\Sirus\_client\World of Warcraft Sirus\Risen_Depths_Extract_2026-10-04\AssetClosure\ByArchive\common.mpq\WORLD\KALIMDOR\GENERIC\PASSIVEDOODADS\ELEVENDESTORYERWRECKBACK\DESTORYERLAMPTOP.BLP
1,common.mpq,WORLD\KALIMDOR\GENERIC\PASSIVEDOODADS\ELEVENDESTORYERWRECKBACK\DESTORYERRUDDER.BLP,m2-embedded-path,WORLD\KALIMDOR\GENERIC\PASSIVEDOODADS\ELEVENDESTORYERWRECKBACK\ELVENDESTROYERWRECKBACK.M2,12116,779BA7C75D0593DEF89C494015535A34777C87D6,D:\Sirus\_client\World of Warcraft Sirus\Risen_Depths_Extract_2026-10-04\AssetClosure\ByArchive\common.mpq\WORLD\KALIMDOR\GENERIC\PASSIVEDOODADS\ELEVENDESTORYERWRECKBACK\DESTORYERRUDDER.BLP
1,common.mpq,WORLD\KALIMDOR\GENERIC\PASSIVEDOODADS\ELEVENDESTORYERWRECKFRONT\ELVENDESTROYERWRECKFRONT00.skin,m2-skin-profile,WORLD\KALIMDOR\GENERIC\PASSIVEDOODADS\ELEVENDESTORYERWRECKFRONT\ELVENDESTROYERWRECKFRONT.M2,7872,D20597D0F25814F618DEABB8892444B8CDDF4D0A,D:\Sirus\_client\World of Warcraft Sirus\Risen_Depths_Extract_2026-10-04\AssetClosure\ByArchive\common.mpq\WORLD\KALIMDOR\GENERIC\PASSIVEDOODADS\ELEVENDESTORYERWRECKFRONT\ELVENDESTROYERWRECKFRONT00.skin
1,common.mpq,WORLD\KALIMDOR\GENERIC\PASSIVEDOODADS\ELEVENDESTORYERWRECKFRONT\DESTORYERBLADE01.BLP,m2-embedded-path,WORLD\KALIMDOR\GENERIC\PASSIVEDOODADS\ELEVENDESTORYERWRECKFRONT\ELVENDESTROYERWRECKFRONT.M2,23036,E6509086F8C1BC538FA6CB6212E0027605B509B0,D:\Sirus\_client\World of Warcraft Sirus\Risen_Depths_Extract_2026-10-04\AssetClosure\ByArchive\common.mpq\WORLD\KALIMDOR\GENERIC\PASSIVEDOODADS\ELEVENDESTORYERWRECKFRONT\DESTORYERBLADE01.BLP
1,common.mpq,WORLD\KALIMDOR\GENERIC\PASSIVEDOODADS\ELEVENDESTORYERWRECKFRONT\DESTORYERBLADE02.BLP,m2-embedded-path,WORLD\KALIMDOR\GENERIC\PASSIVEDOODADS\ELEVENDESTORYERWRECKFRONT\ELVENDESTROYERWRECKFRONT.M2,23036,F266C886F6FDD21C4D9AE1DE42AD79D1AE4BB903,D:\Sirus\_client\World of Warcraft Sirus\Risen_Depths_Extract_2026-10-04\AssetClosure\ByArchive\common.mpq\WORLD\KALIMDOR\GENERIC\PASSIVEDOODADS\ELEVENDESTORYERWRECKFRONT\DESTORYERBLADE02.BLP
1,common.mpq,WORLD\KALIMDOR\GENERIC\PASSIVEDOODADS\ELEVENDESTORYERWRECKFRONT\DESTORYERBLADEALL.BLP,m2-embedded-path,WORLD\KALIMDOR\GENERIC\PASSIVEDOODADS\ELEVENDESTORYERWRECKFRONT\ELVENDESTROYERWRECKFRONT.M2,44876,22298A1285B940123FB3A3390F8F78B2D046E913,D:\Sirus\_client\World of Warcraft Sirus\Risen_Depths_Extract_2026-10-04\AssetClosure\ByArchive\common.mpq\WORLD\KALIMDOR\GENERIC\PASSIVEDOODADS\ELEVENDESTORYERWRECKFRONT\DESTORYERBLADEALL.BLP
1,common.mpq,WORLD\ENVIRONMENT\DOODAD\DARKSHORE\GIANTSEATURTLEBONES\TEXTURE\BRIAN\TURTLEROPE1.BLP,m2-embedded-path|wmo-embedded-path|wmo-material-texture,WORLD\KALIMDOR\GENERIC\PASSIVEDOODADS\ELEVENDESTORYERWRECKFRONT\ELVENDESTROYERWRECKFRONT.M2 | WORLD\WMO\KALIMDOR\COLLIDABLEDOODADS\DARKSHORE\GIANTSEATURTLE01\GIANTSEATURTLE01.WMO,6660,7473F1E91037B00E8E13CA23C4CDBDC885350DF0,D:\Sirus\_client\World of Warcraft Sirus\Risen_Depths_Extract_2026-10-04\AssetClosure\ByArchive\common.mpq\WORLD\ENVIRONMENT\DOODAD\DARKSHORE\GIANTSEATURTLEBONES\TEXTURE\BRIAN\TURTLEROPE1.BLP
1,common.mpq,WORLD\KALIMDOR\GENERIC\PASSIVEDOODADS\ELEVENDESTORYERWRECKSAILS\ELVENDESTROYERWRECKSAILS00.skin,m2-skin-profile,WORLD\KALIMDOR\GENERIC\PASSIVEDOODADS\ELEVENDESTORYERWRECKSAILS\ELVENDESTROYERWRECKSAILS.M2,1616,2888975ED59592E0B50B159E5434D326671DB523,D:\Sirus\_client\World of Warcraft Sirus\Risen_Depths_Extract_2026-10-04\AssetClosure\ByArchive\common.mpq\WORLD\KALIMDOR\GENERIC\PASSIVEDOODADS\ELEVENDESTORYERWRECKSAILS\ELVENDESTROYERWRECKSAILS00.skin
1,common.mpq,WORLD\KALIMDOR\SILITHUS\PASSIVEDOODADS\TWILIGHTTABLET\TWILIGHTTABLETUPPER00.skin,m2-skin-profile,WORLD\KALIMDOR\SILITHUS\PASSIVEDOODADS\TWILIGHTTABLET\TWILIGHTTABLETUPPER.M2,1552,7F1F9741E39C62DEF1EA5344DF7DF4D6BC038512,D:\Sirus\_client\World of Warcraft Sirus\Risen_Depths_Extract_2026-10-04\AssetClosure\ByArchive\common.mpq\WORLD\KALIMDOR\SILITHUS\PASSIVEDOODADS\TWILIGHTTABLET\TWILIGHTTABLETUPPER00.skin
1,common.mpq,WORLD\KALIMDOR\SILITHUS\PASSIVEDOODADS\TWILIGHTTABLET\TWILIGHTTABLET.BLP,m2-embedded-path,WORLD\KALIMDOR\SILITHUS\PASSIVEDOODADS\TWILIGHTTABLET\TWILIGHTTABLETUPPER.M2,12108,82F97F88F204D5D46D406F1F99ECBCC9813966F3,D:\Sirus\_client\World of Warcraft Sirus\Risen_Depths_Extract_2026-10-04\AssetClosure\ByArchive\common.mpq\WORLD\KALIMDOR\SILITHUS\PASSIVEDOODADS\TWILIGHTTABLET\TWILIGHTTABLET.BLP
1,common.mpq,DUNGEONS\TEXTURES\MAGNATAR\BOREAN_CEILING.BLP,wmo-embedded-path|wmo-material-texture,WORLD\WMO\DUNGEON\BOREANMAGNATAURMICRO\BOREANMAGNATAURMICRO_1ROOM.WMO,44876,C3BD78BF7B69B921CEF0976AA762C2FDE4EBBEA8,D:\Sirus\_client\World of Warcraft Sirus\Risen_Depths_Extract_2026-10-04\AssetClosure\ByArchive\common.mpq\DUNGEONS\TEXTURES\MAGNATAR\BOREAN_CEILING.BLP
1,common.mpq,DUNGEONS\TEXTURES\MAGNATAR\EB_BOREAN_MIDFLOORSMOOTH.BLP,wmo-embedded-path|wmo-material-texture,WORLD\WMO\DUNGEON\BOREANMAGNATAURMICRO\BOREANMAGNATAURMICRO_1ROOM.WMO,44876,BA3F0023609B37E51EA4700E713767EFB19A318D,D:\Sirus\_client\World of Warcraft Sirus\Risen_Depths_Extract_2026-10-04\AssetClosure\ByArchive\common.mpq\DUNGEONS\TEXTURES\MAGNATAR\EB_BOREAN_MIDFLOORSMOOTH.BLP
1,common.mpq,DUNGEONS\TEXTURES\MAGNATAR\EB_BOREAN_MIDFLOORCRACKLED.BLP,wmo-embedded-path|wmo-material-texture,WORLD\WMO\DUNGEON\BOREANMAGNATAURMICRO\BOREANMAGNATAURMICRO_1ROOM.WMO,44876,97129A120591DEC264C65A9ED34FB600DB054DA6,D:\Sirus\_client\World of Warcraft Sirus\Risen_Depths_Extract_2026-10-04\AssetClosure\ByArchive\common.mpq\DUNGEONS\TEXTURES\MAGNATAR\EB_BOREAN_MIDFLOORCRACKLED.BLP
1,common.mpq,DUNGEONS\TEXTURES\MAGNATAR\EB_BOREAN_CAVERNWALL02.BLP,wmo-embedded-path|wmo-material-texture,WORLD\WMO\DUNGEON\BOREANMAGNATAURMICRO\BOREANMAGNATAURMICRO_1ROOM.WMO,44876,DF8BD5D107DC0F920B2B0E6AF242BB00967A9382,D:\Sirus\_client\World of Warcraft Sirus\Risen_Depths_Extract_2026-10-04\AssetClosure\ByArchive\common.mpq\DUNGEONS\TEXTURES\MAGNATAR\EB_BOREAN_CAVERNWALL02.BLP
1,common.mpq,DUNGEONS\TEXTURES\MAGNATAR\BOREAN_EXT_ROCK.BLP,wmo-embedded-path|wmo-material-texture,WORLD\WMO\DUNGEON\BOREANMAGNATAURMICRO\BOREANMAGNATAURMICRO_1ROOM.WMO,44876,ED09D2A6D9958AA9A55915172504026024C1E317,D:\Sirus\_client\World of Warcraft Sirus\Risen_Depths_Extract_2026-10-04\AssetClosure\ByArchive\common.mpq\DUNGEONS\TEXTURES\MAGNATAR\BOREAN_EXT_ROCK.BLP
1,common.mpq,WORLD\GENERIC\PASSIVEDOODADS\FURNITURE\REFUSE\BONE01.m2,wmo-doodad-model|wmo-embedded-path,WORLD\WMO\DUNGEON\BOREANMAGNATAURMICRO\BOREANMAGNATAURMICRO_1ROOM.WMO,2208,7395F6F775A94694EABD09FB4DBB34622CC4F708,D:\Sirus\_client\World of Warcraft Sirus\Risen_Depths_Extract_2026-10-04\AssetClosure\ByArchive\common.mpq\WORLD\GENERIC\PASSIVEDOODADS\FURNITURE\REFUSE\BONE01.m2
1,common.mpq,WORLD\GENERIC\PASSIVEDOODADS\FURNITURE\REFUSE\BONE02.m2,wmo-doodad-model|wmo-embedded-path,WORLD\WMO\DUNGEON\BOREANMAGNATAURMICRO\BOREANMAGNATAURMICRO_1ROOM.WMO,2256,D5F2F9CB1F5E7BA817908356A51C64A59D7A580C,D:\Sirus\_client\World of Warcraft Sirus\Risen_Depths_Extract_2026-10-04\AssetClosure\ByArchive\common.mpq\WORLD\GENERIC\PASSIVEDOODADS\FURNITURE\REFUSE\BONE02.m2
1,common.mpq,WORLD\GENERIC\ORC\PASSIVE DOODADS\BURNTOUTPOSTS\BURNTOUTPOST05.m2,wmo-doodad-model|wmo-embedded-path,WORLD\WMO\DUNGEON\BOREANMAGNATAURMICRO\BOREANMAGNATAURMICRO_1ROOM.WMO,2608,F0D97AB0A44B558FCC4952C0D6BD613ECC4C7D39,D:\Sirus\_client\World of Warcraft Sirus\Risen_Depths_Extract_2026-10-04\AssetClosure\ByArchive\common.mpq\WORLD\GENERIC\ORC\PASSIVE DOODADS\BURNTOUTPOSTS\BURNTOUTPOST05.m2
1,common.mpq,WORLD\GENERIC\ORC\PASSIVE DOODADS\BURNTOUTPOSTS\BURNTOUTPOST04.m2,wmo-doodad-model|wmo-embedded-path,WORLD\WMO\DUNGEON\BOREANMAGNATAURMICRO\BOREANMAGNATAURMICRO_1ROOM.WMO,5072,F7771DCBE9E09812A0F4C63E51657A3D7DF8ECCA,D:\Sirus\_client\World of Warcraft Sirus\Risen_Depths_Extract_2026-10-04\AssetClosure\ByArchive\common.mpq\WORLD\GENERIC\ORC\PASSIVE DOODADS\BURNTOUTPOSTS\BURNTOUTPOST04.m2
1,common.mpq,WORLD\EXPANSION02\DOODADS\BOREANTUNDRA\BUSHES\BOREAN_SHRUB_04.m2,wmo-doodad-model|wmo-embedded-path,WORLD\WMO\DUNGEON\BOREANMAGNATAURMICRO\BOREANMAGNATAURMICRO_1ROOM.WMO,32368,AF3EB2F3465807479D618913A5513C07236750AE,D:\Sirus\_client\World of Warcraft Sirus\Risen_Depths_Extract_2026-10-04\AssetClosure\ByArchive\common.mpq\WORLD\EXPANSION02\DOODADS\BOREANTUNDRA\BUSHES\BOREAN_SHRUB_04.m2
1,common.mpq,WORLD\EXPANSION02\DOODADS\BOREANTUNDRA\BUSHES\BOREAN_SHRUB_02.m2,wmo-doodad-model|wmo-embedded-path,WORLD\WMO\DUNGEON\BOREANMAGNATAURMICRO\BOREANMAGNATAURMICRO_1ROOM.WMO,45376,DA66512B8DF9E0764423FE6A56F3CDF25A60693D,D:\Sirus\_client\World of Warcraft Sirus\Risen_Depths_Extract_2026-10-04\AssetClosure\ByArchive\common.mpq\WORLD\EXPANSION02\DOODADS\BOREANTUNDRA\BUSHES\BOREAN_SHRUB_02.m2
1,common.mpq,WORLD\GENERIC\ORC\PASSIVE DOODADS\BURNTOUTPOSTS\BURNTOUTPOST06.m2,wmo-doodad-model|wmo-embedded-path,WORLD\WMO\DUNGEON\BOREANMAGNATAURMICRO\BOREANMAGNATAURMICRO_1ROOM.WMO,1664,FB501169986303569F1727E8FC9DE0A74CA82840,D:\Sirus\_client\World of Warcraft Sirus\Risen_Depths_Extract_2026-10-04\AssetClosure\ByArchive\common.mpq\WORLD\GENERIC\ORC\PASSIVE DOODADS\BURNTOUTPOSTS\BURNTOUTPOST06.m2
1,common.mpq,WORLD\GENERIC\OGRE\PASSIVE DOODADS\TORCHES\OGREWALLTORCH.m2,wmo-doodad-model|wmo-embedded-path,WORLD\WMO\DUNGEON\BOREANMAGNATAURMICRO\BOREANMAGNATAURMICRO_1ROOM.WMO,6848,DA261237A53FC98E12CF98313FFFBE069152E299,D:\Sirus\_client\World of Warcraft Sirus\Risen_Depths_Extract_2026-10-04\AssetClosure\ByArchive\common.mpq\WORLD\GENERIC\OGRE\PASSIVE DOODADS\TORCHES\OGREWALLTORCH.m2
1,common.mpq,WORLD\GENERIC\HUMAN\PASSIVE DOODADS\MEAT\BLOODYMEAT01.m2,wmo-doodad-model|wmo-embedded-path,WORLD\WMO\DUNGEON\BOREANMAGNATAURMICRO\BOREANMAGNATAURMICRO_1ROOM.WMO,10352,F5618E3DC44C90088D2D57E336987419078050CA,D:\Sirus\_client\World of Warcraft Sirus\Risen_Depths_Extract_2026-10-04\AssetClosure\ByArchive\common.mpq\WORLD\GENERIC\HUMAN\PASSIVE DOODADS\MEAT\BLOODYMEAT01.m2
1,common.mpq,WORLD\GENERIC\HUMAN\PASSIVE DOODADS\MEAT\BLOODYMEAT02.m2,wmo-doodad-model|wmo-embedded-path,WORLD\WMO\DUNGEON\BOREANMAGNATAURMICRO\BOREANMAGNATAURMICRO_1ROOM.WMO,9104,6B1988FD3E895ADF4A6688F359C3CF73EB5A6B68,D:\Sirus\_client\World of Warcraft Sirus\Risen_Depths_Extract_2026-10-04\AssetClosure\ByArchive\common.mpq\WORLD\GENERIC\HUMAN\PASSIVE DOODADS\MEAT\BLOODYMEAT02.m2
1,common.mpq,WORLD\GENERIC\PASSIVEDOODADS\WALL\BONES\CAVEWALLBONES02.m2,wmo-doodad-model|wmo-embedded-path,WORLD\WMO\DUNGEON\BOREANMAGNATAURMICRO\BOREANMAGNATAURMICRO_1ROOM.WMO,12576,E7B3414B847CEBDAE8057D5B31A8A1DE25D5314E,D:\Sirus\_client\World of Warcraft Sirus\Risen_Depths_Extract_2026-10-04\AssetClosure\ByArchive\common.mpq\WORLD\GENERIC\PASSIVEDOODADS\WALL\BONES\CAVEWALLBONES02.m2
1,common.mpq,WORLD\KHAZMODAN\WETLANDS\PASSIVEDOODADS\DRAGONBONES\DRAGONBONESBODY.m2,wmo-doodad-model|wmo-embedded-path,WORLD\WMO\DUNGEON\BOREANMAGNATAURMICRO\BOREANMAGNATAURMICRO_1ROOM.WMO,16864,7C9C23A8645741E67657AA81A1BD4C0623FE5866,D:\Sirus\_client\World of Warcraft Sirus\Risen_Depths_Extract_2026-10-04\AssetClosure\ByArchive\common.mpq\WORLD\KHAZMODAN\WETLANDS\PASSIVEDOODADS\DRAGONBONES\DRAGONBONESBODY.m2
1,common.mpq,WORLD\KHAZMODAN\WETLANDS\PASSIVEDOODADS\DRAGONBONES\DRAGONBONESSKULL.m2,wmo-doodad-model|wmo-embedded-path,WORLD\WMO\DUNGEON\BOREANMAGNATAURMICRO\BOREANMAGNATAURMICRO_1ROOM.WMO,24512,3E6DB19474057130283B7DE1FE985271B01B4F1D,D:\Sirus\_client\World of Warcraft Sirus\Risen_Depths_Extract_2026-10-04\AssetClosure\ByArchive\common.mpq\WORLD\KHAZMODAN\WETLANDS\PASSIVEDOODADS\DRAGONBONES\DRAGONBONESSKULL.m2
1,common.mpq,WORLD\WMO\DUNGEON\BOREANMAGNATAURMICRO\BOREANMAGNATAURMICRO_1ROOM_000.wmo,wmo-group,WORLD\WMO\DUNGEON\BOREANMAGNATAURMICRO\BOREANMAGNATAURMICRO_1ROOM.WMO,38616,AED92418A1FC57581CD7B14F1E8C4C6C721E4802,D:\Sirus\_client\World of Warcraft Sirus\Risen_Depths_Extract_2026-10-04\AssetClosure\ByArchive\common.mpq\WORLD\WMO\DUNGEON\BOREANMAGNATAURMICRO\BOREANMAGNATAURMICRO_1ROOM_000.wmo
1,common.mpq,WORLD\WMO\DUNGEON\BOREANMAGNATAURMICRO\BOREANMAGNATAURMICRO_1ROOM_001.wmo,wmo-group,WORLD\WMO\DUNGEON\BOREANMAGNATAURMICRO\BOREANMAGNATAURMICRO_1ROOM.WMO,57346,E7C5F67C91DEA90C0EB963A8062C99FB1B936602,D:\Sirus\_client\World of Warcraft Sirus\Risen_Depths_Extract_2026-10-04\AssetClosure\ByArchive\common.mpq\WORLD\WMO\DUNGEON\BOREANMAGNATAURMICRO\BOREANMAGNATAURMICRO_1ROOM_001.wmo
1,common.mpq,DUNGEONS\TEXTURES\ROCK\JLO_MCAVE_GROUND.BLP,wmo-embedded-path|wmo-material-texture,WORLD\WMO\DUNGEON\MD_MOUNTAINCAVE\MD_MUSHROOMCAVE07.WMO | WORLD\WMO\DUNGEON\MD_MOUNTAINCAVE\MD_UNDERWATERCAVE_MEDIUM.WMO,44876,ED3F1A226B84466312D16CFDCCBC017B171B5BEF,D:\Sirus\_client\World of Warcraft Sirus\Risen_Depths_Extract_2026-10-04\AssetClosure\ByArchive\common.mpq\DUNGEONS\TEXTURES\ROCK\JLO_MCAVE_GROUND.BLP
1,common.mpq,DUNGEONS\TEXTURES\ROCK\JLO_MCAVE_WALLA.BLP,wmo-embedded-path|wmo-material-texture,WORLD\WMO\DUNGEON\MD_MOUNTAINCAVE\MD_MUSHROOMCAVE07.WMO | WORLD\WMO\DUNGEON\MD_MOUNTAINCAVE\MD_UNDERWATERCAVE_MEDIUM.WMO,44876,280B22E76D31994435CDA0C2765B3FF823246BE8,D:\Sirus\_client\World of Warcraft Sirus\Risen_Depths_Extract_2026-10-04\AssetClosure\ByArchive\common.mpq\DUNGEONS\TEXTURES\ROCK\JLO_MCAVE_WALLA.BLP
1,common.mpq,DUNGEONS\TEXTURES\ROCK\JLO_MCAVE_CEILING.BLP,wmo-embedded-path|wmo-material-texture,WORLD\WMO\DUNGEON\MD_MOUNTAINCAVE\MD_MUSHROOMCAVE07.WMO | WORLD\WMO\DUNGEON\MD_MOUNTAINCAVE\MD_UNDERWATERCAVE_MEDIUM.WMO,44876,95DA83D90DF4565673A3D65D92844309173F0ED4,D:\Sirus\_client\World of Warcraft Sirus\Risen_Depths_Extract_2026-10-04\AssetClosure\ByArchive\common.mpq\DUNGEONS\TEXTURES\ROCK\JLO_MCAVE_CEILING.BLP
1,common.mpq,DUNGEONS\TEXTURES\ROCK\JLO_MCAVE_CRYSTAL.BLP,wmo-embedded-path|wmo-material-texture,WORLD\WMO\DUNGEON\MD_MOUNTAINCAVE\MD_MUSHROOMCAVE07.WMO | WORLD\WMO\DUNGEON\MD_MOUNTAINCAVE\MD_UNDERWATERCAVE_MEDIUM.WMO,44876,F48503E2AA88578BEBEE437E7514C48997A66091,D:\Sirus\_client\World of Warcraft Sirus\Risen_Depths_Extract_2026-10-04\AssetClosure\ByArchive\common.mpq\DUNGEONS\TEXTURES\ROCK\JLO_MCAVE_CRYSTAL.BLP
1,common.mpq,DUNGEONS\TEXTURES\ROCK\JLO_MCAVE_ROCK.BLP,wmo-embedded-path|wmo-material-texture,WORLD\WMO\DUNGEON\MD_MOUNTAINCAVE\MD_MUSHROOMCAVE07.WMO | WORLD\WMO\DUNGEON\MD_MOUNTAINCAVE\MD_UNDERWATERCAVE_MEDIUM.WMO,44876,38E31BB50C70A722D2A8321FA04E47BC2007C49B,D:\Sirus\_client\World of Warcraft Sirus\Risen_Depths_Extract_2026-10-04\AssetClosure\ByArchive\common.mpq\DUNGEONS\TEXTURES\ROCK\JLO_MCAVE_ROCK.BLP
1,common.mpq,DUNGEONS\TEXTURES\ROCK\JLO_MCAVE_TRANS.BLP,wmo-embedded-path|wmo-material-texture,WORLD\WMO\DUNGEON\MD_MOUNTAINCAVE\MD_MUSHROOMCAVE07.WMO | WORLD\WMO\DUNGEON\MD_MOUNTAINCAVE\MD_UNDERWATERCAVE_MEDIUM.WMO,44876,18E677AE1109D8632695CD970F003B8E797F3969,D:\Sirus\_client\World of Warcraft Sirus\Risen_Depths_Extract_2026-10-04\AssetClosure\ByArchive\common.mpq\DUNGEONS\TEXTURES\ROCK\JLO_MCAVE_TRANS.BLP
1,common.mpq,DUNGEONS\TEXTURES\ROCK\JLO_MCAVE_PILLAR.BLP,wmo-embedded-path|wmo-material-texture,WORLD\WMO\DUNGEON\MD_MOUNTAINCAVE\MD_MUSHROOMCAVE07.WMO | WORLD\WMO\DUNGEON\MD_MOUNTAINCAVE\MD_UNDERWATERCAVE_MEDIUM.WMO,44876,154C9EA6296282DF93A784ECD22BE54F4A430FB6,D:\Sirus\_client\World of Warcraft Sirus\Risen_Depths_Extract_2026-10-04\AssetClosure\ByArchive\common.mpq\DUNGEONS\TEXTURES\ROCK\JLO_MCAVE_PILLAR.BLP
1,common.mpq,DUNGEONS\TEXTURES\ROCK\JLO_MCAVEEX_CAVE.BLP,wmo-embedded-path|wmo-material-texture,WORLD\WMO\DUNGEON\MD_MOUNTAINCAVE\MD_MUSHROOMCAVE07.WMO | WORLD\WMO\DUNGEON\MD_MOUNTAINCAVE\MD_UNDERWATERCAVE_MEDIUM.WMO,44876,7146B0E6BF80CEC7B66D9A921327DD7B6ECB2A07,D:\Sirus\_client\World of Warcraft Sirus\Risen_Depths_Extract_2026-10-04\AssetClosure\ByArchive\common.mpq\DUNGEONS\TEXTURES\ROCK\JLO_MCAVEEX_CAVE.BLP
1,common.mpq,DUNGEONS\TEXTURES\ROCK\JLO_MCAVEEX_ROCK.BLP,wmo-embedded-path|wmo-material-texture,WORLD\WMO\DUNGEON\MD_MOUNTAINCAVE\MD_MUSHROOMCAVE07.WMO | WORLD\WMO\DUNGEON\MD_MOUNTAINCAVE\MD_UNDERWATERCAVE_MEDIUM.WMO,44876,03E92491D4BA5F43AAF22DC9F7B22F98C646EDB8,D:\Sirus\_client\World of Warcraft Sirus\Risen_Depths_Extract_2026-10-04\AssetClosure\ByArchive\common.mpq\DUNGEONS\TEXTURES\ROCK\JLO_MCAVEEX_ROCK.BLP
1,common.mpq,DUNGEONS\TEXTURES\ROCK\JLO_MCAVEEX_CRYSTALROCK.BLP,wmo-embedded-path|wmo-material-texture,WORLD\WMO\DUNGEON\MD_MOUNTAINCAVE\MD_MUSHROOMCAVE07.WMO | WORLD\WMO\DUNGEON\MD_MOUNTAINCAVE\MD_UNDERWATERCAVE_MEDIUM.WMO,44876,5FDE7A269E4E5E722C4623AAA221B42BB56C56C8,D:\Sirus\_client\World of Warcraft Sirus\Risen_Depths_Extract_2026-10-04\AssetClosure\ByArchive\common.mpq\DUNGEONS\TEXTURES\ROCK\JLO_MCAVEEX_CRYSTALROCK.BLP
1,common.mpq,WORLD\AZEROTH\THEBLASTEDLANDS\PASSIVEDOODADS\BONES\BLASTEDLANDSSKULL01.m2,wmo-doodad-model|wmo-embedded-path,WORLD\WMO\DUNGEON\MD_MOUNTAINCAVE\MD_MUSHROOMCAVE07.WMO,1808,68E3C6B3508A33C0B68C6FA916569120952AD881,D:\Sirus\_client\World of Warcraft Sirus\Risen_Depths_Extract_2026-10-04\AssetClosure\ByArchive\common.mpq\WORLD\AZEROTH\THEBLASTEDLANDS\PASSIVEDOODADS\BONES\BLASTEDLANDSSKULL01.m2
1,common.mpq,WORLD\AZEROTH\SWAMPOSORROW\PASSIVEDOODADS\SWAMPBEASTBONES\SWAMPBEASTBONE01.m2,wmo-doodad-model|wmo-embedded-path,WORLD\WMO\DUNGEON\MD_MOUNTAINCAVE\MD_MUSHROOMCAVE07.WMO,22272,A47BF158C51A1B9100DB54A70266DBBB9332B82D,D:\Sirus\_client\World of Warcraft Sirus\Risen_Depths_Extract_2026-10-04\AssetClosure\ByArchive\common.mpq\WORLD\AZEROTH\SWAMPOSORROW\PASSIVEDOODADS\SWAMPBEASTBONES\SWAMPBEASTBONE01.m2
1,common.mpq,WORLD\AZEROTH\THEBLASTEDLANDS\PASSIVEDOODADS\BONES\BLASTEDLANDSSPINE01.m2,wmo-doodad-model|wmo-embedded-path,WORLD\WMO\DUNGEON\MD_MOUNTAINCAVE\MD_MUSHROOMCAVE07.WMO,7104,70FB409D821A564E96A0A5D3258D93DF4E5A7EA9,D:\Sirus\_client\World of Warcraft Sirus\Risen_Depths_Extract_2026-10-04\AssetClosure\ByArchive\common.mpq\WORLD\AZEROTH\THEBLASTEDLANDS\PASSIVEDOODADS\BONES\BLASTEDLANDSSPINE01.m2
1,common.mpq,WORLD\WMO\DUNGEON\MD_MOUNTAINCAVE\MD_MUSHROOMCAVE07_000.wmo,wmo-group,WORLD\WMO\DUNGEON\MD_MOUNTAINCAVE\MD_MUSHROOMCAVE07.WMO,15820,F7CF26073DDF12363FA7366EAEB256EC6766EE90,D:\Sirus\_client\World of Warcraft Sirus\Risen_Depths_Extract_2026-10-04\AssetClosure\ByArchive\common.mpq\WORLD\WMO\DUNGEON\MD_MOUNTAINCAVE\MD_MUSHROOMCAVE07_000.wmo
1,common.mpq,WORLD\WMO\DUNGEON\MD_MOUNTAINCAVE\MD_MUSHROOMCAVE07_001.wmo,wmo-group,WORLD\WMO\DUNGEON\MD_MOUNTAINCAVE\MD_MUSHROOMCAVE07.WMO,99714,2F4CED302AA5BFBAFE19E4A4DE1C5E36F7BFCD65,D:\Sirus\_client\World of Warcraft Sirus\Risen_Depths_Extract_2026-10-04\AssetClosure\ByArchive\common.mpq\WORLD\WMO\DUNGEON\MD_MOUNTAINCAVE\MD_MUSHROOMCAVE07_001.wmo
1,common.mpq,WORLD\WMO\DUNGEON\MD_MOUNTAINCAVE\MD_MUSHROOMCAVE07_002.wmo,wmo-group,WORLD\WMO\DUNGEON\MD_MOUNTAINCAVE\MD_MUSHROOMCAVE07.WMO,20818,4D8605367A7D8634E74EADAE93AA3012BC2163FF,D:\Sirus\_client\World of Warcraft Sirus\Risen_Depths_Extract_2026-10-04\AssetClosure\ByArchive\common.mpq\WORLD\WMO\DUNGEON\MD_MOUNTAINCAVE\MD_MUSHROOMCAVE07_002.wmo
1,common.mpq,WORLD\WMO\DUNGEON\MD_MOUNTAINCAVE\MD_MUSHROOMCAVE07_003.wmo,wmo-group,WORLD\WMO\DUNGEON\MD_MOUNTAINCAVE\MD_MUSHROOMCAVE07.WMO,112086,94B6D0D88A585EA2CA1116224545769DBD2EA96B,D:\Sirus\_client\World of Warcraft Sirus\Risen_Depths_Extract_2026-10-04\AssetClosure\ByArchive\common.mpq\WORLD\WMO\DUNGEON\MD_MOUNTAINCAVE\MD_MUSHROOMCAVE07_003.wmo
1,common.mpq,WORLD\WMO\DUNGEON\MD_MOUNTAINCAVE\MD_MUSHROOMCAVE07_004.wmo,wmo-group,WORLD\WMO\DUNGEON\MD_MOUNTAINCAVE\MD_MUSHROOMCAVE07.WMO,50184,442C0C81AF1C8B26B2BD26931A7BB6E2D5969713,D:\Sirus\_client\World of Warcraft Sirus\Risen_Depths_Extract_2026-10-04\AssetClosure\ByArchive\common.mpq\WORLD\WMO\DUNGEON\MD_MOUNTAINCAVE\MD_MUSHROOMCAVE07_004.wmo
1,common.mpq,WORLD\WMO\DUNGEON\MD_MOUNTAINCAVE\MD_MUSHROOMCAVE07_005.wmo,wmo-group,WORLD\WMO\DUNGEON\MD_MOUNTAINCAVE\MD_MUSHROOMCAVE07.WMO,440708,22EC3566AE9EA7CA4C073B54AEF0F68013AD91C7,D:\Sirus\_client\World of Warcraft Sirus\Risen_Depths_Extract_2026-10-04\AssetClosure\ByArchive\common.mpq\WORLD\WMO\DUNGEON\MD_MOUNTAINCAVE\MD_MUSHROOMCAVE07_005.wmo
1,common.mpq,DUNGEONS\TEXTURES\ROCK\JLO_MCAVE_LEDGE2.BLP,wmo-embedded-path|wmo-material-texture,WORLD\WMO\DUNGEON\MD_MOUNTAINCAVE\MD_UNDERWATERCAVE_MEDIUM.WMO,44876,3811C01A29899E00698F99726CDB4B7E11904FBF,D:\Sirus\_client\World of Warcraft Sirus\Risen_Depths_Extract_2026-10-04\AssetClosure\ByArchive\common.mpq\DUNGEONS\TEXTURES\ROCK\JLO_MCAVE_LEDGE2.BLP
1,common.mpq,DUNGEONS\TEXTURES\ROCK\JLO_MCAVE_WALL.BLP,wmo-embedded-path|wmo-material-texture,WORLD\WMO\DUNGEON\MD_MOUNTAINCAVE\MD_UNDERWATERCAVE_MEDIUM.WMO,44876,EDC586DC4909FCF45E8532ADBA79FD3EA19EF09E,D:\Sirus\_client\World of Warcraft Sirus\Risen_Depths_Extract_2026-10-04\AssetClosure\ByArchive\common.mpq\DUNGEONS\TEXTURES\ROCK\JLO_MCAVE_WALL.BLP
1,common.mpq,DUNGEONS\TEXTURES\ROCK\JLO_MCAVE_PIT.BLP,wmo-embedded-path|wmo-material-texture,WORLD\WMO\DUNGEON\MD_MOUNTAINCAVE\MD_UNDERWATERCAVE_MEDIUM.WMO,44876,C33911C37D5D1C7560085DE0F96F31E936901BDC,D:\Sirus\_client\World of Warcraft Sirus\Risen_Depths_Extract_2026-10-04\AssetClosure\ByArchive\common.mpq\DUNGEONS\TEXTURES\ROCK\JLO_MCAVE_PIT.BLP
1,common.mpq,DUNGEONS\TEXTURES\ROCK\JLO_MCAVE_GROUND2.BLP,wmo-embedded-path|wmo-material-texture,WORLD\WMO\DUNGEON\MD_MOUNTAINCAVE\MD_UNDERWATERCAVE_MEDIUM.WMO,44876,1FE1386340E50D621E9B8A430A5ABB1D30DA5419,D:\Sirus\_client\World of Warcraft Sirus\Risen_Depths_Extract_2026-10-04\AssetClosure\ByArchive\common.mpq\DUNGEONS\TEXTURES\ROCK\JLO_MCAVE_GROUND2.BLP
1,common.mpq,WORLD\WMO\DUNGEON\MD_MOUNTAINCAVE\MD_UNDERWATERCAVE_MEDIUM_000.wmo,wmo-group,WORLD\WMO\DUNGEON\MD_MOUNTAINCAVE\MD_UNDERWATERCAVE_MEDIUM.WMO,117176,51B550182530E7016FECA0AE161AF9144C070318,D:\Sirus\_client\World of Warcraft Sirus\Risen_Depths_Extract_2026-10-04\AssetClosure\ByArchive\common.mpq\WORLD\WMO\DUNGEON\MD_MOUNTAINCAVE\MD_UNDERWATERCAVE_MEDIUM_000.wmo
1,common.mpq,WORLD\WMO\DUNGEON\MD_MOUNTAINCAVE\MD_UNDERWATERCAVE_MEDIUM_001.wmo,wmo-group,WORLD\WMO\DUNGEON\MD_MOUNTAINCAVE\MD_UNDERWATERCAVE_MEDIUM.WMO,24252,E414D94BAB410E7C1F1E37BF5227660950EC16BE,D:\Sirus\_client\World of Warcraft Sirus\Risen_Depths_Extract_2026-10-04\AssetClosure\ByArchive\common.mpq\WORLD\WMO\DUNGEON\MD_MOUNTAINCAVE\MD_UNDERWATERCAVE_MEDIUM_001.wmo
1,common.mpq,WORLD\WMO\DUNGEON\MD_MOUNTAINCAVE\MD_UNDERWATERCAVE_MEDIUM_002.wmo,wmo-group,WORLD\WMO\DUNGEON\MD_MOUNTAINCAVE\MD_UNDERWATERCAVE_MEDIUM.WMO,17042,16CE07A4507DC7A7385EF7ABCDF158F272876849,D:\Sirus\_client\World of Warcraft Sirus\Risen_Depths_Extract_2026-10-04\AssetClosure\ByArchive\common.mpq\WORLD\WMO\DUNGEON\MD_MOUNTAINCAVE\MD_UNDERWATERCAVE_MEDIUM_002.wmo
1,common.mpq,WORLD\WMO\DUNGEON\MD_MOUNTAINCAVE\MD_UNDERWATERCAVE_MEDIUM_003.wmo,wmo-group,WORLD\WMO\DUNGEON\MD_MOUNTAINCAVE\MD_UNDERWATERCAVE_MEDIUM.WMO,108744,03C9401F9A13EFEBB5E84A2DCC2893DD3DB8B128,D:\Sirus\_client\World of Warcraft Sirus\Risen_Depths_Extract_2026-10-04\AssetClosure\ByArchive\common.mpq\WORLD\WMO\DUNGEON\MD_MOUNTAINCAVE\MD_UNDERWATERCAVE_MEDIUM_003.wmo
1,common.mpq,WORLD\WMO\DUNGEON\MD_MOUNTAINCAVE\MD_UNDERWATERCAVE_MEDIUM_004.wmo,wmo-group,WORLD\WMO\DUNGEON\MD_MOUNTAINCAVE\MD_UNDERWATERCAVE_MEDIUM.WMO,18972,C96C8B3613AE29EA19CFE60EB703766B2E24F7DE,D:\Sirus\_client\World of Warcraft Sirus\Risen_Depths_Extract_2026-10-04\AssetClosure\ByArchive\common.mpq\WORLD\WMO\DUNGEON\MD_MOUNTAINCAVE\MD_UNDERWATERCAVE_MEDIUM_004.wmo
1,common.mpq,WORLD\WMO\DUNGEON\MD_MOUNTAINCAVE\MD_UNDERWATERCAVE_MEDIUM_005.wmo,wmo-group,WORLD\WMO\DUNGEON\MD_MOUNTAINCAVE\MD_UNDERWATERCAVE_MEDIUM.WMO,24370,7B54F1FD4762C849DF38ED431008E37A9E49CCE9,D:\Sirus\_client\World of Warcraft Sirus\Risen_Depths_Extract_2026-10-04\AssetClosure\ByArchive\common.mpq\WORLD\WMO\DUNGEON\MD_MOUNTAINCAVE\MD_UNDERWATERCAVE_MEDIUM_005.wmo
1,common.mpq,WORLD\WMO\DUNGEON\MD_MOUNTAINCAVE\MD_UNDERWATERCAVE_MEDIUM_006.wmo,wmo-group,WORLD\WMO\DUNGEON\MD_MOUNTAINCAVE\MD_UNDERWATERCAVE_MEDIUM.WMO,16390,08A9D3E0174679A9A5BD52FEE08512BD784C8153,D:\Sirus\_client\World of Warcraft Sirus\Risen_Depths_Extract_2026-10-04\AssetClosure\ByArchive\common.mpq\WORLD\WMO\DUNGEON\MD_MOUNTAINCAVE\MD_UNDERWATERCAVE_MEDIUM_006.wmo
1,common.mpq,WORLD\WMO\DUNGEON\MD_MOUNTAINCAVE\MD_UNDERWATERCAVE_MEDIUM_007.wmo,wmo-group,WORLD\WMO\DUNGEON\MD_MOUNTAINCAVE\MD_UNDERWATERCAVE_MEDIUM.WMO,23232,D33FE5E41017251EBAAFEA8C8EB2E8822DA7A347,D:\Sirus\_client\World of Warcraft Sirus\Risen_Depths_Extract_2026-10-04\AssetClosure\ByArchive\common.mpq\WORLD\WMO\DUNGEON\MD_MOUNTAINCAVE\MD_UNDERWATERCAVE_MEDIUM_007.wmo
1,common.mpq,DUNGEONS\TEXTURES\SHIPWRECK\STU_SHIPWRECK_WALL_01.BLP,wmo-embedded-path|wmo-material-texture,WORLD\WMO\DUNGEON\MD_SHIPWRECK\SHIPWRECK_A.WMO | WORLD\WMO\DUNGEON\MD_SHIPWRECK\SHIPWRECK_B.WMO | WORLD\WMO\DUNGEON\MD_SHIPWRECK\SHIPWRECK_C.WMO | WORLD\WMO\DUNGEON\MD_SHIPWRECK\SHIPWRECK_D.WMO | WORLD\WMO\DUNGEON\MD_SHIPWRECK\SHIPWRECK_DBACK.WMO | WORLD\WMO\DUNGEON\MD_SHIPWRECK\SHIPWRECK_DFRONT.WMO | WORLD\WMO\DUNGEON\MD_SHIPWRECK\SHIPWRECK_DFRONT_SOLID.WMO,44876,3BE1A0576AA5A4624EB76AEEF35203F005FF3532,D:\Sirus\_client\World of Warcraft Sirus\Risen_Depths_Extract_2026-10-04\AssetClosure\ByArchive\common.mpq\DUNGEONS\TEXTURES\SHIPWRECK\STU_SHIPWRECK_WALL_01.BLP
1,common.mpq,DUNGEONS\TEXTURES\SHIPWRECK\STU_SHIPWRECK_PLANK02.BLP,wmo-embedded-path|wmo-material-texture,WORLD\WMO\DUNGEON\MD_SHIPWRECK\SHIPWRECK_A.WMO | WORLD\WMO\DUNGEON\MD_SHIPWRECK\SHIPWRECK_B.WMO | WORLD\WMO\DUNGEON\MD_SHIPWRECK\SHIPWRECK_C.WMO | WORLD\WMO\DUNGEON\MD_SHIPWRECK\SHIPWRECK_D.WMO | WORLD\WMO\DUNGEON\MD_SHIPWRECK\SHIPWRECK_DBACK.WMO | WORLD\WMO\DUNGEON\MD_SHIPWRECK\SHIPWRECK_DFRONT.WMO | WORLD\WMO\DUNGEON\MD_SHIPWRECK\SHIPWRECK_DFRONT_SOLID.WMO,44876,2F214930DB0863B80E3742FEC8B1CE2DA3D16BEA,D:\Sirus\_client\World of Warcraft Sirus\Risen_Depths_Extract_2026-10-04\AssetClosure\ByArchive\common.mpq\DUNGEONS\TEXTURES\SHIPWRECK\STU_SHIPWRECK_PLANK02.BLP
1,common.mpq,DUNGEONS\TEXTURES\SHIPWRECK\STU_SHIPWRECK_PLANK01.BLP,wmo-embedded-path|wmo-material-texture,WORLD\WMO\DUNGEON\MD_SHIPWRECK\SHIPWRECK_A.WMO | WORLD\WMO\DUNGEON\MD_SHIPWRECK\SHIPWRECK_B.WMO | WORLD\WMO\DUNGEON\MD_SHIPWRECK\SHIPWRECK_C.WMO | WORLD\WMO\DUNGEON\MD_SHIPWRECK\SHIPWRECK_D.WMO | WORLD\WMO\DUNGEON\MD_SHIPWRECK\SHIPWRECK_DBACK.WMO | WORLD\WMO\DUNGEON\MD_SHIPWRECK\SHIPWRECK_DFRONT.WMO | WORLD\WMO\DUNGEON\MD_SHIPWRECK\SHIPWRECK_DFRONT_SOLID.WMO,44876,663826A857865DB40044EB00791F41DF0793E90D,D:\Sirus\_client\World of Warcraft Sirus\Risen_Depths_Extract_2026-10-04\AssetClosure\ByArchive\common.mpq\DUNGEONS\TEXTURES\SHIPWRECK\STU_SHIPWRECK_PLANK01.BLP
1,common.mpq,DUNGEONS\TEXTURES\SHIPWRECK\STU_SHIPWRECK_PLANK00.BLP,wmo-embedded-path|wmo-material-texture,WORLD\WMO\DUNGEON\MD_SHIPWRECK\SHIPWRECK_A.WMO | WORLD\WMO\DUNGEON\MD_SHIPWRECK\SHIPWRECK_B.WMO,44876,1FABAA9B64204321E3304D3813BE2B1D64361A01,D:\Sirus\_client\World of Warcraft Sirus\Risen_Depths_Extract_2026-10-04\AssetClosure\ByArchive\common.mpq\DUNGEONS\TEXTURES\SHIPWRECK\STU_SHIPWRECK_PLANK00.BLP
1,common.mpq,DUNGEONS\TEXTURES\SHIPWRECK\STU_SHIPWRECK_PLANK03.BLP,wmo-embedded-path|wmo-material-texture,WORLD\WMO\DUNGEON\MD_SHIPWRECK\SHIPWRECK_A.WMO | WORLD\WMO\DUNGEON\MD_SHIPWRECK\SHIPWRECK_B.WMO | WORLD\WMO\DUNGEON\MD_SHIPWRECK\SHIPWRECK_C.WMO | WORLD\WMO\DUNGEON\MD_SHIPWRECK\SHIPWRECK_D.WMO | WORLD\WMO\DUNGEON\MD_SHIPWRECK\SHIPWRECK_DFRONT.WMO | WORLD\WMO\DUNGEON\MD_SHIPWRECK\SHIPWRECK_DFRONT_SOLID.WMO,44876,B3A754433683B426969BA36A30BAFA7A588335CF,D:\Sirus\_client\World of Warcraft Sirus\Risen_Depths_Extract_2026-10-04\AssetClosure\ByArchive\common.mpq\DUNGEONS\TEXTURES\SHIPWRECK\STU_SHIPWRECK_PLANK03.BLP
1,common.mpq,DUNGEONS\TEXTURES\SHIPWRECK\STU_SHIPWRECK_KEEL.BLP,wmo-embedded-path|wmo-material-texture,WORLD\WMO\DUNGEON\MD_SHIPWRECK\SHIPWRECK_A.WMO | WORLD\WMO\DUNGEON\MD_SHIPWRECK\SHIPWRECK_B.WMO | WORLD\WMO\DUNGEON\MD_SHIPWRECK\SHIPWRECK_C.WMO | WORLD\WMO\DUNGEON\MD_SHIPWRECK\SHIPWRECK_D.WMO | WORLD\WMO\DUNGEON\MD_SHIPWRECK\SHIPWRECK_DFRONT.WMO | WORLD\WMO\DUNGEON\MD_SHIPWRECK\SHIPWRECK_DFRONT_SOLID.WMO,44876,5DD30E0E963A61B14BC79D2E47D233E6539EC7FB,D:\Sirus\_client\World of Warcraft Sirus\Risen_Depths_Extract_2026-10-04\AssetClosure\ByArchive\common.mpq\DUNGEONS\TEXTURES\SHIPWRECK\STU_SHIPWRECK_KEEL.BLP
1,common.mpq,DUNGEONS\TEXTURES\SHIPWRECK\STU_SHIPWRECK_SAIL.BLP,wmo-embedded-path|wmo-material-texture,WORLD\WMO\DUNGEON\MD_SHIPWRECK\SHIPWRECK_A.WMO | WORLD\WMO\DUNGEON\MD_SHIPWRECK\SHIPWRECK_B.WMO,44876,96F9579E1A8B22DACEBFACB724D0B21AEE1B272E,D:\Sirus\_client\World of Warcraft Sirus\Risen_Depths_Extract_2026-10-04\AssetClosure\ByArchive\common.mpq\DUNGEONS\TEXTURES\SHIPWRECK\STU_SHIPWRECK_SAIL.BLP
1,common.mpq,DUNGEONS\TEXTURES\SHIPWRECK\STU_SHIPWRECK_WALL_02.BLP,wmo-embedded-path|wmo-material-texture,WORLD\WMO\DUNGEON\MD_SHIPWRECK\SHIPWRECK_A.WMO | WORLD\WMO\DUNGEON\MD_SHIPWRECK\SHIPWRECK_B.WMO,44876,6F4B03D3182E210E118D89C80EC089D432C10D18,D:\Sirus\_client\World of Warcraft Sirus\Risen_Depths_Extract_2026-10-04\AssetClosure\ByArchive\common.mpq\DUNGEONS\TEXTURES\SHIPWRECK\STU_SHIPWRECK_WALL_02.BLP
1,common.mpq,DUNGEONS\TEXTURES\SHIPWRECK\STU_SHIPWRECK_RAILING00.BLP,wmo-embedded-path|wmo-material-texture,WORLD\WMO\DUNGEON\MD_SHIPWRECK\SHIPWRECK_A.WMO | WORLD\WMO\DUNGEON\MD_SHIPWRECK\SHIPWRECK_B.WMO | WORLD\WMO\DUNGEON\MD_SHIPWRECK\SHIPWRECK_C.WMO | WORLD\WMO\DUNGEON\MD_SHIPWRECK\SHIPWRECK_D.WMO | WORLD\WMO\DUNGEON\MD_SHIPWRECK\SHIPWRECK_DFRONT.WMO | WORLD\WMO\DUNGEON\MD_SHIPWRECK\SHIPWRECK_DFRONT_SOLID.WMO,88580,1FBA4FB75B672A8209C60432D0DF26B35224D0CB,D:\Sirus\_client\World of Warcraft Sirus\Risen_Depths_Extract_2026-10-04\AssetClosure\ByArchive\common.mpq\DUNGEONS\TEXTURES\SHIPWRECK\STU_SHIPWRECK_RAILING00.BLP
1,common.mpq,DUNGEONS\TEXTURES\SHIPWRECK\STU_SHIPWRECK_DECKPLANKING.BLP,wmo-embedded-path|wmo-material-texture,WORLD\WMO\DUNGEON\MD_SHIPWRECK\SHIPWRECK_A.WMO | WORLD\WMO\DUNGEON\MD_SHIPWRECK\SHIPWRECK_B.WMO | WORLD\WMO\DUNGEON\MD_SHIPWRECK\SHIPWRECK_D.WMO | WORLD\WMO\DUNGEON\MD_SHIPWRECK\SHIPWRECK_DFRONT.WMO | WORLD\WMO\DUNGEON\MD_SHIPWRECK\SHIPWRECK_DFRONT_SOLID.WMO,44876,00A0DB55F35DD3A9E0040657CA9FCA445BB5EF87,D:\Sirus\_client\World of Warcraft Sirus\Risen_Depths_Extract_2026-10-04\AssetClosure\ByArchive\common.mpq\DUNGEONS\TEXTURES\SHIPWRECK\STU_SHIPWRECK_DECKPLANKING.BLP
1,common.mpq,DUNGEONS\TEXTURES\SHIPWRECK\STU_SHIPWRECK_ALPHAART.BLP,wmo-embedded-path|wmo-material-texture,WORLD\WMO\DUNGEON\MD_SHIPWRECK\SHIPWRECK_A.WMO | WORLD\WMO\DUNGEON\MD_SHIPWRECK\SHIPWRECK_B.WMO,44876,BF9BE638428D6D53440371EAA40DE94F4C6338D3,D:\Sirus\_client\World of Warcraft Sirus\Risen_Depths_Extract_2026-10-04\AssetClosure\ByArchive\common.mpq\DUNGEONS\TEXTURES\SHIPWRECK\STU_SHIPWRECK_ALPHAART.BLP
1,common.mpq,WORLD\DUNGEON\GOLDSHIREINN\INNBARREL\INNBARREL.m2,wmo-doodad-model|wmo-embedded-path,WORLD\WMO\DUNGEON\MD_SHIPWRECK\SHIPWRECK_A.WMO | WORLD\WMO\DUNGEON\MD_SHIPWRECK\SHIPWRECK_B.WMO,6096,8246DB1980CBB47B9B62D129F6EF8AAE0E245D29,D:\Sirus\_client\World of Warcraft Sirus\Risen_Depths_Extract_2026-10-04\AssetClosure\ByArchive\common.mpq\WORLD\DUNGEON\GOLDSHIREINN\INNBARREL\INNBARREL.m2
1,common.mpq,WORLD\GENERIC\HUMAN\PASSIVE DOODADS\CRATES\STORMWINDCRATE01.m2,wmo-doodad-model|wmo-embedded-path,WORLD\WMO\DUNGEON\MD_SHIPWRECK\SHIPWRECK_A.WMO | WORLD\WMO\DUNGEON\MD_SHIPWRECK\SHIPWRECK_B.WMO | WORLD\WMO\DUNGEON\MD_SHIPWRECK\SHIPWRECK_DBACK.WMO | WORLD\WMO\DUNGEON\MD_SHIPWRECK\SHIPWRECK_DFRONT.WMO,2352,B49C09747A28DC1DA5FAF294360D598110404C00,D:\Sirus\_client\World of Warcraft Sirus\Risen_Depths_Extract_2026-10-04\AssetClosure\ByArchive\common.mpq\WORLD\GENERIC\HUMAN\PASSIVE DOODADS\CRATES\STORMWINDCRATE01.m2
1,common.mpq,WORLD\AZEROTH\DUSKWOOD\PASSIVEDOODADS\COFFIN\COFFIN.m2,wmo-doodad-model|wmo-embedded-path,WORLD\WMO\DUNGEON\MD_SHIPWRECK\SHIPWRECK_A.WMO,5024,7244EFFAAB99F5FD21D7BAB57A3C16057200AE19,D:\Sirus\_client\World of Warcraft Sirus\Risen_Depths_Extract_2026-10-04\AssetClosure\ByArchive\common.mpq\WORLD\AZEROTH\DUSKWOOD\PASSIVEDOODADS\COFFIN\COFFIN.m2
1,common.mpq,WORLD\GENERIC\HUMAN\PASSIVE DOODADS\TABLES\INNTABLETINY.m2,wmo-doodad-model|wmo-embedded-path,WORLD\WMO\DUNGEON\MD_SHIPWRECK\SHIPWRECK_A.WMO | WORLD\WMO\DUNGEON\MD_SHIPWRECK\SHIPWRECK_B.WMO,6752,5C4782B7F2EC5926A2CD0F5D176719B4A03045BB,D:\Sirus\_client\World of Warcraft Sirus\Risen_Depths_Extract_2026-10-04\AssetClosure\ByArchive\common.mpq\WORLD\GENERIC\HUMAN\PASSIVE DOODADS\TABLES\INNTABLETINY.m2
1,common.mpq,WORLD\GENERIC\HUMAN\PASSIVE DOODADS\CARGONETS\DEADMINECARGONETHANG.m2,wmo-doodad-model|wmo-embedded-path,WORLD\WMO\DUNGEON\MD_SHIPWRECK\SHIPWRECK_A.WMO | WORLD\WMO\DUNGEON\MD_SHIPWRECK\SHIPWRECK_DFRONT.WMO,17168,8FE1930D2CB799901B32798C333BF8978BD29E8D,D:\Sirus\_client\World of Warcraft Sirus\Risen_Depths_Extract_2026-10-04\AssetClosure\ByArchive\common.mpq\WORLD\GENERIC\HUMAN\PASSIVE DOODADS\CARGONETS\DEADMINECARGONETHANG.m2
1,common.mpq,WORLD\AZEROTH\ELWYNN\PASSIVEDOODADS\DETAIL\ELWYNNVINES02\ELWYNNVINES02.m2,wmo-doodad-model|wmo-embedded-path,WORLD\WMO\DUNGEON\MD_SHIPWRECK\SHIPWRECK_A.WMO,2432,D8DD41FD5FDEC159F5F2307281429133A71C1CE3,D:\Sirus\_client\World of Warcraft Sirus\Risen_Depths_Extract_2026-10-04\AssetClosure\ByArchive\common.mpq\WORLD\AZEROTH\ELWYNN\PASSIVEDOODADS\DETAIL\ELWYNNVINES02\ELWYNNVINES02.m2
1,common.mpq,WORLD\AZEROTH\WESTFALL\PASSIVEDOODADS\BROKENCART\BROKENCART.m2,wmo-doodad-model|wmo-embedded-path,WORLD\WMO\DUNGEON\MD_SHIPWRECK\SHIPWRECK_A.WMO,22976,9FF5E745110D3FF5734710F6E4BD4AB02796D27F,D:\Sirus\_client\World of Warcraft Sirus\Risen_Depths_Extract_2026-10-04\AssetClosure\ByArchive\common.mpq\WORLD\AZEROTH\WESTFALL\PASSIVEDOODADS\BROKENCART\BROKENCART.m2
1,common.mpq,WORLD\GENERIC\PASSIVEDOODADS\BARREL\BROKENBARREL02.m2,wmo-doodad-model|wmo-embedded-path,WORLD\WMO\DUNGEON\MD_SHIPWRECK\SHIPWRECK_A.WMO | WORLD\WMO\DUNGEON\MD_SHIPWRECK\TRANSPORT_SHIPWRECK_SUNKENSHIP.WMO,7344,CE312565BBB7777F8373DC7EE16DC645832356E6,D:\Sirus\_client\World of Warcraft Sirus\Risen_Depths_Extract_2026-10-04\AssetClosure\ByArchive\common.mpq\WORLD\GENERIC\PASSIVEDOODADS\BARREL\BROKENBARREL02.m2
1,common.mpq,WORLD\GENERIC\ORC\PASSIVE DOODADS\HAMMOCKS\HAMMOCK03.m2,wmo-doodad-model|wmo-embedded-path,WORLD\WMO\DUNGEON\MD_SHIPWRECK\SHIPWRECK_A.WMO,17808,B939B07012C94102F716215E59B079680A934CDB,D:\Sirus\_client\World of Warcraft Sirus\Risen_Depths_Extract_2026-10-04\AssetClosure\ByArchive\common.mpq\WORLD\GENERIC\ORC\PASSIVE DOODADS\HAMMOCKS\HAMMOCK03.m2
1,common.mpq,WORLD\GENERIC\HUMAN\PASSIVE DOODADS\CARGONETS\DEADMINECARGONETLARGE.m2,wmo-doodad-model|wmo-embedded-path,WORLD\WMO\DUNGEON\MD_SHIPWRECK\SHIPWRECK_A.WMO,2448,86778D6B37DCA50A62CD6A77CFF3F425C8AC7A3A,D:\Sirus\_client\World of Warcraft Sirus\Risen_Depths_Extract_2026-10-04\AssetClosure\ByArchive\common.mpq\WORLD\GENERIC\HUMAN\PASSIVE DOODADS\CARGONETS\DEADMINECARGONETLARGE.m2
1,common.mpq,WORLD\GENERIC\HUMAN\PASSIVE DOODADS\CARGONETBOXES\DEADMINECARGONETBOXES.m2,wmo-doodad-model|wmo-embedded-path,WORLD\WMO\DUNGEON\MD_SHIPWRECK\SHIPWRECK_A.WMO | WORLD\WMO\DUNGEON\MD_SHIPWRECK\TRANSPORT_SHIPWRECK_SUNKENSHIP.WMO,14736,D68BC33AA9EC87B30C2CB75DA7417FD76161EFA2,D:\Sirus\_client\World of Warcraft Sirus\Risen_Depths_Extract_2026-10-04\AssetClosure\ByArchive\common.mpq\WORLD\GENERIC\HUMAN\PASSIVE DOODADS\CARGONETBOXES\DEADMINECARGONETBOXES.m2
1,common.mpq,WORLD\GENERIC\HUMAN\PASSIVE DOODADS\LUMBERPILES\DEADMINELUMBERPILESMALL.m2,wmo-doodad-model|wmo-embedded-path,WORLD\WMO\DUNGEON\MD_SHIPWRECK\SHIPWRECK_A.WMO | WORLD\WMO\DUNGEON\MD_SHIPWRECK\SHIPWRECK_B.WMO,4976,04D7DC788548B582C5C06FC9D3B560AE77E3BED3,D:\Sirus\_client\World of Warcraft Sirus\Risen_Depths_Extract_2026-10-04\AssetClosure\ByArchive\common.mpq\WORLD\GENERIC\HUMAN\PASSIVE DOODADS\LUMBERPILES\DEADMINELUMBERPILESMALL.m2
1,common.mpq,WORLD\GENERIC\PASSIVEDOODADS\CRATE01\CRATE01.m2,wmo-doodad-model|wmo-embedded-path,WORLD\WMO\DUNGEON\MD_SHIPWRECK\SHIPWRECK_A.WMO | WORLD\WMO\DUNGEON\MD_SHIPWRECK\SHIPWRECK_B.WMO | WORLD\WMO\DUNGEON\MD_SHIPWRECK\TRANSPORT_SHIPWRECK_SUNKENSHIP.WMO,10000,6E1DB8BFE9CA20259BE4B80DDDE056D96E4846B2,D:\Sirus\_client\World of Warcraft Sirus\Risen_Depths_Extract_2026-10-04\AssetClosure\ByArchive\common.mpq\WORLD\GENERIC\PASSIVEDOODADS\CRATE01\CRATE01.m2
1,common.mpq,WORLD\GENERIC\HUMAN\PASSIVE DOODADS\CARGONETS\DEADMINECARGONET01.m2,wmo-doodad-model|wmo-embedded-path,WORLD\WMO\DUNGEON\MD_SHIPWRECK\SHIPWRECK_A.WMO | WORLD\WMO\DUNGEON\MD_SHIPWRECK\SHIPWRECK_B.WMO | WORLD\WMO\DUNGEON\MD_SHIPWRECK\TRANSPORT_SHIPWRECK_SUNKENSHIP.WMO,2384,19E8A5F3F6A343E21D8FF7CED3E0153FDE27F470,D:\Sirus\_client\World of Warcraft Sirus\Risen_Depths_Extract_2026-10-04\AssetClosure\ByArchive\common.mpq\WORLD\GENERIC\HUMAN\PASSIVE DOODADS\CARGONETS\DEADMINECARGONET01.m2
1,common.mpq,WORLD\GENERIC\ORC\PASSIVE DOODADS\HAMMOCKS\HAMMOCK04.m2,wmo-doodad-model|wmo-embedded-path,WORLD\WMO\DUNGEON\MD_SHIPWRECK\SHIPWRECK_A.WMO,14768,2182A06143E33DA14C5740464FC69EAE6F0DE9B9,D:\Sirus\_client\World of Warcraft Sirus\Risen_Depths_Extract_2026-10-04\AssetClosure\ByArchive\common.mpq\WORLD\GENERIC\ORC\PASSIVE DOODADS\HAMMOCKS\HAMMOCK04.m2
1,common.mpq,WORLD\GENERIC\HUMAN\PASSIVE DOODADS\CAULDRONS\CAULDRONEMPTY.m2,wmo-doodad-model|wmo-embedded-path,WORLD\WMO\DUNGEON\MD_SHIPWRECK\SHIPWRECK_A.WMO,9024,B61747E3313136FF62ADD1F8A56A796FE7542C03,D:\Sirus\_client\World of Warcraft Sirus\Risen_Depths_Extract_2026-10-04\AssetClosure\ByArchive\common.mpq\WORLD\GENERIC\HUMAN\PASSIVE DOODADS\CAULDRONS\CAULDRONEMPTY.m2
1,common.mpq,WORLD\AZEROTH\SWAMPOSORROW\PASSIVEDOODADS\VINES\SWAMPHANGINGVINES02.m2,wmo-doodad-model|wmo-embedded-path,WORLD\WMO\DUNGEON\MD_SHIPWRECK\SHIPWRECK_A.WMO | WORLD\WMO\DUNGEON\MD_SHIPWRECK\SHIPWRECK_B.WMO,4240,A65C1A43E9220AC2B72A7D0318758026E29AAF0D,D:\Sirus\_client\World of Warcraft Sirus\Risen_Depths_Extract_2026-10-04\AssetClosure\ByArchive\common.mpq\WORLD\AZEROTH\SWAMPOSORROW\PASSIVEDOODADS\VINES\SWAMPHANGINGVINES02.m2
1,common.mpq,WORLD\WMO\DUNGEON\MD_SHIPWRECK\SHIPWRECK_A_000.wmo,wmo-group,WORLD\WMO\DUNGEON\MD_SHIPWRECK\SHIPWRECK_A.WMO,42938,5E62B7B28817D5E12AC293178C3AB4595D3A32A1,D:\Sirus\_client\World of Warcraft Sirus\Risen_Depths_Extract_2026-10-04\AssetClosure\ByArchive\common.mpq\WORLD\WMO\DUNGEON\MD_SHIPWRECK\SHIPWRECK_A_000.wmo
1,common.mpq,WORLD\WMO\DUNGEON\MD_SHIPWRECK\SHIPWRECK_A_001.wmo,wmo-group,WORLD\WMO\DUNGEON\MD_SHIPWRECK\SHIPWRECK_A.WMO,277000,FAC45FECBB3F9D1D67514F6727F37A215DE9457D,D:\Sirus\_client\World of Warcraft Sirus\Risen_Depths_Extract_2026-10-04\AssetClosure\ByArchive\common.mpq\WORLD\WMO\DUNGEON\MD_SHIPWRECK\SHIPWRECK_A_001.wmo
1,common.mpq,WORLD\GENERIC\HUMAN\PASSIVE DOODADS\CANNON\CANNON01.m2,wmo-doodad-model|wmo-embedded-path,WORLD\WMO\DUNGEON\MD_SHIPWRECK\SHIPWRECK_B.WMO | WORLD\WMO\DUNGEON\MD_SHIPWRECK\TRANSPORT_SHIPWRECK_SUNKENSHIP.WMO,17072,60EDA068825185CFE4420057366F2F0D97AB9BD9,D:\Sirus\_client\World of Warcraft Sirus\Risen_Depths_Extract_2026-10-04\AssetClosure\ByArchive\common.mpq\WORLD\GENERIC\HUMAN\PASSIVE DOODADS\CANNON\CANNON01.m2
1,common.mpq,WORLD\GENERIC\HUMAN\PASSIVE DOODADS\CRATES\REPLACECRATE01.m2,wmo-doodad-model|wmo-embedded-path,WORLD\WMO\DUNGEON\MD_SHIPWRECK\SHIPWRECK_B.WMO,2048,5672AF1B9438CABCB6579254A2F882AE3F1B72E2,D:\Sirus\_client\World of Warcraft Sirus\Risen_Depths_Extract_2026-10-04\AssetClosure\ByArchive\common.mpq\WORLD\GENERIC\HUMAN\PASSIVE DOODADS\CRATES\REPLACECRATE01.m2
1,common.mpq,WORLD\WMO\DUNGEON\MD_SHIPWRECK\SHIPWRECK_B_000.wmo,wmo-group,WORLD\WMO\DUNGEON\MD_SHIPWRECK\SHIPWRECK_B.WMO,288760,11AF311E77110D831342AF3A5087DCD0E67C0239,D:\Sirus\_client\World of Warcraft Sirus\Risen_Depths_Extract_2026-10-04\AssetClosure\ByArchive\common.mpq\WORLD\WMO\DUNGEON\MD_SHIPWRECK\SHIPWRECK_B_000.wmo
1,common.mpq,WORLD\WMO\DUNGEON\MD_SHIPWRECK\SHIPWRECK_C_000.wmo,wmo-group,WORLD\WMO\DUNGEON\MD_SHIPWRECK\SHIPWRECK_C.WMO,79768,99B8366828CEE779A4D90DAEE4A88B2F98267ADC,D:\Sirus\_client\World of Warcraft Sirus\Risen_Depths_Extract_2026-10-04\AssetClosure\ByArchive\common.mpq\WORLD\WMO\DUNGEON\MD_SHIPWRECK\SHIPWRECK_C_000.wmo
1,common.mpq,WORLD\WMO\DUNGEON\MD_SHIPWRECK\SHIPWRECK_D_000.wmo,wmo-group,WORLD\WMO\DUNGEON\MD_SHIPWRECK\SHIPWRECK_D.WMO,89558,42E30C669E8E165E57253937FEA9F392851FBFD3,D:\Sirus\_client\World of Warcraft Sirus\Risen_Depths_Extract_2026-10-04\AssetClosure\ByArchive\common.mpq\WORLD\WMO\DUNGEON\MD_SHIPWRECK\SHIPWRECK_D_000.wmo
1,common.mpq,DUNGEONS\TEXTURES\TRIM\JLO_BBAY_MISC.BLP,wmo-embedded-path|wmo-material-texture,WORLD\WMO\DUNGEON\MD_SHIPWRECK\SHIPWRECK_DBACK.WMO | WORLD\WMO\DUNGEON\MD_SHIPWRECK\SHIPWRECK_DFRONT.WMO | WORLD\WMO\DUNGEON\MD_SHIPWRECK\SHIPWRECK_DFRONT_SOLID.WMO | WORLD\WMO\DUNGEON\MD_SHIPWRECK\TRANSPORT_SHIPWRECK_SUNKENSHIP.WMO,44876,DB46EE3747ED097D1D675DA5EB06BC9EE74A4551,D:\Sirus\_client\World of Warcraft Sirus\Risen_Depths_Extract_2026-10-04\AssetClosure\ByArchive\common.mpq\DUNGEONS\TEXTURES\TRIM\JLO_BBAY_MISC.BLP
1,common.mpq,DUNGEONS\TEXTURES\TRIM\AM_BBAY_TRIM_02_PIRATE.BLP,wmo-embedded-path|wmo-material-texture,WORLD\WMO\DUNGEON\MD_SHIPWRECK\SHIPWRECK_DBACK.WMO | WORLD\WMO\DUNGEON\MD_SHIPWRECK\SHIPWRECK_DFRONT.WMO,44876,3CC07CC31CADDD168046A4F00BDDD877AF59D12F,D:\Sirus\_client\World of Warcraft Sirus\Risen_Depths_Extract_2026-10-04\AssetClosure\ByArchive\common.mpq\DUNGEONS\TEXTURES\TRIM\AM_BBAY_TRIM_02_PIRATE.BLP
1,common.mpq,WORLD\EXPANSION02\DOODADS\BOREANTUNDRA\BEACH\BOREAN_SEAWEED_03.m2,wmo-doodad-model|wmo-embedded-path,WORLD\WMO\DUNGEON\MD_SHIPWRECK\SHIPWRECK_DBACK.WMO | WORLD\WMO\DUNGEON\MD_SHIPWRECK\SHIPWRECK_DFRONT.WMO | WORLD\WMO\DUNGEON\MD_SHIPWRECK\SHIPWRECK_DFRONT_SOLID.WMO | WORLD\WMO\TRANSPORTS\VRYKULBOATS\TRANSPORT_VRYKUL_LARGE.WMO | WORLD\WMO\TRANSPORTS\VRYKULBOATS\TRANSPORT_VRYKUL_LARGELESS.WMO,1104,40F69AD8C94E226CE8AB12D125EBFE42D08531E1,D:\Sirus\_client\World of Warcraft Sirus\Risen_Depths_Extract_2026-10-04\AssetClosure\ByArchive\common.mpq\WORLD\EXPANSION02\DOODADS\BOREANTUNDRA\BEACH\BOREAN_SEAWEED_03.m2
1,common.mpq,WORLD\EXPANSION02\DOODADS\SCHOLAZAR\SHIPWRECK_D\SHIPWRECK_SAILS.m2,wmo-doodad-model|wmo-embedded-path,WORLD\WMO\DUNGEON\MD_SHIPWRECK\SHIPWRECK_DBACK.WMO,3280,F72F47E7FA74841FC9B48872B0CC935087AEF116,D:\Sirus\_client\World of Warcraft Sirus\Risen_Depths_Extract_2026-10-04\AssetClosure\ByArchive\common.mpq\WORLD\EXPANSION02\DOODADS\SCHOLAZAR\SHIPWRECK_D\SHIPWRECK_SAILS.m2
1,common.mpq,WORLD\WMO\DUNGEON\MD_SHIPWRECK\SHIPWRECK_DBACK_000.wmo,wmo-group,WORLD\WMO\DUNGEON\MD_SHIPWRECK\SHIPWRECK_DBACK.WMO,81056,41AA070DD1C1D21858E6B861FC52B0878AC80F14,D:\Sirus\_client\World of Warcraft Sirus\Risen_Depths_Extract_2026-10-04\AssetClosure\ByArchive\common.mpq\WORLD\WMO\DUNGEON\MD_SHIPWRECK\SHIPWRECK_DBACK_000.wmo
1,common.mpq,WORLD\EXPANSION02\DOODADS\BOREANTUNDRA\BEACH\BOREAN_SEAWEED_01.m2,wmo-doodad-model|wmo-embedded-path,WORLD\WMO\DUNGEON\MD_SHIPWRECK\SHIPWRECK_DFRONT.WMO | WORLD\WMO\DUNGEON\MD_SHIPWRECK\SHIPWRECK_DFRONT_SOLID.WMO | WORLD\WMO\TRANSPORTS\VRYKULBOATS\TRANSPORT_VRYKUL_LARGE.WMO | WORLD\WMO\TRANSPORTS\VRYKULBOATS\TRANSPORT_VRYKUL_LARGELESS.WMO,10128,9B58215777C18312E2C70B1E8AD92A625236B6D9,D:\Sirus\_client\World of Warcraft Sirus\Risen_Depths_Extract_2026-10-04\AssetClosure\ByArchive\common.mpq\WORLD\EXPANSION02\DOODADS\BOREANTUNDRA\BEACH\BOREAN_SEAWEED_01.m2
1,common.mpq,WORLD\GENERIC\HUMAN\PASSIVE DOODADS\ANCHOR\DEADMINEANCHOR.m2,wmo-doodad-model|wmo-embedded-path,WORLD\WMO\DUNGEON\MD_SHIPWRECK\SHIPWRECK_DFRONT.WMO,7328,A29F8E77A1C2FEEFFC916767F01DC22285EB8F08,D:\Sirus\_client\World of Warcraft Sirus\Risen_Depths_Extract_2026-10-04\AssetClosure\ByArchive\common.mpq\WORLD\GENERIC\HUMAN\PASSIVE DOODADS\ANCHOR\DEADMINEANCHOR.m2
1,common.mpq,WORLD\GENERIC\HUMAN\PASSIVE DOODADS\CARGONETS\DEADMINECARGONETHANGSHORT.m2,wmo-doodad-model|wmo-embedded-path,WORLD\WMO\DUNGEON\MD_SHIPWRECK\SHIPWRECK_DFRONT.WMO,7664,09FBA5EFCF7EA1CE561C6D87EA88E3000A55C8C2,D:\Sirus\_client\World of Warcraft Sirus\Risen_Depths_Extract_2026-10-04\AssetClosure\ByArchive\common.mpq\WORLD\GENERIC\HUMAN\PASSIVE DOODADS\CARGONETS\DEADMINECARGONETHANGSHORT.m2
1,common.mpq,WORLD\GENERIC\HUMAN\PASSIVE DOODADS\DEADMINEPOWDERKEG\DEADMINEPOWDERKEG.m2,wmo-doodad-model|wmo-embedded-path,WORLD\WMO\DUNGEON\MD_SHIPWRECK\SHIPWRECK_DFRONT.WMO,3728,CFDFCD070D8D6A7A851176549DBF7614D2160D51,D:\Sirus\_client\World of Warcraft Sirus\Risen_Depths_Extract_2026-10-04\AssetClosure\ByArchive\common.mpq\WORLD\GENERIC\HUMAN\PASSIVE DOODADS\DEADMINEPOWDERKEG\DEADMINEPOWDERKEG.m2
1,common.mpq,WORLD\GENERIC\HUMAN\PASSIVE DOODADS\ANIMALHEADS\STUFFEDFRENZY.m2,wmo-doodad-model|wmo-embedded-path,WORLD\WMO\DUNGEON\MD_SHIPWRECK\SHIPWRECK_DFRONT.WMO,9808,9AFD16385027008A7C6A6BE678A88C14CF8C0533,D:\Sirus\_client\World of Warcraft Sirus\Risen_Depths_Extract_2026-10-04\AssetClosure\ByArchive\common.mpq\WORLD\GENERIC\HUMAN\PASSIVE DOODADS\ANIMALHEADS\STUFFEDFRENZY.m2
1,common.mpq,WORLD\WMO\DUNGEON\MD_SHIPWRECK\SHIPWRECK_DFRONT_000.wmo,wmo-group,WORLD\WMO\DUNGEON\MD_SHIPWRECK\SHIPWRECK_DFRONT.WMO,85278,4DC0BEDBDF10BEBA6680BA56452BA99CD1554C6E,D:\Sirus\_client\World of Warcraft Sirus\Risen_Depths_Extract_2026-10-04\AssetClosure\ByArchive\common.mpq\WORLD\WMO\DUNGEON\MD_SHIPWRECK\SHIPWRECK_DFRONT_000.wmo
1,common.mpq,WORLD\ENVIRONMENT\DOODAD\AZSHARA\NAGACAMP\TEXTURE\NAGAPAVILION01.BLP,wmo-embedded-path|wmo-material-texture,WORLD\WMO\KALIMDOR\BUILDINGS\NAGAPAGODA\NAGAPAGODA01.WMO,44876,172AA2CD7BD0ADDB3676DF0917F83475D31B43F9,D:\Sirus\_client\World of Warcraft Sirus\Risen_Depths_Extract_2026-10-04\AssetClosure\ByArchive\common.mpq\WORLD\ENVIRONMENT\DOODAD\AZSHARA\NAGACAMP\TEXTURE\NAGAPAVILION01.BLP
1,common.mpq,WORLD\WMO\KALIMDOR\BUILDINGS\NAGAPAGODA\NAGAPAGODA01_000.wmo,wmo-group,WORLD\WMO\KALIMDOR\BUILDINGS\NAGAPAGODA\NAGAPAGODA01.WMO,51010,03EC8F8539747FE902C4CABAEEDB6E1641FC3C2D,D:\Sirus\_client\World of Warcraft Sirus\Risen_Depths_Extract_2026-10-04\AssetClosure\ByArchive\common.mpq\WORLD\WMO\KALIMDOR\BUILDINGS\NAGAPAGODA\NAGAPAGODA01_000.wmo
1,common.mpq,DUNGEONS\TEXTURES\ROOF\MM_ORC_AROOF_02.BLP,wmo-embedded-path|wmo-material-texture,WORLD\WMO\KALIMDOR\BUILDINGS\ORCKENNEL\ABANDONEDORCKENNEL.WMO,44876,3E7F4E44C75862EFA5D0A5B59753831E2BA3E7F0,D:\Sirus\_client\World of Warcraft Sirus\Risen_Depths_Extract_2026-10-04\AssetClosure\ByArchive\common.mpq\DUNGEONS\TEXTURES\ROOF\MM_ORC_AROOF_02.BLP
1,common.mpq,DUNGEONS\TEXTURES\ROOF\MM_OGRMR_ROOFTRIM_01.BLP,wmo-embedded-path|wmo-material-texture,WORLD\WMO\KALIMDOR\BUILDINGS\ORCKENNEL\ABANDONEDORCKENNEL.WMO,12108,FDF02186D1ED7D7BBCA21F87413FCB4CE315C892,D:\Sirus\_client\World of Warcraft Sirus\Risen_Depths_Extract_2026-10-04\AssetClosure\ByArchive\common.mpq\DUNGEONS\TEXTURES\ROOF\MM_OGRMR_ROOFTRIM_01.BLP
1,common.mpq,DUNGEONS\TEXTURES\TRIM\MM_ORC_ATRIM_01.BLP,wmo-embedded-path|wmo-material-texture,WORLD\WMO\KALIMDOR\BUILDINGS\ORCKENNEL\ABANDONEDORCKENNEL.WMO,44876,D3A6D5FAF19BF8F2DB62CCFB50CFFED38DD6F7AC,D:\Sirus\_client\World of Warcraft Sirus\Risen_Depths_Extract_2026-10-04\AssetClosure\ByArchive\common.mpq\DUNGEONS\TEXTURES\TRIM\MM_ORC_ATRIM_01.BLP
1,common.mpq,DUNGEONS\TEXTURES\TRIM\MM_ORC_ATRIM_02.BLP,wmo-embedded-path|wmo-material-texture,WORLD\WMO\KALIMDOR\BUILDINGS\ORCKENNEL\ABANDONEDORCKENNEL.WMO,44876,D49832E7A922C32E3CDD74586928FB765B6CC0C1,D:\Sirus\_client\World of Warcraft Sirus\Risen_Depths_Extract_2026-10-04\AssetClosure\ByArchive\common.mpq\DUNGEONS\TEXTURES\TRIM\MM_ORC_ATRIM_02.BLP
1,common.mpq,DUNGEONS\TEXTURES\TRIM\MM_ORC_AINT_TRIM_01.BLP,wmo-embedded-path|wmo-material-texture,WORLD\WMO\KALIMDOR\BUILDINGS\ORCKENNEL\ABANDONEDORCKENNEL.WMO,44876,15D1A87E3AB92772B5B10E74A8BC3236C3D70309,D:\Sirus\_client\World of Warcraft Sirus\Risen_Depths_Extract_2026-10-04\AssetClosure\ByArchive\common.mpq\DUNGEONS\TEXTURES\TRIM\MM_ORC_AINT_TRIM_01.BLP
1,common.mpq,DUNGEONS\TEXTURES\TRIM\MM_ORC_AINT_TRIM_02.BLP,wmo-embedded-path|wmo-material-texture,WORLD\WMO\KALIMDOR\BUILDINGS\ORCKENNEL\ABANDONEDORCKENNEL.WMO,3916,F535AFF372C2F13B6E1837E6308828A1D66847A7,D:\Sirus\_client\World of Warcraft Sirus\Risen_Depths_Extract_2026-10-04\AssetClosure\ByArchive\common.mpq\DUNGEONS\TEXTURES\TRIM\MM_ORC_AINT_TRIM_02.BLP
1,common.mpq,DUNGEONS\TEXTURES\DEVICES\MM_ORC_KENNEL_01.BLP,wmo-embedded-path|wmo-material-texture,WORLD\WMO\KALIMDOR\BUILDINGS\ORCKENNEL\ABANDONEDORCKENNEL.WMO,88580,0A49F8407C1CE0DAD7E1AB4A59AD30758BC0D78F,D:\Sirus\_client\World of Warcraft Sirus\Risen_Depths_Extract_2026-10-04\AssetClosure\ByArchive\common.mpq\DUNGEONS\TEXTURES\DEVICES\MM_ORC_KENNEL_01.BLP
1,common.mpq,WORLD\WMO\KALIMDOR\BUILDINGS\ORCKENNEL\ABANDONEDORCKENNEL_000.wmo,wmo-group,WORLD\WMO\KALIMDOR\BUILDINGS\ORCKENNEL\ABANDONEDORCKENNEL.WMO,85796,38B8EC076988CB59268E6083FC073930F48D2DF2,D:\Sirus\_client\World of Warcraft Sirus\Risen_Depths_Extract_2026-10-04\AssetClosure\ByArchive\common.mpq\WORLD\WMO\KALIMDOR\BUILDINGS\ORCKENNEL\ABANDONEDORCKENNEL_000.wmo
1,common.mpq,DUNGEONS\TEXTURES\RAZORFEN\STU_RF_PIGROOF.BLP,wmo-embedded-path|wmo-material-texture,WORLD\WMO\KALIMDOR\BUILDINGS\QUILLBOAR\BIGHOUSE.WMO,88580,DE6CC514DB4118A17CCCD6B658D1D442471F6E26,D:\Sirus\_client\World of Warcraft Sirus\Risen_Depths_Extract_2026-10-04\AssetClosure\ByArchive\common.mpq\DUNGEONS\TEXTURES\RAZORFEN\STU_RF_PIGROOF.BLP
1,common.mpq,DUNGEONS\TEXTURES\RAZORFEN\STU_RF_PIGROOFTOP.BLP,wmo-embedded-path|wmo-material-texture,WORLD\WMO\KALIMDOR\BUILDINGS\QUILLBOAR\BIGHOUSE.WMO,88580,B0B30B6C92E27381F132AF8C01B7096AAF4D8838,D:\Sirus\_client\World of Warcraft Sirus\Risen_Depths_Extract_2026-10-04\AssetClosure\ByArchive\common.mpq\DUNGEONS\TEXTURES\RAZORFEN\STU_RF_PIGROOFTOP.BLP
1,common.mpq,DUNGEONS\TEXTURES\RAZORFEN\STU_RF_PIGLOG.BLP,wmo-embedded-path|wmo-material-texture,WORLD\WMO\KALIMDOR\BUILDINGS\QUILLBOAR\BIGHOUSE.WMO,44876,430DCEF78144DF5DCCB11C7D6E2C409CE6C42B09,D:\Sirus\_client\World of Warcraft Sirus\Risen_Depths_Extract_2026-10-04\AssetClosure\ByArchive\common.mpq\DUNGEONS\TEXTURES\RAZORFEN\STU_RF_PIGLOG.BLP
1,common.mpq,DUNGEONS\TEXTURES\RAZORFEN\STU_RF_PIGHUTWALL.BLP,wmo-embedded-path|wmo-material-texture,WORLD\WMO\KALIMDOR\BUILDINGS\QUILLBOAR\BIGHOUSE.WMO,44876,BBA87D699927EE6CD2E1D18F8C74D70D4DCFC778,D:\Sirus\_client\World of Warcraft Sirus\Risen_Depths_Extract_2026-10-04\AssetClosure\ByArchive\common.mpq\DUNGEONS\TEXTURES\RAZORFEN\STU_RF_PIGHUTWALL.BLP
1,common.mpq,DUNGEONS\TEXTURES\RAZORFEN\STU_RF_PIGHUTBOTTOM.BLP,wmo-embedded-path|wmo-material-texture,WORLD\WMO\KALIMDOR\BUILDINGS\QUILLBOAR\BIGHOUSE.WMO,44876,24D8B6791C78D0C97169E8CF0ED8F987DAB79397,D:\Sirus\_client\World of Warcraft Sirus\Risen_Depths_Extract_2026-10-04\AssetClosure\ByArchive\common.mpq\DUNGEONS\TEXTURES\RAZORFEN\STU_RF_PIGHUTBOTTOM.BLP
1,common.mpq,WORLD\WMO\KALIMDOR\BUILDINGS\QUILLBOAR\BIGHOUSE_000.wmo,wmo-group,WORLD\WMO\KALIMDOR\BUILDINGS\QUILLBOAR\BIGHOUSE.WMO,34362,7AA77CF55F4A1E10572A02981D70685CE587BDA6,D:\Sirus\_client\World of Warcraft Sirus\Risen_Depths_Extract_2026-10-04\AssetClosure\ByArchive\common.mpq\WORLD\WMO\KALIMDOR\BUILDINGS\QUILLBOAR\BIGHOUSE_000.wmo
1,common.mpq,WORLD\KALIMDOR\DARKSHORE\GIANTSEATURTLE\TURTLEBUCKEL01.BLP,wmo-embedded-path|wmo-material-texture,WORLD\WMO\KALIMDOR\COLLIDABLEDOODADS\DARKSHORE\GIANTSEATURTLE01\GIANTSEATURTLE01.WMO,1876,78F3EEA51AC023CE18C1842AF8EFDCAB816BD028,D:\Sirus\_client\World of Warcraft Sirus\Risen_Depths_Extract_2026-10-04\AssetClosure\ByArchive\common.mpq\WORLD\KALIMDOR\DARKSHORE\GIANTSEATURTLE\TURTLEBUCKEL01.BLP
1,common.mpq,WORLD\KALIMDOR\DARKSHORE\GIANTSEATURTLE\SEATURTLESKULL02.BLP,wmo-embedded-path|wmo-material-texture,WORLD\WMO\KALIMDOR\COLLIDABLEDOODADS\DARKSHORE\GIANTSEATURTLE01\GIANTSEATURTLE01.WMO | WORLD\WMO\KALIMDOR\COLLIDABLEDOODADS\DARKSHORE\GIANTSEATURTLE02\GIANTSEATURTLE02.WMO,44876,81A5EC1A6E91D0BAFBF0B1D4FE74C78C363C5523,D:\Sirus\_client\World of Warcraft Sirus\Risen_Depths_Extract_2026-10-04\AssetClosure\ByArchive\common.mpq\WORLD\KALIMDOR\DARKSHORE\GIANTSEATURTLE\SEATURTLESKULL02.BLP
1,common.mpq,WORLD\ENVIRONMENT\DOODAD\DARKSHORE\GIANTSEATURTLEBONES\TEXTURE\BRIAN\TURTLEROPE3.BLP,wmo-embedded-path|wmo-material-texture,WORLD\WMO\KALIMDOR\COLLIDABLEDOODADS\DARKSHORE\GIANTSEATURTLE01\GIANTSEATURTLE01.WMO,2580,CBDECF26D89919E28A041D4148B43EFCC22BC370,D:\Sirus\_client\World of Warcraft Sirus\Risen_Depths_Extract_2026-10-04\AssetClosure\ByArchive\common.mpq\WORLD\ENVIRONMENT\DOODAD\DARKSHORE\GIANTSEATURTLEBONES\TEXTURE\BRIAN\TURTLEROPE3.BLP
1,common.mpq,WORLD\KALIMDOR\DARKSHORE\GIANTSEATURTLE\CHINAWALL01.BLP,wmo-embedded-path|wmo-material-texture,WORLD\WMO\KALIMDOR\COLLIDABLEDOODADS\DARKSHORE\GIANTSEATURTLE01\GIANTSEATURTLE01.WMO,44876,C393CCC5156EC308B87D72234E828A51774778EC,D:\Sirus\_client\World of Warcraft Sirus\Risen_Depths_Extract_2026-10-04\AssetClosure\ByArchive\common.mpq\WORLD\KALIMDOR\DARKSHORE\GIANTSEATURTLE\CHINAWALL01.BLP
1,common.mpq,WORLD\KALIMDOR\DARKSHORE\GIANTSEATURTLE\TURTLEROOF.BLP,wmo-embedded-path|wmo-material-texture,WORLD\WMO\KALIMDOR\COLLIDABLEDOODADS\DARKSHORE\GIANTSEATURTLE01\GIANTSEATURTLE01.WMO,3924,53CCC7F456537346215C977534F95F63F2E67691,D:\Sirus\_client\World of Warcraft Sirus\Risen_Depths_Extract_2026-10-04\AssetClosure\ByArchive\common.mpq\WORLD\KALIMDOR\DARKSHORE\GIANTSEATURTLE\TURTLEROOF.BLP
1,common.mpq,WORLD\KALIMDOR\DARKSHORE\GIANTSEATURTLE\TURTLEROOFTOP_02.BLP,wmo-embedded-path|wmo-material-texture,WORLD\WMO\KALIMDOR\COLLIDABLEDOODADS\DARKSHORE\GIANTSEATURTLE01\GIANTSEATURTLE01.WMO,2556,317A14733E322CC127FF2ECBDC39D7738A964B60,D:\Sirus\_client\World of Warcraft Sirus\Risen_Depths_Extract_2026-10-04\AssetClosure\ByArchive\common.mpq\WORLD\KALIMDOR\DARKSHORE\GIANTSEATURTLE\TURTLEROOFTOP_02.BLP
1,common.mpq,WORLD\KALIMDOR\DARKSHORE\GIANTSEATURTLE\TURTLEROOFTOP_01.BLP,wmo-embedded-path|wmo-material-texture,WORLD\WMO\KALIMDOR\COLLIDABLEDOODADS\DARKSHORE\GIANTSEATURTLE01\GIANTSEATURTLE01.WMO,2556,EFADDDFE178646F64B77C04BFC7CF1040CB4CDC2,D:\Sirus\_client\World of Warcraft Sirus\Risen_Depths_Extract_2026-10-04\AssetClosure\ByArchive\common.mpq\WORLD\KALIMDOR\DARKSHORE\GIANTSEATURTLE\TURTLEROOFTOP_01.BLP
1,common.mpq,WORLD\KALIMDOR\DARKSHORE\GIANTSEATURTLE\TURTLESHELL.BLP,wmo-embedded-path|wmo-material-texture,WORLD\WMO\KALIMDOR\COLLIDABLEDOODADS\DARKSHORE\GIANTSEATURTLE01\GIANTSEATURTLE01.WMO | WORLD\WMO\KALIMDOR\COLLIDABLEDOODADS\DARKSHORE\GIANTSEATURTLE02\GIANTSEATURTLE02.WMO,23036,890C9DDC7ED18037BA5AB60BA0B54F9E47D9B33F,D:\Sirus\_client\World of Warcraft Sirus\Risen_Depths_Extract_2026-10-04\AssetClosure\ByArchive\common.mpq\WORLD\KALIMDOR\DARKSHORE\GIANTSEATURTLE\TURTLESHELL.BLP
1,common.mpq,WORLD\WMO\KALIMDOR\COLLIDABLEDOODADS\DARKSHORE\GIANTSEATURTLE01\GIANTSEATURTLE01_000.wmo,wmo-group,WORLD\WMO\KALIMDOR\COLLIDABLEDOODADS\DARKSHORE\GIANTSEATURTLE01\GIANTSEATURTLE01.WMO,33984,DC3D1FD50B3F4BBB6ECA4303D1A8D05D7D14F59C,D:\Sirus\_client\World of Warcraft Sirus\Risen_Depths_Extract_2026-10-04\AssetClosure\ByArchive\common.mpq\WORLD\WMO\KALIMDOR\COLLIDABLEDOODADS\DARKSHORE\GIANTSEATURTLE01\GIANTSEATURTLE01_000.wmo
1,common.mpq,WORLD\WMO\KALIMDOR\COLLIDABLEDOODADS\DARKSHORE\GIANTSEATURTLE02\GIANTSEATURTLE02_000.wmo,wmo-group,WORLD\WMO\KALIMDOR\COLLIDABLEDOODADS\DARKSHORE\GIANTSEATURTLE02\GIANTSEATURTLE02.WMO,7680,52E0809996476567449884C0C83287B8A9459B97,D:\Sirus\_client\World of Warcraft Sirus\Risen_Depths_Extract_2026-10-04\AssetClosure\ByArchive\common.mpq\WORLD\WMO\KALIMDOR\COLLIDABLEDOODADS\DARKSHORE\GIANTSEATURTLE02\GIANTSEATURTLE02_000.wmo
1,common.mpq,DUNGEONS\TEXTURES\UNDEAD_SHIP\AM_BBAY_WOODWALL.BLP,wmo-embedded-path|wmo-material-texture,WORLD\WMO\NORTHREND\BUILDINGS\FORSAKEN\SHIPWRECK\ND_FORSAKEN_SHIPWRECK.WMO,44876,F6F94352EC40569F9472977F8DDA091F928C3C27,D:\Sirus\_client\World of Warcraft Sirus\Risen_Depths_Extract_2026-10-04\AssetClosure\ByArchive\common.mpq\DUNGEONS\TEXTURES\UNDEAD_SHIP\AM_BBAY_WOODWALL.BLP
1,common.mpq,DUNGEONS\TEXTURES\UNDEAD_SHIP\AM_BBAY_SAILRIPPED.BLP,wmo-embedded-path|wmo-material-texture,WORLD\WMO\NORTHREND\BUILDINGS\FORSAKEN\SHIPWRECK\ND_FORSAKEN_SHIPWRECK.WMO,88580,E52BDDF5E9FD046F8B96241A04B94B99EB65A60D,D:\Sirus\_client\World of Warcraft Sirus\Risen_Depths_Extract_2026-10-04\AssetClosure\ByArchive\common.mpq\DUNGEONS\TEXTURES\UNDEAD_SHIP\AM_BBAY_SAILRIPPED.BLP
1,common.mpq,DUNGEONS\TEXTURES\UNDEAD_SHIP\AM_BBAY_MISCBURN.BLP,wmo-embedded-path|wmo-material-texture,WORLD\WMO\NORTHREND\BUILDINGS\FORSAKEN\SHIPWRECK\ND_FORSAKEN_SHIPWRECK.WMO,44876,31ABBF5A2829165D80F10BAB703FC0FFEBCDBE64,D:\Sirus\_client\World of Warcraft Sirus\Risen_Depths_Extract_2026-10-04\AssetClosure\ByArchive\common.mpq\DUNGEONS\TEXTURES\UNDEAD_SHIP\AM_BBAY_MISCBURN.BLP
1,common.mpq,DUNGEONS\TEXTURES\UNDEAD_SHIP\AM_BBAY_PLANK.BLP,wmo-embedded-path|wmo-material-texture,WORLD\WMO\NORTHREND\BUILDINGS\FORSAKEN\SHIPWRECK\ND_FORSAKEN_SHIPWRECK.WMO,44876,C597F7C985E2DB747F56EC67B7C511D7668E10ED,D:\Sirus\_client\World of Warcraft Sirus\Risen_Depths_Extract_2026-10-04\AssetClosure\ByArchive\common.mpq\DUNGEONS\TEXTURES\UNDEAD_SHIP\AM_BBAY_PLANK.BLP
1,common.mpq,DUNGEONS\TEXTURES\UNDEAD_SHIP\AM_BBAY_CEILING.BLP,wmo-embedded-path|wmo-material-texture,WORLD\WMO\NORTHREND\BUILDINGS\FORSAKEN\SHIPWRECK\ND_FORSAKEN_SHIPWRECK.WMO,44876,92DAE18AEADC46825A347DA1719932F2891E8FCE,D:\Sirus\_client\World of Warcraft Sirus\Risen_Depths_Extract_2026-10-04\AssetClosure\ByArchive\common.mpq\DUNGEONS\TEXTURES\UNDEAD_SHIP\AM_BBAY_CEILING.BLP
1,common.mpq,DUNGEONS\TEXTURES\UNDEAD_SHIP\AM_BBAY_WINDOWSBURN.BLP,wmo-embedded-path|wmo-material-texture,WORLD\WMO\NORTHREND\BUILDINGS\FORSAKEN\SHIPWRECK\ND_FORSAKEN_SHIPWRECK.WMO,44876,D9AA57C32AAD4A7C073A51B3FB9FFA1178CAD8C6,D:\Sirus\_client\World of Warcraft Sirus\Risen_Depths_Extract_2026-10-04\AssetClosure\ByArchive\common.mpq\DUNGEONS\TEXTURES\UNDEAD_SHIP\AM_BBAY_WINDOWSBURN.BLP
1,common.mpq,DUNGEONS\TEXTURES\UNDEAD_SHIP\AM_BBAY_TRIM_01.BLP,wmo-embedded-path|wmo-material-texture,WORLD\WMO\NORTHREND\BUILDINGS\FORSAKEN\SHIPWRECK\ND_FORSAKEN_SHIPWRECK.WMO,44876,86E497B618543AA3DE339A41F289CDB1AE9AE9A6,D:\Sirus\_client\World of Warcraft Sirus\Risen_Depths_Extract_2026-10-04\AssetClosure\ByArchive\common.mpq\DUNGEONS\TEXTURES\UNDEAD_SHIP\AM_BBAY_TRIM_01.BLP
1,common.mpq,DUNGEONS\TEXTURES\UNDEAD_SHIP\AM_BBAY_TRIM_02BURN.BLP,wmo-embedded-path|wmo-material-texture,WORLD\WMO\NORTHREND\BUILDINGS\FORSAKEN\SHIPWRECK\ND_FORSAKEN_SHIPWRECK.WMO,44876,2250D14D254C9FB0B67D57116318D5B6C9F023E1,D:\Sirus\_client\World of Warcraft Sirus\Risen_Depths_Extract_2026-10-04\AssetClosure\ByArchive\common.mpq\DUNGEONS\TEXTURES\UNDEAD_SHIP\AM_BBAY_TRIM_02BURN.BLP
1,common.mpq,DUNGEONS\TEXTURES\UNDEAD_SHIP\AM_BBAY_TRIM_03.BLP,wmo-embedded-path|wmo-material-texture,WORLD\WMO\NORTHREND\BUILDINGS\FORSAKEN\SHIPWRECK\ND_FORSAKEN_SHIPWRECK.WMO,44876,11F093AD8D0BA0EC295E8965A8CA17F2D9492B14,D:\Sirus\_client\World of Warcraft Sirus\Risen_Depths_Extract_2026-10-04\AssetClosure\ByArchive\common.mpq\DUNGEONS\TEXTURES\UNDEAD_SHIP\AM_BBAY_TRIM_03.BLP
1,common.mpq,DUNGEONS\TEXTURES\TRIM\JLO_UDERCITY_TRIM03.BLP,m2-embedded-path|wmo-embedded-path|wmo-material-texture,INTERIORS\BUILDINGS\ND_FORSAKEN\ND_FORSAKEN_SHIPWRECKSKULLS.m2 | WORLD\WMO\NORTHREND\BUILDINGS\FORSAKEN\SHIPWRECK\ND_FORSAKEN_SHIPWRECK.WMO,44876,F726995CBDBBE361F621E77DA7E250B96D1045D5,D:\Sirus\_client\World of Warcraft Sirus\Risen_Depths_Extract_2026-10-04\AssetClosure\ByArchive\common.mpq\DUNGEONS\TEXTURES\TRIM\JLO_UDERCITY_TRIM03.BLP
1,common.mpq,DUNGEONS\TEXTURES\UNDEAD_SHIP\AM_BBAY_SHIPEXTERIOR.BLP,wmo-embedded-path|wmo-material-texture,WORLD\WMO\NORTHREND\BUILDINGS\FORSAKEN\SHIPWRECK\ND_FORSAKEN_SHIPWRECK.WMO,44876,12208FE2A57CE24247525A8EC399AE45B28D8574,D:\Sirus\_client\World of Warcraft Sirus\Risen_Depths_Extract_2026-10-04\AssetClosure\ByArchive\common.mpq\DUNGEONS\TEXTURES\UNDEAD_SHIP\AM_BBAY_SHIPEXTERIOR.BLP
1,common.mpq,DUNGEONS\TEXTURES\UNDEAD_SHIP\AM_BBAY_SHIPTRIM_01.BLP,wmo-embedded-path|wmo-material-texture,WORLD\WMO\NORTHREND\BUILDINGS\FORSAKEN\SHIPWRECK\ND_FORSAKEN_SHIPWRECK.WMO,44876,B003661F2F81AEFA7CC86B46E9FDC23BD3A17100,D:\Sirus\_client\World of Warcraft Sirus\Risen_Depths_Extract_2026-10-04\AssetClosure\ByArchive\common.mpq\DUNGEONS\TEXTURES\UNDEAD_SHIP\AM_BBAY_SHIPTRIM_01.BLP
1,common.mpq,DUNGEONS\TEXTURES\UNDEAD_SHIP\AM_BBAY_SHIPINTERIOR.BLP,wmo-embedded-path|wmo-material-texture,WORLD\WMO\NORTHREND\BUILDINGS\FORSAKEN\SHIPWRECK\ND_FORSAKEN_SHIPWRECK.WMO,44876,F1C209C0CD8A00B0A9D167564D7D13CF7EB4EBB6,D:\Sirus\_client\World of Warcraft Sirus\Risen_Depths_Extract_2026-10-04\AssetClosure\ByArchive\common.mpq\DUNGEONS\TEXTURES\UNDEAD_SHIP\AM_BBAY_SHIPINTERIOR.BLP
1,common.mpq,DUNGEONS\TEXTURES\UNDEAD_SHIP\AM_BBAY_NET.BLP,wmo-embedded-path|wmo-material-texture,WORLD\WMO\NORTHREND\BUILDINGS\FORSAKEN\SHIPWRECK\ND_FORSAKEN_SHIPWRECK.WMO,23044,4C6C0DF63D2757FE8E29926D1D66F6A6C03BD0A9,D:\Sirus\_client\World of Warcraft Sirus\Risen_Depths_Extract_2026-10-04\AssetClosure\ByArchive\common.mpq\DUNGEONS\TEXTURES\UNDEAD_SHIP\AM_BBAY_NET.BLP
1,common.mpq,DUNGEONS\TEXTURES\UNDEAD_SHIP\AM_BBAY_PLANKBURNED.BLP,wmo-embedded-path|wmo-material-texture,WORLD\WMO\NORTHREND\BUILDINGS\FORSAKEN\SHIPWRECK\ND_FORSAKEN_SHIPWRECK.WMO,44876,F94F3AE844262349F4873E39E9163DBE032856E0,D:\Sirus\_client\World of Warcraft Sirus\Risen_Depths_Extract_2026-10-04\AssetClosure\ByArchive\common.mpq\DUNGEONS\TEXTURES\UNDEAD_SHIP\AM_BBAY_PLANKBURNED.BLP
1,common.mpq,DUNGEONS\TEXTURES\DOOR\MM_GREENDOOR_01.BLP,wmo-embedded-path|wmo-material-texture,WORLD\WMO\NORTHREND\BUILDINGS\FORSAKEN\SHIPWRECK\ND_FORSAKEN_SHIPWRECK.WMO,23036,D35CD50502FB09EFE69C14F577ED3B83E78C4A19,D:\Sirus\_client\World of Warcraft Sirus\Risen_Depths_Extract_2026-10-04\AssetClosure\ByArchive\common.mpq\DUNGEONS\TEXTURES\DOOR\MM_GREENDOOR_01.BLP
1,common.mpq,DUNGEONS\TEXTURES\UNDEAD_SHIP\AM_BBAY_SHIPEXTERIORBURN.BLP,wmo-embedded-path|wmo-material-texture,WORLD\WMO\NORTHREND\BUILDINGS\FORSAKEN\SHIPWRECK\ND_FORSAKEN_SHIPWRECK.WMO,44876,AC357375A8210ABADE9E61C36F67B30978B70FE5,D:\Sirus\_client\World of Warcraft Sirus\Risen_Depths_Extract_2026-10-04\AssetClosure\ByArchive\common.mpq\DUNGEONS\TEXTURES\UNDEAD_SHIP\AM_BBAY_SHIPEXTERIORBURN.BLP
1,common.mpq,DUNGEONS\TEXTURES\UNDEAD_SHIP\AM_BBAY_TRIM_03BURN.BLP,wmo-embedded-path|wmo-material-texture,WORLD\WMO\NORTHREND\BUILDINGS\FORSAKEN\SHIPWRECK\ND_FORSAKEN_SHIPWRECK.WMO,44876,937F6D36288EE3508CE415C63489C2640E840C7F,D:\Sirus\_client\World of Warcraft Sirus\Risen_Depths_Extract_2026-10-04\AssetClosure\ByArchive\common.mpq\DUNGEONS\TEXTURES\UNDEAD_SHIP\AM_BBAY_TRIM_03BURN.BLP
1,common.mpq,DUNGEONS\TEXTURES\UNDEAD_SHIP\BURNMARK.BLP,wmo-embedded-path|wmo-material-texture,WORLD\WMO\NORTHREND\BUILDINGS\FORSAKEN\SHIPWRECK\ND_FORSAKEN_SHIPWRECK.WMO,175948,767A221CA08E32AE179BB354BFE84447F17C8B0E,D:\Sirus\_client\World of Warcraft Sirus\Risen_Depths_Extract_2026-10-04\AssetClosure\ByArchive\common.mpq\DUNGEONS\TEXTURES\UNDEAD_SHIP\BURNMARK.BLP
1,common.mpq,DUNGEONS\TEXTURES\UNDEAD_SHIP\AM_BBAY_SHIPINTERIORBURN.BLP,wmo-embedded-path|wmo-material-texture,WORLD\WMO\NORTHREND\BUILDINGS\FORSAKEN\SHIPWRECK\ND_FORSAKEN_SHIPWRECK.WMO,44876,A279D7558A8C64795BDEAE4574190710CCECEDC2,D:\Sirus\_client\World of Warcraft Sirus\Risen_Depths_Extract_2026-10-04\AssetClosure\ByArchive\common.mpq\DUNGEONS\TEXTURES\UNDEAD_SHIP\AM_BBAY_SHIPINTERIORBURN.BLP
1,common.mpq,DUNGEONS\TEXTURES\UNDEAD_SHIP\AM_BBAY_CEILINGBURN.BLP,wmo-embedded-path|wmo-material-texture,WORLD\WMO\NORTHREND\BUILDINGS\FORSAKEN\SHIPWRECK\ND_FORSAKEN_SHIPWRECK.WMO,44876,3D3EF97EC90635FEB75CE715EE021E7A1212A30E,D:\Sirus\_client\World of Warcraft Sirus\Risen_Depths_Extract_2026-10-04\AssetClosure\ByArchive\common.mpq\DUNGEONS\TEXTURES\UNDEAD_SHIP\AM_BBAY_CEILINGBURN.BLP
1,common.mpq,DUNGEONS\TEXTURES\UNDEAD_SHIP\AM_BBAY_SHIPINTERIORBURN02.BLP,wmo-embedded-path|wmo-material-texture,WORLD\WMO\NORTHREND\BUILDINGS\FORSAKEN\SHIPWRECK\ND_FORSAKEN_SHIPWRECK.WMO,44876,762F0C509A0341280D04FB20B464137B3CE5CB53,D:\Sirus\_client\World of Warcraft Sirus\Risen_Depths_Extract_2026-10-04\AssetClosure\ByArchive\common.mpq\DUNGEONS\TEXTURES\UNDEAD_SHIP\AM_BBAY_SHIPINTERIORBURN02.BLP
1,common.mpq,DUNGEONS\TEXTURES\UNDEAD_SHIP\AM_BBAY_PLANKBURN02.BLP,wmo-embedded-path|wmo-material-texture,WORLD\WMO\NORTHREND\BUILDINGS\FORSAKEN\SHIPWRECK\ND_FORSAKEN_SHIPWRECK.WMO,44876,D1D4505355D0C4548A761292D0F01BD96CE9A787,D:\Sirus\_client\World of Warcraft Sirus\Risen_Depths_Extract_2026-10-04\AssetClosure\ByArchive\common.mpq\DUNGEONS\TEXTURES\UNDEAD_SHIP\AM_BBAY_PLANKBURN02.BLP
1,common.mpq,WORLD\GENERIC\DARKIRONDWARF\PASSIVE DOODADS\WOODPLANKS\DARKIRONWOODPLANKS02.m2,wmo-doodad-model|wmo-embedded-path,WORLD\WMO\NORTHREND\BUILDINGS\FORSAKEN\SHIPWRECK\ND_FORSAKEN_SHIPWRECK.WMO,11616,AB9912A56125CD070A46292FF4184876E59879DA,D:\Sirus\_client\World of Warcraft Sirus\Risen_Depths_Extract_2026-10-04\AssetClosure\ByArchive\common.mpq\WORLD\GENERIC\DARKIRONDWARF\PASSIVE DOODADS\WOODPLANKS\DARKIRONWOODPLANKS02.m2
1,common.mpq,WORLD\AZEROTH\SWAMPOSORROW\PASSIVEDOODADS\ROCKS\SWAMPSORROWROCK01.m2,wmo-doodad-model|wmo-embedded-path,WORLD\WMO\NORTHREND\BUILDINGS\FORSAKEN\SHIPWRECK\ND_FORSAKEN_SHIPWRECK.WMO,2000,34EC413E89E9ABC62BE81250301345A54483D870,D:\Sirus\_client\World of Warcraft Sirus\Risen_Depths_Extract_2026-10-04\AssetClosure\ByArchive\common.mpq\WORLD\AZEROTH\SWAMPOSORROW\PASSIVEDOODADS\ROCKS\SWAMPSORROWROCK01.m2
1,common.mpq,WORLD\GENERIC\UNDERWATER\PASSIVEDOODADS\SEAWEED\GENERICSEAWEED07.m2,wmo-doodad-model|wmo-embedded-path,WORLD\WMO\NORTHREND\BUILDINGS\FORSAKEN\SHIPWRECK\ND_FORSAKEN_SHIPWRECK.WMO,2000,34C0DF7B337BA8F618838A6609C2708F841A7ADF,D:\Sirus\_client\World of Warcraft Sirus\Risen_Depths_Extract_2026-10-04\AssetClosure\ByArchive\common.mpq\WORLD\GENERIC\UNDERWATER\PASSIVEDOODADS\SEAWEED\GENERICSEAWEED07.m2
1,common.mpq,WORLD\GENERIC\UNDERWATER\PASSIVEDOODADS\SEAWEED\GENERICSEAWEED08.m2,wmo-doodad-model|wmo-embedded-path,WORLD\WMO\NORTHREND\BUILDINGS\FORSAKEN\SHIPWRECK\ND_FORSAKEN_SHIPWRECK.WMO,3568,11D24FF01A770B16CB061338C029E142CDA89C5E,D:\Sirus\_client\World of Warcraft Sirus\Risen_Depths_Extract_2026-10-04\AssetClosure\ByArchive\common.mpq\WORLD\GENERIC\UNDERWATER\PASSIVEDOODADS\SEAWEED\GENERICSEAWEED08.m2
1,common.mpq,WORLD\AZEROTH\ELWYNN\PASSIVEDOODADS\DETAIL\ELWYNNSEAWEED01\ELWYNNSEAWEED01.m2,wmo-doodad-model|wmo-embedded-path,WORLD\WMO\NORTHREND\BUILDINGS\FORSAKEN\SHIPWRECK\ND_FORSAKEN_SHIPWRECK.WMO,3008,46D7B7C1739A8B89A68FD147F2DC4189ADF96063,D:\Sirus\_client\World of Warcraft Sirus\Risen_Depths_Extract_2026-10-04\AssetClosure\ByArchive\common.mpq\WORLD\AZEROTH\ELWYNN\PASSIVEDOODADS\DETAIL\ELWYNNSEAWEED01\ELWYNNSEAWEED01.m2
1,common.mpq,WORLD\GENERIC\UNDERWATER\PASSIVEDOODADS\SEAWEED\GENERICSEAWEED10.m2,wmo-doodad-model|wmo-embedded-path,WORLD\WMO\NORTHREND\BUILDINGS\FORSAKEN\SHIPWRECK\ND_FORSAKEN_SHIPWRECK.WMO,4288,968E398C50780781F49803E070C67C81B9BA0797,D:\Sirus\_client\World of Warcraft Sirus\Risen_Depths_Extract_2026-10-04\AssetClosure\ByArchive\common.mpq\WORLD\GENERIC\UNDERWATER\PASSIVEDOODADS\SEAWEED\GENERICSEAWEED10.m2
1,common.mpq,WORLD\LORDAERON\PLAGUELAND\PASSIVEDOODADS\ROCKS\PLAGUELANDROCK05.m2,wmo-doodad-model|wmo-embedded-path,WORLD\WMO\NORTHREND\BUILDINGS\FORSAKEN\SHIPWRECK\ND_FORSAKEN_SHIPWRECK.WMO,4064,8EB677B151FBAD91B8B3802EA7AB4AB150F3984B,D:\Sirus\_client\World of Warcraft Sirus\Risen_Depths_Extract_2026-10-04\AssetClosure\ByArchive\common.mpq\WORLD\LORDAERON\PLAGUELAND\PASSIVEDOODADS\ROCKS\PLAGUELANDROCK05.m2
1,common.mpq,WORLD\GENERIC\UNDERWATER\PASSIVEDOODADS\SEAWEED\GENERICSEAWEED06.m2,wmo-doodad-model|wmo-embedded-path,WORLD\WMO\NORTHREND\BUILDINGS\FORSAKEN\SHIPWRECK\ND_FORSAKEN_SHIPWRECK.WMO,1568,26CF09A3F6A2C435AD6BD3FE0E0F6D35BE6EEC03,D:\Sirus\_client\World of Warcraft Sirus\Risen_Depths_Extract_2026-10-04\AssetClosure\ByArchive\common.mpq\WORLD\GENERIC\UNDERWATER\PASSIVEDOODADS\SEAWEED\GENERICSEAWEED06.m2
1,common.mpq,WORLD\GENERIC\UNDERWATER\PASSIVEDOODADS\PLANTS\PLANT02.m2,wmo-doodad-model|wmo-embedded-path,WORLD\WMO\NORTHREND\BUILDINGS\FORSAKEN\SHIPWRECK\ND_FORSAKEN_SHIPWRECK.WMO,10000,4A367CF2F26D144922B089C6F295A4EF1C2D94F2,D:\Sirus\_client\World of Warcraft Sirus\Risen_Depths_Extract_2026-10-04\AssetClosure\ByArchive\common.mpq\WORLD\GENERIC\UNDERWATER\PASSIVEDOODADS\PLANTS\PLANT02.m2
1,common.mpq,WORLD\GENERIC\PASSIVEDOODADS\PARTICLEEMITTERS\BUBBLES01.m2,wmo-doodad-model|wmo-embedded-path,WORLD\WMO\NORTHREND\BUILDINGS\FORSAKEN\SHIPWRECK\ND_FORSAKEN_SHIPWRECK.WMO,2848,2F6BBB392BEB94518480B7B4B119A78462588BEE,D:\Sirus\_client\World of Warcraft Sirus\Risen_Depths_Extract_2026-10-04\AssetClosure\ByArchive\common.mpq\WORLD\GENERIC\PASSIVEDOODADS\PARTICLEEMITTERS\BUBBLES01.m2
1,common.mpq,WORLD\GENERIC\PASSIVEDOODADS\FLOATINGDEBRIS\FLOATINGBARREL01.m2,wmo-doodad-model|wmo-embedded-path,WORLD\WMO\DUNGEON\MD_SHIPWRECK\TRANSPORT_SHIPWRECK_SUNKENSHIP.WMO | WORLD\WMO\NORTHREND\BUILDINGS\FORSAKEN\SHIPWRECK\ND_FORSAKEN_SHIPWRECK.WMO,5456,DD3F199F37DAAB15690C79BD2BA19C08C547FC02,D:\Sirus\_client\World of Warcraft Sirus\Risen_Depths_Extract_2026-10-04\AssetClosure\ByArchive\common.mpq\WORLD\GENERIC\PASSIVEDOODADS\FLOATINGDEBRIS\FLOATINGBARREL01.m2
1,common.mpq,WORLD\GENERIC\PASSIVEDOODADS\BARREL\BROKENBARREL01.m2,wmo-doodad-model|wmo-embedded-path,WORLD\WMO\NORTHREND\BUILDINGS\FORSAKEN\SHIPWRECK\ND_FORSAKEN_SHIPWRECK.WMO,9040,1BD474100CAF9D177AB11A7FB61F1454B1BDC690,D:\Sirus\_client\World of Warcraft Sirus\Risen_Depths_Extract_2026-10-04\AssetClosure\ByArchive\common.mpq\WORLD\GENERIC\PASSIVEDOODADS\BARREL\BROKENBARREL01.m2
1,common.mpq,WORLD\GENERIC\PASSIVEDOODADS\PARTICLEEMITTERS\BUBBLESB.m2,wmo-doodad-model|wmo-embedded-path,WORLD\WMO\DUNGEON\MD_SHIPWRECK\TRANSPORT_SHIPWRECK_SUNKENSHIP.WMO | WORLD\WMO\NORTHREND\BUILDINGS\FORSAKEN\SHIPWRECK\ND_FORSAKEN_SHIPWRECK.WMO,2752,0DAD4DBB3AE7B0DE918B913E05F2DEB0434CC102,D:\Sirus\_client\World of Warcraft Sirus\Risen_Depths_Extract_2026-10-04\AssetClosure\ByArchive\common.mpq\WORLD\GENERIC\PASSIVEDOODADS\PARTICLEEMITTERS\BUBBLESB.m2
1,common.mpq,WORLD\GENERIC\PASSIVEDOODADS\FURNITURE\CONTAINERS\BARREL02.m2,wmo-doodad-model|wmo-embedded-path,WORLD\WMO\NORTHREND\BUILDINGS\FORSAKEN\SHIPWRECK\ND_FORSAKEN_SHIPWRECK.WMO,4672,4C1E7EBAB5EB40C015D8B24C9B830C3E348EF780,D:\Sirus\_client\World of Warcraft Sirus\Risen_Depths_Extract_2026-10-04\AssetClosure\ByArchive\common.mpq\WORLD\GENERIC\PASSIVEDOODADS\FURNITURE\CONTAINERS\BARREL02.m2
1,common.mpq,INTERIORS\BUILDINGS\ND_FORSAKEN\ND_FORSAKEN_SHIPWRECKSKULLS.m2,wmo-doodad-model|wmo-embedded-path,WORLD\WMO\NORTHREND\BUILDINGS\FORSAKEN\SHIPWRECK\ND_FORSAKEN_SHIPWRECK.WMO,46032,F68DD4DA4315F816CEB7B36A00CDB8A1DA548476,D:\Sirus\_client\World of Warcraft Sirus\Risen_Depths_Extract_2026-10-04\AssetClosure\ByArchive\common.mpq\INTERIORS\BUILDINGS\ND_FORSAKEN\ND_FORSAKEN_SHIPWRECKSKULLS.m2
1,common.mpq,WORLD\WMO\NORTHREND\BUILDINGS\FORSAKEN\SHIPWRECK\ND_FORSAKEN_SHIPWRECK_000.wmo,wmo-group,WORLD\WMO\NORTHREND\BUILDINGS\FORSAKEN\SHIPWRECK\ND_FORSAKEN_SHIPWRECK.WMO,68822,F01883F3B7E72E8DC0C0CBC83A7D62F193713206,D:\Sirus\_client\World of Warcraft Sirus\Risen_Depths_Extract_2026-10-04\AssetClosure\ByArchive\common.mpq\WORLD\WMO\NORTHREND\BUILDINGS\FORSAKEN\SHIPWRECK\ND_FORSAKEN_SHIPWRECK_000.wmo
1,common.mpq,WORLD\WMO\NORTHREND\BUILDINGS\FORSAKEN\SHIPWRECK\ND_FORSAKEN_SHIPWRECK_001.wmo,wmo-group,WORLD\WMO\NORTHREND\BUILDINGS\FORSAKEN\SHIPWRECK\ND_FORSAKEN_SHIPWRECK.WMO,248406,CED3AA841C1E820EBFE915847372B9DD17B8F611,D:\Sirus\_client\World of Warcraft Sirus\Risen_Depths_Extract_2026-10-04\AssetClosure\ByArchive\common.mpq\WORLD\WMO\NORTHREND\BUILDINGS\FORSAKEN\SHIPWRECK\ND_FORSAKEN_SHIPWRECK_001.wmo
1,common.mpq,WORLD\WMO\NORTHREND\BUILDINGS\FORSAKEN\SHIPWRECK\ND_FORSAKEN_SHIPWRECK_002.wmo,wmo-group,WORLD\WMO\NORTHREND\BUILDINGS\FORSAKEN\SHIPWRECK\ND_FORSAKEN_SHIPWRECK.WMO,3638,F3094F4A41F6AF49407DCDF910009ADECB3E5E19,D:\Sirus\_client\World of Warcraft Sirus\Risen_Depths_Extract_2026-10-04\AssetClosure\ByArchive\common.mpq\WORLD\WMO\NORTHREND\BUILDINGS\FORSAKEN\SHIPWRECK\ND_FORSAKEN_SHIPWRECK_002.wmo
1,common.mpq,WORLD\WMO\NORTHREND\BUILDINGS\FORSAKEN\SHIPWRECK\ND_FORSAKEN_SHIPWRECK_003.wmo,wmo-group,WORLD\WMO\NORTHREND\BUILDINGS\FORSAKEN\SHIPWRECK\ND_FORSAKEN_SHIPWRECK.WMO,28352,3B3238DDF2E2A01B12EB43C200AB94C965C72C7D,D:\Sirus\_client\World of Warcraft Sirus\Risen_Depths_Extract_2026-10-04\AssetClosure\ByArchive\common.mpq\WORLD\WMO\NORTHREND\BUILDINGS\FORSAKEN\SHIPWRECK\ND_FORSAKEN_SHIPWRECK_003.wmo
1,common.mpq,WORLD\WMO\NORTHREND\BUILDINGS\FORSAKEN\SHIPWRECK\ND_FORSAKEN_SHIPWRECK_004.wmo,wmo-group,WORLD\WMO\NORTHREND\BUILDINGS\FORSAKEN\SHIPWRECK\ND_FORSAKEN_SHIPWRECK.WMO,3680,4D15361622E06F04B3F1A82B720D8EDD6BB81DB9,D:\Sirus\_client\World of Warcraft Sirus\Risen_Depths_Extract_2026-10-04\AssetClosure\ByArchive\common.mpq\WORLD\WMO\NORTHREND\BUILDINGS\FORSAKEN\SHIPWRECK\ND_FORSAKEN_SHIPWRECK_004.wmo
1,common.mpq,DUNGEONS\VEHICLES\TRANSPORT_VRYKUL_SHIP\TEX\VRYKUL_SEAVESSEL_TRIM01.BLP,wmo-embedded-path|wmo-material-texture,WORLD\WMO\TRANSPORTS\VRYKULBOATS\TRANSPORT_VRYKUL_LARGE.WMO | WORLD\WMO\TRANSPORTS\VRYKULBOATS\TRANSPORT_VRYKUL_LARGELESS.WMO,44876,AC849BE6E9CDAD9B862F08E3665A6F77E70697CF,D:\Sirus\_client\World of Warcraft Sirus\Risen_Depths_Extract_2026-10-04\AssetClosure\ByArchive\common.mpq\DUNGEONS\VEHICLES\TRANSPORT_VRYKUL_SHIP\TEX\VRYKUL_SEAVESSEL_TRIM01.BLP
1,common.mpq,DUNGEONS\VEHICLES\TRANSPORT_VRYKUL_SHIP\TEX\VRYKUL_SEAVESSEL_WOOD02.BLP,wmo-embedded-path|wmo-material-texture,WORLD\WMO\TRANSPORTS\VRYKULBOATS\TRANSPORT_VRYKUL_LARGE.WMO | WORLD\WMO\TRANSPORTS\VRYKULBOATS\TRANSPORT_VRYKUL_LARGELESS.WMO,44876,7AD79ECA11AB4403EC304A4F8862B566CF1CBE52,D:\Sirus\_client\World of Warcraft Sirus\Risen_Depths_Extract_2026-10-04\AssetClosure\ByArchive\common.mpq\DUNGEONS\VEHICLES\TRANSPORT_VRYKUL_SHIP\TEX\VRYKUL_SEAVESSEL_WOOD02.BLP
1,common.mpq,DUNGEONS\VEHICLES\TRANSPORT_VRYKUL_SHIP\TEX\VRYKUL_SEAVESSEL_TRIM02.BLP,wmo-embedded-path|wmo-material-texture,WORLD\WMO\TRANSPORTS\VRYKULBOATS\TRANSPORT_VRYKUL_LARGE.WMO | WORLD\WMO\TRANSPORTS\VRYKULBOATS\TRANSPORT_VRYKUL_LARGELESS.WMO,44876,8C72F21FD9E854078C54AEF5EA40F88851A28850,D:\Sirus\_client\World of Warcraft Sirus\Risen_Depths_Extract_2026-10-04\AssetClosure\ByArchive\common.mpq\DUNGEONS\VEHICLES\TRANSPORT_VRYKUL_SHIP\TEX\VRYKUL_SEAVESSEL_TRIM02.BLP
1,common.mpq,DUNGEONS\VEHICLES\TRANSPORT_VRYKUL_SHIP\TEX\VRYKUL_SEAVESSEL_SAIL01.BLP,wmo-embedded-path|wmo-material-texture,WORLD\WMO\TRANSPORTS\VRYKULBOATS\TRANSPORT_VRYKUL_LARGE.WMO | WORLD\WMO\TRANSPORTS\VRYKULBOATS\TRANSPORT_VRYKUL_LARGELESS.WMO,88580,C230494B02C46D1204D1E7C4456082C53A657807,D:\Sirus\_client\World of Warcraft Sirus\Risen_Depths_Extract_2026-10-04\AssetClosure\ByArchive\common.mpq\DUNGEONS\VEHICLES\TRANSPORT_VRYKUL_SHIP\TEX\VRYKUL_SEAVESSEL_SAIL01.BLP
1,common.mpq,DUNGEONS\VEHICLES\TRANSPORT_VRYKUL_SHIP\TEX\VRYKUL_SEAVESSEL_SEAWEED01.BLP,wmo-embedded-path|wmo-material-texture,WORLD\WMO\TRANSPORTS\VRYKULBOATS\TRANSPORT_VRYKUL_LARGE.WMO | WORLD\WMO\TRANSPORTS\VRYKULBOATS\TRANSPORT_VRYKUL_LARGELESS.WMO,88580,9AC319F6947F6BF3F9CAC386D2F9CE07F09010FD,D:\Sirus\_client\World of Warcraft Sirus\Risen_Depths_Extract_2026-10-04\AssetClosure\ByArchive\common.mpq\DUNGEONS\VEHICLES\TRANSPORT_VRYKUL_SHIP\TEX\VRYKUL_SEAVESSEL_SEAWEED01.BLP
1,common.mpq,DUNGEONS\VEHICLES\TRANSPORT_VRYKUL_SHIP\TEX\VRYKUL_SEAVESSEL_TRIM03.BLP,wmo-embedded-path|wmo-material-texture,WORLD\WMO\TRANSPORTS\VRYKULBOATS\TRANSPORT_VRYKUL_LARGE.WMO | WORLD\WMO\TRANSPORTS\VRYKULBOATS\TRANSPORT_VRYKUL_LARGELESS.WMO,44876,38E2A595109AE38E11078D6F0009631DA8330B27,D:\Sirus\_client\World of Warcraft Sirus\Risen_Depths_Extract_2026-10-04\AssetClosure\ByArchive\common.mpq\DUNGEONS\VEHICLES\TRANSPORT_VRYKUL_SHIP\TEX\VRYKUL_SEAVESSEL_TRIM03.BLP
1,common.mpq,DUNGEONS\VEHICLES\TRANSPORT_VRYKUL_SHIP\TEX\VRYKUL_SEAVESSEL_SHIELD01.BLP,wmo-embedded-path|wmo-material-texture,WORLD\WMO\TRANSPORTS\VRYKULBOATS\TRANSPORT_VRYKUL_LARGE.WMO | WORLD\WMO\TRANSPORTS\VRYKULBOATS\TRANSPORT_VRYKUL_LARGELESS.WMO,44876,19E01AD9836EE6B740AA4B6513697361FB50F7CD,D:\Sirus\_client\World of Warcraft Sirus\Risen_Depths_Extract_2026-10-04\AssetClosure\ByArchive\common.mpq\DUNGEONS\VEHICLES\TRANSPORT_VRYKUL_SHIP\TEX\VRYKUL_SEAVESSEL_SHIELD01.BLP
1,common.mpq,DUNGEONS\VEHICLES\TRANSPORT_VRYKUL_SHIP\TEX\VRYKUL_SEAVESSEL_SEAWEED02.BLP,wmo-embedded-path|wmo-material-texture,WORLD\WMO\TRANSPORTS\VRYKULBOATS\TRANSPORT_VRYKUL_LARGE.WMO | WORLD\WMO\TRANSPORTS\VRYKULBOATS\TRANSPORT_VRYKUL_LARGELESS.WMO,88580,3C81CCF4CB64E9A4D47F28D0F429B8D43F4B6073,D:\Sirus\_client\World of Warcraft Sirus\Risen_Depths_Extract_2026-10-04\AssetClosure\ByArchive\common.mpq\DUNGEONS\VEHICLES\TRANSPORT_VRYKUL_SHIP\TEX\VRYKUL_SEAVESSEL_SEAWEED02.BLP
1,common.mpq,WORLD\EXPANSION02\DOODADS\BOREANTUNDRA\BEACH\BOREAN_SEAWEED_02.m2,wmo-doodad-model|wmo-embedded-path,WORLD\WMO\TRANSPORTS\VRYKULBOATS\TRANSPORT_VRYKUL_LARGE.WMO | WORLD\WMO\TRANSPORTS\VRYKULBOATS\TRANSPORT_VRYKUL_LARGELESS.WMO,10512,91AD2E07B898553857F5CC3BB7A3865B9FE5F473,D:\Sirus\_client\World of Warcraft Sirus\Risen_Depths_Extract_2026-10-04\AssetClosure\ByArchive\common.mpq\WORLD\EXPANSION02\DOODADS\BOREANTUNDRA\BEACH\BOREAN_SEAWEED_02.m2
1,common.mpq,WORLD\GENERIC\PASSIVEDOODADS\SHIPS\SHIPANIMATION\VRYKUL_FLAME_PARTICLE.m2,wmo-doodad-model|wmo-embedded-path,WORLD\WMO\TRANSPORTS\VRYKULBOATS\TRANSPORT_VRYKUL_LARGE.WMO | WORLD\WMO\TRANSPORTS\VRYKULBOATS\TRANSPORT_VRYKUL_LARGELESS.WMO,3552,EEB491376B0250576442D790F63D8F2DDE6110FA,D:\Sirus\_client\World of Warcraft Sirus\Risen_Depths_Extract_2026-10-04\AssetClosure\ByArchive\common.mpq\WORLD\GENERIC\PASSIVEDOODADS\SHIPS\SHIPANIMATION\VRYKUL_FLAME_PARTICLE.m2
1,common.mpq,WORLD\WMO\TRANSPORTS\VRYKULBOATS\TRANSPORT_VRYKUL_LARGE_000.wmo,wmo-group,WORLD\WMO\TRANSPORTS\VRYKULBOATS\TRANSPORT_VRYKUL_LARGE.WMO,334604,EE528D8025D84AF2DC2D2119B0255E71A7FFD689,D:\Sirus\_client\World of Warcraft Sirus\Risen_Depths_Extract_2026-10-04\AssetClosure\ByArchive\common.mpq\WORLD\WMO\TRANSPORTS\VRYKULBOATS\TRANSPORT_VRYKUL_LARGE_000.wmo
1,common.mpq,WORLD\WMO\TRANSPORTS\VRYKULBOATS\TRANSPORT_VRYKUL_LARGELESS_000.wmo,wmo-group,WORLD\WMO\TRANSPORTS\VRYKULBOATS\TRANSPORT_VRYKUL_LARGELESS.WMO,316364,982FF9C8AE77A5545BA1420455819F523687EAAE,D:\Sirus\_client\World of Warcraft Sirus\Risen_Depths_Extract_2026-10-04\AssetClosure\ByArchive\common.mpq\WORLD\WMO\TRANSPORTS\VRYKULBOATS\TRANSPORT_VRYKUL_LARGELESS_000.wmo
1,common.mpq,WORLD\GENERIC\TROLL\PASSIVE DOODADS\MUMMYTROLLS\CAVEBONE01.BLP,m2-embedded-path,WORLD\EXPANSION03\DOODADS\VASHJIR\BONES\VJ_WHALEBONES_04.M2 | WORLD\EXPANSION03\DOODADS\VASHJIR\SEAMONSTER\VJ_SEAMONSTER_BONESSKULL_02.M2 | WORLD\EXPANSION03\DOODADS\VASHJIR\SEAMONSTER\VJ_SEAMONSTER_BONESSKULL_03.M2 | WORLD\EXPANSION03\DOODADS\VASHJIR\SEAMONSTER\VJ_SEAMONSTER_BONESSKULL_04.M2 | WORLD\GENERIC\PASSIVEDOODADS\FURNITURE\REFUSE\BONE01.m2 | WORLD\GENERIC\PASSIVEDOODADS\FURNITURE\REFUSE\BONE02.m2 | WORLD\GENERIC\PASSIVEDOODADS\PARTICLEEMITTERS\BUBBLES01.m2 | WORLD\GENERIC\PASSIVEDOODADS\PARTICLEEMITTERS\BUBBLESB.m2,2556,3272AB3BA931A7EF9D69278321C749A1F7B6F924,D:\Sirus\_client\World of Warcraft Sirus\Risen_Depths_Extract_2026-10-04\AssetClosure\ByArchive\common.mpq\WORLD\GENERIC\TROLL\PASSIVE DOODADS\MUMMYTROLLS\CAVEBONE01.BLP
1,common.mpq,SPELLS\CLOUDTOON2INV3_64LOWCONTRAST_SOFT.BLP,m2-embedded-path,WORLD\EXPANSION03\DOODADS\VASHJIR\VOLCANO\VJ_VOLCANICVENT05.M2,6660,EB6E5CA2E9A669D2D41F59941B97E9838F54CED9,D:\Sirus\_client\World of Warcraft Sirus\Risen_Depths_Extract_2026-10-04\AssetClosure\ByArchive\common.mpq\SPELLS\CLOUDTOON2INV3_64LOWCONTRAST_SOFT.BLP
1,common.mpq,WORLD\GENERIC\PASSIVEDOODADS\DEATHSKELETONS\DEATHSKELETONSKIN.BLP,m2-embedded-path,WORLD\GENERIC\PASSIVEDOODADS\DEATHSKELETONS\NAGAFEMALEDEATHSKELETON.M2 | WORLD\GENERIC\PASSIVEDOODADS\DEATHSKELETONS\NAGAMALEDEATHSKELETON.M2,44900,6D5A5E516D458995521658992289FFE4E131C18A,D:\Sirus\_client\World of Warcraft Sirus\Risen_Depths_Extract_2026-10-04\AssetClosure\ByArchive\common.mpq\WORLD\GENERIC\PASSIVEDOODADS\DEATHSKELETONS\DEATHSKELETONSKIN.BLP
1,common.mpq,DUNGEONS\TEXTURES\BRICK\MM_REDBRICK_03X.BLP,wmo-embedded-path|wmo-material-texture,WORLD\GENERIC\PVP\COLLISIONWALL\COLLISION.WMO,44876,1C9C4D179B45F54768DC7DB35C89AF5F98F2643D,D:\Sirus\_client\World of Warcraft Sirus\Risen_Depths_Extract_2026-10-04\AssetClosure\ByArchive\common.mpq\DUNGEONS\TEXTURES\BRICK\MM_REDBRICK_03X.BLP
1,common.mpq,DUNGEONS\TEXTURES\FLOOR\MM_STREET_03.BLP,wmo-embedded-path|wmo-material-texture,WORLD\GENERIC\PVP\COLLISIONWALL\COLLISION.WMO,44876,2BCB0184C43C2075E1FE72E64FA88F3D68ED1239,D:\Sirus\_client\World of Warcraft Sirus\Risen_Depths_Extract_2026-10-04\AssetClosure\ByArchive\common.mpq\DUNGEONS\TEXTURES\FLOOR\MM_STREET_03.BLP
1,common.mpq,DUNGEONS\TEXTURES\METAL\MM_MINERAIL_01.BLP,wmo-embedded-path|wmo-material-texture,WORLD\GENERIC\PVP\COLLISIONWALL\COLLISION.WMO,12108,E832CC02E2D7604C65322FBA6BBA7EE3C1061656,D:\Sirus\_client\World of Warcraft Sirus\Risen_Depths_Extract_2026-10-04\AssetClosure\ByArchive\common.mpq\DUNGEONS\TEXTURES\METAL\MM_MINERAIL_01.BLP
1,common.mpq,DUNGEONS\TEXTURES\ROOF\MM_STRMWND_ROOF_01.BLP,wmo-embedded-path|wmo-material-texture,WORLD\GENERIC\PVP\COLLISIONWALL\COLLISION.WMO,88580,E20FA44CCFC5E3ECA08B4E00FF4A7B16F2A381C4,D:\Sirus\_client\World of Warcraft Sirus\Risen_Depths_Extract_2026-10-04\AssetClosure\ByArchive\common.mpq\DUNGEONS\TEXTURES\ROOF\MM_STRMWND_ROOF_01.BLP
1,common.mpq,DUNGEONS\TEXTURES\TRIM\MM_STRMWND_SUPPORTS_01.BLP,wmo-embedded-path|wmo-material-texture,WORLD\GENERIC\PVP\COLLISIONWALL\COLLISION.WMO,88580,B9342FEF2B63A08D39A925B3BBA278658C602281,D:\Sirus\_client\World of Warcraft Sirus\Risen_Depths_Extract_2026-10-04\AssetClosure\ByArchive\common.mpq\DUNGEONS\TEXTURES\TRIM\MM_STRMWND_SUPPORTS_01.BLP
1,common.mpq,DUNGEONS\TEXTURES\TRIM\MM_STRMWND_TRIM_01.BLP,wmo-embedded-path|wmo-material-texture,WORLD\GENERIC\PVP\COLLISIONWALL\COLLISION.WMO,88580,8042E1F00D2B0C6CB853F4AB4B02D3F9F7C6F99C,D:\Sirus\_client\World of Warcraft Sirus\Risen_Depths_Extract_2026-10-04\AssetClosure\ByArchive\common.mpq\DUNGEONS\TEXTURES\TRIM\MM_STRMWND_TRIM_01.BLP
1,common.mpq,DUNGEONS\TEXTURES\WALLS\MM_STRMWND_WALL_02.BLP,wmo-embedded-path|wmo-material-texture,WORLD\GENERIC\PVP\COLLISIONWALL\COLLISION.WMO,88580,252BAABA0D4067E397EABB1BE59F3EDC957050B3,D:\Sirus\_client\World of Warcraft Sirus\Risen_Depths_Extract_2026-10-04\AssetClosure\ByArchive\common.mpq\DUNGEONS\TEXTURES\WALLS\MM_STRMWND_WALL_02.BLP
1,common.mpq,DUNGEONS\TEXTURES\WALLS\MM_STRMWND_WALL_03.BLP,wmo-embedded-path|wmo-material-texture,WORLD\GENERIC\PVP\COLLISIONWALL\COLLISION.WMO,88580,ADD0CB16747918A7E7EB4E9D81C505630EC7F803,D:\Sirus\_client\World of Warcraft Sirus\Risen_Depths_Extract_2026-10-04\AssetClosure\ByArchive\common.mpq\DUNGEONS\TEXTURES\WALLS\MM_STRMWND_WALL_03.BLP
1,common.mpq,DUNGEONS\TEXTURES\WINDOWS\MM_ELWYNN_WND_EXT__01.BLP,wmo-embedded-path|wmo-material-texture,WORLD\GENERIC\PVP\COLLISIONWALL\COLLISION.WMO,44876,DB42517AFDBA08A2C7C096610935361755066F01,D:\Sirus\_client\World of Warcraft Sirus\Risen_Depths_Extract_2026-10-04\AssetClosure\ByArchive\common.mpq\DUNGEONS\TEXTURES\WINDOWS\MM_ELWYNN_WND_EXT__01.BLP
1,common.mpq,Dungeons\TEXTURES\TEMP\64.BLP,wmo-embedded-path|wmo-material-texture,WORLD\WMO\BROKENISLES\ARAKNASHAL\7AN_MOUNTAINCAVE_MEDIUM01.WMO | WORLD\WMO\CATACLYSM\VASHJIR\CAVES\VASHJIRLARGECAVE_A.WMO | WORLD\WMO\DUNGEON\MD_SHIPWRECK\TRANSPORT_SHIPWRECK_SUNKENSHIP.WMO,3916,3BD9D9CCAAF440A705EFD132D9A5378315868F63,D:\Sirus\_client\World of Warcraft Sirus\Risen_Depths_Extract_2026-10-04\AssetClosure\ByArchive\common.mpq\Dungeons\TEXTURES\TEMP\64.BLP
1,common.mpq,WORLD\EXPANSION02\DOODADS\GENERIC\VRYKUL\HAY\VR_STRAW_SMALL_01.M2,wmo-doodad-model|wmo-embedded-path,WORLD\WMO\BROKENISLES\ARAKNASHAL\7AN_MOUNTAINCAVE_MEDIUM01.WMO,34208,45EED070E76E8BAB605BDF50454F88E40C5B7D13,D:\Sirus\_client\World of Warcraft Sirus\Risen_Depths_Extract_2026-10-04\AssetClosure\ByArchive\common.mpq\WORLD\EXPANSION02\DOODADS\GENERIC\VRYKUL\HAY\VR_STRAW_SMALL_01.M2
1,common.mpq,WORLD\GENERIC\NIGHTELF\PASSIVE DOODADS\STATUES\ASZHARASTATUE_FOOT.BLP,wmo-embedded-path|wmo-material-texture,WORLD\WMO\CATACLYSM\VASHJIR\BUILDINGS\VASHJIR_PALACE_BUILDINGS.WMO,23036,7366E98AF8DAA9414A01D52A25705935C38EF5A3,D:\Sirus\_client\World of Warcraft Sirus\Risen_Depths_Extract_2026-10-04\AssetClosure\ByArchive\common.mpq\WORLD\GENERIC\NIGHTELF\PASSIVE DOODADS\STATUES\ASZHARASTATUE_FOOT.BLP
1,common.mpq,WORLD\KALIMDOR\DIREMAUL\PASSIVEDOODADS\RUBBLE\STONEEAR01.BLP,wmo-embedded-path|wmo-material-texture,WORLD\WMO\CATACLYSM\VASHJIR\BUILDINGS\VASHJIR_PALACE_BUILDINGS.WMO,3940,B054F77AA26EB2C2FE2329CB70B366868919AEFA,D:\Sirus\_client\World of Warcraft Sirus\Risen_Depths_Extract_2026-10-04\AssetClosure\ByArchive\common.mpq\WORLD\KALIMDOR\DIREMAUL\PASSIVEDOODADS\RUBBLE\STONEEAR01.BLP
1,common.mpq,DUNGEONS\TEXTURES\FLOOR\JLO_MRDN_GROUND.BLP,wmo-embedded-path|wmo-material-texture,WORLD\WMO\CATACLYSM\VASHJIR\CAVES\VASHJIRLARGECAVE_A.WMO | WORLD\WMO\CATACLYSM\VASHJIR\CAVES\VASHJIR_SMALL_CAVE.WMO,44876,FF9EA3683AC5AD3088C415BA1B1F59947476506F,D:\Sirus\_client\World of Warcraft Sirus\Risen_Depths_Extract_2026-10-04\AssetClosure\ByArchive\common.mpq\DUNGEONS\TEXTURES\FLOOR\JLO_MRDN_GROUND.BLP
1,common.mpq,DUNGEONS\TEXTURES\ROCK\BM_BRSPIRE_CUBEROCK01.BLP,wmo-embedded-path|wmo-material-texture,WORLD\WMO\CATACLYSM\VASHJIR\CAVES\VASHJIRLARGECAVE_A.WMO | WORLD\WMO\CATACLYSM\VASHJIR\CAVES\VASHJIR_SMALL_CAVE.WMO,44876,5C5FD9B87D588005DD033D7B1730CC4FA523040D,D:\Sirus\_client\World of Warcraft Sirus\Risen_Depths_Extract_2026-10-04\AssetClosure\ByArchive\common.mpq\DUNGEONS\TEXTURES\ROCK\BM_BRSPIRE_CUBEROCK01.BLP
1,common.mpq,DUNGEONS\TEXTURES\STORMWIND\GRAY12.BLP,wmo-embedded-path|wmo-material-texture,WORLD\WMO\CATACLYSM\VASHJIR\CAVES\VASHJIR_SMALL_CAVE.WMO | WORLD\WMO\KALIMDOR\BUILDINGS\CLASSICALELFRUINS\AZRCLASSICALELFRUIN_UW10.WMO,44876,0CF499926B23EC75EE61EE77365192127B6F3119,D:\Sirus\_client\World of Warcraft Sirus\Risen_Depths_Extract_2026-10-04\AssetClosure\ByArchive\common.mpq\DUNGEONS\TEXTURES\STORMWIND\GRAY12.BLP
1,common.mpq,Dungeons\TEXTURES\ROCK\BM_BRSPIRE_ROCKWALL02.BLP,wmo-embedded-path|wmo-material-texture,WORLD\WMO\CATACLYSM\VASHJIR\CAVES\VASHJIR_SMALL_CAVE.WMO,44876,852113F525F2A5C39C512153F8C4920271B60315,D:\Sirus\_client\World of Warcraft Sirus\Risen_Depths_Extract_2026-10-04\AssetClosure\ByArchive\common.mpq\Dungeons\TEXTURES\ROCK\BM_BRSPIRE_ROCKWALL02.BLP
1,common.mpq,Dungeons\TEXTURES\WALLS\BM_BARROW_DIRTWALL01.BLP,wmo-embedded-path|wmo-material-texture,WORLD\WMO\CATACLYSM\VASHJIR\CAVES\VASHJIR_SMALL_CAVE.WMO,44876,ED772FE40C2594B758C844841C6AFB785F9ACC98,D:\Sirus\_client\World of Warcraft Sirus\Risen_Depths_Extract_2026-10-04\AssetClosure\ByArchive\common.mpq\Dungeons\TEXTURES\WALLS\BM_BARROW_DIRTWALL01.BLP
1,common.mpq,WORLD\EXPANSION02\DOODADS\DRAGONBLIGHT\DRAGONBLIGHT_DEBRISPILE_02.m2,wmo-doodad-model|wmo-embedded-path,WORLD\WMO\CATACLYSM\VASHJIR\CAVES\VASHJIR_SMALL_CAVE.WMO,147248,63DC00F8BA4E2A8FFE0B192C3604953138C1CF68,D:\Sirus\_client\World of Warcraft Sirus\Risen_Depths_Extract_2026-10-04\AssetClosure\ByArchive\common.mpq\WORLD\EXPANSION02\DOODADS\DRAGONBLIGHT\DRAGONBLIGHT_DEBRISPILE_02.m2
1,common.mpq,WORLD\GENERIC\HUMAN\PASSIVE DOODADS\TABLES\DUSKWOODTABLE01.m2,wmo-doodad-model|wmo-embedded-path,WORLD\WMO\CATACLYSM\VASHJIR\CAVES\VASHJIR_SMALL_CAVE.WMO | WORLD\WMO\DUNGEON\MD_SHIPWRECK\TRANSPORT_SHIPWRECK_SUNKENSHIP.WMO,14320,77FFF9936E29A1C3391FC7A3EA9E122AE383CC7E,D:\Sirus\_client\World of Warcraft Sirus\Risen_Depths_Extract_2026-10-04\AssetClosure\ByArchive\common.mpq\WORLD\GENERIC\HUMAN\PASSIVE DOODADS\TABLES\DUSKWOODTABLE01.m2
1,common.mpq,WORLD\GENERIC\PASSIVEDOODADS\FISH\FISHSKEL01.m2,wmo-doodad-model|wmo-embedded-path,WORLD\WMO\CATACLYSM\VASHJIR\CAVES\VASHJIR_SMALL_CAVE.WMO,2704,2B5D60E070C1EDCC47DD96027C6252052D1192D8,D:\Sirus\_client\World of Warcraft Sirus\Risen_Depths_Extract_2026-10-04\AssetClosure\ByArchive\common.mpq\WORLD\GENERIC\PASSIVEDOODADS\FISH\FISHSKEL01.m2
1,common.mpq,WORLD\GENERIC\PASSIVEDOODADS\FISH\FISHSKEL02.m2,wmo-doodad-model|wmo-embedded-path,WORLD\WMO\CATACLYSM\VASHJIR\CAVES\VASHJIR_SMALL_CAVE.WMO,3232,15232205953232AEA3D1E44F4F2F9C10AA75B3EC,D:\Sirus\_client\World of Warcraft Sirus\Risen_Depths_Extract_2026-10-04\AssetClosure\ByArchive\common.mpq\WORLD\GENERIC\PASSIVEDOODADS\FISH\FISHSKEL02.m2
1,common.mpq,WORLD\AZEROTH\DUSKWOOD\BUILDINGS\GNOLLTENT\GNOLLTENT02.m2,wmo-doodad-model|wmo-embedded-path,WORLD\WMO\CATACLYSM\VASHJIR\CAVES\VASHJIR_SMALL_CAVE.WMO,6848,84546222F67B1C7EE57C9DA4B0C4C2213AE7C807,D:\Sirus\_client\World of Warcraft Sirus\Risen_Depths_Extract_2026-10-04\AssetClosure\ByArchive\common.mpq\WORLD\AZEROTH\DUSKWOOD\BUILDINGS\GNOLLTENT\GNOLLTENT02.m2
1,common.mpq,WORLD\GENERIC\GNOME\PASSIVE DOODADS\BUCKETS\GNOMEBUCKET05.m2,wmo-doodad-model|wmo-embedded-path,WORLD\WMO\CATACLYSM\VASHJIR\CAVES\VASHJIR_SMALL_CAVE.WMO,9008,E8EB4C7937CB8781012BB56C7258F6322BBD967A,D:\Sirus\_client\World of Warcraft Sirus\Risen_Depths_Extract_2026-10-04\AssetClosure\ByArchive\common.mpq\WORLD\GENERIC\GNOME\PASSIVE DOODADS\BUCKETS\GNOMEBUCKET05.m2
1,common.mpq,WORLD\GENERIC\HUMAN\PASSIVE DOODADS\SIGNPOSTS\HUMANSIGNPOST04.m2,wmo-doodad-model|wmo-embedded-path,WORLD\WMO\CATACLYSM\VASHJIR\CAVES\VASHJIR_SMALL_CAVE.WMO,13936,4FC79510EC89163DAFBA56600B383EC3788CCD23,D:\Sirus\_client\World of Warcraft Sirus\Risen_Depths_Extract_2026-10-04\AssetClosure\ByArchive\common.mpq\WORLD\GENERIC\HUMAN\PASSIVE DOODADS\SIGNPOSTS\HUMANSIGNPOST04.m2
1,common.mpq,WORLD\GENERIC\ORC\PASSIVE DOODADS\JARS\JARORC02.m2,wmo-doodad-model|wmo-embedded-path,WORLD\WMO\CATACLYSM\VASHJIR\CAVES\VASHJIR_SMALL_CAVE.WMO,2816,F7FAB4D68C629C0F3E5B5BF7D01A0E92F97855C2,D:\Sirus\_client\World of Warcraft Sirus\Risen_Depths_Extract_2026-10-04\AssetClosure\ByArchive\common.mpq\WORLD\GENERIC\ORC\PASSIVE DOODADS\JARS\JARORC02.m2
1,common.mpq,WORLD\GENERIC\ORC\PASSIVE DOODADS\JARS\JARORC05.m2,wmo-doodad-model|wmo-embedded-path,WORLD\WMO\CATACLYSM\VASHJIR\CAVES\VASHJIR_SMALL_CAVE.WMO,3440,DA9DBAF84DDE4DBDFBAEC001AFA747A223ADC33A,D:\Sirus\_client\World of Warcraft Sirus\Risen_Depths_Extract_2026-10-04\AssetClosure\ByArchive\common.mpq\WORLD\GENERIC\ORC\PASSIVE DOODADS\JARS\JARORC05.m2
1,common.mpq,WORLD\GENERIC\ORC\PASSIVE DOODADS\JARS\JARORC06.m2,wmo-doodad-model|wmo-embedded-path,WORLD\WMO\CATACLYSM\VASHJIR\CAVES\VASHJIR_SMALL_CAVE.WMO,3440,47B0846F3B7FA348DA106F869BC81CF1E383D16F,D:\Sirus\_client\World of Warcraft Sirus\Risen_Depths_Extract_2026-10-04\AssetClosure\ByArchive\common.mpq\WORLD\GENERIC\ORC\PASSIVE DOODADS\JARS\JARORC06.m2
1,common.mpq,WORLD\GENERIC\HUMAN\PASSIVE DOODADS\FOOD&UTENSILS\KITCHENKNIFE01.m2,wmo-doodad-model,WORLD\WMO\CATACLYSM\VASHJIR\CAVES\VASHJIR_SMALL_CAVE.WMO,3664,C9FEAAC518B547D40CE96FBD3715D12BC50FC495,D:\Sirus\_client\World of Warcraft Sirus\Risen_Depths_Extract_2026-10-04\AssetClosure\ByArchive\common.mpq\WORLD\GENERIC\HUMAN\PASSIVE DOODADS\FOOD&UTENSILS\KITCHENKNIFE01.m2
1,common.mpq,WORLD\GENERIC\PASSIVEDOODADS\WEAPONS\NAGA_TRIDENT.m2,wmo-doodad-model|wmo-embedded-path,WORLD\WMO\CATACLYSM\VASHJIR\CAVES\VASHJIR_SMALL_CAVE.WMO,8368,C23385BA93DD4A10D56A8BA62A0204CECE880C1C,D:\Sirus\_client\World of Warcraft Sirus\Risen_Depths_Extract_2026-10-04\AssetClosure\ByArchive\common.mpq\WORLD\GENERIC\PASSIVEDOODADS\WEAPONS\NAGA_TRIDENT.m2
1,common.mpq,WORLD\GENERIC\ORC\PASSIVE DOODADS\WEAPONS\ORCAXE01.m2,wmo-doodad-model|wmo-embedded-path,WORLD\WMO\CATACLYSM\VASHJIR\CAVES\VASHJIR_SMALL_CAVE.WMO,2992,1EBC5A252625E518A83A6BF6BD39EB0454CBEC69,D:\Sirus\_client\World of Warcraft Sirus\Risen_Depths_Extract_2026-10-04\AssetClosure\ByArchive\common.mpq\WORLD\GENERIC\ORC\PASSIVE DOODADS\WEAPONS\ORCAXE01.m2
1,common.mpq,WORLD\GENERIC\ORC\PASSIVE DOODADS\WEAPONS\ORCAXE03.m2,wmo-doodad-model|wmo-embedded-path,WORLD\WMO\CATACLYSM\VASHJIR\CAVES\VASHJIR_SMALL_CAVE.WMO,2080,38550A959C6009B608E99E0A404531435D9CDCD1,D:\Sirus\_client\World of Warcraft Sirus\Risen_Depths_Extract_2026-10-04\AssetClosure\ByArchive\common.mpq\WORLD\GENERIC\ORC\PASSIVE DOODADS\WEAPONS\ORCAXE03.m2
1,common.mpq,WORLD\AZEROTH\BURNINGSTEPPES\PASSIVEDOODADS\BONFIRE\ORCBONFIRE.m2,wmo-doodad-model|wmo-embedded-path,WORLD\WMO\CATACLYSM\VASHJIR\CAVES\VASHJIR_SMALL_CAVE.WMO,26256,C81F7E14457F84C905DF8F45C784B2F14509D2DB,D:\Sirus\_client\World of Warcraft Sirus\Risen_Depths_Extract_2026-10-04\AssetClosure\ByArchive\common.mpq\WORLD\AZEROTH\BURNINGSTEPPES\PASSIVEDOODADS\BONFIRE\ORCBONFIRE.m2
1,common.mpq,WORLD\GENERIC\ORC\PASSIVE DOODADS\BARRELSANDCRATES\ORCCRATE01.m2,wmo-doodad-model|wmo-embedded-path,WORLD\WMO\CATACLYSM\VASHJIR\CAVES\VASHJIR_SMALL_CAVE.WMO,5696,885DC1F3B1F7BF8BC7FB2BAAEFC7E7210DFD4112,D:\Sirus\_client\World of Warcraft Sirus\Risen_Depths_Extract_2026-10-04\AssetClosure\ByArchive\common.mpq\WORLD\GENERIC\ORC\PASSIVE DOODADS\BARRELSANDCRATES\ORCCRATE01.m2
1,common.mpq,WORLD\GENERIC\ORC\PASSIVE DOODADS\BARRELSANDCRATES\ORCCRATE03.m2,wmo-doodad-model|wmo-embedded-path,WORLD\WMO\CATACLYSM\VASHJIR\CAVES\VASHJIR_SMALL_CAVE.WMO,2240,8B9E0150F0D557B7E88F1F075B89AB4A875734A5,D:\Sirus\_client\World of Warcraft Sirus\Risen_Depths_Extract_2026-10-04\AssetClosure\ByArchive\common.mpq\WORLD\GENERIC\ORC\PASSIVE DOODADS\BARRELSANDCRATES\ORCCRATE03.m2
1,common.mpq,WORLD\GENERIC\ORC\PASSIVE DOODADS\BARRELSANDCRATES\ORCCRATE07.m2,wmo-doodad-model|wmo-embedded-path,WORLD\WMO\CATACLYSM\VASHJIR\CAVES\VASHJIR_SMALL_CAVE.WMO,13008,3CAE420AACFE229D98626E76626A8F03784FE36F,D:\Sirus\_client\World of Warcraft Sirus\Risen_Depths_Extract_2026-10-04\AssetClosure\ByArchive\common.mpq\WORLD\GENERIC\ORC\PASSIVE DOODADS\BARRELSANDCRATES\ORCCRATE07.m2
1,common.mpq,WORLD\GENERIC\ORC\PASSIVE DOODADS\BARRELSANDCRATES\ORCCRATE10.m2,wmo-doodad-model|wmo-embedded-path,WORLD\WMO\CATACLYSM\VASHJIR\CAVES\VASHJIR_SMALL_CAVE.WMO,2256,104217C44C8B397AB8B23D8AA45F7AF9DAFDD197,D:\Sirus\_client\World of Warcraft Sirus\Risen_Depths_Extract_2026-10-04\AssetClosure\ByArchive\common.mpq\WORLD\GENERIC\ORC\PASSIVE DOODADS\BARRELSANDCRATES\ORCCRATE10.m2
1,common.mpq,WORLD\GENERIC\ORC\PASSIVE DOODADS\BARRELSANDCRATES\ORCCRATEBROKEN01.m2,wmo-doodad-model|wmo-embedded-path,WORLD\WMO\CATACLYSM\VASHJIR\CAVES\VASHJIR_SMALL_CAVE.WMO,27552,609594E9758C6F154BA690CB165F64B12B697386,D:\Sirus\_client\World of Warcraft Sirus\Risen_Depths_Extract_2026-10-04\AssetClosure\ByArchive\common.mpq\WORLD\GENERIC\ORC\PASSIVE DOODADS\BARRELSANDCRATES\ORCCRATEBROKEN01.m2
1,common.mpq,WORLD\GENERIC\ORC\PASSIVE DOODADS\BARRELSANDCRATES\ORCCRATEBROKEN02.m2,wmo-doodad-model|wmo-embedded-path,WORLD\WMO\CATACLYSM\VASHJIR\CAVES\VASHJIR_SMALL_CAVE.WMO,22160,7400B1387FF8C424011E12DD08B2B462EC31CA3F,D:\Sirus\_client\World of Warcraft Sirus\Risen_Depths_Extract_2026-10-04\AssetClosure\ByArchive\common.mpq\WORLD\GENERIC\ORC\PASSIVE DOODADS\BARRELSANDCRATES\ORCCRATEBROKEN02.m2
1,common.mpq,WORLD\GENERIC\ORC\PASSIVE DOODADS\BARRELSANDCRATES\ORCCRATEBROKEN03.m2,wmo-doodad-model|wmo-embedded-path,WORLD\WMO\CATACLYSM\VASHJIR\CAVES\VASHJIR_SMALL_CAVE.WMO,13136,6465D5C7A049B07D9E51F0E817BB689351CD8A69,D:\Sirus\_client\World of Warcraft Sirus\Risen_Depths_Extract_2026-10-04\AssetClosure\ByArchive\common.mpq\WORLD\GENERIC\ORC\PASSIVE DOODADS\BARRELSANDCRATES\ORCCRATEBROKEN03.m2
1,common.mpq,WORLD\AZEROTH\BURNINGSTEPPES\PASSIVEDOODADS\ORCSLEEPMATS\ORCSLEEPMAT03.m2,wmo-doodad-model|wmo-embedded-path,WORLD\WMO\CATACLYSM\VASHJIR\CAVES\VASHJIR_SMALL_CAVE.WMO,992,19D99502EB627AEDA5EFA561991FAC9C045D19BE,D:\Sirus\_client\World of Warcraft Sirus\Risen_Depths_Extract_2026-10-04\AssetClosure\ByArchive\common.mpq\WORLD\AZEROTH\BURNINGSTEPPES\PASSIVEDOODADS\ORCSLEEPMATS\ORCSLEEPMAT03.m2
1,common.mpq,WORLD\GENERIC\HUMAN\PASSIVE DOODADS\SCROLLS\SCROLLMAP.m2,wmo-doodad-model|wmo-embedded-path,WORLD\WMO\CATACLYSM\VASHJIR\CAVES\VASHJIR_SMALL_CAVE.WMO,1648,3CB650E50FEC771EE25F790CEE301F682B9D4157,D:\Sirus\_client\World of Warcraft Sirus\Risen_Depths_Extract_2026-10-04\AssetClosure\ByArchive\common.mpq\WORLD\GENERIC\HUMAN\PASSIVE DOODADS\SCROLLS\SCROLLMAP.m2
1,common.mpq,WORLD\EXPANSION02\DOODADS\DALARAN\TRADESKILL_FIRSTAID_02.m2,wmo-doodad-model|wmo-embedded-path,WORLD\WMO\CATACLYSM\VASHJIR\CAVES\VASHJIR_SMALL_CAVE.WMO,8000,D7B0B7CE9406A55859383D7D9B9115EAD1178D59,D:\Sirus\_client\World of Warcraft Sirus\Risen_Depths_Extract_2026-10-04\AssetClosure\ByArchive\common.mpq\WORLD\EXPANSION02\DOODADS\DALARAN\TRADESKILL_FIRSTAID_02.m2
1,common.mpq,WORLD\GENERIC\PASSIVEDOODADS\WEAPONCRATES\WEAPONCRATEHORDEAXEOPEN.m2,wmo-doodad-model|wmo-embedded-path,WORLD\WMO\CATACLYSM\VASHJIR\CAVES\VASHJIR_SMALL_CAVE.WMO,28656,6AAC6A931E1D8AFCAE2494ED91B911BD89BEAB46,D:\Sirus\_client\World of Warcraft Sirus\Risen_Depths_Extract_2026-10-04\AssetClosure\ByArchive\common.mpq\WORLD\GENERIC\PASSIVEDOODADS\WEAPONCRATES\WEAPONCRATEHORDEAXEOPEN.m2
1,common.mpq,WORLD\AZEROTH\WESTFALL\PASSIVEDOODADS\WRECKEDROWBOAT\WRECKEDROWBOAT.m2,wmo-doodad-model|wmo-embedded-path,WORLD\WMO\CATACLYSM\VASHJIR\CAVES\VASHJIR_SMALL_CAVE.WMO,33600,2C76A98F3726C3D41D0CAA211FDBF893E2389147,D:\Sirus\_client\World of Warcraft Sirus\Risen_Depths_Extract_2026-10-04\AssetClosure\ByArchive\common.mpq\WORLD\AZEROTH\WESTFALL\PASSIVEDOODADS\WRECKEDROWBOAT\WRECKEDROWBOAT.m2
1,common.mpq,DUNGEONS\TEXTURES\WALLS\JLO_BBAY_WOODWALL.BLP,wmo-embedded-path|wmo-material-texture,WORLD\WMO\DUNGEON\MD_SHIPWRECK\TRANSPORT_SHIPWRECK_SUNKENSHIP.WMO,44876,2DF2D8A7A6BBCFE65B5E26B78090B2985EF7B571,D:\Sirus\_client\World of Warcraft Sirus\Risen_Depths_Extract_2026-10-04\AssetClosure\ByArchive\common.mpq\DUNGEONS\TEXTURES\WALLS\JLO_BBAY_WOODWALL.BLP
1,common.mpq,DUNGEONS\TEXTURES\DOOR\MM_STRMWND_DOORS_01.BLP,wmo-embedded-path|wmo-material-texture,WORLD\WMO\DUNGEON\MD_SHIPWRECK\TRANSPORT_SHIPWRECK_SUNKENSHIP.WMO,44876,2480C4D012E745B0FEE42748BA5D543D2FCD6F10,D:\Sirus\_client\World of Warcraft Sirus\Risen_Depths_Extract_2026-10-04\AssetClosure\ByArchive\common.mpq\DUNGEONS\TEXTURES\DOOR\MM_STRMWND_DOORS_01.BLP
1,common.mpq,DUNGEONS\TEXTURES\SHIPWRECK\JS_BBAY_TRIM_01.BLP,wmo-embedded-path|wmo-material-texture,WORLD\WMO\DUNGEON\MD_SHIPWRECK\TRANSPORT_SHIPWRECK_SUNKENSHIP.WMO,44876,52D99E4209213732D95F4635992B0D8B1D865A41,D:\Sirus\_client\World of Warcraft Sirus\Risen_Depths_Extract_2026-10-04\AssetClosure\ByArchive\common.mpq\DUNGEONS\TEXTURES\SHIPWRECK\JS_BBAY_TRIM_01.BLP
1,common.mpq,DUNGEONS\TEXTURES\SHIPWRECK\JS_BBAY_PLANK.BLP,wmo-embedded-path|wmo-material-texture,WORLD\WMO\DUNGEON\MD_SHIPWRECK\TRANSPORT_SHIPWRECK_SUNKENSHIP.WMO,44876,A52D00316548B5EFA737B207B68F481F8BD79469,D:\Sirus\_client\World of Warcraft Sirus\Risen_Depths_Extract_2026-10-04\AssetClosure\ByArchive\common.mpq\DUNGEONS\TEXTURES\SHIPWRECK\JS_BBAY_PLANK.BLP
1,common.mpq,DUNGEONS\TEXTURES\SHIPWRECK\JS_BBAY_CEILING.BLP,wmo-embedded-path|wmo-material-texture,WORLD\WMO\DUNGEON\MD_SHIPWRECK\TRANSPORT_SHIPWRECK_SUNKENSHIP.WMO,44876,9B95D7EBF965EA5DF759DB3D66BF389FF0C28299,D:\Sirus\_client\World of Warcraft Sirus\Risen_Depths_Extract_2026-10-04\AssetClosure\ByArchive\common.mpq\DUNGEONS\TEXTURES\SHIPWRECK\JS_BBAY_CEILING.BLP
1,common.mpq,DUNGEONS\TEXTURES\SHIPWRECK\JS_BBAY_WINDOWS.BLP,wmo-embedded-path|wmo-material-texture,WORLD\WMO\DUNGEON\MD_SHIPWRECK\TRANSPORT_SHIPWRECK_SUNKENSHIP.WMO,88580,42DC93C6573364D32F867CBEB98EC111EF7F2B30,D:\Sirus\_client\World of Warcraft Sirus\Risen_Depths_Extract_2026-10-04\AssetClosure\ByArchive\common.mpq\DUNGEONS\TEXTURES\SHIPWRECK\JS_BBAY_WINDOWS.BLP
1,common.mpq,DUNGEONS\TEXTURES\SHIPWRECK\JS_BBAY_TRIM_02.BLP,wmo-embedded-path|wmo-material-texture,WORLD\WMO\DUNGEON\MD_SHIPWRECK\TRANSPORT_SHIPWRECK_SUNKENSHIP.WMO,44876,0444EA3DCA00D4DC6C5DC97E6E4630846883F069,D:\Sirus\_client\World of Warcraft Sirus\Risen_Depths_Extract_2026-10-04\AssetClosure\ByArchive\common.mpq\DUNGEONS\TEXTURES\SHIPWRECK\JS_BBAY_TRIM_02.BLP
1,common.mpq,DUNGEONS\TEXTURES\SHIPWRECK\JS_BBAY_TRIM_03.BLP,wmo-embedded-path|wmo-material-texture,WORLD\WMO\DUNGEON\MD_SHIPWRECK\TRANSPORT_SHIPWRECK_SUNKENSHIP.WMO,44876,61647438A01D6F228018F1EF0614B6734256A4BE,D:\Sirus\_client\World of Warcraft Sirus\Risen_Depths_Extract_2026-10-04\AssetClosure\ByArchive\common.mpq\DUNGEONS\TEXTURES\SHIPWRECK\JS_BBAY_TRIM_03.BLP
1,common.mpq,DUNGEONS\TEXTURES\SHIPWRECK\JS_BBAY_SHIPEXTERIOR.BLP,wmo-embedded-path|wmo-material-texture,WORLD\WMO\DUNGEON\MD_SHIPWRECK\TRANSPORT_SHIPWRECK_SUNKENSHIP.WMO,44876,0227D10DB16A96BBBB86815CA261E429A48F7369,D:\Sirus\_client\World of Warcraft Sirus\Risen_Depths_Extract_2026-10-04\AssetClosure\ByArchive\common.mpq\DUNGEONS\TEXTURES\SHIPWRECK\JS_BBAY_SHIPEXTERIOR.BLP
1,common.mpq,DUNGEONS\TEXTURES\SHIPWRECK\JS_BBAY_SHIPTRIM_01.BLP,wmo-embedded-path|wmo-material-texture,WORLD\WMO\DUNGEON\MD_SHIPWRECK\TRANSPORT_SHIPWRECK_SUNKENSHIP.WMO,44876,E398FB1DAA721A93FBAB3E198B087A414CAF3EBC,D:\Sirus\_client\World of Warcraft Sirus\Risen_Depths_Extract_2026-10-04\AssetClosure\ByArchive\common.mpq\DUNGEONS\TEXTURES\SHIPWRECK\JS_BBAY_SHIPTRIM_01.BLP
1,common.mpq,DUNGEONS\TEXTURES\SHIPWRECK\JS_BBAY_SHIPINTERIOR.BLP,wmo-embedded-path|wmo-material-texture,WORLD\WMO\DUNGEON\MD_SHIPWRECK\TRANSPORT_SHIPWRECK_SUNKENSHIP.WMO,44876,73B7A8B19961B3A62B7755DF7E3023E3E4781FBF,D:\Sirus\_client\World of Warcraft Sirus\Risen_Depths_Extract_2026-10-04\AssetClosure\ByArchive\common.mpq\DUNGEONS\TEXTURES\SHIPWRECK\JS_BBAY_SHIPINTERIOR.BLP
1,common.mpq,DUNGEONS\TEXTURES\DECORATION\JLO_BBAY_NET.BLP,wmo-embedded-path|wmo-material-texture,WORLD\WMO\DUNGEON\MD_SHIPWRECK\TRANSPORT_SHIPWRECK_SUNKENSHIP.WMO,23044,87F412A6D7E6BEF4BECFFED72EB3E1DF4AC49449,D:\Sirus\_client\World of Warcraft Sirus\Risen_Depths_Extract_2026-10-04\AssetClosure\ByArchive\common.mpq\DUNGEONS\TEXTURES\DECORATION\JLO_BBAY_NET.BLP
1,common.mpq,WORLD\GENERIC\HUMAN\PASSIVE DOODADS\MUGS\MUG02.m2,wmo-doodad-model|wmo-embedded-path,WORLD\WMO\DUNGEON\MD_SHIPWRECK\TRANSPORT_SHIPWRECK_SUNKENSHIP.WMO,6048,5CC703664FD84D4FB8A46DFF06C127B1E9A61872,D:\Sirus\_client\World of Warcraft Sirus\Risen_Depths_Extract_2026-10-04\AssetClosure\ByArchive\common.mpq\WORLD\GENERIC\HUMAN\PASSIVE DOODADS\MUGS\MUG02.m2
1,common.mpq,WORLD\GENERIC\TAUREN\PASSIVE DOODADS\SACKS\TAURENSACK02.m2,wmo-doodad-model|wmo-embedded-path,WORLD\WMO\DUNGEON\MD_SHIPWRECK\TRANSPORT_SHIPWRECK_SUNKENSHIP.WMO,3328,678303508A5578115B504F6A62B1F9EA6B61AF3C,D:\Sirus\_client\World of Warcraft Sirus\Risen_Depths_Extract_2026-10-04\AssetClosure\ByArchive\common.mpq\WORLD\GENERIC\TAUREN\PASSIVE DOODADS\SACKS\TAURENSACK02.m2
1,common.mpq,WORLD\GENERIC\HUMAN\PASSIVE DOODADS\BEERKEGS\BEERKEG01.m2,wmo-doodad-model|wmo-embedded-path,WORLD\WMO\DUNGEON\MD_SHIPWRECK\TRANSPORT_SHIPWRECK_SUNKENSHIP.WMO,23568,E2EC594A681CD84B41C6D16126C069E777F2534D,D:\Sirus\_client\World of Warcraft Sirus\Risen_Depths_Extract_2026-10-04\AssetClosure\ByArchive\common.mpq\WORLD\GENERIC\HUMAN\PASSIVE DOODADS\BEERKEGS\BEERKEG01.m2
1,common.mpq,WORLD\GENERIC\HUMAN\PASSIVE DOODADS\BOTTLES\GREENBOTTLE02.m2,wmo-doodad-model|wmo-embedded-path,WORLD\WMO\DUNGEON\MD_SHIPWRECK\TRANSPORT_SHIPWRECK_SUNKENSHIP.WMO,3856,CD46A3B1E491BA6243BB07F5C6ED15796D5CBD5B,D:\Sirus\_client\World of Warcraft Sirus\Risen_Depths_Extract_2026-10-04\AssetClosure\ByArchive\common.mpq\WORLD\GENERIC\HUMAN\PASSIVE DOODADS\BOTTLES\GREENBOTTLE02.m2
1,common.mpq,WORLD\GENERIC\HUMAN\PASSIVE DOODADS\ARTWORK\STORMWINDPAINTING04.m2,wmo-doodad-model|wmo-embedded-path,WORLD\WMO\DUNGEON\MD_SHIPWRECK\TRANSPORT_SHIPWRECK_SUNKENSHIP.WMO,2432,EFC5EF2D4D47D5570B161ADF751DEF6B7903D7F9,D:\Sirus\_client\World of Warcraft Sirus\Risen_Depths_Extract_2026-10-04\AssetClosure\ByArchive\common.mpq\WORLD\GENERIC\HUMAN\PASSIVE DOODADS\ARTWORK\STORMWINDPAINTING04.m2
1,common.mpq,WORLD\GENERIC\HUMAN\PASSIVE DOODADS\BOOKS\BOOKMEDIUM05.m2,wmo-doodad-model|wmo-embedded-path,WORLD\WMO\DUNGEON\MD_SHIPWRECK\TRANSPORT_SHIPWRECK_SUNKENSHIP.WMO,3184,5064684454E8E701E7191345F01DB35E651ED24F,D:\Sirus\_client\World of Warcraft Sirus\Risen_Depths_Extract_2026-10-04\AssetClosure\ByArchive\common.mpq\WORLD\GENERIC\HUMAN\PASSIVE DOODADS\BOOKS\BOOKMEDIUM05.m2
1,common.mpq,WORLD\GENERIC\HUMAN\PASSIVE DOODADS\BOOKS\BOOKSMALLOPEN02.m2,wmo-doodad-model|wmo-embedded-path,WORLD\WMO\DUNGEON\MD_SHIPWRECK\TRANSPORT_SHIPWRECK_SUNKENSHIP.WMO,3856,A9C2A602363F81C1C594DAD1A2B2F2D404DB2DB3,D:\Sirus\_client\World of Warcraft Sirus\Risen_Depths_Extract_2026-10-04\AssetClosure\ByArchive\common.mpq\WORLD\GENERIC\HUMAN\PASSIVE DOODADS\BOOKS\BOOKSMALLOPEN02.m2
1,common.mpq,WORLD\GENERIC\HUMAN\PASSIVE DOODADS\LANTERNS\GENERALLANTERN01.m2,wmo-doodad-model|wmo-embedded-path,WORLD\WMO\DUNGEON\MD_SHIPWRECK\TRANSPORT_SHIPWRECK_SUNKENSHIP.WMO,7376,42E9DA0E6A656F13DB0A91F89EA59827BC2CF98C,D:\Sirus\_client\World of Warcraft Sirus\Risen_Depths_Extract_2026-10-04\AssetClosure\ByArchive\common.mpq\WORLD\GENERIC\HUMAN\PASSIVE DOODADS\LANTERNS\GENERALLANTERN01.m2
1,common.mpq,WORLD\GENERIC\HUMAN\PASSIVE DOODADS\BUCKETS\BUCKET.m2,wmo-doodad-model|wmo-embedded-path,WORLD\WMO\DUNGEON\MD_SHIPWRECK\TRANSPORT_SHIPWRECK_SUNKENSHIP.WMO,7392,FAB11F6E884553F9A43359764A4FD2021372E36B,D:\Sirus\_client\World of Warcraft Sirus\Risen_Depths_Extract_2026-10-04\AssetClosure\ByArchive\common.mpq\WORLD\GENERIC\HUMAN\PASSIVE DOODADS\BUCKETS\BUCKET.m2
1,common.mpq,WORLD\GENERIC\HUMAN\PASSIVE DOODADS\MOPS\MOP.m2,wmo-doodad-model|wmo-embedded-path,WORLD\WMO\DUNGEON\MD_SHIPWRECK\TRANSPORT_SHIPWRECK_SUNKENSHIP.WMO,1872,A33F1A65C9E248518BA2D79486F0B51D228F9DAC,D:\Sirus\_client\World of Warcraft Sirus\Risen_Depths_Extract_2026-10-04\AssetClosure\ByArchive\common.mpq\WORLD\GENERIC\HUMAN\PASSIVE DOODADS\MOPS\MOP.m2
1,common.mpq,WORLD\GENERIC\HUMAN\PASSIVE DOODADS\CARGONETS\DEADMINECARGONET02.m2,wmo-doodad-model|wmo-embedded-path,WORLD\WMO\DUNGEON\MD_SHIPWRECK\TRANSPORT_SHIPWRECK_SUNKENSHIP.WMO,3024,B63172D2A01B649D2C5B56F75C61A3664F3C5F0D,D:\Sirus\_client\World of Warcraft Sirus\Risen_Depths_Extract_2026-10-04\AssetClosure\ByArchive\common.mpq\WORLD\GENERIC\HUMAN\PASSIVE DOODADS\CARGONETS\DEADMINECARGONET02.m2
1,common.mpq,WORLD\GENERIC\PASSIVEDOODADS\FURNITURE\CONTAINERS\SACK01.m2,wmo-doodad-model|wmo-embedded-path,WORLD\WMO\DUNGEON\MD_SHIPWRECK\TRANSPORT_SHIPWRECK_SUNKENSHIP.WMO,2848,888A7B2699BAD67D08855D60B2B27DEB923E0F18,D:\Sirus\_client\World of Warcraft Sirus\Risen_Depths_Extract_2026-10-04\AssetClosure\ByArchive\common.mpq\WORLD\GENERIC\PASSIVEDOODADS\FURNITURE\CONTAINERS\SACK01.m2
1,common.mpq,WORLD\GENERIC\ORC\PASSIVE DOODADS\HAMMOCKS\HAMMOCK02.m2,wmo-doodad-model|wmo-embedded-path,WORLD\WMO\DUNGEON\MD_SHIPWRECK\TRANSPORT_SHIPWRECK_SUNKENSHIP.WMO,14768,2BB54D741807BAD6FE995305F2F1781076F720CA,D:\Sirus\_client\World of Warcraft Sirus\Risen_Depths_Extract_2026-10-04\AssetClosure\ByArchive\common.mpq\WORLD\GENERIC\ORC\PASSIVE DOODADS\HAMMOCKS\HAMMOCK02.m2
1,common.mpq,WORLD\GENERIC\PASSIVEDOODADS\BARREL\BARREL01.m2,wmo-doodad-model|wmo-embedded-path,WORLD\WMO\DUNGEON\MD_SHIPWRECK\TRANSPORT_SHIPWRECK_SUNKENSHIP.WMO,4464,383306F2DFAEDC5E72CEB98D07DA7C6979486920,D:\Sirus\_client\World of Warcraft Sirus\Risen_Depths_Extract_2026-10-04\AssetClosure\ByArchive\common.mpq\WORLD\GENERIC\PASSIVEDOODADS\BARREL\BARREL01.m2
1,common.mpq,WORLD\GENERIC\HUMAN\PASSIVE DOODADS\BEERKEGS\BEERKEG02.m2,wmo-doodad-model|wmo-embedded-path,WORLD\WMO\DUNGEON\MD_SHIPWRECK\TRANSPORT_SHIPWRECK_SUNKENSHIP.WMO,19584,33D10AA7672F80B0BF350FFE6421D147B38EEB92,D:\Sirus\_client\World of Warcraft Sirus\Risen_Depths_Extract_2026-10-04\AssetClosure\ByArchive\common.mpq\WORLD\GENERIC\HUMAN\PASSIVE DOODADS\BEERKEGS\BEERKEG02.m2
1,common.mpq,WORLD\AZEROTH\KARAZAHN\PASSIVEDOODADS\CRATES\KARAZAHNCRATE01.m2,wmo-doodad-model|wmo-embedded-path,WORLD\WMO\DUNGEON\MD_SHIPWRECK\TRANSPORT_SHIPWRECK_SUNKENSHIP.WMO,2080,7F0E217A06CCF1E25D92001E65B2A63AC384274D,D:\Sirus\_client\World of Warcraft Sirus\Risen_Depths_Extract_2026-10-04\AssetClosure\ByArchive\common.mpq\WORLD\AZEROTH\KARAZAHN\PASSIVEDOODADS\CRATES\KARAZAHNCRATE01.m2
1,common.mpq,WORLD\GENERIC\PASSIVEDOODADS\PARTICLEEMITTERS\BUBBLESB_BIGEMITTER.m2,wmo-doodad-model|wmo-embedded-path,WORLD\WMO\DUNGEON\MD_SHIPWRECK\TRANSPORT_SHIPWRECK_SUNKENSHIP.WMO,2032,F3B039574231A72FC7F6642F8F1ABAC36A96DE12,D:\Sirus\_client\World of Warcraft Sirus\Risen_Depths_Extract_2026-10-04\AssetClosure\ByArchive\common.mpq\WORLD\GENERIC\PASSIVEDOODADS\PARTICLEEMITTERS\BUBBLESB_BIGEMITTER.m2
1,common.mpq,WORLD\GENERIC\PASSIVEDOODADS\FLOATINGDEBRIS\FLOATINGBOARDS01.m2,wmo-doodad-model|wmo-embedded-path,WORLD\WMO\DUNGEON\MD_SHIPWRECK\TRANSPORT_SHIPWRECK_SUNKENSHIP.WMO,8512,C96E2F92EA9944E50D666309039B84998A34FBB9,D:\Sirus\_client\World of Warcraft Sirus\Risen_Depths_Extract_2026-10-04\AssetClosure\ByArchive\common.mpq\WORLD\GENERIC\PASSIVEDOODADS\FLOATINGDEBRIS\FLOATINGBOARDS01.m2
1,common.mpq,WORLD\GENERIC\PASSIVEDOODADS\FLOATINGDEBRIS\FLOATINGCRATE01.m2,wmo-doodad-model|wmo-embedded-path,WORLD\WMO\DUNGEON\MD_SHIPWRECK\TRANSPORT_SHIPWRECK_SUNKENSHIP.WMO,2432,4C098AA5CCD546540E979A17601AE59717D813BE,D:\Sirus\_client\World of Warcraft Sirus\Risen_Depths_Extract_2026-10-04\AssetClosure\ByArchive\common.mpq\WORLD\GENERIC\PASSIVEDOODADS\FLOATINGDEBRIS\FLOATINGCRATE01.m2
1,common.mpq,WORLD\GENERIC\HUMAN\PASSIVE DOODADS\CHAIRS\GENERALCHAIRLOEND01.m2,wmo-doodad-model|wmo-embedded-path,WORLD\WMO\DUNGEON\MD_SHIPWRECK\TRANSPORT_SHIPWRECK_SUNKENSHIP.WMO,5792,985259DB4BFB4CE1A739F0DDDEDFF3201FEA8B75,D:\Sirus\_client\World of Warcraft Sirus\Risen_Depths_Extract_2026-10-04\AssetClosure\ByArchive\common.mpq\WORLD\GENERIC\HUMAN\PASSIVE DOODADS\CHAIRS\GENERALCHAIRLOEND01.m2
1,common.mpq,WORLD\KALIMDOR\KALIDAR\PASSIVEDOODADS\KALIDARTREES\KALIDARTREE05.m2,wmo-doodad-model|wmo-embedded-path,WORLD\WMO\KALIMDOR\BUILDINGS\CLASSICALELFRUINS\AZRCLASSICALELFRUIN_UW09.WMO,5776,B24A7DE227996B45C0E2A48970B0F6EE65A98F9F,D:\Sirus\_client\World of Warcraft Sirus\Risen_Depths_Extract_2026-10-04\AssetClosure\ByArchive\common.mpq\WORLD\KALIMDOR\KALIDAR\PASSIVEDOODADS\KALIDARTREES\KALIDARTREE05.m2
1,common.mpq,WORLD\KALIMDOR\KALIDAR\PASSIVEDOODADS\KALIDARTREES\KALIDARTREE04.m2,wmo-doodad-model|wmo-embedded-path,WORLD\WMO\KALIMDOR\BUILDINGS\CLASSICALELFRUINS\AZRCLASSICALELFRUIN_UW09.WMO,8656,D1614DDFCF0CF42AC669ADA369D3EE99E7FA4B42,D:\Sirus\_client\World of Warcraft Sirus\Risen_Depths_Extract_2026-10-04\AssetClosure\ByArchive\common.mpq\WORLD\KALIMDOR\KALIDAR\PASSIVEDOODADS\KALIDARTREES\KALIDARTREE04.m2
1,common.mpq,WORLD\GENERIC\NIGHTELF\PASSIVE DOODADS\STEPPINGSTONES\STEPPINGSTONE02.m2,wmo-doodad-model|wmo-embedded-path,WORLD\WMO\KALIMDOR\BUILDINGS\CLASSICALELFRUINS\AZRCLASSICALELFRUIN_UW09.WMO,2608,3FC6D3A59FB2E7060BEAFAA37B2BEC2F0554C514,D:\Sirus\_client\World of Warcraft Sirus\Risen_Depths_Extract_2026-10-04\AssetClosure\ByArchive\common.mpq\WORLD\GENERIC\NIGHTELF\PASSIVE DOODADS\STEPPINGSTONES\STEPPINGSTONE02.m2
1,common.mpq,WORLD\GENERIC\NIGHTELF\PASSIVE DOODADS\STEPPINGSTONES\STEPPINGSTONE01.m2,wmo-doodad-model|wmo-embedded-path,WORLD\WMO\KALIMDOR\BUILDINGS\CLASSICALELFRUINS\AZRCLASSICALELFRUIN_UW09.WMO,3168,97391EC9062F5F1A9125B76CA15D8097C93EC6F8,D:\Sirus\_client\World of Warcraft Sirus\Risen_Depths_Extract_2026-10-04\AssetClosure\ByArchive\common.mpq\WORLD\GENERIC\NIGHTELF\PASSIVE DOODADS\STEPPINGSTONES\STEPPINGSTONE01.m2
1,common.mpq,WORLD\GENERIC\NIGHTELF\PASSIVE DOODADS\STONERUNES\KALIDARSTONERUNE03.m2,wmo-doodad-model|wmo-embedded-path,WORLD\WMO\KALIMDOR\BUILDINGS\CLASSICALELFRUINS\AZRCLASSICALELFRUIN_UW09.WMO,5968,A529D42E55D80095479F8F77C2FE21CF73CC1DEE,D:\Sirus\_client\World of Warcraft Sirus\Risen_Depths_Extract_2026-10-04\AssetClosure\ByArchive\common.mpq\WORLD\GENERIC\NIGHTELF\PASSIVE DOODADS\STONERUNES\KALIDARSTONERUNE03.m2
1,common.mpq,WORLD\KALIMDOR\KALIDAR\PASSIVEDOODADS\KALIDARBUSHES\KALIDARBUSH04.m2,wmo-doodad-model|wmo-embedded-path,WORLD\WMO\KALIMDOR\BUILDINGS\CLASSICALELFRUINS\AZRCLASSICALELFRUIN_UW09.WMO,2624,A9941DB100A1396CA1859F74A27543E281504A8C,D:\Sirus\_client\World of Warcraft Sirus\Risen_Depths_Extract_2026-10-04\AssetClosure\ByArchive\common.mpq\WORLD\KALIMDOR\KALIDAR\PASSIVEDOODADS\KALIDARBUSHES\KALIDARBUSH04.m2
1,common.mpq,WORLD\KALIMDOR\KALIDAR\PASSIVEDOODADS\KALIDARBUSHES\KALIDARBUSH02.m2,wmo-doodad-model|wmo-embedded-path,WORLD\WMO\KALIMDOR\BUILDINGS\CLASSICALELFRUINS\AZRCLASSICALELFRUIN_UW09.WMO,5072,F5214C845E387AE87A960182D14DD0CAE5AC3FF4,D:\Sirus\_client\World of Warcraft Sirus\Risen_Depths_Extract_2026-10-04\AssetClosure\ByArchive\common.mpq\WORLD\KALIMDOR\KALIDAR\PASSIVEDOODADS\KALIDARBUSHES\KALIDARBUSH02.m2
1,common.mpq,WORLD\KALIMDOR\KALIDAR\PASSIVEDOODADS\KALIDARBUSHES\KALIDARBUSH01.m2,wmo-doodad-model|wmo-embedded-path,WORLD\WMO\KALIMDOR\BUILDINGS\CLASSICALELFRUINS\AZRCLASSICALELFRUIN_UW09.WMO,2000,C68A62FE71B9992661BC0C14E38799465B066272,D:\Sirus\_client\World of Warcraft Sirus\Risen_Depths_Extract_2026-10-04\AssetClosure\ByArchive\common.mpq\WORLD\KALIMDOR\KALIDAR\PASSIVEDOODADS\KALIDARBUSHES\KALIDARBUSH01.m2
1,common.mpq,WORLD\KALIMDOR\KALIDAR\PASSIVEDOODADS\KALIDARBUSHES\KALIDARBUSH03.m2,wmo-doodad-model|wmo-embedded-path,WORLD\WMO\KALIMDOR\BUILDINGS\CLASSICALELFRUINS\AZRCLASSICALELFRUIN_UW09.WMO,3680,F6F2BF0A5AFD353F962C183F16DF607D4DC9EF91,D:\Sirus\_client\World of Warcraft Sirus\Risen_Depths_Extract_2026-10-04\AssetClosure\ByArchive\common.mpq\WORLD\KALIMDOR\KALIDAR\PASSIVEDOODADS\KALIDARBUSHES\KALIDARBUSH03.m2
1,common.mpq,WORLD\KALIMDOR\KALIDAR\PASSIVEDOODADS\KALIDARTREES\KALIDARTREE03.m2,wmo-doodad-model|wmo-embedded-path,WORLD\WMO\KALIMDOR\BUILDINGS\CLASSICALELFRUINS\AZRCLASSICALELFRUIN_UW09.WMO,8752,A0FE692B34F63687F76C230F93C71A11D283C6AD,D:\Sirus\_client\World of Warcraft Sirus\Risen_Depths_Extract_2026-10-04\AssetClosure\ByArchive\common.mpq\WORLD\KALIMDOR\KALIDAR\PASSIVEDOODADS\KALIDARTREES\KALIDARTREE03.m2
1,common.mpq,WORLD\KALIMDOR\KALIDAR\PASSIVEDOODADS\KALIDARTREES\KALIDARTREE02.m2,wmo-doodad-model|wmo-embedded-path,WORLD\WMO\KALIMDOR\BUILDINGS\CLASSICALELFRUINS\AZRCLASSICALELFRUIN_UW09.WMO,10928,47F74EA28F7AA3E923A459DDFEA6B4E92D078244,D:\Sirus\_client\World of Warcraft Sirus\Risen_Depths_Extract_2026-10-04\AssetClosure\ByArchive\common.mpq\WORLD\KALIMDOR\KALIDAR\PASSIVEDOODADS\KALIDARTREES\KALIDARTREE02.m2
1,common.mpq,WORLD\GENERIC\NIGHTELF\PASSIVE DOODADS\STONERUNES\KALIDARSTONERUNE01.m2,wmo-doodad-model|wmo-embedded-path,WORLD\WMO\KALIMDOR\BUILDINGS\CLASSICALELFRUINS\AZRCLASSICALELFRUIN_UW09.WMO,3472,6FDC62C37B3F1330B4425AECCBA14F944F58F871,D:\Sirus\_client\World of Warcraft Sirus\Risen_Depths_Extract_2026-10-04\AssetClosure\ByArchive\common.mpq\WORLD\GENERIC\NIGHTELF\PASSIVE DOODADS\STONERUNES\KALIDARSTONERUNE01.m2
1,common.mpq,WORLD\GENERIC\NIGHTELF\PASSIVE DOODADS\STONERUNES\KALIDARSTONERUNE02.m2,wmo-doodad-model|wmo-embedded-path,WORLD\WMO\KALIMDOR\BUILDINGS\CLASSICALELFRUINS\AZRCLASSICALELFRUIN_UW09.WMO,3472,2C37BE152AE38C4D501240B13B24D8918202BE9D,D:\Sirus\_client\World of Warcraft Sirus\Risen_Depths_Extract_2026-10-04\AssetClosure\ByArchive\common.mpq\WORLD\GENERIC\NIGHTELF\PASSIVE DOODADS\STONERUNES\KALIDARSTONERUNE02.m2
1,common.mpq,WORLD\AZEROTH\SWAMPOSORROW\PASSIVEDOODADS\PLANTS\SWAMPPLANT04.m2,wmo-doodad-model|wmo-embedded-path,WORLD\WMO\KALIMDOR\BUILDINGS\CLASSICALELFRUINS\AZRCLASSICALELFRUIN_UW09.WMO,2720,5D94991ECD67A33C8792C9C38ADE39816B62E19B,D:\Sirus\_client\World of Warcraft Sirus\Risen_Depths_Extract_2026-10-04\AssetClosure\ByArchive\common.mpq\WORLD\AZEROTH\SWAMPOSORROW\PASSIVEDOODADS\PLANTS\SWAMPPLANT04.m2
1,common.mpq,WORLD\AZEROTH\ELWYNN\PASSIVEDOODADS\DETAIL\ELWYNNCATAILS01\ELWYNNCATAILS01.m2,wmo-doodad-model|wmo-embedded-path,WORLD\WMO\KALIMDOR\BUILDINGS\CLASSICALELFRUINS\AZRCLASSICALELFRUIN_UW09.WMO,1376,7A83BF5B19B5B8FCC965900672DDD0AE4AB276C7,D:\Sirus\_client\World of Warcraft Sirus\Risen_Depths_Extract_2026-10-04\AssetClosure\ByArchive\common.mpq\WORLD\AZEROTH\ELWYNN\PASSIVEDOODADS\DETAIL\ELWYNNCATAILS01\ELWYNNCATAILS01.m2
1,common.mpq,WORLD\AZEROTH\ELWYNN\PASSIVEDOODADS\DETAIL\ELWYNNCATAILS02\ELWYNNCATAILS02.m2,wmo-doodad-model|wmo-embedded-path,WORLD\WMO\KALIMDOR\BUILDINGS\CLASSICALELFRUINS\AZRCLASSICALELFRUIN_UW09.WMO,2624,03CF16C71C107EE1CC3633F73935FEC59B8C84A1,D:\Sirus\_client\World of Warcraft Sirus\Risen_Depths_Extract_2026-10-04\AssetClosure\ByArchive\common.mpq\WORLD\AZEROTH\ELWYNN\PASSIVEDOODADS\DETAIL\ELWYNNCATAILS02\ELWYNNCATAILS02.m2
1,common.mpq,WORLD\AZEROTH\ELWYNN\PASSIVEDOODADS\DETAIL\ELWYNNREEDS01\ELWYNNREEDS01.m2,wmo-doodad-model|wmo-embedded-path,WORLD\WMO\KALIMDOR\BUILDINGS\CLASSICALELFRUINS\AZRCLASSICALELFRUIN_UW09.WMO,2720,A504C470F254140FDF40CC626634FF7FC79F41A6,D:\Sirus\_client\World of Warcraft Sirus\Risen_Depths_Extract_2026-10-04\AssetClosure\ByArchive\common.mpq\WORLD\AZEROTH\ELWYNN\PASSIVEDOODADS\DETAIL\ELWYNNREEDS01\ELWYNNREEDS01.m2
1,common.mpq,WORLD\GENERIC\NIGHTELF\PASSIVE DOODADS\LANTERNS\NIGHTELFLANTERN01.m2,wmo-doodad-model|wmo-embedded-path,WORLD\WMO\KALIMDOR\BUILDINGS\CLASSICALELFRUINS\AZRCLASSICALELFRUIN_UW09.WMO,13296,BEC305D7788DF17F6CE82B1E5C14130DC21E7D20,D:\Sirus\_client\World of Warcraft Sirus\Risen_Depths_Extract_2026-10-04\AssetClosure\ByArchive\common.mpq\WORLD\GENERIC\NIGHTELF\PASSIVE DOODADS\LANTERNS\NIGHTELFLANTERN01.m2
1,common.mpq,INTERIORS\BUILDINGS\ND_FORSAKEN\ND_FORSAKEN_SHIPWRECKSKULLS00.skin,m2-skin-profile,INTERIORS\BUILDINGS\ND_FORSAKEN\ND_FORSAKEN_SHIPWRECKSKULLS.m2,8096,F409632F40C90BA2059C1901BB4F8128110A7FF1,D:\Sirus\_client\World of Warcraft Sirus\Risen_Depths_Extract_2026-10-04\AssetClosure\ByArchive\common.mpq\INTERIORS\BUILDINGS\ND_FORSAKEN\ND_FORSAKEN_SHIPWRECKSKULLS00.skin
1,common.mpq,DUNGEONS\TEXTURES\TRIM\JLO_UDERCITY_TRIM_01.BLP,m2-embedded-path,INTERIORS\BUILDINGS\ND_FORSAKEN\ND_FORSAKEN_SHIPWRECKSKULLS.m2,44876,E1AA4EC95115554FB433755D74454E0D089A239B,D:\Sirus\_client\World of Warcraft Sirus\Risen_Depths_Extract_2026-10-04\AssetClosure\ByArchive\common.mpq\DUNGEONS\TEXTURES\TRIM\JLO_UDERCITY_TRIM_01.BLP
1,common.mpq,DUNGEONS\TEXTURES\DECORATION\JLO_UDERCITY_SKULL.BLP,m2-embedded-path,INTERIORS\BUILDINGS\ND_FORSAKEN\ND_FORSAKEN_SHIPWRECKSKULLS.m2,44876,71A66032908BFDD9623AB22678B1DBAE780AEA5A,D:\Sirus\_client\World of Warcraft Sirus\Risen_Depths_Extract_2026-10-04\AssetClosure\ByArchive\common.mpq\DUNGEONS\TEXTURES\DECORATION\JLO_UDERCITY_SKULL.BLP
1,common.mpq,DUNGEONS\TEXTURES\UNDEAD_SHIP\AM_BBAY_BLASTMARK.BLP,m2-embedded-path,INTERIORS\BUILDINGS\ND_FORSAKEN\ND_FORSAKEN_SHIPWRECKSKULLS.m2,44876,B58A9445374730F5B237BEAAE6C705867223AB43,D:\Sirus\_client\World of Warcraft Sirus\Risen_Depths_Extract_2026-10-04\AssetClosure\ByArchive\common.mpq\DUNGEONS\TEXTURES\UNDEAD_SHIP\AM_BBAY_BLASTMARK.BLP
1,common.mpq,WORLD\AZEROTH\BURNINGSTEPPES\PASSIVEDOODADS\BONFIRE\ORCBONFIRE00.skin,m2-skin-profile,WORLD\AZEROTH\BURNINGSTEPPES\PASSIVEDOODADS\BONFIRE\ORCBONFIRE.m2,4336,8979A6F656319D29E8AB9A4B2950AA948016D01D,D:\Sirus\_client\World of Warcraft Sirus\Risen_Depths_Extract_2026-10-04\AssetClosure\ByArchive\common.mpq\WORLD\AZEROTH\BURNINGSTEPPES\PASSIVEDOODADS\BONFIRE\ORCBONFIRE00.skin
1,common.mpq,WORLD\AZEROTH\BURNINGSTEPPES\PASSIVEDOODADS\BONFIRE\WOOD08.BLP,m2-embedded-path,WORLD\AZEROTH\BURNINGSTEPPES\PASSIVEDOODADS\BONFIRE\ORCBONFIRE.m2,44892,59068C507E49F56E5F360EA5D554CCDF181E81FC,D:\Sirus\_client\World of Warcraft Sirus\Risen_Depths_Extract_2026-10-04\AssetClosure\ByArchive\common.mpq\WORLD\AZEROTH\BURNINGSTEPPES\PASSIVEDOODADS\BONFIRE\WOOD08.BLP
1,common.mpq,WORLD\AZEROTH\BURNINGSTEPPES\PASSIVEDOODADS\BONFIRE\ASH04.BLP,m2-embedded-path,WORLD\AZEROTH\BURNINGSTEPPES\PASSIVEDOODADS\BONFIRE\ORCBONFIRE.m2,12108,A47B87210A32A9325287583B16201E6550955BB8,D:\Sirus\_client\World of Warcraft Sirus\Risen_Depths_Extract_2026-10-04\AssetClosure\ByArchive\common.mpq\WORLD\AZEROTH\BURNINGSTEPPES\PASSIVEDOODADS\BONFIRE\ASH04.BLP
1,common.mpq,WORLD\AZEROTH\ELWYNN\PASSIVEDOODADS\SMALLDOCK\FLAMELICKSMALLBLUE.BLP,m2-embedded-path,WORLD\AZEROTH\BURNINGSTEPPES\PASSIVEDOODADS\BONFIRE\ORCBONFIRE.m2,12108,8613609AD44D03F3A6777B65FEB0506B302C4DD1,D:\Sirus\_client\World of Warcraft Sirus\Risen_Depths_Extract_2026-10-04\AssetClosure\ByArchive\common.mpq\WORLD\AZEROTH\ELWYNN\PASSIVEDOODADS\SMALLDOCK\FLAMELICKSMALLBLUE.BLP
1,common.mpq,WORLD\AZEROTH\BURNINGSTEPPES\PASSIVEDOODADS\ORCSLEEPMATS\ORCSLEEPMAT0300.skin,m2-skin-profile,WORLD\AZEROTH\BURNINGSTEPPES\PASSIVEDOODADS\ORCSLEEPMATS\ORCSLEEPMAT03.m2,176,C8C03B9313AACE7E5F7AA9BAB753106A04F3C49D,D:\Sirus\_client\World of Warcraft Sirus\Risen_Depths_Extract_2026-10-04\AssetClosure\ByArchive\common.mpq\WORLD\AZEROTH\BURNINGSTEPPES\PASSIVEDOODADS\ORCSLEEPMATS\ORCSLEEPMAT0300.skin
1,common.mpq,World\Azeroth\BurningSteppes\PassiveDoodads\OrcSleepMats\ClothMatt04.blp,m2-embedded-path,WORLD\AZEROTH\BURNINGSTEPPES\PASSIVEDOODADS\ORCSLEEPMATS\ORCSLEEPMAT03.m2,44900,1C374040FF40ED7A98E28D9E4015BD77DA6B2B6A,D:\Sirus\_client\World of Warcraft Sirus\Risen_Depths_Extract_2026-10-04\AssetClosure\ByArchive\common.mpq\World\Azeroth\BurningSteppes\PassiveDoodads\OrcSleepMats\ClothMatt04.blp
1,common.mpq,WORLD\AZEROTH\DUSKWOOD\BUILDINGS\GNOLLTENT\GNOLLTENT0200.skin,m2-skin-profile,WORLD\AZEROTH\DUSKWOOD\BUILDINGS\GNOLLTENT\GNOLLTENT02.m2,1408,CC6BE9115509B9DE313043DCBE323BA9DC89879B,D:\Sirus\_client\World of Warcraft Sirus\Risen_Depths_Extract_2026-10-04\AssetClosure\ByArchive\common.mpq\WORLD\AZEROTH\DUSKWOOD\BUILDINGS\GNOLLTENT\GNOLLTENT0200.skin
1,common.mpq,World\Azeroth\Duskwood\Buildings\GnollTent\GnollTent02skin.blp,m2-embedded-path,WORLD\AZEROTH\DUSKWOOD\BUILDINGS\GNOLLTENT\GNOLLTENT02.m2,44876,4BA6A6803DF8713D44B580CE237BFA311C4F18D6,D:\Sirus\_client\World of Warcraft Sirus\Risen_Depths_Extract_2026-10-04\AssetClosure\ByArchive\common.mpq\World\Azeroth\Duskwood\Buildings\GnollTent\GnollTent02skin.blp
1,common.mpq,WORLD\AZEROTH\DUSKWOOD\PASSIVEDOODADS\COFFIN\COFFIN00.skin,m2-skin-profile,WORLD\AZEROTH\DUSKWOOD\PASSIVEDOODADS\COFFIN\COFFIN.m2,784,C82730F749512652085C12E08B755073C078A941,D:\Sirus\_client\World of Warcraft Sirus\Risen_Depths_Extract_2026-10-04\AssetClosure\ByArchive\common.mpq\WORLD\AZEROTH\DUSKWOOD\PASSIVEDOODADS\COFFIN\COFFIN00.skin
1,common.mpq,WORLD\AZEROTH\Elwynn\PassiveDoodads\DETAIL\ELWYNNCATAILS01\ELWYNNCATAILS0100.skin,m2-skin-profile,WORLD\AZEROTH\Elwynn\PassiveDoodads\DETAIL\ELWYNNCATAILS01\ELWYNNCATAILS01.m2,256,8D8801D170BC99CD5D78F1646BE7794875395CBC,D:\Sirus\_client\World of Warcraft Sirus\Risen_Depths_Extract_2026-10-04\AssetClosure\ByArchive\common.mpq\WORLD\AZEROTH\Elwynn\PassiveDoodads\DETAIL\ELWYNNCATAILS01\ELWYNNCATAILS0100.skin
1,common.mpq,World\Azeroth\Elwynn\PassiveDoodads\Detail\ElwynnCatails01\ElwynnCatails01.blp,m2-embedded-path,WORLD\AZEROTH\Elwynn\PassiveDoodads\DETAIL\ELWYNNCATAILS01\ELWYNNCATAILS01.m2,44900,75831C094E2F133C4D9CD2A5D0196C9E4BDC27A1,D:\Sirus\_client\World of Warcraft Sirus\Risen_Depths_Extract_2026-10-04\AssetClosure\ByArchive\common.mpq\World\Azeroth\Elwynn\PassiveDoodads\Detail\ElwynnCatails01\ElwynnCatails01.blp
1,common.mpq,WORLD\AZEROTH\Elwynn\PassiveDoodads\DETAIL\ELWYNNCATAILS02\ELWYNNCATAILS0200.skin,m2-skin-profile,WORLD\AZEROTH\Elwynn\PassiveDoodads\DETAIL\ELWYNNCATAILS02\ELWYNNCATAILS02.m2,592,854FB79FC13DE6A6A6BCF15FE89B982ECCF3B948,D:\Sirus\_client\World of Warcraft Sirus\Risen_Depths_Extract_2026-10-04\AssetClosure\ByArchive\common.mpq\WORLD\AZEROTH\Elwynn\PassiveDoodads\DETAIL\ELWYNNCATAILS02\ELWYNNCATAILS0200.skin
1,common.mpq,world\Azeroth\Elwynn\PassiveDoodads\Detail\ElwynnCatails02\ElwynnFlower03b.blp,m2-embedded-path,WORLD\AZEROTH\Elwynn\PassiveDoodads\DETAIL\ELWYNNCATAILS02\ELWYNNCATAILS02.m2,6676,2F4D8F0D745D02EE6D700F008B042D14D683BCFF,D:\Sirus\_client\World of Warcraft Sirus\Risen_Depths_Extract_2026-10-04\AssetClosure\ByArchive\common.mpq\world\Azeroth\Elwynn\PassiveDoodads\Detail\ElwynnCatails02\ElwynnFlower03b.blp
1,common.mpq,World\Generic\Human\Passive Doodads\PlanterBoxes\ElwynnFlower03a.blp,m2-embedded-path,WORLD\AZEROTH\Elwynn\PassiveDoodads\DETAIL\ELWYNNCATAILS02\ELWYNNCATAILS02.m2 | WORLD\AZEROTH\Elwynn\PassiveDoodads\DETAIL\ELWYNNREEDS01\ELWYNNREEDS01.m2,12132,E626946A5FE568CFFCF8ACBB7727DDD49FDE5AD4,D:\Sirus\_client\World of Warcraft Sirus\Risen_Depths_Extract_2026-10-04\AssetClosure\ByArchive\common.mpq\World\Generic\Human\Passive Doodads\PlanterBoxes\ElwynnFlower03a.blp
1,common.mpq,WORLD\AZEROTH\Elwynn\PassiveDoodads\DETAIL\ELWYNNREEDS01\ELWYNNREEDS0100.skin,m2-skin-profile,WORLD\AZEROTH\Elwynn\PassiveDoodads\DETAIL\ELWYNNREEDS01\ELWYNNREEDS01.m2,496,FA2FB5A1B0FF4B123F8D050935F1D5A928C63B84,D:\Sirus\_client\World of Warcraft Sirus\Risen_Depths_Extract_2026-10-04\AssetClosure\ByArchive\common.mpq\WORLD\AZEROTH\Elwynn\PassiveDoodads\DETAIL\ELWYNNREEDS01\ELWYNNREEDS0100.skin
1,common.mpq,WORLD\AZEROTH\Elwynn\PassiveDoodads\DETAIL\ELWYNNSEAWEED01\ELWYNNSEAWEED0100.skin,m2-skin-profile,WORLD\AZEROTH\Elwynn\PassiveDoodads\DETAIL\ELWYNNSEAWEED01\ELWYNNSEAWEED01.m2,496,EC593501151EE56294B095CA9C6231EA811960C5,D:\Sirus\_client\World of Warcraft Sirus\Risen_Depths_Extract_2026-10-04\AssetClosure\ByArchive\common.mpq\WORLD\AZEROTH\Elwynn\PassiveDoodads\DETAIL\ELWYNNSEAWEED01\ELWYNNSEAWEED0100.skin
1,common.mpq,WORLD\AZEROTH\ELWYNN\PASSIVEDOODADS\DETAIL\ELWYNNSEAWEED01\KELP01.BLP,m2-embedded-path,WORLD\AZEROTH\Elwynn\PassiveDoodads\DETAIL\ELWYNNSEAWEED01\ELWYNNSEAWEED01.m2,44900,A5E81470AFBD2055B737A29BCF310FD56E283BC9,D:\Sirus\_client\World of Warcraft Sirus\Risen_Depths_Extract_2026-10-04\AssetClosure\ByArchive\common.mpq\WORLD\AZEROTH\ELWYNN\PASSIVEDOODADS\DETAIL\ELWYNNSEAWEED01\KELP01.BLP
1,common.mpq,WORLD\AZEROTH\Elwynn\PassiveDoodads\DETAIL\ELWYNNVINES02\ELWYNNVINES0200.skin,m2-skin-profile,WORLD\AZEROTH\Elwynn\PassiveDoodads\DETAIL\ELWYNNVINES02\ELWYNNVINES02.m2,480,35412DF39854DFE1830FBAF5878925A9FDC4FA43,D:\Sirus\_client\World of Warcraft Sirus\Risen_Depths_Extract_2026-10-04\AssetClosure\ByArchive\common.mpq\WORLD\AZEROTH\Elwynn\PassiveDoodads\DETAIL\ELWYNNVINES02\ELWYNNVINES0200.skin
1,common.mpq,World\Azeroth\Elwynn\PassiveDoodads\Detail\ElwynnVines02\Vines02.blp,m2-embedded-path,WORLD\AZEROTH\Elwynn\PassiveDoodads\DETAIL\ELWYNNVINES02\ELWYNNVINES02.m2,44900,B7117FA2C6A0DFD7DE90BC76BA86CF5C90AF3C85,D:\Sirus\_client\World of Warcraft Sirus\Risen_Depths_Extract_2026-10-04\AssetClosure\ByArchive\common.mpq\World\Azeroth\Elwynn\PassiveDoodads\Detail\ElwynnVines02\Vines02.blp
1,common.mpq,World\Azeroth\Elwynn\PassiveDoodads\Detail\ElwynnVines02\Vines01.blp,m2-embedded-path,WORLD\AZEROTH\Elwynn\PassiveDoodads\DETAIL\ELWYNNVINES02\ELWYNNVINES02.m2,44900,5896D852DF587D36AF04E1B4C875C2296D91C5CD,D:\Sirus\_client\World of Warcraft Sirus\Risen_Depths_Extract_2026-10-04\AssetClosure\ByArchive\common.mpq\World\Azeroth\Elwynn\PassiveDoodads\Detail\ElwynnVines02\Vines01.blp
1,common.mpq,WORLD\AZEROTH\KARAZAHN\PASSIVEDOODADS\CRATES\KARAZAHNCRATE0100.skin,m2-skin-profile,WORLD\AZEROTH\KARAZAHN\PASSIVEDOODADS\CRATES\KARAZAHNCRATE01.m2,336,C6180F35A80985BD3C70D16EF8526FBA6B17DAFF,D:\Sirus\_client\World of Warcraft Sirus\Risen_Depths_Extract_2026-10-04\AssetClosure\ByArchive\common.mpq\WORLD\AZEROTH\KARAZAHN\PASSIVEDOODADS\CRATES\KARAZAHNCRATE0100.skin
1,common.mpq,World\Azeroth\Karazahn\PassiveDoodads\Crates\KarazahnCrate01.blp,m2-embedded-path,WORLD\AZEROTH\KARAZAHN\PASSIVEDOODADS\CRATES\KARAZAHNCRATE01.m2,44876,79334FF6B06446EE165F1BB7700726410BB69C15,D:\Sirus\_client\World of Warcraft Sirus\Risen_Depths_Extract_2026-10-04\AssetClosure\ByArchive\common.mpq\World\Azeroth\Karazahn\PassiveDoodads\Crates\KarazahnCrate01.blp
1,common.mpq,WORLD\AZEROTH\SwampOSorrow\PassiveDoodads\PLANTS\SWAMPPLANT0400.skin,m2-skin-profile,WORLD\AZEROTH\SwampOSorrow\PassiveDoodads\PLANTS\SWAMPPLANT04.m2,496,36952439A4C8CB07E44C1304049A716D61D4D337,D:\Sirus\_client\World of Warcraft Sirus\Risen_Depths_Extract_2026-10-04\AssetClosure\ByArchive\common.mpq\WORLD\AZEROTH\SwampOSorrow\PassiveDoodads\PLANTS\SWAMPPLANT0400.skin
1,common.mpq,World\ENVIRONMENT\DOODAD\SWAMPOFSORROWS\PLANTS\REEDS\TEXTURE\SWAMPREEDS01A.BLP,m2-embedded-path,WORLD\AZEROTH\SwampOSorrow\PassiveDoodads\PLANTS\SWAMPPLANT04.m2,23060,9A32B91442FA38653AADB00E38849B78E5F26B16,D:\Sirus\_client\World of Warcraft Sirus\Risen_Depths_Extract_2026-10-04\AssetClosure\ByArchive\common.mpq\World\ENVIRONMENT\DOODAD\SWAMPOFSORROWS\PLANTS\REEDS\TEXTURE\SWAMPREEDS01A.BLP
1,common.mpq,WORLD\AZEROTH\SwampOSorrow\PassiveDoodads\ROCKS\SWAMPSORROWROCK0100.skin,m2-skin-profile,WORLD\AZEROTH\SwampOSorrow\PassiveDoodads\ROCKS\SWAMPSORROWROCK01.m2,352,4645720EB3E3CC544CA4D175EF5404B335C308B0,D:\Sirus\_client\World of Warcraft Sirus\Risen_Depths_Extract_2026-10-04\AssetClosure\ByArchive\common.mpq\WORLD\AZEROTH\SwampOSorrow\PassiveDoodads\ROCKS\SWAMPSORROWROCK0100.skin
1,common.mpq,TILESET\SWAMP OF SORROWS\SWAMPSORROWSROCK02.BLP,m2-embedded-path,WORLD\AZEROTH\SwampOSorrow\PassiveDoodads\ROCKS\SWAMPSORROWROCK01.m2,44876,1B6E5EE92742BFBF1A0BCDA5F12A652695992FFE,D:\Sirus\_client\World of Warcraft Sirus\Risen_Depths_Extract_2026-10-04\AssetClosure\ByArchive\common.mpq\TILESET\SWAMP OF SORROWS\SWAMPSORROWSROCK02.BLP
1,common.mpq,WORLD\AZEROTH\SwampOSorrow\PassiveDoodads\SWAMPBEASTBONES\SWAMPBEASTBONE0100.skin,m2-skin-profile,WORLD\AZEROTH\SwampOSorrow\PassiveDoodads\SWAMPBEASTBONES\SWAMPBEASTBONE01.m2,3824,A4C964B6558F532A7A0D8AF92592F04C8C8F7E66,D:\Sirus\_client\World of Warcraft Sirus\Risen_Depths_Extract_2026-10-04\AssetClosure\ByArchive\common.mpq\WORLD\AZEROTH\SwampOSorrow\PassiveDoodads\SWAMPBEASTBONES\SWAMPBEASTBONE0100.skin
1,common.mpq,WORLD\AZEROTH\SWAMPOSORROW\PASSIVEDOODADS\SWAMPBEASTBONES\SWAMPBEASTTEETH01.BLP,m2-embedded-path,WORLD\AZEROTH\SwampOSorrow\PassiveDoodads\SWAMPBEASTBONES\SWAMPBEASTBONE01.m2,3916,13E118CACCC66CFB7597A50B31D43FCDA63ECB32,D:\Sirus\_client\World of Warcraft Sirus\Risen_Depths_Extract_2026-10-04\AssetClosure\ByArchive\common.mpq\WORLD\AZEROTH\SWAMPOSORROW\PASSIVEDOODADS\SWAMPBEASTBONES\SWAMPBEASTTEETH01.BLP
1,common.mpq,WORLD\AZEROTH\SWAMPOSORROW\PASSIVEDOODADS\SWAMPBEASTBONES\SWAMPBEASTSPINE01.BLP,m2-embedded-path,WORLD\AZEROTH\SwampOSorrow\PassiveDoodads\SWAMPBEASTBONES\SWAMPBEASTBONE01.m2,1868,DF08B830976D7A467A8A763427B3664D4D70308E,D:\Sirus\_client\World of Warcraft Sirus\Risen_Depths_Extract_2026-10-04\AssetClosure\ByArchive\common.mpq\WORLD\AZEROTH\SWAMPOSORROW\PASSIVEDOODADS\SWAMPBEASTBONES\SWAMPBEASTSPINE01.BLP
1,common.mpq,WORLD\AZEROTH\SwampOSorrow\PassiveDoodads\VINES\SWAMPHANGINGVINES0200.skin,m2-skin-profile,WORLD\AZEROTH\SwampOSorrow\PassiveDoodads\VINES\SWAMPHANGINGVINES02.m2,1040,202B4515AB6C98B8EBBA94D76D538364AC9FBBD6,D:\Sirus\_client\World of Warcraft Sirus\Risen_Depths_Extract_2026-10-04\AssetClosure\ByArchive\common.mpq\WORLD\AZEROTH\SwampOSorrow\PassiveDoodads\VINES\SWAMPHANGINGVINES0200.skin
1,common.mpq,World\Azeroth\SwampOSorrow\PassiveDoodads\Vines\StrangleBrownVine01_256.blp,m2-embedded-path,WORLD\AZEROTH\SwampOSorrow\PassiveDoodads\VINES\SWAMPHANGINGVINES02.m2,44900,B6905B6ECBFDEF3E1BAD988D20B7E508B73A8A1D,D:\Sirus\_client\World of Warcraft Sirus\Risen_Depths_Extract_2026-10-04\AssetClosure\ByArchive\common.mpq\World\Azeroth\SwampOSorrow\PassiveDoodads\Vines\StrangleBrownVine01_256.blp
1,common.mpq,World\Azeroth\SwampOSorrow\PassiveDoodads\Vines\StrangleThornLongVine02.blp,m2-embedded-path,WORLD\AZEROTH\SwampOSorrow\PassiveDoodads\VINES\SWAMPHANGINGVINES02.m2,3924,D29A090D271AA5A8FF11C25028700FFE14C871BA,D:\Sirus\_client\World of Warcraft Sirus\Risen_Depths_Extract_2026-10-04\AssetClosure\ByArchive\common.mpq\World\Azeroth\SwampOSorrow\PassiveDoodads\Vines\StrangleThornLongVine02.blp
1,common.mpq,WORLD\AZEROTH\TheBlastedlands\PassiveDoodads\Bones\BLASTEDLANDSSKULL0100.skin,m2-skin-profile,WORLD\AZEROTH\TheBlastedlands\PassiveDoodads\Bones\BLASTEDLANDSSKULL01.m2,464,93BA3B0BF90D1FC39D672BC75C8615C4CBE20516,D:\Sirus\_client\World of Warcraft Sirus\Risen_Depths_Extract_2026-10-04\AssetClosure\ByArchive\common.mpq\WORLD\AZEROTH\TheBlastedlands\PassiveDoodads\Bones\BLASTEDLANDSSKULL0100.skin
1,common.mpq,WORLD\AZEROTH\TheBlastedlands\PassiveDoodads\Bones\BLASTEDLANDSSPINE0100.skin,m2-skin-profile,WORLD\AZEROTH\TheBlastedlands\PassiveDoodads\Bones\BLASTEDLANDSSPINE01.m2,1504,260D5CB37378E68A3B26EFBD242F2361329EB41A,D:\Sirus\_client\World of Warcraft Sirus\Risen_Depths_Extract_2026-10-04\AssetClosure\ByArchive\common.mpq\WORLD\AZEROTH\TheBlastedlands\PassiveDoodads\Bones\BLASTEDLANDSSPINE0100.skin
1,common.mpq,WORLD\AZEROTH\WESTFALL\PASSIVEDOODADS\BROKENCART\BROKENCART00.skin,m2-skin-profile,WORLD\AZEROTH\WESTFALL\PASSIVEDOODADS\BROKENCART\BROKENCART.m2,3984,51573C8718070FDE5858D893F3C65553FB9950B1,D:\Sirus\_client\World of Warcraft Sirus\Risen_Depths_Extract_2026-10-04\AssetClosure\ByArchive\common.mpq\WORLD\AZEROTH\WESTFALL\PASSIVEDOODADS\BROKENCART\BROKENCART00.skin
1,common.mpq,WORLD\AZEROTH\WESTFALL\PASSIVEDOODADS\BARREL\BAR_BUT_HAY_HAR_CAR.BLP,m2-embedded-path,WORLD\AZEROTH\WESTFALL\PASSIVEDOODADS\BROKENCART\BROKENCART.m2,44876,5B44539AAE66CDDD22EB1A6E57C1C13993651B3B,D:\Sirus\_client\World of Warcraft Sirus\Risen_Depths_Extract_2026-10-04\AssetClosure\ByArchive\common.mpq\WORLD\AZEROTH\WESTFALL\PASSIVEDOODADS\BARREL\BAR_BUT_HAY_HAR_CAR.BLP
1,common.mpq,WORLD\AZEROTH\WESTFALL\PASSIVEDOODADS\WRECKEDROWBOAT\WRECKEDROWBOAT00.skin,m2-skin-profile,WORLD\AZEROTH\WESTFALL\PASSIVEDOODADS\WRECKEDROWBOAT\WRECKEDROWBOAT.m2,4912,E4E3868388E7827A91D6B662A14AA6887250F619,D:\Sirus\_client\World of Warcraft Sirus\Risen_Depths_Extract_2026-10-04\AssetClosure\ByArchive\common.mpq\WORLD\AZEROTH\WESTFALL\PASSIVEDOODADS\WRECKEDROWBOAT\WRECKEDROWBOAT00.skin
1,common.mpq,WORLD\AZEROTH\WESTFALL\PASSIVEDOODADS\WRECKEDROWBOAT\WOOD01.BLP,m2-embedded-path,WORLD\AZEROTH\WESTFALL\PASSIVEDOODADS\WRECKEDROWBOAT\WRECKEDROWBOAT.m2,6652,E6B266B05E0FAFE6983C113E93FC3D071B874229,D:\Sirus\_client\World of Warcraft Sirus\Risen_Depths_Extract_2026-10-04\AssetClosure\ByArchive\common.mpq\WORLD\AZEROTH\WESTFALL\PASSIVEDOODADS\WRECKEDROWBOAT\WOOD01.BLP
1,common.mpq,WORLD\DUNGEON\GOLDSHIREINN\INNBARREL\INNBARREL00.skin,m2-skin-profile,WORLD\DUNGEON\GOLDSHIREINN\INNBARREL\INNBARREL.m2,1232,5C818745D666E6FB21FFD3CFDD7F9B484562223A,D:\Sirus\_client\World of Warcraft Sirus\Risen_Depths_Extract_2026-10-04\AssetClosure\ByArchive\common.mpq\WORLD\DUNGEON\GOLDSHIREINN\INNBARREL\INNBARREL00.skin
1,common.mpq,DUNGEONS\TEXTURES\DEVICES\MM_BARREL_SIDE_OPT.BLP,m2-embedded-path,WORLD\DUNGEON\GOLDSHIREINN\INNBARREL\INNBARREL.m2,23036,6A1D428AB39C7D5E61E9467982DE929FCC5E39B6,D:\Sirus\_client\World of Warcraft Sirus\Risen_Depths_Extract_2026-10-04\AssetClosure\ByArchive\common.mpq\DUNGEONS\TEXTURES\DEVICES\MM_BARREL_SIDE_OPT.BLP
1,common.mpq,WORLD\EXPANSION02\DOODADS\BOREANTUNDRA\BEACH\BOREAN_SEAWEED_0100.skin,m2-skin-profile,WORLD\EXPANSION02\DOODADS\BOREANTUNDRA\BEACH\BOREAN_SEAWEED_01.m2,3104,AD102198C2C701E2CFB08201B2C50289393FE19C,D:\Sirus\_client\World of Warcraft Sirus\Risen_Depths_Extract_2026-10-04\AssetClosure\ByArchive\common.mpq\WORLD\EXPANSION02\DOODADS\BOREANTUNDRA\BEACH\BOREAN_SEAWEED_0100.skin
1,common.mpq,WORLD\EXPANSION02\DOODADS\BOREANTUNDRA\BEACH\BOREAN_STARFISH_01.BLP,m2-embedded-path,WORLD\EXPANSION02\DOODADS\BOREANTUNDRA\BEACH\BOREAN_SEAWEED_01.m2 | WORLD\EXPANSION02\DOODADS\BOREANTUNDRA\BEACH\BOREAN_SEAWEED_02.m2,23036,1DEBF49720E32B77021134E98191C425E5254E73,D:\Sirus\_client\World of Warcraft Sirus\Risen_Depths_Extract_2026-10-04\AssetClosure\ByArchive\common.mpq\WORLD\EXPANSION02\DOODADS\BOREANTUNDRA\BEACH\BOREAN_STARFISH_01.BLP
1,common.mpq,WORLD\EXPANSION02\DOODADS\BOREANTUNDRA\BEACH\BOREAN_SEAWEED_0200.skin,m2-skin-profile,WORLD\EXPANSION02\DOODADS\BOREANTUNDRA\BEACH\BOREAN_SEAWEED_02.m2,2688,77657E476E2A5764B3A37CF64B01BC3C077CD115,D:\Sirus\_client\World of Warcraft Sirus\Risen_Depths_Extract_2026-10-04\AssetClosure\ByArchive\common.mpq\WORLD\EXPANSION02\DOODADS\BOREANTUNDRA\BEACH\BOREAN_SEAWEED_0200.skin
1,common.mpq,WORLD\EXPANSION02\DOODADS\BOREANTUNDRA\BEACH\BOREAN_SEAWEED_0300.skin,m2-skin-profile,WORLD\EXPANSION02\DOODADS\BOREANTUNDRA\BEACH\BOREAN_SEAWEED_03.m2,224,1C971CCE08C6CFD163E08054020BAC4DF91A2DD6,D:\Sirus\_client\World of Warcraft Sirus\Risen_Depths_Extract_2026-10-04\AssetClosure\ByArchive\common.mpq\WORLD\EXPANSION02\DOODADS\BOREANTUNDRA\BEACH\BOREAN_SEAWEED_0300.skin
1,common.mpq,WORLD\EXPANSION02\DOODADS\BOREANTUNDRA\BUSHES\BOREAN_SHRUB_0200.skin,m2-skin-profile,WORLD\EXPANSION02\DOODADS\BOREANTUNDRA\BUSHES\BOREAN_SHRUB_02.m2,13056,026D80FA260A6FB03AD5E057A0DAC88F01F79B54,D:\Sirus\_client\World of Warcraft Sirus\Risen_Depths_Extract_2026-10-04\AssetClosure\ByArchive\common.mpq\WORLD\EXPANSION02\DOODADS\BOREANTUNDRA\BUSHES\BOREAN_SHRUB_0200.skin
1,common.mpq,WORLD\EXPANSION02\DOODADS\BOREANTUNDRA\BUSHES\BOREAN_SHRUB_02.BLP,m2-embedded-path,WORLD\EXPANSION02\DOODADS\BOREANTUNDRA\BUSHES\BOREAN_SHRUB_02.m2,88580,5B8D9289AC7DF1FAE9C59EBD00C242262019A607,D:\Sirus\_client\World of Warcraft Sirus\Risen_Depths_Extract_2026-10-04\AssetClosure\ByArchive\common.mpq\WORLD\EXPANSION02\DOODADS\BOREANTUNDRA\BUSHES\BOREAN_SHRUB_02.BLP
1,common.mpq,WORLD\EXPANSION02\DOODADS\BOREANTUNDRA\BUSHES\BOREAN_SHRUB_0400.skin,m2-skin-profile,WORLD\EXPANSION02\DOODADS\BOREANTUNDRA\BUSHES\BOREAN_SHRUB_04.m2,8112,2EC382A3043FF04C65205F85E555EC26B1A94360,D:\Sirus\_client\World of Warcraft Sirus\Risen_Depths_Extract_2026-10-04\AssetClosure\ByArchive\common.mpq\WORLD\EXPANSION02\DOODADS\BOREANTUNDRA\BUSHES\BOREAN_SHRUB_0400.skin
1,common.mpq,WORLD\EXPANSION02\DOODADS\BOREANTUNDRA\BUSHES\BOREAN_SHRUB_0401.skin,m2-skin-profile,WORLD\EXPANSION02\DOODADS\BOREANTUNDRA\BUSHES\BOREAN_SHRUB_04.m2,8240,2A459E31349D3E46BBCCFF942248B9BF24CB3FBA,D:\Sirus\_client\World of Warcraft Sirus\Risen_Depths_Extract_2026-10-04\AssetClosure\ByArchive\common.mpq\WORLD\EXPANSION02\DOODADS\BOREANTUNDRA\BUSHES\BOREAN_SHRUB_0401.skin
1,common.mpq,WORLD\EXPANSION02\DOODADS\BOREANTUNDRA\BUSHES\BOREAN_SHRUB_04.BLP,m2-embedded-path,WORLD\EXPANSION02\DOODADS\BOREANTUNDRA\BUSHES\BOREAN_SHRUB_04.m2,88580,938D3D7D446CFB0F134BD07D10602218DEA6CABD,D:\Sirus\_client\World of Warcraft Sirus\Risen_Depths_Extract_2026-10-04\AssetClosure\ByArchive\common.mpq\WORLD\EXPANSION02\DOODADS\BOREANTUNDRA\BUSHES\BOREAN_SHRUB_04.BLP
1,common.mpq,WORLD\EXPANSION02\DOODADS\DALARAN\TRADESKILL_FIRSTAID_0200.skin,m2-skin-profile,WORLD\EXPANSION02\DOODADS\DALARAN\TRADESKILL_FIRSTAID_02.m2,1904,491F32F25E27E58A130D6F96317E356A3FC98605,D:\Sirus\_client\World of Warcraft Sirus\Risen_Depths_Extract_2026-10-04\AssetClosure\ByArchive\common.mpq\WORLD\EXPANSION02\DOODADS\DALARAN\TRADESKILL_FIRSTAID_0200.skin
1,common.mpq,WORLD\EXPANSION02\DOODADS\DALARAN\ENCHANTING_01.BLP,m2-embedded-path,WORLD\EXPANSION02\DOODADS\DALARAN\TRADESKILL_FIRSTAID_02.m2,23036,C6DE18614EF470CC82CCFF651060BECE1F69E854,D:\Sirus\_client\World of Warcraft Sirus\Risen_Depths_Extract_2026-10-04\AssetClosure\ByArchive\common.mpq\WORLD\EXPANSION02\DOODADS\DALARAN\ENCHANTING_01.BLP
1,common.mpq,WORLD\EXPANSION02\DOODADS\DRAGONBLIGHT\DRAGONBLIGHT_DEBRISPILE_0200.skin,m2-skin-profile,WORLD\EXPANSION02\DOODADS\DRAGONBLIGHT\DRAGONBLIGHT_DEBRISPILE_02.m2,28240,64F4C11FA2D89BCB246F5598A22603B3595CAADF,D:\Sirus\_client\World of Warcraft Sirus\Risen_Depths_Extract_2026-10-04\AssetClosure\ByArchive\common.mpq\WORLD\EXPANSION02\DOODADS\DRAGONBLIGHT\DRAGONBLIGHT_DEBRISPILE_0200.skin
1,common.mpq,WORLD\EXPANSION02\DOODADS\DRAGONBLIGHT\DB_WOOD.BLP,m2-embedded-path,WORLD\EXPANSION02\DOODADS\DRAGONBLIGHT\DRAGONBLIGHT_DEBRISPILE_02.m2,44876,FCA92CFBA8B46B6DB9E26BD67878DDD579B31C6F,D:\Sirus\_client\World of Warcraft Sirus\Risen_Depths_Extract_2026-10-04\AssetClosure\ByArchive\common.mpq\WORLD\EXPANSION02\DOODADS\DRAGONBLIGHT\DB_WOOD.BLP
1,common.mpq,WORLD\EXPANSION02\DOODADS\GENERIC\VRYKUL\HAY\VR_STRAW_SMALL_0100.skin,m2-skin-profile,WORLD\EXPANSION02\DOODADS\GENERIC\VRYKUL\HAY\VR_STRAW_SMALL_01.M2,7328,F5EFA81C5F9DAF73971F1DB7525F68B89328D9C1,D:\Sirus\_client\World of Warcraft Sirus\Risen_Depths_Extract_2026-10-04\AssetClosure\ByArchive\common.mpq\WORLD\EXPANSION02\DOODADS\GENERIC\VRYKUL\HAY\VR_STRAW_SMALL_0100.skin
1,common.mpq,WORLD\EXPANSION02\DOODADS\GENERIC\VRYKUL\HAY\VRSTRAWBITS.BLP,m2-embedded-path,WORLD\EXPANSION02\DOODADS\GENERIC\VRYKUL\HAY\VR_STRAW_SMALL_01.M2,23044,CB638AA54EA494B36C2C03BB5192F0D162CD0AFA,D:\Sirus\_client\World of Warcraft Sirus\Risen_Depths_Extract_2026-10-04\AssetClosure\ByArchive\common.mpq\WORLD\EXPANSION02\DOODADS\GENERIC\VRYKUL\HAY\VRSTRAWBITS.BLP
1,common.mpq,WORLD\EXPANSION02\DOODADS\SCHOLAZAR\SHIPWRECK_D\SHIPWRECK_SAILS00.skin,m2-skin-profile,WORLD\EXPANSION02\DOODADS\SCHOLAZAR\SHIPWRECK_D\SHIPWRECK_SAILS.m2,496,D78D71259D07D3CECA4324A2C05EAEFE23963073,D:\Sirus\_client\World of Warcraft Sirus\Risen_Depths_Extract_2026-10-04\AssetClosure\ByArchive\common.mpq\WORLD\EXPANSION02\DOODADS\SCHOLAZAR\SHIPWRECK_D\SHIPWRECK_SAILS00.skin
1,common.mpq,World\Expansion02\Doodads\Scholazar\Shipwreck_D\Shipwreck_TornSail.blp,m2-embedded-path,WORLD\EXPANSION02\DOODADS\SCHOLAZAR\SHIPWRECK_D\SHIPWRECK_SAILS.m2,88580,8CDC1EDEC3294A93D0CA97EE084049C8D2D04DDD,D:\Sirus\_client\World of Warcraft Sirus\Risen_Depths_Extract_2026-10-04\AssetClosure\ByArchive\common.mpq\World\Expansion02\Doodads\Scholazar\Shipwreck_D\Shipwreck_TornSail.blp
1,common.mpq,WORLD\GENERIC\DARKIRONDWARF\PASSIVE DOODADS\WOODPLANKS\DARKIRONWOODPLANKS0200.skin,m2-skin-profile,WORLD\GENERIC\DARKIRONDWARF\PASSIVE DOODADS\WOODPLANKS\DARKIRONWOODPLANKS02.m2,1808,52058418CC2D4842B64D31F6A359B0A867F1A8E3,D:\Sirus\_client\World of Warcraft Sirus\Risen_Depths_Extract_2026-10-04\AssetClosure\ByArchive\common.mpq\WORLD\GENERIC\DARKIRONDWARF\PASSIVE DOODADS\WOODPLANKS\DARKIRONWOODPLANKS0200.skin
1,common.mpq,WORLD\GENERIC\DARKIRONDWARF\PASSIVE DOODADS\KEGS\DARKIRONDWARFBOARD01.BLP,m2-embedded-path,WORLD\GENERIC\DARKIRONDWARF\PASSIVE DOODADS\WOODPLANKS\DARKIRONWOODPLANKS02.m2,12116,F40224CD342AFD627ABE3BF29FAC9F20AF478DDD,D:\Sirus\_client\World of Warcraft Sirus\Risen_Depths_Extract_2026-10-04\AssetClosure\ByArchive\common.mpq\WORLD\GENERIC\DARKIRONDWARF\PASSIVE DOODADS\KEGS\DARKIRONDWARFBOARD01.BLP
1,common.mpq,WORLD\GENERIC\GNOME\PASSIVE DOODADS\BUCKETS\GNOMEBUCKET0500.skin,m2-skin-profile,WORLD\GENERIC\GNOME\PASSIVE DOODADS\BUCKETS\GNOMEBUCKET05.m2,1760,DB4876F315C4EC716AC537471BD0AA204A8EC745,D:\Sirus\_client\World of Warcraft Sirus\Risen_Depths_Extract_2026-10-04\AssetClosure\ByArchive\common.mpq\WORLD\GENERIC\GNOME\PASSIVE DOODADS\BUCKETS\GNOMEBUCKET0500.skin
1,common.mpq,WORLD\GENERIC\GNOME\PASSIVE DOODADS\BUCKETS\TJ_GNOMEMETALBITSB.BLP,m2-embedded-path,WORLD\GENERIC\GNOME\PASSIVE DOODADS\BUCKETS\GNOMEBUCKET05.m2,44876,EF08C595024625A4F6D7CA222C93D13D4DC0EA23,D:\Sirus\_client\World of Warcraft Sirus\Risen_Depths_Extract_2026-10-04\AssetClosure\ByArchive\common.mpq\WORLD\GENERIC\GNOME\PASSIVE DOODADS\BUCKETS\TJ_GNOMEMETALBITSB.BLP
1,common.mpq,WORLD\GENERIC\HUMAN\PASSIVE DOODADS\ANCHOR\DEADMINEANCHOR00.skin,m2-skin-profile,WORLD\GENERIC\HUMAN\PASSIVE DOODADS\ANCHOR\DEADMINEANCHOR.m2,1712,538CC1AA670EA59E3545B066614089BECD3234EE,D:\Sirus\_client\World of Warcraft Sirus\Risen_Depths_Extract_2026-10-04\AssetClosure\ByArchive\common.mpq\WORLD\GENERIC\HUMAN\PASSIVE DOODADS\ANCHOR\DEADMINEANCHOR00.skin
1,common.mpq,World\Generic\Undead\Passive Doodads\Bell\AnchorMetal.blp,m2-embedded-path,WORLD\GENERIC\HUMAN\PASSIVE DOODADS\ANCHOR\DEADMINEANCHOR.m2,6652,92E33E735132D5724ADAE77DD82AC29087501EB8,D:\Sirus\_client\World of Warcraft Sirus\Risen_Depths_Extract_2026-10-04\AssetClosure\ByArchive\common.mpq\World\Generic\Undead\Passive Doodads\Bell\AnchorMetal.blp
1,common.mpq,World\Generic\Human\Passive Doodads\Anchor\DredgeChain.blp,m2-embedded-path,WORLD\GENERIC\HUMAN\PASSIVE DOODADS\ANCHOR\DEADMINEANCHOR.m2,3940,A8922FFF99EEAAA7D07714C41151103B1ADAD7D0,D:\Sirus\_client\World of Warcraft Sirus\Risen_Depths_Extract_2026-10-04\AssetClosure\ByArchive\common.mpq\World\Generic\Human\Passive Doodads\Anchor\DredgeChain.blp
1,common.mpq,WORLD\GENERIC\HUMAN\PASSIVE DOODADS\ANIMALHEADS\STUFFEDFRENZY00.skin,m2-skin-profile,WORLD\GENERIC\HUMAN\PASSIVE DOODADS\ANIMALHEADS\STUFFEDFRENZY.m2,2976,4455CF9E43F69086183C5BDA166F2ADF1609732E,D:\Sirus\_client\World of Warcraft Sirus\Risen_Depths_Extract_2026-10-04\AssetClosure\ByArchive\common.mpq\WORLD\GENERIC\HUMAN\PASSIVE DOODADS\ANIMALHEADS\STUFFEDFRENZY00.skin
1,common.mpq,CREATURE\FRENZY\FRENZYSKINBLUE.BLP,m2-embedded-path,WORLD\GENERIC\HUMAN\PASSIVE DOODADS\ANIMALHEADS\STUFFEDFRENZY.m2,88580,9B90DA86E1A9A380F7523420071F577AEEC66536,D:\Sirus\_client\World of Warcraft Sirus\Risen_Depths_Extract_2026-10-04\AssetClosure\ByArchive\common.mpq\CREATURE\FRENZY\FRENZYSKINBLUE.BLP
1,common.mpq,WORLD\LORDAERON\ARATHI\PASSIVEDOODADS\TREES\ARATHISTUMP01.BLP,m2-embedded-path,WORLD\GENERIC\HUMAN\PASSIVE DOODADS\ANIMALHEADS\STUFFEDFRENZY.m2,23036,BE57E2BB14A6702D2C7ABF58E4A5EDC64579A9A7,D:\Sirus\_client\World of Warcraft Sirus\Risen_Depths_Extract_2026-10-04\AssetClosure\ByArchive\common.mpq\WORLD\LORDAERON\ARATHI\PASSIVEDOODADS\TREES\ARATHISTUMP01.BLP
1,common.mpq,WORLD\GENERIC\HUMAN\PASSIVE DOODADS\ARTWORK\STORMWINDPAINTING0400.skin,m2-skin-profile,WORLD\GENERIC\HUMAN\PASSIVE DOODADS\ARTWORK\STORMWINDPAINTING04.m2,480,A23A5492B43B96E54F2518DE14B8C2A49484164E,D:\Sirus\_client\World of Warcraft Sirus\Risen_Depths_Extract_2026-10-04\AssetClosure\ByArchive\common.mpq\WORLD\GENERIC\HUMAN\PASSIVE DOODADS\ARTWORK\STORMWINDPAINTING0400.skin
1,common.mpq,WORLD\GENERIC\HUMAN\PASSIVE DOODADS\ARTWORK\ZULAMANPAINTING.BLP,m2-embedded-path,WORLD\GENERIC\HUMAN\PASSIVE DOODADS\ARTWORK\STORMWINDPAINTING04.m2,44876,8065B5322032056BBD51A99EC287F591FBE639E2,D:\Sirus\_client\World of Warcraft Sirus\Risen_Depths_Extract_2026-10-04\AssetClosure\ByArchive\common.mpq\WORLD\GENERIC\HUMAN\PASSIVE DOODADS\ARTWORK\ZULAMANPAINTING.BLP
1,common.mpq,WORLD\GENERIC\HUMAN\PASSIVE DOODADS\BEERKEGS\BEERKEG0100.skin,m2-skin-profile,WORLD\GENERIC\HUMAN\PASSIVE DOODADS\BEERKEGS\BEERKEG01.m2,4560,A129959A4041D78CE69EE4CDCF908B5FB273312A,D:\Sirus\_client\World of Warcraft Sirus\Risen_Depths_Extract_2026-10-04\AssetClosure\ByArchive\common.mpq\WORLD\GENERIC\HUMAN\PASSIVE DOODADS\BEERKEGS\BEERKEG0100.skin
1,common.mpq,World\Generic\Human\Passive Doodads\BeerKegs\BeerKegCombo.blp,m2-embedded-path,WORLD\GENERIC\HUMAN\PASSIVE DOODADS\BEERKEGS\BEERKEG01.m2 | WORLD\GENERIC\HUMAN\PASSIVE DOODADS\BEERKEGS\BEERKEG02.m2,44876,1AF9FB60002C3F9D67DBF7C6FB1E705EE4BA5E19,D:\Sirus\_client\World of Warcraft Sirus\Risen_Depths_Extract_2026-10-04\AssetClosure\ByArchive\common.mpq\World\Generic\Human\Passive Doodads\BeerKegs\BeerKegCombo.blp
1,common.mpq,WORLD\GENERIC\HUMAN\PASSIVE DOODADS\BEERKEGS\BEERKEG0200.skin,m2-skin-profile,WORLD\GENERIC\HUMAN\PASSIVE DOODADS\BEERKEGS\BEERKEG02.m2,3904,79B22AC7405B272950D80628FEED490F9848C085,D:\Sirus\_client\World of Warcraft Sirus\Risen_Depths_Extract_2026-10-04\AssetClosure\ByArchive\common.mpq\WORLD\GENERIC\HUMAN\PASSIVE DOODADS\BEERKEGS\BEERKEG0200.skin
1,common.mpq,WORLD\GENERIC\HUMAN\PASSIVE DOODADS\BOOKS\BOOKMEDIUM0500.skin,m2-skin-profile,WORLD\GENERIC\HUMAN\PASSIVE DOODADS\BOOKS\BOOKMEDIUM05.m2,624,0098B8F2158D6CA8537F10DACDF190BA172080A2,D:\Sirus\_client\World of Warcraft Sirus\Risen_Depths_Extract_2026-10-04\AssetClosure\ByArchive\common.mpq\WORLD\GENERIC\HUMAN\PASSIVE DOODADS\BOOKS\BOOKMEDIUM0500.skin
1,common.mpq,World\Generic\Human\Passive Doodads\Books\Books.blp,m2-embedded-path,WORLD\GENERIC\HUMAN\PASSIVE DOODADS\BOOKS\BOOKMEDIUM05.m2 | WORLD\GENERIC\HUMAN\PASSIVE DOODADS\BOOKS\BOOKSMALLOPEN02.m2,44876,9927E8C60972FA21C193E11DE040CDF9F59B6E34,D:\Sirus\_client\World of Warcraft Sirus\Risen_Depths_Extract_2026-10-04\AssetClosure\ByArchive\common.mpq\World\Generic\Human\Passive Doodads\Books\Books.blp
1,common.mpq,WORLD\GENERIC\HUMAN\PASSIVE DOODADS\BOOKS\BOOKSMALLOPEN0200.skin,m2-skin-profile,WORLD\GENERIC\HUMAN\PASSIVE DOODADS\BOOKS\BOOKSMALLOPEN02.m2,752,DE2793ECBD5E89E57A884394B6DBE4A87DAA16C0,D:\Sirus\_client\World of Warcraft Sirus\Risen_Depths_Extract_2026-10-04\AssetClosure\ByArchive\common.mpq\WORLD\GENERIC\HUMAN\PASSIVE DOODADS\BOOKS\BOOKSMALLOPEN0200.skin
1,common.mpq,WORLD\GENERIC\HUMAN\PASSIVE DOODADS\BOTTLES\GREENBOTTLE0200.skin,m2-skin-profile,WORLD\GENERIC\HUMAN\PASSIVE DOODADS\BOTTLES\GREENBOTTLE02.m2,864,629893ECAD3840A032E9104989141331FD85263D,D:\Sirus\_client\World of Warcraft Sirus\Risen_Depths_Extract_2026-10-04\AssetClosure\ByArchive\common.mpq\WORLD\GENERIC\HUMAN\PASSIVE DOODADS\BOTTLES\GREENBOTTLE0200.skin
1,common.mpq,WORLD\AZEROTH\ELWYNN\BUILDINGS\DISTILLERY\WINEBARREL_SIDE.BLP,m2-embedded-path,WORLD\GENERIC\HUMAN\PASSIVE DOODADS\BOTTLES\GREENBOTTLE02.m2,6652,8B47931D8B51127F934247F0D1AD82BD8D2CB649,D:\Sirus\_client\World of Warcraft Sirus\Risen_Depths_Extract_2026-10-04\AssetClosure\ByArchive\common.mpq\WORLD\AZEROTH\ELWYNN\BUILDINGS\DISTILLERY\WINEBARREL_SIDE.BLP
1,common.mpq,WORLD\GENERIC\GOBLIN\PASSIVEDOODADS\GOBLINMACHINERY\BOTTLEGREEN.BLP,m2-embedded-path,WORLD\GENERIC\HUMAN\PASSIVE DOODADS\BOTTLES\GREENBOTTLE02.m2,2556,FCA47EA150746644ED0B9907CD30E17FCD4A803F,D:\Sirus\_client\World of Warcraft Sirus\Risen_Depths_Extract_2026-10-04\AssetClosure\ByArchive\common.mpq\WORLD\GENERIC\GOBLIN\PASSIVEDOODADS\GOBLINMACHINERY\BOTTLEGREEN.BLP
1,common.mpq,WORLD\GENERIC\HUMAN\PASSIVE DOODADS\BUCKETS\BUCKET00.skin,m2-skin-profile,WORLD\GENERIC\HUMAN\PASSIVE DOODADS\BUCKETS\BUCKET.m2,1552,3284D7A84E2EF530AC5DB27E9C6933F496DF1801,D:\Sirus\_client\World of Warcraft Sirus\Risen_Depths_Extract_2026-10-04\AssetClosure\ByArchive\common.mpq\WORLD\GENERIC\HUMAN\PASSIVE DOODADS\BUCKETS\BUCKET00.skin
1,common.mpq,WORLD\GENERIC\HUMAN\PASSIVE DOODADS\GLOBES\POTBELLYSTOVE COPY.BLP,m2-embedded-path,WORLD\GENERIC\HUMAN\PASSIVE DOODADS\BUCKETS\BUCKET.m2,12108,158573FF7E9220B7DA59E9F6EC367871BC00A298,D:\Sirus\_client\World of Warcraft Sirus\Risen_Depths_Extract_2026-10-04\AssetClosure\ByArchive\common.mpq\WORLD\GENERIC\HUMAN\PASSIVE DOODADS\GLOBES\POTBELLYSTOVE COPY.BLP
1,common.mpq,WORLD\GENERIC\HUMAN\PASSIVE DOODADS\BUCKETS\DESK.BLP,m2-embedded-path,WORLD\GENERIC\HUMAN\PASSIVE DOODADS\BUCKETS\BUCKET.m2 | WORLD\GENERIC\HUMAN\PASSIVE DOODADS\MOPS\MOP.m2,44876,4E599F84F5C3FDB721DC3F87F9B08757B9A25869,D:\Sirus\_client\World of Warcraft Sirus\Risen_Depths_Extract_2026-10-04\AssetClosure\ByArchive\common.mpq\WORLD\GENERIC\HUMAN\PASSIVE DOODADS\BUCKETS\DESK.BLP
1,common.mpq,WORLD\GENERIC\HUMAN\PASSIVE DOODADS\CANNON\CANNON0100.skin,m2-skin-profile,WORLD\GENERIC\HUMAN\PASSIVE DOODADS\CANNON\CANNON01.m2,3120,437007DA52BB553783C1116DFA92430307FB3FD9,D:\Sirus\_client\World of Warcraft Sirus\Risen_Depths_Extract_2026-10-04\AssetClosure\ByArchive\common.mpq\WORLD\GENERIC\HUMAN\PASSIVE DOODADS\CANNON\CANNON0100.skin
1,common.mpq,WORLD\GENERIC\HUMAN\PASSIVE DOODADS\CANNON\DEADMINESCANNON01.BLP,m2-embedded-path,WORLD\GENERIC\HUMAN\PASSIVE DOODADS\CANNON\CANNON01.m2,44876,0467ACCA4658D47B545523D32478FC9D2E0A806A,D:\Sirus\_client\World of Warcraft Sirus\Risen_Depths_Extract_2026-10-04\AssetClosure\ByArchive\common.mpq\WORLD\GENERIC\HUMAN\PASSIVE DOODADS\CANNON\DEADMINESCANNON01.BLP
1,common.mpq,WORLD\GENERIC\HUMAN\PASSIVE DOODADS\CARGONETBOXES\DEADMINECARGONETBOXES00.skin,m2-skin-profile,WORLD\GENERIC\HUMAN\PASSIVE DOODADS\CARGONETBOXES\DEADMINECARGONETBOXES.m2,2720,77704E32CEB376CF59827156CBCA1B816F5C7661,D:\Sirus\_client\World of Warcraft Sirus\Risen_Depths_Extract_2026-10-04\AssetClosure\ByArchive\common.mpq\WORLD\GENERIC\HUMAN\PASSIVE DOODADS\CARGONETBOXES\DEADMINECARGONETBOXES00.skin
1,common.mpq,World\Generic\Tauren\Passive Doodads\TaurenTravois\DeadMineNetsWood.blp,m2-embedded-path,WORLD\GENERIC\HUMAN\PASSIVE DOODADS\CARGONETBOXES\DEADMINECARGONETBOXES.m2,2556,26170159D592B08570C8739996A85D57013EE0D8,D:\Sirus\_client\World of Warcraft Sirus\Risen_Depths_Extract_2026-10-04\AssetClosure\ByArchive\common.mpq\World\Generic\Tauren\Passive Doodads\TaurenTravois\DeadMineNetsWood.blp
1,common.mpq,World\Generic\Tauren\Passive Doodads\TaurenTravois\DeadMineFloorNets4.blp,m2-embedded-path,WORLD\GENERIC\HUMAN\PASSIVE DOODADS\CARGONETBOXES\DEADMINECARGONETBOXES.m2 | WORLD\GENERIC\HUMAN\PASSIVE DOODADS\CARGONETS\DEADMINECARGONET01.m2 | WORLD\GENERIC\HUMAN\PASSIVE DOODADS\CARGONETS\DEADMINECARGONET02.m2 | WORLD\GENERIC\HUMAN\PASSIVE DOODADS\CARGONETS\DEADMINECARGONETLARGE.m2,23036,05FAC12EB99434A3A32A3949E1836B9EFF038DDD,D:\Sirus\_client\World of Warcraft Sirus\Risen_Depths_Extract_2026-10-04\AssetClosure\ByArchive\common.mpq\World\Generic\Tauren\Passive Doodads\TaurenTravois\DeadMineFloorNets4.blp
1,common.mpq,WORLD\GENERIC\HUMAN\PASSIVE DOODADS\CARGONETS\DEADMINECARGONET0100.skin,m2-skin-profile,WORLD\GENERIC\HUMAN\PASSIVE DOODADS\CARGONETS\DEADMINECARGONET01.m2,272,A809E45B82BF96EE9C734C5174351490365A9B82,D:\Sirus\_client\World of Warcraft Sirus\Risen_Depths_Extract_2026-10-04\AssetClosure\ByArchive\common.mpq\WORLD\GENERIC\HUMAN\PASSIVE DOODADS\CARGONETS\DEADMINECARGONET0100.skin
1,common.mpq,WORLD\GENERIC\HUMAN\PASSIVE DOODADS\CARGONETS\DEADMINECARGONET0200.skin,m2-skin-profile,WORLD\GENERIC\HUMAN\PASSIVE DOODADS\CARGONETS\DEADMINECARGONET02.m2,416,B1131AF72E258CAEF8841FB09D6F516530E0AE42,D:\Sirus\_client\World of Warcraft Sirus\Risen_Depths_Extract_2026-10-04\AssetClosure\ByArchive\common.mpq\WORLD\GENERIC\HUMAN\PASSIVE DOODADS\CARGONETS\DEADMINECARGONET0200.skin
1,common.mpq,WORLD\GENERIC\HUMAN\PASSIVE DOODADS\CARGONETS\DEADMINECARGONETHANG00.skin,m2-skin-profile,WORLD\GENERIC\HUMAN\PASSIVE DOODADS\CARGONETS\DEADMINECARGONETHANG.m2,3056,9A54AFA69EFADB1BCFA437B3416BDCE7249580CE,D:\Sirus\_client\World of Warcraft Sirus\Risen_Depths_Extract_2026-10-04\AssetClosure\ByArchive\common.mpq\WORLD\GENERIC\HUMAN\PASSIVE DOODADS\CARGONETS\DEADMINECARGONETHANG00.skin
1,common.mpq,WORLD\GENERIC\GOBLIN\PASSIVEDOODADS\GOBLINMACHINERY\DEADMINEHANGNETS.BLP,m2-embedded-path,WORLD\GENERIC\HUMAN\PASSIVE DOODADS\CARGONETS\DEADMINECARGONETHANG.m2 | WORLD\GENERIC\HUMAN\PASSIVE DOODADS\CARGONETS\DEADMINECARGONETHANGSHORT.m2,44900,072391868F4EC6AEC73E044E5217862BB4921845,D:\Sirus\_client\World of Warcraft Sirus\Risen_Depths_Extract_2026-10-04\AssetClosure\ByArchive\common.mpq\WORLD\GENERIC\GOBLIN\PASSIVEDOODADS\GOBLINMACHINERY\DEADMINEHANGNETS.BLP
1,common.mpq,WORLD\GENERIC\HUMAN\PASSIVE DOODADS\CARGONETS\DEADMINEHANGNETS02.BLP,m2-embedded-path,WORLD\GENERIC\HUMAN\PASSIVE DOODADS\CARGONETS\DEADMINECARGONETHANG.m2 | WORLD\GENERIC\HUMAN\PASSIVE DOODADS\CARGONETS\DEADMINECARGONETHANGSHORT.m2,23044,B16DAF46C9211731FD004D86B521ACB90C4B0DC1,D:\Sirus\_client\World of Warcraft Sirus\Risen_Depths_Extract_2026-10-04\AssetClosure\ByArchive\common.mpq\WORLD\GENERIC\HUMAN\PASSIVE DOODADS\CARGONETS\DEADMINEHANGNETS02.BLP
1,common.mpq,WORLD\GENERIC\HUMAN\PASSIVE DOODADS\CARGONETS\DEADMINECARGONETHANGSHORT00.skin,m2-skin-profile,WORLD\GENERIC\HUMAN\PASSIVE DOODADS\CARGONETS\DEADMINECARGONETHANGSHORT.m2,1360,E3339538C554B41D450E63493FF6A970B0D7EC89,D:\Sirus\_client\World of Warcraft Sirus\Risen_Depths_Extract_2026-10-04\AssetClosure\ByArchive\common.mpq\WORLD\GENERIC\HUMAN\PASSIVE DOODADS\CARGONETS\DEADMINECARGONETHANGSHORT00.skin
1,common.mpq,WORLD\GENERIC\HUMAN\PASSIVE DOODADS\CARGONETS\DEADMINECARGONETLARGE00.skin,m2-skin-profile,WORLD\GENERIC\HUMAN\PASSIVE DOODADS\CARGONETS\DEADMINECARGONETLARGE.m2,448,BF4812573854545721C1A8FDC085AA0A3FE44155,D:\Sirus\_client\World of Warcraft Sirus\Risen_Depths_Extract_2026-10-04\AssetClosure\ByArchive\common.mpq\WORLD\GENERIC\HUMAN\PASSIVE DOODADS\CARGONETS\DEADMINECARGONETLARGE00.skin
1,common.mpq,WORLD\GENERIC\HUMAN\PASSIVE DOODADS\CAULDRONS\CAULDRONEMPTY00.skin,m2-skin-profile,WORLD\GENERIC\HUMAN\PASSIVE DOODADS\CAULDRONS\CAULDRONEMPTY.m2,2048,E7C020CE00DE15A89EAC9184EAF09D38FB371E6A,D:\Sirus\_client\World of Warcraft Sirus\Risen_Depths_Extract_2026-10-04\AssetClosure\ByArchive\common.mpq\WORLD\GENERIC\HUMAN\PASSIVE DOODADS\CAULDRONS\CAULDRONEMPTY00.skin
1,common.mpq,WORLD\GENERIC\HUMAN\PASSIVE DOODADS\CAULDRONS\CAULDRONPOT05.BLP,m2-embedded-path,WORLD\GENERIC\HUMAN\PASSIVE DOODADS\CAULDRONS\CAULDRONEMPTY.m2,12108,B3A5EC951859A94F3AC88DA4D9B054309B6303A7,D:\Sirus\_client\World of Warcraft Sirus\Risen_Depths_Extract_2026-10-04\AssetClosure\ByArchive\common.mpq\WORLD\GENERIC\HUMAN\PASSIVE DOODADS\CAULDRONS\CAULDRONPOT05.BLP
1,common.mpq,WORLD\GENERIC\HUMAN\PASSIVE DOODADS\CHAIRS\GENERALCHAIRLOEND0100.skin,m2-skin-profile,WORLD\GENERIC\HUMAN\PASSIVE DOODADS\CHAIRS\GENERALCHAIRLOEND01.m2,1088,C3C8E219E87769D0855356E7DE6F62CF1164D7B9,D:\Sirus\_client\World of Warcraft Sirus\Risen_Depths_Extract_2026-10-04\AssetClosure\ByArchive\common.mpq\WORLD\GENERIC\HUMAN\PASSIVE DOODADS\CHAIRS\GENERALCHAIRLOEND0100.skin
1,common.mpq,WORLD\GENERIC\HUMAN\PASSIVE DOODADS\CHAIRS\WOODCHAIR01.BLP,m2-embedded-path,WORLD\GENERIC\HUMAN\PASSIVE DOODADS\CHAIRS\GENERALCHAIRLOEND01.m2,3916,B031444B9C1406B9432251583DDE1D131CF27E38,D:\Sirus\_client\World of Warcraft Sirus\Risen_Depths_Extract_2026-10-04\AssetClosure\ByArchive\common.mpq\WORLD\GENERIC\HUMAN\PASSIVE DOODADS\CHAIRS\WOODCHAIR01.BLP
1,common.mpq,WORLD\GENERIC\HUMAN\PASSIVE DOODADS\CRATES\REPLACECRATE0100.skin,m2-skin-profile,WORLD\GENERIC\HUMAN\PASSIVE DOODADS\CRATES\REPLACECRATE01.m2,336,14875D032EC91EE0C123EA08F402B1C18010CC2F,D:\Sirus\_client\World of Warcraft Sirus\Risen_Depths_Extract_2026-10-04\AssetClosure\ByArchive\common.mpq\WORLD\GENERIC\HUMAN\PASSIVE DOODADS\CRATES\REPLACECRATE0100.skin
1,common.mpq,DUNGEONS\TEXTURES\DOODADS\STORMWINDCRATE01.BLP,m2-embedded-path,WORLD\GENERIC\HUMAN\PASSIVE DOODADS\CRATES\REPLACECRATE01.m2 | WORLD\GENERIC\HUMAN\PASSIVE DOODADS\CRATES\STORMWINDCRATE01.m2 | WORLD\GENERIC\PASSIVEDOODADS\FLOATINGDEBRIS\FLOATINGCRATE01.m2,12108,6316F58C321A9AA8FC7B7EAFAA9D60EE8E18FE8B,D:\Sirus\_client\World of Warcraft Sirus\Risen_Depths_Extract_2026-10-04\AssetClosure\ByArchive\common.mpq\DUNGEONS\TEXTURES\DOODADS\STORMWINDCRATE01.BLP
1,common.mpq,WORLD\GENERIC\HUMAN\PASSIVE DOODADS\CRATES\STORMWINDCRATE0100.skin,m2-skin-profile,WORLD\GENERIC\HUMAN\PASSIVE DOODADS\CRATES\STORMWINDCRATE01.m2,336,9155C0D78999BE0CF160ADB13409B41B168E7CB0,D:\Sirus\_client\World of Warcraft Sirus\Risen_Depths_Extract_2026-10-04\AssetClosure\ByArchive\common.mpq\WORLD\GENERIC\HUMAN\PASSIVE DOODADS\CRATES\STORMWINDCRATE0100.skin
1,common.mpq,WORLD\GENERIC\HUMAN\PASSIVE DOODADS\DEADMINEPOWDERKEG\DEADMINEPOWDERKEG00.skin,m2-skin-profile,WORLD\GENERIC\HUMAN\PASSIVE DOODADS\DEADMINEPOWDERKEG\DEADMINEPOWDERKEG.m2,704,111D5B826494ACAB19A87E2C8A1E717CB8A7C0F2,D:\Sirus\_client\World of Warcraft Sirus\Risen_Depths_Extract_2026-10-04\AssetClosure\ByArchive\common.mpq\WORLD\GENERIC\HUMAN\PASSIVE DOODADS\DEADMINEPOWDERKEG\DEADMINEPOWDERKEG00.skin
1,common.mpq,World\Generic\Human\Passive Doodads\DeadMinePowderKeg\PowderKeg.blp,m2-embedded-path,WORLD\GENERIC\HUMAN\PASSIVE DOODADS\DEADMINEPOWDERKEG\DEADMINEPOWDERKEG.m2,12132,2EBB0C79AEF7A1F0EA5F8F55AB0458AFCEEF2810,D:\Sirus\_client\World of Warcraft Sirus\Risen_Depths_Extract_2026-10-04\AssetClosure\ByArchive\common.mpq\World\Generic\Human\Passive Doodads\DeadMinePowderKeg\PowderKeg.blp
1,common.mpq,WORLD\GENERIC\HUMAN\PASSIVE DOODADS\FOOD&UTENSILS\KITCHENKNIFE0100.skin,m2-skin-profile,WORLD\GENERIC\HUMAN\PASSIVE DOODADS\FOOD&UTENSILS\KITCHENKNIFE01.m2,608,B1BFD760FA329823E96E2650F80AE3ADF8A47E0C,D:\Sirus\_client\World of Warcraft Sirus\Risen_Depths_Extract_2026-10-04\AssetClosure\ByArchive\common.mpq\WORLD\GENERIC\HUMAN\PASSIVE DOODADS\FOOD&UTENSILS\KITCHENKNIFE0100.skin
1,common.mpq,WORLD\GENERIC\HUMAN\PASSIVE DOODADS\LANTERNS\GENERALLANTERN0100.skin,m2-skin-profile,WORLD\GENERIC\HUMAN\PASSIVE DOODADS\LANTERNS\GENERALLANTERN01.m2,1344,E9D9F6A45F632C4A26E83F9A64EABADD40BBFC7A,D:\Sirus\_client\World of Warcraft Sirus\Risen_Depths_Extract_2026-10-04\AssetClosure\ByArchive\common.mpq\WORLD\GENERIC\HUMAN\PASSIVE DOODADS\LANTERNS\GENERALLANTERN0100.skin
1,common.mpq,WORLD\AZEROTH\BOOTYBAY\PASSIVEDOODAD\BOOTYENTRANCE\GYPSYDOOR_01.BLP,m2-embedded-path,WORLD\GENERIC\HUMAN\PASSIVE DOODADS\LANTERNS\GENERALLANTERN01.m2,44876,58B7D72AFAB3318A2B6F133EB16862DDEE604830,D:\Sirus\_client\World of Warcraft Sirus\Risen_Depths_Extract_2026-10-04\AssetClosure\ByArchive\common.mpq\WORLD\AZEROTH\BOOTYBAY\PASSIVEDOODAD\BOOTYENTRANCE\GYPSYDOOR_01.BLP
1,common.mpq,WORLD\AZEROTH\BOOTYBAY\PASSIVEDOODAD\BOOTYENTRANCE\ELWYNNLANTERN01.BLP,m2-embedded-path,WORLD\GENERIC\HUMAN\PASSIVE DOODADS\LANTERNS\GENERALLANTERN01.m2,2556,01651B10888C568A994CEAE041BDDFBCCE29D181,D:\Sirus\_client\World of Warcraft Sirus\Risen_Depths_Extract_2026-10-04\AssetClosure\ByArchive\common.mpq\WORLD\AZEROTH\BOOTYBAY\PASSIVEDOODAD\BOOTYENTRANCE\ELWYNNLANTERN01.BLP
1,common.mpq,WORLD\GENERIC\HUMAN\PASSIVE DOODADS\LUMBERPILES\DEADMINELUMBERPILESMALL00.skin,m2-skin-profile,WORLD\GENERIC\HUMAN\PASSIVE DOODADS\LUMBERPILES\DEADMINELUMBERPILESMALL.m2,784,DAF05180F167B146C6864E9909B8B0FA4DDFF1D3,D:\Sirus\_client\World of Warcraft Sirus\Risen_Depths_Extract_2026-10-04\AssetClosure\ByArchive\common.mpq\WORLD\GENERIC\HUMAN\PASSIVE DOODADS\LUMBERPILES\DEADMINELUMBERPILESMALL00.skin
1,common.mpq,World\Generic\Human\Passive Doodads\LumberPiles\LumberPile01.blp,m2-embedded-path,WORLD\GENERIC\HUMAN\PASSIVE DOODADS\LUMBERPILES\DEADMINELUMBERPILESMALL.m2,23036,F7A0160E984ECB02B2975241DD9B2990F8AF82D5,D:\Sirus\_client\World of Warcraft Sirus\Risen_Depths_Extract_2026-10-04\AssetClosure\ByArchive\common.mpq\World\Generic\Human\Passive Doodads\LumberPiles\LumberPile01.blp
1,common.mpq,WORLD\GENERIC\HUMAN\PASSIVE DOODADS\MEAT\BLOODYMEAT0100.skin,m2-skin-profile,WORLD\GENERIC\HUMAN\PASSIVE DOODADS\MEAT\BLOODYMEAT01.m2,2320,12CB0303D58022722C668B7408C441AD9EF5735E,D:\Sirus\_client\World of Warcraft Sirus\Risen_Depths_Extract_2026-10-04\AssetClosure\ByArchive\common.mpq\WORLD\GENERIC\HUMAN\PASSIVE DOODADS\MEAT\BLOODYMEAT0100.skin
1,common.mpq,WORLD\GENERIC\HUMAN\PASSIVE DOODADS\MEAT\ALPHAMEAT02.BLP,m2-embedded-path,WORLD\GENERIC\HUMAN\PASSIVE DOODADS\MEAT\BLOODYMEAT01.m2,23044,D2A63DADFB64AFF59D8202366963AEDBD1357923,D:\Sirus\_client\World of Warcraft Sirus\Risen_Depths_Extract_2026-10-04\AssetClosure\ByArchive\common.mpq\WORLD\GENERIC\HUMAN\PASSIVE DOODADS\MEAT\ALPHAMEAT02.BLP
1,common.mpq,WORLD\GENERIC\HUMAN\PASSIVE DOODADS\MEAT\BLOODYMEAT0200.skin,m2-skin-profile,WORLD\GENERIC\HUMAN\PASSIVE DOODADS\MEAT\BLOODYMEAT02.m2,1888,FC5C7381EB909A280580A31B7DB82F38E462B71F,D:\Sirus\_client\World of Warcraft Sirus\Risen_Depths_Extract_2026-10-04\AssetClosure\ByArchive\common.mpq\WORLD\GENERIC\HUMAN\PASSIVE DOODADS\MEAT\BLOODYMEAT0200.skin
1,common.mpq,WORLD\GENERIC\HUMAN\PASSIVE DOODADS\MOPS\MOP00.skin,m2-skin-profile,WORLD\GENERIC\HUMAN\PASSIVE DOODADS\MOPS\MOP.m2,416,AB7D90CF1FA1A0FED8E571418CDE2CD3100779D9,D:\Sirus\_client\World of Warcraft Sirus\Risen_Depths_Extract_2026-10-04\AssetClosure\ByArchive\common.mpq\WORLD\GENERIC\HUMAN\PASSIVE DOODADS\MOPS\MOP00.skin
1,common.mpq,WORLD\GENERIC\HUMAN\PASSIVE DOODADS\MUGS\MUG0200.skin,m2-skin-profile,WORLD\GENERIC\HUMAN\PASSIVE DOODADS\MUGS\MUG02.m2,1024,D4A2456D85247972B46485354DE2A0E2630381BE,D:\Sirus\_client\World of Warcraft Sirus\Risen_Depths_Extract_2026-10-04\AssetClosure\ByArchive\common.mpq\WORLD\GENERIC\HUMAN\PASSIVE DOODADS\MUGS\MUG0200.skin
1,common.mpq,World\Generic\Human\Passive Doodads\Mugs\mug_004.blp,m2-embedded-path,WORLD\GENERIC\HUMAN\PASSIVE DOODADS\MUGS\MUG02.m2,6652,5FCC915928C9E349F03C8D11B13C4D2F1F9948B5,D:\Sirus\_client\World of Warcraft Sirus\Risen_Depths_Extract_2026-10-04\AssetClosure\ByArchive\common.mpq\World\Generic\Human\Passive Doodads\Mugs\mug_004.blp
1,common.mpq,WORLD\GENERIC\HUMAN\PASSIVE DOODADS\SCROLLS\SCROLLMAP00.skin,m2-skin-profile,WORLD\GENERIC\HUMAN\PASSIVE DOODADS\SCROLLS\SCROLLMAP.m2,272,3BE8FC4BBB717AD628D1F8385AB418BF02382978,D:\Sirus\_client\World of Warcraft Sirus\Risen_Depths_Extract_2026-10-04\AssetClosure\ByArchive\common.mpq\WORLD\GENERIC\HUMAN\PASSIVE DOODADS\SCROLLS\SCROLLMAP00.skin
1,common.mpq,WORLD\GENERIC\HUMAN\PASSIVE DOODADS\SCROLLS\SCROLLMAP.BLP,m2-embedded-path,WORLD\GENERIC\HUMAN\PASSIVE DOODADS\SCROLLS\SCROLLMAP.m2,12132,C5E58AA53270691B7CE7FC57C1F0F68F74C5F2CD,D:\Sirus\_client\World of Warcraft Sirus\Risen_Depths_Extract_2026-10-04\AssetClosure\ByArchive\common.mpq\WORLD\GENERIC\HUMAN\PASSIVE DOODADS\SCROLLS\SCROLLMAP.BLP
1,common.mpq,WORLD\GENERIC\HUMAN\PASSIVE DOODADS\SIGNPOSTS\HUMANSIGNPOST0400.skin,m2-skin-profile,WORLD\GENERIC\HUMAN\PASSIVE DOODADS\SIGNPOSTS\HUMANSIGNPOST04.m2,864,04847C75345F678CE9B2F60A2846F885B8C55131,D:\Sirus\_client\World of Warcraft Sirus\Risen_Depths_Extract_2026-10-04\AssetClosure\ByArchive\common.mpq\WORLD\GENERIC\HUMAN\PASSIVE DOODADS\SIGNPOSTS\HUMANSIGNPOST0400.skin
1,common.mpq,WORLD\GENERIC\HUMAN\PASSIVE DOODADS\SIGNPOSTS\WORNWOODSIGNS01.BLP,m2-embedded-path,WORLD\GENERIC\HUMAN\PASSIVE DOODADS\SIGNPOSTS\HUMANSIGNPOST04.m2,44876,98F39494FC3D4FDC7C794A9651692D8E507A7584,D:\Sirus\_client\World of Warcraft Sirus\Risen_Depths_Extract_2026-10-04\AssetClosure\ByArchive\common.mpq\WORLD\GENERIC\HUMAN\PASSIVE DOODADS\SIGNPOSTS\WORNWOODSIGNS01.BLP
1,common.mpq,WORLD\GENERIC\HUMAN\PASSIVE DOODADS\TABLES\DUSKWOODTABLE0100.skin,m2-skin-profile,WORLD\GENERIC\HUMAN\PASSIVE DOODADS\TABLES\DUSKWOODTABLE01.m2,2528,86F99DA049EC0063FE0A340494DBB37802750998,D:\Sirus\_client\World of Warcraft Sirus\Risen_Depths_Extract_2026-10-04\AssetClosure\ByArchive\common.mpq\WORLD\GENERIC\HUMAN\PASSIVE DOODADS\TABLES\DUSKWOODTABLE0100.skin
1,common.mpq,World\Generic\Human\Passive Doodads\Tables\DuskwoodFurniture01.blp,m2-embedded-path,WORLD\GENERIC\HUMAN\PASSIVE DOODADS\TABLES\DUSKWOODTABLE01.m2,44876,FD49804E2035304414011868817B108B33356777,D:\Sirus\_client\World of Warcraft Sirus\Risen_Depths_Extract_2026-10-04\AssetClosure\ByArchive\common.mpq\World\Generic\Human\Passive Doodads\Tables\DuskwoodFurniture01.blp
1,common.mpq,WORLD\GENERIC\HUMAN\PASSIVE DOODADS\TABLES\INNTABLETINY00.skin,m2-skin-profile,WORLD\GENERIC\HUMAN\PASSIVE DOODADS\TABLES\INNTABLETINY.m2,1216,9F5F917ED43286273456768CA5D62F0EE0F8DB5F,D:\Sirus\_client\World of Warcraft Sirus\Risen_Depths_Extract_2026-10-04\AssetClosure\ByArchive\common.mpq\WORLD\GENERIC\HUMAN\PASSIVE DOODADS\TABLES\INNTABLETINY00.skin
1,common.mpq,DUNGEONS\TEXTURES\WOOD\MM_BEAM_SIDE__01X.BLP,m2-embedded-path,WORLD\GENERIC\HUMAN\PASSIVE DOODADS\TABLES\INNTABLETINY.m2,23036,DC69E2AA485C017C3D016046B3460BF92EE07D41,D:\Sirus\_client\World of Warcraft Sirus\Risen_Depths_Extract_2026-10-04\AssetClosure\ByArchive\common.mpq\DUNGEONS\TEXTURES\WOOD\MM_BEAM_SIDE__01X.BLP
1,common.mpq,WORLD\GENERIC\NIGHTELF\PASSIVE DOODADS\LANTERNS\NIGHTELFLANTERN0100.skin,m2-skin-profile,WORLD\GENERIC\NIGHTELF\PASSIVE DOODADS\LANTERNS\NIGHTELFLANTERN01.m2,2080,3683AFCC2FBC3B6A13E8658F38E4E502792432C3,D:\Sirus\_client\World of Warcraft Sirus\Risen_Depths_Extract_2026-10-04\AssetClosure\ByArchive\common.mpq\WORLD\GENERIC\NIGHTELF\PASSIVE DOODADS\LANTERNS\NIGHTELFLANTERN0100.skin
1,common.mpq,WORLD\GENERIC\NIGHTELF\PASSIVE DOODADS\FOUNTAINS\ELFGATE_STONE01.BLP,m2-embedded-path,WORLD\GENERIC\NIGHTELF\PASSIVE DOODADS\LANTERNS\NIGHTELFLANTERN01.m2 | WORLD\GENERIC\NIGHTELF\PASSIVE DOODADS\STEPPINGSTONES\STEPPINGSTONE01.m2 | WORLD\GENERIC\NIGHTELF\PASSIVE DOODADS\STEPPINGSTONES\STEPPINGSTONE02.m2 | WORLD\GENERIC\NIGHTELF\PASSIVE DOODADS\STONERUNES\KALIDARSTONERUNE01.m2 | WORLD\GENERIC\NIGHTELF\PASSIVE DOODADS\STONERUNES\KALIDARSTONERUNE02.m2 | WORLD\GENERIC\NIGHTELF\PASSIVE DOODADS\STONERUNES\KALIDARSTONERUNE03.m2,44876,2F80E4A248470CDCDEC68614B53B5E09E3E6C9BC,D:\Sirus\_client\World of Warcraft Sirus\Risen_Depths_Extract_2026-10-04\AssetClosure\ByArchive\common.mpq\WORLD\GENERIC\NIGHTELF\PASSIVE DOODADS\FOUNTAINS\ELFGATE_STONE01.BLP
1,common.mpq,WORLD\GENERIC\NIGHTELF\PASSIVE DOODADS\STEPPINGSTONES\STEPPINGSTONE0100.skin,m2-skin-profile,WORLD\GENERIC\NIGHTELF\PASSIVE DOODADS\STEPPINGSTONES\STEPPINGSTONE01.m2,480,A8FF3B676F0C4ECB5A45486D83EB7B5DB3840AA9,D:\Sirus\_client\World of Warcraft Sirus\Risen_Depths_Extract_2026-10-04\AssetClosure\ByArchive\common.mpq\WORLD\GENERIC\NIGHTELF\PASSIVE DOODADS\STEPPINGSTONES\STEPPINGSTONE0100.skin
1,common.mpq,WORLD\GENERIC\NIGHTELF\PASSIVE DOODADS\STEPPINGSTONES\STEPPINGSTONE0200.skin,m2-skin-profile,WORLD\GENERIC\NIGHTELF\PASSIVE DOODADS\STEPPINGSTONES\STEPPINGSTONE02.m2,448,7A97742B358F331D23B0748763CC92E6220EFC6D,D:\Sirus\_client\World of Warcraft Sirus\Risen_Depths_Extract_2026-10-04\AssetClosure\ByArchive\common.mpq\WORLD\GENERIC\NIGHTELF\PASSIVE DOODADS\STEPPINGSTONES\STEPPINGSTONE0200.skin
1,common.mpq,WORLD\GENERIC\NIGHTELF\PASSIVE DOODADS\STONERUNES\KALIDARSTONERUNE0100.skin,m2-skin-profile,WORLD\GENERIC\NIGHTELF\PASSIVE DOODADS\STONERUNES\KALIDARSTONERUNE01.m2,608,3AB7CB07664E452B944213BC29B5E6848432D982,D:\Sirus\_client\World of Warcraft Sirus\Risen_Depths_Extract_2026-10-04\AssetClosure\ByArchive\common.mpq\WORLD\GENERIC\NIGHTELF\PASSIVE DOODADS\STONERUNES\KALIDARSTONERUNE0100.skin
1,common.mpq,WORLD\GENERIC\NIGHTELF\PASSIVE DOODADS\STONERUNES\KALIDARSTONERUNE0200.skin,m2-skin-profile,WORLD\GENERIC\NIGHTELF\PASSIVE DOODADS\STONERUNES\KALIDARSTONERUNE02.m2,608,4CDF22F636668A76EE9F88CDD4DF741B0D44C9CA,D:\Sirus\_client\World of Warcraft Sirus\Risen_Depths_Extract_2026-10-04\AssetClosure\ByArchive\common.mpq\WORLD\GENERIC\NIGHTELF\PASSIVE DOODADS\STONERUNES\KALIDARSTONERUNE0200.skin
1,common.mpq,WORLD\GENERIC\NIGHTELF\PASSIVE DOODADS\STONERUNES\KALIDARSTONERUNE0300.skin,m2-skin-profile,WORLD\GENERIC\NIGHTELF\PASSIVE DOODADS\STONERUNES\KALIDARSTONERUNE03.m2,944,F834947536884D90868EC429D7B0693E55FBDEEB,D:\Sirus\_client\World of Warcraft Sirus\Risen_Depths_Extract_2026-10-04\AssetClosure\ByArchive\common.mpq\WORLD\GENERIC\NIGHTELF\PASSIVE DOODADS\STONERUNES\KALIDARSTONERUNE0300.skin
1,common.mpq,WORLD\GENERIC\OGRE\PASSIVE DOODADS\TORCHES\OGREWALLTORCH00.skin,m2-skin-profile,WORLD\GENERIC\OGRE\PASSIVE DOODADS\TORCHES\OGREWALLTORCH.m2,992,9E4007CD1A1ADF518E93891E960E0768CD93094A,D:\Sirus\_client\World of Warcraft Sirus\Risen_Depths_Extract_2026-10-04\AssetClosure\ByArchive\common.mpq\WORLD\GENERIC\OGRE\PASSIVE DOODADS\TORCHES\OGREWALLTORCH00.skin
1,common.mpq,WORLD\GENERIC\OGRE\PASSIVE DOODADS\TORCHES\OGRETORCH03.BLP,m2-embedded-path,WORLD\GENERIC\OGRE\PASSIVE DOODADS\TORCHES\OGREWALLTORCH.m2,23036,34C6E757AAB2B7BFB0031A118DE5D153725C3215,D:\Sirus\_client\World of Warcraft Sirus\Risen_Depths_Extract_2026-10-04\AssetClosure\ByArchive\common.mpq\WORLD\GENERIC\OGRE\PASSIVE DOODADS\TORCHES\OGRETORCH03.BLP
1,common.mpq,CREATURE\FIREELEMENTAL\EMBER.BLP,m2-embedded-path,WORLD\GENERIC\OGRE\PASSIVE DOODADS\TORCHES\OGREWALLTORCH.m2,1356,D748B053477C9D2B5E685EB059285E522B45D78D,D:\Sirus\_client\World of Warcraft Sirus\Risen_Depths_Extract_2026-10-04\AssetClosure\ByArchive\common.mpq\CREATURE\FIREELEMENTAL\EMBER.BLP
1,common.mpq,WORLD\GENERIC\ORC\PASSIVE DOODADS\BARRELSANDCRATES\ORCCRATE0100.skin,m2-skin-profile,WORLD\GENERIC\ORC\PASSIVE DOODADS\BARRELSANDCRATES\ORCCRATE01.m2,960,1D72072D1850F4667ADD30B2051F598654B16CF7,D:\Sirus\_client\World of Warcraft Sirus\Risen_Depths_Extract_2026-10-04\AssetClosure\ByArchive\common.mpq\WORLD\GENERIC\ORC\PASSIVE DOODADS\BARRELSANDCRATES\ORCCRATE0100.skin
1,common.mpq,World\Generic\Orc\Passive Doodads\BarrelsandCrates\OrcCrate01.blp,m2-embedded-path,WORLD\GENERIC\ORC\PASSIVE DOODADS\BARRELSANDCRATES\ORCCRATE01.m2,44876,28B35604F04E053971ECDE1A370B1CAE2B01851B,D:\Sirus\_client\World of Warcraft Sirus\Risen_Depths_Extract_2026-10-04\AssetClosure\ByArchive\common.mpq\World\Generic\Orc\Passive Doodads\BarrelsandCrates\OrcCrate01.blp
1,common.mpq,WORLD\GENERIC\ORC\PASSIVE DOODADS\BARRELSANDCRATES\ORCCRATE0300.skin,m2-skin-profile,WORLD\GENERIC\ORC\PASSIVE DOODADS\BARRELSANDCRATES\ORCCRATE03.m2,400,472CAF0DB5044FD8858A549ABFEC738510DAB7E4,D:\Sirus\_client\World of Warcraft Sirus\Risen_Depths_Extract_2026-10-04\AssetClosure\ByArchive\common.mpq\WORLD\GENERIC\ORC\PASSIVE DOODADS\BARRELSANDCRATES\ORCCRATE0300.skin
1,common.mpq,World\Generic\Orc\Passive Doodads\BarrelsandCrates\OrcCrate07.blp,m2-embedded-path,WORLD\GENERIC\ORC\PASSIVE DOODADS\BARRELSANDCRATES\ORCCRATE03.m2 | WORLD\GENERIC\ORC\PASSIVE DOODADS\BARRELSANDCRATES\ORCCRATE03_FLOATING.m2,12108,88543737A19178E7DE0A3205B6E6E467D72CBC03,D:\Sirus\_client\World of Warcraft Sirus\Risen_Depths_Extract_2026-10-04\AssetClosure\ByArchive\common.mpq\World\Generic\Orc\Passive Doodads\BarrelsandCrates\OrcCrate07.blp
1,common.mpq,WORLD\GENERIC\ORC\PASSIVE DOODADS\BARRELSANDCRATES\ORCCRATE0700.skin,m2-skin-profile,WORLD\GENERIC\ORC\PASSIVE DOODADS\BARRELSANDCRATES\ORCCRATE07.m2,2368,406477BC3307950DA80DBA6C63FA97BD6C8B418C,D:\Sirus\_client\World of Warcraft Sirus\Risen_Depths_Extract_2026-10-04\AssetClosure\ByArchive\common.mpq\WORLD\GENERIC\ORC\PASSIVE DOODADS\BARRELSANDCRATES\ORCCRATE0700.skin
1,common.mpq,World\Generic\Orc\Passive Doodads\BarrelsandCrates\crate.blp,m2-embedded-path,WORLD\GENERIC\ORC\PASSIVE DOODADS\BARRELSANDCRATES\ORCCRATE07.m2 | WORLD\GENERIC\ORC\PASSIVE DOODADS\BARRELSANDCRATES\ORCCRATE10.m2 | WORLD\GENERIC\ORC\PASSIVE DOODADS\BARRELSANDCRATES\ORCCRATEBROKEN01.m2 | WORLD\GENERIC\ORC\PASSIVE DOODADS\BARRELSANDCRATES\ORCCRATEBROKEN02.m2 | WORLD\GENERIC\ORC\PASSIVE DOODADS\BARRELSANDCRATES\ORCCRATEBROKEN03.m2,44876,AA11DE3E1D9B1F90F91FA7662AA1BBD5FDDEEE4A,D:\Sirus\_client\World of Warcraft Sirus\Risen_Depths_Extract_2026-10-04\AssetClosure\ByArchive\common.mpq\World\Generic\Orc\Passive Doodads\BarrelsandCrates\crate.blp
1,common.mpq,WORLD\GENERIC\ORC\PASSIVE DOODADS\BARRELSANDCRATES\ORCCRATE1000.skin,m2-skin-profile,WORLD\GENERIC\ORC\PASSIVE DOODADS\BARRELSANDCRATES\ORCCRATE10.m2,352,23C3255D7A08B884C9E992C0604525A7FF11599F,D:\Sirus\_client\World of Warcraft Sirus\Risen_Depths_Extract_2026-10-04\AssetClosure\ByArchive\common.mpq\WORLD\GENERIC\ORC\PASSIVE DOODADS\BARRELSANDCRATES\ORCCRATE1000.skin
1,common.mpq,WORLD\GENERIC\ORC\PASSIVE DOODADS\BARRELSANDCRATES\ORCCRATEBROKEN0100.skin,m2-skin-profile,WORLD\GENERIC\ORC\PASSIVE DOODADS\BARRELSANDCRATES\ORCCRATEBROKEN01.m2,4144,DB3CEDEE575AD21736702B7638CB1A1584D6AD9D,D:\Sirus\_client\World of Warcraft Sirus\Risen_Depths_Extract_2026-10-04\AssetClosure\ByArchive\common.mpq\WORLD\GENERIC\ORC\PASSIVE DOODADS\BARRELSANDCRATES\ORCCRATEBROKEN0100.skin
1,common.mpq,WORLD\GENERIC\ORC\PASSIVE DOODADS\BARRELSANDCRATES\ORCCRATEBROKEN0200.skin,m2-skin-profile,WORLD\GENERIC\ORC\PASSIVE DOODADS\BARRELSANDCRATES\ORCCRATEBROKEN02.m2,3424,A328AFB76A6875DF227C8C69DCF7828D4F9EDDD4,D:\Sirus\_client\World of Warcraft Sirus\Risen_Depths_Extract_2026-10-04\AssetClosure\ByArchive\common.mpq\WORLD\GENERIC\ORC\PASSIVE DOODADS\BARRELSANDCRATES\ORCCRATEBROKEN0200.skin
1,common.mpq,WORLD\GENERIC\ORC\PASSIVE DOODADS\BARRELSANDCRATES\ORCCRATEBROKEN0300.skin,m2-skin-profile,WORLD\GENERIC\ORC\PASSIVE DOODADS\BARRELSANDCRATES\ORCCRATEBROKEN03.m2,2080,BD76488E081A65CED48DD0AB1ADF2CCE82DB0EED,D:\Sirus\_client\World of Warcraft Sirus\Risen_Depths_Extract_2026-10-04\AssetClosure\ByArchive\common.mpq\WORLD\GENERIC\ORC\PASSIVE DOODADS\BARRELSANDCRATES\ORCCRATEBROKEN0300.skin
1,common.mpq,WORLD\GENERIC\ORC\PASSIVE DOODADS\BURNTOUTPOSTS\BURNTOUTPOST0400.skin,m2-skin-profile,WORLD\GENERIC\ORC\PASSIVE DOODADS\BURNTOUTPOSTS\BURNTOUTPOST04.m2,1184,CF3EE96C828350240D9ACED06B80B3CA2383296D,D:\Sirus\_client\World of Warcraft Sirus\Risen_Depths_Extract_2026-10-04\AssetClosure\ByArchive\common.mpq\WORLD\GENERIC\ORC\PASSIVE DOODADS\BURNTOUTPOSTS\BURNTOUTPOST0400.skin
1,common.mpq,World\Generic\Orc\Passive Doodads\BurntOutposts\OutpostBurntWood01.blp,m2-embedded-path,WORLD\GENERIC\ORC\PASSIVE DOODADS\BURNTOUTPOSTS\BURNTOUTPOST04.m2 | WORLD\GENERIC\ORC\PASSIVE DOODADS\BURNTOUTPOSTS\BURNTOUTPOST05.m2 | WORLD\GENERIC\ORC\PASSIVE DOODADS\BURNTOUTPOSTS\BURNTOUTPOST06.m2,44876,4FC0D698287609EA66BE3A8B11ED46A34510526A,D:\Sirus\_client\World of Warcraft Sirus\Risen_Depths_Extract_2026-10-04\AssetClosure\ByArchive\common.mpq\World\Generic\Orc\Passive Doodads\BurntOutposts\OutpostBurntWood01.blp
1,common.mpq,WORLD\GENERIC\ORC\PASSIVE DOODADS\BURNTOUTPOSTS\BURNTOUTPOST0500.skin,m2-skin-profile,WORLD\GENERIC\ORC\PASSIVE DOODADS\BURNTOUTPOSTS\BURNTOUTPOST05.m2,576,83F4E89A3DF9075336A395F26464F83B3BD2686D,D:\Sirus\_client\World of Warcraft Sirus\Risen_Depths_Extract_2026-10-04\AssetClosure\ByArchive\common.mpq\WORLD\GENERIC\ORC\PASSIVE DOODADS\BURNTOUTPOSTS\BURNTOUTPOST0500.skin
1,common.mpq,WORLD\GENERIC\ORC\PASSIVE DOODADS\BURNTOUTPOSTS\BURNTOUTPOST0600.skin,m2-skin-profile,WORLD\GENERIC\ORC\PASSIVE DOODADS\BURNTOUTPOSTS\BURNTOUTPOST06.m2,336,F08D8448EBB3E581064AA5FCF90E7D472EA0B69D,D:\Sirus\_client\World of Warcraft Sirus\Risen_Depths_Extract_2026-10-04\AssetClosure\ByArchive\common.mpq\WORLD\GENERIC\ORC\PASSIVE DOODADS\BURNTOUTPOSTS\BURNTOUTPOST0600.skin
1,common.mpq,WORLD\GENERIC\ORC\PASSIVE DOODADS\HAMMOCKS\HAMMOCK0200.skin,m2-skin-profile,WORLD\GENERIC\ORC\PASSIVE DOODADS\HAMMOCKS\HAMMOCK02.m2,2912,8DD5F86AD24C4792427AF576B7A67CAA22DDD47B,D:\Sirus\_client\World of Warcraft Sirus\Risen_Depths_Extract_2026-10-04\AssetClosure\ByArchive\common.mpq\WORLD\GENERIC\ORC\PASSIVE DOODADS\HAMMOCKS\HAMMOCK0200.skin
1,common.mpq,World\Generic\Orc\Passive Doodads\Hammocks\HammockNet02.blp,m2-embedded-path,WORLD\GENERIC\ORC\PASSIVE DOODADS\HAMMOCKS\HAMMOCK02.m2 | WORLD\GENERIC\ORC\PASSIVE DOODADS\HAMMOCKS\HAMMOCK03.m2 | WORLD\GENERIC\ORC\PASSIVE DOODADS\HAMMOCKS\HAMMOCK04.m2,6676,490728F0E3D41EBA7D2637D97ADE0BCDB841CBB3,D:\Sirus\_client\World of Warcraft Sirus\Risen_Depths_Extract_2026-10-04\AssetClosure\ByArchive\common.mpq\World\Generic\Orc\Passive Doodads\Hammocks\HammockNet02.blp
1,common.mpq,World\Generic\Orc\Passive Doodads\Hammocks\HammockBits02.blp,m2-embedded-path,WORLD\GENERIC\ORC\PASSIVE DOODADS\HAMMOCKS\HAMMOCK02.m2 | WORLD\GENERIC\ORC\PASSIVE DOODADS\HAMMOCKS\HAMMOCK04.m2,6652,8BB1F14485659F257AE54DFDE57DFDB7C37D7C75,D:\Sirus\_client\World of Warcraft Sirus\Risen_Depths_Extract_2026-10-04\AssetClosure\ByArchive\common.mpq\World\Generic\Orc\Passive Doodads\Hammocks\HammockBits02.blp
1,common.mpq,WORLD\GENERIC\ORC\PASSIVE DOODADS\HAMMOCKS\HAMMOCK0300.skin,m2-skin-profile,WORLD\GENERIC\ORC\PASSIVE DOODADS\HAMMOCKS\HAMMOCK03.m2,3216,AFB3C9593C317B4ABCB865C3EAE02D736D0DA95F,D:\Sirus\_client\World of Warcraft Sirus\Risen_Depths_Extract_2026-10-04\AssetClosure\ByArchive\common.mpq\WORLD\GENERIC\ORC\PASSIVE DOODADS\HAMMOCKS\HAMMOCK0300.skin
1,common.mpq,WORLD\GENERIC\ORC\PASSIVE DOODADS\FEEDINGTROUGHS\FEEDTROPH01.BLP,m2-embedded-path,WORLD\GENERIC\ORC\PASSIVE DOODADS\HAMMOCKS\HAMMOCK03.m2,2556,A4FEFC17D8C030314BC48DFFA48B7440E96C64D3,D:\Sirus\_client\World of Warcraft Sirus\Risen_Depths_Extract_2026-10-04\AssetClosure\ByArchive\common.mpq\WORLD\GENERIC\ORC\PASSIVE DOODADS\FEEDINGTROUGHS\FEEDTROPH01.BLP
1,common.mpq,WORLD\GENERIC\ORC\PASSIVE DOODADS\HAMMOCKS\HAMMOCK0400.skin,m2-skin-profile,WORLD\GENERIC\ORC\PASSIVE DOODADS\HAMMOCKS\HAMMOCK04.m2,2912,8DD5F86AD24C4792427AF576B7A67CAA22DDD47B,D:\Sirus\_client\World of Warcraft Sirus\Risen_Depths_Extract_2026-10-04\AssetClosure\ByArchive\common.mpq\WORLD\GENERIC\ORC\PASSIVE DOODADS\HAMMOCKS\HAMMOCK0400.skin
1,common.mpq,WORLD\GENERIC\ORC\PASSIVE DOODADS\JARS\JARORC0200.skin,m2-skin-profile,WORLD\GENERIC\ORC\PASSIVE DOODADS\JARS\JARORC02.m2,464,76453254E8273C7F4ECFAC5E4D3233E83AB502E2,D:\Sirus\_client\World of Warcraft Sirus\Risen_Depths_Extract_2026-10-04\AssetClosure\ByArchive\common.mpq\WORLD\GENERIC\ORC\PASSIVE DOODADS\JARS\JARORC0200.skin
1,common.mpq,WORLD\GENERIC\ORC\PASSIVE DOODADS\JARS\POTTERY01.BLP,m2-embedded-path,WORLD\GENERIC\ORC\PASSIVE DOODADS\JARS\JARORC02.m2,3916,62A4D962728465A299F48BA852A45E4304EBACE6,D:\Sirus\_client\World of Warcraft Sirus\Risen_Depths_Extract_2026-10-04\AssetClosure\ByArchive\common.mpq\WORLD\GENERIC\ORC\PASSIVE DOODADS\JARS\POTTERY01.BLP
1,common.mpq,WORLD\GENERIC\ORC\PASSIVE DOODADS\JARS\JARORC0500.skin,m2-skin-profile,WORLD\GENERIC\ORC\PASSIVE DOODADS\JARS\JARORC05.m2,656,CCA2452E306AE989DCF8F3488A429D772B566970,D:\Sirus\_client\World of Warcraft Sirus\Risen_Depths_Extract_2026-10-04\AssetClosure\ByArchive\common.mpq\WORLD\GENERIC\ORC\PASSIVE DOODADS\JARS\JARORC0500.skin
1,common.mpq,World\Generic\Orc\Passive Doodads\Jars\Pottery02.blp,m2-embedded-path,WORLD\GENERIC\ORC\PASSIVE DOODADS\JARS\JARORC05.m2,3916,0FBFBE0F1D5C8A430E96D119FFB4B6223261F201,D:\Sirus\_client\World of Warcraft Sirus\Risen_Depths_Extract_2026-10-04\AssetClosure\ByArchive\common.mpq\World\Generic\Orc\Passive Doodads\Jars\Pottery02.blp
1,common.mpq,WORLD\GENERIC\ORC\PASSIVE DOODADS\JARS\JARORC0600.skin,m2-skin-profile,WORLD\GENERIC\ORC\PASSIVE DOODADS\JARS\JARORC06.m2,656,54854F2023A5F0D7D30262E94A7F765B577B6A3E,D:\Sirus\_client\World of Warcraft Sirus\Risen_Depths_Extract_2026-10-04\AssetClosure\ByArchive\common.mpq\WORLD\GENERIC\ORC\PASSIVE DOODADS\JARS\JARORC0600.skin
1,common.mpq,World\Generic\Orc\Passive Doodads\Jars\Pottery02A.blp,m2-embedded-path,WORLD\GENERIC\ORC\PASSIVE DOODADS\JARS\JARORC06.m2,3916,DB7C92E508412B84AECF41A7592613356D21CB7B,D:\Sirus\_client\World of Warcraft Sirus\Risen_Depths_Extract_2026-10-04\AssetClosure\ByArchive\common.mpq\World\Generic\Orc\Passive Doodads\Jars\Pottery02A.blp
1,common.mpq,WORLD\GENERIC\ORC\PASSIVE DOODADS\WEAPONS\ORCAXE0100.skin,m2-skin-profile,WORLD\GENERIC\ORC\PASSIVE DOODADS\WEAPONS\ORCAXE01.m2,768,F3495BFB3AF32D5563D7A2F02934CE8468F3651C,D:\Sirus\_client\World of Warcraft Sirus\Risen_Depths_Extract_2026-10-04\AssetClosure\ByArchive\common.mpq\WORLD\GENERIC\ORC\PASSIVE DOODADS\WEAPONS\ORCAXE0100.skin
1,common.mpq,WORLD\GENERIC\ORC\PASSIVE DOODADS\WEAPONS\ORCAXE01.BLP,m2-embedded-path,WORLD\GENERIC\ORC\PASSIVE DOODADS\WEAPONS\ORCAXE01.m2,6652,1D8321631D4394DBDE377F98CA756A790912BCB2,D:\Sirus\_client\World of Warcraft Sirus\Risen_Depths_Extract_2026-10-04\AssetClosure\ByArchive\common.mpq\WORLD\GENERIC\ORC\PASSIVE DOODADS\WEAPONS\ORCAXE01.BLP
1,common.mpq,WORLD\GENERIC\ORC\PASSIVE DOODADS\WEAPONS\ORCAXE0300.skin,m2-skin-profile,WORLD\GENERIC\ORC\PASSIVE DOODADS\WEAPONS\ORCAXE03.m2,544,D89583202651CACC70D59CD44CA587A8B2C4DAA0,D:\Sirus\_client\World of Warcraft Sirus\Risen_Depths_Extract_2026-10-04\AssetClosure\ByArchive\common.mpq\WORLD\GENERIC\ORC\PASSIVE DOODADS\WEAPONS\ORCAXE0300.skin
1,common.mpq,WORLD\GENERIC\ORC\PASSIVE DOODADS\WEAPONS\ORCAXE03.BLP,m2-embedded-path,WORLD\GENERIC\ORC\PASSIVE DOODADS\WEAPONS\ORCAXE03.m2,23036,FBCD74FFE94DB4725533C83E4CDA05D543529596,D:\Sirus\_client\World of Warcraft Sirus\Risen_Depths_Extract_2026-10-04\AssetClosure\ByArchive\common.mpq\WORLD\GENERIC\ORC\PASSIVE DOODADS\WEAPONS\ORCAXE03.BLP
1,common.mpq,WORLD\GENERIC\PASSIVEDOODADS\BARREL\BARREL0100.skin,m2-skin-profile,WORLD\GENERIC\PASSIVEDOODADS\BARREL\BARREL01.m2,768,2C6EB134A4F88E9A47F2B75A90A4B0307AAEB653,D:\Sirus\_client\World of Warcraft Sirus\Risen_Depths_Extract_2026-10-04\AssetClosure\ByArchive\common.mpq\WORLD\GENERIC\PASSIVEDOODADS\BARREL\BARREL0100.skin
1,common.mpq,WORLD\GENERIC\PASSIVEDOODADS\BARREL\BARREL04DARK2.BLP,m2-embedded-path,WORLD\GENERIC\PASSIVEDOODADS\BARREL\BARREL01.m2,44876,EA3454FAFE286E0E56A9EFB596AD9FF7CC491BD2,D:\Sirus\_client\World of Warcraft Sirus\Risen_Depths_Extract_2026-10-04\AssetClosure\ByArchive\common.mpq\WORLD\GENERIC\PASSIVEDOODADS\BARREL\BARREL04DARK2.BLP
1,common.mpq,WORLD\GENERIC\PASSIVEDOODADS\BARREL\BROKENBARREL0100.skin,m2-skin-profile,WORLD\GENERIC\PASSIVEDOODADS\BARREL\BROKENBARREL01.m2,1792,16E90BFA160562FB830514357D38576131E3A135,D:\Sirus\_client\World of Warcraft Sirus\Risen_Depths_Extract_2026-10-04\AssetClosure\ByArchive\common.mpq\WORLD\GENERIC\PASSIVEDOODADS\BARREL\BROKENBARREL0100.skin
1,common.mpq,WORLD\GENERIC\PASSIVEDOODADS\BARREL\WESTFALLBARREL01SKIN.BLP,m2-embedded-path,WORLD\GENERIC\PASSIVEDOODADS\BARREL\BROKENBARREL01.m2 | WORLD\GENERIC\PASSIVEDOODADS\BARREL\BROKENBARREL02.m2,12124,8074659F67664761E2535657C08B201F46C875B6,D:\Sirus\_client\World of Warcraft Sirus\Risen_Depths_Extract_2026-10-04\AssetClosure\ByArchive\common.mpq\WORLD\GENERIC\PASSIVEDOODADS\BARREL\WESTFALLBARREL01SKIN.BLP
1,common.mpq,WORLD\GENERIC\PASSIVEDOODADS\BARREL\BROKENBARREL0200.skin,m2-skin-profile,WORLD\GENERIC\PASSIVEDOODADS\BARREL\BROKENBARREL02.m2,1552,838869113CF4DFCC00EF49755EF2243341FFC405,D:\Sirus\_client\World of Warcraft Sirus\Risen_Depths_Extract_2026-10-04\AssetClosure\ByArchive\common.mpq\WORLD\GENERIC\PASSIVEDOODADS\BARREL\BROKENBARREL0200.skin
1,common.mpq,WORLD\GENERIC\PASSIVEDOODADS\CRATE01\CRATE0100.skin,m2-skin-profile,WORLD\GENERIC\PASSIVEDOODADS\CRATE01\CRATE01.m2,1760,6C2CB9024AA0DB13CF642939470580C9CA2A14DF,D:\Sirus\_client\World of Warcraft Sirus\Risen_Depths_Extract_2026-10-04\AssetClosure\ByArchive\common.mpq\WORLD\GENERIC\PASSIVEDOODADS\CRATE01\CRATE0100.skin
1,common.mpq,World\Generic\PassiveDoodads\Crate01\crates01sides.blp,m2-embedded-path,WORLD\GENERIC\PASSIVEDOODADS\CRATE01\CRATE01.m2,3924,46DA890E81A53E8AE1328DE79D37CB30B7FC5F1B,D:\Sirus\_client\World of Warcraft Sirus\Risen_Depths_Extract_2026-10-04\AssetClosure\ByArchive\common.mpq\World\Generic\PassiveDoodads\Crate01\crates01sides.blp
1,common.mpq,WORLD\GENERIC\PASSIVEDOODADS\FISH\FISHSKEL0100.skin,m2-skin-profile,WORLD\GENERIC\PASSIVEDOODADS\FISH\FISHSKEL01.m2,592,7E9F6C3D7A10FC50E78344501E9AB117C060A178,D:\Sirus\_client\World of Warcraft Sirus\Risen_Depths_Extract_2026-10-04\AssetClosure\ByArchive\common.mpq\WORLD\GENERIC\PASSIVEDOODADS\FISH\FISHSKEL0100.skin
1,common.mpq,World\Generic\PassiveDoodads\Fish\fishskel01.blp,m2-embedded-path,WORLD\GENERIC\PASSIVEDOODADS\FISH\FISHSKEL01.m2,6652,D5910EF13D5A35BB300B8BAE67B082C69E891AA0,D:\Sirus\_client\World of Warcraft Sirus\Risen_Depths_Extract_2026-10-04\AssetClosure\ByArchive\common.mpq\World\Generic\PassiveDoodads\Fish\fishskel01.blp
1,common.mpq,WORLD\GENERIC\PASSIVEDOODADS\FISH\FISHSKEL0200.skin,m2-skin-profile,WORLD\GENERIC\PASSIVEDOODADS\FISH\FISHSKEL02.m2,720,44EA11944ACB06895BDF9C640C2BF0197055F422,D:\Sirus\_client\World of Warcraft Sirus\Risen_Depths_Extract_2026-10-04\AssetClosure\ByArchive\common.mpq\WORLD\GENERIC\PASSIVEDOODADS\FISH\FISHSKEL0200.skin
1,common.mpq,WORLD\GENERIC\PASSIVEDOODADS\FISH\FISHSKEL02.BLP,m2-embedded-path,WORLD\GENERIC\PASSIVEDOODADS\FISH\FISHSKEL02.m2,6652,FBEDA470C28F7F9760AEB3C5649F5B32661EBEF2,D:\Sirus\_client\World of Warcraft Sirus\Risen_Depths_Extract_2026-10-04\AssetClosure\ByArchive\common.mpq\WORLD\GENERIC\PASSIVEDOODADS\FISH\FISHSKEL02.BLP
1,common.mpq,WORLD\GENERIC\PASSIVEDOODADS\FLOATINGDEBRIS\FLOATINGBARREL0100.skin,m2-skin-profile,WORLD\GENERIC\PASSIVEDOODADS\FLOATINGDEBRIS\FLOATINGBARREL01.m2,768,D41D3EE92CAF9F162E3A792A72CC6806B99445B2,D:\Sirus\_client\World of Warcraft Sirus\Risen_Depths_Extract_2026-10-04\AssetClosure\ByArchive\common.mpq\WORLD\GENERIC\PASSIVEDOODADS\FLOATINGDEBRIS\FLOATINGBARREL0100.skin
1,common.mpq,DUNGEONS\TEXTURES\DOODADS\STORMWINDBARREL.BLP,m2-embedded-path,WORLD\GENERIC\PASSIVEDOODADS\FLOATINGDEBRIS\FLOATINGBARREL01.m2 | WORLD\GENERIC\PASSIVEDOODADS\FURNITURE\CONTAINERS\BARREL02.m2,6652,DA8C694C0CCCD0AF9E1915232C06630AB7B23146,D:\Sirus\_client\World of Warcraft Sirus\Risen_Depths_Extract_2026-10-04\AssetClosure\ByArchive\common.mpq\DUNGEONS\TEXTURES\DOODADS\STORMWINDBARREL.BLP
1,common.mpq,WORLD\GENERIC\PASSIVEDOODADS\FLOATINGDEBRIS\FLOATINGBOARDS0100.skin,m2-skin-profile,WORLD\GENERIC\PASSIVEDOODADS\FLOATINGDEBRIS\FLOATINGBOARDS01.m2,1216,289D73039AFABC59C1C8DDB7AC0A20D9F80B6242,D:\Sirus\_client\World of Warcraft Sirus\Risen_Depths_Extract_2026-10-04\AssetClosure\ByArchive\common.mpq\WORLD\GENERIC\PASSIVEDOODADS\FLOATINGDEBRIS\FLOATINGBOARDS0100.skin
1,common.mpq,WORLD\AZEROTH\BURNINGSTEPPES\PASSIVEDOODADS\RUINS\BURNEDBOARD07.BLP,m2-embedded-path,WORLD\GENERIC\PASSIVEDOODADS\FLOATINGDEBRIS\FLOATINGBOARDS01.m2,23036,8F1B33A9C1AB6E4802BBEEFA30A9FE9DDA3B2A1B,D:\Sirus\_client\World of Warcraft Sirus\Risen_Depths_Extract_2026-10-04\AssetClosure\ByArchive\common.mpq\WORLD\AZEROTH\BURNINGSTEPPES\PASSIVEDOODADS\RUINS\BURNEDBOARD07.BLP
1,common.mpq,WORLD\GENERIC\PASSIVEDOODADS\FLOATINGDEBRIS\FLOATINGCRATE0100.skin,m2-skin-profile,WORLD\GENERIC\PASSIVEDOODADS\FLOATINGDEBRIS\FLOATINGCRATE01.m2,336,298AFBF2DBDB4F500B8A04FD8A280D8E99DDE212,D:\Sirus\_client\World of Warcraft Sirus\Risen_Depths_Extract_2026-10-04\AssetClosure\ByArchive\common.mpq\WORLD\GENERIC\PASSIVEDOODADS\FLOATINGDEBRIS\FLOATINGCRATE0100.skin
1,common.mpq,WORLD\GENERIC\PASSIVEDOODADS\FURNITURE\CONTAINERS\BARREL0200.skin,m2-skin-profile,WORLD\GENERIC\PASSIVEDOODADS\FURNITURE\CONTAINERS\BARREL02.m2,768,AFDBADEE3863E298050D518870456A8740716434,D:\Sirus\_client\World of Warcraft Sirus\Risen_Depths_Extract_2026-10-04\AssetClosure\ByArchive\common.mpq\WORLD\GENERIC\PASSIVEDOODADS\FURNITURE\CONTAINERS\BARREL0200.skin
1,common.mpq,WORLD\GENERIC\PASSIVEDOODADS\FURNITURE\CONTAINERS\SACK0100.skin,m2-skin-profile,WORLD\GENERIC\PASSIVEDOODADS\FURNITURE\CONTAINERS\SACK01.m2,592,60179CFB08ADCFB2D3A1D682C5E37CF4F7CAC242,D:\Sirus\_client\World of Warcraft Sirus\Risen_Depths_Extract_2026-10-04\AssetClosure\ByArchive\common.mpq\WORLD\GENERIC\PASSIVEDOODADS\FURNITURE\CONTAINERS\SACK0100.skin
1,common.mpq,World\Generic\Goblin\PassiveDoodads\GoblinRocketCarts\FlowerSack01.blp,m2-embedded-path,WORLD\GENERIC\PASSIVEDOODADS\FURNITURE\CONTAINERS\SACK01.m2,6652,66941056CC9D553854004DDA27D0ECAC1D0910AB,D:\Sirus\_client\World of Warcraft Sirus\Risen_Depths_Extract_2026-10-04\AssetClosure\ByArchive\common.mpq\World\Generic\Goblin\PassiveDoodads\GoblinRocketCarts\FlowerSack01.blp
1,common.mpq,WORLD\GENERIC\PASSIVEDOODADS\FURNITURE\REFUSE\BONE0100.skin,m2-skin-profile,WORLD\GENERIC\PASSIVEDOODADS\FURNITURE\REFUSE\BONE01.m2,448,596AED8DC96C337CEF284EF6AE63A414F337B5CB,D:\Sirus\_client\World of Warcraft Sirus\Risen_Depths_Extract_2026-10-04\AssetClosure\ByArchive\common.mpq\WORLD\GENERIC\PASSIVEDOODADS\FURNITURE\REFUSE\BONE0100.skin
1,common.mpq,WORLD\GENERIC\PASSIVEDOODADS\FURNITURE\REFUSE\BONE0200.skin,m2-skin-profile,WORLD\GENERIC\PASSIVEDOODADS\FURNITURE\REFUSE\BONE02.m2,400,413BD77FBE4AC10CAD6BA32003CF74B204ADD275,D:\Sirus\_client\World of Warcraft Sirus\Risen_Depths_Extract_2026-10-04\AssetClosure\ByArchive\common.mpq\WORLD\GENERIC\PASSIVEDOODADS\FURNITURE\REFUSE\BONE0200.skin
1,common.mpq,WORLD\GENERIC\PASSIVEDOODADS\PARTICLEEMITTERS\BUBBLES0100.skin,m2-skin-profile,WORLD\GENERIC\PASSIVEDOODADS\PARTICLEEMITTERS\BUBBLES01.m2,240,73FE7F706B53B703DEA8C7DDE1D1441057EA6E82,D:\Sirus\_client\World of Warcraft Sirus\Risen_Depths_Extract_2026-10-04\AssetClosure\ByArchive\common.mpq\WORLD\GENERIC\PASSIVEDOODADS\PARTICLEEMITTERS\BUBBLES0100.skin
1,common.mpq,WORLD\GENERIC\PASSIVEDOODADS\PARTICLEEMITTERS\BUBBLESB00.skin,m2-skin-profile,WORLD\GENERIC\PASSIVEDOODADS\PARTICLEEMITTERS\BUBBLESB.m2,240,E8EB4E1065F8F30C4B90C606AB163C274D45CD37,D:\Sirus\_client\World of Warcraft Sirus\Risen_Depths_Extract_2026-10-04\AssetClosure\ByArchive\common.mpq\WORLD\GENERIC\PASSIVEDOODADS\PARTICLEEMITTERS\BUBBLESB00.skin
1,common.mpq,WORLD\GENERIC\PASSIVEDOODADS\PARTICLEEMITTERS\BUBBLESB_BIGEMITTER00.skin,m2-skin-profile,WORLD\GENERIC\PASSIVEDOODADS\PARTICLEEMITTERS\BUBBLESB_BIGEMITTER.m2,48,E09EA179F67E3EC81CE5A3564CD4FA8B8E7BAE2B,D:\Sirus\_client\World of Warcraft Sirus\Risen_Depths_Extract_2026-10-04\AssetClosure\ByArchive\common.mpq\WORLD\GENERIC\PASSIVEDOODADS\PARTICLEEMITTERS\BUBBLESB_BIGEMITTER00.skin
1,common.mpq,WORLD\GENERIC\PASSIVEDOODADS\SHIPS\SHIPANIMATION\VRYKUL_FLAME_PARTICLE00.skin,m2-skin-profile,WORLD\GENERIC\PASSIVEDOODADS\SHIPS\SHIPANIMATION\VRYKUL_FLAME_PARTICLE.m2,208,3A70CA9FA53697DDCC0A3A1F988CD57F69991FD2,D:\Sirus\_client\World of Warcraft Sirus\Risen_Depths_Extract_2026-10-04\AssetClosure\ByArchive\common.mpq\WORLD\GENERIC\PASSIVEDOODADS\SHIPS\SHIPANIMATION\VRYKUL_FLAME_PARTICLE00.skin
1,common.mpq,SPELLS\CLOUDS8X8.BLP,m2-embedded-path,WORLD\GENERIC\PASSIVEDOODADS\SHIPS\SHIPANIMATION\VRYKUL_FLAME_PARTICLE.m2,88580,7E88137C25912A0702B3EB71D80878CD5FAA1C62,D:\Sirus\_client\World of Warcraft Sirus\Risen_Depths_Extract_2026-10-04\AssetClosure\ByArchive\common.mpq\SPELLS\CLOUDS8X8.BLP
1,common.mpq,ITEM\OBJECTCOMPONENTS\WEAPON\GLOWBLUEGREEN32.BLP,m2-embedded-path,WORLD\GENERIC\PASSIVEDOODADS\SHIPS\SHIPANIMATION\VRYKUL_FLAME_PARTICLE.m2,2564,9CD356E4A5A96963C91B8FC2910BE11208E8E018,D:\Sirus\_client\World of Warcraft Sirus\Risen_Depths_Extract_2026-10-04\AssetClosure\ByArchive\common.mpq\ITEM\OBJECTCOMPONENTS\WEAPON\GLOWBLUEGREEN32.BLP
1,common.mpq,WORLD\GENERIC\PASSIVEDOODADS\WALL\BONES\CAVEWALLBONES0200.skin,m2-skin-profile,WORLD\GENERIC\PASSIVEDOODADS\WALL\BONES\CAVEWALLBONES02.m2,2960,D50424D3D4A0FB5F12109D6F1526ACF3E47BF85F,D:\Sirus\_client\World of Warcraft Sirus\Risen_Depths_Extract_2026-10-04\AssetClosure\ByArchive\common.mpq\WORLD\GENERIC\PASSIVEDOODADS\WALL\BONES\CAVEWALLBONES0200.skin
1,common.mpq,WORLD\GENERIC\PASSIVEDOODADS\WALL\BONES\CAVEDEADMULE_01.BLP,m2-embedded-path,WORLD\GENERIC\PASSIVEDOODADS\WALL\BONES\CAVEWALLBONES02.m2,23044,D3F99AF7522EBBA61C0FF7FD4FD9A2409C7C8966,D:\Sirus\_client\World of Warcraft Sirus\Risen_Depths_Extract_2026-10-04\AssetClosure\ByArchive\common.mpq\WORLD\GENERIC\PASSIVEDOODADS\WALL\BONES\CAVEDEADMULE_01.BLP
1,common.mpq,WORLD\GENERIC\PASSIVEDOODADS\WEAPONCRATES\WEAPONCRATEHORDEAXEOPEN00.skin,m2-skin-profile,WORLD\GENERIC\PASSIVEDOODADS\WEAPONCRATES\WEAPONCRATEHORDEAXEOPEN.m2,7600,2B43D49C94B6A14FEFE0913D966C368FCA97AF23,D:\Sirus\_client\World of Warcraft Sirus\Risen_Depths_Extract_2026-10-04\AssetClosure\ByArchive\common.mpq\WORLD\GENERIC\PASSIVEDOODADS\WEAPONCRATES\WEAPONCRATEHORDEAXEOPEN00.skin
1,common.mpq,WORLD\GENERIC\PASSIVEDOODADS\WEAPONCRATES\WEAPONCRATE02.BLP,m2-embedded-path,WORLD\GENERIC\PASSIVEDOODADS\WEAPONCRATES\WEAPONCRATEHORDEAXEOPEN.m2,88580,172214DA85F5C92005FF2822F8F2D23D9D4130CE,D:\Sirus\_client\World of Warcraft Sirus\Risen_Depths_Extract_2026-10-04\AssetClosure\ByArchive\common.mpq\WORLD\GENERIC\PASSIVEDOODADS\WEAPONCRATES\WEAPONCRATE02.BLP
1,common.mpq,ITEM\OBJECTCOMPONENTS\WEAPON\AXE_1H_HATCHET_A_01RED.BLP,m2-embedded-path,WORLD\GENERIC\PASSIVEDOODADS\WEAPONCRATES\WEAPONCRATEHORDEAXEOPEN.m2,6652,152379BEE3C6EAA973A48164784DA4BE58BD1927,D:\Sirus\_client\World of Warcraft Sirus\Risen_Depths_Extract_2026-10-04\AssetClosure\ByArchive\common.mpq\ITEM\OBJECTCOMPONENTS\WEAPON\AXE_1H_HATCHET_A_01RED.BLP
1,common.mpq,WORLD\GENERIC\PASSIVEDOODADS\WEAPONS\NAGA_TRIDENT00.skin,m2-skin-profile,WORLD\GENERIC\PASSIVEDOODADS\WEAPONS\NAGA_TRIDENT.m2,1824,B056E38FF2A2968871A531389E4643332573C319,D:\Sirus\_client\World of Warcraft Sirus\Risen_Depths_Extract_2026-10-04\AssetClosure\ByArchive\common.mpq\WORLD\GENERIC\PASSIVEDOODADS\WEAPONS\NAGA_TRIDENT00.skin
1,common.mpq,WORLD\GENERIC\PASSIVEDOODADS\WEAPONS\TRIDENT COPY.BLP,m2-embedded-path,WORLD\GENERIC\PASSIVEDOODADS\WEAPONS\NAGA_TRIDENT.m2 | WORLD\GENERIC\PASSIVEDOODADS\WEAPONS\NAGA_TRIDENT_HORIZONTAL.m2,6652,0B57D3DF0977935F217D603516558BED2E6779ED,D:\Sirus\_client\World of Warcraft Sirus\Risen_Depths_Extract_2026-10-04\AssetClosure\ByArchive\common.mpq\WORLD\GENERIC\PASSIVEDOODADS\WEAPONS\TRIDENT COPY.BLP
1,common.mpq,WORLD\GENERIC\TAUREN\PASSIVE DOODADS\SACKS\TAURENSACK0200.skin,m2-skin-profile,WORLD\GENERIC\TAUREN\PASSIVE DOODADS\SACKS\TAURENSACK02.m2,768,A680C7F8CD4B903DCAC47E12F0EB9F66B482D791,D:\Sirus\_client\World of Warcraft Sirus\Risen_Depths_Extract_2026-10-04\AssetClosure\ByArchive\common.mpq\WORLD\GENERIC\TAUREN\PASSIVE DOODADS\SACKS\TAURENSACK0200.skin
1,common.mpq,DUNGEONS\TEXTURES\DOODADS\TAURENGRAINSACK01.BLP,m2-embedded-path,WORLD\GENERIC\TAUREN\PASSIVE DOODADS\SACKS\TAURENSACK02.m2,23036,312306451CB375DC89406AA7B4835466A71605BF,D:\Sirus\_client\World of Warcraft Sirus\Risen_Depths_Extract_2026-10-04\AssetClosure\ByArchive\common.mpq\DUNGEONS\TEXTURES\DOODADS\TAURENGRAINSACK01.BLP
1,common.mpq,WORLD\GENERIC\UNDERWATER\PASSIVEDOODADS\PLANTS\PLANT0200.skin,m2-skin-profile,WORLD\GENERIC\UNDERWATER\PASSIVEDOODADS\PLANTS\PLANT02.m2,2144,5A2458D601A3D963E1BD43F1638687106A67BCEE,D:\Sirus\_client\World of Warcraft Sirus\Risen_Depths_Extract_2026-10-04\AssetClosure\ByArchive\common.mpq\WORLD\GENERIC\UNDERWATER\PASSIVEDOODADS\PLANTS\PLANT0200.skin
1,common.mpq,WORLD\GENERIC\UNDERWATER\PASSIVEDOODADS\PLANTS\PLANT01.BLP,m2-embedded-path,WORLD\GENERIC\UNDERWATER\PASSIVEDOODADS\PLANTS\PLANT02.m2,23044,A213B918C977E35462A91079DE592D52A1CA280D,D:\Sirus\_client\World of Warcraft Sirus\Risen_Depths_Extract_2026-10-04\AssetClosure\ByArchive\common.mpq\WORLD\GENERIC\UNDERWATER\PASSIVEDOODADS\PLANTS\PLANT01.BLP
1,common.mpq,WORLD\GENERIC\UNDERWATER\PASSIVEDOODADS\SEAWEED\GENERICSEAWEED0600.skin,m2-skin-profile,WORLD\GENERIC\UNDERWATER\PASSIVEDOODADS\SEAWEED\GENERICSEAWEED06.m2,272,A60FE745C4F451BAF07F73B44868C175A0E7817B,D:\Sirus\_client\World of Warcraft Sirus\Risen_Depths_Extract_2026-10-04\AssetClosure\ByArchive\common.mpq\WORLD\GENERIC\UNDERWATER\PASSIVEDOODADS\SEAWEED\GENERICSEAWEED0600.skin
1,common.mpq,WORLD\GENERIC\UNDERWATER\PASSIVEDOODADS\SEAWEED\SEAWEED07.BLP,m2-embedded-path,WORLD\GENERIC\UNDERWATER\PASSIVEDOODADS\SEAWEED\GENERICSEAWEED06.m2,23044,D6AAD90F909B0C10629300F9084B3A6DA2026100,D:\Sirus\_client\World of Warcraft Sirus\Risen_Depths_Extract_2026-10-04\AssetClosure\ByArchive\common.mpq\WORLD\GENERIC\UNDERWATER\PASSIVEDOODADS\SEAWEED\SEAWEED07.BLP
1,common.mpq,WORLD\GENERIC\UNDERWATER\PASSIVEDOODADS\SEAWEED\GENERICSEAWEED0700.skin,m2-skin-profile,WORLD\GENERIC\UNDERWATER\PASSIVEDOODADS\SEAWEED\GENERICSEAWEED07.m2,256,68E5C43388FC8D17D9F026C9715A9D9280539D39,D:\Sirus\_client\World of Warcraft Sirus\Risen_Depths_Extract_2026-10-04\AssetClosure\ByArchive\common.mpq\WORLD\GENERIC\UNDERWATER\PASSIVEDOODADS\SEAWEED\GENERICSEAWEED0700.skin
1,common.mpq,WORLD\GENERIC\UNDERWATER\PASSIVEDOODADS\SEAWEED\SEEWEED01.BLP,m2-embedded-path,WORLD\GENERIC\UNDERWATER\PASSIVEDOODADS\SEAWEED\GENERICSEAWEED07.m2 | WORLD\GENERIC\UNDERWATER\PASSIVEDOODADS\SEAWEED\GENERICSEAWEED08.m2 | WORLD\GENERIC\UNDERWATER\PASSIVEDOODADS\SEAWEED\GENERICSEAWEED10.m2,88580,B1027F7F37AE493260B2857D1D2EC2B70BDD3C6F,D:\Sirus\_client\World of Warcraft Sirus\Risen_Depths_Extract_2026-10-04\AssetClosure\ByArchive\common.mpq\WORLD\GENERIC\UNDERWATER\PASSIVEDOODADS\SEAWEED\SEEWEED01.BLP
1,common.mpq,WORLD\GENERIC\UNDERWATER\PASSIVEDOODADS\SEAWEED\GENERICSEAWEED0800.skin,m2-skin-profile,WORLD\GENERIC\UNDERWATER\PASSIVEDOODADS\SEAWEED\GENERICSEAWEED08.m2,608,3B1066331018E2EDBB4F52E137BF35FDADD7B5EA,D:\Sirus\_client\World of Warcraft Sirus\Risen_Depths_Extract_2026-10-04\AssetClosure\ByArchive\common.mpq\WORLD\GENERIC\UNDERWATER\PASSIVEDOODADS\SEAWEED\GENERICSEAWEED0800.skin
1,common.mpq,WORLD\GENERIC\UNDERWATER\PASSIVEDOODADS\SEAWEED\GENERICSEAWEED1000.skin,m2-skin-profile,WORLD\GENERIC\UNDERWATER\PASSIVEDOODADS\SEAWEED\GENERICSEAWEED10.m2,704,BB8CB88AEB1D696B36345C0C5E1CA3DB2D3304AA,D:\Sirus\_client\World of Warcraft Sirus\Risen_Depths_Extract_2026-10-04\AssetClosure\ByArchive\common.mpq\WORLD\GENERIC\UNDERWATER\PASSIVEDOODADS\SEAWEED\GENERICSEAWEED1000.skin
1,common.mpq,WORLD\KALIMDOR\KALIDAR\PASSIVEDOODADS\KALIDARBUSHES\KALIDARBUSH0100.skin,m2-skin-profile,WORLD\KALIMDOR\KALIDAR\PASSIVEDOODADS\KALIDARBUSHES\KALIDARBUSH01.m2,432,8E42EB35DABF183E9DC3FCDA784CEE806B21D964,D:\Sirus\_client\World of Warcraft Sirus\Risen_Depths_Extract_2026-10-04\AssetClosure\ByArchive\common.mpq\WORLD\KALIMDOR\KALIDAR\PASSIVEDOODADS\KALIDARBUSHES\KALIDARBUSH0100.skin
1,common.mpq,WORLD\KALIMDOR\KALIDAR\PASSIVEDOODADS\KALIDARBUSHES\KALIDARBUSH_01.BLP,m2-embedded-path,WORLD\KALIMDOR\KALIDAR\PASSIVEDOODADS\KALIDARBUSHES\KALIDARBUSH01.m2,23044,D6C175448079B9F408E75211B0670A1ECFD3634B,D:\Sirus\_client\World of Warcraft Sirus\Risen_Depths_Extract_2026-10-04\AssetClosure\ByArchive\common.mpq\WORLD\KALIMDOR\KALIDAR\PASSIVEDOODADS\KALIDARBUSHES\KALIDARBUSH_01.BLP
1,common.mpq,WORLD\KALIMDOR\KALIDAR\PASSIVEDOODADS\KALIDARBUSHES\KALIDARBUSH0200.skin,m2-skin-profile,WORLD\KALIMDOR\KALIDAR\PASSIVEDOODADS\KALIDARBUSHES\KALIDARBUSH02.m2,1040,56FDBF2F086D3EA66BE07FEA087D7ED349AD65AF,D:\Sirus\_client\World of Warcraft Sirus\Risen_Depths_Extract_2026-10-04\AssetClosure\ByArchive\common.mpq\WORLD\KALIMDOR\KALIDAR\PASSIVEDOODADS\KALIDARBUSHES\KALIDARBUSH0200.skin
1,common.mpq,World\Kalimdor\Kalidar\PassiveDoodads\KalidarBushes\MoongladeMidTree01_Purple.blp,m2-embedded-path,WORLD\KALIMDOR\KALIDAR\PASSIVEDOODADS\KALIDARBUSHES\KALIDARBUSH02.m2,23044,D9BA779F3FF93BA4809AC87DF12F767897B78954,D:\Sirus\_client\World of Warcraft Sirus\Risen_Depths_Extract_2026-10-04\AssetClosure\ByArchive\common.mpq\World\Kalimdor\Kalidar\PassiveDoodads\KalidarBushes\MoongladeMidTree01_Purple.blp
1,common.mpq,WORLD\KALIMDOR\KALIDAR\PASSIVEDOODADS\KALIDARBUSHES\KALIDARBUSH0300.skin,m2-skin-profile,WORLD\KALIMDOR\KALIDAR\PASSIVEDOODADS\KALIDARBUSHES\KALIDARBUSH03.m2,864,ED867E3B0C5A493F739958BC5521409524F357C8,D:\Sirus\_client\World of Warcraft Sirus\Risen_Depths_Extract_2026-10-04\AssetClosure\ByArchive\common.mpq\WORLD\KALIMDOR\KALIDAR\PASSIVEDOODADS\KALIDARBUSHES\KALIDARBUSH0300.skin
1,common.mpq,WORLD\KALIMDOR\KALIDAR\PASSIVEDOODADS\KALIDARBUSHES\KALIDARSHRUB01.BLP,m2-embedded-path,WORLD\KALIMDOR\KALIDAR\PASSIVEDOODADS\KALIDARBUSHES\KALIDARBUSH03.m2 | WORLD\KALIMDOR\KALIDAR\PASSIVEDOODADS\KALIDARBUSHES\KALIDARBUSH04.m2,44900,0EBFF264DA60151E28A139AD7DD77C27568D8F6D,D:\Sirus\_client\World of Warcraft Sirus\Risen_Depths_Extract_2026-10-04\AssetClosure\ByArchive\common.mpq\WORLD\KALIMDOR\KALIDAR\PASSIVEDOODADS\KALIDARBUSHES\KALIDARSHRUB01.BLP
1,common.mpq,WORLD\KALIMDOR\KALIDAR\PASSIVEDOODADS\KALIDARBUSHES\KALIDARBUSH0400.skin,m2-skin-profile,WORLD\KALIMDOR\KALIDAR\PASSIVEDOODADS\KALIDARBUSHES\KALIDARBUSH04.m2,608,19153A1E916B7A5DE440D934099F820D8A50C1E3,D:\Sirus\_client\World of Warcraft Sirus\Risen_Depths_Extract_2026-10-04\AssetClosure\ByArchive\common.mpq\WORLD\KALIMDOR\KALIDAR\PASSIVEDOODADS\KALIDARBUSHES\KALIDARBUSH0400.skin
1,common.mpq,WORLD\KALIMDOR\KALIDAR\PASSIVEDOODADS\KALIDARTREES\KALIDARTREE0200.skin,m2-skin-profile,WORLD\KALIMDOR\KALIDAR\PASSIVEDOODADS\KALIDARTREES\KALIDARTREE02.m2,2384,18DEB727041EBCD6BF9B0F7C7B09E43BFE58371F,D:\Sirus\_client\World of Warcraft Sirus\Risen_Depths_Extract_2026-10-04\AssetClosure\ByArchive\common.mpq\WORLD\KALIMDOR\KALIDAR\PASSIVEDOODADS\KALIDARTREES\KALIDARTREE0200.skin
1,common.mpq,WORLD\KALIMDOR\KALIDAR\PASSIVEDOODADS\KALIDARROOTS\KALIDARTREETRUNK01_PURPLE.BLP,m2-embedded-path,WORLD\KALIMDOR\KALIDAR\PASSIVEDOODADS\KALIDARTREES\KALIDARTREE02.m2,23036,A9180D44FF12EA92E4CA7D029B3D779B9D223476,D:\Sirus\_client\World of Warcraft Sirus\Risen_Depths_Extract_2026-10-04\AssetClosure\ByArchive\common.mpq\WORLD\KALIMDOR\KALIDAR\PASSIVEDOODADS\KALIDARROOTS\KALIDARTREETRUNK01_PURPLE.BLP
1,common.mpq,DUNGEONS\TEXTURES\TREES\KALIDARFATTREE01.BLP,m2-embedded-path,WORLD\KALIMDOR\KALIDAR\PASSIVEDOODADS\KALIDARTREES\KALIDARTREE02.m2,44900,6647133B6955453AA9F6AF8E96972A50664E3C11,D:\Sirus\_client\World of Warcraft Sirus\Risen_Depths_Extract_2026-10-04\AssetClosure\ByArchive\common.mpq\DUNGEONS\TEXTURES\TREES\KALIDARFATTREE01.BLP
1,common.mpq,DUNGEONS\TEXTURES\TREES\KALIDARTREEFERN01.BLP,m2-embedded-path,WORLD\KALIMDOR\KALIDAR\PASSIVEDOODADS\KALIDARTREES\KALIDARTREE02.m2,3940,DB941E5ADBE966948FB739D57A7FB2E023D883BE,D:\Sirus\_client\World of Warcraft Sirus\Risen_Depths_Extract_2026-10-04\AssetClosure\ByArchive\common.mpq\DUNGEONS\TEXTURES\TREES\KALIDARTREEFERN01.BLP
1,common.mpq,WORLD\KALIMDOR\KALIDAR\PASSIVEDOODADS\KALIDARTREES\KALIDARBRANCH02A.BLP,m2-embedded-path,WORLD\KALIMDOR\KALIDAR\PASSIVEDOODADS\KALIDARTREES\KALIDARTREE02.m2,44900,BCC16FC9E37E02149D50EF89B9CA3FB11421B948,D:\Sirus\_client\World of Warcraft Sirus\Risen_Depths_Extract_2026-10-04\AssetClosure\ByArchive\common.mpq\WORLD\KALIMDOR\KALIDAR\PASSIVEDOODADS\KALIDARTREES\KALIDARBRANCH02A.BLP
1,common.mpq,WORLD\KALIMDOR\KALIDAR\PASSIVEDOODADS\KALIDARTREES\KALIDARTREE0300.skin,m2-skin-profile,WORLD\KALIMDOR\KALIDAR\PASSIVEDOODADS\KALIDARTREES\KALIDARTREE03.m2,1808,FEA553074598CC56D2C6A108BFFCADD6BADE8FC8,D:\Sirus\_client\World of Warcraft Sirus\Risen_Depths_Extract_2026-10-04\AssetClosure\ByArchive\common.mpq\WORLD\KALIMDOR\KALIDAR\PASSIVEDOODADS\KALIDARTREES\KALIDARTREE0300.skin
1,common.mpq,WORLD\KALIMDOR\KALIDAR\PASSIVEDOODADS\KALIDARTREES\KALIDARMIDTREE_PURPLE.BLP,m2-embedded-path,WORLD\KALIMDOR\KALIDAR\PASSIVEDOODADS\KALIDARTREES\KALIDARTREE03.m2 | WORLD\KALIMDOR\KALIDAR\PASSIVEDOODADS\KALIDARTREES\KALIDARTREE04.m2,23036,25CD47DF806085C9E35EECC9326AD85A819E1076,D:\Sirus\_client\World of Warcraft Sirus\Risen_Depths_Extract_2026-10-04\AssetClosure\ByArchive\common.mpq\WORLD\KALIMDOR\KALIDAR\PASSIVEDOODADS\KALIDARTREES\KALIDARMIDTREE_PURPLE.BLP
1,common.mpq,DUNGEONS\TEXTURES\TREES\KALIDARTREE_FATLEAF_PURPLE.BLP,m2-embedded-path,WORLD\KALIMDOR\KALIDAR\PASSIVEDOODADS\KALIDARTREES\KALIDARTREE03.m2 | WORLD\KALIMDOR\KALIDAR\PASSIVEDOODADS\KALIDARTREES\KALIDARTREE04.m2,175972,5BB77B10D4866EE1049FB67886C4BB476B213297,D:\Sirus\_client\World of Warcraft Sirus\Risen_Depths_Extract_2026-10-04\AssetClosure\ByArchive\common.mpq\DUNGEONS\TEXTURES\TREES\KALIDARTREE_FATLEAF_PURPLE.BLP
1,common.mpq,WORLD\KALIMDOR\KALIDAR\PASSIVEDOODADS\KALIDARTREES\KALIDARTREE0400.skin,m2-skin-profile,WORLD\KALIMDOR\KALIDAR\PASSIVEDOODADS\KALIDARTREES\KALIDARTREE04.m2,1696,38430E8DD19CD1A278FED6D1FA4B059393759772,D:\Sirus\_client\World of Warcraft Sirus\Risen_Depths_Extract_2026-10-04\AssetClosure\ByArchive\common.mpq\WORLD\KALIMDOR\KALIDAR\PASSIVEDOODADS\KALIDARTREES\KALIDARTREE0400.skin
1,common.mpq,WORLD\KALIMDOR\KALIDAR\PASSIVEDOODADS\KALIDARTREES\KALIDARTREE0500.skin,m2-skin-profile,WORLD\KALIMDOR\KALIDAR\PASSIVEDOODADS\KALIDARTREES\KALIDARTREE05.m2,1152,E3AD9279AC44AF20EAD8F62D5E3EED0ADF6FE404,D:\Sirus\_client\World of Warcraft Sirus\Risen_Depths_Extract_2026-10-04\AssetClosure\ByArchive\common.mpq\WORLD\KALIMDOR\KALIDAR\PASSIVEDOODADS\KALIDARTREES\KALIDARTREE0500.skin
1,common.mpq,WORLD\KALIMDOR\HYJAL\PASSIVEDOODADS\TREES\ASHENVALEMIDTREE02TRUNK.BLP,m2-embedded-path,WORLD\KALIMDOR\KALIDAR\PASSIVEDOODADS\KALIDARTREES\KALIDARTREE05.m2,23036,B5E61D17D9E88B9AF3794941C6C5615185C935E3,D:\Sirus\_client\World of Warcraft Sirus\Risen_Depths_Extract_2026-10-04\AssetClosure\ByArchive\common.mpq\WORLD\KALIMDOR\HYJAL\PASSIVEDOODADS\TREES\ASHENVALEMIDTREE02TRUNK.BLP
1,common.mpq,DUNGEONS\TEXTURES\TREES\KALIDATMIDTREELEAF01.BLP,m2-embedded-path,WORLD\KALIMDOR\KALIDAR\PASSIVEDOODADS\KALIDARTREES\KALIDARTREE05.m2,23044,C420C0A83BDB88283A76599FA2FB961D5152A352,D:\Sirus\_client\World of Warcraft Sirus\Risen_Depths_Extract_2026-10-04\AssetClosure\ByArchive\common.mpq\DUNGEONS\TEXTURES\TREES\KALIDATMIDTREELEAF01.BLP
1,common.mpq,WORLD\KHAZMODAN\WETLANDS\PASSIVEDOODADS\DRAGONBONES\DRAGONBONESBODY00.skin,m2-skin-profile,WORLD\KHAZMODAN\WETLANDS\PASSIVEDOODADS\DRAGONBONES\DRAGONBONESBODY.m2,3920,32709B89B474085CA4053AAC050EE36435F47627,D:\Sirus\_client\World of Warcraft Sirus\Risen_Depths_Extract_2026-10-04\AssetClosure\ByArchive\common.mpq\WORLD\KHAZMODAN\WETLANDS\PASSIVEDOODADS\DRAGONBONES\DRAGONBONESBODY00.skin
1,common.mpq,WORLD\GENERIC\HUMAN\PASSIVE DOODADS\MUSEUMSKELETONS\DRAGONBONE.BLP,m2-embedded-path,WORLD\KHAZMODAN\WETLANDS\PASSIVEDOODADS\DRAGONBONES\DRAGONBONESBODY.m2 | WORLD\KHAZMODAN\WETLANDS\PASSIVEDOODADS\DRAGONBONES\DRAGONBONESSKULL.m2,44876,33D5259BFBA46AB7805FB6EFC3D8AF15FFE8390C,D:\Sirus\_client\World of Warcraft Sirus\Risen_Depths_Extract_2026-10-04\AssetClosure\ByArchive\common.mpq\WORLD\GENERIC\HUMAN\PASSIVE DOODADS\MUSEUMSKELETONS\DRAGONBONE.BLP
1,common.mpq,WORLD\KHAZMODAN\WETLANDS\PASSIVEDOODADS\DRAGONBONES\DRAGONBONESSKULL00.skin,m2-skin-profile,WORLD\KHAZMODAN\WETLANDS\PASSIVEDOODADS\DRAGONBONES\DRAGONBONESSKULL.m2,3488,472B262335317F952C0F04E40A0ED53F0E71423F,D:\Sirus\_client\World of Warcraft Sirus\Risen_Depths_Extract_2026-10-04\AssetClosure\ByArchive\common.mpq\WORLD\KHAZMODAN\WETLANDS\PASSIVEDOODADS\DRAGONBONES\DRAGONBONESSKULL00.skin
1,common.mpq,WORLD\LORDAERON\PLAGUELAND\PASSIVEDOODADS\ROCKS\PLAGUELANDROCK0500.skin,m2-skin-profile,WORLD\LORDAERON\PLAGUELAND\PASSIVEDOODADS\ROCKS\PLAGUELANDROCK05.m2,736,49DCE11BCC2C5E08FFC93A392B2A4D8C1CFA5DEB,D:\Sirus\_client\World of Warcraft Sirus\Risen_Depths_Extract_2026-10-04\AssetClosure\ByArchive\common.mpq\WORLD\LORDAERON\PLAGUELAND\PASSIVEDOODADS\ROCKS\PLAGUELANDROCK0500.skin
1,common.mpq,WORLD\LORDAERON\PLAGUELAND\PASSIVEDOODADS\ROCKS\INFESTEDROCKGREEN03.BLP,m2-embedded-path,WORLD\LORDAERON\PLAGUELAND\PASSIVEDOODADS\ROCKS\PLAGUELANDROCK05.m2,23036,6217F174A9EDC66DD2766E90F3C8018B0D797AB1,D:\Sirus\_client\World of Warcraft Sirus\Risen_Depths_Extract_2026-10-04\AssetClosure\ByArchive\common.mpq\WORLD\LORDAERON\PLAGUELAND\PASSIVEDOODADS\ROCKS\INFESTEDROCKGREEN03.BLP
1,common.mpq,Spells\White1.blp,m2-embedded-path,WORLD\ENVIRONMENT\DOODAD\GENERALDOODADS\STEAMCLOUDS\GENERIC_STEAM_CLOUD_THINNEST.M2,12108,92DBD4C82A976C96514906542E3419B379DB1341,D:\Sirus\_client\World of Warcraft Sirus\Risen_Depths_Extract_2026-10-04\AssetClosure\ByArchive\common.mpq\Spells\White1.blp
1,common.mpq,WORLD\GENERIC\PASSIVEDOODADS\AHNQIRAJ\WEAPONCRATE02.BLP,m2-embedded-path,WORLD\GENERIC\PASSIVEDOODADS\WEAPONCRATES\WEAPONCRATEHORDEAXEOPEN.m2,88580,33FAC40C50BA7AC966CB2D6ADB44D4D1F1752158,D:\Sirus\_client\World of Warcraft Sirus\Risen_Depths_Extract_2026-10-04\AssetClosure\ByArchive\common.mpq\WORLD\GENERIC\PASSIVEDOODADS\AHNQIRAJ\WEAPONCRATE02.BLP
1,common.mpq,WORLD\KALIMDOR\BLACKFATHOM\PASSIVEDOODADS\WATERFALLS\WATERFALL01.BLP,m2-embedded-path,WORLD\KALIMDOR\BLACKFATHOM\PASSIVEDOODADS\WATERFALLS\BFD_WATERFALLS10_NOSOUND.m2 | WORLD\KALIMDOR\BLACKFATHOM\PASSIVEDOODADS\WATERFALLS\BFD_WATERFALLS11_NOSOUND.m2,23044,DC2BF919D0DF9736A594CB1E1E376BF364172CB5,D:\Sirus\_client\World of Warcraft Sirus\Risen_Depths_Extract_2026-10-04\AssetClosure\ByArchive\common.mpq\WORLD\KALIMDOR\BLACKFATHOM\PASSIVEDOODADS\WATERFALLS\WATERFALL01.BLP
1,common.mpq,WORLD\AZEROTH\STRANGLETHORN\PASSIVEDOODADS\WATERFALL\WATERFALLDROPS.BLP,m2-embedded-path,WORLD\KALIMDOR\BLACKFATHOM\PASSIVEDOODADS\WATERFALLS\BFD_WATERFALLS10_NOSOUND.m2 | WORLD\KALIMDOR\BLACKFATHOM\PASSIVEDOODADS\WATERFALLS\BFD_WATERFALLS11_NOSOUND.m2,6660,E3EAFCF4EEB5AD393BEEBAE8923601ED283F69DC,D:\Sirus\_client\World of Warcraft Sirus\Risen_Depths_Extract_2026-10-04\AssetClosure\ByArchive\common.mpq\WORLD\AZEROTH\STRANGLETHORN\PASSIVEDOODADS\WATERFALL\WATERFALLDROPS.BLP
1,common.mpq,WORLD\KALIMDOR\STONETALON\PASSIVEDOODADS\WATERWHEEL\WATERFALLDROPSSMALL.BLP,m2-embedded-path,WORLD\KALIMDOR\BLACKFATHOM\PASSIVEDOODADS\WATERFALLS\BFD_WATERFALLS10_NOSOUND.m2 | WORLD\KALIMDOR\BLACKFATHOM\PASSIVEDOODADS\WATERFALLS\BFD_WATERFALLS11_NOSOUND.m2,1540,3C7A5DB5474DCDB2F10DE39ED2CBC630F2F303CC,D:\Sirus\_client\World of Warcraft Sirus\Risen_Depths_Extract_2026-10-04\AssetClosure\ByArchive\common.mpq\WORLD\KALIMDOR\STONETALON\PASSIVEDOODADS\WATERWHEEL\WATERFALLDROPSSMALL.BLP
1,common.mpq,SPELLS\WATERWAKE3.BLP,m2-embedded-path,WORLD\KALIMDOR\BLACKFATHOM\PASSIVEDOODADS\WATERFALLS\BFD_WATERFALLS10_NOSOUND.m2 | WORLD\KALIMDOR\BLACKFATHOM\PASSIVEDOODADS\WATERFALLS\BFD_WATERFALLS11_NOSOUND.m2,3916,AB497C9E81675B623157EFBA23B14A7B2B856949,D:\Sirus\_client\World of Warcraft Sirus\Risen_Depths_Extract_2026-10-04\AssetClosure\ByArchive\common.mpq\SPELLS\WATERWAKE3.BLP
1,common.mpq,Environments\Stars\DeathSkybox00.skin,m2-skin-profile,Environments\Stars\DeathSkybox.m2,36704,B7C96700BE21C235AD2BDFB8696D3F51F073150B,D:\Sirus\_client\World of Warcraft Sirus\Risen_Depths_Extract_2026-10-04\AssetClosure\ByArchive\common.mpq\Environments\Stars\DeathSkybox00.skin
1,common.mpq,Environments\Stars\DeathSkybox01.skin,m2-skin-profile,Environments\Stars\DeathSkybox.m2,36704,6C09852388AE3EF7A113BE38865945BB25853610,D:\Sirus\_client\World of Warcraft Sirus\Risen_Depths_Extract_2026-10-04\AssetClosure\ByArchive\common.mpq\Environments\Stars\DeathSkybox01.skin
1,common.mpq,ENVIRONMENTS\STARS\DEATHSKY_SKYBOWL01.BLP,m2-embedded-path,Environments\Stars\DeathSkybox.m2,44876,E9733D665DFABA514396E2695DE3E8AE4A931A0C,D:\Sirus\_client\World of Warcraft Sirus\Risen_Depths_Extract_2026-10-04\AssetClosure\ByArchive\common.mpq\ENVIRONMENTS\STARS\DEATHSKY_SKYBOWL01.BLP
1,common.mpq,ENVIRONMENTS\STARS\DEATHSKY_CLOUDS01.BLP,m2-embedded-path,Environments\Stars\DeathSkybox.m2,350724,BAFCA79FC007C0C69C88050A41C15B5A76265BA7,D:\Sirus\_client\World of Warcraft Sirus\Risen_Depths_Extract_2026-10-04\AssetClosure\ByArchive\common.mpq\ENVIRONMENTS\STARS\DEATHSKY_CLOUDS01.BLP
1,common.mpq,ENVIRONMENTS\STARS\DEATHSKY_CLOUDS02.BLP,m2-embedded-path,Environments\Stars\DeathSkybox.m2,350724,1F10FA4AF1A1AD50B78D9243A2089520F647D82C,D:\Sirus\_client\World of Warcraft Sirus\Risen_Depths_Extract_2026-10-04\AssetClosure\ByArchive\common.mpq\ENVIRONMENTS\STARS\DEATHSKY_CLOUDS02.BLP
1,common.mpq,ENVIRONMENTS\STARS\DEATHSKY_VORTEXCLOUD01.BLP,m2-embedded-path,Environments\Stars\DeathSkybox.m2,350724,59DB1AA623591A464F0CC954B2144C14FB55AEC9,D:\Sirus\_client\World of Warcraft Sirus\Risen_Depths_Extract_2026-10-04\AssetClosure\ByArchive\common.mpq\ENVIRONMENTS\STARS\DEATHSKY_VORTEXCLOUD01.BLP
1,common.mpq,ENVIRONMENTS\STARS\DEATHSKY_STREAM.BLP,m2-embedded-path,Environments\Stars\DeathSkybox.m2,88572,214948146A7059BDBDB44DBAD56E853E4A401FBC,D:\Sirus\_client\World of Warcraft Sirus\Risen_Depths_Extract_2026-10-04\AssetClosure\ByArchive\common.mpq\ENVIRONMENTS\STARS\DEATHSKY_STREAM.BLP
1,common.mpq,ENVIRONMENTS\STARS\DEATHSKY_MASK.BLP,m2-embedded-path,Environments\Stars\DeathSkybox.m2,44900,D72E19624BFDA7BB9A2E2230B4B54098B2B1E178,D:\Sirus\_client\World of Warcraft Sirus\Risen_Depths_Extract_2026-10-04\AssetClosure\ByArchive\common.mpq\ENVIRONMENTS\STARS\DEATHSKY_MASK.BLP
1,common.mpq,ENVIRONMENTS\STARS\WINTERGRASP_CLOUDMASK01.BLP,m2-embedded-path,World\Kalimdor\Hyjal\PassiveDoodads\Smoke\Hyjal_SmokeClouds.M2,350724,5EE2D052EF0581B2D2CEBE5210A011235B61EB0F,D:\Sirus\_client\World of Warcraft Sirus\Risen_Depths_Extract_2026-10-04\AssetClosure\ByArchive\common.mpq\ENVIRONMENTS\STARS\WINTERGRASP_CLOUDMASK01.BLP
1,patch-4.MPQ,DUNGEONS\TEXTURES\ROCK\JLO_MCAVEEX_ROCK.BLP,wmo-embedded-path|wmo-material-texture,WORLD\WMO\DUNGEON\MD_MOUNTAINCAVE\MD_MUSHROOMCAVE07.WMO | WORLD\WMO\DUNGEON\MD_MOUNTAINCAVE\MD_UNDERWATERCAVE_MEDIUM.WMO,44876,6B55074FE96730A46E904DE61EAE801BC79A1063,D:\Sirus\_client\World of Warcraft Sirus\Risen_Depths_Extract_2026-10-04\AssetClosure\ByArchive\patch-4.MPQ\DUNGEONS\TEXTURES\ROCK\JLO_MCAVEEX_ROCK.BLP
1,patch-4.MPQ,DUNGEONS\TEXTURES\NIGHTELFRUINS\NIGHTELF_COLUMN_UNDERWATER.BLP,m2-embedded-path|wmo-embedded-path|wmo-material-texture,WORLD\GENERIC\NIGHTELF\PASSIVE DOODADS\RUINS\AZRELFRUIN_UW01.M2 | WORLD\GENERIC\NIGHTELF\PASSIVE DOODADS\RUINS\AZRELFRUIN_UW03.M2 | WORLD\GENERIC\NIGHTELF\PASSIVE DOODADS\RUINS\AZRELFRUIN_UW04.M2 | WORLD\GENERIC\NIGHTELF\PASSIVE DOODADS\RUINS\AZRELFRUIN_UW07.M2 | WORLD\GENERIC\NIGHTELF\PASSIVE DOODADS\RUINS\AZRELFRUIN_UW08.M2 | WORLD\GENERIC\NIGHTELF\PASSIVE DOODADS\RUINS\AZRELFRUIN_UW09.M2 | WORLD\WMO\CATACLYSM\VASHJIR\BUILDINGS\VASHJIR_NIGHTELF_BROKEN_BRIDGE.WMO | WORLD\WMO\CATACLYSM\VASHJIR\BUILDINGS\VASHJIR_PALACE_BUILDINGS.WMO | WORLD\WMO\KALIMDOR\BUILDINGS\CLASSICALELFRUINS\AZRCLASSICALELFRUIN_UW01.WMO | WORLD\WMO\KALIMDOR\BUILDINGS\CLASSICALELFRUINS\AZRCLASSICALELFRUIN_UW02.WMO | WORLD\WMO\KALIMDOR\BUILDINGS\CLASSICALELFRUINS\AZRCLASSICALELFRUIN_UW03.WMO | WORLD\WMO\KALIMDOR\BUILDINGS\CLASSICALELFRUINS\AZRCLASSICALELFRUIN_UW05.WMO | WORLD\WMO\KALIMDOR\BUILDINGS\CLASSICALELFRUINS\AZRCLASSICALELFRUIN_UW06.WMO | WORLD\WMO\KALIMDOR\BUILDINGS\CLASSICALELFRUINS\AZRCLASSICALELFRUIN_UW07.WMO | WORLD\WMO\KALIMDOR\BUILDINGS\CLASSICALELFRUINS\AZRCLASSICALELFRUIN_UW09.WMO | WORLD\WMO\KALIMDOR\BUILDINGS\CLASSICALELFRUINS\AZRCLASSICALELFRUIN_UW10.WMO,44876,6C0EE71EC4519ECDEC124342153E4A67F500BE22,D:\Sirus\_client\World of Warcraft Sirus\Risen_Depths_Extract_2026-10-04\AssetClosure\ByArchive\patch-4.MPQ\DUNGEONS\TEXTURES\NIGHTELFRUINS\NIGHTELF_COLUMN_UNDERWATER.BLP
1,patch-4.MPQ,DUNGEONS\TEXTURES\NIGHTELFRUINS\NIGHTELF_RUBBLE_UNDERWATER.BLP,m2-embedded-path|wmo-embedded-path|wmo-material-texture,WORLD\GENERIC\NIGHTELF\PASSIVE DOODADS\RUINS\AZRELFRUIN_UW01.M2 | WORLD\GENERIC\NIGHTELF\PASSIVE DOODADS\RUINS\AZRELFRUIN_UW03.M2 | WORLD\GENERIC\NIGHTELF\PASSIVE DOODADS\RUINS\AZRELFRUIN_UW04.M2 | WORLD\GENERIC\NIGHTELF\PASSIVE DOODADS\RUINS\AZRELFRUIN_UW07.M2 | WORLD\GENERIC\NIGHTELF\PASSIVE DOODADS\RUINS\AZRELFRUIN_UW08.M2 | WORLD\GENERIC\NIGHTELF\PASSIVE DOODADS\RUINS\AZRELFRUIN_UW09.M2 | WORLD\GENERIC\NIGHTELF\PASSIVE DOODADS\RUINS\AZRELFRUIN_UW10.M2 | WORLD\WMO\CATACLYSM\VASHJIR\BUILDINGS\VASHJIR_NIGHTELF_BROKEN_BRIDGE.WMO | WORLD\WMO\CATACLYSM\VASHJIR\BUILDINGS\VASHJIR_PALACE_BUILDINGS.WMO | WORLD\WMO\KALIMDOR\BUILDINGS\CLASSICALELFRUINS\AZRCLASSICALELFRUIN_UW01.WMO | WORLD\WMO\KALIMDOR\BUILDINGS\CLASSICALELFRUINS\AZRCLASSICALELFRUIN_UW02.WMO | WORLD\WMO\KALIMDOR\BUILDINGS\CLASSICALELFRUINS\AZRCLASSICALELFRUIN_UW03.WMO | WORLD\WMO\KALIMDOR\BUILDINGS\CLASSICALELFRUINS\AZRCLASSICALELFRUIN_UW05.WMO | WORLD\WMO\KALIMDOR\BUILDINGS\CLASSICALELFRUINS\AZRCLASSICALELFRUIN_UW06.WMO | WORLD\WMO\KALIMDOR\BUILDINGS\CLASSICALELFRUINS\AZRCLASSICALELFRUIN_UW09.WMO | WORLD\WMO\KALIMDOR\BUILDINGS\CLASSICALELFRUINS\AZRCLASSICALELFRUIN_UW10.WMO,44876,8D2C5BC55FA468D98CF05DB958C190A09E61B3EF,D:\Sirus\_client\World of Warcraft Sirus\Risen_Depths_Extract_2026-10-04\AssetClosure\ByArchive\patch-4.MPQ\DUNGEONS\TEXTURES\NIGHTELFRUINS\NIGHTELF_RUBBLE_UNDERWATER.BLP
1,patch-4.MPQ,DUNGEONS\TEXTURES\NIGHTELFRUINS\NIGHTELF_TRIMS_UNDERWATER.BLP,m2-embedded-path|wmo-embedded-path|wmo-material-texture,WORLD\GENERIC\NIGHTELF\PASSIVE DOODADS\RUINS\AZRELFRUIN_UW01.M2 | WORLD\GENERIC\NIGHTELF\PASSIVE DOODADS\RUINS\AZRELFRUIN_UW03.M2 | WORLD\GENERIC\NIGHTELF\PASSIVE DOODADS\RUINS\AZRELFRUIN_UW04.M2 | WORLD\GENERIC\NIGHTELF\PASSIVE DOODADS\RUINS\AZRELFRUIN_UW07.M2 | WORLD\GENERIC\NIGHTELF\PASSIVE DOODADS\RUINS\AZRELFRUIN_UW08.M2 | WORLD\GENERIC\NIGHTELF\PASSIVE DOODADS\RUINS\AZRELFRUIN_UW09.M2 | WORLD\GENERIC\NIGHTELF\PASSIVE DOODADS\RUINS\AZRELFRUIN_UW10.M2 | WORLD\WMO\CATACLYSM\VASHJIR\BUILDINGS\VASHJIR_NIGHTELF_BROKEN_BRIDGE.WMO | WORLD\WMO\CATACLYSM\VASHJIR\BUILDINGS\VASHJIR_PALACE_BUILDINGS.WMO | WORLD\WMO\KALIMDOR\BUILDINGS\CLASSICALELFRUINS\AZRCLASSICALELFRUIN_UW01.WMO | WORLD\WMO\KALIMDOR\BUILDINGS\CLASSICALELFRUINS\AZRCLASSICALELFRUIN_UW02.WMO | WORLD\WMO\KALIMDOR\BUILDINGS\CLASSICALELFRUINS\AZRCLASSICALELFRUIN_UW03.WMO | WORLD\WMO\KALIMDOR\BUILDINGS\CLASSICALELFRUINS\AZRCLASSICALELFRUIN_UW05.WMO | WORLD\WMO\KALIMDOR\BUILDINGS\CLASSICALELFRUINS\AZRCLASSICALELFRUIN_UW06.WMO | WORLD\WMO\KALIMDOR\BUILDINGS\CLASSICALELFRUINS\AZRCLASSICALELFRUIN_UW07.WMO | WORLD\WMO\KALIMDOR\BUILDINGS\CLASSICALELFRUINS\AZRCLASSICALELFRUIN_UW08.WMO | WORLD\WMO\KALIMDOR\BUILDINGS\CLASSICALELFRUINS\AZRCLASSICALELFRUIN_UW09.WMO | WORLD\WMO\KALIMDOR\BUILDINGS\CLASSICALELFRUINS\AZRCLASSICALELFRUIN_UW10.WMO,44876,E9CEFEA792852F19381B8D25FCED0BFEBB6F8FE3,D:\Sirus\_client\World of Warcraft Sirus\Risen_Depths_Extract_2026-10-04\AssetClosure\ByArchive\patch-4.MPQ\DUNGEONS\TEXTURES\NIGHTELFRUINS\NIGHTELF_TRIMS_UNDERWATER.BLP
1,patch-4.MPQ,DUNGEONS\TEXTURES\NIGHTELFRUINS\NIGHTELF_BRICK_ARCH_UNDERWATER.BLP,m2-embedded-path|wmo-embedded-path|wmo-material-texture,WORLD\GENERIC\NIGHTELF\PASSIVE DOODADS\RUINS\AZRELFRUIN_UW09.M2 | WORLD\GENERIC\NIGHTELF\PASSIVE DOODADS\RUINS\AZRELFRUIN_UW10.M2 | WORLD\WMO\CATACLYSM\VASHJIR\BUILDINGS\VASHJIR_PALACE_BUILDINGS.WMO | WORLD\WMO\KALIMDOR\BUILDINGS\CLASSICALELFRUINS\AZRCLASSICALELFRUIN_UW01.WMO | WORLD\WMO\KALIMDOR\BUILDINGS\CLASSICALELFRUINS\AZRCLASSICALELFRUIN_UW02.WMO | WORLD\WMO\KALIMDOR\BUILDINGS\CLASSICALELFRUINS\AZRCLASSICALELFRUIN_UW03.WMO | WORLD\WMO\KALIMDOR\BUILDINGS\CLASSICALELFRUINS\AZRCLASSICALELFRUIN_UW05.WMO | WORLD\WMO\KALIMDOR\BUILDINGS\CLASSICALELFRUINS\AZRCLASSICALELFRUIN_UW07.WMO | WORLD\WMO\KALIMDOR\BUILDINGS\CLASSICALELFRUINS\AZRCLASSICALELFRUIN_UW08.WMO | WORLD\WMO\KALIMDOR\BUILDINGS\CLASSICALELFRUINS\AZRCLASSICALELFRUIN_UW09.WMO | WORLD\WMO\KALIMDOR\BUILDINGS\CLASSICALELFRUINS\AZRCLASSICALELFRUIN_UW10.WMO,44876,14E3A260625D4AED2914DC8011AC8F553A22A55D,D:\Sirus\_client\World of Warcraft Sirus\Risen_Depths_Extract_2026-10-04\AssetClosure\ByArchive\patch-4.MPQ\DUNGEONS\TEXTURES\NIGHTELFRUINS\NIGHTELF_BRICK_ARCH_UNDERWATER.BLP
1,patch-4.MPQ,Dungeons\TEXTURES\HOZU\DK_MOUNTAIN_HOZU_CAVE_GROUND01.BLP,wmo-embedded-path|wmo-material-texture,WORLD\WMO\BROKENISLES\ARAKNASHAL\7AN_MOUNTAINCAVE_MEDIUM01.WMO,44876,7DCEA750E5AF252CD12ACE5C4DB5B8BBFA9110BC,D:\Sirus\_client\World of Warcraft Sirus\Risen_Depths_Extract_2026-10-04\AssetClosure\ByArchive\patch-4.MPQ\Dungeons\TEXTURES\HOZU\DK_MOUNTAIN_HOZU_CAVE_GROUND01.BLP
1,patch-4.MPQ,Dungeons\TEXTURES\PANDAREN\VERMING\PR_VERMING_DIRT2.BLP,wmo-embedded-path|wmo-material-texture,WORLD\WMO\BROKENISLES\ARAKNASHAL\7AN_MOUNTAINCAVE_MEDIUM01.WMO,44876,8AF70C53CA246FB5165A1CB39611E8E6171D2477,D:\Sirus\_client\World of Warcraft Sirus\Risen_Depths_Extract_2026-10-04\AssetClosure\ByArchive\patch-4.MPQ\Dungeons\TEXTURES\PANDAREN\VERMING\PR_VERMING_DIRT2.BLP
1,patch-4.MPQ,Dungeons\TEXTURES\HOZU\DK_MOUNTAIN_HOZU_WALL01.BLP,wmo-embedded-path|wmo-material-texture,WORLD\WMO\BROKENISLES\ARAKNASHAL\7AN_MOUNTAINCAVE_MEDIUM01.WMO,44876,1C038BBB84B335E5EC438D26AE338661E4ACF412,D:\Sirus\_client\World of Warcraft Sirus\Risen_Depths_Extract_2026-10-04\AssetClosure\ByArchive\patch-4.MPQ\Dungeons\TEXTURES\HOZU\DK_MOUNTAIN_HOZU_WALL01.BLP
1,patch-4.MPQ,Dungeons\TEXTURES\HOZU\DK_MOUNTAIN_HOZU_MCAVE_CEILING.BLP,wmo-embedded-path|wmo-material-texture,WORLD\WMO\BROKENISLES\ARAKNASHAL\7AN_MOUNTAINCAVE_MEDIUM01.WMO,44876,AC74F2AD111E402D2B803D61EDFF0DBAB722CBA1,D:\Sirus\_client\World of Warcraft Sirus\Risen_Depths_Extract_2026-10-04\AssetClosure\ByArchive\patch-4.MPQ\Dungeons\TEXTURES\HOZU\DK_MOUNTAIN_HOZU_MCAVE_CEILING.BLP
1,patch-4.MPQ,Dungeons\TEXTURES\HOZU\DK_MOUNTAIN_HOZU_MCAVE_CRYSTAL.BLP,wmo-embedded-path|wmo-material-texture,WORLD\WMO\BROKENISLES\ARAKNASHAL\7AN_MOUNTAINCAVE_MEDIUM01.WMO,44876,5CDA3EBA818383A4A6303209FDB96CBE55361C1E,D:\Sirus\_client\World of Warcraft Sirus\Risen_Depths_Extract_2026-10-04\AssetClosure\ByArchive\patch-4.MPQ\Dungeons\TEXTURES\HOZU\DK_MOUNTAIN_HOZU_MCAVE_CRYSTAL.BLP
1,patch-4.MPQ,Dungeons\TEXTURES\HOZU\DK_MOUNTAIN_HOZU_CAVE_ROCK04.BLP,wmo-embedded-path|wmo-material-texture,WORLD\WMO\BROKENISLES\ARAKNASHAL\7AN_MOUNTAINCAVE_MEDIUM01.WMO,44876,D12154C638DAB92D194DD03BCA6696182BE220AC,D:\Sirus\_client\World of Warcraft Sirus\Risen_Depths_Extract_2026-10-04\AssetClosure\ByArchive\patch-4.MPQ\Dungeons\TEXTURES\HOZU\DK_MOUNTAIN_HOZU_CAVE_ROCK04.BLP
1,patch-4.MPQ,Dungeons\TEXTURES\HOZU\DK_MOUNTAIN_HOZU_CAVE_TRANS.BLP,wmo-embedded-path|wmo-material-texture,WORLD\WMO\BROKENISLES\ARAKNASHAL\7AN_MOUNTAINCAVE_MEDIUM01.WMO,44876,B354A93A86DDC04AC938A995041B41BE3BA5F3C9,D:\Sirus\_client\World of Warcraft Sirus\Risen_Depths_Extract_2026-10-04\AssetClosure\ByArchive\patch-4.MPQ\Dungeons\TEXTURES\HOZU\DK_MOUNTAIN_HOZU_CAVE_TRANS.BLP
1,patch-4.MPQ,Dungeons\TEXTURES\HOZU\DK_MOUNTAIN_MCAVE_PILLAR.BLP,wmo-embedded-path|wmo-material-texture,WORLD\WMO\BROKENISLES\ARAKNASHAL\7AN_MOUNTAINCAVE_MEDIUM01.WMO,44876,7327A0F8D2452D79DFEFF022DC86D6883F108F99,D:\Sirus\_client\World of Warcraft Sirus\Risen_Depths_Extract_2026-10-04\AssetClosure\ByArchive\patch-4.MPQ\Dungeons\TEXTURES\HOZU\DK_MOUNTAIN_MCAVE_PILLAR.BLP
1,patch-4.MPQ,TILESET\7.0\ARAKNASHAL\DATA\7AN_ROCK01_512.BLP,wmo-embedded-path|wmo-material-texture,WORLD\WMO\BROKENISLES\ARAKNASHAL\7AN_MOUNTAINCAVE_MEDIUM01.WMO,700236,6BDB3E6ED469A1538607AC295F8FBA493F1EB8E7,D:\Sirus\_client\World of Warcraft Sirus\Risen_Depths_Extract_2026-10-04\AssetClosure\ByArchive\patch-4.MPQ\TILESET\7.0\ARAKNASHAL\DATA\7AN_ROCK01_512.BLP
1,patch-4.MPQ,TILESET\7.0\ARAKNASHAL\DATA\7AN_ROCK02_512.BLP,wmo-embedded-path|wmo-material-texture,WORLD\WMO\BROKENISLES\ARAKNASHAL\7AN_MOUNTAINCAVE_MEDIUM01.WMO,175948,F0356926286F34ABD2881022F5C9E59B5E8F9DD8,D:\Sirus\_client\World of Warcraft Sirus\Risen_Depths_Extract_2026-10-04\AssetClosure\ByArchive\patch-4.MPQ\TILESET\7.0\ARAKNASHAL\DATA\7AN_ROCK02_512.BLP
1,patch-4.MPQ,Dungeons\TEXTURES\TESTS\BLACK.BLP,wmo-embedded-path|wmo-material-texture,WORLD\WMO\BROKENISLES\ARAKNASHAL\7AN_MOUNTAINCAVE_MEDIUM01.WMO,3916,AF6D7291605EA3B5A214E519A2B7942755850488,D:\Sirus\_client\World of Warcraft Sirus\Risen_Depths_Extract_2026-10-04\AssetClosure\ByArchive\patch-4.MPQ\Dungeons\TEXTURES\TESTS\BLACK.BLP
1,patch-4.MPQ,Dungeons\TEXTURES\PANDAREN\MOGU_ANCIENT\PR_MOGU_CRYPT_DIRT.BLP,wmo-embedded-path|wmo-material-texture,WORLD\WMO\BROKENISLES\ARAKNASHAL\7AN_MOUNTAINCAVE_MEDIUM01.WMO,44876,A33AE060FD88CDDEB6A9D62529E7DA5C29B415E4,D:\Sirus\_client\World of Warcraft Sirus\Risen_Depths_Extract_2026-10-04\AssetClosure\ByArchive\patch-4.MPQ\Dungeons\TEXTURES\PANDAREN\MOGU_ANCIENT\PR_MOGU_CRYPT_DIRT.BLP
1,patch-4.MPQ,Dungeons\TEXTURES\TEMP\64.BLP,wmo-embedded-path|wmo-material-texture,WORLD\WMO\BROKENISLES\ARAKNASHAL\7AN_MOUNTAINCAVE_MEDIUM01.WMO | WORLD\WMO\CATACLYSM\VASHJIR\CAVES\VASHJIRLARGECAVE_A.WMO | WORLD\WMO\DUNGEON\MD_SHIPWRECK\TRANSPORT_SHIPWRECK_SUNKENSHIP.WMO,3916,2B81001013488FFF95D8D651074FAEE0079C65A6,D:\Sirus\_client\World of Warcraft Sirus\Risen_Depths_Extract_2026-10-04\AssetClosure\ByArchive\patch-4.MPQ\Dungeons\TEXTURES\TEMP\64.BLP
1,patch-4.MPQ,DUNGEONS\TEXTURES\NIGHTELFRUINS\NIGHTELF_BRICK_ARCH_UNDERWATER_2.BLP,wmo-embedded-path|wmo-material-texture,WORLD\WMO\CATACLYSM\VASHJIR\BUILDINGS\VASHJIR_NIGHTELF_BROKEN_BRIDGE.WMO,44876,8D8922C6B1924DE3B41E587D2B4CB037525B0ECB,D:\Sirus\_client\World of Warcraft Sirus\Risen_Depths_Extract_2026-10-04\AssetClosure\ByArchive\patch-4.MPQ\DUNGEONS\TEXTURES\NIGHTELFRUINS\NIGHTELF_BRICK_ARCH_UNDERWATER_2.BLP
1,patch-4.MPQ,DUNGEONS\TEXTURES\NIGHTELFRUINS\NIGHTELF_MOSS_UNDERWATER.BLP,wmo-embedded-path|wmo-material-texture,WORLD\WMO\CATACLYSM\VASHJIR\BUILDINGS\VASHJIR_NIGHTELF_BROKEN_BRIDGE.WMO | WORLD\WMO\CATACLYSM\VASHJIR\BUILDINGS\VASHJIR_PALACE_BUILDINGS.WMO | WORLD\WMO\KALIMDOR\BUILDINGS\CLASSICALELFRUINS\AZRCLASSICALELFRUIN_UW01.WMO | WORLD\WMO\KALIMDOR\BUILDINGS\CLASSICALELFRUINS\AZRCLASSICALELFRUIN_UW02.WMO | WORLD\WMO\KALIMDOR\BUILDINGS\CLASSICALELFRUINS\AZRCLASSICALELFRUIN_UW03.WMO | WORLD\WMO\KALIMDOR\BUILDINGS\CLASSICALELFRUINS\AZRCLASSICALELFRUIN_UW05.WMO | WORLD\WMO\KALIMDOR\BUILDINGS\CLASSICALELFRUINS\AZRCLASSICALELFRUIN_UW06.WMO | WORLD\WMO\KALIMDOR\BUILDINGS\CLASSICALELFRUINS\AZRCLASSICALELFRUIN_UW07.WMO | WORLD\WMO\KALIMDOR\BUILDINGS\CLASSICALELFRUINS\AZRCLASSICALELFRUIN_UW08.WMO | WORLD\WMO\KALIMDOR\BUILDINGS\CLASSICALELFRUINS\AZRCLASSICALELFRUIN_UW09.WMO | WORLD\WMO\KALIMDOR\BUILDINGS\CLASSICALELFRUINS\AZRCLASSICALELFRUIN_UW10.WMO,175948,A48D2E62100D4DC6AF51D8425D6DC909725A5701,D:\Sirus\_client\World of Warcraft Sirus\Risen_Depths_Extract_2026-10-04\AssetClosure\ByArchive\patch-4.MPQ\DUNGEONS\TEXTURES\NIGHTELFRUINS\NIGHTELF_MOSS_UNDERWATER.BLP
1,patch-4.MPQ,DUNGEONS\TEXTURES\NIGHTELFRUINS\NIGHTELF_WALL_TOP_UNDERWATER.BLP,wmo-embedded-path|wmo-material-texture,WORLD\WMO\CATACLYSM\VASHJIR\BUILDINGS\VASHJIR_NIGHTELF_BROKEN_BRIDGE.WMO | WORLD\WMO\CATACLYSM\VASHJIR\BUILDINGS\VASHJIR_PALACE_BUILDINGS.WMO | WORLD\WMO\KALIMDOR\BUILDINGS\CLASSICALELFRUINS\AZRCLASSICALELFRUIN_UW03.WMO | WORLD\WMO\KALIMDOR\BUILDINGS\CLASSICALELFRUINS\AZRCLASSICALELFRUIN_UW05.WMO | WORLD\WMO\KALIMDOR\BUILDINGS\CLASSICALELFRUINS\AZRCLASSICALELFRUIN_UW06.WMO | WORLD\WMO\KALIMDOR\BUILDINGS\CLASSICALELFRUINS\AZRCLASSICALELFRUIN_UW09.WMO,44876,59583EB0462A0FFE99B76338FEB43DBACB42A0DA,D:\Sirus\_client\World of Warcraft Sirus\Risen_Depths_Extract_2026-10-04\AssetClosure\ByArchive\patch-4.MPQ\DUNGEONS\TEXTURES\NIGHTELFRUINS\NIGHTELF_WALL_TOP_UNDERWATER.BLP
1,patch-4.MPQ,DUNGEONS\TEXTURES\NIGHTELFRUINS\NIGHTELF_WALL_BOTTOM_UNDERWATER.BLP,wmo-embedded-path|wmo-material-texture,WORLD\WMO\CATACLYSM\VASHJIR\BUILDINGS\VASHJIR_PALACE_BUILDINGS.WMO | WORLD\WMO\KALIMDOR\BUILDINGS\CLASSICALELFRUINS\AZRCLASSICALELFRUIN_UW01.WMO | WORLD\WMO\KALIMDOR\BUILDINGS\CLASSICALELFRUINS\AZRCLASSICALELFRUIN_UW02.WMO | WORLD\WMO\KALIMDOR\BUILDINGS\CLASSICALELFRUINS\AZRCLASSICALELFRUIN_UW03.WMO | WORLD\WMO\KALIMDOR\BUILDINGS\CLASSICALELFRUINS\AZRCLASSICALELFRUIN_UW06.WMO | WORLD\WMO\KALIMDOR\BUILDINGS\CLASSICALELFRUINS\AZRCLASSICALELFRUIN_UW07.WMO | WORLD\WMO\KALIMDOR\BUILDINGS\CLASSICALELFRUINS\AZRCLASSICALELFRUIN_UW08.WMO | WORLD\WMO\KALIMDOR\BUILDINGS\CLASSICALELFRUINS\AZRCLASSICALELFRUIN_UW09.WMO | WORLD\WMO\KALIMDOR\BUILDINGS\CLASSICALELFRUINS\AZRCLASSICALELFRUIN_UW10.WMO,44876,50E1376715914C382E16569728DFFE3314648A98,D:\Sirus\_client\World of Warcraft Sirus\Risen_Depths_Extract_2026-10-04\AssetClosure\ByArchive\patch-4.MPQ\DUNGEONS\TEXTURES\NIGHTELFRUINS\NIGHTELF_WALL_BOTTOM_UNDERWATER.BLP
1,patch-4.MPQ,DUNGEONS\TEXTURES\NIGHTELFRUINS\NIGHTELF_WINDOW_UNDERWATER.BLP,wmo-embedded-path|wmo-material-texture,WORLD\WMO\CATACLYSM\VASHJIR\BUILDINGS\VASHJIR_PALACE_BUILDINGS.WMO | WORLD\WMO\KALIMDOR\BUILDINGS\CLASSICALELFRUINS\AZRCLASSICALELFRUIN_UW02.WMO | WORLD\WMO\KALIMDOR\BUILDINGS\CLASSICALELFRUINS\AZRCLASSICALELFRUIN_UW05.WMO | WORLD\WMO\KALIMDOR\BUILDINGS\CLASSICALELFRUINS\AZRCLASSICALELFRUIN_UW09.WMO | WORLD\WMO\KALIMDOR\BUILDINGS\CLASSICALELFRUINS\AZRCLASSICALELFRUIN_UW10.WMO,44876,BABA4A1169D6CC9C23DDDEF9ABE6ED55D7FC42A8,D:\Sirus\_client\World of Warcraft Sirus\Risen_Depths_Extract_2026-10-04\AssetClosure\ByArchive\patch-4.MPQ\DUNGEONS\TEXTURES\NIGHTELFRUINS\NIGHTELF_WINDOW_UNDERWATER.BLP
1,patch-4.MPQ,DUNGEONS\TEXTURES\NIGHTELFRUINS\NIGHTELF_FLOOR_UNDERWATER.BLP,wmo-embedded-path|wmo-material-texture,WORLD\WMO\CATACLYSM\VASHJIR\BUILDINGS\VASHJIR_PALACE_BUILDINGS.WMO | WORLD\WMO\KALIMDOR\BUILDINGS\CLASSICALELFRUINS\AZRCLASSICALELFRUIN_UW01.WMO | WORLD\WMO\KALIMDOR\BUILDINGS\CLASSICALELFRUINS\AZRCLASSICALELFRUIN_UW02.WMO | WORLD\WMO\KALIMDOR\BUILDINGS\CLASSICALELFRUINS\AZRCLASSICALELFRUIN_UW03.WMO | WORLD\WMO\KALIMDOR\BUILDINGS\CLASSICALELFRUINS\AZRCLASSICALELFRUIN_UW05.WMO | WORLD\WMO\KALIMDOR\BUILDINGS\CLASSICALELFRUINS\AZRCLASSICALELFRUIN_UW06.WMO | WORLD\WMO\KALIMDOR\BUILDINGS\CLASSICALELFRUINS\AZRCLASSICALELFRUIN_UW07.WMO | WORLD\WMO\KALIMDOR\BUILDINGS\CLASSICALELFRUINS\AZRCLASSICALELFRUIN_UW08.WMO | WORLD\WMO\KALIMDOR\BUILDINGS\CLASSICALELFRUINS\AZRCLASSICALELFRUIN_UW09.WMO | WORLD\WMO\KALIMDOR\BUILDINGS\CLASSICALELFRUINS\AZRCLASSICALELFRUIN_UW10.WMO,44876,7D5A6E267BD2B2B78E071D1A88EBB259E3F15456,D:\Sirus\_client\World of Warcraft Sirus\Risen_Depths_Extract_2026-10-04\AssetClosure\ByArchive\patch-4.MPQ\DUNGEONS\TEXTURES\NIGHTELFRUINS\NIGHTELF_FLOOR_UNDERWATER.BLP
1,patch-4.MPQ,DUNGEONS\TEXTURES\NIGHTELFRUINS\NIGHTELF_WALL_PANEL_UNDERWATER.BLP,wmo-embedded-path|wmo-material-texture,WORLD\WMO\CATACLYSM\VASHJIR\BUILDINGS\VASHJIR_PALACE_BUILDINGS.WMO | WORLD\WMO\KALIMDOR\BUILDINGS\CLASSICALELFRUINS\AZRCLASSICALELFRUIN_UW02.WMO | WORLD\WMO\KALIMDOR\BUILDINGS\CLASSICALELFRUINS\AZRCLASSICALELFRUIN_UW03.WMO | WORLD\WMO\KALIMDOR\BUILDINGS\CLASSICALELFRUINS\AZRCLASSICALELFRUIN_UW06.WMO | WORLD\WMO\KALIMDOR\BUILDINGS\CLASSICALELFRUINS\AZRCLASSICALELFRUIN_UW09.WMO | WORLD\WMO\KALIMDOR\BUILDINGS\CLASSICALELFRUINS\AZRCLASSICALELFRUIN_UW10.WMO,44876,787389B151D063F7CC273A6671F04D7E7B8EAD5C,D:\Sirus\_client\World of Warcraft Sirus\Risen_Depths_Extract_2026-10-04\AssetClosure\ByArchive\patch-4.MPQ\DUNGEONS\TEXTURES\NIGHTELFRUINS\NIGHTELF_WALL_PANEL_UNDERWATER.BLP
1,patch-4.MPQ,DUNGEONS\TEXTURES\NIGHTELFRUINS\NIGHTELF_ARCHES_UNDERWATER.BLP,wmo-embedded-path|wmo-material-texture,WORLD\WMO\CATACLYSM\VASHJIR\BUILDINGS\VASHJIR_PALACE_BUILDINGS.WMO | WORLD\WMO\KALIMDOR\BUILDINGS\CLASSICALELFRUINS\AZRCLASSICALELFRUIN_UW02.WMO | WORLD\WMO\KALIMDOR\BUILDINGS\CLASSICALELFRUINS\AZRCLASSICALELFRUIN_UW05.WMO | WORLD\WMO\KALIMDOR\BUILDINGS\CLASSICALELFRUINS\AZRCLASSICALELFRUIN_UW09.WMO | WORLD\WMO\KALIMDOR\BUILDINGS\CLASSICALELFRUINS\AZRCLASSICALELFRUIN_UW10.WMO,44876,E3697EF0DED308F1DE0A963D5629C9D76DBEF8AE,D:\Sirus\_client\World of Warcraft Sirus\Risen_Depths_Extract_2026-10-04\AssetClosure\ByArchive\patch-4.MPQ\DUNGEONS\TEXTURES\NIGHTELFRUINS\NIGHTELF_ARCHES_UNDERWATER.BLP
1,patch-4.MPQ,DUNGEONS\TEXTURES\NIGHTELFRUINS\NIGHTELF_TRIANGLE_UNDERWATER.BLP,wmo-embedded-path|wmo-material-texture,WORLD\WMO\CATACLYSM\VASHJIR\BUILDINGS\VASHJIR_PALACE_BUILDINGS.WMO | WORLD\WMO\KALIMDOR\BUILDINGS\CLASSICALELFRUINS\AZRCLASSICALELFRUIN_UW03.WMO | WORLD\WMO\KALIMDOR\BUILDINGS\CLASSICALELFRUINS\AZRCLASSICALELFRUIN_UW05.WMO | WORLD\WMO\KALIMDOR\BUILDINGS\CLASSICALELFRUINS\AZRCLASSICALELFRUIN_UW06.WMO | WORLD\WMO\KALIMDOR\BUILDINGS\CLASSICALELFRUINS\AZRCLASSICALELFRUIN_UW09.WMO,44876,DFE821D4ADBAEE45020B20DBEB821D14F4F1C7F3,D:\Sirus\_client\World of Warcraft Sirus\Risen_Depths_Extract_2026-10-04\AssetClosure\ByArchive\patch-4.MPQ\DUNGEONS\TEXTURES\NIGHTELFRUINS\NIGHTELF_TRIANGLE_UNDERWATER.BLP
1,patch-4.MPQ,DUNGEONS\TEXTURES\NIGHTELFRUINS\NIGHTELF_BRICK_SWIRLY_UNDERWATER.BLP,wmo-embedded-path|wmo-material-texture,WORLD\WMO\CATACLYSM\VASHJIR\BUILDINGS\VASHJIR_PALACE_BUILDINGS.WMO | WORLD\WMO\KALIMDOR\BUILDINGS\CLASSICALELFRUINS\AZRCLASSICALELFRUIN_UW09.WMO,44876,A4519CCA78F2498096D737530366D0141F50DF02,D:\Sirus\_client\World of Warcraft Sirus\Risen_Depths_Extract_2026-10-04\AssetClosure\ByArchive\patch-4.MPQ\DUNGEONS\TEXTURES\NIGHTELFRUINS\NIGHTELF_BRICK_SWIRLY_UNDERWATER.BLP
1,patch-4.MPQ,DUNGEONS\TEXTURES\NIGHTELFRUINS\NIGHTELF_BRICK_UNDERWATER.BLP,wmo-embedded-path|wmo-material-texture,WORLD\WMO\CATACLYSM\VASHJIR\BUILDINGS\VASHJIR_PALACE_BUILDINGS.WMO,44876,498001C21D77DF3AED9F351927ED35B239DE8835,D:\Sirus\_client\World of Warcraft Sirus\Risen_Depths_Extract_2026-10-04\AssetClosure\ByArchive\patch-4.MPQ\DUNGEONS\TEXTURES\NIGHTELFRUINS\NIGHTELF_BRICK_UNDERWATER.BLP
1,patch-4.MPQ,DUNGEONS\TEXTURES\NIGHTELFRUINS\NIGHTELF_SLATE_UNDERWATER.BLP,wmo-embedded-path|wmo-material-texture,WORLD\WMO\CATACLYSM\VASHJIR\BUILDINGS\VASHJIR_PALACE_BUILDINGS.WMO | WORLD\WMO\KALIMDOR\BUILDINGS\CLASSICALELFRUINS\AZRCLASSICALELFRUIN_UW08.WMO | WORLD\WMO\KALIMDOR\BUILDINGS\CLASSICALELFRUINS\AZRCLASSICALELFRUIN_UW09.WMO,44876,9E25405BC8AC42368174CE017CDE120820AB4EDF,D:\Sirus\_client\World of Warcraft Sirus\Risen_Depths_Extract_2026-10-04\AssetClosure\ByArchive\patch-4.MPQ\DUNGEONS\TEXTURES\NIGHTELFRUINS\NIGHTELF_SLATE_UNDERWATER.BLP
1,patch-4.MPQ,DUNGEONS\TEXTURES\NIGHTELFRUINS\NIGHTELF_ARCHES_UNDERWATER_2.BLP,wmo-embedded-path|wmo-material-texture,WORLD\WMO\CATACLYSM\VASHJIR\BUILDINGS\VASHJIR_PALACE_BUILDINGS.WMO,44876,C6D524D23124F66583BF41B7FB4555C7D871990E,D:\Sirus\_client\World of Warcraft Sirus\Risen_Depths_Extract_2026-10-04\AssetClosure\ByArchive\patch-4.MPQ\DUNGEONS\TEXTURES\NIGHTELFRUINS\NIGHTELF_ARCHES_UNDERWATER_2.BLP
1,patch-4.MPQ,DUNGEONS\TEXTURES\NIGHTELFRUINS\NIGHTELF_PILLAR_BOTTOM_UNDERWATER.BLP,wmo-embedded-path|wmo-material-texture,WORLD\WMO\CATACLYSM\VASHJIR\BUILDINGS\VASHJIR_PALACE_BUILDINGS.WMO | WORLD\WMO\KALIMDOR\BUILDINGS\CLASSICALELFRUINS\AZRCLASSICALELFRUIN_UW09.WMO,44876,B1B99A634CAD3027E4559BAD2B4E0A19052FA6BE,D:\Sirus\_client\World of Warcraft Sirus\Risen_Depths_Extract_2026-10-04\AssetClosure\ByArchive\patch-4.MPQ\DUNGEONS\TEXTURES\NIGHTELFRUINS\NIGHTELF_PILLAR_BOTTOM_UNDERWATER.BLP
1,patch-4.MPQ,DUNGEONS\TEXTURES\NIGHTELFRUINS\VJ_STATUE01.BLP,wmo-embedded-path|wmo-material-texture,WORLD\WMO\CATACLYSM\VASHJIR\BUILDINGS\VASHJIR_PALACE_BUILDINGS.WMO,44876,027C515AD40B27388EB1062AD65A46AAB08762D5,D:\Sirus\_client\World of Warcraft Sirus\Risen_Depths_Extract_2026-10-04\AssetClosure\ByArchive\patch-4.MPQ\DUNGEONS\TEXTURES\NIGHTELFRUINS\VJ_STATUE01.BLP
1,patch-4.MPQ,DUNGEONS\TEXTURES\NIGHTELFRUINS\VJ_STATUE02.BLP,wmo-embedded-path|wmo-material-texture,WORLD\WMO\CATACLYSM\VASHJIR\BUILDINGS\VASHJIR_PALACE_BUILDINGS.WMO,44876,66B73839FA008BD27FCC825AEC049339EB736815,D:\Sirus\_client\World of Warcraft Sirus\Risen_Depths_Extract_2026-10-04\AssetClosure\ByArchive\patch-4.MPQ\DUNGEONS\TEXTURES\NIGHTELFRUINS\VJ_STATUE02.BLP
1,patch-4.MPQ,DUNGEONS\TEXTURES\NIGHTELFRUINS\VJ_STATUE03.BLP,wmo-embedded-path|wmo-material-texture,WORLD\WMO\CATACLYSM\VASHJIR\BUILDINGS\VASHJIR_PALACE_BUILDINGS.WMO,23036,A3219588574D8B14E087A422B6818985CBE9A882,D:\Sirus\_client\World of Warcraft Sirus\Risen_Depths_Extract_2026-10-04\AssetClosure\ByArchive\patch-4.MPQ\DUNGEONS\TEXTURES\NIGHTELFRUINS\VJ_STATUE03.BLP
1,patch-4.MPQ,DUNGEONS\TEXTURES\NIGHTELFRUINS\NIGHTELF_STAIRS_UNDERWATER.BLP,wmo-embedded-path|wmo-material-texture,WORLD\WMO\CATACLYSM\VASHJIR\BUILDINGS\VASHJIR_PALACE_BUILDINGS.WMO | WORLD\WMO\KALIMDOR\BUILDINGS\CLASSICALELFRUINS\AZRCLASSICALELFRUIN_UW01.WMO | WORLD\WMO\KALIMDOR\BUILDINGS\CLASSICALELFRUINS\AZRCLASSICALELFRUIN_UW05.WMO | WORLD\WMO\KALIMDOR\BUILDINGS\CLASSICALELFRUINS\AZRCLASSICALELFRUIN_UW09.WMO,88572,B8483F89D09B17FC36A9A2295F88795D0D4FC095,D:\Sirus\_client\World of Warcraft Sirus\Risen_Depths_Extract_2026-10-04\AssetClosure\ByArchive\patch-4.MPQ\DUNGEONS\TEXTURES\NIGHTELFRUINS\NIGHTELF_STAIRS_UNDERWATER.BLP
1,patch-4.MPQ,DUNGEONS\TEXTURES\NIGHTELFRUINS\NIGHTELF_EROSION_UNDERWATER.BLP,wmo-embedded-path|wmo-material-texture,WORLD\WMO\CATACLYSM\VASHJIR\BUILDINGS\VASHJIR_PALACE_BUILDINGS.WMO,44876,2ED97D910AF43BDDD2873A2713A8331D2F60E3DE,D:\Sirus\_client\World of Warcraft Sirus\Risen_Depths_Extract_2026-10-04\AssetClosure\ByArchive\patch-4.MPQ\DUNGEONS\TEXTURES\NIGHTELFRUINS\NIGHTELF_EROSION_UNDERWATER.BLP
1,patch-4.MPQ,TILESET\HYJAL\COOLEDMUDASHD.BLP,wmo-embedded-path|wmo-material-texture,WORLD\WMO\CATACLYSM\VASHJIR\CAVES\VASHJIRLARGECAVE_A.WMO,44876,DAC60661BDF1E68ECD1395A97834607C60643CD9,D:\Sirus\_client\World of Warcraft Sirus\Risen_Depths_Extract_2026-10-04\AssetClosure\ByArchive\patch-4.MPQ\TILESET\HYJAL\COOLEDMUDASHD.BLP
1,patch-4.MPQ,DUNGEONS\TEXTURES\ROCK\BM_BRSPIRE_CUBEROCK01.BLP,wmo-embedded-path|wmo-material-texture,WORLD\WMO\CATACLYSM\VASHJIR\CAVES\VASHJIRLARGECAVE_A.WMO | WORLD\WMO\CATACLYSM\VASHJIR\CAVES\VASHJIR_SMALL_CAVE.WMO,88580,1B3B7528D8A1C35B1E73E95D083AA7A905E5817B,D:\Sirus\_client\World of Warcraft Sirus\Risen_Depths_Extract_2026-10-04\AssetClosure\ByArchive\patch-4.MPQ\DUNGEONS\TEXTURES\ROCK\BM_BRSPIRE_CUBEROCK01.BLP
1,patch-4.MPQ,TILESET\HYJAL\COOLEDMUDASHC.BLP,wmo-embedded-path|wmo-material-texture,WORLD\WMO\CATACLYSM\VASHJIR\CAVES\VASHJIRLARGECAVE_A.WMO,44876,00EE9C46F50FA066D67DDA9DB97C11AAB3CCFEC5,D:\Sirus\_client\World of Warcraft Sirus\Risen_Depths_Extract_2026-10-04\AssetClosure\ByArchive\patch-4.MPQ\TILESET\HYJAL\COOLEDMUDASHC.BLP
1,patch-4.MPQ,DUNGEONS\TEXTURES\STORMWIND\GRAY12.BLP,wmo-embedded-path|wmo-material-texture,WORLD\WMO\CATACLYSM\VASHJIR\CAVES\VASHJIR_SMALL_CAVE.WMO | WORLD\WMO\KALIMDOR\BUILDINGS\CLASSICALELFRUINS\AZRCLASSICALELFRUIN_UW10.WMO,44876,0CF499926B23EC75EE61EE77365192127B6F3119,D:\Sirus\_client\World of Warcraft Sirus\Risen_Depths_Extract_2026-10-04\AssetClosure\ByArchive\patch-4.MPQ\DUNGEONS\TEXTURES\STORMWIND\GRAY12.BLP
1,patch-4.MPQ,TILESET\HYJAL\DATA\COOLEDMUDASHD.BLP,wmo-embedded-path|wmo-material-texture,WORLD\WMO\CATACLYSM\VASHJIR\CAVES\VASHJIR_SMALL_CAVE.WMO,44876,8B01F5BE93D845D8F0AD9FB0DC81D5019FB4AB30,D:\Sirus\_client\World of Warcraft Sirus\Risen_Depths_Extract_2026-10-04\AssetClosure\ByArchive\patch-4.MPQ\TILESET\HYJAL\DATA\COOLEDMUDASHD.BLP
1,patch-4.MPQ,TILESET\HYJAL\DATA\COOLEDMUDASHC.BLP,wmo-embedded-path|wmo-material-texture,WORLD\WMO\CATACLYSM\VASHJIR\CAVES\VASHJIR_SMALL_CAVE.WMO,44876,6BE8D4BC2061543C96AE43F55E0A8CEFD646CCB1,D:\Sirus\_client\World of Warcraft Sirus\Risen_Depths_Extract_2026-10-04\AssetClosure\ByArchive\patch-4.MPQ\TILESET\HYJAL\DATA\COOLEDMUDASHC.BLP
1,patch-4.MPQ,TILESET\VASHJIR\DATA\VJ_DIRT01.BLP,wmo-embedded-path|wmo-material-texture,WORLD\WMO\CATACLYSM\VASHJIR\CAVES\VASHJIR_SMALL_CAVE.WMO,44876,0282F696F055A1B8A51BA3E0BF96B062F913B258,D:\Sirus\_client\World of Warcraft Sirus\Risen_Depths_Extract_2026-10-04\AssetClosure\ByArchive\patch-4.MPQ\TILESET\VASHJIR\DATA\VJ_DIRT01.BLP
1,patch-4.MPQ,TILESET\VASHJIR\DATA\VJ_SAND01.BLP,wmo-embedded-path|wmo-material-texture,WORLD\WMO\CATACLYSM\VASHJIR\CAVES\VASHJIR_SMALL_CAVE.WMO,44876,E831E8CDF01C472701E51B3C281E03056C0FD27A,D:\Sirus\_client\World of Warcraft Sirus\Risen_Depths_Extract_2026-10-04\AssetClosure\ByArchive\patch-4.MPQ\TILESET\VASHJIR\DATA\VJ_SAND01.BLP
1,patch-4.MPQ,TILESET\VASHJIR\DATA\VJ_SAND03.BLP,wmo-embedded-path|wmo-material-texture,WORLD\WMO\CATACLYSM\VASHJIR\CAVES\VASHJIR_SMALL_CAVE.WMO,44876,FB14ECE94736276B64D9297AC5F2E41176E7DE66,D:\Sirus\_client\World of Warcraft Sirus\Risen_Depths_Extract_2026-10-04\AssetClosure\ByArchive\patch-4.MPQ\TILESET\VASHJIR\DATA\VJ_SAND03.BLP
1,patch-4.MPQ,DUNGEONS\TEXTURES\WOOD\CM_BURNED_WOOD01.BLP,wmo-embedded-path|wmo-material-texture,WORLD\WMO\DUNGEON\MD_SHIPWRECK\TRANSPORT_SHIPWRECK_SUNKENSHIP.WMO,44876,C0FB1F2E183C0585D7EB5DDD6DAADFD493B80CB7,D:\Sirus\_client\World of Warcraft Sirus\Risen_Depths_Extract_2026-10-04\AssetClosure\ByArchive\patch-4.MPQ\DUNGEONS\TEXTURES\WOOD\CM_BURNED_WOOD01.BLP
1,patch-4.MPQ,DUNGEONS\TEXTURES\NIGHTELFRUINS\NIGHTELF_ROCK_WHITE.BLP,wmo-embedded-path|wmo-material-texture,WORLD\WMO\KALIMDOR\BUILDINGS\CLASSICALELFRUINS\AZRCLASSICALELFRUIN_UW09.WMO,44876,59E49DA5499C4F09A7D18CF33A09693E2379F220,D:\Sirus\_client\World of Warcraft Sirus\Risen_Depths_Extract_2026-10-04\AssetClosure\ByArchive\patch-4.MPQ\DUNGEONS\TEXTURES\NIGHTELFRUINS\NIGHTELF_ROCK_WHITE.BLP
1,patch-4.MPQ,DUNGEONS\TEXTURES\NIGHTELFRUINS\NIGHTELF_TRIMS_INSIDE_WHITE.BLP,wmo-embedded-path|wmo-material-texture,WORLD\WMO\KALIMDOR\BUILDINGS\CLASSICALELFRUINS\AZRCLASSICALELFRUIN_UW09.WMO,44876,242F9420DC30716837F470B4A0D443B1C3F2625C,D:\Sirus\_client\World of Warcraft Sirus\Risen_Depths_Extract_2026-10-04\AssetClosure\ByArchive\patch-4.MPQ\DUNGEONS\TEXTURES\NIGHTELFRUINS\NIGHTELF_TRIMS_INSIDE_WHITE.BLP
1,patch-4.MPQ,DUNGEONS\TEXTURES\NIGHTELFRUINS\NIGHTELF_WALL_ARCH_UNDERWATER.BLP,wmo-embedded-path|wmo-material-texture,WORLD\WMO\KALIMDOR\BUILDINGS\CLASSICALELFRUINS\AZRCLASSICALELFRUIN_UW09.WMO,44876,322A74619A7708A877D3F2308E8FD37C996FD578,D:\Sirus\_client\World of Warcraft Sirus\Risen_Depths_Extract_2026-10-04\AssetClosure\ByArchive\patch-4.MPQ\DUNGEONS\TEXTURES\NIGHTELFRUINS\NIGHTELF_WALL_ARCH_UNDERWATER.BLP
1,patch-4.MPQ,DUNGEONS\TEXTURES\DOODADS\STORMWINDCRATE01.BLP,m2-embedded-path,WORLD\GENERIC\HUMAN\PASSIVE DOODADS\CRATES\REPLACECRATE01.m2 | WORLD\GENERIC\HUMAN\PASSIVE DOODADS\CRATES\STORMWINDCRATE01.m2 | WORLD\GENERIC\PASSIVEDOODADS\FLOATINGDEBRIS\FLOATINGCRATE01.m2,12108,6C086A88D18B30AE6B2A7CF8975D7179B5802344,D:\Sirus\_client\World of Warcraft Sirus\Risen_Depths_Extract_2026-10-04\AssetClosure\ByArchive\patch-4.MPQ\DUNGEONS\TEXTURES\DOODADS\STORMWINDCRATE01.BLP
1,patch-4.MPQ,DUNGEONS\TEXTURES\DOODADS\STORMWINDBARREL.BLP,m2-embedded-path,WORLD\GENERIC\PASSIVEDOODADS\FLOATINGDEBRIS\FLOATINGBARREL01.m2 | WORLD\GENERIC\PASSIVEDOODADS\FURNITURE\CONTAINERS\BARREL02.m2,6652,C91386E3A712C129AAAE8116920367FDCBAD87BC,D:\Sirus\_client\World of Warcraft Sirus\Risen_Depths_Extract_2026-10-04\AssetClosure\ByArchive\patch-4.MPQ\DUNGEONS\TEXTURES\DOODADS\STORMWINDBARREL.BLP
1,patch-4.MPQ,DUNGEONS\TEXTURES\DOODADS\TAURENGRAINSACK01.BLP,m2-embedded-path,WORLD\GENERIC\TAUREN\PASSIVE DOODADS\SACKS\TAURENSACK02.m2,23036,312306451CB375DC89406AA7B4835466A71605BF,D:\Sirus\_client\World of Warcraft Sirus\Risen_Depths_Extract_2026-10-04\AssetClosure\ByArchive\patch-4.MPQ\DUNGEONS\TEXTURES\DOODADS\TAURENGRAINSACK01.BLP
1,patch-5.MPQ,CREATURE\ELEMENTALEARTH\WATERMIST.BLP,m2-embedded-path,WORLD\GENERIC\UNDEAD\PASSIVE DOODADS\UNDEADALCHEMYTABLE\UNDEAD_ALCHEMY_TABLE.M2,2564,1F7653BEF4DBF05702F664F96FC91A7806623856,D:\Sirus\_client\World of Warcraft Sirus\Risen_Depths_Extract_2026-10-04\AssetClosure\ByArchive\patch-5.MPQ\CREATURE\ELEMENTALEARTH\WATERMIST.BLP
1,patch-5.MPQ,CREATURE\FIREELEMENTAL\GLOWBALL.BLP,m2-embedded-path,WORLD\GENERIC\NIGHTELF\PASSIVE DOODADS\STONERUNES\KALIDARSTONERUNE03.m2 | WORLD\KALIMDOR\GENERIC\PASSIVEDOODADS\ELEVENDESTORYERWRECKBACK\ELVENDESTROYERWRECKBACK.M2,1540,04545A993CD14DCE6AA41BAD453D20B096CB955C,D:\Sirus\_client\World of Warcraft Sirus\Risen_Depths_Extract_2026-10-04\AssetClosure\ByArchive\patch-5.MPQ\CREATURE\FIREELEMENTAL\GLOWBALL.BLP
1,patch-6.MPQ,WORLD\KALIMDOR\KALIDAR\PASSIVEDOODADS\KALIDARHARPYNEST\SPINE02.BLP,m2-embedded-path,WORLD\AZEROTH\THEBLASTEDLANDS\PASSIVEDOODADS\BONES\BLASTEDLANDSBONE01.M2 | WORLD\AZEROTH\THEBLASTEDLANDS\PASSIVEDOODADS\BONES\BLASTEDLANDSBONEPILE02.M2 | WORLD\AZEROTH\THEBLASTEDLANDS\PASSIVEDOODADS\BONES\BLASTEDLANDSBONEPILE03.M2 | WORLD\AZEROTH\TheBlastedlands\PassiveDoodads\Bones\BLASTEDLANDSSPINE01.m2,2556,3AB62596E2C55E39E552F5FC681FFE5D55EAED64,D:\Sirus\_client\World of Warcraft Sirus\Risen_Depths_Extract_2026-10-04\AssetClosure\ByArchive\patch-6.MPQ\WORLD\KALIMDOR\KALIDAR\PASSIVEDOODADS\KALIDARHARPYNEST\SPINE02.BLP
1,patch-6.MPQ,SPELLS\GENERICGLOW64.BLP,m2-embedded-path,WORLD\EXPANSION01\DOODADS\GENERIC\NAGA\ARK\NA_ARK.M2 | WORLD\EXPANSION01\DOODADS\GENERIC\NAGA\ARTIFACT\NA_ARTIFACT01.M2 | WORLD\EXPANSION01\DOODADS\GENERIC\NAGA\DISTILLER\NA_DISTILLER.M2 | WORLD\GENERIC\PASSIVEDOODADS\FISH\FISH_FELBLOOD_SNAPPA.M2,6660,CB2000E6BBA6479E767FB636B5D95015529EBFF4,D:\Sirus\_client\World of Warcraft Sirus\Risen_Depths_Extract_2026-10-04\AssetClosure\ByArchive\patch-6.MPQ\SPELLS\GENERICGLOW64.BLP
1,patch-6.MPQ,WORLD\GOOBER\BUBBLE.BLP,m2-embedded-path,WORLD\EXPANSION01\DOODADS\GENERIC\NAGA\DISTILLER\NA_DISTILLER.M2 | WORLD\GENERIC\PASSIVEDOODADS\PARTICLEEMITTERS\BUBBLES01.m2 | WORLD\GENERIC\PASSIVEDOODADS\PARTICLEEMITTERS\BUBBLESB.m2 | WORLD\GENERIC\PASSIVEDOODADS\PARTICLEEMITTERS\BUBBLESB_BIGEMITTER.m2,6660,210BB6B2FFCED3612DE69FC5DA12845039EE6405,D:\Sirus\_client\World of Warcraft Sirus\Risen_Depths_Extract_2026-10-04\AssetClosure\ByArchive\patch-6.MPQ\WORLD\GOOBER\BUBBLE.BLP
1,patch-6.MPQ,WORLD\EXPANSION02\DOODADS\HOWLINGFJORD\FIREFX\T_VFX_FIRE_ANIM02_128_FULL_DESAT.BLP,m2-embedded-path,WORLD\EXPANSION02\DOODADS\BOREANTUNDRA\MAGNATAURITEMS\BOREAN_REDPLANT_BURNINGPILE_01.M2 | WORLD\EXPANSION02\DOODADS\GENERIC\VRYKUL\BRAZIER\VR_BRAZIER_01.M2,88580,9D5222126A3CD08EA01C18889B68CDD06CFBA76C,D:\Sirus\_client\World of Warcraft Sirus\Risen_Depths_Extract_2026-10-04\AssetClosure\ByArchive\patch-6.MPQ\WORLD\EXPANSION02\DOODADS\HOWLINGFJORD\FIREFX\T_VFX_FIRE_ANIM02_128_FULL_DESAT.BLP
1,patch-6.MPQ,SPELLS\T_VFX_DOOR_BLACK.BLP,m2-embedded-path,WORLD\EXPANSION02\DOODADS\BOREANTUNDRA\MAGNATAURITEMS\BOREAN_REDPLANT_BURNINGPILE_01.M2 | WORLD\EXPANSION02\DOODADS\GENERIC\VRYKUL\BRAZIER\VR_BRAZIER_01.M2,23044,A350EEA1D469C6D8C95DD8B21A4704C95C95D75D,D:\Sirus\_client\World of Warcraft Sirus\Risen_Depths_Extract_2026-10-04\AssetClosure\ByArchive\patch-6.MPQ\SPELLS\T_VFX_DOOR_BLACK.BLP
1,patch-6.MPQ,WORLD\LORDAERON\STRATHOLME\PASSIVEDOODADS\FX\SMOKEWISPY03.BLP,m2-embedded-path,WORLD\EXPANSION02\DOODADS\BOREANTUNDRA\MAGNATAURITEMS\BOREAN_REDPLANT_BURNINGPILE_01.M2,6660,3797A9B8FE12AB1835ECE6F03615FD9F5E1D254C,D:\Sirus\_client\World of Warcraft Sirus\Risen_Depths_Extract_2026-10-04\AssetClosure\ByArchive\patch-6.MPQ\WORLD\LORDAERON\STRATHOLME\PASSIVEDOODADS\FX\SMOKEWISPY03.BLP
1,patch-6.MPQ,SPELLS\LAVALUMP2.BLP,m2-embedded-path,WORLD\AZEROTH\BURNINGSTEPPES\PASSIVEDOODADS\BONFIRE\ORCBONFIRE.m2 | WORLD\EXPANSION02\DOODADS\BOREANTUNDRA\MAGNATAURITEMS\BOREAN_REDPLANT_BURNINGPILE_01.M2,1868,0155D95CF3FAA4C133FCE7235A250FFA304AD00C,D:\Sirus\_client\World of Warcraft Sirus\Risen_Depths_Extract_2026-10-04\AssetClosure\ByArchive\patch-6.MPQ\SPELLS\LAVALUMP2.BLP
1,patch-6.MPQ,SPELLS\TOONSMOKE16.BLP,m2-embedded-path,WORLD\EXPANSION02\DOODADS\GENERIC\SCOURGE\SC_BRAZIER2_ORANGE.M2 | WORLD\EXPANSION02\DOODADS\GENERIC\SCOURGE\SC_BRAZIER3_ORANGE.M2 | WORLD\EXPANSION02\DOODADS\GENERIC\SCOURGE\SC_CAULDRON_GREEN.M2,350724,217BEBE5BD03401956E57C9776FDBBE101F9D87F,D:\Sirus\_client\World of Warcraft Sirus\Risen_Depths_Extract_2026-10-04\AssetClosure\ByArchive\patch-6.MPQ\SPELLS\TOONSMOKE16.BLP
1,patch-6.MPQ,WORLD\EXPANSION02\DOODADS\GENERIC\SCOURGE\GREENLAVABUBBLE.BLP,m2-embedded-path,WORLD\EXPANSION02\DOODADS\GENERIC\SCOURGE\SC_CAULDRON_GREEN.M2,88580,96A088AE45EB6623DAE44E72454509CB823B94FA,D:\Sirus\_client\World of Warcraft Sirus\Risen_Depths_Extract_2026-10-04\AssetClosure\ByArchive\patch-6.MPQ\WORLD\EXPANSION02\DOODADS\GENERIC\SCOURGE\GREENLAVABUBBLE.BLP
1,patch-6.MPQ,WORLD\EXPANSION02\DOODADS\GENERIC\SCOURGE\GREENSWIRL.BLP,m2-embedded-path,WORLD\EXPANSION02\DOODADS\GENERIC\SCOURGE\SC_CAULDRON_GREEN.M2,3916,EA396FFB3968D2EC3368BDAAF11E4BF5AF87E870,D:\Sirus\_client\World of Warcraft Sirus\Risen_Depths_Extract_2026-10-04\AssetClosure\ByArchive\patch-6.MPQ\WORLD\EXPANSION02\DOODADS\GENERIC\SCOURGE\GREENSWIRL.BLP
1,patch-6.MPQ,WORLD\EXPANSION02\DOODADS\GENERIC\VRYKUL\BRAZIER\VR_BRAZIER_01.BLP,m2-embedded-path,WORLD\EXPANSION02\DOODADS\GENERIC\VRYKUL\BRAZIER\VR_BRAZIER_01.M2,44876,84F4123014F49C48BC90D30FA1518FB05797CF77,D:\Sirus\_client\World of Warcraft Sirus\Risen_Depths_Extract_2026-10-04\AssetClosure\ByArchive\patch-6.MPQ\WORLD\EXPANSION02\DOODADS\GENERIC\VRYKUL\BRAZIER\VR_BRAZIER_01.BLP
1,patch-6.MPQ,ITEM\OBJECTCOMPONENTS\WEAPON\FLAMELICKSMALL.BLP,m2-embedded-path,WORLD\EXPANSION02\DOODADS\GENERIC\VRYKUL\COOKING\VR_COOKPOT_01.M2 | WORLD\EXPANSION02\DOODADS\GENERIC\VRYKUL\COOKING\VR_COOKPOT_02.M2 | WORLD\GENERIC\OGRE\PASSIVE DOODADS\TORCHES\OGREWALLTORCH.m2,23044,1C5DE3258525080516447E30D6CBFD1ADAA33887,D:\Sirus\_client\World of Warcraft Sirus\Risen_Depths_Extract_2026-10-04\AssetClosure\ByArchive\patch-6.MPQ\ITEM\OBJECTCOMPONENTS\WEAPON\FLAMELICKSMALL.BLP
1,patch-6.MPQ,WORLD\EXPANSION02\DOODADS\GENERIC\VRYKUL\HAY\VR_HAYBAIL_0100.skin,m2-skin-profile,WORLD\EXPANSION02\DOODADS\GENERIC\VRYKUL\HAY\VR_HAYBAIL_01.M2,768,D977EB7FCFADDBE3DEF70B1813CB4C1D190DF77A,D:\Sirus\_client\World of Warcraft Sirus\Risen_Depths_Extract_2026-10-04\AssetClosure\ByArchive\patch-6.MPQ\WORLD\EXPANSION02\DOODADS\GENERIC\VRYKUL\HAY\VR_HAYBAIL_0100.skin
1,patch-6.MPQ,WORLD\EXPANSION02\DOODADS\GENERIC\VRYKUL\HAY\VRYKULHAYBAIL.BLP,m2-embedded-path,WORLD\EXPANSION02\DOODADS\GENERIC\VRYKUL\HAY\VR_HAYBAIL_01.M2,12116,052247567152E2BEADD45F9C97B7230738611625,D:\Sirus\_client\World of Warcraft Sirus\Risen_Depths_Extract_2026-10-04\AssetClosure\ByArchive\patch-6.MPQ\WORLD\EXPANSION02\DOODADS\GENERIC\VRYKUL\HAY\VRYKULHAYBAIL.BLP
1,patch-6.MPQ,WORLD\GENERIC\OGRE\PASSIVE DOODADS\POODAD\FLY.BLP,m2-embedded-path,WORLD\EXPANSION02\DOODADS\GENERIC\VRYKUL\QUEST\VR_BONES_01_Q.M2 | WORLD\GENERIC\HUMAN\PASSIVE DOODADS\MEAT\BLOODYMEAT01.m2 | WORLD\GENERIC\HUMAN\PASSIVE DOODADS\MEAT\BLOODYMEAT02.m2,1540,AFA01A831062320123B6BEE3EF85DDB4595B7B4F,D:\Sirus\_client\World of Warcraft Sirus\Risen_Depths_Extract_2026-10-04\AssetClosure\ByArchive\patch-6.MPQ\WORLD\GENERIC\OGRE\PASSIVE DOODADS\POODAD\FLY.BLP
1,patch-6.MPQ,WORLD\EXPANSION02\DOODADS\GENERIC\VRYKUL\TROUGH\WATER_SURFACE.BLP,m2-embedded-path,WORLD\EXPANSION02\DOODADS\GENERIC\VRYKUL\TROUGH\VR_TROUGH.M2,88580,9FB7FF4F3198C9CCDE422837EF76A9D0401AD7A4,D:\Sirus\_client\World of Warcraft Sirus\Risen_Depths_Extract_2026-10-04\AssetClosure\ByArchive\patch-6.MPQ\WORLD\EXPANSION02\DOODADS\GENERIC\VRYKUL\TROUGH\WATER_SURFACE.BLP
1,patch-6.MPQ,WORLD\EXPANSION02\DOODADS\GENERIC\VRYKUL\TROUGH\WATER_REFLECT.BLP,m2-embedded-path,WORLD\EXPANSION02\DOODADS\GENERIC\VRYKUL\TROUGH\VR_TROUGH.M2,44900,A142DB7347BB6804E9E773AD43295AAAA0F7BF41,D:\Sirus\_client\World of Warcraft Sirus\Risen_Depths_Extract_2026-10-04\AssetClosure\ByArchive\patch-6.MPQ\WORLD\EXPANSION02\DOODADS\GENERIC\VRYKUL\TROUGH\WATER_REFLECT.BLP
1,patch-6.MPQ,WORLD\GENERIC\HUMAN\PASSIVE DOODADS\VIALS\WHITERINGNOISE128.BLP,m2-embedded-path,WORLD\EXPANSION02\DOODADS\GENERIC\VRYKUL\TROUGH\VR_TROUGH.M2 | WORLD\EXPANSION03\DOODADS\WORGEN\EFFECTS\WORGEN_PUDDLESPLASH_01.m2 | WORLD\GENERIC\UNDEAD\PASSIVE DOODADS\UNDEADALCHEMYTABLE\UNDEAD_ALCHEMY_TABLE.M2,12108,643943FFDF86C4FA93E0BE6D9A603A114F15C4A7,D:\Sirus\_client\World of Warcraft Sirus\Risen_Depths_Extract_2026-10-04\AssetClosure\ByArchive\patch-6.MPQ\WORLD\GENERIC\HUMAN\PASSIVE DOODADS\VIALS\WHITERINGNOISE128.BLP
1,patch-6.MPQ,WORLD\EXPANSION02\DOODADS\GENERIC\WATERFALLS\WATERFOAMLOOP2.BLP,m2-embedded-path,WORLD\EXPANSION02\DOODADS\GENERIC\WATERFALLS\WATERFALLS_SET1_MED_RIPPLES.M2,88580,A28B5A0995922BDB81C467ED3C3319F95C39DAAF,D:\Sirus\_client\World of Warcraft Sirus\Risen_Depths_Extract_2026-10-04\AssetClosure\ByArchive\patch-6.MPQ\WORLD\EXPANSION02\DOODADS\GENERIC\WATERFALLS\WATERFOAMLOOP2.BLP
1,patch-6.MPQ,ITEM\OBJECTCOMPONENTS\WEAPON\ORBREFLECTBRIGHT.BLP,m2-embedded-path,WORLD\EXPANSION01\DOODADS\GENERIC\NAGA\ARTIFACT\NA_ARTIFACT01.M2 | WORLD\EXPANSION03\DOODADS\TWILIGHTHAMMER\SUMMONINGPORTALS\TWILIGHTSHAMMER_SUMMONINGPORTAL_WATER01.M2,1868,07BEB5786BB6F9F714E7698814629D15E4EB020F,D:\Sirus\_client\World of Warcraft Sirus\Risen_Depths_Extract_2026-10-04\AssetClosure\ByArchive\patch-6.MPQ\ITEM\OBJECTCOMPONENTS\WEAPON\ORBREFLECTBRIGHT.BLP
1,patch-6.MPQ,WORLD\EXPANSION02\DOODADS\DALARAN\GLOWBALL.BLP,m2-embedded-path,WORLD\GENERIC\PASSIVEDOODADS\PLAINRUNE\RUNESTONE.M2,1540,E7C5F5B7A024A3DE3A2D7B55D51E3DF4BD5BB80A,D:\Sirus\_client\World of Warcraft Sirus\Risen_Depths_Extract_2026-10-04\AssetClosure\ByArchive\patch-6.MPQ\WORLD\EXPANSION02\DOODADS\DALARAN\GLOWBALL.BLP
1,patch-6.MPQ,WORLD\GENERIC\NIGHTELF\PASSIVE DOODADS\MAGICALIMPLEMENTS\SMOKEWISPY01.BLP,m2-embedded-path,WORLD\GENERIC\PASSIVEDOODADS\PLAINRUNE\RUNESTONE.M2,6660,9091EF413A6A7CACEB05296380DB51029FE70D5E,D:\Sirus\_client\World of Warcraft Sirus\Risen_Depths_Extract_2026-10-04\AssetClosure\ByArchive\patch-6.MPQ\WORLD\GENERIC\NIGHTELF\PASSIVE DOODADS\MAGICALIMPLEMENTS\SMOKEWISPY01.BLP
1,patch-6.MPQ,WORLD\GENERIC\HUMAN\PASSIVE DOODADS\CRATES\STORMWINDCRATE01.m2,wmo-doodad-model|wmo-embedded-path,WORLD\WMO\DUNGEON\MD_SHIPWRECK\SHIPWRECK_A.WMO | WORLD\WMO\DUNGEON\MD_SHIPWRECK\SHIPWRECK_B.WMO | WORLD\WMO\DUNGEON\MD_SHIPWRECK\SHIPWRECK_DBACK.WMO | WORLD\WMO\DUNGEON\MD_SHIPWRECK\SHIPWRECK_DFRONT.WMO,16524,D635C2A3FFD171D2C8CFA38C61465DB603A73593,D:\Sirus\_client\World of Warcraft Sirus\Risen_Depths_Extract_2026-10-04\AssetClosure\ByArchive\patch-6.MPQ\WORLD\GENERIC\HUMAN\PASSIVE DOODADS\CRATES\STORMWINDCRATE01.m2
1,patch-6.MPQ,WORLD\GENERIC\HUMAN\PASSIVE DOODADS\CARGONETS\DEADMINECARGONETHANG.m2,wmo-doodad-model|wmo-embedded-path,WORLD\WMO\DUNGEON\MD_SHIPWRECK\SHIPWRECK_A.WMO | WORLD\WMO\DUNGEON\MD_SHIPWRECK\SHIPWRECK_DFRONT.WMO,17154,D7DDB8DA419F03E36135C89F4670B7D4A7763F81,D:\Sirus\_client\World of Warcraft Sirus\Risen_Depths_Extract_2026-10-04\AssetClosure\ByArchive\patch-6.MPQ\WORLD\GENERIC\HUMAN\PASSIVE DOODADS\CARGONETS\DEADMINECARGONETHANG.m2
1,patch-6.MPQ,WORLD\GENERIC\PASSIVEDOODADS\BARREL\BROKENBARREL02.m2,wmo-doodad-model|wmo-embedded-path,WORLD\WMO\DUNGEON\MD_SHIPWRECK\SHIPWRECK_A.WMO | WORLD\WMO\DUNGEON\MD_SHIPWRECK\TRANSPORT_SHIPWRECK_SUNKENSHIP.WMO,7266,7029DB541569D10F321D07807DCCBFD6798CE9AF,D:\Sirus\_client\World of Warcraft Sirus\Risen_Depths_Extract_2026-10-04\AssetClosure\ByArchive\patch-6.MPQ\WORLD\GENERIC\PASSIVEDOODADS\BARREL\BROKENBARREL02.m2
1,patch-6.MPQ,WORLD\GENERIC\HUMAN\PASSIVE DOODADS\CARGONETBOXES\DEADMINECARGONETBOXES.m2,wmo-doodad-model|wmo-embedded-path,WORLD\WMO\DUNGEON\MD_SHIPWRECK\SHIPWRECK_A.WMO | WORLD\WMO\DUNGEON\MD_SHIPWRECK\TRANSPORT_SHIPWRECK_SUNKENSHIP.WMO,14722,ABEBEA2F6AE56469F7D14C70465A4FC9A3EA765D,D:\Sirus\_client\World of Warcraft Sirus\Risen_Depths_Extract_2026-10-04\AssetClosure\ByArchive\patch-6.MPQ\WORLD\GENERIC\HUMAN\PASSIVE DOODADS\CARGONETBOXES\DEADMINECARGONETBOXES.m2
1,patch-6.MPQ,WORLD\GENERIC\HUMAN\PASSIVE DOODADS\CARGONETS\DEADMINECARGONETHANGSHORT.m2,wmo-doodad-model|wmo-embedded-path,WORLD\WMO\DUNGEON\MD_SHIPWRECK\SHIPWRECK_DFRONT.WMO,7650,9DF2CDCC040E380E6B3C077C94E94E135A7448FA,D:\Sirus\_client\World of Warcraft Sirus\Risen_Depths_Extract_2026-10-04\AssetClosure\ByArchive\patch-6.MPQ\WORLD\GENERIC\HUMAN\PASSIVE DOODADS\CARGONETS\DEADMINECARGONETHANGSHORT.m2
1,patch-6.MPQ,WORLD\GENERIC\PASSIVEDOODADS\BARREL\BROKENBARREL01.m2,wmo-doodad-model|wmo-embedded-path,WORLD\WMO\NORTHREND\BUILDINGS\FORSAKEN\SHIPWRECK\ND_FORSAKEN_SHIPWRECK.WMO,9026,1599263F1807B9E4356065874C51D9925CE31EEA,D:\Sirus\_client\World of Warcraft Sirus\Risen_Depths_Extract_2026-10-04\AssetClosure\ByArchive\patch-6.MPQ\WORLD\GENERIC\PASSIVEDOODADS\BARREL\BROKENBARREL01.m2
1,patch-6.MPQ,WORLD\AZEROTH\ZULGURUB\PASSIVEDOODADS\CAULDRONS\ZG_CAULDRON_ICE00.skin,m2-skin-profile,WORLD\AZEROTH\ZULGURUB\PASSIVEDOODADS\CAULDRONS\ZG_CAULDRON_ICE.M2,11072,8571EE114118B4A9214D51F0AA6F95ECC30D0D88,D:\Sirus\_client\World of Warcraft Sirus\Risen_Depths_Extract_2026-10-04\AssetClosure\ByArchive\patch-6.MPQ\WORLD\AZEROTH\ZULGURUB\PASSIVEDOODADS\CAULDRONS\ZG_CAULDRON_ICE00.skin
1,patch-6.MPQ,WORLD\AZEROTH\ZULGURUB\PASSIVEDOODADS\CAULDRONS\CAULDRON_BLUE.BLP,m2-embedded-path,WORLD\AZEROTH\ZULGURUB\PASSIVEDOODADS\CAULDRONS\ZG_CAULDRON_ICE.M2,88572,CEEC4FB241FD10CE1A9D324187434DC33FE2CBAA,D:\Sirus\_client\World of Warcraft Sirus\Risen_Depths_Extract_2026-10-04\AssetClosure\ByArchive\patch-6.MPQ\WORLD\AZEROTH\ZULGURUB\PASSIVEDOODADS\CAULDRONS\CAULDRON_BLUE.BLP
1,patch-6.MPQ,WORLD\EXPANSION03\DOODADS\SKYWALL\URNS\URN_MIST.BLP,m2-embedded-path,WORLD\AZEROTH\ZULGURUB\PASSIVEDOODADS\CAULDRONS\ZG_CAULDRON_ICE.M2,88580,BC6FB8929DB457D5C8B023EF6A0B30302874BAB1,D:\Sirus\_client\World of Warcraft Sirus\Risen_Depths_Extract_2026-10-04\AssetClosure\ByArchive\patch-6.MPQ\WORLD\EXPANSION03\DOODADS\SKYWALL\URNS\URN_MIST.BLP
1,patch-6.MPQ,WORLD\EXPANSION03\DOODADS\SKYWALL\URNS\SKYWALL_FOG_SOFT_ALPHA_03.BLP,m2-embedded-path,WORLD\AZEROTH\ZULGURUB\PASSIVEDOODADS\CAULDRONS\ZG_CAULDRON_ICE.M2,88580,2C5116FA29AAA3BB5BED4DDF9CAB5FDE507D6FE1,D:\Sirus\_client\World of Warcraft Sirus\Risen_Depths_Extract_2026-10-04\AssetClosure\ByArchive\patch-6.MPQ\WORLD\EXPANSION03\DOODADS\SKYWALL\URNS\SKYWALL_FOG_SOFT_ALPHA_03.BLP
1,patch-6.MPQ,WORLD\AZEROTH\ZULGURUB\PASSIVEDOODADS\CAULDRONS\ICESMOKE.BLP,m2-embedded-path,WORLD\AZEROTH\ZULGURUB\PASSIVEDOODADS\CAULDRONS\ZG_CAULDRON_ICE.M2,23044,0BB1A8057F71FBC039AC6FF09210F98914103109,D:\Sirus\_client\World of Warcraft Sirus\Risen_Depths_Extract_2026-10-04\AssetClosure\ByArchive\patch-6.MPQ\WORLD\AZEROTH\ZULGURUB\PASSIVEDOODADS\CAULDRONS\ICESMOKE.BLP
1,patch-6.MPQ,WORLD\AZEROTH\ZULGURUB\PASSIVEDOODADS\CAULDRONS\ZG_CAULDRON_WOOD.BLP,m2-embedded-path,WORLD\AZEROTH\ZULGURUB\PASSIVEDOODADS\CAULDRONS\ZG_CAULDRON_ICE.M2,44876,18CD09C039C40732E867AB3CA78E79C3A2A1CA85,D:\Sirus\_client\World of Warcraft Sirus\Risen_Depths_Extract_2026-10-04\AssetClosure\ByArchive\patch-6.MPQ\WORLD\AZEROTH\ZULGURUB\PASSIVEDOODADS\CAULDRONS\ZG_CAULDRON_WOOD.BLP
1,patch-6.MPQ,WORLD\AZEROTH\ZULGURUB\PASSIVEDOODADS\CAULDRONS\FIRE_WISPY3.BLP,m2-embedded-path,WORLD\AZEROTH\ZULGURUB\PASSIVEDOODADS\CAULDRONS\ZG_CAULDRON_ICE.M2,88580,0FFAC5C98F592895179FCA5B3E42810E8CE49AD0,D:\Sirus\_client\World of Warcraft Sirus\Risen_Depths_Extract_2026-10-04\AssetClosure\ByArchive\patch-6.MPQ\WORLD\AZEROTH\ZULGURUB\PASSIVEDOODADS\CAULDRONS\FIRE_WISPY3.BLP
1,patch-6.MPQ,WORLD\EXPANSION01\DOODADS\GENERIC\NAGA\ARTIFACT\NA_ARTIFACT0100.skin,m2-skin-profile,WORLD\EXPANSION01\DOODADS\GENERIC\NAGA\ARTIFACT\NA_ARTIFACT01.M2,21104,9FF710FD0F202E857AAF98644F6C00D4D553AB5A,D:\Sirus\_client\World of Warcraft Sirus\Risen_Depths_Extract_2026-10-04\AssetClosure\ByArchive\patch-6.MPQ\WORLD\EXPANSION01\DOODADS\GENERIC\NAGA\ARTIFACT\NA_ARTIFACT0100.skin
1,patch-6.MPQ,World\Expansion01\Doodads\Generic\Naga\Artifact\NA_Artifact01.blp,m2-embedded-path,WORLD\EXPANSION01\DOODADS\GENERIC\NAGA\ARTIFACT\NA_ARTIFACT01.M2,350724,666C178DEC526E5A7B3DFCFD70734923A621663D,D:\Sirus\_client\World of Warcraft Sirus\Risen_Depths_Extract_2026-10-04\AssetClosure\ByArchive\patch-6.MPQ\World\Expansion01\Doodads\Generic\Naga\Artifact\NA_Artifact01.blp
1,patch-6.MPQ,World\Expansion01\Doodads\Generic\Naga\Artifact\NA_ArtifactWaterWhirl02.blp,m2-embedded-path,WORLD\EXPANSION01\DOODADS\GENERIC\NAGA\ARTIFACT\NA_ARTIFACT01.M2,88580,C3B38D434A5A3E0416A440A0E29D89B0831F96DE,D:\Sirus\_client\World of Warcraft Sirus\Risen_Depths_Extract_2026-10-04\AssetClosure\ByArchive\patch-6.MPQ\World\Expansion01\Doodads\Generic\Naga\Artifact\NA_ArtifactWaterWhirl02.blp
1,patch-6.MPQ,World\Expansion01\Doodads\Generic\Naga\Artifact\NA_ArtifactWaterWhirl01.blp,m2-embedded-path,WORLD\EXPANSION01\DOODADS\GENERIC\NAGA\ARTIFACT\NA_ARTIFACT01.M2,88580,B3A962CABE418262BFFA2A83BDD6878C622B438C,D:\Sirus\_client\World of Warcraft Sirus\Risen_Depths_Extract_2026-10-04\AssetClosure\ByArchive\patch-6.MPQ\World\Expansion01\Doodads\Generic\Naga\Artifact\NA_ArtifactWaterWhirl01.blp
1,patch-6.MPQ,WORLD\EXPANSION03\DOODADS\ABYSSALMAW\CORAL\ABYSSAL_FISH0200.skin,m2-skin-profile,WORLD\EXPANSION03\DOODADS\ABYSSALMAW\CORAL\ABYSSAL_FISH02.M2,2624,70700B22D76E555C8E9BA2C11FE1E065139F4CB1,D:\Sirus\_client\World of Warcraft Sirus\Risen_Depths_Extract_2026-10-04\AssetClosure\ByArchive\patch-6.MPQ\WORLD\EXPANSION03\DOODADS\ABYSSALMAW\CORAL\ABYSSAL_FISH0200.skin
1,patch-6.MPQ,World\Expansion03\Doodads\AbyssalMaw\Coral\Abyssal_PurpleFish_TEX.blp,m2-embedded-path,WORLD\EXPANSION03\DOODADS\ABYSSALMAW\CORAL\ABYSSAL_FISH02.M2,3916,1A2BEA08BDD0033925A894C15605290A50056EC2,D:\Sirus\_client\World of Warcraft Sirus\Risen_Depths_Extract_2026-10-04\AssetClosure\ByArchive\patch-6.MPQ\World\Expansion03\Doodads\AbyssalMaw\Coral\Abyssal_PurpleFish_TEX.blp
1,patch-6.MPQ,World\Expansion03\Doodads\AbyssalMaw\Coral\Abyssal_BlueYellowFish_TEX.blp,m2-embedded-path,WORLD\EXPANSION03\DOODADS\ABYSSALMAW\CORAL\ABYSSAL_FISH02.M2,3916,FFF9D45CB6B3950599D8CE0B8F71DC221393D1AC,D:\Sirus\_client\World of Warcraft Sirus\Risen_Depths_Extract_2026-10-04\AssetClosure\ByArchive\patch-6.MPQ\World\Expansion03\Doodads\AbyssalMaw\Coral\Abyssal_BlueYellowFish_TEX.blp
1,patch-6.MPQ,World\Expansion03\Doodads\AbyssalMaw\Coral\Abyssal_YellowFish_TEX.blp,m2-embedded-path,WORLD\EXPANSION03\DOODADS\ABYSSALMAW\CORAL\ABYSSAL_FISH02.M2,3916,95848D0F9864932213C2CEB69BC6701C378832C1,D:\Sirus\_client\World of Warcraft Sirus\Risen_Depths_Extract_2026-10-04\AssetClosure\ByArchive\patch-6.MPQ\World\Expansion03\Doodads\AbyssalMaw\Coral\Abyssal_YellowFish_TEX.blp
1,patch-6.MPQ,World\Expansion03\Doodads\AbyssalMaw\Coral\Abyssal_RedFish_TEX.blp,m2-embedded-path,WORLD\EXPANSION03\DOODADS\ABYSSALMAW\CORAL\ABYSSAL_FISH02.M2,3916,45902499E073A61CC93471C6A487A1C55F81EB1A,D:\Sirus\_client\World of Warcraft Sirus\Risen_Depths_Extract_2026-10-04\AssetClosure\ByArchive\patch-6.MPQ\World\Expansion03\Doodads\AbyssalMaw\Coral\Abyssal_RedFish_TEX.blp
1,patch-6.MPQ,World\Expansion03\Doodads\AbyssalMaw\Coral\Abyssal_LightGreen_TEX.blp,m2-embedded-path,WORLD\EXPANSION03\DOODADS\ABYSSALMAW\CORAL\ABYSSAL_FISH02.M2,3916,8CEBC3FE517DFD92172AE41CE9CE437A07238397,D:\Sirus\_client\World of Warcraft Sirus\Risen_Depths_Extract_2026-10-04\AssetClosure\ByArchive\patch-6.MPQ\World\Expansion03\Doodads\AbyssalMaw\Coral\Abyssal_LightGreen_TEX.blp
1,patch-6.MPQ,WORLD\EXPANSION03\DOODADS\ABYSSALMAW\CORAL\ABYSSAL_SEAWEED_BLUE_0200.skin,m2-skin-profile,WORLD\EXPANSION03\DOODADS\ABYSSALMAW\CORAL\ABYSSAL_SEAWEED_BLUE_02.M2,6832,464F96873334FFFFE6ED77259F1B17AA874EC742,D:\Sirus\_client\World of Warcraft Sirus\Risen_Depths_Extract_2026-10-04\AssetClosure\ByArchive\patch-6.MPQ\WORLD\EXPANSION03\DOODADS\ABYSSALMAW\CORAL\ABYSSAL_SEAWEED_BLUE_0200.skin
1,patch-6.MPQ,WORLD\EXPANSION03\DOODADS\ABYSSALMAW\CORAL\ABYSSAL_SEAWEED_TEX_05.BLP,m2-embedded-path,WORLD\EXPANSION03\DOODADS\ABYSSALMAW\CORAL\ABYSSAL_SEAWEED_BLUE_02.M2,88580,8809D058840FD8532106067B55E00556129675C9,D:\Sirus\_client\World of Warcraft Sirus\Risen_Depths_Extract_2026-10-04\AssetClosure\ByArchive\patch-6.MPQ\WORLD\EXPANSION03\DOODADS\ABYSSALMAW\CORAL\ABYSSAL_SEAWEED_TEX_05.BLP
1,patch-6.MPQ,WORLD\EXPANSION03\DOODADS\ABYSSALMAW\CORAL\ABYSSAL_SEAWEED_TEX_05_GLOW.BLP,m2-embedded-path,WORLD\EXPANSION03\DOODADS\ABYSSALMAW\CORAL\ABYSSAL_SEAWEED_BLUE_02.M2,88580,1FB725C05A04EF011C011AABC7242DDF90FC5A45,D:\Sirus\_client\World of Warcraft Sirus\Risen_Depths_Extract_2026-10-04\AssetClosure\ByArchive\patch-6.MPQ\WORLD\EXPANSION03\DOODADS\ABYSSALMAW\CORAL\ABYSSAL_SEAWEED_TEX_05_GLOW.BLP
1,patch-6.MPQ,WORLD\EXPANSION03\DOODADS\VASHJIR\ANEMONE\VJ_ANEMONELRG0100.skin,m2-skin-profile,WORLD\EXPANSION03\DOODADS\VASHJIR\ANEMONE\VJ_ANEMONELRG01.M2,9456,436F6741EA53F40B3CFC94E8A2F83231ED23C9B4,D:\Sirus\_client\World of Warcraft Sirus\Risen_Depths_Extract_2026-10-04\AssetClosure\ByArchive\patch-6.MPQ\WORLD\EXPANSION03\DOODADS\VASHJIR\ANEMONE\VJ_ANEMONELRG0100.skin
1,patch-6.MPQ,WORLD\EXPANSION03\DOODADS\VASHJIR\ANEMONE\VJ_ANEMONE01.BLP,m2-embedded-path,WORLD\EXPANSION03\DOODADS\VASHJIR\ANEMONE\VJ_ANEMONELRG01.M2 | WORLD\EXPANSION03\DOODADS\VASHJIR\ANEMONE\VJ_ANEMONELRG02.M2,44892,879D7371E5C31A8A6059624AE95CD03BCBE8416C,D:\Sirus\_client\World of Warcraft Sirus\Risen_Depths_Extract_2026-10-04\AssetClosure\ByArchive\patch-6.MPQ\WORLD\EXPANSION03\DOODADS\VASHJIR\ANEMONE\VJ_ANEMONE01.BLP
1,patch-6.MPQ,WORLD\EXPANSION03\DOODADS\VASHJIR\ANEMONE\VJ_ANEMONE04.BLP,m2-embedded-path,WORLD\EXPANSION03\DOODADS\VASHJIR\ANEMONE\VJ_ANEMONELRG01.M2 | WORLD\EXPANSION03\DOODADS\VASHJIR\ANEMONE\VJ_ANEMONELRG02.M2,88572,6C33324322F1E0126A8BD23438C376CEEDDBC2B3,D:\Sirus\_client\World of Warcraft Sirus\Risen_Depths_Extract_2026-10-04\AssetClosure\ByArchive\patch-6.MPQ\WORLD\EXPANSION03\DOODADS\VASHJIR\ANEMONE\VJ_ANEMONE04.BLP
1,patch-6.MPQ,WORLD\EXPANSION03\DOODADS\VASHJIR\ANEMONE\VJ_ANEMONELRG0200.skin,m2-skin-profile,WORLD\EXPANSION03\DOODADS\VASHJIR\ANEMONE\VJ_ANEMONELRG02.M2,6400,BE5296A82118A4E7D9ABDF1AF2078397E961E637,D:\Sirus\_client\World of Warcraft Sirus\Risen_Depths_Extract_2026-10-04\AssetClosure\ByArchive\patch-6.MPQ\WORLD\EXPANSION03\DOODADS\VASHJIR\ANEMONE\VJ_ANEMONELRG0200.skin
1,patch-6.MPQ,WORLD\EXPANSION03\DOODADS\VASHJIR\ANEMONE\VJ_ANEMONELRG0300.skin,m2-skin-profile,WORLD\EXPANSION03\DOODADS\VASHJIR\ANEMONE\VJ_ANEMONELRG03.M2,9888,E9F41B9B4BBA86467E2885701B75AAD51ED71E75,D:\Sirus\_client\World of Warcraft Sirus\Risen_Depths_Extract_2026-10-04\AssetClosure\ByArchive\patch-6.MPQ\WORLD\EXPANSION03\DOODADS\VASHJIR\ANEMONE\VJ_ANEMONELRG0300.skin
1,patch-6.MPQ,WORLD\EXPANSION03\DOODADS\VASHJIR\ANEMONE\VJ_ANEMONE03.BLP,m2-embedded-path,WORLD\EXPANSION03\DOODADS\VASHJIR\ANEMONE\VJ_ANEMONELRG03.M2,175972,AB35D0350A969BB8CFF0A1886A2DB3DB5E370890,D:\Sirus\_client\World of Warcraft Sirus\Risen_Depths_Extract_2026-10-04\AssetClosure\ByArchive\patch-6.MPQ\WORLD\EXPANSION03\DOODADS\VASHJIR\ANEMONE\VJ_ANEMONE03.BLP
1,patch-6.MPQ,WORLD\EXPANSION03\DOODADS\VASHJIR\ANEMONE\VJ_ANEMONE02.BLP,m2-embedded-path,WORLD\EXPANSION03\DOODADS\VASHJIR\ANEMONE\VJ_ANEMONELRG03.M2,44892,8647E43504907916D81FA7779B891392CE1A1D46,D:\Sirus\_client\World of Warcraft Sirus\Risen_Depths_Extract_2026-10-04\AssetClosure\ByArchive\patch-6.MPQ\WORLD\EXPANSION03\DOODADS\VASHJIR\ANEMONE\VJ_ANEMONE02.BLP
1,patch-6.MPQ,WORLD\EXPANSION03\DOODADS\VASHJIR\ANEMONE\VJ_ANEMONELRG0500.skin,m2-skin-profile,WORLD\EXPANSION03\DOODADS\VASHJIR\ANEMONE\VJ_ANEMONELRG05.M2,10608,B9B75B61D8923B69CDF06927E7B3663058DB7E94,D:\Sirus\_client\World of Warcraft Sirus\Risen_Depths_Extract_2026-10-04\AssetClosure\ByArchive\patch-6.MPQ\WORLD\EXPANSION03\DOODADS\VASHJIR\ANEMONE\VJ_ANEMONELRG0500.skin
1,patch-6.MPQ,WORLD\EXPANSION03\DOODADS\VASHJIR\ANEMONE\VJ_ANEMONE05.BLP,m2-embedded-path,WORLD\EXPANSION03\DOODADS\VASHJIR\ANEMONE\VJ_ANEMONELRG05.M2,44892,6A9A7002823886A4FACE306852D480EF969C13AE,D:\Sirus\_client\World of Warcraft Sirus\Risen_Depths_Extract_2026-10-04\AssetClosure\ByArchive\patch-6.MPQ\WORLD\EXPANSION03\DOODADS\VASHJIR\ANEMONE\VJ_ANEMONE05.BLP
1,patch-6.MPQ,WORLD\EXPANSION03\DOODADS\VASHJIR\ANEMONE\VJ_ANEMONE06.BLP,m2-embedded-path,WORLD\EXPANSION03\DOODADS\VASHJIR\ANEMONE\VJ_ANEMONELRG05.M2,88572,3D167D72BEBF491D8B04136D7C8C9A665E1479FE,D:\Sirus\_client\World of Warcraft Sirus\Risen_Depths_Extract_2026-10-04\AssetClosure\ByArchive\patch-6.MPQ\WORLD\EXPANSION03\DOODADS\VASHJIR\ANEMONE\VJ_ANEMONE06.BLP
1,patch-6.MPQ,WORLD\EXPANSION03\DOODADS\VASHJIR\ANEMONE\VJ_ANEMONESM0100.skin,m2-skin-profile,WORLD\EXPANSION03\DOODADS\VASHJIR\ANEMONE\VJ_ANEMONESM01.M2,11808,EBEE0C0E7B4AF508E96B4FC9BE1246EAF8CA484D,D:\Sirus\_client\World of Warcraft Sirus\Risen_Depths_Extract_2026-10-04\AssetClosure\ByArchive\patch-6.MPQ\WORLD\EXPANSION03\DOODADS\VASHJIR\ANEMONE\VJ_ANEMONESM0100.skin
1,patch-6.MPQ,WORLD\EXPANSION03\DOODADS\VASHJIR\ANEMONE\VJ_ANEMONE07.BLP,m2-embedded-path,WORLD\EXPANSION03\DOODADS\VASHJIR\ANEMONE\VJ_ANEMONESM01.M2,88572,7FC29FA6F643B1913C0911687772921DE3A7ED0D,D:\Sirus\_client\World of Warcraft Sirus\Risen_Depths_Extract_2026-10-04\AssetClosure\ByArchive\patch-6.MPQ\WORLD\EXPANSION03\DOODADS\VASHJIR\ANEMONE\VJ_ANEMONE07.BLP
1,patch-6.MPQ,WORLD\EXPANSION03\DOODADS\VASHJIR\ANEMONE\VJ_ANEMONE08.BLP,m2-embedded-path,WORLD\EXPANSION03\DOODADS\VASHJIR\ANEMONE\VJ_ANEMONESM01.M2,44892,DA0403F36F07A6F421596D34A365D34F20D8A420,D:\Sirus\_client\World of Warcraft Sirus\Risen_Depths_Extract_2026-10-04\AssetClosure\ByArchive\patch-6.MPQ\WORLD\EXPANSION03\DOODADS\VASHJIR\ANEMONE\VJ_ANEMONE08.BLP
1,patch-6.MPQ,WORLD\EXPANSION03\DOODADS\VASHJIR\ANEMONE\VJ_ANEMONESM0300.skin,m2-skin-profile,WORLD\EXPANSION03\DOODADS\VASHJIR\ANEMONE\VJ_ANEMONESM03.M2,9696,FF4801F6875C2C53AEA7120B6AE48EFAD3FA33EA,D:\Sirus\_client\World of Warcraft Sirus\Risen_Depths_Extract_2026-10-04\AssetClosure\ByArchive\patch-6.MPQ\WORLD\EXPANSION03\DOODADS\VASHJIR\ANEMONE\VJ_ANEMONESM0300.skin
1,patch-6.MPQ,WORLD\EXPANSION03\DOODADS\VASHJIR\ANEMONE\VJ_ANEMONE10.BLP,m2-embedded-path,WORLD\EXPANSION03\DOODADS\VASHJIR\ANEMONE\VJ_ANEMONESM03.M2,175972,4F53A22BB3726ECE19F53A126AC96896BEB188CA,D:\Sirus\_client\World of Warcraft Sirus\Risen_Depths_Extract_2026-10-04\AssetClosure\ByArchive\patch-6.MPQ\WORLD\EXPANSION03\DOODADS\VASHJIR\ANEMONE\VJ_ANEMONE10.BLP
1,patch-6.MPQ,WORLD\EXPANSION03\DOODADS\VASHJIR\ANEMONE\VJ_GIANTANEMONE0100.skin,m2-skin-profile,WORLD\EXPANSION03\DOODADS\VASHJIR\ANEMONE\VJ_GIANTANEMONE01.M2,55424,1854DB5E92CD9578EBB42083026189998A4C6048,D:\Sirus\_client\World of Warcraft Sirus\Risen_Depths_Extract_2026-10-04\AssetClosure\ByArchive\patch-6.MPQ\WORLD\EXPANSION03\DOODADS\VASHJIR\ANEMONE\VJ_GIANTANEMONE0100.skin
1,patch-6.MPQ,WORLD\EXPANSION03\DOODADS\VASHJIR\ANEMONE\VJ_GIANTANEMONE01.BLP,m2-embedded-path,WORLD\EXPANSION03\DOODADS\VASHJIR\ANEMONE\VJ_GIANTANEMONE01.M2,175948,FC17677855958585324D7605E3D040BBFF633680,D:\Sirus\_client\World of Warcraft Sirus\Risen_Depths_Extract_2026-10-04\AssetClosure\ByArchive\patch-6.MPQ\WORLD\EXPANSION03\DOODADS\VASHJIR\ANEMONE\VJ_GIANTANEMONE01.BLP
1,patch-6.MPQ,WORLD\EXPANSION03\DOODADS\VASHJIR\ANEMONE\VJ_GIANTANEMONE0200.skin,m2-skin-profile,WORLD\EXPANSION03\DOODADS\VASHJIR\ANEMONE\VJ_GIANTANEMONE02.M2,55424,0297FE3FAA91B8D9A3ECC92591ADFA8EE5C417A0,D:\Sirus\_client\World of Warcraft Sirus\Risen_Depths_Extract_2026-10-04\AssetClosure\ByArchive\patch-6.MPQ\WORLD\EXPANSION03\DOODADS\VASHJIR\ANEMONE\VJ_GIANTANEMONE0200.skin
1,patch-6.MPQ,World\Expansion03\Doodads\Vashjir\Anemone\VJ_GiantAnemone02.blp,m2-embedded-path,WORLD\EXPANSION03\DOODADS\VASHJIR\ANEMONE\VJ_GIANTANEMONE02.M2,175948,8467D3EAE886375EB36A6FFA1C5B17CAF2C25146,D:\Sirus\_client\World of Warcraft Sirus\Risen_Depths_Extract_2026-10-04\AssetClosure\ByArchive\patch-6.MPQ\World\Expansion03\Doodads\Vashjir\Anemone\VJ_GiantAnemone02.blp
1,patch-6.MPQ,WORLD\EXPANSION03\DOODADS\VASHJIR\BONES\VJ_WHALEBONES_0100.skin,m2-skin-profile,WORLD\EXPANSION03\DOODADS\VASHJIR\BONES\VJ_WHALEBONES_01.M2,6192,BF9AE8301A7A75BA7AA32EEAD81292BB02AA5A03,D:\Sirus\_client\World of Warcraft Sirus\Risen_Depths_Extract_2026-10-04\AssetClosure\ByArchive\patch-6.MPQ\WORLD\EXPANSION03\DOODADS\VASHJIR\BONES\VJ_WHALEBONES_0100.skin
1,patch-6.MPQ,World\Expansion03\Doodads\Vashjir\Bones\VJ_TEX_Whalebones01.blp,m2-embedded-path,WORLD\EXPANSION03\DOODADS\VASHJIR\BONES\VJ_WHALEBONES_01.M2 | WORLD\EXPANSION03\DOODADS\VASHJIR\BONES\VJ_WHALEBONES_04.M2,175948,EF1493DEF107D9A09D748165D7FC0E9BB535A95E,D:\Sirus\_client\World of Warcraft Sirus\Risen_Depths_Extract_2026-10-04\AssetClosure\ByArchive\patch-6.MPQ\World\Expansion03\Doodads\Vashjir\Bones\VJ_TEX_Whalebones01.blp
1,patch-6.MPQ,WORLD\EXPANSION03\DOODADS\VASHJIR\SEAMONSTER\VJ_TEX_DRAGONBONE01.BLP,m2-embedded-path,WORLD\EXPANSION03\DOODADS\VASHJIR\BONES\VJ_WHALEBONES_01.M2 | WORLD\EXPANSION03\DOODADS\VASHJIR\BONES\VJ_WHALEBONES_04.M2 | WORLD\EXPANSION03\DOODADS\VASHJIR\SEAMONSTER\VJ_SEAMONSTER_BONESSKULL_02.M2 | WORLD\EXPANSION03\DOODADS\VASHJIR\SEAMONSTER\VJ_SEAMONSTER_BONESSKULL_03.M2 | WORLD\EXPANSION03\DOODADS\VASHJIR\SEAMONSTER\VJ_SEAMONSTER_BONESSKULL_04.M2,44876,9E225249B4C4589BDB0E12F1B756ED37CC18B4BB,D:\Sirus\_client\World of Warcraft Sirus\Risen_Depths_Extract_2026-10-04\AssetClosure\ByArchive\patch-6.MPQ\WORLD\EXPANSION03\DOODADS\VASHJIR\SEAMONSTER\VJ_TEX_DRAGONBONE01.BLP
1,patch-6.MPQ,WORLD\EXPANSION03\DOODADS\VASHJIR\BONES\VJ_WHALEBONES_0400.skin,m2-skin-profile,WORLD\EXPANSION03\DOODADS\VASHJIR\BONES\VJ_WHALEBONES_04.M2,10576,50DF9E1B660BC6EB12217BCA219427A766AA586F,D:\Sirus\_client\World of Warcraft Sirus\Risen_Depths_Extract_2026-10-04\AssetClosure\ByArchive\patch-6.MPQ\WORLD\EXPANSION03\DOODADS\VASHJIR\BONES\VJ_WHALEBONES_0400.skin
1,patch-6.MPQ,WORLD\GENERIC\TROLL\PASSIVE DOODADS\MUMMYTROLLS\CAVEBONE01.BLP,m2-embedded-path,WORLD\EXPANSION03\DOODADS\VASHJIR\BONES\VJ_WHALEBONES_04.M2 | WORLD\EXPANSION03\DOODADS\VASHJIR\SEAMONSTER\VJ_SEAMONSTER_BONESSKULL_02.M2 | WORLD\EXPANSION03\DOODADS\VASHJIR\SEAMONSTER\VJ_SEAMONSTER_BONESSKULL_03.M2 | WORLD\EXPANSION03\DOODADS\VASHJIR\SEAMONSTER\VJ_SEAMONSTER_BONESSKULL_04.M2 | WORLD\GENERIC\PASSIVEDOODADS\FURNITURE\REFUSE\BONE01.m2 | WORLD\GENERIC\PASSIVEDOODADS\FURNITURE\REFUSE\BONE02.m2 | WORLD\GENERIC\PASSIVEDOODADS\PARTICLEEMITTERS\BUBBLES01.m2 | WORLD\GENERIC\PASSIVEDOODADS\PARTICLEEMITTERS\BUBBLESB.m2,2556,063B47E2E3B5B672331FCE64E0E846F22A3653CA,D:\Sirus\_client\World of Warcraft Sirus\Risen_Depths_Extract_2026-10-04\AssetClosure\ByArchive\patch-6.MPQ\WORLD\GENERIC\TROLL\PASSIVE DOODADS\MUMMYTROLLS\CAVEBONE01.BLP
1,patch-6.MPQ,WORLD\EXPANSION03\DOODADS\VASHJIR\CORALS\VJ_BUSHCORALBROWN0100.skin,m2-skin-profile,WORLD\EXPANSION03\DOODADS\VASHJIR\CORALS\VJ_BUSHCORALBROWN01.M2,5040,6393DFBA1CBD9B3B3B1EBE8AC1B3682790AA0F0F,D:\Sirus\_client\World of Warcraft Sirus\Risen_Depths_Extract_2026-10-04\AssetClosure\ByArchive\patch-6.MPQ\WORLD\EXPANSION03\DOODADS\VASHJIR\CORALS\VJ_BUSHCORALBROWN0100.skin
1,patch-6.MPQ,World\Expansion03\Doodads\Vashjir\Corals\VJ_Corals02.blp,m2-embedded-path,WORLD\EXPANSION03\DOODADS\VASHJIR\CORALS\VJ_BUSHCORALBROWN01.M2,88580,5BB119CF9FC1E7682BA7FCEEFC4DA7CED687B24F,D:\Sirus\_client\World of Warcraft Sirus\Risen_Depths_Extract_2026-10-04\AssetClosure\ByArchive\patch-6.MPQ\World\Expansion03\Doodads\Vashjir\Corals\VJ_Corals02.blp
1,patch-6.MPQ,WORLD\EXPANSION03\DOODADS\VASHJIR\CORALS\VJ_CORALBUSH_BLUEGREEN0100.skin,m2-skin-profile,WORLD\EXPANSION03\DOODADS\VASHJIR\CORALS\VJ_CORALBUSH_BLUEGREEN01.M2,1024,2DC3759B9EF90B04F1204EBBD9925F13C062FCCC,D:\Sirus\_client\World of Warcraft Sirus\Risen_Depths_Extract_2026-10-04\AssetClosure\ByArchive\patch-6.MPQ\WORLD\EXPANSION03\DOODADS\VASHJIR\CORALS\VJ_CORALBUSH_BLUEGREEN0100.skin
1,patch-6.MPQ,WORLD\EXPANSION03\DOODADS\VASHJIR\CORALS\VJ_GIANTCORALS08.BLP,m2-embedded-path,WORLD\EXPANSION03\DOODADS\VASHJIR\CORALS\VJ_CORALBUSH_BLUEGREEN01.M2 | WORLD\EXPANSION03\DOODADS\VASHJIR\CORALS\VJ_GIANTCORAL_BLUEGREEN01.M2 | WORLD\EXPANSION03\DOODADS\VASHJIR\CORALS\VJ_GIANTCORAL_BLUEGREEN02.M2,350724,A775F35D49315242A76476BC28C0FF701482798F,D:\Sirus\_client\World of Warcraft Sirus\Risen_Depths_Extract_2026-10-04\AssetClosure\ByArchive\patch-6.MPQ\WORLD\EXPANSION03\DOODADS\VASHJIR\CORALS\VJ_GIANTCORALS08.BLP
1,patch-6.MPQ,WORLD\EXPANSION03\DOODADS\VASHJIR\CORALS\VJ_CORALBUSH_GRAY0200.skin,m2-skin-profile,WORLD\EXPANSION03\DOODADS\VASHJIR\CORALS\VJ_CORALBUSH_GRAY02.M2,1248,06492A78A1A0AF64B93E9BEDFF4B5C8743157CE3,D:\Sirus\_client\World of Warcraft Sirus\Risen_Depths_Extract_2026-10-04\AssetClosure\ByArchive\patch-6.MPQ\WORLD\EXPANSION03\DOODADS\VASHJIR\CORALS\VJ_CORALBUSH_GRAY0200.skin
1,patch-6.MPQ,World\Expansion03\Doodads\Vashjir\Corals\VJ_CoralBush_05a.blp,m2-embedded-path,WORLD\EXPANSION03\DOODADS\VASHJIR\CORALS\VJ_CORALBUSH_GRAY02.M2,88580,35F1AC6926625FC18FE79887E6D83FA6E16C41B1,D:\Sirus\_client\World of Warcraft Sirus\Risen_Depths_Extract_2026-10-04\AssetClosure\ByArchive\patch-6.MPQ\World\Expansion03\Doodads\Vashjir\Corals\VJ_CoralBush_05a.blp
1,patch-6.MPQ,WORLD\EXPANSION03\DOODADS\VASHJIR\CORALS\VJ_CORALBUSH_GREEN0100.skin,m2-skin-profile,WORLD\EXPANSION03\DOODADS\VASHJIR\CORALS\VJ_CORALBUSH_GREEN01.M2,1248,06492A78A1A0AF64B93E9BEDFF4B5C8743157CE3,D:\Sirus\_client\World of Warcraft Sirus\Risen_Depths_Extract_2026-10-04\AssetClosure\ByArchive\patch-6.MPQ\WORLD\EXPANSION03\DOODADS\VASHJIR\CORALS\VJ_CORALBUSH_GREEN0100.skin
1,patch-6.MPQ,World\Expansion03\Doodads\Vashjir\Corals\VJ_CoralBush_01.blp,m2-embedded-path,WORLD\EXPANSION03\DOODADS\VASHJIR\CORALS\VJ_CORALBUSH_GREEN01.M2,88580,81BFEEAD50E00492C72E9DF43BEB6EF859457138,D:\Sirus\_client\World of Warcraft Sirus\Risen_Depths_Extract_2026-10-04\AssetClosure\ByArchive\patch-6.MPQ\World\Expansion03\Doodads\Vashjir\Corals\VJ_CoralBush_01.blp
1,patch-6.MPQ,WORLD\EXPANSION03\DOODADS\VASHJIR\CORALS\VJ_CORALBUSH_GREEN0200.skin,m2-skin-profile,WORLD\EXPANSION03\DOODADS\VASHJIR\CORALS\VJ_CORALBUSH_GREEN02.M2,1248,06492A78A1A0AF64B93E9BEDFF4B5C8743157CE3,D:\Sirus\_client\World of Warcraft Sirus\Risen_Depths_Extract_2026-10-04\AssetClosure\ByArchive\patch-6.MPQ\WORLD\EXPANSION03\DOODADS\VASHJIR\CORALS\VJ_CORALBUSH_GREEN0200.skin
1,patch-6.MPQ,World\Expansion03\Doodads\Vashjir\Corals\VJ_CoralBush_02.blp,m2-embedded-path,WORLD\EXPANSION03\DOODADS\VASHJIR\CORALS\VJ_CORALBUSH_GREEN02.M2,88580,DD87AA92CBC62D9677B005ABE66EE6501B6C4396,D:\Sirus\_client\World of Warcraft Sirus\Risen_Depths_Extract_2026-10-04\AssetClosure\ByArchive\patch-6.MPQ\World\Expansion03\Doodads\Vashjir\Corals\VJ_CoralBush_02.blp
1,patch-6.MPQ,WORLD\EXPANSION03\DOODADS\VASHJIR\CORALS\VJ_CORALBUSH_ORANGE0100.skin,m2-skin-profile,WORLD\EXPANSION03\DOODADS\VASHJIR\CORALS\VJ_CORALBUSH_ORANGE01.M2,1248,D6EA3EFA7A17DB903AB54B2E266A48080A81559A,D:\Sirus\_client\World of Warcraft Sirus\Risen_Depths_Extract_2026-10-04\AssetClosure\ByArchive\patch-6.MPQ\WORLD\EXPANSION03\DOODADS\VASHJIR\CORALS\VJ_CORALBUSH_ORANGE0100.skin
1,patch-6.MPQ,WORLD\EXPANSION03\DOODADS\VASHJIR\CORALS\VJ_GIANTCORAL01.BLP,m2-embedded-path,WORLD\EXPANSION03\DOODADS\VASHJIR\CORALS\VJ_CORALBUSH_ORANGE01.M2,350724,64ED21FAC69BD23C7AD975174D5193C770FD43B9,D:\Sirus\_client\World of Warcraft Sirus\Risen_Depths_Extract_2026-10-04\AssetClosure\ByArchive\patch-6.MPQ\WORLD\EXPANSION03\DOODADS\VASHJIR\CORALS\VJ_GIANTCORAL01.BLP
1,patch-6.MPQ,WORLD\EXPANSION03\DOODADS\VASHJIR\CORALS\VJ_CORALBUSH_PINK0100.skin,m2-skin-profile,WORLD\EXPANSION03\DOODADS\VASHJIR\CORALS\VJ_CORALBUSH_PINK01.M2,1296,298E1B59536CBBF11CF6605FB8CF4E835B741A11,D:\Sirus\_client\World of Warcraft Sirus\Risen_Depths_Extract_2026-10-04\AssetClosure\ByArchive\patch-6.MPQ\WORLD\EXPANSION03\DOODADS\VASHJIR\CORALS\VJ_CORALBUSH_PINK0100.skin
1,patch-6.MPQ,WORLD\EXPANSION03\DOODADS\VASHJIR\CORALS\VJ_GIANTCORALS03.BLP,m2-embedded-path,WORLD\EXPANSION03\DOODADS\VASHJIR\CORALS\VJ_CORALBUSH_PINK01.M2 | WORLD\EXPANSION03\DOODADS\VASHJIR\CORALS\VJ_GIANTCORAL_PINK02.M2 | WORLD\EXPANSION03\DOODADS\VASHJIR\CORALS\VJ_GIANTCORAL_PINK03.M2,350724,C020C8A4FDEB93A5001C78AABD3B65545F046413,D:\Sirus\_client\World of Warcraft Sirus\Risen_Depths_Extract_2026-10-04\AssetClosure\ByArchive\patch-6.MPQ\WORLD\EXPANSION03\DOODADS\VASHJIR\CORALS\VJ_GIANTCORALS03.BLP
1,patch-6.MPQ,WORLD\EXPANSION03\DOODADS\VASHJIR\CORALS\VJ_CORALBUSH_PURPLE0200.skin,m2-skin-profile,WORLD\EXPANSION03\DOODADS\VASHJIR\CORALS\VJ_CORALBUSH_PURPLE02.M2,1248,06492A78A1A0AF64B93E9BEDFF4B5C8743157CE3,D:\Sirus\_client\World of Warcraft Sirus\Risen_Depths_Extract_2026-10-04\AssetClosure\ByArchive\patch-6.MPQ\WORLD\EXPANSION03\DOODADS\VASHJIR\CORALS\VJ_CORALBUSH_PURPLE0200.skin
1,patch-6.MPQ,World\Expansion03\Doodads\Vashjir\Corals\VJ_CoralBush_04a.blp,m2-embedded-path,WORLD\EXPANSION03\DOODADS\VASHJIR\CORALS\VJ_CORALBUSH_PURPLE02.M2,88580,F315313D5957DD3FD0C85C57ECA986509E2ED91F,D:\Sirus\_client\World of Warcraft Sirus\Risen_Depths_Extract_2026-10-04\AssetClosure\ByArchive\patch-6.MPQ\World\Expansion03\Doodads\Vashjir\Corals\VJ_CoralBush_04a.blp
1,patch-6.MPQ,WORLD\EXPANSION03\DOODADS\VASHJIR\CORALS\VJ_CORALBUSH_RED0200.skin,m2-skin-profile,WORLD\EXPANSION03\DOODADS\VASHJIR\CORALS\VJ_CORALBUSH_RED02.M2,1248,06492A78A1A0AF64B93E9BEDFF4B5C8743157CE3,D:\Sirus\_client\World of Warcraft Sirus\Risen_Depths_Extract_2026-10-04\AssetClosure\ByArchive\patch-6.MPQ\WORLD\EXPANSION03\DOODADS\VASHJIR\CORALS\VJ_CORALBUSH_RED0200.skin
1,patch-6.MPQ,World\Expansion03\Doodads\Vashjir\Corals\VJ_CoralBush_03.blp,m2-embedded-path,WORLD\EXPANSION03\DOODADS\VASHJIR\CORALS\VJ_CORALBUSH_RED02.M2,88580,0E9B91B02395B3A74C085DB5E5AA3EF88526E8D8,D:\Sirus\_client\World of Warcraft Sirus\Risen_Depths_Extract_2026-10-04\AssetClosure\ByArchive\patch-6.MPQ\World\Expansion03\Doodads\Vashjir\Corals\VJ_CoralBush_03.blp
1,patch-6.MPQ,WORLD\EXPANSION03\DOODADS\VASHJIR\CORALS\VJ_CORALCLUSTERTOP0200.skin,m2-skin-profile,WORLD\EXPANSION03\DOODADS\VASHJIR\CORALS\VJ_CORALCLUSTERTOP02.M2,13760,7E2F92C9B29F74A986F45BDA70A6803AA7089000,D:\Sirus\_client\World of Warcraft Sirus\Risen_Depths_Extract_2026-10-04\AssetClosure\ByArchive\patch-6.MPQ\WORLD\EXPANSION03\DOODADS\VASHJIR\CORALS\VJ_CORALCLUSTERTOP0200.skin
1,patch-6.MPQ,WORLD\EXPANSION03\DOODADS\VASHJIR\CORALS\VJ_CORALTABLETOP04.BLP,m2-embedded-path,WORLD\EXPANSION03\DOODADS\VASHJIR\CORALS\VJ_CORALCLUSTERTOP02.M2,175948,C628EE604C305E2DEFC1A5C8D61061DE4492723D,D:\Sirus\_client\World of Warcraft Sirus\Risen_Depths_Extract_2026-10-04\AssetClosure\ByArchive\patch-6.MPQ\WORLD\EXPANSION03\DOODADS\VASHJIR\CORALS\VJ_CORALTABLETOP04.BLP
1,patch-6.MPQ,WORLD\EXPANSION03\DOODADS\VASHJIR\CORALS\VJ_CORALFLATGREEN_0100.skin,m2-skin-profile,WORLD\EXPANSION03\DOODADS\VASHJIR\CORALS\VJ_CORALFLATGREEN_01.M2,3056,E20524C06A868AE75FC76F57DBA66CD2F6A62840,D:\Sirus\_client\World of Warcraft Sirus\Risen_Depths_Extract_2026-10-04\AssetClosure\ByArchive\patch-6.MPQ\WORLD\EXPANSION03\DOODADS\VASHJIR\CORALS\VJ_CORALFLATGREEN_0100.skin
1,patch-6.MPQ,WORLD\EXPANSION03\DOODADS\VASHJIR\CORALS\VJ_CORALBRANCHGREEN_03.BLP,m2-embedded-path,WORLD\EXPANSION03\DOODADS\VASHJIR\CORALS\VJ_CORALFLATGREEN_01.M2,44900,078B17681A873A38507E63C784C024FC993A7824,D:\Sirus\_client\World of Warcraft Sirus\Risen_Depths_Extract_2026-10-04\AssetClosure\ByArchive\patch-6.MPQ\WORLD\EXPANSION03\DOODADS\VASHJIR\CORALS\VJ_CORALBRANCHGREEN_03.BLP
1,patch-6.MPQ,WORLD\EXPANSION03\DOODADS\VASHJIR\CORALS\VJ_CORALFLATPURPLE_0100.skin,m2-skin-profile,WORLD\EXPANSION03\DOODADS\VASHJIR\CORALS\VJ_CORALFLATPURPLE_01.M2,3056,E20524C06A868AE75FC76F57DBA66CD2F6A62840,D:\Sirus\_client\World of Warcraft Sirus\Risen_Depths_Extract_2026-10-04\AssetClosure\ByArchive\patch-6.MPQ\WORLD\EXPANSION03\DOODADS\VASHJIR\CORALS\VJ_CORALFLATPURPLE_0100.skin
1,patch-6.MPQ,WORLD\EXPANSION03\DOODADS\VASHJIR\CORALS\VJ_CORALBRANCHPURPLE_03.BLP,m2-embedded-path,WORLD\EXPANSION03\DOODADS\VASHJIR\CORALS\VJ_CORALFLATPURPLE_01.M2,44900,1B859E7E0DB1115F43BF61159F5BCB532AF23FED,D:\Sirus\_client\World of Warcraft Sirus\Risen_Depths_Extract_2026-10-04\AssetClosure\ByArchive\patch-6.MPQ\WORLD\EXPANSION03\DOODADS\VASHJIR\CORALS\VJ_CORALBRANCHPURPLE_03.BLP
1,patch-6.MPQ,WORLD\EXPANSION03\DOODADS\VASHJIR\CORALS\VJ_CORALFLATRED_0100.skin,m2-skin-profile,WORLD\EXPANSION03\DOODADS\VASHJIR\CORALS\VJ_CORALFLATRED_01.M2,3056,E20524C06A868AE75FC76F57DBA66CD2F6A62840,D:\Sirus\_client\World of Warcraft Sirus\Risen_Depths_Extract_2026-10-04\AssetClosure\ByArchive\patch-6.MPQ\WORLD\EXPANSION03\DOODADS\VASHJIR\CORALS\VJ_CORALFLATRED_0100.skin
1,patch-6.MPQ,WORLD\EXPANSION03\DOODADS\VASHJIR\CORALS\VJ_CORALBRANCHRED_03.BLP,m2-embedded-path,WORLD\EXPANSION03\DOODADS\VASHJIR\CORALS\VJ_CORALFLATRED_01.M2,44900,30A66F4F39BB792B3669FE420D83DC2123AD126B,D:\Sirus\_client\World of Warcraft Sirus\Risen_Depths_Extract_2026-10-04\AssetClosure\ByArchive\patch-6.MPQ\WORLD\EXPANSION03\DOODADS\VASHJIR\CORALS\VJ_CORALBRANCHRED_03.BLP
1,patch-6.MPQ,WORLD\EXPANSION03\DOODADS\VASHJIR\CORALS\VJ_CORALFLATRED_0200.skin,m2-skin-profile,WORLD\EXPANSION03\DOODADS\VASHJIR\CORALS\VJ_CORALFLATRED_02.M2,1232,5620CB534C09F4F49D694131C5C9A8DD2A3938E1,D:\Sirus\_client\World of Warcraft Sirus\Risen_Depths_Extract_2026-10-04\AssetClosure\ByArchive\patch-6.MPQ\WORLD\EXPANSION03\DOODADS\VASHJIR\CORALS\VJ_CORALFLATRED_0200.skin
1,patch-6.MPQ,WORLD\EXPANSION03\DOODADS\VASHJIR\CORALS\VJ_CORALSSPORETOP02.BLP,m2-embedded-path,WORLD\EXPANSION03\DOODADS\VASHJIR\CORALS\VJ_CORALFLATRED_02.M2,88580,9AF23A844C1BB2AB72EDDBCF401FF44FCCD78E73,D:\Sirus\_client\World of Warcraft Sirus\Risen_Depths_Extract_2026-10-04\AssetClosure\ByArchive\patch-6.MPQ\WORLD\EXPANSION03\DOODADS\VASHJIR\CORALS\VJ_CORALSSPORETOP02.BLP
1,patch-6.MPQ,WORLD\EXPANSION03\DOODADS\VASHJIR\CORALS\VJ_CORALBRANCHRED_02.BLP,m2-embedded-path,WORLD\EXPANSION03\DOODADS\VASHJIR\CORALS\VJ_CORALFLATRED_02.M2,175972,110583451F7515B0048FC9B5A40DFE723048A25B,D:\Sirus\_client\World of Warcraft Sirus\Risen_Depths_Extract_2026-10-04\AssetClosure\ByArchive\patch-6.MPQ\WORLD\EXPANSION03\DOODADS\VASHJIR\CORALS\VJ_CORALBRANCHRED_02.BLP
1,patch-6.MPQ,WORLD\EXPANSION03\DOODADS\VASHJIR\CORALS\VJ_CORALMUTATED0100.skin,m2-skin-profile,WORLD\EXPANSION03\DOODADS\VASHJIR\CORALS\VJ_CORALMUTATED01.M2,8688,28C5F6E2476C9E1407D4D9DDA44EE4EE100196BB,D:\Sirus\_client\World of Warcraft Sirus\Risen_Depths_Extract_2026-10-04\AssetClosure\ByArchive\patch-6.MPQ\WORLD\EXPANSION03\DOODADS\VASHJIR\CORALS\VJ_CORALMUTATED0100.skin
1,patch-6.MPQ,WORLD\EXPANSION03\DOODADS\VASHJIR\CORALS\VJ_SPONGECORAL_02.BLP,m2-embedded-path,WORLD\EXPANSION03\DOODADS\VASHJIR\CORALS\VJ_CORALMUTATED01.M2 | WORLD\EXPANSION03\DOODADS\VASHJIR\CORALS\VJ_CORALMUTATED02.M2 | WORLD\EXPANSION03\DOODADS\VASHJIR\CORALS\VJ_SPONGECORAL_02.M2 | WORLD\EXPANSION03\DOODADS\VASHJIR\CORALS\VJ_SPONGECORAL_03.M2,88572,E199F4F51A2B7A0CD371AB2F9BAEF3D524B6FD97,D:\Sirus\_client\World of Warcraft Sirus\Risen_Depths_Extract_2026-10-04\AssetClosure\ByArchive\patch-6.MPQ\WORLD\EXPANSION03\DOODADS\VASHJIR\CORALS\VJ_SPONGECORAL_02.BLP
1,patch-6.MPQ,WORLD\EXPANSION03\DOODADS\VASHJIR\CORALS\VJ_CORALMUTATED0200.skin,m2-skin-profile,WORLD\EXPANSION03\DOODADS\VASHJIR\CORALS\VJ_CORALMUTATED02.M2,8688,B897CC73BC401E1E61BA2EFAD7B371F2708F2696,D:\Sirus\_client\World of Warcraft Sirus\Risen_Depths_Extract_2026-10-04\AssetClosure\ByArchive\patch-6.MPQ\WORLD\EXPANSION03\DOODADS\VASHJIR\CORALS\VJ_CORALMUTATED0200.skin
1,patch-6.MPQ,WORLD\EXPANSION03\DOODADS\VASHJIR\CORALS\VJ_CORALSPIKEY_0100.skin,m2-skin-profile,WORLD\EXPANSION03\DOODADS\VASHJIR\CORALS\VJ_CORALSPIKEY_01.M2,4640,4BE58AD9D3B206CF04365FC75CFE520E74AF5C64,D:\Sirus\_client\World of Warcraft Sirus\Risen_Depths_Extract_2026-10-04\AssetClosure\ByArchive\patch-6.MPQ\WORLD\EXPANSION03\DOODADS\VASHJIR\CORALS\VJ_CORALSPIKEY_0100.skin
1,patch-6.MPQ,WORLD\EXPANSION03\DOODADS\VASHJIR\CORALS\VJ_CORALSTOP01.BLP,m2-embedded-path,WORLD\EXPANSION03\DOODADS\VASHJIR\CORALS\VJ_CORALSPIKEY_01.M2 | WORLD\EXPANSION03\DOODADS\VASHJIR\CORALS\VJ_CORALSPIKEY_03.M2,23036,BB74CEECF24F4425A10EBAD8C728D9D4351CEED3,D:\Sirus\_client\World of Warcraft Sirus\Risen_Depths_Extract_2026-10-04\AssetClosure\ByArchive\patch-6.MPQ\WORLD\EXPANSION03\DOODADS\VASHJIR\CORALS\VJ_CORALSTOP01.BLP
1,patch-6.MPQ,WORLD\EXPANSION03\DOODADS\VASHJIR\CORALS\VJ_CORALSSPORETOP01.BLP,m2-embedded-path,WORLD\EXPANSION03\DOODADS\VASHJIR\CORALS\VJ_CORALSPIKEY_01.M2,23044,E4AE6037E8FF93792406BAB961020BA265BC46E8,D:\Sirus\_client\World of Warcraft Sirus\Risen_Depths_Extract_2026-10-04\AssetClosure\ByArchive\patch-6.MPQ\WORLD\EXPANSION03\DOODADS\VASHJIR\CORALS\VJ_CORALSSPORETOP01.BLP
1,patch-6.MPQ,WORLD\EXPANSION03\DOODADS\VASHJIR\CORALS\VJ_CORALSPIKEY_0300.skin,m2-skin-profile,WORLD\EXPANSION03\DOODADS\VASHJIR\CORALS\VJ_CORALSPIKEY_03.M2,12400,A62E33F1435EA4115A6E6F67E9C4759BAF087230,D:\Sirus\_client\World of Warcraft Sirus\Risen_Depths_Extract_2026-10-04\AssetClosure\ByArchive\patch-6.MPQ\WORLD\EXPANSION03\DOODADS\VASHJIR\CORALS\VJ_CORALSPIKEY_0300.skin
1,patch-6.MPQ,WORLD\EXPANSION03\DOODADS\VASHJIR\CORALS\VJ_CORALTABLEMID0400.skin,m2-skin-profile,WORLD\EXPANSION03\DOODADS\VASHJIR\CORALS\VJ_CORALTABLEMID04.M2,6080,65CC5B308BE823B4C40054DBA1C40F364C71D9CC,D:\Sirus\_client\World of Warcraft Sirus\Risen_Depths_Extract_2026-10-04\AssetClosure\ByArchive\patch-6.MPQ\WORLD\EXPANSION03\DOODADS\VASHJIR\CORALS\VJ_CORALTABLEMID0400.skin
1,patch-6.MPQ,WORLD\EXPANSION03\DOODADS\VASHJIR\CORALS\VJ_CORALTABLEMID01.BLP,m2-embedded-path,WORLD\EXPANSION03\DOODADS\VASHJIR\CORALS\VJ_CORALTABLEMID04.M2 | WORLD\EXPANSION03\DOODADS\VASHJIR\CORALS\VJ_CORALTABLEMID05.M2,175948,0C9DBF9E1986D995590E31F23916C38698F0A115,D:\Sirus\_client\World of Warcraft Sirus\Risen_Depths_Extract_2026-10-04\AssetClosure\ByArchive\patch-6.MPQ\WORLD\EXPANSION03\DOODADS\VASHJIR\CORALS\VJ_CORALTABLEMID01.BLP
1,patch-6.MPQ,WORLD\EXPANSION03\DOODADS\VASHJIR\CORALS\VJ_CORALTABLEMID0500.skin,m2-skin-profile,WORLD\EXPANSION03\DOODADS\VASHJIR\CORALS\VJ_CORALTABLEMID05.M2,6080,78BDDD413FF96211CAC8756F618EDCF2EB430818,D:\Sirus\_client\World of Warcraft Sirus\Risen_Depths_Extract_2026-10-04\AssetClosure\ByArchive\patch-6.MPQ\WORLD\EXPANSION03\DOODADS\VASHJIR\CORALS\VJ_CORALTABLEMID0500.skin
1,patch-6.MPQ,WORLD\EXPANSION03\DOODADS\VASHJIR\CORALS\VJ_CORALTABLESPIKY0200.skin,m2-skin-profile,WORLD\EXPANSION03\DOODADS\VASHJIR\CORALS\VJ_CORALTABLESPIKY02.M2,16208,DA81E9D833D5BE37F4D37B34DFD3A94B1AF290EA,D:\Sirus\_client\World of Warcraft Sirus\Risen_Depths_Extract_2026-10-04\AssetClosure\ByArchive\patch-6.MPQ\WORLD\EXPANSION03\DOODADS\VASHJIR\CORALS\VJ_CORALTABLESPIKY0200.skin
1,patch-6.MPQ,World\Expansion03\Doodads\Vashjir\Corals\VJ_CoralTableSpiky02.blp,m2-embedded-path,WORLD\EXPANSION03\DOODADS\VASHJIR\CORALS\VJ_CORALTABLESPIKY02.M2,175948,B7966EDBCCE11B56ACDEE4A70D9FDA455E4F89F2,D:\Sirus\_client\World of Warcraft Sirus\Risen_Depths_Extract_2026-10-04\AssetClosure\ByArchive\patch-6.MPQ\World\Expansion03\Doodads\Vashjir\Corals\VJ_CoralTableSpiky02.blp
1,patch-6.MPQ,WORLD\EXPANSION03\DOODADS\VASHJIR\CORALS\VJ_CORALTABLESPIKYCLUSTER0100.skin,m2-skin-profile,WORLD\EXPANSION03\DOODADS\VASHJIR\CORALS\VJ_CORALTABLESPIKYCLUSTER01.M2,55280,92CAC76263403ED646CFBAE4CACA45E0E2253857,D:\Sirus\_client\World of Warcraft Sirus\Risen_Depths_Extract_2026-10-04\AssetClosure\ByArchive\patch-6.MPQ\WORLD\EXPANSION03\DOODADS\VASHJIR\CORALS\VJ_CORALTABLESPIKYCLUSTER0100.skin
1,patch-6.MPQ,WORLD\EXPANSION03\DOODADS\VASHJIR\CORALS\VJ_CORALTABLESPIKY03.BLP,m2-embedded-path,WORLD\EXPANSION03\DOODADS\VASHJIR\CORALS\VJ_CORALTABLESPIKYCLUSTER01.M2,175948,141A746CE64784D0023E54A11763AC4E5B67D6BC,D:\Sirus\_client\World of Warcraft Sirus\Risen_Depths_Extract_2026-10-04\AssetClosure\ByArchive\patch-6.MPQ\WORLD\EXPANSION03\DOODADS\VASHJIR\CORALS\VJ_CORALTABLESPIKY03.BLP
1,patch-6.MPQ,WORLD\EXPANSION03\DOODADS\VASHJIR\CORALS\VJ_CORALTABLETOP0100.skin,m2-skin-profile,WORLD\EXPANSION03\DOODADS\VASHJIR\CORALS\VJ_CORALTABLETOP01.M2,4080,773BBB2AC93BEB82488F2D2CBAE449A38871A45C,D:\Sirus\_client\World of Warcraft Sirus\Risen_Depths_Extract_2026-10-04\AssetClosure\ByArchive\patch-6.MPQ\WORLD\EXPANSION03\DOODADS\VASHJIR\CORALS\VJ_CORALTABLETOP0100.skin
1,patch-6.MPQ,WORLD\EXPANSION03\DOODADS\VASHJIR\CORALS\VJ_CORALTABLETOP01.BLP,m2-embedded-path,WORLD\EXPANSION03\DOODADS\VASHJIR\CORALS\VJ_CORALTABLETOP01.M2,350724,1471A5464E2895D58D1C1A1E4D66848573E66709,D:\Sirus\_client\World of Warcraft Sirus\Risen_Depths_Extract_2026-10-04\AssetClosure\ByArchive\patch-6.MPQ\WORLD\EXPANSION03\DOODADS\VASHJIR\CORALS\VJ_CORALTABLETOP01.BLP
1,patch-6.MPQ,WORLD\EXPANSION03\DOODADS\VASHJIR\CORALS\VJ_CORALTHICKBLUE_0200.skin,m2-skin-profile,WORLD\EXPANSION03\DOODADS\VASHJIR\CORALS\VJ_CORALTHICKBLUE_02.M2,5152,2F7F3D22CBC4AB447A786EB5CA6A502127F68AB6,D:\Sirus\_client\World of Warcraft Sirus\Risen_Depths_Extract_2026-10-04\AssetClosure\ByArchive\patch-6.MPQ\WORLD\EXPANSION03\DOODADS\VASHJIR\CORALS\VJ_CORALTHICKBLUE_0200.skin
1,patch-6.MPQ,WORLD\EXPANSION03\DOODADS\VASHJIR\CORALS\VJ_CORALTRUNKBLUE_02.BLP,m2-embedded-path,WORLD\EXPANSION03\DOODADS\VASHJIR\CORALS\VJ_CORALTHICKBLUE_02.M2 | WORLD\EXPANSION03\DOODADS\VASHJIR\CORALS\VJ_CORALTHICK_03.M2,88572,347D0D6C414CFC6929B0A311D468EF2179D16595,D:\Sirus\_client\World of Warcraft Sirus\Risen_Depths_Extract_2026-10-04\AssetClosure\ByArchive\patch-6.MPQ\WORLD\EXPANSION03\DOODADS\VASHJIR\CORALS\VJ_CORALTRUNKBLUE_02.BLP
1,patch-6.MPQ,WORLD\EXPANSION03\DOODADS\VASHJIR\CORALS\VJ_CORALTRUNKHOLEBLUE_01.BLP,m2-embedded-path,WORLD\EXPANSION03\DOODADS\VASHJIR\CORALS\VJ_CORALTHICKBLUE_02.M2 | WORLD\EXPANSION03\DOODADS\VASHJIR\CORALS\VJ_CORALTHICK_03.M2,44876,6DA880EA2949C8AB235351E32CA8570D1F21950E,D:\Sirus\_client\World of Warcraft Sirus\Risen_Depths_Extract_2026-10-04\AssetClosure\ByArchive\patch-6.MPQ\WORLD\EXPANSION03\DOODADS\VASHJIR\CORALS\VJ_CORALTRUNKHOLEBLUE_01.BLP
1,patch-6.MPQ,WORLD\EXPANSION03\DOODADS\VASHJIR\CORALS\VJ_CORALTHICKORANGE_0100.skin,m2-skin-profile,WORLD\EXPANSION03\DOODADS\VASHJIR\CORALS\VJ_CORALTHICKORANGE_01.M2,9984,A81C08B0DA05A6DE7836EACECAB990B7CA8FEA36,D:\Sirus\_client\World of Warcraft Sirus\Risen_Depths_Extract_2026-10-04\AssetClosure\ByArchive\patch-6.MPQ\WORLD\EXPANSION03\DOODADS\VASHJIR\CORALS\VJ_CORALTHICKORANGE_0100.skin
1,patch-6.MPQ,World\Expansion03\Doodads\Vashjir\Corals\VJ_CoralTrunkHoleOrange_01.blp,m2-embedded-path,WORLD\EXPANSION03\DOODADS\VASHJIR\CORALS\VJ_CORALTHICKORANGE_01.M2 | WORLD\EXPANSION03\DOODADS\VASHJIR\CORALS\VJ_CORALTHICKORANGE_02.M2,44876,83DA18FB2CEBB8AC2871E9867BA39F6B8EAD3342,D:\Sirus\_client\World of Warcraft Sirus\Risen_Depths_Extract_2026-10-04\AssetClosure\ByArchive\patch-6.MPQ\World\Expansion03\Doodads\Vashjir\Corals\VJ_CoralTrunkHoleOrange_01.blp
1,patch-6.MPQ,World\Expansion03\Doodads\Vashjir\Corals\VJ_CoralTrunkOrange_02.blp,m2-embedded-path,WORLD\EXPANSION03\DOODADS\VASHJIR\CORALS\VJ_CORALTHICKORANGE_01.M2 | WORLD\EXPANSION03\DOODADS\VASHJIR\CORALS\VJ_CORALTHICKORANGE_02.M2,88572,AB503B0CE7230C458B3CE378B0EBC20AEE2DFEBD,D:\Sirus\_client\World of Warcraft Sirus\Risen_Depths_Extract_2026-10-04\AssetClosure\ByArchive\patch-6.MPQ\World\Expansion03\Doodads\Vashjir\Corals\VJ_CoralTrunkOrange_02.blp
1,patch-6.MPQ,WORLD\EXPANSION03\DOODADS\VASHJIR\CORALS\VJ_CORALTHICKORANGE_0200.skin,m2-skin-profile,WORLD\EXPANSION03\DOODADS\VASHJIR\CORALS\VJ_CORALTHICKORANGE_02.M2,5216,4FBFACB6D8B8061ABF3CB7CD56C197704DEEBF6A,D:\Sirus\_client\World of Warcraft Sirus\Risen_Depths_Extract_2026-10-04\AssetClosure\ByArchive\patch-6.MPQ\WORLD\EXPANSION03\DOODADS\VASHJIR\CORALS\VJ_CORALTHICKORANGE_0200.skin
1,patch-6.MPQ,WORLD\EXPANSION03\DOODADS\VASHJIR\CORALS\VJ_CORALTHICKRED_0200.skin,m2-skin-profile,WORLD\EXPANSION03\DOODADS\VASHJIR\CORALS\VJ_CORALTHICKRED_02.M2,5216,4FBFACB6D8B8061ABF3CB7CD56C197704DEEBF6A,D:\Sirus\_client\World of Warcraft Sirus\Risen_Depths_Extract_2026-10-04\AssetClosure\ByArchive\patch-6.MPQ\WORLD\EXPANSION03\DOODADS\VASHJIR\CORALS\VJ_CORALTHICKRED_0200.skin
1,patch-6.MPQ,WORLD\EXPANSION03\DOODADS\VASHJIR\CORALS\VJ_CORALTRUNKHOLERED_01.BLP,m2-embedded-path,WORLD\EXPANSION03\DOODADS\VASHJIR\CORALS\VJ_CORALTHICKRED_02.M2,44876,64FFF837CEC432C33C1CE2D45697CCC7AB8917F7,D:\Sirus\_client\World of Warcraft Sirus\Risen_Depths_Extract_2026-10-04\AssetClosure\ByArchive\patch-6.MPQ\WORLD\EXPANSION03\DOODADS\VASHJIR\CORALS\VJ_CORALTRUNKHOLERED_01.BLP
1,patch-6.MPQ,WORLD\EXPANSION03\DOODADS\VASHJIR\CORALS\VJ_CORALTRUNKRED_02.BLP,m2-embedded-path,WORLD\EXPANSION03\DOODADS\VASHJIR\CORALS\VJ_CORALTHICKRED_02.M2,88572,82185C46F338278A13131F2633D24168870467AE,D:\Sirus\_client\World of Warcraft Sirus\Risen_Depths_Extract_2026-10-04\AssetClosure\ByArchive\patch-6.MPQ\WORLD\EXPANSION03\DOODADS\VASHJIR\CORALS\VJ_CORALTRUNKRED_02.BLP
1,patch-6.MPQ,WORLD\EXPANSION03\DOODADS\VASHJIR\CORALS\VJ_CORALTHICK_0200.skin,m2-skin-profile,WORLD\EXPANSION03\DOODADS\VASHJIR\CORALS\VJ_CORALTHICK_02.M2,5216,4FBFACB6D8B8061ABF3CB7CD56C197704DEEBF6A,D:\Sirus\_client\World of Warcraft Sirus\Risen_Depths_Extract_2026-10-04\AssetClosure\ByArchive\patch-6.MPQ\WORLD\EXPANSION03\DOODADS\VASHJIR\CORALS\VJ_CORALTHICK_0200.skin
1,patch-6.MPQ,WORLD\EXPANSION03\DOODADS\VASHJIR\CORALS\VJ_CORALTRUNKHOLE_01.BLP,m2-embedded-path,WORLD\EXPANSION03\DOODADS\VASHJIR\CORALS\VJ_CORALTHICK_02.M2,12108,4760E5C9B1D6A13D4E0C1DA05510FE0E809F587C,D:\Sirus\_client\World of Warcraft Sirus\Risen_Depths_Extract_2026-10-04\AssetClosure\ByArchive\patch-6.MPQ\WORLD\EXPANSION03\DOODADS\VASHJIR\CORALS\VJ_CORALTRUNKHOLE_01.BLP
1,patch-6.MPQ,WORLD\EXPANSION03\DOODADS\VASHJIR\CORALS\VJ_CORALTRUNK_02.BLP,m2-embedded-path,WORLD\EXPANSION03\DOODADS\VASHJIR\CORALS\VJ_CORALTHICK_02.M2,88572,96CE82A480D929E5F9E79245D93169726D9B0A75,D:\Sirus\_client\World of Warcraft Sirus\Risen_Depths_Extract_2026-10-04\AssetClosure\ByArchive\patch-6.MPQ\WORLD\EXPANSION03\DOODADS\VASHJIR\CORALS\VJ_CORALTRUNK_02.BLP
1,patch-6.MPQ,WORLD\EXPANSION03\DOODADS\VASHJIR\CORALS\VJ_CORALTHICK_0300.skin,m2-skin-profile,WORLD\EXPANSION03\DOODADS\VASHJIR\CORALS\VJ_CORALTHICK_03.M2,22880,A65FC3FBE810ECE547862AFE5A58AF335AE339ED,D:\Sirus\_client\World of Warcraft Sirus\Risen_Depths_Extract_2026-10-04\AssetClosure\ByArchive\patch-6.MPQ\WORLD\EXPANSION03\DOODADS\VASHJIR\CORALS\VJ_CORALTHICK_0300.skin
1,patch-6.MPQ,WORLD\EXPANSION03\DOODADS\VASHJIR\CORALS\VJ_CORAL_TREE_LARGE_0100.skin,m2-skin-profile,WORLD\EXPANSION03\DOODADS\VASHJIR\CORALS\VJ_CORAL_TREE_LARGE_01.M2,7472,41E9F150A55149F208D538661B21F7A8BF64511A,D:\Sirus\_client\World of Warcraft Sirus\Risen_Depths_Extract_2026-10-04\AssetClosure\ByArchive\patch-6.MPQ\WORLD\EXPANSION03\DOODADS\VASHJIR\CORALS\VJ_CORAL_TREE_LARGE_0100.skin
1,patch-6.MPQ,World\Expansion03\Doodads\Vashjir\Corals\Large_Coral_06.blp,m2-embedded-path,WORLD\EXPANSION03\DOODADS\VASHJIR\CORALS\VJ_CORAL_TREE_LARGE_01.M2 | WORLD\EXPANSION03\DOODADS\VASHJIR\CORALS\VJ_CORAL_TREE_LARGE_03.M2,175948,7CA261B521EE95FF3673D3E802104FDD86D683CC,D:\Sirus\_client\World of Warcraft Sirus\Risen_Depths_Extract_2026-10-04\AssetClosure\ByArchive\patch-6.MPQ\World\Expansion03\Doodads\Vashjir\Corals\Large_Coral_06.blp
1,patch-6.MPQ,World\Expansion03\Doodads\Vashjir\Corals\Large_Coral_Branch_02.blp,m2-embedded-path,WORLD\EXPANSION03\DOODADS\VASHJIR\CORALS\VJ_CORAL_TREE_LARGE_01.M2 | WORLD\EXPANSION03\DOODADS\VASHJIR\CORALS\VJ_CORAL_TREE_LARGE_03.M2,350724,66E51098FDC3D1A0C94CCD3F47AF771F13515CAD,D:\Sirus\_client\World of Warcraft Sirus\Risen_Depths_Extract_2026-10-04\AssetClosure\ByArchive\patch-6.MPQ\World\Expansion03\Doodads\Vashjir\Corals\Large_Coral_Branch_02.blp
1,patch-6.MPQ,WORLD\EXPANSION03\DOODADS\VASHJIR\CORALS\VJ_CORAL_TREE_LARGE_0300.skin,m2-skin-profile,WORLD\EXPANSION03\DOODADS\VASHJIR\CORALS\VJ_CORAL_TREE_LARGE_03.M2,6400,1D4437CFD3EA20B0DDE56F6B0F6CE16946D11C13,D:\Sirus\_client\World of Warcraft Sirus\Risen_Depths_Extract_2026-10-04\AssetClosure\ByArchive\patch-6.MPQ\WORLD\EXPANSION03\DOODADS\VASHJIR\CORALS\VJ_CORAL_TREE_LARGE_0300.skin
1,patch-6.MPQ,WORLD\EXPANSION03\DOODADS\VASHJIR\CORALS\VJ_GIANTCLAM0100.skin,m2-skin-profile,WORLD\EXPANSION03\DOODADS\VASHJIR\CORALS\VJ_GIANTCLAM01.M2,8608,8040704A5091528266B2BEF866C6E1C6B9A14AA8,D:\Sirus\_client\World of Warcraft Sirus\Risen_Depths_Extract_2026-10-04\AssetClosure\ByArchive\patch-6.MPQ\WORLD\EXPANSION03\DOODADS\VASHJIR\CORALS\VJ_GIANTCLAM0100.skin
1,patch-6.MPQ,World\Expansion03\Doodads\Vashjir\Corals\VJ_GianClam01.blp,m2-embedded-path,WORLD\EXPANSION03\DOODADS\VASHJIR\CORALS\VJ_GIANTCLAM01.M2,44876,517A7F0C4A9CE9E5E049066CE57EA84AC35688C8,D:\Sirus\_client\World of Warcraft Sirus\Risen_Depths_Extract_2026-10-04\AssetClosure\ByArchive\patch-6.MPQ\World\Expansion03\Doodads\Vashjir\Corals\VJ_GianClam01.blp
1,patch-6.MPQ,WORLD\EXPANSION03\DOODADS\VASHJIR\CORALS\VJ_GIANTCORAL_BLUEGREEN0100.skin,m2-skin-profile,WORLD\EXPANSION03\DOODADS\VASHJIR\CORALS\VJ_GIANTCORAL_BLUEGREEN01.M2,14880,C9B46E3AD20CBA54B34776A312BE39B302E87FBE,D:\Sirus\_client\World of Warcraft Sirus\Risen_Depths_Extract_2026-10-04\AssetClosure\ByArchive\patch-6.MPQ\WORLD\EXPANSION03\DOODADS\VASHJIR\CORALS\VJ_GIANTCORAL_BLUEGREEN0100.skin
1,patch-6.MPQ,World\Expansion03\Doodads\Vashjir\Corals\VJ_GiantCorals07.blp,m2-embedded-path,WORLD\EXPANSION03\DOODADS\VASHJIR\CORALS\VJ_GIANTCORAL_BLUEGREEN01.M2 | WORLD\EXPANSION03\DOODADS\VASHJIR\CORALS\VJ_GIANTCORAL_BLUEGREEN02.M2 | WORLD\EXPANSION03\DOODADS\VASHJIR\CORALS\VJ_GIANTCORAL_BLUEGREEN03.M2 | WORLD\EXPANSION03\DOODADS\VASHJIR\CORALS\VJ_GIANTCORAL_BLUEGREEN04.M2,88572,A112ECA900FD8341FAE63F1F8083BD367451E017,D:\Sirus\_client\World of Warcraft Sirus\Risen_Depths_Extract_2026-10-04\AssetClosure\ByArchive\patch-6.MPQ\World\Expansion03\Doodads\Vashjir\Corals\VJ_GiantCorals07.blp
1,patch-6.MPQ,WORLD\EXPANSION03\DOODADS\VASHJIR\CORALS\VJ_GIANTCORAL_BLUEGREEN0200.skin,m2-skin-profile,WORLD\EXPANSION03\DOODADS\VASHJIR\CORALS\VJ_GIANTCORAL_BLUEGREEN02.M2,15648,83930A02AE3B5648FBF02ACD3386C6863A3D2394,D:\Sirus\_client\World of Warcraft Sirus\Risen_Depths_Extract_2026-10-04\AssetClosure\ByArchive\patch-6.MPQ\WORLD\EXPANSION03\DOODADS\VASHJIR\CORALS\VJ_GIANTCORAL_BLUEGREEN0200.skin
1,patch-6.MPQ,WORLD\EXPANSION03\DOODADS\VASHJIR\CORALS\VJ_GIANTCORAL_BLUEGREEN0300.skin,m2-skin-profile,WORLD\EXPANSION03\DOODADS\VASHJIR\CORALS\VJ_GIANTCORAL_BLUEGREEN03.M2,4784,45E9486C3597E08527F78026C9C59E0F37C6EAB0,D:\Sirus\_client\World of Warcraft Sirus\Risen_Depths_Extract_2026-10-04\AssetClosure\ByArchive\patch-6.MPQ\WORLD\EXPANSION03\DOODADS\VASHJIR\CORALS\VJ_GIANTCORAL_BLUEGREEN0300.skin
1,patch-6.MPQ,WORLD\EXPANSION03\DOODADS\VASHJIR\CORALS\VJ_GIANTCORAL_BLUEGREEN0400.skin,m2-skin-profile,WORLD\EXPANSION03\DOODADS\VASHJIR\CORALS\VJ_GIANTCORAL_BLUEGREEN04.M2,4048,93B8E543AF4B9B323F501CB59718810F4059962C,D:\Sirus\_client\World of Warcraft Sirus\Risen_Depths_Extract_2026-10-04\AssetClosure\ByArchive\patch-6.MPQ\WORLD\EXPANSION03\DOODADS\VASHJIR\CORALS\VJ_GIANTCORAL_BLUEGREEN0400.skin
1,patch-6.MPQ,WORLD\EXPANSION03\DOODADS\VASHJIR\CORALS\VJ_GIANTCORAL_GLOWY0500.skin,m2-skin-profile,WORLD\EXPANSION03\DOODADS\VASHJIR\CORALS\VJ_GIANTCORAL_GLOWY05.M2,23920,4C7DBF4E0C85C0BDBE2FEA6B5E4051A5286326ED,D:\Sirus\_client\World of Warcraft Sirus\Risen_Depths_Extract_2026-10-04\AssetClosure\ByArchive\patch-6.MPQ\WORLD\EXPANSION03\DOODADS\VASHJIR\CORALS\VJ_GIANTCORAL_GLOWY0500.skin
1,patch-6.MPQ,WORLD\EXPANSION03\DOODADS\VASHJIR\CORALS\VJ_GIANTGLOWYCORALS03.BLP,m2-embedded-path,WORLD\EXPANSION03\DOODADS\VASHJIR\CORALS\VJ_GIANTCORAL_GLOWY05.M2 | WORLD\EXPANSION03\DOODADS\VASHJIR\CORALS\VJ_GIANTCORAL_GLOWY07.M2 | WORLD\EXPANSION03\DOODADS\VASHJIR\CORALS\VJ_GIANTCORAL_GLOWY08.M2,88572,975AE3B5DE8EF04C37DAD88D3F0FF80217DC5FC6,D:\Sirus\_client\World of Warcraft Sirus\Risen_Depths_Extract_2026-10-04\AssetClosure\ByArchive\patch-6.MPQ\WORLD\EXPANSION03\DOODADS\VASHJIR\CORALS\VJ_GIANTGLOWYCORALS03.BLP
1,patch-6.MPQ,WORLD\EXPANSION03\DOODADS\VASHJIR\CORALS\VJ_GIANTGLOWYCORALS02.BLP,m2-embedded-path,WORLD\EXPANSION03\DOODADS\VASHJIR\CORALS\VJ_GIANTCORAL_GLOWY05.M2 | WORLD\EXPANSION03\DOODADS\VASHJIR\CORALS\VJ_GIANTCORAL_GLOWY07.M2 | WORLD\EXPANSION03\DOODADS\VASHJIR\CORALS\VJ_GIANTCORAL_GLOWY08.M2,350724,488B393E304E29B2A8EDBF73A3B486C32EAC9687,D:\Sirus\_client\World of Warcraft Sirus\Risen_Depths_Extract_2026-10-04\AssetClosure\ByArchive\patch-6.MPQ\WORLD\EXPANSION03\DOODADS\VASHJIR\CORALS\VJ_GIANTGLOWYCORALS02.BLP
1,patch-6.MPQ,WORLD\EXPANSION03\DOODADS\VASHJIR\CORALS\VJ_GIANTCORAL_GLOWY0700.skin,m2-skin-profile,WORLD\EXPANSION03\DOODADS\VASHJIR\CORALS\VJ_GIANTCORAL_GLOWY07.M2,8144,A340B061C2F945A161DE688652648D541D8943F9,D:\Sirus\_client\World of Warcraft Sirus\Risen_Depths_Extract_2026-10-04\AssetClosure\ByArchive\patch-6.MPQ\WORLD\EXPANSION03\DOODADS\VASHJIR\CORALS\VJ_GIANTCORAL_GLOWY0700.skin
1,patch-6.MPQ,WORLD\EXPANSION03\DOODADS\VASHJIR\CORALS\VJ_GIANTCORAL_GLOWY0800.skin,m2-skin-profile,WORLD\EXPANSION03\DOODADS\VASHJIR\CORALS\VJ_GIANTCORAL_GLOWY08.M2,5232,156706092127F85D1FA7D812920625B9A3DD7B1E,D:\Sirus\_client\World of Warcraft Sirus\Risen_Depths_Extract_2026-10-04\AssetClosure\ByArchive\patch-6.MPQ\WORLD\EXPANSION03\DOODADS\VASHJIR\CORALS\VJ_GIANTCORAL_GLOWY0800.skin
1,patch-6.MPQ,WORLD\EXPANSION03\DOODADS\VASHJIR\CORALS\VJ_GIANTCORAL_PINK0200.skin,m2-skin-profile,WORLD\EXPANSION03\DOODADS\VASHJIR\CORALS\VJ_GIANTCORAL_PINK02.M2,6064,92E71B226DA0E5345EA02304CF731853E07E4B97,D:\Sirus\_client\World of Warcraft Sirus\Risen_Depths_Extract_2026-10-04\AssetClosure\ByArchive\patch-6.MPQ\WORLD\EXPANSION03\DOODADS\VASHJIR\CORALS\VJ_GIANTCORAL_PINK0200.skin
1,patch-6.MPQ,WORLD\EXPANSION03\DOODADS\VASHJIR\CORALS\VJ_GIANTCORALS04.BLP,m2-embedded-path,WORLD\EXPANSION03\DOODADS\VASHJIR\CORALS\VJ_GIANTCORAL_PINK02.M2 | WORLD\EXPANSION03\DOODADS\VASHJIR\CORALS\VJ_GIANTCORAL_PINK03.M2,88572,05213C712CDFAC4277FBC22E3841E41471A51A12,D:\Sirus\_client\World of Warcraft Sirus\Risen_Depths_Extract_2026-10-04\AssetClosure\ByArchive\patch-6.MPQ\WORLD\EXPANSION03\DOODADS\VASHJIR\CORALS\VJ_GIANTCORALS04.BLP
1,patch-6.MPQ,WORLD\EXPANSION03\DOODADS\VASHJIR\CORALS\VJ_GIANTCORAL_PINK0300.skin,m2-skin-profile,WORLD\EXPANSION03\DOODADS\VASHJIR\CORALS\VJ_GIANTCORAL_PINK03.M2,6192,5982808F01392D19078868900C1F6DC8D41DE7ED,D:\Sirus\_client\World of Warcraft Sirus\Risen_Depths_Extract_2026-10-04\AssetClosure\ByArchive\patch-6.MPQ\WORLD\EXPANSION03\DOODADS\VASHJIR\CORALS\VJ_GIANTCORAL_PINK0300.skin
1,patch-6.MPQ,WORLD\EXPANSION03\DOODADS\VASHJIR\CORALS\VJ_GIANTFANCORAL_0100.skin,m2-skin-profile,WORLD\EXPANSION03\DOODADS\VASHJIR\CORALS\VJ_GIANTFANCORAL_01.M2,5536,EE7E5743EC07402CBD5D7F4AB1A6B1C7FE912D53,D:\Sirus\_client\World of Warcraft Sirus\Risen_Depths_Extract_2026-10-04\AssetClosure\ByArchive\patch-6.MPQ\WORLD\EXPANSION03\DOODADS\VASHJIR\CORALS\VJ_GIANTFANCORAL_0100.skin
1,patch-6.MPQ,World\Expansion03\Doodads\Vashjir\Corals\VJ_GiantFanCoral01.blp,m2-embedded-path,WORLD\EXPANSION03\DOODADS\VASHJIR\CORALS\VJ_GIANTFANCORAL_01.M2,175948,00D40781E45927020782AB0D3916D9EE213D9A2E,D:\Sirus\_client\World of Warcraft Sirus\Risen_Depths_Extract_2026-10-04\AssetClosure\ByArchive\patch-6.MPQ\World\Expansion03\Doodads\Vashjir\Corals\VJ_GiantFanCoral01.blp
1,patch-6.MPQ,WORLD\EXPANSION03\DOODADS\VASHJIR\CORALS\VJ_GIANTFANCORAL_0300.skin,m2-skin-profile,WORLD\EXPANSION03\DOODADS\VASHJIR\CORALS\VJ_GIANTFANCORAL_03.M2,6288,206A003AAA292A375DD42C6F40E9D356201807F8,D:\Sirus\_client\World of Warcraft Sirus\Risen_Depths_Extract_2026-10-04\AssetClosure\ByArchive\patch-6.MPQ\WORLD\EXPANSION03\DOODADS\VASHJIR\CORALS\VJ_GIANTFANCORAL_0300.skin
1,patch-6.MPQ,World\Expansion03\Doodads\Vashjir\Corals\VJ_CoralBranch_05.blp,m2-embedded-path,WORLD\EXPANSION03\DOODADS\VASHJIR\CORALS\VJ_GIANTFANCORAL_03.M2,88580,875E6C6DBD5AEA84A485BBD6448D0F1FE5AD3C94,D:\Sirus\_client\World of Warcraft Sirus\Risen_Depths_Extract_2026-10-04\AssetClosure\ByArchive\patch-6.MPQ\World\Expansion03\Doodads\Vashjir\Corals\VJ_CoralBranch_05.blp
1,patch-6.MPQ,World\Expansion03\Doodads\Vashjir\Corals\VJ_GiantFanCoral03.blp,m2-embedded-path,WORLD\EXPANSION03\DOODADS\VASHJIR\CORALS\VJ_GIANTFANCORAL_03.M2,175948,5007AD64D8B96EB3AC68A16DC9595D8D72A299EA,D:\Sirus\_client\World of Warcraft Sirus\Risen_Depths_Extract_2026-10-04\AssetClosure\ByArchive\patch-6.MPQ\World\Expansion03\Doodads\Vashjir\Corals\VJ_GiantFanCoral03.blp
1,patch-6.MPQ,WORLD\EXPANSION03\DOODADS\VASHJIR\CORALS\VJ_SPIKEDBUSHCORAL0200.skin,m2-skin-profile,WORLD\EXPANSION03\DOODADS\VASHJIR\CORALS\VJ_SPIKEDBUSHCORAL02.M2,8352,93E43942CCFB7967E46A881C34AAF3B198694F5C,D:\Sirus\_client\World of Warcraft Sirus\Risen_Depths_Extract_2026-10-04\AssetClosure\ByArchive\patch-6.MPQ\WORLD\EXPANSION03\DOODADS\VASHJIR\CORALS\VJ_SPIKEDBUSHCORAL0200.skin
1,patch-6.MPQ,WORLD\EXPANSION03\DOODADS\VASHJIR\CORALS\VJ_TILETRUNK05.BLP,m2-embedded-path,WORLD\EXPANSION03\DOODADS\VASHJIR\CORALS\VJ_SPIKEDBUSHCORAL02.M2 | WORLD\EXPANSION03\DOODADS\VASHJIR\CORALS\VJ_SPIKEDTREECORAL05.M2,44876,80D3401DA049F8991FF6BC57942D7E0137E53632,D:\Sirus\_client\World of Warcraft Sirus\Risen_Depths_Extract_2026-10-04\AssetClosure\ByArchive\patch-6.MPQ\WORLD\EXPANSION03\DOODADS\VASHJIR\CORALS\VJ_TILETRUNK05.BLP
1,patch-6.MPQ,WORLD\EXPANSION03\DOODADS\VASHJIR\CORALS\VJ_SPIKEDTREECORAL0500.skin,m2-skin-profile,WORLD\EXPANSION03\DOODADS\VASHJIR\CORALS\VJ_SPIKEDTREECORAL05.M2,8240,A1C4CA03B47B5AF8AA582C4800C7BD3CE8EF5F0A,D:\Sirus\_client\World of Warcraft Sirus\Risen_Depths_Extract_2026-10-04\AssetClosure\ByArchive\patch-6.MPQ\WORLD\EXPANSION03\DOODADS\VASHJIR\CORALS\VJ_SPIKEDTREECORAL0500.skin
1,patch-6.MPQ,WORLD\EXPANSION03\DOODADS\VASHJIR\CORALS\VJ_SPIKEDTREECORAL0600.skin,m2-skin-profile,WORLD\EXPANSION03\DOODADS\VASHJIR\CORALS\VJ_SPIKEDTREECORAL06.M2,8240,A1C4CA03B47B5AF8AA582C4800C7BD3CE8EF5F0A,D:\Sirus\_client\World of Warcraft Sirus\Risen_Depths_Extract_2026-10-04\AssetClosure\ByArchive\patch-6.MPQ\WORLD\EXPANSION03\DOODADS\VASHJIR\CORALS\VJ_SPIKEDTREECORAL0600.skin
1,patch-6.MPQ,WORLD\EXPANSION03\DOODADS\VASHJIR\CORALS\VJ_TILETRUNK06.BLP,m2-embedded-path,WORLD\EXPANSION03\DOODADS\VASHJIR\CORALS\VJ_SPIKEDTREECORAL06.M2,44876,E4903A88D0DA0C2806B5832936D98C4F2C4EF308,D:\Sirus\_client\World of Warcraft Sirus\Risen_Depths_Extract_2026-10-04\AssetClosure\ByArchive\patch-6.MPQ\WORLD\EXPANSION03\DOODADS\VASHJIR\CORALS\VJ_TILETRUNK06.BLP
1,patch-6.MPQ,WORLD\EXPANSION03\DOODADS\VASHJIR\CORALS\VJ_SPONGECORAL_0200.skin,m2-skin-profile,WORLD\EXPANSION03\DOODADS\VASHJIR\CORALS\VJ_SPONGECORAL_02.M2,6720,D8171655A11E7A90F5066537733C32C6B54A1F43,D:\Sirus\_client\World of Warcraft Sirus\Risen_Depths_Extract_2026-10-04\AssetClosure\ByArchive\patch-6.MPQ\WORLD\EXPANSION03\DOODADS\VASHJIR\CORALS\VJ_SPONGECORAL_0200.skin
1,patch-6.MPQ,WORLD\EXPANSION03\DOODADS\VASHJIR\CORALS\VJ_SPONGECORAL_0300.skin,m2-skin-profile,WORLD\EXPANSION03\DOODADS\VASHJIR\CORALS\VJ_SPONGECORAL_03.M2,3632,E00811DAD6880CD16CB26A04F14979C90FE24F5E,D:\Sirus\_client\World of Warcraft Sirus\Risen_Depths_Extract_2026-10-04\AssetClosure\ByArchive\patch-6.MPQ\WORLD\EXPANSION03\DOODADS\VASHJIR\CORALS\VJ_SPONGECORAL_0300.skin
1,patch-6.MPQ,WORLD\EXPANSION03\DOODADS\VASHJIR\CORALS\VJ_SPONGECORAL_0500.skin,m2-skin-profile,WORLD\EXPANSION03\DOODADS\VASHJIR\CORALS\VJ_SPONGECORAL_05.M2,3424,745984AEC167ADDC2381A118EA8D7AB0B5EDD6DB,D:\Sirus\_client\World of Warcraft Sirus\Risen_Depths_Extract_2026-10-04\AssetClosure\ByArchive\patch-6.MPQ\WORLD\EXPANSION03\DOODADS\VASHJIR\CORALS\VJ_SPONGECORAL_0500.skin
1,patch-6.MPQ,World\Expansion03\Doodads\Vashjir\Corals\VJ_SpongeCoral_01.blp,m2-embedded-path,WORLD\EXPANSION03\DOODADS\VASHJIR\CORALS\VJ_SPONGECORAL_05.M2 | WORLD\EXPANSION03\DOODADS\VASHJIR\CORALS\VJ_SPONGECORAL_08.M2 | WORLD\EXPANSION03\DOODADS\VASHJIR\CORALS\VJ_SPONGECORAL_09.M2,88572,47C09DC8D5A2C121B0C642AED0A58690C0566102,D:\Sirus\_client\World of Warcraft Sirus\Risen_Depths_Extract_2026-10-04\AssetClosure\ByArchive\patch-6.MPQ\World\Expansion03\Doodads\Vashjir\Corals\VJ_SpongeCoral_01.blp
1,patch-6.MPQ,WORLD\EXPANSION03\DOODADS\VASHJIR\CORALS\VJ_SPONGECORAL_0800.skin,m2-skin-profile,WORLD\EXPANSION03\DOODADS\VASHJIR\CORALS\VJ_SPONGECORAL_08.M2,3520,09B1F269AA7B5517F1D338BBB692B1ADD053B2F0,D:\Sirus\_client\World of Warcraft Sirus\Risen_Depths_Extract_2026-10-04\AssetClosure\ByArchive\patch-6.MPQ\WORLD\EXPANSION03\DOODADS\VASHJIR\CORALS\VJ_SPONGECORAL_0800.skin
1,patch-6.MPQ,WORLD\EXPANSION03\DOODADS\VASHJIR\CORALS\VJ_SPONGECORAL_0900.skin,m2-skin-profile,WORLD\EXPANSION03\DOODADS\VASHJIR\CORALS\VJ_SPONGECORAL_09.M2,10128,6EE305475785289475C8B2541FB6DE9888E3EF94,D:\Sirus\_client\World of Warcraft Sirus\Risen_Depths_Extract_2026-10-04\AssetClosure\ByArchive\patch-6.MPQ\WORLD\EXPANSION03\DOODADS\VASHJIR\CORALS\VJ_SPONGECORAL_0900.skin
1,patch-6.MPQ,WORLD\EXPANSION03\DOODADS\VASHJIR\CORALS\VJ_SPONGECORAL_11_ORANGE00.skin,m2-skin-profile,WORLD\EXPANSION03\DOODADS\VASHJIR\CORALS\VJ_SPONGECORAL_11_ORANGE.M2,3456,B1904688E1F55926B0D8515815CE17458B21DBBC,D:\Sirus\_client\World of Warcraft Sirus\Risen_Depths_Extract_2026-10-04\AssetClosure\ByArchive\patch-6.MPQ\WORLD\EXPANSION03\DOODADS\VASHJIR\CORALS\VJ_SPONGECORAL_11_ORANGE00.skin
1,patch-6.MPQ,WORLD\EXPANSION03\DOODADS\VASHJIR\CORALS\VJ_SPONGECORAL_05.BLP,m2-embedded-path,WORLD\EXPANSION03\DOODADS\VASHJIR\CORALS\VJ_SPONGECORAL_11_ORANGE.M2,44876,548F5FE26BB575B7E7B35A12A9AB7197E88B45E0,D:\Sirus\_client\World of Warcraft Sirus\Risen_Depths_Extract_2026-10-04\AssetClosure\ByArchive\patch-6.MPQ\WORLD\EXPANSION03\DOODADS\VASHJIR\CORALS\VJ_SPONGECORAL_05.BLP
1,patch-6.MPQ,WORLD\EXPANSION03\DOODADS\VASHJIR\CORALS\VJ_SPONGECORAL_1200.skin,m2-skin-profile,WORLD\EXPANSION03\DOODADS\VASHJIR\CORALS\VJ_SPONGECORAL_12.M2,1200,888E338A935AFAA5BE172B4AFE40D4C99CE0AA39,D:\Sirus\_client\World of Warcraft Sirus\Risen_Depths_Extract_2026-10-04\AssetClosure\ByArchive\patch-6.MPQ\WORLD\EXPANSION03\DOODADS\VASHJIR\CORALS\VJ_SPONGECORAL_1200.skin
1,patch-6.MPQ,WORLD\EXPANSION03\DOODADS\VASHJIR\CORALS\VJ_SPONGECORAL_03.BLP,m2-embedded-path,WORLD\EXPANSION03\DOODADS\VASHJIR\CORALS\VJ_SPONGECORAL_12.M2,44876,C9043195C9141B64755CF4245B0A672BC01541EA,D:\Sirus\_client\World of Warcraft Sirus\Risen_Depths_Extract_2026-10-04\AssetClosure\ByArchive\patch-6.MPQ\WORLD\EXPANSION03\DOODADS\VASHJIR\CORALS\VJ_SPONGECORAL_03.BLP
1,patch-6.MPQ,WORLD\EXPANSION03\DOODADS\VASHJIR\CORALS\VJ_TREECORALGRAY0100.skin,m2-skin-profile,WORLD\EXPANSION03\DOODADS\VASHJIR\CORALS\VJ_TREECORALGRAY01.M2,8240,A1C4CA03B47B5AF8AA582C4800C7BD3CE8EF5F0A,D:\Sirus\_client\World of Warcraft Sirus\Risen_Depths_Extract_2026-10-04\AssetClosure\ByArchive\patch-6.MPQ\WORLD\EXPANSION03\DOODADS\VASHJIR\CORALS\VJ_TREECORALGRAY0100.skin
1,patch-6.MPQ,WORLD\EXPANSION03\DOODADS\VASHJIR\CORALS\VJ_TILECORALGRAY.BLP,m2-embedded-path,WORLD\EXPANSION03\DOODADS\VASHJIR\CORALS\VJ_TREECORALGRAY01.M2 | WORLD\EXPANSION03\DOODADS\VASHJIR\CORALS\VJ_TREECORALGRAY02.M2 | WORLD\EXPANSION03\DOODADS\VASHJIR\CORALS\VJ_TREECORALGRAY03.M2,44876,23EA665EE498874D339245C20B568A146947FD5D,D:\Sirus\_client\World of Warcraft Sirus\Risen_Depths_Extract_2026-10-04\AssetClosure\ByArchive\patch-6.MPQ\WORLD\EXPANSION03\DOODADS\VASHJIR\CORALS\VJ_TILECORALGRAY.BLP
1,patch-6.MPQ,WORLD\EXPANSION03\DOODADS\VASHJIR\CORALS\VJ_TREECORALGRAY0200.skin,m2-skin-profile,WORLD\EXPANSION03\DOODADS\VASHJIR\CORALS\VJ_TREECORALGRAY02.M2,13504,B2D87E647DB3DB49FBB20637F350582FE3F20319,D:\Sirus\_client\World of Warcraft Sirus\Risen_Depths_Extract_2026-10-04\AssetClosure\ByArchive\patch-6.MPQ\WORLD\EXPANSION03\DOODADS\VASHJIR\CORALS\VJ_TREECORALGRAY0200.skin
1,patch-6.MPQ,WORLD\EXPANSION03\DOODADS\VASHJIR\CORALS\SPIKEY_BARNICLE01.BLP,m2-embedded-path,WORLD\EXPANSION03\DOODADS\VASHJIR\CORALS\VJ_TREECORALGRAY02.M2,23044,8912AB9734D6AE20AA89C84A98DD5235EA454C17,D:\Sirus\_client\World of Warcraft Sirus\Risen_Depths_Extract_2026-10-04\AssetClosure\ByArchive\patch-6.MPQ\WORLD\EXPANSION03\DOODADS\VASHJIR\CORALS\SPIKEY_BARNICLE01.BLP
1,patch-6.MPQ,WORLD\EXPANSION03\DOODADS\VASHJIR\CORALS\VJ_TREECORALGRAY0300.skin,m2-skin-profile,WORLD\EXPANSION03\DOODADS\VASHJIR\CORALS\VJ_TREECORALGRAY03.M2,10624,AF0F108716A11A96221BFBA2E483946DF115CECE,D:\Sirus\_client\World of Warcraft Sirus\Risen_Depths_Extract_2026-10-04\AssetClosure\ByArchive\patch-6.MPQ\WORLD\EXPANSION03\DOODADS\VASHJIR\CORALS\VJ_TREECORALGRAY0300.skin
1,patch-6.MPQ,WORLD\EXPANSION03\DOODADS\VASHJIR\CORALS\SPIKEY_BARNICLE03.BLP,m2-embedded-path,WORLD\EXPANSION03\DOODADS\VASHJIR\CORALS\VJ_TREECORALGRAY03.M2,23044,FC44DDFE2440B6BD4C1B6ED8C1464ACAC80EFF28,D:\Sirus\_client\World of Warcraft Sirus\Risen_Depths_Extract_2026-10-04\AssetClosure\ByArchive\patch-6.MPQ\WORLD\EXPANSION03\DOODADS\VASHJIR\CORALS\SPIKEY_BARNICLE03.BLP
1,patch-6.MPQ,WORLD\EXPANSION03\DOODADS\VASHJIR\KELP\VJ_BULLKELP0200.skin,m2-skin-profile,WORLD\EXPANSION03\DOODADS\VASHJIR\KELP\VJ_BULLKELP02.M2,9248,59B93FC037DC467F13734748EA2423E9459F8F53,D:\Sirus\_client\World of Warcraft Sirus\Risen_Depths_Extract_2026-10-04\AssetClosure\ByArchive\patch-6.MPQ\WORLD\EXPANSION03\DOODADS\VASHJIR\KELP\VJ_BULLKELP0200.skin
1,patch-6.MPQ,WORLD\EXPANSION03\DOODADS\VASHJIR\KELP\VASHJIR_BULLKELP05.BLP,m2-embedded-path,WORLD\EXPANSION03\DOODADS\GENERIC\SEAHORSESTAND.m2 | WORLD\EXPANSION03\DOODADS\VASHJIR\KELP\VJ_BULLKELP02.M2,350724,0BF83C2E9641297D84461C2CB19846B746EF572E,D:\Sirus\_client\World of Warcraft Sirus\Risen_Depths_Extract_2026-10-04\AssetClosure\ByArchive\patch-6.MPQ\WORLD\EXPANSION03\DOODADS\VASHJIR\KELP\VASHJIR_BULLKELP05.BLP
1,patch-6.MPQ,WORLD\EXPANSION03\DOODADS\VASHJIR\KELP\VJ_BULLKELP0300.skin,m2-skin-profile,WORLD\EXPANSION03\DOODADS\VASHJIR\KELP\VJ_BULLKELP03.M2,3888,5AAB2669A5E61FFA3C4B88C3A2CE58B4E559F30D,D:\Sirus\_client\World of Warcraft Sirus\Risen_Depths_Extract_2026-10-04\AssetClosure\ByArchive\patch-6.MPQ\WORLD\EXPANSION03\DOODADS\VASHJIR\KELP\VJ_BULLKELP0300.skin
1,patch-6.MPQ,WORLD\EXPANSION03\DOODADS\VASHJIR\KELP\VASHJIR_BULLKELPBASE01.BLP,m2-embedded-path,WORLD\EXPANSION03\DOODADS\VASHJIR\KELP\VJ_BULLKELP03.M2,44892,AA648BA63B64E6337C1634790C5EEDABAA7E9499,D:\Sirus\_client\World of Warcraft Sirus\Risen_Depths_Extract_2026-10-04\AssetClosure\ByArchive\patch-6.MPQ\WORLD\EXPANSION03\DOODADS\VASHJIR\KELP\VASHJIR_BULLKELPBASE01.BLP
1,patch-6.MPQ,WORLD\EXPANSION03\DOODADS\VASHJIR\KELP\VASHJIR_BULLKELP02.BLP,m2-embedded-path,WORLD\EXPANSION03\DOODADS\VASHJIR\KELP\VJ_BULLKELP03.M2,350724,B3CD552BA93A067F0CCC2B50CB92E0CA9CBAD997,D:\Sirus\_client\World of Warcraft Sirus\Risen_Depths_Extract_2026-10-04\AssetClosure\ByArchive\patch-6.MPQ\WORLD\EXPANSION03\DOODADS\VASHJIR\KELP\VASHJIR_BULLKELP02.BLP
1,patch-6.MPQ,WORLD\EXPANSION03\DOODADS\VASHJIR\KELP\VJ_BULLKELP0400.skin,m2-skin-profile,WORLD\EXPANSION03\DOODADS\VASHJIR\KELP\VJ_BULLKELP04.M2,8000,FEABA08F8AE47CEFE7D611B0C092313B6763BD48,D:\Sirus\_client\World of Warcraft Sirus\Risen_Depths_Extract_2026-10-04\AssetClosure\ByArchive\patch-6.MPQ\WORLD\EXPANSION03\DOODADS\VASHJIR\KELP\VJ_BULLKELP0400.skin
1,patch-6.MPQ,WORLD\EXPANSION03\DOODADS\VASHJIR\KELP\VASHJIR_BULLKELP06.BLP,m2-embedded-path,WORLD\EXPANSION03\DOODADS\VASHJIR\KELP\VJ_BULLKELP04.M2 | WORLD\EXPANSION03\DOODADS\VASHJIR\KELP\VJ_BULLKELP05.M2 | WORLD\EXPANSION03\DOODADS\VASHJIR\KELP\VJ_BULLKELP06.M2 | WORLD\EXPANSION03\DOODADS\VASHJIR\KELP\VJ_BULLKELP07.M2,175972,728522841964C959FD9FD8A68945BF813A29F3FB,D:\Sirus\_client\World of Warcraft Sirus\Risen_Depths_Extract_2026-10-04\AssetClosure\ByArchive\patch-6.MPQ\WORLD\EXPANSION03\DOODADS\VASHJIR\KELP\VASHJIR_BULLKELP06.BLP
1,patch-6.MPQ,WORLD\EXPANSION03\DOODADS\VASHJIR\KELP\VASHJIR_BULLKELPBASE02.BLP,m2-embedded-path,WORLD\EXPANSION03\DOODADS\VASHJIR\KELP\VJ_BULLKELP04.M2 | WORLD\EXPANSION03\DOODADS\VASHJIR\KELP\VJ_BULLKELP05.M2 | WORLD\EXPANSION03\DOODADS\VASHJIR\KELP\VJ_BULLKELP06.M2 | WORLD\EXPANSION03\DOODADS\VASHJIR\KELP\VJ_BULLKELP07.M2,44892,DF6D9BD734EA5A760ABDF2A265FB5B34EE700690,D:\Sirus\_client\World of Warcraft Sirus\Risen_Depths_Extract_2026-10-04\AssetClosure\ByArchive\patch-6.MPQ\WORLD\EXPANSION03\DOODADS\VASHJIR\KELP\VASHJIR_BULLKELPBASE02.BLP
1,patch-6.MPQ,WORLD\EXPANSION03\DOODADS\VASHJIR\KELP\VJ_BULLKELP0500.skin,m2-skin-profile,WORLD\EXPANSION03\DOODADS\VASHJIR\KELP\VJ_BULLKELP05.M2,7616,FD98BBD32963A6BC6C8669206D66F069DCA0D1C1,D:\Sirus\_client\World of Warcraft Sirus\Risen_Depths_Extract_2026-10-04\AssetClosure\ByArchive\patch-6.MPQ\WORLD\EXPANSION03\DOODADS\VASHJIR\KELP\VJ_BULLKELP0500.skin
1,patch-6.MPQ,WORLD\EXPANSION03\DOODADS\VASHJIR\KELP\VJ_BULLKELP0600.skin,m2-skin-profile,WORLD\EXPANSION03\DOODADS\VASHJIR\KELP\VJ_BULLKELP06.M2,4400,3B45C1496D39C1A8E2FD9C8D5488CFE43763A93B,D:\Sirus\_client\World of Warcraft Sirus\Risen_Depths_Extract_2026-10-04\AssetClosure\ByArchive\patch-6.MPQ\WORLD\EXPANSION03\DOODADS\VASHJIR\KELP\VJ_BULLKELP0600.skin
1,patch-6.MPQ,WORLD\EXPANSION03\DOODADS\VASHJIR\KELP\VJ_BULLKELP0700.skin,m2-skin-profile,WORLD\EXPANSION03\DOODADS\VASHJIR\KELP\VJ_BULLKELP07.M2,8112,F7396E8467F85CD2C16819D6D49D035A494FE08C,D:\Sirus\_client\World of Warcraft Sirus\Risen_Depths_Extract_2026-10-04\AssetClosure\ByArchive\patch-6.MPQ\WORLD\EXPANSION03\DOODADS\VASHJIR\KELP\VJ_BULLKELP0700.skin
1,patch-6.MPQ,WORLD\EXPANSION03\DOODADS\VASHJIR\KELP\VJ_HANGINGKELPRED0300.skin,m2-skin-profile,WORLD\EXPANSION03\DOODADS\VASHJIR\KELP\VJ_HANGINGKELPRED03.M2,1824,45CFAFF131222B95E54683520A4D31444A1C6E64,D:\Sirus\_client\World of Warcraft Sirus\Risen_Depths_Extract_2026-10-04\AssetClosure\ByArchive\patch-6.MPQ\WORLD\EXPANSION03\DOODADS\VASHJIR\KELP\VJ_HANGINGKELPRED0300.skin
1,patch-6.MPQ,WORLD\EXPANSION03\DOODADS\VASHJIR\KELP\VASHJIR_HANGINGKELPRED01.BLP,m2-embedded-path,WORLD\EXPANSION03\DOODADS\VASHJIR\KELP\VJ_HANGINGKELPRED03.M2,350724,C7B5E82674750757D968E7E240C67E63D6BA2785,D:\Sirus\_client\World of Warcraft Sirus\Risen_Depths_Extract_2026-10-04\AssetClosure\ByArchive\patch-6.MPQ\WORLD\EXPANSION03\DOODADS\VASHJIR\KELP\VASHJIR_HANGINGKELPRED01.BLP
1,patch-6.MPQ,WORLD\EXPANSION03\DOODADS\VASHJIR\KELP\VJ_KELP0100.skin,m2-skin-profile,WORLD\EXPANSION03\DOODADS\VASHJIR\KELP\VJ_KELP01.M2,3792,C5010D13CF40CA71B04949FF01BB7907A5E8692A,D:\Sirus\_client\World of Warcraft Sirus\Risen_Depths_Extract_2026-10-04\AssetClosure\ByArchive\patch-6.MPQ\WORLD\EXPANSION03\DOODADS\VASHJIR\KELP\VJ_KELP0100.skin
1,patch-6.MPQ,WORLD\EXPANSION03\DOODADS\VASHJIR\KELP\VJ_KELP01.BLP,m2-embedded-path,WORLD\EXPANSION03\DOODADS\VASHJIR\KELP\VJ_KELP01.M2,88580,4C15B4D8CD1522A6D8DE91AEAF36C329833D804B,D:\Sirus\_client\World of Warcraft Sirus\Risen_Depths_Extract_2026-10-04\AssetClosure\ByArchive\patch-6.MPQ\WORLD\EXPANSION03\DOODADS\VASHJIR\KELP\VJ_KELP01.BLP
1,patch-6.MPQ,WORLD\EXPANSION03\DOODADS\VASHJIR\KELP\VJ_SEAWEED_0100.skin,m2-skin-profile,WORLD\EXPANSION03\DOODADS\VASHJIR\KELP\VJ_SEAWEED_01.M2,976,DAB0047C87CDD6577F332E0739E034B12C0FE96E,D:\Sirus\_client\World of Warcraft Sirus\Risen_Depths_Extract_2026-10-04\AssetClosure\ByArchive\patch-6.MPQ\WORLD\EXPANSION03\DOODADS\VASHJIR\KELP\VJ_SEAWEED_0100.skin
1,patch-6.MPQ,World\Expansion03\Doodads\Vashjir\Kelp\Vashjir_Seaweed01.blp,m2-embedded-path,WORLD\EXPANSION03\DOODADS\GENERIC\SEAHORSESTAND.m2 | WORLD\EXPANSION03\DOODADS\VASHJIR\KELP\VJ_SEAWEED_01.M2,88580,5D3B9AEBAE4E5F9B5D56596B0F64E2A372C8A72E,D:\Sirus\_client\World of Warcraft Sirus\Risen_Depths_Extract_2026-10-04\AssetClosure\ByArchive\patch-6.MPQ\World\Expansion03\Doodads\Vashjir\Kelp\Vashjir_Seaweed01.blp
1,patch-6.MPQ,WORLD\EXPANSION03\DOODADS\VASHJIR\KELP\VJ_SEAWEED_0200.skin,m2-skin-profile,WORLD\EXPANSION03\DOODADS\VASHJIR\KELP\VJ_SEAWEED_02.M2,976,DAB0047C87CDD6577F332E0739E034B12C0FE96E,D:\Sirus\_client\World of Warcraft Sirus\Risen_Depths_Extract_2026-10-04\AssetClosure\ByArchive\patch-6.MPQ\WORLD\EXPANSION03\DOODADS\VASHJIR\KELP\VJ_SEAWEED_0200.skin
1,patch-6.MPQ,World\Expansion03\Doodads\Vashjir\Kelp\Vashjir_Seaweed02.blp,m2-embedded-path,WORLD\EXPANSION03\DOODADS\VASHJIR\KELP\VJ_SEAWEED_02.M2,88580,257220853E5C89F338AFEAACB6CF9A3E1E2E2F68,D:\Sirus\_client\World of Warcraft Sirus\Risen_Depths_Extract_2026-10-04\AssetClosure\ByArchive\patch-6.MPQ\World\Expansion03\Doodads\Vashjir\Kelp\Vashjir_Seaweed02.blp
1,patch-6.MPQ,WORLD\EXPANSION03\DOODADS\VASHJIR\PEARL\VJ_GIANTPEARL00.skin,m2-skin-profile,WORLD\EXPANSION03\DOODADS\VASHJIR\PEARL\VJ_GIANTPEARL.M2,9392,470B4D9BCF4F5A73F71A9022074A2A251C8C64EE,D:\Sirus\_client\World of Warcraft Sirus\Risen_Depths_Extract_2026-10-04\AssetClosure\ByArchive\patch-6.MPQ\WORLD\EXPANSION03\DOODADS\VASHJIR\PEARL\VJ_GIANTPEARL00.skin
1,patch-6.MPQ,World\Expansion03\Doodads\Vashjir\Pearl\Abyssal_Pearl_01Glow.blp,m2-embedded-path,WORLD\EXPANSION03\DOODADS\VASHJIR\PEARL\VJ_GIANTPEARL.M2,12108,DE787F0137FC54D4F050D5CC487E6C45503B44FF,D:\Sirus\_client\World of Warcraft Sirus\Risen_Depths_Extract_2026-10-04\AssetClosure\ByArchive\patch-6.MPQ\World\Expansion03\Doodads\Vashjir\Pearl\Abyssal_Pearl_01Glow.blp
1,patch-6.MPQ,World\Expansion03\Doodads\Vashjir\Pearl\Abyssal_Pearl_01.blp,m2-embedded-path,WORLD\EXPANSION03\DOODADS\VASHJIR\PEARL\VJ_GIANTPEARL.M2,12108,ED636D7EA374A95303152A517BDE3214EAE00DCF,D:\Sirus\_client\World of Warcraft Sirus\Risen_Depths_Extract_2026-10-04\AssetClosure\ByArchive\patch-6.MPQ\World\Expansion03\Doodads\Vashjir\Pearl\Abyssal_Pearl_01.blp
1,patch-6.MPQ,World\Expansion03\Doodads\Vashjir\Pearl\Abyssal_Pearl_01REF.blp,m2-embedded-path,WORLD\EXPANSION03\DOODADS\VASHJIR\PEARL\VJ_GIANTPEARL.M2,3916,85517D38AF86BA0A358852FF6BE71E84033E9077,D:\Sirus\_client\World of Warcraft Sirus\Risen_Depths_Extract_2026-10-04\AssetClosure\ByArchive\patch-6.MPQ\World\Expansion03\Doodads\Vashjir\Pearl\Abyssal_Pearl_01REF.blp
1,patch-6.MPQ,WORLD\EXPANSION03\DOODADS\VASHJIR\ROCKS\VJ_ROCKFORMATIONBIT_0100.skin,m2-skin-profile,WORLD\EXPANSION03\DOODADS\VASHJIR\ROCKS\VJ_ROCKFORMATIONBIT_01.M2,3856,D7026EDCC98457FBEA77607153199F220F537E9A,D:\Sirus\_client\World of Warcraft Sirus\Risen_Depths_Extract_2026-10-04\AssetClosure\ByArchive\patch-6.MPQ\WORLD\EXPANSION03\DOODADS\VASHJIR\ROCKS\VJ_ROCKFORMATIONBIT_0100.skin
1,patch-6.MPQ,WORLD\EXPANSION03\DOODADS\VASHJIR\ROCKS\VJ_MOSSYROCK_01.BLP,m2-embedded-path,WORLD\EXPANSION03\DOODADS\VASHJIR\ROCKS\VJ_ROCKFORMATIONBIT_01.M2 | WORLD\EXPANSION03\DOODADS\VASHJIR\ROCKS\VJ_ROCKFORMATIONBIT_02.M2 | WORLD\EXPANSION03\DOODADS\VASHJIR\ROCKS\VJ_ROCKFORMATIONBIT_03.M2 | WORLD\EXPANSION03\DOODADS\VASHJIR\ROCKS\VJ_ROCKFORMATION_03.M2 | WORLD\EXPANSION03\DOODADS\VASHJIR\ROCKS\VJ_ROCKHOLE_01.M2 | WORLD\EXPANSION03\DOODADS\VASHJIR\ROCKS\VJ_ROCKHOLE_02.M2 | WORLD\EXPANSION03\DOODADS\VASHJIR\ROCKS\VJ_ROCKLARGE_01.M2 | WORLD\EXPANSION03\DOODADS\VASHJIR\ROCKS\VJ_ROCKS_02.M2,175948,ECB632C0E18388BFF9FF81FE236946465EE9FE1F,D:\Sirus\_client\World of Warcraft Sirus\Risen_Depths_Extract_2026-10-04\AssetClosure\ByArchive\patch-6.MPQ\WORLD\EXPANSION03\DOODADS\VASHJIR\ROCKS\VJ_MOSSYROCK_01.BLP
1,patch-6.MPQ,WORLD\EXPANSION03\DOODADS\VASHJIR\ROCKS\VJ_ROCKFORMATIONBIT_0200.skin,m2-skin-profile,WORLD\EXPANSION03\DOODADS\VASHJIR\ROCKS\VJ_ROCKFORMATIONBIT_02.M2,5232,3DAE27F4CC33C3D5F577494DD8735055501A3850,D:\Sirus\_client\World of Warcraft Sirus\Risen_Depths_Extract_2026-10-04\AssetClosure\ByArchive\patch-6.MPQ\WORLD\EXPANSION03\DOODADS\VASHJIR\ROCKS\VJ_ROCKFORMATIONBIT_0200.skin
1,patch-6.MPQ,WORLD\EXPANSION03\DOODADS\VASHJIR\ROCKS\VJ_ROCKFORMATIONBIT_0300.skin,m2-skin-profile,WORLD\EXPANSION03\DOODADS\VASHJIR\ROCKS\VJ_ROCKFORMATIONBIT_03.M2,1856,4ABE285B256F9DEB82EF44A575F9332111420D48,D:\Sirus\_client\World of Warcraft Sirus\Risen_Depths_Extract_2026-10-04\AssetClosure\ByArchive\patch-6.MPQ\WORLD\EXPANSION03\DOODADS\VASHJIR\ROCKS\VJ_ROCKFORMATIONBIT_0300.skin
1,patch-6.MPQ,WORLD\EXPANSION03\DOODADS\VASHJIR\ROCKS\VJ_ROCKFORMATION_0300.skin,m2-skin-profile,WORLD\EXPANSION03\DOODADS\VASHJIR\ROCKS\VJ_ROCKFORMATION_03.M2,21728,ACEEFE699154F859EDF21A7167C3FE476FAF7516,D:\Sirus\_client\World of Warcraft Sirus\Risen_Depths_Extract_2026-10-04\AssetClosure\ByArchive\patch-6.MPQ\WORLD\EXPANSION03\DOODADS\VASHJIR\ROCKS\VJ_ROCKFORMATION_0300.skin
1,patch-6.MPQ,WORLD\EXPANSION03\DOODADS\VASHJIR\ROCKS\VJ_ROCKHOLE_0100.skin,m2-skin-profile,WORLD\EXPANSION03\DOODADS\VASHJIR\ROCKS\VJ_ROCKHOLE_01.M2,5104,854D1C4CF21E861400DBFC2BC534062A83D50BCB,D:\Sirus\_client\World of Warcraft Sirus\Risen_Depths_Extract_2026-10-04\AssetClosure\ByArchive\patch-6.MPQ\WORLD\EXPANSION03\DOODADS\VASHJIR\ROCKS\VJ_ROCKHOLE_0100.skin
1,patch-6.MPQ,WORLD\EXPANSION03\DOODADS\VASHJIR\ROCKS\VJ_ROCKHOLE_0200.skin,m2-skin-profile,WORLD\EXPANSION03\DOODADS\VASHJIR\ROCKS\VJ_ROCKHOLE_02.M2,2432,2B0FE98AED7F4ACD5AD99A6C39518D35A3B294B7,D:\Sirus\_client\World of Warcraft Sirus\Risen_Depths_Extract_2026-10-04\AssetClosure\ByArchive\patch-6.MPQ\WORLD\EXPANSION03\DOODADS\VASHJIR\ROCKS\VJ_ROCKHOLE_0200.skin
1,patch-6.MPQ,WORLD\EXPANSION03\DOODADS\VASHJIR\ROCKS\VJ_ROCKLARGE_0100.skin,m2-skin-profile,WORLD\EXPANSION03\DOODADS\VASHJIR\ROCKS\VJ_ROCKLARGE_01.M2,1744,5682C4ACCEB111818822D20FFD67B0634B7F0F61,D:\Sirus\_client\World of Warcraft Sirus\Risen_Depths_Extract_2026-10-04\AssetClosure\ByArchive\patch-6.MPQ\WORLD\EXPANSION03\DOODADS\VASHJIR\ROCKS\VJ_ROCKLARGE_0100.skin
1,patch-6.MPQ,WORLD\EXPANSION03\DOODADS\VASHJIR\ROCKS\VJ_ROCKS_0200.skin,m2-skin-profile,WORLD\EXPANSION03\DOODADS\VASHJIR\ROCKS\VJ_ROCKS_02.M2,1408,AD120D35A25DB855A040D0ED8E6ED2C8D6935336,D:\Sirus\_client\World of Warcraft Sirus\Risen_Depths_Extract_2026-10-04\AssetClosure\ByArchive\patch-6.MPQ\WORLD\EXPANSION03\DOODADS\VASHJIR\ROCKS\VJ_ROCKS_0200.skin
1,patch-6.MPQ,WORLD\EXPANSION03\DOODADS\VASHJIR\SEAMONSTER\VJ_SEAMONSTER_BONESSKULL_0200.skin,m2-skin-profile,WORLD\EXPANSION03\DOODADS\VASHJIR\SEAMONSTER\VJ_SEAMONSTER_BONESSKULL_02.M2,25536,2FFF7F6156E27CDD990E97C896590FECAE8B4815,D:\Sirus\_client\World of Warcraft Sirus\Risen_Depths_Extract_2026-10-04\AssetClosure\ByArchive\patch-6.MPQ\WORLD\EXPANSION03\DOODADS\VASHJIR\SEAMONSTER\VJ_SEAMONSTER_BONESSKULL_0200.skin
1,patch-6.MPQ,WORLD\EXPANSION03\DOODADS\VASHJIR\SEAMONSTER\VJ_SEAMONSTER_BONESSKULL_0300.skin,m2-skin-profile,WORLD\EXPANSION03\DOODADS\VASHJIR\SEAMONSTER\VJ_SEAMONSTER_BONESSKULL_03.M2,10032,7141DDE27916FBF5129CD702F488FEFA8AA15726,D:\Sirus\_client\World of Warcraft Sirus\Risen_Depths_Extract_2026-10-04\AssetClosure\ByArchive\patch-6.MPQ\WORLD\EXPANSION03\DOODADS\VASHJIR\SEAMONSTER\VJ_SEAMONSTER_BONESSKULL_0300.skin
1,patch-6.MPQ,WORLD\EXPANSION03\DOODADS\VASHJIR\SEAMONSTER\VJ_SEAMONSTER_BONESSKULL_0400.skin,m2-skin-profile,WORLD\EXPANSION03\DOODADS\VASHJIR\SEAMONSTER\VJ_SEAMONSTER_BONESSKULL_04.M2,12416,9BBFAA5F54555C3768F7911DD05A1F66A3EF06AA,D:\Sirus\_client\World of Warcraft Sirus\Risen_Depths_Extract_2026-10-04\AssetClosure\ByArchive\patch-6.MPQ\WORLD\EXPANSION03\DOODADS\VASHJIR\SEAMONSTER\VJ_SEAMONSTER_BONESSKULL_0400.skin
1,patch-6.MPQ,World\Expansion03\Doodads\Vashjir\SeaMonster\VJ_TEX_Dragonbone02.blp,m2-embedded-path,WORLD\EXPANSION03\DOODADS\VASHJIR\SEAMONSTER\VJ_SEAMONSTER_BONESSKULL_04.M2,175948,8386243C23BFDE9E432DE177E0F9086D92D9C040,D:\Sirus\_client\World of Warcraft Sirus\Risen_Depths_Extract_2026-10-04\AssetClosure\ByArchive\patch-6.MPQ\World\Expansion03\Doodads\Vashjir\SeaMonster\VJ_TEX_Dragonbone02.blp
1,patch-6.MPQ,WORLD\EXPANSION03\DOODADS\VASHJIR\SHELLS\VJ_GIANT_SHELLS0800.skin,m2-skin-profile,WORLD\EXPANSION03\DOODADS\VASHJIR\SHELLS\VJ_GIANT_SHELLS08.M2,5360,08D1F34FFBF6FB4758D310F8DAB82CF866A06ED5,D:\Sirus\_client\World of Warcraft Sirus\Risen_Depths_Extract_2026-10-04\AssetClosure\ByArchive\patch-6.MPQ\WORLD\EXPANSION03\DOODADS\VASHJIR\SHELLS\VJ_GIANT_SHELLS0800.skin
1,patch-6.MPQ,World\Expansion03\Doodads\Vashjir\Shells\VJ_ConchShell_01.blp,m2-embedded-path,WORLD\EXPANSION03\DOODADS\VASHJIR\SHELLS\VJ_GIANT_SHELLS08.M2 | WORLD\EXPANSION03\DOODADS\VASHJIR\SHELLS\VJ_GIANT_SHELLS08_TILT.M2,88572,BFE5BFAC788E9056FAC3E689F462432F62E3AA42,D:\Sirus\_client\World of Warcraft Sirus\Risen_Depths_Extract_2026-10-04\AssetClosure\ByArchive\patch-6.MPQ\World\Expansion03\Doodads\Vashjir\Shells\VJ_ConchShell_01.blp
1,patch-6.MPQ,World\Expansion03\Doodads\Vashjir\Shells\VJ_ConchShell_02.blp,m2-embedded-path,WORLD\EXPANSION03\DOODADS\VASHJIR\SHELLS\VJ_GIANT_SHELLS08.M2 | WORLD\EXPANSION03\DOODADS\VASHJIR\SHELLS\VJ_GIANT_SHELLS08_TILT.M2,44876,9B92E2589584DF0CBA2944A9DC37C01D059E86B7,D:\Sirus\_client\World of Warcraft Sirus\Risen_Depths_Extract_2026-10-04\AssetClosure\ByArchive\patch-6.MPQ\World\Expansion03\Doodads\Vashjir\Shells\VJ_ConchShell_02.blp
1,patch-6.MPQ,WORLD\EXPANSION03\DOODADS\VASHJIR\SHELLS\VJ_GIANT_SHELLS08_TILT00.skin,m2-skin-profile,WORLD\EXPANSION03\DOODADS\VASHJIR\SHELLS\VJ_GIANT_SHELLS08_TILT.M2,5344,18591ACA4F60E8B12914E33E805A8F43CC15CC63,D:\Sirus\_client\World of Warcraft Sirus\Risen_Depths_Extract_2026-10-04\AssetClosure\ByArchive\patch-6.MPQ\WORLD\EXPANSION03\DOODADS\VASHJIR\SHELLS\VJ_GIANT_SHELLS08_TILT00.skin
1,patch-6.MPQ,WORLD\EXPANSION03\DOODADS\VASHJIR\SHELLS\VJ_GIANT_SHELLS0900.skin,m2-skin-profile,WORLD\EXPANSION03\DOODADS\VASHJIR\SHELLS\VJ_GIANT_SHELLS09.M2,2272,AB10874E384A5295E73D151B78CD7DED97FCDADE,D:\Sirus\_client\World of Warcraft Sirus\Risen_Depths_Extract_2026-10-04\AssetClosure\ByArchive\patch-6.MPQ\WORLD\EXPANSION03\DOODADS\VASHJIR\SHELLS\VJ_GIANT_SHELLS0900.skin
1,patch-6.MPQ,WORLD\EXPANSION03\DOODADS\VASHJIR\SHELLS\VJ_GIANTSHELL_01.BLP,m2-embedded-path,WORLD\EXPANSION03\DOODADS\VASHJIR\SHELLS\VJ_GIANT_SHELLS09.M2,175948,203CBF481CEAC445A2407059F8EB96D5D0ECE491,D:\Sirus\_client\World of Warcraft Sirus\Risen_Depths_Extract_2026-10-04\AssetClosure\ByArchive\patch-6.MPQ\WORLD\EXPANSION03\DOODADS\VASHJIR\SHELLS\VJ_GIANTSHELL_01.BLP
1,patch-6.MPQ,WORLD\EXPANSION03\DOODADS\VASHJIR\SHELLS\VJ_GIANT_SHELLS09_BLUE00.skin,m2-skin-profile,WORLD\EXPANSION03\DOODADS\VASHJIR\SHELLS\VJ_GIANT_SHELLS09_BLUE.M2,2272,AB10874E384A5295E73D151B78CD7DED97FCDADE,D:\Sirus\_client\World of Warcraft Sirus\Risen_Depths_Extract_2026-10-04\AssetClosure\ByArchive\patch-6.MPQ\WORLD\EXPANSION03\DOODADS\VASHJIR\SHELLS\VJ_GIANT_SHELLS09_BLUE00.skin
1,patch-6.MPQ,WORLD\EXPANSION03\DOODADS\VASHJIR\SHELLS\VJ_GIANTSHELL_01_BLUE.BLP,m2-embedded-path,WORLD\EXPANSION03\DOODADS\VASHJIR\SHELLS\VJ_GIANT_SHELLS09_BLUE.M2,175948,4A7CC62F4513E5BA7292406B163BD43E221CEAF6,D:\Sirus\_client\World of Warcraft Sirus\Risen_Depths_Extract_2026-10-04\AssetClosure\ByArchive\patch-6.MPQ\WORLD\EXPANSION03\DOODADS\VASHJIR\SHELLS\VJ_GIANTSHELL_01_BLUE.BLP
1,patch-6.MPQ,WORLD\EXPANSION03\DOODADS\VASHJIR\SHELLS\VJ_GIANT_SHELLS10_ORANGE00.skin,m2-skin-profile,WORLD\EXPANSION03\DOODADS\VASHJIR\SHELLS\VJ_GIANT_SHELLS10_ORANGE.M2,2672,EBE96C2CCDC6068251889089AEBA31FB6A219146,D:\Sirus\_client\World of Warcraft Sirus\Risen_Depths_Extract_2026-10-04\AssetClosure\ByArchive\patch-6.MPQ\WORLD\EXPANSION03\DOODADS\VASHJIR\SHELLS\VJ_GIANT_SHELLS10_ORANGE00.skin
1,patch-6.MPQ,WORLD\EXPANSION03\DOODADS\VASHJIR\SHELLS\VJ_GIANTSHELL_03_ORANGE.BLP,m2-embedded-path,WORLD\EXPANSION03\DOODADS\VASHJIR\SHELLS\VJ_GIANT_SHELLS10_ORANGE.M2,88572,147EBF314969F0FCD81B1E6CA9B44915CCC845AF,D:\Sirus\_client\World of Warcraft Sirus\Risen_Depths_Extract_2026-10-04\AssetClosure\ByArchive\patch-6.MPQ\WORLD\EXPANSION03\DOODADS\VASHJIR\SHELLS\VJ_GIANTSHELL_03_ORANGE.BLP
1,patch-6.MPQ,WORLD\EXPANSION03\DOODADS\VASHJIR\SHELLS\VJ_GIANTSHELL_02_ORANGE.BLP,m2-embedded-path,WORLD\EXPANSION03\DOODADS\VASHJIR\SHELLS\VJ_GIANT_SHELLS10_ORANGE.M2,88572,5D264EB155BBA1EADE2E2DC8D1F164382CF9BB0C,D:\Sirus\_client\World of Warcraft Sirus\Risen_Depths_Extract_2026-10-04\AssetClosure\ByArchive\patch-6.MPQ\WORLD\EXPANSION03\DOODADS\VASHJIR\SHELLS\VJ_GIANTSHELL_02_ORANGE.BLP
1,patch-6.MPQ,WORLD\EXPANSION03\DOODADS\VASHJIR\TUBEWORMS\VJ_GLOWINGTUBEWORMCLUSTER0200.skin,m2-skin-profile,WORLD\EXPANSION03\DOODADS\VASHJIR\TUBEWORMS\VJ_GLOWINGTUBEWORMCLUSTER02.M2,3856,A16702C2BCFB23D98E9EFB9B2833903E9D4385E2,D:\Sirus\_client\World of Warcraft Sirus\Risen_Depths_Extract_2026-10-04\AssetClosure\ByArchive\patch-6.MPQ\WORLD\EXPANSION03\DOODADS\VASHJIR\TUBEWORMS\VJ_GLOWINGTUBEWORMCLUSTER0200.skin
1,patch-6.MPQ,WORLD\EXPANSION03\DOODADS\VASHJIR\TUBEWORMS\VJ_GLOWINGTUBEWORMS01.BLP,m2-embedded-path,WORLD\EXPANSION03\DOODADS\VASHJIR\TUBEWORMS\VJ_GLOWINGTUBEWORMCLUSTER02.M2 | WORLD\EXPANSION03\DOODADS\VASHJIR\TUBEWORMS\VJ_GLOWINGTUBEWORMS01.M2,175948,16E6DB97D586004D1F9388335CFE7748D2CB6ABA,D:\Sirus\_client\World of Warcraft Sirus\Risen_Depths_Extract_2026-10-04\AssetClosure\ByArchive\patch-6.MPQ\WORLD\EXPANSION03\DOODADS\VASHJIR\TUBEWORMS\VJ_GLOWINGTUBEWORMS01.BLP
1,patch-6.MPQ,WORLD\EXPANSION03\DOODADS\VASHJIR\TUBEWORMS\VJ_GLOWINGTUBEWORMS0100.skin,m2-skin-profile,WORLD\EXPANSION03\DOODADS\VASHJIR\TUBEWORMS\VJ_GLOWINGTUBEWORMS01.M2,1936,2FF16C61FAA292A7F15DD4AC5D36A4BD8637261D,D:\Sirus\_client\World of Warcraft Sirus\Risen_Depths_Extract_2026-10-04\AssetClosure\ByArchive\patch-6.MPQ\WORLD\EXPANSION03\DOODADS\VASHJIR\TUBEWORMS\VJ_GLOWINGTUBEWORMS0100.skin
1,patch-6.MPQ,WORLD\EXPANSION03\DOODADS\VASHJIR\TUBEWORMS\VJ_TUBEWORMCLUSTER0400.skin,m2-skin-profile,WORLD\EXPANSION03\DOODADS\VASHJIR\TUBEWORMS\VJ_TUBEWORMCLUSTER04.M2,3600,97CE5843550B61464A816D47624434923E15FF88,D:\Sirus\_client\World of Warcraft Sirus\Risen_Depths_Extract_2026-10-04\AssetClosure\ByArchive\patch-6.MPQ\WORLD\EXPANSION03\DOODADS\VASHJIR\TUBEWORMS\VJ_TUBEWORMCLUSTER0400.skin
1,patch-6.MPQ,WORLD\EXPANSION03\DOODADS\VASHJIR\TUBEWORMS\VJ_DEEPSEATUBEWORMS01.BLP,m2-embedded-path,WORLD\EXPANSION03\DOODADS\VASHJIR\TUBEWORMS\VJ_TUBEWORMCLUSTER04.M2,175948,DF4B907AA3448A8DCEFA32EC778AFF3C3C49FB73,D:\Sirus\_client\World of Warcraft Sirus\Risen_Depths_Extract_2026-10-04\AssetClosure\ByArchive\patch-6.MPQ\WORLD\EXPANSION03\DOODADS\VASHJIR\TUBEWORMS\VJ_DEEPSEATUBEWORMS01.BLP
1,patch-6.MPQ,WORLD\EXPANSION03\DOODADS\VASHJIR\VOLCANO\VJ_VOLCANICVENT0500.skin,m2-skin-profile,WORLD\EXPANSION03\DOODADS\VASHJIR\VOLCANO\VJ_VOLCANICVENT05.M2,5216,4CD66128224D6A7EB0860031CFE61FF007D4A373,D:\Sirus\_client\World of Warcraft Sirus\Risen_Depths_Extract_2026-10-04\AssetClosure\ByArchive\patch-6.MPQ\WORLD\EXPANSION03\DOODADS\VASHJIR\VOLCANO\VJ_VOLCANICVENT0500.skin
1,patch-6.MPQ,WORLD\EXPANSION03\DOODADS\VASHJIR\VOLCANO\VJ_VOLCANICVENT_02.BLP,m2-embedded-path,WORLD\EXPANSION03\DOODADS\VASHJIR\VOLCANO\VJ_VOLCANICVENT05.M2,88572,054B4C72FEEF2C73238428A20FF8D7EBFDDFB784,D:\Sirus\_client\World of Warcraft Sirus\Risen_Depths_Extract_2026-10-04\AssetClosure\ByArchive\patch-6.MPQ\WORLD\EXPANSION03\DOODADS\VASHJIR\VOLCANO\VJ_VOLCANICVENT_02.BLP
1,patch-6.MPQ,WORLD\EXPANSION03\DOODADS\VASHJIR\WHIRLPOOLS\VJ_WHIRLPOOL0100.skin,m2-skin-profile,WORLD\EXPANSION03\DOODADS\VASHJIR\WHIRLPOOLS\VJ_WHIRLPOOL01.M2,26112,83896EC2CDCF0C4A79AA8A21C001EFB3AE580E28,D:\Sirus\_client\World of Warcraft Sirus\Risen_Depths_Extract_2026-10-04\AssetClosure\ByArchive\patch-6.MPQ\WORLD\EXPANSION03\DOODADS\VASHJIR\WHIRLPOOLS\VJ_WHIRLPOOL0100.skin
1,patch-6.MPQ,WORLD\AZEROTH\STRANGLETHORN\PASSIVEDOODADS\WHIRLPOOLS\VJ_WHIRLPOOL_02.BLP,m2-embedded-path,WORLD\EXPANSION03\DOODADS\VASHJIR\WHIRLPOOLS\VJ_WHIRLPOOL01.M2,88580,694B6D277A91DA1802E76555B0006FAC9A2C7AFC,D:\Sirus\_client\World of Warcraft Sirus\Risen_Depths_Extract_2026-10-04\AssetClosure\ByArchive\patch-6.MPQ\WORLD\AZEROTH\STRANGLETHORN\PASSIVEDOODADS\WHIRLPOOLS\VJ_WHIRLPOOL_02.BLP
1,patch-6.MPQ,WORLD\EXPANSION03\DOODADS\GENERIC\MAELSTROM\MAELSTROM_MASK07.BLP,m2-embedded-path,WORLD\EXPANSION03\DOODADS\VASHJIR\WHIRLPOOLS\VJ_WHIRLPOOL01.M2,350724,8C8CE48D36BDD673195F1AC0ACA921210757236C,D:\Sirus\_client\World of Warcraft Sirus\Risen_Depths_Extract_2026-10-04\AssetClosure\ByArchive\patch-6.MPQ\WORLD\EXPANSION03\DOODADS\GENERIC\MAELSTROM\MAELSTROM_MASK07.BLP
1,patch-6.MPQ,WORLD\AZEROTH\STRANGLETHORN\PASSIVEDOODADS\WHIRLPOOLS\VJ_WHIRLPOOL_01.BLP,m2-embedded-path,WORLD\EXPANSION03\DOODADS\VASHJIR\WHIRLPOOLS\VJ_WHIRLPOOL01.M2,44876,EC698D8F1FE982A6584DAE770831A933A418E293,D:\Sirus\_client\World of Warcraft Sirus\Risen_Depths_Extract_2026-10-04\AssetClosure\ByArchive\patch-6.MPQ\WORLD\AZEROTH\STRANGLETHORN\PASSIVEDOODADS\WHIRLPOOLS\VJ_WHIRLPOOL_01.BLP
1,patch-6.MPQ,WORLD\EXPANSION03\DOODADS\DARKSHOREREWORK\DARKSHORE_GIANTWATERFALL_ALPHA06.BLP,m2-embedded-path,WORLD\EXPANSION03\DOODADS\VASHJIR\WHIRLPOOLS\VJ_WHIRLPOOL01.M2,23044,8739B1BFA5989A367D7A08AD93F2B7FE1F6F0362,D:\Sirus\_client\World of Warcraft Sirus\Risen_Depths_Extract_2026-10-04\AssetClosure\ByArchive\patch-6.MPQ\WORLD\EXPANSION03\DOODADS\DARKSHOREREWORK\DARKSHORE_GIANTWATERFALL_ALPHA06.BLP
1,patch-6.MPQ,WORLD\AZEROTH\STRANGLETHORN\PASSIVEDOODADS\WHIRLPOOLS\VJ_WHIRLPOOL_03.BLP,m2-embedded-path,WORLD\EXPANSION03\DOODADS\VASHJIR\WHIRLPOOLS\VJ_WHIRLPOOL01.M2,1399300,E7F7CC8D6E3F3D335E30BB035C100C1984DEA2C2,D:\Sirus\_client\World of Warcraft Sirus\Risen_Depths_Extract_2026-10-04\AssetClosure\ByArchive\patch-6.MPQ\WORLD\AZEROTH\STRANGLETHORN\PASSIVEDOODADS\WHIRLPOOLS\VJ_WHIRLPOOL_03.BLP
1,patch-6.MPQ,WORLD\EXPANSION06\DOODADS\ARAKNASHAL\7AN_ROCKSTACKCLUSTER_A0100.skin,m2-skin-profile,WORLD\EXPANSION06\DOODADS\ARAKNASHAL\7AN_ROCKSTACKCLUSTER_A01.M2,7600,8756E6FD20005F0B181533FC8E9950E930CE2449,D:\Sirus\_client\World of Warcraft Sirus\Risen_Depths_Extract_2026-10-04\AssetClosure\ByArchive\patch-6.MPQ\WORLD\EXPANSION06\DOODADS\ARAKNASHAL\7AN_ROCKSTACKCLUSTER_A0100.skin
1,patch-6.MPQ,World\Expansion06\Doodads\ArakNashal\7an_rocks_02.blp,m2-embedded-path,WORLD\EXPANSION06\DOODADS\ARAKNASHAL\7AN_ROCKSTACKCLUSTER_A01.M2 | WORLD\EXPANSION06\DOODADS\ARAKNASHAL\7AN_ROCKSTACKCLUSTER_B01.M2 | WORLD\EXPANSION06\DOODADS\ARAKNASHAL\7AN_ROCKSTACKCLUSTER_B02.M2 | WORLD\EXPANSION06\DOODADS\ARAKNASHAL\7AN_ROCKSTACKCLUSTER_C01.M2 | WORLD\EXPANSION06\DOODADS\ARAKNASHAL\7AN_ROCKSTACK_RUNES_B01.M2 | WORLD\EXPANSION06\DOODADS\ARAKNASHAL\7AN_ROCKSTACK_RUNES_C01.M2 | WORLD\Expansion06\Doodads\ArakNashal\7AN_ROCKSTACK_B01.M2 | WORLD\Expansion06\Doodads\ArakNashal\7AN_ROCKSTACK_C01.M2,350716,611B0960D6545CC87616AAD355C6A1257E2F5674,D:\Sirus\_client\World of Warcraft Sirus\Risen_Depths_Extract_2026-10-04\AssetClosure\ByArchive\patch-6.MPQ\World\Expansion06\Doodads\ArakNashal\7an_rocks_02.blp
1,patch-6.MPQ,World\Expansion06\Doodads\ArakNashal\7an_rocks_02_mod2x.blp,m2-embedded-path,WORLD\EXPANSION06\DOODADS\ARAKNASHAL\7AN_ROCKSTACKCLUSTER_A01.M2 | WORLD\EXPANSION06\DOODADS\ARAKNASHAL\7AN_ROCKSTACKCLUSTER_B01.M2 | WORLD\EXPANSION06\DOODADS\ARAKNASHAL\7AN_ROCKSTACKCLUSTER_B02.M2 | WORLD\EXPANSION06\DOODADS\ARAKNASHAL\7AN_ROCKSTACKCLUSTER_C01.M2 | WORLD\EXPANSION06\DOODADS\ARAKNASHAL\7AN_ROCKSTACK_RUNES_B01.M2 | WORLD\EXPANSION06\DOODADS\ARAKNASHAL\7AN_ROCKSTACK_RUNES_C01.M2 | WORLD\Expansion06\Doodads\ArakNashal\7AN_ROCKSTACK_B01.M2 | WORLD\Expansion06\Doodads\ArakNashal\7AN_ROCKSTACK_C01.M2,175948,5DEAF1CE0974879A8B2C951CCC632A4F6EC6E441,D:\Sirus\_client\World of Warcraft Sirus\Risen_Depths_Extract_2026-10-04\AssetClosure\ByArchive\patch-6.MPQ\World\Expansion06\Doodads\ArakNashal\7an_rocks_02_mod2x.blp
1,patch-6.MPQ,WORLD\EXPANSION06\DOODADS\ARAKNASHAL\7AN_ROCKSTACKCLUSTER_B0100.skin,m2-skin-profile,WORLD\EXPANSION06\DOODADS\ARAKNASHAL\7AN_ROCKSTACKCLUSTER_B01.M2,10336,E8367083739B49CC26D28EE36DB948A3121A2973,D:\Sirus\_client\World of Warcraft Sirus\Risen_Depths_Extract_2026-10-04\AssetClosure\ByArchive\patch-6.MPQ\WORLD\EXPANSION06\DOODADS\ARAKNASHAL\7AN_ROCKSTACKCLUSTER_B0100.skin
1,patch-6.MPQ,WORLD\EXPANSION06\DOODADS\ARAKNASHAL\7AN_ROCKSTACKCLUSTER_B0200.skin,m2-skin-profile,WORLD\EXPANSION06\DOODADS\ARAKNASHAL\7AN_ROCKSTACKCLUSTER_B02.M2,8640,49F583FE14FCF22E2AAF073F49FEEE22A9D61082,D:\Sirus\_client\World of Warcraft Sirus\Risen_Depths_Extract_2026-10-04\AssetClosure\ByArchive\patch-6.MPQ\WORLD\EXPANSION06\DOODADS\ARAKNASHAL\7AN_ROCKSTACKCLUSTER_B0200.skin
1,patch-6.MPQ,WORLD\EXPANSION06\DOODADS\ARAKNASHAL\7AN_ROCKSTACKCLUSTER_C0100.skin,m2-skin-profile,WORLD\EXPANSION06\DOODADS\ARAKNASHAL\7AN_ROCKSTACKCLUSTER_C01.M2,11328,3C9C43410D916FE346285C0D84F62E45EEB799D1,D:\Sirus\_client\World of Warcraft Sirus\Risen_Depths_Extract_2026-10-04\AssetClosure\ByArchive\patch-6.MPQ\WORLD\EXPANSION06\DOODADS\ARAKNASHAL\7AN_ROCKSTACKCLUSTER_C0100.skin
1,patch-6.MPQ,WORLD\EXPANSION06\DOODADS\ARAKNASHAL\7AN_ROCKSTACK_RUNES_B0100.skin,m2-skin-profile,WORLD\EXPANSION06\DOODADS\ARAKNASHAL\7AN_ROCKSTACK_RUNES_B01.M2,2256,F0BBB606E9A34CBF9CC6E00D5B8617044C256CAB,D:\Sirus\_client\World of Warcraft Sirus\Risen_Depths_Extract_2026-10-04\AssetClosure\ByArchive\patch-6.MPQ\WORLD\EXPANSION06\DOODADS\ARAKNASHAL\7AN_ROCKSTACK_RUNES_B0100.skin
1,patch-6.MPQ,World\Expansion06\Doodads\ArakNashal\7an_rocks_02_mod2x_runes.blp,m2-embedded-path,WORLD\EXPANSION06\DOODADS\ARAKNASHAL\7AN_ROCKSTACK_RUNES_B01.M2 | WORLD\EXPANSION06\DOODADS\ARAKNASHAL\7AN_ROCKSTACK_RUNES_C01.M2,88580,7BCB7A945B7EA85971DE5D1F4A9CF8D7294BE40E,D:\Sirus\_client\World of Warcraft Sirus\Risen_Depths_Extract_2026-10-04\AssetClosure\ByArchive\patch-6.MPQ\World\Expansion06\Doodads\ArakNashal\7an_rocks_02_mod2x_runes.blp
1,patch-6.MPQ,WORLD\EXPANSION06\DOODADS\ARAKNASHAL\7AN_ROCKSTACK_RUNES_C0100.skin,m2-skin-profile,WORLD\EXPANSION06\DOODADS\ARAKNASHAL\7AN_ROCKSTACK_RUNES_C01.M2,2832,B0016DFD65A020AD3462FDC7CA952D67817C29AC,D:\Sirus\_client\World of Warcraft Sirus\Risen_Depths_Extract_2026-10-04\AssetClosure\ByArchive\patch-6.MPQ\WORLD\EXPANSION06\DOODADS\ARAKNASHAL\7AN_ROCKSTACK_RUNES_C0100.skin
1,patch-6.MPQ,WORLD\EXPANSION06\DOODADS\DUNGEON\DOODADS\7DU_HELHEIMRAID_HELYAROCK0100.skin,m2-skin-profile,WORLD\EXPANSION06\DOODADS\DUNGEON\DOODADS\7DU_HELHEIMRAID_HELYAROCK01.M2,38496,E34449617DF5200B8E7692A40B60D3C19F907959,D:\Sirus\_client\World of Warcraft Sirus\Risen_Depths_Extract_2026-10-04\AssetClosure\ByArchive\patch-6.MPQ\WORLD\EXPANSION06\DOODADS\DUNGEON\DOODADS\7DU_HELHEIMRAID_HELYAROCK0100.skin
1,patch-6.MPQ,World\Expansion06\Doodads\Dungeon\Doodads\7du_helyaencounter_spiritrock.blp,m2-embedded-path,WORLD\EXPANSION06\DOODADS\DUNGEON\DOODADS\7DU_HELHEIMRAID_HELYAROCK01.M2,350716,D3E9A05DD90DD7BCF86E5F90BA4D36CA9B95DF10,D:\Sirus\_client\World of Warcraft Sirus\Risen_Depths_Extract_2026-10-04\AssetClosure\ByArchive\patch-6.MPQ\World\Expansion06\Doodads\Dungeon\Doodads\7du_helyaencounter_spiritrock.blp
1,patch-6.MPQ,World\Expansion06\Doodads\Dungeon\Doodads\7du_helyaencounter_spiritrock_glow.blp,m2-embedded-path,WORLD\EXPANSION06\DOODADS\DUNGEON\DOODADS\7DU_HELHEIMRAID_HELYAROCK01.M2,350716,038C57049C1DEF6495F568CB351B0E980384C70D,D:\Sirus\_client\World of Warcraft Sirus\Risen_Depths_Extract_2026-10-04\AssetClosure\ByArchive\patch-6.MPQ\World\Expansion06\Doodads\Dungeon\Doodads\7du_helyaencounter_spiritrock_glow.blp
1,patch-6.MPQ,World\Expansion06\Doodads\Dungeon\Doodads\water_tide_mod2x.blp,m2-embedded-path,WORLD\EXPANSION06\DOODADS\DUNGEON\DOODADS\7DU_HELHEIMRAID_HELYAROCK01.M2,350724,55785C9BD55594322D871ACBCCD26C9F44B8ECA1,D:\Sirus\_client\World of Warcraft Sirus\Risen_Depths_Extract_2026-10-04\AssetClosure\ByArchive\patch-6.MPQ\World\Expansion06\Doodads\Dungeon\Doodads\water_tide_mod2x.blp
1,patch-6.MPQ,World\Expansion06\Doodads\Dungeon\Doodads\7du_helheim_soultrail.blp,m2-embedded-path,WORLD\EXPANSION06\DOODADS\DUNGEON\DOODADS\7DU_HELHEIMRAID_HELYAROCK01.M2,23068,1446A4D6BFD01031B3FC11A4FE41D80085174ADF,D:\Sirus\_client\World of Warcraft Sirus\Risen_Depths_Extract_2026-10-04\AssetClosure\ByArchive\patch-6.MPQ\World\Expansion06\Doodads\Dungeon\Doodads\7du_helheim_soultrail.blp
1,patch-6.MPQ,World\Expansion06\Doodads\Dungeon\Doodads\Ghost4_4x.blp,m2-embedded-path,WORLD\EXPANSION06\DOODADS\DUNGEON\DOODADS\7DU_HELHEIMRAID_HELYAROCK01.M2,6692,400FD0DA6BC9BC45E0D1299D63B88167EC1D3A51,D:\Sirus\_client\World of Warcraft Sirus\Risen_Depths_Extract_2026-10-04\AssetClosure\ByArchive\patch-6.MPQ\World\Expansion06\Doodads\Dungeon\Doodads\Ghost4_4x.blp
1,patch-6.MPQ,World\Expansion06\Doodads\Dungeon\Doodads\Smoke_04.blp,m2-embedded-path,WORLD\EXPANSION06\DOODADS\DUNGEON\DOODADS\7DU_HELHEIMRAID_HELYAROCK01.M2,88580,CE5B9427E4961FB6038D8796DF5702991C38247C,D:\Sirus\_client\World of Warcraft Sirus\Risen_Depths_Extract_2026-10-04\AssetClosure\ByArchive\patch-6.MPQ\World\Expansion06\Doodads\Dungeon\Doodads\Smoke_04.blp
1,patch-6.MPQ,WORLD\EXPANSION06\DOODADS\DUNGEON\DOODADS\7DU_TOMBOFSARGERAS_NAGATHRONE0100.skin,m2-skin-profile,WORLD\EXPANSION06\DOODADS\DUNGEON\DOODADS\7DU_TOMBOFSARGERAS_NAGATHRONE01.M2,67608,229C36B63F407B6DA8472FB41BD447FE5AD83BE0,D:\Sirus\_client\World of Warcraft Sirus\Risen_Depths_Extract_2026-10-04\AssetClosure\ByArchive\patch-6.MPQ\WORLD\EXPANSION06\DOODADS\DUNGEON\DOODADS\7DU_TOMBOFSARGERAS_NAGATHRONE0100.skin
1,patch-6.MPQ,World\Expansion06\Doodads\Dungeon\Doodads\7MU_MURLOC_NAGATHRONE_MAP05.blp,m2-embedded-path,WORLD\EXPANSION06\DOODADS\DUNGEON\DOODADS\7DU_TOMBOFSARGERAS_NAGATHRONE01.M2,175948,8BACD0FBB38FCC1BF2AE9AB862184487C3F0C528,D:\Sirus\_client\World of Warcraft Sirus\Risen_Depths_Extract_2026-10-04\AssetClosure\ByArchive\patch-6.MPQ\World\Expansion06\Doodads\Dungeon\Doodads\7MU_MURLOC_NAGATHRONE_MAP05.blp
1,patch-6.MPQ,World\Expansion06\Doodads\Dungeon\Doodads\7MU_MURLOC_NAGATHRONE_MAP04.blp,m2-embedded-path,WORLD\EXPANSION06\DOODADS\DUNGEON\DOODADS\7DU_TOMBOFSARGERAS_NAGATHRONE01.M2,350724,6481B6249A29DB50AD7A1FE0F6499F4125CA90EB,D:\Sirus\_client\World of Warcraft Sirus\Risen_Depths_Extract_2026-10-04\AssetClosure\ByArchive\patch-6.MPQ\World\Expansion06\Doodads\Dungeon\Doodads\7MU_MURLOC_NAGATHRONE_MAP04.blp
1,patch-6.MPQ,World\Expansion06\Doodads\Dungeon\Doodads\redwaves.blp,m2-embedded-path,WORLD\EXPANSION06\DOODADS\DUNGEON\DOODADS\7DU_TOMBOFSARGERAS_NAGATHRONE01.M2,3916,7639456DAA50542CA74DE695BDFA2E4AAC71FB8C,D:\Sirus\_client\World of Warcraft Sirus\Risen_Depths_Extract_2026-10-04\AssetClosure\ByArchive\patch-6.MPQ\World\Expansion06\Doodads\Dungeon\Doodads\redwaves.blp
1,patch-6.MPQ,World\Expansion06\Doodads\Dungeon\Doodads\7MU_MURLOC_NAGATHRONE_MAP02.blp,m2-embedded-path,WORLD\EXPANSION06\DOODADS\DUNGEON\DOODADS\7DU_TOMBOFSARGERAS_NAGATHRONE01.M2,350724,6BF8E59BD42F5D64D1EB65DCD8DD3BBFC6B26239,D:\Sirus\_client\World of Warcraft Sirus\Risen_Depths_Extract_2026-10-04\AssetClosure\ByArchive\patch-6.MPQ\World\Expansion06\Doodads\Dungeon\Doodads\7MU_MURLOC_NAGATHRONE_MAP02.blp
1,patch-6.MPQ,World\Expansion06\Doodads\Dungeon\Doodads\7MU_MURLOC_NAGATHRONE_MAP03.blp,m2-embedded-path,WORLD\EXPANSION06\DOODADS\DUNGEON\DOODADS\7DU_TOMBOFSARGERAS_NAGATHRONE01.M2,175972,6B2646F365FDFDBD126FF594D44022591D06716A,D:\Sirus\_client\World of Warcraft Sirus\Risen_Depths_Extract_2026-10-04\AssetClosure\ByArchive\patch-6.MPQ\World\Expansion06\Doodads\Dungeon\Doodads\7MU_MURLOC_NAGATHRONE_MAP03.blp
1,patch-6.MPQ,World\Expansion06\Doodads\Dungeon\Doodads\7MU_MURLOC_NAGATHRONE_MAP01.blp,m2-embedded-path,WORLD\EXPANSION06\DOODADS\DUNGEON\DOODADS\7DU_TOMBOFSARGERAS_NAGATHRONE01.M2,175948,EB3180FD4D2AF66D4DBF9127D33504E2260CBA4D,D:\Sirus\_client\World of Warcraft Sirus\Risen_Depths_Extract_2026-10-04\AssetClosure\ByArchive\patch-6.MPQ\World\Expansion06\Doodads\Dungeon\Doodads\7MU_MURLOC_NAGATHRONE_MAP01.blp
1,patch-6.MPQ,World\Expansion06\Doodads\Dungeon\Doodads\7MU_MURLOC_NAGATHRONE_MAP06.blp,m2-embedded-path,WORLD\EXPANSION06\DOODADS\DUNGEON\DOODADS\7DU_TOMBOFSARGERAS_NAGATHRONE01.M2,175948,278D4B7F99A713BDD37595269F6C5E867A94F89A,D:\Sirus\_client\World of Warcraft Sirus\Risen_Depths_Extract_2026-10-04\AssetClosure\ByArchive\patch-6.MPQ\World\Expansion06\Doodads\Dungeon\Doodads\7MU_MURLOC_NAGATHRONE_MAP06.blp
1,patch-6.MPQ,World\Expansion06\Doodads\Dungeon\Doodads\quirajglow01.blp,m2-embedded-path,WORLD\EXPANSION06\DOODADS\DUNGEON\DOODADS\7DU_TOMBOFSARGERAS_NAGATHRONE01.M2,23044,C30E9742A166630E0716F89F38A441DA808484B9,D:\Sirus\_client\World of Warcraft Sirus\Risen_Depths_Extract_2026-10-04\AssetClosure\ByArchive\patch-6.MPQ\World\Expansion06\Doodads\Dungeon\Doodads\quirajglow01.blp
1,patch-6.MPQ,World\Expansion06\Doodads\Dungeon\Doodads\7AZ_Seaweed_01.blp,m2-embedded-path,WORLD\EXPANSION06\DOODADS\DUNGEON\DOODADS\7DU_TOMBOFSARGERAS_NAGATHRONE01.M2,350724,6E1114B7443806EC6A2D342BE5F650E097E42D0E,D:\Sirus\_client\World of Warcraft Sirus\Risen_Depths_Extract_2026-10-04\AssetClosure\ByArchive\patch-6.MPQ\World\Expansion06\Doodads\Dungeon\Doodads\7AZ_Seaweed_01.blp
1,patch-6.MPQ,WORLD\EXPANSION06\DOODADS\HIGHMOUNTAIN\7HM_LARGEROCK_B0300.skin,m2-skin-profile,WORLD\EXPANSION06\DOODADS\HIGHMOUNTAIN\7HM_LARGEROCK_B03.M2,3568,61FFE52C1A2D239F05DBC0F9748FB7B70DA788FA,D:\Sirus\_client\World of Warcraft Sirus\Risen_Depths_Extract_2026-10-04\AssetClosure\ByArchive\patch-6.MPQ\WORLD\EXPANSION06\DOODADS\HIGHMOUNTAIN\7HM_LARGEROCK_B0300.skin
1,patch-6.MPQ,World\Expansion06\Doodads\HighMountain\7HM_LargeRock03.blp,m2-embedded-path,WORLD\EXPANSION06\DOODADS\HIGHMOUNTAIN\7HM_LARGEROCK_B03.M2,700236,97E154B8C94DFDD6B90CFA5925B2E026DF156173,D:\Sirus\_client\World of Warcraft Sirus\Risen_Depths_Extract_2026-10-04\AssetClosure\ByArchive\patch-6.MPQ\World\Expansion06\Doodads\HighMountain\7HM_LargeRock03.blp
1,patch-6.MPQ,World\Expansion06\Doodads\HighMountain\7HM_LargeRockNoise_01.blp,m2-embedded-path,WORLD\EXPANSION06\DOODADS\HIGHMOUNTAIN\7HM_LARGEROCK_B03.M2 | WORLD\EXPANSION06\DOODADS\HIGHMOUNTAIN\7HM_ROCKSPIKE_B02.M2,175948,43DCC95CE82F6F26A1518FC08FADB14BE9D17725,D:\Sirus\_client\World of Warcraft Sirus\Risen_Depths_Extract_2026-10-04\AssetClosure\ByArchive\patch-6.MPQ\World\Expansion06\Doodads\HighMountain\7HM_LargeRockNoise_01.blp
1,patch-6.MPQ,WORLD\EXPANSION06\DOODADS\HIGHMOUNTAIN\7HM_ROCKSPIKE_B0200.skin,m2-skin-profile,WORLD\EXPANSION06\DOODADS\HIGHMOUNTAIN\7HM_ROCKSPIKE_B02.M2,1968,317E8EEA187BF553F76138C3B8190368D514AE34,D:\Sirus\_client\World of Warcraft Sirus\Risen_Depths_Extract_2026-10-04\AssetClosure\ByArchive\patch-6.MPQ\WORLD\EXPANSION06\DOODADS\HIGHMOUNTAIN\7HM_ROCKSPIKE_B0200.skin
1,patch-6.MPQ,WORLD\EXPANSION06\DOODADS\MURLOC\7MU_MURLOC_BARREL0100.skin,m2-skin-profile,WORLD\EXPANSION06\DOODADS\MURLOC\7MU_MURLOC_BARREL01.M2,4480,B4C25525A02515CEEDF687153BD23B21EB6535E7,D:\Sirus\_client\World of Warcraft Sirus\Risen_Depths_Extract_2026-10-04\AssetClosure\ByArchive\patch-6.MPQ\WORLD\EXPANSION06\DOODADS\MURLOC\7MU_MURLOC_BARREL0100.skin
1,patch-6.MPQ,World\Expansion06\Doodads\Murloc\7MU_MURLOC_MAP5.blp,m2-embedded-path,WORLD\EXPANSION06\DOODADS\MURLOC\7MU_MURLOC_BARREL01.M2 | WORLD\EXPANSION06\DOODADS\MURLOC\7MU_MURLOC_BARREL03.M2 | WORLD\EXPANSION06\DOODADS\MURLOC\7MU_MURLOC_BARREL_DESTROYED.M2 | WORLD\EXPANSION06\DOODADS\MURLOC\7MU_MURLOC_JUNKPILE01.M2 | WORLD\EXPANSION06\DOODADS\MURLOC\7MU_MURLOC_JUNKPILE02.M2 | WORLD\EXPANSION06\DOODADS\MURLOC\7MU_MURLOC_JUNKPILE03.M2 | WORLD\Expansion06\Doodads\Murloc\7MU_MURLOC_BARREL02.M2 | WORLD\Expansion06\Doodads\Murloc\7MU_MURLOC_CRATE01.M2 | WORLD\Expansion06\Doodads\Murloc\7MU_MURLOC_CRATE02.M2 | WORLD\Expansion06\Doodads\Murloc\7MU_MURLOC_CRATE03.M2 | WORLD\Expansion06\Doodads\Murloc\7MU_MURLOC_CRATE_DESTROYED.M2,175948,7BD6C15D3C843184D5A68722626BBDF0E11FEF1D,D:\Sirus\_client\World of Warcraft Sirus\Risen_Depths_Extract_2026-10-04\AssetClosure\ByArchive\patch-6.MPQ\World\Expansion06\Doodads\Murloc\7MU_MURLOC_MAP5.blp
1,patch-6.MPQ,WORLD\EXPANSION06\DOODADS\MURLOC\7MU_MURLOC_BARREL0300.skin,m2-skin-profile,WORLD\EXPANSION06\DOODADS\MURLOC\7MU_MURLOC_BARREL03.M2,2368,EAAFED8ACD806F08A3D223DC2E6A8C7C79DE1201,D:\Sirus\_client\World of Warcraft Sirus\Risen_Depths_Extract_2026-10-04\AssetClosure\ByArchive\patch-6.MPQ\WORLD\EXPANSION06\DOODADS\MURLOC\7MU_MURLOC_BARREL0300.skin
1,patch-6.MPQ,WORLD\EXPANSION06\DOODADS\MURLOC\7MU_MURLOC_BARREL_DESTROYED00.skin,m2-skin-profile,WORLD\EXPANSION06\DOODADS\MURLOC\7MU_MURLOC_BARREL_DESTROYED.M2,4576,D47F74013A32B68FDCCB43DE28F5387BD4529954,D:\Sirus\_client\World of Warcraft Sirus\Risen_Depths_Extract_2026-10-04\AssetClosure\ByArchive\patch-6.MPQ\WORLD\EXPANSION06\DOODADS\MURLOC\7MU_MURLOC_BARREL_DESTROYED00.skin
1,patch-6.MPQ,WORLD\EXPANSION06\DOODADS\MURLOC\7MU_MURLOC_BOATSHACK0100.skin,m2-skin-profile,WORLD\EXPANSION06\DOODADS\MURLOC\7MU_MURLOC_BOATSHACK01.M2,11728,4F3FC76EF50DE2B44F519A02B06783A5F4F07DA3,D:\Sirus\_client\World of Warcraft Sirus\Risen_Depths_Extract_2026-10-04\AssetClosure\ByArchive\patch-6.MPQ\WORLD\EXPANSION06\DOODADS\MURLOC\7MU_MURLOC_BOATSHACK0100.skin
1,patch-6.MPQ,World\Expansion06\Doodads\Murloc\7MU_MURLOC_MAP12.blp,m2-embedded-path,WORLD\EXPANSION06\DOODADS\MURLOC\7MU_MURLOC_BOATSHACK01.M2 | WORLD\EXPANSION06\DOODADS\MURLOC\7MU_MURLOC_BOATSHACK02.M2,175948,49FEA50C3F8D957AAD37BE7C6C52C195602ED5DC,D:\Sirus\_client\World of Warcraft Sirus\Risen_Depths_Extract_2026-10-04\AssetClosure\ByArchive\patch-6.MPQ\World\Expansion06\Doodads\Murloc\7MU_MURLOC_MAP12.blp
1,patch-6.MPQ,World\Expansion06\Doodads\Murloc\7MU_MURLOC_MAP11.blp,m2-embedded-path,WORLD\EXPANSION06\DOODADS\MURLOC\7MU_MURLOC_BOATSHACK01.M2 | WORLD\EXPANSION06\DOODADS\MURLOC\7MU_MURLOC_BOATSHACK02.M2,175948,8FD62EEF4D97DED3528F7DFFD58A438D2BE7D2C1,D:\Sirus\_client\World of Warcraft Sirus\Risen_Depths_Extract_2026-10-04\AssetClosure\ByArchive\patch-6.MPQ\World\Expansion06\Doodads\Murloc\7MU_MURLOC_MAP11.blp
1,patch-6.MPQ,World\Expansion06\Doodads\Murloc\7MU_MURLOC_MAP7.blp,m2-embedded-path,WORLD\EXPANSION06\DOODADS\MURLOC\7MU_MURLOC_BOATSHACK01.M2 | WORLD\EXPANSION06\DOODADS\MURLOC\7MU_MURLOC_BOATSHACK02.M2 | WORLD\EXPANSION06\DOODADS\MURLOC\7MU_MURLOC_JUNKPILE03.M2 | WORLD\EXPANSION06\DOODADS\MURLOC\7MU_MURLOC_SHIPTOWER01.M2 | WORLD\EXPANSION06\DOODADS\MURLOC\7MU_MURLOC_TORCH01.M2 | WORLD\EXPANSION06\DOODADS\MURLOC\7MU_MURLOC_TORCH02.M2 | WORLD\EXPANSION06\DOODADS\MURLOC\7MU_MURLOC_WEAPONRACK01.M2 | WORLD\EXPANSION06\DOODADS\MURLOC\7MU_MURLOC_WEAPONRACK02.M2 | WORLD\EXPANSION06\DOODADS\MURLOC\7MU_MURLOC_WEAPONRACK03.M2 | WORLD\Expansion06\Doodads\Murloc\7MU_MURLOC_WEAPON02.M2 | WORLD\Expansion06\Doodads\Murloc\7MU_MURLOC_WEAPON03.M2 | WORLD\Expansion06\Doodads\Murloc\7MU_MURLOC_WEAPON04.M2 | WORLD\Expansion06\Doodads\Murloc\7MU_MURLOC_WEAPON05.M2 | WORLD\Expansion06\Doodads\Murloc\7MU_MURLOC_WEAPONRACK04.M2 | WORLD\Expansion06\Doodads\Murloc\7MU_MURLOC_WEAPONRACK_EMPTY.M2,350716,D02A9E3DFE82BDCFD77A8776CE6338E98955F6C0,D:\Sirus\_client\World of Warcraft Sirus\Risen_Depths_Extract_2026-10-04\AssetClosure\ByArchive\patch-6.MPQ\World\Expansion06\Doodads\Murloc\7MU_MURLOC_MAP7.blp
1,patch-6.MPQ,WORLD\EXPANSION06\DOODADS\MURLOC\7MU_MURLOC_BOATSHACK0200.skin,m2-skin-profile,WORLD\EXPANSION06\DOODADS\MURLOC\7MU_MURLOC_BOATSHACK02.M2,12736,06C1447C0BE12092E7B0B01C38E239A5459A5FE9,D:\Sirus\_client\World of Warcraft Sirus\Risen_Depths_Extract_2026-10-04\AssetClosure\ByArchive\patch-6.MPQ\WORLD\EXPANSION06\DOODADS\MURLOC\7MU_MURLOC_BOATSHACK0200.skin
1,patch-6.MPQ,WORLD\EXPANSION06\DOODADS\MURLOC\7MU_MURLOC_BOATSHACK_DEBRIS0100.skin,m2-skin-profile,WORLD\EXPANSION06\DOODADS\MURLOC\7MU_MURLOC_BOATSHACK_DEBRIS01.M2,2208,4DA070166874DAE07BFC6A985F5FF435FC37A810,D:\Sirus\_client\World of Warcraft Sirus\Risen_Depths_Extract_2026-10-04\AssetClosure\ByArchive\patch-6.MPQ\WORLD\EXPANSION06\DOODADS\MURLOC\7MU_MURLOC_BOATSHACK_DEBRIS0100.skin
1,patch-6.MPQ,World\Expansion06\Doodads\Murloc\FlatShade.blp,m2-embedded-path,WORLD\EXPANSION06\DOODADS\MURLOC\7MU_MURLOC_BOATSHACK_DEBRIS01.M2,12108,782EEEB279B72E6E0AF5127BBA8CAC1D64727290,D:\Sirus\_client\World of Warcraft Sirus\Risen_Depths_Extract_2026-10-04\AssetClosure\ByArchive\patch-6.MPQ\World\Expansion06\Doodads\Murloc\FlatShade.blp
1,patch-6.MPQ,World\Expansion06\Doodads\Murloc\7MU_MURLOC_MAP3.blp,m2-embedded-path,WORLD\EXPANSION06\DOODADS\MURLOC\7MU_MURLOC_BOATSHACK_DEBRIS01.M2 | WORLD\EXPANSION06\DOODADS\MURLOC\7MU_MURLOC_BOATSHACK_PLANK01.M2 | WORLD\EXPANSION06\DOODADS\MURLOC\7MU_MURLOC_BOATSHACK_PLANK02.M2 | WORLD\EXPANSION06\DOODADS\MURLOC\7MU_MURLOC_SHIPTOWER01.M2 | WORLD\EXPANSION06\DOODADS\MURLOC\7MU_MURLOC_STANDARD01.M2 | WORLD\EXPANSION06\DOODADS\MURLOC\7MU_MURLOC_TORCH01.M2 | WORLD\EXPANSION06\DOODADS\MURLOC\7MU_MURLOC_TORCH02.M2 | WORLD\EXPANSION06\DOODADS\MURLOC\7MU_MURLOC_WEAPONRACK01.M2 | WORLD\EXPANSION06\DOODADS\MURLOC\7MU_MURLOC_WEAPONRACK02.M2 | WORLD\EXPANSION06\DOODADS\MURLOC\7MU_MURLOC_WEAPONRACK03.M2 | WORLD\Expansion06\Doodads\Murloc\7MU_MURLOC_WEAPONRACK04.M2 | WORLD\Expansion06\Doodads\Murloc\7MU_MURLOC_WEAPONRACK_EMPTY.M2,88572,EDB3089987065EDBCB8040AB156033501CF2EB5B,D:\Sirus\_client\World of Warcraft Sirus\Risen_Depths_Extract_2026-10-04\AssetClosure\ByArchive\patch-6.MPQ\World\Expansion06\Doodads\Murloc\7MU_MURLOC_MAP3.blp
1,patch-6.MPQ,WORLD\EXPANSION06\DOODADS\MURLOC\7MU_MURLOC_BOATSHACK_PLANK0100.skin,m2-skin-profile,WORLD\EXPANSION06\DOODADS\MURLOC\7MU_MURLOC_BOATSHACK_PLANK01.M2,816,7BAAAA330194FDF3CC46BDA400C1EC1855EB6827,D:\Sirus\_client\World of Warcraft Sirus\Risen_Depths_Extract_2026-10-04\AssetClosure\ByArchive\patch-6.MPQ\WORLD\EXPANSION06\DOODADS\MURLOC\7MU_MURLOC_BOATSHACK_PLANK0100.skin
1,patch-6.MPQ,WORLD\EXPANSION06\DOODADS\MURLOC\7MU_MURLOC_BOATSHACK_PLANK0200.skin,m2-skin-profile,WORLD\EXPANSION06\DOODADS\MURLOC\7MU_MURLOC_BOATSHACK_PLANK02.M2,736,91877F5659BE717C55D62DF991560DE999E5B151,D:\Sirus\_client\World of Warcraft Sirus\Risen_Depths_Extract_2026-10-04\AssetClosure\ByArchive\patch-6.MPQ\WORLD\EXPANSION06\DOODADS\MURLOC\7MU_MURLOC_BOATSHACK_PLANK0200.skin
1,patch-6.MPQ,WORLD\EXPANSION06\DOODADS\MURLOC\7MU_MURLOC_FOOD_CRAB0200.skin,m2-skin-profile,WORLD\EXPANSION06\DOODADS\MURLOC\7MU_MURLOC_FOOD_CRAB02.M2,6688,B606BF2742EE170CBF76CE779B46C0453CEA2A75,D:\Sirus\_client\World of Warcraft Sirus\Risen_Depths_Extract_2026-10-04\AssetClosure\ByArchive\patch-6.MPQ\WORLD\EXPANSION06\DOODADS\MURLOC\7MU_MURLOC_FOOD_CRAB0200.skin
1,patch-6.MPQ,World\Expansion06\Doodads\Murloc\7MU_MURLOC_MAP6.blp,m2-embedded-path,WORLD\EXPANSION06\DOODADS\MURLOC\7MU_MURLOC_FOOD_CRAB02.M2 | WORLD\EXPANSION06\DOODADS\MURLOC\7MU_MURLOC_FOOD_FISH02.M2 | WORLD\EXPANSION06\DOODADS\MURLOC\7MU_MURLOC_FOOD_FISH03.M2 | WORLD\EXPANSION06\DOODADS\MURLOC\7MU_MURLOC_FOOD_FISH04.M2 | WORLD\EXPANSION06\DOODADS\MURLOC\7MU_MURLOC_HUT03.M2 | WORLD\EXPANSION06\DOODADS\MURLOC\7MU_MURLOC_JUNKPILE01.M2 | WORLD\EXPANSION06\DOODADS\MURLOC\7MU_MURLOC_SHIPTOWER02.M2 | WORLD\EXPANSION06\DOODADS\MURLOC\7MU_MURLOC_TOOL_HAMMER.M2 | WORLD\EXPANSION06\DOODADS\MURLOC\7MU_MURLOC_TORCH01.M2 | WORLD\EXPANSION06\DOODADS\MURLOC\7MU_MURLOC_TORCH02.M2 | WORLD\Expansion06\Doodads\Murloc\7MU_MURLOC_FOOD_CRAB01.M2 | WORLD\Expansion06\Doodads\Murloc\7MU_MURLOC_FOOD_FISH01.M2 | WORLD\Expansion06\Doodads\Murloc\7MU_MURLOC_FOOD_SPEAR01.M2 | WORLD\Expansion06\Doodads\Murloc\7MU_MURLOC_FOOD_SPEAR02.M2 | WORLD\Expansion06\Doodads\Murloc\7MU_MURLOC_TOOL_AXE.M2 | WORLD\Expansion06\Doodads\Murloc\7MU_MURLOC_TOOL_PICK.M2,350724,CC35F0CE6A66A303248A2768D014AC915C4F10F4,D:\Sirus\_client\World of Warcraft Sirus\Risen_Depths_Extract_2026-10-04\AssetClosure\ByArchive\patch-6.MPQ\World\Expansion06\Doodads\Murloc\7MU_MURLOC_MAP6.blp
1,patch-6.MPQ,WORLD\EXPANSION06\DOODADS\MURLOC\7MU_MURLOC_FOOD_FISH0200.skin,m2-skin-profile,WORLD\EXPANSION06\DOODADS\MURLOC\7MU_MURLOC_FOOD_FISH02.M2,1040,8E3C50EC90FD9F6770FB3DB203E0F66EECBCF4E6,D:\Sirus\_client\World of Warcraft Sirus\Risen_Depths_Extract_2026-10-04\AssetClosure\ByArchive\patch-6.MPQ\WORLD\EXPANSION06\DOODADS\MURLOC\7MU_MURLOC_FOOD_FISH0200.skin
1,patch-6.MPQ,WORLD\EXPANSION06\DOODADS\MURLOC\7MU_MURLOC_FOOD_FISH0300.skin,m2-skin-profile,WORLD\EXPANSION06\DOODADS\MURLOC\7MU_MURLOC_FOOD_FISH03.M2,1840,FC162A1EA68B4833A0C4BF976BA4AB8BDE3B9E28,D:\Sirus\_client\World of Warcraft Sirus\Risen_Depths_Extract_2026-10-04\AssetClosure\ByArchive\patch-6.MPQ\WORLD\EXPANSION06\DOODADS\MURLOC\7MU_MURLOC_FOOD_FISH0300.skin
1,patch-6.MPQ,WORLD\EXPANSION06\DOODADS\MURLOC\7MU_MURLOC_FOOD_FISH0400.skin,m2-skin-profile,WORLD\EXPANSION06\DOODADS\MURLOC\7MU_MURLOC_FOOD_FISH04.M2,3744,FE563A71CEF6B67491C705FF8FC0B42F09C31FB4,D:\Sirus\_client\World of Warcraft Sirus\Risen_Depths_Extract_2026-10-04\AssetClosure\ByArchive\patch-6.MPQ\WORLD\EXPANSION06\DOODADS\MURLOC\7MU_MURLOC_FOOD_FISH0400.skin
1,patch-6.MPQ,WORLD\EXPANSION06\DOODADS\MURLOC\7MU_MURLOC_HANGINGTRINKET0200.skin,m2-skin-profile,WORLD\EXPANSION06\DOODADS\MURLOC\7MU_MURLOC_HANGINGTRINKET02.M2,1072,1B12A2D5669DF879FC311CAC8D556A5ECB610F07,D:\Sirus\_client\World of Warcraft Sirus\Risen_Depths_Extract_2026-10-04\AssetClosure\ByArchive\patch-6.MPQ\WORLD\EXPANSION06\DOODADS\MURLOC\7MU_MURLOC_HANGINGTRINKET0200.skin
1,patch-6.MPQ,World\Expansion06\Doodads\Murloc\7MU_MURLOC_MAP1.blp,m2-embedded-path,WORLD\EXPANSION06\DOODADS\MURLOC\7MU_MURLOC_HANGINGTRINKET02.M2 | WORLD\EXPANSION06\DOODADS\MURLOC\7MU_MURLOC_HUT01_EMPTY.M2 | WORLD\EXPANSION06\DOODADS\MURLOC\7MU_MURLOC_HUT02.M2 | WORLD\EXPANSION06\DOODADS\MURLOC\7MU_MURLOC_HUT02_EMPTY.M2 | WORLD\EXPANSION06\DOODADS\MURLOC\7MU_MURLOC_HUT03.M2 | WORLD\EXPANSION06\DOODADS\MURLOC\7MU_MURLOC_SHIPTOWER01.M2 | WORLD\EXPANSION06\DOODADS\MURLOC\7MU_MURLOC_SHIPTOWER02.M2 | WORLD\Expansion06\Doodads\Murloc\7MU_MURLOC_HANGINGTRINKET01.M2,1399300,678E4C54F66A057A9798927F1E8903C9311D605B,D:\Sirus\_client\World of Warcraft Sirus\Risen_Depths_Extract_2026-10-04\AssetClosure\ByArchive\patch-6.MPQ\World\Expansion06\Doodads\Murloc\7MU_MURLOC_MAP1.blp
1,patch-6.MPQ,WORLD\EXPANSION06\DOODADS\MURLOC\7MU_MURLOC_HUT01_EMPTY00.skin,m2-skin-profile,WORLD\EXPANSION06\DOODADS\MURLOC\7MU_MURLOC_HUT01_EMPTY.M2,27344,F306813F3F2728889F720ECC2F3F224E3FB20279,D:\Sirus\_client\World of Warcraft Sirus\Risen_Depths_Extract_2026-10-04\AssetClosure\ByArchive\patch-6.MPQ\WORLD\EXPANSION06\DOODADS\MURLOC\7MU_MURLOC_HUT01_EMPTY00.skin
1,patch-6.MPQ,World\Expansion06\Doodads\Murloc\7MU_MURLOC_MAP8.blp,m2-embedded-path,WORLD\EXPANSION06\DOODADS\MURLOC\7MU_MURLOC_HUT01_EMPTY.M2 | WORLD\EXPANSION06\DOODADS\MURLOC\7MU_MURLOC_HUT02.M2 | WORLD\EXPANSION06\DOODADS\MURLOC\7MU_MURLOC_HUT02_EMPTY.M2 | WORLD\EXPANSION06\DOODADS\MURLOC\7MU_MURLOC_HUT03.M2,175972,69BA618D2A42574DA32FF35451F3757AF72B312A,D:\Sirus\_client\World of Warcraft Sirus\Risen_Depths_Extract_2026-10-04\AssetClosure\ByArchive\patch-6.MPQ\World\Expansion06\Doodads\Murloc\7MU_MURLOC_MAP8.blp
1,patch-6.MPQ,World\Expansion06\Doodads\Murloc\7MU_MURLOC_MAP2.blp,m2-embedded-path,WORLD\EXPANSION06\DOODADS\MURLOC\7MU_MURLOC_HUT01_EMPTY.M2 | WORLD\EXPANSION06\DOODADS\MURLOC\7MU_MURLOC_HUT02.M2 | WORLD\EXPANSION06\DOODADS\MURLOC\7MU_MURLOC_HUT02_EMPTY.M2,350724,7C66435894DDA191A0A9246F2739FA85EEC4080C,D:\Sirus\_client\World of Warcraft Sirus\Risen_Depths_Extract_2026-10-04\AssetClosure\ByArchive\patch-6.MPQ\World\Expansion06\Doodads\Murloc\7MU_MURLOC_MAP2.blp
1,patch-6.MPQ,WORLD\EXPANSION06\DOODADS\MURLOC\7MU_MURLOC_HUT0200.skin,m2-skin-profile,WORLD\EXPANSION06\DOODADS\MURLOC\7MU_MURLOC_HUT02.M2,26024,840B53FD58B368EE68CB9D993EEFB77674E9E47E,D:\Sirus\_client\World of Warcraft Sirus\Risen_Depths_Extract_2026-10-04\AssetClosure\ByArchive\patch-6.MPQ\WORLD\EXPANSION06\DOODADS\MURLOC\7MU_MURLOC_HUT0200.skin
1,patch-6.MPQ,World\Expansion06\Doodads\Murloc\Sparkle.blp,m2-embedded-path,WORLD\EXPANSION06\DOODADS\MURLOC\7MU_MURLOC_HUT02.M2 | WORLD\EXPANSION06\DOODADS\MURLOC\7MU_MURLOC_HUT03.M2 | WORLD\Expansion06\Doodads\Murloc\7MU_MURLOC_LOOT01.M2 | WORLD\Expansion06\Doodads\Murloc\7MU_MURLOC_LOOT02.M2 | WORLD\Expansion06\Doodads\Murloc\7MU_MURLOC_LOOT03.M2 | WORLD\Expansion06\Doodads\Murloc\7MU_MURLOC_LOOT04.M2 | WORLD\Expansion06\Doodads\Murloc\7MU_MURLOC_LOOT05.M2 | WORLD\Expansion06\Doodads\Murloc\7MU_MURLOC_LOOT06.M2 | WORLD\Expansion06\Doodads\Murloc\7MU_MURLOC_LOOT07.M2 | WORLD\Expansion06\Doodads\Murloc\7MU_MURLOC_LOOT_PILE01.M2 | WORLD\Expansion06\Doodads\Murloc\7MU_MURLOC_LOOT_PILE02.M2 | WORLD\Expansion06\Doodads\Murloc\7MU_MURLOC_LOOT_PILE03.M2,3916,BEA97998963FF946081E3DC29FD4291606CD47CB,D:\Sirus\_client\World of Warcraft Sirus\Risen_Depths_Extract_2026-10-04\AssetClosure\ByArchive\patch-6.MPQ\World\Expansion06\Doodads\Murloc\Sparkle.blp
1,patch-6.MPQ,World\Expansion06\Doodads\Murloc\7MU_MURLOC_MAP4.blp,m2-embedded-path,WORLD\EXPANSION06\DOODADS\MURLOC\7MU_MURLOC_HUT02.M2 | WORLD\EXPANSION06\DOODADS\MURLOC\7MU_MURLOC_HUT03.M2 | WORLD\EXPANSION06\DOODADS\MURLOC\7MU_MURLOC_TORCH01.M2 | WORLD\Expansion06\Doodads\Murloc\7MU_MURLOC_LOOT01.M2 | WORLD\Expansion06\Doodads\Murloc\7MU_MURLOC_LOOT02.M2 | WORLD\Expansion06\Doodads\Murloc\7MU_MURLOC_LOOT03.M2 | WORLD\Expansion06\Doodads\Murloc\7MU_MURLOC_LOOT04.M2 | WORLD\Expansion06\Doodads\Murloc\7MU_MURLOC_LOOT05.M2 | WORLD\Expansion06\Doodads\Murloc\7MU_MURLOC_LOOT06.M2 | WORLD\Expansion06\Doodads\Murloc\7MU_MURLOC_LOOT07.M2 | WORLD\Expansion06\Doodads\Murloc\7MU_MURLOC_LOOT_PILE01.M2 | WORLD\Expansion06\Doodads\Murloc\7MU_MURLOC_LOOT_PILE02.M2 | WORLD\Expansion06\Doodads\Murloc\7MU_MURLOC_LOOT_PILE03.M2,350724,2F2701A1A31BD927ED5E10925F26AA3A59948950,D:\Sirus\_client\World of Warcraft Sirus\Risen_Depths_Extract_2026-10-04\AssetClosure\ByArchive\patch-6.MPQ\World\Expansion06\Doodads\Murloc\7MU_MURLOC_MAP4.blp
1,patch-6.MPQ,World\Expansion06\Doodads\Murloc\Nex_EnvMap01t.blp,m2-embedded-path,WORLD\EXPANSION06\DOODADS\MURLOC\7MU_MURLOC_HUT02.M2 | WORLD\EXPANSION06\DOODADS\MURLOC\7MU_MURLOC_HUT03.M2 | WORLD\EXPANSION06\DOODADS\MURLOC\7MU_MURLOC_SHIPTOWER01.M2 | WORLD\EXPANSION06\DOODADS\MURLOC\7MU_MURLOC_SHIPTOWER02.M2 | WORLD\EXPANSION06\DOODADS\MURLOC\7MU_MURLOC_TORCH01.M2 | WORLD\Expansion06\Doodads\Murloc\7MU_MURLOC_LOOT01.M2 | WORLD\Expansion06\Doodads\Murloc\7MU_MURLOC_LOOT02.M2 | WORLD\Expansion06\Doodads\Murloc\7MU_MURLOC_LOOT03.M2 | WORLD\Expansion06\Doodads\Murloc\7MU_MURLOC_LOOT04.M2 | WORLD\Expansion06\Doodads\Murloc\7MU_MURLOC_LOOT05.M2 | WORLD\Expansion06\Doodads\Murloc\7MU_MURLOC_LOOT06.M2 | WORLD\Expansion06\Doodads\Murloc\7MU_MURLOC_LOOT07.M2 | WORLD\Expansion06\Doodads\Murloc\7MU_MURLOC_LOOT_PILE01.M2 | WORLD\Expansion06\Doodads\Murloc\7MU_MURLOC_LOOT_PILE02.M2 | WORLD\Expansion06\Doodads\Murloc\7MU_MURLOC_LOOT_PILE03.M2,44876,44561E534337CF39B9C4978F44A2C7F4313553A6,D:\Sirus\_client\World of Warcraft Sirus\Risen_Depths_Extract_2026-10-04\AssetClosure\ByArchive\patch-6.MPQ\World\Expansion06\Doodads\Murloc\Nex_EnvMap01t.blp
1,patch-6.MPQ,WORLD\EXPANSION06\DOODADS\MURLOC\7MU_MURLOC_HUT02_EMPTY00.skin,m2-skin-profile,WORLD\EXPANSION06\DOODADS\MURLOC\7MU_MURLOC_HUT02_EMPTY.M2,21536,F35913A054C12044D56CF95752A571D53D268BA1,D:\Sirus\_client\World of Warcraft Sirus\Risen_Depths_Extract_2026-10-04\AssetClosure\ByArchive\patch-6.MPQ\WORLD\EXPANSION06\DOODADS\MURLOC\7MU_MURLOC_HUT02_EMPTY00.skin
1,patch-6.MPQ,WORLD\EXPANSION06\DOODADS\MURLOC\7MU_MURLOC_HUT0300.skin,m2-skin-profile,WORLD\EXPANSION06\DOODADS\MURLOC\7MU_MURLOC_HUT03.M2,24104,2CF5DF3BC2584699E9B26241A2EDEF985D245690,D:\Sirus\_client\World of Warcraft Sirus\Risen_Depths_Extract_2026-10-04\AssetClosure\ByArchive\patch-6.MPQ\WORLD\EXPANSION06\DOODADS\MURLOC\7MU_MURLOC_HUT0300.skin
1,patch-6.MPQ,WORLD\EXPANSION06\DOODADS\MURLOC\7MU_MURLOC_JUNKPILE0100.skin,m2-skin-profile,WORLD\EXPANSION06\DOODADS\MURLOC\7MU_MURLOC_JUNKPILE01.M2,10816,A63467CAA11DB3BD2516CF19856BED2414AC22C4,D:\Sirus\_client\World of Warcraft Sirus\Risen_Depths_Extract_2026-10-04\AssetClosure\ByArchive\patch-6.MPQ\WORLD\EXPANSION06\DOODADS\MURLOC\7MU_MURLOC_JUNKPILE0100.skin
1,patch-6.MPQ,WORLD\EXPANSION06\DOODADS\MURLOC\7MU_MURLOC_JUNKPILE0200.skin,m2-skin-profile,WORLD\EXPANSION06\DOODADS\MURLOC\7MU_MURLOC_JUNKPILE02.M2,14416,DE035511F3627BA4622234C39CAD67CD6B1696D2,D:\Sirus\_client\World of Warcraft Sirus\Risen_Depths_Extract_2026-10-04\AssetClosure\ByArchive\patch-6.MPQ\WORLD\EXPANSION06\DOODADS\MURLOC\7MU_MURLOC_JUNKPILE0200.skin
1,patch-6.MPQ,WORLD\EXPANSION06\DOODADS\MURLOC\7MU_MURLOC_JUNKPILE0300.skin,m2-skin-profile,WORLD\EXPANSION06\DOODADS\MURLOC\7MU_MURLOC_JUNKPILE03.M2,13040,5DA0A9444E47A43974F8E34CACD7C8F3F04E3A3C,D:\Sirus\_client\World of Warcraft Sirus\Risen_Depths_Extract_2026-10-04\AssetClosure\ByArchive\patch-6.MPQ\WORLD\EXPANSION06\DOODADS\MURLOC\7MU_MURLOC_JUNKPILE0300.skin
1,patch-6.MPQ,WORLD\EXPANSION06\DOODADS\MURLOC\7MU_MURLOC_SHIPTOWER0100.skin,m2-skin-profile,WORLD\EXPANSION06\DOODADS\MURLOC\7MU_MURLOC_SHIPTOWER01.M2,33816,8C370E6B2A263BE1B1B2DC0AB0CA64CE8596B8A5,D:\Sirus\_client\World of Warcraft Sirus\Risen_Depths_Extract_2026-10-04\AssetClosure\ByArchive\patch-6.MPQ\WORLD\EXPANSION06\DOODADS\MURLOC\7MU_MURLOC_SHIPTOWER0100.skin
1,patch-6.MPQ,World\Expansion06\Doodads\Murloc\7SG_SEAGIANT_MAP14.blp,m2-embedded-path,WORLD\EXPANSION06\DOODADS\MURLOC\7MU_MURLOC_SHIPTOWER01.M2,88612,045B79E595A627FAF5ECC8E72C3A17087301E8D8,D:\Sirus\_client\World of Warcraft Sirus\Risen_Depths_Extract_2026-10-04\AssetClosure\ByArchive\patch-6.MPQ\World\Expansion06\Doodads\Murloc\7SG_SEAGIANT_MAP14.blp
1,patch-6.MPQ,World\Expansion06\Doodads\Murloc\6HU_SHIP01_ROPEMAP01.blp,m2-embedded-path,WORLD\EXPANSION06\DOODADS\MURLOC\7MU_MURLOC_SHIPTOWER01.M2 | WORLD\EXPANSION06\DOODADS\MURLOC\7MU_MURLOC_SHIPTOWER02.M2,23068,660486A651E17B2E972FA3C8BF46B6315F11D128,D:\Sirus\_client\World of Warcraft Sirus\Risen_Depths_Extract_2026-10-04\AssetClosure\ByArchive\patch-6.MPQ\World\Expansion06\Doodads\Murloc\6HU_SHIP01_ROPEMAP01.blp
1,patch-6.MPQ,World\Expansion06\Doodads\Murloc\7SG_SEAGIANT_MAP07.blp,m2-embedded-path,WORLD\EXPANSION06\DOODADS\MURLOC\7MU_MURLOC_SHIPTOWER01.M2 | WORLD\EXPANSION06\DOODADS\MURLOC\7MU_MURLOC_SHIPTOWER02.M2,350724,7FB2CABC03E1AB969F4D0F96B511618FC76A811E,D:\Sirus\_client\World of Warcraft Sirus\Risen_Depths_Extract_2026-10-04\AssetClosure\ByArchive\patch-6.MPQ\World\Expansion06\Doodads\Murloc\7SG_SEAGIANT_MAP07.blp
1,patch-6.MPQ,WORLD\EXPANSION06\DOODADS\MURLOC\7MU_MURLOC_SHIPTOWER0200.skin,m2-skin-profile,WORLD\EXPANSION06\DOODADS\MURLOC\7MU_MURLOC_SHIPTOWER02.M2,29416,BB9E177D1B5EFD9E17B036625F714F30C7E22AC4,D:\Sirus\_client\World of Warcraft Sirus\Risen_Depths_Extract_2026-10-04\AssetClosure\ByArchive\patch-6.MPQ\WORLD\EXPANSION06\DOODADS\MURLOC\7MU_MURLOC_SHIPTOWER0200.skin
1,patch-6.MPQ,WORLD\EXPANSION06\DOODADS\MURLOC\7MU_MURLOC_STANDARD0100.skin,m2-skin-profile,WORLD\EXPANSION06\DOODADS\MURLOC\7MU_MURLOC_STANDARD01.M2,6944,9BF40C2BAF91C3097465E8045D62B8EA55DDB50F,D:\Sirus\_client\World of Warcraft Sirus\Risen_Depths_Extract_2026-10-04\AssetClosure\ByArchive\patch-6.MPQ\WORLD\EXPANSION06\DOODADS\MURLOC\7MU_MURLOC_STANDARD0100.skin
1,patch-6.MPQ,World\Expansion06\Doodads\Murloc\7MU_MURLOC_Banner01.blp,m2-embedded-path,WORLD\EXPANSION06\DOODADS\MURLOC\7MU_MURLOC_STANDARD01.M2,350716,82B9DBDE9E7985D7AB60C815C1FC4B2A7D7D31AA,D:\Sirus\_client\World of Warcraft Sirus\Risen_Depths_Extract_2026-10-04\AssetClosure\ByArchive\patch-6.MPQ\World\Expansion06\Doodads\Murloc\7MU_MURLOC_Banner01.blp
1,patch-6.MPQ,WORLD\EXPANSION06\DOODADS\MURLOC\7MU_MURLOC_TOOL_HAMMER00.skin,m2-skin-profile,WORLD\EXPANSION06\DOODADS\MURLOC\7MU_MURLOC_TOOL_HAMMER.M2,3136,45D0924DE4A0B24A2D573A4268833B3DA2EA9729,D:\Sirus\_client\World of Warcraft Sirus\Risen_Depths_Extract_2026-10-04\AssetClosure\ByArchive\patch-6.MPQ\WORLD\EXPANSION06\DOODADS\MURLOC\7MU_MURLOC_TOOL_HAMMER00.skin
1,patch-6.MPQ,WORLD\EXPANSION06\DOODADS\MURLOC\7MU_MURLOC_TORCH0100.skin,m2-skin-profile,WORLD\EXPANSION06\DOODADS\MURLOC\7MU_MURLOC_TORCH01.M2,8920,ADF2EF84C53510AC3E35EB16D3042B594B6DBD28,D:\Sirus\_client\World of Warcraft Sirus\Risen_Depths_Extract_2026-10-04\AssetClosure\ByArchive\patch-6.MPQ\WORLD\EXPANSION06\DOODADS\MURLOC\7MU_MURLOC_TORCH0100.skin
1,patch-6.MPQ,World\Expansion06\Doodads\Murloc\GenericGlow_Alpha_128.blp,m2-embedded-path,WORLD\EXPANSION06\DOODADS\MURLOC\7MU_MURLOC_TORCH01.M2 | WORLD\EXPANSION06\DOODADS\MURLOC\7MU_MURLOC_TORCH02.M2,12108,72131A9F62D53E6E99C0D42D3E4D50D383714EB3,D:\Sirus\_client\World of Warcraft Sirus\Risen_Depths_Extract_2026-10-04\AssetClosure\ByArchive\patch-6.MPQ\World\Expansion06\Doodads\Murloc\GenericGlow_Alpha_128.blp
1,patch-6.MPQ,World\Expansion06\Doodads\Murloc\T_VFX_Fire_Anim_Stylized_Desat_02.blp,m2-embedded-path,WORLD\EXPANSION06\DOODADS\MURLOC\7MU_MURLOC_TORCH01.M2 | WORLD\EXPANSION06\DOODADS\MURLOC\7MU_MURLOC_TORCH02.M2,88580,A72EC0704F2BCF7DAC51A02B52F609407DCB4138,D:\Sirus\_client\World of Warcraft Sirus\Risen_Depths_Extract_2026-10-04\AssetClosure\ByArchive\patch-6.MPQ\World\Expansion06\Doodads\Murloc\T_VFX_Fire_Anim_Stylized_Desat_02.blp
1,patch-6.MPQ,World\Expansion06\Doodads\Murloc\Fire_Bright_Mod2x_A.blp,m2-embedded-path,WORLD\EXPANSION06\DOODADS\MURLOC\7MU_MURLOC_TORCH01.M2 | WORLD\EXPANSION06\DOODADS\MURLOC\7MU_MURLOC_TORCH02.M2,23044,80D3874B718B87EDAE0C3FE7508E599842EC2545,D:\Sirus\_client\World of Warcraft Sirus\Risen_Depths_Extract_2026-10-04\AssetClosure\ByArchive\patch-6.MPQ\World\Expansion06\Doodads\Murloc\Fire_Bright_Mod2x_A.blp
1,patch-6.MPQ,WORLD\EXPANSION06\DOODADS\MURLOC\7MU_MURLOC_TORCH0200.skin,m2-skin-profile,WORLD\EXPANSION06\DOODADS\MURLOC\7MU_MURLOC_TORCH02.M2,5456,797BC3291980233C67309BB03B7762F4D3B19A89,D:\Sirus\_client\World of Warcraft Sirus\Risen_Depths_Extract_2026-10-04\AssetClosure\ByArchive\patch-6.MPQ\WORLD\EXPANSION06\DOODADS\MURLOC\7MU_MURLOC_TORCH0200.skin
1,patch-6.MPQ,WORLD\EXPANSION06\DOODADS\MURLOC\7MU_MURLOC_WEAPONRACK0100.skin,m2-skin-profile,WORLD\EXPANSION06\DOODADS\MURLOC\7MU_MURLOC_WEAPONRACK01.M2,10464,9FA75E709672C0F978F054900FC146A42069C194,D:\Sirus\_client\World of Warcraft Sirus\Risen_Depths_Extract_2026-10-04\AssetClosure\ByArchive\patch-6.MPQ\WORLD\EXPANSION06\DOODADS\MURLOC\7MU_MURLOC_WEAPONRACK0100.skin
1,patch-6.MPQ,WORLD\EXPANSION06\DOODADS\MURLOC\7MU_MURLOC_WEAPONRACK0200.skin,m2-skin-profile,WORLD\EXPANSION06\DOODADS\MURLOC\7MU_MURLOC_WEAPONRACK02.M2,11504,A278F517803CE5F32D3549A5C9FAC329891DC436,D:\Sirus\_client\World of Warcraft Sirus\Risen_Depths_Extract_2026-10-04\AssetClosure\ByArchive\patch-6.MPQ\WORLD\EXPANSION06\DOODADS\MURLOC\7MU_MURLOC_WEAPONRACK0200.skin
1,patch-6.MPQ,WORLD\EXPANSION06\DOODADS\MURLOC\7MU_MURLOC_WEAPONRACK0300.skin,m2-skin-profile,WORLD\EXPANSION06\DOODADS\MURLOC\7MU_MURLOC_WEAPONRACK03.M2,12320,FFA3ACD1B03AE66C4155E8105C879673E472F788,D:\Sirus\_client\World of Warcraft Sirus\Risen_Depths_Extract_2026-10-04\AssetClosure\ByArchive\patch-6.MPQ\WORLD\EXPANSION06\DOODADS\MURLOC\7MU_MURLOC_WEAPONRACK0300.skin
1,patch-6.MPQ,WORLD\EXPANSION06\DOODADS\NAGA\7NG_NAGA_BANNER0100.skin,m2-skin-profile,WORLD\EXPANSION06\DOODADS\NAGA\7NG_NAGA_BANNER01.M2,6040,EDA0EFDE9F8A8F8258BCBDEE73391434EF15FB12,D:\Sirus\_client\World of Warcraft Sirus\Risen_Depths_Extract_2026-10-04\AssetClosure\ByArchive\patch-6.MPQ\WORLD\EXPANSION06\DOODADS\NAGA\7NG_NAGA_BANNER0100.skin
1,patch-6.MPQ,World\Expansion06\Doodads\Naga\7ng_banner_1.blp,m2-embedded-path,WORLD\EXPANSION06\DOODADS\NAGA\7NG_NAGA_BANNER01.M2,175972,520F1C7F58F9DD0D6CEEB5D40079F36185C2AB84,D:\Sirus\_client\World of Warcraft Sirus\Risen_Depths_Extract_2026-10-04\AssetClosure\ByArchive\patch-6.MPQ\World\Expansion06\Doodads\Naga\7ng_banner_1.blp
1,patch-6.MPQ,World\Expansion06\Doodads\Naga\ArmorReflect_Organic01.blp,m2-embedded-path,WORLD\EXPANSION06\DOODADS\NAGA\7NG_NAGA_BANNER01.M2,3916,2CECF7AE7FB81748D4783F85A160759C683BAF14,D:\Sirus\_client\World of Warcraft Sirus\Risen_Depths_Extract_2026-10-04\AssetClosure\ByArchive\patch-6.MPQ\World\Expansion06\Doodads\Naga\ArmorReflect_Organic01.blp
1,patch-6.MPQ,World\Expansion06\Doodads\Naga\naga_spec1.blp,m2-embedded-path,WORLD\EXPANSION06\DOODADS\NAGA\7NG_NAGA_BANNER01.M2,44876,42648D7367B08018BA679562482103FC3B97D406,D:\Sirus\_client\World of Warcraft Sirus\Risen_Depths_Extract_2026-10-04\AssetClosure\ByArchive\patch-6.MPQ\World\Expansion06\Doodads\Naga\naga_spec1.blp
1,patch-6.MPQ,WORLD\EXPANSION06\DOODADS\NAGA\7NG_NAGA_BARRICADE0100.skin,m2-skin-profile,WORLD\EXPANSION06\DOODADS\NAGA\7NG_NAGA_BARRICADE01.M2,8392,EBE095DB598A5BB4A8CAF756B3226AAE360CE3FA,D:\Sirus\_client\World of Warcraft Sirus\Risen_Depths_Extract_2026-10-04\AssetClosure\ByArchive\patch-6.MPQ\WORLD\EXPANSION06\DOODADS\NAGA\7NG_NAGA_BARRICADE0100.skin
1,patch-6.MPQ,World\Expansion06\Doodads\Naga\7ng_barricade.blp,m2-embedded-path,WORLD\EXPANSION06\DOODADS\NAGA\7NG_NAGA_BARRICADE01.M2 | WORLD\EXPANSION06\DOODADS\NAGA\7NG_NAGA_BARRICADE02.M2,88580,814625F49C685B26EF537C17A8437673E9AEA7E7,D:\Sirus\_client\World of Warcraft Sirus\Risen_Depths_Extract_2026-10-04\AssetClosure\ByArchive\patch-6.MPQ\World\Expansion06\Doodads\Naga\7ng_barricade.blp
1,patch-6.MPQ,World\Expansion06\Doodads\Naga\6dr_crystal_envspec.blp,m2-embedded-path,WORLD\EXPANSION06\DOODADS\NAGA\7NG_NAGA_BARRICADE01.M2 | WORLD\EXPANSION06\DOODADS\NAGA\7NG_NAGA_BARRICADE02.M2,44876,4107E6DB9405EC0E180CE7213D4A018A9889825D,D:\Sirus\_client\World of Warcraft Sirus\Risen_Depths_Extract_2026-10-04\AssetClosure\ByArchive\patch-6.MPQ\World\Expansion06\Doodads\Naga\6dr_crystal_envspec.blp
1,patch-6.MPQ,WORLD\EXPANSION06\DOODADS\NAGA\7NG_NAGA_BARRICADE0200.skin,m2-skin-profile,WORLD\EXPANSION06\DOODADS\NAGA\7NG_NAGA_BARRICADE02.M2,4408,869C13F0B66B95F0F9F8130E9AA2CFBF54F5DAE5,D:\Sirus\_client\World of Warcraft Sirus\Risen_Depths_Extract_2026-10-04\AssetClosure\ByArchive\patch-6.MPQ\WORLD\EXPANSION06\DOODADS\NAGA\7NG_NAGA_BARRICADE0200.skin
1,patch-6.MPQ,WORLD\EXPANSION06\DOODADS\NAGA\7NG_NAGA_CAGE00.skin,m2-skin-profile,WORLD\EXPANSION06\DOODADS\NAGA\7NG_NAGA_CAGE.M2,11224,18AECFDBEB197DDB60783E99AAB533E26D19A323,D:\Sirus\_client\World of Warcraft Sirus\Risen_Depths_Extract_2026-10-04\AssetClosure\ByArchive\patch-6.MPQ\WORLD\EXPANSION06\DOODADS\NAGA\7NG_NAGA_CAGE00.skin
1,patch-6.MPQ,World\Expansion06\Doodads\Naga\7ng_incubator.blp,m2-embedded-path,WORLD\EXPANSION06\DOODADS\NAGA\7NG_NAGA_CAGE.M2 | WORLD\EXPANSION06\DOODADS\NAGA\7NG_NAGA_CANNON.M2 | WORLD\EXPANSION06\DOODADS\NAGA\7NG_NAGA_HARPOON.M2,350724,538C4F75E3079E2C763E777CF619DF3292E9CA88,D:\Sirus\_client\World of Warcraft Sirus\Risen_Depths_Extract_2026-10-04\AssetClosure\ByArchive\patch-6.MPQ\World\Expansion06\Doodads\Naga\7ng_incubator.blp
1,patch-6.MPQ,World\Expansion06\Doodads\Naga\Nex_EnvMap01t.blp,m2-embedded-path,WORLD\EXPANSION06\DOODADS\NAGA\7NG_NAGA_CAGE.M2,44876,44561E534337CF39B9C4978F44A2C7F4313553A6,D:\Sirus\_client\World of Warcraft Sirus\Risen_Depths_Extract_2026-10-04\AssetClosure\ByArchive\patch-6.MPQ\World\Expansion06\Doodads\Naga\Nex_EnvMap01t.blp
1,patch-6.MPQ,WORLD\EXPANSION06\DOODADS\NAGA\7NG_NAGA_CANNON00.skin,m2-skin-profile,WORLD\EXPANSION06\DOODADS\NAGA\7NG_NAGA_CANNON.M2,54648,A13586E1031ACF8249137C365D5D6F867FE78796,D:\Sirus\_client\World of Warcraft Sirus\Risen_Depths_Extract_2026-10-04\AssetClosure\ByArchive\patch-6.MPQ\WORLD\EXPANSION06\DOODADS\NAGA\7NG_NAGA_CANNON00.skin
1,patch-6.MPQ,WORLD\EXPANSION06\DOODADS\NAGA\7NG_NAGA_CANNON01.skin,m2-skin-profile,WORLD\EXPANSION06\DOODADS\NAGA\7NG_NAGA_CANNON.M2,54648,2844BEE2221B4704130EAEBF4A1A99518CC6036A,D:\Sirus\_client\World of Warcraft Sirus\Risen_Depths_Extract_2026-10-04\AssetClosure\ByArchive\patch-6.MPQ\WORLD\EXPANSION06\DOODADS\NAGA\7NG_NAGA_CANNON01.skin
1,patch-6.MPQ,World\Expansion06\Doodads\Naga\ChromeReflect.blp,m2-embedded-path,WORLD\EXPANSION06\DOODADS\NAGA\7NG_NAGA_CANNON.M2 | WORLD\EXPANSION06\DOODADS\NAGA\7NG_NAGA_HARPOON.M2,3916,C6791EC6D51F858DE2BC4D34C4DB687414C65FAE,D:\Sirus\_client\World of Warcraft Sirus\Risen_Depths_Extract_2026-10-04\AssetClosure\ByArchive\patch-6.MPQ\World\Expansion06\Doodads\Naga\ChromeReflect.blp
1,patch-6.MPQ,World\Expansion06\Doodads\Naga\OrbReflectBright_Gold.blp,m2-embedded-path,WORLD\EXPANSION06\DOODADS\NAGA\7NG_NAGA_CANNON.M2 | WORLD\EXPANSION06\DOODADS\NAGA\7NG_NAGA_INCUBATOR.M2,1868,28D701BAEDEFD48871C3F7AC32DB359F6A7A0480,D:\Sirus\_client\World of Warcraft Sirus\Risen_Depths_Extract_2026-10-04\AssetClosure\ByArchive\patch-6.MPQ\World\Expansion06\Doodads\Naga\OrbReflectBright_Gold.blp
1,patch-6.MPQ,World\Expansion06\Doodads\Naga\GlowBall.blp,m2-embedded-path,WORLD\EXPANSION06\DOODADS\NAGA\7NG_NAGA_CANNON.M2,1540,E7C5F5B7A024A3DE3A2D7B55D51E3DF4BD5BB80A,D:\Sirus\_client\World of Warcraft Sirus\Risen_Depths_Extract_2026-10-04\AssetClosure\ByArchive\patch-6.MPQ\World\Expansion06\Doodads\Naga\GlowBall.blp
1,patch-6.MPQ,World\Expansion06\Doodads\Naga\SpittlePurple.blp,m2-embedded-path,WORLD\EXPANSION06\DOODADS\NAGA\7NG_NAGA_CANNON.M2,2564,84271F6C54CFD13116C6C81EE9ED67AA99725B26,D:\Sirus\_client\World of Warcraft Sirus\Risen_Depths_Extract_2026-10-04\AssetClosure\ByArchive\patch-6.MPQ\World\Expansion06\Doodads\Naga\SpittlePurple.blp
1,patch-6.MPQ,World\Expansion06\Doodads\Naga\Smoke_Puffy_Mask.blp,m2-embedded-path,WORLD\EXPANSION06\DOODADS\NAGA\7NG_NAGA_CANNON.M2,88580,30917CFC2D1E78F5BBCCE68B9D1FCCEFE258A34D,D:\Sirus\_client\World of Warcraft Sirus\Risen_Depths_Extract_2026-10-04\AssetClosure\ByArchive\patch-6.MPQ\World\Expansion06\Doodads\Naga\Smoke_Puffy_Mask.blp
1,patch-6.MPQ,World\Expansion06\Doodads\Naga\Cloud_Puffy_Mod.blp,m2-embedded-path,WORLD\EXPANSION06\DOODADS\NAGA\7NG_NAGA_CANNON.M2,350724,7958D5C2DAAF655E3F6AB09E09AB7572A31FB534,D:\Sirus\_client\World of Warcraft Sirus\Risen_Depths_Extract_2026-10-04\AssetClosure\ByArchive\patch-6.MPQ\World\Expansion06\Doodads\Naga\Cloud_Puffy_Mod.blp
1,patch-6.MPQ,WORLD\EXPANSION06\DOODADS\NAGA\7NG_NAGA_CHESTLARGE_OPEN0100.skin,m2-skin-profile,WORLD\EXPANSION06\DOODADS\NAGA\7NG_NAGA_CHESTLARGE_OPEN01.M2,22696,26AA5BD784F9AEB0954D6046BED539B2D1B73319,D:\Sirus\_client\World of Warcraft Sirus\Risen_Depths_Extract_2026-10-04\AssetClosure\ByArchive\patch-6.MPQ\WORLD\EXPANSION06\DOODADS\NAGA\7NG_NAGA_CHESTLARGE_OPEN0100.skin
1,patch-6.MPQ,World\Expansion06\Doodads\Naga\7ng_naga_weaponcrate01.blp,m2-embedded-path,WORLD\EXPANSION06\DOODADS\NAGA\7NG_NAGA_CHESTLARGE_OPEN01.M2 | WORLD\EXPANSION06\DOODADS\NAGA\7NG_NAGA_CHESTSMALL_CLOSED01.M2 | WORLD\EXPANSION06\DOODADS\NAGA\7NG_NAGA_CHESTSMALL_OPEN01.M2 | WORLD\EXPANSION06\DOODADS\NAGA\7NG_NAGA_SUPPLIES01.M2 | WORLD\EXPANSION06\DOODADS\NAGA\7NG_NAGA_SUPPLIES02.M2 | WORLD\EXPANSION06\DOODADS\NAGA\7NG_NAGA_SUPPLIES03.M2 | WORLD\EXPANSION06\DOODADS\NAGA\7NG_NAGA_WEAPONCRATE_CLOSED01.M2,350724,9A36FFC56B29A1CA0F5E2B7C692F9391150E7678,D:\Sirus\_client\World of Warcraft Sirus\Risen_Depths_Extract_2026-10-04\AssetClosure\ByArchive\patch-6.MPQ\World\Expansion06\Doodads\Naga\7ng_naga_weaponcrate01.blp
1,patch-6.MPQ,World\Expansion06\Doodads\Naga\polearm_2h_7ng_naga01.blp,m2-embedded-path,WORLD\EXPANSION06\DOODADS\NAGA\7NG_NAGA_CHESTLARGE_OPEN01.M2 | WORLD\EXPANSION06\DOODADS\NAGA\7NG_NAGA_TRIDENT.M2 | WORLD\Expansion06\Doodads\Naga\7NG_NAGA_GLAIVE.M2 | WORLD\Expansion06\Doodads\Naga\7NG_NAGA_TRIDENT02.M2,88580,ED73E5329C9094D5486485031E3A2E2F027889C1,D:\Sirus\_client\World of Warcraft Sirus\Risen_Depths_Extract_2026-10-04\AssetClosure\ByArchive\patch-6.MPQ\World\Expansion06\Doodads\Naga\polearm_2h_7ng_naga01.blp
1,patch-6.MPQ,World\Expansion06\Doodads\Naga\OrbReflectBright.blp,m2-embedded-path,WORLD\EXPANSION06\DOODADS\NAGA\7NG_NAGA_CHESTLARGE_OPEN01.M2 | WORLD\EXPANSION06\DOODADS\NAGA\7NG_NAGA_JAR01.M2 | WORLD\EXPANSION06\DOODADS\NAGA\7NG_NAGA_SUPPLIES01.M2 | WORLD\EXPANSION06\DOODADS\NAGA\7NG_NAGA_SUPPLIES02.M2 | WORLD\EXPANSION06\DOODADS\NAGA\7NG_NAGA_SUPPLIES03.M2 | WORLD\EXPANSION06\DOODADS\NAGA\7NG_NAGA_TRIDENT.M2 | WORLD\EXPANSION06\DOODADS\NAGA\7NG_NAGA_VASE.M2 | WORLD\EXPANSION06\DOODADS\NAGA\7NG_NAGA_WEAPONRACK01.M2 | WORLD\EXPANSION06\DOODADS\NAGA\7NG_NAGA_WEAPONRACK02.M2 | WORLD\Expansion06\Doodads\Naga\7NG_NAGA_GLAIVE.M2 | WORLD\Expansion06\Doodads\Naga\7NG_NAGA_SHIELD.M2 | WORLD\Expansion06\Doodads\Naga\7NG_NAGA_TRIDENT02.M2 | WORLD\Expansion06\Doodads\Naga\7NG_NAGA_WEAPONRACK03EMPTY.M2,1868,07BEB5786BB6F9F714E7698814629D15E4EB020F,D:\Sirus\_client\World of Warcraft Sirus\Risen_Depths_Extract_2026-10-04\AssetClosure\ByArchive\patch-6.MPQ\World\Expansion06\Doodads\Naga\OrbReflectBright.blp
1,patch-6.MPQ,WORLD\EXPANSION06\DOODADS\NAGA\7NG_NAGA_CHESTSMALL_CLOSED0100.skin,m2-skin-profile,WORLD\EXPANSION06\DOODADS\NAGA\7NG_NAGA_CHESTSMALL_CLOSED01.M2,7792,37B107451EDC40D4B7A57067ABF733F469764CB5,D:\Sirus\_client\World of Warcraft Sirus\Risen_Depths_Extract_2026-10-04\AssetClosure\ByArchive\patch-6.MPQ\WORLD\EXPANSION06\DOODADS\NAGA\7NG_NAGA_CHESTSMALL_CLOSED0100.skin
1,patch-6.MPQ,WORLD\EXPANSION06\DOODADS\NAGA\7NG_NAGA_CHESTSMALL_OPEN0100.skin,m2-skin-profile,WORLD\EXPANSION06\DOODADS\NAGA\7NG_NAGA_CHESTSMALL_OPEN01.M2,7792,9CB7CECB63EAB7A951A4D31F5554882739AA9DE5,D:\Sirus\_client\World of Warcraft Sirus\Risen_Depths_Extract_2026-10-04\AssetClosure\ByArchive\patch-6.MPQ\WORLD\EXPANSION06\DOODADS\NAGA\7NG_NAGA_CHESTSMALL_OPEN0100.skin
1,patch-6.MPQ,WORLD\EXPANSION06\DOODADS\NAGA\7NG_NAGA_HARPOON00.skin,m2-skin-profile,WORLD\EXPANSION06\DOODADS\NAGA\7NG_NAGA_HARPOON.M2,3480,6C0F07927C45CCB5713366C52CF4D391F71E9CE6,D:\Sirus\_client\World of Warcraft Sirus\Risen_Depths_Extract_2026-10-04\AssetClosure\ByArchive\patch-6.MPQ\WORLD\EXPANSION06\DOODADS\NAGA\7NG_NAGA_HARPOON00.skin
1,patch-6.MPQ,WORLD\EXPANSION06\DOODADS\NAGA\7NG_NAGA_INCUBATOR00.skin,m2-skin-profile,WORLD\EXPANSION06\DOODADS\NAGA\7NG_NAGA_INCUBATOR.M2,38136,66E7A05296ADB961B90ABECCA9D2FE0D833E4190,D:\Sirus\_client\World of Warcraft Sirus\Risen_Depths_Extract_2026-10-04\AssetClosure\ByArchive\patch-6.MPQ\WORLD\EXPANSION06\DOODADS\NAGA\7NG_NAGA_INCUBATOR00.skin
1,patch-6.MPQ,World\Expansion06\Doodads\Naga\7ng_egger.blp,m2-embedded-path,WORLD\EXPANSION06\DOODADS\NAGA\7NG_NAGA_INCUBATOR.M2,350724,6D221F4C034C27C9A11ECCCF1895DFFFC8D9716B,D:\Sirus\_client\World of Warcraft Sirus\Risen_Depths_Extract_2026-10-04\AssetClosure\ByArchive\patch-6.MPQ\World\Expansion06\Doodads\Naga\7ng_egger.blp
1,patch-6.MPQ,World\Expansion06\Doodads\Naga\OrbReflectDark_reverse.blp,m2-embedded-path,WORLD\EXPANSION06\DOODADS\NAGA\7NG_NAGA_INCUBATOR.M2,12108,F6B60A4310BB16E84724973031A227F95E473AE9,D:\Sirus\_client\World of Warcraft Sirus\Risen_Depths_Extract_2026-10-04\AssetClosure\ByArchive\patch-6.MPQ\World\Expansion06\Doodads\Naga\OrbReflectDark_reverse.blp
1,patch-6.MPQ,World\Expansion06\Doodads\Naga\Bullet.blp,m2-embedded-path,WORLD\EXPANSION06\DOODADS\NAGA\7NG_NAGA_INCUBATOR.M2,6660,4811A3FF02305005B961B546C710135876D3A674,D:\Sirus\_client\World of Warcraft Sirus\Risen_Depths_Extract_2026-10-04\AssetClosure\ByArchive\patch-6.MPQ\World\Expansion06\Doodads\Naga\Bullet.blp
1,patch-6.MPQ,World\Expansion06\Doodads\Naga\watersplashies2.blp,m2-embedded-path,WORLD\EXPANSION06\DOODADS\NAGA\7NG_NAGA_INCUBATOR.M2 | WORLD\EXPANSION06\DOODADS\NAGA\7NG_NAGA_TORCH01_LIGHT.M2,88580,58977AE0210C1BDAB1CD2CE09C6CD1197D27DD8F,D:\Sirus\_client\World of Warcraft Sirus\Risen_Depths_Extract_2026-10-04\AssetClosure\ByArchive\patch-6.MPQ\World\Expansion06\Doodads\Naga\watersplashies2.blp
1,patch-6.MPQ,World\Expansion06\Doodads\Naga\Caustic_Blue2.blp,m2-embedded-path,WORLD\EXPANSION06\DOODADS\NAGA\7NG_NAGA_INCUBATOR.M2 | WORLD\EXPANSION06\DOODADS\NAGA\7NG_NAGA_TORCH01_LIGHT.M2,88580,C246431F4F88028DF667EE3A017774A473B81469,D:\Sirus\_client\World of Warcraft Sirus\Risen_Depths_Extract_2026-10-04\AssetClosure\ByArchive\patch-6.MPQ\World\Expansion06\Doodads\Naga\Caustic_Blue2.blp
1,patch-6.MPQ,World\Expansion06\Doodads\Naga\Caustic_MedFreq_Holy.blp,m2-embedded-path,WORLD\EXPANSION06\DOODADS\NAGA\7NG_NAGA_INCUBATOR.M2 | WORLD\EXPANSION06\DOODADS\NAGA\7NG_NAGA_TORCH01_LIGHT.M2,88580,2A3BDE35CB3E19C0CC244963B777AC6A2A069E89,D:\Sirus\_client\World of Warcraft Sirus\Risen_Depths_Extract_2026-10-04\AssetClosure\ByArchive\patch-6.MPQ\World\Expansion06\Doodads\Naga\Caustic_MedFreq_Holy.blp
1,patch-6.MPQ,World\Expansion06\Doodads\Naga\glass_shard_a.blp,m2-embedded-path,WORLD\EXPANSION06\DOODADS\NAGA\7NG_NAGA_INCUBATOR.M2,44876,3001B2363EAF37BDE1F3B1F6E9198FFC118BAEEF,D:\Sirus\_client\World of Warcraft Sirus\Risen_Depths_Extract_2026-10-04\AssetClosure\ByArchive\patch-6.MPQ\World\Expansion06\Doodads\Naga\glass_shard_a.blp
1,patch-6.MPQ,World\Expansion06\Doodads\Naga\Caustic_Blue.blp,m2-embedded-path,WORLD\EXPANSION06\DOODADS\NAGA\7NG_NAGA_INCUBATOR.M2,88580,62FB5E89CD703438591787BE7F48ABFEE16E6A7E,D:\Sirus\_client\World of Warcraft Sirus\Risen_Depths_Extract_2026-10-04\AssetClosure\ByArchive\patch-6.MPQ\World\Expansion06\Doodads\Naga\Caustic_Blue.blp
1,patch-6.MPQ,WORLD\EXPANSION06\DOODADS\NAGA\7NG_NAGA_JAR0100.skin,m2-skin-profile,WORLD\EXPANSION06\DOODADS\NAGA\7NG_NAGA_JAR01.M2,2392,6E102A04D309A7C8E297ED4443788145597B39FE,D:\Sirus\_client\World of Warcraft Sirus\Risen_Depths_Extract_2026-10-04\AssetClosure\ByArchive\patch-6.MPQ\WORLD\EXPANSION06\DOODADS\NAGA\7NG_NAGA_JAR0100.skin
1,patch-6.MPQ,World\Expansion06\Doodads\Naga\7ng_jar_1.blp,m2-embedded-path,WORLD\EXPANSION06\DOODADS\NAGA\7NG_NAGA_JAR01.M2 | WORLD\EXPANSION06\DOODADS\NAGA\7NG_NAGA_SUPPLIES01.M2 | WORLD\EXPANSION06\DOODADS\NAGA\7NG_NAGA_SUPPLIES02.M2 | WORLD\EXPANSION06\DOODADS\NAGA\7NG_NAGA_SUPPLIES03.M2 | WORLD\EXPANSION06\DOODADS\NAGA\7NG_NAGA_VASE.M2,88580,E5F5C0975678CC43CF835BB1F2757A21DC4CE343,D:\Sirus\_client\World of Warcraft Sirus\Risen_Depths_Extract_2026-10-04\AssetClosure\ByArchive\patch-6.MPQ\World\Expansion06\Doodads\Naga\7ng_jar_1.blp
1,patch-6.MPQ,WORLD\EXPANSION06\DOODADS\NAGA\7NG_NAGA_NAUGILUS0100.skin,m2-skin-profile,WORLD\EXPANSION06\DOODADS\NAGA\7NG_NAGA_NAUGILUS01.M2,9648,D60447F008217E3B8AFA9EBCAD43C353ED5E7295,D:\Sirus\_client\World of Warcraft Sirus\Risen_Depths_Extract_2026-10-04\AssetClosure\ByArchive\patch-6.MPQ\WORLD\EXPANSION06\DOODADS\NAGA\7NG_NAGA_NAUGILUS0100.skin
1,patch-6.MPQ,World\Expansion06\Doodads\Naga\7NG_Naga_Naugilus01.blp,m2-embedded-path,WORLD\EXPANSION06\DOODADS\NAGA\7NG_NAGA_NAUGILUS01.M2,700236,44A536DD02D2B34ED8002F4223787203A87ADC72,D:\Sirus\_client\World of Warcraft Sirus\Risen_Depths_Extract_2026-10-04\AssetClosure\ByArchive\patch-6.MPQ\World\Expansion06\Doodads\Naga\7NG_Naga_Naugilus01.blp
1,patch-6.MPQ,WORLD\EXPANSION06\DOODADS\NAGA\7NG_NAGA_SHELL00.skin,m2-skin-profile,WORLD\EXPANSION06\DOODADS\NAGA\7NG_NAGA_SHELL.M2,5968,775C1AFE428F751DC9741555D2C14A6772123CBA,D:\Sirus\_client\World of Warcraft Sirus\Risen_Depths_Extract_2026-10-04\AssetClosure\ByArchive\patch-6.MPQ\WORLD\EXPANSION06\DOODADS\NAGA\7NG_NAGA_SHELL00.skin
1,patch-6.MPQ,World\Expansion06\Doodads\Naga\7NG_Naga_Shell.blp,m2-embedded-path,WORLD\EXPANSION06\DOODADS\NAGA\7NG_NAGA_SHELL.M2,175948,A155670A93055047223022F95E07CA13BF5FD6A6,D:\Sirus\_client\World of Warcraft Sirus\Risen_Depths_Extract_2026-10-04\AssetClosure\ByArchive\patch-6.MPQ\World\Expansion06\Doodads\Naga\7NG_Naga_Shell.blp
1,patch-6.MPQ,WORLD\EXPANSION06\DOODADS\NAGA\7NG_NAGA_SUPPLIES0100.skin,m2-skin-profile,WORLD\EXPANSION06\DOODADS\NAGA\7NG_NAGA_SUPPLIES01.M2,32496,720EE8E1667B5E2FE349D86FF0672BE3D0E4B926,D:\Sirus\_client\World of Warcraft Sirus\Risen_Depths_Extract_2026-10-04\AssetClosure\ByArchive\patch-6.MPQ\WORLD\EXPANSION06\DOODADS\NAGA\7NG_NAGA_SUPPLIES0100.skin
1,patch-6.MPQ,world\expansion06\doodads\naga\7ng_weaponracks.blp,m2-embedded-path,WORLD\EXPANSION06\DOODADS\NAGA\7NG_NAGA_SUPPLIES01.M2 | WORLD\EXPANSION06\DOODADS\NAGA\7NG_NAGA_SUPPLIES02.M2 | WORLD\EXPANSION06\DOODADS\NAGA\7NG_NAGA_SUPPLIES03.M2 | WORLD\EXPANSION06\DOODADS\NAGA\7NG_NAGA_WEAPONRACK01.M2 | WORLD\EXPANSION06\DOODADS\NAGA\7NG_NAGA_WEAPONRACK02.M2 | WORLD\Expansion06\Doodads\Naga\7NG_NAGA_WEAPONRACK03EMPTY.M2,175972,9D856FBE90CAD68FD6310690E82245F0656200C1,D:\Sirus\_client\World of Warcraft Sirus\Risen_Depths_Extract_2026-10-04\AssetClosure\ByArchive\patch-6.MPQ\world\expansion06\doodads\naga\7ng_weaponracks.blp
1,patch-6.MPQ,WORLD\EXPANSION06\DOODADS\NAGA\7NG_NAGA_SUPPLIES0200.skin,m2-skin-profile,WORLD\EXPANSION06\DOODADS\NAGA\7NG_NAGA_SUPPLIES02.M2,44528,64F180724B455F2673885B40F291075E5D806C07,D:\Sirus\_client\World of Warcraft Sirus\Risen_Depths_Extract_2026-10-04\AssetClosure\ByArchive\patch-6.MPQ\WORLD\EXPANSION06\DOODADS\NAGA\7NG_NAGA_SUPPLIES0200.skin
1,patch-6.MPQ,WORLD\EXPANSION06\DOODADS\NAGA\7NG_NAGA_SUPPLIES0300.skin,m2-skin-profile,WORLD\EXPANSION06\DOODADS\NAGA\7NG_NAGA_SUPPLIES03.M2,116832,093BE59A56C11ED6B1593EADB516F15DE81BEAAF,D:\Sirus\_client\World of Warcraft Sirus\Risen_Depths_Extract_2026-10-04\AssetClosure\ByArchive\patch-6.MPQ\WORLD\EXPANSION06\DOODADS\NAGA\7NG_NAGA_SUPPLIES0300.skin
1,patch-6.MPQ,WORLD\EXPANSION06\DOODADS\NAGA\7NG_NAGA_TORCH01_LIGHT00.skin,m2-skin-profile,WORLD\EXPANSION06\DOODADS\NAGA\7NG_NAGA_TORCH01_LIGHT.M2,2808,169A58AA7F671E45B74BE6A3616D652C6AF7B7D2,D:\Sirus\_client\World of Warcraft Sirus\Risen_Depths_Extract_2026-10-04\AssetClosure\ByArchive\patch-6.MPQ\WORLD\EXPANSION06\DOODADS\NAGA\7NG_NAGA_TORCH01_LIGHT00.skin
1,patch-6.MPQ,World\Expansion06\Doodads\Naga\7ng_naga_torch01.blp,m2-embedded-path,WORLD\EXPANSION06\DOODADS\NAGA\7NG_NAGA_TORCH01_LIGHT.M2,88580,D963DC1CE994B1E8FE737B2CC3852787D9C288FD,D:\Sirus\_client\World of Warcraft Sirus\Risen_Depths_Extract_2026-10-04\AssetClosure\ByArchive\patch-6.MPQ\World\Expansion06\Doodads\Naga\7ng_naga_torch01.blp
1,patch-6.MPQ,World\Expansion06\Doodads\Naga\smoothreflect01.blp,m2-embedded-path,WORLD\EXPANSION06\DOODADS\NAGA\7NG_NAGA_TORCH01_LIGHT.M2,3916,7E1654C36273B86A67CFBC5F8750C54A2518EE42,D:\Sirus\_client\World of Warcraft Sirus\Risen_Depths_Extract_2026-10-04\AssetClosure\ByArchive\patch-6.MPQ\World\Expansion06\Doodads\Naga\smoothreflect01.blp
1,patch-6.MPQ,World\Expansion06\Doodads\Naga\GenericGlow_Alpha_128.blp,m2-embedded-path,WORLD\EXPANSION06\DOODADS\NAGA\7NG_NAGA_TORCH01_LIGHT.M2,12108,72131A9F62D53E6E99C0D42D3E4D50D383714EB3,D:\Sirus\_client\World of Warcraft Sirus\Risen_Depths_Extract_2026-10-04\AssetClosure\ByArchive\patch-6.MPQ\World\Expansion06\Doodads\Naga\GenericGlow_Alpha_128.blp
1,patch-6.MPQ,WORLD\EXPANSION06\DOODADS\NAGA\7NG_NAGA_TRIDENT00.skin,m2-skin-profile,WORLD\EXPANSION06\DOODADS\NAGA\7NG_NAGA_TRIDENT.M2,2760,71788EE75E8B88DEBCFC8ABF9F6764C504EFCB0E,D:\Sirus\_client\World of Warcraft Sirus\Risen_Depths_Extract_2026-10-04\AssetClosure\ByArchive\patch-6.MPQ\WORLD\EXPANSION06\DOODADS\NAGA\7NG_NAGA_TRIDENT00.skin
1,patch-6.MPQ,WORLD\EXPANSION06\DOODADS\NAGA\7NG_NAGA_VASE00.skin,m2-skin-profile,WORLD\EXPANSION06\DOODADS\NAGA\7NG_NAGA_VASE.M2,2392,1A64255EEF77E4F43F3804C3F9FB096C83B261ED,D:\Sirus\_client\World of Warcraft Sirus\Risen_Depths_Extract_2026-10-04\AssetClosure\ByArchive\patch-6.MPQ\WORLD\EXPANSION06\DOODADS\NAGA\7NG_NAGA_VASE00.skin
1,patch-6.MPQ,WORLD\EXPANSION06\DOODADS\NAGA\7NG_NAGA_WEAPONCRATE_CLOSED0100.skin,m2-skin-profile,WORLD\EXPANSION06\DOODADS\NAGA\7NG_NAGA_WEAPONCRATE_CLOSED01.M2,7504,459F78EC86EA0D48CEAC289E08FE80B3FEDC5837,D:\Sirus\_client\World of Warcraft Sirus\Risen_Depths_Extract_2026-10-04\AssetClosure\ByArchive\patch-6.MPQ\WORLD\EXPANSION06\DOODADS\NAGA\7NG_NAGA_WEAPONCRATE_CLOSED0100.skin
1,patch-6.MPQ,WORLD\EXPANSION06\DOODADS\NAGA\7NG_NAGA_WEAPONRACK0100.skin,m2-skin-profile,WORLD\EXPANSION06\DOODADS\NAGA\7NG_NAGA_WEAPONRACK01.M2,24552,B85A3628F24C7155F6169921F90F8FDDE9709270,D:\Sirus\_client\World of Warcraft Sirus\Risen_Depths_Extract_2026-10-04\AssetClosure\ByArchive\patch-6.MPQ\WORLD\EXPANSION06\DOODADS\NAGA\7NG_NAGA_WEAPONRACK0100.skin
1,patch-6.MPQ,WORLD\EXPANSION06\DOODADS\NAGA\7NG_NAGA_WEAPONRACK0200.skin,m2-skin-profile,WORLD\EXPANSION06\DOODADS\NAGA\7NG_NAGA_WEAPONRACK02.M2,26808,98EA6F5689124505405B16908F9A9EA6FACC0663,D:\Sirus\_client\World of Warcraft Sirus\Risen_Depths_Extract_2026-10-04\AssetClosure\ByArchive\patch-6.MPQ\WORLD\EXPANSION06\DOODADS\NAGA\7NG_NAGA_WEAPONRACK0200.skin
1,patch-6.MPQ,WORLD\EXPANSION06\DOODADS\SEAGIANT\7SG_SEAGIANT_ANCHOR0100.skin,m2-skin-profile,WORLD\EXPANSION06\DOODADS\SEAGIANT\7SG_SEAGIANT_ANCHOR01.M2,3240,7B78927AB0DABB2240C0F083878DDCD1571721A9,D:\Sirus\_client\World of Warcraft Sirus\Risen_Depths_Extract_2026-10-04\AssetClosure\ByArchive\patch-6.MPQ\WORLD\EXPANSION06\DOODADS\SEAGIANT\7SG_SEAGIANT_ANCHOR0100.skin
1,patch-6.MPQ,World\Expansion06\Doodads\SeaGiant\7SG_SEAGIANT_MAP02.blp,m2-embedded-path,WORLD\EXPANSION06\DOODADS\SEAGIANT\7SG_SEAGIANT_ANCHOR01.M2 | WORLD\EXPANSION06\DOODADS\SEAGIANT\7SG_SEAGIANT_WEAPONRACK02.M2,175972,9B5A75FC8039726C2F87A467F0F8256A313CCDF4,D:\Sirus\_client\World of Warcraft Sirus\Risen_Depths_Extract_2026-10-04\AssetClosure\ByArchive\patch-6.MPQ\World\Expansion06\Doodads\SeaGiant\7SG_SEAGIANT_MAP02.blp
1,patch-6.MPQ,World\Expansion06\Doodads\SeaGiant\Nex_EnvMap01t.blp,m2-embedded-path,WORLD\EXPANSION06\DOODADS\SEAGIANT\7SG_SEAGIANT_ANCHOR01.M2 | WORLD\EXPANSION06\DOODADS\SEAGIANT\7SG_SEAGIANT_ANCHOR_LAMP02.M2 | WORLD\EXPANSION06\DOODADS\SEAGIANT\7SG_SEAGIANT_ANCHOR_LAMP03.M2 | WORLD\EXPANSION06\DOODADS\SEAGIANT\7SG_SEAGIANT_BROKENMAST01.M2 | WORLD\EXPANSION06\DOODADS\SEAGIANT\7SG_SEAGIANT_BROKENMAST02.M2 | WORLD\EXPANSION06\DOODADS\SEAGIANT\7SG_SEAGIANT_BROKENMAST03.M2 | WORLD\EXPANSION06\DOODADS\SEAGIANT\7SG_SEAGIANT_BROKENMAST04.M2 | WORLD\EXPANSION06\DOODADS\SEAGIANT\7SG_SEAGIANT_BROKENMAST05.M2 | WORLD\EXPANSION06\DOODADS\SEAGIANT\7SG_SEAGIANT_MASTTORCH03.M2 | WORLD\EXPANSION06\DOODADS\SEAGIANT\7SG_SEAGIANT_SHIPLANTERN01_HANGING01.M2 | WORLD\EXPANSION06\DOODADS\SEAGIANT\7SG_SEAGIANT_SHIPLANTERN01_UNLIT.M2 | WORLD\EXPANSION06\DOODADS\SEAGIANT\7SG_SEAGIANT_SHIPLANTERN02_UNLIT.M2 | WORLD\EXPANSION06\DOODADS\SEAGIANT\7SG_SEAGIANT_SLAVEWEAPONS01.M2 | WORLD\EXPANSION06\DOODADS\SEAGIANT\7SG_SEAGIANT_WEAPON01.M2 | WORLD\EXPANSION06\DOODADS\SEAGIANT\7SG_SEAGIANT_WEAPON02.M2 | WORLD\EXPANSION06\DOODADS\SEAGIANT\7SG_SEAGIANT_WEAPON03.M2 | WORLD\EXPANSION06\DOODADS\SEAGIANT\7SG_SEAGIANT_WEAPONRACK01.M2 | WORLD\EXPANSION06\DOODADS\SEAGIANT\7SG_SEAGIANT_WEAPONRACK02.M2,44876,44561E534337CF39B9C4978F44A2C7F4313553A6,D:\Sirus\_client\World of Warcraft Sirus\Risen_Depths_Extract_2026-10-04\AssetClosure\ByArchive\patch-6.MPQ\World\Expansion06\Doodads\SeaGiant\Nex_EnvMap01t.blp
1,patch-6.MPQ,WORLD\EXPANSION06\DOODADS\SEAGIANT\7SG_SEAGIANT_ANCHOR_LAMP0200.skin,m2-skin-profile,WORLD\EXPANSION06\DOODADS\SEAGIANT\7SG_SEAGIANT_ANCHOR_LAMP02.M2,12784,914452D52EED7B2902BFA2094C12102F543AA448,D:\Sirus\_client\World of Warcraft Sirus\Risen_Depths_Extract_2026-10-04\AssetClosure\ByArchive\patch-6.MPQ\WORLD\EXPANSION06\DOODADS\SEAGIANT\7SG_SEAGIANT_ANCHOR_LAMP0200.skin
1,patch-6.MPQ,World\Expansion06\Doodads\SeaGiant\7SG_SEAGIANT_MAP03.blp,m2-embedded-path,WORLD\EXPANSION06\DOODADS\SEAGIANT\7SG_SEAGIANT_ANCHOR_LAMP02.M2 | WORLD\EXPANSION06\DOODADS\SEAGIANT\7SG_SEAGIANT_ANCHOR_LAMP03.M2 | WORLD\EXPANSION06\DOODADS\SEAGIANT\7SG_SEAGIANT_WEAPONRACK01.M2,350724,F55901F24F9355992BC23E7A547BACE90FA0C3A2,D:\Sirus\_client\World of Warcraft Sirus\Risen_Depths_Extract_2026-10-04\AssetClosure\ByArchive\patch-6.MPQ\World\Expansion06\Doodads\SeaGiant\7SG_SEAGIANT_MAP03.blp
1,patch-6.MPQ,World\Expansion06\Doodads\SeaGiant\7SG_SEAGIANT_MAP04.blp,m2-embedded-path,WORLD\EXPANSION06\DOODADS\SEAGIANT\7SG_SEAGIANT_ANCHOR_LAMP02.M2 | WORLD\EXPANSION06\DOODADS\SEAGIANT\7SG_SEAGIANT_ANCHOR_LAMP03.M2,88580,2227088E5F66DD52DE1BA237EA24F317617A20FD,D:\Sirus\_client\World of Warcraft Sirus\Risen_Depths_Extract_2026-10-04\AssetClosure\ByArchive\patch-6.MPQ\World\Expansion06\Doodads\SeaGiant\7SG_SEAGIANT_MAP04.blp
1,patch-6.MPQ,World\Expansion06\Doodads\SeaGiant\7SG_SEAGIANT_MAP04_GLOW.blp,m2-embedded-path,WORLD\EXPANSION06\DOODADS\SEAGIANT\7SG_SEAGIANT_ANCHOR_LAMP02.M2 | WORLD\EXPANSION06\DOODADS\SEAGIANT\7SG_SEAGIANT_ANCHOR_LAMP03.M2,88580,7E15382847DF76042B2B9FA994B6C588EE6B4A02,D:\Sirus\_client\World of Warcraft Sirus\Risen_Depths_Extract_2026-10-04\AssetClosure\ByArchive\patch-6.MPQ\World\Expansion06\Doodads\SeaGiant\7SG_SEAGIANT_MAP04_GLOW.blp
1,patch-6.MPQ,World\Expansion06\Doodads\SeaGiant\7NB_NIGHTBORN_GLOWALPHA.blp,m2-embedded-path,WORLD\EXPANSION06\DOODADS\SEAGIANT\7SG_SEAGIANT_ANCHOR_LAMP02.M2 | WORLD\EXPANSION06\DOODADS\SEAGIANT\7SG_SEAGIANT_ANCHOR_LAMP03.M2,12108,BE1F806CD0CB111D38EBB6A95158ADA2019743F7,D:\Sirus\_client\World of Warcraft Sirus\Risen_Depths_Extract_2026-10-04\AssetClosure\ByArchive\patch-6.MPQ\World\Expansion06\Doodads\SeaGiant\7NB_NIGHTBORN_GLOWALPHA.blp
1,patch-6.MPQ,WORLD\EXPANSION06\DOODADS\SEAGIANT\7SG_SEAGIANT_ANCHOR_LAMP0300.skin,m2-skin-profile,WORLD\EXPANSION06\DOODADS\SEAGIANT\7SG_SEAGIANT_ANCHOR_LAMP03.M2,17096,4F6D53A6789C4208D7540082F55A1555F5F981AB,D:\Sirus\_client\World of Warcraft Sirus\Risen_Depths_Extract_2026-10-04\AssetClosure\ByArchive\patch-6.MPQ\WORLD\EXPANSION06\DOODADS\SEAGIANT\7SG_SEAGIANT_ANCHOR_LAMP0300.skin
1,patch-6.MPQ,WORLD\EXPANSION06\DOODADS\SEAGIANT\7SG_SEAGIANT_BROKENMAST0100.skin,m2-skin-profile,WORLD\EXPANSION06\DOODADS\SEAGIANT\7SG_SEAGIANT_BROKENMAST01.M2,22312,7DD7F7F077692CC1CF7AD3BB7827C588466926A1,D:\Sirus\_client\World of Warcraft Sirus\Risen_Depths_Extract_2026-10-04\AssetClosure\ByArchive\patch-6.MPQ\WORLD\EXPANSION06\DOODADS\SEAGIANT\7SG_SEAGIANT_BROKENMAST0100.skin
1,patch-6.MPQ,World\Expansion06\Doodads\SeaGiant\7SG_SEAGIANT_MAP07.blp,m2-embedded-path,WORLD\EXPANSION06\DOODADS\SEAGIANT\7SG_SEAGIANT_BROKENMAST01.M2 | WORLD\EXPANSION06\DOODADS\SEAGIANT\7SG_SEAGIANT_BROKENMAST02.M2 | WORLD\EXPANSION06\DOODADS\SEAGIANT\7SG_SEAGIANT_BROKENMAST03.M2 | WORLD\EXPANSION06\DOODADS\SEAGIANT\7SG_SEAGIANT_BROKENMAST04.M2 | WORLD\EXPANSION06\DOODADS\SEAGIANT\7SG_SEAGIANT_BROKENMAST05.M2 | WORLD\EXPANSION06\DOODADS\SEAGIANT\7SG_SEAGIANT_MASTTORCH03.M2 | WORLD\EXPANSION06\DOODADS\SEAGIANT\7SG_SEAGIANT_WEAPONRACK01.M2 | WORLD\EXPANSION06\DOODADS\SEAGIANT\7SG_SEAGIANT_WEAPONRACK02.M2,350724,7FB2CABC03E1AB969F4D0F96B511618FC76A811E,D:\Sirus\_client\World of Warcraft Sirus\Risen_Depths_Extract_2026-10-04\AssetClosure\ByArchive\patch-6.MPQ\World\Expansion06\Doodads\SeaGiant\7SG_SEAGIANT_MAP07.blp
1,patch-6.MPQ,World\Expansion06\Doodads\SeaGiant\6HU_SHIP01_ROPEMAP01.blp,m2-embedded-path,WORLD\EXPANSION06\DOODADS\SEAGIANT\7SG_SEAGIANT_BROKENMAST01.M2 | WORLD\EXPANSION06\DOODADS\SEAGIANT\7SG_SEAGIANT_BROKENMAST02.M2 | WORLD\EXPANSION06\DOODADS\SEAGIANT\7SG_SEAGIANT_BROKENMAST03.M2 | WORLD\EXPANSION06\DOODADS\SEAGIANT\7SG_SEAGIANT_DEBRIS01.M2 | WORLD\EXPANSION06\DOODADS\SEAGIANT\7SG_SEAGIANT_DEBRIS03.M2 | WORLD\EXPANSION06\DOODADS\SEAGIANT\7SG_SEAGIANT_SHIPLANTERN01_HANGING01.M2 | WORLD\EXPANSION06\DOODADS\SEAGIANT\7SG_SEAGIANT_WEAPONRACK01.M2 | WORLD\EXPANSION06\DOODADS\SEAGIANT\7SG_SEAGIANT_WEAPONRACK02.M2,23068,660486A651E17B2E972FA3C8BF46B6315F11D128,D:\Sirus\_client\World of Warcraft Sirus\Risen_Depths_Extract_2026-10-04\AssetClosure\ByArchive\patch-6.MPQ\World\Expansion06\Doodads\SeaGiant\6HU_SHIP01_ROPEMAP01.blp
1,patch-6.MPQ,WORLD\EXPANSION06\DOODADS\SEAGIANT\7SG_SEAGIANT_BROKENMAST0200.skin,m2-skin-profile,WORLD\EXPANSION06\DOODADS\SEAGIANT\7SG_SEAGIANT_BROKENMAST02.M2,20136,E7631DD25C2C0F44305F65D028DC522CE53CFFAD,D:\Sirus\_client\World of Warcraft Sirus\Risen_Depths_Extract_2026-10-04\AssetClosure\ByArchive\patch-6.MPQ\WORLD\EXPANSION06\DOODADS\SEAGIANT\7SG_SEAGIANT_BROKENMAST0200.skin
1,patch-6.MPQ,WORLD\EXPANSION06\DOODADS\SEAGIANT\7SG_SEAGIANT_BROKENMAST0300.skin,m2-skin-profile,WORLD\EXPANSION06\DOODADS\SEAGIANT\7SG_SEAGIANT_BROKENMAST03.M2,16040,1F2999A33E93DD7AD7A38425DCA82A4FA2078F80,D:\Sirus\_client\World of Warcraft Sirus\Risen_Depths_Extract_2026-10-04\AssetClosure\ByArchive\patch-6.MPQ\WORLD\EXPANSION06\DOODADS\SEAGIANT\7SG_SEAGIANT_BROKENMAST0300.skin
1,patch-6.MPQ,WORLD\EXPANSION06\DOODADS\SEAGIANT\7SG_SEAGIANT_BROKENMAST0400.skin,m2-skin-profile,WORLD\EXPANSION06\DOODADS\SEAGIANT\7SG_SEAGIANT_BROKENMAST04.M2,3864,36308F2B2BF53D5BD7D97C5D908FADF066B214CE,D:\Sirus\_client\World of Warcraft Sirus\Risen_Depths_Extract_2026-10-04\AssetClosure\ByArchive\patch-6.MPQ\WORLD\EXPANSION06\DOODADS\SEAGIANT\7SG_SEAGIANT_BROKENMAST0400.skin
1,patch-6.MPQ,WORLD\EXPANSION06\DOODADS\SEAGIANT\7SG_SEAGIANT_BROKENMAST0500.skin,m2-skin-profile,WORLD\EXPANSION06\DOODADS\SEAGIANT\7SG_SEAGIANT_BROKENMAST05.M2,3144,4D6FD44A9F277A6EE1A41CE79A28335D36C165B9,D:\Sirus\_client\World of Warcraft Sirus\Risen_Depths_Extract_2026-10-04\AssetClosure\ByArchive\patch-6.MPQ\WORLD\EXPANSION06\DOODADS\SEAGIANT\7SG_SEAGIANT_BROKENMAST0500.skin
1,patch-6.MPQ,WORLD\EXPANSION06\DOODADS\SEAGIANT\7SG_SEAGIANT_DEBRIS0100.skin,m2-skin-profile,WORLD\EXPANSION06\DOODADS\SEAGIANT\7SG_SEAGIANT_DEBRIS01.M2,3440,0BE67844D221A1DF5326DF7660CB780F380198D9,D:\Sirus\_client\World of Warcraft Sirus\Risen_Depths_Extract_2026-10-04\AssetClosure\ByArchive\patch-6.MPQ\WORLD\EXPANSION06\DOODADS\SEAGIANT\7SG_SEAGIANT_DEBRIS0100.skin
1,patch-6.MPQ,World\Expansion06\Doodads\SeaGiant\7SG_SEAGIANT_MAP10.blp,m2-embedded-path,WORLD\EXPANSION06\DOODADS\SEAGIANT\7SG_SEAGIANT_DEBRIS01.M2 | WORLD\EXPANSION06\DOODADS\SEAGIANT\7SG_SEAGIANT_DEBRIS02.M2 | WORLD\EXPANSION06\DOODADS\SEAGIANT\7SG_SEAGIANT_DEBRIS03.M2 | WORLD\EXPANSION06\DOODADS\SEAGIANT\7SG_SEAGIANT_DEBRIS04.M2 | WORLD\EXPANSION06\DOODADS\SEAGIANT\7SG_SEAGIANT_DEBRIS_PLANK01.M2 | WORLD\EXPANSION06\DOODADS\SEAGIANT\7SG_SEAGIANT_DEBRIS_PLANK01_FLOATING.M2 | WORLD\EXPANSION06\DOODADS\SEAGIANT\7SG_SEAGIANT_DEBRIS_PLANK02.M2 | WORLD\EXPANSION06\DOODADS\SEAGIANT\7SG_SEAGIANT_DEBRIS_PLANK03.M2,175948,993BADB2FAE5D019D4A785225896D21A06B4C028,D:\Sirus\_client\World of Warcraft Sirus\Risen_Depths_Extract_2026-10-04\AssetClosure\ByArchive\patch-6.MPQ\World\Expansion06\Doodads\SeaGiant\7SG_SEAGIANT_MAP10.blp
1,patch-6.MPQ,WORLD\EXPANSION06\DOODADS\SEAGIANT\7SG_SEAGIANT_DEBRIS0200.skin,m2-skin-profile,WORLD\EXPANSION06\DOODADS\SEAGIANT\7SG_SEAGIANT_DEBRIS02.M2,3584,F61F201A666430B9CDC0193E05D4FC1D363196CB,D:\Sirus\_client\World of Warcraft Sirus\Risen_Depths_Extract_2026-10-04\AssetClosure\ByArchive\patch-6.MPQ\WORLD\EXPANSION06\DOODADS\SEAGIANT\7SG_SEAGIANT_DEBRIS0200.skin
1,patch-6.MPQ,WORLD\EXPANSION06\DOODADS\SEAGIANT\7SG_SEAGIANT_DEBRIS0300.skin,m2-skin-profile,WORLD\EXPANSION06\DOODADS\SEAGIANT\7SG_SEAGIANT_DEBRIS03.M2,4032,CA2D8455423955A51F1BEF9D9D0418ADB18EE37B,D:\Sirus\_client\World of Warcraft Sirus\Risen_Depths_Extract_2026-10-04\AssetClosure\ByArchive\patch-6.MPQ\WORLD\EXPANSION06\DOODADS\SEAGIANT\7SG_SEAGIANT_DEBRIS0300.skin
1,patch-6.MPQ,WORLD\EXPANSION06\DOODADS\SEAGIANT\7SG_SEAGIANT_DEBRIS0400.skin,m2-skin-profile,WORLD\EXPANSION06\DOODADS\SEAGIANT\7SG_SEAGIANT_DEBRIS04.M2,1648,2362F4150E50F2E9E2CBA5D05BC15746E9FD2FFD,D:\Sirus\_client\World of Warcraft Sirus\Risen_Depths_Extract_2026-10-04\AssetClosure\ByArchive\patch-6.MPQ\WORLD\EXPANSION06\DOODADS\SEAGIANT\7SG_SEAGIANT_DEBRIS0400.skin
1,patch-6.MPQ,WORLD\EXPANSION06\DOODADS\SEAGIANT\7SG_SEAGIANT_DEBRIS_PLANK0100.skin,m2-skin-profile,WORLD\EXPANSION06\DOODADS\SEAGIANT\7SG_SEAGIANT_DEBRIS_PLANK01.M2,1008,E9AC893BF5B8E53B5492BA62E1682D82566D3F42,D:\Sirus\_client\World of Warcraft Sirus\Risen_Depths_Extract_2026-10-04\AssetClosure\ByArchive\patch-6.MPQ\WORLD\EXPANSION06\DOODADS\SEAGIANT\7SG_SEAGIANT_DEBRIS_PLANK0100.skin
1,patch-6.MPQ,WORLD\EXPANSION06\DOODADS\SEAGIANT\7SG_SEAGIANT_DEBRIS_PLANK01_FLOATING00.skin,m2-skin-profile,WORLD\EXPANSION06\DOODADS\SEAGIANT\7SG_SEAGIANT_DEBRIS_PLANK01_FLOATING.M2,1008,E9AC893BF5B8E53B5492BA62E1682D82566D3F42,D:\Sirus\_client\World of Warcraft Sirus\Risen_Depths_Extract_2026-10-04\AssetClosure\ByArchive\patch-6.MPQ\WORLD\EXPANSION06\DOODADS\SEAGIANT\7SG_SEAGIANT_DEBRIS_PLANK01_FLOATING00.skin
1,patch-6.MPQ,WORLD\EXPANSION06\DOODADS\SEAGIANT\7SG_SEAGIANT_DEBRIS_PLANK0200.skin,m2-skin-profile,WORLD\EXPANSION06\DOODADS\SEAGIANT\7SG_SEAGIANT_DEBRIS_PLANK02.M2,976,DA024EB389EEB4F4598337314D873D12EB8DE4E9,D:\Sirus\_client\World of Warcraft Sirus\Risen_Depths_Extract_2026-10-04\AssetClosure\ByArchive\patch-6.MPQ\WORLD\EXPANSION06\DOODADS\SEAGIANT\7SG_SEAGIANT_DEBRIS_PLANK0200.skin
1,patch-6.MPQ,WORLD\EXPANSION06\DOODADS\SEAGIANT\7SG_SEAGIANT_DEBRIS_PLANK0300.skin,m2-skin-profile,WORLD\EXPANSION06\DOODADS\SEAGIANT\7SG_SEAGIANT_DEBRIS_PLANK03.M2,1056,8B9C31A0A11561B9B2081445A92536D4D5DD7560,D:\Sirus\_client\World of Warcraft Sirus\Risen_Depths_Extract_2026-10-04\AssetClosure\ByArchive\patch-6.MPQ\WORLD\EXPANSION06\DOODADS\SEAGIANT\7SG_SEAGIANT_DEBRIS_PLANK0300.skin
1,patch-6.MPQ,WORLD\EXPANSION06\DOODADS\SEAGIANT\7SG_SEAGIANT_MASTTORCH0300.skin,m2-skin-profile,WORLD\EXPANSION06\DOODADS\SEAGIANT\7SG_SEAGIANT_MASTTORCH03.M2,26256,B7C2CF29145AF9D2753491FAB60CEEEF30A21344,D:\Sirus\_client\World of Warcraft Sirus\Risen_Depths_Extract_2026-10-04\AssetClosure\ByArchive\patch-6.MPQ\WORLD\EXPANSION06\DOODADS\SEAGIANT\7SG_SEAGIANT_MASTTORCH0300.skin
1,patch-6.MPQ,World\Expansion06\Doodads\SeaGiant\GenericGlow_Alpha_128.blp,m2-embedded-path,WORLD\EXPANSION06\DOODADS\SEAGIANT\7SG_SEAGIANT_MASTTORCH03.M2 | WORLD\EXPANSION06\DOODADS\SEAGIANT\7SG_SEAGIANT_SHIPLANTERN01_HANGING01.M2,12108,72131A9F62D53E6E99C0D42D3E4D50D383714EB3,D:\Sirus\_client\World of Warcraft Sirus\Risen_Depths_Extract_2026-10-04\AssetClosure\ByArchive\patch-6.MPQ\World\Expansion06\Doodads\SeaGiant\GenericGlow_Alpha_128.blp
1,patch-6.MPQ,World\Expansion06\Doodads\SeaGiant\T_VFX_Fire_Anim_Stylized_Desat_02.blp,m2-embedded-path,WORLD\EXPANSION06\DOODADS\SEAGIANT\7SG_SEAGIANT_MASTTORCH03.M2,88580,A72EC0704F2BCF7DAC51A02B52F609407DCB4138,D:\Sirus\_client\World of Warcraft Sirus\Risen_Depths_Extract_2026-10-04\AssetClosure\ByArchive\patch-6.MPQ\World\Expansion06\Doodads\SeaGiant\T_VFX_Fire_Anim_Stylized_Desat_02.blp
1,patch-6.MPQ,World\Expansion06\Doodads\SeaGiant\Fire_Bright_Mod2x_A.blp,m2-embedded-path,WORLD\EXPANSION06\DOODADS\SEAGIANT\7SG_SEAGIANT_MASTTORCH03.M2,23044,80D3874B718B87EDAE0C3FE7508E599842EC2545,D:\Sirus\_client\World of Warcraft Sirus\Risen_Depths_Extract_2026-10-04\AssetClosure\ByArchive\patch-6.MPQ\World\Expansion06\Doodads\SeaGiant\Fire_Bright_Mod2x_A.blp
1,patch-6.MPQ,World\Expansion06\Doodads\SeaGiant\Smoke_Puffy_Mask.blp,m2-embedded-path,WORLD\EXPANSION06\DOODADS\SEAGIANT\7SG_SEAGIANT_MASTTORCH03.M2,88580,30917CFC2D1E78F5BBCCE68B9D1FCCEFE258A34D,D:\Sirus\_client\World of Warcraft Sirus\Risen_Depths_Extract_2026-10-04\AssetClosure\ByArchive\patch-6.MPQ\World\Expansion06\Doodads\SeaGiant\Smoke_Puffy_Mask.blp
1,patch-6.MPQ,World\Expansion06\Doodads\SeaGiant\Cloud_Puffy_Mod.blp,m2-embedded-path,WORLD\EXPANSION06\DOODADS\SEAGIANT\7SG_SEAGIANT_MASTTORCH03.M2,350724,7958D5C2DAAF655E3F6AB09E09AB7572A31FB534,D:\Sirus\_client\World of Warcraft Sirus\Risen_Depths_Extract_2026-10-04\AssetClosure\ByArchive\patch-6.MPQ\World\Expansion06\Doodads\SeaGiant\Cloud_Puffy_Mod.blp
1,patch-6.MPQ,World\Expansion06\Doodads\SeaGiant\Ember_Offset_Streak.blp,m2-embedded-path,WORLD\EXPANSION06\DOODADS\SEAGIANT\7SG_SEAGIANT_MASTTORCH03.M2,3916,BC216F747A8F4D5BEEF2688C761AAEEF54868F03,D:\Sirus\_client\World of Warcraft Sirus\Risen_Depths_Extract_2026-10-04\AssetClosure\ByArchive\patch-6.MPQ\World\Expansion06\Doodads\SeaGiant\Ember_Offset_Streak.blp
1,patch-6.MPQ,World\Expansion06\Doodads\SeaGiant\White8x8.blp,m2-embedded-path,WORLD\EXPANSION06\DOODADS\SEAGIANT\7SG_SEAGIANT_MASTTORCH03.M2,1228,FC45A5AF07B915EDB30D662453982AAFF22669E6,D:\Sirus\_client\World of Warcraft Sirus\Risen_Depths_Extract_2026-10-04\AssetClosure\ByArchive\patch-6.MPQ\World\Expansion06\Doodads\SeaGiant\White8x8.blp
1,patch-6.MPQ,World\Expansion06\Doodads\SeaGiant\6HU_SHIP01_ROPEMAP02.blp,m2-embedded-path,WORLD\EXPANSION06\DOODADS\SEAGIANT\7SG_SEAGIANT_MASTTORCH03.M2,23068,5EBC96DBB8723DF918471EAE0677BC08D65BBF04,D:\Sirus\_client\World of Warcraft Sirus\Risen_Depths_Extract_2026-10-04\AssetClosure\ByArchive\patch-6.MPQ\World\Expansion06\Doodads\SeaGiant\6HU_SHIP01_ROPEMAP02.blp
1,patch-6.MPQ,World\Expansion06\Doodads\SeaGiant\7SG_SEAGIANT_MAP11.blp,m2-embedded-path,WORLD\EXPANSION06\DOODADS\SEAGIANT\7SG_SEAGIANT_MASTTORCH03.M2,350724,AF4B9F1B5A5490ABC1758498B603731163AF4C45,D:\Sirus\_client\World of Warcraft Sirus\Risen_Depths_Extract_2026-10-04\AssetClosure\ByArchive\patch-6.MPQ\World\Expansion06\Doodads\SeaGiant\7SG_SEAGIANT_MAP11.blp
1,patch-6.MPQ,World\Expansion06\Doodads\SeaGiant\7SG_SEAGIANT_MAP11_GLOW.blp,m2-embedded-path,WORLD\EXPANSION06\DOODADS\SEAGIANT\7SG_SEAGIANT_MASTTORCH03.M2,175948,583E0C47EE2187F6C521A3899CD7BBD46D2DA071,D:\Sirus\_client\World of Warcraft Sirus\Risen_Depths_Extract_2026-10-04\AssetClosure\ByArchive\patch-6.MPQ\World\Expansion06\Doodads\SeaGiant\7SG_SEAGIANT_MAP11_GLOW.blp
1,patch-6.MPQ,WORLD\EXPANSION06\DOODADS\SEAGIANT\7SG_SEAGIANT_PIERPILING0100.skin,m2-skin-profile,WORLD\EXPANSION06\DOODADS\SEAGIANT\7SG_SEAGIANT_PIERPILING01.M2,12320,25939AD0E500B6787DBF180059CC3B1B309A8940,D:\Sirus\_client\World of Warcraft Sirus\Risen_Depths_Extract_2026-10-04\AssetClosure\ByArchive\patch-6.MPQ\WORLD\EXPANSION06\DOODADS\SEAGIANT\7SG_SEAGIANT_PIERPILING0100.skin
1,patch-6.MPQ,World\Expansion06\Doodads\SeaGiant\7SG_SEAGIANT_MAP05.blp,m2-embedded-path,WORLD\EXPANSION06\DOODADS\SEAGIANT\7SG_SEAGIANT_PIERPILING01.M2 | WORLD\EXPANSION06\DOODADS\SEAGIANT\7SG_SEAGIANT_PIERPILING02.M2 | WORLD\EXPANSION06\DOODADS\SEAGIANT\7SG_SEAGIANT_PIERPILING03.M2 | WORLD\EXPANSION06\DOODADS\SEAGIANT\7SG_SEAGIANT_PIERPILING04.M2 | WORLD\EXPANSION06\DOODADS\SEAGIANT\7SG_SEAGIANT_PIERPILING05.M2 | WORLD\EXPANSION06\DOODADS\SEAGIANT\7SG_SEAGIANT_PIERPILING06.M2 | WORLD\EXPANSION06\DOODADS\SEAGIANT\7SG_SEAGIANT_PIERPILING07.M2 | WORLD\EXPANSION06\DOODADS\SEAGIANT\7SG_SEAGIANT_POLE01.M2 | WORLD\EXPANSION06\DOODADS\SEAGIANT\7SG_SEAGIANT_POLE02.M2,700236,121D0641411450F58F7E09C9A2A439CE0C1CEAD4,D:\Sirus\_client\World of Warcraft Sirus\Risen_Depths_Extract_2026-10-04\AssetClosure\ByArchive\patch-6.MPQ\World\Expansion06\Doodads\SeaGiant\7SG_SEAGIANT_MAP05.blp
1,patch-6.MPQ,World\Expansion06\Doodads\SeaGiant\7SG_SEAGIANT_MAP06.blp,m2-embedded-path,WORLD\EXPANSION06\DOODADS\SEAGIANT\7SG_SEAGIANT_PIERPILING01.M2 | WORLD\EXPANSION06\DOODADS\SEAGIANT\7SG_SEAGIANT_PIERPILING02.M2 | WORLD\EXPANSION06\DOODADS\SEAGIANT\7SG_SEAGIANT_PIERPILING03.M2 | WORLD\EXPANSION06\DOODADS\SEAGIANT\7SG_SEAGIANT_PIERPILING04.M2 | WORLD\EXPANSION06\DOODADS\SEAGIANT\7SG_SEAGIANT_PIERPILING06.M2 | WORLD\EXPANSION06\DOODADS\SEAGIANT\7SG_SEAGIANT_PIERPILING07.M2,175948,33A6B8176F71D3F435CF673F5C9EE5E8FD15E133,D:\Sirus\_client\World of Warcraft Sirus\Risen_Depths_Extract_2026-10-04\AssetClosure\ByArchive\patch-6.MPQ\World\Expansion06\Doodads\SeaGiant\7SG_SEAGIANT_MAP06.blp
1,patch-6.MPQ,WORLD\EXPANSION06\DOODADS\SEAGIANT\7SG_SEAGIANT_PIERPILING0200.skin,m2-skin-profile,WORLD\EXPANSION06\DOODADS\SEAGIANT\7SG_SEAGIANT_PIERPILING02.M2,11552,569E6306F983C4B4D777A7DF8E8DD133A90CCC86,D:\Sirus\_client\World of Warcraft Sirus\Risen_Depths_Extract_2026-10-04\AssetClosure\ByArchive\patch-6.MPQ\WORLD\EXPANSION06\DOODADS\SEAGIANT\7SG_SEAGIANT_PIERPILING0200.skin
1,patch-6.MPQ,WORLD\EXPANSION06\DOODADS\SEAGIANT\7SG_SEAGIANT_PIERPILING0300.skin,m2-skin-profile,WORLD\EXPANSION06\DOODADS\SEAGIANT\7SG_SEAGIANT_PIERPILING03.M2,8816,BE1968ABEA08151797819D09F6FCA5DF384F0D87,D:\Sirus\_client\World of Warcraft Sirus\Risen_Depths_Extract_2026-10-04\AssetClosure\ByArchive\patch-6.MPQ\WORLD\EXPANSION06\DOODADS\SEAGIANT\7SG_SEAGIANT_PIERPILING0300.skin
1,patch-6.MPQ,WORLD\EXPANSION06\DOODADS\SEAGIANT\7SG_SEAGIANT_PIERPILING0400.skin,m2-skin-profile,WORLD\EXPANSION06\DOODADS\SEAGIANT\7SG_SEAGIANT_PIERPILING04.M2,4816,A70DE9B7975803DB61DBD69CE8EA4A50B5E4C652,D:\Sirus\_client\World of Warcraft Sirus\Risen_Depths_Extract_2026-10-04\AssetClosure\ByArchive\patch-6.MPQ\WORLD\EXPANSION06\DOODADS\SEAGIANT\7SG_SEAGIANT_PIERPILING0400.skin
1,patch-6.MPQ,WORLD\EXPANSION06\DOODADS\SEAGIANT\7SG_SEAGIANT_PIERPILING0500.skin,m2-skin-profile,WORLD\EXPANSION06\DOODADS\SEAGIANT\7SG_SEAGIANT_PIERPILING05.M2,3792,7B6AD0E13C5F8585C2CFEA8BA539A939EFBECC94,D:\Sirus\_client\World of Warcraft Sirus\Risen_Depths_Extract_2026-10-04\AssetClosure\ByArchive\patch-6.MPQ\WORLD\EXPANSION06\DOODADS\SEAGIANT\7SG_SEAGIANT_PIERPILING0500.skin
1,patch-6.MPQ,WORLD\EXPANSION06\DOODADS\SEAGIANT\7SG_SEAGIANT_PIERPILING0600.skin,m2-skin-profile,WORLD\EXPANSION06\DOODADS\SEAGIANT\7SG_SEAGIANT_PIERPILING06.M2,19968,E07ADB24005CC3C8714794D9AE420E8C90E7C592,D:\Sirus\_client\World of Warcraft Sirus\Risen_Depths_Extract_2026-10-04\AssetClosure\ByArchive\patch-6.MPQ\WORLD\EXPANSION06\DOODADS\SEAGIANT\7SG_SEAGIANT_PIERPILING0600.skin
1,patch-6.MPQ,WORLD\EXPANSION06\DOODADS\SEAGIANT\7SG_SEAGIANT_PIERPILING0700.skin,m2-skin-profile,WORLD\EXPANSION06\DOODADS\SEAGIANT\7SG_SEAGIANT_PIERPILING07.M2,21440,98BAF6C6710D410AA49E472573F3B3005DB814BB,D:\Sirus\_client\World of Warcraft Sirus\Risen_Depths_Extract_2026-10-04\AssetClosure\ByArchive\patch-6.MPQ\WORLD\EXPANSION06\DOODADS\SEAGIANT\7SG_SEAGIANT_PIERPILING0700.skin
1,patch-6.MPQ,WORLD\EXPANSION06\DOODADS\SEAGIANT\7SG_SEAGIANT_POLE0100.skin,m2-skin-profile,WORLD\EXPANSION06\DOODADS\SEAGIANT\7SG_SEAGIANT_POLE01.M2,5232,58BF6CFFDF5CAABE3F947CBED3E182DF5F24D41D,D:\Sirus\_client\World of Warcraft Sirus\Risen_Depths_Extract_2026-10-04\AssetClosure\ByArchive\patch-6.MPQ\WORLD\EXPANSION06\DOODADS\SEAGIANT\7SG_SEAGIANT_POLE0100.skin
1,patch-6.MPQ,WORLD\EXPANSION06\DOODADS\SEAGIANT\7SG_SEAGIANT_POLE0200.skin,m2-skin-profile,WORLD\EXPANSION06\DOODADS\SEAGIANT\7SG_SEAGIANT_POLE02.M2,4368,0A0F28C08103CD2CC76A62113C923E91994D95DF,D:\Sirus\_client\World of Warcraft Sirus\Risen_Depths_Extract_2026-10-04\AssetClosure\ByArchive\patch-6.MPQ\WORLD\EXPANSION06\DOODADS\SEAGIANT\7SG_SEAGIANT_POLE0200.skin
1,patch-6.MPQ,WORLD\EXPANSION06\DOODADS\SEAGIANT\7SG_SEAGIANT_SHIPLANTERN01_HANGING0100.skin,m2-skin-profile,WORLD\EXPANSION06\DOODADS\SEAGIANT\7SG_SEAGIANT_SHIPLANTERN01_HANGING01.M2,6912,B758EA4CC74EF204744F75AF1F59E26D861EFD49,D:\Sirus\_client\World of Warcraft Sirus\Risen_Depths_Extract_2026-10-04\AssetClosure\ByArchive\patch-6.MPQ\WORLD\EXPANSION06\DOODADS\SEAGIANT\7SG_SEAGIANT_SHIPLANTERN01_HANGING0100.skin
1,patch-6.MPQ,World\Expansion06\Doodads\SeaGiant\7SG_SEAGIANT_MAP13A.blp,m2-embedded-path,WORLD\EXPANSION06\DOODADS\SEAGIANT\7SG_SEAGIANT_SHIPLANTERN01_HANGING01.M2,350724,8DC926A67BF82EFBEB9A15B934433AFA31789F6F,D:\Sirus\_client\World of Warcraft Sirus\Risen_Depths_Extract_2026-10-04\AssetClosure\ByArchive\patch-6.MPQ\World\Expansion06\Doodads\SeaGiant\7SG_SEAGIANT_MAP13A.blp
1,patch-6.MPQ,World\Expansion06\Doodads\SeaGiant\7SG_SEAGIANT_MAP13A_GLOW.blp,m2-embedded-path,WORLD\EXPANSION06\DOODADS\SEAGIANT\7SG_SEAGIANT_SHIPLANTERN01_HANGING01.M2,175948,BA70F70DD0F7BBD440C8DF3BCCEB37A0453E3419,D:\Sirus\_client\World of Warcraft Sirus\Risen_Depths_Extract_2026-10-04\AssetClosure\ByArchive\patch-6.MPQ\World\Expansion06\Doodads\SeaGiant\7SG_SEAGIANT_MAP13A_GLOW.blp
1,patch-6.MPQ,World\Expansion06\Doodads\SeaGiant\7SG_SEAGIANT_MAP13B.blp,m2-embedded-path,WORLD\EXPANSION06\DOODADS\SEAGIANT\7SG_SEAGIANT_SHIPLANTERN01_HANGING01.M2 | WORLD\EXPANSION06\DOODADS\SEAGIANT\7SG_SEAGIANT_SHIPLANTERN02_UNLIT.M2,350724,C5B89C719A39F735D5455662321D0DF9C0D927E9,D:\Sirus\_client\World of Warcraft Sirus\Risen_Depths_Extract_2026-10-04\AssetClosure\ByArchive\patch-6.MPQ\World\Expansion06\Doodads\SeaGiant\7SG_SEAGIANT_MAP13B.blp
1,patch-6.MPQ,WORLD\EXPANSION06\DOODADS\SEAGIANT\7SG_SEAGIANT_SHIPLANTERN01_UNLIT00.skin,m2-skin-profile,WORLD\EXPANSION06\DOODADS\SEAGIANT\7SG_SEAGIANT_SHIPLANTERN01_UNLIT.M2,3688,DCB215974CE9DB06D85307BFA5487817A20399DA,D:\Sirus\_client\World of Warcraft Sirus\Risen_Depths_Extract_2026-10-04\AssetClosure\ByArchive\patch-6.MPQ\WORLD\EXPANSION06\DOODADS\SEAGIANT\7SG_SEAGIANT_SHIPLANTERN01_UNLIT00.skin
1,patch-6.MPQ,World\Expansion06\Doodads\SeaGiant\7SG_SEAGIANT_MAP12B.blp,m2-embedded-path,WORLD\EXPANSION06\DOODADS\SEAGIANT\7SG_SEAGIANT_SHIPLANTERN01_UNLIT.M2,350724,FD5CB4B18DC9A71DB22DB18411B8877DF126797A,D:\Sirus\_client\World of Warcraft Sirus\Risen_Depths_Extract_2026-10-04\AssetClosure\ByArchive\patch-6.MPQ\World\Expansion06\Doodads\SeaGiant\7SG_SEAGIANT_MAP12B.blp
1,patch-6.MPQ,WORLD\EXPANSION06\DOODADS\SEAGIANT\7SG_SEAGIANT_SHIPLANTERN02_UNLIT00.skin,m2-skin-profile,WORLD\EXPANSION06\DOODADS\SEAGIANT\7SG_SEAGIANT_SHIPLANTERN02_UNLIT.M2,6952,A28B786CA4CF2C94F288BB131651D2A988961F91,D:\Sirus\_client\World of Warcraft Sirus\Risen_Depths_Extract_2026-10-04\AssetClosure\ByArchive\patch-6.MPQ\WORLD\EXPANSION06\DOODADS\SEAGIANT\7SG_SEAGIANT_SHIPLANTERN02_UNLIT00.skin
1,patch-6.MPQ,WORLD\EXPANSION06\DOODADS\SEAGIANT\7SG_SEAGIANT_SLAVEWEAPONS0100.skin,m2-skin-profile,WORLD\EXPANSION06\DOODADS\SEAGIANT\7SG_SEAGIANT_SLAVEWEAPONS01.M2,7432,D00541741DF0B2CADA5931B220DA1822B7A1CB4C,D:\Sirus\_client\World of Warcraft Sirus\Risen_Depths_Extract_2026-10-04\AssetClosure\ByArchive\patch-6.MPQ\WORLD\EXPANSION06\DOODADS\SEAGIANT\7SG_SEAGIANT_SLAVEWEAPONS0100.skin
1,patch-6.MPQ,World\Expansion06\Doodads\SeaGiant\7SG_SLAVE_WEAPONS_MAP01.blp,m2-embedded-path,WORLD\EXPANSION06\DOODADS\SEAGIANT\7SG_SEAGIANT_SLAVEWEAPONS01.M2,175972,3202233BAE9487D09A0F37702A4F269BF3089B11,D:\Sirus\_client\World of Warcraft Sirus\Risen_Depths_Extract_2026-10-04\AssetClosure\ByArchive\patch-6.MPQ\World\Expansion06\Doodads\SeaGiant\7SG_SLAVE_WEAPONS_MAP01.blp
1,patch-6.MPQ,WORLD\EXPANSION06\DOODADS\SEAGIANT\7SG_SEAGIANT_TATTEREDSAIL0300.skin,m2-skin-profile,WORLD\EXPANSION06\DOODADS\SEAGIANT\7SG_SEAGIANT_TATTEREDSAIL03.M2,13392,5ED6BCB1F523E9C4B834EE62942BD42192293F10,D:\Sirus\_client\World of Warcraft Sirus\Risen_Depths_Extract_2026-10-04\AssetClosure\ByArchive\patch-6.MPQ\WORLD\EXPANSION06\DOODADS\SEAGIANT\7SG_SEAGIANT_TATTEREDSAIL0300.skin
1,patch-6.MPQ,World\Expansion06\Doodads\SeaGiant\7SG_SEAGIANT_MAP08.blp,m2-embedded-path,WORLD\EXPANSION06\DOODADS\SEAGIANT\7SG_SEAGIANT_TATTEREDSAIL03.M2,350724,D335E05BDDAB90AF65EF3E7F3A9B06677A1409A4,D:\Sirus\_client\World of Warcraft Sirus\Risen_Depths_Extract_2026-10-04\AssetClosure\ByArchive\patch-6.MPQ\World\Expansion06\Doodads\SeaGiant\7SG_SEAGIANT_MAP08.blp
1,patch-6.MPQ,WORLD\EXPANSION06\DOODADS\SEAGIANT\7SG_SEAGIANT_WEAPON0100.skin,m2-skin-profile,WORLD\EXPANSION06\DOODADS\SEAGIANT\7SG_SEAGIANT_WEAPON01.M2,9016,044AB6E665FD8DEA0861DBA001FD79D7D6365BDB,D:\Sirus\_client\World of Warcraft Sirus\Risen_Depths_Extract_2026-10-04\AssetClosure\ByArchive\patch-6.MPQ\WORLD\EXPANSION06\DOODADS\SEAGIANT\7SG_SEAGIANT_WEAPON0100.skin
1,patch-6.MPQ,World\Expansion06\Doodads\SeaGiant\7SG_SEAGIANT_MAP01.blp,m2-embedded-path,WORLD\EXPANSION06\DOODADS\SEAGIANT\7SG_SEAGIANT_WEAPON01.M2 | WORLD\EXPANSION06\DOODADS\SEAGIANT\7SG_SEAGIANT_WEAPON02.M2 | WORLD\EXPANSION06\DOODADS\SEAGIANT\7SG_SEAGIANT_WEAPON03.M2 | WORLD\EXPANSION06\DOODADS\SEAGIANT\7SG_SEAGIANT_WEAPONRACK01.M2 | WORLD\EXPANSION06\DOODADS\SEAGIANT\7SG_SEAGIANT_WEAPONRACK02.M2,350724,DE7E43152C3886FFAF5978E93A6B60579C52633E,D:\Sirus\_client\World of Warcraft Sirus\Risen_Depths_Extract_2026-10-04\AssetClosure\ByArchive\patch-6.MPQ\World\Expansion06\Doodads\SeaGiant\7SG_SEAGIANT_MAP01.blp
1,patch-6.MPQ,WORLD\EXPANSION06\DOODADS\SEAGIANT\7SG_SEAGIANT_WEAPON0200.skin,m2-skin-profile,WORLD\EXPANSION06\DOODADS\SEAGIANT\7SG_SEAGIANT_WEAPON02.M2,13576,08F027A278B3118CD39B85CD7E6CEAE7B6FB44CA,D:\Sirus\_client\World of Warcraft Sirus\Risen_Depths_Extract_2026-10-04\AssetClosure\ByArchive\patch-6.MPQ\WORLD\EXPANSION06\DOODADS\SEAGIANT\7SG_SEAGIANT_WEAPON0200.skin
1,patch-6.MPQ,WORLD\EXPANSION06\DOODADS\SEAGIANT\7SG_SEAGIANT_WEAPON0300.skin,m2-skin-profile,WORLD\EXPANSION06\DOODADS\SEAGIANT\7SG_SEAGIANT_WEAPON03.M2,7400,86EECFE838AC3747C9EC8A638B6F6CFE5779CB81,D:\Sirus\_client\World of Warcraft Sirus\Risen_Depths_Extract_2026-10-04\AssetClosure\ByArchive\patch-6.MPQ\WORLD\EXPANSION06\DOODADS\SEAGIANT\7SG_SEAGIANT_WEAPON0300.skin
1,patch-6.MPQ,WORLD\EXPANSION06\DOODADS\SEAGIANT\7SG_SEAGIANT_WEAPONRACK0100.skin,m2-skin-profile,WORLD\EXPANSION06\DOODADS\SEAGIANT\7SG_SEAGIANT_WEAPONRACK01.M2,56184,B7F8D9A45754E22F5829DC84D28BA671B420AC46,D:\Sirus\_client\World of Warcraft Sirus\Risen_Depths_Extract_2026-10-04\AssetClosure\ByArchive\patch-6.MPQ\WORLD\EXPANSION06\DOODADS\SEAGIANT\7SG_SEAGIANT_WEAPONRACK0100.skin
1,patch-6.MPQ,WORLD\EXPANSION06\DOODADS\SEAGIANT\7SG_SEAGIANT_WEAPONRACK0200.skin,m2-skin-profile,WORLD\EXPANSION06\DOODADS\SEAGIANT\7SG_SEAGIANT_WEAPONRACK02.M2,58360,C8DE93DFB8DA19568586A1695BA19228E1DF96B0,D:\Sirus\_client\World of Warcraft Sirus\Risen_Depths_Extract_2026-10-04\AssetClosure\ByArchive\patch-6.MPQ\WORLD\EXPANSION06\DOODADS\SEAGIANT\7SG_SEAGIANT_WEAPONRACK0200.skin
1,patch-6.MPQ,WORLD\EXPANSION06\DOODADS\VRYKUL\7VR_VRYKUL_BONE0200.skin,m2-skin-profile,WORLD\EXPANSION06\DOODADS\VRYKUL\7VR_VRYKUL_BONE02.M2,1152,C1413BF62B3084BC9E3ECA78A0E2D7BC1161D42D,D:\Sirus\_client\World of Warcraft Sirus\Risen_Depths_Extract_2026-10-04\AssetClosure\ByArchive\patch-6.MPQ\WORLD\EXPANSION06\DOODADS\VRYKUL\7VR_VRYKUL_BONE0200.skin
1,patch-6.MPQ,World\Expansion06\Doodads\Vrykul\7vr_vrykul_bones.blp,m2-embedded-path,WORLD\EXPANSION06\DOODADS\VRYKUL\7VR_VRYKUL_BONE02.M2 | WORLD\EXPANSION06\DOODADS\VRYKUL\7VR_VRYKUL_BONEPILE01.M2 | WORLD\EXPANSION06\DOODADS\VRYKUL\7VR_VRYKUL_BONEPILE02.M2 | WORLD\EXPANSION06\DOODADS\VRYKUL\7VR_VRYKUL_BONEPILE03.M2 | WORLD\Expansion06\Doodads\Vrykul\7VR_VRYKUL_ALTAR01.M2 | WORLD\Expansion06\Doodads\Vrykul\7VR_VRYKUL_BONE01.M2,44876,EC77540B59813752DEC9DF01A21223078277C15F,D:\Sirus\_client\World of Warcraft Sirus\Risen_Depths_Extract_2026-10-04\AssetClosure\ByArchive\patch-6.MPQ\World\Expansion06\Doodads\Vrykul\7vr_vrykul_bones.blp
1,patch-6.MPQ,WORLD\EXPANSION06\DOODADS\VRYKUL\7VR_VRYKUL_BONEPILE0100.skin,m2-skin-profile,WORLD\EXPANSION06\DOODADS\VRYKUL\7VR_VRYKUL_BONEPILE01.M2,5968,249E0D635CF9E38DD131643E62CE8C4B5309D2F7,D:\Sirus\_client\World of Warcraft Sirus\Risen_Depths_Extract_2026-10-04\AssetClosure\ByArchive\patch-6.MPQ\WORLD\EXPANSION06\DOODADS\VRYKUL\7VR_VRYKUL_BONEPILE0100.skin
1,patch-6.MPQ,World\Expansion06\Doodads\Vrykul\7an_vrykulbones01_256_h.blp,m2-embedded-path,WORLD\EXPANSION06\DOODADS\VRYKUL\7VR_VRYKUL_BONEPILE01.M2 | WORLD\EXPANSION06\DOODADS\VRYKUL\7VR_VRYKUL_BONEPILE02.M2 | WORLD\EXPANSION06\DOODADS\VRYKUL\7VR_VRYKUL_BONEPILE03.M2,88580,349F6A1F3D07A974852AB38742D2608883AD0525,D:\Sirus\_client\World of Warcraft Sirus\Risen_Depths_Extract_2026-10-04\AssetClosure\ByArchive\patch-6.MPQ\World\Expansion06\Doodads\Vrykul\7an_vrykulbones01_256_h.blp
1,patch-6.MPQ,WORLD\EXPANSION06\DOODADS\VRYKUL\7VR_VRYKUL_BONEPILE0200.skin,m2-skin-profile,WORLD\EXPANSION06\DOODADS\VRYKUL\7VR_VRYKUL_BONEPILE02.M2,11552,469D65DFD1FE9ACE683D38DAD12E0E3B56F2C57A,D:\Sirus\_client\World of Warcraft Sirus\Risen_Depths_Extract_2026-10-04\AssetClosure\ByArchive\patch-6.MPQ\WORLD\EXPANSION06\DOODADS\VRYKUL\7VR_VRYKUL_BONEPILE0200.skin
1,patch-6.MPQ,WORLD\EXPANSION06\DOODADS\VRYKUL\7VR_VRYKUL_BONEPILE0300.skin,m2-skin-profile,WORLD\EXPANSION06\DOODADS\VRYKUL\7VR_VRYKUL_BONEPILE03.M2,14432,30729DE506025DCF822E4F03208E2AE882BD3FDE,D:\Sirus\_client\World of Warcraft Sirus\Risen_Depths_Extract_2026-10-04\AssetClosure\ByArchive\patch-6.MPQ\WORLD\EXPANSION06\DOODADS\VRYKUL\7VR_VRYKUL_BONEPILE0300.skin
1,patch-6.MPQ,WORLD\EXPANSION06\DOODADS\VRYKUL\7VR_VRYKUL_GIBBET00.skin,m2-skin-profile,WORLD\EXPANSION06\DOODADS\VRYKUL\7VR_VRYKUL_GIBBET.M2,7840,2EB1D81E6CA0A48E3EA55C456BC6998C7D63D25C,D:\Sirus\_client\World of Warcraft Sirus\Risen_Depths_Extract_2026-10-04\AssetClosure\ByArchive\patch-6.MPQ\WORLD\EXPANSION06\DOODADS\VRYKUL\7VR_VRYKUL_GIBBET00.skin
1,patch-6.MPQ,World\Expansion06\Doodads\Vrykul\7vr_vrykul_cage.blp,m2-embedded-path,WORLD\EXPANSION06\DOODADS\VRYKUL\7VR_VRYKUL_GIBBET.M2,700260,480DD6ADCD76144F9A70C7AB9979362BEE9A0895,D:\Sirus\_client\World of Warcraft Sirus\Risen_Depths_Extract_2026-10-04\AssetClosure\ByArchive\patch-6.MPQ\World\Expansion06\Doodads\Vrykul\7vr_vrykul_cage.blp
1,patch-6.MPQ,World\Expansion06\Doodads\Vrykul\gloweffect4.blp,m2-embedded-path,WORLD\EXPANSION06\DOODADS\VRYKUL\7VR_VRYKUL_GIBBET.M2 | WORLD\Expansion06\Doodads\Vrykul\7VR_VRYKUL_BOWL01.M2 | WORLD\Expansion06\Doodads\Vrykul\7VR_VRYKUL_BOWL03.M2 | WORLD\Expansion06\Doodads\Vrykul\7VR_VRYKUL_GRAVEPROP01.M2 | WORLD\Expansion06\Doodads\Vrykul\7VR_VRYKUL_GRAVEPROP02.M2 | WORLD\Expansion06\Doodads\Vrykul\7VR_VRYKUL_GRAVEPROP03.M2 | WORLD\Expansion06\Doodads\Vrykul\7VR_VRYKUL_GRAVEPROP04.M2 | WORLD\Expansion06\Doodads\Vrykul\7VR_VRYKUL_GRAVEPROP05.M2 | WORLD\Expansion06\Doodads\Vrykul\7VR_VRYKUL_SHIELD01.M2 | WORLD\Expansion06\Doodads\Vrykul\7VR_VRYKUL_SHIELD04.M2 | WORLD\Expansion06\Doodads\Vrykul\7VR_VRYKUL_WEAPON01.M2 | WORLD\Expansion06\Doodads\Vrykul\7VR_VRYKUL_WEAPON04.M2,12108,EC4CCF1868A7E701F89B5E2E89234A41370A04CC,D:\Sirus\_client\World of Warcraft Sirus\Risen_Depths_Extract_2026-10-04\AssetClosure\ByArchive\patch-6.MPQ\World\Expansion06\Doodads\Vrykul\gloweffect4.blp
1,patch-6.MPQ,World\Expansion06\Doodads\Vrykul\7vr_vrykul_signpost.blp,m2-embedded-path,WORLD\EXPANSION06\DOODADS\VRYKUL\7VR_VRYKUL_GIBBET.M2 | WORLD\EXPANSION06\DOODADS\VRYKUL\7VR_VRYKUL_GIBBET01.M2,350724,FAF6C702DA0922C266200456D051107C875051B8,D:\Sirus\_client\World of Warcraft Sirus\Risen_Depths_Extract_2026-10-04\AssetClosure\ByArchive\patch-6.MPQ\World\Expansion06\Doodads\Vrykul\7vr_vrykul_signpost.blp
1,patch-6.MPQ,WORLD\EXPANSION06\DOODADS\VRYKUL\7VR_VRYKUL_GIBBET0100.skin,m2-skin-profile,WORLD\EXPANSION06\DOODADS\VRYKUL\7VR_VRYKUL_GIBBET01.M2,4432,2993A45DDAA67784BD7C7E3CAF114582A294C097,D:\Sirus\_client\World of Warcraft Sirus\Risen_Depths_Extract_2026-10-04\AssetClosure\ByArchive\patch-6.MPQ\WORLD\EXPANSION06\DOODADS\VRYKUL\7VR_VRYKUL_GIBBET0100.skin
1,patch-6.MPQ,World\Expansion06\Doodads\Vrykul\7vr_Vrykul_fence.blp,m2-embedded-path,WORLD\EXPANSION06\DOODADS\VRYKUL\7VR_VRYKUL_GIBBET01.M2,175948,7761D73520808AB1A61ACE764C5DEF4850374578,D:\Sirus\_client\World of Warcraft Sirus\Risen_Depths_Extract_2026-10-04\AssetClosure\ByArchive\patch-6.MPQ\World\Expansion06\Doodads\Vrykul\7vr_Vrykul_fence.blp
1,patch-6.MPQ,WORLD\EXPANSION06\DOODADS\VRYKUL\7VR_VRYKUL_RUNEROCK0100.skin,m2-skin-profile,WORLD\EXPANSION06\DOODADS\VRYKUL\7VR_VRYKUL_RUNEROCK01.M2,1424,BBA817DAF5AF01B9B379444D929ECDD3B1A56DC0,D:\Sirus\_client\World of Warcraft Sirus\Risen_Depths_Extract_2026-10-04\AssetClosure\ByArchive\patch-6.MPQ\WORLD\EXPANSION06\DOODADS\VRYKUL\7VR_VRYKUL_RUNEROCK0100.skin
1,patch-6.MPQ,World\Expansion06\Doodads\Vrykul\7vr_vrykul_runerock.blp,m2-embedded-path,WORLD\EXPANSION06\DOODADS\VRYKUL\7VR_VRYKUL_RUNEROCK01.M2 | WORLD\EXPANSION06\DOODADS\VRYKUL\7VR_VRYKUL_RUNEROCK02.M2 | WORLD\EXPANSION06\DOODADS\VRYKUL\7VR_VRYKUL_RUNEROCK03.M2,700236,0448BD325A9AAF34DE1D7D69DECD96C5624429BC,D:\Sirus\_client\World of Warcraft Sirus\Risen_Depths_Extract_2026-10-04\AssetClosure\ByArchive\patch-6.MPQ\World\Expansion06\Doodads\Vrykul\7vr_vrykul_runerock.blp
1,patch-6.MPQ,World\Expansion06\Doodads\Vrykul\7vr_vrykul_runerock_g.blp,m2-embedded-path,WORLD\EXPANSION06\DOODADS\VRYKUL\7VR_VRYKUL_RUNEROCK01.M2 | WORLD\EXPANSION06\DOODADS\VRYKUL\7VR_VRYKUL_RUNEROCK02.M2 | WORLD\EXPANSION06\DOODADS\VRYKUL\7VR_VRYKUL_RUNEROCK03.M2,12108,757780E785F5CF3A1317BED5BF1246F0B9C2B096,D:\Sirus\_client\World of Warcraft Sirus\Risen_Depths_Extract_2026-10-04\AssetClosure\ByArchive\patch-6.MPQ\World\Expansion06\Doodads\Vrykul\7vr_vrykul_runerock_g.blp
1,patch-6.MPQ,World\Expansion06\Doodads\Vrykul\Incense_White.blp,m2-embedded-path,WORLD\EXPANSION06\DOODADS\VRYKUL\7VR_VRYKUL_RUNEROCK01.M2 | WORLD\EXPANSION06\DOODADS\VRYKUL\7VR_VRYKUL_RUNEROCK02.M2 | WORLD\EXPANSION06\DOODADS\VRYKUL\7VR_VRYKUL_RUNEROCK03.M2,23044,EFBBBB10D4483765303DC4AC355EDD296B3574BF,D:\Sirus\_client\World of Warcraft Sirus\Risen_Depths_Extract_2026-10-04\AssetClosure\ByArchive\patch-6.MPQ\World\Expansion06\Doodads\Vrykul\Incense_White.blp
1,patch-6.MPQ,WORLD\EXPANSION06\DOODADS\VRYKUL\7VR_VRYKUL_RUNEROCK0200.skin,m2-skin-profile,WORLD\EXPANSION06\DOODADS\VRYKUL\7VR_VRYKUL_RUNEROCK02.M2,1472,53688D0656488FE4FE6D1C0903F293EF00706C0F,D:\Sirus\_client\World of Warcraft Sirus\Risen_Depths_Extract_2026-10-04\AssetClosure\ByArchive\patch-6.MPQ\WORLD\EXPANSION06\DOODADS\VRYKUL\7VR_VRYKUL_RUNEROCK0200.skin
1,patch-6.MPQ,WORLD\EXPANSION06\DOODADS\VRYKUL\7VR_VRYKUL_RUNEROCK0300.skin,m2-skin-profile,WORLD\EXPANSION06\DOODADS\VRYKUL\7VR_VRYKUL_RUNEROCK03.M2,1808,6D5AEEC1FFA718506C7323AFB144640C7D6DDDE8,D:\Sirus\_client\World of Warcraft Sirus\Risen_Depths_Extract_2026-10-04\AssetClosure\ByArchive\patch-6.MPQ\WORLD\EXPANSION06\DOODADS\VRYKUL\7VR_VRYKUL_RUNEROCK0300.skin
1,patch-6.MPQ,WORLD\GENERIC\NIGHTELF\PASSIVE DOODADS\RUINS\AZRELFRUIN_UW0100.skin,m2-skin-profile,WORLD\GENERIC\NIGHTELF\PASSIVE DOODADS\RUINS\AZRELFRUIN_UW01.M2,3472,0BB2FF1C97827722DED7A39EA703D484BD157976,D:\Sirus\_client\World of Warcraft Sirus\Risen_Depths_Extract_2026-10-04\AssetClosure\ByArchive\patch-6.MPQ\WORLD\GENERIC\NIGHTELF\PASSIVE DOODADS\RUINS\AZRELFRUIN_UW0100.skin
1,patch-6.MPQ,WORLD\GENERIC\NIGHTELF\PASSIVE DOODADS\RUINS\AZRELFRUIN_UW0300.skin,m2-skin-profile,WORLD\GENERIC\NIGHTELF\PASSIVE DOODADS\RUINS\AZRELFRUIN_UW03.M2,1504,749636206BAF5F49924AA2A96DD58A5437F24579,D:\Sirus\_client\World of Warcraft Sirus\Risen_Depths_Extract_2026-10-04\AssetClosure\ByArchive\patch-6.MPQ\WORLD\GENERIC\NIGHTELF\PASSIVE DOODADS\RUINS\AZRELFRUIN_UW0300.skin
1,patch-6.MPQ,WORLD\GENERIC\NIGHTELF\PASSIVE DOODADS\RUINS\AZRELFRUIN_UW0400.skin,m2-skin-profile,WORLD\GENERIC\NIGHTELF\PASSIVE DOODADS\RUINS\AZRELFRUIN_UW04.M2,1200,A53406336396962AEB2DFFA8589FD0B0F5389372,D:\Sirus\_client\World of Warcraft Sirus\Risen_Depths_Extract_2026-10-04\AssetClosure\ByArchive\patch-6.MPQ\WORLD\GENERIC\NIGHTELF\PASSIVE DOODADS\RUINS\AZRELFRUIN_UW0400.skin
1,patch-6.MPQ,WORLD\GENERIC\NIGHTELF\PASSIVE DOODADS\RUINS\AZRELFRUIN_UW0700.skin,m2-skin-profile,WORLD\GENERIC\NIGHTELF\PASSIVE DOODADS\RUINS\AZRELFRUIN_UW07.M2,2608,4EAB751C7BC02FED49FFF4E74FF4C8BF4551D24E,D:\Sirus\_client\World of Warcraft Sirus\Risen_Depths_Extract_2026-10-04\AssetClosure\ByArchive\patch-6.MPQ\WORLD\GENERIC\NIGHTELF\PASSIVE DOODADS\RUINS\AZRELFRUIN_UW0700.skin
1,patch-6.MPQ,WORLD\GENERIC\NIGHTELF\PASSIVE DOODADS\RUINS\AZRELFRUIN_UW0800.skin,m2-skin-profile,WORLD\GENERIC\NIGHTELF\PASSIVE DOODADS\RUINS\AZRELFRUIN_UW08.M2,6192,E53AE26CAF24B72403FB8EBBBF0EDD0C1114B9A8,D:\Sirus\_client\World of Warcraft Sirus\Risen_Depths_Extract_2026-10-04\AssetClosure\ByArchive\patch-6.MPQ\WORLD\GENERIC\NIGHTELF\PASSIVE DOODADS\RUINS\AZRELFRUIN_UW0800.skin
1,patch-6.MPQ,WORLD\GENERIC\NIGHTELF\PASSIVE DOODADS\RUINS\AZRELFRUIN_UW0900.skin,m2-skin-profile,WORLD\GENERIC\NIGHTELF\PASSIVE DOODADS\RUINS\AZRELFRUIN_UW09.M2,5248,23D95490BD1BFC6A4CB1275E682482B3B8E41416,D:\Sirus\_client\World of Warcraft Sirus\Risen_Depths_Extract_2026-10-04\AssetClosure\ByArchive\patch-6.MPQ\WORLD\GENERIC\NIGHTELF\PASSIVE DOODADS\RUINS\AZRELFRUIN_UW0900.skin
1,patch-6.MPQ,WORLD\GENERIC\NIGHTELF\PASSIVE DOODADS\RUINS\AZRELFRUIN_UW1000.skin,m2-skin-profile,WORLD\GENERIC\NIGHTELF\PASSIVE DOODADS\RUINS\AZRELFRUIN_UW10.M2,5008,5DB36E1308A28A117F0101BD414810CDD382BA6E,D:\Sirus\_client\World of Warcraft Sirus\Risen_Depths_Extract_2026-10-04\AssetClosure\ByArchive\patch-6.MPQ\WORLD\GENERIC\NIGHTELF\PASSIVE DOODADS\RUINS\AZRELFRUIN_UW1000.skin
1,patch-6.MPQ,WORLD\GENERIC\PASSIVEDOODADS\DEATHSKELETONS\NAGAFEMALEDEATHSKELETON00.skin,m2-skin-profile,WORLD\GENERIC\PASSIVEDOODADS\DEATHSKELETONS\NAGAFEMALEDEATHSKELETON.M2,11424,1906CA42D110F9AB19AF220B3766036D98011ED1,D:\Sirus\_client\World of Warcraft Sirus\Risen_Depths_Extract_2026-10-04\AssetClosure\ByArchive\patch-6.MPQ\WORLD\GENERIC\PASSIVEDOODADS\DEATHSKELETONS\NAGAFEMALEDEATHSKELETON00.skin
1,patch-6.MPQ,WORLD\GENERIC\PASSIVEDOODADS\DEATHSKELETONS\NAGAMALEDEATHSKELETON00.skin,m2-skin-profile,WORLD\GENERIC\PASSIVEDOODADS\DEATHSKELETONS\NAGAMALEDEATHSKELETON.M2,11664,A0851C1D63422471DD79813325CD7186B26C2FD1,D:\Sirus\_client\World of Warcraft Sirus\Risen_Depths_Extract_2026-10-04\AssetClosure\ByArchive\patch-6.MPQ\WORLD\GENERIC\PASSIVEDOODADS\DEATHSKELETONS\NAGAMALEDEATHSKELETON00.skin
1,patch-6.MPQ,WORLD\GENERIC\PASSIVEDOODADS\FISH\FISHSCHOOL_0500.skin,m2-skin-profile,WORLD\GENERIC\PASSIVEDOODADS\FISH\FISHSCHOOL_05.M2,3648,9611F4130029FEEF102A3B1E910E08732CE4E4A6,D:\Sirus\_client\World of Warcraft Sirus\Risen_Depths_Extract_2026-10-04\AssetClosure\ByArchive\patch-6.MPQ\WORLD\GENERIC\PASSIVEDOODADS\FISH\FISHSCHOOL_0500.skin
1,patch-6.MPQ,WORLD\GENERIC\PASSIVEDOODADS\FISH\FISHSCHOOL_0501.skin,m2-skin-profile,WORLD\GENERIC\PASSIVEDOODADS\FISH\FISHSCHOOL_05.M2,3648,ACB52436764824E3C0712515443DD6BC816A8F8E,D:\Sirus\_client\World of Warcraft Sirus\Risen_Depths_Extract_2026-10-04\AssetClosure\ByArchive\patch-6.MPQ\WORLD\GENERIC\PASSIVEDOODADS\FISH\FISHSCHOOL_0501.skin
1,patch-6.MPQ,WORLD\GENERIC\PASSIVEDOODADS\FISH\FISHSCHOOL_0502.skin,m2-skin-profile,WORLD\GENERIC\PASSIVEDOODADS\FISH\FISHSCHOOL_05.M2,3648,E9231EEA4F06C8119EB09D96160A09353D527FA1,D:\Sirus\_client\World of Warcraft Sirus\Risen_Depths_Extract_2026-10-04\AssetClosure\ByArchive\patch-6.MPQ\WORLD\GENERIC\PASSIVEDOODADS\FISH\FISHSCHOOL_0502.skin
1,patch-6.MPQ,WORLD\GENERIC\PASSIVEDOODADS\FISH\FISHSCHOOL_0503.skin,m2-skin-profile,WORLD\GENERIC\PASSIVEDOODADS\FISH\FISHSCHOOL_05.M2,3936,7D11F097441AC168E4E57D146E03E26ECE636CCC,D:\Sirus\_client\World of Warcraft Sirus\Risen_Depths_Extract_2026-10-04\AssetClosure\ByArchive\patch-6.MPQ\WORLD\GENERIC\PASSIVEDOODADS\FISH\FISHSCHOOL_0503.skin
1,patch-6.MPQ,WORLD\GENERIC\PASSIVEDOODADS\FISH\FISHBIG_04.BLP,m2-embedded-path,WORLD\GENERIC\PASSIVEDOODADS\FISH\FISHSCHOOL_05.M2,350724,0C7AA995B6E2D064DFF106E077E650F495E999DA,D:\Sirus\_client\World of Warcraft Sirus\Risen_Depths_Extract_2026-10-04\AssetClosure\ByArchive\patch-6.MPQ\WORLD\GENERIC\PASSIVEDOODADS\FISH\FISHBIG_04.BLP
1,patch-6.MPQ,WORLD\GENERIC\PASSIVEDOODADS\FISH\FISH_FELBLOOD_SNAPPA00.skin,m2-skin-profile,WORLD\GENERIC\PASSIVEDOODADS\FISH\FISH_FELBLOOD_SNAPPA.M2,4416,011781C9080A50826F2F43EEFD55D131AA50B3D6,D:\Sirus\_client\World of Warcraft Sirus\Risen_Depths_Extract_2026-10-04\AssetClosure\ByArchive\patch-6.MPQ\WORLD\GENERIC\PASSIVEDOODADS\FISH\FISH_FELBLOOD_SNAPPA00.skin
1,patch-6.MPQ,WORLD\GENERIC\PASSIVEDOODADS\FISH\FISH_FELBLOOD_SNAPPA01.skin,m2-skin-profile,WORLD\GENERIC\PASSIVEDOODADS\FISH\FISH_FELBLOOD_SNAPPA.M2,4688,9AC84D735F70331E074FEB4D7178189897C2D8A6,D:\Sirus\_client\World of Warcraft Sirus\Risen_Depths_Extract_2026-10-04\AssetClosure\ByArchive\patch-6.MPQ\WORLD\GENERIC\PASSIVEDOODADS\FISH\FISH_FELBLOOD_SNAPPA01.skin
1,patch-6.MPQ,WORLD\GENERIC\PASSIVEDOODADS\FISH\FELBLOOD_SNAPPA.BLP,m2-embedded-path,WORLD\GENERIC\PASSIVEDOODADS\FISH\FISH_FELBLOOD_SNAPPA.M2,88580,83545EBDE04E21EF54FC5FA9F75702A11C4FA6EB,D:\Sirus\_client\World of Warcraft Sirus\Risen_Depths_Extract_2026-10-04\AssetClosure\ByArchive\patch-6.MPQ\WORLD\GENERIC\PASSIVEDOODADS\FISH\FELBLOOD_SNAPPA.BLP
1,patch-6.MPQ,WORLD\GENERIC\PASSIVEDOODADS\FISH\FISH_REF_BLUE.BLP,m2-embedded-path,WORLD\GENERIC\PASSIVEDOODADS\FISH\FISH_FELBLOOD_SNAPPA.M2,3916,7FA9E14EEF9BEB8F5B4365C375576C3309FC1C84,D:\Sirus\_client\World of Warcraft Sirus\Risen_Depths_Extract_2026-10-04\AssetClosure\ByArchive\patch-6.MPQ\WORLD\GENERIC\PASSIVEDOODADS\FISH\FISH_REF_BLUE.BLP
1,patch-6.MPQ,WORLD\GENERIC\PVP\COLLISIONWALL\COLLISION_000.wmo,wmo-group,WORLD\GENERIC\PVP\COLLISIONWALL\COLLISION.WMO,1692,3CE7477271CF1BF2D41732186B1FB731C205D685,D:\Sirus\_client\World of Warcraft Sirus\Risen_Depths_Extract_2026-10-04\AssetClosure\ByArchive\patch-6.MPQ\WORLD\GENERIC\PVP\COLLISIONWALL\COLLISION_000.wmo
1,patch-6.MPQ,WORLD\GENERIC\PVP\COLLISIONWALL\COLLISIONWALLPVP0200.skin,m2-skin-profile,WORLD\GENERIC\PVP\COLLISIONWALL\COLLISIONWALLPVP02.M2,368,68D8D26DFFDB7E198FA4B7FAB196CCEC8EA1D321,D:\Sirus\_client\World of Warcraft Sirus\Risen_Depths_Extract_2026-10-04\AssetClosure\ByArchive\patch-6.MPQ\WORLD\GENERIC\PVP\COLLISIONWALL\COLLISIONWALLPVP0200.skin
1,patch-6.MPQ,WORLD\NODXT\DETAIL\TU_GRA0100.skin,m2-skin-profile,WORLD\NODXT\DETAIL\TU_GRA01.M2,384,8843FA401B7DF71F5071327D6AA1366F052EB264,D:\Sirus\_client\World of Warcraft Sirus\Risen_Depths_Extract_2026-10-04\AssetClosure\ByArchive\patch-6.MPQ\WORLD\NODXT\DETAIL\TU_GRA0100.skin
1,patch-6.MPQ,WORLD\EXPANSION04\DOODADS\TURTLEZONE\GRASS\TU_GRASS02.BLP,m2-embedded-path,WORLD\NODXT\DETAIL\TU_GRA01.M2,350724,04098ECF77AE12F1EDE3A7A9ABC96CDF23F709EA,D:\Sirus\_client\World of Warcraft Sirus\Risen_Depths_Extract_2026-10-04\AssetClosure\ByArchive\patch-6.MPQ\WORLD\EXPANSION04\DOODADS\TURTLEZONE\GRASS\TU_GRASS02.BLP
1,patch-6.MPQ,WORLD\SKILLACTIVATED\TRADESKILLNODES\BLACKROCK_MININGNODE_NORMAL00.skin,m2-skin-profile,WORLD\SKILLACTIVATED\TRADESKILLNODES\BLACKROCK_MININGNODE_NORMAL.M2,6912,B8B6EE18F1F88CDA144582FD9C50FCABBD5CE3FC,D:\Sirus\_client\World of Warcraft Sirus\Risen_Depths_Extract_2026-10-04\AssetClosure\ByArchive\patch-6.MPQ\WORLD\SKILLACTIVATED\TRADESKILLNODES\BLACKROCK_MININGNODE_NORMAL00.skin
1,patch-6.MPQ,World\SkillActivated\TradeskillNodes\BlackRock_Miningnode_01.blp,m2-embedded-path,WORLD\SKILLACTIVATED\TRADESKILLNODES\BLACKROCK_MININGNODE_NORMAL.M2 | WORLD\SKILLACTIVATED\TRADESKILLNODES\BLACKROCK_MININGNODE_RICH.M2,88580,2670D23D0D6563ED0402B79CEA1EB3E7CD9C18D7,D:\Sirus\_client\World of Warcraft Sirus\Risen_Depths_Extract_2026-10-04\AssetClosure\ByArchive\patch-6.MPQ\World\SkillActivated\TradeskillNodes\BlackRock_Miningnode_01.blp
1,patch-6.MPQ,World\SkillActivated\TradeskillNodes\oldglass2.blp,m2-embedded-path,WORLD\SKILLACTIVATED\TRADESKILLNODES\BLACKROCK_MININGNODE_NORMAL.M2 | WORLD\SKILLACTIVATED\TRADESKILLNODES\BLACKROCK_MININGNODE_RICH.M2,3916,DF63B63DA9E56DF21003C09BDF236B91BE8AAD85,D:\Sirus\_client\World of Warcraft Sirus\Risen_Depths_Extract_2026-10-04\AssetClosure\ByArchive\patch-6.MPQ\World\SkillActivated\TradeskillNodes\oldglass2.blp
1,patch-6.MPQ,World\SkillActivated\TradeskillNodes\BlackRock_Miningnode_02.blp,m2-embedded-path,WORLD\SKILLACTIVATED\TRADESKILLNODES\BLACKROCK_MININGNODE_NORMAL.M2 | WORLD\SKILLACTIVATED\TRADESKILLNODES\BLACKROCK_MININGNODE_RICH.M2,88580,E7FF6EA703CFA027DD078B050920986007883784,D:\Sirus\_client\World of Warcraft Sirus\Risen_Depths_Extract_2026-10-04\AssetClosure\ByArchive\patch-6.MPQ\World\SkillActivated\TradeskillNodes\BlackRock_Miningnode_02.blp
1,patch-6.MPQ,WORLD\SKILLACTIVATED\TRADESKILLNODES\BLACKROCK_MININGNODE_RICH00.skin,m2-skin-profile,WORLD\SKILLACTIVATED\TRADESKILLNODES\BLACKROCK_MININGNODE_RICH.M2,10352,D8B70E14BC112F9BCD2724EC6320A605F3F400CA,D:\Sirus\_client\World of Warcraft Sirus\Risen_Depths_Extract_2026-10-04\AssetClosure\ByArchive\patch-6.MPQ\WORLD\SKILLACTIVATED\TRADESKILLNODES\BLACKROCK_MININGNODE_RICH00.skin
1,patch-6.MPQ,World\ENVIRONMENT\DOODAD\7.0\ARAKNASHAL\ROCKS\TEXTURE\7AN_ROCKS_02.BLP,wmo-embedded-path|wmo-material-texture,WORLD\WMO\BROKENISLES\ARAKNASHAL\7AN_MOUNTAINCAVE_MEDIUM01.WMO,350716,0AD488CF1B49DAB129D18C8D78E9BAADC6C0D4EF,D:\Sirus\_client\World of Warcraft Sirus\Risen_Depths_Extract_2026-10-04\AssetClosure\ByArchive\patch-6.MPQ\World\ENVIRONMENT\DOODAD\7.0\ARAKNASHAL\ROCKS\TEXTURE\7AN_ROCKS_02.BLP
1,patch-6.MPQ,WORLD\EXPANSION06\DOODADS\ARAKNASHAL\7AN_ROCKSWAMP_C04.M2,wmo-doodad-model|wmo-embedded-path,WORLD\WMO\BROKENISLES\ARAKNASHAL\7AN_MOUNTAINCAVE_MEDIUM01.WMO,7394,C4A2B731A68BBB172D9C859A6921B0910673F798,D:\Sirus\_client\World of Warcraft Sirus\Risen_Depths_Extract_2026-10-04\AssetClosure\ByArchive\patch-6.MPQ\WORLD\EXPANSION06\DOODADS\ARAKNASHAL\7AN_ROCKSWAMP_C04.M2
1,patch-6.MPQ,WORLD\EXPANSION06\DOODADS\ARAKNASHAL\7AN_ROCKSWAMP_A01.M2,wmo-doodad-model|wmo-embedded-path,WORLD\WMO\BROKENISLES\ARAKNASHAL\7AN_MOUNTAINCAVE_MEDIUM01.WMO,6131,E51494A83CD6F29C695F21529F38E9551A596717,D:\Sirus\_client\World of Warcraft Sirus\Risen_Depths_Extract_2026-10-04\AssetClosure\ByArchive\patch-6.MPQ\WORLD\EXPANSION06\DOODADS\ARAKNASHAL\7AN_ROCKSWAMP_A01.M2
1,patch-6.MPQ,WORLD\EXPANSION06\DOODADS\ARAKNASHAL\7AN_ANCIENTTREEROOT_B02.M2,wmo-doodad-model|wmo-embedded-path,WORLD\WMO\BROKENISLES\ARAKNASHAL\7AN_MOUNTAINCAVE_MEDIUM01.WMO,15865,ACE43F8261118E70016D25E70FAC98DB67D82CA7,D:\Sirus\_client\World of Warcraft Sirus\Risen_Depths_Extract_2026-10-04\AssetClosure\ByArchive\patch-6.MPQ\WORLD\EXPANSION06\DOODADS\ARAKNASHAL\7AN_ANCIENTTREEROOT_B02.M2
1,patch-6.MPQ,WORLD\EXPANSION06\DOODADS\ARAKNASHAL\7AN_ANCIENTTREEROOT_B01.M2,wmo-doodad-model|wmo-embedded-path,WORLD\WMO\BROKENISLES\ARAKNASHAL\7AN_MOUNTAINCAVE_MEDIUM01.WMO,16457,A7F39C4D0EA667F8B0C1520730B6AFA17E231B3D,D:\Sirus\_client\World of Warcraft Sirus\Risen_Depths_Extract_2026-10-04\AssetClosure\ByArchive\patch-6.MPQ\WORLD\EXPANSION06\DOODADS\ARAKNASHAL\7AN_ANCIENTTREEROOT_B01.M2
1,patch-6.MPQ,WORLD\EXPANSION06\DOODADS\ARAKNASHAL\7AN_ANCIENTTREEROOT_A01.M2,wmo-doodad-model|wmo-embedded-path,WORLD\WMO\BROKENISLES\ARAKNASHAL\7AN_MOUNTAINCAVE_MEDIUM01.WMO,15481,0C4CA6A4527F39ECBFC3683EF3A04B8183591702,D:\Sirus\_client\World of Warcraft Sirus\Risen_Depths_Extract_2026-10-04\AssetClosure\ByArchive\patch-6.MPQ\WORLD\EXPANSION06\DOODADS\ARAKNASHAL\7AN_ANCIENTTREEROOT_A01.M2
1,patch-6.MPQ,WORLD\EXPANSION06\DOODADS\ARAKNASHAL\7AN_ROCKSTACK_B01.M2,wmo-doodad-model|wmo-embedded-path,WORLD\WMO\BROKENISLES\ARAKNASHAL\7AN_MOUNTAINCAVE_MEDIUM01.WMO,11715,40AE37217FB8D0BEC5D3F9A2FA9D4A14842788DE,D:\Sirus\_client\World of Warcraft Sirus\Risen_Depths_Extract_2026-10-04\AssetClosure\ByArchive\patch-6.MPQ\WORLD\EXPANSION06\DOODADS\ARAKNASHAL\7AN_ROCKSTACK_B01.M2
1,patch-6.MPQ,WORLD\EXPANSION06\DOODADS\ARAKNASHAL\7AN_ROCKSTACK_C01.M2,wmo-doodad-model|wmo-embedded-path,WORLD\WMO\BROKENISLES\ARAKNASHAL\7AN_MOUNTAINCAVE_MEDIUM01.WMO,13699,2F2020B0622DE3DAE216B09E87C402C42A0C660B,D:\Sirus\_client\World of Warcraft Sirus\Risen_Depths_Extract_2026-10-04\AssetClosure\ByArchive\patch-6.MPQ\WORLD\EXPANSION06\DOODADS\ARAKNASHAL\7AN_ROCKSTACK_C01.M2
1,patch-6.MPQ,WORLD\EXPANSION06\DOODADS\ARAKNASHAL\7AN_ROCKSWAMP_C03.M2,wmo-doodad-model|wmo-embedded-path,WORLD\WMO\BROKENISLES\ARAKNASHAL\7AN_MOUNTAINCAVE_MEDIUM01.WMO,11891,CA5A6DD1D5B27B41EEF9ABEA2051CA339B5A585F,D:\Sirus\_client\World of Warcraft Sirus\Risen_Depths_Extract_2026-10-04\AssetClosure\ByArchive\patch-6.MPQ\WORLD\EXPANSION06\DOODADS\ARAKNASHAL\7AN_ROCKSWAMP_C03.M2
1,patch-6.MPQ,WORLD\EXPANSION06\DOODADS\ARAKNASHAL\7AN_ROCKSWAMP_B02.M2,wmo-doodad-model|wmo-embedded-path,WORLD\WMO\BROKENISLES\ARAKNASHAL\7AN_MOUNTAINCAVE_MEDIUM01.WMO,7490,7DD2320124D50DD951CF11D29DFE45EDB60E24E1,D:\Sirus\_client\World of Warcraft Sirus\Risen_Depths_Extract_2026-10-04\AssetClosure\ByArchive\patch-6.MPQ\WORLD\EXPANSION06\DOODADS\ARAKNASHAL\7AN_ROCKSWAMP_B02.M2
1,patch-6.MPQ,WORLD\EXPANSION05\DOODADS\FROSTWINDDESERT\DOODADS\6FW_BONE_RIBS_01.M2,wmo-doodad-model|wmo-embedded-path,WORLD\WMO\BROKENISLES\ARAKNASHAL\7AN_MOUNTAINCAVE_MEDIUM01.WMO,34194,3AD04FBA74C24A89CFC6F8E8C73853AB195A777F,D:\Sirus\_client\World of Warcraft Sirus\Risen_Depths_Extract_2026-10-04\AssetClosure\ByArchive\patch-6.MPQ\WORLD\EXPANSION05\DOODADS\FROSTWINDDESERT\DOODADS\6FW_BONE_RIBS_01.M2
1,patch-6.MPQ,WORLD\EXPANSION05\DOODADS\FROSTWINDDESERT\DOODADS\6FW_BONE_RIBCAGE_01.M2,wmo-doodad-model|wmo-embedded-path,WORLD\WMO\BROKENISLES\ARAKNASHAL\7AN_MOUNTAINCAVE_MEDIUM01.WMO,83346,6C2E42D78D3AA2C2D91D960531801E35FAE4E5A6,D:\Sirus\_client\World of Warcraft Sirus\Risen_Depths_Extract_2026-10-04\AssetClosure\ByArchive\patch-6.MPQ\WORLD\EXPANSION05\DOODADS\FROSTWINDDESERT\DOODADS\6FW_BONE_RIBCAGE_01.M2
1,patch-6.MPQ,WORLD\EXPANSION05\DOODADS\FROSTWINDDESERT\DOODADS\6FW_BONE_SPINE_01.M2,wmo-doodad-model|wmo-embedded-path,WORLD\WMO\BROKENISLES\ARAKNASHAL\7AN_MOUNTAINCAVE_MEDIUM01.WMO,66994,593E1CA442AB1C277B9DF3F66494399CFEC32825,D:\Sirus\_client\World of Warcraft Sirus\Risen_Depths_Extract_2026-10-04\AssetClosure\ByArchive\patch-6.MPQ\WORLD\EXPANSION05\DOODADS\FROSTWINDDESERT\DOODADS\6FW_BONE_SPINE_01.M2
1,patch-6.MPQ,WORLD\EXPANSION06\DOODADS\VRYKUL\7VR_VRYKUL_BONE01.M2,wmo-doodad-model|wmo-embedded-path,WORLD\WMO\BROKENISLES\ARAKNASHAL\7AN_MOUNTAINCAVE_MEDIUM01.WMO,13315,A403F2A04C8501E5F338623A5F401187E51856A3,D:\Sirus\_client\World of Warcraft Sirus\Risen_Depths_Extract_2026-10-04\AssetClosure\ByArchive\patch-6.MPQ\WORLD\EXPANSION06\DOODADS\VRYKUL\7VR_VRYKUL_BONE01.M2
1,patch-6.MPQ,WORLD\EXPANSION03\DOODADS\TWILIGHTHAMMER\DRAGONEGGS\TWILIGHTSHAMMER_DRAGONEGG_01.M2,wmo-doodad-model|wmo-embedded-path,WORLD\WMO\BROKENISLES\ARAKNASHAL\7AN_MOUNTAINCAVE_MEDIUM01.WMO,67202,500E1EF4BE186514D54EE53ECAF93E6BC46B3E39,D:\Sirus\_client\World of Warcraft Sirus\Risen_Depths_Extract_2026-10-04\AssetClosure\ByArchive\patch-6.MPQ\WORLD\EXPANSION03\DOODADS\TWILIGHTHAMMER\DRAGONEGGS\TWILIGHTSHAMMER_DRAGONEGG_01.M2
1,patch-6.MPQ,WORLD\EXPANSION03\DOODADS\TWILIGHTHAMMER\DRAGONEGGS\TWILIGHTSHAMMER_DRAGONEGG_02.M2,wmo-doodad-model|wmo-embedded-path,WORLD\WMO\BROKENISLES\ARAKNASHAL\7AN_MOUNTAINCAVE_MEDIUM01.WMO,34594,617DC90710E5A5517336A4E99E314D818004D541,D:\Sirus\_client\World of Warcraft Sirus\Risen_Depths_Extract_2026-10-04\AssetClosure\ByArchive\patch-6.MPQ\WORLD\EXPANSION03\DOODADS\TWILIGHTHAMMER\DRAGONEGGS\TWILIGHTSHAMMER_DRAGONEGG_02.M2
1,patch-6.MPQ,WORLD\EXPANSION03\DOODADS\WORGEN\EFFECTS\WORGEN_RAINDRIPS_01.M2,wmo-doodad-model|wmo-embedded-path,WORLD\WMO\BROKENISLES\ARAKNASHAL\7AN_MOUNTAINCAVE_MEDIUM01.WMO | WORLD\WMO\CATACLYSM\VASHJIR\CAVES\VASHJIR_SMALL_CAVE.WMO | WORLD\WMO\DUNGEON\MD_SHIPWRECK\TRANSPORT_SHIPWRECK_SUNKENSHIP.WMO,2203,8A3BB3CECCB14608322BC67D9E318852A0C722FE,D:\Sirus\_client\World of Warcraft Sirus\Risen_Depths_Extract_2026-10-04\AssetClosure\ByArchive\patch-6.MPQ\WORLD\EXPANSION03\DOODADS\WORGEN\EFFECTS\WORGEN_RAINDRIPS_01.M2
1,patch-6.MPQ,WORLD\ENVIRONMENT\DOODAD\GENERALDOODADS\STEAMCLOUDS\GENERIC_STEAM_CLOUD_THINNEST.M2,wmo-doodad-model|wmo-embedded-path,WORLD\WMO\BROKENISLES\ARAKNASHAL\7AN_MOUNTAINCAVE_MEDIUM01.WMO,960,088AC573A0FB65A627B0EAB3B2BBE1EFE00DC9DD,D:\Sirus\_client\World of Warcraft Sirus\Risen_Depths_Extract_2026-10-04\AssetClosure\ByArchive\patch-6.MPQ\WORLD\ENVIRONMENT\DOODAD\GENERALDOODADS\STEAMCLOUDS\GENERIC_STEAM_CLOUD_THINNEST.M2
1,patch-6.MPQ,WORLD\EXPANSION05\DOODADS\DUNGEON\DOODADS\6DU_MOONCULTIST_SKELETON_ORCMALE03.M2,wmo-doodad-model|wmo-embedded-path,WORLD\WMO\BROKENISLES\ARAKNASHAL\7AN_MOUNTAINCAVE_MEDIUM01.WMO,37858,B6C76966E26FA3ABAFBAFE443071FD18582DE156,D:\Sirus\_client\World of Warcraft Sirus\Risen_Depths_Extract_2026-10-04\AssetClosure\ByArchive\patch-6.MPQ\WORLD\EXPANSION05\DOODADS\DUNGEON\DOODADS\6DU_MOONCULTIST_SKELETON_ORCMALE03.M2
1,patch-6.MPQ,WORLD\BLACKROCKV2\PASSIVEDOODADS\BLACKROCKV2_BONESCHEWED_07.M2,wmo-doodad-model|wmo-embedded-path,WORLD\WMO\BROKENISLES\ARAKNASHAL\7AN_MOUNTAINCAVE_MEDIUM01.WMO,6620,028BE06F65F7DE440B98888EE8F32559BB5EA644,D:\Sirus\_client\World of Warcraft Sirus\Risen_Depths_Extract_2026-10-04\AssetClosure\ByArchive\patch-6.MPQ\WORLD\BLACKROCKV2\PASSIVEDOODADS\BLACKROCKV2_BONESCHEWED_07.M2
1,patch-6.MPQ,WORLD\EXPANSION04\DOODADS\SAUROK\SAUROK_BONES_10.M2,wmo-doodad-model|wmo-embedded-path,WORLD\WMO\BROKENISLES\ARAKNASHAL\7AN_MOUNTAINCAVE_MEDIUM01.WMO,65073,B71DAAC10AC4CA4DCAA47E8D2801DBA386F522EF,D:\Sirus\_client\World of Warcraft Sirus\Risen_Depths_Extract_2026-10-04\AssetClosure\ByArchive\patch-6.MPQ\WORLD\EXPANSION04\DOODADS\SAUROK\SAUROK_BONES_10.M2
1,patch-6.MPQ,WORLD\BLACKROCKV2\PASSIVEDOODADS\BLACKROCKV2_BONESCHEWED_06.M2,wmo-doodad-model|wmo-embedded-path,WORLD\WMO\BROKENISLES\ARAKNASHAL\7AN_MOUNTAINCAVE_MEDIUM01.WMO,7580,C5420FC9958F51B1935C36B76BE70CDDF61CBD68,D:\Sirus\_client\World of Warcraft Sirus\Risen_Depths_Extract_2026-10-04\AssetClosure\ByArchive\patch-6.MPQ\WORLD\BLACKROCKV2\PASSIVEDOODADS\BLACKROCKV2_BONESCHEWED_06.M2
1,patch-6.MPQ,WORLD\EXPANSION06\DOODADS\ARAKNASHAL\7AN_LEAFPILE_B01.M2,wmo-doodad-model|wmo-embedded-path,WORLD\WMO\BROKENISLES\ARAKNASHAL\7AN_MOUNTAINCAVE_MEDIUM01.WMO,3586,EBB5355C8A0B72EEB55968E98B6206EA0A3BEB7C,D:\Sirus\_client\World of Warcraft Sirus\Risen_Depths_Extract_2026-10-04\AssetClosure\ByArchive\patch-6.MPQ\WORLD\EXPANSION06\DOODADS\ARAKNASHAL\7AN_LEAFPILE_B01.M2
1,patch-6.MPQ,WORLD\EXPANSION02\DOODADS\GENERIC\VRYKUL\HAY\VR_STRAW_SMALL_01.M2,wmo-doodad-model|wmo-embedded-path,WORLD\WMO\BROKENISLES\ARAKNASHAL\7AN_MOUNTAINCAVE_MEDIUM01.WMO,14562,2330CDEC483D047024FB89B0A44D988CA765BEBD,D:\Sirus\_client\World of Warcraft Sirus\Risen_Depths_Extract_2026-10-04\AssetClosure\ByArchive\patch-6.MPQ\WORLD\EXPANSION02\DOODADS\GENERIC\VRYKUL\HAY\VR_STRAW_SMALL_01.M2
1,patch-6.MPQ,WORLD\EXPANSION04\DOODADS\SAUROK\SAUROK_BONES_03.M2,wmo-doodad-model|wmo-embedded-path,WORLD\WMO\BROKENISLES\ARAKNASHAL\7AN_MOUNTAINCAVE_MEDIUM01.WMO,54273,AC86060AD7A994DDE80EFA13351A5A7707B484CD,D:\Sirus\_client\World of Warcraft Sirus\Risen_Depths_Extract_2026-10-04\AssetClosure\ByArchive\patch-6.MPQ\WORLD\EXPANSION04\DOODADS\SAUROK\SAUROK_BONES_03.M2
1,patch-6.MPQ,WORLD\EXPANSION04\DOODADS\SAUROK\SAUROK_BONES_09.M2,wmo-doodad-model|wmo-embedded-path,WORLD\WMO\BROKENISLES\ARAKNASHAL\7AN_MOUNTAINCAVE_MEDIUM01.WMO,70177,E270D145E39136195927DDE489E7E7FDE52F5015,D:\Sirus\_client\World of Warcraft Sirus\Risen_Depths_Extract_2026-10-04\AssetClosure\ByArchive\patch-6.MPQ\WORLD\EXPANSION04\DOODADS\SAUROK\SAUROK_BONES_09.M2
1,patch-6.MPQ,WORLD\BLACKROCKV2\PASSIVEDOODADS\BLACKROCKV2_BONESCHEWED_05.M2,wmo-doodad-model|wmo-embedded-path,WORLD\WMO\BROKENISLES\ARAKNASHAL\7AN_MOUNTAINCAVE_MEDIUM01.WMO,5820,9D91038886FB5DED130414AE882493B9DCB6CB8C,D:\Sirus\_client\World of Warcraft Sirus\Risen_Depths_Extract_2026-10-04\AssetClosure\ByArchive\patch-6.MPQ\WORLD\BLACKROCKV2\PASSIVEDOODADS\BLACKROCKV2_BONESCHEWED_05.M2
1,patch-6.MPQ,WORLD\EXPANSION04\DOODADS\SAUROK\SAUROK_BONES_05.M2,wmo-doodad-model|wmo-embedded-path,WORLD\WMO\BROKENISLES\ARAKNASHAL\7AN_MOUNTAINCAVE_MEDIUM01.WMO,7393,23AC00E3FDFD962CCD388961BD4B3032CA9AA8ED,D:\Sirus\_client\World of Warcraft Sirus\Risen_Depths_Extract_2026-10-04\AssetClosure\ByArchive\patch-6.MPQ\WORLD\EXPANSION04\DOODADS\SAUROK\SAUROK_BONES_05.M2
1,patch-6.MPQ,WORLD\EXPANSION06\DOODADS\VRYKUL\7VR_VRYKUL_BOWL03.M2,wmo-doodad-model|wmo-embedded-path,WORLD\WMO\BROKENISLES\ARAKNASHAL\7AN_MOUNTAINCAVE_MEDIUM01.WMO,19433,CF50AE3D2D0B17672B6B0A4D2835DB6244906906,D:\Sirus\_client\World of Warcraft Sirus\Risen_Depths_Extract_2026-10-04\AssetClosure\ByArchive\patch-6.MPQ\WORLD\EXPANSION06\DOODADS\VRYKUL\7VR_VRYKUL_BOWL03.M2
1,patch-6.MPQ,WORLD\EXPANSION06\DOODADS\LEGION\7LG_LEGION_CHAINS06.M2,wmo-doodad-model|wmo-embedded-path,WORLD\WMO\BROKENISLES\ARAKNASHAL\7AN_MOUNTAINCAVE_MEDIUM01.WMO,85010,17B7C2CD3FA9DAA101546B9A378693ABA494E7F1,D:\Sirus\_client\World of Warcraft Sirus\Risen_Depths_Extract_2026-10-04\AssetClosure\ByArchive\patch-6.MPQ\WORLD\EXPANSION06\DOODADS\LEGION\7LG_LEGION_CHAINS06.M2
1,patch-6.MPQ,WORLD\EXPANSION06\DOODADS\LEGION\7LG_LEGION_CHAINS07.M2,wmo-doodad-model|wmo-embedded-path,WORLD\WMO\BROKENISLES\ARAKNASHAL\7AN_MOUNTAINCAVE_MEDIUM01.WMO,122930,DE3E1A6E1CA0BBD7E4F4EF7AFDBF9C8F5A8C2CA0,D:\Sirus\_client\World of Warcraft Sirus\Risen_Depths_Extract_2026-10-04\AssetClosure\ByArchive\patch-6.MPQ\WORLD\EXPANSION06\DOODADS\LEGION\7LG_LEGION_CHAINS07.M2
1,patch-6.MPQ,WORLD\EXPANSION06\DOODADS\LEGION\7LG_LEGION_CHAINS03.M2,wmo-doodad-model|wmo-embedded-path,WORLD\WMO\BROKENISLES\ARAKNASHAL\7AN_MOUNTAINCAVE_MEDIUM01.WMO,69650,0B95B0A6B0BFB937584721F45D01212B439BD975,D:\Sirus\_client\World of Warcraft Sirus\Risen_Depths_Extract_2026-10-04\AssetClosure\ByArchive\patch-6.MPQ\WORLD\EXPANSION06\DOODADS\LEGION\7LG_LEGION_CHAINS03.M2
1,patch-6.MPQ,WORLD\EXPANSION06\DOODADS\LEGION\7LG_LEGION_CAGEHANGING01.M2,wmo-doodad-model|wmo-embedded-path,WORLD\WMO\BROKENISLES\ARAKNASHAL\7AN_MOUNTAINCAVE_MEDIUM01.WMO,88384,994B3E83F53439EC3A2F373893DF0480FE5E90A8,D:\Sirus\_client\World of Warcraft Sirus\Risen_Depths_Extract_2026-10-04\AssetClosure\ByArchive\patch-6.MPQ\WORLD\EXPANSION06\DOODADS\LEGION\7LG_LEGION_CAGEHANGING01.M2
1,patch-6.MPQ,WORLD\EXPANSION06\DOODADS\LEGION\7LG_LEGION_CAGE01.M2,wmo-doodad-model|wmo-embedded-path,WORLD\WMO\BROKENISLES\ARAKNASHAL\7AN_MOUNTAINCAVE_MEDIUM01.WMO,83026,7EFD6982E9AF862F1EDAA45A373839D8D0281AF0,D:\Sirus\_client\World of Warcraft Sirus\Risen_Depths_Extract_2026-10-04\AssetClosure\ByArchive\patch-6.MPQ\WORLD\EXPANSION06\DOODADS\LEGION\7LG_LEGION_CAGE01.M2
1,patch-6.MPQ,WORLD\EXPANSION06\DOODADS\LEGION\7LG_LEGION_CAGE02.M2,wmo-doodad-model|wmo-embedded-path,WORLD\WMO\BROKENISLES\ARAKNASHAL\7AN_MOUNTAINCAVE_MEDIUM01.WMO,97424,46FE5E3471B954CA0389A35BE03241A13098431B,D:\Sirus\_client\World of Warcraft Sirus\Risen_Depths_Extract_2026-10-04\AssetClosure\ByArchive\patch-6.MPQ\WORLD\EXPANSION06\DOODADS\LEGION\7LG_LEGION_CAGE02.M2
1,patch-6.MPQ,WORLD\EXPANSION06\DOODADS\LEGION\7LG_LEGION_COMMUNICATIONORB01.M2,wmo-doodad-model|wmo-embedded-path,WORLD\WMO\BROKENISLES\ARAKNASHAL\7AN_MOUNTAINCAVE_MEDIUM01.WMO,133278,474A5B1928D4D7C6C0A541871B389C899FC13D69,D:\Sirus\_client\World of Warcraft Sirus\Risen_Depths_Extract_2026-10-04\AssetClosure\ByArchive\patch-6.MPQ\WORLD\EXPANSION06\DOODADS\LEGION\7LG_LEGION_COMMUNICATIONORB01.M2
1,patch-6.MPQ,WORLD\EXPANSION06\DOODADS\LEGION\7LG_LEGION_CHAINSENDCAP01.M2,wmo-doodad-model|wmo-embedded-path,WORLD\WMO\BROKENISLES\ARAKNASHAL\7AN_MOUNTAINCAVE_MEDIUM01.WMO,3570,7FD7758692ECB3B39449D7A63A8F39A10D9B8B2C,D:\Sirus\_client\World of Warcraft Sirus\Risen_Depths_Extract_2026-10-04\AssetClosure\ByArchive\patch-6.MPQ\WORLD\EXPANSION06\DOODADS\LEGION\7LG_LEGION_CHAINSENDCAP01.M2
1,patch-6.MPQ,WORLD\EXPANSION06\DOODADS\LEGION\7LG_LEGION_CHAINS02.M2,wmo-doodad-model|wmo-embedded-path,WORLD\WMO\BROKENISLES\ARAKNASHAL\7AN_MOUNTAINCAVE_MEDIUM01.WMO,70994,2C7488A08056A1C88DFB53AD3106F3BCB67AAA75,D:\Sirus\_client\World of Warcraft Sirus\Risen_Depths_Extract_2026-10-04\AssetClosure\ByArchive\patch-6.MPQ\WORLD\EXPANSION06\DOODADS\LEGION\7LG_LEGION_CHAINS02.M2
1,patch-6.MPQ,WORLD\EXPANSION05\DOODADS\SABERON\6SB_SABERON_MEATS04.M2,wmo-doodad-model|wmo-embedded-path,WORLD\WMO\BROKENISLES\ARAKNASHAL\7AN_MOUNTAINCAVE_MEDIUM01.WMO,66117,66BC3C64BF5E72B081CE4F176B35F9F2723B90D3,D:\Sirus\_client\World of Warcraft Sirus\Risen_Depths_Extract_2026-10-04\AssetClosure\ByArchive\patch-6.MPQ\WORLD\EXPANSION05\DOODADS\SABERON\6SB_SABERON_MEATS04.M2
1,patch-6.MPQ,WORLD\EXPANSION06\DOODADS\LEGION\7LG_LEGION_CAGEHANGINGANIM03.M2,wmo-doodad-model|wmo-embedded-path,WORLD\WMO\BROKENISLES\ARAKNASHAL\7AN_MOUNTAINCAVE_MEDIUM01.WMO,167804,5D4348E33586C3781281BB6C962261CACD0035B4,D:\Sirus\_client\World of Warcraft Sirus\Risen_Depths_Extract_2026-10-04\AssetClosure\ByArchive\patch-6.MPQ\WORLD\EXPANSION06\DOODADS\LEGION\7LG_LEGION_CAGEHANGINGANIM03.M2
1,patch-6.MPQ,WORLD\EXPANSION06\DOODADS\LEGION\7LG_LEGION_CAGEHANGINGANIM02.M2,wmo-doodad-model|wmo-embedded-path,WORLD\WMO\BROKENISLES\ARAKNASHAL\7AN_MOUNTAINCAVE_MEDIUM01.WMO,142192,AA71575C2D5847FEEF915B8F4EE457BDA347D8A9,D:\Sirus\_client\World of Warcraft Sirus\Risen_Depths_Extract_2026-10-04\AssetClosure\ByArchive\patch-6.MPQ\WORLD\EXPANSION06\DOODADS\LEGION\7LG_LEGION_CAGEHANGINGANIM02.M2
1,patch-6.MPQ,WORLD\EXPANSION06\DOODADS\LEGION\7LG_LEGION_CAGEHANGINGANIM01.M2,wmo-doodad-model|wmo-embedded-path,WORLD\WMO\BROKENISLES\ARAKNASHAL\7AN_MOUNTAINCAVE_MEDIUM01.WMO,108376,4734C1BB2C8234F7435C73605745C84A4502C755,D:\Sirus\_client\World of Warcraft Sirus\Risen_Depths_Extract_2026-10-04\AssetClosure\ByArchive\patch-6.MPQ\WORLD\EXPANSION06\DOODADS\LEGION\7LG_LEGION_CAGEHANGINGANIM01.M2
1,patch-6.MPQ,WORLD\EXPANSION05\DOODADS\DUNGEON\DOODADS\6DU_MOONCULTIST_SKELETON_ORCMALE02.M2,wmo-doodad-model|wmo-embedded-path,WORLD\WMO\BROKENISLES\ARAKNASHAL\7AN_MOUNTAINCAVE_MEDIUM01.WMO,42178,F1E6A977C26A9B994C6053C43E13237081CFEB77,D:\Sirus\_client\World of Warcraft Sirus\Risen_Depths_Extract_2026-10-04\AssetClosure\ByArchive\patch-6.MPQ\WORLD\EXPANSION05\DOODADS\DUNGEON\DOODADS\6DU_MOONCULTIST_SKELETON_ORCMALE02.M2
1,patch-6.MPQ,WORLD\EXPANSION06\DOODADS\VRYKUL\7VR_VRYKUL_RITUALROCKS.M2,wmo-doodad-model|wmo-embedded-path,WORLD\WMO\BROKENISLES\ARAKNASHAL\7AN_MOUNTAINCAVE_MEDIUM01.WMO,6648,8496C40DCAC953920B1E69AC217B33F6BBD63377,D:\Sirus\_client\World of Warcraft Sirus\Risen_Depths_Extract_2026-10-04\AssetClosure\ByArchive\patch-6.MPQ\WORLD\EXPANSION06\DOODADS\VRYKUL\7VR_VRYKUL_RITUALROCKS.M2
1,patch-6.MPQ,WORLD\EXPANSION06\DOODADS\VRYKUL\7VR_VRYKUL_WEAPON04.M2,wmo-doodad-model|wmo-embedded-path,WORLD\WMO\BROKENISLES\ARAKNASHAL\7AN_MOUNTAINCAVE_MEDIUM01.WMO,7083,F4CFDB53EE2237973A0CA46D7795A33E387A6461,D:\Sirus\_client\World of Warcraft Sirus\Risen_Depths_Extract_2026-10-04\AssetClosure\ByArchive\patch-6.MPQ\WORLD\EXPANSION06\DOODADS\VRYKUL\7VR_VRYKUL_WEAPON04.M2
1,patch-6.MPQ,WORLD\EXPANSION06\DOODADS\VRYKUL\7VR_VRYKUL_SHIELD01.M2,wmo-doodad-model|wmo-embedded-path,WORLD\WMO\BROKENISLES\ARAKNASHAL\7AN_MOUNTAINCAVE_MEDIUM01.WMO,4155,0238F5958167781CF3583C40E053C5EEA1972E3F,D:\Sirus\_client\World of Warcraft Sirus\Risen_Depths_Extract_2026-10-04\AssetClosure\ByArchive\patch-6.MPQ\WORLD\EXPANSION06\DOODADS\VRYKUL\7VR_VRYKUL_SHIELD01.M2
1,patch-6.MPQ,WORLD\EXPANSION05\DOODADS\ORCCLANS\6OC_ORCCLANS_TORCH02_LIGHT.M2,wmo-doodad-model|wmo-embedded-path,WORLD\WMO\BROKENISLES\ARAKNASHAL\7AN_MOUNTAINCAVE_MEDIUM01.WMO,7282,39856CECEE7D8DE029AF4772C46996C5A8296A61,D:\Sirus\_client\World of Warcraft Sirus\Risen_Depths_Extract_2026-10-04\AssetClosure\ByArchive\patch-6.MPQ\WORLD\EXPANSION05\DOODADS\ORCCLANS\6OC_ORCCLANS_TORCH02_LIGHT.M2
1,patch-6.MPQ,WORLD\EXPANSION06\DOODADS\ARAKNASHAL\7AN_MUSHROOMCLUMP_A02.M2,wmo-doodad-model|wmo-embedded-path,WORLD\WMO\BROKENISLES\ARAKNASHAL\7AN_MOUNTAINCAVE_MEDIUM01.WMO,12711,19D3014054CCA183AE09934453FDD8F95B3BEE4A,D:\Sirus\_client\World of Warcraft Sirus\Risen_Depths_Extract_2026-10-04\AssetClosure\ByArchive\patch-6.MPQ\WORLD\EXPANSION06\DOODADS\ARAKNASHAL\7AN_MUSHROOMCLUMP_A02.M2
1,patch-6.MPQ,WORLD\EXPANSION06\DOODADS\ARAKNASHAL\7AN_MUSHROOMCLUMP_B02.M2,wmo-doodad-model|wmo-embedded-path,WORLD\WMO\BROKENISLES\ARAKNASHAL\7AN_MOUNTAINCAVE_MEDIUM01.WMO,21165,256EE8B2AB21E460A1F239F2266C77B45B4F74F6,D:\Sirus\_client\World of Warcraft Sirus\Risen_Depths_Extract_2026-10-04\AssetClosure\ByArchive\patch-6.MPQ\WORLD\EXPANSION06\DOODADS\ARAKNASHAL\7AN_MUSHROOMCLUMP_B02.M2
1,patch-6.MPQ,WORLD\EXPANSION06\DOODADS\ARAKNASHAL\7AN_MUSHROOMCLUMP_C02_LIGHT.M2,wmo-doodad-model|wmo-embedded-path,WORLD\WMO\BROKENISLES\ARAKNASHAL\7AN_MOUNTAINCAVE_MEDIUM01.WMO,14541,C839EF0299E7E8F46F487C746320CBCA7BFE9F0A,D:\Sirus\_client\World of Warcraft Sirus\Risen_Depths_Extract_2026-10-04\AssetClosure\ByArchive\patch-6.MPQ\WORLD\EXPANSION06\DOODADS\ARAKNASHAL\7AN_MUSHROOMCLUMP_C02_LIGHT.M2
1,patch-6.MPQ,WORLD\EXPANSION06\DOODADS\ARAKNASHAL\7AN_FUNGUS_A02.M2,wmo-doodad-model|wmo-embedded-path,WORLD\WMO\BROKENISLES\ARAKNASHAL\7AN_MOUNTAINCAVE_MEDIUM01.WMO,3840,EE17711F2669009A3D5E904E0E645A3212060912,D:\Sirus\_client\World of Warcraft Sirus\Risen_Depths_Extract_2026-10-04\AssetClosure\ByArchive\patch-6.MPQ\WORLD\EXPANSION06\DOODADS\ARAKNASHAL\7AN_FUNGUS_A02.M2
1,patch-6.MPQ,WORLD\EXPANSION06\DOODADS\ARAKNASHAL\7AN_FUNGUS_B02.M2,wmo-doodad-model|wmo-embedded-path,WORLD\WMO\BROKENISLES\ARAKNASHAL\7AN_MOUNTAINCAVE_MEDIUM01.WMO,10048,F9FE8BFB99C26E2F1F2D8C64308EA75528DB1EF9,D:\Sirus\_client\World of Warcraft Sirus\Risen_Depths_Extract_2026-10-04\AssetClosure\ByArchive\patch-6.MPQ\WORLD\EXPANSION06\DOODADS\ARAKNASHAL\7AN_FUNGUS_B02.M2
1,patch-6.MPQ,WORLD\EXPANSION06\DOODADS\ARAKNASHAL\7AN_FUNGUS_C02.M2,wmo-doodad-model|wmo-embedded-path,WORLD\WMO\BROKENISLES\ARAKNASHAL\7AN_MOUNTAINCAVE_MEDIUM01.WMO,12784,08DB376366A734731E532552FCAB9C0C37DAB475,D:\Sirus\_client\World of Warcraft Sirus\Risen_Depths_Extract_2026-10-04\AssetClosure\ByArchive\patch-6.MPQ\WORLD\EXPANSION06\DOODADS\ARAKNASHAL\7AN_FUNGUS_C02.M2
1,patch-6.MPQ,WORLD\EXPANSION06\DOODADS\FX\7FX_LIGHTSHAFTGENERICSMALL_LIGHT.M2,wmo-doodad-model|wmo-embedded-path,WORLD\WMO\BROKENISLES\ARAKNASHAL\7AN_MOUNTAINCAVE_MEDIUM01.WMO,4008,2B65809AEED3F67E665F616269148BD20DDFC4AE,D:\Sirus\_client\World of Warcraft Sirus\Risen_Depths_Extract_2026-10-04\AssetClosure\ByArchive\patch-6.MPQ\WORLD\EXPANSION06\DOODADS\FX\7FX_LIGHTSHAFTGENERICSMALL_LIGHT.M2
1,patch-6.MPQ,WORLD\EXPANSION06\DOODADS\HIGHMOUNTAIN\7HM_WHITEMUSHROOM_B01_LIGHT.M2,wmo-doodad-model|wmo-embedded-path,WORLD\WMO\BROKENISLES\ARAKNASHAL\7AN_MOUNTAINCAVE_MEDIUM01.WMO,8514,673AB16FFDEC556CDA118154B006A1FCCFBE10B4,D:\Sirus\_client\World of Warcraft Sirus\Risen_Depths_Extract_2026-10-04\AssetClosure\ByArchive\patch-6.MPQ\WORLD\EXPANSION06\DOODADS\HIGHMOUNTAIN\7HM_WHITEMUSHROOM_B01_LIGHT.M2
1,patch-6.MPQ,WORLD\EXPANSION06\DOODADS\HIGHMOUNTAIN\7HM_WHITEMUSHROOM_C01_LIGHT.M2,wmo-doodad-model|wmo-embedded-path,WORLD\WMO\BROKENISLES\ARAKNASHAL\7AN_MOUNTAINCAVE_MEDIUM01.WMO,12642,D13C308341AA4593316DD8E5E86B094D9F5918D8,D:\Sirus\_client\World of Warcraft Sirus\Risen_Depths_Extract_2026-10-04\AssetClosure\ByArchive\patch-6.MPQ\WORLD\EXPANSION06\DOODADS\HIGHMOUNTAIN\7HM_WHITEMUSHROOM_C01_LIGHT.M2
1,patch-6.MPQ,WORLD\EXPANSION06\DOODADS\ARAKNASHAL\7AN_MUSHROOMCLUMP_C02.M2,wmo-doodad-model|wmo-embedded-path,WORLD\WMO\BROKENISLES\ARAKNASHAL\7AN_MOUNTAINCAVE_MEDIUM01.WMO,13911,B0C8C1E2969AAE9D47D87E5B4133148063216257,D:\Sirus\_client\World of Warcraft Sirus\Risen_Depths_Extract_2026-10-04\AssetClosure\ByArchive\patch-6.MPQ\WORLD\EXPANSION06\DOODADS\ARAKNASHAL\7AN_MUSHROOMCLUMP_C02.M2
1,patch-6.MPQ,WORLD\EXPANSION05\DOODADS\SPIRESOFARRAK\DOODADS\6SA_MUSHROOM_WHITE_A01.M2,wmo-doodad-model|wmo-embedded-path,WORLD\WMO\BROKENISLES\ARAKNASHAL\7AN_MOUNTAINCAVE_MEDIUM01.WMO,5176,79ADE53F5FF077CF8F343E92208D418824D57EF8,D:\Sirus\_client\World of Warcraft Sirus\Risen_Depths_Extract_2026-10-04\AssetClosure\ByArchive\patch-6.MPQ\WORLD\EXPANSION05\DOODADS\SPIRESOFARRAK\DOODADS\6SA_MUSHROOM_WHITE_A01.M2
1,patch-6.MPQ,WORLD\EXPANSION06\DOODADS\NAGA\7NG_NAGA_SHIELD.M2,wmo-doodad-model|wmo-embedded-path,WORLD\WMO\BROKENISLES\ARAKNASHAL\7AN_MOUNTAINCAVE_MEDIUM01.WMO,5895,2A17E00191C28C7321E4BABCB07BE70CDE882DD4,D:\Sirus\_client\World of Warcraft Sirus\Risen_Depths_Extract_2026-10-04\AssetClosure\ByArchive\patch-6.MPQ\WORLD\EXPANSION06\DOODADS\NAGA\7NG_NAGA_SHIELD.M2
1,patch-6.MPQ,WORLD\EXPANSION06\DOODADS\NAGA\7NG_NAGA_WEAPONRACK03EMPTY.M2,wmo-doodad-model|wmo-embedded-path,WORLD\WMO\BROKENISLES\ARAKNASHAL\7AN_MOUNTAINCAVE_MEDIUM01.WMO,30184,74288C314735CCA871B2BD79E08B616F170B7D24,D:\Sirus\_client\World of Warcraft Sirus\Risen_Depths_Extract_2026-10-04\AssetClosure\ByArchive\patch-6.MPQ\WORLD\EXPANSION06\DOODADS\NAGA\7NG_NAGA_WEAPONRACK03EMPTY.M2
1,patch-6.MPQ,WORLD\EXPANSION06\DOODADS\NAGA\7NG_NAGA_TRIDENT02.M2,wmo-doodad-model|wmo-embedded-path,WORLD\WMO\BROKENISLES\ARAKNASHAL\7AN_MOUNTAINCAVE_MEDIUM01.WMO,9416,9F1E0FD7CD1EFCC0E3C3990C26DFF57F604ACEFE,D:\Sirus\_client\World of Warcraft Sirus\Risen_Depths_Extract_2026-10-04\AssetClosure\ByArchive\patch-6.MPQ\WORLD\EXPANSION06\DOODADS\NAGA\7NG_NAGA_TRIDENT02.M2
1,patch-6.MPQ,WORLD\EXPANSION06\DOODADS\NAGA\7NG_NAGA_GLAIVE.M2,wmo-doodad-model|wmo-embedded-path,WORLD\WMO\BROKENISLES\ARAKNASHAL\7AN_MOUNTAINCAVE_MEDIUM01.WMO,7096,DA78ABDAF10AEE4820EB5132687CB09274852DD6,D:\Sirus\_client\World of Warcraft Sirus\Risen_Depths_Extract_2026-10-04\AssetClosure\ByArchive\patch-6.MPQ\WORLD\EXPANSION06\DOODADS\NAGA\7NG_NAGA_GLAIVE.M2
1,patch-6.MPQ,WORLD\EXPANSION05\DOODADS\DUNGEON\DOODADS\6DU_MOONCULTIST_SKELETON_ORCMALE01.M2,wmo-doodad-model|wmo-embedded-path,WORLD\WMO\BROKENISLES\ARAKNASHAL\7AN_MOUNTAINCAVE_MEDIUM01.WMO,46196,12049DFE96BFC296B550E7C4FB58895FE01E6C1D,D:\Sirus\_client\World of Warcraft Sirus\Risen_Depths_Extract_2026-10-04\AssetClosure\ByArchive\patch-6.MPQ\WORLD\EXPANSION05\DOODADS\DUNGEON\DOODADS\6DU_MOONCULTIST_SKELETON_ORCMALE01.M2
1,patch-6.MPQ,WORLD\EXPANSION06\DOODADS\VRYKUL\7VR_VRYKUL_ALTAR01.M2,wmo-doodad-model|wmo-embedded-path,WORLD\WMO\BROKENISLES\ARAKNASHAL\7AN_MOUNTAINCAVE_MEDIUM01.WMO,93166,DBD5BD8EDCC5842655BE02D2D4DE43E9CB60A434,D:\Sirus\_client\World of Warcraft Sirus\Risen_Depths_Extract_2026-10-04\AssetClosure\ByArchive\patch-6.MPQ\WORLD\EXPANSION06\DOODADS\VRYKUL\7VR_VRYKUL_ALTAR01.M2
1,patch-6.MPQ,WORLD\EXPANSION06\DOODADS\VRYKUL\7VR_VRYKUL_BOWL01.M2,wmo-doodad-model|wmo-embedded-path,WORLD\WMO\BROKENISLES\ARAKNASHAL\7AN_MOUNTAINCAVE_MEDIUM01.WMO,19001,1CBB3AA1E56A50F676968C245D076A8AD8308B81,D:\Sirus\_client\World of Warcraft Sirus\Risen_Depths_Extract_2026-10-04\AssetClosure\ByArchive\patch-6.MPQ\WORLD\EXPANSION06\DOODADS\VRYKUL\7VR_VRYKUL_BOWL01.M2
1,patch-6.MPQ,WORLD\EXPANSION06\DOODADS\VRYKUL\7VR_VRYKUL_GRAVEPROP04.M2,wmo-doodad-model|wmo-embedded-path,WORLD\WMO\BROKENISLES\ARAKNASHAL\7AN_MOUNTAINCAVE_MEDIUM01.WMO,14366,9E32BA052B8B5BBC2661E812C04AB2438D33C6D2,D:\Sirus\_client\World of Warcraft Sirus\Risen_Depths_Extract_2026-10-04\AssetClosure\ByArchive\patch-6.MPQ\WORLD\EXPANSION06\DOODADS\VRYKUL\7VR_VRYKUL_GRAVEPROP04.M2
1,patch-6.MPQ,WORLD\EXPANSION06\DOODADS\VRYKUL\7VR_VRYKUL_SHIELD04.M2,wmo-doodad-model|wmo-embedded-path,WORLD\WMO\BROKENISLES\ARAKNASHAL\7AN_MOUNTAINCAVE_MEDIUM01.WMO,3243,2C6A7D0163EA7B0DE43B861E1010ECC51BFE3BC3,D:\Sirus\_client\World of Warcraft Sirus\Risen_Depths_Extract_2026-10-04\AssetClosure\ByArchive\patch-6.MPQ\WORLD\EXPANSION06\DOODADS\VRYKUL\7VR_VRYKUL_SHIELD04.M2
1,patch-6.MPQ,WORLD\EXPANSION06\DOODADS\VRYKUL\7VR_VRYKUL_GRAVEPROP02.M2,wmo-doodad-model|wmo-embedded-path,WORLD\WMO\BROKENISLES\ARAKNASHAL\7AN_MOUNTAINCAVE_MEDIUM01.WMO,4958,D7C0B547F8FE53A91BFD0547095E814CB693F2BB,D:\Sirus\_client\World of Warcraft Sirus\Risen_Depths_Extract_2026-10-04\AssetClosure\ByArchive\patch-6.MPQ\WORLD\EXPANSION06\DOODADS\VRYKUL\7VR_VRYKUL_GRAVEPROP02.M2
1,patch-6.MPQ,WORLD\EXPANSION06\DOODADS\VRYKUL\7VR_VRYKUL_GRAVEPROP05.M2,wmo-doodad-model|wmo-embedded-path,WORLD\WMO\BROKENISLES\ARAKNASHAL\7AN_MOUNTAINCAVE_MEDIUM01.WMO,5198,46216FF4C9531B27DC3E51FD666A076E23D86AD1,D:\Sirus\_client\World of Warcraft Sirus\Risen_Depths_Extract_2026-10-04\AssetClosure\ByArchive\patch-6.MPQ\WORLD\EXPANSION06\DOODADS\VRYKUL\7VR_VRYKUL_GRAVEPROP05.M2
1,patch-6.MPQ,WORLD\EXPANSION06\DOODADS\VRYKUL\7VR_VRYKUL_GRAVEPROP01.M2,wmo-doodad-model|wmo-embedded-path,WORLD\WMO\BROKENISLES\ARAKNASHAL\7AN_MOUNTAINCAVE_MEDIUM01.WMO,7742,80525AFC5796BFB6DED3DE4F9491F1773318BCF9,D:\Sirus\_client\World of Warcraft Sirus\Risen_Depths_Extract_2026-10-04\AssetClosure\ByArchive\patch-6.MPQ\WORLD\EXPANSION06\DOODADS\VRYKUL\7VR_VRYKUL_GRAVEPROP01.M2
1,patch-6.MPQ,WORLD\EXPANSION06\DOODADS\VRYKUL\7VR_VRYKUL_GRAVEPROP03.M2,wmo-doodad-model|wmo-embedded-path,WORLD\WMO\BROKENISLES\ARAKNASHAL\7AN_MOUNTAINCAVE_MEDIUM01.WMO,6350,F48E110873AB2F9F984F1E96403F6670D5BC2B8D,D:\Sirus\_client\World of Warcraft Sirus\Risen_Depths_Extract_2026-10-04\AssetClosure\ByArchive\patch-6.MPQ\WORLD\EXPANSION06\DOODADS\VRYKUL\7VR_VRYKUL_GRAVEPROP03.M2
1,patch-6.MPQ,WORLD\EXPANSION05\DOODADS\TANAANJUNGLE\DOODADS\6TJ_PATCHFELPIECE03.M2,wmo-doodad-model|wmo-embedded-path,WORLD\WMO\BROKENISLES\ARAKNASHAL\7AN_MOUNTAINCAVE_MEDIUM01.WMO,26184,9230317DCB4DDAD1C9A65B62F1808FE73F851E48,D:\Sirus\_client\World of Warcraft Sirus\Risen_Depths_Extract_2026-10-04\AssetClosure\ByArchive\patch-6.MPQ\WORLD\EXPANSION05\DOODADS\TANAANJUNGLE\DOODADS\6TJ_PATCHFELPIECE03.M2
1,patch-6.MPQ,WORLD\EXPANSION05\DOODADS\SPIRESOFARRAK\DOODADS\6SA_MUSHROOM_B02.M2,wmo-doodad-model|wmo-embedded-path,WORLD\WMO\BROKENISLES\ARAKNASHAL\7AN_MOUNTAINCAVE_MEDIUM01.WMO,9400,4B962D3D2AD6EF59C913126F7764E12CCAA7A6D1,D:\Sirus\_client\World of Warcraft Sirus\Risen_Depths_Extract_2026-10-04\AssetClosure\ByArchive\patch-6.MPQ\WORLD\EXPANSION05\DOODADS\SPIRESOFARRAK\DOODADS\6SA_MUSHROOM_B02.M2
1,patch-6.MPQ,WORLD\EXPANSION05\DOODADS\TANAANJUNGLE\DOODADS\6TJ_PATCHFELPIECE01.M2,wmo-doodad-model|wmo-embedded-path,WORLD\WMO\BROKENISLES\ARAKNASHAL\7AN_MOUNTAINCAVE_MEDIUM01.WMO,25080,138C06DABFF403E07A053F009634A729451F6549,D:\Sirus\_client\World of Warcraft Sirus\Risen_Depths_Extract_2026-10-04\AssetClosure\ByArchive\patch-6.MPQ\WORLD\EXPANSION05\DOODADS\TANAANJUNGLE\DOODADS\6TJ_PATCHFELPIECE01.M2
1,patch-6.MPQ,WORLD\EXPANSION05\DOODADS\ORCCLANS\6OC_ORCCLANS_TORCH02.M2,wmo-doodad-model|wmo-embedded-path,WORLD\WMO\BROKENISLES\ARAKNASHAL\7AN_MOUNTAINCAVE_MEDIUM01.WMO,6470,1DCF71F993CD972DD228B7A207B3594644528499,D:\Sirus\_client\World of Warcraft Sirus\Risen_Depths_Extract_2026-10-04\AssetClosure\ByArchive\patch-6.MPQ\WORLD\EXPANSION05\DOODADS\ORCCLANS\6OC_ORCCLANS_TORCH02.M2
1,patch-6.MPQ,WORLD\EXPANSION06\DOODADS\FX\7FX_LIGHTSHAFTGENERICSMALL.M2,wmo-doodad-model|wmo-embedded-path,WORLD\WMO\BROKENISLES\ARAKNASHAL\7AN_MOUNTAINCAVE_MEDIUM01.WMO,3336,61A14F656EDE4F38959AC61CC0CFD38A312CE03F,D:\Sirus\_client\World of Warcraft Sirus\Risen_Depths_Extract_2026-10-04\AssetClosure\ByArchive\patch-6.MPQ\WORLD\EXPANSION06\DOODADS\FX\7FX_LIGHTSHAFTGENERICSMALL.M2
1,patch-6.MPQ,WORLD\EXPANSION06\DOODADS\VRYKUL\7VR_VRYKUL_WEAPON01.M2,wmo-doodad-model|wmo-embedded-path,WORLD\WMO\BROKENISLES\ARAKNASHAL\7AN_MOUNTAINCAVE_MEDIUM01.WMO,3227,61DCE0C357834829FEB4C5238393ABB2244F3BE0,D:\Sirus\_client\World of Warcraft Sirus\Risen_Depths_Extract_2026-10-04\AssetClosure\ByArchive\patch-6.MPQ\WORLD\EXPANSION06\DOODADS\VRYKUL\7VR_VRYKUL_WEAPON01.M2
1,patch-6.MPQ,WORLD\EXPANSION06\DOODADS\LEGION\7LG_LEGION_TORCH02_LIGHT.M2,wmo-doodad-model|wmo-embedded-path,WORLD\WMO\BROKENISLES\ARAKNASHAL\7AN_MOUNTAINCAVE_MEDIUM01.WMO,39930,E51E6D1B4FFC08FE7013BEB9A32C40EA17B2F5DC,D:\Sirus\_client\World of Warcraft Sirus\Risen_Depths_Extract_2026-10-04\AssetClosure\ByArchive\patch-6.MPQ\WORLD\EXPANSION06\DOODADS\LEGION\7LG_LEGION_TORCH02_LIGHT.M2
1,patch-6.MPQ,WORLD\EXPANSION05\DOODADS\TANAANJUNGLE\DOODADS\6TJ_PATCHFELPIECE11VEINS.M2,wmo-doodad-model|wmo-embedded-path,WORLD\WMO\BROKENISLES\ARAKNASHAL\7AN_MOUNTAINCAVE_MEDIUM01.WMO,53952,493E2A92FE75DA7A05F24E2151BDF054E8B45DFA,D:\Sirus\_client\World of Warcraft Sirus\Risen_Depths_Extract_2026-10-04\AssetClosure\ByArchive\patch-6.MPQ\WORLD\EXPANSION05\DOODADS\TANAANJUNGLE\DOODADS\6TJ_PATCHFELPIECE11VEINS.M2
1,patch-6.MPQ,WORLD\EXPANSION05\DOODADS\TANAANJUNGLE\DOODADS\6TJ_PATCHFELPIECE14VEINS.M2,wmo-doodad-model|wmo-embedded-path,WORLD\WMO\BROKENISLES\ARAKNASHAL\7AN_MOUNTAINCAVE_MEDIUM01.WMO,34184,4FAF5C3B232B7CC3696781F1D436BC4072DB60E3,D:\Sirus\_client\World of Warcraft Sirus\Risen_Depths_Extract_2026-10-04\AssetClosure\ByArchive\patch-6.MPQ\WORLD\EXPANSION05\DOODADS\TANAANJUNGLE\DOODADS\6TJ_PATCHFELPIECE14VEINS.M2
1,patch-6.MPQ,WORLD\WMO\BROKENISLES\ARAKNASHAL\7AN_MOUNTAINCAVE_MEDIUM01_000.wmo,wmo-group,WORLD\WMO\BROKENISLES\ARAKNASHAL\7AN_MOUNTAINCAVE_MEDIUM01.WMO,61596,5D868D5519A7B661BC529000DA17F2156B1E89D6,D:\Sirus\_client\World of Warcraft Sirus\Risen_Depths_Extract_2026-10-04\AssetClosure\ByArchive\patch-6.MPQ\WORLD\WMO\BROKENISLES\ARAKNASHAL\7AN_MOUNTAINCAVE_MEDIUM01_000.wmo
1,patch-6.MPQ,WORLD\WMO\BROKENISLES\ARAKNASHAL\7AN_MOUNTAINCAVE_MEDIUM01_001.wmo,wmo-group,WORLD\WMO\BROKENISLES\ARAKNASHAL\7AN_MOUNTAINCAVE_MEDIUM01.WMO,350736,C07C128BC64F1534B00BDB86FAF4BA3678C7B054,D:\Sirus\_client\World of Warcraft Sirus\Risen_Depths_Extract_2026-10-04\AssetClosure\ByArchive\patch-6.MPQ\WORLD\WMO\BROKENISLES\ARAKNASHAL\7AN_MOUNTAINCAVE_MEDIUM01_001.wmo
1,patch-6.MPQ,WORLD\WMO\BROKENISLES\ARAKNASHAL\7AN_MOUNTAINCAVE_MEDIUM01_002.wmo,wmo-group,WORLD\WMO\BROKENISLES\ARAKNASHAL\7AN_MOUNTAINCAVE_MEDIUM01.WMO,210060,97A19746B84CD69F11CB290957A2A040FB700DC5,D:\Sirus\_client\World of Warcraft Sirus\Risen_Depths_Extract_2026-10-04\AssetClosure\ByArchive\patch-6.MPQ\WORLD\WMO\BROKENISLES\ARAKNASHAL\7AN_MOUNTAINCAVE_MEDIUM01_002.wmo
1,patch-6.MPQ,WORLD\WMO\BROKENISLES\ARAKNASHAL\7AN_MOUNTAINCAVE_MEDIUM01_003.wmo,wmo-group,WORLD\WMO\BROKENISLES\ARAKNASHAL\7AN_MOUNTAINCAVE_MEDIUM01.WMO,201314,62018E3A8BC65ECA6A057F965B6EA8FC0735E0A0,D:\Sirus\_client\World of Warcraft Sirus\Risen_Depths_Extract_2026-10-04\AssetClosure\ByArchive\patch-6.MPQ\WORLD\WMO\BROKENISLES\ARAKNASHAL\7AN_MOUNTAINCAVE_MEDIUM01_003.wmo
1,patch-6.MPQ,World\ENVIRONMENT\DOODAD\MURLOC\7MU_MURLOC_MAP1.BLP,wmo-embedded-path|wmo-material-texture,WORLD\WMO\BROKENISLES\MURLOC\7MU_MURLOC_HUTCLUSTER01.WMO | WORLD\WMO\BROKENISLES\MURLOC\7MU_MURLOC_HUTCLUSTER02.WMO | WORLD\WMO\BROKENISLES\MURLOC\7MU_MURLOC_HUTCLUSTER03.WMO,1399300,678E4C54F66A057A9798927F1E8903C9311D605B,D:\Sirus\_client\World of Warcraft Sirus\Risen_Depths_Extract_2026-10-04\AssetClosure\ByArchive\patch-6.MPQ\World\ENVIRONMENT\DOODAD\MURLOC\7MU_MURLOC_MAP1.BLP
1,patch-6.MPQ,World\ENVIRONMENT\DOODAD\MURLOC\7MU_MURLOC_MAP2.BLP,wmo-embedded-path|wmo-material-texture,WORLD\WMO\BROKENISLES\MURLOC\7MU_MURLOC_HUTCLUSTER01.WMO | WORLD\WMO\BROKENISLES\MURLOC\7MU_MURLOC_HUTCLUSTER02.WMO | WORLD\WMO\BROKENISLES\MURLOC\7MU_MURLOC_HUTCLUSTER03.WMO,350724,7C66435894DDA191A0A9246F2739FA85EEC4080C,D:\Sirus\_client\World of Warcraft Sirus\Risen_Depths_Extract_2026-10-04\AssetClosure\ByArchive\patch-6.MPQ\World\ENVIRONMENT\DOODAD\MURLOC\7MU_MURLOC_MAP2.BLP
1,patch-6.MPQ,World\ENVIRONMENT\DOODAD\MURLOC\7MU_MURLOC_MAP3.BLP,wmo-embedded-path|wmo-material-texture,WORLD\WMO\BROKENISLES\MURLOC\7MU_MURLOC_HUTCLUSTER01.WMO | WORLD\WMO\BROKENISLES\MURLOC\7MU_MURLOC_HUTCLUSTER02.WMO | WORLD\WMO\BROKENISLES\MURLOC\7MU_MURLOC_HUTCLUSTER03.WMO,88572,EDB3089987065EDBCB8040AB156033501CF2EB5B,D:\Sirus\_client\World of Warcraft Sirus\Risen_Depths_Extract_2026-10-04\AssetClosure\ByArchive\patch-6.MPQ\World\ENVIRONMENT\DOODAD\MURLOC\7MU_MURLOC_MAP3.BLP
1,patch-6.MPQ,World\ENVIRONMENT\DOODAD\MURLOC\7MU_MURLOC_MAP8.BLP,wmo-embedded-path|wmo-material-texture,WORLD\WMO\BROKENISLES\MURLOC\7MU_MURLOC_HUTCLUSTER01.WMO | WORLD\WMO\BROKENISLES\MURLOC\7MU_MURLOC_HUTCLUSTER02.WMO | WORLD\WMO\BROKENISLES\MURLOC\7MU_MURLOC_HUTCLUSTER03.WMO,175972,69BA618D2A42574DA32FF35451F3757AF72B312A,D:\Sirus\_client\World of Warcraft Sirus\Risen_Depths_Extract_2026-10-04\AssetClosure\ByArchive\patch-6.MPQ\World\ENVIRONMENT\DOODAD\MURLOC\7MU_MURLOC_MAP8.BLP
1,patch-6.MPQ,WORLD\EXPANSION06\DOODADS\MURLOC\7MU_MURLOC_HANGINGTRINKET01.M2,wmo-doodad-model|wmo-embedded-path,WORLD\WMO\BROKENISLES\MURLOC\7MU_MURLOC_HUTCLUSTER01.WMO | WORLD\WMO\BROKENISLES\MURLOC\7MU_MURLOC_HUTCLUSTER02.WMO | WORLD\WMO\BROKENISLES\MURLOC\7MU_MURLOC_HUTCLUSTER03.WMO,8562,08C1DCCE2A696E4FBD244017A70D510BAE2D42AD,D:\Sirus\_client\World of Warcraft Sirus\Risen_Depths_Extract_2026-10-04\AssetClosure\ByArchive\patch-6.MPQ\WORLD\EXPANSION06\DOODADS\MURLOC\7MU_MURLOC_HANGINGTRINKET01.M2
1,patch-6.MPQ,WORLD\EXPANSION06\DOODADS\MURLOC\7MU_MURLOC_TOOL_PICK.M2,wmo-doodad-model|wmo-embedded-path,WORLD\WMO\BROKENISLES\MURLOC\7MU_MURLOC_HUTCLUSTER01.WMO | WORLD\WMO\BROKENISLES\MURLOC\7MU_MURLOC_HUTCLUSTER02.WMO,6306,F4B8B39373F0FC78DADA0D48DA4762B4EA492976,D:\Sirus\_client\World of Warcraft Sirus\Risen_Depths_Extract_2026-10-04\AssetClosure\ByArchive\patch-6.MPQ\WORLD\EXPANSION06\DOODADS\MURLOC\7MU_MURLOC_TOOL_PICK.M2
1,patch-6.MPQ,WORLD\EXPANSION06\DOODADS\MURLOC\7MU_MURLOC_WEAPON02.M2,wmo-doodad-model|wmo-embedded-path,WORLD\WMO\BROKENISLES\MURLOC\7MU_MURLOC_HUTCLUSTER01.WMO,9330,DD9B9A9C064975FD95DDB1E52A166FE0F17DB3E3,D:\Sirus\_client\World of Warcraft Sirus\Risen_Depths_Extract_2026-10-04\AssetClosure\ByArchive\patch-6.MPQ\WORLD\EXPANSION06\DOODADS\MURLOC\7MU_MURLOC_WEAPON02.M2
1,patch-6.MPQ,WORLD\EXPANSION06\DOODADS\MURLOC\7MU_MURLOC_WEAPONRACK04.M2,wmo-doodad-model|wmo-embedded-path,WORLD\WMO\BROKENISLES\MURLOC\7MU_MURLOC_HUTCLUSTER01.WMO | WORLD\WMO\BROKENISLES\MURLOC\7MU_MURLOC_HUTCLUSTER02.WMO | WORLD\WMO\BROKENISLES\MURLOC\7MU_MURLOC_HUTCLUSTER03.WMO,26882,69CB3E5F37109B93C62DAD2CEC730707F1837751,D:\Sirus\_client\World of Warcraft Sirus\Risen_Depths_Extract_2026-10-04\AssetClosure\ByArchive\patch-6.MPQ\WORLD\EXPANSION06\DOODADS\MURLOC\7MU_MURLOC_WEAPONRACK04.M2
1,patch-6.MPQ,WORLD\EXPANSION06\DOODADS\MURLOC\7MU_MURLOC_WEAPON05.M2,wmo-doodad-model|wmo-embedded-path,WORLD\WMO\BROKENISLES\MURLOC\7MU_MURLOC_HUTCLUSTER01.WMO | WORLD\WMO\BROKENISLES\MURLOC\7MU_MURLOC_HUTCLUSTER02.WMO | WORLD\WMO\BROKENISLES\MURLOC\7MU_MURLOC_HUTCLUSTER03.WMO,5730,50E349649453EAB375F6BA18EDC6ACD91659F10F,D:\Sirus\_client\World of Warcraft Sirus\Risen_Depths_Extract_2026-10-04\AssetClosure\ByArchive\patch-6.MPQ\WORLD\EXPANSION06\DOODADS\MURLOC\7MU_MURLOC_WEAPON05.M2
1,patch-6.MPQ,WORLD\EXPANSION06\DOODADS\MURLOC\7MU_MURLOC_CRATE02.M2,wmo-doodad-model|wmo-embedded-path,WORLD\WMO\BROKENISLES\MURLOC\7MU_MURLOC_HUTCLUSTER01.WMO | WORLD\WMO\BROKENISLES\MURLOC\7MU_MURLOC_HUTCLUSTER02.WMO | WORLD\WMO\BROKENISLES\MURLOC\7MU_MURLOC_HUTCLUSTER03.WMO,13010,8FC747EFD30857078EBEBFDBAEB9FA471A3B4111,D:\Sirus\_client\World of Warcraft Sirus\Risen_Depths_Extract_2026-10-04\AssetClosure\ByArchive\patch-6.MPQ\WORLD\EXPANSION06\DOODADS\MURLOC\7MU_MURLOC_CRATE02.M2
1,patch-6.MPQ,WORLD\EXPANSION06\DOODADS\MURLOC\7MU_MURLOC_CRATE01.M2,wmo-doodad-model|wmo-embedded-path,WORLD\WMO\BROKENISLES\MURLOC\7MU_MURLOC_HUTCLUSTER01.WMO | WORLD\WMO\BROKENISLES\MURLOC\7MU_MURLOC_HUTCLUSTER02.WMO | WORLD\WMO\BROKENISLES\MURLOC\7MU_MURLOC_HUTCLUSTER03.WMO,14978,8CA89B25B70C4B104800268E94FAA3BEB9C16232,D:\Sirus\_client\World of Warcraft Sirus\Risen_Depths_Extract_2026-10-04\AssetClosure\ByArchive\patch-6.MPQ\WORLD\EXPANSION06\DOODADS\MURLOC\7MU_MURLOC_CRATE01.M2
1,patch-6.MPQ,WORLD\EXPANSION06\DOODADS\MURLOC\7MU_MURLOC_BARREL02.M2,wmo-doodad-model|wmo-embedded-path,WORLD\WMO\BROKENISLES\MURLOC\7MU_MURLOC_HUTCLUSTER01.WMO | WORLD\WMO\BROKENISLES\MURLOC\7MU_MURLOC_HUTCLUSTER03.WMO,15650,CE4B2DD3D71A403B1F1A4E3C5D74A721F356D18D,D:\Sirus\_client\World of Warcraft Sirus\Risen_Depths_Extract_2026-10-04\AssetClosure\ByArchive\patch-6.MPQ\WORLD\EXPANSION06\DOODADS\MURLOC\7MU_MURLOC_BARREL02.M2
1,patch-6.MPQ,WORLD\EXPANSION06\DOODADS\MURLOC\7MU_MURLOC_FOOD_FISH01.M2,wmo-doodad-model|wmo-embedded-path,WORLD\WMO\BROKENISLES\MURLOC\7MU_MURLOC_HUTCLUSTER01.WMO | WORLD\WMO\BROKENISLES\MURLOC\7MU_MURLOC_HUTCLUSTER02.WMO | WORLD\WMO\BROKENISLES\MURLOC\7MU_MURLOC_HUTCLUSTER03.WMO,10146,62B1498EF345E3B668820CB5533774874E6A0D5C,D:\Sirus\_client\World of Warcraft Sirus\Risen_Depths_Extract_2026-10-04\AssetClosure\ByArchive\patch-6.MPQ\WORLD\EXPANSION06\DOODADS\MURLOC\7MU_MURLOC_FOOD_FISH01.M2
1,patch-6.MPQ,WORLD\EXPANSION06\DOODADS\MURLOC\7MU_MURLOC_FOOD_SPEAR02.M2,wmo-doodad-model|wmo-embedded-path,WORLD\WMO\BROKENISLES\MURLOC\7MU_MURLOC_HUTCLUSTER01.WMO | WORLD\WMO\BROKENISLES\MURLOC\7MU_MURLOC_HUTCLUSTER02.WMO | WORLD\WMO\BROKENISLES\MURLOC\7MU_MURLOC_HUTCLUSTER03.WMO,13602,923DA87A82EF2241398E288835B65E98E5A2E4B6,D:\Sirus\_client\World of Warcraft Sirus\Risen_Depths_Extract_2026-10-04\AssetClosure\ByArchive\patch-6.MPQ\WORLD\EXPANSION06\DOODADS\MURLOC\7MU_MURLOC_FOOD_SPEAR02.M2
1,patch-6.MPQ,WORLD\EXPANSION06\DOODADS\MURLOC\7MU_MURLOC_LOOT04.M2,wmo-doodad-model|wmo-embedded-path,WORLD\WMO\BROKENISLES\MURLOC\7MU_MURLOC_HUTCLUSTER01.WMO | WORLD\WMO\BROKENISLES\MURLOC\7MU_MURLOC_HUTCLUSTER02.WMO | WORLD\WMO\BROKENISLES\MURLOC\7MU_MURLOC_HUTCLUSTER03.WMO,13096,AA1EAD259B557341EF2671C329F378D7D198B473,D:\Sirus\_client\World of Warcraft Sirus\Risen_Depths_Extract_2026-10-04\AssetClosure\ByArchive\patch-6.MPQ\WORLD\EXPANSION06\DOODADS\MURLOC\7MU_MURLOC_LOOT04.M2
1,patch-6.MPQ,WORLD\EXPANSION06\DOODADS\MURLOC\7MU_MURLOC_LOOT07.M2,wmo-doodad-model|wmo-embedded-path,WORLD\WMO\BROKENISLES\MURLOC\7MU_MURLOC_HUTCLUSTER01.WMO | WORLD\WMO\BROKENISLES\MURLOC\7MU_MURLOC_HUTCLUSTER02.WMO,13240,69AD4EFA60BCC9663F9507B412E2B3E70C3FEFDF,D:\Sirus\_client\World of Warcraft Sirus\Risen_Depths_Extract_2026-10-04\AssetClosure\ByArchive\patch-6.MPQ\WORLD\EXPANSION06\DOODADS\MURLOC\7MU_MURLOC_LOOT07.M2
1,patch-6.MPQ,WORLD\EXPANSION06\DOODADS\MURLOC\7MU_MURLOC_LOOT06.M2,wmo-doodad-model|wmo-embedded-path,WORLD\WMO\BROKENISLES\MURLOC\7MU_MURLOC_HUTCLUSTER01.WMO | WORLD\WMO\BROKENISLES\MURLOC\7MU_MURLOC_HUTCLUSTER02.WMO,11928,52C59FA96B90800655220EE478F80711D42C5274,D:\Sirus\_client\World of Warcraft Sirus\Risen_Depths_Extract_2026-10-04\AssetClosure\ByArchive\patch-6.MPQ\WORLD\EXPANSION06\DOODADS\MURLOC\7MU_MURLOC_LOOT06.M2
1,patch-6.MPQ,WORLD\EXPANSION06\DOODADS\MURLOC\7MU_MURLOC_TOOL_AXE.M2,wmo-doodad-model|wmo-embedded-path,WORLD\WMO\BROKENISLES\MURLOC\7MU_MURLOC_HUTCLUSTER01.WMO,8082,5D1937BA9DA4406BEFE07D36315F2692BDBCF0AD,D:\Sirus\_client\World of Warcraft Sirus\Risen_Depths_Extract_2026-10-04\AssetClosure\ByArchive\patch-6.MPQ\WORLD\EXPANSION06\DOODADS\MURLOC\7MU_MURLOC_TOOL_AXE.M2
1,patch-6.MPQ,WORLD\EXPANSION06\DOODADS\MURLOC\7MU_MURLOC_LOOT_PILE03.M2,wmo-doodad-model|wmo-embedded-path,WORLD\WMO\BROKENISLES\MURLOC\7MU_MURLOC_HUTCLUSTER01.WMO | WORLD\WMO\BROKENISLES\MURLOC\7MU_MURLOC_HUTCLUSTER02.WMO | WORLD\WMO\BROKENISLES\MURLOC\7MU_MURLOC_HUTCLUSTER03.WMO,37624,413A28A971ABC26CB19E3DB8BA351139D94085F9,D:\Sirus\_client\World of Warcraft Sirus\Risen_Depths_Extract_2026-10-04\AssetClosure\ByArchive\patch-6.MPQ\WORLD\EXPANSION06\DOODADS\MURLOC\7MU_MURLOC_LOOT_PILE03.M2
1,patch-6.MPQ,WORLD\EXPANSION06\DOODADS\MURLOC\7MU_MURLOC_LOOT05.M2,wmo-doodad-model|wmo-embedded-path,WORLD\WMO\BROKENISLES\MURLOC\7MU_MURLOC_HUTCLUSTER01.WMO | WORLD\WMO\BROKENISLES\MURLOC\7MU_MURLOC_HUTCLUSTER02.WMO,14536,D6DC37C64E2EEF6081F9A96826DD600983FDDC90,D:\Sirus\_client\World of Warcraft Sirus\Risen_Depths_Extract_2026-10-04\AssetClosure\ByArchive\patch-6.MPQ\WORLD\EXPANSION06\DOODADS\MURLOC\7MU_MURLOC_LOOT05.M2
1,patch-6.MPQ,WORLD\EXPANSION06\DOODADS\MURLOC\7MU_MURLOC_CRATE03.M2,wmo-doodad-model|wmo-embedded-path,WORLD\WMO\BROKENISLES\MURLOC\7MU_MURLOC_HUTCLUSTER01.WMO | WORLD\WMO\BROKENISLES\MURLOC\7MU_MURLOC_HUTCLUSTER02.WMO | WORLD\WMO\BROKENISLES\MURLOC\7MU_MURLOC_HUTCLUSTER03.WMO,8306,D7509AC90DC20E799E0CFB1A9955043E390BB041,D:\Sirus\_client\World of Warcraft Sirus\Risen_Depths_Extract_2026-10-04\AssetClosure\ByArchive\patch-6.MPQ\WORLD\EXPANSION06\DOODADS\MURLOC\7MU_MURLOC_CRATE03.M2
1,patch-6.MPQ,WORLD\EXPANSION06\DOODADS\MURLOC\7MU_MURLOC_CRATE_DESTROYED.M2,wmo-doodad-model|wmo-embedded-path,WORLD\WMO\BROKENISLES\MURLOC\7MU_MURLOC_HUTCLUSTER01.WMO,12386,92335D30380760BB948F28E33078E66E2572E3AC,D:\Sirus\_client\World of Warcraft Sirus\Risen_Depths_Extract_2026-10-04\AssetClosure\ByArchive\patch-6.MPQ\WORLD\EXPANSION06\DOODADS\MURLOC\7MU_MURLOC_CRATE_DESTROYED.M2
1,patch-6.MPQ,WORLD\EXPANSION06\DOODADS\MURLOC\7MU_MURLOC_LOOT01.M2,wmo-doodad-model|wmo-embedded-path,WORLD\WMO\BROKENISLES\MURLOC\7MU_MURLOC_HUTCLUSTER01.WMO,7608,A1AAA6FCDB8A3EA26E2F93E20E3F29C78F710E0E,D:\Sirus\_client\World of Warcraft Sirus\Risen_Depths_Extract_2026-10-04\AssetClosure\ByArchive\patch-6.MPQ\WORLD\EXPANSION06\DOODADS\MURLOC\7MU_MURLOC_LOOT01.M2
1,patch-6.MPQ,WORLD\EXPANSION06\DOODADS\MURLOC\7MU_MURLOC_LOOT_PILE02.M2,wmo-doodad-model|wmo-embedded-path,WORLD\WMO\BROKENISLES\MURLOC\7MU_MURLOC_HUTCLUSTER01.WMO | WORLD\WMO\BROKENISLES\MURLOC\7MU_MURLOC_HUTCLUSTER03.WMO,29272,2D629EC36DBACE181233A78E6D090872196C2890,D:\Sirus\_client\World of Warcraft Sirus\Risen_Depths_Extract_2026-10-04\AssetClosure\ByArchive\patch-6.MPQ\WORLD\EXPANSION06\DOODADS\MURLOC\7MU_MURLOC_LOOT_PILE02.M2
1,patch-6.MPQ,WORLD\EXPANSION06\DOODADS\MURLOC\7MU_MURLOC_LOOT02.M2,wmo-doodad-model|wmo-embedded-path,WORLD\WMO\BROKENISLES\MURLOC\7MU_MURLOC_HUTCLUSTER01.WMO | WORLD\WMO\BROKENISLES\MURLOC\7MU_MURLOC_HUTCLUSTER02.WMO | WORLD\WMO\BROKENISLES\MURLOC\7MU_MURLOC_HUTCLUSTER03.WMO,15192,CA39A66B1458F2BF8F70888C0CA3B0A740F49899,D:\Sirus\_client\World of Warcraft Sirus\Risen_Depths_Extract_2026-10-04\AssetClosure\ByArchive\patch-6.MPQ\WORLD\EXPANSION06\DOODADS\MURLOC\7MU_MURLOC_LOOT02.M2
1,patch-6.MPQ,WORLD\EXPANSION06\DOODADS\MURLOC\7MU_MURLOC_FOOD_CRAB01.M2,wmo-doodad-model|wmo-embedded-path,WORLD\WMO\BROKENISLES\MURLOC\7MU_MURLOC_HUTCLUSTER01.WMO | WORLD\WMO\BROKENISLES\MURLOC\7MU_MURLOC_HUTCLUSTER02.WMO,13474,B554663A32EF08B6F2345ABB076BE68486FB4718,D:\Sirus\_client\World of Warcraft Sirus\Risen_Depths_Extract_2026-10-04\AssetClosure\ByArchive\patch-6.MPQ\WORLD\EXPANSION06\DOODADS\MURLOC\7MU_MURLOC_FOOD_CRAB01.M2
1,patch-6.MPQ,WORLD\EXPANSION06\DOODADS\MURLOC\7MU_MURLOC_WEAPONRACK_EMPTY.M2,wmo-doodad-model|wmo-embedded-path,WORLD\WMO\BROKENISLES\MURLOC\7MU_MURLOC_HUTCLUSTER01.WMO | WORLD\WMO\BROKENISLES\MURLOC\7MU_MURLOC_HUTCLUSTER02.WMO | WORLD\WMO\BROKENISLES\MURLOC\7MU_MURLOC_HUTCLUSTER03.WMO,18962,3C5C5905E52FA37D2AE80B262B58B7D3968FFCBC,D:\Sirus\_client\World of Warcraft Sirus\Risen_Depths_Extract_2026-10-04\AssetClosure\ByArchive\patch-6.MPQ\WORLD\EXPANSION06\DOODADS\MURLOC\7MU_MURLOC_WEAPONRACK_EMPTY.M2
1,patch-6.MPQ,WORLD\EXPANSION06\DOODADS\MURLOC\7MU_MURLOC_FOOD_SPEAR01.M2,wmo-doodad-model|wmo-embedded-path,WORLD\WMO\BROKENISLES\MURLOC\7MU_MURLOC_HUTCLUSTER01.WMO | WORLD\WMO\BROKENISLES\MURLOC\7MU_MURLOC_HUTCLUSTER02.WMO,19266,81F46E489E4CE6DA92E7AD41FF5C99931B8CFA6A,D:\Sirus\_client\World of Warcraft Sirus\Risen_Depths_Extract_2026-10-04\AssetClosure\ByArchive\patch-6.MPQ\WORLD\EXPANSION06\DOODADS\MURLOC\7MU_MURLOC_FOOD_SPEAR01.M2
1,patch-6.MPQ,WORLD\EXPANSION06\DOODADS\MURLOC\7MU_MURLOC_WEAPON03.M2,wmo-doodad-model|wmo-embedded-path,WORLD\WMO\BROKENISLES\MURLOC\7MU_MURLOC_HUTCLUSTER01.WMO | WORLD\WMO\BROKENISLES\MURLOC\7MU_MURLOC_HUTCLUSTER02.WMO | WORLD\WMO\BROKENISLES\MURLOC\7MU_MURLOC_HUTCLUSTER03.WMO,6882,FE711E053AA053111B15E3E841037A361867D177,D:\Sirus\_client\World of Warcraft Sirus\Risen_Depths_Extract_2026-10-04\AssetClosure\ByArchive\patch-6.MPQ\WORLD\EXPANSION06\DOODADS\MURLOC\7MU_MURLOC_WEAPON03.M2
1,patch-6.MPQ,WORLD\EXPANSION06\DOODADS\MURLOC\7MU_MURLOC_LOOT_PILE01.M2,wmo-doodad-model|wmo-embedded-path,WORLD\WMO\BROKENISLES\MURLOC\7MU_MURLOC_HUTCLUSTER01.WMO,24136,9ECE45FA3DF5BB8A2D2F862853BBD92D7798BA34,D:\Sirus\_client\World of Warcraft Sirus\Risen_Depths_Extract_2026-10-04\AssetClosure\ByArchive\patch-6.MPQ\WORLD\EXPANSION06\DOODADS\MURLOC\7MU_MURLOC_LOOT_PILE01.M2
1,patch-6.MPQ,WORLD\WMO\BROKENISLES\MURLOC\7MU_MURLOC_HUTCLUSTER01_000.wmo,wmo-group,WORLD\WMO\BROKENISLES\MURLOC\7MU_MURLOC_HUTCLUSTER01.WMO,206932,6990D38180B58CA7833CED5CD938CC2CEC68548C,D:\Sirus\_client\World of Warcraft Sirus\Risen_Depths_Extract_2026-10-04\AssetClosure\ByArchive\patch-6.MPQ\WORLD\WMO\BROKENISLES\MURLOC\7MU_MURLOC_HUTCLUSTER01_000.wmo
1,patch-6.MPQ,WORLD\EXPANSION06\DOODADS\MURLOC\7MU_MURLOC_WEAPON04.M2,wmo-doodad-model|wmo-embedded-path,WORLD\WMO\BROKENISLES\MURLOC\7MU_MURLOC_HUTCLUSTER02.WMO,10818,B0C0415538708635584C2AE18D279BABDF15F3C4,D:\Sirus\_client\World of Warcraft Sirus\Risen_Depths_Extract_2026-10-04\AssetClosure\ByArchive\patch-6.MPQ\WORLD\EXPANSION06\DOODADS\MURLOC\7MU_MURLOC_WEAPON04.M2
1,patch-6.MPQ,WORLD\EXPANSION06\DOODADS\MURLOC\7MU_MURLOC_LOOT03.M2,wmo-doodad-model|wmo-embedded-path,WORLD\WMO\BROKENISLES\MURLOC\7MU_MURLOC_HUTCLUSTER02.WMO | WORLD\WMO\BROKENISLES\MURLOC\7MU_MURLOC_HUTCLUSTER03.WMO,12552,DF52FB362CCC9E57561FC950BCAA5B89BFBC3627,D:\Sirus\_client\World of Warcraft Sirus\Risen_Depths_Extract_2026-10-04\AssetClosure\ByArchive\patch-6.MPQ\WORLD\EXPANSION06\DOODADS\MURLOC\7MU_MURLOC_LOOT03.M2
1,patch-6.MPQ,WORLD\WMO\BROKENISLES\MURLOC\7MU_MURLOC_HUTCLUSTER02_000.wmo,wmo-group,WORLD\WMO\BROKENISLES\MURLOC\7MU_MURLOC_HUTCLUSTER02.WMO,196774,AC8FFFC0B873CCC3E806940F1E1DAEF926CC7A07,D:\Sirus\_client\World of Warcraft Sirus\Risen_Depths_Extract_2026-10-04\AssetClosure\ByArchive\patch-6.MPQ\WORLD\WMO\BROKENISLES\MURLOC\7MU_MURLOC_HUTCLUSTER02_000.wmo
1,patch-6.MPQ,WORLD\WMO\BROKENISLES\MURLOC\7MU_MURLOC_HUTCLUSTER03_000.wmo,wmo-group,WORLD\WMO\BROKENISLES\MURLOC\7MU_MURLOC_HUTCLUSTER03.WMO,138062,20EC6B9A8F66614D8616B4A3BA24F04E79D3A08C,D:\Sirus\_client\World of Warcraft Sirus\Risen_Depths_Extract_2026-10-04\AssetClosure\ByArchive\patch-6.MPQ\WORLD\WMO\BROKENISLES\MURLOC\7MU_MURLOC_HUTCLUSTER03_000.wmo
1,patch-6.MPQ,World\ENVIRONMENT\DOODAD\NAGA\7_NAGA\NAGE_TENT_01.BLP,wmo-embedded-path|wmo-material-texture,WORLD\WMO\BROKENISLES\NIGHTELF\7NG_NAGA_TENT03.WMO | WORLD\WMO\BROKENISLES\NIGHTELF\7NG_NAGA_TENT04.WMO,1399300,1706912B5443A49CB136E4809957874FC06BD36A,D:\Sirus\_client\World of Warcraft Sirus\Risen_Depths_Extract_2026-10-04\AssetClosure\ByArchive\patch-6.MPQ\World\ENVIRONMENT\DOODAD\NAGA\7_NAGA\NAGE_TENT_01.BLP
1,patch-6.MPQ,WORLD\WMO\BROKENISLES\NIGHTELF\7NG_NAGA_TENT03_000.wmo,wmo-group,WORLD\WMO\BROKENISLES\NIGHTELF\7NG_NAGA_TENT03.WMO,110304,1AB25CF74244413694622203BAA667CBC6612A4B,D:\Sirus\_client\World of Warcraft Sirus\Risen_Depths_Extract_2026-10-04\AssetClosure\ByArchive\patch-6.MPQ\WORLD\WMO\BROKENISLES\NIGHTELF\7NG_NAGA_TENT03_000.wmo
1,patch-6.MPQ,WORLD\WMO\BROKENISLES\NIGHTELF\7NG_NAGA_TENT04_000.wmo,wmo-group,WORLD\WMO\BROKENISLES\NIGHTELF\7NG_NAGA_TENT04.WMO,104532,BBDEFA4ECAB2F7BA2C7FFE97811D4F9D22C3A787,D:\Sirus\_client\World of Warcraft Sirus\Risen_Depths_Extract_2026-10-04\AssetClosure\ByArchive\patch-6.MPQ\WORLD\WMO\BROKENISLES\NIGHTELF\7NG_NAGA_TENT04_000.wmo
1,patch-6.MPQ,World\ENVIRONMENT\DOODAD\NAGA\7_NAGA\7NG_TENT_LARGE.BLP,wmo-embedded-path|wmo-material-texture,WORLD\WMO\BROKENISLES\NIGHTELF\7NG_NAGA_TENTLARGE01.WMO,1399300,4195D31A1DC6B113A64993EAE3724E4605E69073,D:\Sirus\_client\World of Warcraft Sirus\Risen_Depths_Extract_2026-10-04\AssetClosure\ByArchive\patch-6.MPQ\World\ENVIRONMENT\DOODAD\NAGA\7_NAGA\7NG_TENT_LARGE.BLP
1,patch-6.MPQ,WORLD\WMO\BROKENISLES\NIGHTELF\7NG_NAGA_TENTLARGE01_000.wmo,wmo-group,WORLD\WMO\BROKENISLES\NIGHTELF\7NG_NAGA_TENTLARGE01.WMO,249964,7902BC3964AA6AB50F747A6845060EA221F2588C,D:\Sirus\_client\World of Warcraft Sirus\Risen_Depths_Extract_2026-10-04\AssetClosure\ByArchive\patch-6.MPQ\WORLD\WMO\BROKENISLES\NIGHTELF\7NG_NAGA_TENTLARGE01_000.wmo
1,patch-6.MPQ,WORLD\WMO\CATACLYSM\VASHJIR\BUILDINGS\VASHJIR_NIGHTELF_BROKEN_BRIDGE_000.wmo,wmo-group,WORLD\WMO\CATACLYSM\VASHJIR\BUILDINGS\VASHJIR_NIGHTELF_BROKEN_BRIDGE.WMO,191636,746FA7820F6BD6058441ECC9C47C4D75394F64F3,D:\Sirus\_client\World of Warcraft Sirus\Risen_Depths_Extract_2026-10-04\AssetClosure\ByArchive\patch-6.MPQ\WORLD\WMO\CATACLYSM\VASHJIR\BUILDINGS\VASHJIR_NIGHTELF_BROKEN_BRIDGE_000.wmo
1,patch-6.MPQ,WORLD\WMO\CATACLYSM\VASHJIR\BUILDINGS\VASHJIR_PALACE_BUILDINGS_000.wmo,wmo-group,WORLD\WMO\CATACLYSM\VASHJIR\BUILDINGS\VASHJIR_PALACE_BUILDINGS.WMO,540584,69DD48E8954EFB502405F56004B836766DBE9C04,D:\Sirus\_client\World of Warcraft Sirus\Risen_Depths_Extract_2026-10-04\AssetClosure\ByArchive\patch-6.MPQ\WORLD\WMO\CATACLYSM\VASHJIR\BUILDINGS\VASHJIR_PALACE_BUILDINGS_000.wmo
1,patch-6.MPQ,WORLD\WMO\CATACLYSM\VASHJIR\BUILDINGS\VASHJIR_PALACE_BUILDINGS_001.wmo,wmo-group,WORLD\WMO\CATACLYSM\VASHJIR\BUILDINGS\VASHJIR_PALACE_BUILDINGS.WMO,1454548,239926A352E1FC153FA2CE0862D16F2BB3E4BDCD,D:\Sirus\_client\World of Warcraft Sirus\Risen_Depths_Extract_2026-10-04\AssetClosure\ByArchive\patch-6.MPQ\WORLD\WMO\CATACLYSM\VASHJIR\BUILDINGS\VASHJIR_PALACE_BUILDINGS_001.wmo
1,patch-6.MPQ,WORLD\WMO\CATACLYSM\VASHJIR\BUILDINGS\VASHJIR_PALACE_BUILDINGS_002.wmo,wmo-group,WORLD\WMO\CATACLYSM\VASHJIR\BUILDINGS\VASHJIR_PALACE_BUILDINGS.WMO,1077718,2CFA52604BCE536C550ED6799C0E58A1C4E26D3F,D:\Sirus\_client\World of Warcraft Sirus\Risen_Depths_Extract_2026-10-04\AssetClosure\ByArchive\patch-6.MPQ\WORLD\WMO\CATACLYSM\VASHJIR\BUILDINGS\VASHJIR_PALACE_BUILDINGS_002.wmo
1,patch-6.MPQ,WORLD\WMO\CATACLYSM\VASHJIR\BUILDINGS\VASHJIR_PALACE_BUILDINGS_003.wmo,wmo-group,WORLD\WMO\CATACLYSM\VASHJIR\BUILDINGS\VASHJIR_PALACE_BUILDINGS.WMO,62210,2EE48C127B9ED56872FDA63A4983A13BCA513AFF,D:\Sirus\_client\World of Warcraft Sirus\Risen_Depths_Extract_2026-10-04\AssetClosure\ByArchive\patch-6.MPQ\WORLD\WMO\CATACLYSM\VASHJIR\BUILDINGS\VASHJIR_PALACE_BUILDINGS_003.wmo
1,patch-6.MPQ,WORLD\WMO\CATACLYSM\VASHJIR\BUILDINGS\VASHJIR_PALACE_BUILDINGS_004.wmo,wmo-group,WORLD\WMO\CATACLYSM\VASHJIR\BUILDINGS\VASHJIR_PALACE_BUILDINGS.WMO,445396,AEB2F98B6F128BD0524FC2B743D910EAEF3641CC,D:\Sirus\_client\World of Warcraft Sirus\Risen_Depths_Extract_2026-10-04\AssetClosure\ByArchive\patch-6.MPQ\WORLD\WMO\CATACLYSM\VASHJIR\BUILDINGS\VASHJIR_PALACE_BUILDINGS_004.wmo
1,patch-6.MPQ,WORLD\WMO\CATACLYSM\VASHJIR\BUILDINGS\VASHJIR_PALACE_BUILDINGS_005.wmo,wmo-group,WORLD\WMO\CATACLYSM\VASHJIR\BUILDINGS\VASHJIR_PALACE_BUILDINGS.WMO,42102,630ACB0CC6D8EB6C38D39249D58E8BBDBF6D0E66,D:\Sirus\_client\World of Warcraft Sirus\Risen_Depths_Extract_2026-10-04\AssetClosure\ByArchive\patch-6.MPQ\WORLD\WMO\CATACLYSM\VASHJIR\BUILDINGS\VASHJIR_PALACE_BUILDINGS_005.wmo
1,patch-6.MPQ,WORLD\WMO\CATACLYSM\VASHJIR\BUILDINGS\VASHJIR_PALACE_BUILDINGS_006.wmo,wmo-group,WORLD\WMO\CATACLYSM\VASHJIR\BUILDINGS\VASHJIR_PALACE_BUILDINGS.WMO,211868,21A75E834801C3729CCA6343276E812B6F261349,D:\Sirus\_client\World of Warcraft Sirus\Risen_Depths_Extract_2026-10-04\AssetClosure\ByArchive\patch-6.MPQ\WORLD\WMO\CATACLYSM\VASHJIR\BUILDINGS\VASHJIR_PALACE_BUILDINGS_006.wmo
1,patch-6.MPQ,WORLD\WMO\CATACLYSM\VASHJIR\BUILDINGS\VASHJIR_PALACE_BUILDINGS_007.wmo,wmo-group,WORLD\WMO\CATACLYSM\VASHJIR\BUILDINGS\VASHJIR_PALACE_BUILDINGS.WMO,129194,89E19990F443F5685596368F58C2C931336CD62D,D:\Sirus\_client\World of Warcraft Sirus\Risen_Depths_Extract_2026-10-04\AssetClosure\ByArchive\patch-6.MPQ\WORLD\WMO\CATACLYSM\VASHJIR\BUILDINGS\VASHJIR_PALACE_BUILDINGS_007.wmo
1,patch-6.MPQ,WORLD\WMO\CATACLYSM\VASHJIR\CAVES\VASHJIRLARGECAVE_A_000.wmo,wmo-group,WORLD\WMO\CATACLYSM\VASHJIR\CAVES\VASHJIRLARGECAVE_A.WMO,697590,705788B1951C2FE14B451805DDFCEAD4472B09C9,D:\Sirus\_client\World of Warcraft Sirus\Risen_Depths_Extract_2026-10-04\AssetClosure\ByArchive\patch-6.MPQ\WORLD\WMO\CATACLYSM\VASHJIR\CAVES\VASHJIRLARGECAVE_A_000.wmo
1,patch-6.MPQ,WORLD\WMO\CATACLYSM\VASHJIR\CAVES\VASHJIRLARGECAVE_A_001.wmo,wmo-group,WORLD\WMO\CATACLYSM\VASHJIR\CAVES\VASHJIRLARGECAVE_A.WMO,167442,AEA94E47C24E79AC289F20F7183EE74834280962,D:\Sirus\_client\World of Warcraft Sirus\Risen_Depths_Extract_2026-10-04\AssetClosure\ByArchive\patch-6.MPQ\WORLD\WMO\CATACLYSM\VASHJIR\CAVES\VASHJIRLARGECAVE_A_001.wmo
1,patch-6.MPQ,WORLD\GENERIC\GOBLIN\PASSIVEDOODADS\FOOD\GOBLIN_BUCKETOFOOD_01.m2,wmo-doodad-model|wmo-embedded-path,WORLD\WMO\CATACLYSM\VASHJIR\CAVES\VASHJIR_SMALL_CAVE.WMO,44373,58184E3C6935636E7348AC9E868AC9F666593741,D:\Sirus\_client\World of Warcraft Sirus\Risen_Depths_Extract_2026-10-04\AssetClosure\ByArchive\patch-6.MPQ\WORLD\GENERIC\GOBLIN\PASSIVEDOODADS\FOOD\GOBLIN_BUCKETOFOOD_01.m2
1,patch-6.MPQ,WORLD\GENERIC\HUMAN\PASSIVE DOODADS\TABLES\DUSKWOODTABLE01.m2,wmo-doodad-model|wmo-embedded-path,WORLD\WMO\CATACLYSM\VASHJIR\CAVES\VASHJIR_SMALL_CAVE.WMO | WORLD\WMO\DUNGEON\MD_SHIPWRECK\TRANSPORT_SHIPWRECK_SUNKENSHIP.WMO,14306,B444E2A9C65E73FCF58517FC620D1F043C72240B,D:\Sirus\_client\World of Warcraft Sirus\Risen_Depths_Extract_2026-10-04\AssetClosure\ByArchive\patch-6.MPQ\WORLD\GENERIC\HUMAN\PASSIVE DOODADS\TABLES\DUSKWOODTABLE01.m2
1,patch-6.MPQ,WORLD\GENERIC\GOBLIN\PASSIVEDOODADS\FOOD\GOBLIN_BUCKETOFOOD_02.m2,wmo-doodad-model|wmo-embedded-path,WORLD\WMO\CATACLYSM\VASHJIR\CAVES\VASHJIR_SMALL_CAVE.WMO,21127,C499D4E4CA832B90F37E0AF275273612248C5DD2,D:\Sirus\_client\World of Warcraft Sirus\Risen_Depths_Extract_2026-10-04\AssetClosure\ByArchive\patch-6.MPQ\WORLD\GENERIC\GOBLIN\PASSIVEDOODADS\FOOD\GOBLIN_BUCKETOFOOD_02.m2
1,patch-6.MPQ,WORLD\GENERIC\GOBLIN\PASSIVEDOODADS\KEZAN\ITEMS\GOBLIN_CAN_STACK_01.m2,wmo-doodad-model|wmo-embedded-path,WORLD\WMO\CATACLYSM\VASHJIR\CAVES\VASHJIR_SMALL_CAVE.WMO,13973,DB6E44EA851418F736EBFCB0F8D90EA05070451C,D:\Sirus\_client\World of Warcraft Sirus\Risen_Depths_Extract_2026-10-04\AssetClosure\ByArchive\patch-6.MPQ\WORLD\GENERIC\GOBLIN\PASSIVEDOODADS\KEZAN\ITEMS\GOBLIN_CAN_STACK_01.m2
1,patch-6.MPQ,WORLD\GENERIC\GOBLIN\PASSIVEDOODADS\LOSTISLES\GOBLIN_CRATE_02.m2,wmo-doodad-model|wmo-embedded-path,WORLD\WMO\CATACLYSM\VASHJIR\CAVES\VASHJIR_SMALL_CAVE.WMO,11425,8A610E2B77F5145B4A05315B79C779DEB2235625,D:\Sirus\_client\World of Warcraft Sirus\Risen_Depths_Extract_2026-10-04\AssetClosure\ByArchive\patch-6.MPQ\WORLD\GENERIC\GOBLIN\PASSIVEDOODADS\LOSTISLES\GOBLIN_CRATE_02.m2
1,patch-6.MPQ,WORLD\GENERIC\ORC\PASSIVE DOODADS\JARS\JARORC02.m2,wmo-doodad-model|wmo-embedded-path,WORLD\WMO\CATACLYSM\VASHJIR\CAVES\VASHJIR_SMALL_CAVE.WMO,2738,62A672BCED3417D9463EB0641C3BFFC7BBFB36C8,D:\Sirus\_client\World of Warcraft Sirus\Risen_Depths_Extract_2026-10-04\AssetClosure\ByArchive\patch-6.MPQ\WORLD\GENERIC\ORC\PASSIVE DOODADS\JARS\JARORC02.m2
1,patch-6.MPQ,WORLD\GENERIC\PASSIVEDOODADS\WEAPONS\NAGA_TRIDENT_HORIZONTAL.m2,wmo-doodad-model|wmo-embedded-path,WORLD\WMO\CATACLYSM\VASHJIR\CAVES\VASHJIR_SMALL_CAVE.WMO,8370,BC283691EAF2C1C36523BE5969B126A04777EEE8,D:\Sirus\_client\World of Warcraft Sirus\Risen_Depths_Extract_2026-10-04\AssetClosure\ByArchive\patch-6.MPQ\WORLD\GENERIC\PASSIVEDOODADS\WEAPONS\NAGA_TRIDENT_HORIZONTAL.m2
1,patch-6.MPQ,WORLD\GENERIC\ORC\PASSIVE DOODADS\WEAPONS\ORCAXE01.m2,wmo-doodad-model|wmo-embedded-path,WORLD\WMO\CATACLYSM\VASHJIR\CAVES\VASHJIR_SMALL_CAVE.WMO,2978,0167B546BFCCC7F5A55328ADACA0DF06AA4220B6,D:\Sirus\_client\World of Warcraft Sirus\Risen_Depths_Extract_2026-10-04\AssetClosure\ByArchive\patch-6.MPQ\WORLD\GENERIC\ORC\PASSIVE DOODADS\WEAPONS\ORCAXE01.m2
1,patch-6.MPQ,WORLD\GENERIC\ORC\PASSIVE DOODADS\BARRELSANDCRATES\ORCCRATE03_FLOATING.m2,wmo-doodad-model|wmo-embedded-path,WORLD\WMO\CATACLYSM\VASHJIR\CAVES\VASHJIR_SMALL_CAVE.WMO,2476,5D736486CB96D1FC88A63D1484053E7CA53183CD,D:\Sirus\_client\World of Warcraft Sirus\Risen_Depths_Extract_2026-10-04\AssetClosure\ByArchive\patch-6.MPQ\WORLD\GENERIC\ORC\PASSIVE DOODADS\BARRELSANDCRATES\ORCCRATE03_FLOATING.m2
1,patch-6.MPQ,WORLD\GENERIC\ORC\PASSIVE DOODADS\BARRELSANDCRATES\ORCCRATE07.m2,wmo-doodad-model|wmo-embedded-path,WORLD\WMO\CATACLYSM\VASHJIR\CAVES\VASHJIR_SMALL_CAVE.WMO,12994,53BAB04975A8A3AA66A2B3129F8AE47DFC8ADC08,D:\Sirus\_client\World of Warcraft Sirus\Risen_Depths_Extract_2026-10-04\AssetClosure\ByArchive\patch-6.MPQ\WORLD\GENERIC\ORC\PASSIVE DOODADS\BARRELSANDCRATES\ORCCRATE07.m2
1,patch-6.MPQ,WORLD\GENERIC\ORC\PASSIVE DOODADS\BARRELSANDCRATES\ORCCRATE10.m2,wmo-doodad-model|wmo-embedded-path,WORLD\WMO\CATACLYSM\VASHJIR\CAVES\VASHJIR_SMALL_CAVE.WMO,2242,6921F68A689F7D4543CABDD2BC07E00D0D604A33,D:\Sirus\_client\World of Warcraft Sirus\Risen_Depths_Extract_2026-10-04\AssetClosure\ByArchive\patch-6.MPQ\WORLD\GENERIC\ORC\PASSIVE DOODADS\BARRELSANDCRATES\ORCCRATE10.m2
1,patch-6.MPQ,WORLD\GENERIC\ORC\PASSIVE DOODADS\BARRELSANDCRATES\ORCCRATEBROKEN01.m2,wmo-doodad-model|wmo-embedded-path,WORLD\WMO\CATACLYSM\VASHJIR\CAVES\VASHJIR_SMALL_CAVE.WMO,22930,160F8EFE4F81DF54AA3F39D551FCDA80BCB6B0D6,D:\Sirus\_client\World of Warcraft Sirus\Risen_Depths_Extract_2026-10-04\AssetClosure\ByArchive\patch-6.MPQ\WORLD\GENERIC\ORC\PASSIVE DOODADS\BARRELSANDCRATES\ORCCRATEBROKEN01.m2
1,patch-6.MPQ,WORLD\GENERIC\ORC\PASSIVE DOODADS\BARRELSANDCRATES\ORCCRATEBROKEN02.m2,wmo-doodad-model|wmo-embedded-path,WORLD\WMO\CATACLYSM\VASHJIR\CAVES\VASHJIR_SMALL_CAVE.WMO,20866,E869D89BA4AA244EA158FB223DFDA6F14B420D31,D:\Sirus\_client\World of Warcraft Sirus\Risen_Depths_Extract_2026-10-04\AssetClosure\ByArchive\patch-6.MPQ\WORLD\GENERIC\ORC\PASSIVE DOODADS\BARRELSANDCRATES\ORCCRATEBROKEN02.m2
1,patch-6.MPQ,WORLD\GENERIC\PASSIVEDOODADS\WEAPONCRATES\WEAPONCRATEHORDEAXEOPEN.m2,wmo-doodad-model|wmo-embedded-path,WORLD\WMO\CATACLYSM\VASHJIR\CAVES\VASHJIR_SMALL_CAVE.WMO,28658,DDEDE67717ECA8E0974C83AADB00E03D81D9ABFC,D:\Sirus\_client\World of Warcraft Sirus\Risen_Depths_Extract_2026-10-04\AssetClosure\ByArchive\patch-6.MPQ\WORLD\GENERIC\PASSIVEDOODADS\WEAPONCRATES\WEAPONCRATEHORDEAXEOPEN.m2
1,patch-6.MPQ,WORLD\EXPANSION03\DOODADS\WORGEN\ITEMS\WORGEN_PAPER_PILE_02.m2,wmo-doodad-model|wmo-embedded-path,WORLD\WMO\CATACLYSM\VASHJIR\CAVES\VASHJIR_SMALL_CAVE.WMO,7046,559BD50DB7B63519CF0DDCB6185BDD96EA707F12,D:\Sirus\_client\World of Warcraft Sirus\Risen_Depths_Extract_2026-10-04\AssetClosure\ByArchive\patch-6.MPQ\WORLD\EXPANSION03\DOODADS\WORGEN\ITEMS\WORGEN_PAPER_PILE_02.m2
1,patch-6.MPQ,WORLD\EXPANSION05\DOODADS\ZANGARMARSH\DOODADS\6ZG_BUSH_GEN_A02.m2,wmo-doodad-model|wmo-embedded-path,WORLD\WMO\CATACLYSM\VASHJIR\CAVES\VASHJIR_SMALL_CAVE.WMO,20536,0A22F0BEB90B883615C2089B1D8064B72C55A036,D:\Sirus\_client\World of Warcraft Sirus\Risen_Depths_Extract_2026-10-04\AssetClosure\ByArchive\patch-6.MPQ\WORLD\EXPANSION05\DOODADS\ZANGARMARSH\DOODADS\6ZG_BUSH_GEN_A02.m2
1,patch-6.MPQ,WORLD\EXPANSION05\DOODADS\TALADOR\DOODADS\6TD_ROCK_B02.m2,wmo-doodad-model|wmo-embedded-path,WORLD\WMO\CATACLYSM\VASHJIR\CAVES\VASHJIR_SMALL_CAVE.WMO,7378,FA3F82242438699351515EC974C4559C7103E849,D:\Sirus\_client\World of Warcraft Sirus\Risen_Depths_Extract_2026-10-04\AssetClosure\ByArchive\patch-6.MPQ\WORLD\EXPANSION05\DOODADS\TALADOR\DOODADS\6TD_ROCK_B02.m2
1,patch-6.MPQ,WORLD\EXPANSION05\DOODADS\TALADOR\DOODADS\6TD_ROCKCLUSTER_A01.m2,wmo-doodad-model|wmo-embedded-path,WORLD\WMO\CATACLYSM\VASHJIR\CAVES\VASHJIR_SMALL_CAVE.WMO,7490,6FC6BEA312ACBE1F69A6AC6E524642400D57FE89,D:\Sirus\_client\World of Warcraft Sirus\Risen_Depths_Extract_2026-10-04\AssetClosure\ByArchive\patch-6.MPQ\WORLD\EXPANSION05\DOODADS\TALADOR\DOODADS\6TD_ROCKCLUSTER_A01.m2
1,patch-6.MPQ,WORLD\EXPANSION05\DOODADS\TALADOR\DOODADS\6TD_ROCKCLUSTER_B01.m2,wmo-doodad-model|wmo-embedded-path,WORLD\WMO\CATACLYSM\VASHJIR\CAVES\VASHJIR_SMALL_CAVE.WMO,13874,66290F8511F99C0A54B2B0982C6DE735A9793272,D:\Sirus\_client\World of Warcraft Sirus\Risen_Depths_Extract_2026-10-04\AssetClosure\ByArchive\patch-6.MPQ\WORLD\EXPANSION05\DOODADS\TALADOR\DOODADS\6TD_ROCKCLUSTER_B01.m2
1,patch-6.MPQ,WORLD\EXPANSION05\DOODADS\ZANGARMARSH\DOODADS\6ZG_BUSH_GEN_A01.m2,wmo-doodad-model|wmo-embedded-path,WORLD\WMO\CATACLYSM\VASHJIR\CAVES\VASHJIR_SMALL_CAVE.WMO,18946,8F52E1093AD69A91ABF9C904F841D93E60787F99,D:\Sirus\_client\World of Warcraft Sirus\Risen_Depths_Extract_2026-10-04\AssetClosure\ByArchive\patch-6.MPQ\WORLD\EXPANSION05\DOODADS\ZANGARMARSH\DOODADS\6ZG_BUSH_GEN_A01.m2
1,patch-6.MPQ,WORLD\EXPANSION05\DOODADS\ZANGARMARSH\DOODADS\6ZG_MUSHROOM_GEN_B01.m2,wmo-doodad-model|wmo-embedded-path,WORLD\WMO\CATACLYSM\VASHJIR\CAVES\VASHJIR_SMALL_CAVE.WMO,30998,DC1FDAFFF2697294BBB5974B09C445CA6DE56D74,D:\Sirus\_client\World of Warcraft Sirus\Risen_Depths_Extract_2026-10-04\AssetClosure\ByArchive\patch-6.MPQ\WORLD\EXPANSION05\DOODADS\ZANGARMARSH\DOODADS\6ZG_MUSHROOM_GEN_B01.m2
1,patch-6.MPQ,WORLD\EXPANSION05\DOODADS\ZANGARMARSH\DOODADS\6ZG_MUSHROOM_SMALL_GEN_A01.m2,wmo-doodad-model|wmo-embedded-path,WORLD\WMO\CATACLYSM\VASHJIR\CAVES\VASHJIR_SMALL_CAVE.WMO,10162,3D7DBC5CCD74166EDCB913CF57D7A6310FA965EC,D:\Sirus\_client\World of Warcraft Sirus\Risen_Depths_Extract_2026-10-04\AssetClosure\ByArchive\patch-6.MPQ\WORLD\EXPANSION05\DOODADS\ZANGARMARSH\DOODADS\6ZG_MUSHROOM_SMALL_GEN_A01.m2
1,patch-6.MPQ,WORLD\EXPANSION05\DOODADS\ZANGARMARSH\DOODADS\6ZG_MUSHROOM_SMALL_GEN_A03.m2,wmo-doodad-model|wmo-embedded-path,WORLD\WMO\CATACLYSM\VASHJIR\CAVES\VASHJIR_SMALL_CAVE.WMO,10322,657331225B69EDA1F8CF7107A9C28609587480FA,D:\Sirus\_client\World of Warcraft Sirus\Risen_Depths_Extract_2026-10-04\AssetClosure\ByArchive\patch-6.MPQ\WORLD\EXPANSION05\DOODADS\ZANGARMARSH\DOODADS\6ZG_MUSHROOM_SMALL_GEN_A03.m2
1,patch-6.MPQ,WORLD\EXPANSION05\DOODADS\ZANGARMARSH\DOODADS\6ZG_MUSHROOM_SMALL_GEN_A05.m2,wmo-doodad-model|wmo-embedded-path,WORLD\WMO\CATACLYSM\VASHJIR\CAVES\VASHJIR_SMALL_CAVE.WMO,42706,7E2D99DB4F471540FA3E44DBC55322CC99C34455,D:\Sirus\_client\World of Warcraft Sirus\Risen_Depths_Extract_2026-10-04\AssetClosure\ByArchive\patch-6.MPQ\WORLD\EXPANSION05\DOODADS\ZANGARMARSH\DOODADS\6ZG_MUSHROOM_SMALL_GEN_A05.m2
1,patch-6.MPQ,WORLD\EXPANSION05\DOODADS\ZANGARMARSH\DOODADS\6ZG_MUSHROOM_SMALL_GEN_A06.m2,wmo-doodad-model|wmo-embedded-path,WORLD\WMO\CATACLYSM\VASHJIR\CAVES\VASHJIR_SMALL_CAVE.WMO,13074,F4248869FA5F4DD99B4D3A0A5FCC67ABD4B5DB21,D:\Sirus\_client\World of Warcraft Sirus\Risen_Depths_Extract_2026-10-04\AssetClosure\ByArchive\patch-6.MPQ\WORLD\EXPANSION05\DOODADS\ZANGARMARSH\DOODADS\6ZG_MUSHROOM_SMALL_GEN_A06.m2
1,patch-6.MPQ,WORLD\EXPANSION05\DOODADS\ZANGARMARSH\DOODADS\6ZG_MUSHROOM_SMALL_WATER_A02.m2,wmo-doodad-model|wmo-embedded-path,WORLD\WMO\CATACLYSM\VASHJIR\CAVES\VASHJIR_SMALL_CAVE.WMO,12706,3E0DC0178C4BC73D4E1B34989ADD84E6B4563A81,D:\Sirus\_client\World of Warcraft Sirus\Risen_Depths_Extract_2026-10-04\AssetClosure\ByArchive\patch-6.MPQ\WORLD\EXPANSION05\DOODADS\ZANGARMARSH\DOODADS\6ZG_MUSHROOM_SMALL_WATER_A02.m2
1,patch-6.MPQ,WORLD\EXPANSION05\DOODADS\ZANGARMARSH\DOODADS\6ZG_MUSHROOM_SMALL_WATER_A03.m2,wmo-doodad-model|wmo-embedded-path,WORLD\WMO\CATACLYSM\VASHJIR\CAVES\VASHJIR_SMALL_CAVE.WMO,14850,0ADBE878AC2AAADF36E09CD66D8697590B4831E1,D:\Sirus\_client\World of Warcraft Sirus\Risen_Depths_Extract_2026-10-04\AssetClosure\ByArchive\patch-6.MPQ\WORLD\EXPANSION05\DOODADS\ZANGARMARSH\DOODADS\6ZG_MUSHROOM_SMALL_WATER_A03.m2
1,patch-6.MPQ,WORLD\EXPANSION05\DOODADS\ZANGARMARSH\DOODADS\6ZG_MUSHROOM_TUBE_B01.m2,wmo-doodad-model|wmo-embedded-path,WORLD\WMO\CATACLYSM\VASHJIR\CAVES\VASHJIR_SMALL_CAVE.WMO,24210,A2FAA4982033B1919B65361FBEB0DF5468AE2E32,D:\Sirus\_client\World of Warcraft Sirus\Risen_Depths_Extract_2026-10-04\AssetClosure\ByArchive\patch-6.MPQ\WORLD\EXPANSION05\DOODADS\ZANGARMARSH\DOODADS\6ZG_MUSHROOM_TUBE_B01.m2
1,patch-6.MPQ,WORLD\EXPANSION05\DOODADS\ZANGARMARSH\DOODADS\6ZG_MUSHROOM_TUBE_B02.m2,wmo-doodad-model|wmo-embedded-path,WORLD\WMO\CATACLYSM\VASHJIR\CAVES\VASHJIR_SMALL_CAVE.WMO,21634,2F8F5343AAB4392BCD14ADE232498F4D61929DDC,D:\Sirus\_client\World of Warcraft Sirus\Risen_Depths_Extract_2026-10-04\AssetClosure\ByArchive\patch-6.MPQ\WORLD\EXPANSION05\DOODADS\ZANGARMARSH\DOODADS\6ZG_MUSHROOM_TUBE_B02.m2
1,patch-6.MPQ,WORLD\EXPANSION05\DOODADS\ZANGARMARSH\DOODADS\6ZG_SEABUSH_02.m2,wmo-doodad-model|wmo-embedded-path,WORLD\WMO\CATACLYSM\VASHJIR\CAVES\VASHJIR_SMALL_CAVE.WMO,14018,BF749D1E865EA45F0B2C6F5D8C50976AFDD90A4A,D:\Sirus\_client\World of Warcraft Sirus\Risen_Depths_Extract_2026-10-04\AssetClosure\ByArchive\patch-6.MPQ\WORLD\EXPANSION05\DOODADS\ZANGARMARSH\DOODADS\6ZG_SEABUSH_02.m2
1,patch-6.MPQ,WORLD\NODXT\DETAIL\6ZGFLOWER01.m2,wmo-doodad-model|wmo-embedded-path,WORLD\WMO\CATACLYSM\VASHJIR\CAVES\VASHJIR_SMALL_CAVE.WMO,4354,FDA457F4A8B7241346751CC459F427790232A1B2,D:\Sirus\_client\World of Warcraft Sirus\Risen_Depths_Extract_2026-10-04\AssetClosure\ByArchive\patch-6.MPQ\WORLD\NODXT\DETAIL\6ZGFLOWER01.m2
1,patch-6.MPQ,WORLD\NODXT\DETAIL\6ZGMUSHROOM01.m2,wmo-doodad-model|wmo-embedded-path,WORLD\WMO\CATACLYSM\VASHJIR\CAVES\VASHJIR_SMALL_CAVE.WMO,3778,5DF18FFCCB8E8AB82E7D2D7B44E4A484F6855072,D:\Sirus\_client\World of Warcraft Sirus\Risen_Depths_Extract_2026-10-04\AssetClosure\ByArchive\patch-6.MPQ\WORLD\NODXT\DETAIL\6ZGMUSHROOM01.m2
1,patch-6.MPQ,WORLD\NODXT\DETAIL\6ZGMUSHROOM02.m2,wmo-doodad-model|wmo-embedded-path,WORLD\WMO\CATACLYSM\VASHJIR\CAVES\VASHJIR_SMALL_CAVE.WMO,4018,5C65FB15ADB6756811C32212698993FE8C7E23DB,D:\Sirus\_client\World of Warcraft Sirus\Risen_Depths_Extract_2026-10-04\AssetClosure\ByArchive\patch-6.MPQ\WORLD\NODXT\DETAIL\6ZGMUSHROOM02.m2
1,patch-6.MPQ,WORLD\NODXT\DETAIL\6ZGSPOREGEN02.m2,wmo-doodad-model|wmo-embedded-path,WORLD\WMO\CATACLYSM\VASHJIR\CAVES\VASHJIR_SMALL_CAVE.WMO,3280,55F8369A841C0EAF5FDCACDDF8C2906F97C8F29C,D:\Sirus\_client\World of Warcraft Sirus\Risen_Depths_Extract_2026-10-04\AssetClosure\ByArchive\patch-6.MPQ\WORLD\NODXT\DETAIL\6ZGSPOREGEN02.m2
1,patch-6.MPQ,WORLD\CRITTER\FISH\FISHBASIC04.m2,wmo-doodad-model|wmo-embedded-path,WORLD\WMO\CATACLYSM\VASHJIR\CAVES\VASHJIR_SMALL_CAVE.WMO,60618,FBC7BAA096B506C40E1B3B32DE3C65D271CD7B8A,D:\Sirus\_client\World of Warcraft Sirus\Risen_Depths_Extract_2026-10-04\AssetClosure\ByArchive\patch-6.MPQ\WORLD\CRITTER\FISH\FISHBASIC04.m2
1,patch-6.MPQ,WORLD\KALIMDOR\BLACKFATHOM\PASSIVEDOODADS\WATERFALLS\BFD_WATERFALLS10_NOSOUND.m2,wmo-doodad-model|wmo-embedded-path,WORLD\WMO\CATACLYSM\VASHJIR\CAVES\VASHJIR_SMALL_CAVE.WMO | WORLD\WMO\DUNGEON\MD_SHIPWRECK\TRANSPORT_SHIPWRECK_SUNKENSHIP.WMO,20186,7DFE646147DDDFCA8E7CD4CC6B8D8B326EC58739,D:\Sirus\_client\World of Warcraft Sirus\Risen_Depths_Extract_2026-10-04\AssetClosure\ByArchive\patch-6.MPQ\WORLD\KALIMDOR\BLACKFATHOM\PASSIVEDOODADS\WATERFALLS\BFD_WATERFALLS10_NOSOUND.m2
1,patch-6.MPQ,WORLD\KALIMDOR\BLACKFATHOM\PASSIVEDOODADS\WATERFALLS\BFD_WATERFALLS11_NOSOUND.m2,wmo-doodad-model|wmo-embedded-path,WORLD\WMO\CATACLYSM\VASHJIR\CAVES\VASHJIR_SMALL_CAVE.WMO | WORLD\WMO\DUNGEON\MD_SHIPWRECK\TRANSPORT_SHIPWRECK_SUNKENSHIP.WMO,20570,2E68D9CA2BEC6475EFED3E202F864C1F975714E5,D:\Sirus\_client\World of Warcraft Sirus\Risen_Depths_Extract_2026-10-04\AssetClosure\ByArchive\patch-6.MPQ\WORLD\KALIMDOR\BLACKFATHOM\PASSIVEDOODADS\WATERFALLS\BFD_WATERFALLS11_NOSOUND.m2
1,patch-6.MPQ,WORLD\EXPANSION03\DOODADS\GENERIC\SEAHORSESTAND.m2,wmo-doodad-model|wmo-embedded-path,WORLD\WMO\CATACLYSM\VASHJIR\CAVES\VASHJIR_SMALL_CAVE.WMO,82754,9423CBE3474F351FAE67DF414F6940A5904A0C97,D:\Sirus\_client\World of Warcraft Sirus\Risen_Depths_Extract_2026-10-04\AssetClosure\ByArchive\patch-6.MPQ\WORLD\EXPANSION03\DOODADS\GENERIC\SEAHORSESTAND.m2
1,patch-6.MPQ,WORLD\EXPANSION03\DOODADS\WORGEN\EFFECTS\WORGEN_PUDDLESPLASH_01.m2,wmo-doodad-model|wmo-embedded-path,WORLD\WMO\CATACLYSM\VASHJIR\CAVES\VASHJIR_SMALL_CAVE.WMO,2278,022214764501F77E4AD660C732FFBE5A8F746180,D:\Sirus\_client\World of Warcraft Sirus\Risen_Depths_Extract_2026-10-04\AssetClosure\ByArchive\patch-6.MPQ\WORLD\EXPANSION03\DOODADS\WORGEN\EFFECTS\WORGEN_PUDDLESPLASH_01.m2
1,patch-6.MPQ,WORLD\WMO\CATACLYSM\VASHJIR\CAVES\VASHJIR_SMALL_CAVE_000.wmo,wmo-group,WORLD\WMO\CATACLYSM\VASHJIR\CAVES\VASHJIR_SMALL_CAVE.WMO,133460,14B958FD82F10E4465CF7918744C2A35F8763516,D:\Sirus\_client\World of Warcraft Sirus\Risen_Depths_Extract_2026-10-04\AssetClosure\ByArchive\patch-6.MPQ\WORLD\WMO\CATACLYSM\VASHJIR\CAVES\VASHJIR_SMALL_CAVE_000.wmo
1,patch-6.MPQ,WORLD\WMO\CATACLYSM\VASHJIR\CAVES\VASHJIR_SMALL_CAVE_001.wmo,wmo-group,WORLD\WMO\CATACLYSM\VASHJIR\CAVES\VASHJIR_SMALL_CAVE.WMO,1149476,DDDB6A9BE49CC32D1172C166544A9B46FA0A2040,D:\Sirus\_client\World of Warcraft Sirus\Risen_Depths_Extract_2026-10-04\AssetClosure\ByArchive\patch-6.MPQ\WORLD\WMO\CATACLYSM\VASHJIR\CAVES\VASHJIR_SMALL_CAVE_001.wmo
1,patch-6.MPQ,WORLD\WMO\DUNGEON\MD_SHIPWRECK\SHIPWRECK_DFRONT_SOLID_000.wmo,wmo-group,WORLD\WMO\DUNGEON\MD_SHIPWRECK\SHIPWRECK_DFRONT_SOLID.WMO,74856,7BD37403ADE96EBF6122E6D6BD39CC684CAC3997,D:\Sirus\_client\World of Warcraft Sirus\Risen_Depths_Extract_2026-10-04\AssetClosure\ByArchive\patch-6.MPQ\WORLD\WMO\DUNGEON\MD_SHIPWRECK\SHIPWRECK_DFRONT_SOLID_000.wmo
1,patch-6.MPQ,WORLD\GENERIC\TAUREN\PASSIVE DOODADS\SACKS\TAURENSACK02.m2,wmo-doodad-model|wmo-embedded-path,WORLD\WMO\DUNGEON\MD_SHIPWRECK\TRANSPORT_SHIPWRECK_SUNKENSHIP.WMO,3538,129C6A38BE16D09DD190B311DDE3DEFDEA17ADE2,D:\Sirus\_client\World of Warcraft Sirus\Risen_Depths_Extract_2026-10-04\AssetClosure\ByArchive\patch-6.MPQ\WORLD\GENERIC\TAUREN\PASSIVE DOODADS\SACKS\TAURENSACK02.m2
1,patch-6.MPQ,WORLD\GENERIC\HUMAN\PASSIVE DOODADS\BUCKETS\BUCKET.m2,wmo-doodad-model|wmo-embedded-path,WORLD\WMO\DUNGEON\MD_SHIPWRECK\TRANSPORT_SHIPWRECK_SUNKENSHIP.WMO,7378,8F660C00F71BD1539010348084F16875FDD2C3D9,D:\Sirus\_client\World of Warcraft Sirus\Risen_Depths_Extract_2026-10-04\AssetClosure\ByArchive\patch-6.MPQ\WORLD\GENERIC\HUMAN\PASSIVE DOODADS\BUCKETS\BUCKET.m2
1,patch-6.MPQ,WORLD\GENERIC\PASSIVEDOODADS\FISH\FISH_YELLOWFLOATER.m2,wmo-doodad-model|wmo-embedded-path,WORLD\WMO\DUNGEON\MD_SHIPWRECK\TRANSPORT_SHIPWRECK_SUNKENSHIP.WMO,32900,AA653C7A1BCE9D937E866EB96E77641AA6624641,D:\Sirus\_client\World of Warcraft Sirus\Risen_Depths_Extract_2026-10-04\AssetClosure\ByArchive\patch-6.MPQ\WORLD\GENERIC\PASSIVEDOODADS\FISH\FISH_YELLOWFLOATER.m2
1,patch-6.MPQ,WORLD\GENERIC\PASSIVEDOODADS\FISH\FISH_REDFLOATER_02.m2,wmo-doodad-model|wmo-embedded-path,WORLD\WMO\DUNGEON\MD_SHIPWRECK\TRANSPORT_SHIPWRECK_SUNKENSHIP.WMO,111140,D1379C1A9E3511D603E3D561B6DEB2651470ABA9,D:\Sirus\_client\World of Warcraft Sirus\Risen_Depths_Extract_2026-10-04\AssetClosure\ByArchive\patch-6.MPQ\WORLD\GENERIC\PASSIVEDOODADS\FISH\FISH_REDFLOATER_02.m2
1,patch-6.MPQ,WORLD\GENERIC\PASSIVEDOODADS\FISH\FISH_REDFLOATER.m2,wmo-doodad-model|wmo-embedded-path,WORLD\WMO\DUNGEON\MD_SHIPWRECK\TRANSPORT_SHIPWRECK_SUNKENSHIP.WMO,41057,33E7473E85127419CD3D7B010FFCCBDC83144859,D:\Sirus\_client\World of Warcraft Sirus\Risen_Depths_Extract_2026-10-04\AssetClosure\ByArchive\patch-6.MPQ\WORLD\GENERIC\PASSIVEDOODADS\FISH\FISH_REDFLOATER.m2
1,patch-6.MPQ,WORLD\WMO\DUNGEON\MD_SHIPWRECK\TRANSPORT_SHIPWRECK_SUNKENSHIP_000.wmo,wmo-group,WORLD\WMO\DUNGEON\MD_SHIPWRECK\TRANSPORT_SHIPWRECK_SUNKENSHIP.WMO,357166,89CF7EFA0DD76AFE2C1C075AF4145162863EC7CB,D:\Sirus\_client\World of Warcraft Sirus\Risen_Depths_Extract_2026-10-04\AssetClosure\ByArchive\patch-6.MPQ\WORLD\WMO\DUNGEON\MD_SHIPWRECK\TRANSPORT_SHIPWRECK_SUNKENSHIP_000.wmo
1,patch-6.MPQ,WORLD\WMO\DUNGEON\MD_SHIPWRECK\TRANSPORT_SHIPWRECK_SUNKENSHIP_001.wmo,wmo-group,WORLD\WMO\DUNGEON\MD_SHIPWRECK\TRANSPORT_SHIPWRECK_SUNKENSHIP.WMO,216742,DDEFFA8B2811FCE681DE1ABDF6E1C824BC2ABFF0,D:\Sirus\_client\World of Warcraft Sirus\Risen_Depths_Extract_2026-10-04\AssetClosure\ByArchive\patch-6.MPQ\WORLD\WMO\DUNGEON\MD_SHIPWRECK\TRANSPORT_SHIPWRECK_SUNKENSHIP_001.wmo
1,patch-6.MPQ,WORLD\WMO\KALIMDOR\BUILDINGS\CLASSICALELFRUINS\AZRCLASSICALELFRUIN_UW01_000.wmo,wmo-group,WORLD\WMO\KALIMDOR\BUILDINGS\CLASSICALELFRUINS\AZRCLASSICALELFRUIN_UW01.WMO,95500,AE4F0FE78DE1D6C095DC23806EAB9812399F4EC4,D:\Sirus\_client\World of Warcraft Sirus\Risen_Depths_Extract_2026-10-04\AssetClosure\ByArchive\patch-6.MPQ\WORLD\WMO\KALIMDOR\BUILDINGS\CLASSICALELFRUINS\AZRCLASSICALELFRUIN_UW01_000.wmo
1,patch-6.MPQ,WORLD\WMO\KALIMDOR\BUILDINGS\CLASSICALELFRUINS\AZRCLASSICALELFRUIN_UW02_000.wmo,wmo-group,WORLD\WMO\KALIMDOR\BUILDINGS\CLASSICALELFRUINS\AZRCLASSICALELFRUIN_UW02.WMO,321436,CEC5723ACFFDFE7C32DE95B4290B928FC06F43A3,D:\Sirus\_client\World of Warcraft Sirus\Risen_Depths_Extract_2026-10-04\AssetClosure\ByArchive\patch-6.MPQ\WORLD\WMO\KALIMDOR\BUILDINGS\CLASSICALELFRUINS\AZRCLASSICALELFRUIN_UW02_000.wmo
1,patch-6.MPQ,WORLD\WMO\KALIMDOR\BUILDINGS\CLASSICALELFRUINS\AZRCLASSICALELFRUIN_UW03_000.wmo,wmo-group,WORLD\WMO\KALIMDOR\BUILDINGS\CLASSICALELFRUINS\AZRCLASSICALELFRUIN_UW03.WMO,484700,5054DB4F655C0FFBFDB09EE341F63D844372B243,D:\Sirus\_client\World of Warcraft Sirus\Risen_Depths_Extract_2026-10-04\AssetClosure\ByArchive\patch-6.MPQ\WORLD\WMO\KALIMDOR\BUILDINGS\CLASSICALELFRUINS\AZRCLASSICALELFRUIN_UW03_000.wmo
1,patch-6.MPQ,WORLD\WMO\KALIMDOR\BUILDINGS\CLASSICALELFRUINS\AZRCLASSICALELFRUIN_UW05_000.wmo,wmo-group,WORLD\WMO\KALIMDOR\BUILDINGS\CLASSICALELFRUINS\AZRCLASSICALELFRUIN_UW05.WMO,241966,3A582588C63B4279FD7A3EC3939D2BE0CBE1A9A4,D:\Sirus\_client\World of Warcraft Sirus\Risen_Depths_Extract_2026-10-04\AssetClosure\ByArchive\patch-6.MPQ\WORLD\WMO\KALIMDOR\BUILDINGS\CLASSICALELFRUINS\AZRCLASSICALELFRUIN_UW05_000.wmo
1,patch-6.MPQ,WORLD\WMO\KALIMDOR\BUILDINGS\CLASSICALELFRUINS\AZRCLASSICALELFRUIN_UW06_000.wmo,wmo-group,WORLD\WMO\KALIMDOR\BUILDINGS\CLASSICALELFRUINS\AZRCLASSICALELFRUIN_UW06.WMO,103558,B547426AD5BAB69B07FB79D3E4085483BE8A0768,D:\Sirus\_client\World of Warcraft Sirus\Risen_Depths_Extract_2026-10-04\AssetClosure\ByArchive\patch-6.MPQ\WORLD\WMO\KALIMDOR\BUILDINGS\CLASSICALELFRUINS\AZRCLASSICALELFRUIN_UW06_000.wmo
1,patch-6.MPQ,WORLD\WMO\KALIMDOR\BUILDINGS\CLASSICALELFRUINS\AZRCLASSICALELFRUIN_UW07_000.wmo,wmo-group,WORLD\WMO\KALIMDOR\BUILDINGS\CLASSICALELFRUINS\AZRCLASSICALELFRUIN_UW07.WMO,60478,8A76628B8B4FBD95B3CF5024A2CBB06C188B7BAA,D:\Sirus\_client\World of Warcraft Sirus\Risen_Depths_Extract_2026-10-04\AssetClosure\ByArchive\patch-6.MPQ\WORLD\WMO\KALIMDOR\BUILDINGS\CLASSICALELFRUINS\AZRCLASSICALELFRUIN_UW07_000.wmo
1,patch-6.MPQ,WORLD\WMO\KALIMDOR\BUILDINGS\CLASSICALELFRUINS\AZRCLASSICALELFRUIN_UW08_000.wmo,wmo-group,WORLD\WMO\KALIMDOR\BUILDINGS\CLASSICALELFRUINS\AZRCLASSICALELFRUIN_UW08.WMO,39526,7955A48C74F2824CF9745E5C1C37510FAD32BCAB,D:\Sirus\_client\World of Warcraft Sirus\Risen_Depths_Extract_2026-10-04\AssetClosure\ByArchive\patch-6.MPQ\WORLD\WMO\KALIMDOR\BUILDINGS\CLASSICALELFRUINS\AZRCLASSICALELFRUIN_UW08_000.wmo
1,patch-6.MPQ,WORLD\WMO\KALIMDOR\BUILDINGS\CLASSICALELFRUINS\AZRCLASSICALELFRUIN_UW09_000.wmo,wmo-group,WORLD\WMO\KALIMDOR\BUILDINGS\CLASSICALELFRUINS\AZRCLASSICALELFRUIN_UW09.WMO,190768,D029D045F3F826BC07A3E52DC6FF7E3967738E3C,D:\Sirus\_client\World of Warcraft Sirus\Risen_Depths_Extract_2026-10-04\AssetClosure\ByArchive\patch-6.MPQ\WORLD\WMO\KALIMDOR\BUILDINGS\CLASSICALELFRUINS\AZRCLASSICALELFRUIN_UW09_000.wmo
1,patch-6.MPQ,WORLD\WMO\KALIMDOR\BUILDINGS\CLASSICALELFRUINS\AZRCLASSICALELFRUIN_UW09_001.wmo,wmo-group,WORLD\WMO\KALIMDOR\BUILDINGS\CLASSICALELFRUINS\AZRCLASSICALELFRUIN_UW09.WMO,797922,6BED19942F92A38589860B0400EE0489DA942978,D:\Sirus\_client\World of Warcraft Sirus\Risen_Depths_Extract_2026-10-04\AssetClosure\ByArchive\patch-6.MPQ\WORLD\WMO\KALIMDOR\BUILDINGS\CLASSICALELFRUINS\AZRCLASSICALELFRUIN_UW09_001.wmo
1,patch-6.MPQ,WORLD\WMO\KALIMDOR\BUILDINGS\CLASSICALELFRUINS\AZRCLASSICALELFRUIN_UW09_002.wmo,wmo-group,WORLD\WMO\KALIMDOR\BUILDINGS\CLASSICALELFRUINS\AZRCLASSICALELFRUIN_UW09.WMO,513164,CBBFD3A3463E16217118348E604A6661665294C0,D:\Sirus\_client\World of Warcraft Sirus\Risen_Depths_Extract_2026-10-04\AssetClosure\ByArchive\patch-6.MPQ\WORLD\WMO\KALIMDOR\BUILDINGS\CLASSICALELFRUINS\AZRCLASSICALELFRUIN_UW09_002.wmo
1,patch-6.MPQ,WORLD\WMO\KALIMDOR\BUILDINGS\CLASSICALELFRUINS\AZRCLASSICALELFRUIN_UW10_000.wmo,wmo-group,WORLD\WMO\KALIMDOR\BUILDINGS\CLASSICALELFRUINS\AZRCLASSICALELFRUIN_UW10.WMO,445966,1086BC1E1B83FFA62480F18B00E5E83556CE3EC3,D:\Sirus\_client\World of Warcraft Sirus\Risen_Depths_Extract_2026-10-04\AssetClosure\ByArchive\patch-6.MPQ\WORLD\WMO\KALIMDOR\BUILDINGS\CLASSICALELFRUINS\AZRCLASSICALELFRUIN_UW10_000.wmo
1,patch-6.MPQ,WORLD\WMO\KALIMDOR\BUILDINGS\CLASSICALELFRUINS\AZRCLASSICALELFRUIN_UW10_001.wmo,wmo-group,WORLD\WMO\KALIMDOR\BUILDINGS\CLASSICALELFRUINS\AZRCLASSICALELFRUIN_UW10.WMO,856,2DF02A33208997E7A9EF892D8914629243A6DF88,D:\Sirus\_client\World of Warcraft Sirus\Risen_Depths_Extract_2026-10-04\AssetClosure\ByArchive\patch-6.MPQ\WORLD\WMO\KALIMDOR\BUILDINGS\CLASSICALELFRUINS\AZRCLASSICALELFRUIN_UW10_001.wmo
1,patch-6.MPQ,World\ENVIRONMENT\DOODAD\BOREANTUNDRA\NAGA_PAGODA\TEX\DK_UNDERWATER_NAGA_PAGODA_01.BLP,wmo-embedded-path|wmo-material-texture,WORLD\WMO\KALIMDOR\BUILDINGS\NAGAPAGODA\ND_NAGA_PAGODA_UNDERWATER_01.WMO,44876,AE30E3D27CDE01713B6AC2D13AF0482DE50D74EE,D:\Sirus\_client\World of Warcraft Sirus\Risen_Depths_Extract_2026-10-04\AssetClosure\ByArchive\patch-6.MPQ\World\ENVIRONMENT\DOODAD\BOREANTUNDRA\NAGA_PAGODA\TEX\DK_UNDERWATER_NAGA_PAGODA_01.BLP
1,patch-6.MPQ,World\ENVIRONMENT\DOODAD\BOREANTUNDRA\NAGA_PAGODA\TEX\DK_UNDERWATER_NAGA_PAGODA_STAIR.BLP,wmo-embedded-path|wmo-material-texture,WORLD\WMO\KALIMDOR\BUILDINGS\NAGAPAGODA\ND_NAGA_PAGODA_UNDERWATER_01.WMO,44876,AA4923FC05E648F46603152CF79A76831EEF2820,D:\Sirus\_client\World of Warcraft Sirus\Risen_Depths_Extract_2026-10-04\AssetClosure\ByArchive\patch-6.MPQ\World\ENVIRONMENT\DOODAD\BOREANTUNDRA\NAGA_PAGODA\TEX\DK_UNDERWATER_NAGA_PAGODA_STAIR.BLP
1,patch-6.MPQ,WORLD\WMO\KALIMDOR\BUILDINGS\NAGAPAGODA\ND_NAGA_PAGODA_UNDERWATER_01_000.wmo,wmo-group,WORLD\WMO\KALIMDOR\BUILDINGS\NAGAPAGODA\ND_NAGA_PAGODA_UNDERWATER_01.WMO,72772,190AF220CF8DFE2C7E890970AAFB0CBDF1D59DAE,D:\Sirus\_client\World of Warcraft Sirus\Risen_Depths_Extract_2026-10-04\AssetClosure\ByArchive\patch-6.MPQ\WORLD\WMO\KALIMDOR\BUILDINGS\NAGAPAGODA\ND_NAGA_PAGODA_UNDERWATER_01_000.wmo
1,patch-6.MPQ,WORLD\AZEROTH\ELWYNN\PASSIVEDOODADS\SMALLDOCK\FLAMELICKSMALLBLUE.BLP,m2-embedded-path,WORLD\AZEROTH\BURNINGSTEPPES\PASSIVEDOODADS\BONFIRE\ORCBONFIRE.m2,23044,073EE5502DC2935442825B09B31E357222D56B78,D:\Sirus\_client\World of Warcraft Sirus\Risen_Depths_Extract_2026-10-04\AssetClosure\ByArchive\patch-6.MPQ\WORLD\AZEROTH\ELWYNN\PASSIVEDOODADS\SMALLDOCK\FLAMELICKSMALLBLUE.BLP
1,patch-6.MPQ,World\Generic\Human\Passive Doodads\PlanterBoxes\ElwynnFlower03a.blp,m2-embedded-path,WORLD\AZEROTH\Elwynn\PassiveDoodads\DETAIL\ELWYNNCATAILS02\ELWYNNCATAILS02.m2 | WORLD\AZEROTH\Elwynn\PassiveDoodads\DETAIL\ELWYNNREEDS01\ELWYNNREEDS01.m2,12132,E626946A5FE568CFFCF8ACBB7727DDD49FDE5AD4,D:\Sirus\_client\World of Warcraft Sirus\Risen_Depths_Extract_2026-10-04\AssetClosure\ByArchive\patch-6.MPQ\World\Generic\Human\Passive Doodads\PlanterBoxes\ElwynnFlower03a.blp
1,patch-6.MPQ,WORLD\AZEROTH\WESTFALL\PASSIVEDOODADS\BARREL\BAR_BUT_HAY_HAR_CAR.BLP,m2-embedded-path,WORLD\AZEROTH\WESTFALL\PASSIVEDOODADS\BROKENCART\BROKENCART.m2,44876,5B44539AAE66CDDD22EB1A6E57C1C13993651B3B,D:\Sirus\_client\World of Warcraft Sirus\Risen_Depths_Extract_2026-10-04\AssetClosure\ByArchive\patch-6.MPQ\WORLD\AZEROTH\WESTFALL\PASSIVEDOODADS\BARREL\BAR_BUT_HAY_HAR_CAR.BLP
1,patch-6.MPQ,WORLD\EXPANSION02\DOODADS\GENERIC\VRYKUL\HAY\VR_STRAW_SMALL_0100.skin,m2-skin-profile,WORLD\EXPANSION02\DOODADS\GENERIC\VRYKUL\HAY\VR_STRAW_SMALL_01.M2,3200,923F91101B3E72A634C3C62CB6C063721BD9F150,D:\Sirus\_client\World of Warcraft Sirus\Risen_Depths_Extract_2026-10-04\AssetClosure\ByArchive\patch-6.MPQ\WORLD\EXPANSION02\DOODADS\GENERIC\VRYKUL\HAY\VR_STRAW_SMALL_0100.skin
1,patch-6.MPQ,WORLD\EXPANSION02\DOODADS\GENERIC\VRYKUL\HAY\VRSTRAWBITS.BLP,m2-embedded-path,WORLD\EXPANSION02\DOODADS\GENERIC\VRYKUL\HAY\VR_STRAW_SMALL_01.M2,88580,C58BD5B82E5FDF3E3EB12CCD01D03742722BB9F5,D:\Sirus\_client\World of Warcraft Sirus\Risen_Depths_Extract_2026-10-04\AssetClosure\ByArchive\patch-6.MPQ\WORLD\EXPANSION02\DOODADS\GENERIC\VRYKUL\HAY\VRSTRAWBITS.BLP
1,patch-6.MPQ,WORLD\GENERIC\DARKIRONDWARF\PASSIVE DOODADS\KEGS\DARKIRONDWARFBOARD01.BLP,m2-embedded-path,WORLD\GENERIC\DARKIRONDWARF\PASSIVE DOODADS\WOODPLANKS\DARKIRONWOODPLANKS02.m2,12124,63CC6AA6D5999E75E6DAB3807F6A6664EA17BB5B,D:\Sirus\_client\World of Warcraft Sirus\Risen_Depths_Extract_2026-10-04\AssetClosure\ByArchive\patch-6.MPQ\WORLD\GENERIC\DARKIRONDWARF\PASSIVE DOODADS\KEGS\DARKIRONDWARFBOARD01.BLP
1,patch-6.MPQ,World\Generic\Human\Passive Doodads\Anchor\DredgeChain.blp,m2-embedded-path,WORLD\GENERIC\HUMAN\PASSIVE DOODADS\ANCHOR\DEADMINEANCHOR.m2,3940,A8922FFF99EEAAA7D07714C41151103B1ADAD7D0,D:\Sirus\_client\World of Warcraft Sirus\Risen_Depths_Extract_2026-10-04\AssetClosure\ByArchive\patch-6.MPQ\World\Generic\Human\Passive Doodads\Anchor\DredgeChain.blp
1,patch-6.MPQ,WORLD\AZEROTH\ELWYNN\BUILDINGS\DISTILLERY\WINEBARREL_SIDE.BLP,m2-embedded-path,WORLD\GENERIC\HUMAN\PASSIVE DOODADS\BOTTLES\GREENBOTTLE02.m2,6652,8B47931D8B51127F934247F0D1AD82BD8D2CB649,D:\Sirus\_client\World of Warcraft Sirus\Risen_Depths_Extract_2026-10-04\AssetClosure\ByArchive\patch-6.MPQ\WORLD\AZEROTH\ELWYNN\BUILDINGS\DISTILLERY\WINEBARREL_SIDE.BLP
1,patch-6.MPQ,WORLD\GENERIC\GOBLIN\PASSIVEDOODADS\GOBLINMACHINERY\BOTTLEGREEN.BLP,m2-embedded-path,WORLD\GENERIC\HUMAN\PASSIVE DOODADS\BOTTLES\GREENBOTTLE02.m2,2556,FCA47EA150746644ED0B9907CD30E17FCD4A803F,D:\Sirus\_client\World of Warcraft Sirus\Risen_Depths_Extract_2026-10-04\AssetClosure\ByArchive\patch-6.MPQ\WORLD\GENERIC\GOBLIN\PASSIVEDOODADS\GOBLINMACHINERY\BOTTLEGREEN.BLP
1,patch-6.MPQ,WORLD\GENERIC\HUMAN\PASSIVE DOODADS\BUCKETS\BUCKET00.skin,m2-skin-profile,WORLD\GENERIC\HUMAN\PASSIVE DOODADS\BUCKETS\BUCKET.m2,1600,BED7614AA956E27D8D8443D88CEA99A0875467F7,D:\Sirus\_client\World of Warcraft Sirus\Risen_Depths_Extract_2026-10-04\AssetClosure\ByArchive\patch-6.MPQ\WORLD\GENERIC\HUMAN\PASSIVE DOODADS\BUCKETS\BUCKET00.skin
1,patch-6.MPQ,WORLD\GENERIC\HUMAN\PASSIVE DOODADS\GLOBES\POTBELLYSTOVE COPY.BLP,m2-embedded-path,WORLD\GENERIC\HUMAN\PASSIVE DOODADS\BUCKETS\BUCKET.m2,12108,DA2EF8AE0542A78EC7C1EE3455FC927E17B0BEC1,D:\Sirus\_client\World of Warcraft Sirus\Risen_Depths_Extract_2026-10-04\AssetClosure\ByArchive\patch-6.MPQ\WORLD\GENERIC\HUMAN\PASSIVE DOODADS\GLOBES\POTBELLYSTOVE COPY.BLP
1,patch-6.MPQ,WORLD\GENERIC\HUMAN\PASSIVE DOODADS\BUCKETS\DESK.BLP,m2-embedded-path,WORLD\GENERIC\HUMAN\PASSIVE DOODADS\BUCKETS\BUCKET.m2 | WORLD\GENERIC\HUMAN\PASSIVE DOODADS\MOPS\MOP.m2,44876,1E4BAABACC2E32C08DCF11D97C94433E8FAEF40E,D:\Sirus\_client\World of Warcraft Sirus\Risen_Depths_Extract_2026-10-04\AssetClosure\ByArchive\patch-6.MPQ\WORLD\GENERIC\HUMAN\PASSIVE DOODADS\BUCKETS\DESK.BLP
1,patch-6.MPQ,WORLD\GENERIC\HUMAN\PASSIVE DOODADS\CARGONETBOXES\DEADMINECARGONETBOXES00.skin,m2-skin-profile,WORLD\GENERIC\HUMAN\PASSIVE DOODADS\CARGONETBOXES\DEADMINECARGONETBOXES.m2,2768,BAE5058B0F4EA170F19703B0E9691279400B7F68,D:\Sirus\_client\World of Warcraft Sirus\Risen_Depths_Extract_2026-10-04\AssetClosure\ByArchive\patch-6.MPQ\WORLD\GENERIC\HUMAN\PASSIVE DOODADS\CARGONETBOXES\DEADMINECARGONETBOXES00.skin
1,patch-6.MPQ,World\Generic\Tauren\Passive Doodads\TaurenTravois\DeadMineNetsWood.blp,m2-embedded-path,WORLD\GENERIC\HUMAN\PASSIVE DOODADS\CARGONETBOXES\DEADMINECARGONETBOXES.m2,2556,26170159D592B08570C8739996A85D57013EE0D8,D:\Sirus\_client\World of Warcraft Sirus\Risen_Depths_Extract_2026-10-04\AssetClosure\ByArchive\patch-6.MPQ\World\Generic\Tauren\Passive Doodads\TaurenTravois\DeadMineNetsWood.blp
1,patch-6.MPQ,World\Generic\Tauren\Passive Doodads\TaurenTravois\DeadMineFloorNets4.blp,m2-embedded-path,WORLD\GENERIC\HUMAN\PASSIVE DOODADS\CARGONETBOXES\DEADMINECARGONETBOXES.m2 | WORLD\GENERIC\HUMAN\PASSIVE DOODADS\CARGONETS\DEADMINECARGONET01.m2 | WORLD\GENERIC\HUMAN\PASSIVE DOODADS\CARGONETS\DEADMINECARGONET02.m2 | WORLD\GENERIC\HUMAN\PASSIVE DOODADS\CARGONETS\DEADMINECARGONETLARGE.m2,44900,19D9470674CE9BE4EDBB1DDCF456D20B598F73D9,D:\Sirus\_client\World of Warcraft Sirus\Risen_Depths_Extract_2026-10-04\AssetClosure\ByArchive\patch-6.MPQ\World\Generic\Tauren\Passive Doodads\TaurenTravois\DeadMineFloorNets4.blp
1,patch-6.MPQ,WORLD\GENERIC\HUMAN\PASSIVE DOODADS\CARGONETS\DEADMINECARGONETHANG00.skin,m2-skin-profile,WORLD\GENERIC\HUMAN\PASSIVE DOODADS\CARGONETS\DEADMINECARGONETHANG.m2,3104,FEE03058B7AEC3EA72572B77FFE95F49E7983A69,D:\Sirus\_client\World of Warcraft Sirus\Risen_Depths_Extract_2026-10-04\AssetClosure\ByArchive\patch-6.MPQ\WORLD\GENERIC\HUMAN\PASSIVE DOODADS\CARGONETS\DEADMINECARGONETHANG00.skin
1,patch-6.MPQ,WORLD\GENERIC\GOBLIN\PASSIVEDOODADS\GOBLINMACHINERY\DEADMINEHANGNETS.BLP,m2-embedded-path,WORLD\GENERIC\HUMAN\PASSIVE DOODADS\CARGONETS\DEADMINECARGONETHANG.m2 | WORLD\GENERIC\HUMAN\PASSIVE DOODADS\CARGONETS\DEADMINECARGONETHANGSHORT.m2,44900,440CA693AA4D82FF8BB3645155BA40572E42F1CC,D:\Sirus\_client\World of Warcraft Sirus\Risen_Depths_Extract_2026-10-04\AssetClosure\ByArchive\patch-6.MPQ\WORLD\GENERIC\GOBLIN\PASSIVEDOODADS\GOBLINMACHINERY\DEADMINEHANGNETS.BLP
1,patch-6.MPQ,WORLD\GENERIC\HUMAN\PASSIVE DOODADS\CARGONETS\DEADMINEHANGNETS02.BLP,m2-embedded-path,WORLD\GENERIC\HUMAN\PASSIVE DOODADS\CARGONETS\DEADMINECARGONETHANG.m2 | WORLD\GENERIC\HUMAN\PASSIVE DOODADS\CARGONETS\DEADMINECARGONETHANGSHORT.m2,23044,B16DAF46C9211731FD004D86B521ACB90C4B0DC1,D:\Sirus\_client\World of Warcraft Sirus\Risen_Depths_Extract_2026-10-04\AssetClosure\ByArchive\patch-6.MPQ\WORLD\GENERIC\HUMAN\PASSIVE DOODADS\CARGONETS\DEADMINEHANGNETS02.BLP
1,patch-6.MPQ,WORLD\GENERIC\HUMAN\PASSIVE DOODADS\CARGONETS\DEADMINECARGONETHANGSHORT00.skin,m2-skin-profile,WORLD\GENERIC\HUMAN\PASSIVE DOODADS\CARGONETS\DEADMINECARGONETHANGSHORT.m2,1408,1A68015DCC5DB9B08ECBB74C9ED9E188E729AAD2,D:\Sirus\_client\World of Warcraft Sirus\Risen_Depths_Extract_2026-10-04\AssetClosure\ByArchive\patch-6.MPQ\WORLD\GENERIC\HUMAN\PASSIVE DOODADS\CARGONETS\DEADMINECARGONETHANGSHORT00.skin
1,patch-6.MPQ,WORLD\GENERIC\HUMAN\PASSIVE DOODADS\CRATES\STORMWINDCRATE0100.skin,m2-skin-profile,WORLD\GENERIC\HUMAN\PASSIVE DOODADS\CRATES\STORMWINDCRATE01.m2,3216,C0B2EF0BE711904048414ECB91930AF197A82F28,D:\Sirus\_client\World of Warcraft Sirus\Risen_Depths_Extract_2026-10-04\AssetClosure\ByArchive\patch-6.MPQ\WORLD\GENERIC\HUMAN\PASSIVE DOODADS\CRATES\STORMWINDCRATE0100.skin
1,patch-6.MPQ,WORLD\GENERIC\HUMAN\PASSIVE DOODADS\TABLES\DUSKWOODTABLE0100.skin,m2-skin-profile,WORLD\GENERIC\HUMAN\PASSIVE DOODADS\TABLES\DUSKWOODTABLE01.m2,2560,9BFD1FD69B5ACFA9733C6B96D7F16B5AC778BE47,D:\Sirus\_client\World of Warcraft Sirus\Risen_Depths_Extract_2026-10-04\AssetClosure\ByArchive\patch-6.MPQ\WORLD\GENERIC\HUMAN\PASSIVE DOODADS\TABLES\DUSKWOODTABLE0100.skin
1,patch-6.MPQ,World\Generic\Human\Passive Doodads\Tables\DuskwoodFurniture01.blp,m2-embedded-path,WORLD\GENERIC\HUMAN\PASSIVE DOODADS\TABLES\DUSKWOODTABLE01.m2,44876,FD49804E2035304414011868817B108B33356777,D:\Sirus\_client\World of Warcraft Sirus\Risen_Depths_Extract_2026-10-04\AssetClosure\ByArchive\patch-6.MPQ\World\Generic\Human\Passive Doodads\Tables\DuskwoodFurniture01.blp
1,patch-6.MPQ,WORLD\GENERIC\OGRE\PASSIVE DOODADS\TORCHES\OGRETORCH03.BLP,m2-embedded-path,WORLD\GENERIC\OGRE\PASSIVE DOODADS\TORCHES\OGREWALLTORCH.m2,23036,F7D0ECEF0B1229A01A48FB3AB875A6EAE4D389E4,D:\Sirus\_client\World of Warcraft Sirus\Risen_Depths_Extract_2026-10-04\AssetClosure\ByArchive\patch-6.MPQ\WORLD\GENERIC\OGRE\PASSIVE DOODADS\TORCHES\OGRETORCH03.BLP
1,patch-6.MPQ,World\Generic\Orc\Passive Doodads\BarrelsandCrates\OrcCrate01.blp,m2-embedded-path,WORLD\GENERIC\ORC\PASSIVE DOODADS\BARRELSANDCRATES\ORCCRATE01.m2,44876,4C95B19E0226BF913A9BB47DE9B735E6806A27DF,D:\Sirus\_client\World of Warcraft Sirus\Risen_Depths_Extract_2026-10-04\AssetClosure\ByArchive\patch-6.MPQ\World\Generic\Orc\Passive Doodads\BarrelsandCrates\OrcCrate01.blp
1,patch-6.MPQ,WORLD\GENERIC\ORC\PASSIVE DOODADS\BARRELSANDCRATES\ORCCRATE0700.skin,m2-skin-profile,WORLD\GENERIC\ORC\PASSIVE DOODADS\BARRELSANDCRATES\ORCCRATE07.m2,2400,09E6B0F2ECE7F4283351F5828A225BA83485BF89,D:\Sirus\_client\World of Warcraft Sirus\Risen_Depths_Extract_2026-10-04\AssetClosure\ByArchive\patch-6.MPQ\WORLD\GENERIC\ORC\PASSIVE DOODADS\BARRELSANDCRATES\ORCCRATE0700.skin
1,patch-6.MPQ,World\Generic\Orc\Passive Doodads\BarrelsandCrates\crate.blp,m2-embedded-path,WORLD\GENERIC\ORC\PASSIVE DOODADS\BARRELSANDCRATES\ORCCRATE07.m2 | WORLD\GENERIC\ORC\PASSIVE DOODADS\BARRELSANDCRATES\ORCCRATE10.m2 | WORLD\GENERIC\ORC\PASSIVE DOODADS\BARRELSANDCRATES\ORCCRATEBROKEN01.m2 | WORLD\GENERIC\ORC\PASSIVE DOODADS\BARRELSANDCRATES\ORCCRATEBROKEN02.m2 | WORLD\GENERIC\ORC\PASSIVE DOODADS\BARRELSANDCRATES\ORCCRATEBROKEN03.m2,44876,AA11DE3E1D9B1F90F91FA7662AA1BBD5FDDEEE4A,D:\Sirus\_client\World of Warcraft Sirus\Risen_Depths_Extract_2026-10-04\AssetClosure\ByArchive\patch-6.MPQ\World\Generic\Orc\Passive Doodads\BarrelsandCrates\crate.blp
1,patch-6.MPQ,WORLD\GENERIC\ORC\PASSIVE DOODADS\BARRELSANDCRATES\ORCCRATE1000.skin,m2-skin-profile,WORLD\GENERIC\ORC\PASSIVE DOODADS\BARRELSANDCRATES\ORCCRATE10.m2,384,D3C41FEF8D54D13090E2498A960CE3B72F610610,D:\Sirus\_client\World of Warcraft Sirus\Risen_Depths_Extract_2026-10-04\AssetClosure\ByArchive\patch-6.MPQ\WORLD\GENERIC\ORC\PASSIVE DOODADS\BARRELSANDCRATES\ORCCRATE1000.skin
1,patch-6.MPQ,WORLD\GENERIC\ORC\PASSIVE DOODADS\BARRELSANDCRATES\ORCCRATEBROKEN0100.skin,m2-skin-profile,WORLD\GENERIC\ORC\PASSIVE DOODADS\BARRELSANDCRATES\ORCCRATEBROKEN01.m2,4176,F4E00EE7E14DA8B0AF9A03B62B2D0022575E3ABC,D:\Sirus\_client\World of Warcraft Sirus\Risen_Depths_Extract_2026-10-04\AssetClosure\ByArchive\patch-6.MPQ\WORLD\GENERIC\ORC\PASSIVE DOODADS\BARRELSANDCRATES\ORCCRATEBROKEN0100.skin
1,patch-6.MPQ,WORLD\GENERIC\ORC\PASSIVE DOODADS\BARRELSANDCRATES\ORCCRATEBROKEN0200.skin,m2-skin-profile,WORLD\GENERIC\ORC\PASSIVE DOODADS\BARRELSANDCRATES\ORCCRATEBROKEN02.m2,3456,C8AB391DB32CCBBF2BA5A7BC632160BCA2FCA396,D:\Sirus\_client\World of Warcraft Sirus\Risen_Depths_Extract_2026-10-04\AssetClosure\ByArchive\patch-6.MPQ\WORLD\GENERIC\ORC\PASSIVE DOODADS\BARRELSANDCRATES\ORCCRATEBROKEN0200.skin
1,patch-6.MPQ,WORLD\GENERIC\ORC\PASSIVE DOODADS\JARS\JARORC0200.skin,m2-skin-profile,WORLD\GENERIC\ORC\PASSIVE DOODADS\JARS\JARORC02.m2,496,64A9408444692659ED74DBF815BEB8F19C890FA1,D:\Sirus\_client\World of Warcraft Sirus\Risen_Depths_Extract_2026-10-04\AssetClosure\ByArchive\patch-6.MPQ\WORLD\GENERIC\ORC\PASSIVE DOODADS\JARS\JARORC0200.skin
1,patch-6.MPQ,WORLD\GENERIC\ORC\PASSIVE DOODADS\JARS\POTTERY01.BLP,m2-embedded-path,WORLD\GENERIC\ORC\PASSIVE DOODADS\JARS\JARORC02.m2,3916,62A4D962728465A299F48BA852A45E4304EBACE6,D:\Sirus\_client\World of Warcraft Sirus\Risen_Depths_Extract_2026-10-04\AssetClosure\ByArchive\patch-6.MPQ\WORLD\GENERIC\ORC\PASSIVE DOODADS\JARS\POTTERY01.BLP
1,patch-6.MPQ,WORLD\GENERIC\ORC\PASSIVE DOODADS\WEAPONS\ORCAXE0100.skin,m2-skin-profile,WORLD\GENERIC\ORC\PASSIVE DOODADS\WEAPONS\ORCAXE01.m2,800,512219E53BA36F236B602B68EE3F57C80261D155,D:\Sirus\_client\World of Warcraft Sirus\Risen_Depths_Extract_2026-10-04\AssetClosure\ByArchive\patch-6.MPQ\WORLD\GENERIC\ORC\PASSIVE DOODADS\WEAPONS\ORCAXE0100.skin
1,patch-6.MPQ,WORLD\GENERIC\ORC\PASSIVE DOODADS\WEAPONS\ORCAXE01.BLP,m2-embedded-path,WORLD\GENERIC\ORC\PASSIVE DOODADS\WEAPONS\ORCAXE01.m2,6652,1D8321631D4394DBDE377F98CA756A790912BCB2,D:\Sirus\_client\World of Warcraft Sirus\Risen_Depths_Extract_2026-10-04\AssetClosure\ByArchive\patch-6.MPQ\WORLD\GENERIC\ORC\PASSIVE DOODADS\WEAPONS\ORCAXE01.BLP
1,patch-6.MPQ,WORLD\GENERIC\PASSIVEDOODADS\BARREL\BROKENBARREL0100.skin,m2-skin-profile,WORLD\GENERIC\PASSIVEDOODADS\BARREL\BROKENBARREL01.m2,1824,706FD7353C0C72A082ECB69AE05EAA6922118AD0,D:\Sirus\_client\World of Warcraft Sirus\Risen_Depths_Extract_2026-10-04\AssetClosure\ByArchive\patch-6.MPQ\WORLD\GENERIC\PASSIVEDOODADS\BARREL\BROKENBARREL0100.skin
1,patch-6.MPQ,WORLD\GENERIC\PASSIVEDOODADS\BARREL\WESTFALLBARREL01SKIN.BLP,m2-embedded-path,WORLD\GENERIC\PASSIVEDOODADS\BARREL\BROKENBARREL01.m2 | WORLD\GENERIC\PASSIVEDOODADS\BARREL\BROKENBARREL02.m2,12124,8074659F67664761E2535657C08B201F46C875B6,D:\Sirus\_client\World of Warcraft Sirus\Risen_Depths_Extract_2026-10-04\AssetClosure\ByArchive\patch-6.MPQ\WORLD\GENERIC\PASSIVEDOODADS\BARREL\WESTFALLBARREL01SKIN.BLP
1,patch-6.MPQ,WORLD\GENERIC\PASSIVEDOODADS\BARREL\BROKENBARREL0200.skin,m2-skin-profile,WORLD\GENERIC\PASSIVEDOODADS\BARREL\BROKENBARREL02.m2,1584,DED26FDE398711BF15CB2F8555B238405AB92590,D:\Sirus\_client\World of Warcraft Sirus\Risen_Depths_Extract_2026-10-04\AssetClosure\ByArchive\patch-6.MPQ\WORLD\GENERIC\PASSIVEDOODADS\BARREL\BROKENBARREL0200.skin
1,patch-6.MPQ,World\Generic\Goblin\PassiveDoodads\GoblinRocketCarts\FlowerSack01.blp,m2-embedded-path,WORLD\GENERIC\PASSIVEDOODADS\FURNITURE\CONTAINERS\SACK01.m2,6652,66941056CC9D553854004DDA27D0ECAC1D0910AB,D:\Sirus\_client\World of Warcraft Sirus\Risen_Depths_Extract_2026-10-04\AssetClosure\ByArchive\patch-6.MPQ\World\Generic\Goblin\PassiveDoodads\GoblinRocketCarts\FlowerSack01.blp
1,patch-6.MPQ,SPELLS\CLOUDS8X8.BLP,m2-embedded-path,WORLD\GENERIC\PASSIVEDOODADS\SHIPS\SHIPANIMATION\VRYKUL_FLAME_PARTICLE.m2,350724,3CD46796CF3376634F91796279951A9A20485219,D:\Sirus\_client\World of Warcraft Sirus\Risen_Depths_Extract_2026-10-04\AssetClosure\ByArchive\patch-6.MPQ\SPELLS\CLOUDS8X8.BLP
1,patch-6.MPQ,WORLD\GENERIC\PASSIVEDOODADS\WEAPONCRATES\WEAPONCRATEHORDEAXEOPEN00.skin,m2-skin-profile,WORLD\GENERIC\PASSIVEDOODADS\WEAPONCRATES\WEAPONCRATEHORDEAXEOPEN.m2,7664,42DBBEEC8171AF692ACAF5761E337A2C80176EFC,D:\Sirus\_client\World of Warcraft Sirus\Risen_Depths_Extract_2026-10-04\AssetClosure\ByArchive\patch-6.MPQ\WORLD\GENERIC\PASSIVEDOODADS\WEAPONCRATES\WEAPONCRATEHORDEAXEOPEN00.skin
1,patch-6.MPQ,ITEM\OBJECTCOMPONENTS\WEAPON\AXE_1H_HATCHET_A_01RED.BLP,m2-embedded-path,WORLD\GENERIC\PASSIVEDOODADS\WEAPONCRATES\WEAPONCRATEHORDEAXEOPEN.m2,6652,E09B752870D3DC0295CEE0D005679C6F3ED7E542,D:\Sirus\_client\World of Warcraft Sirus\Risen_Depths_Extract_2026-10-04\AssetClosure\ByArchive\patch-6.MPQ\ITEM\OBJECTCOMPONENTS\WEAPON\AXE_1H_HATCHET_A_01RED.BLP
1,patch-6.MPQ,WORLD\GENERIC\TAUREN\PASSIVE DOODADS\SACKS\TAURENSACK0200.skin,m2-skin-profile,WORLD\GENERIC\TAUREN\PASSIVE DOODADS\SACKS\TAURENSACK02.m2,800,5E1F0DC8BE8956976527F3DC0233D97D7F2B68AF,D:\Sirus\_client\World of Warcraft Sirus\Risen_Depths_Extract_2026-10-04\AssetClosure\ByArchive\patch-6.MPQ\WORLD\GENERIC\TAUREN\PASSIVE DOODADS\SACKS\TAURENSACK0200.skin
1,patch-6.MPQ,WORLD\GENERIC\UNDERWATER\PASSIVEDOODADS\SEAWEED\SEEWEED01.BLP,m2-embedded-path,WORLD\GENERIC\UNDERWATER\PASSIVEDOODADS\SEAWEED\GENERICSEAWEED07.m2 | WORLD\GENERIC\UNDERWATER\PASSIVEDOODADS\SEAWEED\GENERICSEAWEED08.m2 | WORLD\GENERIC\UNDERWATER\PASSIVEDOODADS\SEAWEED\GENERICSEAWEED10.m2,88580,B1027F7F37AE493260B2857D1D2EC2B70BDD3C6F,D:\Sirus\_client\World of Warcraft Sirus\Risen_Depths_Extract_2026-10-04\AssetClosure\ByArchive\patch-6.MPQ\WORLD\GENERIC\UNDERWATER\PASSIVEDOODADS\SEAWEED\SEEWEED01.BLP
1,patch-6.MPQ,WORLD\BLACKROCKV2\PASSIVEDOODADS\BLACKROCKV2_BONESCHEWED_0500.skin,m2-skin-profile,WORLD\BLACKROCKV2\PASSIVEDOODADS\BLACKROCKV2_BONESCHEWED_05.M2,1232,6BD867B86A7A35A6E2E29E94BAA1F7C76F7C4C9D,D:\Sirus\_client\World of Warcraft Sirus\Risen_Depths_Extract_2026-10-04\AssetClosure\ByArchive\patch-6.MPQ\WORLD\BLACKROCKV2\PASSIVEDOODADS\BLACKROCKV2_BONESCHEWED_0500.skin
1,patch-6.MPQ,WORLD\BLACKROCKV2\PASSIVEDOODADS\BLACKROCKV2_BONESCHEWED_01.BLP,m2-embedded-path,WORLD\BLACKROCKV2\PASSIVEDOODADS\BLACKROCKV2_BONESCHEWED_05.M2 | WORLD\BLACKROCKV2\PASSIVEDOODADS\BLACKROCKV2_BONESCHEWED_06.M2 | WORLD\BLACKROCKV2\PASSIVEDOODADS\BLACKROCKV2_BONESCHEWED_07.M2,44876,A03AC6918427D062127EAC8ABAFC8C8D737C5B2C,D:\Sirus\_client\World of Warcraft Sirus\Risen_Depths_Extract_2026-10-04\AssetClosure\ByArchive\patch-6.MPQ\WORLD\BLACKROCKV2\PASSIVEDOODADS\BLACKROCKV2_BONESCHEWED_01.BLP
1,patch-6.MPQ,WORLD\BLACKROCKV2\PASSIVEDOODADS\BLACKROCKV2_BONESCHEWED_02.BLP,m2-embedded-path,WORLD\BLACKROCKV2\PASSIVEDOODADS\BLACKROCKV2_BONESCHEWED_05.M2,44876,E6AA7C73264879F4E9DB48B0387BBF9AFA47FF87,D:\Sirus\_client\World of Warcraft Sirus\Risen_Depths_Extract_2026-10-04\AssetClosure\ByArchive\patch-6.MPQ\WORLD\BLACKROCKV2\PASSIVEDOODADS\BLACKROCKV2_BONESCHEWED_02.BLP
1,patch-6.MPQ,WORLD\BLACKROCKV2\PASSIVEDOODADS\BLACKROCKV2_BONESCHEWED_0600.skin,m2-skin-profile,WORLD\BLACKROCKV2\PASSIVEDOODADS\BLACKROCKV2_BONESCHEWED_06.M2,1616,07D50C438B4FB51E09D43ECE64A5948E78835A11,D:\Sirus\_client\World of Warcraft Sirus\Risen_Depths_Extract_2026-10-04\AssetClosure\ByArchive\patch-6.MPQ\WORLD\BLACKROCKV2\PASSIVEDOODADS\BLACKROCKV2_BONESCHEWED_0600.skin
1,patch-6.MPQ,WORLD\BLACKROCKV2\PASSIVEDOODADS\BLACKROCKV2_BONESCHEWED_0700.skin,m2-skin-profile,WORLD\BLACKROCKV2\PASSIVEDOODADS\BLACKROCKV2_BONESCHEWED_07.M2,1392,3497E5110D1839A889D3041670656F76E22D8E35,D:\Sirus\_client\World of Warcraft Sirus\Risen_Depths_Extract_2026-10-04\AssetClosure\ByArchive\patch-6.MPQ\WORLD\BLACKROCKV2\PASSIVEDOODADS\BLACKROCKV2_BONESCHEWED_0700.skin
1,patch-6.MPQ,WORLD\CRITTER\FISH\FISHBASIC0400.skin,m2-skin-profile,WORLD\CRITTER\FISH\FISHBASIC04.m2,3672,248B627AEF4FFC7C13400E00C1801F768079BF24,D:\Sirus\_client\World of Warcraft Sirus\Risen_Depths_Extract_2026-10-04\AssetClosure\ByArchive\patch-6.MPQ\WORLD\CRITTER\FISH\FISHBASIC0400.skin
1,patch-6.MPQ,world\critter\fish\FishBasic04.blp,m2-embedded-path,WORLD\CRITTER\FISH\FISHBASIC04.m2,23044,2B893CAF21CA59565B1CC8CBC0B13B02143C193D,D:\Sirus\_client\World of Warcraft Sirus\Risen_Depths_Extract_2026-10-04\AssetClosure\ByArchive\patch-6.MPQ\world\critter\fish\FishBasic04.blp
1,patch-6.MPQ,world\critter\fish\ArmorReflect3_Horde.blp,m2-embedded-path,WORLD\CRITTER\FISH\FISHBASIC04.m2,3916,2ED96FDDDE23A21C78AE40CCDD591544EA8ADB6F,D:\Sirus\_client\World of Warcraft Sirus\Risen_Depths_Extract_2026-10-04\AssetClosure\ByArchive\patch-6.MPQ\world\critter\fish\ArmorReflect3_Horde.blp
1,patch-6.MPQ,world\critter\fish\rifle_moguglow.blp,m2-embedded-path,WORLD\CRITTER\FISH\FISHBASIC04.m2,6660,B340CD8D676E76D03E8EF787C6087A7402102F09,D:\Sirus\_client\World of Warcraft Sirus\Risen_Depths_Extract_2026-10-04\AssetClosure\ByArchive\patch-6.MPQ\world\critter\fish\rifle_moguglow.blp
1,patch-6.MPQ,WORLD\ENVIRONMENT\DOODAD\GENERALDOODADS\STEAMCLOUDS\GENERIC_STEAM_CLOUD_THINNEST00.skin,m2-skin-profile,WORLD\ENVIRONMENT\DOODAD\GENERALDOODADS\STEAMCLOUDS\GENERIC_STEAM_CLOUD_THINNEST.M2,176,39BC2DD8A43612A3984EC3F8595542DDBB460DE4,D:\Sirus\_client\World of Warcraft Sirus\Risen_Depths_Extract_2026-10-04\AssetClosure\ByArchive\patch-6.MPQ\WORLD\ENVIRONMENT\DOODAD\GENERALDOODADS\STEAMCLOUDS\GENERIC_STEAM_CLOUD_THINNEST00.skin
1,patch-6.MPQ,Spells\White1.blp,m2-embedded-path,WORLD\ENVIRONMENT\DOODAD\GENERALDOODADS\STEAMCLOUDS\GENERIC_STEAM_CLOUD_THINNEST.M2,12108,92DBD4C82A976C96514906542E3419B379DB1341,D:\Sirus\_client\World of Warcraft Sirus\Risen_Depths_Extract_2026-10-04\AssetClosure\ByArchive\patch-6.MPQ\Spells\White1.blp
1,patch-6.MPQ,WORLD\EXPANSION03\DOODADS\GENERIC\SEAHORSESTAND00.skin,m2-skin-profile,WORLD\EXPANSION03\DOODADS\GENERIC\SEAHORSESTAND.m2,18720,CD13E3924613765D373871A9CBD9ADBCDD8FD4DE,D:\Sirus\_client\World of Warcraft Sirus\Risen_Depths_Extract_2026-10-04\AssetClosure\ByArchive\patch-6.MPQ\WORLD\EXPANSION03\DOODADS\GENERIC\SEAHORSESTAND00.skin
1,patch-6.MPQ,WORLD\EXPANSION03\DOODADS\GENERIC\SEAHORSE_BANNER.BLP,m2-embedded-path,WORLD\EXPANSION03\DOODADS\GENERIC\SEAHORSESTAND.m2,44900,3A9AE72D5C9FE67E9AEE30709B414F3298920F83,D:\Sirus\_client\World of Warcraft Sirus\Risen_Depths_Extract_2026-10-04\AssetClosure\ByArchive\patch-6.MPQ\WORLD\EXPANSION03\DOODADS\GENERIC\SEAHORSE_BANNER.BLP
1,patch-6.MPQ,WORLD\EXPANSION03\DOODADS\GENERIC\SEAHORSESTAND.BLP,m2-embedded-path,WORLD\EXPANSION03\DOODADS\GENERIC\SEAHORSESTAND.m2,175948,9658CC7B0C87DCB6057A6F924D81362D971226CA,D:\Sirus\_client\World of Warcraft Sirus\Risen_Depths_Extract_2026-10-04\AssetClosure\ByArchive\patch-6.MPQ\WORLD\EXPANSION03\DOODADS\GENERIC\SEAHORSESTAND.BLP
1,patch-6.MPQ,WORLD\EXPANSION03\DOODADS\TWILIGHTHAMMER\DRAGONEGGS\TWILIGHTSHAMMER_DRAGONEGG_0100.skin,m2-skin-profile,WORLD\EXPANSION03\DOODADS\TWILIGHTHAMMER\DRAGONEGGS\TWILIGHTSHAMMER_DRAGONEGG_01.M2,16576,20942406F6DA71278E6FF115676D3677E07D4555,D:\Sirus\_client\World of Warcraft Sirus\Risen_Depths_Extract_2026-10-04\AssetClosure\ByArchive\patch-6.MPQ\WORLD\EXPANSION03\DOODADS\TWILIGHTHAMMER\DRAGONEGGS\TWILIGHTSHAMMER_DRAGONEGG_0100.skin
1,patch-6.MPQ,WORLD\EXPANSION03\DOODADS\TWILIGHTHAMMER\DRAGONEGGS\TWILIGHTSHAMMER_DRAGONEGG_01.BLP,m2-embedded-path,WORLD\EXPANSION03\DOODADS\TWILIGHTHAMMER\DRAGONEGGS\TWILIGHTSHAMMER_DRAGONEGG_01.M2 | WORLD\EXPANSION03\DOODADS\TWILIGHTHAMMER\DRAGONEGGS\TWILIGHTSHAMMER_DRAGONEGG_02.M2,350724,030495BC32ED089E76D97B2F4C182B289E0E8075,D:\Sirus\_client\World of Warcraft Sirus\Risen_Depths_Extract_2026-10-04\AssetClosure\ByArchive\patch-6.MPQ\WORLD\EXPANSION03\DOODADS\TWILIGHTHAMMER\DRAGONEGGS\TWILIGHTSHAMMER_DRAGONEGG_01.BLP
1,patch-6.MPQ,WORLD\EXPANSION03\DOODADS\TWILIGHTHAMMER\DRAGONEGGS\TWILIGHTSHAMMER_DRAGONSKINBABY_01.BLP,m2-embedded-path,WORLD\EXPANSION03\DOODADS\TWILIGHTHAMMER\DRAGONEGGS\TWILIGHTSHAMMER_DRAGONEGG_01.M2,12108,365FE5CEE565A7A6D15B9D40B7B1916538BD138C,D:\Sirus\_client\World of Warcraft Sirus\Risen_Depths_Extract_2026-10-04\AssetClosure\ByArchive\patch-6.MPQ\WORLD\EXPANSION03\DOODADS\TWILIGHTHAMMER\DRAGONEGGS\TWILIGHTSHAMMER_DRAGONSKINBABY_01.BLP
1,patch-6.MPQ,WORLD\EXPANSION03\DOODADS\TWILIGHTHAMMER\DRAGONEGGS\FISH_REF_BLUE02.BLP,m2-embedded-path,WORLD\EXPANSION03\DOODADS\TWILIGHTHAMMER\DRAGONEGGS\TWILIGHTSHAMMER_DRAGONEGG_01.M2 | WORLD\EXPANSION03\DOODADS\TWILIGHTHAMMER\DRAGONEGGS\TWILIGHTSHAMMER_DRAGONEGG_02.M2,3916,F93318B684678D97796D80CB0D9511B02C52136E,D:\Sirus\_client\World of Warcraft Sirus\Risen_Depths_Extract_2026-10-04\AssetClosure\ByArchive\patch-6.MPQ\WORLD\EXPANSION03\DOODADS\TWILIGHTHAMMER\DRAGONEGGS\FISH_REF_BLUE02.BLP
1,patch-6.MPQ,WORLD\EXPANSION03\DOODADS\TWILIGHTHAMMER\DRAGONEGGS\TWILIGHTSHAMMER_DRAGONEGG_0200.skin,m2-skin-profile,WORLD\EXPANSION03\DOODADS\TWILIGHTHAMMER\DRAGONEGGS\TWILIGHTSHAMMER_DRAGONEGG_02.M2,11296,9C522BFE39E1A927FC7E59593BA79F3775EF5600,D:\Sirus\_client\World of Warcraft Sirus\Risen_Depths_Extract_2026-10-04\AssetClosure\ByArchive\patch-6.MPQ\WORLD\EXPANSION03\DOODADS\TWILIGHTHAMMER\DRAGONEGGS\TWILIGHTSHAMMER_DRAGONEGG_0200.skin
1,patch-6.MPQ,WORLD\EXPANSION03\DOODADS\WORGEN\EFFECTS\WORGEN_PUDDLESPLASH_0100.skin,m2-skin-profile,WORLD\EXPANSION03\DOODADS\WORGEN\EFFECTS\WORGEN_PUDDLESPLASH_01.m2,64,97D4AA48B1AC7BDC12D74BD363A0D82614FD2716,D:\Sirus\_client\World of Warcraft Sirus\Risen_Depths_Extract_2026-10-04\AssetClosure\ByArchive\patch-6.MPQ\WORLD\EXPANSION03\DOODADS\WORGEN\EFFECTS\WORGEN_PUDDLESPLASH_0100.skin
1,patch-6.MPQ,WORLD\EXPANSION03\DOODADS\WORGEN\EFFECTS\WORGEN_RAINDRIPS_0100.skin,m2-skin-profile,WORLD\EXPANSION03\DOODADS\WORGEN\EFFECTS\WORGEN_RAINDRIPS_01.M2,368,0EA8979944A89C962658CA70C1141CF98ED4BEE4,D:\Sirus\_client\World of Warcraft Sirus\Risen_Depths_Extract_2026-10-04\AssetClosure\ByArchive\patch-6.MPQ\WORLD\EXPANSION03\DOODADS\WORGEN\EFFECTS\WORGEN_RAINDRIPS_0100.skin
1,patch-6.MPQ,WORLD\EXPANSION03\DOODADS\WORGEN\EFFECTS\WORGEN_RAINEFFECTS_01.BLP,m2-embedded-path,WORLD\EXPANSION03\DOODADS\WORGEN\EFFECTS\WORGEN_RAINDRIPS_01.M2,88580,45D99129AB9526652BBC64F15BAA5A4C3AFF4185,D:\Sirus\_client\World of Warcraft Sirus\Risen_Depths_Extract_2026-10-04\AssetClosure\ByArchive\patch-6.MPQ\WORLD\EXPANSION03\DOODADS\WORGEN\EFFECTS\WORGEN_RAINEFFECTS_01.BLP
1,patch-6.MPQ,WORLD\EXPANSION03\DOODADS\WORGEN\EFFECTS\WORGEN_RAINEFFECTS_ALPHA01.BLP,m2-embedded-path,WORLD\EXPANSION03\DOODADS\WORGEN\EFFECTS\WORGEN_RAINDRIPS_01.M2,23044,71E24E555D7C9801910CF8C531BE4AD8549066CE,D:\Sirus\_client\World of Warcraft Sirus\Risen_Depths_Extract_2026-10-04\AssetClosure\ByArchive\patch-6.MPQ\WORLD\EXPANSION03\DOODADS\WORGEN\EFFECTS\WORGEN_RAINEFFECTS_ALPHA01.BLP
1,patch-6.MPQ,WORLD\EXPANSION03\DOODADS\WORGEN\ITEMS\WORGEN_PAPER_PILE_0200.skin,m2-skin-profile,WORLD\EXPANSION03\DOODADS\WORGEN\ITEMS\WORGEN_PAPER_PILE_02.m2,1776,C86F6541882FF243330E226393F6B1C37C41AE85,D:\Sirus\_client\World of Warcraft Sirus\Risen_Depths_Extract_2026-10-04\AssetClosure\ByArchive\patch-6.MPQ\WORLD\EXPANSION03\DOODADS\WORGEN\ITEMS\WORGEN_PAPER_PILE_0200.skin
1,patch-6.MPQ,WORLD\EXPANSION03\DOODADS\WORGEN\ITEMS\WORGEN_PAPER.BLP,m2-embedded-path,WORLD\EXPANSION03\DOODADS\WORGEN\ITEMS\WORGEN_PAPER_PILE_02.m2,88580,B5B7BC7D54456000BAB4994B6B262CB4660E10DC,D:\Sirus\_client\World of Warcraft Sirus\Risen_Depths_Extract_2026-10-04\AssetClosure\ByArchive\patch-6.MPQ\WORLD\EXPANSION03\DOODADS\WORGEN\ITEMS\WORGEN_PAPER.BLP
1,patch-6.MPQ,WORLD\EXPANSION04\DOODADS\SAUROK\SAUROK_BONES_0300.skin,m2-skin-profile,WORLD\EXPANSION04\DOODADS\SAUROK\SAUROK_BONES_03.M2,13488,BF204FD5A6F5B55DDD7A98EEC53A6F2F952A381F,D:\Sirus\_client\World of Warcraft Sirus\Risen_Depths_Extract_2026-10-04\AssetClosure\ByArchive\patch-6.MPQ\WORLD\EXPANSION04\DOODADS\SAUROK\SAUROK_BONES_0300.skin
1,patch-6.MPQ,WORLD\EXPANSION04\DOODADS\SAUROK\SAUROK_BONES_01.BLP,m2-embedded-path,WORLD\EXPANSION04\DOODADS\SAUROK\SAUROK_BONES_03.M2 | WORLD\EXPANSION04\DOODADS\SAUROK\SAUROK_BONES_05.M2,175948,F126492F77B9ADC9431C5D3538BABB3132E14DFF,D:\Sirus\_client\World of Warcraft Sirus\Risen_Depths_Extract_2026-10-04\AssetClosure\ByArchive\patch-6.MPQ\WORLD\EXPANSION04\DOODADS\SAUROK\SAUROK_BONES_01.BLP
1,patch-6.MPQ,WORLD\EXPANSION04\DOODADS\SAUROK\SAUROK_BONES_0500.skin,m2-skin-profile,WORLD\EXPANSION04\DOODADS\SAUROK\SAUROK_BONES_05.M2,2288,15F9C67346D6A1280864E8CF42C623B27B49CDEB,D:\Sirus\_client\World of Warcraft Sirus\Risen_Depths_Extract_2026-10-04\AssetClosure\ByArchive\patch-6.MPQ\WORLD\EXPANSION04\DOODADS\SAUROK\SAUROK_BONES_0500.skin
1,patch-6.MPQ,WORLD\EXPANSION04\DOODADS\SAUROK\SAUROK_BONES_0900.skin,m2-skin-profile,WORLD\EXPANSION04\DOODADS\SAUROK\SAUROK_BONES_09.M2,18016,8CDF8669C14B3798157222F199343B0F5B5D61B2,D:\Sirus\_client\World of Warcraft Sirus\Risen_Depths_Extract_2026-10-04\AssetClosure\ByArchive\patch-6.MPQ\WORLD\EXPANSION04\DOODADS\SAUROK\SAUROK_BONES_0900.skin
1,patch-6.MPQ,WORLD\EXPANSION04\DOODADS\SAUROK\SAUROK_BONES_05.BLP,m2-embedded-path,WORLD\EXPANSION04\DOODADS\SAUROK\SAUROK_BONES_09.M2 | WORLD\EXPANSION04\DOODADS\SAUROK\SAUROK_BONES_10.M2,175948,33B4BA2A484BA6DF12C3DA020B3EEAD2A26FDEA1,D:\Sirus\_client\World of Warcraft Sirus\Risen_Depths_Extract_2026-10-04\AssetClosure\ByArchive\patch-6.MPQ\WORLD\EXPANSION04\DOODADS\SAUROK\SAUROK_BONES_05.BLP
1,patch-6.MPQ,WORLD\EXPANSION04\DOODADS\SAUROK\SAUROK_BONES_1000.skin,m2-skin-profile,WORLD\EXPANSION04\DOODADS\SAUROK\SAUROK_BONES_10.M2,18624,240B5B12C24D71D6A47425407537037EDE66532A,D:\Sirus\_client\World of Warcraft Sirus\Risen_Depths_Extract_2026-10-04\AssetClosure\ByArchive\patch-6.MPQ\WORLD\EXPANSION04\DOODADS\SAUROK\SAUROK_BONES_1000.skin
1,patch-6.MPQ,World\Expansion04\Doodads\Saurok\Saurok_Bones_06.blp,m2-embedded-path,WORLD\EXPANSION04\DOODADS\SAUROK\SAUROK_BONES_10.M2,44876,4754D1929AB2005FE7332231339DA296A38BE75E,D:\Sirus\_client\World of Warcraft Sirus\Risen_Depths_Extract_2026-10-04\AssetClosure\ByArchive\patch-6.MPQ\World\Expansion04\Doodads\Saurok\Saurok_Bones_06.blp
1,patch-6.MPQ,WORLD\EXPANSION05\DOODADS\DUNGEON\DOODADS\6DU_MOONCULTIST_SKELETON_ORCMALE0100.skin,m2-skin-profile,WORLD\EXPANSION05\DOODADS\DUNGEON\DOODADS\6DU_MOONCULTIST_SKELETON_ORCMALE01.M2,15232,A917248395064F6280862804469CB4B428E47E33,D:\Sirus\_client\World of Warcraft Sirus\Risen_Depths_Extract_2026-10-04\AssetClosure\ByArchive\patch-6.MPQ\WORLD\EXPANSION05\DOODADS\DUNGEON\DOODADS\6DU_MOONCULTIST_SKELETON_ORCMALE0100.skin
1,patch-6.MPQ,World\Expansion05\Doodads\Dungeon\Doodads\6ocskeleton.blp,m2-embedded-path,WORLD\EXPANSION05\DOODADS\DUNGEON\DOODADS\6DU_MOONCULTIST_SKELETON_ORCMALE01.M2 | WORLD\EXPANSION05\DOODADS\DUNGEON\DOODADS\6DU_MOONCULTIST_SKELETON_ORCMALE02.M2 | WORLD\EXPANSION05\DOODADS\DUNGEON\DOODADS\6DU_MOONCULTIST_SKELETON_ORCMALE03.M2,44876,C29DFA9FC81768843783CB1A6FE29FAEB7F7E9CF,D:\Sirus\_client\World of Warcraft Sirus\Risen_Depths_Extract_2026-10-04\AssetClosure\ByArchive\patch-6.MPQ\World\Expansion05\Doodads\Dungeon\Doodads\6ocskeleton.blp
1,patch-6.MPQ,WORLD\EXPANSION05\DOODADS\DUNGEON\DOODADS\6DU_MOONCULTIST_SKELETON_ORCMALE0200.skin,m2-skin-profile,WORLD\EXPANSION05\DOODADS\DUNGEON\DOODADS\6DU_MOONCULTIST_SKELETON_ORCMALE02.M2,13728,514F57474DA7F66FD439EADECA52C2465A8E9CD2,D:\Sirus\_client\World of Warcraft Sirus\Risen_Depths_Extract_2026-10-04\AssetClosure\ByArchive\patch-6.MPQ\WORLD\EXPANSION05\DOODADS\DUNGEON\DOODADS\6DU_MOONCULTIST_SKELETON_ORCMALE0200.skin
1,patch-6.MPQ,WORLD\EXPANSION05\DOODADS\DUNGEON\DOODADS\6DU_MOONCULTIST_SKELETON_ORCMALE0300.skin,m2-skin-profile,WORLD\EXPANSION05\DOODADS\DUNGEON\DOODADS\6DU_MOONCULTIST_SKELETON_ORCMALE03.M2,12208,C1C02D004A1C5EE56FB4F025AC01BE116FEE7C56,D:\Sirus\_client\World of Warcraft Sirus\Risen_Depths_Extract_2026-10-04\AssetClosure\ByArchive\patch-6.MPQ\WORLD\EXPANSION05\DOODADS\DUNGEON\DOODADS\6DU_MOONCULTIST_SKELETON_ORCMALE0300.skin
1,patch-6.MPQ,WORLD\EXPANSION05\DOODADS\FROSTWINDDESERT\DOODADS\6FW_BONE_RIBCAGE_0100.skin,m2-skin-profile,WORLD\EXPANSION05\DOODADS\FROSTWINDDESERT\DOODADS\6FW_BONE_RIBCAGE_01.M2,23408,CFE36A29E332A99ECF7C6BE4AE28DF18E1DDD490,D:\Sirus\_client\World of Warcraft Sirus\Risen_Depths_Extract_2026-10-04\AssetClosure\ByArchive\patch-6.MPQ\WORLD\EXPANSION05\DOODADS\FROSTWINDDESERT\DOODADS\6FW_BONE_RIBCAGE_0100.skin
1,patch-6.MPQ,WORLD\EXPANSION05\DOODADS\FROSTWINDDESERT\DOODADS\6FW_BONES_01.BLP,m2-embedded-path,WORLD\EXPANSION05\DOODADS\FROSTWINDDESERT\DOODADS\6FW_BONE_RIBCAGE_01.M2 | WORLD\EXPANSION05\DOODADS\FROSTWINDDESERT\DOODADS\6FW_BONE_RIBS_01.M2 | WORLD\EXPANSION05\DOODADS\FROSTWINDDESERT\DOODADS\6FW_BONE_SPINE_01.M2,175948,04EC2ACE31AD4DAFF41C8DE3D7E2DB72624248A1,D:\Sirus\_client\World of Warcraft Sirus\Risen_Depths_Extract_2026-10-04\AssetClosure\ByArchive\patch-6.MPQ\WORLD\EXPANSION05\DOODADS\FROSTWINDDESERT\DOODADS\6FW_BONES_01.BLP
1,patch-6.MPQ,WORLD\EXPANSION05\DOODADS\FROSTWINDDESERT\DOODADS\6FW_BONE_RIBS_0100.skin,m2-skin-profile,WORLD\EXPANSION05\DOODADS\FROSTWINDDESERT\DOODADS\6FW_BONE_RIBS_01.M2,10480,980DFCDD4AEA3135D81F73C1B07C4B55BA7354E6,D:\Sirus\_client\World of Warcraft Sirus\Risen_Depths_Extract_2026-10-04\AssetClosure\ByArchive\patch-6.MPQ\WORLD\EXPANSION05\DOODADS\FROSTWINDDESERT\DOODADS\6FW_BONE_RIBS_0100.skin
1,patch-6.MPQ,WORLD\EXPANSION05\DOODADS\FROSTWINDDESERT\DOODADS\6FW_BONE_SPINE_0100.skin,m2-skin-profile,WORLD\EXPANSION05\DOODADS\FROSTWINDDESERT\DOODADS\6FW_BONE_SPINE_01.M2,20320,6BC4EE38396D27FD6497F63E13E5FBC1F4646E13,D:\Sirus\_client\World of Warcraft Sirus\Risen_Depths_Extract_2026-10-04\AssetClosure\ByArchive\patch-6.MPQ\WORLD\EXPANSION05\DOODADS\FROSTWINDDESERT\DOODADS\6FW_BONE_SPINE_0100.skin
1,patch-6.MPQ,WORLD\EXPANSION05\DOODADS\ORCCLANS\6OC_ORCCLANS_TORCH0200.skin,m2-skin-profile,WORLD\EXPANSION05\DOODADS\ORCCLANS\6OC_ORCCLANS_TORCH02.M2,1264,D720FBCB017DC2042DF19C962024AB193E7A5610,D:\Sirus\_client\World of Warcraft Sirus\Risen_Depths_Extract_2026-10-04\AssetClosure\ByArchive\patch-6.MPQ\WORLD\EXPANSION05\DOODADS\ORCCLANS\6OC_ORCCLANS_TORCH0200.skin
1,patch-6.MPQ,World\Expansion05\Doodads\OrcClans\6OC_OrcClans_TorchLit01.blp,m2-embedded-path,WORLD\EXPANSION05\DOODADS\ORCCLANS\6OC_ORCCLANS_TORCH02.M2 | WORLD\EXPANSION05\DOODADS\ORCCLANS\6OC_ORCCLANS_TORCH02_LIGHT.M2,23076,3658EF9F8599D9DB32DCFFD9D76D22C87E33498E,D:\Sirus\_client\World of Warcraft Sirus\Risen_Depths_Extract_2026-10-04\AssetClosure\ByArchive\patch-6.MPQ\World\Expansion05\Doodads\OrcClans\6OC_OrcClans_TorchLit01.blp
1,patch-6.MPQ,World\Expansion05\Doodads\OrcClans\GenericGlow_Alpha_128.blp,m2-embedded-path,WORLD\EXPANSION05\DOODADS\ORCCLANS\6OC_ORCCLANS_TORCH02.M2 | WORLD\EXPANSION05\DOODADS\ORCCLANS\6OC_ORCCLANS_TORCH02_LIGHT.M2,12108,72131A9F62D53E6E99C0D42D3E4D50D383714EB3,D:\Sirus\_client\World of Warcraft Sirus\Risen_Depths_Extract_2026-10-04\AssetClosure\ByArchive\patch-6.MPQ\World\Expansion05\Doodads\OrcClans\GenericGlow_Alpha_128.blp
1,patch-6.MPQ,World\Expansion05\Doodads\OrcClans\T_VFX_Fire_Anim_Stylized_Desat_02.blp,m2-embedded-path,WORLD\EXPANSION05\DOODADS\ORCCLANS\6OC_ORCCLANS_TORCH02.M2 | WORLD\EXPANSION05\DOODADS\ORCCLANS\6OC_ORCCLANS_TORCH02_LIGHT.M2,88580,A72EC0704F2BCF7DAC51A02B52F609407DCB4138,D:\Sirus\_client\World of Warcraft Sirus\Risen_Depths_Extract_2026-10-04\AssetClosure\ByArchive\patch-6.MPQ\World\Expansion05\Doodads\OrcClans\T_VFX_Fire_Anim_Stylized_Desat_02.blp
1,patch-6.MPQ,World\Expansion05\Doodads\OrcClans\Fire_Bright_Mod2x_A.blp,m2-embedded-path,WORLD\EXPANSION05\DOODADS\ORCCLANS\6OC_ORCCLANS_TORCH02.M2 | WORLD\EXPANSION05\DOODADS\ORCCLANS\6OC_ORCCLANS_TORCH02_LIGHT.M2,23044,80D3874B718B87EDAE0C3FE7508E599842EC2545,D:\Sirus\_client\World of Warcraft Sirus\Risen_Depths_Extract_2026-10-04\AssetClosure\ByArchive\patch-6.MPQ\World\Expansion05\Doodads\OrcClans\Fire_Bright_Mod2x_A.blp
1,patch-6.MPQ,WORLD\EXPANSION05\DOODADS\ORCCLANS\6OC_ORCCLANS_TORCH02_LIGHT00.skin,m2-skin-profile,WORLD\EXPANSION05\DOODADS\ORCCLANS\6OC_ORCCLANS_TORCH02_LIGHT.M2,1264,A3E8A6C3B3C1833E9445172ACDF4CF2EDB16A46B,D:\Sirus\_client\World of Warcraft Sirus\Risen_Depths_Extract_2026-10-04\AssetClosure\ByArchive\patch-6.MPQ\WORLD\EXPANSION05\DOODADS\ORCCLANS\6OC_ORCCLANS_TORCH02_LIGHT00.skin
1,patch-6.MPQ,WORLD\EXPANSION05\DOODADS\SABERON\6SB_SABERON_MEATS0400.skin,m2-skin-profile,WORLD\EXPANSION05\DOODADS\SABERON\6SB_SABERON_MEATS04.M2,18624,23C8A589F5B30F6517C8833CB67BAAE3E1EDA838,D:\Sirus\_client\World of Warcraft Sirus\Risen_Depths_Extract_2026-10-04\AssetClosure\ByArchive\patch-6.MPQ\WORLD\EXPANSION05\DOODADS\SABERON\6SB_SABERON_MEATS0400.skin
1,patch-6.MPQ,World\Expansion05\Doodads\Saberon\6SB_Saberon_Bones01.blp,m2-embedded-path,WORLD\EXPANSION05\DOODADS\SABERON\6SB_SABERON_MEATS04.M2,44876,1296B2A470191A5445A11DE950C196FAD50A8F81,D:\Sirus\_client\World of Warcraft Sirus\Risen_Depths_Extract_2026-10-04\AssetClosure\ByArchive\patch-6.MPQ\World\Expansion05\Doodads\Saberon\6SB_Saberon_Bones01.blp
1,patch-6.MPQ,World\Expansion05\Doodads\Saberon\6SB_Saberon_Bones03.blp,m2-embedded-path,WORLD\EXPANSION05\DOODADS\SABERON\6SB_SABERON_MEATS04.M2,44876,DFD0B64014FDC6C0A8BD63EA57E905B2CE56EC16,D:\Sirus\_client\World of Warcraft Sirus\Risen_Depths_Extract_2026-10-04\AssetClosure\ByArchive\patch-6.MPQ\World\Expansion05\Doodads\Saberon\6SB_Saberon_Bones03.blp
1,patch-6.MPQ,WORLD\EXPANSION05\DOODADS\SPIRESOFARRAK\DOODADS\6SA_MUSHROOM_B0200.skin,m2-skin-profile,WORLD\EXPANSION05\DOODADS\SPIRESOFARRAK\DOODADS\6SA_MUSHROOM_B02.M2,2784,D68BABF0FC83A2E30D463C6102C8007CA39E2E2D,D:\Sirus\_client\World of Warcraft Sirus\Risen_Depths_Extract_2026-10-04\AssetClosure\ByArchive\patch-6.MPQ\WORLD\EXPANSION05\DOODADS\SPIRESOFARRAK\DOODADS\6SA_MUSHROOM_B0200.skin
1,patch-6.MPQ,WORLD\EXPANSION05\DOODADS\SPIRESOFARRAK\DOODADS\6SA_MUSHROOM01.BLP,m2-embedded-path,WORLD\EXPANSION05\DOODADS\SPIRESOFARRAK\DOODADS\6SA_MUSHROOM_B02.M2,350724,A76662098C4D3D627D74924DD06E60B61E8D3095,D:\Sirus\_client\World of Warcraft Sirus\Risen_Depths_Extract_2026-10-04\AssetClosure\ByArchive\patch-6.MPQ\WORLD\EXPANSION05\DOODADS\SPIRESOFARRAK\DOODADS\6SA_MUSHROOM01.BLP
1,patch-6.MPQ,WORLD\EXPANSION05\DOODADS\SPIRESOFARRAK\DOODADS\6SA_MUSHROOM_WHITE_A0100.skin,m2-skin-profile,WORLD\EXPANSION05\DOODADS\SPIRESOFARRAK\DOODADS\6SA_MUSHROOM_WHITE_A01.M2,1472,6908F5BD350FAB0D3CE0B8F51547E90F4CD06C22,D:\Sirus\_client\World of Warcraft Sirus\Risen_Depths_Extract_2026-10-04\AssetClosure\ByArchive\patch-6.MPQ\WORLD\EXPANSION05\DOODADS\SPIRESOFARRAK\DOODADS\6SA_MUSHROOM_WHITE_A0100.skin
1,patch-6.MPQ,WORLD\EXPANSION05\DOODADS\SPIRESOFARRAK\DOODADS\6SA_MUSHROOM02.BLP,m2-embedded-path,WORLD\EXPANSION05\DOODADS\SPIRESOFARRAK\DOODADS\6SA_MUSHROOM_WHITE_A01.M2,350724,AB2A158CD93E7A3B11B4B2D7F17293DCB70D3221,D:\Sirus\_client\World of Warcraft Sirus\Risen_Depths_Extract_2026-10-04\AssetClosure\ByArchive\patch-6.MPQ\WORLD\EXPANSION05\DOODADS\SPIRESOFARRAK\DOODADS\6SA_MUSHROOM02.BLP
1,patch-6.MPQ,WORLD\EXPANSION05\DOODADS\TALADOR\DOODADS\6TD_ROCKCLUSTER_A0100.skin,m2-skin-profile,WORLD\EXPANSION05\DOODADS\TALADOR\DOODADS\6TD_ROCKCLUSTER_A01.m2,1968,501EF407F12EFB7B6418C4C9C9FD6E8507BA0DAB,D:\Sirus\_client\World of Warcraft Sirus\Risen_Depths_Extract_2026-10-04\AssetClosure\ByArchive\patch-6.MPQ\WORLD\EXPANSION05\DOODADS\TALADOR\DOODADS\6TD_ROCKCLUSTER_A0100.skin
1,patch-6.MPQ,WORLD\EXPANSION05\DOODADS\TALADOR\DOODADS\6TD_ROCK01.BLP,m2-embedded-path,WORLD\EXPANSION05\DOODADS\TALADOR\DOODADS\6TD_ROCKCLUSTER_A01.m2 | WORLD\EXPANSION05\DOODADS\TALADOR\DOODADS\6TD_ROCKCLUSTER_B01.m2 | WORLD\EXPANSION05\DOODADS\TALADOR\DOODADS\6TD_ROCK_B02.m2,700236,657F9FE0AE69E107CAB7E06C6A69EAE3598C7F67,D:\Sirus\_client\World of Warcraft Sirus\Risen_Depths_Extract_2026-10-04\AssetClosure\ByArchive\patch-6.MPQ\WORLD\EXPANSION05\DOODADS\TALADOR\DOODADS\6TD_ROCK01.BLP
1,patch-6.MPQ,WORLD\EXPANSION05\DOODADS\TALADOR\DOODADS\6TD_ROCKCLUSTER_B0100.skin,m2-skin-profile,WORLD\EXPANSION05\DOODADS\TALADOR\DOODADS\6TD_ROCKCLUSTER_B01.m2,3472,7BA948136A50E4DFD1F521610D2C913AB7644601,D:\Sirus\_client\World of Warcraft Sirus\Risen_Depths_Extract_2026-10-04\AssetClosure\ByArchive\patch-6.MPQ\WORLD\EXPANSION05\DOODADS\TALADOR\DOODADS\6TD_ROCKCLUSTER_B0100.skin
1,patch-6.MPQ,WORLD\EXPANSION05\DOODADS\TALADOR\DOODADS\6TD_ROCK_B0200.skin,m2-skin-profile,WORLD\EXPANSION05\DOODADS\TALADOR\DOODADS\6TD_ROCK_B02.m2,1376,B959CCCCF4BC93B621AF95DE811E2FFE81B37C95,D:\Sirus\_client\World of Warcraft Sirus\Risen_Depths_Extract_2026-10-04\AssetClosure\ByArchive\patch-6.MPQ\WORLD\EXPANSION05\DOODADS\TALADOR\DOODADS\6TD_ROCK_B0200.skin
1,patch-6.MPQ,WORLD\EXPANSION05\DOODADS\TANAANJUNGLE\DOODADS\6TJ_PATCHFELPIECE0100.skin,m2-skin-profile,WORLD\EXPANSION05\DOODADS\TANAANJUNGLE\DOODADS\6TJ_PATCHFELPIECE01.M2,5992,69B257C5B7C3388B28E82FB0C917B69140FEE37E,D:\Sirus\_client\World of Warcraft Sirus\Risen_Depths_Extract_2026-10-04\AssetClosure\ByArchive\patch-6.MPQ\WORLD\EXPANSION05\DOODADS\TANAANJUNGLE\DOODADS\6TJ_PATCHFELPIECE0100.skin
1,patch-6.MPQ,World\Expansion05\Doodads\TanaanJungle\Doodads\6TJ_PatchFelPiece1_NoGlow.blp,m2-embedded-path,WORLD\EXPANSION05\DOODADS\TANAANJUNGLE\DOODADS\6TJ_PATCHFELPIECE01.M2,1399300,F771FC1C89F8E9FFDEBF0A6143929B55AF0B1BF1,D:\Sirus\_client\World of Warcraft Sirus\Risen_Depths_Extract_2026-10-04\AssetClosure\ByArchive\patch-6.MPQ\World\Expansion05\Doodads\TanaanJungle\Doodads\6TJ_PatchFelPiece1_NoGlow.blp
1,patch-6.MPQ,World\Expansion05\Doodads\TanaanJungle\Doodads\aqua.blp,m2-embedded-path,WORLD\EXPANSION05\DOODADS\TANAANJUNGLE\DOODADS\6TJ_PATCHFELPIECE01.M2 | WORLD\EXPANSION05\DOODADS\TANAANJUNGLE\DOODADS\6TJ_PATCHFELPIECE03.M2 | WORLD\EXPANSION05\DOODADS\TANAANJUNGLE\DOODADS\6TJ_PATCHFELPIECE11VEINS.M2 | WORLD\EXPANSION05\DOODADS\TANAANJUNGLE\DOODADS\6TJ_PATCHFELPIECE14VEINS.M2,12108,EB0EACA6A3A4D7F8624901178759D5E49A79FE2B,D:\Sirus\_client\World of Warcraft Sirus\Risen_Depths_Extract_2026-10-04\AssetClosure\ByArchive\patch-6.MPQ\World\Expansion05\Doodads\TanaanJungle\Doodads\aqua.blp
1,patch-6.MPQ,WORLD\EXPANSION05\DOODADS\TANAANJUNGLE\DOODADS\6TJ_PATCHFELPIECE0300.skin,m2-skin-profile,WORLD\EXPANSION05\DOODADS\TANAANJUNGLE\DOODADS\6TJ_PATCHFELPIECE03.M2,5624,4EF980B4AE0CD35CE645EAE4B15DC38058E55DAF,D:\Sirus\_client\World of Warcraft Sirus\Risen_Depths_Extract_2026-10-04\AssetClosure\ByArchive\patch-6.MPQ\WORLD\EXPANSION05\DOODADS\TANAANJUNGLE\DOODADS\6TJ_PATCHFELPIECE0300.skin
1,patch-6.MPQ,World\Expansion05\Doodads\TanaanJungle\Doodads\Fel_Crystalline.blp,m2-embedded-path,WORLD\EXPANSION05\DOODADS\TANAANJUNGLE\DOODADS\6TJ_PATCHFELPIECE03.M2,350724,CE9C4B63DF2D942EFC30E71C6CAFD0E7B6AD8A5D,D:\Sirus\_client\World of Warcraft Sirus\Risen_Depths_Extract_2026-10-04\AssetClosure\ByArchive\patch-6.MPQ\World\Expansion05\Doodads\TanaanJungle\Doodads\Fel_Crystalline.blp
1,patch-6.MPQ,WORLD\EXPANSION05\DOODADS\TANAANJUNGLE\DOODADS\6TJ_PATCHFELPIECE11VEINS00.skin,m2-skin-profile,WORLD\EXPANSION05\DOODADS\TANAANJUNGLE\DOODADS\6TJ_PATCHFELPIECE11VEINS.M2,15400,87466DCDC71025735871A74B402B281E8ECFC25C,D:\Sirus\_client\World of Warcraft Sirus\Risen_Depths_Extract_2026-10-04\AssetClosure\ByArchive\patch-6.MPQ\WORLD\EXPANSION05\DOODADS\TANAANJUNGLE\DOODADS\6TJ_PATCHFELPIECE11VEINS00.skin
1,patch-6.MPQ,World\Expansion05\Doodads\TanaanJungle\Doodads\6TJ_PatchFelPiece11_NoGlow.blp,m2-embedded-path,WORLD\EXPANSION05\DOODADS\TANAANJUNGLE\DOODADS\6TJ_PATCHFELPIECE11VEINS.M2,1399300,C5316B13F61E06694C2A93C9558757DB0AF3BDD2,D:\Sirus\_client\World of Warcraft Sirus\Risen_Depths_Extract_2026-10-04\AssetClosure\ByArchive\patch-6.MPQ\World\Expansion05\Doodads\TanaanJungle\Doodads\6TJ_PatchFelPiece11_NoGlow.blp
1,patch-6.MPQ,World\Expansion05\Doodads\TanaanJungle\Doodads\6TJ_PatchFelPiece11_Glow.blp,m2-embedded-path,WORLD\EXPANSION05\DOODADS\TANAANJUNGLE\DOODADS\6TJ_PATCHFELPIECE11VEINS.M2,1399300,955345502845C1AA7D1C69D5A3B9D7D95A2DF490,D:\Sirus\_client\World of Warcraft Sirus\Risen_Depths_Extract_2026-10-04\AssetClosure\ByArchive\patch-6.MPQ\World\Expansion05\Doodads\TanaanJungle\Doodads\6TJ_PatchFelPiece11_Glow.blp
1,patch-6.MPQ,World\Expansion05\Doodads\TanaanJungle\Doodads\6TJ_PatchFelPulse.blp,m2-embedded-path,WORLD\EXPANSION05\DOODADS\TANAANJUNGLE\DOODADS\6TJ_PATCHFELPIECE11VEINS.M2,12196,BAFCA207166D335BA3133B4063919E9CF1E03A4E,D:\Sirus\_client\World of Warcraft Sirus\Risen_Depths_Extract_2026-10-04\AssetClosure\ByArchive\patch-6.MPQ\World\Expansion05\Doodads\TanaanJungle\Doodads\6TJ_PatchFelPulse.blp
1,patch-6.MPQ,WORLD\EXPANSION05\DOODADS\TANAANJUNGLE\DOODADS\6TJ_PATCHFELPIECE14VEINS00.skin,m2-skin-profile,WORLD\EXPANSION05\DOODADS\TANAANJUNGLE\DOODADS\6TJ_PATCHFELPIECE14VEINS.M2,8104,782A4DB893632D4972B99B67A645995C9B55E407,D:\Sirus\_client\World of Warcraft Sirus\Risen_Depths_Extract_2026-10-04\AssetClosure\ByArchive\patch-6.MPQ\WORLD\EXPANSION05\DOODADS\TANAANJUNGLE\DOODADS\6TJ_PATCHFELPIECE14VEINS00.skin
1,patch-6.MPQ,World\Expansion05\Doodads\TanaanJungle\Doodads\6TJ_PatchFelPiece14_Combined.blp,m2-embedded-path,WORLD\EXPANSION05\DOODADS\TANAANJUNGLE\DOODADS\6TJ_PATCHFELPIECE14VEINS.M2,1399300,C97DFF3B939146C34D1A08CB57125AFA42914C19,D:\Sirus\_client\World of Warcraft Sirus\Risen_Depths_Extract_2026-10-04\AssetClosure\ByArchive\patch-6.MPQ\World\Expansion05\Doodads\TanaanJungle\Doodads\6TJ_PatchFelPiece14_Combined.blp
1,patch-6.MPQ,WORLD\EXPANSION05\DOODADS\ZANGARMARSH\DOODADS\6ZG_BUSH_GEN_A0100.skin,m2-skin-profile,WORLD\EXPANSION05\DOODADS\ZANGARMARSH\DOODADS\6ZG_BUSH_GEN_A01.m2,4368,0DDD31BAB61413D4DF3D84EE00DE4929B4535FB3,D:\Sirus\_client\World of Warcraft Sirus\Risen_Depths_Extract_2026-10-04\AssetClosure\ByArchive\patch-6.MPQ\WORLD\EXPANSION05\DOODADS\ZANGARMARSH\DOODADS\6ZG_BUSH_GEN_A0100.skin
1,patch-6.MPQ,World\Expansion05\Doodads\Zangarmarsh\Doodads\6ZG_DetailDoodads_Gen_01.blp,m2-embedded-path,WORLD\EXPANSION05\DOODADS\ZANGARMARSH\DOODADS\6ZG_BUSH_GEN_A01.m2,350724,8593DAFFF8D66B520D5D1E8A817E6F2548DE69B6,D:\Sirus\_client\World of Warcraft Sirus\Risen_Depths_Extract_2026-10-04\AssetClosure\ByArchive\patch-6.MPQ\World\Expansion05\Doodads\Zangarmarsh\Doodads\6ZG_DetailDoodads_Gen_01.blp
1,patch-6.MPQ,WORLD\EXPANSION05\DOODADS\ZANGARMARSH\DOODADS\6ZG_BUSH_GEN_A0200.skin,m2-skin-profile,WORLD\EXPANSION05\DOODADS\ZANGARMARSH\DOODADS\6ZG_BUSH_GEN_A02.m2,4880,67DFFD55CF6E2CAAFCA38745FA7DD8A682FB0836,D:\Sirus\_client\World of Warcraft Sirus\Risen_Depths_Extract_2026-10-04\AssetClosure\ByArchive\patch-6.MPQ\WORLD\EXPANSION05\DOODADS\ZANGARMARSH\DOODADS\6ZG_BUSH_GEN_A0200.skin
1,patch-6.MPQ,World\Expansion05\Doodads\Zangarmarsh\Doodads\6ZG_SmallBush_Gen01.blp,m2-embedded-path,WORLD\EXPANSION05\DOODADS\ZANGARMARSH\DOODADS\6ZG_BUSH_GEN_A02.m2,88580,01F25C12AB2872AF376E5182417D4BAB8ED9EF69,D:\Sirus\_client\World of Warcraft Sirus\Risen_Depths_Extract_2026-10-04\AssetClosure\ByArchive\patch-6.MPQ\World\Expansion05\Doodads\Zangarmarsh\Doodads\6ZG_SmallBush_Gen01.blp
1,patch-6.MPQ,World\Expansion05\Doodads\Zangarmarsh\Doodads\6ZG_SmallBush_Gen01_Glows.blp,m2-embedded-path,WORLD\EXPANSION05\DOODADS\ZANGARMARSH\DOODADS\6ZG_BUSH_GEN_A02.m2,88580,BE2375FB630AA830CE935DD72B33A00AE3C760DF,D:\Sirus\_client\World of Warcraft Sirus\Risen_Depths_Extract_2026-10-04\AssetClosure\ByArchive\patch-6.MPQ\World\Expansion05\Doodads\Zangarmarsh\Doodads\6ZG_SmallBush_Gen01_Glows.blp
1,patch-6.MPQ,WORLD\EXPANSION05\DOODADS\ZANGARMARSH\DOODADS\6ZG_MUSHROOM_GEN_B0100.skin,m2-skin-profile,WORLD\EXPANSION05\DOODADS\ZANGARMARSH\DOODADS\6ZG_MUSHROOM_GEN_B01.m2,8688,2038057090FA0168A4398ED2321AC28829E1BCE3,D:\Sirus\_client\World of Warcraft Sirus\Risen_Depths_Extract_2026-10-04\AssetClosure\ByArchive\patch-6.MPQ\WORLD\EXPANSION05\DOODADS\ZANGARMARSH\DOODADS\6ZG_MUSHROOM_GEN_B0100.skin
1,patch-6.MPQ,World\Expansion05\Doodads\Zangarmarsh\Doodads\6ZG_Mushroom_Gen_01.blp,m2-embedded-path,WORLD\EXPANSION05\DOODADS\ZANGARMARSH\DOODADS\6ZG_MUSHROOM_GEN_B01.m2,700236,2076F911A1B04C9F1C40CD7B0DD38CF6F1D635A4,D:\Sirus\_client\World of Warcraft Sirus\Risen_Depths_Extract_2026-10-04\AssetClosure\ByArchive\patch-6.MPQ\World\Expansion05\Doodads\Zangarmarsh\Doodads\6ZG_Mushroom_Gen_01.blp
1,patch-6.MPQ,World\Expansion05\Doodads\Zangarmarsh\Doodads\6ZG_Mushroom_01_Glows.blp,m2-embedded-path,WORLD\EXPANSION05\DOODADS\ZANGARMARSH\DOODADS\6ZG_MUSHROOM_GEN_B01.m2,88580,7D0DB6A5D504BEA0B435687B671C8F069DD52503,D:\Sirus\_client\World of Warcraft Sirus\Risen_Depths_Extract_2026-10-04\AssetClosure\ByArchive\patch-6.MPQ\World\Expansion05\Doodads\Zangarmarsh\Doodads\6ZG_Mushroom_01_Glows.blp
1,patch-6.MPQ,WORLD\EXPANSION05\DOODADS\ZANGARMARSH\DOODADS\6ZG_MUSHROOM_SMALL_GEN_A0100.skin,m2-skin-profile,WORLD\EXPANSION05\DOODADS\ZANGARMARSH\DOODADS\6ZG_MUSHROOM_SMALL_GEN_A01.m2,2208,AE30C3FA19DDF545F23F6C0AAC342F434572F039,D:\Sirus\_client\World of Warcraft Sirus\Risen_Depths_Extract_2026-10-04\AssetClosure\ByArchive\patch-6.MPQ\WORLD\EXPANSION05\DOODADS\ZANGARMARSH\DOODADS\6ZG_MUSHROOM_SMALL_GEN_A0100.skin
1,patch-6.MPQ,World\Expansion05\Doodads\Zangarmarsh\Doodads\6ZG_Mushroom_Small_Gen_A01.blp,m2-embedded-path,WORLD\EXPANSION05\DOODADS\ZANGARMARSH\DOODADS\6ZG_MUSHROOM_SMALL_GEN_A01.m2 | WORLD\EXPANSION05\DOODADS\ZANGARMARSH\DOODADS\6ZG_MUSHROOM_SMALL_GEN_A03.m2,88572,85641A79A81C7F2D675EE5AA658C578EC470C361,D:\Sirus\_client\World of Warcraft Sirus\Risen_Depths_Extract_2026-10-04\AssetClosure\ByArchive\patch-6.MPQ\World\Expansion05\Doodads\Zangarmarsh\Doodads\6ZG_Mushroom_Small_Gen_A01.blp
1,patch-6.MPQ,World\Expansion05\Doodads\Zangarmarsh\Doodads\6ZG_Mushroom_Small_Gen_A01_Glows.blp,m2-embedded-path,WORLD\EXPANSION05\DOODADS\ZANGARMARSH\DOODADS\6ZG_MUSHROOM_SMALL_GEN_A01.m2,88572,68E7F16D0DF5DEE888EC0CB9272DC444BD495CBD,D:\Sirus\_client\World of Warcraft Sirus\Risen_Depths_Extract_2026-10-04\AssetClosure\ByArchive\patch-6.MPQ\World\Expansion05\Doodads\Zangarmarsh\Doodads\6ZG_Mushroom_Small_Gen_A01_Glows.blp
1,patch-6.MPQ,WORLD\EXPANSION05\DOODADS\ZANGARMARSH\DOODADS\6ZG_MUSHROOM_SMALL_GEN_A0300.skin,m2-skin-profile,WORLD\EXPANSION05\DOODADS\ZANGARMARSH\DOODADS\6ZG_MUSHROOM_SMALL_GEN_A03.m2,3360,908DF7406C82B79F00BAFB98F7B92E8747EBA58B,D:\Sirus\_client\World of Warcraft Sirus\Risen_Depths_Extract_2026-10-04\AssetClosure\ByArchive\patch-6.MPQ\WORLD\EXPANSION05\DOODADS\ZANGARMARSH\DOODADS\6ZG_MUSHROOM_SMALL_GEN_A0300.skin
1,patch-6.MPQ,World\Expansion05\Doodads\Zangarmarsh\Doodads\6ZG_Mushroom_Small_Gen_A01_Glows_02.blp,m2-embedded-path,WORLD\EXPANSION05\DOODADS\ZANGARMARSH\DOODADS\6ZG_MUSHROOM_SMALL_GEN_A03.m2,175972,62A371336A84FEEAC7B0B053140EA08FF9B1E688,D:\Sirus\_client\World of Warcraft Sirus\Risen_Depths_Extract_2026-10-04\AssetClosure\ByArchive\patch-6.MPQ\World\Expansion05\Doodads\Zangarmarsh\Doodads\6ZG_Mushroom_Small_Gen_A01_Glows_02.blp
1,patch-6.MPQ,WORLD\EXPANSION05\DOODADS\ZANGARMARSH\DOODADS\6ZG_MUSHROOM_SMALL_GEN_A0500.skin,m2-skin-profile,WORLD\EXPANSION05\DOODADS\ZANGARMARSH\DOODADS\6ZG_MUSHROOM_SMALL_GEN_A05.m2,7968,5DC7D5924E2360633681E51688E7DBA83137FC46,D:\Sirus\_client\World of Warcraft Sirus\Risen_Depths_Extract_2026-10-04\AssetClosure\ByArchive\patch-6.MPQ\WORLD\EXPANSION05\DOODADS\ZANGARMARSH\DOODADS\6ZG_MUSHROOM_SMALL_GEN_A0500.skin
1,patch-6.MPQ,World\Expansion05\Doodads\Zangarmarsh\Doodads\6ZG_Mushroom_Small_Gen_01.blp,m2-embedded-path,WORLD\EXPANSION05\DOODADS\ZANGARMARSH\DOODADS\6ZG_MUSHROOM_SMALL_GEN_A05.m2 | WORLD\EXPANSION05\DOODADS\ZANGARMARSH\DOODADS\6ZG_MUSHROOM_SMALL_GEN_A06.m2,350724,339D4FD2F19717E4D9B8ABB7DAD30CFF369B966E,D:\Sirus\_client\World of Warcraft Sirus\Risen_Depths_Extract_2026-10-04\AssetClosure\ByArchive\patch-6.MPQ\World\Expansion05\Doodads\Zangarmarsh\Doodads\6ZG_Mushroom_Small_Gen_01.blp
1,patch-6.MPQ,WORLD\EXPANSION05\DOODADS\ZANGARMARSH\DOODADS\6ZG_MUSHROOM_SMALL_01_GLOWS.BLP,m2-embedded-path,WORLD\EXPANSION05\DOODADS\ZANGARMARSH\DOODADS\6ZG_MUSHROOM_SMALL_GEN_A05.m2 | WORLD\EXPANSION05\DOODADS\ZANGARMARSH\DOODADS\6ZG_MUSHROOM_SMALL_GEN_A06.m2,350724,6A02A8AEE186398D61771C7222789498D4884862,D:\Sirus\_client\World of Warcraft Sirus\Risen_Depths_Extract_2026-10-04\AssetClosure\ByArchive\patch-6.MPQ\WORLD\EXPANSION05\DOODADS\ZANGARMARSH\DOODADS\6ZG_MUSHROOM_SMALL_01_GLOWS.BLP
1,patch-6.MPQ,WORLD\EXPANSION05\DOODADS\ZANGARMARSH\DOODADS\6ZG_MUSHROOM_SMALL_GEN_A0600.skin,m2-skin-profile,WORLD\EXPANSION05\DOODADS\ZANGARMARSH\DOODADS\6ZG_MUSHROOM_SMALL_GEN_A06.m2,2688,2B230C10F3DD1B1374DA0F19D540933E580F17EC,D:\Sirus\_client\World of Warcraft Sirus\Risen_Depths_Extract_2026-10-04\AssetClosure\ByArchive\patch-6.MPQ\WORLD\EXPANSION05\DOODADS\ZANGARMARSH\DOODADS\6ZG_MUSHROOM_SMALL_GEN_A0600.skin
1,patch-6.MPQ,WORLD\EXPANSION05\DOODADS\ZANGARMARSH\DOODADS\6ZG_MUSHROOM_SMALL_WATER_A0200.skin,m2-skin-profile,WORLD\EXPANSION05\DOODADS\ZANGARMARSH\DOODADS\6ZG_MUSHROOM_SMALL_WATER_A02.m2,2800,2CA06D66BFFF8EDBF638AF7559B62464B973C6C8,D:\Sirus\_client\World of Warcraft Sirus\Risen_Depths_Extract_2026-10-04\AssetClosure\ByArchive\patch-6.MPQ\WORLD\EXPANSION05\DOODADS\ZANGARMARSH\DOODADS\6ZG_MUSHROOM_SMALL_WATER_A0200.skin
1,patch-6.MPQ,World\Expansion05\Doodads\Zangarmarsh\Doodads\6ZG_Mushroom_Small_Water_A01.blp,m2-embedded-path,WORLD\EXPANSION05\DOODADS\ZANGARMARSH\DOODADS\6ZG_MUSHROOM_SMALL_WATER_A02.m2 | WORLD\EXPANSION05\DOODADS\ZANGARMARSH\DOODADS\6ZG_MUSHROOM_SMALL_WATER_A03.m2,88572,B5821542AFBCD10AFC10884717D9A9A27394D3EB,D:\Sirus\_client\World of Warcraft Sirus\Risen_Depths_Extract_2026-10-04\AssetClosure\ByArchive\patch-6.MPQ\World\Expansion05\Doodads\Zangarmarsh\Doodads\6ZG_Mushroom_Small_Water_A01.blp
1,patch-6.MPQ,World\Expansion05\Doodads\Zangarmarsh\Doodads\6ZG_Mushroom_Small_Water_A01_Glows.blp,m2-embedded-path,WORLD\EXPANSION05\DOODADS\ZANGARMARSH\DOODADS\6ZG_MUSHROOM_SMALL_WATER_A02.m2,88572,68E7F16D0DF5DEE888EC0CB9272DC444BD495CBD,D:\Sirus\_client\World of Warcraft Sirus\Risen_Depths_Extract_2026-10-04\AssetClosure\ByArchive\patch-6.MPQ\World\Expansion05\Doodads\Zangarmarsh\Doodads\6ZG_Mushroom_Small_Water_A01_Glows.blp
1,patch-6.MPQ,WORLD\EXPANSION05\DOODADS\ZANGARMARSH\DOODADS\6ZG_MUSHROOM_SMALL_WATER_A0300.skin,m2-skin-profile,WORLD\EXPANSION05\DOODADS\ZANGARMARSH\DOODADS\6ZG_MUSHROOM_SMALL_WATER_A03.m2,4656,4F9990D893805B34BCA847868B4BCCBC6F6D7186,D:\Sirus\_client\World of Warcraft Sirus\Risen_Depths_Extract_2026-10-04\AssetClosure\ByArchive\patch-6.MPQ\WORLD\EXPANSION05\DOODADS\ZANGARMARSH\DOODADS\6ZG_MUSHROOM_SMALL_WATER_A0300.skin
1,patch-6.MPQ,WORLD\EXPANSION05\DOODADS\ZANGARMARSH\DOODADS\6ZG_MUSHROOM_TUBE_B0100.skin,m2-skin-profile,WORLD\EXPANSION05\DOODADS\ZANGARMARSH\DOODADS\6ZG_MUSHROOM_TUBE_B01.m2,7200,02C2A5EB5ED2F42A0BAB28DAA9E23BAC4A875B54,D:\Sirus\_client\World of Warcraft Sirus\Risen_Depths_Extract_2026-10-04\AssetClosure\ByArchive\patch-6.MPQ\WORLD\EXPANSION05\DOODADS\ZANGARMARSH\DOODADS\6ZG_MUSHROOM_TUBE_B0100.skin
1,patch-6.MPQ,World\Expansion05\Doodads\Zangarmarsh\Doodads\6ZG_Mushroom_Tube_01.blp,m2-embedded-path,WORLD\EXPANSION05\DOODADS\ZANGARMARSH\DOODADS\6ZG_MUSHROOM_TUBE_B01.m2 | WORLD\EXPANSION05\DOODADS\ZANGARMARSH\DOODADS\6ZG_MUSHROOM_TUBE_B02.m2,175948,E2038D4DFED0F8D066417C9E5B0E77B688A429B3,D:\Sirus\_client\World of Warcraft Sirus\Risen_Depths_Extract_2026-10-04\AssetClosure\ByArchive\patch-6.MPQ\World\Expansion05\Doodads\Zangarmarsh\Doodads\6ZG_Mushroom_Tube_01.blp
1,patch-6.MPQ,World\Expansion05\Doodads\Zangarmarsh\Doodads\6ZG_Mushroom_Tube_01_Glows.blp,m2-embedded-path,WORLD\EXPANSION05\DOODADS\ZANGARMARSH\DOODADS\6ZG_MUSHROOM_TUBE_B01.m2 | WORLD\EXPANSION05\DOODADS\ZANGARMARSH\DOODADS\6ZG_MUSHROOM_TUBE_B02.m2,175948,8F46927D9ADB98167CA98FC3CE22B34F32B7DBDD,D:\Sirus\_client\World of Warcraft Sirus\Risen_Depths_Extract_2026-10-04\AssetClosure\ByArchive\patch-6.MPQ\World\Expansion05\Doodads\Zangarmarsh\Doodads\6ZG_Mushroom_Tube_01_Glows.blp
1,patch-6.MPQ,WORLD\EXPANSION05\DOODADS\ZANGARMARSH\DOODADS\6ZG_MUSHROOM_TUBE_B0200.skin,m2-skin-profile,WORLD\EXPANSION05\DOODADS\ZANGARMARSH\DOODADS\6ZG_MUSHROOM_TUBE_B02.m2,6880,3473236335D46EDAACE1B7D5371D02B301CA8538,D:\Sirus\_client\World of Warcraft Sirus\Risen_Depths_Extract_2026-10-04\AssetClosure\ByArchive\patch-6.MPQ\WORLD\EXPANSION05\DOODADS\ZANGARMARSH\DOODADS\6ZG_MUSHROOM_TUBE_B0200.skin
1,patch-6.MPQ,WORLD\EXPANSION05\DOODADS\ZANGARMARSH\DOODADS\6ZG_SEABUSH_0200.skin,m2-skin-profile,WORLD\EXPANSION05\DOODADS\ZANGARMARSH\DOODADS\6ZG_SEABUSH_02.m2,3056,6D98AF15419ABBE536F782EF041CF31FBC8D3C64,D:\Sirus\_client\World of Warcraft Sirus\Risen_Depths_Extract_2026-10-04\AssetClosure\ByArchive\patch-6.MPQ\WORLD\EXPANSION05\DOODADS\ZANGARMARSH\DOODADS\6ZG_SEABUSH_0200.skin
1,patch-6.MPQ,World\Expansion05\Doodads\Zangarmarsh\Doodads\6ZG_BushSM_03.blp,m2-embedded-path,WORLD\EXPANSION05\DOODADS\ZANGARMARSH\DOODADS\6ZG_SEABUSH_02.m2,175972,DDD8F49C684C2B37DA1A04FEC3729FEB97010D62,D:\Sirus\_client\World of Warcraft Sirus\Risen_Depths_Extract_2026-10-04\AssetClosure\ByArchive\patch-6.MPQ\World\Expansion05\Doodads\Zangarmarsh\Doodads\6ZG_BushSM_03.blp
1,patch-6.MPQ,WORLD\Expansion06\Doodads\ArakNashal\7AN_ANCIENTTREEROOT_A0100.skin,m2-skin-profile,WORLD\Expansion06\Doodads\ArakNashal\7AN_ANCIENTTREEROOT_A01.M2,2832,9F9316D2428F851805B26B3EA7DF71BDE4AA124B,D:\Sirus\_client\World of Warcraft Sirus\Risen_Depths_Extract_2026-10-04\AssetClosure\ByArchive\patch-6.MPQ\WORLD\Expansion06\Doodads\ArakNashal\7AN_ANCIENTTREEROOT_A0100.skin
1,patch-6.MPQ,World\Expansion06\Doodads\ArakNashal\7AN_AspenRoot01.blp,m2-embedded-path,WORLD\Expansion06\Doodads\ArakNashal\7AN_ANCIENTTREEROOT_A01.M2 | WORLD\Expansion06\Doodads\ArakNashal\7AN_ANCIENTTREEROOT_B01.M2 | WORLD\Expansion06\Doodads\ArakNashal\7AN_ANCIENTTREEROOT_B02.M2,88572,D1E00F92E611084EE8A1740D727269DBF172A2EB,D:\Sirus\_client\World of Warcraft Sirus\Risen_Depths_Extract_2026-10-04\AssetClosure\ByArchive\patch-6.MPQ\World\Expansion06\Doodads\ArakNashal\7AN_AspenRoot01.blp
1,patch-6.MPQ,WORLD\Expansion06\Doodads\ArakNashal\7AN_ANCIENTTREEROOT_B0100.skin,m2-skin-profile,WORLD\Expansion06\Doodads\ArakNashal\7AN_ANCIENTTREEROOT_B01.M2,3040,28F7130217B7473755FD24BDA4AE18DC350F30B6,D:\Sirus\_client\World of Warcraft Sirus\Risen_Depths_Extract_2026-10-04\AssetClosure\ByArchive\patch-6.MPQ\WORLD\Expansion06\Doodads\ArakNashal\7AN_ANCIENTTREEROOT_B0100.skin
1,patch-6.MPQ,WORLD\Expansion06\Doodads\ArakNashal\7AN_ANCIENTTREEROOT_B0200.skin,m2-skin-profile,WORLD\Expansion06\Doodads\ArakNashal\7AN_ANCIENTTREEROOT_B02.M2,2944,BAB39EAEC8A08244B41C41873EFE1D55189C651D,D:\Sirus\_client\World of Warcraft Sirus\Risen_Depths_Extract_2026-10-04\AssetClosure\ByArchive\patch-6.MPQ\WORLD\Expansion06\Doodads\ArakNashal\7AN_ANCIENTTREEROOT_B0200.skin
1,patch-6.MPQ,WORLD\Expansion06\Doodads\ArakNashal\7AN_FUNGUS_A0200.skin,m2-skin-profile,WORLD\Expansion06\Doodads\ArakNashal\7AN_FUNGUS_A02.M2,960,D874D79F7C87FF46368B6866EF3131E20EF441D1,D:\Sirus\_client\World of Warcraft Sirus\Risen_Depths_Extract_2026-10-04\AssetClosure\ByArchive\patch-6.MPQ\WORLD\Expansion06\Doodads\ArakNashal\7AN_FUNGUS_A0200.skin
1,patch-6.MPQ,World\Expansion06\Doodads\ArakNashal\7an_fungus02.blp,m2-embedded-path,WORLD\Expansion06\Doodads\ArakNashal\7AN_FUNGUS_A02.M2 | WORLD\Expansion06\Doodads\ArakNashal\7AN_FUNGUS_B02.M2 | WORLD\Expansion06\Doodads\ArakNashal\7AN_FUNGUS_C02.M2,350724,48541A29D288D9EDE7D0EFEEA776F7D64695149E,D:\Sirus\_client\World of Warcraft Sirus\Risen_Depths_Extract_2026-10-04\AssetClosure\ByArchive\patch-6.MPQ\World\Expansion06\Doodads\ArakNashal\7an_fungus02.blp
1,patch-6.MPQ,WORLD\Expansion06\Doodads\ArakNashal\7AN_FUNGUS_B0200.skin,m2-skin-profile,WORLD\Expansion06\Doodads\ArakNashal\7AN_FUNGUS_B02.M2,2528,085BBBA70280C267BD0170F900FC61153D15F846,D:\Sirus\_client\World of Warcraft Sirus\Risen_Depths_Extract_2026-10-04\AssetClosure\ByArchive\patch-6.MPQ\WORLD\Expansion06\Doodads\ArakNashal\7AN_FUNGUS_B0200.skin
1,patch-6.MPQ,WORLD\Expansion06\Doodads\ArakNashal\7AN_FUNGUS_C0200.skin,m2-skin-profile,WORLD\Expansion06\Doodads\ArakNashal\7AN_FUNGUS_C02.M2,3264,2AC140A253A49EA464B2AC505825DE59FFE2587A,D:\Sirus\_client\World of Warcraft Sirus\Risen_Depths_Extract_2026-10-04\AssetClosure\ByArchive\patch-6.MPQ\WORLD\Expansion06\Doodads\ArakNashal\7AN_FUNGUS_C0200.skin
1,patch-6.MPQ,WORLD\Expansion06\Doodads\ArakNashal\7AN_LEAFPILE_B0100.skin,m2-skin-profile,WORLD\Expansion06\Doodads\ArakNashal\7AN_LEAFPILE_B01.M2,768,14878B1465A0258C4CA003D1FEEFF39ADBF6CB56,D:\Sirus\_client\World of Warcraft Sirus\Risen_Depths_Extract_2026-10-04\AssetClosure\ByArchive\patch-6.MPQ\WORLD\Expansion06\Doodads\ArakNashal\7AN_LEAFPILE_B0100.skin
1,patch-6.MPQ,World\Expansion06\Doodads\ArakNashal\7AN_DetailDoodads_01.blp,m2-embedded-path,WORLD\Expansion06\Doodads\ArakNashal\7AN_LEAFPILE_B01.M2,350724,173AD5E9E8269B8FA1292D561B4994427B95C073,D:\Sirus\_client\World of Warcraft Sirus\Risen_Depths_Extract_2026-10-04\AssetClosure\ByArchive\patch-6.MPQ\World\Expansion06\Doodads\ArakNashal\7AN_DetailDoodads_01.blp
1,patch-6.MPQ,WORLD\Expansion06\Doodads\ArakNashal\7AN_MUSHROOMCLUMP_A0200.skin,m2-skin-profile,WORLD\Expansion06\Doodads\ArakNashal\7AN_MUSHROOMCLUMP_A02.M2,2976,D021A264F51FC80E4CF9146A63D35043BBD86DEB,D:\Sirus\_client\World of Warcraft Sirus\Risen_Depths_Extract_2026-10-04\AssetClosure\ByArchive\patch-6.MPQ\WORLD\Expansion06\Doodads\ArakNashal\7AN_MUSHROOMCLUMP_A0200.skin
1,patch-6.MPQ,World\Expansion06\Doodads\ArakNashal\7an_mushroom02.blp,m2-embedded-path,WORLD\Expansion06\Doodads\ArakNashal\7AN_MUSHROOMCLUMP_A02.M2 | WORLD\Expansion06\Doodads\ArakNashal\7AN_MUSHROOMCLUMP_B02.M2 | WORLD\Expansion06\Doodads\ArakNashal\7AN_MUSHROOMCLUMP_C02.M2 | WORLD\Expansion06\Doodads\ArakNashal\7AN_MUSHROOMCLUMP_C02_LIGHT.M2,350724,BEC55EE82F6D844E68869C7014D907504B8B77BD,D:\Sirus\_client\World of Warcraft Sirus\Risen_Depths_Extract_2026-10-04\AssetClosure\ByArchive\patch-6.MPQ\World\Expansion06\Doodads\ArakNashal\7an_mushroom02.blp
1,patch-6.MPQ,WORLD\Expansion06\Doodads\ArakNashal\7AN_MUSHROOMCLUMP_B0200.skin,m2-skin-profile,WORLD\Expansion06\Doodads\ArakNashal\7AN_MUSHROOMCLUMP_B02.M2,5024,3240E118CCD1DAA9574F97952F95FE0954979685,D:\Sirus\_client\World of Warcraft Sirus\Risen_Depths_Extract_2026-10-04\AssetClosure\ByArchive\patch-6.MPQ\WORLD\Expansion06\Doodads\ArakNashal\7AN_MUSHROOMCLUMP_B0200.skin
1,patch-6.MPQ,WORLD\Expansion06\Doodads\ArakNashal\7AN_MUSHROOMCLUMP_C0200.skin,m2-skin-profile,WORLD\Expansion06\Doodads\ArakNashal\7AN_MUSHROOMCLUMP_C02.M2,3888,DED0340D06DDD3F8F608361C54EDF21F936584A9,D:\Sirus\_client\World of Warcraft Sirus\Risen_Depths_Extract_2026-10-04\AssetClosure\ByArchive\patch-6.MPQ\WORLD\Expansion06\Doodads\ArakNashal\7AN_MUSHROOMCLUMP_C0200.skin
1,patch-6.MPQ,WORLD\Expansion06\Doodads\ArakNashal\7AN_MUSHROOMCLUMP_C02_LIGHT00.skin,m2-skin-profile,WORLD\Expansion06\Doodads\ArakNashal\7AN_MUSHROOMCLUMP_C02_LIGHT.M2,3888,DED0340D06DDD3F8F608361C54EDF21F936584A9,D:\Sirus\_client\World of Warcraft Sirus\Risen_Depths_Extract_2026-10-04\AssetClosure\ByArchive\patch-6.MPQ\WORLD\Expansion06\Doodads\ArakNashal\7AN_MUSHROOMCLUMP_C02_LIGHT00.skin
1,patch-6.MPQ,WORLD\Expansion06\Doodads\ArakNashal\7AN_ROCKSTACK_B0100.skin,m2-skin-profile,WORLD\Expansion06\Doodads\ArakNashal\7AN_ROCKSTACK_B01.M2,2128,1854077DD98A6EC72588439C9E3B4EE19505375B,D:\Sirus\_client\World of Warcraft Sirus\Risen_Depths_Extract_2026-10-04\AssetClosure\ByArchive\patch-6.MPQ\WORLD\Expansion06\Doodads\ArakNashal\7AN_ROCKSTACK_B0100.skin
1,patch-6.MPQ,WORLD\Expansion06\Doodads\ArakNashal\7AN_ROCKSTACK_C0100.skin,m2-skin-profile,WORLD\Expansion06\Doodads\ArakNashal\7AN_ROCKSTACK_C01.M2,2672,E09E9321824CAFCDCD2E3377FF8770FA79C7C12E,D:\Sirus\_client\World of Warcraft Sirus\Risen_Depths_Extract_2026-10-04\AssetClosure\ByArchive\patch-6.MPQ\WORLD\Expansion06\Doodads\ArakNashal\7AN_ROCKSTACK_C0100.skin
1,patch-6.MPQ,WORLD\Expansion06\Doodads\ArakNashal\7AN_ROCKSWAMP_A0100.skin,m2-skin-profile,WORLD\Expansion06\Doodads\ArakNashal\7AN_ROCKSWAMP_A01.M2,1392,F19FD6038CD9275887FD8EC22E4DB6503C64F717,D:\Sirus\_client\World of Warcraft Sirus\Risen_Depths_Extract_2026-10-04\AssetClosure\ByArchive\patch-6.MPQ\WORLD\Expansion06\Doodads\ArakNashal\7AN_ROCKSWAMP_A0100.skin
1,patch-6.MPQ,World\Expansion06\Doodads\ArakNashal\7AN_Rocks_03.blp,m2-embedded-path,WORLD\Expansion06\Doodads\ArakNashal\7AN_ROCKSWAMP_A01.M2,175948,C8DDF2CB6201D2EC8C3052AF9267F55B84542B61,D:\Sirus\_client\World of Warcraft Sirus\Risen_Depths_Extract_2026-10-04\AssetClosure\ByArchive\patch-6.MPQ\World\Expansion06\Doodads\ArakNashal\7AN_Rocks_03.blp
1,patch-6.MPQ,WORLD\Expansion06\Doodads\ArakNashal\7AN_ROCKSWAMP_B0200.skin,m2-skin-profile,WORLD\Expansion06\Doodads\ArakNashal\7AN_ROCKSWAMP_B02.M2,1536,6A57406118B080D0EB7659AF040E31AB21549BE6,D:\Sirus\_client\World of Warcraft Sirus\Risen_Depths_Extract_2026-10-04\AssetClosure\ByArchive\patch-6.MPQ\WORLD\Expansion06\Doodads\ArakNashal\7AN_ROCKSWAMP_B0200.skin
1,patch-6.MPQ,World\Expansion06\Doodads\ArakNashal\7AN_Rocks_05.blp,m2-embedded-path,WORLD\Expansion06\Doodads\ArakNashal\7AN_ROCKSWAMP_B02.M2 | WORLD\Expansion06\Doodads\ArakNashal\7AN_ROCKSWAMP_C03.M2 | WORLD\Expansion06\Doodads\ArakNashal\7AN_ROCKSWAMP_C04.M2,175948,92F1D299DAAA28FF192F7B810C065060CC66A7C1,D:\Sirus\_client\World of Warcraft Sirus\Risen_Depths_Extract_2026-10-04\AssetClosure\ByArchive\patch-6.MPQ\World\Expansion06\Doodads\ArakNashal\7AN_Rocks_05.blp
1,patch-6.MPQ,WORLD\Expansion06\Doodads\ArakNashal\7AN_ROCKSWAMP_C0300.skin,m2-skin-profile,WORLD\Expansion06\Doodads\ArakNashal\7AN_ROCKSWAMP_C03.M2,2080,E019584EEC3F4498E402F866708ADB48F096A278,D:\Sirus\_client\World of Warcraft Sirus\Risen_Depths_Extract_2026-10-04\AssetClosure\ByArchive\patch-6.MPQ\WORLD\Expansion06\Doodads\ArakNashal\7AN_ROCKSWAMP_C0300.skin
1,patch-6.MPQ,WORLD\Expansion06\Doodads\ArakNashal\7AN_ROCKSWAMP_C0400.skin,m2-skin-profile,WORLD\Expansion06\Doodads\ArakNashal\7AN_ROCKSWAMP_C04.M2,1488,0E56CED7CC521100A56087A3F5BC594F50D48A98,D:\Sirus\_client\World of Warcraft Sirus\Risen_Depths_Extract_2026-10-04\AssetClosure\ByArchive\patch-6.MPQ\WORLD\Expansion06\Doodads\ArakNashal\7AN_ROCKSWAMP_C0400.skin
1,patch-6.MPQ,WORLD\Expansion06\Doodads\FX\7FX_LIGHTSHAFTGENERICSMALL00.skin,m2-skin-profile,WORLD\Expansion06\Doodads\FX\7FX_LIGHTSHAFTGENERICSMALL.M2,688,246EFB4D362E62DAB317C6A8500DD4D37D52472D,D:\Sirus\_client\World of Warcraft Sirus\Risen_Depths_Extract_2026-10-04\AssetClosure\ByArchive\patch-6.MPQ\WORLD\Expansion06\Doodads\FX\7FX_LIGHTSHAFTGENERICSMALL00.skin
1,patch-6.MPQ,World\Expansion06\Doodads\FX\grad2cEven.blp,m2-embedded-path,WORLD\Expansion06\Doodads\FX\7FX_LIGHTSHAFTGENERICSMALL.M2 | WORLD\Expansion06\Doodads\FX\7FX_LIGHTSHAFTGENERICSMALL_LIGHT.M2,12132,4BF301EB1C9713107501BD88376695D4AEBE9CB7,D:\Sirus\_client\World of Warcraft Sirus\Risen_Depths_Extract_2026-10-04\AssetClosure\ByArchive\patch-6.MPQ\World\Expansion06\Doodads\FX\grad2cEven.blp
1,patch-6.MPQ,World\Expansion06\Doodads\FX\Fog_Puffy_Mod.blp,m2-embedded-path,WORLD\Expansion06\Doodads\FX\7FX_LIGHTSHAFTGENERICSMALL.M2 | WORLD\Expansion06\Doodads\FX\7FX_LIGHTSHAFTGENERICSMALL_LIGHT.M2,88580,34D9813870CD1601E03BDA531E91785A689A2273,D:\Sirus\_client\World of Warcraft Sirus\Risen_Depths_Extract_2026-10-04\AssetClosure\ByArchive\patch-6.MPQ\World\Expansion06\Doodads\FX\Fog_Puffy_Mod.blp
1,patch-6.MPQ,WORLD\Expansion06\Doodads\FX\7FX_LIGHTSHAFTGENERICSMALL_LIGHT00.skin,m2-skin-profile,WORLD\Expansion06\Doodads\FX\7FX_LIGHTSHAFTGENERICSMALL_LIGHT.M2,688,DE0AC7A106A5ACEBD7589D6E1F65DDAF03219DE8,D:\Sirus\_client\World of Warcraft Sirus\Risen_Depths_Extract_2026-10-04\AssetClosure\ByArchive\patch-6.MPQ\WORLD\Expansion06\Doodads\FX\7FX_LIGHTSHAFTGENERICSMALL_LIGHT00.skin
1,patch-6.MPQ,WORLD\Expansion06\Doodads\HighMountain\7HM_WHITEMUSHROOM_B01_LIGHT00.skin,m2-skin-profile,WORLD\Expansion06\Doodads\HighMountain\7HM_WHITEMUSHROOM_B01_LIGHT.M2,2384,AACCDCFBA3F86EF96FB0767EBBD34B2CC6270598,D:\Sirus\_client\World of Warcraft Sirus\Risen_Depths_Extract_2026-10-04\AssetClosure\ByArchive\patch-6.MPQ\WORLD\Expansion06\Doodads\HighMountain\7HM_WHITEMUSHROOM_B01_LIGHT00.skin
1,patch-6.MPQ,World\Expansion06\Doodads\HighMountain\7HM_WhiteMushroom01.blp,m2-embedded-path,WORLD\Expansion06\Doodads\HighMountain\7HM_WHITEMUSHROOM_B01_LIGHT.M2 | WORLD\Expansion06\Doodads\HighMountain\7HM_WHITEMUSHROOM_C01_LIGHT.M2,350724,18B11C1FB96D7C7D19C349EA013E3CE16496EFB7,D:\Sirus\_client\World of Warcraft Sirus\Risen_Depths_Extract_2026-10-04\AssetClosure\ByArchive\patch-6.MPQ\World\Expansion06\Doodads\HighMountain\7HM_WhiteMushroom01.blp
1,patch-6.MPQ,WORLD\Expansion06\Doodads\HighMountain\7HM_WHITEMUSHROOM_C01_LIGHT00.skin,m2-skin-profile,WORLD\Expansion06\Doodads\HighMountain\7HM_WHITEMUSHROOM_C01_LIGHT.M2,3616,751BA82D8907621EFA427F9DA250E27F1AF2FCD4,D:\Sirus\_client\World of Warcraft Sirus\Risen_Depths_Extract_2026-10-04\AssetClosure\ByArchive\patch-6.MPQ\WORLD\Expansion06\Doodads\HighMountain\7HM_WHITEMUSHROOM_C01_LIGHT00.skin
1,patch-6.MPQ,WORLD\Expansion06\Doodads\LEGION\7LG_LEGION_CAGE0100.skin,m2-skin-profile,WORLD\Expansion06\Doodads\LEGION\7LG_LEGION_CAGE01.M2,19624,FF6DF7257D87C29634B098AA7F060C2AB5DB159D,D:\Sirus\_client\World of Warcraft Sirus\Risen_Depths_Extract_2026-10-04\AssetClosure\ByArchive\patch-6.MPQ\WORLD\Expansion06\Doodads\LEGION\7LG_LEGION_CAGE0100.skin
1,patch-6.MPQ,World\Expansion06\Doodads\Legion\GenericGlow64.blp,m2-embedded-path,WORLD\Expansion06\Doodads\LEGION\7LG_LEGION_CAGE01.M2 | WORLD\Expansion06\Doodads\LEGION\7LG_LEGION_CAGE02.M2 | WORLD\Expansion06\Doodads\LEGION\7LG_LEGION_CAGEHANGING01.M2,6660,CB2000E6BBA6479E767FB636B5D95015529EBFF4,D:\Sirus\_client\World of Warcraft Sirus\Risen_Depths_Extract_2026-10-04\AssetClosure\ByArchive\patch-6.MPQ\World\Expansion06\Doodads\Legion\GenericGlow64.blp
1,patch-6.MPQ,World\Expansion06\Doodads\Legion\7LG_Legion_Cage01.blp,m2-embedded-path,WORLD\Expansion06\Doodads\LEGION\7LG_LEGION_CAGE01.M2 | WORLD\Expansion06\Doodads\LEGION\7LG_LEGION_CAGE02.M2 | WORLD\Expansion06\Doodads\LEGION\7LG_LEGION_CAGEHANGING01.M2 | WORLD\Expansion06\Doodads\LEGION\7LG_LEGION_CAGEHANGINGANIM01.M2 | WORLD\Expansion06\Doodads\LEGION\7LG_LEGION_CAGEHANGINGANIM02.M2 | WORLD\Expansion06\Doodads\LEGION\7LG_LEGION_CAGEHANGINGANIM03.M2,175948,8D05D86D6D49ED06C0B6E4E8EBDF61DFC606DD4F,D:\Sirus\_client\World of Warcraft Sirus\Risen_Depths_Extract_2026-10-04\AssetClosure\ByArchive\patch-6.MPQ\World\Expansion06\Doodads\Legion\7LG_Legion_Cage01.blp
1,patch-6.MPQ,World\Expansion06\Doodads\Legion\OrbReflectBright_Blue.blp,m2-embedded-path,WORLD\Expansion06\Doodads\LEGION\7LG_LEGION_CAGE01.M2 | WORLD\Expansion06\Doodads\LEGION\7LG_LEGION_CAGE02.M2 | WORLD\Expansion06\Doodads\LEGION\7LG_LEGION_CAGEHANGING01.M2,1868,4A8280720EE48D3D5C652BE7F2736BE2D6FC5CF0,D:\Sirus\_client\World of Warcraft Sirus\Risen_Depths_Extract_2026-10-04\AssetClosure\ByArchive\patch-6.MPQ\World\Expansion06\Doodads\Legion\OrbReflectBright_Blue.blp
1,patch-6.MPQ,World\Expansion06\Doodads\Legion\7LG_Legion_PrisonDoor.blp,m2-embedded-path,WORLD\Expansion06\Doodads\LEGION\7LG_LEGION_CAGE01.M2 | WORLD\Expansion06\Doodads\LEGION\7LG_LEGION_CAGE02.M2 | WORLD\Expansion06\Doodads\LEGION\7LG_LEGION_CAGEHANGING01.M2,175948,7FE384DDDF4DF1F9E3C333DA4F987B8DEA8A9052,D:\Sirus\_client\World of Warcraft Sirus\Risen_Depths_Extract_2026-10-04\AssetClosure\ByArchive\patch-6.MPQ\World\Expansion06\Doodads\Legion\7LG_Legion_PrisonDoor.blp
1,patch-6.MPQ,World\Expansion06\Doodads\Legion\7LG_Legion_Cage01_glow.blp,m2-embedded-path,WORLD\Expansion06\Doodads\LEGION\7LG_LEGION_CAGE01.M2 | WORLD\Expansion06\Doodads\LEGION\7LG_LEGION_CAGE02.M2 | WORLD\Expansion06\Doodads\LEGION\7LG_LEGION_CAGEHANGING01.M2 | WORLD\Expansion06\Doodads\LEGION\7LG_LEGION_CAGEHANGINGANIM02.M2 | WORLD\Expansion06\Doodads\LEGION\7LG_LEGION_CAGEHANGINGANIM03.M2,175948,27E0D3EDB981EE865DC78A5B75C6687CDAF6C319,D:\Sirus\_client\World of Warcraft Sirus\Risen_Depths_Extract_2026-10-04\AssetClosure\ByArchive\patch-6.MPQ\World\Expansion06\Doodads\Legion\7LG_Legion_Cage01_glow.blp
1,patch-6.MPQ,World\Expansion06\Doodads\Legion\Arcane_Wisps_Desat_02.blp,m2-embedded-path,WORLD\Expansion06\Doodads\LEGION\7LG_LEGION_CAGE01.M2 | WORLD\Expansion06\Doodads\LEGION\7LG_LEGION_CAGE02.M2 | WORLD\Expansion06\Doodads\LEGION\7LG_LEGION_CAGEHANGING01.M2,88580,7AC81089AA628D04EB9E1BF7FFEA84FC3CEFC216,D:\Sirus\_client\World of Warcraft Sirus\Risen_Depths_Extract_2026-10-04\AssetClosure\ByArchive\patch-6.MPQ\World\Expansion06\Doodads\Legion\Arcane_Wisps_Desat_02.blp
1,patch-6.MPQ,WORLD\Expansion06\Doodads\LEGION\7LG_LEGION_CAGE0200.skin,m2-skin-profile,WORLD\Expansion06\Doodads\LEGION\7LG_LEGION_CAGE02.M2,24872,1C84AA1A01E72A18F49A95427F7869FD7A3849D9,D:\Sirus\_client\World of Warcraft Sirus\Risen_Depths_Extract_2026-10-04\AssetClosure\ByArchive\patch-6.MPQ\WORLD\Expansion06\Doodads\LEGION\7LG_LEGION_CAGE0200.skin
1,patch-6.MPQ,World\Expansion06\Doodads\Legion\7LG_Legion_Spire01_Skull.blp,m2-embedded-path,WORLD\Expansion06\Doodads\LEGION\7LG_LEGION_CAGE02.M2,350724,EB0A5F6AAD41A82133CE521F75DE5D01D48FAA63,D:\Sirus\_client\World of Warcraft Sirus\Risen_Depths_Extract_2026-10-04\AssetClosure\ByArchive\patch-6.MPQ\World\Expansion06\Doodads\Legion\7LG_Legion_Spire01_Skull.blp
1,patch-6.MPQ,WORLD\Expansion06\Doodads\LEGION\7LG_LEGION_CAGEHANGING0100.skin,m2-skin-profile,WORLD\Expansion06\Doodads\LEGION\7LG_LEGION_CAGEHANGING01.M2,24488,BD280EC88D256D9A217FA8D2AF3C81A24406D435,D:\Sirus\_client\World of Warcraft Sirus\Risen_Depths_Extract_2026-10-04\AssetClosure\ByArchive\patch-6.MPQ\WORLD\Expansion06\Doodads\LEGION\7LG_LEGION_CAGEHANGING0100.skin
1,patch-6.MPQ,World\Expansion06\Doodads\Legion\7LG_Legion_Chain.blp,m2-embedded-path,WORLD\Expansion06\Doodads\LEGION\7LG_LEGION_CAGEHANGING01.M2 | WORLD\Expansion06\Doodads\LEGION\7LG_LEGION_CAGEHANGINGANIM01.M2 | WORLD\Expansion06\Doodads\LEGION\7LG_LEGION_CAGEHANGINGANIM02.M2 | WORLD\Expansion06\Doodads\LEGION\7LG_LEGION_CAGEHANGINGANIM03.M2 | WORLD\Expansion06\Doodads\LEGION\7LG_LEGION_CHAINS02.M2 | WORLD\Expansion06\Doodads\LEGION\7LG_LEGION_CHAINS03.M2 | WORLD\Expansion06\Doodads\LEGION\7LG_LEGION_CHAINS06.M2 | WORLD\Expansion06\Doodads\LEGION\7LG_LEGION_CHAINS07.M2 | WORLD\Expansion06\Doodads\LEGION\7LG_LEGION_CHAINSENDCAP01.M2,12108,2AD34F6E9CFEAC1A3A8EFACE0417DDBFE3055727,D:\Sirus\_client\World of Warcraft Sirus\Risen_Depths_Extract_2026-10-04\AssetClosure\ByArchive\patch-6.MPQ\World\Expansion06\Doodads\Legion\7LG_Legion_Chain.blp
1,patch-6.MPQ,WORLD\Expansion06\Doodads\LEGION\7LG_LEGION_CAGEHANGINGANIM0100.skin,m2-skin-profile,WORLD\Expansion06\Doodads\LEGION\7LG_LEGION_CAGEHANGINGANIM01.M2,22472,D059391BD9B19AE86930FF08DDBB6BA06BAC12F2,D:\Sirus\_client\World of Warcraft Sirus\Risen_Depths_Extract_2026-10-04\AssetClosure\ByArchive\patch-6.MPQ\WORLD\Expansion06\Doodads\LEGION\7LG_LEGION_CAGEHANGINGANIM0100.skin
1,patch-6.MPQ,World\Expansion06\Doodads\Legion\Nex_EnvMap01t.blp,m2-embedded-path,WORLD\Expansion06\Doodads\LEGION\7LG_LEGION_CAGEHANGINGANIM01.M2 | WORLD\Expansion06\Doodads\LEGION\7LG_LEGION_CAGEHANGINGANIM02.M2 | WORLD\Expansion06\Doodads\LEGION\7LG_LEGION_CAGEHANGINGANIM03.M2,44876,44561E534337CF39B9C4978F44A2C7F4313553A6,D:\Sirus\_client\World of Warcraft Sirus\Risen_Depths_Extract_2026-10-04\AssetClosure\ByArchive\patch-6.MPQ\World\Expansion06\Doodads\Legion\Nex_EnvMap01t.blp
1,patch-6.MPQ,World\Expansion06\Doodads\Legion\7LG_Legion_Chain2.blp,m2-embedded-path,WORLD\Expansion06\Doodads\LEGION\7LG_LEGION_CAGEHANGINGANIM01.M2 | WORLD\Expansion06\Doodads\LEGION\7LG_LEGION_CAGEHANGINGANIM02.M2 | WORLD\Expansion06\Doodads\LEGION\7LG_LEGION_CAGEHANGINGANIM03.M2,23044,D9CB58C3470A0471C789775AD17A78FB90DE7E3A,D:\Sirus\_client\World of Warcraft Sirus\Risen_Depths_Extract_2026-10-04\AssetClosure\ByArchive\patch-6.MPQ\World\Expansion06\Doodads\Legion\7LG_Legion_Chain2.blp
1,patch-6.MPQ,WORLD\Expansion06\Doodads\LEGION\7LG_LEGION_CAGEHANGINGANIM0200.skin,m2-skin-profile,WORLD\Expansion06\Doodads\LEGION\7LG_LEGION_CAGEHANGINGANIM02.M2,31048,AA363DAAF3FC2DCC030CFBDD18B3F4A7B210BB99,D:\Sirus\_client\World of Warcraft Sirus\Risen_Depths_Extract_2026-10-04\AssetClosure\ByArchive\patch-6.MPQ\WORLD\Expansion06\Doodads\LEGION\7LG_LEGION_CAGEHANGINGANIM0200.skin
1,patch-6.MPQ,World\Expansion06\Doodads\Legion\Cloud_Pyroclastic_Mod4xtest.blp,m2-embedded-path,WORLD\Expansion06\Doodads\LEGION\7LG_LEGION_CAGEHANGINGANIM02.M2 | WORLD\Expansion06\Doodads\LEGION\7LG_LEGION_CAGEHANGINGANIM03.M2,350724,E56D83BA163E88672F577EB25C9A62420C0C5527,D:\Sirus\_client\World of Warcraft Sirus\Risen_Depths_Extract_2026-10-04\AssetClosure\ByArchive\patch-6.MPQ\World\Expansion06\Doodads\Legion\Cloud_Pyroclastic_Mod4xtest.blp
1,patch-6.MPQ,WORLD\Expansion06\Doodads\LEGION\7LG_LEGION_CAGEHANGINGANIM0300.skin,m2-skin-profile,WORLD\Expansion06\Doodads\LEGION\7LG_LEGION_CAGEHANGINGANIM03.M2,37736,DC7A0C99040D570394C8D04CE72AEEF43733F1FD,D:\Sirus\_client\World of Warcraft Sirus\Risen_Depths_Extract_2026-10-04\AssetClosure\ByArchive\patch-6.MPQ\WORLD\Expansion06\Doodads\LEGION\7LG_LEGION_CAGEHANGINGANIM0300.skin
1,patch-6.MPQ,WORLD\Expansion06\Doodads\LEGION\7LG_LEGION_CHAINS0200.skin,m2-skin-profile,WORLD\Expansion06\Doodads\LEGION\7LG_LEGION_CHAINS02.M2,20992,C37C3181FA015350EC44F9F79DF3605A195B53C8,D:\Sirus\_client\World of Warcraft Sirus\Risen_Depths_Extract_2026-10-04\AssetClosure\ByArchive\patch-6.MPQ\WORLD\Expansion06\Doodads\LEGION\7LG_LEGION_CHAINS0200.skin
1,patch-6.MPQ,WORLD\Expansion06\Doodads\LEGION\7LG_LEGION_CHAINS0300.skin,m2-skin-profile,WORLD\Expansion06\Doodads\LEGION\7LG_LEGION_CHAINS03.M2,20256,1B92E185527A9EFD201A8BD11F06958D9CDBEF78,D:\Sirus\_client\World of Warcraft Sirus\Risen_Depths_Extract_2026-10-04\AssetClosure\ByArchive\patch-6.MPQ\WORLD\Expansion06\Doodads\LEGION\7LG_LEGION_CHAINS0300.skin
1,patch-6.MPQ,WORLD\Expansion06\Doodads\LEGION\7LG_LEGION_CHAINS0600.skin,m2-skin-profile,WORLD\Expansion06\Doodads\LEGION\7LG_LEGION_CHAINS06.M2,24720,22AF8F5ABA10F0DDDFF3417D8A3D9B92614607CB,D:\Sirus\_client\World of Warcraft Sirus\Risen_Depths_Extract_2026-10-04\AssetClosure\ByArchive\patch-6.MPQ\WORLD\Expansion06\Doodads\LEGION\7LG_LEGION_CHAINS0600.skin
1,patch-6.MPQ,WORLD\Expansion06\Doodads\LEGION\7LG_LEGION_CHAINS0700.skin,m2-skin-profile,WORLD\Expansion06\Doodads\LEGION\7LG_LEGION_CHAINS07.M2,35872,5BD55A71DACCF08AE955925E817FDC9FA013416A,D:\Sirus\_client\World of Warcraft Sirus\Risen_Depths_Extract_2026-10-04\AssetClosure\ByArchive\patch-6.MPQ\WORLD\Expansion06\Doodads\LEGION\7LG_LEGION_CHAINS0700.skin
1,patch-6.MPQ,WORLD\Expansion06\Doodads\LEGION\7LG_LEGION_CHAINSENDCAP0100.skin,m2-skin-profile,WORLD\Expansion06\Doodads\LEGION\7LG_LEGION_CHAINSENDCAP01.M2,912,0DC94C783A5609C0862AA6944D401B613489474D,D:\Sirus\_client\World of Warcraft Sirus\Risen_Depths_Extract_2026-10-04\AssetClosure\ByArchive\patch-6.MPQ\WORLD\Expansion06\Doodads\LEGION\7LG_LEGION_CHAINSENDCAP0100.skin
1,patch-6.MPQ,WORLD\Expansion06\Doodads\LEGION\7LG_LEGION_COMMUNICATIONORB0100.skin,m2-skin-profile,WORLD\EXPANSION06\DOODADS\LEGION\7LG_LEGION_COMMUNICATIONORB01.M2 | WORLD\Expansion06\Doodads\LEGION\7LG_LEGION_COMMUNICATIONORB01.M2,33712,7526296178ED664365D4D5913877A3A813F31439,D:\Sirus\_client\World of Warcraft Sirus\Risen_Depths_Extract_2026-10-04\AssetClosure\ByArchive\patch-6.MPQ\WORLD\Expansion06\Doodads\LEGION\7LG_LEGION_COMMUNICATIONORB0100.skin
1,patch-6.MPQ,World\Expansion06\Doodads\Legion\Smoke_Wispy_Mask_BlendAdd.blp,m2-embedded-path,WORLD\EXPANSION06\DOODADS\LEGION\7LG_LEGION_COMMUNICATIONORB01.M2 | WORLD\Expansion06\Doodads\LEGION\7LG_LEGION_COMMUNICATIONORB01.M2,23044,63EEE608657F362C8A635D2E5A921DC2E70D35A2,D:\Sirus\_client\World of Warcraft Sirus\Risen_Depths_Extract_2026-10-04\AssetClosure\ByArchive\patch-6.MPQ\World\Expansion06\Doodads\Legion\Smoke_Wispy_Mask_BlendAdd.blp
1,patch-6.MPQ,World\Expansion06\Doodads\Legion\FelFX_Wisp_01.blp,m2-embedded-path,WORLD\EXPANSION06\DOODADS\LEGION\7LG_LEGION_COMMUNICATIONORB01.M2 | WORLD\Expansion06\Doodads\LEGION\7LG_LEGION_COMMUNICATIONORB01.M2,88580,B0E2EB733369119821468CB4438E8A2C1DFF7377,D:\Sirus\_client\World of Warcraft Sirus\Risen_Depths_Extract_2026-10-04\AssetClosure\ByArchive\patch-6.MPQ\World\Expansion06\Doodads\Legion\FelFX_Wisp_01.blp
1,patch-6.MPQ,World\Expansion06\Doodads\Legion\Arcane_Wisps_Purple.blp,m2-embedded-path,WORLD\EXPANSION06\DOODADS\LEGION\7LG_LEGION_COMMUNICATIONORB01.M2 | WORLD\Expansion06\Doodads\LEGION\7LG_LEGION_COMMUNICATIONORB01.M2,88580,A333742B161DD5F49068996E8C2B2CF20E402E91,D:\Sirus\_client\World of Warcraft Sirus\Risen_Depths_Extract_2026-10-04\AssetClosure\ByArchive\patch-6.MPQ\World\Expansion06\Doodads\Legion\Arcane_Wisps_Purple.blp
1,patch-6.MPQ,World\Expansion06\Doodads\Legion\7LG_Legion_CommunicationOrb01.blp,m2-embedded-path,WORLD\EXPANSION06\DOODADS\LEGION\7LG_LEGION_COMMUNICATIONORB01.M2 | WORLD\Expansion06\Doodads\LEGION\7LG_LEGION_COMMUNICATIONORB01.M2,350724,C6248F63912B07BEAA3A78913E8CDEAA8199A198,D:\Sirus\_client\World of Warcraft Sirus\Risen_Depths_Extract_2026-10-04\AssetClosure\ByArchive\patch-6.MPQ\World\Expansion06\Doodads\Legion\7LG_Legion_CommunicationOrb01.blp
1,patch-6.MPQ,World\Expansion06\Doodads\Legion\ArmorReflect_Rainbow.blp,m2-embedded-path,WORLD\EXPANSION06\DOODADS\LEGION\7LG_LEGION_COMMUNICATIONORB01.M2 | WORLD\Expansion06\Doodads\LEGION\7LG_LEGION_COMMUNICATIONORB01.M2,3916,6DC0373C626422FFC1ED9EA95D3D6E619FFBC6B7,D:\Sirus\_client\World of Warcraft Sirus\Risen_Depths_Extract_2026-10-04\AssetClosure\ByArchive\patch-6.MPQ\World\Expansion06\Doodads\Legion\ArmorReflect_Rainbow.blp
1,patch-6.MPQ,World\Expansion06\Doodads\Legion\7LG_Legion_CommunicationOrb01_Glow.blp,m2-embedded-path,WORLD\EXPANSION06\DOODADS\LEGION\7LG_LEGION_COMMUNICATIONORB01.M2 | WORLD\Expansion06\Doodads\LEGION\7LG_LEGION_COMMUNICATIONORB01.M2,175948,76B521BD841AFFFA1A63CDAB37E794EE97F914F1,D:\Sirus\_client\World of Warcraft Sirus\Risen_Depths_Extract_2026-10-04\AssetClosure\ByArchive\patch-6.MPQ\World\Expansion06\Doodads\Legion\7LG_Legion_CommunicationOrb01_Glow.blp
1,patch-6.MPQ,World\Expansion06\Doodads\Legion\Cloud_Magic_Green.blp,m2-embedded-path,WORLD\EXPANSION06\DOODADS\LEGION\7LG_LEGION_COMMUNICATIONORB01.M2 | WORLD\Expansion06\Doodads\LEGION\7LG_LEGION_COMMUNICATIONORB01.M2,350724,A0FA5E46A55C0D194EFBF1CBDCC13C9FC52EF73A,D:\Sirus\_client\World of Warcraft Sirus\Risen_Depths_Extract_2026-10-04\AssetClosure\ByArchive\patch-6.MPQ\World\Expansion06\Doodads\Legion\Cloud_Magic_Green.blp
1,patch-6.MPQ,World\Expansion06\Doodads\Legion\Fel_Lightning_Flipbook.blp,m2-embedded-path,WORLD\EXPANSION06\DOODADS\LEGION\7LG_LEGION_COMMUNICATIONORB01.M2 | WORLD\Expansion06\Doodads\LEGION\7LG_LEGION_COMMUNICATIONORB01.M2,23044,968402B546EFD6B28244DD6A31311E6C8CB08CAA,D:\Sirus\_client\World of Warcraft Sirus\Risen_Depths_Extract_2026-10-04\AssetClosure\ByArchive\patch-6.MPQ\World\Expansion06\Doodads\Legion\Fel_Lightning_Flipbook.blp
1,patch-6.MPQ,World\Expansion06\Doodads\Legion\FLARE05.blp,m2-embedded-path,WORLD\EXPANSION06\DOODADS\LEGION\7LG_LEGION_COMMUNICATIONORB01.M2 | WORLD\Expansion06\Doodads\LEGION\7LG_LEGION_COMMUNICATIONORB01.M2,44876,6EF5ECAA14F639981D8DAF6933C3AA9340E001CA,D:\Sirus\_client\World of Warcraft Sirus\Risen_Depths_Extract_2026-10-04\AssetClosure\ByArchive\patch-6.MPQ\World\Expansion06\Doodads\Legion\FLARE05.blp
1,patch-6.MPQ,World\Expansion06\Doodads\Legion\7LG_Legion_CommunicationOrb01_Vibrate.blp,m2-embedded-path,WORLD\EXPANSION06\DOODADS\LEGION\7LG_LEGION_COMMUNICATIONORB01.M2 | WORLD\Expansion06\Doodads\LEGION\7LG_LEGION_COMMUNICATIONORB01.M2,88580,BDBB49BE977640CCD4A25A17EAF4947A27478877,D:\Sirus\_client\World of Warcraft Sirus\Risen_Depths_Extract_2026-10-04\AssetClosure\ByArchive\patch-6.MPQ\World\Expansion06\Doodads\Legion\7LG_Legion_CommunicationOrb01_Vibrate.blp
1,patch-6.MPQ,World\Expansion06\Doodads\Legion\starfield04.blp,m2-embedded-path,WORLD\EXPANSION06\DOODADS\LEGION\7LG_LEGION_COMMUNICATIONORB01.M2 | WORLD\Expansion06\Doodads\LEGION\7LG_LEGION_COMMUNICATIONORB01.M2,88580,06C6E8820E1D2401FBAE1206E6AEF2E944AE0164,D:\Sirus\_client\World of Warcraft Sirus\Risen_Depths_Extract_2026-10-04\AssetClosure\ByArchive\patch-6.MPQ\World\Expansion06\Doodads\Legion\starfield04.blp
1,patch-6.MPQ,World\Expansion06\Doodads\Legion\Globe.blp,m2-embedded-path,WORLD\EXPANSION06\DOODADS\LEGION\7LG_LEGION_COMMUNICATIONORB01.M2 | WORLD\Expansion06\Doodads\LEGION\7LG_LEGION_COMMUNICATIONORB01.M2,350724,CDF07E1C58137F8C9232C68158CDA8BB9D641D3E,D:\Sirus\_client\World of Warcraft Sirus\Risen_Depths_Extract_2026-10-04\AssetClosure\ByArchive\patch-6.MPQ\World\Expansion06\Doodads\Legion\Globe.blp
1,patch-6.MPQ,World\Expansion06\Doodads\Legion\Dirt_Scroll_Wispy_rejuv_bright.blp,m2-embedded-path,WORLD\EXPANSION06\DOODADS\LEGION\7LG_LEGION_COMMUNICATIONORB01.M2 | WORLD\Expansion06\Doodads\LEGION\7LG_LEGION_COMMUNICATIONORB01.M2,23044,A63D39F9DB4531B83F11F30E0F2DC08B8C00633B,D:\Sirus\_client\World of Warcraft Sirus\Risen_Depths_Extract_2026-10-04\AssetClosure\ByArchive\patch-6.MPQ\World\Expansion06\Doodads\Legion\Dirt_Scroll_Wispy_rejuv_bright.blp
1,patch-6.MPQ,WORLD\Expansion06\Doodads\LEGION\7LG_LEGION_TORCH02_LIGHT00.skin,m2-skin-profile,WORLD\EXPANSION06\DOODADS\LEGION\7LG_LEGION_TORCH02_LIGHT.M2 | WORLD\Expansion06\Doodads\LEGION\7LG_LEGION_TORCH02_LIGHT.M2,9152,4282A64B3FB4430B939633B4817AF3F0E2878893,D:\Sirus\_client\World of Warcraft Sirus\Risen_Depths_Extract_2026-10-04\AssetClosure\ByArchive\patch-6.MPQ\WORLD\Expansion06\Doodads\LEGION\7LG_LEGION_TORCH02_LIGHT00.skin
1,patch-6.MPQ,World\Expansion06\Doodads\Legion\7LG_Legion_Torch01.blp,m2-embedded-path,WORLD\EXPANSION06\DOODADS\LEGION\7LG_LEGION_TORCH02_LIGHT.M2 | WORLD\Expansion06\Doodads\LEGION\7LG_LEGION_TORCH02_LIGHT.M2,175948,CAE23656C8DD8E5874C5A721AB82E6DA9026BE90,D:\Sirus\_client\World of Warcraft Sirus\Risen_Depths_Extract_2026-10-04\AssetClosure\ByArchive\patch-6.MPQ\World\Expansion06\Doodads\Legion\7LG_Legion_Torch01.blp
1,patch-6.MPQ,World\Expansion06\Doodads\Legion\T_VFX_Fire_Anim_Stylized_Desat_02.blp,m2-embedded-path,WORLD\Expansion06\Doodads\LEGION\7LG_LEGION_TORCH02_LIGHT.M2,88580,A72EC0704F2BCF7DAC51A02B52F609407DCB4138,D:\Sirus\_client\World of Warcraft Sirus\Risen_Depths_Extract_2026-10-04\AssetClosure\ByArchive\patch-6.MPQ\World\Expansion06\Doodads\Legion\T_VFX_Fire_Anim_Stylized_Desat_02.blp
1,patch-6.MPQ,World\Expansion06\Doodads\Legion\Fire_Bright_Mod2x_A_fel2.blp,m2-embedded-path,WORLD\Expansion06\Doodads\LEGION\7LG_LEGION_TORCH02_LIGHT.M2,23044,915A24C008C058FEC1142B8937078AB646FFAF50,D:\Sirus\_client\World of Warcraft Sirus\Risen_Depths_Extract_2026-10-04\AssetClosure\ByArchive\patch-6.MPQ\World\Expansion06\Doodads\Legion\Fire_Bright_Mod2x_A_fel2.blp
1,patch-6.MPQ,World\Expansion06\Doodads\Legion\Ember_Offset_Streak.blp,m2-embedded-path,WORLD\Expansion06\Doodads\LEGION\7LG_LEGION_TORCH02_LIGHT.M2,3916,BC216F747A8F4D5BEEF2688C761AAEEF54868F03,D:\Sirus\_client\World of Warcraft Sirus\Risen_Depths_Extract_2026-10-04\AssetClosure\ByArchive\patch-6.MPQ\World\Expansion06\Doodads\Legion\Ember_Offset_Streak.blp
1,patch-6.MPQ,World\Expansion06\Doodads\Legion\White8x8.blp,m2-embedded-path,WORLD\EXPANSION06\DOODADS\LEGION\7LG_LEGION_TORCH02_LIGHT.M2 | WORLD\Expansion06\Doodads\LEGION\7LG_LEGION_TORCH02_LIGHT.M2,1228,FC45A5AF07B915EDB30D662453982AAFF22669E6,D:\Sirus\_client\World of Warcraft Sirus\Risen_Depths_Extract_2026-10-04\AssetClosure\ByArchive\patch-6.MPQ\World\Expansion06\Doodads\Legion\White8x8.blp
1,patch-6.MPQ,World\Expansion06\Doodads\Legion\Cloud_PuffySofter_HealingGreen.blp,m2-embedded-path,WORLD\Expansion06\Doodads\LEGION\7LG_LEGION_TORCH02_LIGHT.M2,88580,E9C6C66DA0526AD9401D68AC10523DBD0892C8B7,D:\Sirus\_client\World of Warcraft Sirus\Risen_Depths_Extract_2026-10-04\AssetClosure\ByArchive\patch-6.MPQ\World\Expansion06\Doodads\Legion\Cloud_PuffySofter_HealingGreen.blp
1,patch-6.MPQ,World\Expansion06\Doodads\Legion\GenericGlow_Alpha_128.blp,m2-embedded-path,WORLD\EXPANSION06\DOODADS\LEGION\7LG_LEGION_TORCH02_LIGHT.M2 | WORLD\Expansion06\Doodads\LEGION\7LG_LEGION_TORCH02_LIGHT.M2,12108,72131A9F62D53E6E99C0D42D3E4D50D383714EB3,D:\Sirus\_client\World of Warcraft Sirus\Risen_Depths_Extract_2026-10-04\AssetClosure\ByArchive\patch-6.MPQ\World\Expansion06\Doodads\Legion\GenericGlow_Alpha_128.blp
1,patch-6.MPQ,WORLD\Expansion06\Doodads\Murloc\7MU_MURLOC_BARREL0200.skin,m2-skin-profile,WORLD\Expansion06\Doodads\Murloc\7MU_MURLOC_BARREL02.M2,3648,A4C6AB4C9C990BB36FAA9714727842FC88A9A634,D:\Sirus\_client\World of Warcraft Sirus\Risen_Depths_Extract_2026-10-04\AssetClosure\ByArchive\patch-6.MPQ\WORLD\Expansion06\Doodads\Murloc\7MU_MURLOC_BARREL0200.skin
1,patch-6.MPQ,WORLD\Expansion06\Doodads\Murloc\7MU_MURLOC_CRATE0100.skin,m2-skin-profile,WORLD\Expansion06\Doodads\Murloc\7MU_MURLOC_CRATE01.M2,3328,74F92B1625108D0181B501E6BB22B572267244B3,D:\Sirus\_client\World of Warcraft Sirus\Risen_Depths_Extract_2026-10-04\AssetClosure\ByArchive\patch-6.MPQ\WORLD\Expansion06\Doodads\Murloc\7MU_MURLOC_CRATE0100.skin
1,patch-6.MPQ,WORLD\Expansion06\Doodads\Murloc\7MU_MURLOC_CRATE0200.skin,m2-skin-profile,WORLD\Expansion06\Doodads\Murloc\7MU_MURLOC_CRATE02.M2,2768,05E684D77446937D02563B971A3790082F0943A2,D:\Sirus\_client\World of Warcraft Sirus\Risen_Depths_Extract_2026-10-04\AssetClosure\ByArchive\patch-6.MPQ\WORLD\Expansion06\Doodads\Murloc\7MU_MURLOC_CRATE0200.skin
1,patch-6.MPQ,WORLD\Expansion06\Doodads\Murloc\7MU_MURLOC_CRATE0300.skin,m2-skin-profile,WORLD\Expansion06\Doodads\Murloc\7MU_MURLOC_CRATE03.M2,2096,82CCAEE2F66E5BDA2E9B436283C4595B8876B7D7,D:\Sirus\_client\World of Warcraft Sirus\Risen_Depths_Extract_2026-10-04\AssetClosure\ByArchive\patch-6.MPQ\WORLD\Expansion06\Doodads\Murloc\7MU_MURLOC_CRATE0300.skin
1,patch-6.MPQ,WORLD\Expansion06\Doodads\Murloc\7MU_MURLOC_CRATE_DESTROYED00.skin,m2-skin-profile,WORLD\Expansion06\Doodads\Murloc\7MU_MURLOC_CRATE_DESTROYED.M2,2560,894194F51CE36DB0F0ED052C99DF62C73886B9AC,D:\Sirus\_client\World of Warcraft Sirus\Risen_Depths_Extract_2026-10-04\AssetClosure\ByArchive\patch-6.MPQ\WORLD\Expansion06\Doodads\Murloc\7MU_MURLOC_CRATE_DESTROYED00.skin
1,patch-6.MPQ,WORLD\Expansion06\Doodads\Murloc\7MU_MURLOC_FOOD_CRAB0100.skin,m2-skin-profile,WORLD\Expansion06\Doodads\Murloc\7MU_MURLOC_FOOD_CRAB01.M2,3728,DF077E01073D91BB877BC7E32C3796B93BBDBF9F,D:\Sirus\_client\World of Warcraft Sirus\Risen_Depths_Extract_2026-10-04\AssetClosure\ByArchive\patch-6.MPQ\WORLD\Expansion06\Doodads\Murloc\7MU_MURLOC_FOOD_CRAB0100.skin
1,patch-6.MPQ,WORLD\Expansion06\Doodads\Murloc\7MU_MURLOC_FOOD_FISH0100.skin,m2-skin-profile,WORLD\Expansion06\Doodads\Murloc\7MU_MURLOC_FOOD_FISH01.M2,2752,575474589ACDEB52AC46DCA2DCF653E9691CE5FD,D:\Sirus\_client\World of Warcraft Sirus\Risen_Depths_Extract_2026-10-04\AssetClosure\ByArchive\patch-6.MPQ\WORLD\Expansion06\Doodads\Murloc\7MU_MURLOC_FOOD_FISH0100.skin
1,patch-6.MPQ,WORLD\Expansion06\Doodads\Murloc\7MU_MURLOC_FOOD_SPEAR0100.skin,m2-skin-profile,WORLD\Expansion06\Doodads\Murloc\7MU_MURLOC_FOOD_SPEAR01.M2,5552,AD552FCEC06AA257CD1AEA03AD295129EA166A58,D:\Sirus\_client\World of Warcraft Sirus\Risen_Depths_Extract_2026-10-04\AssetClosure\ByArchive\patch-6.MPQ\WORLD\Expansion06\Doodads\Murloc\7MU_MURLOC_FOOD_SPEAR0100.skin
1,patch-6.MPQ,WORLD\Expansion06\Doodads\Murloc\7MU_MURLOC_FOOD_SPEAR0200.skin,m2-skin-profile,WORLD\Expansion06\Doodads\Murloc\7MU_MURLOC_FOOD_SPEAR02.M2,4016,195A2B4696949777997104C5BD950FEF522B8B8B,D:\Sirus\_client\World of Warcraft Sirus\Risen_Depths_Extract_2026-10-04\AssetClosure\ByArchive\patch-6.MPQ\WORLD\Expansion06\Doodads\Murloc\7MU_MURLOC_FOOD_SPEAR0200.skin
1,patch-6.MPQ,WORLD\Expansion06\Doodads\Murloc\7MU_MURLOC_HANGINGTRINKET0100.skin,m2-skin-profile,WORLD\Expansion06\Doodads\Murloc\7MU_MURLOC_HANGINGTRINKET01.M2,2208,2C0768E4EB9FFBABFD043DA513CA95AC12ABD741,D:\Sirus\_client\World of Warcraft Sirus\Risen_Depths_Extract_2026-10-04\AssetClosure\ByArchive\patch-6.MPQ\WORLD\Expansion06\Doodads\Murloc\7MU_MURLOC_HANGINGTRINKET0100.skin
1,patch-6.MPQ,WORLD\Expansion06\Doodads\Murloc\7MU_MURLOC_LOOT0100.skin,m2-skin-profile,WORLD\Expansion06\Doodads\Murloc\7MU_MURLOC_LOOT01.M2,1480,2917D5BAC3F3065EC6D14F9EB5F98F84301D5D72,D:\Sirus\_client\World of Warcraft Sirus\Risen_Depths_Extract_2026-10-04\AssetClosure\ByArchive\patch-6.MPQ\WORLD\Expansion06\Doodads\Murloc\7MU_MURLOC_LOOT0100.skin
1,patch-6.MPQ,WORLD\Expansion06\Doodads\Murloc\7MU_MURLOC_LOOT0200.skin,m2-skin-profile,WORLD\Expansion06\Doodads\Murloc\7MU_MURLOC_LOOT02.M2,2616,4BB53DD3E59A055CAE8742BD3D8B6C54BFB86853,D:\Sirus\_client\World of Warcraft Sirus\Risen_Depths_Extract_2026-10-04\AssetClosure\ByArchive\patch-6.MPQ\WORLD\Expansion06\Doodads\Murloc\7MU_MURLOC_LOOT0200.skin
1,patch-6.MPQ,WORLD\Expansion06\Doodads\Murloc\7MU_MURLOC_LOOT0300.skin,m2-skin-profile,WORLD\Expansion06\Doodads\Murloc\7MU_MURLOC_LOOT03.M2,2568,AA8A5E1CE2E688E39BCDF488BB219AC896D664D9,D:\Sirus\_client\World of Warcraft Sirus\Risen_Depths_Extract_2026-10-04\AssetClosure\ByArchive\patch-6.MPQ\WORLD\Expansion06\Doodads\Murloc\7MU_MURLOC_LOOT0300.skin
1,patch-6.MPQ,WORLD\Expansion06\Doodads\Murloc\7MU_MURLOC_LOOT0400.skin,m2-skin-profile,WORLD\Expansion06\Doodads\Murloc\7MU_MURLOC_LOOT04.M2,2120,8FFE75202A173480D8AEE75D2C8DBDA9512777BC,D:\Sirus\_client\World of Warcraft Sirus\Risen_Depths_Extract_2026-10-04\AssetClosure\ByArchive\patch-6.MPQ\WORLD\Expansion06\Doodads\Murloc\7MU_MURLOC_LOOT0400.skin
1,patch-6.MPQ,WORLD\Expansion06\Doodads\Murloc\7MU_MURLOC_LOOT0500.skin,m2-skin-profile,WORLD\Expansion06\Doodads\Murloc\7MU_MURLOC_LOOT05.M2,2712,1DF5FCB82A97D3772584740D0BB665BC77275D7D,D:\Sirus\_client\World of Warcraft Sirus\Risen_Depths_Extract_2026-10-04\AssetClosure\ByArchive\patch-6.MPQ\WORLD\Expansion06\Doodads\Murloc\7MU_MURLOC_LOOT0500.skin
1,patch-6.MPQ,WORLD\Expansion06\Doodads\Murloc\7MU_MURLOC_LOOT0600.skin,m2-skin-profile,WORLD\Expansion06\Doodads\Murloc\7MU_MURLOC_LOOT06.M2,2344,C52C16C57276722B420C757645AE3B2F53F15F7F,D:\Sirus\_client\World of Warcraft Sirus\Risen_Depths_Extract_2026-10-04\AssetClosure\ByArchive\patch-6.MPQ\WORLD\Expansion06\Doodads\Murloc\7MU_MURLOC_LOOT0600.skin
1,patch-6.MPQ,WORLD\Expansion06\Doodads\Murloc\7MU_MURLOC_LOOT0700.skin,m2-skin-profile,WORLD\Expansion06\Doodads\Murloc\7MU_MURLOC_LOOT07.M2,2568,D564896EB65E655BEF53954B1F7AE0DFD67947E8,D:\Sirus\_client\World of Warcraft Sirus\Risen_Depths_Extract_2026-10-04\AssetClosure\ByArchive\patch-6.MPQ\WORLD\Expansion06\Doodads\Murloc\7MU_MURLOC_LOOT0700.skin
1,patch-6.MPQ,WORLD\Expansion06\Doodads\Murloc\7MU_MURLOC_LOOT_PILE0100.skin,m2-skin-profile,WORLD\Expansion06\Doodads\Murloc\7MU_MURLOC_LOOT_PILE01.M2,5080,C4BA35FB6A8B150977160D49D1A800A90A6A1B8C,D:\Sirus\_client\World of Warcraft Sirus\Risen_Depths_Extract_2026-10-04\AssetClosure\ByArchive\patch-6.MPQ\WORLD\Expansion06\Doodads\Murloc\7MU_MURLOC_LOOT_PILE0100.skin
1,patch-6.MPQ,WORLD\Expansion06\Doodads\Murloc\7MU_MURLOC_LOOT_PILE0200.skin,m2-skin-profile,WORLD\Expansion06\Doodads\Murloc\7MU_MURLOC_LOOT_PILE02.M2,6920,4B2FB408CED59B3A46E451634A618E54517CF6FF,D:\Sirus\_client\World of Warcraft Sirus\Risen_Depths_Extract_2026-10-04\AssetClosure\ByArchive\patch-6.MPQ\WORLD\Expansion06\Doodads\Murloc\7MU_MURLOC_LOOT_PILE0200.skin
1,patch-6.MPQ,WORLD\Expansion06\Doodads\Murloc\7MU_MURLOC_LOOT_PILE0300.skin,m2-skin-profile,WORLD\Expansion06\Doodads\Murloc\7MU_MURLOC_LOOT_PILE03.M2,9000,8C18256E32C5328D733005E2AD84DC19C396AD5E,D:\Sirus\_client\World of Warcraft Sirus\Risen_Depths_Extract_2026-10-04\AssetClosure\ByArchive\patch-6.MPQ\WORLD\Expansion06\Doodads\Murloc\7MU_MURLOC_LOOT_PILE0300.skin
1,patch-6.MPQ,WORLD\Expansion06\Doodads\Murloc\7MU_MURLOC_TOOL_AXE00.skin,m2-skin-profile,WORLD\Expansion06\Doodads\Murloc\7MU_MURLOC_TOOL_AXE.M2,2400,9B8861BB972A245C650F9B1D89D10F8304DAF16A,D:\Sirus\_client\World of Warcraft Sirus\Risen_Depths_Extract_2026-10-04\AssetClosure\ByArchive\patch-6.MPQ\WORLD\Expansion06\Doodads\Murloc\7MU_MURLOC_TOOL_AXE00.skin
1,patch-6.MPQ,WORLD\Expansion06\Doodads\Murloc\7MU_MURLOC_TOOL_PICK00.skin,m2-skin-profile,WORLD\Expansion06\Doodads\Murloc\7MU_MURLOC_TOOL_PICK.M2,1824,AFD9DB4AD146299B83FF41DB6AE05F4FBA49792F,D:\Sirus\_client\World of Warcraft Sirus\Risen_Depths_Extract_2026-10-04\AssetClosure\ByArchive\patch-6.MPQ\WORLD\Expansion06\Doodads\Murloc\7MU_MURLOC_TOOL_PICK00.skin
1,patch-6.MPQ,WORLD\Expansion06\Doodads\Murloc\7MU_MURLOC_WEAPON0200.skin,m2-skin-profile,WORLD\Expansion06\Doodads\Murloc\7MU_MURLOC_WEAPON02.M2,2560,97EF9B4A9178FAFE2AB260565475907A519F9E61,D:\Sirus\_client\World of Warcraft Sirus\Risen_Depths_Extract_2026-10-04\AssetClosure\ByArchive\patch-6.MPQ\WORLD\Expansion06\Doodads\Murloc\7MU_MURLOC_WEAPON0200.skin
1,patch-6.MPQ,WORLD\Expansion06\Doodads\Murloc\7MU_MURLOC_WEAPON0300.skin,m2-skin-profile,WORLD\Expansion06\Doodads\Murloc\7MU_MURLOC_WEAPON03.M2,1984,4C8A22159D5F228875F5CD2C48F74F97DE6370A5,D:\Sirus\_client\World of Warcraft Sirus\Risen_Depths_Extract_2026-10-04\AssetClosure\ByArchive\patch-6.MPQ\WORLD\Expansion06\Doodads\Murloc\7MU_MURLOC_WEAPON0300.skin
1,patch-6.MPQ,WORLD\Expansion06\Doodads\Murloc\7MU_MURLOC_WEAPON0400.skin,m2-skin-profile,WORLD\Expansion06\Doodads\Murloc\7MU_MURLOC_WEAPON04.M2,3360,0F1DF5249C59DC22925982EC85E1E59F0D9B0942,D:\Sirus\_client\World of Warcraft Sirus\Risen_Depths_Extract_2026-10-04\AssetClosure\ByArchive\patch-6.MPQ\WORLD\Expansion06\Doodads\Murloc\7MU_MURLOC_WEAPON0400.skin
1,patch-6.MPQ,WORLD\Expansion06\Doodads\Murloc\7MU_MURLOC_WEAPON0500.skin,m2-skin-profile,WORLD\Expansion06\Doodads\Murloc\7MU_MURLOC_WEAPON05.M2,1552,1E10034D215A69E3E4002DCBEA202FF5E52D5EDB,D:\Sirus\_client\World of Warcraft Sirus\Risen_Depths_Extract_2026-10-04\AssetClosure\ByArchive\patch-6.MPQ\WORLD\Expansion06\Doodads\Murloc\7MU_MURLOC_WEAPON0500.skin
1,patch-6.MPQ,WORLD\Expansion06\Doodads\Murloc\7MU_MURLOC_WEAPONRACK0400.skin,m2-skin-profile,WORLD\Expansion06\Doodads\Murloc\7MU_MURLOC_WEAPONRACK04.M2,7824,ECC449D1526CCF075CF7E39153F27CC13B94EA1B,D:\Sirus\_client\World of Warcraft Sirus\Risen_Depths_Extract_2026-10-04\AssetClosure\ByArchive\patch-6.MPQ\WORLD\Expansion06\Doodads\Murloc\7MU_MURLOC_WEAPONRACK0400.skin
1,patch-6.MPQ,WORLD\Expansion06\Doodads\Murloc\7MU_MURLOC_WEAPONRACK_EMPTY00.skin,m2-skin-profile,WORLD\Expansion06\Doodads\Murloc\7MU_MURLOC_WEAPONRACK_EMPTY.M2,5632,D958A8C0FAC24EB1B34E91F8C3A9570CA0E6498D,D:\Sirus\_client\World of Warcraft Sirus\Risen_Depths_Extract_2026-10-04\AssetClosure\ByArchive\patch-6.MPQ\WORLD\Expansion06\Doodads\Murloc\7MU_MURLOC_WEAPONRACK_EMPTY00.skin
1,patch-6.MPQ,WORLD\Expansion06\Doodads\Naga\7NG_NAGA_GLAIVE00.skin,m2-skin-profile,WORLD\Expansion06\Doodads\Naga\7NG_NAGA_GLAIVE.M2,2184,698F270C5F61669429AEF42AE5F08E7C74ABD758,D:\Sirus\_client\World of Warcraft Sirus\Risen_Depths_Extract_2026-10-04\AssetClosure\ByArchive\patch-6.MPQ\WORLD\Expansion06\Doodads\Naga\7NG_NAGA_GLAIVE00.skin
1,patch-6.MPQ,WORLD\Expansion06\Doodads\Naga\7NG_NAGA_SHIELD00.skin,m2-skin-profile,WORLD\Expansion06\Doodads\Naga\7NG_NAGA_SHIELD.M2,1992,37A483DBF4B925E773477CEF9F8860C0BF155C5A,D:\Sirus\_client\World of Warcraft Sirus\Risen_Depths_Extract_2026-10-04\AssetClosure\ByArchive\patch-6.MPQ\WORLD\Expansion06\Doodads\Naga\7NG_NAGA_SHIELD00.skin
1,patch-6.MPQ,World\Expansion06\Doodads\Naga\7ng_naga_shield.blp,m2-embedded-path,WORLD\Expansion06\Doodads\Naga\7NG_NAGA_SHIELD.M2,44900,F6561B781C1298CBAC8D86BBC51412C9F56AE0D2,D:\Sirus\_client\World of Warcraft Sirus\Risen_Depths_Extract_2026-10-04\AssetClosure\ByArchive\patch-6.MPQ\World\Expansion06\Doodads\Naga\7ng_naga_shield.blp
1,patch-6.MPQ,WORLD\Expansion06\Doodads\Naga\7NG_NAGA_TRIDENT0200.skin,m2-skin-profile,WORLD\Expansion06\Doodads\Naga\7NG_NAGA_TRIDENT02.M2,3048,6042BD86CFEB1F9D1065528C44E4370C651E1117,D:\Sirus\_client\World of Warcraft Sirus\Risen_Depths_Extract_2026-10-04\AssetClosure\ByArchive\patch-6.MPQ\WORLD\Expansion06\Doodads\Naga\7NG_NAGA_TRIDENT0200.skin
1,patch-6.MPQ,WORLD\Expansion06\Doodads\Naga\7NG_NAGA_WEAPONRACK03EMPTY00.skin,m2-skin-profile,WORLD\Expansion06\Doodads\Naga\7NG_NAGA_WEAPONRACK03EMPTY.M2,9192,E831908B6F3E42B00600D5C769E93FC8A88CB9B9,D:\Sirus\_client\World of Warcraft Sirus\Risen_Depths_Extract_2026-10-04\AssetClosure\ByArchive\patch-6.MPQ\WORLD\Expansion06\Doodads\Naga\7NG_NAGA_WEAPONRACK03EMPTY00.skin
1,patch-6.MPQ,WORLD\Expansion06\Doodads\Vrykul\7VR_VRYKUL_ALTAR0100.skin,m2-skin-profile,WORLD\Expansion06\Doodads\Vrykul\7VR_VRYKUL_ALTAR01.M2,19584,B7463EE29042E80B75766EBDFB5881C599E11552,D:\Sirus\_client\World of Warcraft Sirus\Risen_Depths_Extract_2026-10-04\AssetClosure\ByArchive\patch-6.MPQ\WORLD\Expansion06\Doodads\Vrykul\7VR_VRYKUL_ALTAR0100.skin
1,patch-6.MPQ,World\Expansion06\Doodads\Vrykul\7vr_vrykul_altar_g.blp,m2-embedded-path,WORLD\Expansion06\Doodads\Vrykul\7VR_VRYKUL_ALTAR01.M2,44876,A5741B8F8E2FCF78BE0E33750C98FDB8EF5E6E01,D:\Sirus\_client\World of Warcraft Sirus\Risen_Depths_Extract_2026-10-04\AssetClosure\ByArchive\patch-6.MPQ\World\Expansion06\Doodads\Vrykul\7vr_vrykul_altar_g.blp
1,patch-6.MPQ,World\Expansion06\Doodads\Vrykul\Arcane_Wisps_Desat_04.blp,m2-embedded-path,WORLD\Expansion06\Doodads\Vrykul\7VR_VRYKUL_ALTAR01.M2,88580,AEEEE2A8FD0D7F22CEA59B1E54F2E6DF88AD6326,D:\Sirus\_client\World of Warcraft Sirus\Risen_Depths_Extract_2026-10-04\AssetClosure\ByArchive\patch-6.MPQ\World\Expansion06\Doodads\Vrykul\Arcane_Wisps_Desat_04.blp
1,patch-6.MPQ,World\Expansion06\Doodads\Vrykul\7vr_vrykul_altar.blp,m2-embedded-path,WORLD\Expansion06\Doodads\Vrykul\7VR_VRYKUL_ALTAR01.M2,700236,EC4FA870505E1BADA09BD8E7405249E1FE43DA03,D:\Sirus\_client\World of Warcraft Sirus\Risen_Depths_Extract_2026-10-04\AssetClosure\ByArchive\patch-6.MPQ\World\Expansion06\Doodads\Vrykul\7vr_vrykul_altar.blp
1,patch-6.MPQ,World\Expansion06\Doodads\Vrykul\T_VFX_FIRE_ANIM02_128_Full_DESAT_Blue.blp,m2-embedded-path,WORLD\Expansion06\Doodads\Vrykul\7VR_VRYKUL_ALTAR01.M2,88580,EA9A56F3021781D627BCF09C3E67E9C81026D0A3,D:\Sirus\_client\World of Warcraft Sirus\Risen_Depths_Extract_2026-10-04\AssetClosure\ByArchive\patch-6.MPQ\World\Expansion06\Doodads\Vrykul\T_VFX_FIRE_ANIM02_128_Full_DESAT_Blue.blp
1,patch-6.MPQ,WORLD\Expansion06\Doodads\Vrykul\7VR_VRYKUL_BONE0100.skin,m2-skin-profile,WORLD\Expansion06\Doodads\Vrykul\7VR_VRYKUL_BONE01.M2,3472,44DBD288FB674D8063A961D32BE495E84AD73600,D:\Sirus\_client\World of Warcraft Sirus\Risen_Depths_Extract_2026-10-04\AssetClosure\ByArchive\patch-6.MPQ\WORLD\Expansion06\Doodads\Vrykul\7VR_VRYKUL_BONE0100.skin
1,patch-6.MPQ,WORLD\Expansion06\Doodads\Vrykul\7VR_VRYKUL_BOWL0100.skin,m2-skin-profile,WORLD\Expansion06\Doodads\Vrykul\7VR_VRYKUL_BOWL01.M2,4776,AE8C4F5F0D51B07E5CEA0787B77A11C0FDCE1F18,D:\Sirus\_client\World of Warcraft Sirus\Risen_Depths_Extract_2026-10-04\AssetClosure\ByArchive\patch-6.MPQ\WORLD\Expansion06\Doodads\Vrykul\7VR_VRYKUL_BOWL0100.skin
1,patch-6.MPQ,World\Expansion06\Doodads\Vrykul\7vr_vrykul_weaponrack02.blp,m2-embedded-path,WORLD\Expansion06\Doodads\Vrykul\7VR_VRYKUL_BOWL01.M2 | WORLD\Expansion06\Doodads\Vrykul\7VR_VRYKUL_BOWL03.M2 | WORLD\Expansion06\Doodads\Vrykul\7VR_VRYKUL_GRAVEPROP01.M2 | WORLD\Expansion06\Doodads\Vrykul\7VR_VRYKUL_GRAVEPROP02.M2 | WORLD\Expansion06\Doodads\Vrykul\7VR_VRYKUL_GRAVEPROP03.M2 | WORLD\Expansion06\Doodads\Vrykul\7VR_VRYKUL_GRAVEPROP04.M2 | WORLD\Expansion06\Doodads\Vrykul\7VR_VRYKUL_GRAVEPROP05.M2,350724,575DDA403B6CB9E1934BBB64CC805016B1374BCD,D:\Sirus\_client\World of Warcraft Sirus\Risen_Depths_Extract_2026-10-04\AssetClosure\ByArchive\patch-6.MPQ\World\Expansion06\Doodads\Vrykul\7vr_vrykul_weaponrack02.blp
1,patch-6.MPQ,World\Expansion06\Doodads\Vrykul\7vr_Vrykul_OfferingBowl.blp,m2-embedded-path,WORLD\Expansion06\Doodads\Vrykul\7VR_VRYKUL_BOWL01.M2,44876,20D0A4F2A5820E16000F2033264902569551A1A4,D:\Sirus\_client\World of Warcraft Sirus\Risen_Depths_Extract_2026-10-04\AssetClosure\ByArchive\patch-6.MPQ\World\Expansion06\Doodads\Vrykul\7vr_Vrykul_OfferingBowl.blp
1,patch-6.MPQ,WORLD\Expansion06\Doodads\Vrykul\7VR_VRYKUL_BOWL0300.skin,m2-skin-profile,WORLD\Expansion06\Doodads\Vrykul\7VR_VRYKUL_BOWL03.M2,5048,D5494F5EEE5A641A3B3FA5E31C69A168E7E8EC48,D:\Sirus\_client\World of Warcraft Sirus\Risen_Depths_Extract_2026-10-04\AssetClosure\ByArchive\patch-6.MPQ\WORLD\Expansion06\Doodads\Vrykul\7VR_VRYKUL_BOWL0300.skin
1,patch-6.MPQ,World\Expansion06\Doodads\Vrykul\7vr_Vrykul_Trinkets.blp,m2-embedded-path,WORLD\Expansion06\Doodads\Vrykul\7VR_VRYKUL_BOWL03.M2,88572,205493073135F4EEBF162772B5D398ADCE564337,D:\Sirus\_client\World of Warcraft Sirus\Risen_Depths_Extract_2026-10-04\AssetClosure\ByArchive\patch-6.MPQ\World\Expansion06\Doodads\Vrykul\7vr_Vrykul_Trinkets.blp
1,patch-6.MPQ,WORLD\Expansion06\Doodads\Vrykul\7VR_VRYKUL_GRAVEPROP0100.skin,m2-skin-profile,WORLD\Expansion06\Doodads\Vrykul\7VR_VRYKUL_GRAVEPROP01.M2,1800,28BD461605A0F3FB0E547E60B95EFFAF698CB3FD,D:\Sirus\_client\World of Warcraft Sirus\Risen_Depths_Extract_2026-10-04\AssetClosure\ByArchive\patch-6.MPQ\WORLD\Expansion06\Doodads\Vrykul\7VR_VRYKUL_GRAVEPROP0100.skin
1,patch-6.MPQ,WORLD\Expansion06\Doodads\Vrykul\7VR_VRYKUL_GRAVEPROP0200.skin,m2-skin-profile,WORLD\Expansion06\Doodads\Vrykul\7VR_VRYKUL_GRAVEPROP02.M2,1144,2767382873C2C509EE7696CAAF0275F0E2467DF9,D:\Sirus\_client\World of Warcraft Sirus\Risen_Depths_Extract_2026-10-04\AssetClosure\ByArchive\patch-6.MPQ\WORLD\Expansion06\Doodads\Vrykul\7VR_VRYKUL_GRAVEPROP0200.skin
1,patch-6.MPQ,WORLD\Expansion06\Doodads\Vrykul\7VR_VRYKUL_GRAVEPROP0300.skin,m2-skin-profile,WORLD\Expansion06\Doodads\Vrykul\7VR_VRYKUL_GRAVEPROP03.M2,1320,78941C52292431EA8DAA3459C4D0D56924F22186,D:\Sirus\_client\World of Warcraft Sirus\Risen_Depths_Extract_2026-10-04\AssetClosure\ByArchive\patch-6.MPQ\WORLD\Expansion06\Doodads\Vrykul\7VR_VRYKUL_GRAVEPROP0300.skin
1,patch-6.MPQ,WORLD\Expansion06\Doodads\Vrykul\7VR_VRYKUL_GRAVEPROP0400.skin,m2-skin-profile,WORLD\Expansion06\Doodads\Vrykul\7VR_VRYKUL_GRAVEPROP04.M2,3192,94E6D0590CA2C859001E251A48ECB9CCD3647190,D:\Sirus\_client\World of Warcraft Sirus\Risen_Depths_Extract_2026-10-04\AssetClosure\ByArchive\patch-6.MPQ\WORLD\Expansion06\Doodads\Vrykul\7VR_VRYKUL_GRAVEPROP0400.skin
1,patch-6.MPQ,WORLD\Expansion06\Doodads\Vrykul\7VR_VRYKUL_GRAVEPROP0500.skin,m2-skin-profile,WORLD\Expansion06\Doodads\Vrykul\7VR_VRYKUL_GRAVEPROP05.M2,1208,67703E4D6671DA23C477FC6FB7E5AADF0418CA36,D:\Sirus\_client\World of Warcraft Sirus\Risen_Depths_Extract_2026-10-04\AssetClosure\ByArchive\patch-6.MPQ\WORLD\Expansion06\Doodads\Vrykul\7VR_VRYKUL_GRAVEPROP0500.skin
1,patch-6.MPQ,WORLD\Expansion06\Doodads\Vrykul\7VR_VRYKUL_RITUALROCKS00.skin,m2-skin-profile,WORLD\Expansion06\Doodads\Vrykul\7VR_VRYKUL_RITUALROCKS.M2,1776,93E5EAD0DDC184ADC0B763FFFB0E1B6F62F4E7EB,D:\Sirus\_client\World of Warcraft Sirus\Risen_Depths_Extract_2026-10-04\AssetClosure\ByArchive\patch-6.MPQ\WORLD\Expansion06\Doodads\Vrykul\7VR_VRYKUL_RITUALROCKS00.skin
1,patch-6.MPQ,World\Expansion06\Doodads\Vrykul\trinkets.blp,m2-embedded-path,WORLD\Expansion06\Doodads\Vrykul\7VR_VRYKUL_RITUALROCKS.M2,44876,84A89E79DB18E3AE3B44B07476A41FC265476F99,D:\Sirus\_client\World of Warcraft Sirus\Risen_Depths_Extract_2026-10-04\AssetClosure\ByArchive\patch-6.MPQ\World\Expansion06\Doodads\Vrykul\trinkets.blp
1,patch-6.MPQ,WORLD\Expansion06\Doodads\Vrykul\7VR_VRYKUL_SHIELD0100.skin,m2-skin-profile,WORLD\Expansion06\Doodads\Vrykul\7VR_VRYKUL_SHIELD01.M2,1032,F6EE5FD23FEEDB1D364EC8EFB930D6EC28296AD6,D:\Sirus\_client\World of Warcraft Sirus\Risen_Depths_Extract_2026-10-04\AssetClosure\ByArchive\patch-6.MPQ\WORLD\Expansion06\Doodads\Vrykul\7VR_VRYKUL_SHIELD0100.skin
1,patch-6.MPQ,World\Expansion06\Doodads\Vrykul\7vr_Vrykul_banner.blp,m2-embedded-path,WORLD\Expansion06\Doodads\Vrykul\7VR_VRYKUL_SHIELD01.M2,1399300,6B1E2738D5C1C223741E8CC6028B63A52FF81463,D:\Sirus\_client\World of Warcraft Sirus\Risen_Depths_Extract_2026-10-04\AssetClosure\ByArchive\patch-6.MPQ\World\Expansion06\Doodads\Vrykul\7vr_Vrykul_banner.blp
1,patch-6.MPQ,WORLD\Expansion06\Doodads\Vrykul\7VR_VRYKUL_SHIELD0400.skin,m2-skin-profile,WORLD\Expansion06\Doodads\Vrykul\7VR_VRYKUL_SHIELD04.M2,712,41A73E9D0C09DE26CF2F28F405AF62C663A66D50,D:\Sirus\_client\World of Warcraft Sirus\Risen_Depths_Extract_2026-10-04\AssetClosure\ByArchive\patch-6.MPQ\WORLD\Expansion06\Doodads\Vrykul\7VR_VRYKUL_SHIELD0400.skin
1,patch-6.MPQ,World\Expansion06\Doodads\Vrykul\7vr_vrykul_shield04.blp,m2-embedded-path,WORLD\Expansion06\Doodads\Vrykul\7VR_VRYKUL_SHIELD04.M2,88580,D22792068D496B4F43B271DE49311E6B6E77E3A3,D:\Sirus\_client\World of Warcraft Sirus\Risen_Depths_Extract_2026-10-04\AssetClosure\ByArchive\patch-6.MPQ\World\Expansion06\Doodads\Vrykul\7vr_vrykul_shield04.blp
1,patch-6.MPQ,WORLD\Expansion06\Doodads\Vrykul\7VR_VRYKUL_WEAPON0100.skin,m2-skin-profile,WORLD\Expansion06\Doodads\Vrykul\7VR_VRYKUL_WEAPON01.M2,712,9841905914D5CAB6E774E81A4537CB26F57A5A3F,D:\Sirus\_client\World of Warcraft Sirus\Risen_Depths_Extract_2026-10-04\AssetClosure\ByArchive\patch-6.MPQ\WORLD\Expansion06\Doodads\Vrykul\7VR_VRYKUL_WEAPON0100.skin
1,patch-6.MPQ,World\Expansion06\Doodads\Vrykul\7vr_Vrykul_weaponrack01.blp,m2-embedded-path,WORLD\Expansion06\Doodads\Vrykul\7VR_VRYKUL_WEAPON01.M2 | WORLD\Expansion06\Doodads\Vrykul\7VR_VRYKUL_WEAPON04.M2,350724,BED7C2611CE330E1628E0F2EE67529874E211DA7,D:\Sirus\_client\World of Warcraft Sirus\Risen_Depths_Extract_2026-10-04\AssetClosure\ByArchive\patch-6.MPQ\World\Expansion06\Doodads\Vrykul\7vr_Vrykul_weaponrack01.blp
1,patch-6.MPQ,WORLD\Expansion06\Doodads\Vrykul\7VR_VRYKUL_WEAPON0400.skin,m2-skin-profile,WORLD\Expansion06\Doodads\Vrykul\7VR_VRYKUL_WEAPON04.M2,1624,53070443BD70FD8D29C691899FDEBB4F6661B520,D:\Sirus\_client\World of Warcraft Sirus\Risen_Depths_Extract_2026-10-04\AssetClosure\ByArchive\patch-6.MPQ\WORLD\Expansion06\Doodads\Vrykul\7VR_VRYKUL_WEAPON0400.skin
1,patch-6.MPQ,WORLD\GENERIC\GOBLIN\PASSIVEDOODADS\FOOD\GOBLIN_BUCKETOFOOD_0100.skin,m2-skin-profile,WORLD\GENERIC\GOBLIN\PASSIVEDOODADS\FOOD\GOBLIN_BUCKETOFOOD_01.m2,8856,0ACD5A3FC7050B64D93EC00445C908A89EF459EE,D:\Sirus\_client\World of Warcraft Sirus\Risen_Depths_Extract_2026-10-04\AssetClosure\ByArchive\patch-6.MPQ\WORLD\GENERIC\GOBLIN\PASSIVEDOODADS\FOOD\GOBLIN_BUCKETOFOOD_0100.skin
1,patch-6.MPQ,WORLD\GENERIC\GOBLIN\PASSIVEDOODADS\FOOD\GOBLIN_BUCKETOFOOD_0101.skin,m2-skin-profile,WORLD\GENERIC\GOBLIN\PASSIVEDOODADS\FOOD\GOBLIN_BUCKETOFOOD_01.m2,8984,FB365B266CE6EB7B5F222F55C69E20783C63BD26,D:\Sirus\_client\World of Warcraft Sirus\Risen_Depths_Extract_2026-10-04\AssetClosure\ByArchive\patch-6.MPQ\WORLD\GENERIC\GOBLIN\PASSIVEDOODADS\FOOD\GOBLIN_BUCKETOFOOD_0101.skin
1,patch-6.MPQ,WORLD\GENERIC\GOBLIN\PASSIVEDOODADS\FOOD\BOILING_BUBBLES_01.BLP,m2-embedded-path,WORLD\GENERIC\GOBLIN\PASSIVEDOODADS\FOOD\GOBLIN_BUCKETOFOOD_01.m2,6660,92E95725AB6F4A588FE83D378F1F6B7DF16FA596,D:\Sirus\_client\World of Warcraft Sirus\Risen_Depths_Extract_2026-10-04\AssetClosure\ByArchive\patch-6.MPQ\WORLD\GENERIC\GOBLIN\PASSIVEDOODADS\FOOD\BOILING_BUBBLES_01.BLP
1,patch-6.MPQ,WORLD\GENERIC\GOBLIN\PASSIVEDOODADS\FOOD\CLAMBUCKET.BLP,m2-embedded-path,WORLD\GENERIC\GOBLIN\PASSIVEDOODADS\FOOD\GOBLIN_BUCKETOFOOD_01.m2 | WORLD\GENERIC\GOBLIN\PASSIVEDOODADS\FOOD\GOBLIN_BUCKETOFOOD_02.m2,44900,0034714E3955D1F28B1E6C2CBAE4F40E89FA25E7,D:\Sirus\_client\World of Warcraft Sirus\Risen_Depths_Extract_2026-10-04\AssetClosure\ByArchive\patch-6.MPQ\WORLD\GENERIC\GOBLIN\PASSIVEDOODADS\FOOD\CLAMBUCKET.BLP
1,patch-6.MPQ,WORLD\GENERIC\GOBLIN\PASSIVEDOODADS\FOOD\POTREFLECT.BLP,m2-embedded-path,WORLD\GENERIC\GOBLIN\PASSIVEDOODADS\FOOD\GOBLIN_BUCKETOFOOD_01.m2,3916,06ABE279BBB9062A6330CD0586B55C3652EDC634,D:\Sirus\_client\World of Warcraft Sirus\Risen_Depths_Extract_2026-10-04\AssetClosure\ByArchive\patch-6.MPQ\WORLD\GENERIC\GOBLIN\PASSIVEDOODADS\FOOD\POTREFLECT.BLP
1,patch-6.MPQ,WORLD\GENERIC\HUMAN\PASSIVE DOODADS\STORMWIND\STORMWIND_FOUNTAINWATER_01.BLP,m2-embedded-path,WORLD\GENERIC\GOBLIN\PASSIVEDOODADS\FOOD\GOBLIN_BUCKETOFOOD_01.m2,88580,E75FFB71EDBF35B2898A1B5D39F846A3C22592D0,D:\Sirus\_client\World of Warcraft Sirus\Risen_Depths_Extract_2026-10-04\AssetClosure\ByArchive\patch-6.MPQ\WORLD\GENERIC\HUMAN\PASSIVE DOODADS\STORMWIND\STORMWIND_FOUNTAINWATER_01.BLP
1,patch-6.MPQ,WORLD\EXPANSION03\DOODADS\LOSTISLES\WATERFALLS\LOSTISLES_WATERFALLALPHA02.BLP,m2-embedded-path,WORLD\GENERIC\GOBLIN\PASSIVEDOODADS\FOOD\GOBLIN_BUCKETOFOOD_01.m2,23044,2C028B387F6DC46923F41158F88F49436C5EE333,D:\Sirus\_client\World of Warcraft Sirus\Risen_Depths_Extract_2026-10-04\AssetClosure\ByArchive\patch-6.MPQ\WORLD\EXPANSION03\DOODADS\LOSTISLES\WATERFALLS\LOSTISLES_WATERFALLALPHA02.BLP
1,patch-6.MPQ,WORLD\GENERIC\GOBLIN\PASSIVEDOODADS\FOOD\LOBSTER.BLP,m2-embedded-path,WORLD\GENERIC\GOBLIN\PASSIVEDOODADS\FOOD\GOBLIN_BUCKETOFOOD_01.m2,88580,F03073E9B502811519B857E936550D22C5F1300E,D:\Sirus\_client\World of Warcraft Sirus\Risen_Depths_Extract_2026-10-04\AssetClosure\ByArchive\patch-6.MPQ\WORLD\GENERIC\GOBLIN\PASSIVEDOODADS\FOOD\LOBSTER.BLP
1,patch-6.MPQ,WORLD\GENERIC\GOBLIN\PASSIVEDOODADS\FOOD\GOBLIN_BUCKETOFOOD_0200.skin,m2-skin-profile,WORLD\GENERIC\GOBLIN\PASSIVEDOODADS\FOOD\GOBLIN_BUCKETOFOOD_02.m2,5296,BC02EECC4B7DFCD8D9F82F71514535878877CA0C,D:\Sirus\_client\World of Warcraft Sirus\Risen_Depths_Extract_2026-10-04\AssetClosure\ByArchive\patch-6.MPQ\WORLD\GENERIC\GOBLIN\PASSIVEDOODADS\FOOD\GOBLIN_BUCKETOFOOD_0200.skin
1,patch-6.MPQ,WORLD\GENERIC\GOBLIN\PASSIVEDOODADS\FOOD\CLAMPILE.BLP,m2-embedded-path,WORLD\GENERIC\GOBLIN\PASSIVEDOODADS\FOOD\GOBLIN_BUCKETOFOOD_02.m2,44876,C5E3339A3D396BFC5DB781891331697BB1710430,D:\Sirus\_client\World of Warcraft Sirus\Risen_Depths_Extract_2026-10-04\AssetClosure\ByArchive\patch-6.MPQ\WORLD\GENERIC\GOBLIN\PASSIVEDOODADS\FOOD\CLAMPILE.BLP
1,patch-6.MPQ,WORLD\GENERIC\GOBLIN\PASSIVEDOODADS\KEZAN\ITEMS\GOBLIN_CAN_STACK_0100.skin,m2-skin-profile,WORLD\GENERIC\GOBLIN\PASSIVEDOODADS\KEZAN\ITEMS\GOBLIN_CAN_STACK_01.m2,3328,2ADC724EB460E7B8CBC67F0601E93CF0696C6D79,D:\Sirus\_client\World of Warcraft Sirus\Risen_Depths_Extract_2026-10-04\AssetClosure\ByArchive\patch-6.MPQ\WORLD\GENERIC\GOBLIN\PASSIVEDOODADS\KEZAN\ITEMS\GOBLIN_CAN_STACK_0100.skin
1,patch-6.MPQ,WORLD\NODXT\DETAIL\GOBLIN_DRINK_03.BLP,m2-embedded-path,WORLD\GENERIC\GOBLIN\PASSIVEDOODADS\KEZAN\ITEMS\GOBLIN_CAN_STACK_01.m2,44876,791A2F603780AD93BCC71E9C4964B7A92C40D389,D:\Sirus\_client\World of Warcraft Sirus\Risen_Depths_Extract_2026-10-04\AssetClosure\ByArchive\patch-6.MPQ\WORLD\NODXT\DETAIL\GOBLIN_DRINK_03.BLP
1,patch-6.MPQ,WORLD\GENERIC\GOBLIN\PASSIVEDOODADS\LOSTISLES\GOBLIN_CRATE_0200.skin,m2-skin-profile,WORLD\GENERIC\GOBLIN\PASSIVEDOODADS\LOSTISLES\GOBLIN_CRATE_02.m2,2624,EE8E5A294AA49C5E110216046BA4104D9DCC846F,D:\Sirus\_client\World of Warcraft Sirus\Risen_Depths_Extract_2026-10-04\AssetClosure\ByArchive\patch-6.MPQ\WORLD\GENERIC\GOBLIN\PASSIVEDOODADS\LOSTISLES\GOBLIN_CRATE_0200.skin
1,patch-6.MPQ,WORLD\GENERIC\GOBLIN\PASSIVEDOODADS\KEZAN\TENTS\GOBLIN_LIGHTGLOBE_01.BLP,m2-embedded-path,WORLD\GENERIC\GOBLIN\PASSIVEDOODADS\LOSTISLES\GOBLIN_CRATE_02.m2,175948,59DE385DF151109B5FD80A68F996544661FBB4DE,D:\Sirus\_client\World of Warcraft Sirus\Risen_Depths_Extract_2026-10-04\AssetClosure\ByArchive\patch-6.MPQ\WORLD\GENERIC\GOBLIN\PASSIVEDOODADS\KEZAN\TENTS\GOBLIN_LIGHTGLOBE_01.BLP
1,patch-6.MPQ,WORLD\GENERIC\GOBLIN\PASSIVEDOODADS\LOSTISLES\GOBLIN_CRATE.BLP,m2-embedded-path,WORLD\GENERIC\GOBLIN\PASSIVEDOODADS\LOSTISLES\GOBLIN_CRATE_02.m2,175948,B4F7372C7EE97C0010D39CF6DA2FD8466830213A,D:\Sirus\_client\World of Warcraft Sirus\Risen_Depths_Extract_2026-10-04\AssetClosure\ByArchive\patch-6.MPQ\WORLD\GENERIC\GOBLIN\PASSIVEDOODADS\LOSTISLES\GOBLIN_CRATE.BLP
1,patch-6.MPQ,WORLD\GENERIC\HUMAN\PASSIVE DOODADS\CRATES\STORMWINDCRATE_01.BLP,m2-embedded-path,WORLD\GENERIC\HUMAN\PASSIVE DOODADS\CRATES\STORMWINDCRATE01.m2,44876,CA73F47869108EF342F3A31D4BF3691B4E1C11D1,D:\Sirus\_client\World of Warcraft Sirus\Risen_Depths_Extract_2026-10-04\AssetClosure\ByArchive\patch-6.MPQ\WORLD\GENERIC\HUMAN\PASSIVE DOODADS\CRATES\STORMWINDCRATE_01.BLP
1,patch-6.MPQ,WORLD\GENERIC\ORC\PASSIVE DOODADS\BARRELSANDCRATES\ORCCRATE03_FLOATING00.skin,m2-skin-profile,WORLD\GENERIC\ORC\PASSIVE DOODADS\BARRELSANDCRATES\ORCCRATE03_FLOATING.m2,368,B064EACF5FDD3091B02077946BF33819D39B3BEC,D:\Sirus\_client\World of Warcraft Sirus\Risen_Depths_Extract_2026-10-04\AssetClosure\ByArchive\patch-6.MPQ\WORLD\GENERIC\ORC\PASSIVE DOODADS\BARRELSANDCRATES\ORCCRATE03_FLOATING00.skin
1,patch-6.MPQ,WORLD\GENERIC\PASSIVEDOODADS\FISH\FISH_REDFLOATER00.skin,m2-skin-profile,WORLD\GENERIC\PASSIVEDOODADS\FISH\FISH_REDFLOATER.m2,1584,A6A428F59B478869A5F7F1B6228E8BCEA068FF0A,D:\Sirus\_client\World of Warcraft Sirus\Risen_Depths_Extract_2026-10-04\AssetClosure\ByArchive\patch-6.MPQ\WORLD\GENERIC\PASSIVEDOODADS\FISH\FISH_REDFLOATER00.skin
1,patch-6.MPQ,World\Generic\PassiveDoodads\Fish\Fish_GoldCarp.blp,m2-embedded-path,WORLD\GENERIC\PASSIVEDOODADS\FISH\FISH_REDFLOATER.m2 | WORLD\GENERIC\PASSIVEDOODADS\FISH\FISH_REDFLOATER_02.m2,88580,AC8984A3C36934A5DE356AB634DED5DDE46FD755,D:\Sirus\_client\World of Warcraft Sirus\Risen_Depths_Extract_2026-10-04\AssetClosure\ByArchive\patch-6.MPQ\World\Generic\PassiveDoodads\Fish\Fish_GoldCarp.blp
1,patch-6.MPQ,WORLD\GENERIC\PASSIVEDOODADS\FISH\FISH_REF_ORANGE.BLP,m2-embedded-path,WORLD\GENERIC\PASSIVEDOODADS\FISH\FISH_REDFLOATER.m2 | WORLD\GENERIC\PASSIVEDOODADS\FISH\FISH_REDFLOATER_02.m2 | WORLD\GENERIC\PASSIVEDOODADS\FISH\FISH_YELLOWFLOATER.m2,3916,A3672F66424012511F51F1BDD59A1DD0A27B7A2A,D:\Sirus\_client\World of Warcraft Sirus\Risen_Depths_Extract_2026-10-04\AssetClosure\ByArchive\patch-6.MPQ\WORLD\GENERIC\PASSIVEDOODADS\FISH\FISH_REF_ORANGE.BLP
1,patch-6.MPQ,WORLD\GENERIC\PASSIVEDOODADS\FISH\FISH_REDFLOATER_0200.skin,m2-skin-profile,WORLD\GENERIC\PASSIVEDOODADS\FISH\FISH_REDFLOATER_02.m2,3008,0312754F4F81D7CCB2124B5BB38027AFA5BE1502,D:\Sirus\_client\World of Warcraft Sirus\Risen_Depths_Extract_2026-10-04\AssetClosure\ByArchive\patch-6.MPQ\WORLD\GENERIC\PASSIVEDOODADS\FISH\FISH_REDFLOATER_0200.skin
1,patch-6.MPQ,World\Generic\PassiveDoodads\Fish\Fish_GreenCarp.blp,m2-embedded-path,WORLD\GENERIC\PASSIVEDOODADS\FISH\FISH_REDFLOATER_02.m2,88580,5CDF2A60441DCDC26E9E74C3270761E320619427,D:\Sirus\_client\World of Warcraft Sirus\Risen_Depths_Extract_2026-10-04\AssetClosure\ByArchive\patch-6.MPQ\World\Generic\PassiveDoodads\Fish\Fish_GreenCarp.blp
1,patch-6.MPQ,WORLD\GENERIC\PASSIVEDOODADS\FISH\FISH_YELLOWFLOATER00.skin,m2-skin-profile,WORLD\GENERIC\PASSIVEDOODADS\FISH\FISH_YELLOWFLOATER.m2,1584,8DAE33BDFA2669798B235C120DE094672F5CC3E5,D:\Sirus\_client\World of Warcraft Sirus\Risen_Depths_Extract_2026-10-04\AssetClosure\ByArchive\patch-6.MPQ\WORLD\GENERIC\PASSIVEDOODADS\FISH\FISH_YELLOWFLOATER00.skin
1,patch-6.MPQ,World\Generic\PassiveDoodads\Fish\Fish_StripedCarp.blp,m2-embedded-path,WORLD\GENERIC\PASSIVEDOODADS\FISH\FISH_YELLOWFLOATER.m2,88580,3B0BA9C3210A63FE8515E0141575FD16D9AA7297,D:\Sirus\_client\World of Warcraft Sirus\Risen_Depths_Extract_2026-10-04\AssetClosure\ByArchive\patch-6.MPQ\World\Generic\PassiveDoodads\Fish\Fish_StripedCarp.blp
1,patch-6.MPQ,WORLD\GENERIC\PASSIVEDOODADS\AHNQIRAJ\WEAPONCRATE02.BLP,m2-embedded-path,WORLD\GENERIC\PASSIVEDOODADS\WEAPONCRATES\WEAPONCRATEHORDEAXEOPEN.m2,88580,D9717EFEEF27224DADF0B19676674EDAF117E06F,D:\Sirus\_client\World of Warcraft Sirus\Risen_Depths_Extract_2026-10-04\AssetClosure\ByArchive\patch-6.MPQ\WORLD\GENERIC\PASSIVEDOODADS\AHNQIRAJ\WEAPONCRATE02.BLP
1,patch-6.MPQ,World\Generic\PassiveDoodads\WeaponCrates\Axe_1H_Hatchet_A_01Crate.blp,m2-embedded-path,WORLD\GENERIC\PASSIVEDOODADS\WEAPONCRATES\WEAPONCRATEHORDEAXEOPEN.m2,6652,36D4D76D053B08101573B01B6A15E43C1A9276EC,D:\Sirus\_client\World of Warcraft Sirus\Risen_Depths_Extract_2026-10-04\AssetClosure\ByArchive\patch-6.MPQ\World\Generic\PassiveDoodads\WeaponCrates\Axe_1H_Hatchet_A_01Crate.blp
1,patch-6.MPQ,WORLD\GENERIC\PASSIVEDOODADS\WEAPONS\NAGA_TRIDENT_HORIZONTAL00.skin,m2-skin-profile,WORLD\GENERIC\PASSIVEDOODADS\WEAPONS\NAGA_TRIDENT_HORIZONTAL.m2,1856,9633A5EDD98E3E25DE12A46248B53941B1ACAA97,D:\Sirus\_client\World of Warcraft Sirus\Risen_Depths_Extract_2026-10-04\AssetClosure\ByArchive\patch-6.MPQ\WORLD\GENERIC\PASSIVEDOODADS\WEAPONS\NAGA_TRIDENT_HORIZONTAL00.skin
1,patch-6.MPQ,WORLD\KALIMDOR\BLACKFATHOM\PASSIVEDOODADS\WATERFALLS\BFD_WATERFALLS10_NOSOUND00.skin,m2-skin-profile,WORLD\KALIMDOR\BLACKFATHOM\PASSIVEDOODADS\WATERFALLS\BFD_WATERFALLS10_NOSOUND.m2,512,B30333797AFD94872DAAA89C2A753B26C2E42E0E,D:\Sirus\_client\World of Warcraft Sirus\Risen_Depths_Extract_2026-10-04\AssetClosure\ByArchive\patch-6.MPQ\WORLD\KALIMDOR\BLACKFATHOM\PASSIVEDOODADS\WATERFALLS\BFD_WATERFALLS10_NOSOUND00.skin
1,patch-6.MPQ,WORLD\AZEROTH\STRANGLETHORN\PASSIVEDOODADS\WATERFALL\WATERFALLDROPS.BLP,m2-embedded-path,WORLD\KALIMDOR\BLACKFATHOM\PASSIVEDOODADS\WATERFALLS\BFD_WATERFALLS10_NOSOUND.m2 | WORLD\KALIMDOR\BLACKFATHOM\PASSIVEDOODADS\WATERFALLS\BFD_WATERFALLS11_NOSOUND.m2,6660,71B23B5FABF7678BA99B05A9761AED8AA745B01D,D:\Sirus\_client\World of Warcraft Sirus\Risen_Depths_Extract_2026-10-04\AssetClosure\ByArchive\patch-6.MPQ\WORLD\AZEROTH\STRANGLETHORN\PASSIVEDOODADS\WATERFALL\WATERFALLDROPS.BLP
1,patch-6.MPQ,WORLD\KALIMDOR\BLACKFATHOM\PASSIVEDOODADS\WATERFALLS\BFD_WATERFALLS11_NOSOUND00.skin,m2-skin-profile,WORLD\KALIMDOR\BLACKFATHOM\PASSIVEDOODADS\WATERFALLS\BFD_WATERFALLS11_NOSOUND.m2,512,88F4E460CE9FABA5A65E645E5F3EA73A89FC5BCF,D:\Sirus\_client\World of Warcraft Sirus\Risen_Depths_Extract_2026-10-04\AssetClosure\ByArchive\patch-6.MPQ\WORLD\KALIMDOR\BLACKFATHOM\PASSIVEDOODADS\WATERFALLS\BFD_WATERFALLS11_NOSOUND00.skin
1,patch-6.MPQ,WORLD\NODXT\DETAIL\6ZGFLOWER0100.skin,m2-skin-profile,WORLD\NODXT\DETAIL\6ZGFLOWER01.m2,992,99A02BE0109F0249DE7EBBD01224824CB9BA5BCC,D:\Sirus\_client\World of Warcraft Sirus\Risen_Depths_Extract_2026-10-04\AssetClosure\ByArchive\patch-6.MPQ\WORLD\NODXT\DETAIL\6ZGFLOWER0100.skin
1,patch-6.MPQ,World\NoDXT\Detail\6ZG_DetailDoodads_01.blp,m2-embedded-path,WORLD\NODXT\DETAIL\6ZGFLOWER01.m2 | WORLD\NODXT\DETAIL\6ZGMUSHROOM01.m2 | WORLD\NODXT\DETAIL\6ZGMUSHROOM02.m2,350724,248E9E58434EDB531E57F8222C5553B7B495757C,D:\Sirus\_client\World of Warcraft Sirus\Risen_Depths_Extract_2026-10-04\AssetClosure\ByArchive\patch-6.MPQ\World\NoDXT\Detail\6ZG_DetailDoodads_01.blp
1,patch-6.MPQ,WORLD\NODXT\DETAIL\6ZGMUSHROOM0100.skin,m2-skin-profile,WORLD\NODXT\DETAIL\6ZGMUSHROOM01.m2,880,C6267148551C8B49FABE8A2B406E9CEB4250C864,D:\Sirus\_client\World of Warcraft Sirus\Risen_Depths_Extract_2026-10-04\AssetClosure\ByArchive\patch-6.MPQ\WORLD\NODXT\DETAIL\6ZGMUSHROOM0100.skin
1,patch-6.MPQ,WORLD\NODXT\DETAIL\6ZGMUSHROOM0200.skin,m2-skin-profile,WORLD\NODXT\DETAIL\6ZGMUSHROOM02.m2,992,E003023C07D7D57E63A1FACC737313CC5CAA804E,D:\Sirus\_client\World of Warcraft Sirus\Risen_Depths_Extract_2026-10-04\AssetClosure\ByArchive\patch-6.MPQ\WORLD\NODXT\DETAIL\6ZGMUSHROOM0200.skin
1,patch-6.MPQ,WORLD\NODXT\DETAIL\6ZGSPOREGEN0200.skin,m2-skin-profile,WORLD\NODXT\DETAIL\6ZGSPOREGEN02.m2,64,97D4AA48B1AC7BDC12D74BD363A0D82614FD2716,D:\Sirus\_client\World of Warcraft Sirus\Risen_Depths_Extract_2026-10-04\AssetClosure\ByArchive\patch-6.MPQ\WORLD\NODXT\DETAIL\6ZGSPOREGEN0200.skin
1,patch-6.MPQ,World\NoDXT\Detail\6ZG_PollenCloud.blp,m2-embedded-path,WORLD\NODXT\DETAIL\6ZGSPOREGEN02.m2,88580,E82DC562A6B834B86F2295AEAC0C7F11B494FCF7,D:\Sirus\_client\World of Warcraft Sirus\Risen_Depths_Extract_2026-10-04\AssetClosure\ByArchive\patch-6.MPQ\World\NoDXT\Detail\6ZG_PollenCloud.blp
1,patch-6.MPQ,World\Kalimdor\Hyjal\PassiveDoodads\Smoke\Hyjal_SmokeClouds00.skin,m2-skin-profile,World\Kalimdor\Hyjal\PassiveDoodads\Smoke\Hyjal_SmokeClouds.M2,9152,B69721B5441110178F2F9AF0D6ADA9F2AFB54093,D:\Sirus\_client\World of Warcraft Sirus\Risen_Depths_Extract_2026-10-04\AssetClosure\ByArchive\patch-6.MPQ\World\Kalimdor\Hyjal\PassiveDoodads\Smoke\Hyjal_SmokeClouds00.skin
1,patch-6.MPQ,World\Kalimdor\Hyjal\PassiveDoodads\Smoke\Hyjal_SmokeCloudCover.blp,m2-embedded-path,World\Kalimdor\Hyjal\PassiveDoodads\Smoke\Hyjal_SmokeClouds.M2,175948,7D5B6069E7750819A4F5212080BC1BCFF6FC4BC2,D:\Sirus\_client\World of Warcraft Sirus\Risen_Depths_Extract_2026-10-04\AssetClosure\ByArchive\patch-6.MPQ\World\Kalimdor\Hyjal\PassiveDoodads\Smoke\Hyjal_SmokeCloudCover.blp
1,patch-6.MPQ,World\Kalimdor\Hyjal\PassiveDoodads\Smoke\Hyjal_Smoke_SkyBowlA.blp,m2-embedded-path,World\Kalimdor\Hyjal\PassiveDoodads\Smoke\Hyjal_SmokeClouds.M2,350724,39F389A0D29E71F47CEB5F15F5D9B82D319EEF79,D:\Sirus\_client\World of Warcraft Sirus\Risen_Depths_Extract_2026-10-04\AssetClosure\ByArchive\patch-6.MPQ\World\Kalimdor\Hyjal\PassiveDoodads\Smoke\Hyjal_Smoke_SkyBowlA.blp
1,patch-7.mpq,SPELLS\T_VFX_DOOR_BLACK.BLP,m2-embedded-path,WORLD\EXPANSION02\DOODADS\BOREANTUNDRA\MAGNATAURITEMS\BOREAN_REDPLANT_BURNINGPILE_01.M2 | WORLD\EXPANSION02\DOODADS\GENERIC\VRYKUL\BRAZIER\VR_BRAZIER_01.M2,23044,A350EEA1D469C6D8C95DD8B21A4704C95C95D75D,D:\Sirus\_client\World of Warcraft Sirus\Risen_Depths_Extract_2026-10-04\AssetClosure\ByArchive\patch-7.mpq\SPELLS\T_VFX_DOOR_BLACK.BLP
1,patch-7.mpq,WORLD\EXPANSION01\DOODADS\SHATTRATH\PASSIVEDOODADS\LIGHTING\SMOKEWISPY_ROUNDSPONGE_EDIT.BLP,m2-embedded-path,WORLD\EXPANSION02\DOODADS\GENERIC\VRYKUL\TROUGH\VR_TROUGH.M2,6660,040FE536F7E899E1EBCE81D5EE63B4A23182D842,D:\Sirus\_client\World of Warcraft Sirus\Risen_Depths_Extract_2026-10-04\AssetClosure\ByArchive\patch-7.mpq\WORLD\EXPANSION01\DOODADS\SHATTRATH\PASSIVEDOODADS\LIGHTING\SMOKEWISPY_ROUNDSPONGE_EDIT.BLP
1,patch-7.mpq,WORLD\EXPANSION02\DOODADS\HOWLINGFJORD\FOG\HFJORD_FOG_0100.skin,m2-skin-profile,WORLD\EXPANSION02\DOODADS\HOWLINGFJORD\FOG\HFJORD_FOG_01.M2,656,BB8D7BD93AE2161C85CAED6F16B332C1758F6C24,D:\Sirus\_client\World of Warcraft Sirus\Risen_Depths_Extract_2026-10-04\AssetClosure\ByArchive\patch-7.mpq\WORLD\EXPANSION02\DOODADS\HOWLINGFJORD\FOG\HFJORD_FOG_0100.skin
1,patch-7.mpq,WORLD\EXPANSION02\DOODADS\HOWLINGFJORD\FOG\HFJORD_FOG_01.BLP,m2-embedded-path,WORLD\EXPANSION02\DOODADS\HOWLINGFJORD\FOG\HFJORD_FOG_01.M2,175948,B5547F9A69166E4F8297DA196A6B5FFC74B7FAB6,D:\Sirus\_client\World of Warcraft Sirus\Risen_Depths_Extract_2026-10-04\AssetClosure\ByArchive\patch-7.mpq\WORLD\EXPANSION02\DOODADS\HOWLINGFJORD\FOG\HFJORD_FOG_01.BLP
1,patch-7.mpq,WORLD\EXPANSION03\DOODADS\TWILIGHTHAMMER\LAMPS\TWILIGHTSHAMMER_LAMPPOST_01.BLP,m2-embedded-path,WORLD\EXPANSION03\DOODADS\TWILIGHTHAMMER\SUMMONINGPORTALS\TWILIGHTSHAMMER_SUMMONINGPORTAL_WATER01.M2,88580,67B1D5D9CB49EBF9560CE7927F42AEDC168A8686,D:\Sirus\_client\World of Warcraft Sirus\Risen_Depths_Extract_2026-10-04\AssetClosure\ByArchive\patch-7.mpq\WORLD\EXPANSION03\DOODADS\TWILIGHTHAMMER\LAMPS\TWILIGHTSHAMMER_LAMPPOST_01.BLP
1,patch-7.mpq,WORLD\EXPANSION03\DOODADS\DARKSHOREREWORK\RAINBOWENVIRO.BLP,m2-embedded-path,WORLD\EXPANSION03\DOODADS\TWILIGHTHAMMER\SUMMONINGPORTALS\TWILIGHTSHAMMER_SUMMONINGPORTAL_WATER01.M2,3916,0516B44B1A3102BF35FAA53D35229D577452AFDC,D:\Sirus\_client\World of Warcraft Sirus\Risen_Depths_Extract_2026-10-04\AssetClosure\ByArchive\patch-7.mpq\WORLD\EXPANSION03\DOODADS\DARKSHOREREWORK\RAINBOWENVIRO.BLP
1,patch-7.mpq,WORLD\EXPANSION03\DOODADS\TWILIGHTHAMMER\LAMPPOST\TWILIGHTSHAMMER_TENTPOLE01.BLP,m2-embedded-path,WORLD\EXPANSION03\DOODADS\TWILIGHTHAMMER\SUMMONINGPORTALS\TWILIGHTSHAMMER_SUMMONINGPORTAL_WATER01.M2,88580,88C0D12F7E041AF2C77D7FCF51F65A789DAE8966,D:\Sirus\_client\World of Warcraft Sirus\Risen_Depths_Extract_2026-10-04\AssetClosure\ByArchive\patch-7.mpq\WORLD\EXPANSION03\DOODADS\TWILIGHTHAMMER\LAMPPOST\TWILIGHTSHAMMER_TENTPOLE01.BLP
1,patch-7.mpq,WORLD\EXPANSION03\DOODADS\TWILIGHTHAMMER\SUMMONINGPORTALS\TWILIGHTSHAMMER_SUMMONINGPORTAL01.BLP,m2-embedded-path,WORLD\EXPANSION03\DOODADS\TWILIGHTHAMMER\SUMMONINGPORTALS\TWILIGHTSHAMMER_SUMMONINGPORTAL_WATER01.M2,350724,01ED0BE1D6F9D24BF1BDADD57D25B8347A49BFA6,D:\Sirus\_client\World of Warcraft Sirus\Risen_Depths_Extract_2026-10-04\AssetClosure\ByArchive\patch-7.mpq\WORLD\EXPANSION03\DOODADS\TWILIGHTHAMMER\SUMMONINGPORTALS\TWILIGHTSHAMMER_SUMMONINGPORTAL01.BLP
1,patch-7.mpq,ITEM\OBJECTCOMPONENTS\WEAPON\ORBREFLECTBRIGHT.BLP,m2-embedded-path,WORLD\EXPANSION01\DOODADS\GENERIC\NAGA\ARTIFACT\NA_ARTIFACT01.M2 | WORLD\EXPANSION03\DOODADS\TWILIGHTHAMMER\SUMMONINGPORTALS\TWILIGHTSHAMMER_SUMMONINGPORTAL_WATER01.M2,1868,07BEB5786BB6F9F714E7698814629D15E4EB020F,D:\Sirus\_client\World of Warcraft Sirus\Risen_Depths_Extract_2026-10-04\AssetClosure\ByArchive\patch-7.mpq\ITEM\OBJECTCOMPONENTS\WEAPON\ORBREFLECTBRIGHT.BLP
1,patch-7.mpq,WORLD\EXPANSION02\DOODADS\DALARAN\GLOWBALL.BLP,m2-embedded-path,WORLD\GENERIC\PASSIVEDOODADS\PLAINRUNE\RUNESTONE.M2,1540,E7C5F5B7A024A3DE3A2D7B55D51E3DF4BD5BB80A,D:\Sirus\_client\World of Warcraft Sirus\Risen_Depths_Extract_2026-10-04\AssetClosure\ByArchive\patch-7.mpq\WORLD\EXPANSION02\DOODADS\DALARAN\GLOWBALL.BLP
1,patch-7.mpq,CREATURE\ELEMENTALEARTH\WATERMIST.BLP,m2-embedded-path,WORLD\GENERIC\UNDEAD\PASSIVE DOODADS\UNDEADALCHEMYTABLE\UNDEAD_ALCHEMY_TABLE.M2,2564,1F7653BEF4DBF05702F664F96FC91A7806623856,D:\Sirus\_client\World of Warcraft Sirus\Risen_Depths_Extract_2026-10-04\AssetClosure\ByArchive\patch-7.mpq\CREATURE\ELEMENTALEARTH\WATERMIST.BLP
1,patch-7.mpq,WORLD\KHAZMODAN\WETLANDS\PASSIVEDOODADS\DRAGONBONES\DRAGONBONESBODY.m2,wmo-doodad-model|wmo-embedded-path,WORLD\WMO\DUNGEON\BOREANMAGNATAURMICRO\BOREANMAGNATAURMICRO_1ROOM.WMO,16865,A1F877EC7317A4AFD548B05085B021C380AB4429,D:\Sirus\_client\World of Warcraft Sirus\Risen_Depths_Extract_2026-10-04\AssetClosure\ByArchive\patch-7.mpq\WORLD\KHAZMODAN\WETLANDS\PASSIVEDOODADS\DRAGONBONES\DRAGONBONESBODY.m2
1,patch-7.mpq,WORLD\EXPANSION03\DOODADS\VASHJIR\SEAMONSTER\VJ_TEX_DRAGONBONE01.BLP,m2-embedded-path,WORLD\EXPANSION03\DOODADS\VASHJIR\BONES\VJ_WHALEBONES_01.M2 | WORLD\EXPANSION03\DOODADS\VASHJIR\BONES\VJ_WHALEBONES_04.M2 | WORLD\EXPANSION03\DOODADS\VASHJIR\SEAMONSTER\VJ_SEAMONSTER_BONESSKULL_02.M2 | WORLD\EXPANSION03\DOODADS\VASHJIR\SEAMONSTER\VJ_SEAMONSTER_BONESSKULL_03.M2 | WORLD\EXPANSION03\DOODADS\VASHJIR\SEAMONSTER\VJ_SEAMONSTER_BONESSKULL_04.M2,44876,9E225249B4C4589BDB0E12F1B756ED37CC18B4BB,D:\Sirus\_client\World of Warcraft Sirus\Risen_Depths_Extract_2026-10-04\AssetClosure\ByArchive\patch-7.mpq\WORLD\EXPANSION03\DOODADS\VASHJIR\SEAMONSTER\VJ_TEX_DRAGONBONE01.BLP
1,patch-7.mpq,WORLD\GENERIC\TROLL\PASSIVE DOODADS\MUMMYTROLLS\CAVEBONE01.BLP,m2-embedded-path,WORLD\EXPANSION03\DOODADS\VASHJIR\BONES\VJ_WHALEBONES_04.M2 | WORLD\EXPANSION03\DOODADS\VASHJIR\SEAMONSTER\VJ_SEAMONSTER_BONESSKULL_02.M2 | WORLD\EXPANSION03\DOODADS\VASHJIR\SEAMONSTER\VJ_SEAMONSTER_BONESSKULL_03.M2 | WORLD\EXPANSION03\DOODADS\VASHJIR\SEAMONSTER\VJ_SEAMONSTER_BONESSKULL_04.M2 | WORLD\GENERIC\PASSIVEDOODADS\FURNITURE\REFUSE\BONE01.m2 | WORLD\GENERIC\PASSIVEDOODADS\FURNITURE\REFUSE\BONE02.m2 | WORLD\GENERIC\PASSIVEDOODADS\PARTICLEEMITTERS\BUBBLES01.m2 | WORLD\GENERIC\PASSIVEDOODADS\PARTICLEEMITTERS\BUBBLESB.m2,2556,3272AB3BA931A7EF9D69278321C749A1F7B6F924,D:\Sirus\_client\World of Warcraft Sirus\Risen_Depths_Extract_2026-10-04\AssetClosure\ByArchive\patch-7.mpq\WORLD\GENERIC\TROLL\PASSIVE DOODADS\MUMMYTROLLS\CAVEBONE01.BLP
1,patch-7.mpq,WORLD\EXPANSION06\DOODADS\NAGA\7NG_NAGA_BARRICADE0100.skin,m2-skin-profile,WORLD\EXPANSION06\DOODADS\NAGA\7NG_NAGA_BARRICADE01.M2,8392,5E96CDA1CA19F8190464925554A276EF6B8FB687,D:\Sirus\_client\World of Warcraft Sirus\Risen_Depths_Extract_2026-10-04\AssetClosure\ByArchive\patch-7.mpq\WORLD\EXPANSION06\DOODADS\NAGA\7NG_NAGA_BARRICADE0100.skin
1,patch-7.mpq,WORLD\EXPANSION06\DOODADS\NAGA\7NG_NAGA_SUPPLIES0100.skin,m2-skin-profile,WORLD\EXPANSION06\DOODADS\NAGA\7NG_NAGA_SUPPLIES01.M2,32496,5B4450716C1BFADB4C9D6D18E219507826D9C6D5,D:\Sirus\_client\World of Warcraft Sirus\Risen_Depths_Extract_2026-10-04\AssetClosure\ByArchive\patch-7.mpq\WORLD\EXPANSION06\DOODADS\NAGA\7NG_NAGA_SUPPLIES0100.skin
1,patch-7.mpq,WORLD\EXPANSION03\DOODADS\WORGEN\EFFECTS\WORGEN_RAINDRIPS_01.M2,wmo-doodad-model|wmo-embedded-path,WORLD\WMO\BROKENISLES\ARAKNASHAL\7AN_MOUNTAINCAVE_MEDIUM01.WMO | WORLD\WMO\CATACLYSM\VASHJIR\CAVES\VASHJIR_SMALL_CAVE.WMO | WORLD\WMO\DUNGEON\MD_SHIPWRECK\TRANSPORT_SHIPWRECK_SUNKENSHIP.WMO,2203,8A3BB3CECCB14608322BC67D9E318852A0C722FE,D:\Sirus\_client\World of Warcraft Sirus\Risen_Depths_Extract_2026-10-04\AssetClosure\ByArchive\patch-7.mpq\WORLD\EXPANSION03\DOODADS\WORGEN\EFFECTS\WORGEN_RAINDRIPS_01.M2
1,patch-7.mpq,WORLD\KHAZMODAN\WETLANDS\PASSIVEDOODADS\DRAGONBONES\DRAGONBONESBODY00.skin,m2-skin-profile,WORLD\KHAZMODAN\WETLANDS\PASSIVEDOODADS\DRAGONBONES\DRAGONBONESBODY.m2,3952,492171BBAF527DF6B930355D2ACD99EA2FE47F6E,D:\Sirus\_client\World of Warcraft Sirus\Risen_Depths_Extract_2026-10-04\AssetClosure\ByArchive\patch-7.mpq\WORLD\KHAZMODAN\WETLANDS\PASSIVEDOODADS\DRAGONBONES\DRAGONBONESBODY00.skin
1,patch-7.mpq,WORLD\GENERIC\HUMAN\PASSIVE DOODADS\MUSEUMSKELETONS\DRAGONBONE.BLP,m2-embedded-path,WORLD\KHAZMODAN\WETLANDS\PASSIVEDOODADS\DRAGONBONES\DRAGONBONESBODY.m2 | WORLD\KHAZMODAN\WETLANDS\PASSIVEDOODADS\DRAGONBONES\DRAGONBONESSKULL.m2,44876,33D5259BFBA46AB7805FB6EFC3D8AF15FFE8390C,D:\Sirus\_client\World of Warcraft Sirus\Risen_Depths_Extract_2026-10-04\AssetClosure\ByArchive\patch-7.mpq\WORLD\GENERIC\HUMAN\PASSIVE DOODADS\MUSEUMSKELETONS\DRAGONBONE.BLP
1,patch-7.mpq,WORLD\EXPANSION03\DOODADS\WORGEN\EFFECTS\WORGEN_RAINDRIPS_0100.skin,m2-skin-profile,WORLD\EXPANSION03\DOODADS\WORGEN\EFFECTS\WORGEN_RAINDRIPS_01.M2,368,0EA8979944A89C962658CA70C1141CF98ED4BEE4,D:\Sirus\_client\World of Warcraft Sirus\Risen_Depths_Extract_2026-10-04\AssetClosure\ByArchive\patch-7.mpq\WORLD\EXPANSION03\DOODADS\WORGEN\EFFECTS\WORGEN_RAINDRIPS_0100.skin
1,patch-7.mpq,WORLD\EXPANSION03\DOODADS\WORGEN\EFFECTS\WORGEN_RAINEFFECTS_01.BLP,m2-embedded-path,WORLD\EXPANSION03\DOODADS\WORGEN\EFFECTS\WORGEN_RAINDRIPS_01.M2,88580,45D99129AB9526652BBC64F15BAA5A4C3AFF4185,D:\Sirus\_client\World of Warcraft Sirus\Risen_Depths_Extract_2026-10-04\AssetClosure\ByArchive\patch-7.mpq\WORLD\EXPANSION03\DOODADS\WORGEN\EFFECTS\WORGEN_RAINEFFECTS_01.BLP
1,patch-7.mpq,WORLD\EXPANSION03\DOODADS\WORGEN\EFFECTS\WORGEN_RAINEFFECTS_ALPHA01.BLP,m2-embedded-path,WORLD\EXPANSION03\DOODADS\WORGEN\EFFECTS\WORGEN_RAINDRIPS_01.M2,23044,71E24E555D7C9801910CF8C531BE4AD8549066CE,D:\Sirus\_client\World of Warcraft Sirus\Risen_Depths_Extract_2026-10-04\AssetClosure\ByArchive\patch-7.mpq\WORLD\EXPANSION03\DOODADS\WORGEN\EFFECTS\WORGEN_RAINEFFECTS_ALPHA01.BLP
1,patch-8.mpq,ITEM\OBJECTCOMPONENTS\WEAPON\ORBREFLECTBRIGHT.BLP,m2-embedded-path,WORLD\EXPANSION01\DOODADS\GENERIC\NAGA\ARTIFACT\NA_ARTIFACT01.M2 | WORLD\EXPANSION03\DOODADS\TWILIGHTHAMMER\SUMMONINGPORTALS\TWILIGHTSHAMMER_SUMMONINGPORTAL_WATER01.M2,1868,07BEB5786BB6F9F714E7698814629D15E4EB020F,D:\Sirus\_client\World of Warcraft Sirus\Risen_Depths_Extract_2026-10-04\AssetClosure\ByArchive\patch-8.mpq\ITEM\OBJECTCOMPONENTS\WEAPON\ORBREFLECTBRIGHT.BLP
1,patch-8.mpq,CREATURE\ELEMENTALEARTH\WATERMIST.BLP,m2-embedded-path,WORLD\GENERIC\UNDEAD\PASSIVE DOODADS\UNDEADALCHEMYTABLE\UNDEAD_ALCHEMY_TABLE.M2,2564,1F7653BEF4DBF05702F664F96FC91A7806623856,D:\Sirus\_client\World of Warcraft Sirus\Risen_Depths_Extract_2026-10-04\AssetClosure\ByArchive\patch-8.mpq\CREATURE\ELEMENTALEARTH\WATERMIST.BLP
1,patch-8.mpq,WORLD\GENERIC\HUMAN\PASSIVE DOODADS\CRATES\STORMWINDCRATE01.m2,wmo-doodad-model|wmo-embedded-path,WORLD\WMO\DUNGEON\MD_SHIPWRECK\SHIPWRECK_A.WMO | WORLD\WMO\DUNGEON\MD_SHIPWRECK\SHIPWRECK_B.WMO | WORLD\WMO\DUNGEON\MD_SHIPWRECK\SHIPWRECK_DBACK.WMO | WORLD\WMO\DUNGEON\MD_SHIPWRECK\SHIPWRECK_DFRONT.WMO,16524,D635C2A3FFD171D2C8CFA38C61465DB603A73593,D:\Sirus\_client\World of Warcraft Sirus\Risen_Depths_Extract_2026-10-04\AssetClosure\ByArchive\patch-8.mpq\WORLD\GENERIC\HUMAN\PASSIVE DOODADS\CRATES\STORMWINDCRATE01.m2
1,patch-8.mpq,WORLD\AZEROTH\WESTFALL\PASSIVEDOODADS\BROKENCART\BROKENCART.m2,wmo-doodad-model|wmo-embedded-path,WORLD\WMO\DUNGEON\MD_SHIPWRECK\SHIPWRECK_A.WMO,24220,9141AC8B54E2ABD541A6B7C480C59368611D47AF,D:\Sirus\_client\World of Warcraft Sirus\Risen_Depths_Extract_2026-10-04\AssetClosure\ByArchive\patch-8.mpq\WORLD\AZEROTH\WESTFALL\PASSIVEDOODADS\BROKENCART\BROKENCART.m2
1,patch-8.mpq,WORLD\GENERIC\PASSIVEDOODADS\BARREL\BROKENBARREL02.m2,wmo-doodad-model|wmo-embedded-path,WORLD\WMO\DUNGEON\MD_SHIPWRECK\SHIPWRECK_A.WMO | WORLD\WMO\DUNGEON\MD_SHIPWRECK\TRANSPORT_SHIPWRECK_SUNKENSHIP.WMO,7266,7029DB541569D10F321D07807DCCBFD6798CE9AF,D:\Sirus\_client\World of Warcraft Sirus\Risen_Depths_Extract_2026-10-04\AssetClosure\ByArchive\patch-8.mpq\WORLD\GENERIC\PASSIVEDOODADS\BARREL\BROKENBARREL02.m2
1,patch-8.mpq,WORLD\GENERIC\PASSIVEDOODADS\CRATE01\CRATE01.m2,wmo-doodad-model|wmo-embedded-path,WORLD\WMO\DUNGEON\MD_SHIPWRECK\SHIPWRECK_A.WMO | WORLD\WMO\DUNGEON\MD_SHIPWRECK\SHIPWRECK_B.WMO | WORLD\WMO\DUNGEON\MD_SHIPWRECK\TRANSPORT_SHIPWRECK_SUNKENSHIP.WMO,9993,B93CA0B775CF0AD2C0C2C487644C7D4E4A0762DF,D:\Sirus\_client\World of Warcraft Sirus\Risen_Depths_Extract_2026-10-04\AssetClosure\ByArchive\patch-8.mpq\WORLD\GENERIC\PASSIVEDOODADS\CRATE01\CRATE01.m2
1,patch-8.mpq,WORLD\GENERIC\HUMAN\PASSIVE DOODADS\CRATES\REPLACECRATE01.m2,wmo-doodad-model|wmo-embedded-path,WORLD\WMO\DUNGEON\MD_SHIPWRECK\SHIPWRECK_B.WMO,2048,41F9419BCF2C2CE10BBC65367B76483613D6E3A5,D:\Sirus\_client\World of Warcraft Sirus\Risen_Depths_Extract_2026-10-04\AssetClosure\ByArchive\patch-8.mpq\WORLD\GENERIC\HUMAN\PASSIVE DOODADS\CRATES\REPLACECRATE01.m2
1,patch-8.mpq,WORLD\GENERIC\PVP\COLLISIONWALL\COLLISIONWALLPVP0200.skin,m2-skin-profile,WORLD\GENERIC\PVP\COLLISIONWALL\COLLISIONWALLPVP02.M2,368,68D8D26DFFDB7E198FA4B7FAB196CCEC8EA1D321,D:\Sirus\_client\World of Warcraft Sirus\Risen_Depths_Extract_2026-10-04\AssetClosure\ByArchive\patch-8.mpq\WORLD\GENERIC\PVP\COLLISIONWALL\COLLISIONWALLPVP0200.skin
1,patch-8.mpq,INTERFACE\CHARACTERFRAME\UI-PARTY-BACKGROUND.BLP,m2-embedded-path,WORLD\GENERIC\PVP\COLLISIONWALL\COLLISIONWALLPVP02.M2,1868,AA0E91F0BA948858C724AE53E6BB92608065D88B,D:\Sirus\_client\World of Warcraft Sirus\Risen_Depths_Extract_2026-10-04\AssetClosure\ByArchive\patch-8.mpq\INTERFACE\CHARACTERFRAME\UI-PARTY-BACKGROUND.BLP
1,patch-8.mpq,WORLD\EXPANSION05\DOODADS\ORCCLANS\6OC_ORCCLANS_TORCH02.M2,wmo-doodad-model|wmo-embedded-path,WORLD\WMO\BROKENISLES\ARAKNASHAL\7AN_MOUNTAINCAVE_MEDIUM01.WMO,6470,1DCF71F993CD972DD228B7A207B3594644528499,D:\Sirus\_client\World of Warcraft Sirus\Risen_Depths_Extract_2026-10-04\AssetClosure\ByArchive\patch-8.mpq\WORLD\EXPANSION05\DOODADS\ORCCLANS\6OC_ORCCLANS_TORCH02.M2
1,patch-8.mpq,WORLD\GENERIC\HUMAN\PASSIVE DOODADS\LANTERNS\GENERALLANTERN01.m2,wmo-doodad-model|wmo-embedded-path,WORLD\WMO\DUNGEON\MD_SHIPWRECK\TRANSPORT_SHIPWRECK_SUNKENSHIP.WMO,7378,CE1B4B04B4CE0A35FE45BCC1531CA4CEBE82535A,D:\Sirus\_client\World of Warcraft Sirus\Risen_Depths_Extract_2026-10-04\AssetClosure\ByArchive\patch-8.mpq\WORLD\GENERIC\HUMAN\PASSIVE DOODADS\LANTERNS\GENERALLANTERN01.m2
1,patch-8.mpq,WORLD\GENERIC\HUMAN\PASSIVE DOODADS\BUCKETS\BUCKET.m2,wmo-doodad-model|wmo-embedded-path,WORLD\WMO\DUNGEON\MD_SHIPWRECK\TRANSPORT_SHIPWRECK_SUNKENSHIP.WMO,7378,8F660C00F71BD1539010348084F16875FDD2C3D9,D:\Sirus\_client\World of Warcraft Sirus\Risen_Depths_Extract_2026-10-04\AssetClosure\ByArchive\patch-8.mpq\WORLD\GENERIC\HUMAN\PASSIVE DOODADS\BUCKETS\BUCKET.m2
1,patch-8.mpq,WORLD\GENERIC\PASSIVEDOODADS\BARREL\BARREL01.m2,wmo-doodad-model|wmo-embedded-path,WORLD\WMO\DUNGEON\MD_SHIPWRECK\TRANSPORT_SHIPWRECK_SUNKENSHIP.WMO,4394,AA09377005C020840EE2DCABFCBE1DD2452FCFFB,D:\Sirus\_client\World of Warcraft Sirus\Risen_Depths_Extract_2026-10-04\AssetClosure\ByArchive\patch-8.mpq\WORLD\GENERIC\PASSIVEDOODADS\BARREL\BARREL01.m2
1,patch-8.mpq,Interface\Glues\Models\UI_Scourge\Cemetery01.blp,m2-embedded-path,WORLD\AZEROTH\DUSKWOOD\PASSIVEDOODADS\COFFIN\COFFIN.m2,88580,B6733D16C0343DB58036124FC6A3DDE07BD55975,D:\Sirus\_client\World of Warcraft Sirus\Risen_Depths_Extract_2026-10-04\AssetClosure\ByArchive\patch-8.mpq\Interface\Glues\Models\UI_Scourge\Cemetery01.blp
1,patch-8.mpq,WORLD\AZEROTH\WESTFALL\PASSIVEDOODADS\BROKENCART\BROKENCART00.skin,m2-skin-profile,WORLD\AZEROTH\WESTFALL\PASSIVEDOODADS\BROKENCART\BROKENCART.m2,4208,0484FEAC67B642F3245B46BA6804461689553DAB,D:\Sirus\_client\World of Warcraft Sirus\Risen_Depths_Extract_2026-10-04\AssetClosure\ByArchive\patch-8.mpq\WORLD\AZEROTH\WESTFALL\PASSIVEDOODADS\BROKENCART\BROKENCART00.skin
1,patch-8.mpq,WORLD\AZEROTH\WESTFALL\PASSIVEDOODADS\BARREL\BAR_BUT_HAY_HAR_CAR.BLP,m2-embedded-path,WORLD\AZEROTH\WESTFALL\PASSIVEDOODADS\BROKENCART\BROKENCART.m2,44876,5B44539AAE66CDDD22EB1A6E57C1C13993651B3B,D:\Sirus\_client\World of Warcraft Sirus\Risen_Depths_Extract_2026-10-04\AssetClosure\ByArchive\patch-8.mpq\WORLD\AZEROTH\WESTFALL\PASSIVEDOODADS\BARREL\BAR_BUT_HAY_HAR_CAR.BLP
1,patch-8.mpq,WORLD\GENERIC\GNOME\PASSIVE DOODADS\BUCKETS\TJ_GNOMEMETALBITSB.BLP,m2-embedded-path,WORLD\GENERIC\GNOME\PASSIVE DOODADS\BUCKETS\GNOMEBUCKET05.m2,44876,EF08C595024625A4F6D7CA222C93D13D4DC0EA23,D:\Sirus\_client\World of Warcraft Sirus\Risen_Depths_Extract_2026-10-04\AssetClosure\ByArchive\patch-8.mpq\WORLD\GENERIC\GNOME\PASSIVE DOODADS\BUCKETS\TJ_GNOMEMETALBITSB.BLP
1,patch-8.mpq,WORLD\LORDAERON\ARATHI\PASSIVEDOODADS\TREES\ARATHISTUMP01.BLP,m2-embedded-path,WORLD\GENERIC\HUMAN\PASSIVE DOODADS\ANIMALHEADS\STUFFEDFRENZY.m2,23036,BE57E2BB14A6702D2C7ABF58E4A5EDC64579A9A7,D:\Sirus\_client\World of Warcraft Sirus\Risen_Depths_Extract_2026-10-04\AssetClosure\ByArchive\patch-8.mpq\WORLD\LORDAERON\ARATHI\PASSIVEDOODADS\TREES\ARATHISTUMP01.BLP
1,patch-8.mpq,WORLD\AZEROTH\ELWYNN\BUILDINGS\DISTILLERY\WINEBARREL_SIDE.BLP,m2-embedded-path,WORLD\GENERIC\HUMAN\PASSIVE DOODADS\BOTTLES\GREENBOTTLE02.m2,6652,8B47931D8B51127F934247F0D1AD82BD8D2CB649,D:\Sirus\_client\World of Warcraft Sirus\Risen_Depths_Extract_2026-10-04\AssetClosure\ByArchive\patch-8.mpq\WORLD\AZEROTH\ELWYNN\BUILDINGS\DISTILLERY\WINEBARREL_SIDE.BLP
1,patch-8.mpq,WORLD\GENERIC\GOBLIN\PASSIVEDOODADS\GOBLINMACHINERY\BOTTLEGREEN.BLP,m2-embedded-path,WORLD\GENERIC\HUMAN\PASSIVE DOODADS\BOTTLES\GREENBOTTLE02.m2,2556,FCA47EA150746644ED0B9907CD30E17FCD4A803F,D:\Sirus\_client\World of Warcraft Sirus\Risen_Depths_Extract_2026-10-04\AssetClosure\ByArchive\patch-8.mpq\WORLD\GENERIC\GOBLIN\PASSIVEDOODADS\GOBLINMACHINERY\BOTTLEGREEN.BLP
1,patch-8.mpq,WORLD\GENERIC\HUMAN\PASSIVE DOODADS\BUCKETS\BUCKET00.skin,m2-skin-profile,WORLD\GENERIC\HUMAN\PASSIVE DOODADS\BUCKETS\BUCKET.m2,1600,BED7614AA956E27D8D8443D88CEA99A0875467F7,D:\Sirus\_client\World of Warcraft Sirus\Risen_Depths_Extract_2026-10-04\AssetClosure\ByArchive\patch-8.mpq\WORLD\GENERIC\HUMAN\PASSIVE DOODADS\BUCKETS\BUCKET00.skin
1,patch-8.mpq,WORLD\GENERIC\HUMAN\PASSIVE DOODADS\GLOBES\POTBELLYSTOVE COPY.BLP,m2-embedded-path,WORLD\GENERIC\HUMAN\PASSIVE DOODADS\BUCKETS\BUCKET.m2,12108,DA2EF8AE0542A78EC7C1EE3455FC927E17B0BEC1,D:\Sirus\_client\World of Warcraft Sirus\Risen_Depths_Extract_2026-10-04\AssetClosure\ByArchive\patch-8.mpq\WORLD\GENERIC\HUMAN\PASSIVE DOODADS\GLOBES\POTBELLYSTOVE COPY.BLP
1,patch-8.mpq,WORLD\GENERIC\HUMAN\PASSIVE DOODADS\BUCKETS\DESK.BLP,m2-embedded-path,WORLD\GENERIC\HUMAN\PASSIVE DOODADS\BUCKETS\BUCKET.m2 | WORLD\GENERIC\HUMAN\PASSIVE DOODADS\MOPS\MOP.m2,44876,1E4BAABACC2E32C08DCF11D97C94433E8FAEF40E,D:\Sirus\_client\World of Warcraft Sirus\Risen_Depths_Extract_2026-10-04\AssetClosure\ByArchive\patch-8.mpq\WORLD\GENERIC\HUMAN\PASSIVE DOODADS\BUCKETS\DESK.BLP
1,patch-8.mpq,WORLD\GENERIC\HUMAN\PASSIVE DOODADS\CRATES\REPLACECRATE0100.skin,m2-skin-profile,WORLD\GENERIC\HUMAN\PASSIVE DOODADS\CRATES\REPLACECRATE01.m2,368,5C2C487A4460B02DF97A16B35E84163849AA45AF,D:\Sirus\_client\World of Warcraft Sirus\Risen_Depths_Extract_2026-10-04\AssetClosure\ByArchive\patch-8.mpq\WORLD\GENERIC\HUMAN\PASSIVE DOODADS\CRATES\REPLACECRATE0100.skin
1,patch-8.mpq,DUNGEONS\TEXTURES\DOODADS\STORMWINDCRATE01.BLP,m2-embedded-path,WORLD\GENERIC\HUMAN\PASSIVE DOODADS\CRATES\REPLACECRATE01.m2 | WORLD\GENERIC\HUMAN\PASSIVE DOODADS\CRATES\STORMWINDCRATE01.m2 | WORLD\GENERIC\PASSIVEDOODADS\FLOATINGDEBRIS\FLOATINGCRATE01.m2,12108,6C086A88D18B30AE6B2A7CF8975D7179B5802344,D:\Sirus\_client\World of Warcraft Sirus\Risen_Depths_Extract_2026-10-04\AssetClosure\ByArchive\patch-8.mpq\DUNGEONS\TEXTURES\DOODADS\STORMWINDCRATE01.BLP
1,patch-8.mpq,WORLD\GENERIC\HUMAN\PASSIVE DOODADS\CRATES\STORMWINDCRATE0100.skin,m2-skin-profile,WORLD\GENERIC\HUMAN\PASSIVE DOODADS\CRATES\STORMWINDCRATE01.m2,3216,C0B2EF0BE711904048414ECB91930AF197A82F28,D:\Sirus\_client\World of Warcraft Sirus\Risen_Depths_Extract_2026-10-04\AssetClosure\ByArchive\patch-8.mpq\WORLD\GENERIC\HUMAN\PASSIVE DOODADS\CRATES\STORMWINDCRATE0100.skin
1,patch-8.mpq,WORLD\GENERIC\HUMAN\PASSIVE DOODADS\LANTERNS\GENERALLANTERN0100.skin,m2-skin-profile,WORLD\GENERIC\HUMAN\PASSIVE DOODADS\LANTERNS\GENERALLANTERN01.m2,1392,55C3ED1FE5E804EB118671D1E41EB63717E5F263,D:\Sirus\_client\World of Warcraft Sirus\Risen_Depths_Extract_2026-10-04\AssetClosure\ByArchive\patch-8.mpq\WORLD\GENERIC\HUMAN\PASSIVE DOODADS\LANTERNS\GENERALLANTERN0100.skin
1,patch-8.mpq,WORLD\AZEROTH\BOOTYBAY\PASSIVEDOODAD\BOOTYENTRANCE\GYPSYDOOR_01.BLP,m2-embedded-path,WORLD\GENERIC\HUMAN\PASSIVE DOODADS\LANTERNS\GENERALLANTERN01.m2,44876,58B7D72AFAB3318A2B6F133EB16862DDEE604830,D:\Sirus\_client\World of Warcraft Sirus\Risen_Depths_Extract_2026-10-04\AssetClosure\ByArchive\patch-8.mpq\WORLD\AZEROTH\BOOTYBAY\PASSIVEDOODAD\BOOTYENTRANCE\GYPSYDOOR_01.BLP
1,patch-8.mpq,WORLD\AZEROTH\BOOTYBAY\PASSIVEDOODAD\BOOTYENTRANCE\ELWYNNLANTERN01.BLP,m2-embedded-path,WORLD\GENERIC\HUMAN\PASSIVE DOODADS\LANTERNS\GENERALLANTERN01.m2,2556,01651B10888C568A994CEAE041BDDFBCCE29D181,D:\Sirus\_client\World of Warcraft Sirus\Risen_Depths_Extract_2026-10-04\AssetClosure\ByArchive\patch-8.mpq\WORLD\AZEROTH\BOOTYBAY\PASSIVEDOODAD\BOOTYENTRANCE\ELWYNNLANTERN01.BLP
1,patch-8.mpq,World\Generic\Human\Passive Doodads\Tables\DuskwoodFurniture01.blp,m2-embedded-path,WORLD\GENERIC\HUMAN\PASSIVE DOODADS\TABLES\DUSKWOODTABLE01.m2,44876,FD49804E2035304414011868817B108B33356777,D:\Sirus\_client\World of Warcraft Sirus\Risen_Depths_Extract_2026-10-04\AssetClosure\ByArchive\patch-8.mpq\World\Generic\Human\Passive Doodads\Tables\DuskwoodFurniture01.blp
1,patch-8.mpq,WORLD\GENERIC\ORC\PASSIVE DOODADS\FEEDINGTROUGHS\FEEDTROPH01.BLP,m2-embedded-path,WORLD\GENERIC\ORC\PASSIVE DOODADS\HAMMOCKS\HAMMOCK03.m2,2556,1F01C280066C15E373C88E211819DD9B8C92ADEF,D:\Sirus\_client\World of Warcraft Sirus\Risen_Depths_Extract_2026-10-04\AssetClosure\ByArchive\patch-8.mpq\WORLD\GENERIC\ORC\PASSIVE DOODADS\FEEDINGTROUGHS\FEEDTROPH01.BLP
1,patch-8.mpq,WORLD\GENERIC\PASSIVEDOODADS\BARREL\BARREL0100.skin,m2-skin-profile,WORLD\GENERIC\PASSIVEDOODADS\BARREL\BARREL01.m2,800,1CCC2AEE82D41395A1407F42BDA7D8886C4B4C9A,D:\Sirus\_client\World of Warcraft Sirus\Risen_Depths_Extract_2026-10-04\AssetClosure\ByArchive\patch-8.mpq\WORLD\GENERIC\PASSIVEDOODADS\BARREL\BARREL0100.skin
1,patch-8.mpq,WORLD\GENERIC\PASSIVEDOODADS\BARREL\BARREL04DARK2.BLP,m2-embedded-path,WORLD\GENERIC\PASSIVEDOODADS\BARREL\BARREL01.m2,44876,EA3454FAFE286E0E56A9EFB596AD9FF7CC491BD2,D:\Sirus\_client\World of Warcraft Sirus\Risen_Depths_Extract_2026-10-04\AssetClosure\ByArchive\patch-8.mpq\WORLD\GENERIC\PASSIVEDOODADS\BARREL\BARREL04DARK2.BLP
1,patch-8.mpq,WORLD\GENERIC\PASSIVEDOODADS\BARREL\WESTFALLBARREL01SKIN.BLP,m2-embedded-path,WORLD\GENERIC\PASSIVEDOODADS\BARREL\BROKENBARREL01.m2 | WORLD\GENERIC\PASSIVEDOODADS\BARREL\BROKENBARREL02.m2,12124,8074659F67664761E2535657C08B201F46C875B6,D:\Sirus\_client\World of Warcraft Sirus\Risen_Depths_Extract_2026-10-04\AssetClosure\ByArchive\patch-8.mpq\WORLD\GENERIC\PASSIVEDOODADS\BARREL\WESTFALLBARREL01SKIN.BLP
1,patch-8.mpq,WORLD\GENERIC\PASSIVEDOODADS\BARREL\BROKENBARREL0200.skin,m2-skin-profile,WORLD\GENERIC\PASSIVEDOODADS\BARREL\BROKENBARREL02.m2,1584,DED26FDE398711BF15CB2F8555B238405AB92590,D:\Sirus\_client\World of Warcraft Sirus\Risen_Depths_Extract_2026-10-04\AssetClosure\ByArchive\patch-8.mpq\WORLD\GENERIC\PASSIVEDOODADS\BARREL\BROKENBARREL0200.skin
1,patch-8.mpq,WORLD\GENERIC\PASSIVEDOODADS\CRATE01\CRATE0100.skin,m2-skin-profile,WORLD\GENERIC\PASSIVEDOODADS\CRATE01\CRATE01.m2,1792,12096833793456531FA7C3E0C2B7100D55CA3074,D:\Sirus\_client\World of Warcraft Sirus\Risen_Depths_Extract_2026-10-04\AssetClosure\ByArchive\patch-8.mpq\WORLD\GENERIC\PASSIVEDOODADS\CRATE01\CRATE0100.skin
1,patch-8.mpq,World\Generic\PassiveDoodads\Crate01\crates01sides.blp,m2-embedded-path,WORLD\GENERIC\PASSIVEDOODADS\CRATE01\CRATE01.m2,3932,8DD965CA21A1E0FDD6C67EB80DE12D140B73B59E,D:\Sirus\_client\World of Warcraft Sirus\Risen_Depths_Extract_2026-10-04\AssetClosure\ByArchive\patch-8.mpq\World\Generic\PassiveDoodads\Crate01\crates01sides.blp
1,patch-8.mpq,WORLD\EXPANSION05\DOODADS\ORCCLANS\6OC_ORCCLANS_TORCH0200.skin,m2-skin-profile,WORLD\EXPANSION05\DOODADS\ORCCLANS\6OC_ORCCLANS_TORCH02.M2,1264,D720FBCB017DC2042DF19C962024AB193E7A5610,D:\Sirus\_client\World of Warcraft Sirus\Risen_Depths_Extract_2026-10-04\AssetClosure\ByArchive\patch-8.mpq\WORLD\EXPANSION05\DOODADS\ORCCLANS\6OC_ORCCLANS_TORCH0200.skin
1,patch-8.mpq,World\Expansion05\Doodads\OrcClans\6OC_OrcClans_TorchLit01.blp,m2-embedded-path,WORLD\EXPANSION05\DOODADS\ORCCLANS\6OC_ORCCLANS_TORCH02.M2 | WORLD\EXPANSION05\DOODADS\ORCCLANS\6OC_ORCCLANS_TORCH02_LIGHT.M2,23076,3658EF9F8599D9DB32DCFFD9D76D22C87E33498E,D:\Sirus\_client\World of Warcraft Sirus\Risen_Depths_Extract_2026-10-04\AssetClosure\ByArchive\patch-8.mpq\World\Expansion05\Doodads\OrcClans\6OC_OrcClans_TorchLit01.blp
1,patch-8.mpq,World\Expansion05\Doodads\OrcClans\GenericGlow_Alpha_128.blp,m2-embedded-path,WORLD\EXPANSION05\DOODADS\ORCCLANS\6OC_ORCCLANS_TORCH02.M2 | WORLD\EXPANSION05\DOODADS\ORCCLANS\6OC_ORCCLANS_TORCH02_LIGHT.M2,12108,72131A9F62D53E6E99C0D42D3E4D50D383714EB3,D:\Sirus\_client\World of Warcraft Sirus\Risen_Depths_Extract_2026-10-04\AssetClosure\ByArchive\patch-8.mpq\World\Expansion05\Doodads\OrcClans\GenericGlow_Alpha_128.blp
1,patch-8.mpq,World\Expansion05\Doodads\OrcClans\T_VFX_Fire_Anim_Stylized_Desat_02.blp,m2-embedded-path,WORLD\EXPANSION05\DOODADS\ORCCLANS\6OC_ORCCLANS_TORCH02.M2 | WORLD\EXPANSION05\DOODADS\ORCCLANS\6OC_ORCCLANS_TORCH02_LIGHT.M2,88580,A72EC0704F2BCF7DAC51A02B52F609407DCB4138,D:\Sirus\_client\World of Warcraft Sirus\Risen_Depths_Extract_2026-10-04\AssetClosure\ByArchive\patch-8.mpq\World\Expansion05\Doodads\OrcClans\T_VFX_Fire_Anim_Stylized_Desat_02.blp
1,patch-8.mpq,World\Expansion05\Doodads\OrcClans\Fire_Bright_Mod2x_A.blp,m2-embedded-path,WORLD\EXPANSION05\DOODADS\ORCCLANS\6OC_ORCCLANS_TORCH02.M2 | WORLD\EXPANSION05\DOODADS\ORCCLANS\6OC_ORCCLANS_TORCH02_LIGHT.M2,23044,80D3874B718B87EDAE0C3FE7508E599842EC2545,D:\Sirus\_client\World of Warcraft Sirus\Risen_Depths_Extract_2026-10-04\AssetClosure\ByArchive\patch-8.mpq\World\Expansion05\Doodads\OrcClans\Fire_Bright_Mod2x_A.blp
1,patch-8.mpq,WORLD\GENERIC\HUMAN\PASSIVE DOODADS\CRATES\STORMWINDCRATE_01.BLP,m2-embedded-path,WORLD\GENERIC\HUMAN\PASSIVE DOODADS\CRATES\STORMWINDCRATE01.m2,44876,CA73F47869108EF342F3A31D4BF3691B4E1C11D1,D:\Sirus\_client\World of Warcraft Sirus\Risen_Depths_Extract_2026-10-04\AssetClosure\ByArchive\patch-8.mpq\WORLD\GENERIC\HUMAN\PASSIVE DOODADS\CRATES\STORMWINDCRATE_01.BLP
1,patch-8.mpq,WORLD\AZEROTH\STRANGLETHORN\PASSIVEDOODADS\WATERFALL\WATERFALLDROPS.BLP,m2-embedded-path,WORLD\KALIMDOR\BLACKFATHOM\PASSIVEDOODADS\WATERFALLS\BFD_WATERFALLS10_NOSOUND.m2 | WORLD\KALIMDOR\BLACKFATHOM\PASSIVEDOODADS\WATERFALLS\BFD_WATERFALLS11_NOSOUND.m2,6660,71B23B5FABF7678BA99B05A9761AED8AA745B01D,D:\Sirus\_client\World of Warcraft Sirus\Risen_Depths_Extract_2026-10-04\AssetClosure\ByArchive\patch-8.mpq\WORLD\AZEROTH\STRANGLETHORN\PASSIVEDOODADS\WATERFALL\WATERFALLDROPS.BLP
1,patch-9.mpq,SPELLS\GENERICGLOW64.BLP,m2-embedded-path,WORLD\EXPANSION01\DOODADS\GENERIC\NAGA\ARK\NA_ARK.M2 | WORLD\EXPANSION01\DOODADS\GENERIC\NAGA\ARTIFACT\NA_ARTIFACT01.M2 | WORLD\EXPANSION01\DOODADS\GENERIC\NAGA\DISTILLER\NA_DISTILLER.M2 | WORLD\GENERIC\PASSIVEDOODADS\FISH\FISH_FELBLOOD_SNAPPA.M2,6660,CB2000E6BBA6479E767FB636B5D95015529EBFF4,D:\Sirus\_client\World of Warcraft Sirus\Risen_Depths_Extract_2026-10-04\AssetClosure\ByArchive\patch-9.mpq\SPELLS\GENERICGLOW64.BLP
1,patch-9.mpq,ITEM\OBJECTCOMPONENTS\WEAPON\FLAMELICKSMALL.BLP,m2-embedded-path,WORLD\EXPANSION02\DOODADS\GENERIC\VRYKUL\COOKING\VR_COOKPOT_01.M2 | WORLD\EXPANSION02\DOODADS\GENERIC\VRYKUL\COOKING\VR_COOKPOT_02.M2 | WORLD\GENERIC\OGRE\PASSIVE DOODADS\TORCHES\OGREWALLTORCH.m2,23044,1C5DE3258525080516447E30D6CBFD1ADAA33887,D:\Sirus\_client\World of Warcraft Sirus\Risen_Depths_Extract_2026-10-04\AssetClosure\ByArchive\patch-9.mpq\ITEM\OBJECTCOMPONENTS\WEAPON\FLAMELICKSMALL.BLP
1,patch-9.mpq,ITEM\OBJECTCOMPONENTS\WEAPON\ORBREFLECTBRIGHT.BLP,m2-embedded-path,WORLD\EXPANSION01\DOODADS\GENERIC\NAGA\ARTIFACT\NA_ARTIFACT01.M2 | WORLD\EXPANSION03\DOODADS\TWILIGHTHAMMER\SUMMONINGPORTALS\TWILIGHTSHAMMER_SUMMONINGPORTAL_WATER01.M2,1868,5164750CC131514A4DB27DC4663BE6C494909343,D:\Sirus\_client\World of Warcraft Sirus\Risen_Depths_Extract_2026-10-04\AssetClosure\ByArchive\patch-9.mpq\ITEM\OBJECTCOMPONENTS\WEAPON\ORBREFLECTBRIGHT.BLP
1,patch-a.mpq,SPELLS\GENERICGLOW64.BLP,m2-embedded-path,WORLD\EXPANSION01\DOODADS\GENERIC\NAGA\ARK\NA_ARK.M2 | WORLD\EXPANSION01\DOODADS\GENERIC\NAGA\ARTIFACT\NA_ARTIFACT01.M2 | WORLD\EXPANSION01\DOODADS\GENERIC\NAGA\DISTILLER\NA_DISTILLER.M2 | WORLD\GENERIC\PASSIVEDOODADS\FISH\FISH_FELBLOOD_SNAPPA.M2,6660,CB2000E6BBA6479E767FB636B5D95015529EBFF4,D:\Sirus\_client\World of Warcraft Sirus\Risen_Depths_Extract_2026-10-04\AssetClosure\ByArchive\patch-a.mpq\SPELLS\GENERICGLOW64.BLP
1,patch-a.mpq,WORLD\EXPANSION02\DOODADS\DALARAN\GLOWBALL.BLP,m2-embedded-path,WORLD\GENERIC\PASSIVEDOODADS\PLAINRUNE\RUNESTONE.M2,1540,E7C5F5B7A024A3DE3A2D7B55D51E3DF4BD5BB80A,D:\Sirus\_client\World of Warcraft Sirus\Risen_Depths_Extract_2026-10-04\AssetClosure\ByArchive\patch-a.mpq\WORLD\EXPANSION02\DOODADS\DALARAN\GLOWBALL.BLP
1,patch-a.mpq,INTERFACE\BUTTONS\GLOWSTAR.BLP,m2-embedded-path,WORLD\GENERIC\UNDEAD\PASSIVE DOODADS\UNDEADALCHEMYTABLE\UNDEAD_ALCHEMY_TABLE.M2,1540,02B8930014C2C1E847D7F38FBEB54A6C1116E058,D:\Sirus\_client\World of Warcraft Sirus\Risen_Depths_Extract_2026-10-04\AssetClosure\ByArchive\patch-a.mpq\INTERFACE\BUTTONS\GLOWSTAR.BLP
1,patch-b.mpq,SPELLS\T_VFX_DOOR_BLACK.BLP,m2-embedded-path,WORLD\EXPANSION02\DOODADS\BOREANTUNDRA\MAGNATAURITEMS\BOREAN_REDPLANT_BURNINGPILE_01.M2 | WORLD\EXPANSION02\DOODADS\GENERIC\VRYKUL\BRAZIER\VR_BRAZIER_01.M2,23044,A350EEA1D469C6D8C95DD8B21A4704C95C95D75D,D:\Sirus\_client\World of Warcraft Sirus\Risen_Depths_Extract_2026-10-04\AssetClosure\ByArchive\patch-b.mpq\SPELLS\T_VFX_DOOR_BLACK.BLP
1,patch-b.mpq,ITEM\OBJECTCOMPONENTS\WEAPON\ORBREFLECTBRIGHT.BLP,m2-embedded-path,WORLD\EXPANSION01\DOODADS\GENERIC\NAGA\ARTIFACT\NA_ARTIFACT01.M2 | WORLD\EXPANSION03\DOODADS\TWILIGHTHAMMER\SUMMONINGPORTALS\TWILIGHTSHAMMER_SUMMONINGPORTAL_WATER01.M2,1868,07BEB5786BB6F9F714E7698814629D15E4EB020F,D:\Sirus\_client\World of Warcraft Sirus\Risen_Depths_Extract_2026-10-04\AssetClosure\ByArchive\patch-b.mpq\ITEM\OBJECTCOMPONENTS\WEAPON\ORBREFLECTBRIGHT.BLP
1,patch-d.mpq,WORLD\EXPANSION03\DOODADS\TWILIGHTHAMMER\DRAGONEGGS\FISH_REF_BLUE02.BLP,m2-embedded-path,WORLD\EXPANSION03\DOODADS\TWILIGHTHAMMER\DRAGONEGGS\TWILIGHTSHAMMER_DRAGONEGG_01.M2 | WORLD\EXPANSION03\DOODADS\TWILIGHTHAMMER\DRAGONEGGS\TWILIGHTSHAMMER_DRAGONEGG_02.M2,3916,F93318B684678D97796D80CB0D9511B02C52136E,D:\Sirus\_client\World of Warcraft Sirus\Risen_Depths_Extract_2026-10-04\AssetClosure\ByArchive\patch-d.mpq\WORLD\EXPANSION03\DOODADS\TWILIGHTHAMMER\DRAGONEGGS\FISH_REF_BLUE02.BLP
1,patch-e.mpq,WORLD\EXPANSION06\DOODADS\NAGA\7NG_NAGA_TORCH01_LIGHT00.skin,m2-skin-profile,WORLD\EXPANSION06\DOODADS\NAGA\7NG_NAGA_TORCH01_LIGHT.M2,2808,DF9887481C98910B750960FE621C76064C10A373,D:\Sirus\_client\World of Warcraft Sirus\Risen_Depths_Extract_2026-10-04\AssetClosure\ByArchive\patch-e.mpq\WORLD\EXPANSION06\DOODADS\NAGA\7NG_NAGA_TORCH01_LIGHT00.skin
1,patch-f.mpq,SPELLS\T_VFX_DOOR_BLACK.BLP,m2-embedded-path,WORLD\EXPANSION02\DOODADS\BOREANTUNDRA\MAGNATAURITEMS\BOREAN_REDPLANT_BURNINGPILE_01.M2 | WORLD\EXPANSION02\DOODADS\GENERIC\VRYKUL\BRAZIER\VR_BRAZIER_01.M2,23044,A350EEA1D469C6D8C95DD8B21A4704C95C95D75D,D:\Sirus\_client\World of Warcraft Sirus\Risen_Depths_Extract_2026-10-04\AssetClosure\ByArchive\patch-f.mpq\SPELLS\T_VFX_DOOR_BLACK.BLP
1,patch-f.mpq,WORLD\ENVIRONMENT\DOODAD\VRYKUL\VRYKULFOOTBRIDGE\TEX\VRYKULFOOTBRIDGE01.BLP,m2-embedded-path,WORLD\EXPANSION02\DOODADS\GENERIC\VRYKUL\CHAINS\VR_CHAINS_02.M2 | WORLD\EXPANSION02\DOODADS\GENERIC\VRYKUL\WAGON\VR_WAGON_01.M2,88580,EB619D1E18061AB56ED218192CE5FF094D5D1412,D:\Sirus\_client\World of Warcraft Sirus\Risen_Depths_Extract_2026-10-04\AssetClosure\ByArchive\patch-f.mpq\WORLD\ENVIRONMENT\DOODAD\VRYKUL\VRYKULFOOTBRIDGE\TEX\VRYKULFOOTBRIDGE01.BLP
1,patch-f.mpq,CREATURE\FIREELEMENTAL\EMBER.BLP,m2-embedded-path,WORLD\GENERIC\OGRE\PASSIVE DOODADS\TORCHES\OGREWALLTORCH.m2,1284,E6D78578E1BE01DEBF3679C3AD6F4BCFFD1FE94D,D:\Sirus\_client\World of Warcraft Sirus\Risen_Depths_Extract_2026-10-04\AssetClosure\ByArchive\patch-f.mpq\CREATURE\FIREELEMENTAL\EMBER.BLP
1,patch-g.mpq,WORLD\ENVIRONMENT\DOODAD\VRYKUL\VRYKULFOOTBRIDGE\TEX\VRYKULFOOTBRIDGE01.BLP,m2-embedded-path,WORLD\EXPANSION02\DOODADS\GENERIC\VRYKUL\CHAINS\VR_CHAINS_02.M2 | WORLD\EXPANSION02\DOODADS\GENERIC\VRYKUL\WAGON\VR_WAGON_01.M2,88580,EB619D1E18061AB56ED218192CE5FF094D5D1412,D:\Sirus\_client\World of Warcraft Sirus\Risen_Depths_Extract_2026-10-04\AssetClosure\ByArchive\patch-g.mpq\WORLD\ENVIRONMENT\DOODAD\VRYKUL\VRYKULFOOTBRIDGE\TEX\VRYKULFOOTBRIDGE01.BLP
1,patch-i.mpq,WORLD\EXPANSION03\DOODADS\DARKSHOREREWORK\RAINBOWENVIRO.BLP,m2-embedded-path,WORLD\EXPANSION03\DOODADS\TWILIGHTHAMMER\SUMMONINGPORTALS\TWILIGHTSHAMMER_SUMMONINGPORTAL_WATER01.M2,3916,0516B44B1A3102BF35FAA53D35229D577452AFDC,D:\Sirus\_client\World of Warcraft Sirus\Risen_Depths_Extract_2026-10-04\AssetClosure\ByArchive\patch-i.mpq\WORLD\EXPANSION03\DOODADS\DARKSHOREREWORK\RAINBOWENVIRO.BLP
1,patch-m.mpq,CREATURE\ELEMENTALEARTH\WATERMIST.BLP,m2-embedded-path,WORLD\GENERIC\UNDEAD\PASSIVE DOODADS\UNDEADALCHEMYTABLE\UNDEAD_ALCHEMY_TABLE.M2,2564,1F7653BEF4DBF05702F664F96FC91A7806623856,D:\Sirus\_client\World of Warcraft Sirus\Risen_Depths_Extract_2026-10-04\AssetClosure\ByArchive\patch-m.mpq\CREATURE\ELEMENTALEARTH\WATERMIST.BLP
1,patch-m.mpq,WORLD\NODXT\DETAIL\6ZGSPOREGEN02.m2,wmo-doodad-model|wmo-embedded-path,WORLD\WMO\CATACLYSM\VASHJIR\CAVES\VASHJIR_SMALL_CAVE.WMO,3445,8201643343344F0ABACFCD84BD2A8013D9B117D1,D:\Sirus\_client\World of Warcraft Sirus\Risen_Depths_Extract_2026-10-04\AssetClosure\ByArchive\patch-m.mpq\WORLD\NODXT\DETAIL\6ZGSPOREGEN02.m2
1,patch-m.mpq,world\critter\fish\ArmorReflect3_Horde.blp,m2-embedded-path,WORLD\CRITTER\FISH\FISHBASIC04.m2,3916,2ED96FDDDE23A21C78AE40CCDD591544EA8ADB6F,D:\Sirus\_client\World of Warcraft Sirus\Risen_Depths_Extract_2026-10-04\AssetClosure\ByArchive\patch-m.mpq\world\critter\fish\ArmorReflect3_Horde.blp
1,patch-m.mpq,WORLD\NODXT\DETAIL\6ZGSPOREGEN0200.skin,m2-skin-profile,WORLD\NODXT\DETAIL\6ZGSPOREGEN02.m2,64,97D4AA48B1AC7BDC12D74BD363A0D82614FD2716,D:\Sirus\_client\World of Warcraft Sirus\Risen_Depths_Extract_2026-10-04\AssetClosure\ByArchive\patch-m.mpq\WORLD\NODXT\DETAIL\6ZGSPOREGEN0200.skin
1,patch-p.mpq,SPELLS\T_VFX_DOOR_BLACK.BLP,m2-embedded-path,WORLD\EXPANSION02\DOODADS\BOREANTUNDRA\MAGNATAURITEMS\BOREAN_REDPLANT_BURNINGPILE_01.M2 | WORLD\EXPANSION02\DOODADS\GENERIC\VRYKUL\BRAZIER\VR_BRAZIER_01.M2,23044,A350EEA1D469C6D8C95DD8B21A4704C95C95D75D,D:\Sirus\_client\World of Warcraft Sirus\Risen_Depths_Extract_2026-10-04\AssetClosure\ByArchive\patch-p.mpq\SPELLS\T_VFX_DOOR_BLACK.BLP
1,patch-q.mpq,SPELLS\LAVALUMP2.BLP,m2-embedded-path,WORLD\AZEROTH\BURNINGSTEPPES\PASSIVEDOODADS\BONFIRE\ORCBONFIRE.m2 | WORLD\EXPANSION02\DOODADS\BOREANTUNDRA\MAGNATAURITEMS\BOREAN_REDPLANT_BURNINGPILE_01.M2,1868,241A20AD924E1016F4E83D03F3AF89A357F4192C,D:\Sirus\_client\World of Warcraft Sirus\Risen_Depths_Extract_2026-10-04\AssetClosure\ByArchive\patch-q.mpq\SPELLS\LAVALUMP2.BLP
1,patch-s.mpq,WORLD\EXPANSION04\DOODADS\SAUROK\SAUROK_BONES_01.BLP,m2-embedded-path,WORLD\EXPANSION04\DOODADS\SAUROK\SAUROK_BONES_03.M2 | WORLD\EXPANSION04\DOODADS\SAUROK\SAUROK_BONES_05.M2,175948,F126492F77B9ADC9431C5D3538BABB3132E14DFF,D:\Sirus\_client\World of Warcraft Sirus\Risen_Depths_Extract_2026-10-04\AssetClosure\ByArchive\patch-s.mpq\WORLD\EXPANSION04\DOODADS\SAUROK\SAUROK_BONES_01.BLP
1,patch-t.mpq,WORLD\EXPANSION06\DOODADS\LEGION\7LG_LEGION_COMMUNICATIONORB01.M2,wmo-doodad-model|wmo-embedded-path,WORLD\WMO\BROKENISLES\ARAKNASHAL\7AN_MOUNTAINCAVE_MEDIUM01.WMO,134467,6A3D9F33C846D37956DA235AFF4E1EDD19A09C06,D:\Sirus\_client\World of Warcraft Sirus\Risen_Depths_Extract_2026-10-04\AssetClosure\ByArchive\patch-t.mpq\WORLD\EXPANSION06\DOODADS\LEGION\7LG_LEGION_COMMUNICATIONORB01.M2
1,patch-t.mpq,WORLD\EXPANSION06\DOODADS\LEGION\7LG_LEGION_TORCH02_LIGHT.M2,wmo-doodad-model|wmo-embedded-path,WORLD\WMO\BROKENISLES\ARAKNASHAL\7AN_MOUNTAINCAVE_MEDIUM01.WMO,103456,54F6FBCAF90FA47B3E873FF62730284FA392B76D,D:\Sirus\_client\World of Warcraft Sirus\Risen_Depths_Extract_2026-10-04\AssetClosure\ByArchive\patch-t.mpq\WORLD\EXPANSION06\DOODADS\LEGION\7LG_LEGION_TORCH02_LIGHT.M2
1,patch-t.mpq,World\Expansion06\Doodads\Legion\7LG_Legion_Spire01_Skull.blp,m2-embedded-path,WORLD\Expansion06\Doodads\LEGION\7LG_LEGION_CAGE02.M2,350724,EB0A5F6AAD41A82133CE521F75DE5D01D48FAA63,D:\Sirus\_client\World of Warcraft Sirus\Risen_Depths_Extract_2026-10-04\AssetClosure\ByArchive\patch-t.mpq\World\Expansion06\Doodads\Legion\7LG_Legion_Spire01_Skull.blp
1,patch-t.mpq,WORLD\Expansion06\Doodads\LEGION\7LG_LEGION_COMMUNICATIONORB0100.skin,m2-skin-profile,WORLD\EXPANSION06\DOODADS\LEGION\7LG_LEGION_COMMUNICATIONORB01.M2 | WORLD\Expansion06\Doodads\LEGION\7LG_LEGION_COMMUNICATIONORB01.M2,33712,801522467FFB9A7986C4390A2AF18DDB0DA72AD3,D:\Sirus\_client\World of Warcraft Sirus\Risen_Depths_Extract_2026-10-04\AssetClosure\ByArchive\patch-t.mpq\WORLD\Expansion06\Doodads\LEGION\7LG_LEGION_COMMUNICATIONORB0100.skin
1,patch-t.mpq,World\Expansion06\Doodads\Legion\Smoke_Wispy_Mask_BlendAdd.blp,m2-embedded-path,WORLD\EXPANSION06\DOODADS\LEGION\7LG_LEGION_COMMUNICATIONORB01.M2 | WORLD\Expansion06\Doodads\LEGION\7LG_LEGION_COMMUNICATIONORB01.M2,23044,63EEE608657F362C8A635D2E5A921DC2E70D35A2,D:\Sirus\_client\World of Warcraft Sirus\Risen_Depths_Extract_2026-10-04\AssetClosure\ByArchive\patch-t.mpq\World\Expansion06\Doodads\Legion\Smoke_Wispy_Mask_BlendAdd.blp
1,patch-t.mpq,World\Expansion06\Doodads\Legion\FelFX_Wisp_01.blp,m2-embedded-path,WORLD\EXPANSION06\DOODADS\LEGION\7LG_LEGION_COMMUNICATIONORB01.M2 | WORLD\Expansion06\Doodads\LEGION\7LG_LEGION_COMMUNICATIONORB01.M2,88580,B0E2EB733369119821468CB4438E8A2C1DFF7377,D:\Sirus\_client\World of Warcraft Sirus\Risen_Depths_Extract_2026-10-04\AssetClosure\ByArchive\patch-t.mpq\World\Expansion06\Doodads\Legion\FelFX_Wisp_01.blp
1,patch-t.mpq,World\Expansion06\Doodads\Legion\Arcane_Wisps_Purple.blp,m2-embedded-path,WORLD\EXPANSION06\DOODADS\LEGION\7LG_LEGION_COMMUNICATIONORB01.M2 | WORLD\Expansion06\Doodads\LEGION\7LG_LEGION_COMMUNICATIONORB01.M2,88580,A333742B161DD5F49068996E8C2B2CF20E402E91,D:\Sirus\_client\World of Warcraft Sirus\Risen_Depths_Extract_2026-10-04\AssetClosure\ByArchive\patch-t.mpq\World\Expansion06\Doodads\Legion\Arcane_Wisps_Purple.blp
1,patch-t.mpq,World\Expansion06\Doodads\Legion\7LG_Legion_CommunicationOrb01.blp,m2-embedded-path,WORLD\EXPANSION06\DOODADS\LEGION\7LG_LEGION_COMMUNICATIONORB01.M2 | WORLD\Expansion06\Doodads\LEGION\7LG_LEGION_COMMUNICATIONORB01.M2,350724,C6248F63912B07BEAA3A78913E8CDEAA8199A198,D:\Sirus\_client\World of Warcraft Sirus\Risen_Depths_Extract_2026-10-04\AssetClosure\ByArchive\patch-t.mpq\World\Expansion06\Doodads\Legion\7LG_Legion_CommunicationOrb01.blp
1,patch-t.mpq,World\Expansion06\Doodads\Legion\ArmorReflect_Rainbow.blp,m2-embedded-path,WORLD\EXPANSION06\DOODADS\LEGION\7LG_LEGION_COMMUNICATIONORB01.M2 | WORLD\Expansion06\Doodads\LEGION\7LG_LEGION_COMMUNICATIONORB01.M2,3916,6DC0373C626422FFC1ED9EA95D3D6E619FFBC6B7,D:\Sirus\_client\World of Warcraft Sirus\Risen_Depths_Extract_2026-10-04\AssetClosure\ByArchive\patch-t.mpq\World\Expansion06\Doodads\Legion\ArmorReflect_Rainbow.blp
1,patch-t.mpq,World\Expansion06\Doodads\Legion\7LG_Legion_CommunicationOrb01_Glow.blp,m2-embedded-path,WORLD\EXPANSION06\DOODADS\LEGION\7LG_LEGION_COMMUNICATIONORB01.M2 | WORLD\Expansion06\Doodads\LEGION\7LG_LEGION_COMMUNICATIONORB01.M2,175948,76B521BD841AFFFA1A63CDAB37E794EE97F914F1,D:\Sirus\_client\World of Warcraft Sirus\Risen_Depths_Extract_2026-10-04\AssetClosure\ByArchive\patch-t.mpq\World\Expansion06\Doodads\Legion\7LG_Legion_CommunicationOrb01_Glow.blp
1,patch-t.mpq,World\Expansion06\Doodads\Legion\Cloud_Magic_Green.blp,m2-embedded-path,WORLD\EXPANSION06\DOODADS\LEGION\7LG_LEGION_COMMUNICATIONORB01.M2 | WORLD\Expansion06\Doodads\LEGION\7LG_LEGION_COMMUNICATIONORB01.M2,350724,A0FA5E46A55C0D194EFBF1CBDCC13C9FC52EF73A,D:\Sirus\_client\World of Warcraft Sirus\Risen_Depths_Extract_2026-10-04\AssetClosure\ByArchive\patch-t.mpq\World\Expansion06\Doodads\Legion\Cloud_Magic_Green.blp
1,patch-t.mpq,World\Expansion06\Doodads\Legion\Fel_Lightning_Flipbook.blp,m2-embedded-path,WORLD\EXPANSION06\DOODADS\LEGION\7LG_LEGION_COMMUNICATIONORB01.M2 | WORLD\Expansion06\Doodads\LEGION\7LG_LEGION_COMMUNICATIONORB01.M2,23044,968402B546EFD6B28244DD6A31311E6C8CB08CAA,D:\Sirus\_client\World of Warcraft Sirus\Risen_Depths_Extract_2026-10-04\AssetClosure\ByArchive\patch-t.mpq\World\Expansion06\Doodads\Legion\Fel_Lightning_Flipbook.blp
1,patch-t.mpq,World\Expansion06\Doodads\Legion\FLARE05.blp,m2-embedded-path,WORLD\EXPANSION06\DOODADS\LEGION\7LG_LEGION_COMMUNICATIONORB01.M2 | WORLD\Expansion06\Doodads\LEGION\7LG_LEGION_COMMUNICATIONORB01.M2,44876,6EF5ECAA14F639981D8DAF6933C3AA9340E001CA,D:\Sirus\_client\World of Warcraft Sirus\Risen_Depths_Extract_2026-10-04\AssetClosure\ByArchive\patch-t.mpq\World\Expansion06\Doodads\Legion\FLARE05.blp
1,patch-t.mpq,World\Expansion06\Doodads\Legion\7LG_Legion_CommunicationOrb01_Vibrate.blp,m2-embedded-path,WORLD\EXPANSION06\DOODADS\LEGION\7LG_LEGION_COMMUNICATIONORB01.M2 | WORLD\Expansion06\Doodads\LEGION\7LG_LEGION_COMMUNICATIONORB01.M2,88580,BDBB49BE977640CCD4A25A17EAF4947A27478877,D:\Sirus\_client\World of Warcraft Sirus\Risen_Depths_Extract_2026-10-04\AssetClosure\ByArchive\patch-t.mpq\World\Expansion06\Doodads\Legion\7LG_Legion_CommunicationOrb01_Vibrate.blp
1,patch-t.mpq,World\Expansion06\Doodads\Legion\starfield04.blp,m2-embedded-path,WORLD\EXPANSION06\DOODADS\LEGION\7LG_LEGION_COMMUNICATIONORB01.M2 | WORLD\Expansion06\Doodads\LEGION\7LG_LEGION_COMMUNICATIONORB01.M2,88580,06C6E8820E1D2401FBAE1206E6AEF2E944AE0164,D:\Sirus\_client\World of Warcraft Sirus\Risen_Depths_Extract_2026-10-04\AssetClosure\ByArchive\patch-t.mpq\World\Expansion06\Doodads\Legion\starfield04.blp
1,patch-t.mpq,World\Expansion06\Doodads\Legion\Globe.blp,m2-embedded-path,WORLD\EXPANSION06\DOODADS\LEGION\7LG_LEGION_COMMUNICATIONORB01.M2 | WORLD\Expansion06\Doodads\LEGION\7LG_LEGION_COMMUNICATIONORB01.M2,350724,CDF07E1C58137F8C9232C68158CDA8BB9D641D3E,D:\Sirus\_client\World of Warcraft Sirus\Risen_Depths_Extract_2026-10-04\AssetClosure\ByArchive\patch-t.mpq\World\Expansion06\Doodads\Legion\Globe.blp
1,patch-t.mpq,World\Expansion06\Doodads\Legion\Dirt_Scroll_Wispy_rejuv_bright.blp,m2-embedded-path,WORLD\EXPANSION06\DOODADS\LEGION\7LG_LEGION_COMMUNICATIONORB01.M2 | WORLD\Expansion06\Doodads\LEGION\7LG_LEGION_COMMUNICATIONORB01.M2,23044,A63D39F9DB4531B83F11F30E0F2DC08B8C00633B,D:\Sirus\_client\World of Warcraft Sirus\Risen_Depths_Extract_2026-10-04\AssetClosure\ByArchive\patch-t.mpq\World\Expansion06\Doodads\Legion\Dirt_Scroll_Wispy_rejuv_bright.blp
1,patch-t.mpq,WORLD\Expansion06\Doodads\LEGION\7LG_LEGION_TORCH02_LIGHT00.skin,m2-skin-profile,WORLD\EXPANSION06\DOODADS\LEGION\7LG_LEGION_TORCH02_LIGHT.M2 | WORLD\Expansion06\Doodads\LEGION\7LG_LEGION_TORCH02_LIGHT.M2,9152,7E2DC861FB39AB288E32069E96A7FF62D76663E1,D:\Sirus\_client\World of Warcraft Sirus\Risen_Depths_Extract_2026-10-04\AssetClosure\ByArchive\patch-t.mpq\WORLD\Expansion06\Doodads\LEGION\7LG_LEGION_TORCH02_LIGHT00.skin
1,patch-t.mpq,World\Expansion06\Doodads\Legion\Fire_Bright_Mod2x_A_fel2.blp,m2-embedded-path,WORLD\Expansion06\Doodads\LEGION\7LG_LEGION_TORCH02_LIGHT.M2,23044,915A24C008C058FEC1142B8937078AB646FFAF50,D:\Sirus\_client\World of Warcraft Sirus\Risen_Depths_Extract_2026-10-04\AssetClosure\ByArchive\patch-t.mpq\World\Expansion06\Doodads\Legion\Fire_Bright_Mod2x_A_fel2.blp
1,patch-t.mpq,world\expansion06\doodads\legion\fire_flamelicks_dissolvefbs_blend.blp,m2-embedded-path,WORLD\EXPANSION06\DOODADS\LEGION\7LG_LEGION_TORCH02_LIGHT.M2,44900,5DEC15AFABF034248D123673D69A33FD82E15C52,D:\Sirus\_client\World of Warcraft Sirus\Risen_Depths_Extract_2026-10-04\AssetClosure\ByArchive\patch-t.mpq\world\expansion06\doodads\legion\fire_flamelicks_dissolvefbs_blend.blp
1,patch-t.mpq,world\expansion06\doodads\legion\fire_sharp_brighter_mod2x_fel_doublealpha.blp,m2-embedded-path,WORLD\EXPANSION06\DOODADS\LEGION\7LG_LEGION_TORCH02_LIGHT.M2,88580,E3B8D4AE71CC6BC683E4B958F6465CD931B28AD3,D:\Sirus\_client\World of Warcraft Sirus\Risen_Depths_Extract_2026-10-04\AssetClosure\ByArchive\patch-t.mpq\world\expansion06\doodads\legion\fire_sharp_brighter_mod2x_fel_doublealpha.blp
1,patch-t.mpq,world\expansion06\doodads\legion\7fx_alphamask_glow.blp,m2-embedded-path,WORLD\EXPANSION06\DOODADS\LEGION\7LG_LEGION_TORCH02_LIGHT.M2,23044,0EBFA7583312D4FABE5B7AB1F9A447709F419EC0,D:\Sirus\_client\World of Warcraft Sirus\Risen_Depths_Extract_2026-10-04\AssetClosure\ByArchive\patch-t.mpq\world\expansion06\doodads\legion\7fx_alphamask_glow.blp
1,patch-t.mpq,world\expansion06\doodads\legion\7lg_legion_torch02_ember_chunky.blp,m2-embedded-path,WORLD\EXPANSION06\DOODADS\LEGION\7LG_LEGION_TORCH02_LIGHT.M2,23044,E44CA735EE928603FD68BDD745D5550585DA5FD5,D:\Sirus\_client\World of Warcraft Sirus\Risen_Depths_Extract_2026-10-04\AssetClosure\ByArchive\patch-t.mpq\world\expansion06\doodads\legion\7lg_legion_torch02_ember_chunky.blp
1,patch-t.mpq,world\expansion06\doodads\legion\7lg_legion_torch02_smoke_generic.blp,m2-embedded-path,WORLD\EXPANSION06\DOODADS\LEGION\7LG_LEGION_TORCH02_LIGHT.M2,88580,C7DBD28373DC15904C7CFA660552EA9CA3CA6C01,D:\Sirus\_client\World of Warcraft Sirus\Risen_Depths_Extract_2026-10-04\AssetClosure\ByArchive\patch-t.mpq\world\expansion06\doodads\legion\7lg_legion_torch02_smoke_generic.blp
1,patch-t.mpq,world\expansion06\doodads\legion\7lg_legion_torch02_smoke_puffy.blp,m2-embedded-path,WORLD\EXPANSION06\DOODADS\LEGION\7LG_LEGION_TORCH02_LIGHT.M2,88580,DBC41F9F27A813E6769FBEFD1A0AC5328953D673,D:\Sirus\_client\World of Warcraft Sirus\Risen_Depths_Extract_2026-10-04\AssetClosure\ByArchive\patch-t.mpq\world\expansion06\doodads\legion\7lg_legion_torch02_smoke_puffy.blp
1,patch-u.mpq,SPELLS\LAVALUMP2.BLP,m2-embedded-path,WORLD\AZEROTH\BURNINGSTEPPES\PASSIVEDOODADS\BONFIRE\ORCBONFIRE.m2 | WORLD\EXPANSION02\DOODADS\BOREANTUNDRA\MAGNATAURITEMS\BOREAN_REDPLANT_BURNINGPILE_01.M2,1868,241A20AD924E1016F4E83D03F3AF89A357F4192C,D:\Sirus\_client\World of Warcraft Sirus\Risen_Depths_Extract_2026-10-04\AssetClosure\ByArchive\patch-u.mpq\SPELLS\LAVALUMP2.BLP
1,patch-u.mpq,SPELLS\TOONSMOKE16.BLP,m2-embedded-path,WORLD\EXPANSION02\DOODADS\GENERIC\SCOURGE\SC_BRAZIER2_ORANGE.M2 | WORLD\EXPANSION02\DOODADS\GENERIC\SCOURGE\SC_BRAZIER3_ORANGE.M2 | WORLD\EXPANSION02\DOODADS\GENERIC\SCOURGE\SC_CAULDRON_GREEN.M2,350724,217BEBE5BD03401956E57C9776FDBBE101F9D87F,D:\Sirus\_client\World of Warcraft Sirus\Risen_Depths_Extract_2026-10-04\AssetClosure\ByArchive\patch-u.mpq\SPELLS\TOONSMOKE16.BLP
1,patch-u.mpq,ITEM\OBJECTCOMPONENTS\WEAPON\FLAMELICKSMALL.BLP,m2-embedded-path,WORLD\EXPANSION02\DOODADS\GENERIC\VRYKUL\COOKING\VR_COOKPOT_01.M2 | WORLD\EXPANSION02\DOODADS\GENERIC\VRYKUL\COOKING\VR_COOKPOT_02.M2 | WORLD\GENERIC\OGRE\PASSIVE DOODADS\TORCHES\OGREWALLTORCH.m2,23044,F2C7B712DFB636B5635EB151111543DD53BE9424,D:\Sirus\_client\World of Warcraft Sirus\Risen_Depths_Extract_2026-10-04\AssetClosure\ByArchive\patch-u.mpq\ITEM\OBJECTCOMPONENTS\WEAPON\FLAMELICKSMALL.BLP
1,patch-u.mpq,DUNGEONS\TEXTURES\TRIM\MM_STRMWND_SUPPORTS_01.BLP,wmo-embedded-path|wmo-material-texture,WORLD\GENERIC\PVP\COLLISIONWALL\COLLISION.WMO,44876,65EEC4C089AB9A464158DE210A0BE507A48167EE,D:\Sirus\_client\World of Warcraft Sirus\Risen_Depths_Extract_2026-10-04\AssetClosure\ByArchive\patch-u.mpq\DUNGEONS\TEXTURES\TRIM\MM_STRMWND_SUPPORTS_01.BLP
1,patch-u.mpq,DUNGEONS\TEXTURES\TRIM\MM_STRMWND_TRIM_01.BLP,wmo-embedded-path|wmo-material-texture,WORLD\GENERIC\PVP\COLLISIONWALL\COLLISION.WMO,44876,5E94B9C0FA3F93BF114528C39B898C19EDF7C87E,D:\Sirus\_client\World of Warcraft Sirus\Risen_Depths_Extract_2026-10-04\AssetClosure\ByArchive\patch-u.mpq\DUNGEONS\TEXTURES\TRIM\MM_STRMWND_TRIM_01.BLP
1,patch-u.mpq,Dungeons\TEXTURES\ROCK\BM_BRSPIRE_ROCKWALL02.BLP,wmo-embedded-path|wmo-material-texture,WORLD\WMO\CATACLYSM\VASHJIR\CAVES\VASHJIR_SMALL_CAVE.WMO,44876,852113F525F2A5C39C512153F8C4920271B60315,D:\Sirus\_client\World of Warcraft Sirus\Risen_Depths_Extract_2026-10-04\AssetClosure\ByArchive\patch-u.mpq\Dungeons\TEXTURES\ROCK\BM_BRSPIRE_ROCKWALL02.BLP
1,ruRU/locale-ruRU.mpq,INTERFACE\BUTTONS\GLOWSTAR.BLP,m2-embedded-path,WORLD\GENERIC\UNDEAD\PASSIVE DOODADS\UNDEADALCHEMYTABLE\UNDEAD_ALCHEMY_TABLE.M2,1540,02B8930014C2C1E847D7F38FBEB54A6C1116E058,D:\Sirus\_client\World of Warcraft Sirus\Risen_Depths_Extract_2026-10-04\AssetClosure\ByArchive\ruRU\locale-ruRU.mpq\INTERFACE\BUTTONS\GLOWSTAR.BLP
1,ruRU/locale-ruRU.mpq,INTERFACE\CHARACTERFRAME\UI-PARTY-BACKGROUND.BLP,m2-embedded-path,WORLD\GENERIC\PVP\COLLISIONWALL\COLLISIONWALLPVP02.M2,1868,AA0E91F0BA948858C724AE53E6BB92608065D88B,D:\Sirus\_client\World of Warcraft Sirus\Risen_Depths_Extract_2026-10-04\AssetClosure\ByArchive\ruRU\locale-ruRU.mpq\INTERFACE\CHARACTERFRAME\UI-PARTY-BACKGROUND.BLP
1,ruRU/locale-ruRU.mpq,Interface\Glues\Models\UI_Scourge\Cemetery01.blp,m2-embedded-path,WORLD\AZEROTH\DUSKWOOD\PASSIVEDOODADS\COFFIN\COFFIN.m2,88580,B76B1389742369A73E3E1C632C6A38B005816996,D:\Sirus\_client\World of Warcraft Sirus\Risen_Depths_Extract_2026-10-04\AssetClosure\ByArchive\ruRU\locale-ruRU.mpq\Interface\Glues\Models\UI_Scourge\Cemetery01.blp
1,ruRU/locale-ruRU.mpq,Interface\Glues\Models\UI_NightElf\KalidarMidTree_purple01.blp,m2-embedded-path,WORLD\KALIMDOR\KALIDAR\PASSIVEDOODADS\KALIDARBUSHES\KALIDARBUSH02.m2,6652,A4755C951EB0CD759DD4DAC7A7DBE901E05BF39B,D:\Sirus\_client\World of Warcraft Sirus\Risen_Depths_Extract_2026-10-04\AssetClosure\ByArchive\ruRU\locale-ruRU.mpq\Interface\Glues\Models\UI_NightElf\KalidarMidTree_purple01.blp
1,ruRU/patch-ruRU-b.mpq,Interface\Glues\Models\UI_Scourge\Cemetery01.blp,m2-embedded-path,WORLD\AZEROTH\DUSKWOOD\PASSIVEDOODADS\COFFIN\COFFIN.m2,88580,B6733D16C0343DB58036124FC6A3DDE07BD55975,D:\Sirus\_client\World of Warcraft Sirus\Risen_Depths_Extract_2026-10-04\AssetClosure\ByArchive\ruRU\patch-ruRU-b.mpq\Interface\Glues\Models\UI_Scourge\Cemetery01.blp
