MPQPath,Kinds,SourceCount,Sources,Extracted
CREATURE\DRYAD\ARMORREFLECT2.BLP,m2-embedded-path,1,WORLD\GENERIC\PASSIVEDOODADS\PLAINRUNE\RUNESTONE.M2,yes
CREATURE\ELEMENTALEARTH\WATERMIST.BLP,m2-embedded-path,1,WORLD\GENERIC\UNDEAD\PASSIVE DOODADS\UNDEADALCHEMYTABLE\UNDEAD_ALCHEMY_TABLE.M2,yes
CREATURE\FIREELEMENTAL\EMBER.BLP,m2-embedded-path,1,WORLD\GENERIC\OGRE\PASSIVE DOODADS\TORCHES\OGREWALLTORCH.m2,yes
CREATURE\FIREELEMENTAL\GLOWBALL.BLP,m2-embedded-path,2,WORLD\GENERIC\NIGHTELF\PASSIVE DOODADS\STONERUNES\KALIDARSTONERUNE03.m2 | WORLD\KALIMDOR\GENERIC\PASSIVEDOODADS\ELEVENDESTORYERWRECKBACK\ELVENDESTROYERWRECKBACK.M2,yes
CREATURE\FRENZY\FRENZYSKINBLUE.BLP,m2-embedded-path,1,WORLD\GENERIC\HUMAN\PASSIVE DOODADS\ANIMALHEADS\STUFFEDFRENZY.m2,yes
CREATURE\VRYKULBOAT\TRIM_01.BLP,m2-embedded-path,1,WORLD\EXPANSION02\DOODADS\GENERIC\VRYKUL\BOATS\TRANSPORT_VRYKUL_MEDIUM_DOODAD.M2,yes
CREATURE\VRYKULBOAT\VRYKUL_SEAVESSEL_WOOD01.BLP,m2-embedded-path|wmo-embedded-path|wmo-material-texture,3,WORLD\EXPANSION02\DOODADS\GENERIC\VRYKUL\BOATS\TRANSPORT_VRYKUL_MEDIUM_DOODAD.M2 | WORLD\WMO\TRANSPORTS\VRYKULBOATS\TRANSPORT_VRYKUL_LARGE.WMO | WORLD\WMO\TRANSPORTS\VRYKULBOATS\TRANSPORT_VRYKUL_LARGELESS.WMO,yes
CREATURE\VRYKULBOAT\VRYKUL_WINGSAIL.BLP,m2-embedded-path|wmo-embedded-path|wmo-material-texture,3,WORLD\EXPANSION02\DOODADS\GENERIC\VRYKUL\BOATS\TRANSPORT_VRYKUL_MEDIUM_DOODAD.M2 | WORLD\WMO\TRANSPORTS\VRYKULBOATS\TRANSPORT_VRYKUL_LARGE.WMO | WORLD\WMO\TRANSPORTS\VRYKULBOATS\TRANSPORT_VRYKUL_LARGELESS.WMO,yes
CREATURE\VRYKULBOAT\VRYKULDRAGONMAST.BLP,m2-embedded-path,1,WORLD\EXPANSION02\DOODADS\GENERIC\VRYKUL\BOATS\TRANSPORT_VRYKUL_MEDIUM_DOODAD.M2,yes
CREATURE\VRYKULBOAT\WOOD.BLP,m2-embedded-path,1,WORLD\EXPANSION02\DOODADS\GENERIC\VRYKUL\BOATS\TRANSPORT_VRYKUL_MEDIUM_DOODAD.M2,yes
DUNGEONS\TEXTURES\BRICK\MM_REDBRICK_03X.BLP,wmo-embedded-path|wmo-material-texture,1,WORLD\GENERIC\PVP\COLLISIONWALL\COLLISION.WMO,yes
DUNGEONS\TEXTURES\DECORATION\JLO_BBAY_NET.BLP,wmo-embedded-path|wmo-material-texture,1,WORLD\WMO\DUNGEON\MD_SHIPWRECK\TRANSPORT_SHIPWRECK_SUNKENSHIP.WMO,yes
DUNGEONS\TEXTURES\DECORATION\JLO_UDERCITY_SKULL.BLP,m2-embedded-path,1,INTERIORS\BUILDINGS\ND_FORSAKEN\ND_FORSAKEN_SHIPWRECKSKULLS.m2,yes
DUNGEONS\TEXTURES\DEVICES\MM_BARREL_SIDE_OPT.BLP,m2-embedded-path,1,WORLD\DUNGEON\GOLDSHIREINN\INNBARREL\INNBARREL.m2,yes
DUNGEONS\TEXTURES\DEVICES\MM_ORC_KENNEL_01.BLP,wmo-embedded-path|wmo-material-texture,1,WORLD\WMO\KALIMDOR\BUILDINGS\ORCKENNEL\ABANDONEDORCKENNEL.WMO,yes
DUNGEONS\TEXTURES\DOODADS\STORMWINDBARREL.BLP,m2-embedded-path,2,WORLD\GENERIC\PASSIVEDOODADS\FLOATINGDEBRIS\FLOATINGBARREL01.m2 | WORLD\GENERIC\PASSIVEDOODADS\FURNITURE\CONTAINERS\BARREL02.m2,yes
DUNGEONS\TEXTURES\DOODADS\STORMWINDCRATE01.BLP,m2-embedded-path,3,WORLD\GENERIC\HUMAN\PASSIVE DOODADS\CRATES\REPLACECRATE01.m2 | WORLD\GENERIC\HUMAN\PASSIVE DOODADS\CRATES\STORMWINDCRATE01.m2 | WORLD\GENERIC\PASSIVEDOODADS\FLOATINGDEBRIS\FLOATINGCRATE01.m2,yes
DUNGEONS\TEXTURES\DOODADS\TAURENGRAINSACK01.BLP,m2-embedded-path,1,WORLD\GENERIC\TAUREN\PASSIVE DOODADS\SACKS\TAURENSACK02.m2,yes
DUNGEONS\TEXTURES\DOOR\MM_GREENDOOR_01.BLP,wmo-embedded-path|wmo-material-texture,1,WORLD\WMO\NORTHREND\BUILDINGS\FORSAKEN\SHIPWRECK\ND_FORSAKEN_SHIPWRECK.WMO,yes
DUNGEONS\TEXTURES\DOOR\MM_STRMWND_DOORS_01.BLP,wmo-embedded-path|wmo-material-texture,1,WORLD\WMO\DUNGEON\MD_SHIPWRECK\TRANSPORT_SHIPWRECK_SUNKENSHIP.WMO,yes
DUNGEONS\TEXTURES\FLOOR\JLO_MRDN_GROUND.BLP,wmo-embedded-path|wmo-material-texture,2,WORLD\WMO\CATACLYSM\VASHJIR\CAVES\VASHJIRLARGECAVE_A.WMO | WORLD\WMO\CATACLYSM\VASHJIR\CAVES\VASHJIR_SMALL_CAVE.WMO,yes
DUNGEONS\TEXTURES\FLOOR\MM_STREET_03.BLP,wmo-embedded-path|wmo-material-texture,1,WORLD\GENERIC\PVP\COLLISIONWALL\COLLISION.WMO,yes
Dungeons\TEXTURES\HOZU\DK_MOUNTAIN_HOZU_CAVE_GROUND01.BLP,wmo-embedded-path|wmo-material-texture,1,WORLD\WMO\BROKENISLES\ARAKNASHAL\7AN_MOUNTAINCAVE_MEDIUM01.WMO,yes
Dungeons\TEXTURES\HOZU\DK_MOUNTAIN_HOZU_CAVE_ROCK04.BLP,wmo-embedded-path|wmo-material-texture,1,WORLD\WMO\BROKENISLES\ARAKNASHAL\7AN_MOUNTAINCAVE_MEDIUM01.WMO,yes
Dungeons\TEXTURES\HOZU\DK_MOUNTAIN_HOZU_CAVE_TRANS.BLP,wmo-embedded-path|wmo-material-texture,1,WORLD\WMO\BROKENISLES\ARAKNASHAL\7AN_MOUNTAINCAVE_MEDIUM01.WMO,yes
Dungeons\TEXTURES\HOZU\DK_MOUNTAIN_HOZU_MCAVE_CEILING.BLP,wmo-embedded-path|wmo-material-texture,1,WORLD\WMO\BROKENISLES\ARAKNASHAL\7AN_MOUNTAINCAVE_MEDIUM01.WMO,yes
Dungeons\TEXTURES\HOZU\DK_MOUNTAIN_HOZU_MCAVE_CRYSTAL.BLP,wmo-embedded-path|wmo-material-texture,1,WORLD\WMO\BROKENISLES\ARAKNASHAL\7AN_MOUNTAINCAVE_MEDIUM01.WMO,yes
Dungeons\TEXTURES\HOZU\DK_MOUNTAIN_HOZU_WALL01.BLP,wmo-embedded-path|wmo-material-texture,1,WORLD\WMO\BROKENISLES\ARAKNASHAL\7AN_MOUNTAINCAVE_MEDIUM01.WMO,yes
Dungeons\TEXTURES\HOZU\DK_MOUNTAIN_MCAVE_PILLAR.BLP,wmo-embedded-path|wmo-material-texture,1,WORLD\WMO\BROKENISLES\ARAKNASHAL\7AN_MOUNTAINCAVE_MEDIUM01.WMO,yes
DUNGEONS\TEXTURES\MAGNATAR\BOREAN_CEILING.BLP,wmo-embedded-path|wmo-material-texture,1,WORLD\WMO\DUNGEON\BOREANMAGNATAURMICRO\BOREANMAGNATAURMICRO_1ROOM.WMO,yes
DUNGEONS\TEXTURES\MAGNATAR\BOREAN_EXT_ROCK.BLP,wmo-embedded-path|wmo-material-texture,1,WORLD\WMO\DUNGEON\BOREANMAGNATAURMICRO\BOREANMAGNATAURMICRO_1ROOM.WMO,yes
DUNGEONS\TEXTURES\MAGNATAR\EB_BOREAN_CAVERNWALL02.BLP,wmo-embedded-path|wmo-material-texture,1,WORLD\WMO\DUNGEON\BOREANMAGNATAURMICRO\BOREANMAGNATAURMICRO_1ROOM.WMO,yes
DUNGEONS\TEXTURES\MAGNATAR\EB_BOREAN_MIDFLOORCRACKLED.BLP,wmo-embedded-path|wmo-material-texture,1,WORLD\WMO\DUNGEON\BOREANMAGNATAURMICRO\BOREANMAGNATAURMICRO_1ROOM.WMO,yes
DUNGEONS\TEXTURES\MAGNATAR\EB_BOREAN_MIDFLOORSMOOTH.BLP,wmo-embedded-path|wmo-material-texture,1,WORLD\WMO\DUNGEON\BOREANMAGNATAURMICRO\BOREANMAGNATAURMICRO_1ROOM.WMO,yes
DUNGEONS\TEXTURES\METAL\MM_MINERAIL_01.BLP,wmo-embedded-path|wmo-material-texture,1,WORLD\GENERIC\PVP\COLLISIONWALL\COLLISION.WMO,yes
DUNGEONS\TEXTURES\NIGHTELFRUINS\NIGHTELF_ARCHES_UNDERWATER_2.BLP,wmo-embedded-path|wmo-material-texture,1,WORLD\WMO\CATACLYSM\VASHJIR\BUILDINGS\VASHJIR_PALACE_BUILDINGS.WMO,yes
DUNGEONS\TEXTURES\NIGHTELFRUINS\NIGHTELF_ARCHES_UNDERWATER.BLP,wmo-embedded-path|wmo-material-texture,5,WORLD\WMO\CATACLYSM\VASHJIR\BUILDINGS\VASHJIR_PALACE_BUILDINGS.WMO | WORLD\WMO\KALIMDOR\BUILDINGS\CLASSICALELFRUINS\AZRCLASSICALELFRUIN_UW02.WMO | WORLD\WMO\KALIMDOR\BUILDINGS\CLASSICALELFRUINS\AZRCLASSICALELFRUIN_UW05.WMO | WORLD\WMO\KALIMDOR\BUILDINGS\CLASSICALELFRUINS\AZRCLASSICALELFRUIN_UW09.WMO | WORLD\WMO\KALIMDOR\BUILDINGS\CLASSICALELFRUINS\AZRCLASSICALELFRUIN_UW10.WMO,yes
DUNGEONS\TEXTURES\NIGHTELFRUINS\NIGHTELF_BRICK_ARCH_UNDERWATER_2.BLP,wmo-embedded-path|wmo-material-texture,1,WORLD\WMO\CATACLYSM\VASHJIR\BUILDINGS\VASHJIR_NIGHTELF_BROKEN_BRIDGE.WMO,yes
DUNGEONS\TEXTURES\NIGHTELFRUINS\NIGHTELF_BRICK_ARCH_UNDERWATER.BLP,m2-embedded-path|wmo-embedded-path|wmo-material-texture,11,WORLD\GENERIC\NIGHTELF\PASSIVE DOODADS\RUINS\AZRELFRUIN_UW09.M2 | WORLD\GENERIC\NIGHTELF\PASSIVE DOODADS\RUINS\AZRELFRUIN_UW10.M2 | WORLD\WMO\CATACLYSM\VASHJIR\BUILDINGS\VASHJIR_PALACE_BUILDINGS.WMO | WORLD\WMO\KALIMDOR\BUILDINGS\CLASSICALELFRUINS\AZRCLASSICALELFRUIN_UW01.WMO | WORLD\WMO\KALIMDOR\BUILDINGS\CLASSICALELFRUINS\AZRCLASSICALELFRUIN_UW02.WMO | WORLD\WMO\KALIMDOR\BUILDINGS\CLASSICALELFRUINS\AZRCLASSICALELFRUIN_UW03.WMO | WORLD\WMO\KALIMDOR\BUILDINGS\CLASSICALELFRUINS\AZRCLASSICALELFRUIN_UW05.WMO | WORLD\WMO\KALIMDOR\BUILDINGS\CLASSICALELFRUINS\AZRCLASSICALELFRUIN_UW07.WMO | WORLD\WMO\KALIMDOR\BUILDINGS\CLASSICALELFRUINS\AZRCLASSICALELFRUIN_UW08.WMO | WORLD\WMO\KALIMDOR\BUILDINGS\CLASSICALELFRUINS\AZRCLASSICALELFRUIN_UW09.WMO | WORLD\WMO\KALIMDOR\BUILDINGS\CLASSICALELFRUINS\AZRCLASSICALELFRUIN_UW10.WMO,yes
DUNGEONS\TEXTURES\NIGHTELFRUINS\NIGHTELF_BRICK_SWIRLY_UNDERWATER.BLP,wmo-embedded-path|wmo-material-texture,2,WORLD\WMO\CATACLYSM\VASHJIR\BUILDINGS\VASHJIR_PALACE_BUILDINGS.WMO | WORLD\WMO\KALIMDOR\BUILDINGS\CLASSICALELFRUINS\AZRCLASSICALELFRUIN_UW09.WMO,yes
DUNGEONS\TEXTURES\NIGHTELFRUINS\NIGHTELF_BRICK_UNDERWATER.BLP,wmo-embedded-path|wmo-material-texture,1,WORLD\WMO\CATACLYSM\VASHJIR\BUILDINGS\VASHJIR_PALACE_BUILDINGS.WMO,yes
DUNGEONS\TEXTURES\NIGHTELFRUINS\NIGHTELF_COLUMN_UNDERWATER.BLP,m2-embedded-path|wmo-embedded-path|wmo-material-texture,16,WORLD\GENERIC\NIGHTELF\PASSIVE DOODADS\RUINS\AZRELFRUIN_UW01.M2 | WORLD\GENERIC\NIGHTELF\PASSIVE DOODADS\RUINS\AZRELFRUIN_UW03.M2 | WORLD\GENERIC\NIGHTELF\PASSIVE DOODADS\RUINS\AZRELFRUIN_UW04.M2 | WORLD\GENERIC\NIGHTELF\PASSIVE DOODADS\RUINS\AZRELFRUIN_UW07.M2 | WORLD\GENERIC\NIGHTELF\PASSIVE DOODADS\RUINS\AZRELFRUIN_UW08.M2 | WORLD\GENERIC\NIGHTELF\PASSIVE DOODADS\RUINS\AZRELFRUIN_UW09.M2 | WORLD\WMO\CATACLYSM\VASHJIR\BUILDINGS\VASHJIR_NIGHTELF_BROKEN_BRIDGE.WMO | WORLD\WMO\CATACLYSM\VASHJIR\BUILDINGS\VASHJIR_PALACE_BUILDINGS.WMO | WORLD\WMO\KALIMDOR\BUILDINGS\CLASSICALELFRUINS\AZRCLASSICALELFRUIN_UW01.WMO | WORLD\WMO\KALIMDOR\BUILDINGS\CLASSICALELFRUINS\AZRCLASSICALELFRUIN_UW02.WMO | WORLD\WMO\KALIMDOR\BUILDINGS\CLASSICALELFRUINS\AZRCLASSICALELFRUIN_UW03.WMO | WORLD\WMO\KALIMDOR\BUILDINGS\CLASSICALELFRUINS\AZRCLASSICALELFRUIN_UW05.WMO | WORLD\WMO\KALIMDOR\BUILDINGS\CLASSICALELFRUINS\AZRCLASSICALELFRUIN_UW06.WMO | WORLD\WMO\KALIMDOR\BUILDINGS\CLASSICALELFRUINS\AZRCLASSICALELFRUIN_UW07.WMO | WORLD\WMO\KALIMDOR\BUILDINGS\CLASSICALELFRUINS\AZRCLASSICALELFRUIN_UW09.WMO | WORLD\WMO\KALIMDOR\BUILDINGS\CLASSICALELFRUINS\AZRCLASSICALELFRUIN_UW10.WMO,yes
DUNGEONS\TEXTURES\NIGHTELFRUINS\NIGHTELF_EROSION_UNDERWATER.BLP,wmo-embedded-path|wmo-material-texture,1,WORLD\WMO\CATACLYSM\VASHJIR\BUILDINGS\VASHJIR_PALACE_BUILDINGS.WMO,yes
DUNGEONS\TEXTURES\NIGHTELFRUINS\NIGHTELF_FLOOR_UNDERWATER.BLP,wmo-embedded-path|wmo-material-texture,10,WORLD\WMO\CATACLYSM\VASHJIR\BUILDINGS\VASHJIR_PALACE_BUILDINGS.WMO | WORLD\WMO\KALIMDOR\BUILDINGS\CLASSICALELFRUINS\AZRCLASSICALELFRUIN_UW01.WMO | WORLD\WMO\KALIMDOR\BUILDINGS\CLASSICALELFRUINS\AZRCLASSICALELFRUIN_UW02.WMO | WORLD\WMO\KALIMDOR\BUILDINGS\CLASSICALELFRUINS\AZRCLASSICALELFRUIN_UW03.WMO | WORLD\WMO\KALIMDOR\BUILDINGS\CLASSICALELFRUINS\AZRCLASSICALELFRUIN_UW05.WMO | WORLD\WMO\KALIMDOR\BUILDINGS\CLASSICALELFRUINS\AZRCLASSICALELFRUIN_UW06.WMO | WORLD\WMO\KALIMDOR\BUILDINGS\CLASSICALELFRUINS\AZRCLASSICALELFRUIN_UW07.WMO | WORLD\WMO\KALIMDOR\BUILDINGS\CLASSICALELFRUINS\AZRCLASSICALELFRUIN_UW08.WMO | WORLD\WMO\KALIMDOR\BUILDINGS\CLASSICALELFRUINS\AZRCLASSICALELFRUIN_UW09.WMO | WORLD\WMO\KALIMDOR\BUILDINGS\CLASSICALELFRUINS\AZRCLASSICALELFRUIN_UW10.WMO,yes
DUNGEONS\TEXTURES\NIGHTELFRUINS\NIGHTELF_MOSS_UNDERWATER.BLP,wmo-embedded-path|wmo-material-texture,11,WORLD\WMO\CATACLYSM\VASHJIR\BUILDINGS\VASHJIR_NIGHTELF_BROKEN_BRIDGE.WMO | WORLD\WMO\CATACLYSM\VASHJIR\BUILDINGS\VASHJIR_PALACE_BUILDINGS.WMO | WORLD\WMO\KALIMDOR\BUILDINGS\CLASSICALELFRUINS\AZRCLASSICALELFRUIN_UW01.WMO | WORLD\WMO\KALIMDOR\BUILDINGS\CLASSICALELFRUINS\AZRCLASSICALELFRUIN_UW02.WMO | WORLD\WMO\KALIMDOR\BUILDINGS\CLASSICALELFRUINS\AZRCLASSICALELFRUIN_UW03.WMO | WORLD\WMO\KALIMDOR\BUILDINGS\CLASSICALELFRUINS\AZRCLASSICALELFRUIN_UW05.WMO | WORLD\WMO\KALIMDOR\BUILDINGS\CLASSICALELFRUINS\AZRCLASSICALELFRUIN_UW06.WMO | WORLD\WMO\KALIMDOR\BUILDINGS\CLASSICALELFRUINS\AZRCLASSICALELFRUIN_UW07.WMO | WORLD\WMO\KALIMDOR\BUILDINGS\CLASSICALELFRUINS\AZRCLASSICALELFRUIN_UW08.WMO | WORLD\WMO\KALIMDOR\BUILDINGS\CLASSICALELFRUINS\AZRCLASSICALELFRUIN_UW09.WMO | WORLD\WMO\KALIMDOR\BUILDINGS\CLASSICALELFRUINS\AZRCLASSICALELFRUIN_UW10.WMO,yes
DUNGEONS\TEXTURES\NIGHTELFRUINS\NIGHTELF_PILLAR_BOTTOM_UNDERWATER.BLP,wmo-embedded-path|wmo-material-texture,2,WORLD\WMO\CATACLYSM\VASHJIR\BUILDINGS\VASHJIR_PALACE_BUILDINGS.WMO | WORLD\WMO\KALIMDOR\BUILDINGS\CLASSICALELFRUINS\AZRCLASSICALELFRUIN_UW09.WMO,yes
DUNGEONS\TEXTURES\NIGHTELFRUINS\NIGHTELF_ROCK_WHITE.BLP,wmo-embedded-path|wmo-material-texture,1,WORLD\WMO\KALIMDOR\BUILDINGS\CLASSICALELFRUINS\AZRCLASSICALELFRUIN_UW09.WMO,yes
DUNGEONS\TEXTURES\NIGHTELFRUINS\NIGHTELF_RUBBLE_UNDERWATER.BLP,m2-embedded-path|wmo-embedded-path|wmo-material-texture,16,WORLD\GENERIC\NIGHTELF\PASSIVE DOODADS\RUINS\AZRELFRUIN_UW01.M2 | WORLD\GENERIC\NIGHTELF\PASSIVE DOODADS\RUINS\AZRELFRUIN_UW03.M2 | WORLD\GENERIC\NIGHTELF\PASSIVE DOODADS\RUINS\AZRELFRUIN_UW04.M2 | WORLD\GENERIC\NIGHTELF\PASSIVE DOODADS\RUINS\AZRELFRUIN_UW07.M2 | WORLD\GENERIC\NIGHTELF\PASSIVE DOODADS\RUINS\AZRELFRUIN_UW08.M2 | WORLD\GENERIC\NIGHTELF\PASSIVE DOODADS\RUINS\AZRELFRUIN_UW09.M2 | WORLD\GENERIC\NIGHTELF\PASSIVE DOODADS\RUINS\AZRELFRUIN_UW10.M2 | WORLD\WMO\CATACLYSM\VASHJIR\BUILDINGS\VASHJIR_NIGHTELF_BROKEN_BRIDGE.WMO | WORLD\WMO\CATACLYSM\VASHJIR\BUILDINGS\VASHJIR_PALACE_BUILDINGS.WMO | WORLD\WMO\KALIMDOR\BUILDINGS\CLASSICALELFRUINS\AZRCLASSICALELFRUIN_UW01.WMO | WORLD\WMO\KALIMDOR\BUILDINGS\CLASSICALELFRUINS\AZRCLASSICALELFRUIN_UW02.WMO | WORLD\WMO\KALIMDOR\BUILDINGS\CLASSICALELFRUINS\AZRCLASSICALELFRUIN_UW03.WMO | WORLD\WMO\KALIMDOR\BUILDINGS\CLASSICALELFRUINS\AZRCLASSICALELFRUIN_UW05.WMO | WORLD\WMO\KALIMDOR\BUILDINGS\CLASSICALELFRUINS\AZRCLASSICALELFRUIN_UW06.WMO | WORLD\WMO\KALIMDOR\BUILDINGS\CLASSICALELFRUINS\AZRCLASSICALELFRUIN_UW09.WMO | WORLD\WMO\KALIMDOR\BUILDINGS\CLASSICALELFRUINS\AZRCLASSICALELFRUIN_UW10.WMO,yes
DUNGEONS\TEXTURES\NIGHTELFRUINS\NIGHTELF_SLATE_UNDERWATER.BLP,wmo-embedded-path|wmo-material-texture,3,WORLD\WMO\CATACLYSM\VASHJIR\BUILDINGS\VASHJIR_PALACE_BUILDINGS.WMO | WORLD\WMO\KALIMDOR\BUILDINGS\CLASSICALELFRUINS\AZRCLASSICALELFRUIN_UW08.WMO | WORLD\WMO\KALIMDOR\BUILDINGS\CLASSICALELFRUINS\AZRCLASSICALELFRUIN_UW09.WMO,yes
DUNGEONS\TEXTURES\NIGHTELFRUINS\NIGHTELF_STAIRS_UNDERWATER.BLP,wmo-embedded-path|wmo-material-texture,4,WORLD\WMO\CATACLYSM\VASHJIR\BUILDINGS\VASHJIR_PALACE_BUILDINGS.WMO | WORLD\WMO\KALIMDOR\BUILDINGS\CLASSICALELFRUINS\AZRCLASSICALELFRUIN_UW01.WMO | WORLD\WMO\KALIMDOR\BUILDINGS\CLASSICALELFRUINS\AZRCLASSICALELFRUIN_UW05.WMO | WORLD\WMO\KALIMDOR\BUILDINGS\CLASSICALELFRUINS\AZRCLASSICALELFRUIN_UW09.WMO,yes
DUNGEONS\TEXTURES\NIGHTELFRUINS\NIGHTELF_TRIANGLE_UNDERWATER.BLP,wmo-embedded-path|wmo-material-texture,5,WORLD\WMO\CATACLYSM\VASHJIR\BUILDINGS\VASHJIR_PALACE_BUILDINGS.WMO | WORLD\WMO\KALIMDOR\BUILDINGS\CLASSICALELFRUINS\AZRCLASSICALELFRUIN_UW03.WMO | WORLD\WMO\KALIMDOR\BUILDINGS\CLASSICALELFRUINS\AZRCLASSICALELFRUIN_UW05.WMO | WORLD\WMO\KALIMDOR\BUILDINGS\CLASSICALELFRUINS\AZRCLASSICALELFRUIN_UW06.WMO | WORLD\WMO\KALIMDOR\BUILDINGS\CLASSICALELFRUINS\AZRCLASSICALELFRUIN_UW09.WMO,yes
DUNGEONS\TEXTURES\NIGHTELFRUINS\NIGHTELF_TRIMS_INSIDE_WHITE.BLP,wmo-embedded-path|wmo-material-texture,1,WORLD\WMO\KALIMDOR\BUILDINGS\CLASSICALELFRUINS\AZRCLASSICALELFRUIN_UW09.WMO,yes
DUNGEONS\TEXTURES\NIGHTELFRUINS\NIGHTELF_TRIMS_UNDERWATER.BLP,m2-embedded-path|wmo-embedded-path|wmo-material-texture,18,WORLD\GENERIC\NIGHTELF\PASSIVE DOODADS\RUINS\AZRELFRUIN_UW01.M2 | WORLD\GENERIC\NIGHTELF\PASSIVE DOODADS\RUINS\AZRELFRUIN_UW03.M2 | WORLD\GENERIC\NIGHTELF\PASSIVE DOODADS\RUINS\AZRELFRUIN_UW04.M2 | WORLD\GENERIC\NIGHTELF\PASSIVE DOODADS\RUINS\AZRELFRUIN_UW07.M2 | WORLD\GENERIC\NIGHTELF\PASSIVE DOODADS\RUINS\AZRELFRUIN_UW08.M2 | WORLD\GENERIC\NIGHTELF\PASSIVE DOODADS\RUINS\AZRELFRUIN_UW09.M2 | WORLD\GENERIC\NIGHTELF\PASSIVE DOODADS\RUINS\AZRELFRUIN_UW10.M2 | WORLD\WMO\CATACLYSM\VASHJIR\BUILDINGS\VASHJIR_NIGHTELF_BROKEN_BRIDGE.WMO | WORLD\WMO\CATACLYSM\VASHJIR\BUILDINGS\VASHJIR_PALACE_BUILDINGS.WMO | WORLD\WMO\KALIMDOR\BUILDINGS\CLASSICALELFRUINS\AZRCLASSICALELFRUIN_UW01.WMO | WORLD\WMO\KALIMDOR\BUILDINGS\CLASSICALELFRUINS\AZRCLASSICALELFRUIN_UW02.WMO | WORLD\WMO\KALIMDOR\BUILDINGS\CLASSICALELFRUINS\AZRCLASSICALELFRUIN_UW03.WMO | WORLD\WMO\KALIMDOR\BUILDINGS\CLASSICALELFRUINS\AZRCLASSICALELFRUIN_UW05.WMO | WORLD\WMO\KALIMDOR\BUILDINGS\CLASSICALELFRUINS\AZRCLASSICALELFRUIN_UW06.WMO | WORLD\WMO\KALIMDOR\BUILDINGS\CLASSICALELFRUINS\AZRCLASSICALELFRUIN_UW07.WMO | WORLD\WMO\KALIMDOR\BUILDINGS\CLASSICALELFRUINS\AZRCLASSICALELFRUIN_UW08.WMO | WORLD\WMO\KALIMDOR\BUILDINGS\CLASSICALELFRUINS\AZRCLASSICALELFRUIN_UW09.WMO | WORLD\WMO\KALIMDOR\BUILDINGS\CLASSICALELFRUINS\AZRCLASSICALELFRUIN_UW10.WMO,yes
DUNGEONS\TEXTURES\NIGHTELFRUINS\NIGHTELF_WALL_ARCH_UNDERWATER.BLP,wmo-embedded-path|wmo-material-texture,1,WORLD\WMO\KALIMDOR\BUILDINGS\CLASSICALELFRUINS\AZRCLASSICALELFRUIN_UW09.WMO,yes
DUNGEONS\TEXTURES\NIGHTELFRUINS\NIGHTELF_WALL_BOTTOM_UNDERWATER.BLP,wmo-embedded-path|wmo-material-texture,9,WORLD\WMO\CATACLYSM\VASHJIR\BUILDINGS\VASHJIR_PALACE_BUILDINGS.WMO | WORLD\WMO\KALIMDOR\BUILDINGS\CLASSICALELFRUINS\AZRCLASSICALELFRUIN_UW01.WMO | WORLD\WMO\KALIMDOR\BUILDINGS\CLASSICALELFRUINS\AZRCLASSICALELFRUIN_UW02.WMO | WORLD\WMO\KALIMDOR\BUILDINGS\CLASSICALELFRUINS\AZRCLASSICALELFRUIN_UW03.WMO | WORLD\WMO\KALIMDOR\BUILDINGS\CLASSICALELFRUINS\AZRCLASSICALELFRUIN_UW06.WMO | WORLD\WMO\KALIMDOR\BUILDINGS\CLASSICALELFRUINS\AZRCLASSICALELFRUIN_UW07.WMO | WORLD\WMO\KALIMDOR\BUILDINGS\CLASSICALELFRUINS\AZRCLASSICALELFRUIN_UW08.WMO | WORLD\WMO\KALIMDOR\BUILDINGS\CLASSICALELFRUINS\AZRCLASSICALELFRUIN_UW09.WMO | WORLD\WMO\KALIMDOR\BUILDINGS\CLASSICALELFRUINS\AZRCLASSICALELFRUIN_UW10.WMO,yes
DUNGEONS\TEXTURES\NIGHTELFRUINS\NIGHTELF_WALL_PANEL_UNDERWATER.BLP,wmo-embedded-path|wmo-material-texture,6,WORLD\WMO\CATACLYSM\VASHJIR\BUILDINGS\VASHJIR_PALACE_BUILDINGS.WMO | WORLD\WMO\KALIMDOR\BUILDINGS\CLASSICALELFRUINS\AZRCLASSICALELFRUIN_UW02.WMO | WORLD\WMO\KALIMDOR\BUILDINGS\CLASSICALELFRUINS\AZRCLASSICALELFRUIN_UW03.WMO | WORLD\WMO\KALIMDOR\BUILDINGS\CLASSICALELFRUINS\AZRCLASSICALELFRUIN_UW06.WMO | WORLD\WMO\KALIMDOR\BUILDINGS\CLASSICALELFRUINS\AZRCLASSICALELFRUIN_UW09.WMO | WORLD\WMO\KALIMDOR\BUILDINGS\CLASSICALELFRUINS\AZRCLASSICALELFRUIN_UW10.WMO,yes
DUNGEONS\TEXTURES\NIGHTELFRUINS\NIGHTELF_WALL_TOP_UNDERWATER.BLP,wmo-embedded-path|wmo-material-texture,6,WORLD\WMO\CATACLYSM\VASHJIR\BUILDINGS\VASHJIR_NIGHTELF_BROKEN_BRIDGE.WMO | WORLD\WMO\CATACLYSM\VASHJIR\BUILDINGS\VASHJIR_PALACE_BUILDINGS.WMO | WORLD\WMO\KALIMDOR\BUILDINGS\CLASSICALELFRUINS\AZRCLASSICALELFRUIN_UW03.WMO | WORLD\WMO\KALIMDOR\BUILDINGS\CLASSICALELFRUINS\AZRCLASSICALELFRUIN_UW05.WMO | WORLD\WMO\KALIMDOR\BUILDINGS\CLASSICALELFRUINS\AZRCLASSICALELFRUIN_UW06.WMO | WORLD\WMO\KALIMDOR\BUILDINGS\CLASSICALELFRUINS\AZRCLASSICALELFRUIN_UW09.WMO,yes
DUNGEONS\TEXTURES\NIGHTELFRUINS\NIGHTELF_WINDOW_UNDERWATER.BLP,wmo-embedded-path|wmo-material-texture,5,WORLD\WMO\CATACLYSM\VASHJIR\BUILDINGS\VASHJIR_PALACE_BUILDINGS.WMO | WORLD\WMO\KALIMDOR\BUILDINGS\CLASSICALELFRUINS\AZRCLASSICALELFRUIN_UW02.WMO | WORLD\WMO\KALIMDOR\BUILDINGS\CLASSICALELFRUINS\AZRCLASSICALELFRUIN_UW05.WMO | WORLD\WMO\KALIMDOR\BUILDINGS\CLASSICALELFRUINS\AZRCLASSICALELFRUIN_UW09.WMO | WORLD\WMO\KALIMDOR\BUILDINGS\CLASSICALELFRUINS\AZRCLASSICALELFRUIN_UW10.WMO,yes
DUNGEONS\TEXTURES\NIGHTELFRUINS\VJ_STATUE01.BLP,wmo-embedded-path|wmo-material-texture,1,WORLD\WMO\CATACLYSM\VASHJIR\BUILDINGS\VASHJIR_PALACE_BUILDINGS.WMO,yes
DUNGEONS\TEXTURES\NIGHTELFRUINS\VJ_STATUE02.BLP,wmo-embedded-path|wmo-material-texture,1,WORLD\WMO\CATACLYSM\VASHJIR\BUILDINGS\VASHJIR_PALACE_BUILDINGS.WMO,yes
DUNGEONS\TEXTURES\NIGHTELFRUINS\VJ_STATUE03.BLP,wmo-embedded-path|wmo-material-texture,1,WORLD\WMO\CATACLYSM\VASHJIR\BUILDINGS\VASHJIR_PALACE_BUILDINGS.WMO,yes
Dungeons\TEXTURES\PANDAREN\MOGU_ANCIENT\PR_MOGU_CRYPT_DIRT.BLP,wmo-embedded-path|wmo-material-texture,1,WORLD\WMO\BROKENISLES\ARAKNASHAL\7AN_MOUNTAINCAVE_MEDIUM01.WMO,yes
Dungeons\TEXTURES\PANDAREN\VERMING\PR_VERMING_DIRT2.BLP,wmo-embedded-path|wmo-material-texture,1,WORLD\WMO\BROKENISLES\ARAKNASHAL\7AN_MOUNTAINCAVE_MEDIUM01.WMO,yes
DUNGEONS\TEXTURES\RAZORFEN\STU_RF_PIGHUTBOTTOM.BLP,wmo-embedded-path|wmo-material-texture,1,WORLD\WMO\KALIMDOR\BUILDINGS\QUILLBOAR\BIGHOUSE.WMO,yes
DUNGEONS\TEXTURES\RAZORFEN\STU_RF_PIGHUTWALL.BLP,wmo-embedded-path|wmo-material-texture,1,WORLD\WMO\KALIMDOR\BUILDINGS\QUILLBOAR\BIGHOUSE.WMO,yes
DUNGEONS\TEXTURES\RAZORFEN\STU_RF_PIGLOG.BLP,wmo-embedded-path|wmo-material-texture,1,WORLD\WMO\KALIMDOR\BUILDINGS\QUILLBOAR\BIGHOUSE.WMO,yes
DUNGEONS\TEXTURES\RAZORFEN\STU_RF_PIGROOF.BLP,wmo-embedded-path|wmo-material-texture,1,WORLD\WMO\KALIMDOR\BUILDINGS\QUILLBOAR\BIGHOUSE.WMO,yes
DUNGEONS\TEXTURES\RAZORFEN\STU_RF_PIGROOFTOP.BLP,wmo-embedded-path|wmo-material-texture,1,WORLD\WMO\KALIMDOR\BUILDINGS\QUILLBOAR\BIGHOUSE.WMO,yes
DUNGEONS\TEXTURES\ROCK\BM_BRSPIRE_CUBEROCK01.BLP,wmo-embedded-path|wmo-material-texture,2,WORLD\WMO\CATACLYSM\VASHJIR\CAVES\VASHJIRLARGECAVE_A.WMO | WORLD\WMO\CATACLYSM\VASHJIR\CAVES\VASHJIR_SMALL_CAVE.WMO,yes
Dungeons\TEXTURES\ROCK\BM_BRSPIRE_ROCKWALL02.BLP,wmo-embedded-path|wmo-material-texture,1,WORLD\WMO\CATACLYSM\VASHJIR\CAVES\VASHJIR_SMALL_CAVE.WMO,yes
DUNGEONS\TEXTURES\ROCK\JLO_MCAVE_CEILING.BLP,wmo-embedded-path|wmo-material-texture,2,WORLD\WMO\DUNGEON\MD_MOUNTAINCAVE\MD_MUSHROOMCAVE07.WMO | WORLD\WMO\DUNGEON\MD_MOUNTAINCAVE\MD_UNDERWATERCAVE_MEDIUM.WMO,yes
DUNGEONS\TEXTURES\ROCK\JLO_MCAVE_CRYSTAL.BLP,wmo-embedded-path|wmo-material-texture,2,WORLD\WMO\DUNGEON\MD_MOUNTAINCAVE\MD_MUSHROOMCAVE07.WMO | WORLD\WMO\DUNGEON\MD_MOUNTAINCAVE\MD_UNDERWATERCAVE_MEDIUM.WMO,yes
DUNGEONS\TEXTURES\ROCK\JLO_MCAVE_GROUND.BLP,wmo-embedded-path|wmo-material-texture,2,WORLD\WMO\DUNGEON\MD_MOUNTAINCAVE\MD_MUSHROOMCAVE07.WMO | WORLD\WMO\DUNGEON\MD_MOUNTAINCAVE\MD_UNDERWATERCAVE_MEDIUM.WMO,yes
DUNGEONS\TEXTURES\ROCK\JLO_MCAVE_GROUND2.BLP,wmo-embedded-path|wmo-material-texture,1,WORLD\WMO\DUNGEON\MD_MOUNTAINCAVE\MD_UNDERWATERCAVE_MEDIUM.WMO,yes
DUNGEONS\TEXTURES\ROCK\JLO_MCAVE_LEDGE2.BLP,wmo-embedded-path|wmo-material-texture,1,WORLD\WMO\DUNGEON\MD_MOUNTAINCAVE\MD_UNDERWATERCAVE_MEDIUM.WMO,yes
DUNGEONS\TEXTURES\ROCK\JLO_MCAVE_PILLAR.BLP,wmo-embedded-path|wmo-material-texture,2,WORLD\WMO\DUNGEON\MD_MOUNTAINCAVE\MD_MUSHROOMCAVE07.WMO | WORLD\WMO\DUNGEON\MD_MOUNTAINCAVE\MD_UNDERWATERCAVE_MEDIUM.WMO,yes
DUNGEONS\TEXTURES\ROCK\JLO_MCAVE_PIT.BLP,wmo-embedded-path|wmo-material-texture,1,WORLD\WMO\DUNGEON\MD_MOUNTAINCAVE\MD_UNDERWATERCAVE_MEDIUM.WMO,yes
DUNGEONS\TEXTURES\ROCK\JLO_MCAVE_ROCK.BLP,wmo-embedded-path|wmo-material-texture,2,WORLD\WMO\DUNGEON\MD_MOUNTAINCAVE\MD_MUSHROOMCAVE07.WMO | WORLD\WMO\DUNGEON\MD_MOUNTAINCAVE\MD_UNDERWATERCAVE_MEDIUM.WMO,yes
DUNGEONS\TEXTURES\ROCK\JLO_MCAVE_TRANS.BLP,wmo-embedded-path|wmo-material-texture,2,WORLD\WMO\DUNGEON\MD_MOUNTAINCAVE\MD_MUSHROOMCAVE07.WMO | WORLD\WMO\DUNGEON\MD_MOUNTAINCAVE\MD_UNDERWATERCAVE_MEDIUM.WMO,yes
DUNGEONS\TEXTURES\ROCK\JLO_MCAVE_WALL.BLP,wmo-embedded-path|wmo-material-texture,1,WORLD\WMO\DUNGEON\MD_MOUNTAINCAVE\MD_UNDERWATERCAVE_MEDIUM.WMO,yes
DUNGEONS\TEXTURES\ROCK\JLO_MCAVE_WALLA.BLP,wmo-embedded-path|wmo-material-texture,2,WORLD\WMO\DUNGEON\MD_MOUNTAINCAVE\MD_MUSHROOMCAVE07.WMO | WORLD\WMO\DUNGEON\MD_MOUNTAINCAVE\MD_UNDERWATERCAVE_MEDIUM.WMO,yes
DUNGEONS\TEXTURES\ROCK\JLO_MCAVEEX_CAVE.BLP,wmo-embedded-path|wmo-material-texture,2,WORLD\WMO\DUNGEON\MD_MOUNTAINCAVE\MD_MUSHROOMCAVE07.WMO | WORLD\WMO\DUNGEON\MD_MOUNTAINCAVE\MD_UNDERWATERCAVE_MEDIUM.WMO,yes
DUNGEONS\TEXTURES\ROCK\JLO_MCAVEEX_CRYSTALROCK.BLP,wmo-embedded-path|wmo-material-texture,2,WORLD\WMO\DUNGEON\MD_MOUNTAINCAVE\MD_MUSHROOMCAVE07.WMO | WORLD\WMO\DUNGEON\MD_MOUNTAINCAVE\MD_UNDERWATERCAVE_MEDIUM.WMO,yes
DUNGEONS\TEXTURES\ROCK\JLO_MCAVEEX_ROCK.BLP,wmo-embedded-path|wmo-material-texture,2,WORLD\WMO\DUNGEON\MD_MOUNTAINCAVE\MD_MUSHROOMCAVE07.WMO | WORLD\WMO\DUNGEON\MD_MOUNTAINCAVE\MD_UNDERWATERCAVE_MEDIUM.WMO,yes
DUNGEONS\TEXTURES\ROOF\MM_OGRMR_ROOFTRIM_01.BLP,wmo-embedded-path|wmo-material-texture,1,WORLD\WMO\KALIMDOR\BUILDINGS\ORCKENNEL\ABANDONEDORCKENNEL.WMO,yes
DUNGEONS\TEXTURES\ROOF\MM_ORC_AROOF_02.BLP,wmo-embedded-path|wmo-material-texture,1,WORLD\WMO\KALIMDOR\BUILDINGS\ORCKENNEL\ABANDONEDORCKENNEL.WMO,yes
DUNGEONS\TEXTURES\ROOF\MM_STRMWND_ROOF_01.BLP,wmo-embedded-path|wmo-material-texture,1,WORLD\GENERIC\PVP\COLLISIONWALL\COLLISION.WMO,yes
DUNGEONS\TEXTURES\SHIPWRECK\JS_BBAY_CEILING.BLP,wmo-embedded-path|wmo-material-texture,1,WORLD\WMO\DUNGEON\MD_SHIPWRECK\TRANSPORT_SHIPWRECK_SUNKENSHIP.WMO,yes
DUNGEONS\TEXTURES\SHIPWRECK\JS_BBAY_PLANK.BLP,wmo-embedded-path|wmo-material-texture,1,WORLD\WMO\DUNGEON\MD_SHIPWRECK\TRANSPORT_SHIPWRECK_SUNKENSHIP.WMO,yes
DUNGEONS\TEXTURES\SHIPWRECK\JS_BBAY_SHIPEXTERIOR.BLP,wmo-embedded-path|wmo-material-texture,1,WORLD\WMO\DUNGEON\MD_SHIPWRECK\TRANSPORT_SHIPWRECK_SUNKENSHIP.WMO,yes
DUNGEONS\TEXTURES\SHIPWRECK\JS_BBAY_SHIPINTERIOR.BLP,wmo-embedded-path|wmo-material-texture,1,WORLD\WMO\DUNGEON\MD_SHIPWRECK\TRANSPORT_SHIPWRECK_SUNKENSHIP.WMO,yes
DUNGEONS\TEXTURES\SHIPWRECK\JS_BBAY_SHIPTRIM_01.BLP,wmo-embedded-path|wmo-material-texture,1,WORLD\WMO\DUNGEON\MD_SHIPWRECK\TRANSPORT_SHIPWRECK_SUNKENSHIP.WMO,yes
DUNGEONS\TEXTURES\SHIPWRECK\JS_BBAY_TRIM_01.BLP,wmo-embedded-path|wmo-material-texture,1,WORLD\WMO\DUNGEON\MD_SHIPWRECK\TRANSPORT_SHIPWRECK_SUNKENSHIP.WMO,yes
DUNGEONS\TEXTURES\SHIPWRECK\JS_BBAY_TRIM_02.BLP,wmo-embedded-path|wmo-material-texture,1,WORLD\WMO\DUNGEON\MD_SHIPWRECK\TRANSPORT_SHIPWRECK_SUNKENSHIP.WMO,yes
DUNGEONS\TEXTURES\SHIPWRECK\JS_BBAY_TRIM_03.BLP,wmo-embedded-path|wmo-material-texture,1,WORLD\WMO\DUNGEON\MD_SHIPWRECK\TRANSPORT_SHIPWRECK_SUNKENSHIP.WMO,yes
DUNGEONS\TEXTURES\SHIPWRECK\JS_BBAY_WINDOWS.BLP,wmo-embedded-path|wmo-material-texture,1,WORLD\WMO\DUNGEON\MD_SHIPWRECK\TRANSPORT_SHIPWRECK_SUNKENSHIP.WMO,yes
DUNGEONS\TEXTURES\SHIPWRECK\STU_SHIPWRECK_ALPHAART.BLP,wmo-embedded-path|wmo-material-texture,2,WORLD\WMO\DUNGEON\MD_SHIPWRECK\SHIPWRECK_A.WMO | WORLD\WMO\DUNGEON\MD_SHIPWRECK\SHIPWRECK_B.WMO,yes
DUNGEONS\TEXTURES\SHIPWRECK\STU_SHIPWRECK_DECKPLANKING.BLP,wmo-embedded-path|wmo-material-texture,5,WORLD\WMO\DUNGEON\MD_SHIPWRECK\SHIPWRECK_A.WMO | WORLD\WMO\DUNGEON\MD_SHIPWRECK\SHIPWRECK_B.WMO | WORLD\WMO\DUNGEON\MD_SHIPWRECK\SHIPWRECK_D.WMO | WORLD\WMO\DUNGEON\MD_SHIPWRECK\SHIPWRECK_DFRONT.WMO | WORLD\WMO\DUNGEON\MD_SHIPWRECK\SHIPWRECK_DFRONT_SOLID.WMO,yes
DUNGEONS\TEXTURES\SHIPWRECK\STU_SHIPWRECK_KEEL.BLP,wmo-embedded-path|wmo-material-texture,6,WORLD\WMO\DUNGEON\MD_SHIPWRECK\SHIPWRECK_A.WMO | WORLD\WMO\DUNGEON\MD_SHIPWRECK\SHIPWRECK_B.WMO | WORLD\WMO\DUNGEON\MD_SHIPWRECK\SHIPWRECK_C.WMO | WORLD\WMO\DUNGEON\MD_SHIPWRECK\SHIPWRECK_D.WMO | WORLD\WMO\DUNGEON\MD_SHIPWRECK\SHIPWRECK_DFRONT.WMO | WORLD\WMO\DUNGEON\MD_SHIPWRECK\SHIPWRECK_DFRONT_SOLID.WMO,yes
DUNGEONS\TEXTURES\SHIPWRECK\STU_SHIPWRECK_PLANK00.BLP,wmo-embedded-path|wmo-material-texture,2,WORLD\WMO\DUNGEON\MD_SHIPWRECK\SHIPWRECK_A.WMO | WORLD\WMO\DUNGEON\MD_SHIPWRECK\SHIPWRECK_B.WMO,yes
DUNGEONS\TEXTURES\SHIPWRECK\STU_SHIPWRECK_PLANK01.BLP,wmo-embedded-path|wmo-material-texture,7,WORLD\WMO\DUNGEON\MD_SHIPWRECK\SHIPWRECK_A.WMO | WORLD\WMO\DUNGEON\MD_SHIPWRECK\SHIPWRECK_B.WMO | WORLD\WMO\DUNGEON\MD_SHIPWRECK\SHIPWRECK_C.WMO | WORLD\WMO\DUNGEON\MD_SHIPWRECK\SHIPWRECK_D.WMO | WORLD\WMO\DUNGEON\MD_SHIPWRECK\SHIPWRECK_DBACK.WMO | WORLD\WMO\DUNGEON\MD_SHIPWRECK\SHIPWRECK_DFRONT.WMO | WORLD\WMO\DUNGEON\MD_SHIPWRECK\SHIPWRECK_DFRONT_SOLID.WMO,yes
DUNGEONS\TEXTURES\SHIPWRECK\STU_SHIPWRECK_PLANK02.BLP,wmo-embedded-path|wmo-material-texture,7,WORLD\WMO\DUNGEON\MD_SHIPWRECK\SHIPWRECK_A.WMO | WORLD\WMO\DUNGEON\MD_SHIPWRECK\SHIPWRECK_B.WMO | WORLD\WMO\DUNGEON\MD_SHIPWRECK\SHIPWRECK_C.WMO | WORLD\WMO\DUNGEON\MD_SHIPWRECK\SHIPWRECK_D.WMO | WORLD\WMO\DUNGEON\MD_SHIPWRECK\SHIPWRECK_DBACK.WMO | WORLD\WMO\DUNGEON\MD_SHIPWRECK\SHIPWRECK_DFRONT.WMO | WORLD\WMO\DUNGEON\MD_SHIPWRECK\SHIPWRECK_DFRONT_SOLID.WMO,yes
DUNGEONS\TEXTURES\SHIPWRECK\STU_SHIPWRECK_PLANK03.BLP,wmo-embedded-path|wmo-material-texture,6,WORLD\WMO\DUNGEON\MD_SHIPWRECK\SHIPWRECK_A.WMO | WORLD\WMO\DUNGEON\MD_SHIPWRECK\SHIPWRECK_B.WMO | WORLD\WMO\DUNGEON\MD_SHIPWRECK\SHIPWRECK_C.WMO | WORLD\WMO\DUNGEON\MD_SHIPWRECK\SHIPWRECK_D.WMO | WORLD\WMO\DUNGEON\MD_SHIPWRECK\SHIPWRECK_DFRONT.WMO | WORLD\WMO\DUNGEON\MD_SHIPWRECK\SHIPWRECK_DFRONT_SOLID.WMO,yes
DUNGEONS\TEXTURES\SHIPWRECK\STU_SHIPWRECK_RAILING00.BLP,wmo-embedded-path|wmo-material-texture,6,WORLD\WMO\DUNGEON\MD_SHIPWRECK\SHIPWRECK_A.WMO | WORLD\WMO\DUNGEON\MD_SHIPWRECK\SHIPWRECK_B.WMO | WORLD\WMO\DUNGEON\MD_SHIPWRECK\SHIPWRECK_C.WMO | WORLD\WMO\DUNGEON\MD_SHIPWRECK\SHIPWRECK_D.WMO | WORLD\WMO\DUNGEON\MD_SHIPWRECK\SHIPWRECK_DFRONT.WMO | WORLD\WMO\DUNGEON\MD_SHIPWRECK\SHIPWRECK_DFRONT_SOLID.WMO,yes
DUNGEONS\TEXTURES\SHIPWRECK\STU_SHIPWRECK_SAIL.BLP,wmo-embedded-path|wmo-material-texture,2,WORLD\WMO\DUNGEON\MD_SHIPWRECK\SHIPWRECK_A.WMO | WORLD\WMO\DUNGEON\MD_SHIPWRECK\SHIPWRECK_B.WMO,yes
DUNGEONS\TEXTURES\SHIPWRECK\STU_SHIPWRECK_WALL_01.BLP,wmo-embedded-path|wmo-material-texture,7,WORLD\WMO\DUNGEON\MD_SHIPWRECK\SHIPWRECK_A.WMO | WORLD\WMO\DUNGEON\MD_SHIPWRECK\SHIPWRECK_B.WMO | WORLD\WMO\DUNGEON\MD_SHIPWRECK\SHIPWRECK_C.WMO | WORLD\WMO\DUNGEON\MD_SHIPWRECK\SHIPWRECK_D.WMO | WORLD\WMO\DUNGEON\MD_SHIPWRECK\SHIPWRECK_DBACK.WMO | WORLD\WMO\DUNGEON\MD_SHIPWRECK\SHIPWRECK_DFRONT.WMO | WORLD\WMO\DUNGEON\MD_SHIPWRECK\SHIPWRECK_DFRONT_SOLID.WMO,yes
DUNGEONS\TEXTURES\SHIPWRECK\STU_SHIPWRECK_WALL_02.BLP,wmo-embedded-path|wmo-material-texture,2,WORLD\WMO\DUNGEON\MD_SHIPWRECK\SHIPWRECK_A.WMO | WORLD\WMO\DUNGEON\MD_SHIPWRECK\SHIPWRECK_B.WMO,yes
DUNGEONS\TEXTURES\STORMWIND\GRAY12.BLP,wmo-embedded-path|wmo-material-texture,2,WORLD\WMO\CATACLYSM\VASHJIR\CAVES\VASHJIR_SMALL_CAVE.WMO | WORLD\WMO\KALIMDOR\BUILDINGS\CLASSICALELFRUINS\AZRCLASSICALELFRUIN_UW10.WMO,yes
Dungeons\TEXTURES\TEMP\64.BLP,wmo-embedded-path|wmo-material-texture,3,WORLD\WMO\BROKENISLES\ARAKNASHAL\7AN_MOUNTAINCAVE_MEDIUM01.WMO | WORLD\WMO\CATACLYSM\VASHJIR\CAVES\VASHJIRLARGECAVE_A.WMO | WORLD\WMO\DUNGEON\MD_SHIPWRECK\TRANSPORT_SHIPWRECK_SUNKENSHIP.WMO,yes
Dungeons\TEXTURES\TESTS\BLACK.BLP,wmo-embedded-path|wmo-material-texture,1,WORLD\WMO\BROKENISLES\ARAKNASHAL\7AN_MOUNTAINCAVE_MEDIUM01.WMO,yes
DUNGEONS\TEXTURES\TREES\KALIDARFATTREE01.BLP,m2-embedded-path,1,WORLD\KALIMDOR\KALIDAR\PASSIVEDOODADS\KALIDARTREES\KALIDARTREE02.m2,yes
DUNGEONS\TEXTURES\TREES\KALIDARTREE_FATLEAF_PURPLE.BLP,m2-embedded-path,2,WORLD\KALIMDOR\KALIDAR\PASSIVEDOODADS\KALIDARTREES\KALIDARTREE03.m2 | WORLD\KALIMDOR\KALIDAR\PASSIVEDOODADS\KALIDARTREES\KALIDARTREE04.m2,yes
DUNGEONS\TEXTURES\TREES\KALIDARTREEFERN01.BLP,m2-embedded-path,1,WORLD\KALIMDOR\KALIDAR\PASSIVEDOODADS\KALIDARTREES\KALIDARTREE02.m2,yes
DUNGEONS\TEXTURES\TREES\KALIDATMIDTREELEAF01.BLP,m2-embedded-path,1,WORLD\KALIMDOR\KALIDAR\PASSIVEDOODADS\KALIDARTREES\KALIDARTREE05.m2,yes
DUNGEONS\TEXTURES\TRIM\AM_BBAY_TRIM_02_PIRATE.BLP,wmo-embedded-path|wmo-material-texture,2,WORLD\WMO\DUNGEON\MD_SHIPWRECK\SHIPWRECK_DBACK.WMO | WORLD\WMO\DUNGEON\MD_SHIPWRECK\SHIPWRECK_DFRONT.WMO,yes
DUNGEONS\TEXTURES\TRIM\JLO_BBAY_MISC.BLP,wmo-embedded-path|wmo-material-texture,4,WORLD\WMO\DUNGEON\MD_SHIPWRECK\SHIPWRECK_DBACK.WMO | WORLD\WMO\DUNGEON\MD_SHIPWRECK\SHIPWRECK_DFRONT.WMO | WORLD\WMO\DUNGEON\MD_SHIPWRECK\SHIPWRECK_DFRONT_SOLID.WMO | WORLD\WMO\DUNGEON\MD_SHIPWRECK\TRANSPORT_SHIPWRECK_SUNKENSHIP.WMO,yes
DUNGEONS\TEXTURES\TRIM\JLO_UDERCITY_TRIM_01.BLP,m2-embedded-path,1,INTERIORS\BUILDINGS\ND_FORSAKEN\ND_FORSAKEN_SHIPWRECKSKULLS.m2,yes
DUNGEONS\TEXTURES\TRIM\JLO_UDERCITY_TRIM03.BLP,m2-embedded-path|wmo-embedded-path|wmo-material-texture,2,INTERIORS\BUILDINGS\ND_FORSAKEN\ND_FORSAKEN_SHIPWRECKSKULLS.m2 | WORLD\WMO\NORTHREND\BUILDINGS\FORSAKEN\SHIPWRECK\ND_FORSAKEN_SHIPWRECK.WMO,yes
DUNGEONS\TEXTURES\TRIM\MM_ORC_AINT_TRIM_01.BLP,wmo-embedded-path|wmo-material-texture,1,WORLD\WMO\KALIMDOR\BUILDINGS\ORCKENNEL\ABANDONEDORCKENNEL.WMO,yes
DUNGEONS\TEXTURES\TRIM\MM_ORC_AINT_TRIM_02.BLP,wmo-embedded-path|wmo-material-texture,1,WORLD\WMO\KALIMDOR\BUILDINGS\ORCKENNEL\ABANDONEDORCKENNEL.WMO,yes
DUNGEONS\TEXTURES\TRIM\MM_ORC_ATRIM_01.BLP,wmo-embedded-path|wmo-material-texture,1,WORLD\WMO\KALIMDOR\BUILDINGS\ORCKENNEL\ABANDONEDORCKENNEL.WMO,yes
DUNGEONS\TEXTURES\TRIM\MM_ORC_ATRIM_02.BLP,wmo-embedded-path|wmo-material-texture,1,WORLD\WMO\KALIMDOR\BUILDINGS\ORCKENNEL\ABANDONEDORCKENNEL.WMO,yes
DUNGEONS\TEXTURES\TRIM\MM_STRMWND_SUPPORTS_01.BLP,wmo-embedded-path|wmo-material-texture,1,WORLD\GENERIC\PVP\COLLISIONWALL\COLLISION.WMO,yes
DUNGEONS\TEXTURES\TRIM\MM_STRMWND_TRIM_01.BLP,wmo-embedded-path|wmo-material-texture,1,WORLD\GENERIC\PVP\COLLISIONWALL\COLLISION.WMO,yes
DUNGEONS\TEXTURES\UNDEAD_SHIP\AM_BBAY_BLASTMARK.BLP,m2-embedded-path,1,INTERIORS\BUILDINGS\ND_FORSAKEN\ND_FORSAKEN_SHIPWRECKSKULLS.m2,yes
DUNGEONS\TEXTURES\UNDEAD_SHIP\AM_BBAY_CEILING.BLP,wmo-embedded-path|wmo-material-texture,1,WORLD\WMO\NORTHREND\BUILDINGS\FORSAKEN\SHIPWRECK\ND_FORSAKEN_SHIPWRECK.WMO,yes
DUNGEONS\TEXTURES\UNDEAD_SHIP\AM_BBAY_CEILINGBURN.BLP,wmo-embedded-path|wmo-material-texture,1,WORLD\WMO\NORTHREND\BUILDINGS\FORSAKEN\SHIPWRECK\ND_FORSAKEN_SHIPWRECK.WMO,yes
DUNGEONS\TEXTURES\UNDEAD_SHIP\AM_BBAY_MISCBURN.BLP,wmo-embedded-path|wmo-material-texture,1,WORLD\WMO\NORTHREND\BUILDINGS\FORSAKEN\SHIPWRECK\ND_FORSAKEN_SHIPWRECK.WMO,yes
DUNGEONS\TEXTURES\UNDEAD_SHIP\AM_BBAY_NET.BLP,wmo-embedded-path|wmo-material-texture,1,WORLD\WMO\NORTHREND\BUILDINGS\FORSAKEN\SHIPWRECK\ND_FORSAKEN_SHIPWRECK.WMO,yes
DUNGEONS\TEXTURES\UNDEAD_SHIP\AM_BBAY_PLANK.BLP,wmo-embedded-path|wmo-material-texture,1,WORLD\WMO\NORTHREND\BUILDINGS\FORSAKEN\SHIPWRECK\ND_FORSAKEN_SHIPWRECK.WMO,yes
DUNGEONS\TEXTURES\UNDEAD_SHIP\AM_BBAY_PLANKBURN02.BLP,wmo-embedded-path|wmo-material-texture,1,WORLD\WMO\NORTHREND\BUILDINGS\FORSAKEN\SHIPWRECK\ND_FORSAKEN_SHIPWRECK.WMO,yes
DUNGEONS\TEXTURES\UNDEAD_SHIP\AM_BBAY_PLANKBURNED.BLP,wmo-embedded-path|wmo-material-texture,1,WORLD\WMO\NORTHREND\BUILDINGS\FORSAKEN\SHIPWRECK\ND_FORSAKEN_SHIPWRECK.WMO,yes
DUNGEONS\TEXTURES\UNDEAD_SHIP\AM_BBAY_SAILRIPPED.BLP,wmo-embedded-path|wmo-material-texture,1,WORLD\WMO\NORTHREND\BUILDINGS\FORSAKEN\SHIPWRECK\ND_FORSAKEN_SHIPWRECK.WMO,yes
DUNGEONS\TEXTURES\UNDEAD_SHIP\AM_BBAY_SHIPEXTERIOR.BLP,wmo-embedded-path|wmo-material-texture,1,WORLD\WMO\NORTHREND\BUILDINGS\FORSAKEN\SHIPWRECK\ND_FORSAKEN_SHIPWRECK.WMO,yes
DUNGEONS\TEXTURES\UNDEAD_SHIP\AM_BBAY_SHIPEXTERIORBURN.BLP,wmo-embedded-path|wmo-material-texture,1,WORLD\WMO\NORTHREND\BUILDINGS\FORSAKEN\SHIPWRECK\ND_FORSAKEN_SHIPWRECK.WMO,yes
DUNGEONS\TEXTURES\UNDEAD_SHIP\AM_BBAY_SHIPINTERIOR.BLP,wmo-embedded-path|wmo-material-texture,1,WORLD\WMO\NORTHREND\BUILDINGS\FORSAKEN\SHIPWRECK\ND_FORSAKEN_SHIPWRECK.WMO,yes
DUNGEONS\TEXTURES\UNDEAD_SHIP\AM_BBAY_SHIPINTERIORBURN.BLP,wmo-embedded-path|wmo-material-texture,1,WORLD\WMO\NORTHREND\BUILDINGS\FORSAKEN\SHIPWRECK\ND_FORSAKEN_SHIPWRECK.WMO,yes
DUNGEONS\TEXTURES\UNDEAD_SHIP\AM_BBAY_SHIPINTERIORBURN02.BLP,wmo-embedded-path|wmo-material-texture,1,WORLD\WMO\NORTHREND\BUILDINGS\FORSAKEN\SHIPWRECK\ND_FORSAKEN_SHIPWRECK.WMO,yes
DUNGEONS\TEXTURES\UNDEAD_SHIP\AM_BBAY_SHIPTRIM_01.BLP,wmo-embedded-path|wmo-material-texture,1,WORLD\WMO\NORTHREND\BUILDINGS\FORSAKEN\SHIPWRECK\ND_FORSAKEN_SHIPWRECK.WMO,yes
DUNGEONS\TEXTURES\UNDEAD_SHIP\AM_BBAY_TRIM_01.BLP,wmo-embedded-path|wmo-material-texture,1,WORLD\WMO\NORTHREND\BUILDINGS\FORSAKEN\SHIPWRECK\ND_FORSAKEN_SHIPWRECK.WMO,yes
DUNGEONS\TEXTURES\UNDEAD_SHIP\AM_BBAY_TRIM_02BURN.BLP,wmo-embedded-path|wmo-material-texture,1,WORLD\WMO\NORTHREND\BUILDINGS\FORSAKEN\SHIPWRECK\ND_FORSAKEN_SHIPWRECK.WMO,yes
DUNGEONS\TEXTURES\UNDEAD_SHIP\AM_BBAY_TRIM_03.BLP,wmo-embedded-path|wmo-material-texture,1,WORLD\WMO\NORTHREND\BUILDINGS\FORSAKEN\SHIPWRECK\ND_FORSAKEN_SHIPWRECK.WMO,yes
DUNGEONS\TEXTURES\UNDEAD_SHIP\AM_BBAY_TRIM_03BURN.BLP,wmo-embedded-path|wmo-material-texture,1,WORLD\WMO\NORTHREND\BUILDINGS\FORSAKEN\SHIPWRECK\ND_FORSAKEN_SHIPWRECK.WMO,yes
DUNGEONS\TEXTURES\UNDEAD_SHIP\AM_BBAY_WINDOWSBURN.BLP,wmo-embedded-path|wmo-material-texture,1,WORLD\WMO\NORTHREND\BUILDINGS\FORSAKEN\SHIPWRECK\ND_FORSAKEN_SHIPWRECK.WMO,yes
DUNGEONS\TEXTURES\UNDEAD_SHIP\AM_BBAY_WOODWALL.BLP,wmo-embedded-path|wmo-material-texture,1,WORLD\WMO\NORTHREND\BUILDINGS\FORSAKEN\SHIPWRECK\ND_FORSAKEN_SHIPWRECK.WMO,yes
DUNGEONS\TEXTURES\UNDEAD_SHIP\BURNMARK.BLP,wmo-embedded-path|wmo-material-texture,1,WORLD\WMO\NORTHREND\BUILDINGS\FORSAKEN\SHIPWRECK\ND_FORSAKEN_SHIPWRECK.WMO,yes
DUNGEONS\TEXTURES\UTGARDE\ND_UTGARDE_ROCKWALL_GRAY.BLP,m2-embedded-path,1,WORLD\EXPANSION02\DOODADS\GENERIC\VRYKUL\RUBBLE\VR_RUBBLE_03.M2,yes
Dungeons\TEXTURES\WALLS\BM_BARROW_DIRTWALL01.BLP,wmo-embedded-path|wmo-material-texture,1,WORLD\WMO\CATACLYSM\VASHJIR\CAVES\VASHJIR_SMALL_CAVE.WMO,yes
DUNGEONS\TEXTURES\WALLS\JLO_BBAY_WOODWALL.BLP,wmo-embedded-path|wmo-material-texture,1,WORLD\WMO\DUNGEON\MD_SHIPWRECK\TRANSPORT_SHIPWRECK_SUNKENSHIP.WMO,yes
DUNGEONS\TEXTURES\WALLS\MM_STRMWND_WALL_02.BLP,wmo-embedded-path|wmo-material-texture,1,WORLD\GENERIC\PVP\COLLISIONWALL\COLLISION.WMO,yes
DUNGEONS\TEXTURES\WALLS\MM_STRMWND_WALL_03.BLP,wmo-embedded-path|wmo-material-texture,1,WORLD\GENERIC\PVP\COLLISIONWALL\COLLISION.WMO,yes
DUNGEONS\TEXTURES\WINDOWS\MM_ELWYNN_WND_EXT__01.BLP,wmo-embedded-path|wmo-material-texture,1,WORLD\GENERIC\PVP\COLLISIONWALL\COLLISION.WMO,yes
DUNGEONS\TEXTURES\WOOD\CM_BURNED_WOOD01.BLP,wmo-embedded-path|wmo-material-texture,1,WORLD\WMO\DUNGEON\MD_SHIPWRECK\TRANSPORT_SHIPWRECK_SUNKENSHIP.WMO,yes
DUNGEONS\TEXTURES\WOOD\MM_BEAM_SIDE__01X.BLP,m2-embedded-path,1,WORLD\GENERIC\HUMAN\PASSIVE DOODADS\TABLES\INNTABLETINY.m2,yes
DUNGEONS\VEHICLES\TRANSPORT_VRYKUL_SHIP\TEX\VRYKUL_SEAVESSEL_SAIL01.BLP,wmo-embedded-path|wmo-material-texture,2,WORLD\WMO\TRANSPORTS\VRYKULBOATS\TRANSPORT_VRYKUL_LARGE.WMO | WORLD\WMO\TRANSPORTS\VRYKULBOATS\TRANSPORT_VRYKUL_LARGELESS.WMO,yes
DUNGEONS\VEHICLES\TRANSPORT_VRYKUL_SHIP\TEX\VRYKUL_SEAVESSEL_SEAWEED01.BLP,wmo-embedded-path|wmo-material-texture,2,WORLD\WMO\TRANSPORTS\VRYKULBOATS\TRANSPORT_VRYKUL_LARGE.WMO | WORLD\WMO\TRANSPORTS\VRYKULBOATS\TRANSPORT_VRYKUL_LARGELESS.WMO,yes
DUNGEONS\VEHICLES\TRANSPORT_VRYKUL_SHIP\TEX\VRYKUL_SEAVESSEL_SEAWEED02.BLP,wmo-embedded-path|wmo-material-texture,2,WORLD\WMO\TRANSPORTS\VRYKULBOATS\TRANSPORT_VRYKUL_LARGE.WMO | WORLD\WMO\TRANSPORTS\VRYKULBOATS\TRANSPORT_VRYKUL_LARGELESS.WMO,yes
DUNGEONS\VEHICLES\TRANSPORT_VRYKUL_SHIP\TEX\VRYKUL_SEAVESSEL_SHIELD01.BLP,wmo-embedded-path|wmo-material-texture,2,WORLD\WMO\TRANSPORTS\VRYKULBOATS\TRANSPORT_VRYKUL_LARGE.WMO | WORLD\WMO\TRANSPORTS\VRYKULBOATS\TRANSPORT_VRYKUL_LARGELESS.WMO,yes
DUNGEONS\VEHICLES\TRANSPORT_VRYKUL_SHIP\TEX\VRYKUL_SEAVESSEL_TRIM01.BLP,wmo-embedded-path|wmo-material-texture,2,WORLD\WMO\TRANSPORTS\VRYKULBOATS\TRANSPORT_VRYKUL_LARGE.WMO | WORLD\WMO\TRANSPORTS\VRYKULBOATS\TRANSPORT_VRYKUL_LARGELESS.WMO,yes
DUNGEONS\VEHICLES\TRANSPORT_VRYKUL_SHIP\TEX\VRYKUL_SEAVESSEL_TRIM02.BLP,wmo-embedded-path|wmo-material-texture,2,WORLD\WMO\TRANSPORTS\VRYKULBOATS\TRANSPORT_VRYKUL_LARGE.WMO | WORLD\WMO\TRANSPORTS\VRYKULBOATS\TRANSPORT_VRYKUL_LARGELESS.WMO,yes
DUNGEONS\VEHICLES\TRANSPORT_VRYKUL_SHIP\TEX\VRYKUL_SEAVESSEL_TRIM03.BLP,wmo-embedded-path|wmo-material-texture,2,WORLD\WMO\TRANSPORTS\VRYKULBOATS\TRANSPORT_VRYKUL_LARGE.WMO | WORLD\WMO\TRANSPORTS\VRYKULBOATS\TRANSPORT_VRYKUL_LARGELESS.WMO,yes
DUNGEONS\VEHICLES\TRANSPORT_VRYKUL_SHIP\TEX\VRYKUL_SEAVESSEL_WOOD02.BLP,wmo-embedded-path|wmo-material-texture,2,WORLD\WMO\TRANSPORTS\VRYKULBOATS\TRANSPORT_VRYKUL_LARGE.WMO | WORLD\WMO\TRANSPORTS\VRYKULBOATS\TRANSPORT_VRYKUL_LARGELESS.WMO,yes
ENVIRONMENTS\STARS\DEATHSKY_CLOUDS01.BLP,m2-embedded-path,1,Environments\Stars\DeathSkybox.m2,yes
ENVIRONMENTS\STARS\DEATHSKY_CLOUDS02.BLP,m2-embedded-path,1,Environments\Stars\DeathSkybox.m2,yes
ENVIRONMENTS\STARS\DEATHSKY_MASK.BLP,m2-embedded-path,1,Environments\Stars\DeathSkybox.m2,yes
ENVIRONMENTS\STARS\DEATHSKY_SKYBOWL01.BLP,m2-embedded-path,1,Environments\Stars\DeathSkybox.m2,yes
ENVIRONMENTS\STARS\DEATHSKY_STREAM.BLP,m2-embedded-path,1,Environments\Stars\DeathSkybox.m2,yes
ENVIRONMENTS\STARS\DEATHSKY_VORTEXCLOUD01.BLP,m2-embedded-path,1,Environments\Stars\DeathSkybox.m2,yes
Environments\Stars\DeathSkybox00.skin,m2-skin-profile,1,Environments\Stars\DeathSkybox.m2,yes
Environments\Stars\DeathSkybox01.skin,m2-skin-profile,1,Environments\Stars\DeathSkybox.m2,yes
ENVIRONMENTS\STARS\WINTERGRASP_CLOUDMASK01.BLP,m2-embedded-path,1,World\Kalimdor\Hyjal\PassiveDoodads\Smoke\Hyjal_SmokeClouds.M2,yes
INTERFACE\BUTTONS\GLOWSTAR.BLP,m2-embedded-path,1,WORLD\GENERIC\UNDEAD\PASSIVE DOODADS\UNDEADALCHEMYTABLE\UNDEAD_ALCHEMY_TABLE.M2,yes
INTERFACE\CHARACTERFRAME\UI-PARTY-BACKGROUND.BLP,m2-embedded-path,1,WORLD\GENERIC\PVP\COLLISIONWALL\COLLISIONWALLPVP02.M2,yes
Interface\Glues\Models\UI_NightElf\KalidarMidTree_purple01.blp,m2-embedded-path,1,WORLD\KALIMDOR\KALIDAR\PASSIVEDOODADS\KALIDARBUSHES\KALIDARBUSH02.m2,yes
Interface\Glues\Models\UI_Scourge\Cemetery01.blp,m2-embedded-path,1,WORLD\AZEROTH\DUSKWOOD\PASSIVEDOODADS\COFFIN\COFFIN.m2,yes
INTERIORS\BUILDINGS\ND_FORSAKEN\ND_FORSAKEN_SHIPWRECKSKULLS.m2,wmo-doodad-model|wmo-embedded-path,1,WORLD\WMO\NORTHREND\BUILDINGS\FORSAKEN\SHIPWRECK\ND_FORSAKEN_SHIPWRECK.WMO,yes
INTERIORS\BUILDINGS\ND_FORSAKEN\ND_FORSAKEN_SHIPWRECKSKULLS00.skin,m2-skin-profile,1,INTERIORS\BUILDINGS\ND_FORSAKEN\ND_FORSAKEN_SHIPWRECKSKULLS.m2,yes
ITEM\OBJECTCOMPONENTS\WEAPON\AXE_1H_HATCHET_A_01RED.BLP,m2-embedded-path,1,WORLD\GENERIC\PASSIVEDOODADS\WEAPONCRATES\WEAPONCRATEHORDEAXEOPEN.m2,yes
ITEM\OBJECTCOMPONENTS\WEAPON\FLAMELICKSMALL.BLP,m2-embedded-path,3,WORLD\EXPANSION02\DOODADS\GENERIC\VRYKUL\COOKING\VR_COOKPOT_01.M2 | WORLD\EXPANSION02\DOODADS\GENERIC\VRYKUL\COOKING\VR_COOKPOT_02.M2 | WORLD\GENERIC\OGRE\PASSIVE DOODADS\TORCHES\OGREWALLTORCH.m2,yes
ITEM\OBJECTCOMPONENTS\WEAPON\GLOWBLUEGREEN32.BLP,m2-embedded-path,1,WORLD\GENERIC\PASSIVEDOODADS\SHIPS\SHIPANIMATION\VRYKUL_FLAME_PARTICLE.m2,yes
ITEM\OBJECTCOMPONENTS\WEAPON\ORBREFLECTBRIGHT.BLP,m2-embedded-path,2,WORLD\EXPANSION01\DOODADS\GENERIC\NAGA\ARTIFACT\NA_ARTIFACT01.M2 | WORLD\EXPANSION03\DOODADS\TWILIGHTHAMMER\SUMMONINGPORTALS\TWILIGHTSHAMMER_SUMMONINGPORTAL_WATER01.M2,yes
SPELLS\CLOUDS8X8.BLP,m2-embedded-path,1,WORLD\GENERIC\PASSIVEDOODADS\SHIPS\SHIPANIMATION\VRYKUL_FLAME_PARTICLE.m2,yes
SPELLS\CLOUDTOON2INV3_64LOWCONTRAST_SOFT.BLP,m2-embedded-path,1,WORLD\EXPANSION03\DOODADS\VASHJIR\VOLCANO\VJ_VOLCANICVENT05.M2,yes
SPELLS\GENERICGLOW64.BLP,m2-embedded-path,4,WORLD\EXPANSION01\DOODADS\GENERIC\NAGA\ARK\NA_ARK.M2 | WORLD\EXPANSION01\DOODADS\GENERIC\NAGA\ARTIFACT\NA_ARTIFACT01.M2 | WORLD\EXPANSION01\DOODADS\GENERIC\NAGA\DISTILLER\NA_DISTILLER.M2 | WORLD\GENERIC\PASSIVEDOODADS\FISH\FISH_FELBLOOD_SNAPPA.M2,yes
SPELLS\LAVALUMP2.BLP,m2-embedded-path,2,WORLD\AZEROTH\BURNINGSTEPPES\PASSIVEDOODADS\BONFIRE\ORCBONFIRE.m2 | WORLD\EXPANSION02\DOODADS\BOREANTUNDRA\MAGNATAURITEMS\BOREAN_REDPLANT_BURNINGPILE_01.M2,yes
SPELLS\T_VFX_DOOR_BLACK.BLP,m2-embedded-path,2,WORLD\EXPANSION02\DOODADS\BOREANTUNDRA\MAGNATAURITEMS\BOREAN_REDPLANT_BURNINGPILE_01.M2 | WORLD\EXPANSION02\DOODADS\GENERIC\VRYKUL\BRAZIER\VR_BRAZIER_01.M2,yes
SPELLS\T_VFX_EXPLOSION01_ALPHA_BLANK.BLP,m2-embedded-path,1,WORLD\EXPANSION02\DOODADS\GENERIC\WATERFALLS\WATERFALLS_SET1_MED_RIPPLES.M2,yes
SPELLS\TOONSMOKE16.BLP,m2-embedded-path,3,WORLD\EXPANSION02\DOODADS\GENERIC\SCOURGE\SC_BRAZIER2_ORANGE.M2 | WORLD\EXPANSION02\DOODADS\GENERIC\SCOURGE\SC_BRAZIER3_ORANGE.M2 | WORLD\EXPANSION02\DOODADS\GENERIC\SCOURGE\SC_CAULDRON_GREEN.M2,yes
SPELLS\WATERWAKE3.BLP,m2-embedded-path,2,WORLD\KALIMDOR\BLACKFATHOM\PASSIVEDOODADS\WATERFALLS\BFD_WATERFALLS10_NOSOUND.m2 | WORLD\KALIMDOR\BLACKFATHOM\PASSIVEDOODADS\WATERFALLS\BFD_WATERFALLS11_NOSOUND.m2,yes
Spells\White1.blp,m2-embedded-path,1,WORLD\ENVIRONMENT\DOODAD\GENERALDOODADS\STEAMCLOUDS\GENERIC_STEAM_CLOUD_THINNEST.M2,yes
TEXTURES\ELWYNN\BATTLEGLADE\SKULLS\BATTLEGLADESKULLDARKGREEN.BLP,m2-embedded-path,1,WORLD\AZEROTH\SWAMPOSORROW\PASSIVEDOODADS\SWAMPBOATS\SWAMPBOAT01.M2,yes
TILESET\7.0\ARAKNASHAL\DATA\7AN_ROCK01_512.BLP,wmo-embedded-path|wmo-material-texture,1,WORLD\WMO\BROKENISLES\ARAKNASHAL\7AN_MOUNTAINCAVE_MEDIUM01.WMO,yes
TILESET\7.0\ARAKNASHAL\DATA\7AN_ROCK02_512.BLP,wmo-embedded-path|wmo-material-texture,1,WORLD\WMO\BROKENISLES\ARAKNASHAL\7AN_MOUNTAINCAVE_MEDIUM01.WMO,yes
TILESET\EXPANSION03\VASHJIR\VJ_SAND01.BLP,wmo-embedded-path|wmo-material-texture,1,WORLD\WMO\CATACLYSM\VASHJIR\BUILDINGS\VASHJIR_NIGHTELF_BROKEN_BRIDGE.WMO,yes
TILESET\EXPANSION03\VASHJIR\VJ_SIMPLEPAVERC02.BLP,wmo-embedded-path|wmo-material-texture,1,WORLD\WMO\CATACLYSM\VASHJIR\BUILDINGS\VASHJIR_NIGHTELF_BROKEN_BRIDGE.WMO,yes
TILESET\HYJAL\COOLEDMUDASHC.BLP,wmo-embedded-path|wmo-material-texture,1,WORLD\WMO\CATACLYSM\VASHJIR\CAVES\VASHJIRLARGECAVE_A.WMO,yes
TILESET\HYJAL\COOLEDMUDASHD.BLP,wmo-embedded-path|wmo-material-texture,1,WORLD\WMO\CATACLYSM\VASHJIR\CAVES\VASHJIRLARGECAVE_A.WMO,yes
TILESET\HYJAL\DATA\COOLEDMUDASHC.BLP,wmo-embedded-path|wmo-material-texture,1,WORLD\WMO\CATACLYSM\VASHJIR\CAVES\VASHJIR_SMALL_CAVE.WMO,yes
TILESET\HYJAL\DATA\COOLEDMUDASHD.BLP,wmo-embedded-path|wmo-material-texture,1,WORLD\WMO\CATACLYSM\VASHJIR\CAVES\VASHJIR_SMALL_CAVE.WMO,yes
TILESET\SWAMP OF SORROWS\SWAMPSORROWSROCK02.BLP,m2-embedded-path,1,WORLD\AZEROTH\SwampOSorrow\PassiveDoodads\ROCKS\SWAMPSORROWROCK01.m2,yes
TILESET\VASHJIR\DATA\VJ_DIRT01.BLP,wmo-embedded-path|wmo-material-texture,1,WORLD\WMO\CATACLYSM\VASHJIR\CAVES\VASHJIR_SMALL_CAVE.WMO,yes
TILESET\VASHJIR\DATA\VJ_SAND01.BLP,wmo-embedded-path|wmo-material-texture,1,WORLD\WMO\CATACLYSM\VASHJIR\CAVES\VASHJIR_SMALL_CAVE.WMO,yes
TILESET\VASHJIR\DATA\VJ_SAND03.BLP,wmo-embedded-path|wmo-material-texture,1,WORLD\WMO\CATACLYSM\VASHJIR\CAVES\VASHJIR_SMALL_CAVE.WMO,yes
Utensils\cleaver_001.blp,m2-embedded-path,1,WORLD\GENERIC\HUMAN\PASSIVE DOODADS\FOOD&UTENSILS\KITCHENKNIFE01.m2,no
UTENSILS\KITCHENKNIFE01.m2,wmo-embedded-path,1,WORLD\WMO\CATACLYSM\VASHJIR\CAVES\VASHJIR_SMALL_CAVE.WMO,no
WORLD\AZEROTH\BOOTYBAY\PASSIVEDOODAD\BOOTYENTRANCE\ELWYNNLANTERN01.BLP,m2-embedded-path,1,WORLD\GENERIC\HUMAN\PASSIVE DOODADS\LANTERNS\GENERALLANTERN01.m2,yes
WORLD\AZEROTH\BOOTYBAY\PASSIVEDOODAD\BOOTYENTRANCE\GYPSYDOOR_01.BLP,m2-embedded-path,1,WORLD\GENERIC\HUMAN\PASSIVE DOODADS\LANTERNS\GENERALLANTERN01.m2,yes
WORLD\AZEROTH\BURNINGSTEPPES\PASSIVEDOODADS\BONFIRE\ASH04.BLP,m2-embedded-path,1,WORLD\AZEROTH\BURNINGSTEPPES\PASSIVEDOODADS\BONFIRE\ORCBONFIRE.m2,yes
WORLD\AZEROTH\BURNINGSTEPPES\PASSIVEDOODADS\BONFIRE\ORCBONFIRE.m2,wmo-doodad-model|wmo-embedded-path,1,WORLD\WMO\CATACLYSM\VASHJIR\CAVES\VASHJIR_SMALL_CAVE.WMO,yes
WORLD\AZEROTH\BURNINGSTEPPES\PASSIVEDOODADS\BONFIRE\ORCBONFIRE00.skin,m2-skin-profile,1,WORLD\AZEROTH\BURNINGSTEPPES\PASSIVEDOODADS\BONFIRE\ORCBONFIRE.m2,yes
WORLD\AZEROTH\BURNINGSTEPPES\PASSIVEDOODADS\BONFIRE\WOOD08.BLP,m2-embedded-path,1,WORLD\AZEROTH\BURNINGSTEPPES\PASSIVEDOODADS\BONFIRE\ORCBONFIRE.m2,yes
World\Azeroth\BurningSteppes\PassiveDoodads\OrcSleepMats\ClothMatt04.blp,m2-embedded-path,1,WORLD\AZEROTH\BURNINGSTEPPES\PASSIVEDOODADS\ORCSLEEPMATS\ORCSLEEPMAT03.m2,yes
WORLD\AZEROTH\BURNINGSTEPPES\PASSIVEDOODADS\ORCSLEEPMATS\ORCSLEEPMAT03.m2,wmo-doodad-model|wmo-embedded-path,1,WORLD\WMO\CATACLYSM\VASHJIR\CAVES\VASHJIR_SMALL_CAVE.WMO,yes
WORLD\AZEROTH\BURNINGSTEPPES\PASSIVEDOODADS\ORCSLEEPMATS\ORCSLEEPMAT0300.skin,m2-skin-profile,1,WORLD\AZEROTH\BURNINGSTEPPES\PASSIVEDOODADS\ORCSLEEPMATS\ORCSLEEPMAT03.m2,yes
WORLD\AZEROTH\BURNINGSTEPPES\PASSIVEDOODADS\RUINS\BURNEDBOARD07.BLP,m2-embedded-path,1,WORLD\GENERIC\PASSIVEDOODADS\FLOATINGDEBRIS\FLOATINGBOARDS01.m2,yes
WORLD\AZEROTH\BURNINGSTEPPES\PASSIVEDOODADS\WARLOCKSHRINE\CANDEL04.BLP,m2-embedded-path,1,WORLD\AZEROTH\BURNINGSTEPPES\PASSIVEDOODADS\WARLOCKSHRINE\WARLOCKSHRINE.M2,yes
WORLD\AZEROTH\BURNINGSTEPPES\PASSIVEDOODADS\WARLOCKSHRINE\SHRINE05.BLP,m2-embedded-path,1,WORLD\AZEROTH\BURNINGSTEPPES\PASSIVEDOODADS\WARLOCKSHRINE\WARLOCKSHRINE.M2,yes
WORLD\AZEROTH\BURNINGSTEPPES\PASSIVEDOODADS\WARLOCKSHRINE\SKULLDARK03.BLP,m2-embedded-path,1,WORLD\AZEROTH\BURNINGSTEPPES\PASSIVEDOODADS\WARLOCKSHRINE\WARLOCKSHRINE.M2,yes
WORLD\AZEROTH\BURNINGSTEPPES\PASSIVEDOODADS\WARLOCKSHRINE\WARLOCKSHRINE00.skin,m2-skin-profile,1,WORLD\AZEROTH\BURNINGSTEPPES\PASSIVEDOODADS\WARLOCKSHRINE\WARLOCKSHRINE.M2,yes
WORLD\AZEROTH\DUSKWOOD\BUILDINGS\GNOLLTENT\GNOLLTENT02.m2,wmo-doodad-model|wmo-embedded-path,1,WORLD\WMO\CATACLYSM\VASHJIR\CAVES\VASHJIR_SMALL_CAVE.WMO,yes
WORLD\AZEROTH\DUSKWOOD\BUILDINGS\GNOLLTENT\GNOLLTENT0200.skin,m2-skin-profile,1,WORLD\AZEROTH\DUSKWOOD\BUILDINGS\GNOLLTENT\GNOLLTENT02.m2,yes
World\Azeroth\Duskwood\Buildings\GnollTent\GnollTent02skin.blp,m2-embedded-path,1,WORLD\AZEROTH\DUSKWOOD\BUILDINGS\GNOLLTENT\GNOLLTENT02.m2,yes
WORLD\AZEROTH\DUSKWOOD\PASSIVEDOODADS\COFFIN\COFFIN.m2,wmo-doodad-model|wmo-embedded-path,1,WORLD\WMO\DUNGEON\MD_SHIPWRECK\SHIPWRECK_A.WMO,yes
WORLD\AZEROTH\DUSKWOOD\PASSIVEDOODADS\COFFIN\COFFIN00.skin,m2-skin-profile,1,WORLD\AZEROTH\DUSKWOOD\PASSIVEDOODADS\COFFIN\COFFIN.m2,yes
WORLD\AZEROTH\ELWYNN\BUILDINGS\DISTILLERY\WINEBARREL_SIDE.BLP,m2-embedded-path,1,WORLD\GENERIC\HUMAN\PASSIVE DOODADS\BOTTLES\GREENBOTTLE02.m2,yes
World\Azeroth\Elwynn\PassiveDoodads\Detail\ElwynnCatails01\ElwynnCatails01.blp,m2-embedded-path,1,WORLD\AZEROTH\Elwynn\PassiveDoodads\DETAIL\ELWYNNCATAILS01\ELWYNNCATAILS01.m2,yes
WORLD\AZEROTH\ELWYNN\PASSIVEDOODADS\DETAIL\ELWYNNCATAILS01\ELWYNNCATAILS01.m2,wmo-doodad-model|wmo-embedded-path,1,WORLD\WMO\KALIMDOR\BUILDINGS\CLASSICALELFRUINS\AZRCLASSICALELFRUIN_UW09.WMO,yes
WORLD\AZEROTH\Elwynn\PassiveDoodads\DETAIL\ELWYNNCATAILS01\ELWYNNCATAILS0100.skin,m2-skin-profile,1,WORLD\AZEROTH\Elwynn\PassiveDoodads\DETAIL\ELWYNNCATAILS01\ELWYNNCATAILS01.m2,yes
WORLD\AZEROTH\ELWYNN\PASSIVEDOODADS\DETAIL\ELWYNNCATAILS02\ELWYNNCATAILS02.m2,wmo-doodad-model|wmo-embedded-path,1,WORLD\WMO\KALIMDOR\BUILDINGS\CLASSICALELFRUINS\AZRCLASSICALELFRUIN_UW09.WMO,yes
WORLD\AZEROTH\Elwynn\PassiveDoodads\DETAIL\ELWYNNCATAILS02\ELWYNNCATAILS0200.skin,m2-skin-profile,1,WORLD\AZEROTH\Elwynn\PassiveDoodads\DETAIL\ELWYNNCATAILS02\ELWYNNCATAILS02.m2,yes
world\Azeroth\Elwynn\PassiveDoodads\Detail\ElwynnCatails02\ElwynnFlower03b.blp,m2-embedded-path,1,WORLD\AZEROTH\Elwynn\PassiveDoodads\DETAIL\ELWYNNCATAILS02\ELWYNNCATAILS02.m2,yes
WORLD\AZEROTH\ELWYNN\PASSIVEDOODADS\DETAIL\ELWYNNREEDS01\ELWYNNREEDS01.m2,wmo-doodad-model|wmo-embedded-path,1,WORLD\WMO\KALIMDOR\BUILDINGS\CLASSICALELFRUINS\AZRCLASSICALELFRUIN_UW09.WMO,yes
WORLD\AZEROTH\Elwynn\PassiveDoodads\DETAIL\ELWYNNREEDS01\ELWYNNREEDS0100.skin,m2-skin-profile,1,WORLD\AZEROTH\Elwynn\PassiveDoodads\DETAIL\ELWYNNREEDS01\ELWYNNREEDS01.m2,yes
WORLD\AZEROTH\ELWYNN\PASSIVEDOODADS\DETAIL\ELWYNNSEAWEED01\ELWYNNSEAWEED01.m2,wmo-doodad-model|wmo-embedded-path,1,WORLD\WMO\NORTHREND\BUILDINGS\FORSAKEN\SHIPWRECK\ND_FORSAKEN_SHIPWRECK.WMO,yes
WORLD\AZEROTH\Elwynn\PassiveDoodads\DETAIL\ELWYNNSEAWEED01\ELWYNNSEAWEED0100.skin,m2-skin-profile,1,WORLD\AZEROTH\Elwynn\PassiveDoodads\DETAIL\ELWYNNSEAWEED01\ELWYNNSEAWEED01.m2,yes
WORLD\AZEROTH\ELWYNN\PASSIVEDOODADS\DETAIL\ELWYNNSEAWEED01\KELP01.BLP,m2-embedded-path,1,WORLD\AZEROTH\Elwynn\PassiveDoodads\DETAIL\ELWYNNSEAWEED01\ELWYNNSEAWEED01.m2,yes
WORLD\AZEROTH\ELWYNN\PASSIVEDOODADS\DETAIL\ELWYNNVINES02\ELWYNNVINES02.m2,wmo-doodad-model|wmo-embedded-path,1,WORLD\WMO\DUNGEON\MD_SHIPWRECK\SHIPWRECK_A.WMO,yes
WORLD\AZEROTH\Elwynn\PassiveDoodads\DETAIL\ELWYNNVINES02\ELWYNNVINES0200.skin,m2-skin-profile,1,WORLD\AZEROTH\Elwynn\PassiveDoodads\DETAIL\ELWYNNVINES02\ELWYNNVINES02.m2,yes
World\Azeroth\Elwynn\PassiveDoodads\Detail\ElwynnVines02\Vines01.blp,m2-embedded-path,1,WORLD\AZEROTH\Elwynn\PassiveDoodads\DETAIL\ELWYNNVINES02\ELWYNNVINES02.m2,yes
World\Azeroth\Elwynn\PassiveDoodads\Detail\ElwynnVines02\Vines02.blp,m2-embedded-path,1,WORLD\AZEROTH\Elwynn\PassiveDoodads\DETAIL\ELWYNNVINES02\ELWYNNVINES02.m2,yes
WORLD\AZEROTH\ELWYNN\PASSIVEDOODADS\SKELETON\BATTLEGLADEBONESHUMANDARK00.skin,m2-skin-profile,1,WORLD\AZEROTH\ELWYNN\PASSIVEDOODADS\SKELETON\BATTLEGLADEBONESHUMANDARK.M2,yes
world\Azeroth\Elwynn\PassiveDoodads\Skeleton\BattleGladeSpinedarkSat64.blp,m2-embedded-path,1,WORLD\AZEROTH\ELWYNN\PASSIVEDOODADS\SKELETON\BATTLEGLADEBONESHUMANDARK.M2,yes
WORLD\AZEROTH\ELWYNN\PASSIVEDOODADS\SMALLDOCK\FLAMELICKSMALLBLUE.BLP,m2-embedded-path,1,WORLD\AZEROTH\BURNINGSTEPPES\PASSIVEDOODADS\BONFIRE\ORCBONFIRE.m2,yes
WORLD\AZEROTH\KARAZAHN\PASSIVEDOODADS\BONFIRE\FLAMELICKSMALLBLUE.BLP,m2-embedded-path,2,WORLD\AZEROTH\BURNINGSTEPPES\PASSIVEDOODADS\WARLOCKSHRINE\WARLOCKSHRINE.M2 | WORLD\GENERIC\NIGHTELF\PASSIVE DOODADS\LANTERNS\NIGHTELFLANTERN01.m2,yes
World\Azeroth\Karazahn\PassiveDoodads\Crates\KarazahnCrate01.blp,m2-embedded-path,1,WORLD\AZEROTH\KARAZAHN\PASSIVEDOODADS\CRATES\KARAZAHNCRATE01.m2,yes
WORLD\AZEROTH\KARAZAHN\PASSIVEDOODADS\CRATES\KARAZAHNCRATE01.m2,wmo-doodad-model|wmo-embedded-path,1,WORLD\WMO\DUNGEON\MD_SHIPWRECK\TRANSPORT_SHIPWRECK_SUNKENSHIP.WMO,yes
WORLD\AZEROTH\KARAZAHN\PASSIVEDOODADS\CRATES\KARAZAHNCRATE0100.skin,m2-skin-profile,1,WORLD\AZEROTH\KARAZAHN\PASSIVEDOODADS\CRATES\KARAZAHNCRATE01.m2,yes
WORLD\AZEROTH\STRANGLETHORN\PASSIVEDOODADS\WATERFALL\WATERFALLDROPS.BLP,m2-embedded-path,2,WORLD\KALIMDOR\BLACKFATHOM\PASSIVEDOODADS\WATERFALLS\BFD_WATERFALLS10_NOSOUND.m2 | WORLD\KALIMDOR\BLACKFATHOM\PASSIVEDOODADS\WATERFALLS\BFD_WATERFALLS11_NOSOUND.m2,yes
WORLD\AZEROTH\STRANGLETHORN\PASSIVEDOODADS\WHIRLPOOLS\VJ_WHIRLPOOL_01.BLP,m2-embedded-path,1,WORLD\EXPANSION03\DOODADS\VASHJIR\WHIRLPOOLS\VJ_WHIRLPOOL01.M2,yes
WORLD\AZEROTH\STRANGLETHORN\PASSIVEDOODADS\WHIRLPOOLS\VJ_WHIRLPOOL_02.BLP,m2-embedded-path,1,WORLD\EXPANSION03\DOODADS\VASHJIR\WHIRLPOOLS\VJ_WHIRLPOOL01.M2,yes
WORLD\AZEROTH\STRANGLETHORN\PASSIVEDOODADS\WHIRLPOOLS\VJ_WHIRLPOOL_03.BLP,m2-embedded-path,1,WORLD\EXPANSION03\DOODADS\VASHJIR\WHIRLPOOLS\VJ_WHIRLPOOL01.M2,yes
WORLD\AZEROTH\SWAMPOSORROW\PASSIVEDOODADS\PLANTS\SWAMPPLANT04.m2,wmo-doodad-model|wmo-embedded-path,1,WORLD\WMO\KALIMDOR\BUILDINGS\CLASSICALELFRUINS\AZRCLASSICALELFRUIN_UW09.WMO,yes
WORLD\AZEROTH\SwampOSorrow\PassiveDoodads\PLANTS\SWAMPPLANT0400.skin,m2-skin-profile,1,WORLD\AZEROTH\SwampOSorrow\PassiveDoodads\PLANTS\SWAMPPLANT04.m2,yes
WORLD\AZEROTH\SWAMPOSORROW\PASSIVEDOODADS\ROCKS\SWAMPSORROWROCK01.m2,wmo-doodad-model|wmo-embedded-path,1,WORLD\WMO\NORTHREND\BUILDINGS\FORSAKEN\SHIPWRECK\ND_FORSAKEN_SHIPWRECK.WMO,yes
WORLD\AZEROTH\SwampOSorrow\PassiveDoodads\ROCKS\SWAMPSORROWROCK0100.skin,m2-skin-profile,1,WORLD\AZEROTH\SwampOSorrow\PassiveDoodads\ROCKS\SWAMPSORROWROCK01.m2,yes
WORLD\AZEROTH\SWAMPOSORROW\PASSIVEDOODADS\SWAMPBEASTBONES\SWAMPBEASTBONE01.m2,wmo-doodad-model|wmo-embedded-path,1,WORLD\WMO\DUNGEON\MD_MOUNTAINCAVE\MD_MUSHROOMCAVE07.WMO,yes
WORLD\AZEROTH\SwampOSorrow\PassiveDoodads\SWAMPBEASTBONES\SWAMPBEASTBONE0100.skin,m2-skin-profile,1,WORLD\AZEROTH\SwampOSorrow\PassiveDoodads\SWAMPBEASTBONES\SWAMPBEASTBONE01.m2,yes
WORLD\AZEROTH\SWAMPOSORROW\PASSIVEDOODADS\SWAMPBEASTBONES\SWAMPBEASTSPINE01.BLP,m2-embedded-path,1,WORLD\AZEROTH\SwampOSorrow\PassiveDoodads\SWAMPBEASTBONES\SWAMPBEASTBONE01.m2,yes
WORLD\AZEROTH\SWAMPOSORROW\PASSIVEDOODADS\SWAMPBEASTBONES\SWAMPBEASTTEETH01.BLP,m2-embedded-path,1,WORLD\AZEROTH\SwampOSorrow\PassiveDoodads\SWAMPBEASTBONES\SWAMPBEASTBONE01.m2,yes
World\Azeroth\SwampOSorrow\PassiveDoodads\SwampBoats\BattleGladeSkull04Green.blp,m2-embedded-path,1,WORLD\AZEROTH\SWAMPOSORROW\PASSIVEDOODADS\SWAMPBOATS\SWAMPBOAT01.M2,yes
World\Azeroth\SwampOSorrow\PassiveDoodads\SwampBoats\GreenHorn.blp,m2-embedded-path,1,WORLD\AZEROTH\SWAMPOSORROW\PASSIVEDOODADS\SWAMPBOATS\SWAMPBOAT01.M2,yes
WORLD\AZEROTH\SWAMPOSORROW\PASSIVEDOODADS\SWAMPBOATS\SWAMPBOAT0100.skin,m2-skin-profile,1,WORLD\AZEROTH\SWAMPOSORROW\PASSIVEDOODADS\SWAMPBOATS\SWAMPBOAT01.M2,yes
WORLD\AZEROTH\SWAMPOSORROW\PASSIVEDOODADS\SWAMPBOATS\SWAMPBOATBARK02.BLP,m2-embedded-path,1,WORLD\AZEROTH\SWAMPOSORROW\PASSIVEDOODADS\SWAMPBOATS\SWAMPBOAT01.M2,yes
World\Azeroth\SwampOSorrow\PassiveDoodads\Vines\StrangleBrownVine01_256.blp,m2-embedded-path,1,WORLD\AZEROTH\SwampOSorrow\PassiveDoodads\VINES\SWAMPHANGINGVINES02.m2,yes
World\Azeroth\SwampOSorrow\PassiveDoodads\Vines\StrangleThornLongVine02.blp,m2-embedded-path,1,WORLD\AZEROTH\SwampOSorrow\PassiveDoodads\VINES\SWAMPHANGINGVINES02.m2,yes
WORLD\AZEROTH\SWAMPOSORROW\PASSIVEDOODADS\VINES\SWAMPHANGINGVINES02.m2,wmo-doodad-model|wmo-embedded-path,2,WORLD\WMO\DUNGEON\MD_SHIPWRECK\SHIPWRECK_A.WMO | WORLD\WMO\DUNGEON\MD_SHIPWRECK\SHIPWRECK_B.WMO,yes
WORLD\AZEROTH\SwampOSorrow\PassiveDoodads\VINES\SWAMPHANGINGVINES0200.skin,m2-skin-profile,1,WORLD\AZEROTH\SwampOSorrow\PassiveDoodads\VINES\SWAMPHANGINGVINES02.m2,yes
WORLD\AZEROTH\THEBLASTEDLANDS\PASSIVEDOODADS\BONES\BLASTEDLANDSBONE01.m2,wmo-doodad-model|wmo-embedded-path,1,WORLD\WMO\DUNGEON\MD_MOUNTAINCAVE\MD_MUSHROOMCAVE07.WMO,yes
WORLD\AZEROTH\THEBLASTEDLANDS\PASSIVEDOODADS\BONES\BLASTEDLANDSBONE0100.skin,m2-skin-profile,1,WORLD\AZEROTH\THEBLASTEDLANDS\PASSIVEDOODADS\BONES\BLASTEDLANDSBONE01.M2,yes
WORLD\AZEROTH\THEBLASTEDLANDS\PASSIVEDOODADS\BONES\BLASTEDLANDSBONEPILE02.m2,wmo-doodad-model|wmo-embedded-path,1,WORLD\WMO\DUNGEON\MD_MOUNTAINCAVE\MD_MUSHROOMCAVE07.WMO,yes
WORLD\AZEROTH\THEBLASTEDLANDS\PASSIVEDOODADS\BONES\BLASTEDLANDSBONEPILE0200.skin,m2-skin-profile,1,WORLD\AZEROTH\THEBLASTEDLANDS\PASSIVEDOODADS\BONES\BLASTEDLANDSBONEPILE02.M2,yes
WORLD\AZEROTH\THEBLASTEDLANDS\PASSIVEDOODADS\BONES\BLASTEDLANDSBONEPILE03.m2,wmo-doodad-model|wmo-embedded-path,1,WORLD\WMO\DUNGEON\MD_MOUNTAINCAVE\MD_MUSHROOMCAVE07.WMO,yes
WORLD\AZEROTH\THEBLASTEDLANDS\PASSIVEDOODADS\BONES\BLASTEDLANDSBONEPILE0300.skin,m2-skin-profile,1,WORLD\AZEROTH\THEBLASTEDLANDS\PASSIVEDOODADS\BONES\BLASTEDLANDSBONEPILE03.M2,yes
WORLD\AZEROTH\THEBLASTEDLANDS\PASSIVEDOODADS\BONES\BLASTEDLANDSSKULL01.m2,wmo-doodad-model|wmo-embedded-path,1,WORLD\WMO\DUNGEON\MD_MOUNTAINCAVE\MD_MUSHROOMCAVE07.WMO,yes
WORLD\AZEROTH\TheBlastedlands\PassiveDoodads\Bones\BLASTEDLANDSSKULL0100.skin,m2-skin-profile,1,WORLD\AZEROTH\TheBlastedlands\PassiveDoodads\Bones\BLASTEDLANDSSKULL01.m2,yes
WORLD\AZEROTH\THEBLASTEDLANDS\PASSIVEDOODADS\BONES\BLASTEDLANDSSPINE01.m2,wmo-doodad-model|wmo-embedded-path,1,WORLD\WMO\DUNGEON\MD_MOUNTAINCAVE\MD_MUSHROOMCAVE07.WMO,yes
WORLD\AZEROTH\TheBlastedlands\PassiveDoodads\Bones\BLASTEDLANDSSPINE0100.skin,m2-skin-profile,1,WORLD\AZEROTH\TheBlastedlands\PassiveDoodads\Bones\BLASTEDLANDSSPINE01.m2,yes
World\Azeroth\TheBlastedlands\PassiveDoodads\Bones\Skull03.blp,m2-embedded-path,2,WORLD\AZEROTH\THEBLASTEDLANDS\PASSIVEDOODADS\BONES\BLASTEDLANDSBONEPILE02.M2 | WORLD\AZEROTH\TheBlastedlands\PassiveDoodads\Bones\BLASTEDLANDSSKULL01.m2,yes
WORLD\AZEROTH\WESTFALL\PASSIVEDOODADS\BARREL\BAR_BUT_HAY_HAR_CAR.BLP,m2-embedded-path,1,WORLD\AZEROTH\WESTFALL\PASSIVEDOODADS\BROKENCART\BROKENCART.m2,yes
WORLD\AZEROTH\WESTFALL\PASSIVEDOODADS\BROKENCART\BROKENCART.m2,wmo-doodad-model|wmo-embedded-path,1,WORLD\WMO\DUNGEON\MD_SHIPWRECK\SHIPWRECK_A.WMO,yes
WORLD\AZEROTH\WESTFALL\PASSIVEDOODADS\BROKENCART\BROKENCART00.skin,m2-skin-profile,1,WORLD\AZEROTH\WESTFALL\PASSIVEDOODADS\BROKENCART\BROKENCART.m2,yes
WORLD\AZEROTH\WESTFALL\PASSIVEDOODADS\DEADSEAMONSTER\SPINEBLOODD.BLP,m2-embedded-path,1,WORLD\KALIMDOR\DARKSHORE\PASSIVEDOODADS\SEAMONSTERCARCASS\DARKSHORESEAMONSTER01.M2,yes
WORLD\AZEROTH\WESTFALL\PASSIVEDOODADS\DEADSEAMONSTER\SPINED.BLP,m2-embedded-path,1,WORLD\KALIMDOR\DARKSHORE\PASSIVEDOODADS\SEAMONSTERCARCASS\DARKSHORESEAMONSTER01.M2,yes
WORLD\AZEROTH\WESTFALL\PASSIVEDOODADS\WRECKEDROWBOAT\WOOD01.BLP,m2-embedded-path,1,WORLD\AZEROTH\WESTFALL\PASSIVEDOODADS\WRECKEDROWBOAT\WRECKEDROWBOAT.m2,yes
WORLD\AZEROTH\WESTFALL\PASSIVEDOODADS\WRECKEDROWBOAT\WRECKEDROWBOAT.m2,wmo-doodad-model|wmo-embedded-path,1,WORLD\WMO\CATACLYSM\VASHJIR\CAVES\VASHJIR_SMALL_CAVE.WMO,yes
WORLD\AZEROTH\WESTFALL\PASSIVEDOODADS\WRECKEDROWBOAT\WRECKEDROWBOAT00.skin,m2-skin-profile,1,WORLD\AZEROTH\WESTFALL\PASSIVEDOODADS\WRECKEDROWBOAT\WRECKEDROWBOAT.m2,yes
WORLD\AZEROTH\ZULGURUB\PASSIVEDOODADS\CAULDRONS\CAULDRON_BLUE.BLP,m2-embedded-path,1,WORLD\AZEROTH\ZULGURUB\PASSIVEDOODADS\CAULDRONS\ZG_CAULDRON_ICE.M2,yes
WORLD\AZEROTH\ZULGURUB\PASSIVEDOODADS\CAULDRONS\FIRE_WISPY3.BLP,m2-embedded-path,1,WORLD\AZEROTH\ZULGURUB\PASSIVEDOODADS\CAULDRONS\ZG_CAULDRON_ICE.M2,yes
WORLD\AZEROTH\ZULGURUB\PASSIVEDOODADS\CAULDRONS\ICESMOKE.BLP,m2-embedded-path,1,WORLD\AZEROTH\ZULGURUB\PASSIVEDOODADS\CAULDRONS\ZG_CAULDRON_ICE.M2,yes
WORLD\AZEROTH\ZULGURUB\PASSIVEDOODADS\CAULDRONS\ZG_CAULDRON_ICE00.skin,m2-skin-profile,1,WORLD\AZEROTH\ZULGURUB\PASSIVEDOODADS\CAULDRONS\ZG_CAULDRON_ICE.M2,yes
WORLD\AZEROTH\ZULGURUB\PASSIVEDOODADS\CAULDRONS\ZG_CAULDRON_WOOD.BLP,m2-embedded-path,1,WORLD\AZEROTH\ZULGURUB\PASSIVEDOODADS\CAULDRONS\ZG_CAULDRON_ICE.M2,yes
WORLD\BLACKROCKV2\PASSIVEDOODADS\BLACKROCKV2_BONESCHEWED_01.BLP,m2-embedded-path,3,WORLD\BLACKROCKV2\PASSIVEDOODADS\BLACKROCKV2_BONESCHEWED_05.M2 | WORLD\BLACKROCKV2\PASSIVEDOODADS\BLACKROCKV2_BONESCHEWED_06.M2 | WORLD\BLACKROCKV2\PASSIVEDOODADS\BLACKROCKV2_BONESCHEWED_07.M2,yes
WORLD\BLACKROCKV2\PASSIVEDOODADS\BLACKROCKV2_BONESCHEWED_02.BLP,m2-embedded-path,1,WORLD\BLACKROCKV2\PASSIVEDOODADS\BLACKROCKV2_BONESCHEWED_05.M2,yes
WORLD\BLACKROCKV2\PASSIVEDOODADS\BLACKROCKV2_BONESCHEWED_05.M2,wmo-doodad-model|wmo-embedded-path,1,WORLD\WMO\BROKENISLES\ARAKNASHAL\7AN_MOUNTAINCAVE_MEDIUM01.WMO,yes
WORLD\BLACKROCKV2\PASSIVEDOODADS\BLACKROCKV2_BONESCHEWED_0500.skin,m2-skin-profile,1,WORLD\BLACKROCKV2\PASSIVEDOODADS\BLACKROCKV2_BONESCHEWED_05.M2,yes
WORLD\BLACKROCKV2\PASSIVEDOODADS\BLACKROCKV2_BONESCHEWED_06.M2,wmo-doodad-model|wmo-embedded-path,1,WORLD\WMO\BROKENISLES\ARAKNASHAL\7AN_MOUNTAINCAVE_MEDIUM01.WMO,yes
WORLD\BLACKROCKV2\PASSIVEDOODADS\BLACKROCKV2_BONESCHEWED_0600.skin,m2-skin-profile,1,WORLD\BLACKROCKV2\PASSIVEDOODADS\BLACKROCKV2_BONESCHEWED_06.M2,yes
WORLD\BLACKROCKV2\PASSIVEDOODADS\BLACKROCKV2_BONESCHEWED_07.M2,wmo-doodad-model|wmo-embedded-path,1,WORLD\WMO\BROKENISLES\ARAKNASHAL\7AN_MOUNTAINCAVE_MEDIUM01.WMO,yes
WORLD\BLACKROCKV2\PASSIVEDOODADS\BLACKROCKV2_BONESCHEWED_0700.skin,m2-skin-profile,1,WORLD\BLACKROCKV2\PASSIVEDOODADS\BLACKROCKV2_BONESCHEWED_07.M2,yes
WORLD\CRITTER\BIRDS\BIRD0100.skin,m2-skin-profile,1,WORLD\CRITTER\BIRDS\BIRD01.M2,yes
WORLD\CRITTER\BIRDS\SEAGULL01.BLP,m2-embedded-path,1,WORLD\CRITTER\BIRDS\BIRD01.M2,yes
world\critter\fish\ArmorReflect3_Horde.blp,m2-embedded-path,1,WORLD\CRITTER\FISH\FISHBASIC04.m2,yes
WORLD\CRITTER\FISH\FISH0100.skin,m2-skin-profile,1,WORLD\CRITTER\FISH\FISH01.M2,yes
world\critter\fish\FishBasic04.blp,m2-embedded-path,1,WORLD\CRITTER\FISH\FISHBASIC04.m2,yes
WORLD\CRITTER\FISH\FISHBASIC04.m2,wmo-doodad-model|wmo-embedded-path,1,WORLD\WMO\CATACLYSM\VASHJIR\CAVES\VASHJIR_SMALL_CAVE.WMO,yes
WORLD\CRITTER\FISH\FISHBASIC0400.skin,m2-skin-profile,1,WORLD\CRITTER\FISH\FISHBASIC04.m2,yes
WORLD\CRITTER\FISH\FISHBLUE.BLP,m2-embedded-path,2,WORLD\CRITTER\FISH\FISH01.M2 | WORLD\CRITTER\FISH\FISHBASIC04.m2,yes
world\critter\fish\rifle_moguglow.blp,m2-embedded-path,1,WORLD\CRITTER\FISH\FISHBASIC04.m2,yes
WORLD\DUNGEON\GOLDSHIREINN\INNBARREL\INNBARREL.m2,wmo-doodad-model|wmo-embedded-path,2,WORLD\WMO\DUNGEON\MD_SHIPWRECK\SHIPWRECK_A.WMO | WORLD\WMO\DUNGEON\MD_SHIPWRECK\SHIPWRECK_B.WMO,yes
WORLD\DUNGEON\GOLDSHIREINN\INNBARREL\INNBARREL00.skin,m2-skin-profile,1,WORLD\DUNGEON\GOLDSHIREINN\INNBARREL\INNBARREL.m2,yes
World\ENVIRONMENT\DOODAD\7.0\ARAKNASHAL\ROCKS\TEXTURE\7AN_ROCKS_02.BLP,wmo-embedded-path|wmo-material-texture,1,WORLD\WMO\BROKENISLES\ARAKNASHAL\7AN_MOUNTAINCAVE_MEDIUM01.WMO,yes
WORLD\ENVIRONMENT\DOODAD\AZSHARA\NAGACAMP\TEXTURE\NAGAPAVILION01.BLP,wmo-embedded-path|wmo-material-texture,1,WORLD\WMO\KALIMDOR\BUILDINGS\NAGAPAGODA\NAGAPAGODA01.WMO,yes
World\ENVIRONMENT\DOODAD\BOREANTUNDRA\NAGA_PAGODA\TEX\DK_UNDERWATER_NAGA_PAGODA_01.BLP,wmo-embedded-path|wmo-material-texture,1,WORLD\WMO\KALIMDOR\BUILDINGS\NAGAPAGODA\ND_NAGA_PAGODA_UNDERWATER_01.WMO,yes
World\ENVIRONMENT\DOODAD\BOREANTUNDRA\NAGA_PAGODA\TEX\DK_UNDERWATER_NAGA_PAGODA_STAIR.BLP,wmo-embedded-path|wmo-material-texture,1,WORLD\WMO\KALIMDOR\BUILDINGS\NAGAPAGODA\ND_NAGA_PAGODA_UNDERWATER_01.WMO,yes
WORLD\ENVIRONMENT\DOODAD\DARKSHORE\GIANTSEATURTLEBONES\TEXTURE\BRIAN\TURTLEROPE1.BLP,m2-embedded-path|wmo-embedded-path|wmo-material-texture,2,WORLD\KALIMDOR\GENERIC\PASSIVEDOODADS\ELEVENDESTORYERWRECKFRONT\ELVENDESTROYERWRECKFRONT.M2 | WORLD\WMO\KALIMDOR\COLLIDABLEDOODADS\DARKSHORE\GIANTSEATURTLE01\GIANTSEATURTLE01.WMO,yes
WORLD\ENVIRONMENT\DOODAD\DARKSHORE\GIANTSEATURTLEBONES\TEXTURE\BRIAN\TURTLEROPE3.BLP,wmo-embedded-path|wmo-material-texture,1,WORLD\WMO\KALIMDOR\COLLIDABLEDOODADS\DARKSHORE\GIANTSEATURTLE01\GIANTSEATURTLE01.WMO,yes
WORLD\ENVIRONMENT\DOODAD\GENERALDOODADS\STEAMCLOUDS\GENERIC_STEAM_CLOUD_THINNEST.M2,wmo-doodad-model|wmo-embedded-path,1,WORLD\WMO\BROKENISLES\ARAKNASHAL\7AN_MOUNTAINCAVE_MEDIUM01.WMO,yes
WORLD\ENVIRONMENT\DOODAD\GENERALDOODADS\STEAMCLOUDS\GENERIC_STEAM_CLOUD_THINNEST00.skin,m2-skin-profile,1,WORLD\ENVIRONMENT\DOODAD\GENERALDOODADS\STEAMCLOUDS\GENERIC_STEAM_CLOUD_THINNEST.M2,yes
World\ENVIRONMENT\DOODAD\MURLOC\7MU_MURLOC_MAP1.BLP,wmo-embedded-path|wmo-material-texture,3,WORLD\WMO\BROKENISLES\MURLOC\7MU_MURLOC_HUTCLUSTER01.WMO | WORLD\WMO\BROKENISLES\MURLOC\7MU_MURLOC_HUTCLUSTER02.WMO | WORLD\WMO\BROKENISLES\MURLOC\7MU_MURLOC_HUTCLUSTER03.WMO,yes
World\ENVIRONMENT\DOODAD\MURLOC\7MU_MURLOC_MAP2.BLP,wmo-embedded-path|wmo-material-texture,3,WORLD\WMO\BROKENISLES\MURLOC\7MU_MURLOC_HUTCLUSTER01.WMO | WORLD\WMO\BROKENISLES\MURLOC\7MU_MURLOC_HUTCLUSTER02.WMO | WORLD\WMO\BROKENISLES\MURLOC\7MU_MURLOC_HUTCLUSTER03.WMO,yes
World\ENVIRONMENT\DOODAD\MURLOC\7MU_MURLOC_MAP3.BLP,wmo-embedded-path|wmo-material-texture,3,WORLD\WMO\BROKENISLES\MURLOC\7MU_MURLOC_HUTCLUSTER01.WMO | WORLD\WMO\BROKENISLES\MURLOC\7MU_MURLOC_HUTCLUSTER02.WMO | WORLD\WMO\BROKENISLES\MURLOC\7MU_MURLOC_HUTCLUSTER03.WMO,yes
World\ENVIRONMENT\DOODAD\MURLOC\7MU_MURLOC_MAP8.BLP,wmo-embedded-path|wmo-material-texture,3,WORLD\WMO\BROKENISLES\MURLOC\7MU_MURLOC_HUTCLUSTER01.WMO | WORLD\WMO\BROKENISLES\MURLOC\7MU_MURLOC_HUTCLUSTER02.WMO | WORLD\WMO\BROKENISLES\MURLOC\7MU_MURLOC_HUTCLUSTER03.WMO,yes
World\ENVIRONMENT\DOODAD\NAGA\7_NAGA\7NG_TENT_LARGE.BLP,wmo-embedded-path|wmo-material-texture,1,WORLD\WMO\BROKENISLES\NIGHTELF\7NG_NAGA_TENTLARGE01.WMO,yes
World\ENVIRONMENT\DOODAD\NAGA\7_NAGA\NAGE_TENT_01.BLP,wmo-embedded-path|wmo-material-texture,2,WORLD\WMO\BROKENISLES\NIGHTELF\7NG_NAGA_TENT03.WMO | WORLD\WMO\BROKENISLES\NIGHTELF\7NG_NAGA_TENT04.WMO,yes
WORLD\ENVIRONMENT\DOODAD\SWAMPOFSORROWS\CANOPYTREES\TEXTURE\JUSTIN\SWAMPCANOPYTREE01_VINES.BLP,m2-embedded-path,3,WORLD\AZEROTH\SWAMPOSORROW\PASSIVEDOODADS\SWAMPBOATS\SWAMPBOAT01.M2 | WORLD\AZEROTH\SwampOSorrow\PassiveDoodads\SWAMPBEASTBONES\SWAMPBEASTBONE01.m2 | WORLD\AZEROTH\SwampOSorrow\PassiveDoodads\VINES\SWAMPHANGINGVINES02.m2,yes
World\ENVIRONMENT\DOODAD\SWAMPOFSORROWS\PLANTS\REEDS\TEXTURE\SWAMPREEDS01A.BLP,m2-embedded-path,1,WORLD\AZEROTH\SwampOSorrow\PassiveDoodads\PLANTS\SWAMPPLANT04.m2,yes
WORLD\ENVIRONMENT\DOODAD\VRYKUL\VRYKULFOOTBRIDGE\TEX\VRYKULFOOTBRIDGE01.BLP,m2-embedded-path,2,WORLD\EXPANSION02\DOODADS\GENERIC\VRYKUL\CHAINS\VR_CHAINS_02.M2 | WORLD\EXPANSION02\DOODADS\GENERIC\VRYKUL\WAGON\VR_WAGON_01.M2,yes
WORLD\ENVIRONMENT\DOODAD\WESTWOOD\DEADSEAMONSTER\TEXTURE\GUTSD.BLP,m2-embedded-path,1,WORLD\KALIMDOR\DARKSHORE\PASSIVEDOODADS\SEAMONSTERCARCASS\DARKSHORESEAMONSTER01.M2,yes
WORLD\ENVIRONMENT\DOODAD\WESTWOOD\DEADSEAMONSTER\TEXTURE\SKULLD.BLP,m2-embedded-path,1,WORLD\KALIMDOR\DARKSHORE\PASSIVEDOODADS\SEAMONSTERCARCASS\DARKSHORESEAMONSTER01.M2,yes
WORLD\EXPANSION01\DOODADS\GENERIC\NAGA\ARK\NA_ARK00.skin,m2-skin-profile,1,WORLD\EXPANSION01\DOODADS\GENERIC\NAGA\ARK\NA_ARK.M2,yes
WORLD\EXPANSION01\DOODADS\GENERIC\NAGA\ARK\NA_DISTILLER.BLP,m2-embedded-path,3,WORLD\EXPANSION01\DOODADS\GENERIC\NAGA\ARK\NA_ARK.M2 | WORLD\EXPANSION01\DOODADS\GENERIC\NAGA\ARTIFACT\NA_ARTIFACT01.M2 | WORLD\EXPANSION01\DOODADS\GENERIC\NAGA\DISTILLER\NA_DISTILLER.M2,yes
WORLD\EXPANSION01\DOODADS\GENERIC\NAGA\ARK\NA_TORCH.BLP,m2-embedded-path,4,WORLD\EXPANSION01\DOODADS\GENERIC\NAGA\ARK\NA_ARK.M2 | WORLD\EXPANSION01\DOODADS\GENERIC\NAGA\ARTIFACT\NA_ARTIFACT01.M2 | WORLD\EXPANSION01\DOODADS\GENERIC\NAGA\DISTILLER\NA_DISTILLER.M2 | WORLD\EXPANSION01\DOODADS\GENERIC\NAGA\TORCH\NA_TORCH01.M2,yes
World\Expansion01\Doodads\Generic\Naga\Artifact\NA_Artifact01.blp,m2-embedded-path,1,WORLD\EXPANSION01\DOODADS\GENERIC\NAGA\ARTIFACT\NA_ARTIFACT01.M2,yes
WORLD\EXPANSION01\DOODADS\GENERIC\NAGA\ARTIFACT\NA_ARTIFACT0100.skin,m2-skin-profile,1,WORLD\EXPANSION01\DOODADS\GENERIC\NAGA\ARTIFACT\NA_ARTIFACT01.M2,yes
World\Expansion01\Doodads\Generic\Naga\Artifact\NA_ArtifactWaterWhirl01.blp,m2-embedded-path,1,WORLD\EXPANSION01\DOODADS\GENERIC\NAGA\ARTIFACT\NA_ARTIFACT01.M2,yes
World\Expansion01\Doodads\Generic\Naga\Artifact\NA_ArtifactWaterWhirl02.blp,m2-embedded-path,1,WORLD\EXPANSION01\DOODADS\GENERIC\NAGA\ARTIFACT\NA_ARTIFACT01.M2,yes
WORLD\EXPANSION01\DOODADS\GENERIC\NAGA\CRATES\NA_CRATE0200.skin,m2-skin-profile,1,WORLD\EXPANSION01\DOODADS\GENERIC\NAGA\CRATES\NA_CRATE02.M2,yes
WORLD\EXPANSION01\DOODADS\GENERIC\NAGA\CRATES\NA_JARS.BLP,m2-embedded-path,2,WORLD\EXPANSION01\DOODADS\GENERIC\NAGA\CRATES\NA_CRATE02.M2 | WORLD\EXPANSION01\DOODADS\GENERIC\NAGA\JARS\NA_JAR02.M2,yes
WORLD\EXPANSION01\DOODADS\GENERIC\NAGA\DISTILLER\NA_DISTILLER00.skin,m2-skin-profile,1,WORLD\EXPANSION01\DOODADS\GENERIC\NAGA\DISTILLER\NA_DISTILLER.M2,yes
WORLD\EXPANSION01\DOODADS\GENERIC\NAGA\JARS\NA_JAR0200.skin,m2-skin-profile,1,WORLD\EXPANSION01\DOODADS\GENERIC\NAGA\JARS\NA_JAR02.M2,yes
WORLD\EXPANSION01\DOODADS\GENERIC\NAGA\TORCH\NA_GLOWFISH.BLP,m2-embedded-path,1,WORLD\EXPANSION01\DOODADS\GENERIC\NAGA\TORCH\NA_TORCH01.M2,yes
WORLD\EXPANSION01\DOODADS\GENERIC\NAGA\TORCH\NA_TORCH0100.skin,m2-skin-profile,1,WORLD\EXPANSION01\DOODADS\GENERIC\NAGA\TORCH\NA_TORCH01.M2,yes
WORLD\EXPANSION01\DOODADS\GENERIC\NAGA\TORCH\SHOCKWAVEWATER1EXTREME.BLP,m2-embedded-path,1,WORLD\EXPANSION01\DOODADS\GENERIC\NAGA\TORCH\NA_TORCH01.M2,yes
WORLD\EXPANSION01\DOODADS\GENERIC\VRYKUL\WEAPONRACKS\VR_WEAPONRACK_0100.skin,m2-skin-profile,1,WORLD\EXPANSION01\DOODADS\GENERIC\VRYKUL\WEAPONRACKS\VR_WEAPONRACK_01.M2,yes
WORLD\EXPANSION01\DOODADS\SHATTRATH\PASSIVEDOODADS\LIGHTING\SMOKEWISPY_ROUNDSPONGE_EDIT.BLP,m2-embedded-path,1,WORLD\EXPANSION02\DOODADS\GENERIC\VRYKUL\TROUGH\VR_TROUGH.M2,yes
WORLD\EXPANSION02\DOODADS\BOREANTUNDRA\BEACH\BOREAN_SEAWEED_01.BLP,m2-embedded-path,4,WORLD\EXPANSION02\DOODADS\BOREANTUNDRA\BEACH\BOREAN_SEAWEED_01.m2 | WORLD\EXPANSION02\DOODADS\BOREANTUNDRA\BEACH\BOREAN_SEAWEED_02.m2 | WORLD\EXPANSION02\DOODADS\BOREANTUNDRA\BEACH\BOREAN_SEAWEED_03.m2 | WORLD\EXPANSION02\DOODADS\GENERIC\SEAVRYKUL\WEAPONS\VRS_WEAPONRACK_02.M2,yes
WORLD\EXPANSION02\DOODADS\BOREANTUNDRA\BEACH\BOREAN_SEAWEED_01.m2,wmo-doodad-model|wmo-embedded-path,4,WORLD\WMO\DUNGEON\MD_SHIPWRECK\SHIPWRECK_DFRONT.WMO | WORLD\WMO\DUNGEON\MD_SHIPWRECK\SHIPWRECK_DFRONT_SOLID.WMO | WORLD\WMO\TRANSPORTS\VRYKULBOATS\TRANSPORT_VRYKUL_LARGE.WMO | WORLD\WMO\TRANSPORTS\VRYKULBOATS\TRANSPORT_VRYKUL_LARGELESS.WMO,yes
WORLD\EXPANSION02\DOODADS\BOREANTUNDRA\BEACH\BOREAN_SEAWEED_0100.skin,m2-skin-profile,1,WORLD\EXPANSION02\DOODADS\BOREANTUNDRA\BEACH\BOREAN_SEAWEED_01.m2,yes
WORLD\EXPANSION02\DOODADS\BOREANTUNDRA\BEACH\BOREAN_SEAWEED_02.m2,wmo-doodad-model|wmo-embedded-path,2,WORLD\WMO\TRANSPORTS\VRYKULBOATS\TRANSPORT_VRYKUL_LARGE.WMO | WORLD\WMO\TRANSPORTS\VRYKULBOATS\TRANSPORT_VRYKUL_LARGELESS.WMO,yes
WORLD\EXPANSION02\DOODADS\BOREANTUNDRA\BEACH\BOREAN_SEAWEED_0200.skin,m2-skin-profile,1,WORLD\EXPANSION02\DOODADS\BOREANTUNDRA\BEACH\BOREAN_SEAWEED_02.m2,yes
WORLD\EXPANSION02\DOODADS\BOREANTUNDRA\BEACH\BOREAN_SEAWEED_03.m2,wmo-doodad-model|wmo-embedded-path,5,WORLD\WMO\DUNGEON\MD_SHIPWRECK\SHIPWRECK_DBACK.WMO | WORLD\WMO\DUNGEON\MD_SHIPWRECK\SHIPWRECK_DFRONT.WMO | WORLD\WMO\DUNGEON\MD_SHIPWRECK\SHIPWRECK_DFRONT_SOLID.WMO | WORLD\WMO\TRANSPORTS\VRYKULBOATS\TRANSPORT_VRYKUL_LARGE.WMO | WORLD\WMO\TRANSPORTS\VRYKULBOATS\TRANSPORT_VRYKUL_LARGELESS.WMO,yes
WORLD\EXPANSION02\DOODADS\BOREANTUNDRA\BEACH\BOREAN_SEAWEED_0300.skin,m2-skin-profile,1,WORLD\EXPANSION02\DOODADS\BOREANTUNDRA\BEACH\BOREAN_SEAWEED_03.m2,yes
WORLD\EXPANSION02\DOODADS\BOREANTUNDRA\BEACH\BOREAN_STARFISH_01.BLP,m2-embedded-path,2,WORLD\EXPANSION02\DOODADS\BOREANTUNDRA\BEACH\BOREAN_SEAWEED_01.m2 | WORLD\EXPANSION02\DOODADS\BOREANTUNDRA\BEACH\BOREAN_SEAWEED_02.m2,yes
WORLD\EXPANSION02\DOODADS\BOREANTUNDRA\BUSHES\BOREAN_SHRUB_02.BLP,m2-embedded-path,1,WORLD\EXPANSION02\DOODADS\BOREANTUNDRA\BUSHES\BOREAN_SHRUB_02.m2,yes
WORLD\EXPANSION02\DOODADS\BOREANTUNDRA\BUSHES\BOREAN_SHRUB_02.m2,wmo-doodad-model|wmo-embedded-path,1,WORLD\WMO\DUNGEON\BOREANMAGNATAURMICRO\BOREANMAGNATAURMICRO_1ROOM.WMO,yes
WORLD\EXPANSION02\DOODADS\BOREANTUNDRA\BUSHES\BOREAN_SHRUB_0200.skin,m2-skin-profile,1,WORLD\EXPANSION02\DOODADS\BOREANTUNDRA\BUSHES\BOREAN_SHRUB_02.m2,yes
WORLD\EXPANSION02\DOODADS\BOREANTUNDRA\BUSHES\BOREAN_SHRUB_04.BLP,m2-embedded-path,1,WORLD\EXPANSION02\DOODADS\BOREANTUNDRA\BUSHES\BOREAN_SHRUB_04.m2,yes
WORLD\EXPANSION02\DOODADS\BOREANTUNDRA\BUSHES\BOREAN_SHRUB_04.m2,wmo-doodad-model|wmo-embedded-path,1,WORLD\WMO\DUNGEON\BOREANMAGNATAURMICRO\BOREANMAGNATAURMICRO_1ROOM.WMO,yes
WORLD\EXPANSION02\DOODADS\BOREANTUNDRA\BUSHES\BOREAN_SHRUB_0400.skin,m2-skin-profile,1,WORLD\EXPANSION02\DOODADS\BOREANTUNDRA\BUSHES\BOREAN_SHRUB_04.m2,yes
WORLD\EXPANSION02\DOODADS\BOREANTUNDRA\BUSHES\BOREAN_SHRUB_0401.skin,m2-skin-profile,1,WORLD\EXPANSION02\DOODADS\BOREANTUNDRA\BUSHES\BOREAN_SHRUB_04.m2,yes
WORLD\EXPANSION02\DOODADS\BOREANTUNDRA\MAGNATAURITEMS\BOREAN_REDPLANT_BURNINGPILE_0100.skin,m2-skin-profile,1,WORLD\EXPANSION02\DOODADS\BOREANTUNDRA\MAGNATAURITEMS\BOREAN_REDPLANT_BURNINGPILE_01.M2,yes
WORLD\EXPANSION02\DOODADS\BOREANTUNDRA\MAGNATAURITEMS\BOREAN_REDPLANT_DRIED_01.BLP,m2-embedded-path,1,WORLD\EXPANSION02\DOODADS\BOREANTUNDRA\MAGNATAURITEMS\BOREAN_REDPLANT_BURNINGPILE_01.M2,yes
WORLD\EXPANSION02\DOODADS\BOREANTUNDRA\ROCKS\BOREAN_ROCKLARGE_01.BLP,m2-embedded-path,1,WORLD\EXPANSION02\DOODADS\BOREANTUNDRA\ROCKS\BOREAN_ROCKLARGE_01.M2,yes
WORLD\EXPANSION02\DOODADS\BOREANTUNDRA\ROCKS\BOREAN_ROCKLARGE_0100.skin,m2-skin-profile,1,WORLD\EXPANSION02\DOODADS\BOREANTUNDRA\ROCKS\BOREAN_ROCKLARGE_01.M2,yes
WORLD\EXPANSION02\DOODADS\BOREANTUNDRA\ROCKS\BOREAN_ROCKLARGE_02.BLP,m2-embedded-path,2,WORLD\EXPANSION02\DOODADS\BOREANTUNDRA\ROCKS\BOREAN_ROCKLARGE_01.M2 | WORLD\EXPANSION02\DOODADS\BOREANTUNDRA\ROCKS\BOREAN_ROCKLARGE_06.M2,yes
WORLD\EXPANSION02\DOODADS\BOREANTUNDRA\ROCKS\BOREAN_ROCKLARGE_03.BLP,m2-embedded-path,1,WORLD\EXPANSION02\DOODADS\BOREANTUNDRA\ROCKS\BOREAN_ROCKLARGE_01.M2,yes
WORLD\EXPANSION02\DOODADS\BOREANTUNDRA\ROCKS\BOREAN_ROCKLARGE_0600.skin,m2-skin-profile,1,WORLD\EXPANSION02\DOODADS\BOREANTUNDRA\ROCKS\BOREAN_ROCKLARGE_06.M2,yes
WORLD\EXPANSION02\DOODADS\DALARAN\ENCHANTING_01.BLP,m2-embedded-path,1,WORLD\EXPANSION02\DOODADS\DALARAN\TRADESKILL_FIRSTAID_02.m2,yes
WORLD\EXPANSION02\DOODADS\DALARAN\GLOWBALL.BLP,m2-embedded-path,1,WORLD\GENERIC\PASSIVEDOODADS\PLAINRUNE\RUNESTONE.M2,yes
WORLD\EXPANSION02\DOODADS\DALARAN\TRADESKILL_FIRSTAID_02.m2,wmo-doodad-model|wmo-embedded-path,1,WORLD\WMO\CATACLYSM\VASHJIR\CAVES\VASHJIR_SMALL_CAVE.WMO,yes
WORLD\EXPANSION02\DOODADS\DALARAN\TRADESKILL_FIRSTAID_0200.skin,m2-skin-profile,1,WORLD\EXPANSION02\DOODADS\DALARAN\TRADESKILL_FIRSTAID_02.m2,yes
WORLD\EXPANSION02\DOODADS\DRAGONBLIGHT\DB_WOOD.BLP,m2-embedded-path,1,WORLD\EXPANSION02\DOODADS\DRAGONBLIGHT\DRAGONBLIGHT_DEBRISPILE_02.m2,yes
WORLD\EXPANSION02\DOODADS\DRAGONBLIGHT\DRAGONBLIGHT_DEBRISPILE_02.m2,wmo-doodad-model|wmo-embedded-path,1,WORLD\WMO\CATACLYSM\VASHJIR\CAVES\VASHJIR_SMALL_CAVE.WMO,yes
WORLD\EXPANSION02\DOODADS\DRAGONBLIGHT\DRAGONBLIGHT_DEBRISPILE_0200.skin,m2-skin-profile,1,WORLD\EXPANSION02\DOODADS\DRAGONBLIGHT\DRAGONBLIGHT_DEBRISPILE_02.m2,yes
WORLD\EXPANSION02\DOODADS\GENERIC\ORACLE\O_EGGS_01.BLP,m2-embedded-path,2,WORLD\EXPANSION02\DOODADS\GENERIC\ORACLE\O_TRASHPILE_01.M2 | WORLD\EXPANSION02\DOODADS\GENERIC\ORACLE\O_TRASHPILE_02.M2,yes
WORLD\EXPANSION02\DOODADS\GENERIC\ORACLE\O_TRASHPILE_0100.skin,m2-skin-profile,1,WORLD\EXPANSION02\DOODADS\GENERIC\ORACLE\O_TRASHPILE_01.M2,yes
WORLD\EXPANSION02\DOODADS\GENERIC\ORACLE\O_TRASHPILE_0200.skin,m2-skin-profile,1,WORLD\EXPANSION02\DOODADS\GENERIC\ORACLE\O_TRASHPILE_02.M2,yes
WORLD\EXPANSION02\DOODADS\GENERIC\SCOURGE\GREENLAVABUBBLE.BLP,m2-embedded-path,1,WORLD\EXPANSION02\DOODADS\GENERIC\SCOURGE\SC_CAULDRON_GREEN.M2,yes
WORLD\EXPANSION02\DOODADS\GENERIC\SCOURGE\GREENSWIRL.BLP,m2-embedded-path,1,WORLD\EXPANSION02\DOODADS\GENERIC\SCOURGE\SC_CAULDRON_GREEN.M2,yes
WORLD\EXPANSION02\DOODADS\GENERIC\SCOURGE\SC_BARRICADE_BROKEN00.skin,m2-skin-profile,1,WORLD\EXPANSION02\DOODADS\GENERIC\SCOURGE\SC_BARRICADE_BROKEN.M2,yes
WORLD\EXPANSION02\DOODADS\GENERIC\SCOURGE\SC_BARRICADE.BLP,m2-embedded-path,5,WORLD\EXPANSION02\DOODADS\GENERIC\SCOURGE\SC_BRAZIER2_ORANGE.M2 | WORLD\EXPANSION02\DOODADS\GENERIC\SCOURGE\SC_CAULDRON_GREEN.M2 | WORLD\EXPANSION02\DOODADS\GENERIC\SCOURGE\SC_TRENCH_C_LONG.M2 | WORLD\EXPANSION02\DOODADS\GENERIC\SCOURGE\SC_TRENCH_M_BRACE.M2 | WORLD\EXPANSION02\DOODADS\GENERIC\SCOURGE\SC_TRENCH_M_LONG.M2,yes
WORLD\EXPANSION02\DOODADS\GENERIC\SCOURGE\SC_BARRICADE2.BLP,m2-embedded-path,5,WORLD\EXPANSION02\DOODADS\GENERIC\SCOURGE\SC_BARRICADE_BROKEN.M2 | WORLD\EXPANSION02\DOODADS\GENERIC\SCOURGE\SC_TRENCH_C_LONG.M2 | WORLD\EXPANSION02\DOODADS\GENERIC\SCOURGE\SC_TRENCH_M_BRACE.M2 | WORLD\EXPANSION02\DOODADS\GENERIC\SCOURGE\SC_TRENCH_M_LONG.M2 | WORLD\EXPANSION02\DOODADS\GENERIC\SCOURGE\SC_TRENCH_P_BONE2.M2,yes
WORLD\EXPANSION02\DOODADS\GENERIC\SCOURGE\SC_BRAZIER_ORANGE.BLP,m2-embedded-path,2,WORLD\EXPANSION02\DOODADS\GENERIC\SCOURGE\SC_BRAZIER2_ORANGE.M2 | WORLD\EXPANSION02\DOODADS\GENERIC\SCOURGE\SC_BRAZIER3_ORANGE.M2,yes
WORLD\EXPANSION02\DOODADS\GENERIC\SCOURGE\SC_BRAZIER2_ORANGE00.skin,m2-skin-profile,1,WORLD\EXPANSION02\DOODADS\GENERIC\SCOURGE\SC_BRAZIER2_ORANGE.M2,yes
WORLD\EXPANSION02\DOODADS\GENERIC\SCOURGE\SC_BRAZIER3_ORANGE00.skin,m2-skin-profile,1,WORLD\EXPANSION02\DOODADS\GENERIC\SCOURGE\SC_BRAZIER3_ORANGE.M2,yes
WORLD\EXPANSION02\DOODADS\GENERIC\SCOURGE\SC_CAULDRON_GREEN.BLP,m2-embedded-path,1,WORLD\EXPANSION02\DOODADS\GENERIC\SCOURGE\SC_CAULDRON_GREEN.M2,yes
WORLD\EXPANSION02\DOODADS\GENERIC\SCOURGE\SC_CAULDRON_GREEN00.skin,m2-skin-profile,1,WORLD\EXPANSION02\DOODADS\GENERIC\SCOURGE\SC_CAULDRON_GREEN.M2,yes
WORLD\EXPANSION02\DOODADS\GENERIC\SCOURGE\SC_CHAIN.BLP,m2-embedded-path,1,WORLD\EXPANSION02\DOODADS\GENERIC\SCOURGE\SC_BARRICADE_BROKEN.M2,yes
WORLD\EXPANSION02\DOODADS\GENERIC\SCOURGE\SC_OBELISK.BLP,m2-embedded-path,1,WORLD\EXPANSION02\DOODADS\GENERIC\SCOURGE\SC_OBELISK1.M2,yes
WORLD\EXPANSION02\DOODADS\GENERIC\SCOURGE\SC_OBELISK100.skin,m2-skin-profile,1,WORLD\EXPANSION02\DOODADS\GENERIC\SCOURGE\SC_OBELISK1.M2,yes
WORLD\EXPANSION02\DOODADS\GENERIC\SCOURGE\SC_PLATFORM200.skin,m2-skin-profile,1,WORLD\EXPANSION02\DOODADS\GENERIC\SCOURGE\SC_PLATFORM2.M2,yes
WORLD\EXPANSION02\DOODADS\GENERIC\SCOURGE\SC_STAIRS.BLP,m2-embedded-path,1,WORLD\EXPANSION02\DOODADS\GENERIC\SCOURGE\SC_PLATFORM2.M2,yes
WORLD\EXPANSION02\DOODADS\GENERIC\SCOURGE\SC_TRENCH_C_LONG00.skin,m2-skin-profile,1,WORLD\EXPANSION02\DOODADS\GENERIC\SCOURGE\SC_TRENCH_C_LONG.M2,yes
WORLD\EXPANSION02\DOODADS\GENERIC\SCOURGE\SC_TRENCH_M_BRACE00.skin,m2-skin-profile,1,WORLD\EXPANSION02\DOODADS\GENERIC\SCOURGE\SC_TRENCH_M_BRACE.M2,yes
WORLD\EXPANSION02\DOODADS\GENERIC\SCOURGE\SC_TRENCH_M_LONG00.skin,m2-skin-profile,1,WORLD\EXPANSION02\DOODADS\GENERIC\SCOURGE\SC_TRENCH_M_LONG.M2,yes
WORLD\EXPANSION02\DOODADS\GENERIC\SCOURGE\SC_TRENCH_P_BONE200.skin,m2-skin-profile,1,WORLD\EXPANSION02\DOODADS\GENERIC\SCOURGE\SC_TRENCH_P_BONE2.M2,yes
World\Expansion02\Doodads\Generic\SeaVrykul\Shore\VRS_Chest_01.blp,m2-embedded-path,1,WORLD\EXPANSION02\DOODADS\GENERIC\SEAVRYKUL\SHORE\VRS_CHEST_01.M2,yes
WORLD\EXPANSION02\DOODADS\GENERIC\SEAVRYKUL\SHORE\VRS_CHEST_01.m2,wmo-doodad-model|wmo-embedded-path,2,WORLD\WMO\TRANSPORTS\VRYKULBOATS\TRANSPORT_VRYKUL_LARGE.WMO | WORLD\WMO\TRANSPORTS\VRYKULBOATS\TRANSPORT_VRYKUL_LARGELESS.WMO,yes
WORLD\EXPANSION02\DOODADS\GENERIC\SEAVRYKUL\SHORE\VRS_CHEST_0100.skin,m2-skin-profile,1,WORLD\EXPANSION02\DOODADS\GENERIC\SEAVRYKUL\SHORE\VRS_CHEST_01.M2,yes
World\Expansion02\Doodads\Generic\SeaVrykul\Shore\VRS_Crate_01.blp,m2-embedded-path,1,WORLD\EXPANSION02\DOODADS\GENERIC\SEAVRYKUL\SHORE\VRS_CRATE_01.M2,yes
WORLD\EXPANSION02\DOODADS\GENERIC\SEAVRYKUL\SHORE\VRS_CRATE_01.m2,wmo-doodad-model|wmo-embedded-path,2,WORLD\WMO\TRANSPORTS\VRYKULBOATS\TRANSPORT_VRYKUL_LARGE.WMO | WORLD\WMO\TRANSPORTS\VRYKULBOATS\TRANSPORT_VRYKUL_LARGELESS.WMO,yes
WORLD\EXPANSION02\DOODADS\GENERIC\SEAVRYKUL\SHORE\VRS_CRATE_0100.skin,m2-skin-profile,1,WORLD\EXPANSION02\DOODADS\GENERIC\SEAVRYKUL\SHORE\VRS_CRATE_01.M2,yes
WORLD\EXPANSION02\DOODADS\GENERIC\SEAVRYKUL\SHORE\VRS_CRATE_DESTROYED_0100.skin,m2-skin-profile,1,WORLD\EXPANSION02\DOODADS\GENERIC\SEAVRYKUL\SHORE\VRS_CRATE_DESTROYED_01.M2,yes
World\Expansion02\Doodads\Generic\SeaVrykul\Shore\VRS_Hook_01.blp,m2-embedded-path,7,WORLD\EXPANSION02\DOODADS\GENERIC\SEAVRYKUL\SHORE\VRS_CHEST_01.M2 | WORLD\EXPANSION02\DOODADS\GENERIC\SEAVRYKUL\SHORE\VRS_CRATE_DESTROYED_01.M2 | WORLD\EXPANSION02\DOODADS\GENERIC\SEAVRYKUL\SHORE\VRS_NETPILE_01.M2 | WORLD\EXPANSION02\DOODADS\GENERIC\SEAVRYKUL\SHORE\VRS_TENT_01.M2 | WORLD\EXPANSION02\DOODADS\GENERIC\SEAVRYKUL\SHORE\VRS_TENT_02.M2 | WORLD\EXPANSION02\DOODADS\GENERIC\SEAVRYKUL\WEAPONS\VRS_WEAPONRACK_01.M2 | WORLD\EXPANSION02\DOODADS\GENERIC\SEAVRYKUL\WEAPONS\VRS_WEAPONRACK_02.M2,yes
WORLD\EXPANSION02\DOODADS\GENERIC\SEAVRYKUL\SHORE\VRS_NET_01.BLP,m2-embedded-path,4,WORLD\EXPANSION02\DOODADS\GENERIC\SEAVRYKUL\SHORE\VRS_NETPILE_01.M2 | WORLD\EXPANSION02\DOODADS\GENERIC\SEAVRYKUL\SHORE\VRS_TENT_02.M2 | WORLD\EXPANSION02\DOODADS\GENERIC\SEAVRYKUL\WEAPONS\VRS_WEAPONRACK_01.M2 | WORLD\EXPANSION02\DOODADS\GENERIC\SEAVRYKUL\WEAPONS\VRS_WEAPONRACK_02.M2,yes
WORLD\EXPANSION02\DOODADS\GENERIC\SEAVRYKUL\SHORE\VRS_NET_02.BLP,m2-embedded-path,1,WORLD\EXPANSION02\DOODADS\GENERIC\SEAVRYKUL\SHORE\VRS_NETPILE_01.M2,yes
WORLD\EXPANSION02\DOODADS\GENERIC\SEAVRYKUL\SHORE\VRS_NETPILE_01.m2,wmo-doodad-model|wmo-embedded-path,2,WORLD\WMO\TRANSPORTS\VRYKULBOATS\TRANSPORT_VRYKUL_LARGE.WMO | WORLD\WMO\TRANSPORTS\VRYKULBOATS\TRANSPORT_VRYKUL_LARGELESS.WMO,yes
WORLD\EXPANSION02\DOODADS\GENERIC\SEAVRYKUL\SHORE\VRS_NETPILE_0100.skin,m2-skin-profile,1,WORLD\EXPANSION02\DOODADS\GENERIC\SEAVRYKUL\SHORE\VRS_NETPILE_01.M2,yes
WORLD\EXPANSION02\DOODADS\GENERIC\SEAVRYKUL\SHORE\VRS_TENT_0100.skin,m2-skin-profile,1,WORLD\EXPANSION02\DOODADS\GENERIC\SEAVRYKUL\SHORE\VRS_TENT_01.M2,yes
WORLD\EXPANSION02\DOODADS\GENERIC\SEAVRYKUL\SHORE\VRS_TENT_0200.skin,m2-skin-profile,1,WORLD\EXPANSION02\DOODADS\GENERIC\SEAVRYKUL\SHORE\VRS_TENT_02.M2,yes
World\Expansion02\Doodads\Generic\SeaVrykul\Shore\VRS_Tent.blp,m2-embedded-path,7,WORLD\EXPANSION02\DOODADS\GENERIC\SEAVRYKUL\SHORE\VRS_CHEST_01.M2 | WORLD\EXPANSION02\DOODADS\GENERIC\SEAVRYKUL\SHORE\VRS_CRATE_DESTROYED_01.M2 | WORLD\EXPANSION02\DOODADS\GENERIC\SEAVRYKUL\SHORE\VRS_NETPILE_01.M2 | WORLD\EXPANSION02\DOODADS\GENERIC\SEAVRYKUL\SHORE\VRS_TENT_01.M2 | WORLD\EXPANSION02\DOODADS\GENERIC\SEAVRYKUL\SHORE\VRS_TENT_02.M2 | WORLD\EXPANSION02\DOODADS\GENERIC\SEAVRYKUL\WEAPONS\VRS_WEAPONRACK_01.M2 | WORLD\EXPANSION02\DOODADS\GENERIC\SEAVRYKUL\WEAPONS\VRS_WEAPONRACK_02.M2,yes
WORLD\EXPANSION02\DOODADS\GENERIC\SEAVRYKUL\WEAPONS\VRS_WEAPONRACK_01.m2,wmo-doodad-model|wmo-embedded-path,2,WORLD\WMO\TRANSPORTS\VRYKULBOATS\TRANSPORT_VRYKUL_LARGE.WMO | WORLD\WMO\TRANSPORTS\VRYKULBOATS\TRANSPORT_VRYKUL_LARGELESS.WMO,yes
WORLD\EXPANSION02\DOODADS\GENERIC\SEAVRYKUL\WEAPONS\VRS_WEAPONRACK_0100.skin,m2-skin-profile,1,WORLD\EXPANSION02\DOODADS\GENERIC\SEAVRYKUL\WEAPONS\VRS_WEAPONRACK_01.M2,yes
WORLD\EXPANSION02\DOODADS\GENERIC\SEAVRYKUL\WEAPONS\VRS_WEAPONRACK_0200.skin,m2-skin-profile,1,WORLD\EXPANSION02\DOODADS\GENERIC\SEAVRYKUL\WEAPONS\VRS_WEAPONRACK_02.M2,yes
WORLD\EXPANSION02\DOODADS\GENERIC\VRYKUL\BANNER\VR_SEA_BANNER_0100.skin,m2-skin-profile,1,WORLD\EXPANSION02\DOODADS\GENERIC\VRYKUL\BANNER\VR_SEA_BANNER_01.M2,yes
WORLD\EXPANSION02\DOODADS\GENERIC\VRYKUL\BANNER\VR_SEA_BANNER.BLP,m2-embedded-path,1,WORLD\EXPANSION02\DOODADS\GENERIC\VRYKUL\BANNER\VR_SEA_BANNER_01.M2,yes
WORLD\EXPANSION02\DOODADS\GENERIC\VRYKUL\BOATS\TRANSPORT_VRYKUL_MEDIUM_DOODAD00.skin,m2-skin-profile,1,WORLD\EXPANSION02\DOODADS\GENERIC\VRYKUL\BOATS\TRANSPORT_VRYKUL_MEDIUM_DOODAD.M2,yes
WORLD\EXPANSION02\DOODADS\GENERIC\VRYKUL\BRAZIER\VR_BRAZIER_01.BLP,m2-embedded-path,1,WORLD\EXPANSION02\DOODADS\GENERIC\VRYKUL\BRAZIER\VR_BRAZIER_01.M2,yes
WORLD\EXPANSION02\DOODADS\GENERIC\VRYKUL\BRAZIER\VR_BRAZIER_0100.skin,m2-skin-profile,1,WORLD\EXPANSION02\DOODADS\GENERIC\VRYKUL\BRAZIER\VR_BRAZIER_01.M2,yes
WORLD\EXPANSION02\DOODADS\GENERIC\VRYKUL\BUTTRESS\VR_BUTTRESS_01.BLP,m2-embedded-path,1,WORLD\EXPANSION02\DOODADS\GENERIC\VRYKUL\BUTTRESS\VR_BUTTRESS_01.M2,yes
WORLD\EXPANSION02\DOODADS\GENERIC\VRYKUL\BUTTRESS\VR_BUTTRESS_0100.skin,m2-skin-profile,1,WORLD\EXPANSION02\DOODADS\GENERIC\VRYKUL\BUTTRESS\VR_BUTTRESS_01.M2,yes
WORLD\EXPANSION02\DOODADS\GENERIC\VRYKUL\CAGE\VR_CAGE_0100.skin,m2-skin-profile,1,WORLD\EXPANSION02\DOODADS\GENERIC\VRYKUL\CAGE\VR_CAGE_01.M2,yes
WORLD\EXPANSION02\DOODADS\GENERIC\VRYKUL\CAGE\VR_CAGE_0200.skin,m2-skin-profile,1,WORLD\EXPANSION02\DOODADS\GENERIC\VRYKUL\CAGE\VR_CAGE_02.M2,yes
WORLD\EXPANSION02\DOODADS\GENERIC\VRYKUL\CAGE\VR_CAGE01.BLP,m2-embedded-path,4,WORLD\EXPANSION01\DOODADS\GENERIC\VRYKUL\WEAPONRACKS\VR_WEAPONRACK_01.M2 | WORLD\EXPANSION02\DOODADS\GENERIC\SEAVRYKUL\SHORE\VRS_CHEST_01.M2 | WORLD\EXPANSION02\DOODADS\GENERIC\VRYKUL\CAGE\VR_CAGE_01.M2 | WORLD\EXPANSION02\DOODADS\GENERIC\VRYKUL\CAGE\VR_CAGE_02.M2,yes
WORLD\EXPANSION02\DOODADS\GENERIC\VRYKUL\CHAINS\VR_CHAINS_0200.skin,m2-skin-profile,1,WORLD\EXPANSION02\DOODADS\GENERIC\VRYKUL\CHAINS\VR_CHAINS_02.M2,yes
WORLD\EXPANSION02\DOODADS\GENERIC\VRYKUL\CHAIRS\CHAIR_01.BLP,m2-embedded-path,1,WORLD\EXPANSION02\DOODADS\GENERIC\VRYKUL\CHAIRS\VR_CHAIR_01.M2,yes
WORLD\EXPANSION02\DOODADS\GENERIC\VRYKUL\CHAIRS\VR_CHAIR_0100.skin,m2-skin-profile,1,WORLD\EXPANSION02\DOODADS\GENERIC\VRYKUL\CHAIRS\VR_CHAIR_01.M2,yes
WORLD\EXPANSION02\DOODADS\GENERIC\VRYKUL\COOKING\BROTHBUBBLESALPHA.BLP,m2-embedded-path,2,WORLD\EXPANSION02\DOODADS\GENERIC\VRYKUL\COOKING\VR_COOKPOT_01.M2 | WORLD\EXPANSION02\DOODADS\GENERIC\VRYKUL\COOKING\VR_COOKPOT_02.M2,yes
WORLD\EXPANSION02\DOODADS\GENERIC\VRYKUL\COOKING\VR_COOKPOT_0100.skin,m2-skin-profile,1,WORLD\EXPANSION02\DOODADS\GENERIC\VRYKUL\COOKING\VR_COOKPOT_01.M2,yes
WORLD\EXPANSION02\DOODADS\GENERIC\VRYKUL\COOKING\VR_COOKPOT_0200.skin,m2-skin-profile,1,WORLD\EXPANSION02\DOODADS\GENERIC\VRYKUL\COOKING\VR_COOKPOT_02.M2,yes
WORLD\EXPANSION02\DOODADS\GENERIC\VRYKUL\COOKING\VRYKULCOOKPOT01.BLP,m2-embedded-path,2,WORLD\EXPANSION02\DOODADS\GENERIC\VRYKUL\COOKING\VR_COOKPOT_01.M2 | WORLD\EXPANSION02\DOODADS\GENERIC\VRYKUL\COOKING\VR_COOKPOT_02.M2,yes
WORLD\EXPANSION02\DOODADS\GENERIC\VRYKUL\HARPOON\VR_HARPOON_0200.skin,m2-skin-profile,1,WORLD\EXPANSION02\DOODADS\GENERIC\VRYKUL\HARPOON\VR_HARPOON_02.M2,yes
WORLD\EXPANSION02\DOODADS\GENERIC\VRYKUL\HARPOON\VR_HARPOON._LEVER.BLP,m2-embedded-path,1,WORLD\EXPANSION02\DOODADS\GENERIC\VRYKUL\HARPOON\VR_HARPOON_02.M2,yes
WORLD\EXPANSION02\DOODADS\GENERIC\VRYKUL\HARPOON\VR_HARPOON.BLP,m2-embedded-path,1,WORLD\EXPANSION02\DOODADS\GENERIC\VRYKUL\HARPOON\VR_HARPOON_02.M2,yes
WORLD\EXPANSION02\DOODADS\GENERIC\VRYKUL\HAY\VR_HAYBAIL_0100.skin,m2-skin-profile,1,WORLD\EXPANSION02\DOODADS\GENERIC\VRYKUL\HAY\VR_HAYBAIL_01.M2,yes
WORLD\EXPANSION02\DOODADS\GENERIC\VRYKUL\HAY\VR_STRAW_SMALL_01.M2,wmo-doodad-model|wmo-embedded-path,1,WORLD\WMO\BROKENISLES\ARAKNASHAL\7AN_MOUNTAINCAVE_MEDIUM01.WMO,yes
WORLD\EXPANSION02\DOODADS\GENERIC\VRYKUL\HAY\VR_STRAW_SMALL_0100.skin,m2-skin-profile,1,WORLD\EXPANSION02\DOODADS\GENERIC\VRYKUL\HAY\VR_STRAW_SMALL_01.M2,yes
WORLD\EXPANSION02\DOODADS\GENERIC\VRYKUL\HAY\VRSTRAWBITS.BLP,m2-embedded-path,1,WORLD\EXPANSION02\DOODADS\GENERIC\VRYKUL\HAY\VR_STRAW_SMALL_01.M2,yes
WORLD\EXPANSION02\DOODADS\GENERIC\VRYKUL\HAY\VRYKULHAYBAIL.BLP,m2-embedded-path,1,WORLD\EXPANSION02\DOODADS\GENERIC\VRYKUL\HAY\VR_HAYBAIL_01.M2,yes
WORLD\EXPANSION02\DOODADS\GENERIC\VRYKUL\QUEST\HF_SACK.BLP,m2-embedded-path,1,WORLD\EXPANSION02\DOODADS\GENERIC\VRYKUL\QUEST\VR_SACK_02_Q.M2,yes
WORLD\EXPANSION02\DOODADS\GENERIC\VRYKUL\QUEST\VR_BONES_01_Q00.skin,m2-skin-profile,1,WORLD\EXPANSION02\DOODADS\GENERIC\VRYKUL\QUEST\VR_BONES_01_Q.M2,yes
WORLD\EXPANSION02\DOODADS\GENERIC\VRYKUL\QUEST\VR_SACK_02_Q00.skin,m2-skin-profile,1,WORLD\EXPANSION02\DOODADS\GENERIC\VRYKUL\QUEST\VR_SACK_02_Q.M2,yes
WORLD\EXPANSION02\DOODADS\GENERIC\VRYKUL\ROAD\VR_ROADPLANK_0200.skin,m2-skin-profile,1,WORLD\EXPANSION02\DOODADS\GENERIC\VRYKUL\ROAD\VR_ROADPLANK_02.M2,yes
WORLD\EXPANSION02\DOODADS\GENERIC\VRYKUL\ROAD\VR_ROADPLANK_0300.skin,m2-skin-profile,1,WORLD\EXPANSION02\DOODADS\GENERIC\VRYKUL\ROAD\VR_ROADPLANK_03.M2,yes
WORLD\EXPANSION02\DOODADS\GENERIC\VRYKUL\ROAD\VR_ROADPLANK_0400.skin,m2-skin-profile,1,WORLD\EXPANSION02\DOODADS\GENERIC\VRYKUL\ROAD\VR_ROADPLANK_04.M2,yes
WORLD\EXPANSION02\DOODADS\GENERIC\VRYKUL\ROAD\VR_ROADPLANK_0500.skin,m2-skin-profile,1,WORLD\EXPANSION02\DOODADS\GENERIC\VRYKUL\ROAD\VR_ROADPLANK_05.M2,yes
WORLD\EXPANSION02\DOODADS\GENERIC\VRYKUL\ROAD\VR_ROADPLANK_0600.skin,m2-skin-profile,1,WORLD\EXPANSION02\DOODADS\GENERIC\VRYKUL\ROAD\VR_ROADPLANK_06.M2,yes
WORLD\EXPANSION02\DOODADS\GENERIC\VRYKUL\ROAD\VRYKULROADEDGE02.BLP,m2-embedded-path,5,WORLD\EXPANSION02\DOODADS\GENERIC\VRYKUL\ROAD\VR_ROADPLANK_02.M2 | WORLD\EXPANSION02\DOODADS\GENERIC\VRYKUL\ROAD\VR_ROADPLANK_03.M2 | WORLD\EXPANSION02\DOODADS\GENERIC\VRYKUL\ROAD\VR_ROADPLANK_04.M2 | WORLD\EXPANSION02\DOODADS\GENERIC\VRYKUL\ROAD\VR_ROADPLANK_05.M2 | WORLD\EXPANSION02\DOODADS\GENERIC\VRYKUL\ROAD\VR_ROADPLANK_06.M2,yes
WORLD\EXPANSION02\DOODADS\GENERIC\VRYKUL\RUBBLE\VR_RUBBLE_0300.skin,m2-skin-profile,1,WORLD\EXPANSION02\DOODADS\GENERIC\VRYKUL\RUBBLE\VR_RUBBLE_03.M2,yes
WORLD\EXPANSION02\DOODADS\GENERIC\VRYKUL\SHIELD\CREST1.BLP,m2-embedded-path,1,WORLD\EXPANSION02\DOODADS\GENERIC\VRYKUL\WEAPONS\VR_CRESTAXE_02.M2,yes
WORLD\EXPANSION02\DOODADS\GENERIC\VRYKUL\SHIELD\CREST2.BLP,m2-embedded-path,1,WORLD\EXPANSION02\DOODADS\GENERIC\VRYKUL\WEAPONS\VR_CRESTAXE_01.M2,yes
WORLD\EXPANSION02\DOODADS\GENERIC\VRYKUL\SHIELD\CREST3.BLP,m2-embedded-path,1,WORLD\EXPANSION01\DOODADS\GENERIC\VRYKUL\WEAPONRACKS\VR_WEAPONRACK_01.M2,yes
WORLD\EXPANSION02\DOODADS\GENERIC\VRYKUL\SHIELD\VR_SHIELD_01.BLP,m2-embedded-path,1,WORLD\EXPANSION02\DOODADS\GENERIC\VRYKUL\SHIELD\VR_SHIELD_01.M2,yes
WORLD\EXPANSION02\DOODADS\GENERIC\VRYKUL\SHIELD\VR_SHIELD_0100.skin,m2-skin-profile,1,WORLD\EXPANSION02\DOODADS\GENERIC\VRYKUL\SHIELD\VR_SHIELD_01.M2,yes
WORLD\EXPANSION02\DOODADS\GENERIC\VRYKUL\SHIELD\VR_SHIELD_03.BLP,m2-embedded-path,1,WORLD\EXPANSION02\DOODADS\GENERIC\VRYKUL\SHIELD\VR_SHIELD_03.M2,yes
WORLD\EXPANSION02\DOODADS\GENERIC\VRYKUL\SHIELD\VR_SHIELD_0300.skin,m2-skin-profile,1,WORLD\EXPANSION02\DOODADS\GENERIC\VRYKUL\SHIELD\VR_SHIELD_03.M2,yes
WORLD\EXPANSION02\DOODADS\GENERIC\VRYKUL\TABLE\MEDIUMTABLETOP01.BLP,m2-embedded-path,1,WORLD\EXPANSION02\DOODADS\GENERIC\VRYKUL\TABLE\VR_TABLE_MEDIUM_01.M2,yes
WORLD\EXPANSION02\DOODADS\GENERIC\VRYKUL\TABLE\VR_TABLE_LARGE_0100.skin,m2-skin-profile,1,WORLD\EXPANSION02\DOODADS\GENERIC\VRYKUL\TABLE\VR_TABLE_LARGE_01.M2,yes
WORLD\EXPANSION02\DOODADS\GENERIC\VRYKUL\TABLE\VR_TABLE_MEDIUM_0100.skin,m2-skin-profile,1,WORLD\EXPANSION02\DOODADS\GENERIC\VRYKUL\TABLE\VR_TABLE_MEDIUM_01.M2,yes
WORLD\EXPANSION02\DOODADS\GENERIC\VRYKUL\TABLE\VRYKULTABLE01.BLP,m2-embedded-path,1,WORLD\EXPANSION02\DOODADS\GENERIC\VRYKUL\TABLE\VR_TABLE_LARGE_01.M2,yes
WORLD\EXPANSION02\DOODADS\GENERIC\VRYKUL\TABLE\VRYKULTABLETOP.BLP,m2-embedded-path,1,WORLD\EXPANSION02\DOODADS\GENERIC\VRYKUL\TABLE\VR_TABLE_LARGE_01.M2,yes
WORLD\EXPANSION02\DOODADS\GENERIC\VRYKUL\TROUGH\VR_TORCH_01.BLP,m2-embedded-path,1,WORLD\EXPANSION02\DOODADS\GENERIC\VRYKUL\TROUGH\VR_TROUGH.M2,yes
WORLD\EXPANSION02\DOODADS\GENERIC\VRYKUL\TROUGH\VR_TROUGH00.skin,m2-skin-profile,1,WORLD\EXPANSION02\DOODADS\GENERIC\VRYKUL\TROUGH\VR_TROUGH.M2,yes
WORLD\EXPANSION02\DOODADS\GENERIC\VRYKUL\TROUGH\WATER_REFLECT.BLP,m2-embedded-path,1,WORLD\EXPANSION02\DOODADS\GENERIC\VRYKUL\TROUGH\VR_TROUGH.M2,yes
WORLD\EXPANSION02\DOODADS\GENERIC\VRYKUL\TROUGH\WATER_SURFACE.BLP,m2-embedded-path,1,WORLD\EXPANSION02\DOODADS\GENERIC\VRYKUL\TROUGH\VR_TROUGH.M2,yes
WORLD\EXPANSION02\DOODADS\GENERIC\VRYKUL\WAGON\VR_WAGON_0100.skin,m2-skin-profile,1,WORLD\EXPANSION02\DOODADS\GENERIC\VRYKUL\WAGON\VR_WAGON_01.M2,yes
WORLD\EXPANSION02\DOODADS\GENERIC\VRYKUL\WAGON\VR_WAGON.BLP,m2-embedded-path,1,WORLD\EXPANSION02\DOODADS\GENERIC\VRYKUL\WAGON\VR_WAGON_01.M2,yes
WORLD\EXPANSION02\DOODADS\GENERIC\VRYKUL\WEAPONS\VR_CRESTAXE_0100.skin,m2-skin-profile,1,WORLD\EXPANSION02\DOODADS\GENERIC\VRYKUL\WEAPONS\VR_CRESTAXE_01.M2,yes
WORLD\EXPANSION02\DOODADS\GENERIC\VRYKUL\WEAPONS\VR_CRESTAXE_0200.skin,m2-skin-profile,1,WORLD\EXPANSION02\DOODADS\GENERIC\VRYKUL\WEAPONS\VR_CRESTAXE_02.M2,yes
WORLD\EXPANSION02\DOODADS\GENERIC\WATERFALLS\T_VFX_BORDER3.BLP,m2-embedded-path,1,WORLD\EXPANSION02\DOODADS\GENERIC\WATERFALLS\WATERFALLS_SET1_MED_RIPPLES.M2,yes
WORLD\EXPANSION02\DOODADS\GENERIC\WATERFALLS\WATERFALLS_SET1_MED_HAT00.skin,m2-skin-profile,1,WORLD\EXPANSION02\DOODADS\GENERIC\WATERFALLS\WATERFALLS_SET1_MED_HAT.M2,yes
WORLD\EXPANSION02\DOODADS\GENERIC\WATERFALLS\WATERFALLS_SET1_MED_RIPPLES00.skin,m2-skin-profile,1,WORLD\EXPANSION02\DOODADS\GENERIC\WATERFALLS\WATERFALLS_SET1_MED_RIPPLES.M2,yes
WORLD\EXPANSION02\DOODADS\GENERIC\WATERFALLS\WATERFALLS_SET2_MED_TALL_WITHCHOP00.skin,m2-skin-profile,1,WORLD\EXPANSION02\DOODADS\GENERIC\WATERFALLS\WATERFALLS_SET2_MED_TALL_WITHCHOP.M2,yes
WORLD\EXPANSION02\DOODADS\GENERIC\WATERFALLS\WATERFOAM_RAPID.BLP,m2-embedded-path,1,WORLD\EXPANSION02\DOODADS\GENERIC\WATERFALLS\WATERFALLS_SET1_MED_HAT.M2,yes
WORLD\EXPANSION02\DOODADS\GENERIC\WATERFALLS\WATERFOAMLOOP2.BLP,m2-embedded-path,1,WORLD\EXPANSION02\DOODADS\GENERIC\WATERFALLS\WATERFALLS_SET1_MED_RIPPLES.M2,yes
WORLD\EXPANSION02\DOODADS\GENERIC\WATERFALLS\WATERFOAMLOOP3.BLP,m2-embedded-path,1,WORLD\EXPANSION02\DOODADS\GENERIC\WATERFALLS\WATERFALLS_SET1_MED_HAT.M2,yes
WORLD\EXPANSION02\DOODADS\HOWLINGFJORD\FIREFX\T_VFX_FIRE_ANIM02_128_FULL_DESAT.BLP,m2-embedded-path,2,WORLD\EXPANSION02\DOODADS\BOREANTUNDRA\MAGNATAURITEMS\BOREAN_REDPLANT_BURNINGPILE_01.M2 | WORLD\EXPANSION02\DOODADS\GENERIC\VRYKUL\BRAZIER\VR_BRAZIER_01.M2,yes
WORLD\EXPANSION02\DOODADS\HOWLINGFJORD\FOG\HFJORD_FOG_01.BLP,m2-embedded-path,1,WORLD\EXPANSION02\DOODADS\HOWLINGFJORD\FOG\HFJORD_FOG_01.M2,yes
WORLD\EXPANSION02\DOODADS\HOWLINGFJORD\FOG\HFJORD_FOG_0100.skin,m2-skin-profile,1,WORLD\EXPANSION02\DOODADS\HOWLINGFJORD\FOG\HFJORD_FOG_01.M2,yes
WORLD\EXPANSION02\DOODADS\SCHOLAZAR\SHIPWRECK_D\SHIPWRECK_SAILS.m2,wmo-doodad-model|wmo-embedded-path,1,WORLD\WMO\DUNGEON\MD_SHIPWRECK\SHIPWRECK_DBACK.WMO,yes
WORLD\EXPANSION02\DOODADS\SCHOLAZAR\SHIPWRECK_D\SHIPWRECK_SAILS00.skin,m2-skin-profile,1,WORLD\EXPANSION02\DOODADS\SCHOLAZAR\SHIPWRECK_D\SHIPWRECK_SAILS.m2,yes
World\Expansion02\Doodads\Scholazar\Shipwreck_D\Shipwreck_TornSail.blp,m2-embedded-path,1,WORLD\EXPANSION02\DOODADS\SCHOLAZAR\SHIPWRECK_D\SHIPWRECK_SAILS.m2,yes
WORLD\EXPANSION02\DOODADS\SCHOLAZAR\WATERFALLS\WATERCASCADE_COLOR.BLP,m2-embedded-path,1,WORLD\EXPANSION02\DOODADS\GENERIC\WATERFALLS\WATERFALLS_SET2_MED_TALL_WITHCHOP.M2,yes
WORLD\EXPANSION02\DOODADS\SCHOLAZAR\WATERFALLS\WATERCASCADE_SOFT_DIRECTIONAFLIPL.BLP,m2-embedded-path,1,WORLD\EXPANSION02\DOODADS\GENERIC\WATERFALLS\WATERFALLS_SET2_MED_TALL_WITHCHOP.M2,yes
WORLD\EXPANSION02\DOODADS\SCHOLAZAR\WATERFALLS\WATERCHOP.BLP,m2-embedded-path,1,WORLD\EXPANSION02\DOODADS\GENERIC\WATERFALLS\WATERFALLS_SET2_MED_TALL_WITHCHOP.M2,yes
WORLD\EXPANSION02\DOODADS\SCHOLAZAR\WATERFALLS\WATERCHOP5.BLP,m2-embedded-path,1,WORLD\EXPANSION02\DOODADS\GENERIC\WATERFALLS\WATERFALLS_SET2_MED_TALL_WITHCHOP.M2,yes
World\Expansion03\Doodads\AbyssalMaw\Coral\Abyssal_BlueYellowFish_TEX.blp,m2-embedded-path,1,WORLD\EXPANSION03\DOODADS\ABYSSALMAW\CORAL\ABYSSAL_FISH02.M2,yes
WORLD\EXPANSION03\DOODADS\ABYSSALMAW\CORAL\ABYSSAL_FISH02.m2,wmo-doodad-model|wmo-embedded-path,1,WORLD\WMO\DUNGEON\MD_SHIPWRECK\TRANSPORT_SHIPWRECK_SUNKENSHIP.WMO,yes
WORLD\EXPANSION03\DOODADS\ABYSSALMAW\CORAL\ABYSSAL_FISH0200.skin,m2-skin-profile,1,WORLD\EXPANSION03\DOODADS\ABYSSALMAW\CORAL\ABYSSAL_FISH02.M2,yes
World\Expansion03\Doodads\AbyssalMaw\Coral\Abyssal_LightGreen_TEX.blp,m2-embedded-path,1,WORLD\EXPANSION03\DOODADS\ABYSSALMAW\CORAL\ABYSSAL_FISH02.M2,yes
World\Expansion03\Doodads\AbyssalMaw\Coral\Abyssal_PurpleFish_TEX.blp,m2-embedded-path,1,WORLD\EXPANSION03\DOODADS\ABYSSALMAW\CORAL\ABYSSAL_FISH02.M2,yes
World\Expansion03\Doodads\AbyssalMaw\Coral\Abyssal_RedFish_TEX.blp,m2-embedded-path,1,WORLD\EXPANSION03\DOODADS\ABYSSALMAW\CORAL\ABYSSAL_FISH02.M2,yes
WORLD\EXPANSION03\DOODADS\ABYSSALMAW\CORAL\ABYSSAL_SEAWEED_BLUE_0200.skin,m2-skin-profile,1,WORLD\EXPANSION03\DOODADS\ABYSSALMAW\CORAL\ABYSSAL_SEAWEED_BLUE_02.M2,yes
WORLD\EXPANSION03\DOODADS\ABYSSALMAW\CORAL\ABYSSAL_SEAWEED_TEX_05_GLOW.BLP,m2-embedded-path,1,WORLD\EXPANSION03\DOODADS\ABYSSALMAW\CORAL\ABYSSAL_SEAWEED_BLUE_02.M2,yes
WORLD\EXPANSION03\DOODADS\ABYSSALMAW\CORAL\ABYSSAL_SEAWEED_TEX_05.BLP,m2-embedded-path,1,WORLD\EXPANSION03\DOODADS\ABYSSALMAW\CORAL\ABYSSAL_SEAWEED_BLUE_02.M2,yes
World\Expansion03\Doodads\AbyssalMaw\Coral\Abyssal_YellowFish_TEX.blp,m2-embedded-path,1,WORLD\EXPANSION03\DOODADS\ABYSSALMAW\CORAL\ABYSSAL_FISH02.M2,yes
WORLD\EXPANSION03\DOODADS\DARKSHOREREWORK\DARKSHORE_GIANTWATERFALL_ALPHA06.BLP,m2-embedded-path,1,WORLD\EXPANSION03\DOODADS\VASHJIR\WHIRLPOOLS\VJ_WHIRLPOOL01.M2,yes
WORLD\EXPANSION03\DOODADS\DARKSHOREREWORK\RAINBOWENVIRO.BLP,m2-embedded-path,1,WORLD\EXPANSION03\DOODADS\TWILIGHTHAMMER\SUMMONINGPORTALS\TWILIGHTSHAMMER_SUMMONINGPORTAL_WATER01.M2,yes
WORLD\EXPANSION03\DOODADS\GENERIC\MAELSTROM\MAELSTROM_MASK07.BLP,m2-embedded-path,1,WORLD\EXPANSION03\DOODADS\VASHJIR\WHIRLPOOLS\VJ_WHIRLPOOL01.M2,yes
WORLD\EXPANSION03\DOODADS\GENERIC\SEAHORSE_BANNER.BLP,m2-embedded-path,1,WORLD\EXPANSION03\DOODADS\GENERIC\SEAHORSESTAND.m2,yes
WORLD\EXPANSION03\DOODADS\GENERIC\SEAHORSESTAND.BLP,m2-embedded-path,1,WORLD\EXPANSION03\DOODADS\GENERIC\SEAHORSESTAND.m2,yes
WORLD\EXPANSION03\DOODADS\GENERIC\SEAHORSESTAND.m2,wmo-doodad-model|wmo-embedded-path,1,WORLD\WMO\CATACLYSM\VASHJIR\CAVES\VASHJIR_SMALL_CAVE.WMO,yes
WORLD\EXPANSION03\DOODADS\GENERIC\SEAHORSESTAND00.skin,m2-skin-profile,1,WORLD\EXPANSION03\DOODADS\GENERIC\SEAHORSESTAND.m2,yes
WORLD\EXPANSION03\DOODADS\LOSTISLES\WATERFALLS\LOSTISLES_WATERFALLALPHA02.BLP,m2-embedded-path,1,WORLD\GENERIC\GOBLIN\PASSIVEDOODADS\FOOD\GOBLIN_BUCKETOFOOD_01.m2,yes
WORLD\EXPANSION03\DOODADS\SKYWALL\URNS\SKYWALL_FOG_SOFT_ALPHA_03.BLP,m2-embedded-path,1,WORLD\AZEROTH\ZULGURUB\PASSIVEDOODADS\CAULDRONS\ZG_CAULDRON_ICE.M2,yes
WORLD\EXPANSION03\DOODADS\SKYWALL\URNS\URN_MIST.BLP,m2-embedded-path,1,WORLD\AZEROTH\ZULGURUB\PASSIVEDOODADS\CAULDRONS\ZG_CAULDRON_ICE.M2,yes
WORLD\EXPANSION03\DOODADS\TWILIGHTHAMMER\DRAGONEGGS\FISH_REF_BLUE02.BLP,m2-embedded-path,2,WORLD\EXPANSION03\DOODADS\TWILIGHTHAMMER\DRAGONEGGS\TWILIGHTSHAMMER_DRAGONEGG_01.M2 | WORLD\EXPANSION03\DOODADS\TWILIGHTHAMMER\DRAGONEGGS\TWILIGHTSHAMMER_DRAGONEGG_02.M2,yes
WORLD\EXPANSION03\DOODADS\TWILIGHTHAMMER\DRAGONEGGS\TWILIGHTSHAMMER_DRAGONEGG_01.BLP,m2-embedded-path,2,WORLD\EXPANSION03\DOODADS\TWILIGHTHAMMER\DRAGONEGGS\TWILIGHTSHAMMER_DRAGONEGG_01.M2 | WORLD\EXPANSION03\DOODADS\TWILIGHTHAMMER\DRAGONEGGS\TWILIGHTSHAMMER_DRAGONEGG_02.M2,yes
WORLD\EXPANSION03\DOODADS\TWILIGHTHAMMER\DRAGONEGGS\TWILIGHTSHAMMER_DRAGONEGG_01.M2,wmo-doodad-model|wmo-embedded-path,1,WORLD\WMO\BROKENISLES\ARAKNASHAL\7AN_MOUNTAINCAVE_MEDIUM01.WMO,yes
WORLD\EXPANSION03\DOODADS\TWILIGHTHAMMER\DRAGONEGGS\TWILIGHTSHAMMER_DRAGONEGG_0100.skin,m2-skin-profile,1,WORLD\EXPANSION03\DOODADS\TWILIGHTHAMMER\DRAGONEGGS\TWILIGHTSHAMMER_DRAGONEGG_01.M2,yes
WORLD\EXPANSION03\DOODADS\TWILIGHTHAMMER\DRAGONEGGS\TWILIGHTSHAMMER_DRAGONEGG_02.M2,wmo-doodad-model|wmo-embedded-path,1,WORLD\WMO\BROKENISLES\ARAKNASHAL\7AN_MOUNTAINCAVE_MEDIUM01.WMO,yes
WORLD\EXPANSION03\DOODADS\TWILIGHTHAMMER\DRAGONEGGS\TWILIGHTSHAMMER_DRAGONEGG_0200.skin,m2-skin-profile,1,WORLD\EXPANSION03\DOODADS\TWILIGHTHAMMER\DRAGONEGGS\TWILIGHTSHAMMER_DRAGONEGG_02.M2,yes
WORLD\EXPANSION03\DOODADS\TWILIGHTHAMMER\DRAGONEGGS\TWILIGHTSHAMMER_DRAGONSKINBABY_01.BLP,m2-embedded-path,1,WORLD\EXPANSION03\DOODADS\TWILIGHTHAMMER\DRAGONEGGS\TWILIGHTSHAMMER_DRAGONEGG_01.M2,yes
WORLD\EXPANSION03\DOODADS\TWILIGHTHAMMER\LAMPPOST\GLOWBALLSMOOTHFADE.BLP,m2-embedded-path,1,WORLD\EXPANSION03\DOODADS\TWILIGHTHAMMER\SUMMONINGPORTALS\TWILIGHTSHAMMER_SUMMONINGPORTAL_WATER01.M2,yes
WORLD\EXPANSION03\DOODADS\TWILIGHTHAMMER\LAMPPOST\TWILIGHTSHAMMER_TENTPOLE01.BLP,m2-embedded-path,1,WORLD\EXPANSION03\DOODADS\TWILIGHTHAMMER\SUMMONINGPORTALS\TWILIGHTSHAMMER_SUMMONINGPORTAL_WATER01.M2,yes
WORLD\EXPANSION03\DOODADS\TWILIGHTHAMMER\LAMPS\TWILIGHTSHAMMER_LAMPPOST_01.BLP,m2-embedded-path,1,WORLD\EXPANSION03\DOODADS\TWILIGHTHAMMER\SUMMONINGPORTALS\TWILIGHTSHAMMER_SUMMONINGPORTAL_WATER01.M2,yes
WORLD\EXPANSION03\DOODADS\TWILIGHTHAMMER\SUMMONINGPORTALS\TWILIGHTSHAMMER_LAMPPOST_WATER01.BLP,m2-embedded-path,1,WORLD\EXPANSION03\DOODADS\TWILIGHTHAMMER\SUMMONINGPORTALS\TWILIGHTSHAMMER_SUMMONINGPORTAL_WATER01.M2,yes
WORLD\EXPANSION03\DOODADS\TWILIGHTHAMMER\SUMMONINGPORTALS\TWILIGHTSHAMMER_SUMMONINGPORTAL_WATER0100.skin,m2-skin-profile,1,WORLD\EXPANSION03\DOODADS\TWILIGHTHAMMER\SUMMONINGPORTALS\TWILIGHTSHAMMER_SUMMONINGPORTAL_WATER01.M2,yes
WORLD\EXPANSION03\DOODADS\TWILIGHTHAMMER\SUMMONINGPORTALS\TWILIGHTSHAMMER_SUMMONINGPORTAL01.BLP,m2-embedded-path,1,WORLD\EXPANSION03\DOODADS\TWILIGHTHAMMER\SUMMONINGPORTALS\TWILIGHTSHAMMER_SUMMONINGPORTAL_WATER01.M2,yes
WORLD\EXPANSION03\DOODADS\TWILIGHTHAMMER\SUMMONINGPORTALS\TWILIGHTSHAMMER_SUMMONINGPORTALCRYSTAL01.BLP,m2-embedded-path,1,WORLD\EXPANSION03\DOODADS\TWILIGHTHAMMER\SUMMONINGPORTALS\TWILIGHTSHAMMER_SUMMONINGPORTAL_WATER01.M2,yes
WORLD\EXPANSION03\DOODADS\TWILIGHTHAMMER\SUMMONINGPORTALS\TWILIGHTSHAMMER_WATERWHIRL01.BLP,m2-embedded-path,1,WORLD\EXPANSION03\DOODADS\TWILIGHTHAMMER\SUMMONINGPORTALS\TWILIGHTSHAMMER_SUMMONINGPORTAL_WATER01.M2,yes
WORLD\EXPANSION03\DOODADS\VASHJIR\ANEMONE\VJ_ANEMONE01.BLP,m2-embedded-path,2,WORLD\EXPANSION03\DOODADS\VASHJIR\ANEMONE\VJ_ANEMONELRG01.M2 | WORLD\EXPANSION03\DOODADS\VASHJIR\ANEMONE\VJ_ANEMONELRG02.M2,yes
WORLD\EXPANSION03\DOODADS\VASHJIR\ANEMONE\VJ_ANEMONE02.BLP,m2-embedded-path,1,WORLD\EXPANSION03\DOODADS\VASHJIR\ANEMONE\VJ_ANEMONELRG03.M2,yes
WORLD\EXPANSION03\DOODADS\VASHJIR\ANEMONE\VJ_ANEMONE03.BLP,m2-embedded-path,1,WORLD\EXPANSION03\DOODADS\VASHJIR\ANEMONE\VJ_ANEMONELRG03.M2,yes
WORLD\EXPANSION03\DOODADS\VASHJIR\ANEMONE\VJ_ANEMONE04.BLP,m2-embedded-path,2,WORLD\EXPANSION03\DOODADS\VASHJIR\ANEMONE\VJ_ANEMONELRG01.M2 | WORLD\EXPANSION03\DOODADS\VASHJIR\ANEMONE\VJ_ANEMONELRG02.M2,yes
WORLD\EXPANSION03\DOODADS\VASHJIR\ANEMONE\VJ_ANEMONE05.BLP,m2-embedded-path,1,WORLD\EXPANSION03\DOODADS\VASHJIR\ANEMONE\VJ_ANEMONELRG05.M2,yes
WORLD\EXPANSION03\DOODADS\VASHJIR\ANEMONE\VJ_ANEMONE06.BLP,m2-embedded-path,1,WORLD\EXPANSION03\DOODADS\VASHJIR\ANEMONE\VJ_ANEMONELRG05.M2,yes
WORLD\EXPANSION03\DOODADS\VASHJIR\ANEMONE\VJ_ANEMONE07.BLP,m2-embedded-path,1,WORLD\EXPANSION03\DOODADS\VASHJIR\ANEMONE\VJ_ANEMONESM01.M2,yes
WORLD\EXPANSION03\DOODADS\VASHJIR\ANEMONE\VJ_ANEMONE08.BLP,m2-embedded-path,1,WORLD\EXPANSION03\DOODADS\VASHJIR\ANEMONE\VJ_ANEMONESM01.M2,yes
WORLD\EXPANSION03\DOODADS\VASHJIR\ANEMONE\VJ_ANEMONE10.BLP,m2-embedded-path,1,WORLD\EXPANSION03\DOODADS\VASHJIR\ANEMONE\VJ_ANEMONESM03.M2,yes
WORLD\EXPANSION03\DOODADS\VASHJIR\ANEMONE\VJ_ANEMONELRG0100.skin,m2-skin-profile,1,WORLD\EXPANSION03\DOODADS\VASHJIR\ANEMONE\VJ_ANEMONELRG01.M2,yes
WORLD\EXPANSION03\DOODADS\VASHJIR\ANEMONE\VJ_ANEMONELRG0200.skin,m2-skin-profile,1,WORLD\EXPANSION03\DOODADS\VASHJIR\ANEMONE\VJ_ANEMONELRG02.M2,yes
WORLD\EXPANSION03\DOODADS\VASHJIR\ANEMONE\VJ_ANEMONELRG0300.skin,m2-skin-profile,1,WORLD\EXPANSION03\DOODADS\VASHJIR\ANEMONE\VJ_ANEMONELRG03.M2,yes
WORLD\EXPANSION03\DOODADS\VASHJIR\ANEMONE\VJ_ANEMONELRG0500.skin,m2-skin-profile,1,WORLD\EXPANSION03\DOODADS\VASHJIR\ANEMONE\VJ_ANEMONELRG05.M2,yes
WORLD\EXPANSION03\DOODADS\VASHJIR\ANEMONE\VJ_ANEMONESM0100.skin,m2-skin-profile,1,WORLD\EXPANSION03\DOODADS\VASHJIR\ANEMONE\VJ_ANEMONESM01.M2,yes
WORLD\EXPANSION03\DOODADS\VASHJIR\ANEMONE\VJ_ANEMONESM0300.skin,m2-skin-profile,1,WORLD\EXPANSION03\DOODADS\VASHJIR\ANEMONE\VJ_ANEMONESM03.M2,yes
WORLD\EXPANSION03\DOODADS\VASHJIR\ANEMONE\VJ_GIANTANEMONE01.BLP,m2-embedded-path,1,WORLD\EXPANSION03\DOODADS\VASHJIR\ANEMONE\VJ_GIANTANEMONE01.M2,yes
WORLD\EXPANSION03\DOODADS\VASHJIR\ANEMONE\VJ_GIANTANEMONE0100.skin,m2-skin-profile,1,WORLD\EXPANSION03\DOODADS\VASHJIR\ANEMONE\VJ_GIANTANEMONE01.M2,yes
World\Expansion03\Doodads\Vashjir\Anemone\VJ_GiantAnemone02.blp,m2-embedded-path,1,WORLD\EXPANSION03\DOODADS\VASHJIR\ANEMONE\VJ_GIANTANEMONE02.M2,yes
WORLD\EXPANSION03\DOODADS\VASHJIR\ANEMONE\VJ_GIANTANEMONE0200.skin,m2-skin-profile,1,WORLD\EXPANSION03\DOODADS\VASHJIR\ANEMONE\VJ_GIANTANEMONE02.M2,yes
World\Expansion03\Doodads\Vashjir\Bones\VJ_TEX_Whalebones01.blp,m2-embedded-path,2,WORLD\EXPANSION03\DOODADS\VASHJIR\BONES\VJ_WHALEBONES_01.M2 | WORLD\EXPANSION03\DOODADS\VASHJIR\BONES\VJ_WHALEBONES_04.M2,yes
WORLD\EXPANSION03\DOODADS\VASHJIR\BONES\VJ_WHALEBONES_0100.skin,m2-skin-profile,1,WORLD\EXPANSION03\DOODADS\VASHJIR\BONES\VJ_WHALEBONES_01.M2,yes
WORLD\EXPANSION03\DOODADS\VASHJIR\BONES\VJ_WHALEBONES_0400.skin,m2-skin-profile,1,WORLD\EXPANSION03\DOODADS\VASHJIR\BONES\VJ_WHALEBONES_04.M2,yes
World\Expansion03\Doodads\Vashjir\Corals\Large_Coral_06.blp,m2-embedded-path,2,WORLD\EXPANSION03\DOODADS\VASHJIR\CORALS\VJ_CORAL_TREE_LARGE_01.M2 | WORLD\EXPANSION03\DOODADS\VASHJIR\CORALS\VJ_CORAL_TREE_LARGE_03.M2,yes
World\Expansion03\Doodads\Vashjir\Corals\Large_Coral_Branch_02.blp,m2-embedded-path,2,WORLD\EXPANSION03\DOODADS\VASHJIR\CORALS\VJ_CORAL_TREE_LARGE_01.M2 | WORLD\EXPANSION03\DOODADS\VASHJIR\CORALS\VJ_CORAL_TREE_LARGE_03.M2,yes
WORLD\EXPANSION03\DOODADS\VASHJIR\CORALS\SPIKEY_BARNICLE01.BLP,m2-embedded-path,1,WORLD\EXPANSION03\DOODADS\VASHJIR\CORALS\VJ_TREECORALGRAY02.M2,yes
WORLD\EXPANSION03\DOODADS\VASHJIR\CORALS\SPIKEY_BARNICLE03.BLP,m2-embedded-path,1,WORLD\EXPANSION03\DOODADS\VASHJIR\CORALS\VJ_TREECORALGRAY03.M2,yes
WORLD\EXPANSION03\DOODADS\VASHJIR\CORALS\VJ_BUSHCORALBROWN0100.skin,m2-skin-profile,1,WORLD\EXPANSION03\DOODADS\VASHJIR\CORALS\VJ_BUSHCORALBROWN01.M2,yes
WORLD\EXPANSION03\DOODADS\VASHJIR\CORALS\VJ_CORAL_TREE_LARGE_0100.skin,m2-skin-profile,1,WORLD\EXPANSION03\DOODADS\VASHJIR\CORALS\VJ_CORAL_TREE_LARGE_01.M2,yes
WORLD\EXPANSION03\DOODADS\VASHJIR\CORALS\VJ_CORAL_TREE_LARGE_0300.skin,m2-skin-profile,1,WORLD\EXPANSION03\DOODADS\VASHJIR\CORALS\VJ_CORAL_TREE_LARGE_03.M2,yes
World\Expansion03\Doodads\Vashjir\Corals\VJ_CoralBranch_05.blp,m2-embedded-path,1,WORLD\EXPANSION03\DOODADS\VASHJIR\CORALS\VJ_GIANTFANCORAL_03.M2,yes
WORLD\EXPANSION03\DOODADS\VASHJIR\CORALS\VJ_CORALBRANCHGREEN_03.BLP,m2-embedded-path,1,WORLD\EXPANSION03\DOODADS\VASHJIR\CORALS\VJ_CORALFLATGREEN_01.M2,yes
WORLD\EXPANSION03\DOODADS\VASHJIR\CORALS\VJ_CORALBRANCHPURPLE_03.BLP,m2-embedded-path,1,WORLD\EXPANSION03\DOODADS\VASHJIR\CORALS\VJ_CORALFLATPURPLE_01.M2,yes
WORLD\EXPANSION03\DOODADS\VASHJIR\CORALS\VJ_CORALBRANCHRED_02.BLP,m2-embedded-path,1,WORLD\EXPANSION03\DOODADS\VASHJIR\CORALS\VJ_CORALFLATRED_02.M2,yes
WORLD\EXPANSION03\DOODADS\VASHJIR\CORALS\VJ_CORALBRANCHRED_03.BLP,m2-embedded-path,1,WORLD\EXPANSION03\DOODADS\VASHJIR\CORALS\VJ_CORALFLATRED_01.M2,yes
World\Expansion03\Doodads\Vashjir\Corals\VJ_CoralBush_01.blp,m2-embedded-path,1,WORLD\EXPANSION03\DOODADS\VASHJIR\CORALS\VJ_CORALBUSH_GREEN01.M2,yes
World\Expansion03\Doodads\Vashjir\Corals\VJ_CoralBush_02.blp,m2-embedded-path,1,WORLD\EXPANSION03\DOODADS\VASHJIR\CORALS\VJ_CORALBUSH_GREEN02.M2,yes
World\Expansion03\Doodads\Vashjir\Corals\VJ_CoralBush_03.blp,m2-embedded-path,1,WORLD\EXPANSION03\DOODADS\VASHJIR\CORALS\VJ_CORALBUSH_RED02.M2,yes
World\Expansion03\Doodads\Vashjir\Corals\VJ_CoralBush_04a.blp,m2-embedded-path,1,WORLD\EXPANSION03\DOODADS\VASHJIR\CORALS\VJ_CORALBUSH_PURPLE02.M2,yes
World\Expansion03\Doodads\Vashjir\Corals\VJ_CoralBush_05a.blp,m2-embedded-path,1,WORLD\EXPANSION03\DOODADS\VASHJIR\CORALS\VJ_CORALBUSH_GRAY02.M2,yes
WORLD\EXPANSION03\DOODADS\VASHJIR\CORALS\VJ_CORALBUSH_BLUEGREEN0100.skin,m2-skin-profile,1,WORLD\EXPANSION03\DOODADS\VASHJIR\CORALS\VJ_CORALBUSH_BLUEGREEN01.M2,yes
WORLD\EXPANSION03\DOODADS\VASHJIR\CORALS\VJ_CORALBUSH_GRAY0200.skin,m2-skin-profile,1,WORLD\EXPANSION03\DOODADS\VASHJIR\CORALS\VJ_CORALBUSH_GRAY02.M2,yes
WORLD\EXPANSION03\DOODADS\VASHJIR\CORALS\VJ_CORALBUSH_GREEN0100.skin,m2-skin-profile,1,WORLD\EXPANSION03\DOODADS\VASHJIR\CORALS\VJ_CORALBUSH_GREEN01.M2,yes
WORLD\EXPANSION03\DOODADS\VASHJIR\CORALS\VJ_CORALBUSH_GREEN0200.skin,m2-skin-profile,1,WORLD\EXPANSION03\DOODADS\VASHJIR\CORALS\VJ_CORALBUSH_GREEN02.M2,yes
WORLD\EXPANSION03\DOODADS\VASHJIR\CORALS\VJ_CORALBUSH_ORANGE0100.skin,m2-skin-profile,1,WORLD\EXPANSION03\DOODADS\VASHJIR\CORALS\VJ_CORALBUSH_ORANGE01.M2,yes
WORLD\EXPANSION03\DOODADS\VASHJIR\CORALS\VJ_CORALBUSH_PINK0100.skin,m2-skin-profile,1,WORLD\EXPANSION03\DOODADS\VASHJIR\CORALS\VJ_CORALBUSH_PINK01.M2,yes
WORLD\EXPANSION03\DOODADS\VASHJIR\CORALS\VJ_CORALBUSH_PURPLE0200.skin,m2-skin-profile,1,WORLD\EXPANSION03\DOODADS\VASHJIR\CORALS\VJ_CORALBUSH_PURPLE02.M2,yes
WORLD\EXPANSION03\DOODADS\VASHJIR\CORALS\VJ_CORALBUSH_RED0200.skin,m2-skin-profile,1,WORLD\EXPANSION03\DOODADS\VASHJIR\CORALS\VJ_CORALBUSH_RED02.M2,yes
WORLD\EXPANSION03\DOODADS\VASHJIR\CORALS\VJ_CORALCLUSTERTOP0200.skin,m2-skin-profile,1,WORLD\EXPANSION03\DOODADS\VASHJIR\CORALS\VJ_CORALCLUSTERTOP02.M2,yes
WORLD\EXPANSION03\DOODADS\VASHJIR\CORALS\VJ_CORALFLATGREEN_0100.skin,m2-skin-profile,1,WORLD\EXPANSION03\DOODADS\VASHJIR\CORALS\VJ_CORALFLATGREEN_01.M2,yes
WORLD\EXPANSION03\DOODADS\VASHJIR\CORALS\VJ_CORALFLATPURPLE_0100.skin,m2-skin-profile,1,WORLD\EXPANSION03\DOODADS\VASHJIR\CORALS\VJ_CORALFLATPURPLE_01.M2,yes
WORLD\EXPANSION03\DOODADS\VASHJIR\CORALS\VJ_CORALFLATRED_0100.skin,m2-skin-profile,1,WORLD\EXPANSION03\DOODADS\VASHJIR\CORALS\VJ_CORALFLATRED_01.M2,yes
WORLD\EXPANSION03\DOODADS\VASHJIR\CORALS\VJ_CORALFLATRED_0200.skin,m2-skin-profile,1,WORLD\EXPANSION03\DOODADS\VASHJIR\CORALS\VJ_CORALFLATRED_02.M2,yes
WORLD\EXPANSION03\DOODADS\VASHJIR\CORALS\VJ_CORALMUTATED0100.skin,m2-skin-profile,1,WORLD\EXPANSION03\DOODADS\VASHJIR\CORALS\VJ_CORALMUTATED01.M2,yes
WORLD\EXPANSION03\DOODADS\VASHJIR\CORALS\VJ_CORALMUTATED0200.skin,m2-skin-profile,1,WORLD\EXPANSION03\DOODADS\VASHJIR\CORALS\VJ_CORALMUTATED02.M2,yes
World\Expansion03\Doodads\Vashjir\Corals\VJ_Corals02.blp,m2-embedded-path,1,WORLD\EXPANSION03\DOODADS\VASHJIR\CORALS\VJ_BUSHCORALBROWN01.M2,yes
WORLD\EXPANSION03\DOODADS\VASHJIR\CORALS\VJ_CORALSPIKEY_0100.skin,m2-skin-profile,1,WORLD\EXPANSION03\DOODADS\VASHJIR\CORALS\VJ_CORALSPIKEY_01.M2,yes
WORLD\EXPANSION03\DOODADS\VASHJIR\CORALS\VJ_CORALSPIKEY_0300.skin,m2-skin-profile,1,WORLD\EXPANSION03\DOODADS\VASHJIR\CORALS\VJ_CORALSPIKEY_03.M2,yes
WORLD\EXPANSION03\DOODADS\VASHJIR\CORALS\VJ_CORALSSPORETOP01.BLP,m2-embedded-path,1,WORLD\EXPANSION03\DOODADS\VASHJIR\CORALS\VJ_CORALSPIKEY_01.M2,yes
WORLD\EXPANSION03\DOODADS\VASHJIR\CORALS\VJ_CORALSSPORETOP02.BLP,m2-embedded-path,1,WORLD\EXPANSION03\DOODADS\VASHJIR\CORALS\VJ_CORALFLATRED_02.M2,yes
WORLD\EXPANSION03\DOODADS\VASHJIR\CORALS\VJ_CORALSTOP01.BLP,m2-embedded-path,2,WORLD\EXPANSION03\DOODADS\VASHJIR\CORALS\VJ_CORALSPIKEY_01.M2 | WORLD\EXPANSION03\DOODADS\VASHJIR\CORALS\VJ_CORALSPIKEY_03.M2,yes
WORLD\EXPANSION03\DOODADS\VASHJIR\CORALS\VJ_CORALTABLEMID01.BLP,m2-embedded-path,2,WORLD\EXPANSION03\DOODADS\VASHJIR\CORALS\VJ_CORALTABLEMID04.M2 | WORLD\EXPANSION03\DOODADS\VASHJIR\CORALS\VJ_CORALTABLEMID05.M2,yes
WORLD\EXPANSION03\DOODADS\VASHJIR\CORALS\VJ_CORALTABLEMID0400.skin,m2-skin-profile,1,WORLD\EXPANSION03\DOODADS\VASHJIR\CORALS\VJ_CORALTABLEMID04.M2,yes
WORLD\EXPANSION03\DOODADS\VASHJIR\CORALS\VJ_CORALTABLEMID0500.skin,m2-skin-profile,1,WORLD\EXPANSION03\DOODADS\VASHJIR\CORALS\VJ_CORALTABLEMID05.M2,yes
World\Expansion03\Doodads\Vashjir\Corals\VJ_CoralTableSpiky02.blp,m2-embedded-path,1,WORLD\EXPANSION03\DOODADS\VASHJIR\CORALS\VJ_CORALTABLESPIKY02.M2,yes
WORLD\EXPANSION03\DOODADS\VASHJIR\CORALS\VJ_CORALTABLESPIKY0200.skin,m2-skin-profile,1,WORLD\EXPANSION03\DOODADS\VASHJIR\CORALS\VJ_CORALTABLESPIKY02.M2,yes
WORLD\EXPANSION03\DOODADS\VASHJIR\CORALS\VJ_CORALTABLESPIKY03.BLP,m2-embedded-path,1,WORLD\EXPANSION03\DOODADS\VASHJIR\CORALS\VJ_CORALTABLESPIKYCLUSTER01.M2,yes
WORLD\EXPANSION03\DOODADS\VASHJIR\CORALS\VJ_CORALTABLESPIKYCLUSTER0100.skin,m2-skin-profile,1,WORLD\EXPANSION03\DOODADS\VASHJIR\CORALS\VJ_CORALTABLESPIKYCLUSTER01.M2,yes
WORLD\EXPANSION03\DOODADS\VASHJIR\CORALS\VJ_CORALTABLETOP01.BLP,m2-embedded-path,1,WORLD\EXPANSION03\DOODADS\VASHJIR\CORALS\VJ_CORALTABLETOP01.M2,yes
WORLD\EXPANSION03\DOODADS\VASHJIR\CORALS\VJ_CORALTABLETOP0100.skin,m2-skin-profile,1,WORLD\EXPANSION03\DOODADS\VASHJIR\CORALS\VJ_CORALTABLETOP01.M2,yes
WORLD\EXPANSION03\DOODADS\VASHJIR\CORALS\VJ_CORALTABLETOP04.BLP,m2-embedded-path,1,WORLD\EXPANSION03\DOODADS\VASHJIR\CORALS\VJ_CORALCLUSTERTOP02.M2,yes
WORLD\EXPANSION03\DOODADS\VASHJIR\CORALS\VJ_CORALTHICK_0200.skin,m2-skin-profile,1,WORLD\EXPANSION03\DOODADS\VASHJIR\CORALS\VJ_CORALTHICK_02.M2,yes
WORLD\EXPANSION03\DOODADS\VASHJIR\CORALS\VJ_CORALTHICK_0300.skin,m2-skin-profile,1,WORLD\EXPANSION03\DOODADS\VASHJIR\CORALS\VJ_CORALTHICK_03.M2,yes
WORLD\EXPANSION03\DOODADS\VASHJIR\CORALS\VJ_CORALTHICKBLUE_0200.skin,m2-skin-profile,1,WORLD\EXPANSION03\DOODADS\VASHJIR\CORALS\VJ_CORALTHICKBLUE_02.M2,yes
WORLD\EXPANSION03\DOODADS\VASHJIR\CORALS\VJ_CORALTHICKORANGE_0100.skin,m2-skin-profile,1,WORLD\EXPANSION03\DOODADS\VASHJIR\CORALS\VJ_CORALTHICKORANGE_01.M2,yes
WORLD\EXPANSION03\DOODADS\VASHJIR\CORALS\VJ_CORALTHICKORANGE_0200.skin,m2-skin-profile,1,WORLD\EXPANSION03\DOODADS\VASHJIR\CORALS\VJ_CORALTHICKORANGE_02.M2,yes
WORLD\EXPANSION03\DOODADS\VASHJIR\CORALS\VJ_CORALTHICKRED_0200.skin,m2-skin-profile,1,WORLD\EXPANSION03\DOODADS\VASHJIR\CORALS\VJ_CORALTHICKRED_02.M2,yes
WORLD\EXPANSION03\DOODADS\VASHJIR\CORALS\VJ_CORALTRUNK_02.BLP,m2-embedded-path,1,WORLD\EXPANSION03\DOODADS\VASHJIR\CORALS\VJ_CORALTHICK_02.M2,yes
WORLD\EXPANSION03\DOODADS\VASHJIR\CORALS\VJ_CORALTRUNKBLUE_02.BLP,m2-embedded-path,2,WORLD\EXPANSION03\DOODADS\VASHJIR\CORALS\VJ_CORALTHICKBLUE_02.M2 | WORLD\EXPANSION03\DOODADS\VASHJIR\CORALS\VJ_CORALTHICK_03.M2,yes
WORLD\EXPANSION03\DOODADS\VASHJIR\CORALS\VJ_CORALTRUNKHOLE_01.BLP,m2-embedded-path,1,WORLD\EXPANSION03\DOODADS\VASHJIR\CORALS\VJ_CORALTHICK_02.M2,yes
WORLD\EXPANSION03\DOODADS\VASHJIR\CORALS\VJ_CORALTRUNKHOLEBLUE_01.BLP,m2-embedded-path,2,WORLD\EXPANSION03\DOODADS\VASHJIR\CORALS\VJ_CORALTHICKBLUE_02.M2 | WORLD\EXPANSION03\DOODADS\VASHJIR\CORALS\VJ_CORALTHICK_03.M2,yes
World\Expansion03\Doodads\Vashjir\Corals\VJ_CoralTrunkHoleOrange_01.blp,m2-embedded-path,2,WORLD\EXPANSION03\DOODADS\VASHJIR\CORALS\VJ_CORALTHICKORANGE_01.M2 | WORLD\EXPANSION03\DOODADS\VASHJIR\CORALS\VJ_CORALTHICKORANGE_02.M2,yes
WORLD\EXPANSION03\DOODADS\VASHJIR\CORALS\VJ_CORALTRUNKHOLERED_01.BLP,m2-embedded-path,1,WORLD\EXPANSION03\DOODADS\VASHJIR\CORALS\VJ_CORALTHICKRED_02.M2,yes
World\Expansion03\Doodads\Vashjir\Corals\VJ_CoralTrunkOrange_02.blp,m2-embedded-path,2,WORLD\EXPANSION03\DOODADS\VASHJIR\CORALS\VJ_CORALTHICKORANGE_01.M2 | WORLD\EXPANSION03\DOODADS\VASHJIR\CORALS\VJ_CORALTHICKORANGE_02.M2,yes
WORLD\EXPANSION03\DOODADS\VASHJIR\CORALS\VJ_CORALTRUNKRED_02.BLP,m2-embedded-path,1,WORLD\EXPANSION03\DOODADS\VASHJIR\CORALS\VJ_CORALTHICKRED_02.M2,yes
World\Expansion03\Doodads\Vashjir\Corals\VJ_GianClam01.blp,m2-embedded-path,1,WORLD\EXPANSION03\DOODADS\VASHJIR\CORALS\VJ_GIANTCLAM01.M2,yes
WORLD\EXPANSION03\DOODADS\VASHJIR\CORALS\VJ_GIANTCLAM0100.skin,m2-skin-profile,1,WORLD\EXPANSION03\DOODADS\VASHJIR\CORALS\VJ_GIANTCLAM01.M2,yes
WORLD\EXPANSION03\DOODADS\VASHJIR\CORALS\VJ_GIANTCORAL_BLUEGREEN0100.skin,m2-skin-profile,1,WORLD\EXPANSION03\DOODADS\VASHJIR\CORALS\VJ_GIANTCORAL_BLUEGREEN01.M2,yes
WORLD\EXPANSION03\DOODADS\VASHJIR\CORALS\VJ_GIANTCORAL_BLUEGREEN0200.skin,m2-skin-profile,1,WORLD\EXPANSION03\DOODADS\VASHJIR\CORALS\VJ_GIANTCORAL_BLUEGREEN02.M2,yes
WORLD\EXPANSION03\DOODADS\VASHJIR\CORALS\VJ_GIANTCORAL_BLUEGREEN0300.skin,m2-skin-profile,1,WORLD\EXPANSION03\DOODADS\VASHJIR\CORALS\VJ_GIANTCORAL_BLUEGREEN03.M2,yes
WORLD\EXPANSION03\DOODADS\VASHJIR\CORALS\VJ_GIANTCORAL_BLUEGREEN0400.skin,m2-skin-profile,1,WORLD\EXPANSION03\DOODADS\VASHJIR\CORALS\VJ_GIANTCORAL_BLUEGREEN04.M2,yes
WORLD\EXPANSION03\DOODADS\VASHJIR\CORALS\VJ_GIANTCORAL_GLOWY0500.skin,m2-skin-profile,1,WORLD\EXPANSION03\DOODADS\VASHJIR\CORALS\VJ_GIANTCORAL_GLOWY05.M2,yes
WORLD\EXPANSION03\DOODADS\VASHJIR\CORALS\VJ_GIANTCORAL_GLOWY0700.skin,m2-skin-profile,1,WORLD\EXPANSION03\DOODADS\VASHJIR\CORALS\VJ_GIANTCORAL_GLOWY07.M2,yes
WORLD\EXPANSION03\DOODADS\VASHJIR\CORALS\VJ_GIANTCORAL_GLOWY0800.skin,m2-skin-profile,1,WORLD\EXPANSION03\DOODADS\VASHJIR\CORALS\VJ_GIANTCORAL_GLOWY08.M2,yes
WORLD\EXPANSION03\DOODADS\VASHJIR\CORALS\VJ_GIANTCORAL_PINK0200.skin,m2-skin-profile,1,WORLD\EXPANSION03\DOODADS\VASHJIR\CORALS\VJ_GIANTCORAL_PINK02.M2,yes
WORLD\EXPANSION03\DOODADS\VASHJIR\CORALS\VJ_GIANTCORAL_PINK0300.skin,m2-skin-profile,1,WORLD\EXPANSION03\DOODADS\VASHJIR\CORALS\VJ_GIANTCORAL_PINK03.M2,yes
WORLD\EXPANSION03\DOODADS\VASHJIR\CORALS\VJ_GIANTCORAL01.BLP,m2-embedded-path,1,WORLD\EXPANSION03\DOODADS\VASHJIR\CORALS\VJ_CORALBUSH_ORANGE01.M2,yes
WORLD\EXPANSION03\DOODADS\VASHJIR\CORALS\VJ_GIANTCORALS03.BLP,m2-embedded-path,3,WORLD\EXPANSION03\DOODADS\VASHJIR\CORALS\VJ_CORALBUSH_PINK01.M2 | WORLD\EXPANSION03\DOODADS\VASHJIR\CORALS\VJ_GIANTCORAL_PINK02.M2 | WORLD\EXPANSION03\DOODADS\VASHJIR\CORALS\VJ_GIANTCORAL_PINK03.M2,yes
WORLD\EXPANSION03\DOODADS\VASHJIR\CORALS\VJ_GIANTCORALS04.BLP,m2-embedded-path,2,WORLD\EXPANSION03\DOODADS\VASHJIR\CORALS\VJ_GIANTCORAL_PINK02.M2 | WORLD\EXPANSION03\DOODADS\VASHJIR\CORALS\VJ_GIANTCORAL_PINK03.M2,yes
World\Expansion03\Doodads\Vashjir\Corals\VJ_GiantCorals07.blp,m2-embedded-path,4,WORLD\EXPANSION03\DOODADS\VASHJIR\CORALS\VJ_GIANTCORAL_BLUEGREEN01.M2 | WORLD\EXPANSION03\DOODADS\VASHJIR\CORALS\VJ_GIANTCORAL_BLUEGREEN02.M2 | WORLD\EXPANSION03\DOODADS\VASHJIR\CORALS\VJ_GIANTCORAL_BLUEGREEN03.M2 | WORLD\EXPANSION03\DOODADS\VASHJIR\CORALS\VJ_GIANTCORAL_BLUEGREEN04.M2,yes
WORLD\EXPANSION03\DOODADS\VASHJIR\CORALS\VJ_GIANTCORALS08.BLP,m2-embedded-path,3,WORLD\EXPANSION03\DOODADS\VASHJIR\CORALS\VJ_CORALBUSH_BLUEGREEN01.M2 | WORLD\EXPANSION03\DOODADS\VASHJIR\CORALS\VJ_GIANTCORAL_BLUEGREEN01.M2 | WORLD\EXPANSION03\DOODADS\VASHJIR\CORALS\VJ_GIANTCORAL_BLUEGREEN02.M2,yes
WORLD\EXPANSION03\DOODADS\VASHJIR\CORALS\VJ_GIANTFANCORAL_0100.skin,m2-skin-profile,1,WORLD\EXPANSION03\DOODADS\VASHJIR\CORALS\VJ_GIANTFANCORAL_01.M2,yes
WORLD\EXPANSION03\DOODADS\VASHJIR\CORALS\VJ_GIANTFANCORAL_0300.skin,m2-skin-profile,1,WORLD\EXPANSION03\DOODADS\VASHJIR\CORALS\VJ_GIANTFANCORAL_03.M2,yes
World\Expansion03\Doodads\Vashjir\Corals\VJ_GiantFanCoral01.blp,m2-embedded-path,1,WORLD\EXPANSION03\DOODADS\VASHJIR\CORALS\VJ_GIANTFANCORAL_01.M2,yes
World\Expansion03\Doodads\Vashjir\Corals\VJ_GiantFanCoral03.blp,m2-embedded-path,1,WORLD\EXPANSION03\DOODADS\VASHJIR\CORALS\VJ_GIANTFANCORAL_03.M2,yes
WORLD\EXPANSION03\DOODADS\VASHJIR\CORALS\VJ_GIANTGLOWYCORALS02.BLP,m2-embedded-path,3,WORLD\EXPANSION03\DOODADS\VASHJIR\CORALS\VJ_GIANTCORAL_GLOWY05.M2 | WORLD\EXPANSION03\DOODADS\VASHJIR\CORALS\VJ_GIANTCORAL_GLOWY07.M2 | WORLD\EXPANSION03\DOODADS\VASHJIR\CORALS\VJ_GIANTCORAL_GLOWY08.M2,yes
WORLD\EXPANSION03\DOODADS\VASHJIR\CORALS\VJ_GIANTGLOWYCORALS03.BLP,m2-embedded-path,3,WORLD\EXPANSION03\DOODADS\VASHJIR\CORALS\VJ_GIANTCORAL_GLOWY05.M2 | WORLD\EXPANSION03\DOODADS\VASHJIR\CORALS\VJ_GIANTCORAL_GLOWY07.M2 | WORLD\EXPANSION03\DOODADS\VASHJIR\CORALS\VJ_GIANTCORAL_GLOWY08.M2,yes
WORLD\EXPANSION03\DOODADS\VASHJIR\CORALS\VJ_SPIKEDBUSHCORAL0200.skin,m2-skin-profile,1,WORLD\EXPANSION03\DOODADS\VASHJIR\CORALS\VJ_SPIKEDBUSHCORAL02.M2,yes
WORLD\EXPANSION03\DOODADS\VASHJIR\CORALS\VJ_SPIKEDTREECORAL0500.skin,m2-skin-profile,1,WORLD\EXPANSION03\DOODADS\VASHJIR\CORALS\VJ_SPIKEDTREECORAL05.M2,yes
WORLD\EXPANSION03\DOODADS\VASHJIR\CORALS\VJ_SPIKEDTREECORAL0600.skin,m2-skin-profile,1,WORLD\EXPANSION03\DOODADS\VASHJIR\CORALS\VJ_SPIKEDTREECORAL06.M2,yes
World\Expansion03\Doodads\Vashjir\Corals\VJ_SpongeCoral_01.blp,m2-embedded-path,3,WORLD\EXPANSION03\DOODADS\VASHJIR\CORALS\VJ_SPONGECORAL_05.M2 | WORLD\EXPANSION03\DOODADS\VASHJIR\CORALS\VJ_SPONGECORAL_08.M2 | WORLD\EXPANSION03\DOODADS\VASHJIR\CORALS\VJ_SPONGECORAL_09.M2,yes
WORLD\EXPANSION03\DOODADS\VASHJIR\CORALS\VJ_SPONGECORAL_02.BLP,m2-embedded-path,4,WORLD\EXPANSION03\DOODADS\VASHJIR\CORALS\VJ_CORALMUTATED01.M2 | WORLD\EXPANSION03\DOODADS\VASHJIR\CORALS\VJ_CORALMUTATED02.M2 | WORLD\EXPANSION03\DOODADS\VASHJIR\CORALS\VJ_SPONGECORAL_02.M2 | WORLD\EXPANSION03\DOODADS\VASHJIR\CORALS\VJ_SPONGECORAL_03.M2,yes
WORLD\EXPANSION03\DOODADS\VASHJIR\CORALS\VJ_SPONGECORAL_0200.skin,m2-skin-profile,1,WORLD\EXPANSION03\DOODADS\VASHJIR\CORALS\VJ_SPONGECORAL_02.M2,yes
WORLD\EXPANSION03\DOODADS\VASHJIR\CORALS\VJ_SPONGECORAL_03.BLP,m2-embedded-path,1,WORLD\EXPANSION03\DOODADS\VASHJIR\CORALS\VJ_SPONGECORAL_12.M2,yes
WORLD\EXPANSION03\DOODADS\VASHJIR\CORALS\VJ_SPONGECORAL_0300.skin,m2-skin-profile,1,WORLD\EXPANSION03\DOODADS\VASHJIR\CORALS\VJ_SPONGECORAL_03.M2,yes
WORLD\EXPANSION03\DOODADS\VASHJIR\CORALS\VJ_SPONGECORAL_05.BLP,m2-embedded-path,1,WORLD\EXPANSION03\DOODADS\VASHJIR\CORALS\VJ_SPONGECORAL_11_ORANGE.M2,yes
WORLD\EXPANSION03\DOODADS\VASHJIR\CORALS\VJ_SPONGECORAL_0500.skin,m2-skin-profile,1,WORLD\EXPANSION03\DOODADS\VASHJIR\CORALS\VJ_SPONGECORAL_05.M2,yes
WORLD\EXPANSION03\DOODADS\VASHJIR\CORALS\VJ_SPONGECORAL_0800.skin,m2-skin-profile,1,WORLD\EXPANSION03\DOODADS\VASHJIR\CORALS\VJ_SPONGECORAL_08.M2,yes
WORLD\EXPANSION03\DOODADS\VASHJIR\CORALS\VJ_SPONGECORAL_0900.skin,m2-skin-profile,1,WORLD\EXPANSION03\DOODADS\VASHJIR\CORALS\VJ_SPONGECORAL_09.M2,yes
WORLD\EXPANSION03\DOODADS\VASHJIR\CORALS\VJ_SPONGECORAL_11_ORANGE00.skin,m2-skin-profile,1,WORLD\EXPANSION03\DOODADS\VASHJIR\CORALS\VJ_SPONGECORAL_11_ORANGE.M2,yes
WORLD\EXPANSION03\DOODADS\VASHJIR\CORALS\VJ_SPONGECORAL_1200.skin,m2-skin-profile,1,WORLD\EXPANSION03\DOODADS\VASHJIR\CORALS\VJ_SPONGECORAL_12.M2,yes
WORLD\EXPANSION03\DOODADS\VASHJIR\CORALS\VJ_TILECORALGRAY.BLP,m2-embedded-path,3,WORLD\EXPANSION03\DOODADS\VASHJIR\CORALS\VJ_TREECORALGRAY01.M2 | WORLD\EXPANSION03\DOODADS\VASHJIR\CORALS\VJ_TREECORALGRAY02.M2 | WORLD\EXPANSION03\DOODADS\VASHJIR\CORALS\VJ_TREECORALGRAY03.M2,yes
WORLD\EXPANSION03\DOODADS\VASHJIR\CORALS\VJ_TILETRUNK05.BLP,m2-embedded-path,2,WORLD\EXPANSION03\DOODADS\VASHJIR\CORALS\VJ_SPIKEDBUSHCORAL02.M2 | WORLD\EXPANSION03\DOODADS\VASHJIR\CORALS\VJ_SPIKEDTREECORAL05.M2,yes
WORLD\EXPANSION03\DOODADS\VASHJIR\CORALS\VJ_TILETRUNK06.BLP,m2-embedded-path,1,WORLD\EXPANSION03\DOODADS\VASHJIR\CORALS\VJ_SPIKEDTREECORAL06.M2,yes
WORLD\EXPANSION03\DOODADS\VASHJIR\CORALS\VJ_TREECORALGRAY0100.skin,m2-skin-profile,1,WORLD\EXPANSION03\DOODADS\VASHJIR\CORALS\VJ_TREECORALGRAY01.M2,yes
WORLD\EXPANSION03\DOODADS\VASHJIR\CORALS\VJ_TREECORALGRAY0200.skin,m2-skin-profile,1,WORLD\EXPANSION03\DOODADS\VASHJIR\CORALS\VJ_TREECORALGRAY02.M2,yes
WORLD\EXPANSION03\DOODADS\VASHJIR\CORALS\VJ_TREECORALGRAY0300.skin,m2-skin-profile,1,WORLD\EXPANSION03\DOODADS\VASHJIR\CORALS\VJ_TREECORALGRAY03.M2,yes
WORLD\EXPANSION03\DOODADS\VASHJIR\KELP\VASHJIR_BULLKELP02.BLP,m2-embedded-path,1,WORLD\EXPANSION03\DOODADS\VASHJIR\KELP\VJ_BULLKELP03.M2,yes
WORLD\EXPANSION03\DOODADS\VASHJIR\KELP\VASHJIR_BULLKELP05.BLP,m2-embedded-path,2,WORLD\EXPANSION03\DOODADS\GENERIC\SEAHORSESTAND.m2 | WORLD\EXPANSION03\DOODADS\VASHJIR\KELP\VJ_BULLKELP02.M2,yes
WORLD\EXPANSION03\DOODADS\VASHJIR\KELP\VASHJIR_BULLKELP06.BLP,m2-embedded-path,4,WORLD\EXPANSION03\DOODADS\VASHJIR\KELP\VJ_BULLKELP04.M2 | WORLD\EXPANSION03\DOODADS\VASHJIR\KELP\VJ_BULLKELP05.M2 | WORLD\EXPANSION03\DOODADS\VASHJIR\KELP\VJ_BULLKELP06.M2 | WORLD\EXPANSION03\DOODADS\VASHJIR\KELP\VJ_BULLKELP07.M2,yes
WORLD\EXPANSION03\DOODADS\VASHJIR\KELP\VASHJIR_BULLKELPBASE01.BLP,m2-embedded-path,1,WORLD\EXPANSION03\DOODADS\VASHJIR\KELP\VJ_BULLKELP03.M2,yes
WORLD\EXPANSION03\DOODADS\VASHJIR\KELP\VASHJIR_BULLKELPBASE02.BLP,m2-embedded-path,4,WORLD\EXPANSION03\DOODADS\VASHJIR\KELP\VJ_BULLKELP04.M2 | WORLD\EXPANSION03\DOODADS\VASHJIR\KELP\VJ_BULLKELP05.M2 | WORLD\EXPANSION03\DOODADS\VASHJIR\KELP\VJ_BULLKELP06.M2 | WORLD\EXPANSION03\DOODADS\VASHJIR\KELP\VJ_BULLKELP07.M2,yes
WORLD\EXPANSION03\DOODADS\VASHJIR\KELP\VASHJIR_HANGINGKELPRED01.BLP,m2-embedded-path,1,WORLD\EXPANSION03\DOODADS\VASHJIR\KELP\VJ_HANGINGKELPRED03.M2,yes
World\Expansion03\Doodads\Vashjir\Kelp\Vashjir_Seaweed01.blp,m2-embedded-path,2,WORLD\EXPANSION03\DOODADS\GENERIC\SEAHORSESTAND.m2 | WORLD\EXPANSION03\DOODADS\VASHJIR\KELP\VJ_SEAWEED_01.M2,yes
World\Expansion03\Doodads\Vashjir\Kelp\Vashjir_Seaweed02.blp,m2-embedded-path,1,WORLD\EXPANSION03\DOODADS\VASHJIR\KELP\VJ_SEAWEED_02.M2,yes
WORLD\EXPANSION03\DOODADS\VASHJIR\KELP\VJ_BULLKELP0200.skin,m2-skin-profile,1,WORLD\EXPANSION03\DOODADS\VASHJIR\KELP\VJ_BULLKELP02.M2,yes
WORLD\EXPANSION03\DOODADS\VASHJIR\KELP\VJ_BULLKELP0300.skin,m2-skin-profile,1,WORLD\EXPANSION03\DOODADS\VASHJIR\KELP\VJ_BULLKELP03.M2,yes
WORLD\EXPANSION03\DOODADS\VASHJIR\KELP\VJ_BULLKELP0400.skin,m2-skin-profile,1,WORLD\EXPANSION03\DOODADS\VASHJIR\KELP\VJ_BULLKELP04.M2,yes
WORLD\EXPANSION03\DOODADS\VASHJIR\KELP\VJ_BULLKELP0500.skin,m2-skin-profile,1,WORLD\EXPANSION03\DOODADS\VASHJIR\KELP\VJ_BULLKELP05.M2,yes
WORLD\EXPANSION03\DOODADS\VASHJIR\KELP\VJ_BULLKELP0600.skin,m2-skin-profile,1,WORLD\EXPANSION03\DOODADS\VASHJIR\KELP\VJ_BULLKELP06.M2,yes
WORLD\EXPANSION03\DOODADS\VASHJIR\KELP\VJ_BULLKELP0700.skin,m2-skin-profile,1,WORLD\EXPANSION03\DOODADS\VASHJIR\KELP\VJ_BULLKELP07.M2,yes
WORLD\EXPANSION03\DOODADS\VASHJIR\KELP\VJ_HANGINGKELPRED0300.skin,m2-skin-profile,1,WORLD\EXPANSION03\DOODADS\VASHJIR\KELP\VJ_HANGINGKELPRED03.M2,yes
WORLD\EXPANSION03\DOODADS\VASHJIR\KELP\VJ_KELP01.BLP,m2-embedded-path,1,WORLD\EXPANSION03\DOODADS\VASHJIR\KELP\VJ_KELP01.M2,yes
WORLD\EXPANSION03\DOODADS\VASHJIR\KELP\VJ_KELP0100.skin,m2-skin-profile,1,WORLD\EXPANSION03\DOODADS\VASHJIR\KELP\VJ_KELP01.M2,yes
WORLD\EXPANSION03\DOODADS\VASHJIR\KELP\VJ_SEAWEED_0100.skin,m2-skin-profile,1,WORLD\EXPANSION03\DOODADS\VASHJIR\KELP\VJ_SEAWEED_01.M2,yes
WORLD\EXPANSION03\DOODADS\VASHJIR\KELP\VJ_SEAWEED_0200.skin,m2-skin-profile,1,WORLD\EXPANSION03\DOODADS\VASHJIR\KELP\VJ_SEAWEED_02.M2,yes
World\Expansion03\Doodads\Vashjir\Pearl\Abyssal_Pearl_01.blp,m2-embedded-path,1,WORLD\EXPANSION03\DOODADS\VASHJIR\PEARL\VJ_GIANTPEARL.M2,yes
World\Expansion03\Doodads\Vashjir\Pearl\Abyssal_Pearl_01Glow.blp,m2-embedded-path,1,WORLD\EXPANSION03\DOODADS\VASHJIR\PEARL\VJ_GIANTPEARL.M2,yes
World\Expansion03\Doodads\Vashjir\Pearl\Abyssal_Pearl_01REF.blp,m2-embedded-path,1,WORLD\EXPANSION03\DOODADS\VASHJIR\PEARL\VJ_GIANTPEARL.M2,yes
WORLD\EXPANSION03\DOODADS\VASHJIR\PEARL\VJ_GIANTPEARL00.skin,m2-skin-profile,1,WORLD\EXPANSION03\DOODADS\VASHJIR\PEARL\VJ_GIANTPEARL.M2,yes
WORLD\EXPANSION03\DOODADS\VASHJIR\ROCKS\VJ_MOSSYROCK_01.BLP,m2-embedded-path,8,WORLD\EXPANSION03\DOODADS\VASHJIR\ROCKS\VJ_ROCKFORMATIONBIT_01.M2 | WORLD\EXPANSION03\DOODADS\VASHJIR\ROCKS\VJ_ROCKFORMATIONBIT_02.M2 | WORLD\EXPANSION03\DOODADS\VASHJIR\ROCKS\VJ_ROCKFORMATIONBIT_03.M2 | WORLD\EXPANSION03\DOODADS\VASHJIR\ROCKS\VJ_ROCKFORMATION_03.M2 | WORLD\EXPANSION03\DOODADS\VASHJIR\ROCKS\VJ_ROCKHOLE_01.M2 | WORLD\EXPANSION03\DOODADS\VASHJIR\ROCKS\VJ_ROCKHOLE_02.M2 | WORLD\EXPANSION03\DOODADS\VASHJIR\ROCKS\VJ_ROCKLARGE_01.M2 | WORLD\EXPANSION03\DOODADS\VASHJIR\ROCKS\VJ_ROCKS_02.M2,yes
WORLD\EXPANSION03\DOODADS\VASHJIR\ROCKS\VJ_ROCKFORMATION_0300.skin,m2-skin-profile,1,WORLD\EXPANSION03\DOODADS\VASHJIR\ROCKS\VJ_ROCKFORMATION_03.M2,yes
WORLD\EXPANSION03\DOODADS\VASHJIR\ROCKS\VJ_ROCKFORMATIONBIT_0100.skin,m2-skin-profile,1,WORLD\EXPANSION03\DOODADS\VASHJIR\ROCKS\VJ_ROCKFORMATIONBIT_01.M2,yes
WORLD\EXPANSION03\DOODADS\VASHJIR\ROCKS\VJ_ROCKFORMATIONBIT_0200.skin,m2-skin-profile,1,WORLD\EXPANSION03\DOODADS\VASHJIR\ROCKS\VJ_ROCKFORMATIONBIT_02.M2,yes
WORLD\EXPANSION03\DOODADS\VASHJIR\ROCKS\VJ_ROCKFORMATIONBIT_0300.skin,m2-skin-profile,1,WORLD\EXPANSION03\DOODADS\VASHJIR\ROCKS\VJ_ROCKFORMATIONBIT_03.M2,yes
WORLD\EXPANSION03\DOODADS\VASHJIR\ROCKS\VJ_ROCKHOLE_0100.skin,m2-skin-profile,1,WORLD\EXPANSION03\DOODADS\VASHJIR\ROCKS\VJ_ROCKHOLE_01.M2,yes
WORLD\EXPANSION03\DOODADS\VASHJIR\ROCKS\VJ_ROCKHOLE_0200.skin,m2-skin-profile,1,WORLD\EXPANSION03\DOODADS\VASHJIR\ROCKS\VJ_ROCKHOLE_02.M2,yes
WORLD\EXPANSION03\DOODADS\VASHJIR\ROCKS\VJ_ROCKLARGE_0100.skin,m2-skin-profile,1,WORLD\EXPANSION03\DOODADS\VASHJIR\ROCKS\VJ_ROCKLARGE_01.M2,yes
WORLD\EXPANSION03\DOODADS\VASHJIR\ROCKS\VJ_ROCKS_0200.skin,m2-skin-profile,1,WORLD\EXPANSION03\DOODADS\VASHJIR\ROCKS\VJ_ROCKS_02.M2,yes
WORLD\EXPANSION03\DOODADS\VASHJIR\SEAMONSTER\VJ_SEAMONSTER_BONESSKULL_0200.skin,m2-skin-profile,1,WORLD\EXPANSION03\DOODADS\VASHJIR\SEAMONSTER\VJ_SEAMONSTER_BONESSKULL_02.M2,yes
WORLD\EXPANSION03\DOODADS\VASHJIR\SEAMONSTER\VJ_SEAMONSTER_BONESSKULL_0300.skin,m2-skin-profile,1,WORLD\EXPANSION03\DOODADS\VASHJIR\SEAMONSTER\VJ_SEAMONSTER_BONESSKULL_03.M2,yes
WORLD\EXPANSION03\DOODADS\VASHJIR\SEAMONSTER\VJ_SEAMONSTER_BONESSKULL_0400.skin,m2-skin-profile,1,WORLD\EXPANSION03\DOODADS\VASHJIR\SEAMONSTER\VJ_SEAMONSTER_BONESSKULL_04.M2,yes
WORLD\EXPANSION03\DOODADS\VASHJIR\SEAMONSTER\VJ_TEX_DRAGONBONE01.BLP,m2-embedded-path,5,WORLD\EXPANSION03\DOODADS\VASHJIR\BONES\VJ_WHALEBONES_01.M2 | WORLD\EXPANSION03\DOODADS\VASHJIR\BONES\VJ_WHALEBONES_04.M2 | WORLD\EXPANSION03\DOODADS\VASHJIR\SEAMONSTER\VJ_SEAMONSTER_BONESSKULL_02.M2 | WORLD\EXPANSION03\DOODADS\VASHJIR\SEAMONSTER\VJ_SEAMONSTER_BONESSKULL_03.M2 | WORLD\EXPANSION03\DOODADS\VASHJIR\SEAMONSTER\VJ_SEAMONSTER_BONESSKULL_04.M2,yes
World\Expansion03\Doodads\Vashjir\SeaMonster\VJ_TEX_Dragonbone02.blp,m2-embedded-path,1,WORLD\EXPANSION03\DOODADS\VASHJIR\SEAMONSTER\VJ_SEAMONSTER_BONESSKULL_04.M2,yes
World\Expansion03\Doodads\Vashjir\Shells\VJ_ConchShell_01.blp,m2-embedded-path,2,WORLD\EXPANSION03\DOODADS\VASHJIR\SHELLS\VJ_GIANT_SHELLS08.M2 | WORLD\EXPANSION03\DOODADS\VASHJIR\SHELLS\VJ_GIANT_SHELLS08_TILT.M2,yes
World\Expansion03\Doodads\Vashjir\Shells\VJ_ConchShell_02.blp,m2-embedded-path,2,WORLD\EXPANSION03\DOODADS\VASHJIR\SHELLS\VJ_GIANT_SHELLS08.M2 | WORLD\EXPANSION03\DOODADS\VASHJIR\SHELLS\VJ_GIANT_SHELLS08_TILT.M2,yes
WORLD\EXPANSION03\DOODADS\VASHJIR\SHELLS\VJ_GIANT_SHELLS08_TILT00.skin,m2-skin-profile,1,WORLD\EXPANSION03\DOODADS\VASHJIR\SHELLS\VJ_GIANT_SHELLS08_TILT.M2,yes
WORLD\EXPANSION03\DOODADS\VASHJIR\SHELLS\VJ_GIANT_SHELLS0800.skin,m2-skin-profile,1,WORLD\EXPANSION03\DOODADS\VASHJIR\SHELLS\VJ_GIANT_SHELLS08.M2,yes
WORLD\EXPANSION03\DOODADS\VASHJIR\SHELLS\VJ_GIANT_SHELLS09_BLUE00.skin,m2-skin-profile,1,WORLD\EXPANSION03\DOODADS\VASHJIR\SHELLS\VJ_GIANT_SHELLS09_BLUE.M2,yes
WORLD\EXPANSION03\DOODADS\VASHJIR\SHELLS\VJ_GIANT_SHELLS0900.skin,m2-skin-profile,1,WORLD\EXPANSION03\DOODADS\VASHJIR\SHELLS\VJ_GIANT_SHELLS09.M2,yes
WORLD\EXPANSION03\DOODADS\VASHJIR\SHELLS\VJ_GIANT_SHELLS10_ORANGE00.skin,m2-skin-profile,1,WORLD\EXPANSION03\DOODADS\VASHJIR\SHELLS\VJ_GIANT_SHELLS10_ORANGE.M2,yes
WORLD\EXPANSION03\DOODADS\VASHJIR\SHELLS\VJ_GIANTSHELL_01_BLUE.BLP,m2-embedded-path,1,WORLD\EXPANSION03\DOODADS\VASHJIR\SHELLS\VJ_GIANT_SHELLS09_BLUE.M2,yes
WORLD\EXPANSION03\DOODADS\VASHJIR\SHELLS\VJ_GIANTSHELL_01.BLP,m2-embedded-path,1,WORLD\EXPANSION03\DOODADS\VASHJIR\SHELLS\VJ_GIANT_SHELLS09.M2,yes
WORLD\EXPANSION03\DOODADS\VASHJIR\SHELLS\VJ_GIANTSHELL_02_ORANGE.BLP,m2-embedded-path,1,WORLD\EXPANSION03\DOODADS\VASHJIR\SHELLS\VJ_GIANT_SHELLS10_ORANGE.M2,yes
WORLD\EXPANSION03\DOODADS\VASHJIR\SHELLS\VJ_GIANTSHELL_03_ORANGE.BLP,m2-embedded-path,1,WORLD\EXPANSION03\DOODADS\VASHJIR\SHELLS\VJ_GIANT_SHELLS10_ORANGE.M2,yes
WORLD\EXPANSION03\DOODADS\VASHJIR\TUBEWORMS\VJ_DEEPSEATUBEWORMS01.BLP,m2-embedded-path,1,WORLD\EXPANSION03\DOODADS\VASHJIR\TUBEWORMS\VJ_TUBEWORMCLUSTER04.M2,yes
WORLD\EXPANSION03\DOODADS\VASHJIR\TUBEWORMS\VJ_GLOWINGTUBEWORMCLUSTER0200.skin,m2-skin-profile,1,WORLD\EXPANSION03\DOODADS\VASHJIR\TUBEWORMS\VJ_GLOWINGTUBEWORMCLUSTER02.M2,yes
WORLD\EXPANSION03\DOODADS\VASHJIR\TUBEWORMS\VJ_GLOWINGTUBEWORMS01.BLP,m2-embedded-path,2,WORLD\EXPANSION03\DOODADS\VASHJIR\TUBEWORMS\VJ_GLOWINGTUBEWORMCLUSTER02.M2 | WORLD\EXPANSION03\DOODADS\VASHJIR\TUBEWORMS\VJ_GLOWINGTUBEWORMS01.M2,yes
WORLD\EXPANSION03\DOODADS\VASHJIR\TUBEWORMS\VJ_GLOWINGTUBEWORMS0100.skin,m2-skin-profile,1,WORLD\EXPANSION03\DOODADS\VASHJIR\TUBEWORMS\VJ_GLOWINGTUBEWORMS01.M2,yes
WORLD\EXPANSION03\DOODADS\VASHJIR\TUBEWORMS\VJ_TUBEWORMCLUSTER0400.skin,m2-skin-profile,1,WORLD\EXPANSION03\DOODADS\VASHJIR\TUBEWORMS\VJ_TUBEWORMCLUSTER04.M2,yes
WORLD\EXPANSION03\DOODADS\VASHJIR\VOLCANO\VJ_VOLCANICVENT_02.BLP,m2-embedded-path,1,WORLD\EXPANSION03\DOODADS\VASHJIR\VOLCANO\VJ_VOLCANICVENT05.M2,yes
WORLD\EXPANSION03\DOODADS\VASHJIR\VOLCANO\VJ_VOLCANICVENT0500.skin,m2-skin-profile,1,WORLD\EXPANSION03\DOODADS\VASHJIR\VOLCANO\VJ_VOLCANICVENT05.M2,yes
WORLD\EXPANSION03\DOODADS\VASHJIR\WHIRLPOOLS\VJ_WHIRLPOOL0100.skin,m2-skin-profile,1,WORLD\EXPANSION03\DOODADS\VASHJIR\WHIRLPOOLS\VJ_WHIRLPOOL01.M2,yes
WORLD\EXPANSION03\DOODADS\WORGEN\EFFECTS\WORGEN_PUDDLESPLASH_01.m2,wmo-doodad-model|wmo-embedded-path,1,WORLD\WMO\CATACLYSM\VASHJIR\CAVES\VASHJIR_SMALL_CAVE.WMO,yes
WORLD\EXPANSION03\DOODADS\WORGEN\EFFECTS\WORGEN_PUDDLESPLASH_0100.skin,m2-skin-profile,1,WORLD\EXPANSION03\DOODADS\WORGEN\EFFECTS\WORGEN_PUDDLESPLASH_01.m2,yes
WORLD\EXPANSION03\DOODADS\WORGEN\EFFECTS\WORGEN_RAINDRIPS_01.M2,wmo-doodad-model|wmo-embedded-path,3,WORLD\WMO\BROKENISLES\ARAKNASHAL\7AN_MOUNTAINCAVE_MEDIUM01.WMO | WORLD\WMO\CATACLYSM\VASHJIR\CAVES\VASHJIR_SMALL_CAVE.WMO | WORLD\WMO\DUNGEON\MD_SHIPWRECK\TRANSPORT_SHIPWRECK_SUNKENSHIP.WMO,yes
WORLD\EXPANSION03\DOODADS\WORGEN\EFFECTS\WORGEN_RAINDRIPS_0100.skin,m2-skin-profile,1,WORLD\EXPANSION03\DOODADS\WORGEN\EFFECTS\WORGEN_RAINDRIPS_01.M2,yes
WORLD\EXPANSION03\DOODADS\WORGEN\EFFECTS\WORGEN_RAINEFFECTS_01.BLP,m2-embedded-path,1,WORLD\EXPANSION03\DOODADS\WORGEN\EFFECTS\WORGEN_RAINDRIPS_01.M2,yes
WORLD\EXPANSION03\DOODADS\WORGEN\EFFECTS\WORGEN_RAINEFFECTS_ALPHA01.BLP,m2-embedded-path,1,WORLD\EXPANSION03\DOODADS\WORGEN\EFFECTS\WORGEN_RAINDRIPS_01.M2,yes
WORLD\EXPANSION03\DOODADS\WORGEN\ITEMS\WORGEN_PAPER_PILE_02.m2,wmo-doodad-model|wmo-embedded-path,1,WORLD\WMO\CATACLYSM\VASHJIR\CAVES\VASHJIR_SMALL_CAVE.WMO,yes
WORLD\EXPANSION03\DOODADS\WORGEN\ITEMS\WORGEN_PAPER_PILE_0200.skin,m2-skin-profile,1,WORLD\EXPANSION03\DOODADS\WORGEN\ITEMS\WORGEN_PAPER_PILE_02.m2,yes
WORLD\EXPANSION03\DOODADS\WORGEN\ITEMS\WORGEN_PAPER.BLP,m2-embedded-path,1,WORLD\EXPANSION03\DOODADS\WORGEN\ITEMS\WORGEN_PAPER_PILE_02.m2,yes
WORLD\EXPANSION04\DOODADS\SAUROK\SAUROK_BONES_01.BLP,m2-embedded-path,2,WORLD\EXPANSION04\DOODADS\SAUROK\SAUROK_BONES_03.M2 | WORLD\EXPANSION04\DOODADS\SAUROK\SAUROK_BONES_05.M2,yes
WORLD\EXPANSION04\DOODADS\SAUROK\SAUROK_BONES_03.M2,wmo-doodad-model|wmo-embedded-path,1,WORLD\WMO\BROKENISLES\ARAKNASHAL\7AN_MOUNTAINCAVE_MEDIUM01.WMO,yes
WORLD\EXPANSION04\DOODADS\SAUROK\SAUROK_BONES_0300.skin,m2-skin-profile,1,WORLD\EXPANSION04\DOODADS\SAUROK\SAUROK_BONES_03.M2,yes
WORLD\EXPANSION04\DOODADS\SAUROK\SAUROK_BONES_05.BLP,m2-embedded-path,2,WORLD\EXPANSION04\DOODADS\SAUROK\SAUROK_BONES_09.M2 | WORLD\EXPANSION04\DOODADS\SAUROK\SAUROK_BONES_10.M2,yes
WORLD\EXPANSION04\DOODADS\SAUROK\SAUROK_BONES_05.M2,wmo-doodad-model|wmo-embedded-path,1,WORLD\WMO\BROKENISLES\ARAKNASHAL\7AN_MOUNTAINCAVE_MEDIUM01.WMO,yes
WORLD\EXPANSION04\DOODADS\SAUROK\SAUROK_BONES_0500.skin,m2-skin-profile,1,WORLD\EXPANSION04\DOODADS\SAUROK\SAUROK_BONES_05.M2,yes
World\Expansion04\Doodads\Saurok\Saurok_Bones_06.blp,m2-embedded-path,1,WORLD\EXPANSION04\DOODADS\SAUROK\SAUROK_BONES_10.M2,yes
WORLD\EXPANSION04\DOODADS\SAUROK\SAUROK_BONES_09.M2,wmo-doodad-model|wmo-embedded-path,1,WORLD\WMO\BROKENISLES\ARAKNASHAL\7AN_MOUNTAINCAVE_MEDIUM01.WMO,yes
WORLD\EXPANSION04\DOODADS\SAUROK\SAUROK_BONES_0900.skin,m2-skin-profile,1,WORLD\EXPANSION04\DOODADS\SAUROK\SAUROK_BONES_09.M2,yes
WORLD\EXPANSION04\DOODADS\SAUROK\SAUROK_BONES_10.M2,wmo-doodad-model|wmo-embedded-path,1,WORLD\WMO\BROKENISLES\ARAKNASHAL\7AN_MOUNTAINCAVE_MEDIUM01.WMO,yes
WORLD\EXPANSION04\DOODADS\SAUROK\SAUROK_BONES_1000.skin,m2-skin-profile,1,WORLD\EXPANSION04\DOODADS\SAUROK\SAUROK_BONES_10.M2,yes
WORLD\EXPANSION04\DOODADS\TURTLEZONE\GRASS\TU_GRASS02.BLP,m2-embedded-path,1,WORLD\NODXT\DETAIL\TU_GRA01.M2,yes
WORLD\EXPANSION05\DOODADS\DUNGEON\DOODADS\6DU_MOONCULTIST_SKELETON_ORCMALE01.M2,wmo-doodad-model|wmo-embedded-path,1,WORLD\WMO\BROKENISLES\ARAKNASHAL\7AN_MOUNTAINCAVE_MEDIUM01.WMO,yes
WORLD\EXPANSION05\DOODADS\DUNGEON\DOODADS\6DU_MOONCULTIST_SKELETON_ORCMALE0100.skin,m2-skin-profile,1,WORLD\EXPANSION05\DOODADS\DUNGEON\DOODADS\6DU_MOONCULTIST_SKELETON_ORCMALE01.M2,yes
WORLD\EXPANSION05\DOODADS\DUNGEON\DOODADS\6DU_MOONCULTIST_SKELETON_ORCMALE02.M2,wmo-doodad-model|wmo-embedded-path,1,WORLD\WMO\BROKENISLES\ARAKNASHAL\7AN_MOUNTAINCAVE_MEDIUM01.WMO,yes
WORLD\EXPANSION05\DOODADS\DUNGEON\DOODADS\6DU_MOONCULTIST_SKELETON_ORCMALE0200.skin,m2-skin-profile,1,WORLD\EXPANSION05\DOODADS\DUNGEON\DOODADS\6DU_MOONCULTIST_SKELETON_ORCMALE02.M2,yes
WORLD\EXPANSION05\DOODADS\DUNGEON\DOODADS\6DU_MOONCULTIST_SKELETON_ORCMALE03.M2,wmo-doodad-model|wmo-embedded-path,1,WORLD\WMO\BROKENISLES\ARAKNASHAL\7AN_MOUNTAINCAVE_MEDIUM01.WMO,yes
WORLD\EXPANSION05\DOODADS\DUNGEON\DOODADS\6DU_MOONCULTIST_SKELETON_ORCMALE0300.skin,m2-skin-profile,1,WORLD\EXPANSION05\DOODADS\DUNGEON\DOODADS\6DU_MOONCULTIST_SKELETON_ORCMALE03.M2,yes
World\Expansion05\Doodads\Dungeon\Doodads\6ocskeleton.blp,m2-embedded-path,3,WORLD\EXPANSION05\DOODADS\DUNGEON\DOODADS\6DU_MOONCULTIST_SKELETON_ORCMALE01.M2 | WORLD\EXPANSION05\DOODADS\DUNGEON\DOODADS\6DU_MOONCULTIST_SKELETON_ORCMALE02.M2 | WORLD\EXPANSION05\DOODADS\DUNGEON\DOODADS\6DU_MOONCULTIST_SKELETON_ORCMALE03.M2,yes
WORLD\EXPANSION05\DOODADS\FROSTWINDDESERT\DOODADS\6FW_BONE_RIBCAGE_01.M2,wmo-doodad-model|wmo-embedded-path,1,WORLD\WMO\BROKENISLES\ARAKNASHAL\7AN_MOUNTAINCAVE_MEDIUM01.WMO,yes
WORLD\EXPANSION05\DOODADS\FROSTWINDDESERT\DOODADS\6FW_BONE_RIBCAGE_0100.skin,m2-skin-profile,1,WORLD\EXPANSION05\DOODADS\FROSTWINDDESERT\DOODADS\6FW_BONE_RIBCAGE_01.M2,yes
WORLD\EXPANSION05\DOODADS\FROSTWINDDESERT\DOODADS\6FW_BONE_RIBS_01.M2,wmo-doodad-model|wmo-embedded-path,1,WORLD\WMO\BROKENISLES\ARAKNASHAL\7AN_MOUNTAINCAVE_MEDIUM01.WMO,yes
WORLD\EXPANSION05\DOODADS\FROSTWINDDESERT\DOODADS\6FW_BONE_RIBS_0100.skin,m2-skin-profile,1,WORLD\EXPANSION05\DOODADS\FROSTWINDDESERT\DOODADS\6FW_BONE_RIBS_01.M2,yes
WORLD\EXPANSION05\DOODADS\FROSTWINDDESERT\DOODADS\6FW_BONE_SPINE_01.M2,wmo-doodad-model|wmo-embedded-path,1,WORLD\WMO\BROKENISLES\ARAKNASHAL\7AN_MOUNTAINCAVE_MEDIUM01.WMO,yes
WORLD\EXPANSION05\DOODADS\FROSTWINDDESERT\DOODADS\6FW_BONE_SPINE_0100.skin,m2-skin-profile,1,WORLD\EXPANSION05\DOODADS\FROSTWINDDESERT\DOODADS\6FW_BONE_SPINE_01.M2,yes
WORLD\EXPANSION05\DOODADS\FROSTWINDDESERT\DOODADS\6FW_BONES_01.BLP,m2-embedded-path,3,WORLD\EXPANSION05\DOODADS\FROSTWINDDESERT\DOODADS\6FW_BONE_RIBCAGE_01.M2 | WORLD\EXPANSION05\DOODADS\FROSTWINDDESERT\DOODADS\6FW_BONE_RIBS_01.M2 | WORLD\EXPANSION05\DOODADS\FROSTWINDDESERT\DOODADS\6FW_BONE_SPINE_01.M2,yes
WORLD\EXPANSION05\DOODADS\ORCCLANS\6OC_ORCCLANS_TORCH02_LIGHT.M2,wmo-doodad-model|wmo-embedded-path,1,WORLD\WMO\BROKENISLES\ARAKNASHAL\7AN_MOUNTAINCAVE_MEDIUM01.WMO,yes
WORLD\EXPANSION05\DOODADS\ORCCLANS\6OC_ORCCLANS_TORCH02_LIGHT00.skin,m2-skin-profile,1,WORLD\EXPANSION05\DOODADS\ORCCLANS\6OC_ORCCLANS_TORCH02_LIGHT.M2,yes
WORLD\EXPANSION05\DOODADS\ORCCLANS\6OC_ORCCLANS_TORCH02.M2,wmo-doodad-model|wmo-embedded-path,1,WORLD\WMO\BROKENISLES\ARAKNASHAL\7AN_MOUNTAINCAVE_MEDIUM01.WMO,yes
WORLD\EXPANSION05\DOODADS\ORCCLANS\6OC_ORCCLANS_TORCH0200.skin,m2-skin-profile,1,WORLD\EXPANSION05\DOODADS\ORCCLANS\6OC_ORCCLANS_TORCH02.M2,yes
World\Expansion05\Doodads\OrcClans\6OC_OrcClans_TorchLit01.blp,m2-embedded-path,2,WORLD\EXPANSION05\DOODADS\ORCCLANS\6OC_ORCCLANS_TORCH02.M2 | WORLD\EXPANSION05\DOODADS\ORCCLANS\6OC_ORCCLANS_TORCH02_LIGHT.M2,yes
World\Expansion05\Doodads\OrcClans\Fire_Bright_Mod2x_A.blp,m2-embedded-path,2,WORLD\EXPANSION05\DOODADS\ORCCLANS\6OC_ORCCLANS_TORCH02.M2 | WORLD\EXPANSION05\DOODADS\ORCCLANS\6OC_ORCCLANS_TORCH02_LIGHT.M2,yes
World\Expansion05\Doodads\OrcClans\GenericGlow_Alpha_128.blp,m2-embedded-path,2,WORLD\EXPANSION05\DOODADS\ORCCLANS\6OC_ORCCLANS_TORCH02.M2 | WORLD\EXPANSION05\DOODADS\ORCCLANS\6OC_ORCCLANS_TORCH02_LIGHT.M2,yes
World\Expansion05\Doodads\OrcClans\T_VFX_Fire_Anim_Stylized_Desat_02.blp,m2-embedded-path,2,WORLD\EXPANSION05\DOODADS\ORCCLANS\6OC_ORCCLANS_TORCH02.M2 | WORLD\EXPANSION05\DOODADS\ORCCLANS\6OC_ORCCLANS_TORCH02_LIGHT.M2,yes
World\Expansion05\Doodads\Saberon\6SB_Saberon_Bones01.blp,m2-embedded-path,1,WORLD\EXPANSION05\DOODADS\SABERON\6SB_SABERON_MEATS04.M2,yes
World\Expansion05\Doodads\Saberon\6SB_Saberon_Bones03.blp,m2-embedded-path,1,WORLD\EXPANSION05\DOODADS\SABERON\6SB_SABERON_MEATS04.M2,yes
WORLD\EXPANSION05\DOODADS\SABERON\6SB_SABERON_MEATS04.M2,wmo-doodad-model|wmo-embedded-path,1,WORLD\WMO\BROKENISLES\ARAKNASHAL\7AN_MOUNTAINCAVE_MEDIUM01.WMO,yes
WORLD\EXPANSION05\DOODADS\SABERON\6SB_SABERON_MEATS0400.skin,m2-skin-profile,1,WORLD\EXPANSION05\DOODADS\SABERON\6SB_SABERON_MEATS04.M2,yes
WORLD\EXPANSION05\DOODADS\SPIRESOFARRAK\DOODADS\6SA_MUSHROOM_B02.M2,wmo-doodad-model|wmo-embedded-path,1,WORLD\WMO\BROKENISLES\ARAKNASHAL\7AN_MOUNTAINCAVE_MEDIUM01.WMO,yes
WORLD\EXPANSION05\DOODADS\SPIRESOFARRAK\DOODADS\6SA_MUSHROOM_B0200.skin,m2-skin-profile,1,WORLD\EXPANSION05\DOODADS\SPIRESOFARRAK\DOODADS\6SA_MUSHROOM_B02.M2,yes
WORLD\EXPANSION05\DOODADS\SPIRESOFARRAK\DOODADS\6SA_MUSHROOM_WHITE_A01.M2,wmo-doodad-model|wmo-embedded-path,1,WORLD\WMO\BROKENISLES\ARAKNASHAL\7AN_MOUNTAINCAVE_MEDIUM01.WMO,yes
WORLD\EXPANSION05\DOODADS\SPIRESOFARRAK\DOODADS\6SA_MUSHROOM_WHITE_A0100.skin,m2-skin-profile,1,WORLD\EXPANSION05\DOODADS\SPIRESOFARRAK\DOODADS\6SA_MUSHROOM_WHITE_A01.M2,yes
WORLD\EXPANSION05\DOODADS\SPIRESOFARRAK\DOODADS\6SA_MUSHROOM01.BLP,m2-embedded-path,1,WORLD\EXPANSION05\DOODADS\SPIRESOFARRAK\DOODADS\6SA_MUSHROOM_B02.M2,yes
WORLD\EXPANSION05\DOODADS\SPIRESOFARRAK\DOODADS\6SA_MUSHROOM02.BLP,m2-embedded-path,1,WORLD\EXPANSION05\DOODADS\SPIRESOFARRAK\DOODADS\6SA_MUSHROOM_WHITE_A01.M2,yes
WORLD\EXPANSION05\DOODADS\TALADOR\DOODADS\6TD_ROCK_B02.m2,wmo-doodad-model|wmo-embedded-path,1,WORLD\WMO\CATACLYSM\VASHJIR\CAVES\VASHJIR_SMALL_CAVE.WMO,yes
WORLD\EXPANSION05\DOODADS\TALADOR\DOODADS\6TD_ROCK_B0200.skin,m2-skin-profile,1,WORLD\EXPANSION05\DOODADS\TALADOR\DOODADS\6TD_ROCK_B02.m2,yes
WORLD\EXPANSION05\DOODADS\TALADOR\DOODADS\6TD_ROCK01.BLP,m2-embedded-path,3,WORLD\EXPANSION05\DOODADS\TALADOR\DOODADS\6TD_ROCKCLUSTER_A01.m2 | WORLD\EXPANSION05\DOODADS\TALADOR\DOODADS\6TD_ROCKCLUSTER_B01.m2 | WORLD\EXPANSION05\DOODADS\TALADOR\DOODADS\6TD_ROCK_B02.m2,yes
WORLD\EXPANSION05\DOODADS\TALADOR\DOODADS\6TD_ROCKCLUSTER_A01.m2,wmo-doodad-model|wmo-embedded-path,1,WORLD\WMO\CATACLYSM\VASHJIR\CAVES\VASHJIR_SMALL_CAVE.WMO,yes
WORLD\EXPANSION05\DOODADS\TALADOR\DOODADS\6TD_ROCKCLUSTER_A0100.skin,m2-skin-profile,1,WORLD\EXPANSION05\DOODADS\TALADOR\DOODADS\6TD_ROCKCLUSTER_A01.m2,yes
WORLD\EXPANSION05\DOODADS\TALADOR\DOODADS\6TD_ROCKCLUSTER_B01.m2,wmo-doodad-model|wmo-embedded-path,1,WORLD\WMO\CATACLYSM\VASHJIR\CAVES\VASHJIR_SMALL_CAVE.WMO,yes
WORLD\EXPANSION05\DOODADS\TALADOR\DOODADS\6TD_ROCKCLUSTER_B0100.skin,m2-skin-profile,1,WORLD\EXPANSION05\DOODADS\TALADOR\DOODADS\6TD_ROCKCLUSTER_B01.m2,yes
WORLD\EXPANSION05\DOODADS\TANAANJUNGLE\DOODADS\6TJ_PATCHFELPIECE01.M2,wmo-doodad-model|wmo-embedded-path,1,WORLD\WMO\BROKENISLES\ARAKNASHAL\7AN_MOUNTAINCAVE_MEDIUM01.WMO,yes
WORLD\EXPANSION05\DOODADS\TANAANJUNGLE\DOODADS\6TJ_PATCHFELPIECE0100.skin,m2-skin-profile,1,WORLD\EXPANSION05\DOODADS\TANAANJUNGLE\DOODADS\6TJ_PATCHFELPIECE01.M2,yes
WORLD\EXPANSION05\DOODADS\TANAANJUNGLE\DOODADS\6TJ_PATCHFELPIECE03.M2,wmo-doodad-model|wmo-embedded-path,1,WORLD\WMO\BROKENISLES\ARAKNASHAL\7AN_MOUNTAINCAVE_MEDIUM01.WMO,yes
WORLD\EXPANSION05\DOODADS\TANAANJUNGLE\DOODADS\6TJ_PATCHFELPIECE0300.skin,m2-skin-profile,1,WORLD\EXPANSION05\DOODADS\TANAANJUNGLE\DOODADS\6TJ_PATCHFELPIECE03.M2,yes
World\Expansion05\Doodads\TanaanJungle\Doodads\6TJ_PatchFelPiece1_NoGlow.blp,m2-embedded-path,1,WORLD\EXPANSION05\DOODADS\TANAANJUNGLE\DOODADS\6TJ_PATCHFELPIECE01.M2,yes
World\Expansion05\Doodads\TanaanJungle\Doodads\6TJ_PatchFelPiece11_Glow.blp,m2-embedded-path,1,WORLD\EXPANSION05\DOODADS\TANAANJUNGLE\DOODADS\6TJ_PATCHFELPIECE11VEINS.M2,yes
World\Expansion05\Doodads\TanaanJungle\Doodads\6TJ_PatchFelPiece11_NoGlow.blp,m2-embedded-path,1,WORLD\EXPANSION05\DOODADS\TANAANJUNGLE\DOODADS\6TJ_PATCHFELPIECE11VEINS.M2,yes
WORLD\EXPANSION05\DOODADS\TANAANJUNGLE\DOODADS\6TJ_PATCHFELPIECE11VEINS.M2,wmo-doodad-model|wmo-embedded-path,1,WORLD\WMO\BROKENISLES\ARAKNASHAL\7AN_MOUNTAINCAVE_MEDIUM01.WMO,yes
WORLD\EXPANSION05\DOODADS\TANAANJUNGLE\DOODADS\6TJ_PATCHFELPIECE11VEINS00.skin,m2-skin-profile,1,WORLD\EXPANSION05\DOODADS\TANAANJUNGLE\DOODADS\6TJ_PATCHFELPIECE11VEINS.M2,yes
World\Expansion05\Doodads\TanaanJungle\Doodads\6TJ_PatchFelPiece14_Combined.blp,m2-embedded-path,1,WORLD\EXPANSION05\DOODADS\TANAANJUNGLE\DOODADS\6TJ_PATCHFELPIECE14VEINS.M2,yes
WORLD\EXPANSION05\DOODADS\TANAANJUNGLE\DOODADS\6TJ_PATCHFELPIECE14VEINS.M2,wmo-doodad-model|wmo-embedded-path,1,WORLD\WMO\BROKENISLES\ARAKNASHAL\7AN_MOUNTAINCAVE_MEDIUM01.WMO,yes
WORLD\EXPANSION05\DOODADS\TANAANJUNGLE\DOODADS\6TJ_PATCHFELPIECE14VEINS00.skin,m2-skin-profile,1,WORLD\EXPANSION05\DOODADS\TANAANJUNGLE\DOODADS\6TJ_PATCHFELPIECE14VEINS.M2,yes
World\Expansion05\Doodads\TanaanJungle\Doodads\6TJ_PatchFelPulse.blp,m2-embedded-path,1,WORLD\EXPANSION05\DOODADS\TANAANJUNGLE\DOODADS\6TJ_PATCHFELPIECE11VEINS.M2,yes
World\Expansion05\Doodads\TanaanJungle\Doodads\aqua.blp,m2-embedded-path,4,WORLD\EXPANSION05\DOODADS\TANAANJUNGLE\DOODADS\6TJ_PATCHFELPIECE01.M2 | WORLD\EXPANSION05\DOODADS\TANAANJUNGLE\DOODADS\6TJ_PATCHFELPIECE03.M2 | WORLD\EXPANSION05\DOODADS\TANAANJUNGLE\DOODADS\6TJ_PATCHFELPIECE11VEINS.M2 | WORLD\EXPANSION05\DOODADS\TANAANJUNGLE\DOODADS\6TJ_PATCHFELPIECE14VEINS.M2,yes
World\Expansion05\Doodads\TanaanJungle\Doodads\Fel_Crystalline.blp,m2-embedded-path,1,WORLD\EXPANSION05\DOODADS\TANAANJUNGLE\DOODADS\6TJ_PATCHFELPIECE03.M2,yes
WORLD\EXPANSION05\DOODADS\ZANGARMARSH\DOODADS\6ZG_BUSH_GEN_A01.m2,wmo-doodad-model|wmo-embedded-path,1,WORLD\WMO\CATACLYSM\VASHJIR\CAVES\VASHJIR_SMALL_CAVE.WMO,yes
WORLD\EXPANSION05\DOODADS\ZANGARMARSH\DOODADS\6ZG_BUSH_GEN_A0100.skin,m2-skin-profile,1,WORLD\EXPANSION05\DOODADS\ZANGARMARSH\DOODADS\6ZG_BUSH_GEN_A01.m2,yes
WORLD\EXPANSION05\DOODADS\ZANGARMARSH\DOODADS\6ZG_BUSH_GEN_A02.m2,wmo-doodad-model|wmo-embedded-path,1,WORLD\WMO\CATACLYSM\VASHJIR\CAVES\VASHJIR_SMALL_CAVE.WMO,yes
WORLD\EXPANSION05\DOODADS\ZANGARMARSH\DOODADS\6ZG_BUSH_GEN_A0200.skin,m2-skin-profile,1,WORLD\EXPANSION05\DOODADS\ZANGARMARSH\DOODADS\6ZG_BUSH_GEN_A02.m2,yes
World\Expansion05\Doodads\Zangarmarsh\Doodads\6ZG_BushSM_03.blp,m2-embedded-path,1,WORLD\EXPANSION05\DOODADS\ZANGARMARSH\DOODADS\6ZG_SEABUSH_02.m2,yes
World\Expansion05\Doodads\Zangarmarsh\Doodads\6ZG_DetailDoodads_Gen_01.blp,m2-embedded-path,1,WORLD\EXPANSION05\DOODADS\ZANGARMARSH\DOODADS\6ZG_BUSH_GEN_A01.m2,yes
World\Expansion05\Doodads\Zangarmarsh\Doodads\6ZG_Mushroom_01_Glows.blp,m2-embedded-path,1,WORLD\EXPANSION05\DOODADS\ZANGARMARSH\DOODADS\6ZG_MUSHROOM_GEN_B01.m2,yes
World\Expansion05\Doodads\Zangarmarsh\Doodads\6ZG_Mushroom_Gen_01.blp,m2-embedded-path,1,WORLD\EXPANSION05\DOODADS\ZANGARMARSH\DOODADS\6ZG_MUSHROOM_GEN_B01.m2,yes
WORLD\EXPANSION05\DOODADS\ZANGARMARSH\DOODADS\6ZG_MUSHROOM_GEN_B01.m2,wmo-doodad-model|wmo-embedded-path,1,WORLD\WMO\CATACLYSM\VASHJIR\CAVES\VASHJIR_SMALL_CAVE.WMO,yes
WORLD\EXPANSION05\DOODADS\ZANGARMARSH\DOODADS\6ZG_MUSHROOM_GEN_B0100.skin,m2-skin-profile,1,WORLD\EXPANSION05\DOODADS\ZANGARMARSH\DOODADS\6ZG_MUSHROOM_GEN_B01.m2,yes
WORLD\EXPANSION05\DOODADS\ZANGARMARSH\DOODADS\6ZG_MUSHROOM_SMALL_01_GLOWS.BLP,m2-embedded-path,2,WORLD\EXPANSION05\DOODADS\ZANGARMARSH\DOODADS\6ZG_MUSHROOM_SMALL_GEN_A05.m2 | WORLD\EXPANSION05\DOODADS\ZANGARMARSH\DOODADS\6ZG_MUSHROOM_SMALL_GEN_A06.m2,yes
World\Expansion05\Doodads\Zangarmarsh\Doodads\6ZG_Mushroom_Small_Gen_01.blp,m2-embedded-path,2,WORLD\EXPANSION05\DOODADS\ZANGARMARSH\DOODADS\6ZG_MUSHROOM_SMALL_GEN_A05.m2 | WORLD\EXPANSION05\DOODADS\ZANGARMARSH\DOODADS\6ZG_MUSHROOM_SMALL_GEN_A06.m2,yes
World\Expansion05\Doodads\Zangarmarsh\Doodads\6ZG_Mushroom_Small_Gen_A01_Glows_02.blp,m2-embedded-path,1,WORLD\EXPANSION05\DOODADS\ZANGARMARSH\DOODADS\6ZG_MUSHROOM_SMALL_GEN_A03.m2,yes
World\Expansion05\Doodads\Zangarmarsh\Doodads\6ZG_Mushroom_Small_Gen_A01_Glows.blp,m2-embedded-path,1,WORLD\EXPANSION05\DOODADS\ZANGARMARSH\DOODADS\6ZG_MUSHROOM_SMALL_GEN_A01.m2,yes
World\Expansion05\Doodads\Zangarmarsh\Doodads\6ZG_Mushroom_Small_Gen_A01.blp,m2-embedded-path,2,WORLD\EXPANSION05\DOODADS\ZANGARMARSH\DOODADS\6ZG_MUSHROOM_SMALL_GEN_A01.m2 | WORLD\EXPANSION05\DOODADS\ZANGARMARSH\DOODADS\6ZG_MUSHROOM_SMALL_GEN_A03.m2,yes
WORLD\EXPANSION05\DOODADS\ZANGARMARSH\DOODADS\6ZG_MUSHROOM_SMALL_GEN_A01.m2,wmo-doodad-model|wmo-embedded-path,1,WORLD\WMO\CATACLYSM\VASHJIR\CAVES\VASHJIR_SMALL_CAVE.WMO,yes
WORLD\EXPANSION05\DOODADS\ZANGARMARSH\DOODADS\6ZG_MUSHROOM_SMALL_GEN_A0100.skin,m2-skin-profile,1,WORLD\EXPANSION05\DOODADS\ZANGARMARSH\DOODADS\6ZG_MUSHROOM_SMALL_GEN_A01.m2,yes
WORLD\EXPANSION05\DOODADS\ZANGARMARSH\DOODADS\6ZG_MUSHROOM_SMALL_GEN_A03.m2,wmo-doodad-model|wmo-embedded-path,1,WORLD\WMO\CATACLYSM\VASHJIR\CAVES\VASHJIR_SMALL_CAVE.WMO,yes
WORLD\EXPANSION05\DOODADS\ZANGARMARSH\DOODADS\6ZG_MUSHROOM_SMALL_GEN_A0300.skin,m2-skin-profile,1,WORLD\EXPANSION05\DOODADS\ZANGARMARSH\DOODADS\6ZG_MUSHROOM_SMALL_GEN_A03.m2,yes
WORLD\EXPANSION05\DOODADS\ZANGARMARSH\DOODADS\6ZG_MUSHROOM_SMALL_GEN_A05.m2,wmo-doodad-model|wmo-embedded-path,1,WORLD\WMO\CATACLYSM\VASHJIR\CAVES\VASHJIR_SMALL_CAVE.WMO,yes
WORLD\EXPANSION05\DOODADS\ZANGARMARSH\DOODADS\6ZG_MUSHROOM_SMALL_GEN_A0500.skin,m2-skin-profile,1,WORLD\EXPANSION05\DOODADS\ZANGARMARSH\DOODADS\6ZG_MUSHROOM_SMALL_GEN_A05.m2,yes
WORLD\EXPANSION05\DOODADS\ZANGARMARSH\DOODADS\6ZG_MUSHROOM_SMALL_GEN_A06.m2,wmo-doodad-model|wmo-embedded-path,1,WORLD\WMO\CATACLYSM\VASHJIR\CAVES\VASHJIR_SMALL_CAVE.WMO,yes
WORLD\EXPANSION05\DOODADS\ZANGARMARSH\DOODADS\6ZG_MUSHROOM_SMALL_GEN_A0600.skin,m2-skin-profile,1,WORLD\EXPANSION05\DOODADS\ZANGARMARSH\DOODADS\6ZG_MUSHROOM_SMALL_GEN_A06.m2,yes
World\Expansion05\Doodads\Zangarmarsh\Doodads\6ZG_Mushroom_Small_Water_A01_Glows.blp,m2-embedded-path,1,WORLD\EXPANSION05\DOODADS\ZANGARMARSH\DOODADS\6ZG_MUSHROOM_SMALL_WATER_A02.m2,yes
World\Expansion05\Doodads\Zangarmarsh\Doodads\6ZG_Mushroom_Small_Water_A01.blp,m2-embedded-path,2,WORLD\EXPANSION05\DOODADS\ZANGARMARSH\DOODADS\6ZG_MUSHROOM_SMALL_WATER_A02.m2 | WORLD\EXPANSION05\DOODADS\ZANGARMARSH\DOODADS\6ZG_MUSHROOM_SMALL_WATER_A03.m2,yes
WORLD\EXPANSION05\DOODADS\ZANGARMARSH\DOODADS\6ZG_MUSHROOM_SMALL_WATER_A02.m2,wmo-doodad-model|wmo-embedded-path,1,WORLD\WMO\CATACLYSM\VASHJIR\CAVES\VASHJIR_SMALL_CAVE.WMO,yes
WORLD\EXPANSION05\DOODADS\ZANGARMARSH\DOODADS\6ZG_MUSHROOM_SMALL_WATER_A0200.skin,m2-skin-profile,1,WORLD\EXPANSION05\DOODADS\ZANGARMARSH\DOODADS\6ZG_MUSHROOM_SMALL_WATER_A02.m2,yes
WORLD\EXPANSION05\DOODADS\ZANGARMARSH\DOODADS\6ZG_MUSHROOM_SMALL_WATER_A03.m2,wmo-doodad-model|wmo-embedded-path,1,WORLD\WMO\CATACLYSM\VASHJIR\CAVES\VASHJIR_SMALL_CAVE.WMO,yes
WORLD\EXPANSION05\DOODADS\ZANGARMARSH\DOODADS\6ZG_MUSHROOM_SMALL_WATER_A0300.skin,m2-skin-profile,1,WORLD\EXPANSION05\DOODADS\ZANGARMARSH\DOODADS\6ZG_MUSHROOM_SMALL_WATER_A03.m2,yes
World\Expansion05\Doodads\Zangarmarsh\Doodads\6ZG_Mushroom_Tube_01_Glows.blp,m2-embedded-path,2,WORLD\EXPANSION05\DOODADS\ZANGARMARSH\DOODADS\6ZG_MUSHROOM_TUBE_B01.m2 | WORLD\EXPANSION05\DOODADS\ZANGARMARSH\DOODADS\6ZG_MUSHROOM_TUBE_B02.m2,yes
World\Expansion05\Doodads\Zangarmarsh\Doodads\6ZG_Mushroom_Tube_01.blp,m2-embedded-path,2,WORLD\EXPANSION05\DOODADS\ZANGARMARSH\DOODADS\6ZG_MUSHROOM_TUBE_B01.m2 | WORLD\EXPANSION05\DOODADS\ZANGARMARSH\DOODADS\6ZG_MUSHROOM_TUBE_B02.m2,yes
WORLD\EXPANSION05\DOODADS\ZANGARMARSH\DOODADS\6ZG_MUSHROOM_TUBE_B01.m2,wmo-doodad-model|wmo-embedded-path,1,WORLD\WMO\CATACLYSM\VASHJIR\CAVES\VASHJIR_SMALL_CAVE.WMO,yes
WORLD\EXPANSION05\DOODADS\ZANGARMARSH\DOODADS\6ZG_MUSHROOM_TUBE_B0100.skin,m2-skin-profile,1,WORLD\EXPANSION05\DOODADS\ZANGARMARSH\DOODADS\6ZG_MUSHROOM_TUBE_B01.m2,yes
WORLD\EXPANSION05\DOODADS\ZANGARMARSH\DOODADS\6ZG_MUSHROOM_TUBE_B02.m2,wmo-doodad-model|wmo-embedded-path,1,WORLD\WMO\CATACLYSM\VASHJIR\CAVES\VASHJIR_SMALL_CAVE.WMO,yes
WORLD\EXPANSION05\DOODADS\ZANGARMARSH\DOODADS\6ZG_MUSHROOM_TUBE_B0200.skin,m2-skin-profile,1,WORLD\EXPANSION05\DOODADS\ZANGARMARSH\DOODADS\6ZG_MUSHROOM_TUBE_B02.m2,yes
WORLD\EXPANSION05\DOODADS\ZANGARMARSH\DOODADS\6ZG_SEABUSH_02.m2,wmo-doodad-model|wmo-embedded-path,1,WORLD\WMO\CATACLYSM\VASHJIR\CAVES\VASHJIR_SMALL_CAVE.WMO,yes
WORLD\EXPANSION05\DOODADS\ZANGARMARSH\DOODADS\6ZG_SEABUSH_0200.skin,m2-skin-profile,1,WORLD\EXPANSION05\DOODADS\ZANGARMARSH\DOODADS\6ZG_SEABUSH_02.m2,yes
World\Expansion05\Doodads\Zangarmarsh\Doodads\6ZG_SmallBush_Gen01_Glows.blp,m2-embedded-path,1,WORLD\EXPANSION05\DOODADS\ZANGARMARSH\DOODADS\6ZG_BUSH_GEN_A02.m2,yes
World\Expansion05\Doodads\Zangarmarsh\Doodads\6ZG_SmallBush_Gen01.blp,m2-embedded-path,1,WORLD\EXPANSION05\DOODADS\ZANGARMARSH\DOODADS\6ZG_BUSH_GEN_A02.m2,yes
WORLD\EXPANSION06\DOODADS\ARAKNASHAL\7AN_ANCIENTTREEROOT_A01.M2,wmo-doodad-model|wmo-embedded-path,1,WORLD\WMO\BROKENISLES\ARAKNASHAL\7AN_MOUNTAINCAVE_MEDIUM01.WMO,yes
WORLD\Expansion06\Doodads\ArakNashal\7AN_ANCIENTTREEROOT_A0100.skin,m2-skin-profile,1,WORLD\Expansion06\Doodads\ArakNashal\7AN_ANCIENTTREEROOT_A01.M2,yes
WORLD\EXPANSION06\DOODADS\ARAKNASHAL\7AN_ANCIENTTREEROOT_B01.M2,wmo-doodad-model|wmo-embedded-path,1,WORLD\WMO\BROKENISLES\ARAKNASHAL\7AN_MOUNTAINCAVE_MEDIUM01.WMO,yes
WORLD\Expansion06\Doodads\ArakNashal\7AN_ANCIENTTREEROOT_B0100.skin,m2-skin-profile,1,WORLD\Expansion06\Doodads\ArakNashal\7AN_ANCIENTTREEROOT_B01.M2,yes
WORLD\EXPANSION06\DOODADS\ARAKNASHAL\7AN_ANCIENTTREEROOT_B02.M2,wmo-doodad-model|wmo-embedded-path,1,WORLD\WMO\BROKENISLES\ARAKNASHAL\7AN_MOUNTAINCAVE_MEDIUM01.WMO,yes
WORLD\Expansion06\Doodads\ArakNashal\7AN_ANCIENTTREEROOT_B0200.skin,m2-skin-profile,1,WORLD\Expansion06\Doodads\ArakNashal\7AN_ANCIENTTREEROOT_B02.M2,yes
World\Expansion06\Doodads\ArakNashal\7AN_AspenRoot01.blp,m2-embedded-path,3,WORLD\Expansion06\Doodads\ArakNashal\7AN_ANCIENTTREEROOT_A01.M2 | WORLD\Expansion06\Doodads\ArakNashal\7AN_ANCIENTTREEROOT_B01.M2 | WORLD\Expansion06\Doodads\ArakNashal\7AN_ANCIENTTREEROOT_B02.M2,yes
World\Expansion06\Doodads\ArakNashal\7AN_DetailDoodads_01.blp,m2-embedded-path,1,WORLD\Expansion06\Doodads\ArakNashal\7AN_LEAFPILE_B01.M2,yes
WORLD\EXPANSION06\DOODADS\ARAKNASHAL\7AN_FUNGUS_A02.M2,wmo-doodad-model|wmo-embedded-path,1,WORLD\WMO\BROKENISLES\ARAKNASHAL\7AN_MOUNTAINCAVE_MEDIUM01.WMO,yes
WORLD\Expansion06\Doodads\ArakNashal\7AN_FUNGUS_A0200.skin,m2-skin-profile,1,WORLD\Expansion06\Doodads\ArakNashal\7AN_FUNGUS_A02.M2,yes
WORLD\EXPANSION06\DOODADS\ARAKNASHAL\7AN_FUNGUS_B02.M2,wmo-doodad-model|wmo-embedded-path,1,WORLD\WMO\BROKENISLES\ARAKNASHAL\7AN_MOUNTAINCAVE_MEDIUM01.WMO,yes
WORLD\Expansion06\Doodads\ArakNashal\7AN_FUNGUS_B0200.skin,m2-skin-profile,1,WORLD\Expansion06\Doodads\ArakNashal\7AN_FUNGUS_B02.M2,yes
WORLD\EXPANSION06\DOODADS\ARAKNASHAL\7AN_FUNGUS_C02.M2,wmo-doodad-model|wmo-embedded-path,1,WORLD\WMO\BROKENISLES\ARAKNASHAL\7AN_MOUNTAINCAVE_MEDIUM01.WMO,yes
WORLD\Expansion06\Doodads\ArakNashal\7AN_FUNGUS_C0200.skin,m2-skin-profile,1,WORLD\Expansion06\Doodads\ArakNashal\7AN_FUNGUS_C02.M2,yes
World\Expansion06\Doodads\ArakNashal\7an_fungus02.blp,m2-embedded-path,3,WORLD\Expansion06\Doodads\ArakNashal\7AN_FUNGUS_A02.M2 | WORLD\Expansion06\Doodads\ArakNashal\7AN_FUNGUS_B02.M2 | WORLD\Expansion06\Doodads\ArakNashal\7AN_FUNGUS_C02.M2,yes
WORLD\EXPANSION06\DOODADS\ARAKNASHAL\7AN_LEAFPILE_B01.M2,wmo-doodad-model|wmo-embedded-path,1,WORLD\WMO\BROKENISLES\ARAKNASHAL\7AN_MOUNTAINCAVE_MEDIUM01.WMO,yes
WORLD\Expansion06\Doodads\ArakNashal\7AN_LEAFPILE_B0100.skin,m2-skin-profile,1,WORLD\Expansion06\Doodads\ArakNashal\7AN_LEAFPILE_B01.M2,yes
World\Expansion06\Doodads\ArakNashal\7an_mushroom02.blp,m2-embedded-path,4,WORLD\Expansion06\Doodads\ArakNashal\7AN_MUSHROOMCLUMP_A02.M2 | WORLD\Expansion06\Doodads\ArakNashal\7AN_MUSHROOMCLUMP_B02.M2 | WORLD\Expansion06\Doodads\ArakNashal\7AN_MUSHROOMCLUMP_C02.M2 | WORLD\Expansion06\Doodads\ArakNashal\7AN_MUSHROOMCLUMP_C02_LIGHT.M2,yes
WORLD\EXPANSION06\DOODADS\ARAKNASHAL\7AN_MUSHROOMCLUMP_A02.M2,wmo-doodad-model|wmo-embedded-path,1,WORLD\WMO\BROKENISLES\ARAKNASHAL\7AN_MOUNTAINCAVE_MEDIUM01.WMO,yes
WORLD\Expansion06\Doodads\ArakNashal\7AN_MUSHROOMCLUMP_A0200.skin,m2-skin-profile,1,WORLD\Expansion06\Doodads\ArakNashal\7AN_MUSHROOMCLUMP_A02.M2,yes
WORLD\EXPANSION06\DOODADS\ARAKNASHAL\7AN_MUSHROOMCLUMP_B02.M2,wmo-doodad-model|wmo-embedded-path,1,WORLD\WMO\BROKENISLES\ARAKNASHAL\7AN_MOUNTAINCAVE_MEDIUM01.WMO,yes
WORLD\Expansion06\Doodads\ArakNashal\7AN_MUSHROOMCLUMP_B0200.skin,m2-skin-profile,1,WORLD\Expansion06\Doodads\ArakNashal\7AN_MUSHROOMCLUMP_B02.M2,yes
WORLD\EXPANSION06\DOODADS\ARAKNASHAL\7AN_MUSHROOMCLUMP_C02_LIGHT.M2,wmo-doodad-model|wmo-embedded-path,1,WORLD\WMO\BROKENISLES\ARAKNASHAL\7AN_MOUNTAINCAVE_MEDIUM01.WMO,yes
WORLD\Expansion06\Doodads\ArakNashal\7AN_MUSHROOMCLUMP_C02_LIGHT00.skin,m2-skin-profile,1,WORLD\Expansion06\Doodads\ArakNashal\7AN_MUSHROOMCLUMP_C02_LIGHT.M2,yes
WORLD\EXPANSION06\DOODADS\ARAKNASHAL\7AN_MUSHROOMCLUMP_C02.M2,wmo-doodad-model|wmo-embedded-path,1,WORLD\WMO\BROKENISLES\ARAKNASHAL\7AN_MOUNTAINCAVE_MEDIUM01.WMO,yes
WORLD\Expansion06\Doodads\ArakNashal\7AN_MUSHROOMCLUMP_C0200.skin,m2-skin-profile,1,WORLD\Expansion06\Doodads\ArakNashal\7AN_MUSHROOMCLUMP_C02.M2,yes
World\Expansion06\Doodads\ArakNashal\7an_rocks_02_mod2x_runes.blp,m2-embedded-path,2,WORLD\EXPANSION06\DOODADS\ARAKNASHAL\7AN_ROCKSTACK_RUNES_B01.M2 | WORLD\EXPANSION06\DOODADS\ARAKNASHAL\7AN_ROCKSTACK_RUNES_C01.M2,yes
World\Expansion06\Doodads\ArakNashal\7an_rocks_02_mod2x.blp,m2-embedded-path,8,WORLD\EXPANSION06\DOODADS\ARAKNASHAL\7AN_ROCKSTACKCLUSTER_A01.M2 | WORLD\EXPANSION06\DOODADS\ARAKNASHAL\7AN_ROCKSTACKCLUSTER_B01.M2 | WORLD\EXPANSION06\DOODADS\ARAKNASHAL\7AN_ROCKSTACKCLUSTER_B02.M2 | WORLD\EXPANSION06\DOODADS\ARAKNASHAL\7AN_ROCKSTACKCLUSTER_C01.M2 | WORLD\EXPANSION06\DOODADS\ARAKNASHAL\7AN_ROCKSTACK_RUNES_B01.M2 | WORLD\EXPANSION06\DOODADS\ARAKNASHAL\7AN_ROCKSTACK_RUNES_C01.M2 | WORLD\Expansion06\Doodads\ArakNashal\7AN_ROCKSTACK_B01.M2 | WORLD\Expansion06\Doodads\ArakNashal\7AN_ROCKSTACK_C01.M2,yes
World\Expansion06\Doodads\ArakNashal\7an_rocks_02.blp,m2-embedded-path,8,WORLD\EXPANSION06\DOODADS\ARAKNASHAL\7AN_ROCKSTACKCLUSTER_A01.M2 | WORLD\EXPANSION06\DOODADS\ARAKNASHAL\7AN_ROCKSTACKCLUSTER_B01.M2 | WORLD\EXPANSION06\DOODADS\ARAKNASHAL\7AN_ROCKSTACKCLUSTER_B02.M2 | WORLD\EXPANSION06\DOODADS\ARAKNASHAL\7AN_ROCKSTACKCLUSTER_C01.M2 | WORLD\EXPANSION06\DOODADS\ARAKNASHAL\7AN_ROCKSTACK_RUNES_B01.M2 | WORLD\EXPANSION06\DOODADS\ARAKNASHAL\7AN_ROCKSTACK_RUNES_C01.M2 | WORLD\Expansion06\Doodads\ArakNashal\7AN_ROCKSTACK_B01.M2 | WORLD\Expansion06\Doodads\ArakNashal\7AN_ROCKSTACK_C01.M2,yes
World\Expansion06\Doodads\ArakNashal\7AN_Rocks_03.blp,m2-embedded-path,1,WORLD\Expansion06\Doodads\ArakNashal\7AN_ROCKSWAMP_A01.M2,yes
World\Expansion06\Doodads\ArakNashal\7AN_Rocks_05.blp,m2-embedded-path,3,WORLD\Expansion06\Doodads\ArakNashal\7AN_ROCKSWAMP_B02.M2 | WORLD\Expansion06\Doodads\ArakNashal\7AN_ROCKSWAMP_C03.M2 | WORLD\Expansion06\Doodads\ArakNashal\7AN_ROCKSWAMP_C04.M2,yes
WORLD\EXPANSION06\DOODADS\ARAKNASHAL\7AN_ROCKSTACK_B01.M2,wmo-doodad-model|wmo-embedded-path,1,WORLD\WMO\BROKENISLES\ARAKNASHAL\7AN_MOUNTAINCAVE_MEDIUM01.WMO,yes
WORLD\Expansion06\Doodads\ArakNashal\7AN_ROCKSTACK_B0100.skin,m2-skin-profile,1,WORLD\Expansion06\Doodads\ArakNashal\7AN_ROCKSTACK_B01.M2,yes
WORLD\EXPANSION06\DOODADS\ARAKNASHAL\7AN_ROCKSTACK_C01.M2,wmo-doodad-model|wmo-embedded-path,1,WORLD\WMO\BROKENISLES\ARAKNASHAL\7AN_MOUNTAINCAVE_MEDIUM01.WMO,yes
WORLD\Expansion06\Doodads\ArakNashal\7AN_ROCKSTACK_C0100.skin,m2-skin-profile,1,WORLD\Expansion06\Doodads\ArakNashal\7AN_ROCKSTACK_C01.M2,yes
WORLD\EXPANSION06\DOODADS\ARAKNASHAL\7AN_ROCKSTACK_RUNES_B01.M2,wmo-doodad-model|wmo-embedded-path,1,WORLD\WMO\BROKENISLES\ARAKNASHAL\7AN_MOUNTAINCAVE_MEDIUM01.WMO,yes
WORLD\EXPANSION06\DOODADS\ARAKNASHAL\7AN_ROCKSTACK_RUNES_B0100.skin,m2-skin-profile,1,WORLD\EXPANSION06\DOODADS\ARAKNASHAL\7AN_ROCKSTACK_RUNES_B01.M2,yes
WORLD\EXPANSION06\DOODADS\ARAKNASHAL\7AN_ROCKSTACK_RUNES_C01.M2,wmo-doodad-model|wmo-embedded-path,1,WORLD\WMO\BROKENISLES\ARAKNASHAL\7AN_MOUNTAINCAVE_MEDIUM01.WMO,yes
WORLD\EXPANSION06\DOODADS\ARAKNASHAL\7AN_ROCKSTACK_RUNES_C0100.skin,m2-skin-profile,1,WORLD\EXPANSION06\DOODADS\ARAKNASHAL\7AN_ROCKSTACK_RUNES_C01.M2,yes
WORLD\EXPANSION06\DOODADS\ARAKNASHAL\7AN_ROCKSTACKCLUSTER_A01.M2,wmo-doodad-model|wmo-embedded-path,1,WORLD\WMO\BROKENISLES\ARAKNASHAL\7AN_MOUNTAINCAVE_MEDIUM01.WMO,yes
WORLD\EXPANSION06\DOODADS\ARAKNASHAL\7AN_ROCKSTACKCLUSTER_A0100.skin,m2-skin-profile,1,WORLD\EXPANSION06\DOODADS\ARAKNASHAL\7AN_ROCKSTACKCLUSTER_A01.M2,yes
WORLD\EXPANSION06\DOODADS\ARAKNASHAL\7AN_ROCKSTACKCLUSTER_B01.M2,wmo-doodad-model|wmo-embedded-path,1,WORLD\WMO\BROKENISLES\ARAKNASHAL\7AN_MOUNTAINCAVE_MEDIUM01.WMO,yes
WORLD\EXPANSION06\DOODADS\ARAKNASHAL\7AN_ROCKSTACKCLUSTER_B0100.skin,m2-skin-profile,1,WORLD\EXPANSION06\DOODADS\ARAKNASHAL\7AN_ROCKSTACKCLUSTER_B01.M2,yes
WORLD\EXPANSION06\DOODADS\ARAKNASHAL\7AN_ROCKSTACKCLUSTER_B02.M2,wmo-doodad-model|wmo-embedded-path,1,WORLD\WMO\BROKENISLES\ARAKNASHAL\7AN_MOUNTAINCAVE_MEDIUM01.WMO,yes
WORLD\EXPANSION06\DOODADS\ARAKNASHAL\7AN_ROCKSTACKCLUSTER_B0200.skin,m2-skin-profile,1,WORLD\EXPANSION06\DOODADS\ARAKNASHAL\7AN_ROCKSTACKCLUSTER_B02.M2,yes
WORLD\EXPANSION06\DOODADS\ARAKNASHAL\7AN_ROCKSTACKCLUSTER_C01.M2,wmo-doodad-model|wmo-embedded-path,1,WORLD\WMO\BROKENISLES\ARAKNASHAL\7AN_MOUNTAINCAVE_MEDIUM01.WMO,yes
WORLD\EXPANSION06\DOODADS\ARAKNASHAL\7AN_ROCKSTACKCLUSTER_C0100.skin,m2-skin-profile,1,WORLD\EXPANSION06\DOODADS\ARAKNASHAL\7AN_ROCKSTACKCLUSTER_C01.M2,yes
WORLD\EXPANSION06\DOODADS\ARAKNASHAL\7AN_ROCKSWAMP_A01.M2,wmo-doodad-model|wmo-embedded-path,1,WORLD\WMO\BROKENISLES\ARAKNASHAL\7AN_MOUNTAINCAVE_MEDIUM01.WMO,yes
WORLD\Expansion06\Doodads\ArakNashal\7AN_ROCKSWAMP_A0100.skin,m2-skin-profile,1,WORLD\Expansion06\Doodads\ArakNashal\7AN_ROCKSWAMP_A01.M2,yes
WORLD\EXPANSION06\DOODADS\ARAKNASHAL\7AN_ROCKSWAMP_B02.M2,wmo-doodad-model|wmo-embedded-path,1,WORLD\WMO\BROKENISLES\ARAKNASHAL\7AN_MOUNTAINCAVE_MEDIUM01.WMO,yes
WORLD\Expansion06\Doodads\ArakNashal\7AN_ROCKSWAMP_B0200.skin,m2-skin-profile,1,WORLD\Expansion06\Doodads\ArakNashal\7AN_ROCKSWAMP_B02.M2,yes
WORLD\EXPANSION06\DOODADS\ARAKNASHAL\7AN_ROCKSWAMP_C03.M2,wmo-doodad-model|wmo-embedded-path,1,WORLD\WMO\BROKENISLES\ARAKNASHAL\7AN_MOUNTAINCAVE_MEDIUM01.WMO,yes
WORLD\Expansion06\Doodads\ArakNashal\7AN_ROCKSWAMP_C0300.skin,m2-skin-profile,1,WORLD\Expansion06\Doodads\ArakNashal\7AN_ROCKSWAMP_C03.M2,yes
WORLD\EXPANSION06\DOODADS\ARAKNASHAL\7AN_ROCKSWAMP_C04.M2,wmo-doodad-model|wmo-embedded-path,1,WORLD\WMO\BROKENISLES\ARAKNASHAL\7AN_MOUNTAINCAVE_MEDIUM01.WMO,yes
WORLD\Expansion06\Doodads\ArakNashal\7AN_ROCKSWAMP_C0400.skin,m2-skin-profile,1,WORLD\Expansion06\Doodads\ArakNashal\7AN_ROCKSWAMP_C04.M2,yes
World\Expansion06\Doodads\Dungeon\Doodads\7AZ_Seaweed_01.blp,m2-embedded-path,1,WORLD\EXPANSION06\DOODADS\DUNGEON\DOODADS\7DU_TOMBOFSARGERAS_NAGATHRONE01.M2,yes
World\Expansion06\Doodads\Dungeon\Doodads\7du_helheim_soultrail.blp,m2-embedded-path,1,WORLD\EXPANSION06\DOODADS\DUNGEON\DOODADS\7DU_HELHEIMRAID_HELYAROCK01.M2,yes
WORLD\EXPANSION06\DOODADS\DUNGEON\DOODADS\7DU_HELHEIMRAID_HELYAROCK0100.skin,m2-skin-profile,1,WORLD\EXPANSION06\DOODADS\DUNGEON\DOODADS\7DU_HELHEIMRAID_HELYAROCK01.M2,yes
World\Expansion06\Doodads\Dungeon\Doodads\7du_helyaencounter_spiritrock_glow.blp,m2-embedded-path,1,WORLD\EXPANSION06\DOODADS\DUNGEON\DOODADS\7DU_HELHEIMRAID_HELYAROCK01.M2,yes
World\Expansion06\Doodads\Dungeon\Doodads\7du_helyaencounter_spiritrock.blp,m2-embedded-path,1,WORLD\EXPANSION06\DOODADS\DUNGEON\DOODADS\7DU_HELHEIMRAID_HELYAROCK01.M2,yes
WORLD\EXPANSION06\DOODADS\DUNGEON\DOODADS\7DU_TOMBOFSARGERAS_NAGATHRONE0100.skin,m2-skin-profile,1,WORLD\EXPANSION06\DOODADS\DUNGEON\DOODADS\7DU_TOMBOFSARGERAS_NAGATHRONE01.M2,yes
World\Expansion06\Doodads\Dungeon\Doodads\7MU_MURLOC_NAGATHRONE_MAP01.blp,m2-embedded-path,1,WORLD\EXPANSION06\DOODADS\DUNGEON\DOODADS\7DU_TOMBOFSARGERAS_NAGATHRONE01.M2,yes
World\Expansion06\Doodads\Dungeon\Doodads\7MU_MURLOC_NAGATHRONE_MAP02.blp,m2-embedded-path,1,WORLD\EXPANSION06\DOODADS\DUNGEON\DOODADS\7DU_TOMBOFSARGERAS_NAGATHRONE01.M2,yes
World\Expansion06\Doodads\Dungeon\Doodads\7MU_MURLOC_NAGATHRONE_MAP03.blp,m2-embedded-path,1,WORLD\EXPANSION06\DOODADS\DUNGEON\DOODADS\7DU_TOMBOFSARGERAS_NAGATHRONE01.M2,yes
World\Expansion06\Doodads\Dungeon\Doodads\7MU_MURLOC_NAGATHRONE_MAP04.blp,m2-embedded-path,1,WORLD\EXPANSION06\DOODADS\DUNGEON\DOODADS\7DU_TOMBOFSARGERAS_NAGATHRONE01.M2,yes
World\Expansion06\Doodads\Dungeon\Doodads\7MU_MURLOC_NAGATHRONE_MAP05.blp,m2-embedded-path,1,WORLD\EXPANSION06\DOODADS\DUNGEON\DOODADS\7DU_TOMBOFSARGERAS_NAGATHRONE01.M2,yes
World\Expansion06\Doodads\Dungeon\Doodads\7MU_MURLOC_NAGATHRONE_MAP06.blp,m2-embedded-path,1,WORLD\EXPANSION06\DOODADS\DUNGEON\DOODADS\7DU_TOMBOFSARGERAS_NAGATHRONE01.M2,yes
World\Expansion06\Doodads\Dungeon\Doodads\Ghost4_4x.blp,m2-embedded-path,1,WORLD\EXPANSION06\DOODADS\DUNGEON\DOODADS\7DU_HELHEIMRAID_HELYAROCK01.M2,yes
World\Expansion06\Doodads\Dungeon\Doodads\quirajglow01.blp,m2-embedded-path,1,WORLD\EXPANSION06\DOODADS\DUNGEON\DOODADS\7DU_TOMBOFSARGERAS_NAGATHRONE01.M2,yes
World\Expansion06\Doodads\Dungeon\Doodads\redwaves.blp,m2-embedded-path,1,WORLD\EXPANSION06\DOODADS\DUNGEON\DOODADS\7DU_TOMBOFSARGERAS_NAGATHRONE01.M2,yes
World\Expansion06\Doodads\Dungeon\Doodads\Smoke_04.blp,m2-embedded-path,1,WORLD\EXPANSION06\DOODADS\DUNGEON\DOODADS\7DU_HELHEIMRAID_HELYAROCK01.M2,yes
World\Expansion06\Doodads\Dungeon\Doodads\water_tide_mod2x.blp,m2-embedded-path,1,WORLD\EXPANSION06\DOODADS\DUNGEON\DOODADS\7DU_HELHEIMRAID_HELYAROCK01.M2,yes
WORLD\EXPANSION06\DOODADS\FX\7FX_LIGHTSHAFTGENERICSMALL_LIGHT.M2,wmo-doodad-model|wmo-embedded-path,1,WORLD\WMO\BROKENISLES\ARAKNASHAL\7AN_MOUNTAINCAVE_MEDIUM01.WMO,yes
WORLD\Expansion06\Doodads\FX\7FX_LIGHTSHAFTGENERICSMALL_LIGHT00.skin,m2-skin-profile,1,WORLD\Expansion06\Doodads\FX\7FX_LIGHTSHAFTGENERICSMALL_LIGHT.M2,yes
WORLD\EXPANSION06\DOODADS\FX\7FX_LIGHTSHAFTGENERICSMALL.M2,wmo-doodad-model|wmo-embedded-path,1,WORLD\WMO\BROKENISLES\ARAKNASHAL\7AN_MOUNTAINCAVE_MEDIUM01.WMO,yes
WORLD\Expansion06\Doodads\FX\7FX_LIGHTSHAFTGENERICSMALL00.skin,m2-skin-profile,1,WORLD\Expansion06\Doodads\FX\7FX_LIGHTSHAFTGENERICSMALL.M2,yes
World\Expansion06\Doodads\FX\Fog_Puffy_Mod.blp,m2-embedded-path,2,WORLD\Expansion06\Doodads\FX\7FX_LIGHTSHAFTGENERICSMALL.M2 | WORLD\Expansion06\Doodads\FX\7FX_LIGHTSHAFTGENERICSMALL_LIGHT.M2,yes
World\Expansion06\Doodads\FX\grad2cEven.blp,m2-embedded-path,2,WORLD\Expansion06\Doodads\FX\7FX_LIGHTSHAFTGENERICSMALL.M2 | WORLD\Expansion06\Doodads\FX\7FX_LIGHTSHAFTGENERICSMALL_LIGHT.M2,yes
WORLD\EXPANSION06\DOODADS\HIGHMOUNTAIN\7HM_LARGEROCK_B0300.skin,m2-skin-profile,1,WORLD\EXPANSION06\DOODADS\HIGHMOUNTAIN\7HM_LARGEROCK_B03.M2,yes
World\Expansion06\Doodads\HighMountain\7HM_LargeRock03.blp,m2-embedded-path,1,WORLD\EXPANSION06\DOODADS\HIGHMOUNTAIN\7HM_LARGEROCK_B03.M2,yes
World\Expansion06\Doodads\HighMountain\7HM_LargeRockNoise_01.blp,m2-embedded-path,2,WORLD\EXPANSION06\DOODADS\HIGHMOUNTAIN\7HM_LARGEROCK_B03.M2 | WORLD\EXPANSION06\DOODADS\HIGHMOUNTAIN\7HM_ROCKSPIKE_B02.M2,yes
WORLD\EXPANSION06\DOODADS\HIGHMOUNTAIN\7HM_ROCKSPIKE_B0200.skin,m2-skin-profile,1,WORLD\EXPANSION06\DOODADS\HIGHMOUNTAIN\7HM_ROCKSPIKE_B02.M2,yes
WORLD\EXPANSION06\DOODADS\HIGHMOUNTAIN\7HM_WHITEMUSHROOM_B01_LIGHT.M2,wmo-doodad-model|wmo-embedded-path,1,WORLD\WMO\BROKENISLES\ARAKNASHAL\7AN_MOUNTAINCAVE_MEDIUM01.WMO,yes
WORLD\Expansion06\Doodads\HighMountain\7HM_WHITEMUSHROOM_B01_LIGHT00.skin,m2-skin-profile,1,WORLD\Expansion06\Doodads\HighMountain\7HM_WHITEMUSHROOM_B01_LIGHT.M2,yes
WORLD\EXPANSION06\DOODADS\HIGHMOUNTAIN\7HM_WHITEMUSHROOM_C01_LIGHT.M2,wmo-doodad-model|wmo-embedded-path,1,WORLD\WMO\BROKENISLES\ARAKNASHAL\7AN_MOUNTAINCAVE_MEDIUM01.WMO,yes
WORLD\Expansion06\Doodads\HighMountain\7HM_WHITEMUSHROOM_C01_LIGHT00.skin,m2-skin-profile,1,WORLD\Expansion06\Doodads\HighMountain\7HM_WHITEMUSHROOM_C01_LIGHT.M2,yes
World\Expansion06\Doodads\HighMountain\7HM_WhiteMushroom01.blp,m2-embedded-path,2,WORLD\Expansion06\Doodads\HighMountain\7HM_WHITEMUSHROOM_B01_LIGHT.M2 | WORLD\Expansion06\Doodads\HighMountain\7HM_WHITEMUSHROOM_C01_LIGHT.M2,yes
world\expansion06\doodads\legion\7fx_alphamask_glow.blp,m2-embedded-path,1,WORLD\EXPANSION06\DOODADS\LEGION\7LG_LEGION_TORCH02_LIGHT.M2,yes
World\Expansion06\Doodads\Legion\7LG_Legion_Cage01_glow.blp,m2-embedded-path,5,WORLD\Expansion06\Doodads\LEGION\7LG_LEGION_CAGE01.M2 | WORLD\Expansion06\Doodads\LEGION\7LG_LEGION_CAGE02.M2 | WORLD\Expansion06\Doodads\LEGION\7LG_LEGION_CAGEHANGING01.M2 | WORLD\Expansion06\Doodads\LEGION\7LG_LEGION_CAGEHANGINGANIM02.M2 | WORLD\Expansion06\Doodads\LEGION\7LG_LEGION_CAGEHANGINGANIM03.M2,yes
World\Expansion06\Doodads\Legion\7LG_Legion_Cage01.blp,m2-embedded-path,6,WORLD\Expansion06\Doodads\LEGION\7LG_LEGION_CAGE01.M2 | WORLD\Expansion06\Doodads\LEGION\7LG_LEGION_CAGE02.M2 | WORLD\Expansion06\Doodads\LEGION\7LG_LEGION_CAGEHANGING01.M2 | WORLD\Expansion06\Doodads\LEGION\7LG_LEGION_CAGEHANGINGANIM01.M2 | WORLD\Expansion06\Doodads\LEGION\7LG_LEGION_CAGEHANGINGANIM02.M2 | WORLD\Expansion06\Doodads\LEGION\7LG_LEGION_CAGEHANGINGANIM03.M2,yes
WORLD\EXPANSION06\DOODADS\LEGION\7LG_LEGION_CAGE01.M2,wmo-doodad-model|wmo-embedded-path,1,WORLD\WMO\BROKENISLES\ARAKNASHAL\7AN_MOUNTAINCAVE_MEDIUM01.WMO,yes
WORLD\Expansion06\Doodads\LEGION\7LG_LEGION_CAGE0100.skin,m2-skin-profile,1,WORLD\Expansion06\Doodads\LEGION\7LG_LEGION_CAGE01.M2,yes
WORLD\EXPANSION06\DOODADS\LEGION\7LG_LEGION_CAGE02.M2,wmo-doodad-model|wmo-embedded-path,1,WORLD\WMO\BROKENISLES\ARAKNASHAL\7AN_MOUNTAINCAVE_MEDIUM01.WMO,yes
WORLD\Expansion06\Doodads\LEGION\7LG_LEGION_CAGE0200.skin,m2-skin-profile,1,WORLD\Expansion06\Doodads\LEGION\7LG_LEGION_CAGE02.M2,yes
WORLD\EXPANSION06\DOODADS\LEGION\7LG_LEGION_CAGEHANGING01.M2,wmo-doodad-model|wmo-embedded-path,1,WORLD\WMO\BROKENISLES\ARAKNASHAL\7AN_MOUNTAINCAVE_MEDIUM01.WMO,yes
WORLD\Expansion06\Doodads\LEGION\7LG_LEGION_CAGEHANGING0100.skin,m2-skin-profile,1,WORLD\Expansion06\Doodads\LEGION\7LG_LEGION_CAGEHANGING01.M2,yes
WORLD\EXPANSION06\DOODADS\LEGION\7LG_LEGION_CAGEHANGINGANIM01.M2,wmo-doodad-model|wmo-embedded-path,1,WORLD\WMO\BROKENISLES\ARAKNASHAL\7AN_MOUNTAINCAVE_MEDIUM01.WMO,yes
WORLD\Expansion06\Doodads\LEGION\7LG_LEGION_CAGEHANGINGANIM0100.skin,m2-skin-profile,1,WORLD\Expansion06\Doodads\LEGION\7LG_LEGION_CAGEHANGINGANIM01.M2,yes
WORLD\EXPANSION06\DOODADS\LEGION\7LG_LEGION_CAGEHANGINGANIM02.M2,wmo-doodad-model|wmo-embedded-path,1,WORLD\WMO\BROKENISLES\ARAKNASHAL\7AN_MOUNTAINCAVE_MEDIUM01.WMO,yes
WORLD\Expansion06\Doodads\LEGION\7LG_LEGION_CAGEHANGINGANIM0200.skin,m2-skin-profile,1,WORLD\Expansion06\Doodads\LEGION\7LG_LEGION_CAGEHANGINGANIM02.M2,yes
WORLD\EXPANSION06\DOODADS\LEGION\7LG_LEGION_CAGEHANGINGANIM03.M2,wmo-doodad-model|wmo-embedded-path,1,WORLD\WMO\BROKENISLES\ARAKNASHAL\7AN_MOUNTAINCAVE_MEDIUM01.WMO,yes
WORLD\Expansion06\Doodads\LEGION\7LG_LEGION_CAGEHANGINGANIM0300.skin,m2-skin-profile,1,WORLD\Expansion06\Doodads\LEGION\7LG_LEGION_CAGEHANGINGANIM03.M2,yes
World\Expansion06\Doodads\Legion\7LG_Legion_Chain.blp,m2-embedded-path,9,WORLD\Expansion06\Doodads\LEGION\7LG_LEGION_CAGEHANGING01.M2 | WORLD\Expansion06\Doodads\LEGION\7LG_LEGION_CAGEHANGINGANIM01.M2 | WORLD\Expansion06\Doodads\LEGION\7LG_LEGION_CAGEHANGINGANIM02.M2 | WORLD\Expansion06\Doodads\LEGION\7LG_LEGION_CAGEHANGINGANIM03.M2 | WORLD\Expansion06\Doodads\LEGION\7LG_LEGION_CHAINS02.M2 | WORLD\Expansion06\Doodads\LEGION\7LG_LEGION_CHAINS03.M2 | WORLD\Expansion06\Doodads\LEGION\7LG_LEGION_CHAINS06.M2 | WORLD\Expansion06\Doodads\LEGION\7LG_LEGION_CHAINS07.M2 | WORLD\Expansion06\Doodads\LEGION\7LG_LEGION_CHAINSENDCAP01.M2,yes
World\Expansion06\Doodads\Legion\7LG_Legion_Chain2.blp,m2-embedded-path,3,WORLD\Expansion06\Doodads\LEGION\7LG_LEGION_CAGEHANGINGANIM01.M2 | WORLD\Expansion06\Doodads\LEGION\7LG_LEGION_CAGEHANGINGANIM02.M2 | WORLD\Expansion06\Doodads\LEGION\7LG_LEGION_CAGEHANGINGANIM03.M2,yes
WORLD\EXPANSION06\DOODADS\LEGION\7LG_LEGION_CHAINS02.M2,wmo-doodad-model|wmo-embedded-path,1,WORLD\WMO\BROKENISLES\ARAKNASHAL\7AN_MOUNTAINCAVE_MEDIUM01.WMO,yes
WORLD\Expansion06\Doodads\LEGION\7LG_LEGION_CHAINS0200.skin,m2-skin-profile,1,WORLD\Expansion06\Doodads\LEGION\7LG_LEGION_CHAINS02.M2,yes
WORLD\EXPANSION06\DOODADS\LEGION\7LG_LEGION_CHAINS03.M2,wmo-doodad-model|wmo-embedded-path,1,WORLD\WMO\BROKENISLES\ARAKNASHAL\7AN_MOUNTAINCAVE_MEDIUM01.WMO,yes
WORLD\Expansion06\Doodads\LEGION\7LG_LEGION_CHAINS0300.skin,m2-skin-profile,1,WORLD\Expansion06\Doodads\LEGION\7LG_LEGION_CHAINS03.M2,yes
WORLD\EXPANSION06\DOODADS\LEGION\7LG_LEGION_CHAINS06.M2,wmo-doodad-model|wmo-embedded-path,1,WORLD\WMO\BROKENISLES\ARAKNASHAL\7AN_MOUNTAINCAVE_MEDIUM01.WMO,yes
WORLD\Expansion06\Doodads\LEGION\7LG_LEGION_CHAINS0600.skin,m2-skin-profile,1,WORLD\Expansion06\Doodads\LEGION\7LG_LEGION_CHAINS06.M2,yes
WORLD\EXPANSION06\DOODADS\LEGION\7LG_LEGION_CHAINS07.M2,wmo-doodad-model|wmo-embedded-path,1,WORLD\WMO\BROKENISLES\ARAKNASHAL\7AN_MOUNTAINCAVE_MEDIUM01.WMO,yes
WORLD\Expansion06\Doodads\LEGION\7LG_LEGION_CHAINS0700.skin,m2-skin-profile,1,WORLD\Expansion06\Doodads\LEGION\7LG_LEGION_CHAINS07.M2,yes
WORLD\EXPANSION06\DOODADS\LEGION\7LG_LEGION_CHAINSENDCAP01.M2,wmo-doodad-model|wmo-embedded-path,1,WORLD\WMO\BROKENISLES\ARAKNASHAL\7AN_MOUNTAINCAVE_MEDIUM01.WMO,yes
WORLD\Expansion06\Doodads\LEGION\7LG_LEGION_CHAINSENDCAP0100.skin,m2-skin-profile,1,WORLD\Expansion06\Doodads\LEGION\7LG_LEGION_CHAINSENDCAP01.M2,yes
World\Expansion06\Doodads\Legion\7LG_Legion_CommunicationOrb01_Glow.blp,m2-embedded-path,2,WORLD\EXPANSION06\DOODADS\LEGION\7LG_LEGION_COMMUNICATIONORB01.M2 | WORLD\Expansion06\Doodads\LEGION\7LG_LEGION_COMMUNICATIONORB01.M2,yes
World\Expansion06\Doodads\Legion\7LG_Legion_CommunicationOrb01_Vibrate.blp,m2-embedded-path,2,WORLD\EXPANSION06\DOODADS\LEGION\7LG_LEGION_COMMUNICATIONORB01.M2 | WORLD\Expansion06\Doodads\LEGION\7LG_LEGION_COMMUNICATIONORB01.M2,yes
World\Expansion06\Doodads\Legion\7LG_Legion_CommunicationOrb01.blp,m2-embedded-path,2,WORLD\EXPANSION06\DOODADS\LEGION\7LG_LEGION_COMMUNICATIONORB01.M2 | WORLD\Expansion06\Doodads\LEGION\7LG_LEGION_COMMUNICATIONORB01.M2,yes
WORLD\EXPANSION06\DOODADS\LEGION\7LG_LEGION_COMMUNICATIONORB01.M2,wmo-doodad-model|wmo-embedded-path,1,WORLD\WMO\BROKENISLES\ARAKNASHAL\7AN_MOUNTAINCAVE_MEDIUM01.WMO,yes
WORLD\Expansion06\Doodads\LEGION\7LG_LEGION_COMMUNICATIONORB0100.skin,m2-skin-profile,2,WORLD\EXPANSION06\DOODADS\LEGION\7LG_LEGION_COMMUNICATIONORB01.M2 | WORLD\Expansion06\Doodads\LEGION\7LG_LEGION_COMMUNICATIONORB01.M2,yes
World\Expansion06\Doodads\Legion\7LG_Legion_PrisonDoor.blp,m2-embedded-path,3,WORLD\Expansion06\Doodads\LEGION\7LG_LEGION_CAGE01.M2 | WORLD\Expansion06\Doodads\LEGION\7LG_LEGION_CAGE02.M2 | WORLD\Expansion06\Doodads\LEGION\7LG_LEGION_CAGEHANGING01.M2,yes
World\Expansion06\Doodads\Legion\7LG_Legion_Spire01_Skull.blp,m2-embedded-path,1,WORLD\Expansion06\Doodads\LEGION\7LG_LEGION_CAGE02.M2,yes
World\Expansion06\Doodads\Legion\7LG_Legion_Torch01.blp,m2-embedded-path,2,WORLD\EXPANSION06\DOODADS\LEGION\7LG_LEGION_TORCH02_LIGHT.M2 | WORLD\Expansion06\Doodads\LEGION\7LG_LEGION_TORCH02_LIGHT.M2,yes
world\expansion06\doodads\legion\7lg_legion_torch02_ember_chunky.blp,m2-embedded-path,1,WORLD\EXPANSION06\DOODADS\LEGION\7LG_LEGION_TORCH02_LIGHT.M2,yes
WORLD\EXPANSION06\DOODADS\LEGION\7LG_LEGION_TORCH02_LIGHT.M2,wmo-doodad-model|wmo-embedded-path,1,WORLD\WMO\BROKENISLES\ARAKNASHAL\7AN_MOUNTAINCAVE_MEDIUM01.WMO,yes
WORLD\Expansion06\Doodads\LEGION\7LG_LEGION_TORCH02_LIGHT00.skin,m2-skin-profile,2,WORLD\EXPANSION06\DOODADS\LEGION\7LG_LEGION_TORCH02_LIGHT.M2 | WORLD\Expansion06\Doodads\LEGION\7LG_LEGION_TORCH02_LIGHT.M2,yes
world\expansion06\doodads\legion\7lg_legion_torch02_smoke_generic.blp,m2-embedded-path,1,WORLD\EXPANSION06\DOODADS\LEGION\7LG_LEGION_TORCH02_LIGHT.M2,yes
world\expansion06\doodads\legion\7lg_legion_torch02_smoke_puffy.blp,m2-embedded-path,1,WORLD\EXPANSION06\DOODADS\LEGION\7LG_LEGION_TORCH02_LIGHT.M2,yes
world\expansion06\doodads\legion\8fx_explosionsmoke_a.blp,m2-embedded-path,1,WORLD\EXPANSION06\DOODADS\LEGION\7LG_LEGION_TORCH02_LIGHT.M2,no
World\Expansion06\Doodads\Legion\Arcane_Wisps_Desat_02.blp,m2-embedded-path,3,WORLD\Expansion06\Doodads\LEGION\7LG_LEGION_CAGE01.M2 | WORLD\Expansion06\Doodads\LEGION\7LG_LEGION_CAGE02.M2 | WORLD\Expansion06\Doodads\LEGION\7LG_LEGION_CAGEHANGING01.M2,yes
World\Expansion06\Doodads\Legion\Arcane_Wisps_Purple.blp,m2-embedded-path,2,WORLD\EXPANSION06\DOODADS\LEGION\7LG_LEGION_COMMUNICATIONORB01.M2 | WORLD\Expansion06\Doodads\LEGION\7LG_LEGION_COMMUNICATIONORB01.M2,yes
World\Expansion06\Doodads\Legion\ArmorReflect_Rainbow.blp,m2-embedded-path,2,WORLD\EXPANSION06\DOODADS\LEGION\7LG_LEGION_COMMUNICATIONORB01.M2 | WORLD\Expansion06\Doodads\LEGION\7LG_LEGION_COMMUNICATIONORB01.M2,yes
World\Expansion06\Doodads\Legion\Cloud_Magic_Green.blp,m2-embedded-path,2,WORLD\EXPANSION06\DOODADS\LEGION\7LG_LEGION_COMMUNICATIONORB01.M2 | WORLD\Expansion06\Doodads\LEGION\7LG_LEGION_COMMUNICATIONORB01.M2,yes
World\Expansion06\Doodads\Legion\Cloud_PuffySofter_HealingGreen.blp,m2-embedded-path,1,WORLD\Expansion06\Doodads\LEGION\7LG_LEGION_TORCH02_LIGHT.M2,yes
World\Expansion06\Doodads\Legion\Cloud_Pyroclastic_Mod4xtest.blp,m2-embedded-path,2,WORLD\Expansion06\Doodads\LEGION\7LG_LEGION_CAGEHANGINGANIM02.M2 | WORLD\Expansion06\Doodads\LEGION\7LG_LEGION_CAGEHANGINGANIM03.M2,yes
World\Expansion06\Doodads\Legion\Dirt_Scroll_Wispy_rejuv_bright.blp,m2-embedded-path,2,WORLD\EXPANSION06\DOODADS\LEGION\7LG_LEGION_COMMUNICATIONORB01.M2 | WORLD\Expansion06\Doodads\LEGION\7LG_LEGION_COMMUNICATIONORB01.M2,yes
world\expansion06\doodads\legion\ember_chunky_blankmorerotation_a.blp,m2-embedded-path,1,WORLD\EXPANSION06\DOODADS\LEGION\7LG_LEGION_TORCH02_LIGHT.M2,no
World\Expansion06\Doodads\Legion\Ember_Offset_Streak.blp,m2-embedded-path,1,WORLD\Expansion06\Doodads\LEGION\7LG_LEGION_TORCH02_LIGHT.M2,yes
World\Expansion06\Doodads\Legion\Fel_Lightning_Flipbook.blp,m2-embedded-path,2,WORLD\EXPANSION06\DOODADS\LEGION\7LG_LEGION_COMMUNICATIONORB01.M2 | WORLD\Expansion06\Doodads\LEGION\7LG_LEGION_COMMUNICATIONORB01.M2,yes
World\Expansion06\Doodads\Legion\FelFX_Wisp_01.blp,m2-embedded-path,2,WORLD\EXPANSION06\DOODADS\LEGION\7LG_LEGION_COMMUNICATIONORB01.M2 | WORLD\Expansion06\Doodads\LEGION\7LG_LEGION_COMMUNICATIONORB01.M2,yes
World\Expansion06\Doodads\Legion\Fire_Bright_Mod2x_A_fel2.blp,m2-embedded-path,1,WORLD\Expansion06\Doodads\LEGION\7LG_LEGION_TORCH02_LIGHT.M2,yes
world\expansion06\doodads\legion\fire_flamelicks_dissolvefbs_blend.blp,m2-embedded-path,1,WORLD\EXPANSION06\DOODADS\LEGION\7LG_LEGION_TORCH02_LIGHT.M2,yes
world\expansion06\doodads\legion\fire_sharp_brighter_mod2x_fel_doublealpha.blp,m2-embedded-path,1,WORLD\EXPANSION06\DOODADS\LEGION\7LG_LEGION_TORCH02_LIGHT.M2,yes
World\Expansion06\Doodads\Legion\FLARE05.blp,m2-embedded-path,2,WORLD\EXPANSION06\DOODADS\LEGION\7LG_LEGION_COMMUNICATIONORB01.M2 | WORLD\Expansion06\Doodads\LEGION\7LG_LEGION_COMMUNICATIONORB01.M2,yes
World\Expansion06\Doodads\Legion\GenericGlow_Alpha_128.blp,m2-embedded-path,2,WORLD\EXPANSION06\DOODADS\LEGION\7LG_LEGION_TORCH02_LIGHT.M2 | WORLD\Expansion06\Doodads\LEGION\7LG_LEGION_TORCH02_LIGHT.M2,yes
World\Expansion06\Doodads\Legion\GenericGlow64.blp,m2-embedded-path,3,WORLD\Expansion06\Doodads\LEGION\7LG_LEGION_CAGE01.M2 | WORLD\Expansion06\Doodads\LEGION\7LG_LEGION_CAGE02.M2 | WORLD\Expansion06\Doodads\LEGION\7LG_LEGION_CAGEHANGING01.M2,yes
World\Expansion06\Doodads\Legion\Globe.blp,m2-embedded-path,2,WORLD\EXPANSION06\DOODADS\LEGION\7LG_LEGION_COMMUNICATIONORB01.M2 | WORLD\Expansion06\Doodads\LEGION\7LG_LEGION_COMMUNICATIONORB01.M2,yes
World\Expansion06\Doodads\Legion\Nex_EnvMap01t.blp,m2-embedded-path,3,WORLD\Expansion06\Doodads\LEGION\7LG_LEGION_CAGEHANGINGANIM01.M2 | WORLD\Expansion06\Doodads\LEGION\7LG_LEGION_CAGEHANGINGANIM02.M2 | WORLD\Expansion06\Doodads\LEGION\7LG_LEGION_CAGEHANGINGANIM03.M2,yes
World\Expansion06\Doodads\Legion\OrbReflectBright_Blue.blp,m2-embedded-path,3,WORLD\Expansion06\Doodads\LEGION\7LG_LEGION_CAGE01.M2 | WORLD\Expansion06\Doodads\LEGION\7LG_LEGION_CAGE02.M2 | WORLD\Expansion06\Doodads\LEGION\7LG_LEGION_CAGEHANGING01.M2,yes
world\expansion06\doodads\legion\smoke_generic_paintymask01_blend.blp,m2-embedded-path,1,WORLD\EXPANSION06\DOODADS\LEGION\7LG_LEGION_TORCH02_LIGHT.M2,no
world\expansion06\doodads\legion\smoke_puffy_mask_blendadd.blp,m2-embedded-path,1,WORLD\EXPANSION06\DOODADS\LEGION\7LG_LEGION_TORCH02_LIGHT.M2,no
World\Expansion06\Doodads\Legion\Smoke_Wispy_Mask_BlendAdd.blp,m2-embedded-path,2,WORLD\EXPANSION06\DOODADS\LEGION\7LG_LEGION_COMMUNICATIONORB01.M2 | WORLD\Expansion06\Doodads\LEGION\7LG_LEGION_COMMUNICATIONORB01.M2,yes
World\Expansion06\Doodads\Legion\starfield04.blp,m2-embedded-path,2,WORLD\EXPANSION06\DOODADS\LEGION\7LG_LEGION_COMMUNICATIONORB01.M2 | WORLD\Expansion06\Doodads\LEGION\7LG_LEGION_COMMUNICATIONORB01.M2,yes
World\Expansion06\Doodads\Legion\T_VFX_Fire_Anim_Stylized_Desat_02.blp,m2-embedded-path,1,WORLD\Expansion06\Doodads\LEGION\7LG_LEGION_TORCH02_LIGHT.M2,yes
World\Expansion06\Doodads\Legion\White8x8.blp,m2-embedded-path,2,WORLD\EXPANSION06\DOODADS\LEGION\7LG_LEGION_TORCH02_LIGHT.M2 | WORLD\Expansion06\Doodads\LEGION\7LG_LEGION_TORCH02_LIGHT.M2,yes
World\Expansion06\Doodads\Murloc\6HU_SHIP01_ROPEMAP01.blp,m2-embedded-path,2,WORLD\EXPANSION06\DOODADS\MURLOC\7MU_MURLOC_SHIPTOWER01.M2 | WORLD\EXPANSION06\DOODADS\MURLOC\7MU_MURLOC_SHIPTOWER02.M2,yes
World\Expansion06\Doodads\Murloc\7MU_MURLOC_Banner01.blp,m2-embedded-path,1,WORLD\EXPANSION06\DOODADS\MURLOC\7MU_MURLOC_STANDARD01.M2,yes
WORLD\EXPANSION06\DOODADS\MURLOC\7MU_MURLOC_BARREL_DESTROYED00.skin,m2-skin-profile,1,WORLD\EXPANSION06\DOODADS\MURLOC\7MU_MURLOC_BARREL_DESTROYED.M2,yes
WORLD\EXPANSION06\DOODADS\MURLOC\7MU_MURLOC_BARREL01.M2,wmo-doodad-model|wmo-embedded-path,2,WORLD\WMO\BROKENISLES\MURLOC\7MU_MURLOC_HUTCLUSTER01.WMO | WORLD\WMO\BROKENISLES\MURLOC\7MU_MURLOC_HUTCLUSTER02.WMO,yes
WORLD\EXPANSION06\DOODADS\MURLOC\7MU_MURLOC_BARREL0100.skin,m2-skin-profile,1,WORLD\EXPANSION06\DOODADS\MURLOC\7MU_MURLOC_BARREL01.M2,yes
WORLD\EXPANSION06\DOODADS\MURLOC\7MU_MURLOC_BARREL02.M2,wmo-doodad-model|wmo-embedded-path,2,WORLD\WMO\BROKENISLES\MURLOC\7MU_MURLOC_HUTCLUSTER01.WMO | WORLD\WMO\BROKENISLES\MURLOC\7MU_MURLOC_HUTCLUSTER03.WMO,yes
WORLD\Expansion06\Doodads\Murloc\7MU_MURLOC_BARREL0200.skin,m2-skin-profile,1,WORLD\Expansion06\Doodads\Murloc\7MU_MURLOC_BARREL02.M2,yes
WORLD\EXPANSION06\DOODADS\MURLOC\7MU_MURLOC_BARREL03.M2,wmo-doodad-model|wmo-embedded-path,2,WORLD\WMO\BROKENISLES\MURLOC\7MU_MURLOC_HUTCLUSTER01.WMO | WORLD\WMO\BROKENISLES\MURLOC\7MU_MURLOC_HUTCLUSTER02.WMO,yes
WORLD\EXPANSION06\DOODADS\MURLOC\7MU_MURLOC_BARREL0300.skin,m2-skin-profile,1,WORLD\EXPANSION06\DOODADS\MURLOC\7MU_MURLOC_BARREL03.M2,yes
WORLD\EXPANSION06\DOODADS\MURLOC\7MU_MURLOC_BOATSHACK_DEBRIS01.M2,wmo-doodad-model|wmo-embedded-path,1,WORLD\WMO\BROKENISLES\MURLOC\7MU_MURLOC_HUTCLUSTER01.WMO,yes
WORLD\EXPANSION06\DOODADS\MURLOC\7MU_MURLOC_BOATSHACK_DEBRIS0100.skin,m2-skin-profile,1,WORLD\EXPANSION06\DOODADS\MURLOC\7MU_MURLOC_BOATSHACK_DEBRIS01.M2,yes
WORLD\EXPANSION06\DOODADS\MURLOC\7MU_MURLOC_BOATSHACK_PLANK0100.skin,m2-skin-profile,1,WORLD\EXPANSION06\DOODADS\MURLOC\7MU_MURLOC_BOATSHACK_PLANK01.M2,yes
WORLD\EXPANSION06\DOODADS\MURLOC\7MU_MURLOC_BOATSHACK_PLANK02.M2,wmo-doodad-model|wmo-embedded-path,1,WORLD\WMO\BROKENISLES\MURLOC\7MU_MURLOC_HUTCLUSTER01.WMO,yes
WORLD\EXPANSION06\DOODADS\MURLOC\7MU_MURLOC_BOATSHACK_PLANK0200.skin,m2-skin-profile,1,WORLD\EXPANSION06\DOODADS\MURLOC\7MU_MURLOC_BOATSHACK_PLANK02.M2,yes
WORLD\EXPANSION06\DOODADS\MURLOC\7MU_MURLOC_BOATSHACK0100.skin,m2-skin-profile,1,WORLD\EXPANSION06\DOODADS\MURLOC\7MU_MURLOC_BOATSHACK01.M2,yes
WORLD\EXPANSION06\DOODADS\MURLOC\7MU_MURLOC_BOATSHACK0200.skin,m2-skin-profile,1,WORLD\EXPANSION06\DOODADS\MURLOC\7MU_MURLOC_BOATSHACK02.M2,yes
WORLD\EXPANSION06\DOODADS\MURLOC\7MU_MURLOC_CRATE_DESTROYED.M2,wmo-doodad-model|wmo-embedded-path,1,WORLD\WMO\BROKENISLES\MURLOC\7MU_MURLOC_HUTCLUSTER01.WMO,yes
WORLD\Expansion06\Doodads\Murloc\7MU_MURLOC_CRATE_DESTROYED00.skin,m2-skin-profile,1,WORLD\Expansion06\Doodads\Murloc\7MU_MURLOC_CRATE_DESTROYED.M2,yes
WORLD\EXPANSION06\DOODADS\MURLOC\7MU_MURLOC_CRATE01.M2,wmo-doodad-model|wmo-embedded-path,3,WORLD\WMO\BROKENISLES\MURLOC\7MU_MURLOC_HUTCLUSTER01.WMO | WORLD\WMO\BROKENISLES\MURLOC\7MU_MURLOC_HUTCLUSTER02.WMO | WORLD\WMO\BROKENISLES\MURLOC\7MU_MURLOC_HUTCLUSTER03.WMO,yes
WORLD\Expansion06\Doodads\Murloc\7MU_MURLOC_CRATE0100.skin,m2-skin-profile,1,WORLD\Expansion06\Doodads\Murloc\7MU_MURLOC_CRATE01.M2,yes
WORLD\EXPANSION06\DOODADS\MURLOC\7MU_MURLOC_CRATE02.M2,wmo-doodad-model|wmo-embedded-path,3,WORLD\WMO\BROKENISLES\MURLOC\7MU_MURLOC_HUTCLUSTER01.WMO | WORLD\WMO\BROKENISLES\MURLOC\7MU_MURLOC_HUTCLUSTER02.WMO | WORLD\WMO\BROKENISLES\MURLOC\7MU_MURLOC_HUTCLUSTER03.WMO,yes
WORLD\Expansion06\Doodads\Murloc\7MU_MURLOC_CRATE0200.skin,m2-skin-profile,1,WORLD\Expansion06\Doodads\Murloc\7MU_MURLOC_CRATE02.M2,yes
WORLD\EXPANSION06\DOODADS\MURLOC\7MU_MURLOC_CRATE03.M2,wmo-doodad-model|wmo-embedded-path,3,WORLD\WMO\BROKENISLES\MURLOC\7MU_MURLOC_HUTCLUSTER01.WMO | WORLD\WMO\BROKENISLES\MURLOC\7MU_MURLOC_HUTCLUSTER02.WMO | WORLD\WMO\BROKENISLES\MURLOC\7MU_MURLOC_HUTCLUSTER03.WMO,yes
WORLD\Expansion06\Doodads\Murloc\7MU_MURLOC_CRATE0300.skin,m2-skin-profile,1,WORLD\Expansion06\Doodads\Murloc\7MU_MURLOC_CRATE03.M2,yes
WORLD\EXPANSION06\DOODADS\MURLOC\7MU_MURLOC_FOOD_CRAB01.M2,wmo-doodad-model|wmo-embedded-path,2,WORLD\WMO\BROKENISLES\MURLOC\7MU_MURLOC_HUTCLUSTER01.WMO | WORLD\WMO\BROKENISLES\MURLOC\7MU_MURLOC_HUTCLUSTER02.WMO,yes
WORLD\Expansion06\Doodads\Murloc\7MU_MURLOC_FOOD_CRAB0100.skin,m2-skin-profile,1,WORLD\Expansion06\Doodads\Murloc\7MU_MURLOC_FOOD_CRAB01.M2,yes
WORLD\EXPANSION06\DOODADS\MURLOC\7MU_MURLOC_FOOD_CRAB02.M2,wmo-doodad-model|wmo-embedded-path,2,WORLD\WMO\BROKENISLES\MURLOC\7MU_MURLOC_HUTCLUSTER01.WMO | WORLD\WMO\BROKENISLES\MURLOC\7MU_MURLOC_HUTCLUSTER02.WMO,yes
WORLD\EXPANSION06\DOODADS\MURLOC\7MU_MURLOC_FOOD_CRAB0200.skin,m2-skin-profile,1,WORLD\EXPANSION06\DOODADS\MURLOC\7MU_MURLOC_FOOD_CRAB02.M2,yes
WORLD\EXPANSION06\DOODADS\MURLOC\7MU_MURLOC_FOOD_FISH01.M2,wmo-doodad-model|wmo-embedded-path,3,WORLD\WMO\BROKENISLES\MURLOC\7MU_MURLOC_HUTCLUSTER01.WMO | WORLD\WMO\BROKENISLES\MURLOC\7MU_MURLOC_HUTCLUSTER02.WMO | WORLD\WMO\BROKENISLES\MURLOC\7MU_MURLOC_HUTCLUSTER03.WMO,yes
WORLD\Expansion06\Doodads\Murloc\7MU_MURLOC_FOOD_FISH0100.skin,m2-skin-profile,1,WORLD\Expansion06\Doodads\Murloc\7MU_MURLOC_FOOD_FISH01.M2,yes
WORLD\EXPANSION06\DOODADS\MURLOC\7MU_MURLOC_FOOD_FISH02.M2,wmo-doodad-model|wmo-embedded-path,3,WORLD\WMO\BROKENISLES\MURLOC\7MU_MURLOC_HUTCLUSTER01.WMO | WORLD\WMO\BROKENISLES\MURLOC\7MU_MURLOC_HUTCLUSTER02.WMO | WORLD\WMO\BROKENISLES\MURLOC\7MU_MURLOC_HUTCLUSTER03.WMO,yes
WORLD\EXPANSION06\DOODADS\MURLOC\7MU_MURLOC_FOOD_FISH0200.skin,m2-skin-profile,1,WORLD\EXPANSION06\DOODADS\MURLOC\7MU_MURLOC_FOOD_FISH02.M2,yes
WORLD\EXPANSION06\DOODADS\MURLOC\7MU_MURLOC_FOOD_FISH03.M2,wmo-doodad-model|wmo-embedded-path,3,WORLD\WMO\BROKENISLES\MURLOC\7MU_MURLOC_HUTCLUSTER01.WMO | WORLD\WMO\BROKENISLES\MURLOC\7MU_MURLOC_HUTCLUSTER02.WMO | WORLD\WMO\BROKENISLES\MURLOC\7MU_MURLOC_HUTCLUSTER03.WMO,yes
WORLD\EXPANSION06\DOODADS\MURLOC\7MU_MURLOC_FOOD_FISH0300.skin,m2-skin-profile,1,WORLD\EXPANSION06\DOODADS\MURLOC\7MU_MURLOC_FOOD_FISH03.M2,yes
WORLD\EXPANSION06\DOODADS\MURLOC\7MU_MURLOC_FOOD_FISH04.M2,wmo-doodad-model|wmo-embedded-path,3,WORLD\WMO\BROKENISLES\MURLOC\7MU_MURLOC_HUTCLUSTER01.WMO | WORLD\WMO\BROKENISLES\MURLOC\7MU_MURLOC_HUTCLUSTER02.WMO | WORLD\WMO\BROKENISLES\MURLOC\7MU_MURLOC_HUTCLUSTER03.WMO,yes
WORLD\EXPANSION06\DOODADS\MURLOC\7MU_MURLOC_FOOD_FISH0400.skin,m2-skin-profile,1,WORLD\EXPANSION06\DOODADS\MURLOC\7MU_MURLOC_FOOD_FISH04.M2,yes
WORLD\EXPANSION06\DOODADS\MURLOC\7MU_MURLOC_FOOD_SPEAR01.M2,wmo-doodad-model|wmo-embedded-path,2,WORLD\WMO\BROKENISLES\MURLOC\7MU_MURLOC_HUTCLUSTER01.WMO | WORLD\WMO\BROKENISLES\MURLOC\7MU_MURLOC_HUTCLUSTER02.WMO,yes
WORLD\Expansion06\Doodads\Murloc\7MU_MURLOC_FOOD_SPEAR0100.skin,m2-skin-profile,1,WORLD\Expansion06\Doodads\Murloc\7MU_MURLOC_FOOD_SPEAR01.M2,yes
WORLD\EXPANSION06\DOODADS\MURLOC\7MU_MURLOC_FOOD_SPEAR02.M2,wmo-doodad-model|wmo-embedded-path,3,WORLD\WMO\BROKENISLES\MURLOC\7MU_MURLOC_HUTCLUSTER01.WMO | WORLD\WMO\BROKENISLES\MURLOC\7MU_MURLOC_HUTCLUSTER02.WMO | WORLD\WMO\BROKENISLES\MURLOC\7MU_MURLOC_HUTCLUSTER03.WMO,yes
WORLD\Expansion06\Doodads\Murloc\7MU_MURLOC_FOOD_SPEAR0200.skin,m2-skin-profile,1,WORLD\Expansion06\Doodads\Murloc\7MU_MURLOC_FOOD_SPEAR02.M2,yes
WORLD\EXPANSION06\DOODADS\MURLOC\7MU_MURLOC_HANGINGTRINKET01.M2,wmo-doodad-model|wmo-embedded-path,3,WORLD\WMO\BROKENISLES\MURLOC\7MU_MURLOC_HUTCLUSTER01.WMO | WORLD\WMO\BROKENISLES\MURLOC\7MU_MURLOC_HUTCLUSTER02.WMO | WORLD\WMO\BROKENISLES\MURLOC\7MU_MURLOC_HUTCLUSTER03.WMO,yes
WORLD\Expansion06\Doodads\Murloc\7MU_MURLOC_HANGINGTRINKET0100.skin,m2-skin-profile,1,WORLD\Expansion06\Doodads\Murloc\7MU_MURLOC_HANGINGTRINKET01.M2,yes
WORLD\EXPANSION06\DOODADS\MURLOC\7MU_MURLOC_HANGINGTRINKET02.M2,wmo-doodad-model|wmo-embedded-path,2,WORLD\WMO\BROKENISLES\MURLOC\7MU_MURLOC_HUTCLUSTER01.WMO | WORLD\WMO\BROKENISLES\MURLOC\7MU_MURLOC_HUTCLUSTER02.WMO,yes
WORLD\EXPANSION06\DOODADS\MURLOC\7MU_MURLOC_HANGINGTRINKET0200.skin,m2-skin-profile,1,WORLD\EXPANSION06\DOODADS\MURLOC\7MU_MURLOC_HANGINGTRINKET02.M2,yes
WORLD\EXPANSION06\DOODADS\MURLOC\7MU_MURLOC_HUT01_EMPTY00.skin,m2-skin-profile,1,WORLD\EXPANSION06\DOODADS\MURLOC\7MU_MURLOC_HUT01_EMPTY.M2,yes
WORLD\EXPANSION06\DOODADS\MURLOC\7MU_MURLOC_HUT02_EMPTY00.skin,m2-skin-profile,1,WORLD\EXPANSION06\DOODADS\MURLOC\7MU_MURLOC_HUT02_EMPTY.M2,yes
WORLD\EXPANSION06\DOODADS\MURLOC\7MU_MURLOC_HUT0200.skin,m2-skin-profile,1,WORLD\EXPANSION06\DOODADS\MURLOC\7MU_MURLOC_HUT02.M2,yes
WORLD\EXPANSION06\DOODADS\MURLOC\7MU_MURLOC_HUT0300.skin,m2-skin-profile,1,WORLD\EXPANSION06\DOODADS\MURLOC\7MU_MURLOC_HUT03.M2,yes
WORLD\EXPANSION06\DOODADS\MURLOC\7MU_MURLOC_JUNKPILE01.M2,wmo-doodad-model|wmo-embedded-path,3,WORLD\WMO\BROKENISLES\MURLOC\7MU_MURLOC_HUTCLUSTER01.WMO | WORLD\WMO\BROKENISLES\MURLOC\7MU_MURLOC_HUTCLUSTER02.WMO | WORLD\WMO\BROKENISLES\MURLOC\7MU_MURLOC_HUTCLUSTER03.WMO,yes
WORLD\EXPANSION06\DOODADS\MURLOC\7MU_MURLOC_JUNKPILE0100.skin,m2-skin-profile,1,WORLD\EXPANSION06\DOODADS\MURLOC\7MU_MURLOC_JUNKPILE01.M2,yes
WORLD\EXPANSION06\DOODADS\MURLOC\7MU_MURLOC_JUNKPILE02.M2,wmo-doodad-model|wmo-embedded-path,3,WORLD\WMO\BROKENISLES\MURLOC\7MU_MURLOC_HUTCLUSTER01.WMO | WORLD\WMO\BROKENISLES\MURLOC\7MU_MURLOC_HUTCLUSTER02.WMO | WORLD\WMO\BROKENISLES\MURLOC\7MU_MURLOC_HUTCLUSTER03.WMO,yes
WORLD\EXPANSION06\DOODADS\MURLOC\7MU_MURLOC_JUNKPILE0200.skin,m2-skin-profile,1,WORLD\EXPANSION06\DOODADS\MURLOC\7MU_MURLOC_JUNKPILE02.M2,yes
WORLD\EXPANSION06\DOODADS\MURLOC\7MU_MURLOC_JUNKPILE03.M2,wmo-doodad-model|wmo-embedded-path,1,WORLD\WMO\BROKENISLES\MURLOC\7MU_MURLOC_HUTCLUSTER02.WMO,yes
WORLD\EXPANSION06\DOODADS\MURLOC\7MU_MURLOC_JUNKPILE0300.skin,m2-skin-profile,1,WORLD\EXPANSION06\DOODADS\MURLOC\7MU_MURLOC_JUNKPILE03.M2,yes
WORLD\EXPANSION06\DOODADS\MURLOC\7MU_MURLOC_LOOT_PILE01.M2,wmo-doodad-model|wmo-embedded-path,1,WORLD\WMO\BROKENISLES\MURLOC\7MU_MURLOC_HUTCLUSTER01.WMO,yes
WORLD\Expansion06\Doodads\Murloc\7MU_MURLOC_LOOT_PILE0100.skin,m2-skin-profile,1,WORLD\Expansion06\Doodads\Murloc\7MU_MURLOC_LOOT_PILE01.M2,yes
WORLD\EXPANSION06\DOODADS\MURLOC\7MU_MURLOC_LOOT_PILE02.M2,wmo-doodad-model|wmo-embedded-path,2,WORLD\WMO\BROKENISLES\MURLOC\7MU_MURLOC_HUTCLUSTER01.WMO | WORLD\WMO\BROKENISLES\MURLOC\7MU_MURLOC_HUTCLUSTER03.WMO,yes
WORLD\Expansion06\Doodads\Murloc\7MU_MURLOC_LOOT_PILE0200.skin,m2-skin-profile,1,WORLD\Expansion06\Doodads\Murloc\7MU_MURLOC_LOOT_PILE02.M2,yes
WORLD\EXPANSION06\DOODADS\MURLOC\7MU_MURLOC_LOOT_PILE03.M2,wmo-doodad-model|wmo-embedded-path,3,WORLD\WMO\BROKENISLES\MURLOC\7MU_MURLOC_HUTCLUSTER01.WMO | WORLD\WMO\BROKENISLES\MURLOC\7MU_MURLOC_HUTCLUSTER02.WMO | WORLD\WMO\BROKENISLES\MURLOC\7MU_MURLOC_HUTCLUSTER03.WMO,yes
WORLD\Expansion06\Doodads\Murloc\7MU_MURLOC_LOOT_PILE0300.skin,m2-skin-profile,1,WORLD\Expansion06\Doodads\Murloc\7MU_MURLOC_LOOT_PILE03.M2,yes
WORLD\EXPANSION06\DOODADS\MURLOC\7MU_MURLOC_LOOT01.M2,wmo-doodad-model|wmo-embedded-path,1,WORLD\WMO\BROKENISLES\MURLOC\7MU_MURLOC_HUTCLUSTER01.WMO,yes
WORLD\Expansion06\Doodads\Murloc\7MU_MURLOC_LOOT0100.skin,m2-skin-profile,1,WORLD\Expansion06\Doodads\Murloc\7MU_MURLOC_LOOT01.M2,yes
WORLD\EXPANSION06\DOODADS\MURLOC\7MU_MURLOC_LOOT02.M2,wmo-doodad-model|wmo-embedded-path,3,WORLD\WMO\BROKENISLES\MURLOC\7MU_MURLOC_HUTCLUSTER01.WMO | WORLD\WMO\BROKENISLES\MURLOC\7MU_MURLOC_HUTCLUSTER02.WMO | WORLD\WMO\BROKENISLES\MURLOC\7MU_MURLOC_HUTCLUSTER03.WMO,yes
WORLD\Expansion06\Doodads\Murloc\7MU_MURLOC_LOOT0200.skin,m2-skin-profile,1,WORLD\Expansion06\Doodads\Murloc\7MU_MURLOC_LOOT02.M2,yes
WORLD\EXPANSION06\DOODADS\MURLOC\7MU_MURLOC_LOOT03.M2,wmo-doodad-model|wmo-embedded-path,2,WORLD\WMO\BROKENISLES\MURLOC\7MU_MURLOC_HUTCLUSTER02.WMO | WORLD\WMO\BROKENISLES\MURLOC\7MU_MURLOC_HUTCLUSTER03.WMO,yes
WORLD\Expansion06\Doodads\Murloc\7MU_MURLOC_LOOT0300.skin,m2-skin-profile,1,WORLD\Expansion06\Doodads\Murloc\7MU_MURLOC_LOOT03.M2,yes
WORLD\EXPANSION06\DOODADS\MURLOC\7MU_MURLOC_LOOT04.M2,wmo-doodad-model|wmo-embedded-path,3,WORLD\WMO\BROKENISLES\MURLOC\7MU_MURLOC_HUTCLUSTER01.WMO | WORLD\WMO\BROKENISLES\MURLOC\7MU_MURLOC_HUTCLUSTER02.WMO | WORLD\WMO\BROKENISLES\MURLOC\7MU_MURLOC_HUTCLUSTER03.WMO,yes
WORLD\Expansion06\Doodads\Murloc\7MU_MURLOC_LOOT0400.skin,m2-skin-profile,1,WORLD\Expansion06\Doodads\Murloc\7MU_MURLOC_LOOT04.M2,yes
WORLD\EXPANSION06\DOODADS\MURLOC\7MU_MURLOC_LOOT05.M2,wmo-doodad-model|wmo-embedded-path,2,WORLD\WMO\BROKENISLES\MURLOC\7MU_MURLOC_HUTCLUSTER01.WMO | WORLD\WMO\BROKENISLES\MURLOC\7MU_MURLOC_HUTCLUSTER02.WMO,yes
WORLD\Expansion06\Doodads\Murloc\7MU_MURLOC_LOOT0500.skin,m2-skin-profile,1,WORLD\Expansion06\Doodads\Murloc\7MU_MURLOC_LOOT05.M2,yes
WORLD\EXPANSION06\DOODADS\MURLOC\7MU_MURLOC_LOOT06.M2,wmo-doodad-model|wmo-embedded-path,2,WORLD\WMO\BROKENISLES\MURLOC\7MU_MURLOC_HUTCLUSTER01.WMO | WORLD\WMO\BROKENISLES\MURLOC\7MU_MURLOC_HUTCLUSTER02.WMO,yes
WORLD\Expansion06\Doodads\Murloc\7MU_MURLOC_LOOT0600.skin,m2-skin-profile,1,WORLD\Expansion06\Doodads\Murloc\7MU_MURLOC_LOOT06.M2,yes
WORLD\EXPANSION06\DOODADS\MURLOC\7MU_MURLOC_LOOT07.M2,wmo-doodad-model|wmo-embedded-path,2,WORLD\WMO\BROKENISLES\MURLOC\7MU_MURLOC_HUTCLUSTER01.WMO | WORLD\WMO\BROKENISLES\MURLOC\7MU_MURLOC_HUTCLUSTER02.WMO,yes
WORLD\Expansion06\Doodads\Murloc\7MU_MURLOC_LOOT0700.skin,m2-skin-profile,1,WORLD\Expansion06\Doodads\Murloc\7MU_MURLOC_LOOT07.M2,yes
World\Expansion06\Doodads\Murloc\7MU_MURLOC_MAP1.blp,m2-embedded-path,8,WORLD\EXPANSION06\DOODADS\MURLOC\7MU_MURLOC_HANGINGTRINKET02.M2 | WORLD\EXPANSION06\DOODADS\MURLOC\7MU_MURLOC_HUT01_EMPTY.M2 | WORLD\EXPANSION06\DOODADS\MURLOC\7MU_MURLOC_HUT02.M2 | WORLD\EXPANSION06\DOODADS\MURLOC\7MU_MURLOC_HUT02_EMPTY.M2 | WORLD\EXPANSION06\DOODADS\MURLOC\7MU_MURLOC_HUT03.M2 | WORLD\EXPANSION06\DOODADS\MURLOC\7MU_MURLOC_SHIPTOWER01.M2 | WORLD\EXPANSION06\DOODADS\MURLOC\7MU_MURLOC_SHIPTOWER02.M2 | WORLD\Expansion06\Doodads\Murloc\7MU_MURLOC_HANGINGTRINKET01.M2,yes
World\Expansion06\Doodads\Murloc\7MU_MURLOC_MAP11.blp,m2-embedded-path,2,WORLD\EXPANSION06\DOODADS\MURLOC\7MU_MURLOC_BOATSHACK01.M2 | WORLD\EXPANSION06\DOODADS\MURLOC\7MU_MURLOC_BOATSHACK02.M2,yes
World\Expansion06\Doodads\Murloc\7MU_MURLOC_MAP12.blp,m2-embedded-path,2,WORLD\EXPANSION06\DOODADS\MURLOC\7MU_MURLOC_BOATSHACK01.M2 | WORLD\EXPANSION06\DOODADS\MURLOC\7MU_MURLOC_BOATSHACK02.M2,yes
World\Expansion06\Doodads\Murloc\7MU_MURLOC_MAP2.blp,m2-embedded-path,3,WORLD\EXPANSION06\DOODADS\MURLOC\7MU_MURLOC_HUT01_EMPTY.M2 | WORLD\EXPANSION06\DOODADS\MURLOC\7MU_MURLOC_HUT02.M2 | WORLD\EXPANSION06\DOODADS\MURLOC\7MU_MURLOC_HUT02_EMPTY.M2,yes
World\Expansion06\Doodads\Murloc\7MU_MURLOC_MAP3.blp,m2-embedded-path,12,WORLD\EXPANSION06\DOODADS\MURLOC\7MU_MURLOC_BOATSHACK_DEBRIS01.M2 | WORLD\EXPANSION06\DOODADS\MURLOC\7MU_MURLOC_BOATSHACK_PLANK01.M2 | WORLD\EXPANSION06\DOODADS\MURLOC\7MU_MURLOC_BOATSHACK_PLANK02.M2 | WORLD\EXPANSION06\DOODADS\MURLOC\7MU_MURLOC_SHIPTOWER01.M2 | WORLD\EXPANSION06\DOODADS\MURLOC\7MU_MURLOC_STANDARD01.M2 | WORLD\EXPANSION06\DOODADS\MURLOC\7MU_MURLOC_TORCH01.M2 | WORLD\EXPANSION06\DOODADS\MURLOC\7MU_MURLOC_TORCH02.M2 | WORLD\EXPANSION06\DOODADS\MURLOC\7MU_MURLOC_WEAPONRACK01.M2 | WORLD\EXPANSION06\DOODADS\MURLOC\7MU_MURLOC_WEAPONRACK02.M2 | WORLD\EXPANSION06\DOODADS\MURLOC\7MU_MURLOC_WEAPONRACK03.M2 | WORLD\Expansion06\Doodads\Murloc\7MU_MURLOC_WEAPONRACK04.M2 | WORLD\Expansion06\Doodads\Murloc\7MU_MURLOC_WEAPONRACK_EMPTY.M2,yes
World\Expansion06\Doodads\Murloc\7MU_MURLOC_MAP4.blp,m2-embedded-path,13,WORLD\EXPANSION06\DOODADS\MURLOC\7MU_MURLOC_HUT02.M2 | WORLD\EXPANSION06\DOODADS\MURLOC\7MU_MURLOC_HUT03.M2 | WORLD\EXPANSION06\DOODADS\MURLOC\7MU_MURLOC_TORCH01.M2 | WORLD\Expansion06\Doodads\Murloc\7MU_MURLOC_LOOT01.M2 | WORLD\Expansion06\Doodads\Murloc\7MU_MURLOC_LOOT02.M2 | WORLD\Expansion06\Doodads\Murloc\7MU_MURLOC_LOOT03.M2 | WORLD\Expansion06\Doodads\Murloc\7MU_MURLOC_LOOT04.M2 | WORLD\Expansion06\Doodads\Murloc\7MU_MURLOC_LOOT05.M2 | WORLD\Expansion06\Doodads\Murloc\7MU_MURLOC_LOOT06.M2 | WORLD\Expansion06\Doodads\Murloc\7MU_MURLOC_LOOT07.M2 | WORLD\Expansion06\Doodads\Murloc\7MU_MURLOC_LOOT_PILE01.M2 | WORLD\Expansion06\Doodads\Murloc\7MU_MURLOC_LOOT_PILE02.M2 | WORLD\Expansion06\Doodads\Murloc\7MU_MURLOC_LOOT_PILE03.M2,yes
World\Expansion06\Doodads\Murloc\7MU_MURLOC_MAP5.blp,m2-embedded-path,11,WORLD\EXPANSION06\DOODADS\MURLOC\7MU_MURLOC_BARREL01.M2 | WORLD\EXPANSION06\DOODADS\MURLOC\7MU_MURLOC_BARREL03.M2 | WORLD\EXPANSION06\DOODADS\MURLOC\7MU_MURLOC_BARREL_DESTROYED.M2 | WORLD\EXPANSION06\DOODADS\MURLOC\7MU_MURLOC_JUNKPILE01.M2 | WORLD\EXPANSION06\DOODADS\MURLOC\7MU_MURLOC_JUNKPILE02.M2 | WORLD\EXPANSION06\DOODADS\MURLOC\7MU_MURLOC_JUNKPILE03.M2 | WORLD\Expansion06\Doodads\Murloc\7MU_MURLOC_BARREL02.M2 | WORLD\Expansion06\Doodads\Murloc\7MU_MURLOC_CRATE01.M2 | WORLD\Expansion06\Doodads\Murloc\7MU_MURLOC_CRATE02.M2 | WORLD\Expansion06\Doodads\Murloc\7MU_MURLOC_CRATE03.M2 | WORLD\Expansion06\Doodads\Murloc\7MU_MURLOC_CRATE_DESTROYED.M2,yes
World\Expansion06\Doodads\Murloc\7MU_MURLOC_MAP6.blp,m2-embedded-path,16,WORLD\EXPANSION06\DOODADS\MURLOC\7MU_MURLOC_FOOD_CRAB02.M2 | WORLD\EXPANSION06\DOODADS\MURLOC\7MU_MURLOC_FOOD_FISH02.M2 | WORLD\EXPANSION06\DOODADS\MURLOC\7MU_MURLOC_FOOD_FISH03.M2 | WORLD\EXPANSION06\DOODADS\MURLOC\7MU_MURLOC_FOOD_FISH04.M2 | WORLD\EXPANSION06\DOODADS\MURLOC\7MU_MURLOC_HUT03.M2 | WORLD\EXPANSION06\DOODADS\MURLOC\7MU_MURLOC_JUNKPILE01.M2 | WORLD\EXPANSION06\DOODADS\MURLOC\7MU_MURLOC_SHIPTOWER02.M2 | WORLD\EXPANSION06\DOODADS\MURLOC\7MU_MURLOC_TOOL_HAMMER.M2 | WORLD\EXPANSION06\DOODADS\MURLOC\7MU_MURLOC_TORCH01.M2 | WORLD\EXPANSION06\DOODADS\MURLOC\7MU_MURLOC_TORCH02.M2 | WORLD\Expansion06\Doodads\Murloc\7MU_MURLOC_FOOD_CRAB01.M2 | WORLD\Expansion06\Doodads\Murloc\7MU_MURLOC_FOOD_FISH01.M2 | WORLD\Expansion06\Doodads\Murloc\7MU_MURLOC_FOOD_SPEAR01.M2 | WORLD\Expansion06\Doodads\Murloc\7MU_MURLOC_FOOD_SPEAR02.M2 | WORLD\Expansion06\Doodads\Murloc\7MU_MURLOC_TOOL_AXE.M2 | WORLD\Expansion06\Doodads\Murloc\7MU_MURLOC_TOOL_PICK.M2,yes
World\Expansion06\Doodads\Murloc\7MU_MURLOC_MAP7.blp,m2-embedded-path,15,WORLD\EXPANSION06\DOODADS\MURLOC\7MU_MURLOC_BOATSHACK01.M2 | WORLD\EXPANSION06\DOODADS\MURLOC\7MU_MURLOC_BOATSHACK02.M2 | WORLD\EXPANSION06\DOODADS\MURLOC\7MU_MURLOC_JUNKPILE03.M2 | WORLD\EXPANSION06\DOODADS\MURLOC\7MU_MURLOC_SHIPTOWER01.M2 | WORLD\EXPANSION06\DOODADS\MURLOC\7MU_MURLOC_TORCH01.M2 | WORLD\EXPANSION06\DOODADS\MURLOC\7MU_MURLOC_TORCH02.M2 | WORLD\EXPANSION06\DOODADS\MURLOC\7MU_MURLOC_WEAPONRACK01.M2 | WORLD\EXPANSION06\DOODADS\MURLOC\7MU_MURLOC_WEAPONRACK02.M2 | WORLD\EXPANSION06\DOODADS\MURLOC\7MU_MURLOC_WEAPONRACK03.M2 | WORLD\Expansion06\Doodads\Murloc\7MU_MURLOC_WEAPON02.M2 | WORLD\Expansion06\Doodads\Murloc\7MU_MURLOC_WEAPON03.M2 | WORLD\Expansion06\Doodads\Murloc\7MU_MURLOC_WEAPON04.M2 | WORLD\Expansion06\Doodads\Murloc\7MU_MURLOC_WEAPON05.M2 | WORLD\Expansion06\Doodads\Murloc\7MU_MURLOC_WEAPONRACK04.M2 | WORLD\Expansion06\Doodads\Murloc\7MU_MURLOC_WEAPONRACK_EMPTY.M2,yes
World\Expansion06\Doodads\Murloc\7MU_MURLOC_MAP8.blp,m2-embedded-path,4,WORLD\EXPANSION06\DOODADS\MURLOC\7MU_MURLOC_HUT01_EMPTY.M2 | WORLD\EXPANSION06\DOODADS\MURLOC\7MU_MURLOC_HUT02.M2 | WORLD\EXPANSION06\DOODADS\MURLOC\7MU_MURLOC_HUT02_EMPTY.M2 | WORLD\EXPANSION06\DOODADS\MURLOC\7MU_MURLOC_HUT03.M2,yes
WORLD\EXPANSION06\DOODADS\MURLOC\7MU_MURLOC_SHIPTOWER0100.skin,m2-skin-profile,1,WORLD\EXPANSION06\DOODADS\MURLOC\7MU_MURLOC_SHIPTOWER01.M2,yes
WORLD\EXPANSION06\DOODADS\MURLOC\7MU_MURLOC_SHIPTOWER0200.skin,m2-skin-profile,1,WORLD\EXPANSION06\DOODADS\MURLOC\7MU_MURLOC_SHIPTOWER02.M2,yes
WORLD\EXPANSION06\DOODADS\MURLOC\7MU_MURLOC_STANDARD0100.skin,m2-skin-profile,1,WORLD\EXPANSION06\DOODADS\MURLOC\7MU_MURLOC_STANDARD01.M2,yes
WORLD\EXPANSION06\DOODADS\MURLOC\7MU_MURLOC_TOOL_AXE.M2,wmo-doodad-model|wmo-embedded-path,1,WORLD\WMO\BROKENISLES\MURLOC\7MU_MURLOC_HUTCLUSTER01.WMO,yes
WORLD\Expansion06\Doodads\Murloc\7MU_MURLOC_TOOL_AXE00.skin,m2-skin-profile,1,WORLD\Expansion06\Doodads\Murloc\7MU_MURLOC_TOOL_AXE.M2,yes
WORLD\EXPANSION06\DOODADS\MURLOC\7MU_MURLOC_TOOL_HAMMER.M2,wmo-doodad-model|wmo-embedded-path,2,WORLD\WMO\BROKENISLES\MURLOC\7MU_MURLOC_HUTCLUSTER01.WMO | WORLD\WMO\BROKENISLES\MURLOC\7MU_MURLOC_HUTCLUSTER02.WMO,yes
WORLD\EXPANSION06\DOODADS\MURLOC\7MU_MURLOC_TOOL_HAMMER00.skin,m2-skin-profile,1,WORLD\EXPANSION06\DOODADS\MURLOC\7MU_MURLOC_TOOL_HAMMER.M2,yes
WORLD\EXPANSION06\DOODADS\MURLOC\7MU_MURLOC_TOOL_PICK.M2,wmo-doodad-model|wmo-embedded-path,2,WORLD\WMO\BROKENISLES\MURLOC\7MU_MURLOC_HUTCLUSTER01.WMO | WORLD\WMO\BROKENISLES\MURLOC\7MU_MURLOC_HUTCLUSTER02.WMO,yes
WORLD\Expansion06\Doodads\Murloc\7MU_MURLOC_TOOL_PICK00.skin,m2-skin-profile,1,WORLD\Expansion06\Doodads\Murloc\7MU_MURLOC_TOOL_PICK.M2,yes
WORLD\EXPANSION06\DOODADS\MURLOC\7MU_MURLOC_TORCH0100.skin,m2-skin-profile,1,WORLD\EXPANSION06\DOODADS\MURLOC\7MU_MURLOC_TORCH01.M2,yes
WORLD\EXPANSION06\DOODADS\MURLOC\7MU_MURLOC_TORCH0200.skin,m2-skin-profile,1,WORLD\EXPANSION06\DOODADS\MURLOC\7MU_MURLOC_TORCH02.M2,yes
WORLD\EXPANSION06\DOODADS\MURLOC\7MU_MURLOC_WEAPON02.M2,wmo-doodad-model|wmo-embedded-path,1,WORLD\WMO\BROKENISLES\MURLOC\7MU_MURLOC_HUTCLUSTER01.WMO,yes
WORLD\Expansion06\Doodads\Murloc\7MU_MURLOC_WEAPON0200.skin,m2-skin-profile,1,WORLD\Expansion06\Doodads\Murloc\7MU_MURLOC_WEAPON02.M2,yes
WORLD\EXPANSION06\DOODADS\MURLOC\7MU_MURLOC_WEAPON03.M2,wmo-doodad-model|wmo-embedded-path,3,WORLD\WMO\BROKENISLES\MURLOC\7MU_MURLOC_HUTCLUSTER01.WMO | WORLD\WMO\BROKENISLES\MURLOC\7MU_MURLOC_HUTCLUSTER02.WMO | WORLD\WMO\BROKENISLES\MURLOC\7MU_MURLOC_HUTCLUSTER03.WMO,yes
WORLD\Expansion06\Doodads\Murloc\7MU_MURLOC_WEAPON0300.skin,m2-skin-profile,1,WORLD\Expansion06\Doodads\Murloc\7MU_MURLOC_WEAPON03.M2,yes
WORLD\EXPANSION06\DOODADS\MURLOC\7MU_MURLOC_WEAPON04.M2,wmo-doodad-model|wmo-embedded-path,1,WORLD\WMO\BROKENISLES\MURLOC\7MU_MURLOC_HUTCLUSTER02.WMO,yes
WORLD\Expansion06\Doodads\Murloc\7MU_MURLOC_WEAPON0400.skin,m2-skin-profile,1,WORLD\Expansion06\Doodads\Murloc\7MU_MURLOC_WEAPON04.M2,yes
WORLD\EXPANSION06\DOODADS\MURLOC\7MU_MURLOC_WEAPON05.M2,wmo-doodad-model|wmo-embedded-path,3,WORLD\WMO\BROKENISLES\MURLOC\7MU_MURLOC_HUTCLUSTER01.WMO | WORLD\WMO\BROKENISLES\MURLOC\7MU_MURLOC_HUTCLUSTER02.WMO | WORLD\WMO\BROKENISLES\MURLOC\7MU_MURLOC_HUTCLUSTER03.WMO,yes
WORLD\Expansion06\Doodads\Murloc\7MU_MURLOC_WEAPON0500.skin,m2-skin-profile,1,WORLD\Expansion06\Doodads\Murloc\7MU_MURLOC_WEAPON05.M2,yes
WORLD\EXPANSION06\DOODADS\MURLOC\7MU_MURLOC_WEAPONRACK_EMPTY.M2,wmo-doodad-model|wmo-embedded-path,3,WORLD\WMO\BROKENISLES\MURLOC\7MU_MURLOC_HUTCLUSTER01.WMO | WORLD\WMO\BROKENISLES\MURLOC\7MU_MURLOC_HUTCLUSTER02.WMO | WORLD\WMO\BROKENISLES\MURLOC\7MU_MURLOC_HUTCLUSTER03.WMO,yes
WORLD\Expansion06\Doodads\Murloc\7MU_MURLOC_WEAPONRACK_EMPTY00.skin,m2-skin-profile,1,WORLD\Expansion06\Doodads\Murloc\7MU_MURLOC_WEAPONRACK_EMPTY.M2,yes
WORLD\EXPANSION06\DOODADS\MURLOC\7MU_MURLOC_WEAPONRACK01.M2,wmo-doodad-model|wmo-embedded-path,1,WORLD\WMO\BROKENISLES\MURLOC\7MU_MURLOC_HUTCLUSTER02.WMO,yes
WORLD\EXPANSION06\DOODADS\MURLOC\7MU_MURLOC_WEAPONRACK0100.skin,m2-skin-profile,1,WORLD\EXPANSION06\DOODADS\MURLOC\7MU_MURLOC_WEAPONRACK01.M2,yes
WORLD\EXPANSION06\DOODADS\MURLOC\7MU_MURLOC_WEAPONRACK0200.skin,m2-skin-profile,1,WORLD\EXPANSION06\DOODADS\MURLOC\7MU_MURLOC_WEAPONRACK02.M2,yes
WORLD\EXPANSION06\DOODADS\MURLOC\7MU_MURLOC_WEAPONRACK0300.skin,m2-skin-profile,1,WORLD\EXPANSION06\DOODADS\MURLOC\7MU_MURLOC_WEAPONRACK03.M2,yes
WORLD\EXPANSION06\DOODADS\MURLOC\7MU_MURLOC_WEAPONRACK04.M2,wmo-doodad-model|wmo-embedded-path,3,WORLD\WMO\BROKENISLES\MURLOC\7MU_MURLOC_HUTCLUSTER01.WMO | WORLD\WMO\BROKENISLES\MURLOC\7MU_MURLOC_HUTCLUSTER02.WMO | WORLD\WMO\BROKENISLES\MURLOC\7MU_MURLOC_HUTCLUSTER03.WMO,yes
WORLD\Expansion06\Doodads\Murloc\7MU_MURLOC_WEAPONRACK0400.skin,m2-skin-profile,1,WORLD\Expansion06\Doodads\Murloc\7MU_MURLOC_WEAPONRACK04.M2,yes
World\Expansion06\Doodads\Murloc\7SG_SEAGIANT_MAP07.blp,m2-embedded-path,2,WORLD\EXPANSION06\DOODADS\MURLOC\7MU_MURLOC_SHIPTOWER01.M2 | WORLD\EXPANSION06\DOODADS\MURLOC\7MU_MURLOC_SHIPTOWER02.M2,yes
World\Expansion06\Doodads\Murloc\7SG_SEAGIANT_MAP14.blp,m2-embedded-path,1,WORLD\EXPANSION06\DOODADS\MURLOC\7MU_MURLOC_SHIPTOWER01.M2,yes
World\Expansion06\Doodads\Murloc\Fire_Bright_Mod2x_A.blp,m2-embedded-path,2,WORLD\EXPANSION06\DOODADS\MURLOC\7MU_MURLOC_TORCH01.M2 | WORLD\EXPANSION06\DOODADS\MURLOC\7MU_MURLOC_TORCH02.M2,yes
World\Expansion06\Doodads\Murloc\FlatShade.blp,m2-embedded-path,1,WORLD\EXPANSION06\DOODADS\MURLOC\7MU_MURLOC_BOATSHACK_DEBRIS01.M2,yes
World\Expansion06\Doodads\Murloc\GenericGlow_Alpha_128.blp,m2-embedded-path,2,WORLD\EXPANSION06\DOODADS\MURLOC\7MU_MURLOC_TORCH01.M2 | WORLD\EXPANSION06\DOODADS\MURLOC\7MU_MURLOC_TORCH02.M2,yes
World\Expansion06\Doodads\Murloc\Nex_EnvMap01t.blp,m2-embedded-path,15,WORLD\EXPANSION06\DOODADS\MURLOC\7MU_MURLOC_HUT02.M2 | WORLD\EXPANSION06\DOODADS\MURLOC\7MU_MURLOC_HUT03.M2 | WORLD\EXPANSION06\DOODADS\MURLOC\7MU_MURLOC_SHIPTOWER01.M2 | WORLD\EXPANSION06\DOODADS\MURLOC\7MU_MURLOC_SHIPTOWER02.M2 | WORLD\EXPANSION06\DOODADS\MURLOC\7MU_MURLOC_TORCH01.M2 | WORLD\Expansion06\Doodads\Murloc\7MU_MURLOC_LOOT01.M2 | WORLD\Expansion06\Doodads\Murloc\7MU_MURLOC_LOOT02.M2 | WORLD\Expansion06\Doodads\Murloc\7MU_MURLOC_LOOT03.M2 | WORLD\Expansion06\Doodads\Murloc\7MU_MURLOC_LOOT04.M2 | WORLD\Expansion06\Doodads\Murloc\7MU_MURLOC_LOOT05.M2 | WORLD\Expansion06\Doodads\Murloc\7MU_MURLOC_LOOT06.M2 | WORLD\Expansion06\Doodads\Murloc\7MU_MURLOC_LOOT07.M2 | WORLD\Expansion06\Doodads\Murloc\7MU_MURLOC_LOOT_PILE01.M2 | WORLD\Expansion06\Doodads\Murloc\7MU_MURLOC_LOOT_PILE02.M2 | WORLD\Expansion06\Doodads\Murloc\7MU_MURLOC_LOOT_PILE03.M2,yes
World\Expansion06\Doodads\Murloc\Sparkle.blp,m2-embedded-path,12,WORLD\EXPANSION06\DOODADS\MURLOC\7MU_MURLOC_HUT02.M2 | WORLD\EXPANSION06\DOODADS\MURLOC\7MU_MURLOC_HUT03.M2 | WORLD\Expansion06\Doodads\Murloc\7MU_MURLOC_LOOT01.M2 | WORLD\Expansion06\Doodads\Murloc\7MU_MURLOC_LOOT02.M2 | WORLD\Expansion06\Doodads\Murloc\7MU_MURLOC_LOOT03.M2 | WORLD\Expansion06\Doodads\Murloc\7MU_MURLOC_LOOT04.M2 | WORLD\Expansion06\Doodads\Murloc\7MU_MURLOC_LOOT05.M2 | WORLD\Expansion06\Doodads\Murloc\7MU_MURLOC_LOOT06.M2 | WORLD\Expansion06\Doodads\Murloc\7MU_MURLOC_LOOT07.M2 | WORLD\Expansion06\Doodads\Murloc\7MU_MURLOC_LOOT_PILE01.M2 | WORLD\Expansion06\Doodads\Murloc\7MU_MURLOC_LOOT_PILE02.M2 | WORLD\Expansion06\Doodads\Murloc\7MU_MURLOC_LOOT_PILE03.M2,yes
World\Expansion06\Doodads\Murloc\T_VFX_Fire_Anim_Stylized_Desat_02.blp,m2-embedded-path,2,WORLD\EXPANSION06\DOODADS\MURLOC\7MU_MURLOC_TORCH01.M2 | WORLD\EXPANSION06\DOODADS\MURLOC\7MU_MURLOC_TORCH02.M2,yes
World\Expansion06\Doodads\Naga\6dr_crystal_envspec.blp,m2-embedded-path,2,WORLD\EXPANSION06\DOODADS\NAGA\7NG_NAGA_BARRICADE01.M2 | WORLD\EXPANSION06\DOODADS\NAGA\7NG_NAGA_BARRICADE02.M2,yes
World\Expansion06\Doodads\Naga\7ng_banner_1.blp,m2-embedded-path,1,WORLD\EXPANSION06\DOODADS\NAGA\7NG_NAGA_BANNER01.M2,yes
World\Expansion06\Doodads\Naga\7ng_barricade.blp,m2-embedded-path,2,WORLD\EXPANSION06\DOODADS\NAGA\7NG_NAGA_BARRICADE01.M2 | WORLD\EXPANSION06\DOODADS\NAGA\7NG_NAGA_BARRICADE02.M2,yes
World\Expansion06\Doodads\Naga\7ng_egger.blp,m2-embedded-path,1,WORLD\EXPANSION06\DOODADS\NAGA\7NG_NAGA_INCUBATOR.M2,yes
World\Expansion06\Doodads\Naga\7ng_incubator.blp,m2-embedded-path,3,WORLD\EXPANSION06\DOODADS\NAGA\7NG_NAGA_CAGE.M2 | WORLD\EXPANSION06\DOODADS\NAGA\7NG_NAGA_CANNON.M2 | WORLD\EXPANSION06\DOODADS\NAGA\7NG_NAGA_HARPOON.M2,yes
World\Expansion06\Doodads\Naga\7ng_jar_1.blp,m2-embedded-path,5,WORLD\EXPANSION06\DOODADS\NAGA\7NG_NAGA_JAR01.M2 | WORLD\EXPANSION06\DOODADS\NAGA\7NG_NAGA_SUPPLIES01.M2 | WORLD\EXPANSION06\DOODADS\NAGA\7NG_NAGA_SUPPLIES02.M2 | WORLD\EXPANSION06\DOODADS\NAGA\7NG_NAGA_SUPPLIES03.M2 | WORLD\EXPANSION06\DOODADS\NAGA\7NG_NAGA_VASE.M2,yes
WORLD\EXPANSION06\DOODADS\NAGA\7NG_NAGA_BANNER01.M2,wmo-doodad-model|wmo-embedded-path,1,WORLD\WMO\BROKENISLES\ARAKNASHAL\7AN_MOUNTAINCAVE_MEDIUM01.WMO,yes
WORLD\EXPANSION06\DOODADS\NAGA\7NG_NAGA_BANNER0100.skin,m2-skin-profile,1,WORLD\EXPANSION06\DOODADS\NAGA\7NG_NAGA_BANNER01.M2,yes
WORLD\EXPANSION06\DOODADS\NAGA\7NG_NAGA_BARRICADE01.M2,wmo-doodad-model|wmo-embedded-path,1,WORLD\WMO\BROKENISLES\ARAKNASHAL\7AN_MOUNTAINCAVE_MEDIUM01.WMO,yes
WORLD\EXPANSION06\DOODADS\NAGA\7NG_NAGA_BARRICADE0100.skin,m2-skin-profile,1,WORLD\EXPANSION06\DOODADS\NAGA\7NG_NAGA_BARRICADE01.M2,yes
WORLD\EXPANSION06\DOODADS\NAGA\7NG_NAGA_BARRICADE02.M2,wmo-doodad-model|wmo-embedded-path,1,WORLD\WMO\BROKENISLES\ARAKNASHAL\7AN_MOUNTAINCAVE_MEDIUM01.WMO,yes
WORLD\EXPANSION06\DOODADS\NAGA\7NG_NAGA_BARRICADE0200.skin,m2-skin-profile,1,WORLD\EXPANSION06\DOODADS\NAGA\7NG_NAGA_BARRICADE02.M2,yes
WORLD\EXPANSION06\DOODADS\NAGA\7NG_NAGA_CAGE.M2,wmo-doodad-model|wmo-embedded-path,1,WORLD\WMO\BROKENISLES\ARAKNASHAL\7AN_MOUNTAINCAVE_MEDIUM01.WMO,yes
WORLD\EXPANSION06\DOODADS\NAGA\7NG_NAGA_CAGE00.skin,m2-skin-profile,1,WORLD\EXPANSION06\DOODADS\NAGA\7NG_NAGA_CAGE.M2,yes
WORLD\EXPANSION06\DOODADS\NAGA\7NG_NAGA_CANNON00.skin,m2-skin-profile,1,WORLD\EXPANSION06\DOODADS\NAGA\7NG_NAGA_CANNON.M2,yes
WORLD\EXPANSION06\DOODADS\NAGA\7NG_NAGA_CANNON01.skin,m2-skin-profile,1,WORLD\EXPANSION06\DOODADS\NAGA\7NG_NAGA_CANNON.M2,yes
WORLD\EXPANSION06\DOODADS\NAGA\7NG_NAGA_CHESTLARGE_OPEN01.M2,wmo-doodad-model|wmo-embedded-path,1,WORLD\WMO\BROKENISLES\ARAKNASHAL\7AN_MOUNTAINCAVE_MEDIUM01.WMO,yes
WORLD\EXPANSION06\DOODADS\NAGA\7NG_NAGA_CHESTLARGE_OPEN0100.skin,m2-skin-profile,1,WORLD\EXPANSION06\DOODADS\NAGA\7NG_NAGA_CHESTLARGE_OPEN01.M2,yes
WORLD\EXPANSION06\DOODADS\NAGA\7NG_NAGA_CHESTSMALL_CLOSED01.M2,wmo-doodad-model|wmo-embedded-path,1,WORLD\WMO\BROKENISLES\ARAKNASHAL\7AN_MOUNTAINCAVE_MEDIUM01.WMO,yes
WORLD\EXPANSION06\DOODADS\NAGA\7NG_NAGA_CHESTSMALL_CLOSED0100.skin,m2-skin-profile,1,WORLD\EXPANSION06\DOODADS\NAGA\7NG_NAGA_CHESTSMALL_CLOSED01.M2,yes
WORLD\EXPANSION06\DOODADS\NAGA\7NG_NAGA_CHESTSMALL_OPEN0100.skin,m2-skin-profile,1,WORLD\EXPANSION06\DOODADS\NAGA\7NG_NAGA_CHESTSMALL_OPEN01.M2,yes
WORLD\EXPANSION06\DOODADS\NAGA\7NG_NAGA_GLAIVE.M2,wmo-doodad-model|wmo-embedded-path,1,WORLD\WMO\BROKENISLES\ARAKNASHAL\7AN_MOUNTAINCAVE_MEDIUM01.WMO,yes
WORLD\Expansion06\Doodads\Naga\7NG_NAGA_GLAIVE00.skin,m2-skin-profile,1,WORLD\Expansion06\Doodads\Naga\7NG_NAGA_GLAIVE.M2,yes
WORLD\EXPANSION06\DOODADS\NAGA\7NG_NAGA_HARPOON00.skin,m2-skin-profile,1,WORLD\EXPANSION06\DOODADS\NAGA\7NG_NAGA_HARPOON.M2,yes
WORLD\EXPANSION06\DOODADS\NAGA\7NG_NAGA_INCUBATOR.M2,wmo-doodad-model|wmo-embedded-path,1,WORLD\WMO\BROKENISLES\ARAKNASHAL\7AN_MOUNTAINCAVE_MEDIUM01.WMO,yes
WORLD\EXPANSION06\DOODADS\NAGA\7NG_NAGA_INCUBATOR00.skin,m2-skin-profile,1,WORLD\EXPANSION06\DOODADS\NAGA\7NG_NAGA_INCUBATOR.M2,yes
WORLD\EXPANSION06\DOODADS\NAGA\7NG_NAGA_JAR01.M2,wmo-doodad-model|wmo-embedded-path,1,WORLD\WMO\BROKENISLES\ARAKNASHAL\7AN_MOUNTAINCAVE_MEDIUM01.WMO,yes
WORLD\EXPANSION06\DOODADS\NAGA\7NG_NAGA_JAR0100.skin,m2-skin-profile,1,WORLD\EXPANSION06\DOODADS\NAGA\7NG_NAGA_JAR01.M2,yes
World\Expansion06\Doodads\Naga\7NG_Naga_Naugilus01.blp,m2-embedded-path,1,WORLD\EXPANSION06\DOODADS\NAGA\7NG_NAGA_NAUGILUS01.M2,yes
WORLD\EXPANSION06\DOODADS\NAGA\7NG_NAGA_NAUGILUS0100.skin,m2-skin-profile,1,WORLD\EXPANSION06\DOODADS\NAGA\7NG_NAGA_NAUGILUS01.M2,yes
World\Expansion06\Doodads\Naga\7NG_Naga_Shell.blp,m2-embedded-path,1,WORLD\EXPANSION06\DOODADS\NAGA\7NG_NAGA_SHELL.M2,yes
WORLD\EXPANSION06\DOODADS\NAGA\7NG_NAGA_SHELL00.skin,m2-skin-profile,1,WORLD\EXPANSION06\DOODADS\NAGA\7NG_NAGA_SHELL.M2,yes
World\Expansion06\Doodads\Naga\7ng_naga_shield.blp,m2-embedded-path,1,WORLD\Expansion06\Doodads\Naga\7NG_NAGA_SHIELD.M2,yes
WORLD\EXPANSION06\DOODADS\NAGA\7NG_NAGA_SHIELD.M2,wmo-doodad-model|wmo-embedded-path,1,WORLD\WMO\BROKENISLES\ARAKNASHAL\7AN_MOUNTAINCAVE_MEDIUM01.WMO,yes
WORLD\Expansion06\Doodads\Naga\7NG_NAGA_SHIELD00.skin,m2-skin-profile,1,WORLD\Expansion06\Doodads\Naga\7NG_NAGA_SHIELD.M2,yes
WORLD\EXPANSION06\DOODADS\NAGA\7NG_NAGA_SUPPLIES01.M2,wmo-doodad-model|wmo-embedded-path,1,WORLD\WMO\BROKENISLES\ARAKNASHAL\7AN_MOUNTAINCAVE_MEDIUM01.WMO,yes
WORLD\EXPANSION06\DOODADS\NAGA\7NG_NAGA_SUPPLIES0100.skin,m2-skin-profile,1,WORLD\EXPANSION06\DOODADS\NAGA\7NG_NAGA_SUPPLIES01.M2,yes
WORLD\EXPANSION06\DOODADS\NAGA\7NG_NAGA_SUPPLIES02.M2,wmo-doodad-model|wmo-embedded-path,1,WORLD\WMO\BROKENISLES\ARAKNASHAL\7AN_MOUNTAINCAVE_MEDIUM01.WMO,yes
WORLD\EXPANSION06\DOODADS\NAGA\7NG_NAGA_SUPPLIES0200.skin,m2-skin-profile,1,WORLD\EXPANSION06\DOODADS\NAGA\7NG_NAGA_SUPPLIES02.M2,yes
WORLD\EXPANSION06\DOODADS\NAGA\7NG_NAGA_SUPPLIES03.M2,wmo-doodad-model|wmo-embedded-path,1,WORLD\WMO\BROKENISLES\ARAKNASHAL\7AN_MOUNTAINCAVE_MEDIUM01.WMO,yes
WORLD\EXPANSION06\DOODADS\NAGA\7NG_NAGA_SUPPLIES0300.skin,m2-skin-profile,1,WORLD\EXPANSION06\DOODADS\NAGA\7NG_NAGA_SUPPLIES03.M2,yes
WORLD\EXPANSION06\DOODADS\NAGA\7NG_NAGA_TORCH01_LIGHT.M2,wmo-doodad-model|wmo-embedded-path,1,WORLD\WMO\BROKENISLES\ARAKNASHAL\7AN_MOUNTAINCAVE_MEDIUM01.WMO,yes
WORLD\EXPANSION06\DOODADS\NAGA\7NG_NAGA_TORCH01_LIGHT00.skin,m2-skin-profile,1,WORLD\EXPANSION06\DOODADS\NAGA\7NG_NAGA_TORCH01_LIGHT.M2,yes
World\Expansion06\Doodads\Naga\7ng_naga_torch01.blp,m2-embedded-path,1,WORLD\EXPANSION06\DOODADS\NAGA\7NG_NAGA_TORCH01_LIGHT.M2,yes
WORLD\EXPANSION06\DOODADS\NAGA\7NG_NAGA_TRIDENT.M2,wmo-doodad-model|wmo-embedded-path,1,WORLD\WMO\BROKENISLES\ARAKNASHAL\7AN_MOUNTAINCAVE_MEDIUM01.WMO,yes
WORLD\EXPANSION06\DOODADS\NAGA\7NG_NAGA_TRIDENT00.skin,m2-skin-profile,1,WORLD\EXPANSION06\DOODADS\NAGA\7NG_NAGA_TRIDENT.M2,yes
WORLD\EXPANSION06\DOODADS\NAGA\7NG_NAGA_TRIDENT02.M2,wmo-doodad-model|wmo-embedded-path,1,WORLD\WMO\BROKENISLES\ARAKNASHAL\7AN_MOUNTAINCAVE_MEDIUM01.WMO,yes
WORLD\Expansion06\Doodads\Naga\7NG_NAGA_TRIDENT0200.skin,m2-skin-profile,1,WORLD\Expansion06\Doodads\Naga\7NG_NAGA_TRIDENT02.M2,yes
WORLD\EXPANSION06\DOODADS\NAGA\7NG_NAGA_VASE.M2,wmo-doodad-model|wmo-embedded-path,1,WORLD\WMO\BROKENISLES\ARAKNASHAL\7AN_MOUNTAINCAVE_MEDIUM01.WMO,yes
WORLD\EXPANSION06\DOODADS\NAGA\7NG_NAGA_VASE00.skin,m2-skin-profile,1,WORLD\EXPANSION06\DOODADS\NAGA\7NG_NAGA_VASE.M2,yes
WORLD\EXPANSION06\DOODADS\NAGA\7NG_NAGA_WEAPONCRATE_CLOSED01.M2,wmo-doodad-model|wmo-embedded-path,1,WORLD\WMO\BROKENISLES\ARAKNASHAL\7AN_MOUNTAINCAVE_MEDIUM01.WMO,yes
WORLD\EXPANSION06\DOODADS\NAGA\7NG_NAGA_WEAPONCRATE_CLOSED0100.skin,m2-skin-profile,1,WORLD\EXPANSION06\DOODADS\NAGA\7NG_NAGA_WEAPONCRATE_CLOSED01.M2,yes
World\Expansion06\Doodads\Naga\7ng_naga_weaponcrate01.blp,m2-embedded-path,7,WORLD\EXPANSION06\DOODADS\NAGA\7NG_NAGA_CHESTLARGE_OPEN01.M2 | WORLD\EXPANSION06\DOODADS\NAGA\7NG_NAGA_CHESTSMALL_CLOSED01.M2 | WORLD\EXPANSION06\DOODADS\NAGA\7NG_NAGA_CHESTSMALL_OPEN01.M2 | WORLD\EXPANSION06\DOODADS\NAGA\7NG_NAGA_SUPPLIES01.M2 | WORLD\EXPANSION06\DOODADS\NAGA\7NG_NAGA_SUPPLIES02.M2 | WORLD\EXPANSION06\DOODADS\NAGA\7NG_NAGA_SUPPLIES03.M2 | WORLD\EXPANSION06\DOODADS\NAGA\7NG_NAGA_WEAPONCRATE_CLOSED01.M2,yes
WORLD\EXPANSION06\DOODADS\NAGA\7NG_NAGA_WEAPONRACK01.M2,wmo-doodad-model|wmo-embedded-path,1,WORLD\WMO\BROKENISLES\ARAKNASHAL\7AN_MOUNTAINCAVE_MEDIUM01.WMO,yes
WORLD\EXPANSION06\DOODADS\NAGA\7NG_NAGA_WEAPONRACK0100.skin,m2-skin-profile,1,WORLD\EXPANSION06\DOODADS\NAGA\7NG_NAGA_WEAPONRACK01.M2,yes
WORLD\EXPANSION06\DOODADS\NAGA\7NG_NAGA_WEAPONRACK02.M2,wmo-doodad-model|wmo-embedded-path,1,WORLD\WMO\BROKENISLES\ARAKNASHAL\7AN_MOUNTAINCAVE_MEDIUM01.WMO,yes
WORLD\EXPANSION06\DOODADS\NAGA\7NG_NAGA_WEAPONRACK0200.skin,m2-skin-profile,1,WORLD\EXPANSION06\DOODADS\NAGA\7NG_NAGA_WEAPONRACK02.M2,yes
WORLD\EXPANSION06\DOODADS\NAGA\7NG_NAGA_WEAPONRACK03EMPTY.M2,wmo-doodad-model|wmo-embedded-path,1,WORLD\WMO\BROKENISLES\ARAKNASHAL\7AN_MOUNTAINCAVE_MEDIUM01.WMO,yes
WORLD\Expansion06\Doodads\Naga\7NG_NAGA_WEAPONRACK03EMPTY00.skin,m2-skin-profile,1,WORLD\Expansion06\Doodads\Naga\7NG_NAGA_WEAPONRACK03EMPTY.M2,yes
world\expansion06\doodads\naga\7ng_weaponracks.blp,m2-embedded-path,6,WORLD\EXPANSION06\DOODADS\NAGA\7NG_NAGA_SUPPLIES01.M2 | WORLD\EXPANSION06\DOODADS\NAGA\7NG_NAGA_SUPPLIES02.M2 | WORLD\EXPANSION06\DOODADS\NAGA\7NG_NAGA_SUPPLIES03.M2 | WORLD\EXPANSION06\DOODADS\NAGA\7NG_NAGA_WEAPONRACK01.M2 | WORLD\EXPANSION06\DOODADS\NAGA\7NG_NAGA_WEAPONRACK02.M2 | WORLD\Expansion06\Doodads\Naga\7NG_NAGA_WEAPONRACK03EMPTY.M2,yes
World\Expansion06\Doodads\Naga\ArmorReflect_Organic01.blp,m2-embedded-path,1,WORLD\EXPANSION06\DOODADS\NAGA\7NG_NAGA_BANNER01.M2,yes
World\Expansion06\Doodads\Naga\Bullet.blp,m2-embedded-path,1,WORLD\EXPANSION06\DOODADS\NAGA\7NG_NAGA_INCUBATOR.M2,yes
World\Expansion06\Doodads\Naga\Caustic_Blue.blp,m2-embedded-path,1,WORLD\EXPANSION06\DOODADS\NAGA\7NG_NAGA_INCUBATOR.M2,yes
World\Expansion06\Doodads\Naga\Caustic_Blue2.blp,m2-embedded-path,2,WORLD\EXPANSION06\DOODADS\NAGA\7NG_NAGA_INCUBATOR.M2 | WORLD\EXPANSION06\DOODADS\NAGA\7NG_NAGA_TORCH01_LIGHT.M2,yes
World\Expansion06\Doodads\Naga\Caustic_MedFreq_Holy.blp,m2-embedded-path,2,WORLD\EXPANSION06\DOODADS\NAGA\7NG_NAGA_INCUBATOR.M2 | WORLD\EXPANSION06\DOODADS\NAGA\7NG_NAGA_TORCH01_LIGHT.M2,yes
World\Expansion06\Doodads\Naga\ChromeReflect.blp,m2-embedded-path,2,WORLD\EXPANSION06\DOODADS\NAGA\7NG_NAGA_CANNON.M2 | WORLD\EXPANSION06\DOODADS\NAGA\7NG_NAGA_HARPOON.M2,yes
World\Expansion06\Doodads\Naga\Cloud_Puffy_Mod.blp,m2-embedded-path,1,WORLD\EXPANSION06\DOODADS\NAGA\7NG_NAGA_CANNON.M2,yes
World\Expansion06\Doodads\Naga\GenericGlow_Alpha_128.blp,m2-embedded-path,1,WORLD\EXPANSION06\DOODADS\NAGA\7NG_NAGA_TORCH01_LIGHT.M2,yes
World\Expansion06\Doodads\Naga\glass_shard_a.blp,m2-embedded-path,1,WORLD\EXPANSION06\DOODADS\NAGA\7NG_NAGA_INCUBATOR.M2,yes
World\Expansion06\Doodads\Naga\GlowBall.blp,m2-embedded-path,1,WORLD\EXPANSION06\DOODADS\NAGA\7NG_NAGA_CANNON.M2,yes
World\Expansion06\Doodads\Naga\naga_spec1.blp,m2-embedded-path,1,WORLD\EXPANSION06\DOODADS\NAGA\7NG_NAGA_BANNER01.M2,yes
World\Expansion06\Doodads\Naga\Nex_EnvMap01t.blp,m2-embedded-path,1,WORLD\EXPANSION06\DOODADS\NAGA\7NG_NAGA_CAGE.M2,yes
World\Expansion06\Doodads\Naga\OrbReflectBright_Gold.blp,m2-embedded-path,2,WORLD\EXPANSION06\DOODADS\NAGA\7NG_NAGA_CANNON.M2 | WORLD\EXPANSION06\DOODADS\NAGA\7NG_NAGA_INCUBATOR.M2,yes
World\Expansion06\Doodads\Naga\OrbReflectBright.blp,m2-embedded-path,13,WORLD\EXPANSION06\DOODADS\NAGA\7NG_NAGA_CHESTLARGE_OPEN01.M2 | WORLD\EXPANSION06\DOODADS\NAGA\7NG_NAGA_JAR01.M2 | WORLD\EXPANSION06\DOODADS\NAGA\7NG_NAGA_SUPPLIES01.M2 | WORLD\EXPANSION06\DOODADS\NAGA\7NG_NAGA_SUPPLIES02.M2 | WORLD\EXPANSION06\DOODADS\NAGA\7NG_NAGA_SUPPLIES03.M2 | WORLD\EXPANSION06\DOODADS\NAGA\7NG_NAGA_TRIDENT.M2 | WORLD\EXPANSION06\DOODADS\NAGA\7NG_NAGA_VASE.M2 | WORLD\EXPANSION06\DOODADS\NAGA\7NG_NAGA_WEAPONRACK01.M2 | WORLD\EXPANSION06\DOODADS\NAGA\7NG_NAGA_WEAPONRACK02.M2 | WORLD\Expansion06\Doodads\Naga\7NG_NAGA_GLAIVE.M2 | WORLD\Expansion06\Doodads\Naga\7NG_NAGA_SHIELD.M2 | WORLD\Expansion06\Doodads\Naga\7NG_NAGA_TRIDENT02.M2 | WORLD\Expansion06\Doodads\Naga\7NG_NAGA_WEAPONRACK03EMPTY.M2,yes
World\Expansion06\Doodads\Naga\OrbReflectDark_reverse.blp,m2-embedded-path,1,WORLD\EXPANSION06\DOODADS\NAGA\7NG_NAGA_INCUBATOR.M2,yes
World\Expansion06\Doodads\Naga\polearm_2h_7ng_naga01.blp,m2-embedded-path,4,WORLD\EXPANSION06\DOODADS\NAGA\7NG_NAGA_CHESTLARGE_OPEN01.M2 | WORLD\EXPANSION06\DOODADS\NAGA\7NG_NAGA_TRIDENT.M2 | WORLD\Expansion06\Doodads\Naga\7NG_NAGA_GLAIVE.M2 | WORLD\Expansion06\Doodads\Naga\7NG_NAGA_TRIDENT02.M2,yes
World\Expansion06\Doodads\Naga\Smoke_Puffy_Mask.blp,m2-embedded-path,1,WORLD\EXPANSION06\DOODADS\NAGA\7NG_NAGA_CANNON.M2,yes
World\Expansion06\Doodads\Naga\smoothreflect01.blp,m2-embedded-path,1,WORLD\EXPANSION06\DOODADS\NAGA\7NG_NAGA_TORCH01_LIGHT.M2,yes
World\Expansion06\Doodads\Naga\SpittlePurple.blp,m2-embedded-path,1,WORLD\EXPANSION06\DOODADS\NAGA\7NG_NAGA_CANNON.M2,yes
World\Expansion06\Doodads\Naga\watersplashies2.blp,m2-embedded-path,2,WORLD\EXPANSION06\DOODADS\NAGA\7NG_NAGA_INCUBATOR.M2 | WORLD\EXPANSION06\DOODADS\NAGA\7NG_NAGA_TORCH01_LIGHT.M2,yes
World\Expansion06\Doodads\SeaGiant\6HU_SHIP01_ROPEMAP01.blp,m2-embedded-path,8,WORLD\EXPANSION06\DOODADS\SEAGIANT\7SG_SEAGIANT_BROKENMAST01.M2 | WORLD\EXPANSION06\DOODADS\SEAGIANT\7SG_SEAGIANT_BROKENMAST02.M2 | WORLD\EXPANSION06\DOODADS\SEAGIANT\7SG_SEAGIANT_BROKENMAST03.M2 | WORLD\EXPANSION06\DOODADS\SEAGIANT\7SG_SEAGIANT_DEBRIS01.M2 | WORLD\EXPANSION06\DOODADS\SEAGIANT\7SG_SEAGIANT_DEBRIS03.M2 | WORLD\EXPANSION06\DOODADS\SEAGIANT\7SG_SEAGIANT_SHIPLANTERN01_HANGING01.M2 | WORLD\EXPANSION06\DOODADS\SEAGIANT\7SG_SEAGIANT_WEAPONRACK01.M2 | WORLD\EXPANSION06\DOODADS\SEAGIANT\7SG_SEAGIANT_WEAPONRACK02.M2,yes
World\Expansion06\Doodads\SeaGiant\6HU_SHIP01_ROPEMAP02.blp,m2-embedded-path,1,WORLD\EXPANSION06\DOODADS\SEAGIANT\7SG_SEAGIANT_MASTTORCH03.M2,yes
World\Expansion06\Doodads\SeaGiant\7NB_NIGHTBORN_GLOWALPHA.blp,m2-embedded-path,2,WORLD\EXPANSION06\DOODADS\SEAGIANT\7SG_SEAGIANT_ANCHOR_LAMP02.M2 | WORLD\EXPANSION06\DOODADS\SEAGIANT\7SG_SEAGIANT_ANCHOR_LAMP03.M2,yes
WORLD\EXPANSION06\DOODADS\SEAGIANT\7SG_SEAGIANT_ANCHOR_LAMP0200.skin,m2-skin-profile,1,WORLD\EXPANSION06\DOODADS\SEAGIANT\7SG_SEAGIANT_ANCHOR_LAMP02.M2,yes
WORLD\EXPANSION06\DOODADS\SEAGIANT\7SG_SEAGIANT_ANCHOR_LAMP0300.skin,m2-skin-profile,1,WORLD\EXPANSION06\DOODADS\SEAGIANT\7SG_SEAGIANT_ANCHOR_LAMP03.M2,yes
WORLD\EXPANSION06\DOODADS\SEAGIANT\7SG_SEAGIANT_ANCHOR0100.skin,m2-skin-profile,1,WORLD\EXPANSION06\DOODADS\SEAGIANT\7SG_SEAGIANT_ANCHOR01.M2,yes
WORLD\EXPANSION06\DOODADS\SEAGIANT\7SG_SEAGIANT_BROKENMAST0100.skin,m2-skin-profile,1,WORLD\EXPANSION06\DOODADS\SEAGIANT\7SG_SEAGIANT_BROKENMAST01.M2,yes
WORLD\EXPANSION06\DOODADS\SEAGIANT\7SG_SEAGIANT_BROKENMAST0200.skin,m2-skin-profile,1,WORLD\EXPANSION06\DOODADS\SEAGIANT\7SG_SEAGIANT_BROKENMAST02.M2,yes
WORLD\EXPANSION06\DOODADS\SEAGIANT\7SG_SEAGIANT_BROKENMAST0300.skin,m2-skin-profile,1,WORLD\EXPANSION06\DOODADS\SEAGIANT\7SG_SEAGIANT_BROKENMAST03.M2,yes
WORLD\EXPANSION06\DOODADS\SEAGIANT\7SG_SEAGIANT_BROKENMAST0400.skin,m2-skin-profile,1,WORLD\EXPANSION06\DOODADS\SEAGIANT\7SG_SEAGIANT_BROKENMAST04.M2,yes
WORLD\EXPANSION06\DOODADS\SEAGIANT\7SG_SEAGIANT_BROKENMAST0500.skin,m2-skin-profile,1,WORLD\EXPANSION06\DOODADS\SEAGIANT\7SG_SEAGIANT_BROKENMAST05.M2,yes
WORLD\EXPANSION06\DOODADS\SEAGIANT\7SG_SEAGIANT_DEBRIS_PLANK01_FLOATING00.skin,m2-skin-profile,1,WORLD\EXPANSION06\DOODADS\SEAGIANT\7SG_SEAGIANT_DEBRIS_PLANK01_FLOATING.M2,yes
WORLD\EXPANSION06\DOODADS\SEAGIANT\7SG_SEAGIANT_DEBRIS_PLANK0100.skin,m2-skin-profile,1,WORLD\EXPANSION06\DOODADS\SEAGIANT\7SG_SEAGIANT_DEBRIS_PLANK01.M2,yes
WORLD\EXPANSION06\DOODADS\SEAGIANT\7SG_SEAGIANT_DEBRIS_PLANK0200.skin,m2-skin-profile,1,WORLD\EXPANSION06\DOODADS\SEAGIANT\7SG_SEAGIANT_DEBRIS_PLANK02.M2,yes
WORLD\EXPANSION06\DOODADS\SEAGIANT\7SG_SEAGIANT_DEBRIS_PLANK0300.skin,m2-skin-profile,1,WORLD\EXPANSION06\DOODADS\SEAGIANT\7SG_SEAGIANT_DEBRIS_PLANK03.M2,yes
WORLD\EXPANSION06\DOODADS\SEAGIANT\7SG_SEAGIANT_DEBRIS0100.skin,m2-skin-profile,1,WORLD\EXPANSION06\DOODADS\SEAGIANT\7SG_SEAGIANT_DEBRIS01.M2,yes
WORLD\EXPANSION06\DOODADS\SEAGIANT\7SG_SEAGIANT_DEBRIS0200.skin,m2-skin-profile,1,WORLD\EXPANSION06\DOODADS\SEAGIANT\7SG_SEAGIANT_DEBRIS02.M2,yes
WORLD\EXPANSION06\DOODADS\SEAGIANT\7SG_SEAGIANT_DEBRIS0300.skin,m2-skin-profile,1,WORLD\EXPANSION06\DOODADS\SEAGIANT\7SG_SEAGIANT_DEBRIS03.M2,yes
WORLD\EXPANSION06\DOODADS\SEAGIANT\7SG_SEAGIANT_DEBRIS0400.skin,m2-skin-profile,1,WORLD\EXPANSION06\DOODADS\SEAGIANT\7SG_SEAGIANT_DEBRIS04.M2,yes
World\Expansion06\Doodads\SeaGiant\7SG_SEAGIANT_MAP01.blp,m2-embedded-path,5,WORLD\EXPANSION06\DOODADS\SEAGIANT\7SG_SEAGIANT_WEAPON01.M2 | WORLD\EXPANSION06\DOODADS\SEAGIANT\7SG_SEAGIANT_WEAPON02.M2 | WORLD\EXPANSION06\DOODADS\SEAGIANT\7SG_SEAGIANT_WEAPON03.M2 | WORLD\EXPANSION06\DOODADS\SEAGIANT\7SG_SEAGIANT_WEAPONRACK01.M2 | WORLD\EXPANSION06\DOODADS\SEAGIANT\7SG_SEAGIANT_WEAPONRACK02.M2,yes
World\Expansion06\Doodads\SeaGiant\7SG_SEAGIANT_MAP02.blp,m2-embedded-path,2,WORLD\EXPANSION06\DOODADS\SEAGIANT\7SG_SEAGIANT_ANCHOR01.M2 | WORLD\EXPANSION06\DOODADS\SEAGIANT\7SG_SEAGIANT_WEAPONRACK02.M2,yes
World\Expansion06\Doodads\SeaGiant\7SG_SEAGIANT_MAP03.blp,m2-embedded-path,3,WORLD\EXPANSION06\DOODADS\SEAGIANT\7SG_SEAGIANT_ANCHOR_LAMP02.M2 | WORLD\EXPANSION06\DOODADS\SEAGIANT\7SG_SEAGIANT_ANCHOR_LAMP03.M2 | WORLD\EXPANSION06\DOODADS\SEAGIANT\7SG_SEAGIANT_WEAPONRACK01.M2,yes
World\Expansion06\Doodads\SeaGiant\7SG_SEAGIANT_MAP04_GLOW.blp,m2-embedded-path,2,WORLD\EXPANSION06\DOODADS\SEAGIANT\7SG_SEAGIANT_ANCHOR_LAMP02.M2 | WORLD\EXPANSION06\DOODADS\SEAGIANT\7SG_SEAGIANT_ANCHOR_LAMP03.M2,yes
World\Expansion06\Doodads\SeaGiant\7SG_SEAGIANT_MAP04.blp,m2-embedded-path,2,WORLD\EXPANSION06\DOODADS\SEAGIANT\7SG_SEAGIANT_ANCHOR_LAMP02.M2 | WORLD\EXPANSION06\DOODADS\SEAGIANT\7SG_SEAGIANT_ANCHOR_LAMP03.M2,yes
World\Expansion06\Doodads\SeaGiant\7SG_SEAGIANT_MAP05.blp,m2-embedded-path,9,WORLD\EXPANSION06\DOODADS\SEAGIANT\7SG_SEAGIANT_PIERPILING01.M2 | WORLD\EXPANSION06\DOODADS\SEAGIANT\7SG_SEAGIANT_PIERPILING02.M2 | WORLD\EXPANSION06\DOODADS\SEAGIANT\7SG_SEAGIANT_PIERPILING03.M2 | WORLD\EXPANSION06\DOODADS\SEAGIANT\7SG_SEAGIANT_PIERPILING04.M2 | WORLD\EXPANSION06\DOODADS\SEAGIANT\7SG_SEAGIANT_PIERPILING05.M2 | WORLD\EXPANSION06\DOODADS\SEAGIANT\7SG_SEAGIANT_PIERPILING06.M2 | WORLD\EXPANSION06\DOODADS\SEAGIANT\7SG_SEAGIANT_PIERPILING07.M2 | WORLD\EXPANSION06\DOODADS\SEAGIANT\7SG_SEAGIANT_POLE01.M2 | WORLD\EXPANSION06\DOODADS\SEAGIANT\7SG_SEAGIANT_POLE02.M2,yes
World\Expansion06\Doodads\SeaGiant\7SG_SEAGIANT_MAP06.blp,m2-embedded-path,6,WORLD\EXPANSION06\DOODADS\SEAGIANT\7SG_SEAGIANT_PIERPILING01.M2 | WORLD\EXPANSION06\DOODADS\SEAGIANT\7SG_SEAGIANT_PIERPILING02.M2 | WORLD\EXPANSION06\DOODADS\SEAGIANT\7SG_SEAGIANT_PIERPILING03.M2 | WORLD\EXPANSION06\DOODADS\SEAGIANT\7SG_SEAGIANT_PIERPILING04.M2 | WORLD\EXPANSION06\DOODADS\SEAGIANT\7SG_SEAGIANT_PIERPILING06.M2 | WORLD\EXPANSION06\DOODADS\SEAGIANT\7SG_SEAGIANT_PIERPILING07.M2,yes
World\Expansion06\Doodads\SeaGiant\7SG_SEAGIANT_MAP07.blp,m2-embedded-path,8,WORLD\EXPANSION06\DOODADS\SEAGIANT\7SG_SEAGIANT_BROKENMAST01.M2 | WORLD\EXPANSION06\DOODADS\SEAGIANT\7SG_SEAGIANT_BROKENMAST02.M2 | WORLD\EXPANSION06\DOODADS\SEAGIANT\7SG_SEAGIANT_BROKENMAST03.M2 | WORLD\EXPANSION06\DOODADS\SEAGIANT\7SG_SEAGIANT_BROKENMAST04.M2 | WORLD\EXPANSION06\DOODADS\SEAGIANT\7SG_SEAGIANT_BROKENMAST05.M2 | WORLD\EXPANSION06\DOODADS\SEAGIANT\7SG_SEAGIANT_MASTTORCH03.M2 | WORLD\EXPANSION06\DOODADS\SEAGIANT\7SG_SEAGIANT_WEAPONRACK01.M2 | WORLD\EXPANSION06\DOODADS\SEAGIANT\7SG_SEAGIANT_WEAPONRACK02.M2,yes
World\Expansion06\Doodads\SeaGiant\7SG_SEAGIANT_MAP08.blp,m2-embedded-path,1,WORLD\EXPANSION06\DOODADS\SEAGIANT\7SG_SEAGIANT_TATTEREDSAIL03.M2,yes
World\Expansion06\Doodads\SeaGiant\7SG_SEAGIANT_MAP10.blp,m2-embedded-path,8,WORLD\EXPANSION06\DOODADS\SEAGIANT\7SG_SEAGIANT_DEBRIS01.M2 | WORLD\EXPANSION06\DOODADS\SEAGIANT\7SG_SEAGIANT_DEBRIS02.M2 | WORLD\EXPANSION06\DOODADS\SEAGIANT\7SG_SEAGIANT_DEBRIS03.M2 | WORLD\EXPANSION06\DOODADS\SEAGIANT\7SG_SEAGIANT_DEBRIS04.M2 | WORLD\EXPANSION06\DOODADS\SEAGIANT\7SG_SEAGIANT_DEBRIS_PLANK01.M2 | WORLD\EXPANSION06\DOODADS\SEAGIANT\7SG_SEAGIANT_DEBRIS_PLANK01_FLOATING.M2 | WORLD\EXPANSION06\DOODADS\SEAGIANT\7SG_SEAGIANT_DEBRIS_PLANK02.M2 | WORLD\EXPANSION06\DOODADS\SEAGIANT\7SG_SEAGIANT_DEBRIS_PLANK03.M2,yes
World\Expansion06\Doodads\SeaGiant\7SG_SEAGIANT_MAP11_GLOW.blp,m2-embedded-path,1,WORLD\EXPANSION06\DOODADS\SEAGIANT\7SG_SEAGIANT_MASTTORCH03.M2,yes
World\Expansion06\Doodads\SeaGiant\7SG_SEAGIANT_MAP11.blp,m2-embedded-path,1,WORLD\EXPANSION06\DOODADS\SEAGIANT\7SG_SEAGIANT_MASTTORCH03.M2,yes
World\Expansion06\Doodads\SeaGiant\7SG_SEAGIANT_MAP12B.blp,m2-embedded-path,1,WORLD\EXPANSION06\DOODADS\SEAGIANT\7SG_SEAGIANT_SHIPLANTERN01_UNLIT.M2,yes
World\Expansion06\Doodads\SeaGiant\7SG_SEAGIANT_MAP13A_GLOW.blp,m2-embedded-path,1,WORLD\EXPANSION06\DOODADS\SEAGIANT\7SG_SEAGIANT_SHIPLANTERN01_HANGING01.M2,yes
World\Expansion06\Doodads\SeaGiant\7SG_SEAGIANT_MAP13A.blp,m2-embedded-path,1,WORLD\EXPANSION06\DOODADS\SEAGIANT\7SG_SEAGIANT_SHIPLANTERN01_HANGING01.M2,yes
World\Expansion06\Doodads\SeaGiant\7SG_SEAGIANT_MAP13B.blp,m2-embedded-path,2,WORLD\EXPANSION06\DOODADS\SEAGIANT\7SG_SEAGIANT_SHIPLANTERN01_HANGING01.M2 | WORLD\EXPANSION06\DOODADS\SEAGIANT\7SG_SEAGIANT_SHIPLANTERN02_UNLIT.M2,yes
WORLD\EXPANSION06\DOODADS\SEAGIANT\7SG_SEAGIANT_MASTTORCH0300.skin,m2-skin-profile,1,WORLD\EXPANSION06\DOODADS\SEAGIANT\7SG_SEAGIANT_MASTTORCH03.M2,yes
WORLD\EXPANSION06\DOODADS\SEAGIANT\7SG_SEAGIANT_PIERPILING0100.skin,m2-skin-profile,1,WORLD\EXPANSION06\DOODADS\SEAGIANT\7SG_SEAGIANT_PIERPILING01.M2,yes
WORLD\EXPANSION06\DOODADS\SEAGIANT\7SG_SEAGIANT_PIERPILING0200.skin,m2-skin-profile,1,WORLD\EXPANSION06\DOODADS\SEAGIANT\7SG_SEAGIANT_PIERPILING02.M2,yes
WORLD\EXPANSION06\DOODADS\SEAGIANT\7SG_SEAGIANT_PIERPILING0300.skin,m2-skin-profile,1,WORLD\EXPANSION06\DOODADS\SEAGIANT\7SG_SEAGIANT_PIERPILING03.M2,yes
WORLD\EXPANSION06\DOODADS\SEAGIANT\7SG_SEAGIANT_PIERPILING0400.skin,m2-skin-profile,1,WORLD\EXPANSION06\DOODADS\SEAGIANT\7SG_SEAGIANT_PIERPILING04.M2,yes
WORLD\EXPANSION06\DOODADS\SEAGIANT\7SG_SEAGIANT_PIERPILING0500.skin,m2-skin-profile,1,WORLD\EXPANSION06\DOODADS\SEAGIANT\7SG_SEAGIANT_PIERPILING05.M2,yes
WORLD\EXPANSION06\DOODADS\SEAGIANT\7SG_SEAGIANT_PIERPILING0600.skin,m2-skin-profile,1,WORLD\EXPANSION06\DOODADS\SEAGIANT\7SG_SEAGIANT_PIERPILING06.M2,yes
WORLD\EXPANSION06\DOODADS\SEAGIANT\7SG_SEAGIANT_PIERPILING0700.skin,m2-skin-profile,1,WORLD\EXPANSION06\DOODADS\SEAGIANT\7SG_SEAGIANT_PIERPILING07.M2,yes
WORLD\EXPANSION06\DOODADS\SEAGIANT\7SG_SEAGIANT_POLE0100.skin,m2-skin-profile,1,WORLD\EXPANSION06\DOODADS\SEAGIANT\7SG_SEAGIANT_POLE01.M2,yes
WORLD\EXPANSION06\DOODADS\SEAGIANT\7SG_SEAGIANT_POLE0200.skin,m2-skin-profile,1,WORLD\EXPANSION06\DOODADS\SEAGIANT\7SG_SEAGIANT_POLE02.M2,yes
WORLD\EXPANSION06\DOODADS\SEAGIANT\7SG_SEAGIANT_SHIPLANTERN01_HANGING0100.skin,m2-skin-profile,1,WORLD\EXPANSION06\DOODADS\SEAGIANT\7SG_SEAGIANT_SHIPLANTERN01_HANGING01.M2,yes
WORLD\EXPANSION06\DOODADS\SEAGIANT\7SG_SEAGIANT_SHIPLANTERN01_UNLIT00.skin,m2-skin-profile,1,WORLD\EXPANSION06\DOODADS\SEAGIANT\7SG_SEAGIANT_SHIPLANTERN01_UNLIT.M2,yes
WORLD\EXPANSION06\DOODADS\SEAGIANT\7SG_SEAGIANT_SHIPLANTERN02_UNLIT00.skin,m2-skin-profile,1,WORLD\EXPANSION06\DOODADS\SEAGIANT\7SG_SEAGIANT_SHIPLANTERN02_UNLIT.M2,yes
WORLD\EXPANSION06\DOODADS\SEAGIANT\7SG_SEAGIANT_SLAVEWEAPONS0100.skin,m2-skin-profile,1,WORLD\EXPANSION06\DOODADS\SEAGIANT\7SG_SEAGIANT_SLAVEWEAPONS01.M2,yes
WORLD\EXPANSION06\DOODADS\SEAGIANT\7SG_SEAGIANT_TATTEREDSAIL0300.skin,m2-skin-profile,1,WORLD\EXPANSION06\DOODADS\SEAGIANT\7SG_SEAGIANT_TATTEREDSAIL03.M2,yes
WORLD\EXPANSION06\DOODADS\SEAGIANT\7SG_SEAGIANT_WEAPON0100.skin,m2-skin-profile,1,WORLD\EXPANSION06\DOODADS\SEAGIANT\7SG_SEAGIANT_WEAPON01.M2,yes
WORLD\EXPANSION06\DOODADS\SEAGIANT\7SG_SEAGIANT_WEAPON0200.skin,m2-skin-profile,1,WORLD\EXPANSION06\DOODADS\SEAGIANT\7SG_SEAGIANT_WEAPON02.M2,yes
WORLD\EXPANSION06\DOODADS\SEAGIANT\7SG_SEAGIANT_WEAPON0300.skin,m2-skin-profile,1,WORLD\EXPANSION06\DOODADS\SEAGIANT\7SG_SEAGIANT_WEAPON03.M2,yes
WORLD\EXPANSION06\DOODADS\SEAGIANT\7SG_SEAGIANT_WEAPONRACK0100.skin,m2-skin-profile,1,WORLD\EXPANSION06\DOODADS\SEAGIANT\7SG_SEAGIANT_WEAPONRACK01.M2,yes
WORLD\EXPANSION06\DOODADS\SEAGIANT\7SG_SEAGIANT_WEAPONRACK0200.skin,m2-skin-profile,1,WORLD\EXPANSION06\DOODADS\SEAGIANT\7SG_SEAGIANT_WEAPONRACK02.M2,yes
World\Expansion06\Doodads\SeaGiant\7SG_SLAVE_WEAPONS_MAP01.blp,m2-embedded-path,1,WORLD\EXPANSION06\DOODADS\SEAGIANT\7SG_SEAGIANT_SLAVEWEAPONS01.M2,yes
World\Expansion06\Doodads\SeaGiant\Cloud_Puffy_Mod.blp,m2-embedded-path,1,WORLD\EXPANSION06\DOODADS\SEAGIANT\7SG_SEAGIANT_MASTTORCH03.M2,yes
World\Expansion06\Doodads\SeaGiant\Ember_Offset_Streak.blp,m2-embedded-path,1,WORLD\EXPANSION06\DOODADS\SEAGIANT\7SG_SEAGIANT_MASTTORCH03.M2,yes
World\Expansion06\Doodads\SeaGiant\Fire_Bright_Mod2x_A.blp,m2-embedded-path,1,WORLD\EXPANSION06\DOODADS\SEAGIANT\7SG_SEAGIANT_MASTTORCH03.M2,yes
World\Expansion06\Doodads\SeaGiant\GenericGlow_Alpha_128.blp,m2-embedded-path,2,WORLD\EXPANSION06\DOODADS\SEAGIANT\7SG_SEAGIANT_MASTTORCH03.M2 | WORLD\EXPANSION06\DOODADS\SEAGIANT\7SG_SEAGIANT_SHIPLANTERN01_HANGING01.M2,yes
World\Expansion06\Doodads\SeaGiant\Nex_EnvMap01t.blp,m2-embedded-path,18,WORLD\EXPANSION06\DOODADS\SEAGIANT\7SG_SEAGIANT_ANCHOR01.M2 | WORLD\EXPANSION06\DOODADS\SEAGIANT\7SG_SEAGIANT_ANCHOR_LAMP02.M2 | WORLD\EXPANSION06\DOODADS\SEAGIANT\7SG_SEAGIANT_ANCHOR_LAMP03.M2 | WORLD\EXPANSION06\DOODADS\SEAGIANT\7SG_SEAGIANT_BROKENMAST01.M2 | WORLD\EXPANSION06\DOODADS\SEAGIANT\7SG_SEAGIANT_BROKENMAST02.M2 | WORLD\EXPANSION06\DOODADS\SEAGIANT\7SG_SEAGIANT_BROKENMAST03.M2 | WORLD\EXPANSION06\DOODADS\SEAGIANT\7SG_SEAGIANT_BROKENMAST04.M2 | WORLD\EXPANSION06\DOODADS\SEAGIANT\7SG_SEAGIANT_BROKENMAST05.M2 | WORLD\EXPANSION06\DOODADS\SEAGIANT\7SG_SEAGIANT_MASTTORCH03.M2 | WORLD\EXPANSION06\DOODADS\SEAGIANT\7SG_SEAGIANT_SHIPLANTERN01_HANGING01.M2 | WORLD\EXPANSION06\DOODADS\SEAGIANT\7SG_SEAGIANT_SHIPLANTERN01_UNLIT.M2 | WORLD\EXPANSION06\DOODADS\SEAGIANT\7SG_SEAGIANT_SHIPLANTERN02_UNLIT.M2 | WORLD\EXPANSION06\DOODADS\SEAGIANT\7SG_SEAGIANT_SLAVEWEAPONS01.M2 | WORLD\EXPANSION06\DOODADS\SEAGIANT\7SG_SEAGIANT_WEAPON01.M2 | WORLD\EXPANSION06\DOODADS\SEAGIANT\7SG_SEAGIANT_WEAPON02.M2 | WORLD\EXPANSION06\DOODADS\SEAGIANT\7SG_SEAGIANT_WEAPON03.M2 | WORLD\EXPANSION06\DOODADS\SEAGIANT\7SG_SEAGIANT_WEAPONRACK01.M2 | WORLD\EXPANSION06\DOODADS\SEAGIANT\7SG_SEAGIANT_WEAPONRACK02.M2,yes
World\Expansion06\Doodads\SeaGiant\Smoke_Puffy_Mask.blp,m2-embedded-path,1,WORLD\EXPANSION06\DOODADS\SEAGIANT\7SG_SEAGIANT_MASTTORCH03.M2,yes
World\Expansion06\Doodads\SeaGiant\T_VFX_Fire_Anim_Stylized_Desat_02.blp,m2-embedded-path,1,WORLD\EXPANSION06\DOODADS\SEAGIANT\7SG_SEAGIANT_MASTTORCH03.M2,yes
World\Expansion06\Doodads\SeaGiant\White8x8.blp,m2-embedded-path,1,WORLD\EXPANSION06\DOODADS\SEAGIANT\7SG_SEAGIANT_MASTTORCH03.M2,yes
World\Expansion06\Doodads\Vrykul\7an_vrykulbones01_256_h.blp,m2-embedded-path,3,WORLD\EXPANSION06\DOODADS\VRYKUL\7VR_VRYKUL_BONEPILE01.M2 | WORLD\EXPANSION06\DOODADS\VRYKUL\7VR_VRYKUL_BONEPILE02.M2 | WORLD\EXPANSION06\DOODADS\VRYKUL\7VR_VRYKUL_BONEPILE03.M2,yes
World\Expansion06\Doodads\Vrykul\7vr_vrykul_altar_g.blp,m2-embedded-path,1,WORLD\Expansion06\Doodads\Vrykul\7VR_VRYKUL_ALTAR01.M2,yes
World\Expansion06\Doodads\Vrykul\7vr_vrykul_altar.blp,m2-embedded-path,1,WORLD\Expansion06\Doodads\Vrykul\7VR_VRYKUL_ALTAR01.M2,yes
WORLD\EXPANSION06\DOODADS\VRYKUL\7VR_VRYKUL_ALTAR01.M2,wmo-doodad-model|wmo-embedded-path,1,WORLD\WMO\BROKENISLES\ARAKNASHAL\7AN_MOUNTAINCAVE_MEDIUM01.WMO,yes
WORLD\Expansion06\Doodads\Vrykul\7VR_VRYKUL_ALTAR0100.skin,m2-skin-profile,1,WORLD\Expansion06\Doodads\Vrykul\7VR_VRYKUL_ALTAR01.M2,yes
World\Expansion06\Doodads\Vrykul\7vr_Vrykul_banner.blp,m2-embedded-path,1,WORLD\Expansion06\Doodads\Vrykul\7VR_VRYKUL_SHIELD01.M2,yes
WORLD\EXPANSION06\DOODADS\VRYKUL\7VR_VRYKUL_BONE01.M2,wmo-doodad-model|wmo-embedded-path,1,WORLD\WMO\BROKENISLES\ARAKNASHAL\7AN_MOUNTAINCAVE_MEDIUM01.WMO,yes
WORLD\Expansion06\Doodads\Vrykul\7VR_VRYKUL_BONE0100.skin,m2-skin-profile,1,WORLD\Expansion06\Doodads\Vrykul\7VR_VRYKUL_BONE01.M2,yes
WORLD\EXPANSION06\DOODADS\VRYKUL\7VR_VRYKUL_BONE02.M2,wmo-doodad-model|wmo-embedded-path,1,WORLD\WMO\BROKENISLES\ARAKNASHAL\7AN_MOUNTAINCAVE_MEDIUM01.WMO,yes
WORLD\EXPANSION06\DOODADS\VRYKUL\7VR_VRYKUL_BONE0200.skin,m2-skin-profile,1,WORLD\EXPANSION06\DOODADS\VRYKUL\7VR_VRYKUL_BONE02.M2,yes
WORLD\EXPANSION06\DOODADS\VRYKUL\7VR_VRYKUL_BONEPILE01.M2,wmo-doodad-model|wmo-embedded-path,1,WORLD\WMO\BROKENISLES\ARAKNASHAL\7AN_MOUNTAINCAVE_MEDIUM01.WMO,yes
WORLD\EXPANSION06\DOODADS\VRYKUL\7VR_VRYKUL_BONEPILE0100.skin,m2-skin-profile,1,WORLD\EXPANSION06\DOODADS\VRYKUL\7VR_VRYKUL_BONEPILE01.M2,yes
WORLD\EXPANSION06\DOODADS\VRYKUL\7VR_VRYKUL_BONEPILE02.M2,wmo-doodad-model|wmo-embedded-path,1,WORLD\WMO\BROKENISLES\ARAKNASHAL\7AN_MOUNTAINCAVE_MEDIUM01.WMO,yes
WORLD\EXPANSION06\DOODADS\VRYKUL\7VR_VRYKUL_BONEPILE0200.skin,m2-skin-profile,1,WORLD\EXPANSION06\DOODADS\VRYKUL\7VR_VRYKUL_BONEPILE02.M2,yes
WORLD\EXPANSION06\DOODADS\VRYKUL\7VR_VRYKUL_BONEPILE03.M2,wmo-doodad-model|wmo-embedded-path,1,WORLD\WMO\BROKENISLES\ARAKNASHAL\7AN_MOUNTAINCAVE_MEDIUM01.WMO,yes
WORLD\EXPANSION06\DOODADS\VRYKUL\7VR_VRYKUL_BONEPILE0300.skin,m2-skin-profile,1,WORLD\EXPANSION06\DOODADS\VRYKUL\7VR_VRYKUL_BONEPILE03.M2,yes
World\Expansion06\Doodads\Vrykul\7vr_vrykul_bones.blp,m2-embedded-path,6,WORLD\EXPANSION06\DOODADS\VRYKUL\7VR_VRYKUL_BONE02.M2 | WORLD\EXPANSION06\DOODADS\VRYKUL\7VR_VRYKUL_BONEPILE01.M2 | WORLD\EXPANSION06\DOODADS\VRYKUL\7VR_VRYKUL_BONEPILE02.M2 | WORLD\EXPANSION06\DOODADS\VRYKUL\7VR_VRYKUL_BONEPILE03.M2 | WORLD\Expansion06\Doodads\Vrykul\7VR_VRYKUL_ALTAR01.M2 | WORLD\Expansion06\Doodads\Vrykul\7VR_VRYKUL_BONE01.M2,yes
WORLD\EXPANSION06\DOODADS\VRYKUL\7VR_VRYKUL_BOWL01.M2,wmo-doodad-model|wmo-embedded-path,1,WORLD\WMO\BROKENISLES\ARAKNASHAL\7AN_MOUNTAINCAVE_MEDIUM01.WMO,yes
WORLD\Expansion06\Doodads\Vrykul\7VR_VRYKUL_BOWL0100.skin,m2-skin-profile,1,WORLD\Expansion06\Doodads\Vrykul\7VR_VRYKUL_BOWL01.M2,yes
WORLD\EXPANSION06\DOODADS\VRYKUL\7VR_VRYKUL_BOWL03.M2,wmo-doodad-model|wmo-embedded-path,1,WORLD\WMO\BROKENISLES\ARAKNASHAL\7AN_MOUNTAINCAVE_MEDIUM01.WMO,yes
WORLD\Expansion06\Doodads\Vrykul\7VR_VRYKUL_BOWL0300.skin,m2-skin-profile,1,WORLD\Expansion06\Doodads\Vrykul\7VR_VRYKUL_BOWL03.M2,yes
World\Expansion06\Doodads\Vrykul\7vr_vrykul_cage.blp,m2-embedded-path,1,WORLD\EXPANSION06\DOODADS\VRYKUL\7VR_VRYKUL_GIBBET.M2,yes
World\Expansion06\Doodads\Vrykul\7vr_Vrykul_fence.blp,m2-embedded-path,1,WORLD\EXPANSION06\DOODADS\VRYKUL\7VR_VRYKUL_GIBBET01.M2,yes
WORLD\EXPANSION06\DOODADS\VRYKUL\7VR_VRYKUL_GIBBET00.skin,m2-skin-profile,1,WORLD\EXPANSION06\DOODADS\VRYKUL\7VR_VRYKUL_GIBBET.M2,yes
WORLD\EXPANSION06\DOODADS\VRYKUL\7VR_VRYKUL_GIBBET0100.skin,m2-skin-profile,1,WORLD\EXPANSION06\DOODADS\VRYKUL\7VR_VRYKUL_GIBBET01.M2,yes
WORLD\EXPANSION06\DOODADS\VRYKUL\7VR_VRYKUL_GRAVEPROP01.M2,wmo-doodad-model|wmo-embedded-path,1,WORLD\WMO\BROKENISLES\ARAKNASHAL\7AN_MOUNTAINCAVE_MEDIUM01.WMO,yes
WORLD\Expansion06\Doodads\Vrykul\7VR_VRYKUL_GRAVEPROP0100.skin,m2-skin-profile,1,WORLD\Expansion06\Doodads\Vrykul\7VR_VRYKUL_GRAVEPROP01.M2,yes
WORLD\EXPANSION06\DOODADS\VRYKUL\7VR_VRYKUL_GRAVEPROP02.M2,wmo-doodad-model|wmo-embedded-path,1,WORLD\WMO\BROKENISLES\ARAKNASHAL\7AN_MOUNTAINCAVE_MEDIUM01.WMO,yes
WORLD\Expansion06\Doodads\Vrykul\7VR_VRYKUL_GRAVEPROP0200.skin,m2-skin-profile,1,WORLD\Expansion06\Doodads\Vrykul\7VR_VRYKUL_GRAVEPROP02.M2,yes
WORLD\EXPANSION06\DOODADS\VRYKUL\7VR_VRYKUL_GRAVEPROP03.M2,wmo-doodad-model|wmo-embedded-path,1,WORLD\WMO\BROKENISLES\ARAKNASHAL\7AN_MOUNTAINCAVE_MEDIUM01.WMO,yes
WORLD\Expansion06\Doodads\Vrykul\7VR_VRYKUL_GRAVEPROP0300.skin,m2-skin-profile,1,WORLD\Expansion06\Doodads\Vrykul\7VR_VRYKUL_GRAVEPROP03.M2,yes
WORLD\EXPANSION06\DOODADS\VRYKUL\7VR_VRYKUL_GRAVEPROP04.M2,wmo-doodad-model|wmo-embedded-path,1,WORLD\WMO\BROKENISLES\ARAKNASHAL\7AN_MOUNTAINCAVE_MEDIUM01.WMO,yes
WORLD\Expansion06\Doodads\Vrykul\7VR_VRYKUL_GRAVEPROP0400.skin,m2-skin-profile,1,WORLD\Expansion06\Doodads\Vrykul\7VR_VRYKUL_GRAVEPROP04.M2,yes
WORLD\EXPANSION06\DOODADS\VRYKUL\7VR_VRYKUL_GRAVEPROP05.M2,wmo-doodad-model|wmo-embedded-path,1,WORLD\WMO\BROKENISLES\ARAKNASHAL\7AN_MOUNTAINCAVE_MEDIUM01.WMO,yes
WORLD\Expansion06\Doodads\Vrykul\7VR_VRYKUL_GRAVEPROP0500.skin,m2-skin-profile,1,WORLD\Expansion06\Doodads\Vrykul\7VR_VRYKUL_GRAVEPROP05.M2,yes
World\Expansion06\Doodads\Vrykul\7vr_Vrykul_OfferingBowl.blp,m2-embedded-path,1,WORLD\Expansion06\Doodads\Vrykul\7VR_VRYKUL_BOWL01.M2,yes
WORLD\EXPANSION06\DOODADS\VRYKUL\7VR_VRYKUL_RITUALROCKS.M2,wmo-doodad-model|wmo-embedded-path,1,WORLD\WMO\BROKENISLES\ARAKNASHAL\7AN_MOUNTAINCAVE_MEDIUM01.WMO,yes
WORLD\Expansion06\Doodads\Vrykul\7VR_VRYKUL_RITUALROCKS00.skin,m2-skin-profile,1,WORLD\Expansion06\Doodads\Vrykul\7VR_VRYKUL_RITUALROCKS.M2,yes
World\Expansion06\Doodads\Vrykul\7vr_vrykul_runerock_g.blp,m2-embedded-path,3,WORLD\EXPANSION06\DOODADS\VRYKUL\7VR_VRYKUL_RUNEROCK01.M2 | WORLD\EXPANSION06\DOODADS\VRYKUL\7VR_VRYKUL_RUNEROCK02.M2 | WORLD\EXPANSION06\DOODADS\VRYKUL\7VR_VRYKUL_RUNEROCK03.M2,yes
World\Expansion06\Doodads\Vrykul\7vr_vrykul_runerock.blp,m2-embedded-path,3,WORLD\EXPANSION06\DOODADS\VRYKUL\7VR_VRYKUL_RUNEROCK01.M2 | WORLD\EXPANSION06\DOODADS\VRYKUL\7VR_VRYKUL_RUNEROCK02.M2 | WORLD\EXPANSION06\DOODADS\VRYKUL\7VR_VRYKUL_RUNEROCK03.M2,yes
WORLD\EXPANSION06\DOODADS\VRYKUL\7VR_VRYKUL_RUNEROCK0100.skin,m2-skin-profile,1,WORLD\EXPANSION06\DOODADS\VRYKUL\7VR_VRYKUL_RUNEROCK01.M2,yes
WORLD\EXPANSION06\DOODADS\VRYKUL\7VR_VRYKUL_RUNEROCK0200.skin,m2-skin-profile,1,WORLD\EXPANSION06\DOODADS\VRYKUL\7VR_VRYKUL_RUNEROCK02.M2,yes
WORLD\EXPANSION06\DOODADS\VRYKUL\7VR_VRYKUL_RUNEROCK0300.skin,m2-skin-profile,1,WORLD\EXPANSION06\DOODADS\VRYKUL\7VR_VRYKUL_RUNEROCK03.M2,yes
WORLD\EXPANSION06\DOODADS\VRYKUL\7VR_VRYKUL_SHIELD01.M2,wmo-doodad-model|wmo-embedded-path,1,WORLD\WMO\BROKENISLES\ARAKNASHAL\7AN_MOUNTAINCAVE_MEDIUM01.WMO,yes
WORLD\Expansion06\Doodads\Vrykul\7VR_VRYKUL_SHIELD0100.skin,m2-skin-profile,1,WORLD\Expansion06\Doodads\Vrykul\7VR_VRYKUL_SHIELD01.M2,yes
World\Expansion06\Doodads\Vrykul\7vr_vrykul_shield04.blp,m2-embedded-path,1,WORLD\Expansion06\Doodads\Vrykul\7VR_VRYKUL_SHIELD04.M2,yes
WORLD\EXPANSION06\DOODADS\VRYKUL\7VR_VRYKUL_SHIELD04.M2,wmo-doodad-model|wmo-embedded-path,1,WORLD\WMO\BROKENISLES\ARAKNASHAL\7AN_MOUNTAINCAVE_MEDIUM01.WMO,yes
WORLD\Expansion06\Doodads\Vrykul\7VR_VRYKUL_SHIELD0400.skin,m2-skin-profile,1,WORLD\Expansion06\Doodads\Vrykul\7VR_VRYKUL_SHIELD04.M2,yes
World\Expansion06\Doodads\Vrykul\7vr_vrykul_signpost.blp,m2-embedded-path,2,WORLD\EXPANSION06\DOODADS\VRYKUL\7VR_VRYKUL_GIBBET.M2 | WORLD\EXPANSION06\DOODADS\VRYKUL\7VR_VRYKUL_GIBBET01.M2,yes
World\Expansion06\Doodads\Vrykul\7vr_Vrykul_Trinkets.blp,m2-embedded-path,1,WORLD\Expansion06\Doodads\Vrykul\7VR_VRYKUL_BOWL03.M2,yes
WORLD\EXPANSION06\DOODADS\VRYKUL\7VR_VRYKUL_WEAPON01.M2,wmo-doodad-model|wmo-embedded-path,1,WORLD\WMO\BROKENISLES\ARAKNASHAL\7AN_MOUNTAINCAVE_MEDIUM01.WMO,yes
WORLD\Expansion06\Doodads\Vrykul\7VR_VRYKUL_WEAPON0100.skin,m2-skin-profile,1,WORLD\Expansion06\Doodads\Vrykul\7VR_VRYKUL_WEAPON01.M2,yes
WORLD\EXPANSION06\DOODADS\VRYKUL\7VR_VRYKUL_WEAPON04.M2,wmo-doodad-model|wmo-embedded-path,1,WORLD\WMO\BROKENISLES\ARAKNASHAL\7AN_MOUNTAINCAVE_MEDIUM01.WMO,yes
WORLD\Expansion06\Doodads\Vrykul\7VR_VRYKUL_WEAPON0400.skin,m2-skin-profile,1,WORLD\Expansion06\Doodads\Vrykul\7VR_VRYKUL_WEAPON04.M2,yes
World\Expansion06\Doodads\Vrykul\7vr_Vrykul_weaponrack01.blp,m2-embedded-path,2,WORLD\Expansion06\Doodads\Vrykul\7VR_VRYKUL_WEAPON01.M2 | WORLD\Expansion06\Doodads\Vrykul\7VR_VRYKUL_WEAPON04.M2,yes
World\Expansion06\Doodads\Vrykul\7vr_vrykul_weaponrack02.blp,m2-embedded-path,7,WORLD\Expansion06\Doodads\Vrykul\7VR_VRYKUL_BOWL01.M2 | WORLD\Expansion06\Doodads\Vrykul\7VR_VRYKUL_BOWL03.M2 | WORLD\Expansion06\Doodads\Vrykul\7VR_VRYKUL_GRAVEPROP01.M2 | WORLD\Expansion06\Doodads\Vrykul\7VR_VRYKUL_GRAVEPROP02.M2 | WORLD\Expansion06\Doodads\Vrykul\7VR_VRYKUL_GRAVEPROP03.M2 | WORLD\Expansion06\Doodads\Vrykul\7VR_VRYKUL_GRAVEPROP04.M2 | WORLD\Expansion06\Doodads\Vrykul\7VR_VRYKUL_GRAVEPROP05.M2,yes
World\Expansion06\Doodads\Vrykul\Arcane_Wisps_Desat_04.blp,m2-embedded-path,1,WORLD\Expansion06\Doodads\Vrykul\7VR_VRYKUL_ALTAR01.M2,yes
World\Expansion06\Doodads\Vrykul\gloweffect4.blp,m2-embedded-path,12,WORLD\EXPANSION06\DOODADS\VRYKUL\7VR_VRYKUL_GIBBET.M2 | WORLD\Expansion06\Doodads\Vrykul\7VR_VRYKUL_BOWL01.M2 | WORLD\Expansion06\Doodads\Vrykul\7VR_VRYKUL_BOWL03.M2 | WORLD\Expansion06\Doodads\Vrykul\7VR_VRYKUL_GRAVEPROP01.M2 | WORLD\Expansion06\Doodads\Vrykul\7VR_VRYKUL_GRAVEPROP02.M2 | WORLD\Expansion06\Doodads\Vrykul\7VR_VRYKUL_GRAVEPROP03.M2 | WORLD\Expansion06\Doodads\Vrykul\7VR_VRYKUL_GRAVEPROP04.M2 | WORLD\Expansion06\Doodads\Vrykul\7VR_VRYKUL_GRAVEPROP05.M2 | WORLD\Expansion06\Doodads\Vrykul\7VR_VRYKUL_SHIELD01.M2 | WORLD\Expansion06\Doodads\Vrykul\7VR_VRYKUL_SHIELD04.M2 | WORLD\Expansion06\Doodads\Vrykul\7VR_VRYKUL_WEAPON01.M2 | WORLD\Expansion06\Doodads\Vrykul\7VR_VRYKUL_WEAPON04.M2,yes
World\Expansion06\Doodads\Vrykul\Incense_White.blp,m2-embedded-path,3,WORLD\EXPANSION06\DOODADS\VRYKUL\7VR_VRYKUL_RUNEROCK01.M2 | WORLD\EXPANSION06\DOODADS\VRYKUL\7VR_VRYKUL_RUNEROCK02.M2 | WORLD\EXPANSION06\DOODADS\VRYKUL\7VR_VRYKUL_RUNEROCK03.M2,yes
World\Expansion06\Doodads\Vrykul\T_VFX_FIRE_ANIM02_128_Full_DESAT_Blue.blp,m2-embedded-path,1,WORLD\Expansion06\Doodads\Vrykul\7VR_VRYKUL_ALTAR01.M2,yes
World\Expansion06\Doodads\Vrykul\trinkets.blp,m2-embedded-path,1,WORLD\Expansion06\Doodads\Vrykul\7VR_VRYKUL_RITUALROCKS.M2,yes
WORLD\GENERIC\DARKIRONDWARF\PASSIVE DOODADS\KEGS\DARKIRONDWARFBOARD01.BLP,m2-embedded-path,1,WORLD\GENERIC\DARKIRONDWARF\PASSIVE DOODADS\WOODPLANKS\DARKIRONWOODPLANKS02.m2,yes
WORLD\GENERIC\DARKIRONDWARF\PASSIVE DOODADS\WOODPLANKS\DARKIRONWOODPLANKS02.m2,wmo-doodad-model|wmo-embedded-path,1,WORLD\WMO\NORTHREND\BUILDINGS\FORSAKEN\SHIPWRECK\ND_FORSAKEN_SHIPWRECK.WMO,yes
WORLD\GENERIC\DARKIRONDWARF\PASSIVE DOODADS\WOODPLANKS\DARKIRONWOODPLANKS0200.skin,m2-skin-profile,1,WORLD\GENERIC\DARKIRONDWARF\PASSIVE DOODADS\WOODPLANKS\DARKIRONWOODPLANKS02.m2,yes
WORLD\GENERIC\GNOME\PASSIVE DOODADS\BUCKETS\GNOMEBUCKET05.m2,wmo-doodad-model|wmo-embedded-path,1,WORLD\WMO\CATACLYSM\VASHJIR\CAVES\VASHJIR_SMALL_CAVE.WMO,yes
WORLD\GENERIC\GNOME\PASSIVE DOODADS\BUCKETS\GNOMEBUCKET0500.skin,m2-skin-profile,1,WORLD\GENERIC\GNOME\PASSIVE DOODADS\BUCKETS\GNOMEBUCKET05.m2,yes
WORLD\GENERIC\GNOME\PASSIVE DOODADS\BUCKETS\TJ_GNOMEMETALBITSB.BLP,m2-embedded-path,1,WORLD\GENERIC\GNOME\PASSIVE DOODADS\BUCKETS\GNOMEBUCKET05.m2,yes
WORLD\GENERIC\GOBLIN\PASSIVEDOODADS\FOOD\BOILING_BUBBLES_01.BLP,m2-embedded-path,1,WORLD\GENERIC\GOBLIN\PASSIVEDOODADS\FOOD\GOBLIN_BUCKETOFOOD_01.m2,yes
WORLD\GENERIC\GOBLIN\PASSIVEDOODADS\FOOD\CLAMBUCKET.BLP,m2-embedded-path,2,WORLD\GENERIC\GOBLIN\PASSIVEDOODADS\FOOD\GOBLIN_BUCKETOFOOD_01.m2 | WORLD\GENERIC\GOBLIN\PASSIVEDOODADS\FOOD\GOBLIN_BUCKETOFOOD_02.m2,yes
WORLD\GENERIC\GOBLIN\PASSIVEDOODADS\FOOD\CLAMPILE.BLP,m2-embedded-path,1,WORLD\GENERIC\GOBLIN\PASSIVEDOODADS\FOOD\GOBLIN_BUCKETOFOOD_02.m2,yes
WORLD\GENERIC\GOBLIN\PASSIVEDOODADS\FOOD\GOBLIN_BUCKETOFOOD_01.m2,wmo-doodad-model|wmo-embedded-path,1,WORLD\WMO\CATACLYSM\VASHJIR\CAVES\VASHJIR_SMALL_CAVE.WMO,yes
WORLD\GENERIC\GOBLIN\PASSIVEDOODADS\FOOD\GOBLIN_BUCKETOFOOD_0100.skin,m2-skin-profile,1,WORLD\GENERIC\GOBLIN\PASSIVEDOODADS\FOOD\GOBLIN_BUCKETOFOOD_01.m2,yes
WORLD\GENERIC\GOBLIN\PASSIVEDOODADS\FOOD\GOBLIN_BUCKETOFOOD_0101.skin,m2-skin-profile,1,WORLD\GENERIC\GOBLIN\PASSIVEDOODADS\FOOD\GOBLIN_BUCKETOFOOD_01.m2,yes
WORLD\GENERIC\GOBLIN\PASSIVEDOODADS\FOOD\GOBLIN_BUCKETOFOOD_02.m2,wmo-doodad-model|wmo-embedded-path,1,WORLD\WMO\CATACLYSM\VASHJIR\CAVES\VASHJIR_SMALL_CAVE.WMO,yes
WORLD\GENERIC\GOBLIN\PASSIVEDOODADS\FOOD\GOBLIN_BUCKETOFOOD_0200.skin,m2-skin-profile,1,WORLD\GENERIC\GOBLIN\PASSIVEDOODADS\FOOD\GOBLIN_BUCKETOFOOD_02.m2,yes
WORLD\GENERIC\GOBLIN\PASSIVEDOODADS\FOOD\LOBSTER.BLP,m2-embedded-path,1,WORLD\GENERIC\GOBLIN\PASSIVEDOODADS\FOOD\GOBLIN_BUCKETOFOOD_01.m2,yes
WORLD\GENERIC\GOBLIN\PASSIVEDOODADS\FOOD\POTREFLECT.BLP,m2-embedded-path,1,WORLD\GENERIC\GOBLIN\PASSIVEDOODADS\FOOD\GOBLIN_BUCKETOFOOD_01.m2,yes
WORLD\GENERIC\GOBLIN\PASSIVEDOODADS\GOBLINMACHINERY\BOTTLEGREEN.BLP,m2-embedded-path,1,WORLD\GENERIC\HUMAN\PASSIVE DOODADS\BOTTLES\GREENBOTTLE02.m2,yes
WORLD\GENERIC\GOBLIN\PASSIVEDOODADS\GOBLINMACHINERY\DEADMINEHANGNETS.BLP,m2-embedded-path,2,WORLD\GENERIC\HUMAN\PASSIVE DOODADS\CARGONETS\DEADMINECARGONETHANG.m2 | WORLD\GENERIC\HUMAN\PASSIVE DOODADS\CARGONETS\DEADMINECARGONETHANGSHORT.m2,yes
World\Generic\Goblin\PassiveDoodads\GoblinRocketCarts\FlowerSack01.blp,m2-embedded-path,1,WORLD\GENERIC\PASSIVEDOODADS\FURNITURE\CONTAINERS\SACK01.m2,yes
WORLD\GENERIC\GOBLIN\PASSIVEDOODADS\KEZAN\ITEMS\GOBLIN_CAN_STACK_01.m2,wmo-doodad-model|wmo-embedded-path,1,WORLD\WMO\CATACLYSM\VASHJIR\CAVES\VASHJIR_SMALL_CAVE.WMO,yes
WORLD\GENERIC\GOBLIN\PASSIVEDOODADS\KEZAN\ITEMS\GOBLIN_CAN_STACK_0100.skin,m2-skin-profile,1,WORLD\GENERIC\GOBLIN\PASSIVEDOODADS\KEZAN\ITEMS\GOBLIN_CAN_STACK_01.m2,yes
WORLD\GENERIC\GOBLIN\PASSIVEDOODADS\KEZAN\TENTS\GOBLIN_LIGHTGLOBE_01.BLP,m2-embedded-path,1,WORLD\GENERIC\GOBLIN\PASSIVEDOODADS\LOSTISLES\GOBLIN_CRATE_02.m2,yes
WORLD\GENERIC\GOBLIN\PASSIVEDOODADS\LOSTISLES\GOBLIN_CRATE_02.m2,wmo-doodad-model|wmo-embedded-path,1,WORLD\WMO\CATACLYSM\VASHJIR\CAVES\VASHJIR_SMALL_CAVE.WMO,yes
WORLD\GENERIC\GOBLIN\PASSIVEDOODADS\LOSTISLES\GOBLIN_CRATE_0200.skin,m2-skin-profile,1,WORLD\GENERIC\GOBLIN\PASSIVEDOODADS\LOSTISLES\GOBLIN_CRATE_02.m2,yes
WORLD\GENERIC\GOBLIN\PASSIVEDOODADS\LOSTISLES\GOBLIN_CRATE.BLP,m2-embedded-path,1,WORLD\GENERIC\GOBLIN\PASSIVEDOODADS\LOSTISLES\GOBLIN_CRATE_02.m2,yes
WORLD\GENERIC\HUMAN\PASSIVE DOODADS\ANCHOR\DEADMINEANCHOR.m2,wmo-doodad-model|wmo-embedded-path,1,WORLD\WMO\DUNGEON\MD_SHIPWRECK\SHIPWRECK_DFRONT.WMO,yes
WORLD\GENERIC\HUMAN\PASSIVE DOODADS\ANCHOR\DEADMINEANCHOR00.skin,m2-skin-profile,1,WORLD\GENERIC\HUMAN\PASSIVE DOODADS\ANCHOR\DEADMINEANCHOR.m2,yes
World\Generic\Human\Passive Doodads\Anchor\DredgeChain.blp,m2-embedded-path,1,WORLD\GENERIC\HUMAN\PASSIVE DOODADS\ANCHOR\DEADMINEANCHOR.m2,yes
WORLD\GENERIC\HUMAN\PASSIVE DOODADS\ANIMALHEADS\STUFFEDFRENZY.m2,wmo-doodad-model|wmo-embedded-path,1,WORLD\WMO\DUNGEON\MD_SHIPWRECK\SHIPWRECK_DFRONT.WMO,yes
WORLD\GENERIC\HUMAN\PASSIVE DOODADS\ANIMALHEADS\STUFFEDFRENZY00.skin,m2-skin-profile,1,WORLD\GENERIC\HUMAN\PASSIVE DOODADS\ANIMALHEADS\STUFFEDFRENZY.m2,yes
WORLD\GENERIC\HUMAN\PASSIVE DOODADS\ARTWORK\STORMWINDPAINTING04.m2,wmo-doodad-model|wmo-embedded-path,1,WORLD\WMO\DUNGEON\MD_SHIPWRECK\TRANSPORT_SHIPWRECK_SUNKENSHIP.WMO,yes
WORLD\GENERIC\HUMAN\PASSIVE DOODADS\ARTWORK\STORMWINDPAINTING0400.skin,m2-skin-profile,1,WORLD\GENERIC\HUMAN\PASSIVE DOODADS\ARTWORK\STORMWINDPAINTING04.m2,yes
WORLD\GENERIC\HUMAN\PASSIVE DOODADS\ARTWORK\ZULAMANPAINTING.BLP,m2-embedded-path,1,WORLD\GENERIC\HUMAN\PASSIVE DOODADS\ARTWORK\STORMWINDPAINTING04.m2,yes
WORLD\GENERIC\HUMAN\PASSIVE DOODADS\BEERKEGS\BEERKEG01.m2,wmo-doodad-model|wmo-embedded-path,1,WORLD\WMO\DUNGEON\MD_SHIPWRECK\TRANSPORT_SHIPWRECK_SUNKENSHIP.WMO,yes
WORLD\GENERIC\HUMAN\PASSIVE DOODADS\BEERKEGS\BEERKEG0100.skin,m2-skin-profile,1,WORLD\GENERIC\HUMAN\PASSIVE DOODADS\BEERKEGS\BEERKEG01.m2,yes
WORLD\GENERIC\HUMAN\PASSIVE DOODADS\BEERKEGS\BEERKEG02.m2,wmo-doodad-model|wmo-embedded-path,1,WORLD\WMO\DUNGEON\MD_SHIPWRECK\TRANSPORT_SHIPWRECK_SUNKENSHIP.WMO,yes
WORLD\GENERIC\HUMAN\PASSIVE DOODADS\BEERKEGS\BEERKEG0200.skin,m2-skin-profile,1,WORLD\GENERIC\HUMAN\PASSIVE DOODADS\BEERKEGS\BEERKEG02.m2,yes
World\Generic\Human\Passive Doodads\BeerKegs\BeerKegCombo.blp,m2-embedded-path,2,WORLD\GENERIC\HUMAN\PASSIVE DOODADS\BEERKEGS\BEERKEG01.m2 | WORLD\GENERIC\HUMAN\PASSIVE DOODADS\BEERKEGS\BEERKEG02.m2,yes
WORLD\GENERIC\HUMAN\PASSIVE DOODADS\BOOKS\BOOKMEDIUM05.m2,wmo-doodad-model|wmo-embedded-path,1,WORLD\WMO\DUNGEON\MD_SHIPWRECK\TRANSPORT_SHIPWRECK_SUNKENSHIP.WMO,yes
WORLD\GENERIC\HUMAN\PASSIVE DOODADS\BOOKS\BOOKMEDIUM0500.skin,m2-skin-profile,1,WORLD\GENERIC\HUMAN\PASSIVE DOODADS\BOOKS\BOOKMEDIUM05.m2,yes
World\Generic\Human\Passive Doodads\Books\Books.blp,m2-embedded-path,2,WORLD\GENERIC\HUMAN\PASSIVE DOODADS\BOOKS\BOOKMEDIUM05.m2 | WORLD\GENERIC\HUMAN\PASSIVE DOODADS\BOOKS\BOOKSMALLOPEN02.m2,yes
WORLD\GENERIC\HUMAN\PASSIVE DOODADS\BOOKS\BOOKSMALLOPEN02.m2,wmo-doodad-model|wmo-embedded-path,1,WORLD\WMO\DUNGEON\MD_SHIPWRECK\TRANSPORT_SHIPWRECK_SUNKENSHIP.WMO,yes
WORLD\GENERIC\HUMAN\PASSIVE DOODADS\BOOKS\BOOKSMALLOPEN0200.skin,m2-skin-profile,1,WORLD\GENERIC\HUMAN\PASSIVE DOODADS\BOOKS\BOOKSMALLOPEN02.m2,yes
WORLD\GENERIC\HUMAN\PASSIVE DOODADS\BOTTLES\GREENBOTTLE02.m2,wmo-doodad-model|wmo-embedded-path,1,WORLD\WMO\DUNGEON\MD_SHIPWRECK\TRANSPORT_SHIPWRECK_SUNKENSHIP.WMO,yes
WORLD\GENERIC\HUMAN\PASSIVE DOODADS\BOTTLES\GREENBOTTLE0200.skin,m2-skin-profile,1,WORLD\GENERIC\HUMAN\PASSIVE DOODADS\BOTTLES\GREENBOTTLE02.m2,yes
WORLD\GENERIC\HUMAN\PASSIVE DOODADS\BUCKETS\BUCKET.m2,wmo-doodad-model|wmo-embedded-path,1,WORLD\WMO\DUNGEON\MD_SHIPWRECK\TRANSPORT_SHIPWRECK_SUNKENSHIP.WMO,yes
WORLD\GENERIC\HUMAN\PASSIVE DOODADS\BUCKETS\BUCKET00.skin,m2-skin-profile,1,WORLD\GENERIC\HUMAN\PASSIVE DOODADS\BUCKETS\BUCKET.m2,yes
WORLD\GENERIC\HUMAN\PASSIVE DOODADS\BUCKETS\DESK.BLP,m2-embedded-path,2,WORLD\GENERIC\HUMAN\PASSIVE DOODADS\BUCKETS\BUCKET.m2 | WORLD\GENERIC\HUMAN\PASSIVE DOODADS\MOPS\MOP.m2,yes
WORLD\GENERIC\HUMAN\PASSIVE DOODADS\CANNON\CANNON01.m2,wmo-doodad-model|wmo-embedded-path,2,WORLD\WMO\DUNGEON\MD_SHIPWRECK\SHIPWRECK_B.WMO | WORLD\WMO\DUNGEON\MD_SHIPWRECK\TRANSPORT_SHIPWRECK_SUNKENSHIP.WMO,yes
WORLD\GENERIC\HUMAN\PASSIVE DOODADS\CANNON\CANNON0100.skin,m2-skin-profile,1,WORLD\GENERIC\HUMAN\PASSIVE DOODADS\CANNON\CANNON01.m2,yes
WORLD\GENERIC\HUMAN\PASSIVE DOODADS\CANNON\DEADMINESCANNON01.BLP,m2-embedded-path,1,WORLD\GENERIC\HUMAN\PASSIVE DOODADS\CANNON\CANNON01.m2,yes
WORLD\GENERIC\HUMAN\PASSIVE DOODADS\CARGONETBOXES\DEADMINECARGONETBOXES.m2,wmo-doodad-model|wmo-embedded-path,2,WORLD\WMO\DUNGEON\MD_SHIPWRECK\SHIPWRECK_A.WMO | WORLD\WMO\DUNGEON\MD_SHIPWRECK\TRANSPORT_SHIPWRECK_SUNKENSHIP.WMO,yes
WORLD\GENERIC\HUMAN\PASSIVE DOODADS\CARGONETBOXES\DEADMINECARGONETBOXES00.skin,m2-skin-profile,1,WORLD\GENERIC\HUMAN\PASSIVE DOODADS\CARGONETBOXES\DEADMINECARGONETBOXES.m2,yes
WORLD\GENERIC\HUMAN\PASSIVE DOODADS\CARGONETS\DEADMINECARGONET01.m2,wmo-doodad-model|wmo-embedded-path,3,WORLD\WMO\DUNGEON\MD_SHIPWRECK\SHIPWRECK_A.WMO | WORLD\WMO\DUNGEON\MD_SHIPWRECK\SHIPWRECK_B.WMO | WORLD\WMO\DUNGEON\MD_SHIPWRECK\TRANSPORT_SHIPWRECK_SUNKENSHIP.WMO,yes
WORLD\GENERIC\HUMAN\PASSIVE DOODADS\CARGONETS\DEADMINECARGONET0100.skin,m2-skin-profile,1,WORLD\GENERIC\HUMAN\PASSIVE DOODADS\CARGONETS\DEADMINECARGONET01.m2,yes
WORLD\GENERIC\HUMAN\PASSIVE DOODADS\CARGONETS\DEADMINECARGONET02.m2,wmo-doodad-model|wmo-embedded-path,1,WORLD\WMO\DUNGEON\MD_SHIPWRECK\TRANSPORT_SHIPWRECK_SUNKENSHIP.WMO,yes
WORLD\GENERIC\HUMAN\PASSIVE DOODADS\CARGONETS\DEADMINECARGONET0200.skin,m2-skin-profile,1,WORLD\GENERIC\HUMAN\PASSIVE DOODADS\CARGONETS\DEADMINECARGONET02.m2,yes
WORLD\GENERIC\HUMAN\PASSIVE DOODADS\CARGONETS\DEADMINECARGONETHANG.m2,wmo-doodad-model|wmo-embedded-path,2,WORLD\WMO\DUNGEON\MD_SHIPWRECK\SHIPWRECK_A.WMO | WORLD\WMO\DUNGEON\MD_SHIPWRECK\SHIPWRECK_DFRONT.WMO,yes
WORLD\GENERIC\HUMAN\PASSIVE DOODADS\CARGONETS\DEADMINECARGONETHANG00.skin,m2-skin-profile,1,WORLD\GENERIC\HUMAN\PASSIVE DOODADS\CARGONETS\DEADMINECARGONETHANG.m2,yes
WORLD\GENERIC\HUMAN\PASSIVE DOODADS\CARGONETS\DEADMINECARGONETHANGSHORT.m2,wmo-doodad-model|wmo-embedded-path,1,WORLD\WMO\DUNGEON\MD_SHIPWRECK\SHIPWRECK_DFRONT.WMO,yes
WORLD\GENERIC\HUMAN\PASSIVE DOODADS\CARGONETS\DEADMINECARGONETHANGSHORT00.skin,m2-skin-profile,1,WORLD\GENERIC\HUMAN\PASSIVE DOODADS\CARGONETS\DEADMINECARGONETHANGSHORT.m2,yes
WORLD\GENERIC\HUMAN\PASSIVE DOODADS\CARGONETS\DEADMINECARGONETLARGE.m2,wmo-doodad-model|wmo-embedded-path,1,WORLD\WMO\DUNGEON\MD_SHIPWRECK\SHIPWRECK_A.WMO,yes
WORLD\GENERIC\HUMAN\PASSIVE DOODADS\CARGONETS\DEADMINECARGONETLARGE00.skin,m2-skin-profile,1,WORLD\GENERIC\HUMAN\PASSIVE DOODADS\CARGONETS\DEADMINECARGONETLARGE.m2,yes
WORLD\GENERIC\HUMAN\PASSIVE DOODADS\CARGONETS\DEADMINEHANGNETS02.BLP,m2-embedded-path,2,WORLD\GENERIC\HUMAN\PASSIVE DOODADS\CARGONETS\DEADMINECARGONETHANG.m2 | WORLD\GENERIC\HUMAN\PASSIVE DOODADS\CARGONETS\DEADMINECARGONETHANGSHORT.m2,yes
WORLD\GENERIC\HUMAN\PASSIVE DOODADS\CAULDRONS\CAULDRONEMPTY.m2,wmo-doodad-model|wmo-embedded-path,1,WORLD\WMO\DUNGEON\MD_SHIPWRECK\SHIPWRECK_A.WMO,yes
WORLD\GENERIC\HUMAN\PASSIVE DOODADS\CAULDRONS\CAULDRONEMPTY00.skin,m2-skin-profile,1,WORLD\GENERIC\HUMAN\PASSIVE DOODADS\CAULDRONS\CAULDRONEMPTY.m2,yes
WORLD\GENERIC\HUMAN\PASSIVE DOODADS\CAULDRONS\CAULDRONPOT05.BLP,m2-embedded-path,1,WORLD\GENERIC\HUMAN\PASSIVE DOODADS\CAULDRONS\CAULDRONEMPTY.m2,yes
WORLD\GENERIC\HUMAN\PASSIVE DOODADS\CHAIRS\GENERALCHAIRLOEND01.m2,wmo-doodad-model|wmo-embedded-path,1,WORLD\WMO\DUNGEON\MD_SHIPWRECK\TRANSPORT_SHIPWRECK_SUNKENSHIP.WMO,yes
WORLD\GENERIC\HUMAN\PASSIVE DOODADS\CHAIRS\GENERALCHAIRLOEND0100.skin,m2-skin-profile,1,WORLD\GENERIC\HUMAN\PASSIVE DOODADS\CHAIRS\GENERALCHAIRLOEND01.m2,yes
WORLD\GENERIC\HUMAN\PASSIVE DOODADS\CHAIRS\WOODCHAIR01.BLP,m2-embedded-path,1,WORLD\GENERIC\HUMAN\PASSIVE DOODADS\CHAIRS\GENERALCHAIRLOEND01.m2,yes
WORLD\GENERIC\HUMAN\PASSIVE DOODADS\CRATES\REPLACECRATE01.m2,wmo-doodad-model|wmo-embedded-path,1,WORLD\WMO\DUNGEON\MD_SHIPWRECK\SHIPWRECK_B.WMO,yes
WORLD\GENERIC\HUMAN\PASSIVE DOODADS\CRATES\REPLACECRATE0100.skin,m2-skin-profile,1,WORLD\GENERIC\HUMAN\PASSIVE DOODADS\CRATES\REPLACECRATE01.m2,yes
WORLD\GENERIC\HUMAN\PASSIVE DOODADS\CRATES\STORMWINDCRATE_01.BLP,m2-embedded-path,1,WORLD\GENERIC\HUMAN\PASSIVE DOODADS\CRATES\STORMWINDCRATE01.m2,yes
WORLD\GENERIC\HUMAN\PASSIVE DOODADS\CRATES\STORMWINDCRATE01.m2,wmo-doodad-model|wmo-embedded-path,4,WORLD\WMO\DUNGEON\MD_SHIPWRECK\SHIPWRECK_A.WMO | WORLD\WMO\DUNGEON\MD_SHIPWRECK\SHIPWRECK_B.WMO | WORLD\WMO\DUNGEON\MD_SHIPWRECK\SHIPWRECK_DBACK.WMO | WORLD\WMO\DUNGEON\MD_SHIPWRECK\SHIPWRECK_DFRONT.WMO,yes
WORLD\GENERIC\HUMAN\PASSIVE DOODADS\CRATES\STORMWINDCRATE0100.skin,m2-skin-profile,1,WORLD\GENERIC\HUMAN\PASSIVE DOODADS\CRATES\STORMWINDCRATE01.m2,yes
WORLD\GENERIC\HUMAN\PASSIVE DOODADS\DEADMINEPOWDERKEG\DEADMINEPOWDERKEG.m2,wmo-doodad-model|wmo-embedded-path,1,WORLD\WMO\DUNGEON\MD_SHIPWRECK\SHIPWRECK_DFRONT.WMO,yes
WORLD\GENERIC\HUMAN\PASSIVE DOODADS\DEADMINEPOWDERKEG\DEADMINEPOWDERKEG00.skin,m2-skin-profile,1,WORLD\GENERIC\HUMAN\PASSIVE DOODADS\DEADMINEPOWDERKEG\DEADMINEPOWDERKEG.m2,yes
World\Generic\Human\Passive Doodads\DeadMinePowderKeg\PowderKeg.blp,m2-embedded-path,1,WORLD\GENERIC\HUMAN\PASSIVE DOODADS\DEADMINEPOWDERKEG\DEADMINEPOWDERKEG.m2,yes
WORLD\GENERIC\HUMAN\PASSIVE DOODADS\FOOD&UTENSILS\KITCHENKNIFE01.m2,wmo-doodad-model,1,WORLD\WMO\CATACLYSM\VASHJIR\CAVES\VASHJIR_SMALL_CAVE.WMO,yes
WORLD\GENERIC\HUMAN\PASSIVE DOODADS\FOOD&UTENSILS\KITCHENKNIFE0100.skin,m2-skin-profile,1,WORLD\GENERIC\HUMAN\PASSIVE DOODADS\FOOD&UTENSILS\KITCHENKNIFE01.m2,yes
WORLD\GENERIC\HUMAN\PASSIVE DOODADS\GLOBES\POTBELLYSTOVE COPY.BLP,m2-embedded-path,1,WORLD\GENERIC\HUMAN\PASSIVE DOODADS\BUCKETS\BUCKET.m2,yes
WORLD\GENERIC\HUMAN\PASSIVE DOODADS\LANTERNS\GENERALLANTERN01.m2,wmo-doodad-model|wmo-embedded-path,1,WORLD\WMO\DUNGEON\MD_SHIPWRECK\TRANSPORT_SHIPWRECK_SUNKENSHIP.WMO,yes
WORLD\GENERIC\HUMAN\PASSIVE DOODADS\LANTERNS\GENERALLANTERN0100.skin,m2-skin-profile,1,WORLD\GENERIC\HUMAN\PASSIVE DOODADS\LANTERNS\GENERALLANTERN01.m2,yes
WORLD\GENERIC\HUMAN\PASSIVE DOODADS\LUMBERPILES\DEADMINELUMBERPILESMALL.m2,wmo-doodad-model|wmo-embedded-path,2,WORLD\WMO\DUNGEON\MD_SHIPWRECK\SHIPWRECK_A.WMO | WORLD\WMO\DUNGEON\MD_SHIPWRECK\SHIPWRECK_B.WMO,yes
WORLD\GENERIC\HUMAN\PASSIVE DOODADS\LUMBERPILES\DEADMINELUMBERPILESMALL00.skin,m2-skin-profile,1,WORLD\GENERIC\HUMAN\PASSIVE DOODADS\LUMBERPILES\DEADMINELUMBERPILESMALL.m2,yes
World\Generic\Human\Passive Doodads\LumberPiles\LumberPile01.blp,m2-embedded-path,1,WORLD\GENERIC\HUMAN\PASSIVE DOODADS\LUMBERPILES\DEADMINELUMBERPILESMALL.m2,yes
WORLD\GENERIC\HUMAN\PASSIVE DOODADS\MEAT\ALPHAMEAT02.BLP,m2-embedded-path,1,WORLD\GENERIC\HUMAN\PASSIVE DOODADS\MEAT\BLOODYMEAT01.m2,yes
WORLD\GENERIC\HUMAN\PASSIVE DOODADS\MEAT\BLOODYMEAT01.m2,wmo-doodad-model|wmo-embedded-path,1,WORLD\WMO\DUNGEON\BOREANMAGNATAURMICRO\BOREANMAGNATAURMICRO_1ROOM.WMO,yes
WORLD\GENERIC\HUMAN\PASSIVE DOODADS\MEAT\BLOODYMEAT0100.skin,m2-skin-profile,1,WORLD\GENERIC\HUMAN\PASSIVE DOODADS\MEAT\BLOODYMEAT01.m2,yes
WORLD\GENERIC\HUMAN\PASSIVE DOODADS\MEAT\BLOODYMEAT02.m2,wmo-doodad-model|wmo-embedded-path,1,WORLD\WMO\DUNGEON\BOREANMAGNATAURMICRO\BOREANMAGNATAURMICRO_1ROOM.WMO,yes
WORLD\GENERIC\HUMAN\PASSIVE DOODADS\MEAT\BLOODYMEAT0200.skin,m2-skin-profile,1,WORLD\GENERIC\HUMAN\PASSIVE DOODADS\MEAT\BLOODYMEAT02.m2,yes
WORLD\GENERIC\HUMAN\PASSIVE DOODADS\MEAT\MEAT03.BLP,m2-embedded-path,3,WORLD\EXPANSION02\DOODADS\GENERIC\VRYKUL\QUEST\VR_BONES_01_Q.M2 | WORLD\GENERIC\HUMAN\PASSIVE DOODADS\MEAT\BLOODYMEAT01.m2 | WORLD\GENERIC\HUMAN\PASSIVE DOODADS\MEAT\BLOODYMEAT02.m2,yes
WORLD\GENERIC\HUMAN\PASSIVE DOODADS\MOPS\MOP.m2,wmo-doodad-model|wmo-embedded-path,1,WORLD\WMO\DUNGEON\MD_SHIPWRECK\TRANSPORT_SHIPWRECK_SUNKENSHIP.WMO,yes
WORLD\GENERIC\HUMAN\PASSIVE DOODADS\MOPS\MOP00.skin,m2-skin-profile,1,WORLD\GENERIC\HUMAN\PASSIVE DOODADS\MOPS\MOP.m2,yes
World\Generic\Human\Passive Doodads\Mugs\mug_004.blp,m2-embedded-path,1,WORLD\GENERIC\HUMAN\PASSIVE DOODADS\MUGS\MUG02.m2,yes
WORLD\GENERIC\HUMAN\PASSIVE DOODADS\MUGS\MUG02.m2,wmo-doodad-model|wmo-embedded-path,1,WORLD\WMO\DUNGEON\MD_SHIPWRECK\TRANSPORT_SHIPWRECK_SUNKENSHIP.WMO,yes
WORLD\GENERIC\HUMAN\PASSIVE DOODADS\MUGS\MUG0200.skin,m2-skin-profile,1,WORLD\GENERIC\HUMAN\PASSIVE DOODADS\MUGS\MUG02.m2,yes
WORLD\GENERIC\HUMAN\PASSIVE DOODADS\MUSEUMSKELETONS\DRAGONBONE.BLP,m2-embedded-path,2,WORLD\KHAZMODAN\WETLANDS\PASSIVEDOODADS\DRAGONBONES\DRAGONBONESBODY.m2 | WORLD\KHAZMODAN\WETLANDS\PASSIVEDOODADS\DRAGONBONES\DRAGONBONESSKULL.m2,yes
World\Generic\Human\Passive Doodads\PlanterBoxes\ElwynnFlower03a.blp,m2-embedded-path,2,WORLD\AZEROTH\Elwynn\PassiveDoodads\DETAIL\ELWYNNCATAILS02\ELWYNNCATAILS02.m2 | WORLD\AZEROTH\Elwynn\PassiveDoodads\DETAIL\ELWYNNREEDS01\ELWYNNREEDS01.m2,yes
WORLD\GENERIC\HUMAN\PASSIVE DOODADS\SCROLLS\SCROLLMAP.BLP,m2-embedded-path,1,WORLD\GENERIC\HUMAN\PASSIVE DOODADS\SCROLLS\SCROLLMAP.m2,yes
WORLD\GENERIC\HUMAN\PASSIVE DOODADS\SCROLLS\SCROLLMAP.m2,wmo-doodad-model|wmo-embedded-path,1,WORLD\WMO\CATACLYSM\VASHJIR\CAVES\VASHJIR_SMALL_CAVE.WMO,yes
WORLD\GENERIC\HUMAN\PASSIVE DOODADS\SCROLLS\SCROLLMAP00.skin,m2-skin-profile,1,WORLD\GENERIC\HUMAN\PASSIVE DOODADS\SCROLLS\SCROLLMAP.m2,yes
WORLD\GENERIC\HUMAN\PASSIVE DOODADS\SIGNPOSTS\HUMANSIGNPOST04.m2,wmo-doodad-model|wmo-embedded-path,1,WORLD\WMO\CATACLYSM\VASHJIR\CAVES\VASHJIR_SMALL_CAVE.WMO,yes
WORLD\GENERIC\HUMAN\PASSIVE DOODADS\SIGNPOSTS\HUMANSIGNPOST0400.skin,m2-skin-profile,1,WORLD\GENERIC\HUMAN\PASSIVE DOODADS\SIGNPOSTS\HUMANSIGNPOST04.m2,yes
WORLD\GENERIC\HUMAN\PASSIVE DOODADS\SIGNPOSTS\WORNWOODSIGNS01.BLP,m2-embedded-path,1,WORLD\GENERIC\HUMAN\PASSIVE DOODADS\SIGNPOSTS\HUMANSIGNPOST04.m2,yes
WORLD\GENERIC\HUMAN\PASSIVE DOODADS\STORMWIND\STORMWIND_FOUNTAINWATER_01.BLP,m2-embedded-path,1,WORLD\GENERIC\GOBLIN\PASSIVEDOODADS\FOOD\GOBLIN_BUCKETOFOOD_01.m2,yes
World\Generic\Human\Passive Doodads\Tables\DuskwoodFurniture01.blp,m2-embedded-path,1,WORLD\GENERIC\HUMAN\PASSIVE DOODADS\TABLES\DUSKWOODTABLE01.m2,yes
WORLD\GENERIC\HUMAN\PASSIVE DOODADS\TABLES\DUSKWOODTABLE01.m2,wmo-doodad-model|wmo-embedded-path,2,WORLD\WMO\CATACLYSM\VASHJIR\CAVES\VASHJIR_SMALL_CAVE.WMO | WORLD\WMO\DUNGEON\MD_SHIPWRECK\TRANSPORT_SHIPWRECK_SUNKENSHIP.WMO,yes
WORLD\GENERIC\HUMAN\PASSIVE DOODADS\TABLES\DUSKWOODTABLE0100.skin,m2-skin-profile,1,WORLD\GENERIC\HUMAN\PASSIVE DOODADS\TABLES\DUSKWOODTABLE01.m2,yes
WORLD\GENERIC\HUMAN\PASSIVE DOODADS\TABLES\INNTABLETINY.m2,wmo-doodad-model|wmo-embedded-path,2,WORLD\WMO\DUNGEON\MD_SHIPWRECK\SHIPWRECK_A.WMO | WORLD\WMO\DUNGEON\MD_SHIPWRECK\SHIPWRECK_B.WMO,yes
WORLD\GENERIC\HUMAN\PASSIVE DOODADS\TABLES\INNTABLETINY00.skin,m2-skin-profile,1,WORLD\GENERIC\HUMAN\PASSIVE DOODADS\TABLES\INNTABLETINY.m2,yes
WORLD\GENERIC\HUMAN\PASSIVE DOODADS\VIALS\IRON04.BLP,m2-embedded-path,1,WORLD\GENERIC\UNDEAD\PASSIVE DOODADS\UNDEADALCHEMYTABLE\UNDEAD_ALCHEMY_TABLE.M2,yes
WORLD\GENERIC\HUMAN\PASSIVE DOODADS\VIALS\RINGALPHA02.BLP,m2-embedded-path,1,WORLD\GENERIC\UNDEAD\PASSIVE DOODADS\UNDEADALCHEMYTABLE\UNDEAD_ALCHEMY_TABLE.M2,yes
WORLD\GENERIC\HUMAN\PASSIVE DOODADS\VIALS\WHITERINGNOISE128.BLP,m2-embedded-path,3,WORLD\EXPANSION02\DOODADS\GENERIC\VRYKUL\TROUGH\VR_TROUGH.M2 | WORLD\EXPANSION03\DOODADS\WORGEN\EFFECTS\WORGEN_PUDDLESPLASH_01.m2 | WORLD\GENERIC\UNDEAD\PASSIVE DOODADS\UNDEADALCHEMYTABLE\UNDEAD_ALCHEMY_TABLE.M2,yes
World\Generic\Makura\Passive Doodads\MakuraShells\LobstrokDead.blp,m2-embedded-path,3,WORLD\GENERIC\MAKURA\PASSIVE DOODADS\MAKURASHELLS\MAKURASHELLS01.M2 | WORLD\GENERIC\MAKURA\PASSIVE DOODADS\MAKURASHELLS\MAKURASHELLS06.M2 | WORLD\GENERIC\MAKURA\PASSIVE DOODADS\MAKURASHELLS\MAKURASHELLS07.M2,yes
WORLD\GENERIC\MAKURA\PASSIVE DOODADS\MAKURASHELLS\MAKURASHELLS0100.skin,m2-skin-profile,1,WORLD\GENERIC\MAKURA\PASSIVE DOODADS\MAKURASHELLS\MAKURASHELLS01.M2,yes
WORLD\GENERIC\MAKURA\PASSIVE DOODADS\MAKURASHELLS\MAKURASHELLS0600.skin,m2-skin-profile,1,WORLD\GENERIC\MAKURA\PASSIVE DOODADS\MAKURASHELLS\MAKURASHELLS06.M2,yes
WORLD\GENERIC\MAKURA\PASSIVE DOODADS\MAKURASHELLS\MAKURASHELLS0700.skin,m2-skin-profile,1,WORLD\GENERIC\MAKURA\PASSIVE DOODADS\MAKURASHELLS\MAKURASHELLS07.M2,yes
WORLD\GENERIC\NIGHTELF\PASSIVE DOODADS\FOUNTAINS\ELFGATE_STONE01.BLP,m2-embedded-path,6,WORLD\GENERIC\NIGHTELF\PASSIVE DOODADS\LANTERNS\NIGHTELFLANTERN01.m2 | WORLD\GENERIC\NIGHTELF\PASSIVE DOODADS\STEPPINGSTONES\STEPPINGSTONE01.m2 | WORLD\GENERIC\NIGHTELF\PASSIVE DOODADS\STEPPINGSTONES\STEPPINGSTONE02.m2 | WORLD\GENERIC\NIGHTELF\PASSIVE DOODADS\STONERUNES\KALIDARSTONERUNE01.m2 | WORLD\GENERIC\NIGHTELF\PASSIVE DOODADS\STONERUNES\KALIDARSTONERUNE02.m2 | WORLD\GENERIC\NIGHTELF\PASSIVE DOODADS\STONERUNES\KALIDARSTONERUNE03.m2,yes
WORLD\GENERIC\NIGHTELF\PASSIVE DOODADS\LANTERNS\NIGHTELFLANTERN01.m2,wmo-doodad-model|wmo-embedded-path,1,WORLD\WMO\KALIMDOR\BUILDINGS\CLASSICALELFRUINS\AZRCLASSICALELFRUIN_UW09.WMO,yes
WORLD\GENERIC\NIGHTELF\PASSIVE DOODADS\LANTERNS\NIGHTELFLANTERN0100.skin,m2-skin-profile,1,WORLD\GENERIC\NIGHTELF\PASSIVE DOODADS\LANTERNS\NIGHTELFLANTERN01.m2,yes
WORLD\GENERIC\NIGHTELF\PASSIVE DOODADS\MAGICALIMPLEMENTS\GLOW.BLP,m2-embedded-path,2,WORLD\AZEROTH\BURNINGSTEPPES\PASSIVEDOODADS\WARLOCKSHRINE\WARLOCKSHRINE.M2 | WORLD\GENERIC\NIGHTELF\PASSIVE DOODADS\LANTERNS\NIGHTELFLANTERN01.m2,yes
WORLD\GENERIC\NIGHTELF\PASSIVE DOODADS\MAGICALIMPLEMENTS\SMOKEWISPY01.BLP,m2-embedded-path,1,WORLD\GENERIC\PASSIVEDOODADS\PLAINRUNE\RUNESTONE.M2,yes
WORLD\GENERIC\NIGHTELF\PASSIVE DOODADS\RUINS\AZRELFRUIN_UW0100.skin,m2-skin-profile,1,WORLD\GENERIC\NIGHTELF\PASSIVE DOODADS\RUINS\AZRELFRUIN_UW01.M2,yes
WORLD\GENERIC\NIGHTELF\PASSIVE DOODADS\RUINS\AZRELFRUIN_UW0300.skin,m2-skin-profile,1,WORLD\GENERIC\NIGHTELF\PASSIVE DOODADS\RUINS\AZRELFRUIN_UW03.M2,yes
WORLD\GENERIC\NIGHTELF\PASSIVE DOODADS\RUINS\AZRELFRUIN_UW0400.skin,m2-skin-profile,1,WORLD\GENERIC\NIGHTELF\PASSIVE DOODADS\RUINS\AZRELFRUIN_UW04.M2,yes
WORLD\GENERIC\NIGHTELF\PASSIVE DOODADS\RUINS\AZRELFRUIN_UW0700.skin,m2-skin-profile,1,WORLD\GENERIC\NIGHTELF\PASSIVE DOODADS\RUINS\AZRELFRUIN_UW07.M2,yes
WORLD\GENERIC\NIGHTELF\PASSIVE DOODADS\RUINS\AZRELFRUIN_UW0800.skin,m2-skin-profile,1,WORLD\GENERIC\NIGHTELF\PASSIVE DOODADS\RUINS\AZRELFRUIN_UW08.M2,yes
WORLD\GENERIC\NIGHTELF\PASSIVE DOODADS\RUINS\AZRELFRUIN_UW0900.skin,m2-skin-profile,1,WORLD\GENERIC\NIGHTELF\PASSIVE DOODADS\RUINS\AZRELFRUIN_UW09.M2,yes
WORLD\GENERIC\NIGHTELF\PASSIVE DOODADS\RUINS\AZRELFRUIN_UW1000.skin,m2-skin-profile,1,WORLD\GENERIC\NIGHTELF\PASSIVE DOODADS\RUINS\AZRELFRUIN_UW10.M2,yes
WORLD\GENERIC\NIGHTELF\PASSIVE DOODADS\STATUES\ASZHARASTATUE_FOOT.BLP,wmo-embedded-path|wmo-material-texture,1,WORLD\WMO\CATACLYSM\VASHJIR\BUILDINGS\VASHJIR_PALACE_BUILDINGS.WMO,yes
WORLD\GENERIC\NIGHTELF\PASSIVE DOODADS\STATUES\AZSHARASTATUE_HEAD.BLP,m2-embedded-path,2,WORLD\GENERIC\NIGHTELF\PASSIVE DOODADS\STATUES\STATUEASZHARAARM.M2 | WORLD\GENERIC\NIGHTELF\PASSIVE DOODADS\STATUES\STATUEASZHARAHEAD.M2,yes
WORLD\GENERIC\NIGHTELF\PASSIVE DOODADS\STATUES\STATUEASZHARAARM00.skin,m2-skin-profile,1,WORLD\GENERIC\NIGHTELF\PASSIVE DOODADS\STATUES\STATUEASZHARAARM.M2,yes
WORLD\GENERIC\NIGHTELF\PASSIVE DOODADS\STATUES\STATUEASZHARAHEAD00.skin,m2-skin-profile,1,WORLD\GENERIC\NIGHTELF\PASSIVE DOODADS\STATUES\STATUEASZHARAHEAD.M2,yes
WORLD\GENERIC\NIGHTELF\PASSIVE DOODADS\STEPPINGSTONES\STEPPINGSTONE01.m2,wmo-doodad-model|wmo-embedded-path,1,WORLD\WMO\KALIMDOR\BUILDINGS\CLASSICALELFRUINS\AZRCLASSICALELFRUIN_UW09.WMO,yes
WORLD\GENERIC\NIGHTELF\PASSIVE DOODADS\STEPPINGSTONES\STEPPINGSTONE0100.skin,m2-skin-profile,1,WORLD\GENERIC\NIGHTELF\PASSIVE DOODADS\STEPPINGSTONES\STEPPINGSTONE01.m2,yes
WORLD\GENERIC\NIGHTELF\PASSIVE DOODADS\STEPPINGSTONES\STEPPINGSTONE02.m2,wmo-doodad-model|wmo-embedded-path,1,WORLD\WMO\KALIMDOR\BUILDINGS\CLASSICALELFRUINS\AZRCLASSICALELFRUIN_UW09.WMO,yes
WORLD\GENERIC\NIGHTELF\PASSIVE DOODADS\STEPPINGSTONES\STEPPINGSTONE0200.skin,m2-skin-profile,1,WORLD\GENERIC\NIGHTELF\PASSIVE DOODADS\STEPPINGSTONES\STEPPINGSTONE02.m2,yes
WORLD\GENERIC\NIGHTELF\PASSIVE DOODADS\STONERUNES\KALIDARSTONERUNE01.m2,wmo-doodad-model|wmo-embedded-path,1,WORLD\WMO\KALIMDOR\BUILDINGS\CLASSICALELFRUINS\AZRCLASSICALELFRUIN_UW09.WMO,yes
WORLD\GENERIC\NIGHTELF\PASSIVE DOODADS\STONERUNES\KALIDARSTONERUNE0100.skin,m2-skin-profile,1,WORLD\GENERIC\NIGHTELF\PASSIVE DOODADS\STONERUNES\KALIDARSTONERUNE01.m2,yes
WORLD\GENERIC\NIGHTELF\PASSIVE DOODADS\STONERUNES\KALIDARSTONERUNE02.m2,wmo-doodad-model|wmo-embedded-path,1,WORLD\WMO\KALIMDOR\BUILDINGS\CLASSICALELFRUINS\AZRCLASSICALELFRUIN_UW09.WMO,yes
WORLD\GENERIC\NIGHTELF\PASSIVE DOODADS\STONERUNES\KALIDARSTONERUNE0200.skin,m2-skin-profile,1,WORLD\GENERIC\NIGHTELF\PASSIVE DOODADS\STONERUNES\KALIDARSTONERUNE02.m2,yes
WORLD\GENERIC\NIGHTELF\PASSIVE DOODADS\STONERUNES\KALIDARSTONERUNE03.m2,wmo-doodad-model|wmo-embedded-path,1,WORLD\WMO\KALIMDOR\BUILDINGS\CLASSICALELFRUINS\AZRCLASSICALELFRUIN_UW09.WMO,yes
WORLD\GENERIC\NIGHTELF\PASSIVE DOODADS\STONERUNES\KALIDARSTONERUNE0300.skin,m2-skin-profile,1,WORLD\GENERIC\NIGHTELF\PASSIVE DOODADS\STONERUNES\KALIDARSTONERUNE03.m2,yes
WORLD\GENERIC\OGRE\PASSIVE DOODADS\POODAD\FLY.BLP,m2-embedded-path,3,WORLD\EXPANSION02\DOODADS\GENERIC\VRYKUL\QUEST\VR_BONES_01_Q.M2 | WORLD\GENERIC\HUMAN\PASSIVE DOODADS\MEAT\BLOODYMEAT01.m2 | WORLD\GENERIC\HUMAN\PASSIVE DOODADS\MEAT\BLOODYMEAT02.m2,yes
WORLD\GENERIC\OGRE\PASSIVE DOODADS\TORCHES\OGRETORCH03.BLP,m2-embedded-path,1,WORLD\GENERIC\OGRE\PASSIVE DOODADS\TORCHES\OGREWALLTORCH.m2,yes
WORLD\GENERIC\OGRE\PASSIVE DOODADS\TORCHES\OGREWALLTORCH.m2,wmo-doodad-model|wmo-embedded-path,1,WORLD\WMO\DUNGEON\BOREANMAGNATAURMICRO\BOREANMAGNATAURMICRO_1ROOM.WMO,yes
WORLD\GENERIC\OGRE\PASSIVE DOODADS\TORCHES\OGREWALLTORCH00.skin,m2-skin-profile,1,WORLD\GENERIC\OGRE\PASSIVE DOODADS\TORCHES\OGREWALLTORCH.m2,yes
World\Generic\Orc\Passive Doodads\BarrelsandCrates\crate.blp,m2-embedded-path,5,WORLD\GENERIC\ORC\PASSIVE DOODADS\BARRELSANDCRATES\ORCCRATE07.m2 | WORLD\GENERIC\ORC\PASSIVE DOODADS\BARRELSANDCRATES\ORCCRATE10.m2 | WORLD\GENERIC\ORC\PASSIVE DOODADS\BARRELSANDCRATES\ORCCRATEBROKEN01.m2 | WORLD\GENERIC\ORC\PASSIVE DOODADS\BARRELSANDCRATES\ORCCRATEBROKEN02.m2 | WORLD\GENERIC\ORC\PASSIVE DOODADS\BARRELSANDCRATES\ORCCRATEBROKEN03.m2,yes
World\Generic\Orc\Passive Doodads\BarrelsandCrates\OrcCrate01.blp,m2-embedded-path,1,WORLD\GENERIC\ORC\PASSIVE DOODADS\BARRELSANDCRATES\ORCCRATE01.m2,yes
WORLD\GENERIC\ORC\PASSIVE DOODADS\BARRELSANDCRATES\ORCCRATE01.m2,wmo-doodad-model|wmo-embedded-path,1,WORLD\WMO\CATACLYSM\VASHJIR\CAVES\VASHJIR_SMALL_CAVE.WMO,yes
WORLD\GENERIC\ORC\PASSIVE DOODADS\BARRELSANDCRATES\ORCCRATE0100.skin,m2-skin-profile,1,WORLD\GENERIC\ORC\PASSIVE DOODADS\BARRELSANDCRATES\ORCCRATE01.m2,yes
WORLD\GENERIC\ORC\PASSIVE DOODADS\BARRELSANDCRATES\ORCCRATE03_FLOATING.m2,wmo-doodad-model|wmo-embedded-path,1,WORLD\WMO\CATACLYSM\VASHJIR\CAVES\VASHJIR_SMALL_CAVE.WMO,yes
WORLD\GENERIC\ORC\PASSIVE DOODADS\BARRELSANDCRATES\ORCCRATE03_FLOATING00.skin,m2-skin-profile,1,WORLD\GENERIC\ORC\PASSIVE DOODADS\BARRELSANDCRATES\ORCCRATE03_FLOATING.m2,yes
WORLD\GENERIC\ORC\PASSIVE DOODADS\BARRELSANDCRATES\ORCCRATE03.m2,wmo-doodad-model|wmo-embedded-path,1,WORLD\WMO\CATACLYSM\VASHJIR\CAVES\VASHJIR_SMALL_CAVE.WMO,yes
WORLD\GENERIC\ORC\PASSIVE DOODADS\BARRELSANDCRATES\ORCCRATE0300.skin,m2-skin-profile,1,WORLD\GENERIC\ORC\PASSIVE DOODADS\BARRELSANDCRATES\ORCCRATE03.m2,yes
World\Generic\Orc\Passive Doodads\BarrelsandCrates\OrcCrate07.blp,m2-embedded-path,2,WORLD\GENERIC\ORC\PASSIVE DOODADS\BARRELSANDCRATES\ORCCRATE03.m2 | WORLD\GENERIC\ORC\PASSIVE DOODADS\BARRELSANDCRATES\ORCCRATE03_FLOATING.m2,yes
WORLD\GENERIC\ORC\PASSIVE DOODADS\BARRELSANDCRATES\ORCCRATE07.m2,wmo-doodad-model|wmo-embedded-path,1,WORLD\WMO\CATACLYSM\VASHJIR\CAVES\VASHJIR_SMALL_CAVE.WMO,yes
WORLD\GENERIC\ORC\PASSIVE DOODADS\BARRELSANDCRATES\ORCCRATE0700.skin,m2-skin-profile,1,WORLD\GENERIC\ORC\PASSIVE DOODADS\BARRELSANDCRATES\ORCCRATE07.m2,yes
WORLD\GENERIC\ORC\PASSIVE DOODADS\BARRELSANDCRATES\ORCCRATE10.m2,wmo-doodad-model|wmo-embedded-path,1,WORLD\WMO\CATACLYSM\VASHJIR\CAVES\VASHJIR_SMALL_CAVE.WMO,yes
WORLD\GENERIC\ORC\PASSIVE DOODADS\BARRELSANDCRATES\ORCCRATE1000.skin,m2-skin-profile,1,WORLD\GENERIC\ORC\PASSIVE DOODADS\BARRELSANDCRATES\ORCCRATE10.m2,yes
WORLD\GENERIC\ORC\PASSIVE DOODADS\BARRELSANDCRATES\ORCCRATEBROKEN01.m2,wmo-doodad-model|wmo-embedded-path,1,WORLD\WMO\CATACLYSM\VASHJIR\CAVES\VASHJIR_SMALL_CAVE.WMO,yes
WORLD\GENERIC\ORC\PASSIVE DOODADS\BARRELSANDCRATES\ORCCRATEBROKEN0100.skin,m2-skin-profile,1,WORLD\GENERIC\ORC\PASSIVE DOODADS\BARRELSANDCRATES\ORCCRATEBROKEN01.m2,yes
WORLD\GENERIC\ORC\PASSIVE DOODADS\BARRELSANDCRATES\ORCCRATEBROKEN02.m2,wmo-doodad-model|wmo-embedded-path,1,WORLD\WMO\CATACLYSM\VASHJIR\CAVES\VASHJIR_SMALL_CAVE.WMO,yes
WORLD\GENERIC\ORC\PASSIVE DOODADS\BARRELSANDCRATES\ORCCRATEBROKEN0200.skin,m2-skin-profile,1,WORLD\GENERIC\ORC\PASSIVE DOODADS\BARRELSANDCRATES\ORCCRATEBROKEN02.m2,yes
WORLD\GENERIC\ORC\PASSIVE DOODADS\BARRELSANDCRATES\ORCCRATEBROKEN03.m2,wmo-doodad-model|wmo-embedded-path,1,WORLD\WMO\CATACLYSM\VASHJIR\CAVES\VASHJIR_SMALL_CAVE.WMO,yes
WORLD\GENERIC\ORC\PASSIVE DOODADS\BARRELSANDCRATES\ORCCRATEBROKEN0300.skin,m2-skin-profile,1,WORLD\GENERIC\ORC\PASSIVE DOODADS\BARRELSANDCRATES\ORCCRATEBROKEN03.m2,yes
WORLD\GENERIC\ORC\PASSIVE DOODADS\BURNTOUTPOSTS\BURNTOUTPOST04.m2,wmo-doodad-model|wmo-embedded-path,1,WORLD\WMO\DUNGEON\BOREANMAGNATAURMICRO\BOREANMAGNATAURMICRO_1ROOM.WMO,yes
WORLD\GENERIC\ORC\PASSIVE DOODADS\BURNTOUTPOSTS\BURNTOUTPOST0400.skin,m2-skin-profile,1,WORLD\GENERIC\ORC\PASSIVE DOODADS\BURNTOUTPOSTS\BURNTOUTPOST04.m2,yes
WORLD\GENERIC\ORC\PASSIVE DOODADS\BURNTOUTPOSTS\BURNTOUTPOST05.m2,wmo-doodad-model|wmo-embedded-path,1,WORLD\WMO\DUNGEON\BOREANMAGNATAURMICRO\BOREANMAGNATAURMICRO_1ROOM.WMO,yes
WORLD\GENERIC\ORC\PASSIVE DOODADS\BURNTOUTPOSTS\BURNTOUTPOST0500.skin,m2-skin-profile,1,WORLD\GENERIC\ORC\PASSIVE DOODADS\BURNTOUTPOSTS\BURNTOUTPOST05.m2,yes
WORLD\GENERIC\ORC\PASSIVE DOODADS\BURNTOUTPOSTS\BURNTOUTPOST06.m2,wmo-doodad-model|wmo-embedded-path,1,WORLD\WMO\DUNGEON\BOREANMAGNATAURMICRO\BOREANMAGNATAURMICRO_1ROOM.WMO,yes
WORLD\GENERIC\ORC\PASSIVE DOODADS\BURNTOUTPOSTS\BURNTOUTPOST0600.skin,m2-skin-profile,1,WORLD\GENERIC\ORC\PASSIVE DOODADS\BURNTOUTPOSTS\BURNTOUTPOST06.m2,yes
World\Generic\Orc\Passive Doodads\BurntOutposts\OutpostBurntWood01.blp,m2-embedded-path,3,WORLD\GENERIC\ORC\PASSIVE DOODADS\BURNTOUTPOSTS\BURNTOUTPOST04.m2 | WORLD\GENERIC\ORC\PASSIVE DOODADS\BURNTOUTPOSTS\BURNTOUTPOST05.m2 | WORLD\GENERIC\ORC\PASSIVE DOODADS\BURNTOUTPOSTS\BURNTOUTPOST06.m2,yes
WORLD\GENERIC\ORC\PASSIVE DOODADS\FEEDINGTROUGHS\FEEDTROPH01.BLP,m2-embedded-path,1,WORLD\GENERIC\ORC\PASSIVE DOODADS\HAMMOCKS\HAMMOCK03.m2,yes
WORLD\GENERIC\ORC\PASSIVE DOODADS\HAMMOCKS\HAMMOCK02.m2,wmo-doodad-model|wmo-embedded-path,1,WORLD\WMO\DUNGEON\MD_SHIPWRECK\TRANSPORT_SHIPWRECK_SUNKENSHIP.WMO,yes
WORLD\GENERIC\ORC\PASSIVE DOODADS\HAMMOCKS\HAMMOCK0200.skin,m2-skin-profile,1,WORLD\GENERIC\ORC\PASSIVE DOODADS\HAMMOCKS\HAMMOCK02.m2,yes
WORLD\GENERIC\ORC\PASSIVE DOODADS\HAMMOCKS\HAMMOCK03.m2,wmo-doodad-model|wmo-embedded-path,1,WORLD\WMO\DUNGEON\MD_SHIPWRECK\SHIPWRECK_A.WMO,yes
WORLD\GENERIC\ORC\PASSIVE DOODADS\HAMMOCKS\HAMMOCK0300.skin,m2-skin-profile,1,WORLD\GENERIC\ORC\PASSIVE DOODADS\HAMMOCKS\HAMMOCK03.m2,yes
WORLD\GENERIC\ORC\PASSIVE DOODADS\HAMMOCKS\HAMMOCK04.m2,wmo-doodad-model|wmo-embedded-path,1,WORLD\WMO\DUNGEON\MD_SHIPWRECK\SHIPWRECK_A.WMO,yes
WORLD\GENERIC\ORC\PASSIVE DOODADS\HAMMOCKS\HAMMOCK0400.skin,m2-skin-profile,1,WORLD\GENERIC\ORC\PASSIVE DOODADS\HAMMOCKS\HAMMOCK04.m2,yes
World\Generic\Orc\Passive Doodads\Hammocks\HammockBits02.blp,m2-embedded-path,2,WORLD\GENERIC\ORC\PASSIVE DOODADS\HAMMOCKS\HAMMOCK02.m2 | WORLD\GENERIC\ORC\PASSIVE DOODADS\HAMMOCKS\HAMMOCK04.m2,yes
World\Generic\Orc\Passive Doodads\Hammocks\HammockNet02.blp,m2-embedded-path,3,WORLD\GENERIC\ORC\PASSIVE DOODADS\HAMMOCKS\HAMMOCK02.m2 | WORLD\GENERIC\ORC\PASSIVE DOODADS\HAMMOCKS\HAMMOCK03.m2 | WORLD\GENERIC\ORC\PASSIVE DOODADS\HAMMOCKS\HAMMOCK04.m2,yes
WORLD\GENERIC\ORC\PASSIVE DOODADS\JARS\JARORC02.m2,wmo-doodad-model|wmo-embedded-path,1,WORLD\WMO\CATACLYSM\VASHJIR\CAVES\VASHJIR_SMALL_CAVE.WMO,yes
WORLD\GENERIC\ORC\PASSIVE DOODADS\JARS\JARORC0200.skin,m2-skin-profile,1,WORLD\GENERIC\ORC\PASSIVE DOODADS\JARS\JARORC02.m2,yes
WORLD\GENERIC\ORC\PASSIVE DOODADS\JARS\JARORC05.m2,wmo-doodad-model|wmo-embedded-path,1,WORLD\WMO\CATACLYSM\VASHJIR\CAVES\VASHJIR_SMALL_CAVE.WMO,yes
WORLD\GENERIC\ORC\PASSIVE DOODADS\JARS\JARORC0500.skin,m2-skin-profile,1,WORLD\GENERIC\ORC\PASSIVE DOODADS\JARS\JARORC05.m2,yes
WORLD\GENERIC\ORC\PASSIVE DOODADS\JARS\JARORC06.m2,wmo-doodad-model|wmo-embedded-path,1,WORLD\WMO\CATACLYSM\VASHJIR\CAVES\VASHJIR_SMALL_CAVE.WMO,yes
WORLD\GENERIC\ORC\PASSIVE DOODADS\JARS\JARORC0600.skin,m2-skin-profile,1,WORLD\GENERIC\ORC\PASSIVE DOODADS\JARS\JARORC06.m2,yes
WORLD\GENERIC\ORC\PASSIVE DOODADS\JARS\POTTERY01.BLP,m2-embedded-path,1,WORLD\GENERIC\ORC\PASSIVE DOODADS\JARS\JARORC02.m2,yes
World\Generic\Orc\Passive Doodads\Jars\Pottery02.blp,m2-embedded-path,1,WORLD\GENERIC\ORC\PASSIVE DOODADS\JARS\JARORC05.m2,yes
World\Generic\Orc\Passive Doodads\Jars\Pottery02A.blp,m2-embedded-path,1,WORLD\GENERIC\ORC\PASSIVE DOODADS\JARS\JARORC06.m2,yes
WORLD\GENERIC\ORC\PASSIVE DOODADS\VOODOOSTUFF\GENERICGLOW1.BLP,m2-embedded-path,2,WORLD\EXPANSION02\DOODADS\GENERIC\VRYKUL\COOKING\VR_COOKPOT_01.M2 | WORLD\EXPANSION02\DOODADS\GENERIC\VRYKUL\COOKING\VR_COOKPOT_02.M2,yes
WORLD\GENERIC\ORC\PASSIVE DOODADS\WEAPONS\ORCAXE01.BLP,m2-embedded-path,1,WORLD\GENERIC\ORC\PASSIVE DOODADS\WEAPONS\ORCAXE01.m2,yes
WORLD\GENERIC\ORC\PASSIVE DOODADS\WEAPONS\ORCAXE01.m2,wmo-doodad-model|wmo-embedded-path,1,WORLD\WMO\CATACLYSM\VASHJIR\CAVES\VASHJIR_SMALL_CAVE.WMO,yes
WORLD\GENERIC\ORC\PASSIVE DOODADS\WEAPONS\ORCAXE0100.skin,m2-skin-profile,1,WORLD\GENERIC\ORC\PASSIVE DOODADS\WEAPONS\ORCAXE01.m2,yes
WORLD\GENERIC\ORC\PASSIVE DOODADS\WEAPONS\ORCAXE03.BLP,m2-embedded-path,1,WORLD\GENERIC\ORC\PASSIVE DOODADS\WEAPONS\ORCAXE03.m2,yes
WORLD\GENERIC\ORC\PASSIVE DOODADS\WEAPONS\ORCAXE03.m2,wmo-doodad-model|wmo-embedded-path,1,WORLD\WMO\CATACLYSM\VASHJIR\CAVES\VASHJIR_SMALL_CAVE.WMO,yes
WORLD\GENERIC\ORC\PASSIVE DOODADS\WEAPONS\ORCAXE0300.skin,m2-skin-profile,1,WORLD\GENERIC\ORC\PASSIVE DOODADS\WEAPONS\ORCAXE03.m2,yes
WORLD\GENERIC\PASSIVEDOODADS\AHNQIRAJ\WEAPONCRATE02.BLP,m2-embedded-path,1,WORLD\GENERIC\PASSIVEDOODADS\WEAPONCRATES\WEAPONCRATEHORDEAXEOPEN.m2,yes
WORLD\GENERIC\PASSIVEDOODADS\BARREL\BARREL01.m2,wmo-doodad-model|wmo-embedded-path,1,WORLD\WMO\DUNGEON\MD_SHIPWRECK\TRANSPORT_SHIPWRECK_SUNKENSHIP.WMO,yes
WORLD\GENERIC\PASSIVEDOODADS\BARREL\BARREL0100.skin,m2-skin-profile,1,WORLD\GENERIC\PASSIVEDOODADS\BARREL\BARREL01.m2,yes
WORLD\GENERIC\PASSIVEDOODADS\BARREL\BARREL04DARK2.BLP,m2-embedded-path,1,WORLD\GENERIC\PASSIVEDOODADS\BARREL\BARREL01.m2,yes
WORLD\GENERIC\PASSIVEDOODADS\BARREL\BROKENBARREL01.m2,wmo-doodad-model|wmo-embedded-path,1,WORLD\WMO\NORTHREND\BUILDINGS\FORSAKEN\SHIPWRECK\ND_FORSAKEN_SHIPWRECK.WMO,yes
WORLD\GENERIC\PASSIVEDOODADS\BARREL\BROKENBARREL0100.skin,m2-skin-profile,1,WORLD\GENERIC\PASSIVEDOODADS\BARREL\BROKENBARREL01.m2,yes
WORLD\GENERIC\PASSIVEDOODADS\BARREL\BROKENBARREL02.m2,wmo-doodad-model|wmo-embedded-path,2,WORLD\WMO\DUNGEON\MD_SHIPWRECK\SHIPWRECK_A.WMO | WORLD\WMO\DUNGEON\MD_SHIPWRECK\TRANSPORT_SHIPWRECK_SUNKENSHIP.WMO,yes
WORLD\GENERIC\PASSIVEDOODADS\BARREL\BROKENBARREL0200.skin,m2-skin-profile,1,WORLD\GENERIC\PASSIVEDOODADS\BARREL\BROKENBARREL02.m2,yes
WORLD\GENERIC\PASSIVEDOODADS\BARREL\WESTFALLBARREL01SKIN.BLP,m2-embedded-path,2,WORLD\GENERIC\PASSIVEDOODADS\BARREL\BROKENBARREL01.m2 | WORLD\GENERIC\PASSIVEDOODADS\BARREL\BROKENBARREL02.m2,yes
WORLD\GENERIC\PASSIVEDOODADS\CRATE01\CRATE01.m2,wmo-doodad-model|wmo-embedded-path,3,WORLD\WMO\DUNGEON\MD_SHIPWRECK\SHIPWRECK_A.WMO | WORLD\WMO\DUNGEON\MD_SHIPWRECK\SHIPWRECK_B.WMO | WORLD\WMO\DUNGEON\MD_SHIPWRECK\TRANSPORT_SHIPWRECK_SUNKENSHIP.WMO,yes
WORLD\GENERIC\PASSIVEDOODADS\CRATE01\CRATE0100.skin,m2-skin-profile,1,WORLD\GENERIC\PASSIVEDOODADS\CRATE01\CRATE01.m2,yes
World\Generic\PassiveDoodads\Crate01\crates01sides.blp,m2-embedded-path,1,WORLD\GENERIC\PASSIVEDOODADS\CRATE01\CRATE01.m2,yes
WORLD\GENERIC\PASSIVEDOODADS\DEATHSKELETONS\DEATHSKELETONSKIN.BLP,m2-embedded-path,2,WORLD\GENERIC\PASSIVEDOODADS\DEATHSKELETONS\NAGAFEMALEDEATHSKELETON.M2 | WORLD\GENERIC\PASSIVEDOODADS\DEATHSKELETONS\NAGAMALEDEATHSKELETON.M2,yes
WORLD\GENERIC\PASSIVEDOODADS\DEATHSKELETONS\NAGAFEMALEDEATHSKELETON00.skin,m2-skin-profile,1,WORLD\GENERIC\PASSIVEDOODADS\DEATHSKELETONS\NAGAFEMALEDEATHSKELETON.M2,yes
WORLD\GENERIC\PASSIVEDOODADS\DEATHSKELETONS\NAGAMALEDEATHSKELETON00.skin,m2-skin-profile,1,WORLD\GENERIC\PASSIVEDOODADS\DEATHSKELETONS\NAGAMALEDEATHSKELETON.M2,yes
WORLD\GENERIC\PASSIVEDOODADS\FISH\FELBLOOD_SNAPPA.BLP,m2-embedded-path,1,WORLD\GENERIC\PASSIVEDOODADS\FISH\FISH_FELBLOOD_SNAPPA.M2,yes
WORLD\GENERIC\PASSIVEDOODADS\FISH\FISH_FELBLOOD_SNAPPA.m2,wmo-doodad-model|wmo-embedded-path,1,WORLD\WMO\CATACLYSM\VASHJIR\CAVES\VASHJIR_SMALL_CAVE.WMO,yes
WORLD\GENERIC\PASSIVEDOODADS\FISH\FISH_FELBLOOD_SNAPPA00.skin,m2-skin-profile,1,WORLD\GENERIC\PASSIVEDOODADS\FISH\FISH_FELBLOOD_SNAPPA.M2,yes
WORLD\GENERIC\PASSIVEDOODADS\FISH\FISH_FELBLOOD_SNAPPA01.skin,m2-skin-profile,1,WORLD\GENERIC\PASSIVEDOODADS\FISH\FISH_FELBLOOD_SNAPPA.M2,yes
World\Generic\PassiveDoodads\Fish\Fish_GoldCarp.blp,m2-embedded-path,2,WORLD\GENERIC\PASSIVEDOODADS\FISH\FISH_REDFLOATER.m2 | WORLD\GENERIC\PASSIVEDOODADS\FISH\FISH_REDFLOATER_02.m2,yes
World\Generic\PassiveDoodads\Fish\Fish_GreenCarp.blp,m2-embedded-path,1,WORLD\GENERIC\PASSIVEDOODADS\FISH\FISH_REDFLOATER_02.m2,yes
WORLD\GENERIC\PASSIVEDOODADS\FISH\FISH_REDFLOATER_02.m2,wmo-doodad-model|wmo-embedded-path,1,WORLD\WMO\DUNGEON\MD_SHIPWRECK\TRANSPORT_SHIPWRECK_SUNKENSHIP.WMO,yes
WORLD\GENERIC\PASSIVEDOODADS\FISH\FISH_REDFLOATER_0200.skin,m2-skin-profile,1,WORLD\GENERIC\PASSIVEDOODADS\FISH\FISH_REDFLOATER_02.m2,yes
WORLD\GENERIC\PASSIVEDOODADS\FISH\FISH_REDFLOATER.m2,wmo-doodad-model|wmo-embedded-path,1,WORLD\WMO\DUNGEON\MD_SHIPWRECK\TRANSPORT_SHIPWRECK_SUNKENSHIP.WMO,yes
WORLD\GENERIC\PASSIVEDOODADS\FISH\FISH_REDFLOATER00.skin,m2-skin-profile,1,WORLD\GENERIC\PASSIVEDOODADS\FISH\FISH_REDFLOATER.m2,yes
WORLD\GENERIC\PASSIVEDOODADS\FISH\FISH_REF_BLUE.BLP,m2-embedded-path,1,WORLD\GENERIC\PASSIVEDOODADS\FISH\FISH_FELBLOOD_SNAPPA.M2,yes
WORLD\GENERIC\PASSIVEDOODADS\FISH\FISH_REF_ORANGE.BLP,m2-embedded-path,3,WORLD\GENERIC\PASSIVEDOODADS\FISH\FISH_REDFLOATER.m2 | WORLD\GENERIC\PASSIVEDOODADS\FISH\FISH_REDFLOATER_02.m2 | WORLD\GENERIC\PASSIVEDOODADS\FISH\FISH_YELLOWFLOATER.m2,yes
World\Generic\PassiveDoodads\Fish\Fish_StripedCarp.blp,m2-embedded-path,1,WORLD\GENERIC\PASSIVEDOODADS\FISH\FISH_YELLOWFLOATER.m2,yes
WORLD\GENERIC\PASSIVEDOODADS\FISH\FISH_YELLOWFLOATER.m2,wmo-doodad-model|wmo-embedded-path,1,WORLD\WMO\DUNGEON\MD_SHIPWRECK\TRANSPORT_SHIPWRECK_SUNKENSHIP.WMO,yes
WORLD\GENERIC\PASSIVEDOODADS\FISH\FISH_YELLOWFLOATER00.skin,m2-skin-profile,1,WORLD\GENERIC\PASSIVEDOODADS\FISH\FISH_YELLOWFLOATER.m2,yes
WORLD\GENERIC\PASSIVEDOODADS\FISH\FISHBIG_04.BLP,m2-embedded-path,1,WORLD\GENERIC\PASSIVEDOODADS\FISH\FISHSCHOOL_05.M2,yes
WORLD\GENERIC\PASSIVEDOODADS\FISH\FISHSCHOOL_0500.skin,m2-skin-profile,1,WORLD\GENERIC\PASSIVEDOODADS\FISH\FISHSCHOOL_05.M2,yes
WORLD\GENERIC\PASSIVEDOODADS\FISH\FISHSCHOOL_0501.skin,m2-skin-profile,1,WORLD\GENERIC\PASSIVEDOODADS\FISH\FISHSCHOOL_05.M2,yes
WORLD\GENERIC\PASSIVEDOODADS\FISH\FISHSCHOOL_0502.skin,m2-skin-profile,1,WORLD\GENERIC\PASSIVEDOODADS\FISH\FISHSCHOOL_05.M2,yes
WORLD\GENERIC\PASSIVEDOODADS\FISH\FISHSCHOOL_0503.skin,m2-skin-profile,1,WORLD\GENERIC\PASSIVEDOODADS\FISH\FISHSCHOOL_05.M2,yes
World\Generic\PassiveDoodads\Fish\fishskel01.blp,m2-embedded-path,1,WORLD\GENERIC\PASSIVEDOODADS\FISH\FISHSKEL01.m2,yes
WORLD\GENERIC\PASSIVEDOODADS\FISH\FISHSKEL01.m2,wmo-doodad-model|wmo-embedded-path,1,WORLD\WMO\CATACLYSM\VASHJIR\CAVES\VASHJIR_SMALL_CAVE.WMO,yes
WORLD\GENERIC\PASSIVEDOODADS\FISH\FISHSKEL0100.skin,m2-skin-profile,1,WORLD\GENERIC\PASSIVEDOODADS\FISH\FISHSKEL01.m2,yes
WORLD\GENERIC\PASSIVEDOODADS\FISH\FISHSKEL02.BLP,m2-embedded-path,1,WORLD\GENERIC\PASSIVEDOODADS\FISH\FISHSKEL02.m2,yes
WORLD\GENERIC\PASSIVEDOODADS\FISH\FISHSKEL02.m2,wmo-doodad-model|wmo-embedded-path,1,WORLD\WMO\CATACLYSM\VASHJIR\CAVES\VASHJIR_SMALL_CAVE.WMO,yes
WORLD\GENERIC\PASSIVEDOODADS\FISH\FISHSKEL0200.skin,m2-skin-profile,1,WORLD\GENERIC\PASSIVEDOODADS\FISH\FISHSKEL02.m2,yes
WORLD\GENERIC\PASSIVEDOODADS\FLOATINGDEBRIS\FLOATINGBARREL01.m2,wmo-doodad-model|wmo-embedded-path,2,WORLD\WMO\DUNGEON\MD_SHIPWRECK\TRANSPORT_SHIPWRECK_SUNKENSHIP.WMO | WORLD\WMO\NORTHREND\BUILDINGS\FORSAKEN\SHIPWRECK\ND_FORSAKEN_SHIPWRECK.WMO,yes
WORLD\GENERIC\PASSIVEDOODADS\FLOATINGDEBRIS\FLOATINGBARREL0100.skin,m2-skin-profile,1,WORLD\GENERIC\PASSIVEDOODADS\FLOATINGDEBRIS\FLOATINGBARREL01.m2,yes
WORLD\GENERIC\PASSIVEDOODADS\FLOATINGDEBRIS\FLOATINGBOARDS01.m2,wmo-doodad-model|wmo-embedded-path,1,WORLD\WMO\DUNGEON\MD_SHIPWRECK\TRANSPORT_SHIPWRECK_SUNKENSHIP.WMO,yes
WORLD\GENERIC\PASSIVEDOODADS\FLOATINGDEBRIS\FLOATINGBOARDS0100.skin,m2-skin-profile,1,WORLD\GENERIC\PASSIVEDOODADS\FLOATINGDEBRIS\FLOATINGBOARDS01.m2,yes
WORLD\GENERIC\PASSIVEDOODADS\FLOATINGDEBRIS\FLOATINGCRATE01.m2,wmo-doodad-model|wmo-embedded-path,1,WORLD\WMO\DUNGEON\MD_SHIPWRECK\TRANSPORT_SHIPWRECK_SUNKENSHIP.WMO,yes
WORLD\GENERIC\PASSIVEDOODADS\FLOATINGDEBRIS\FLOATINGCRATE0100.skin,m2-skin-profile,1,WORLD\GENERIC\PASSIVEDOODADS\FLOATINGDEBRIS\FLOATINGCRATE01.m2,yes
WORLD\GENERIC\PASSIVEDOODADS\FURNITURE\CONTAINERS\BARREL02.m2,wmo-doodad-model|wmo-embedded-path,1,WORLD\WMO\NORTHREND\BUILDINGS\FORSAKEN\SHIPWRECK\ND_FORSAKEN_SHIPWRECK.WMO,yes
WORLD\GENERIC\PASSIVEDOODADS\FURNITURE\CONTAINERS\BARREL0200.skin,m2-skin-profile,1,WORLD\GENERIC\PASSIVEDOODADS\FURNITURE\CONTAINERS\BARREL02.m2,yes
WORLD\GENERIC\PASSIVEDOODADS\FURNITURE\CONTAINERS\SACK01.m2,wmo-doodad-model|wmo-embedded-path,1,WORLD\WMO\DUNGEON\MD_SHIPWRECK\TRANSPORT_SHIPWRECK_SUNKENSHIP.WMO,yes
WORLD\GENERIC\PASSIVEDOODADS\FURNITURE\CONTAINERS\SACK0100.skin,m2-skin-profile,1,WORLD\GENERIC\PASSIVEDOODADS\FURNITURE\CONTAINERS\SACK01.m2,yes
WORLD\GENERIC\PASSIVEDOODADS\FURNITURE\REFUSE\BONE01.m2,wmo-doodad-model|wmo-embedded-path,1,WORLD\WMO\DUNGEON\BOREANMAGNATAURMICRO\BOREANMAGNATAURMICRO_1ROOM.WMO,yes
WORLD\GENERIC\PASSIVEDOODADS\FURNITURE\REFUSE\BONE0100.skin,m2-skin-profile,1,WORLD\GENERIC\PASSIVEDOODADS\FURNITURE\REFUSE\BONE01.m2,yes
WORLD\GENERIC\PASSIVEDOODADS\FURNITURE\REFUSE\BONE02.m2,wmo-doodad-model|wmo-embedded-path,1,WORLD\WMO\DUNGEON\BOREANMAGNATAURMICRO\BOREANMAGNATAURMICRO_1ROOM.WMO,yes
WORLD\GENERIC\PASSIVEDOODADS\FURNITURE\REFUSE\BONE0200.skin,m2-skin-profile,1,WORLD\GENERIC\PASSIVEDOODADS\FURNITURE\REFUSE\BONE02.m2,yes
WORLD\GENERIC\PASSIVEDOODADS\PARTICLEEMITTERS\BUBBLES01.m2,wmo-doodad-model|wmo-embedded-path,1,WORLD\WMO\NORTHREND\BUILDINGS\FORSAKEN\SHIPWRECK\ND_FORSAKEN_SHIPWRECK.WMO,yes
WORLD\GENERIC\PASSIVEDOODADS\PARTICLEEMITTERS\BUBBLES0100.skin,m2-skin-profile,1,WORLD\GENERIC\PASSIVEDOODADS\PARTICLEEMITTERS\BUBBLES01.m2,yes
WORLD\GENERIC\PASSIVEDOODADS\PARTICLEEMITTERS\BUBBLESB_BIGEMITTER.m2,wmo-doodad-model|wmo-embedded-path,1,WORLD\WMO\DUNGEON\MD_SHIPWRECK\TRANSPORT_SHIPWRECK_SUNKENSHIP.WMO,yes
WORLD\GENERIC\PASSIVEDOODADS\PARTICLEEMITTERS\BUBBLESB_BIGEMITTER00.skin,m2-skin-profile,1,WORLD\GENERIC\PASSIVEDOODADS\PARTICLEEMITTERS\BUBBLESB_BIGEMITTER.m2,yes
WORLD\GENERIC\PASSIVEDOODADS\PARTICLEEMITTERS\BUBBLESB.m2,wmo-doodad-model|wmo-embedded-path,2,WORLD\WMO\DUNGEON\MD_SHIPWRECK\TRANSPORT_SHIPWRECK_SUNKENSHIP.WMO | WORLD\WMO\NORTHREND\BUILDINGS\FORSAKEN\SHIPWRECK\ND_FORSAKEN_SHIPWRECK.WMO,yes
WORLD\GENERIC\PASSIVEDOODADS\PARTICLEEMITTERS\BUBBLESB00.skin,m2-skin-profile,1,WORLD\GENERIC\PASSIVEDOODADS\PARTICLEEMITTERS\BUBBLESB.m2,yes
WORLD\GENERIC\PASSIVEDOODADS\PLAINRUNE\BINDSTONEJEWEL.BLP,m2-embedded-path,1,WORLD\GENERIC\PASSIVEDOODADS\PLAINRUNE\RUNESTONE.M2,yes
WORLD\GENERIC\PASSIVEDOODADS\PLAINRUNE\RUNESTONE00.skin,m2-skin-profile,1,WORLD\GENERIC\PASSIVEDOODADS\PLAINRUNE\RUNESTONE.M2,yes
WORLD\GENERIC\PASSIVEDOODADS\PLAINRUNE\SHAFTPLAIN.BLP,m2-embedded-path,1,WORLD\GENERIC\PASSIVEDOODADS\PLAINRUNE\RUNESTONE.M2,yes
WORLD\GENERIC\PASSIVEDOODADS\PLAINRUNE\STEPSPLAIN.BLP,m2-embedded-path,1,WORLD\GENERIC\PASSIVEDOODADS\PLAINRUNE\RUNESTONE.M2,yes
WORLD\GENERIC\PASSIVEDOODADS\SHIPS\SHIPANIMATION\VRYKUL_FLAME_PARTICLE.m2,wmo-doodad-model|wmo-embedded-path,2,WORLD\WMO\TRANSPORTS\VRYKULBOATS\TRANSPORT_VRYKUL_LARGE.WMO | WORLD\WMO\TRANSPORTS\VRYKULBOATS\TRANSPORT_VRYKUL_LARGELESS.WMO,yes
WORLD\GENERIC\PASSIVEDOODADS\SHIPS\SHIPANIMATION\VRYKUL_FLAME_PARTICLE00.skin,m2-skin-profile,1,WORLD\GENERIC\PASSIVEDOODADS\SHIPS\SHIPANIMATION\VRYKUL_FLAME_PARTICLE.m2,yes
WORLD\GENERIC\PASSIVEDOODADS\WALL\BONES\CAVEDEADMULE_01.BLP,m2-embedded-path,1,WORLD\GENERIC\PASSIVEDOODADS\WALL\BONES\CAVEWALLBONES02.m2,yes
WORLD\GENERIC\PASSIVEDOODADS\WALL\BONES\CAVEWALLBONES02.m2,wmo-doodad-model|wmo-embedded-path,1,WORLD\WMO\DUNGEON\BOREANMAGNATAURMICRO\BOREANMAGNATAURMICRO_1ROOM.WMO,yes
WORLD\GENERIC\PASSIVEDOODADS\WALL\BONES\CAVEWALLBONES0200.skin,m2-skin-profile,1,WORLD\GENERIC\PASSIVEDOODADS\WALL\BONES\CAVEWALLBONES02.m2,yes
World\Generic\PassiveDoodads\WeaponCrates\Axe_1H_Hatchet_A_01Crate.blp,m2-embedded-path,1,WORLD\GENERIC\PASSIVEDOODADS\WEAPONCRATES\WEAPONCRATEHORDEAXEOPEN.m2,yes
WORLD\GENERIC\PASSIVEDOODADS\WEAPONCRATES\WEAPONCRATE02.BLP,m2-embedded-path,1,WORLD\GENERIC\PASSIVEDOODADS\WEAPONCRATES\WEAPONCRATEHORDEAXEOPEN.m2,yes
WORLD\GENERIC\PASSIVEDOODADS\WEAPONCRATES\WEAPONCRATEHORDEAXEOPEN.m2,wmo-doodad-model|wmo-embedded-path,1,WORLD\WMO\CATACLYSM\VASHJIR\CAVES\VASHJIR_SMALL_CAVE.WMO,yes
WORLD\GENERIC\PASSIVEDOODADS\WEAPONCRATES\WEAPONCRATEHORDEAXEOPEN00.skin,m2-skin-profile,1,WORLD\GENERIC\PASSIVEDOODADS\WEAPONCRATES\WEAPONCRATEHORDEAXEOPEN.m2,yes
WORLD\GENERIC\PASSIVEDOODADS\WEAPONS\NAGA_TRIDENT_HORIZONTAL.m2,wmo-doodad-model|wmo-embedded-path,1,WORLD\WMO\CATACLYSM\VASHJIR\CAVES\VASHJIR_SMALL_CAVE.WMO,yes
WORLD\GENERIC\PASSIVEDOODADS\WEAPONS\NAGA_TRIDENT_HORIZONTAL00.skin,m2-skin-profile,1,WORLD\GENERIC\PASSIVEDOODADS\WEAPONS\NAGA_TRIDENT_HORIZONTAL.m2,yes
WORLD\GENERIC\PASSIVEDOODADS\WEAPONS\NAGA_TRIDENT.m2,wmo-doodad-model|wmo-embedded-path,1,WORLD\WMO\CATACLYSM\VASHJIR\CAVES\VASHJIR_SMALL_CAVE.WMO,yes
WORLD\GENERIC\PASSIVEDOODADS\WEAPONS\NAGA_TRIDENT00.skin,m2-skin-profile,1,WORLD\GENERIC\PASSIVEDOODADS\WEAPONS\NAGA_TRIDENT.m2,yes
WORLD\GENERIC\PASSIVEDOODADS\WEAPONS\TRIDENT COPY.BLP,m2-embedded-path,2,WORLD\GENERIC\PASSIVEDOODADS\WEAPONS\NAGA_TRIDENT.m2 | WORLD\GENERIC\PASSIVEDOODADS\WEAPONS\NAGA_TRIDENT_HORIZONTAL.m2,yes
WORLD\GENERIC\PVP\COLLISIONWALL\COLLISION_000.wmo,wmo-group,1,WORLD\GENERIC\PVP\COLLISIONWALL\COLLISION.WMO,yes
WORLD\GENERIC\PVP\COLLISIONWALL\COLLISIONWALLPVP0200.skin,m2-skin-profile,1,WORLD\GENERIC\PVP\COLLISIONWALL\COLLISIONWALLPVP02.M2,yes
WORLD\GENERIC\TAUREN\PASSIVE DOODADS\SACKS\TAURENSACK02.m2,wmo-doodad-model|wmo-embedded-path,1,WORLD\WMO\DUNGEON\MD_SHIPWRECK\TRANSPORT_SHIPWRECK_SUNKENSHIP.WMO,yes
WORLD\GENERIC\TAUREN\PASSIVE DOODADS\SACKS\TAURENSACK0200.skin,m2-skin-profile,1,WORLD\GENERIC\TAUREN\PASSIVE DOODADS\SACKS\TAURENSACK02.m2,yes
World\Generic\Tauren\Passive Doodads\TaurenTravois\DeadMineFloorNets4.blp,m2-embedded-path,4,WORLD\GENERIC\HUMAN\PASSIVE DOODADS\CARGONETBOXES\DEADMINECARGONETBOXES.m2 | WORLD\GENERIC\HUMAN\PASSIVE DOODADS\CARGONETS\DEADMINECARGONET01.m2 | WORLD\GENERIC\HUMAN\PASSIVE DOODADS\CARGONETS\DEADMINECARGONET02.m2 | WORLD\GENERIC\HUMAN\PASSIVE DOODADS\CARGONETS\DEADMINECARGONETLARGE.m2,yes
World\Generic\Tauren\Passive Doodads\TaurenTravois\DeadMineNetsWood.blp,m2-embedded-path,1,WORLD\GENERIC\HUMAN\PASSIVE DOODADS\CARGONETBOXES\DEADMINECARGONETBOXES.m2,yes
WORLD\GENERIC\TROLL\PASSIVE DOODADS\MUMMYTROLLS\CAVEBONE01.BLP,m2-embedded-path,8,WORLD\EXPANSION03\DOODADS\VASHJIR\BONES\VJ_WHALEBONES_04.M2 | WORLD\EXPANSION03\DOODADS\VASHJIR\SEAMONSTER\VJ_SEAMONSTER_BONESSKULL_02.M2 | WORLD\EXPANSION03\DOODADS\VASHJIR\SEAMONSTER\VJ_SEAMONSTER_BONESSKULL_03.M2 | WORLD\EXPANSION03\DOODADS\VASHJIR\SEAMONSTER\VJ_SEAMONSTER_BONESSKULL_04.M2 | WORLD\GENERIC\PASSIVEDOODADS\FURNITURE\REFUSE\BONE01.m2 | WORLD\GENERIC\PASSIVEDOODADS\FURNITURE\REFUSE\BONE02.m2 | WORLD\GENERIC\PASSIVEDOODADS\PARTICLEEMITTERS\BUBBLES01.m2 | WORLD\GENERIC\PASSIVEDOODADS\PARTICLEEMITTERS\BUBBLESB.m2,yes
World\Generic\Undead\Passive Doodads\Bell\AnchorMetal.blp,m2-embedded-path,1,WORLD\GENERIC\HUMAN\PASSIVE DOODADS\ANCHOR\DEADMINEANCHOR.m2,yes
WORLD\GENERIC\UNDEAD\PASSIVE DOODADS\UNDEADALCHEMYTABLE\GLASS2BOTTLE04_UNDEAD.BLP,m2-embedded-path,1,WORLD\GENERIC\UNDEAD\PASSIVE DOODADS\UNDEADALCHEMYTABLE\UNDEAD_ALCHEMY_TABLE.M2,yes
WORLD\GENERIC\UNDEAD\PASSIVE DOODADS\UNDEADALCHEMYTABLE\GLASSBOTTLE04_UNDEAD.BLP,m2-embedded-path,1,WORLD\GENERIC\UNDEAD\PASSIVE DOODADS\UNDEADALCHEMYTABLE\UNDEAD_ALCHEMY_TABLE.M2,yes
WORLD\GENERIC\UNDEAD\PASSIVE DOODADS\UNDEADALCHEMYTABLE\TUBE02_UNDEAD.BLP,m2-embedded-path,1,WORLD\GENERIC\UNDEAD\PASSIVE DOODADS\UNDEADALCHEMYTABLE\UNDEAD_ALCHEMY_TABLE.M2,yes
WORLD\GENERIC\UNDEAD\PASSIVE DOODADS\UNDEADALCHEMYTABLE\UNDEAD_ALCHEMY_TABLE00.skin,m2-skin-profile,1,WORLD\GENERIC\UNDEAD\PASSIVE DOODADS\UNDEADALCHEMYTABLE\UNDEAD_ALCHEMY_TABLE.M2,yes
WORLD\GENERIC\UNDEAD\PASSIVE DOODADS\UNDEADALCHEMYTABLE\UNDEAD_METAL_ALCHEMY_SET_TRIM.BLP,m2-embedded-path,1,WORLD\GENERIC\UNDEAD\PASSIVE DOODADS\UNDEADALCHEMYTABLE\UNDEAD_ALCHEMY_TABLE.M2,yes
WORLD\GENERIC\UNDEAD\PASSIVE DOODADS\UNDEADALCHEMYTABLE\VIAL03_UNDEAD.BLP,m2-embedded-path,1,WORLD\GENERIC\UNDEAD\PASSIVE DOODADS\UNDEADALCHEMYTABLE\UNDEAD_ALCHEMY_TABLE.M2,yes
WORLD\GENERIC\UNDEAD\PASSIVE DOODADS\UNDEADALCHEMYTABLE\VIAL04_UNDEAD.BLP,m2-embedded-path,1,WORLD\GENERIC\UNDEAD\PASSIVE DOODADS\UNDEADALCHEMYTABLE\UNDEAD_ALCHEMY_TABLE.M2,yes
WORLD\GENERIC\UNDEAD\PASSIVE DOODADS\UNDEADALCHEMYTABLE\VIAL05_UNDEAD.BLP,m2-embedded-path,1,WORLD\GENERIC\UNDEAD\PASSIVE DOODADS\UNDEADALCHEMYTABLE\UNDEAD_ALCHEMY_TABLE.M2,yes
WORLD\GENERIC\UNDEAD\PASSIVE DOODADS\UNDEADTOOLSTABLE\UNDEAD_OPERATING_TABLE.BLP,m2-embedded-path,1,WORLD\GENERIC\UNDEAD\PASSIVE DOODADS\UNDEADALCHEMYTABLE\UNDEAD_ALCHEMY_TABLE.M2,yes
WORLD\GENERIC\UNDERWATER\PASSIVEDOODADS\PLANTS\PLANT01.BLP,m2-embedded-path,1,WORLD\GENERIC\UNDERWATER\PASSIVEDOODADS\PLANTS\PLANT02.m2,yes
WORLD\GENERIC\UNDERWATER\PASSIVEDOODADS\PLANTS\PLANT02.m2,wmo-doodad-model|wmo-embedded-path,1,WORLD\WMO\NORTHREND\BUILDINGS\FORSAKEN\SHIPWRECK\ND_FORSAKEN_SHIPWRECK.WMO,yes
WORLD\GENERIC\UNDERWATER\PASSIVEDOODADS\PLANTS\PLANT0200.skin,m2-skin-profile,1,WORLD\GENERIC\UNDERWATER\PASSIVEDOODADS\PLANTS\PLANT02.m2,yes
WORLD\GENERIC\UNDERWATER\PASSIVEDOODADS\SEAWEED\GENERICSEAWEED06.m2,wmo-doodad-model|wmo-embedded-path,1,WORLD\WMO\NORTHREND\BUILDINGS\FORSAKEN\SHIPWRECK\ND_FORSAKEN_SHIPWRECK.WMO,yes
WORLD\GENERIC\UNDERWATER\PASSIVEDOODADS\SEAWEED\GENERICSEAWEED0600.skin,m2-skin-profile,1,WORLD\GENERIC\UNDERWATER\PASSIVEDOODADS\SEAWEED\GENERICSEAWEED06.m2,yes
WORLD\GENERIC\UNDERWATER\PASSIVEDOODADS\SEAWEED\GENERICSEAWEED07.m2,wmo-doodad-model|wmo-embedded-path,1,WORLD\WMO\NORTHREND\BUILDINGS\FORSAKEN\SHIPWRECK\ND_FORSAKEN_SHIPWRECK.WMO,yes
WORLD\GENERIC\UNDERWATER\PASSIVEDOODADS\SEAWEED\GENERICSEAWEED0700.skin,m2-skin-profile,1,WORLD\GENERIC\UNDERWATER\PASSIVEDOODADS\SEAWEED\GENERICSEAWEED07.m2,yes
WORLD\GENERIC\UNDERWATER\PASSIVEDOODADS\SEAWEED\GENERICSEAWEED08.m2,wmo-doodad-model|wmo-embedded-path,1,WORLD\WMO\NORTHREND\BUILDINGS\FORSAKEN\SHIPWRECK\ND_FORSAKEN_SHIPWRECK.WMO,yes
WORLD\GENERIC\UNDERWATER\PASSIVEDOODADS\SEAWEED\GENERICSEAWEED0800.skin,m2-skin-profile,1,WORLD\GENERIC\UNDERWATER\PASSIVEDOODADS\SEAWEED\GENERICSEAWEED08.m2,yes
WORLD\GENERIC\UNDERWATER\PASSIVEDOODADS\SEAWEED\GENERICSEAWEED10.m2,wmo-doodad-model|wmo-embedded-path,1,WORLD\WMO\NORTHREND\BUILDINGS\FORSAKEN\SHIPWRECK\ND_FORSAKEN_SHIPWRECK.WMO,yes
WORLD\GENERIC\UNDERWATER\PASSIVEDOODADS\SEAWEED\GENERICSEAWEED1000.skin,m2-skin-profile,1,WORLD\GENERIC\UNDERWATER\PASSIVEDOODADS\SEAWEED\GENERICSEAWEED10.m2,yes
WORLD\GENERIC\UNDERWATER\PASSIVEDOODADS\SEAWEED\SEAWEED07.BLP,m2-embedded-path,1,WORLD\GENERIC\UNDERWATER\PASSIVEDOODADS\SEAWEED\GENERICSEAWEED06.m2,yes
WORLD\GENERIC\UNDERWATER\PASSIVEDOODADS\SEAWEED\SEEWEED01.BLP,m2-embedded-path,3,WORLD\GENERIC\UNDERWATER\PASSIVEDOODADS\SEAWEED\GENERICSEAWEED07.m2 | WORLD\GENERIC\UNDERWATER\PASSIVEDOODADS\SEAWEED\GENERICSEAWEED08.m2 | WORLD\GENERIC\UNDERWATER\PASSIVEDOODADS\SEAWEED\GENERICSEAWEED10.m2,yes
WORLD\GOOBER\BUBBLE.BLP,m2-embedded-path,4,WORLD\EXPANSION01\DOODADS\GENERIC\NAGA\DISTILLER\NA_DISTILLER.M2 | WORLD\GENERIC\PASSIVEDOODADS\PARTICLEEMITTERS\BUBBLES01.m2 | WORLD\GENERIC\PASSIVEDOODADS\PARTICLEEMITTERS\BUBBLESB.m2 | WORLD\GENERIC\PASSIVEDOODADS\PARTICLEEMITTERS\BUBBLESB_BIGEMITTER.m2,yes
WORLD\KALIMDOR\ASHENVALE\PASSIVEDOODADS\SATYRRUINS\PILLAR09.BLP,m2-embedded-path,1,WORLD\KALIMDOR\ASHENVALE\PASSIVEDOODADS\SATYRRUINS\RUINSSATYRARCH.M2,yes
WORLD\KALIMDOR\ASHENVALE\PASSIVEDOODADS\SATYRRUINS\RUINSSATYRALTPILLAR0100.skin,m2-skin-profile,1,WORLD\KALIMDOR\ASHENVALE\PASSIVEDOODADS\SATYRRUINS\RUINSSATYRALTPILLAR01.M2,yes
WORLD\KALIMDOR\ASHENVALE\PASSIVEDOODADS\SATYRRUINS\RUINSSATYRARCH00.skin,m2-skin-profile,1,WORLD\KALIMDOR\ASHENVALE\PASSIVEDOODADS\SATYRRUINS\RUINSSATYRARCH.M2,yes
WORLD\KALIMDOR\ASHENVALE\PASSIVEDOODADS\SATYRRUINS\RUINSSATYRCRUMBLEDROCK04.BLP,m2-embedded-path,6,WORLD\KALIMDOR\ASHENVALE\PASSIVEDOODADS\SATYRRUINS\RUINSSATYRARCH.M2 | WORLD\KALIMDOR\ASHENVALE\PASSIVEDOODADS\SATYRRUINS\RUINSSATYRWALL01.M2 | WORLD\KALIMDOR\ASHENVALE\PASSIVEDOODADS\SATYRRUINS\RUINSSATYRWALL02.M2 | WORLD\KALIMDOR\ASHENVALE\PASSIVEDOODADS\SATYRRUINS\RUINSSATYRWALL03.M2 | WORLD\KALIMDOR\ASHENVALE\PASSIVEDOODADS\SATYRRUINS\RUINSSATYRWALL04.M2 | WORLD\KALIMDOR\ASHENVALE\PASSIVEDOODADS\SATYRRUINS\RUINSSATYRWALL06.M2,yes
WORLD\KALIMDOR\ASHENVALE\PASSIVEDOODADS\SATYRRUINS\RUINSSATYRPILLAR02.BLP,m2-embedded-path,2,WORLD\KALIMDOR\ASHENVALE\PASSIVEDOODADS\SATYRRUINS\RUINSSATYRWALL02.M2 | WORLD\KALIMDOR\ASHENVALE\PASSIVEDOODADS\SATYRRUINS\RUINSSATYRWALL03.M2,yes
WORLD\KALIMDOR\ASHENVALE\PASSIVEDOODADS\SATYRRUINS\RUINSSATYRPILLAR08.BLP,m2-embedded-path,4,WORLD\KALIMDOR\ASHENVALE\PASSIVEDOODADS\SATYRRUINS\RUINSSATYRALTPILLAR01.M2 | WORLD\KALIMDOR\ASHENVALE\PASSIVEDOODADS\SATYRRUINS\RUINSSATYRARCH.M2 | WORLD\KALIMDOR\ASHENVALE\PASSIVEDOODADS\SATYRRUINS\RUINSSATYRWALL01.M2 | WORLD\KALIMDOR\ASHENVALE\PASSIVEDOODADS\SATYRRUINS\RUINSSATYRWALL06.M2,yes
WORLD\KALIMDOR\ASHENVALE\PASSIVEDOODADS\SATYRRUINS\RUINSSATYRROOT06.BLP,m2-embedded-path,2,WORLD\KALIMDOR\ASHENVALE\PASSIVEDOODADS\SATYRRUINS\RUINSSATYRALTPILLAR01.M2 | WORLD\KALIMDOR\ASHENVALE\PASSIVEDOODADS\SATYRRUINS\RUINSSATYRARCH.M2,yes
WORLD\KALIMDOR\ASHENVALE\PASSIVEDOODADS\SATYRRUINS\RUINSSATYRSTONE01.BLP,m2-embedded-path,3,WORLD\KALIMDOR\ASHENVALE\PASSIVEDOODADS\SATYRRUINS\RUINSSATYRWALL02.M2 | WORLD\KALIMDOR\ASHENVALE\PASSIVEDOODADS\SATYRRUINS\RUINSSATYRWALL03.M2 | WORLD\KALIMDOR\ASHENVALE\PASSIVEDOODADS\SATYRRUINS\RUINSSATYRWALL04.M2,yes
WORLD\KALIMDOR\ASHENVALE\PASSIVEDOODADS\SATYRRUINS\RUINSSATYRTOP07.BLP,m2-embedded-path,4,WORLD\KALIMDOR\ASHENVALE\PASSIVEDOODADS\SATYRRUINS\RUINSSATYRARCH.M2 | WORLD\KALIMDOR\ASHENVALE\PASSIVEDOODADS\SATYRRUINS\RUINSSATYRWALL01.M2 | WORLD\KALIMDOR\ASHENVALE\PASSIVEDOODADS\SATYRRUINS\RUINSSATYRWALL02.M2 | WORLD\KALIMDOR\ASHENVALE\PASSIVEDOODADS\SATYRRUINS\RUINSSATYRWALL06.M2,yes
WORLD\KALIMDOR\ASHENVALE\PASSIVEDOODADS\SATYRRUINS\RUINSSATYRWALL0100.skin,m2-skin-profile,1,WORLD\KALIMDOR\ASHENVALE\PASSIVEDOODADS\SATYRRUINS\RUINSSATYRWALL01.M2,yes
WORLD\KALIMDOR\ASHENVALE\PASSIVEDOODADS\SATYRRUINS\RUINSSATYRWALL0200.skin,m2-skin-profile,1,WORLD\KALIMDOR\ASHENVALE\PASSIVEDOODADS\SATYRRUINS\RUINSSATYRWALL02.M2,yes
WORLD\KALIMDOR\ASHENVALE\PASSIVEDOODADS\SATYRRUINS\RUINSSATYRWALL0300.skin,m2-skin-profile,1,WORLD\KALIMDOR\ASHENVALE\PASSIVEDOODADS\SATYRRUINS\RUINSSATYRWALL03.M2,yes
WORLD\KALIMDOR\ASHENVALE\PASSIVEDOODADS\SATYRRUINS\RUINSSATYRWALL0400.skin,m2-skin-profile,1,WORLD\KALIMDOR\ASHENVALE\PASSIVEDOODADS\SATYRRUINS\RUINSSATYRWALL04.M2,yes
WORLD\KALIMDOR\ASHENVALE\PASSIVEDOODADS\SATYRRUINS\RUINSSATYRWALL0600.skin,m2-skin-profile,1,WORLD\KALIMDOR\ASHENVALE\PASSIVEDOODADS\SATYRRUINS\RUINSSATYRWALL06.M2,yes
World\Kalimdor\Ashenvale\PassiveDoodads\Shrines\NEShrine01.blp,m2-embedded-path,1,WORLD\KALIMDOR\ASHENVALE\PASSIVEDOODADS\SHRINES\NESHRINESATYR.M2,yes
WORLD\KALIMDOR\ASHENVALE\PASSIVEDOODADS\SHRINES\NESHRINESATYR00.skin,m2-skin-profile,1,WORLD\KALIMDOR\ASHENVALE\PASSIVEDOODADS\SHRINES\NESHRINESATYR.M2,yes
World\Kalimdor\Ashenvale\PassiveDoodads\Shrines\NEShrineSatyr01.blp,m2-embedded-path,1,WORLD\KALIMDOR\ASHENVALE\PASSIVEDOODADS\SHRINES\NESHRINESATYR.M2,yes
WORLD\KALIMDOR\BLACKFATHOM\PASSIVEDOODADS\WATERFALLS\BFD_WATERFALLS10_NOSOUND.m2,wmo-doodad-model|wmo-embedded-path,2,WORLD\WMO\CATACLYSM\VASHJIR\CAVES\VASHJIR_SMALL_CAVE.WMO | WORLD\WMO\DUNGEON\MD_SHIPWRECK\TRANSPORT_SHIPWRECK_SUNKENSHIP.WMO,yes
WORLD\KALIMDOR\BLACKFATHOM\PASSIVEDOODADS\WATERFALLS\BFD_WATERFALLS10_NOSOUND00.skin,m2-skin-profile,1,WORLD\KALIMDOR\BLACKFATHOM\PASSIVEDOODADS\WATERFALLS\BFD_WATERFALLS10_NOSOUND.m2,yes
WORLD\KALIMDOR\BLACKFATHOM\PASSIVEDOODADS\WATERFALLS\BFD_WATERFALLS11_NOSOUND.m2,wmo-doodad-model|wmo-embedded-path,2,WORLD\WMO\CATACLYSM\VASHJIR\CAVES\VASHJIR_SMALL_CAVE.WMO | WORLD\WMO\DUNGEON\MD_SHIPWRECK\TRANSPORT_SHIPWRECK_SUNKENSHIP.WMO,yes
WORLD\KALIMDOR\BLACKFATHOM\PASSIVEDOODADS\WATERFALLS\BFD_WATERFALLS11_NOSOUND00.skin,m2-skin-profile,1,WORLD\KALIMDOR\BLACKFATHOM\PASSIVEDOODADS\WATERFALLS\BFD_WATERFALLS11_NOSOUND.m2,yes
WORLD\KALIMDOR\BLACKFATHOM\PASSIVEDOODADS\WATERFALLS\WATERFALL01.BLP,m2-embedded-path,2,WORLD\KALIMDOR\BLACKFATHOM\PASSIVEDOODADS\WATERFALLS\BFD_WATERFALLS10_NOSOUND.m2 | WORLD\KALIMDOR\BLACKFATHOM\PASSIVEDOODADS\WATERFALLS\BFD_WATERFALLS11_NOSOUND.m2,yes
WORLD\KALIMDOR\DARKSHORE\GIANTSEATURTLE\CHINAWALL01.BLP,wmo-embedded-path|wmo-material-texture,1,WORLD\WMO\KALIMDOR\COLLIDABLEDOODADS\DARKSHORE\GIANTSEATURTLE01\GIANTSEATURTLE01.WMO,yes
WORLD\KALIMDOR\DARKSHORE\GIANTSEATURTLE\GIANTSEATURTLE0300.skin,m2-skin-profile,1,WORLD\KALIMDOR\DARKSHORE\GIANTSEATURTLE\GIANTSEATURTLE03.M2,yes
WORLD\KALIMDOR\DARKSHORE\GIANTSEATURTLE\GIANTSEATURTLE0400.skin,m2-skin-profile,1,WORLD\KALIMDOR\DARKSHORE\GIANTSEATURTLE\GIANTSEATURTLE04.M2,yes
World\Kalimdor\Darkshore\GiantSeaTurtle\SeaTurtleSkull01.blp,m2-embedded-path,1,WORLD\KALIMDOR\DARKSHORE\GIANTSEATURTLE\GIANTSEATURTLE03.M2,yes
WORLD\KALIMDOR\DARKSHORE\GIANTSEATURTLE\SEATURTLESKULL02.BLP,wmo-embedded-path|wmo-material-texture,2,WORLD\WMO\KALIMDOR\COLLIDABLEDOODADS\DARKSHORE\GIANTSEATURTLE01\GIANTSEATURTLE01.WMO | WORLD\WMO\KALIMDOR\COLLIDABLEDOODADS\DARKSHORE\GIANTSEATURTLE02\GIANTSEATURTLE02.WMO,yes
WORLD\KALIMDOR\DARKSHORE\GIANTSEATURTLE\TURTLEBUCKEL01.BLP,wmo-embedded-path|wmo-material-texture,1,WORLD\WMO\KALIMDOR\COLLIDABLEDOODADS\DARKSHORE\GIANTSEATURTLE01\GIANTSEATURTLE01.WMO,yes
WORLD\KALIMDOR\DARKSHORE\GIANTSEATURTLE\TURTLEROOF.BLP,wmo-embedded-path|wmo-material-texture,1,WORLD\WMO\KALIMDOR\COLLIDABLEDOODADS\DARKSHORE\GIANTSEATURTLE01\GIANTSEATURTLE01.WMO,yes
WORLD\KALIMDOR\DARKSHORE\GIANTSEATURTLE\TURTLEROOFTOP_01.BLP,wmo-embedded-path|wmo-material-texture,1,WORLD\WMO\KALIMDOR\COLLIDABLEDOODADS\DARKSHORE\GIANTSEATURTLE01\GIANTSEATURTLE01.WMO,yes
WORLD\KALIMDOR\DARKSHORE\GIANTSEATURTLE\TURTLEROOFTOP_02.BLP,wmo-embedded-path|wmo-material-texture,1,WORLD\WMO\KALIMDOR\COLLIDABLEDOODADS\DARKSHORE\GIANTSEATURTLE01\GIANTSEATURTLE01.WMO,yes
WORLD\KALIMDOR\DARKSHORE\GIANTSEATURTLE\TURTLESHELL.BLP,wmo-embedded-path|wmo-material-texture,2,WORLD\WMO\KALIMDOR\COLLIDABLEDOODADS\DARKSHORE\GIANTSEATURTLE01\GIANTSEATURTLE01.WMO | WORLD\WMO\KALIMDOR\COLLIDABLEDOODADS\DARKSHORE\GIANTSEATURTLE02\GIANTSEATURTLE02.WMO,yes
WORLD\KALIMDOR\DARKSHORE\GIANTSEATURTLE\TURTLESHELLCAGE01.BLP,m2-embedded-path|wmo-embedded-path|wmo-material-texture,3,WORLD\KALIMDOR\DARKSHORE\GIANTSEATURTLE\GIANTSEATURTLE04.M2 | WORLD\WMO\KALIMDOR\COLLIDABLEDOODADS\DARKSHORE\GIANTSEATURTLE01\GIANTSEATURTLE01.WMO | WORLD\WMO\KALIMDOR\COLLIDABLEDOODADS\DARKSHORE\GIANTSEATURTLE02\GIANTSEATURTLE02.WMO,yes
WORLD\KALIMDOR\DARKSHORE\GIANTSNAKESKULLS\SNAKEGIANT01.BLP,m2-embedded-path,3,WORLD\KALIMDOR\DARKSHORE\GIANTSNAKESKULLS\SNAKESKULLGIANT.M2 | WORLD\KALIMDOR\DARKSHORE\GIANTSNAKESPINES\SNAKESPINEGIANT01.M2 | WORLD\KALIMDOR\DARKSHORE\GIANTSNAKESPINES\SNAKESPINEGIANT02.M2,yes
WORLD\KALIMDOR\DARKSHORE\GIANTSNAKESKULLS\SNAKESKULLGIANT00.skin,m2-skin-profile,1,WORLD\KALIMDOR\DARKSHORE\GIANTSNAKESKULLS\SNAKESKULLGIANT.M2,yes
WORLD\KALIMDOR\DARKSHORE\GIANTSNAKESPINES\SNAKESPINEGIANT0100.skin,m2-skin-profile,1,WORLD\KALIMDOR\DARKSHORE\GIANTSNAKESPINES\SNAKESPINEGIANT01.M2,yes
WORLD\KALIMDOR\DARKSHORE\GIANTSNAKESPINES\SNAKESPINEGIANT0200.skin,m2-skin-profile,1,WORLD\KALIMDOR\DARKSHORE\GIANTSNAKESPINES\SNAKESPINEGIANT02.M2,yes
WORLD\KALIMDOR\DARKSHORE\PASSIVEDOODADS\SEAMONSTERCARCASS\DARKFINS01.BLP,m2-embedded-path,1,WORLD\KALIMDOR\DARKSHORE\PASSIVEDOODADS\SEAMONSTERCARCASS\DARKSHORESEAMONSTER01.M2,yes
WORLD\KALIMDOR\DARKSHORE\PASSIVEDOODADS\SEAMONSTERCARCASS\DARKSHORESEAMONSTER0100.skin,m2-skin-profile,1,WORLD\KALIMDOR\DARKSHORE\PASSIVEDOODADS\SEAMONSTERCARCASS\DARKSHORESEAMONSTER01.M2,yes
WORLD\KALIMDOR\DARKSHORE\PASSIVEDOODADS\SEAMONSTERCARCASS\DEADTHRESHADONSKIN01.BLP,m2-embedded-path,1,WORLD\KALIMDOR\DARKSHORE\PASSIVEDOODADS\SEAMONSTERCARCASS\DARKSHORESEAMONSTER01.M2,yes
WORLD\KALIMDOR\DARKSHORE\PASSIVEDOODADS\SEAMONSTERCARCASS\DEADTHRESHADONSKIN02.BLP,m2-embedded-path,1,WORLD\KALIMDOR\DARKSHORE\PASSIVEDOODADS\SEAMONSTERCARCASS\DARKSHORESEAMONSTER01.M2,yes
WORLD\KALIMDOR\DARKSHORE\THRESHADONCORPSE\DARKSHORETHRESHADONCORPSE00.skin,m2-skin-profile,1,WORLD\KALIMDOR\DARKSHORE\THRESHADONCORPSE\DARKSHORETHRESHADONCORPSE.M2,yes
WORLD\KALIMDOR\DARKSHORE\THRESHADONCORPSE\THRESHADONSKIN16.BLP,m2-embedded-path,1,WORLD\KALIMDOR\DARKSHORE\THRESHADONCORPSE\DARKSHORETHRESHADONCORPSE.M2,yes
World\Kalimdor\Desolace\PassiveDoodads\Rocks\DesolaceRock01.blp,m2-embedded-path,1,WORLD\KALIMDOR\DESOLACE\PASSIVEDOODADS\ROCKS\DESOLACEROCK04.M2,yes
WORLD\KALIMDOR\DESOLACE\PASSIVEDOODADS\ROCKS\DESOLACEROCK0400.skin,m2-skin-profile,1,WORLD\KALIMDOR\DESOLACE\PASSIVEDOODADS\ROCKS\DESOLACEROCK04.M2,yes
WORLD\KALIMDOR\DIREMAUL\PASSIVEDOODADS\RUBBLE\STONEEAR01.BLP,wmo-embedded-path|wmo-material-texture,1,WORLD\WMO\CATACLYSM\VASHJIR\BUILDINGS\VASHJIR_PALACE_BUILDINGS.WMO,yes
WORLD\KALIMDOR\FERALAS\PASSIVEDOODADS\TREE\FROSTGLOWBALL64.BLP,m2-embedded-path,1,WORLD\EXPANSION01\DOODADS\GENERIC\NAGA\TORCH\NA_TORCH01.M2,yes
WORLD\KALIMDOR\GENERIC\PASSIVEDOODADS\ELEVENDESTORYERWRECKBACK\DESTORYERLAMP.BLP,m2-embedded-path,1,WORLD\KALIMDOR\GENERIC\PASSIVEDOODADS\ELEVENDESTORYERWRECKBACK\ELVENDESTROYERWRECKBACK.M2,yes
WORLD\KALIMDOR\GENERIC\PASSIVEDOODADS\ELEVENDESTORYERWRECKBACK\DESTORYERLAMPTOP.BLP,m2-embedded-path,1,WORLD\KALIMDOR\GENERIC\PASSIVEDOODADS\ELEVENDESTORYERWRECKBACK\ELVENDESTROYERWRECKBACK.M2,yes
WORLD\KALIMDOR\GENERIC\PASSIVEDOODADS\ELEVENDESTORYERWRECKBACK\DESTORYERPOLE.BLP,m2-embedded-path,3,WORLD\KALIMDOR\GENERIC\PASSIVEDOODADS\ELEVENDESTORYERWRECKBACK\ELVENDESTROYERWRECKBACK.M2 | WORLD\KALIMDOR\GENERIC\PASSIVEDOODADS\ELEVENDESTORYERWRECKFRONT\ELVENDESTROYERWRECKFRONT.M2 | WORLD\KALIMDOR\GENERIC\PASSIVEDOODADS\ELEVENDESTORYERWRECKSAILS\ELVENDESTROYERWRECKSAILS.M2,yes
WORLD\KALIMDOR\GENERIC\PASSIVEDOODADS\ELEVENDESTORYERWRECKBACK\DESTORYERPOLERED.BLP,m2-embedded-path,3,WORLD\KALIMDOR\GENERIC\PASSIVEDOODADS\ELEVENDESTORYERWRECKBACK\ELVENDESTROYERWRECKBACK.M2 | WORLD\KALIMDOR\GENERIC\PASSIVEDOODADS\ELEVENDESTORYERWRECKFRONT\ELVENDESTROYERWRECKFRONT.M2 | WORLD\KALIMDOR\GENERIC\PASSIVEDOODADS\ELEVENDESTORYERWRECKSAILS\ELVENDESTROYERWRECKSAILS.M2,yes
WORLD\KALIMDOR\GENERIC\PASSIVEDOODADS\ELEVENDESTORYERWRECKBACK\DESTORYERREDWOOD01.BLP,m2-embedded-path,2,WORLD\KALIMDOR\GENERIC\PASSIVEDOODADS\ELEVENDESTORYERWRECKBACK\ELVENDESTROYERWRECKBACK.M2 | WORLD\KALIMDOR\GENERIC\PASSIVEDOODADS\ELEVENDESTORYERWRECKFRONT\ELVENDESTROYERWRECKFRONT.M2,yes
WORLD\KALIMDOR\GENERIC\PASSIVEDOODADS\ELEVENDESTORYERWRECKBACK\DESTORYERRUDDER.BLP,m2-embedded-path,1,WORLD\KALIMDOR\GENERIC\PASSIVEDOODADS\ELEVENDESTORYERWRECKBACK\ELVENDESTROYERWRECKBACK.M2,yes
WORLD\KALIMDOR\GENERIC\PASSIVEDOODADS\ELEVENDESTORYERWRECKBACK\DESTORYERSAILS01.BLP,m2-embedded-path,3,WORLD\KALIMDOR\GENERIC\PASSIVEDOODADS\ELEVENDESTORYERWRECKBACK\ELVENDESTROYERWRECKBACK.M2 | WORLD\KALIMDOR\GENERIC\PASSIVEDOODADS\ELEVENDESTORYERWRECKFRONT\ELVENDESTROYERWRECKFRONT.M2 | WORLD\KALIMDOR\GENERIC\PASSIVEDOODADS\ELEVENDESTORYERWRECKSAILS\ELVENDESTROYERWRECKSAILS.M2,yes
WORLD\KALIMDOR\GENERIC\PASSIVEDOODADS\ELEVENDESTORYERWRECKBACK\DESTORYERWOOD02.BLP,m2-embedded-path,2,WORLD\KALIMDOR\GENERIC\PASSIVEDOODADS\ELEVENDESTORYERWRECKBACK\ELVENDESTROYERWRECKBACK.M2 | WORLD\KALIMDOR\GENERIC\PASSIVEDOODADS\ELEVENDESTORYERWRECKFRONT\ELVENDESTROYERWRECKFRONT.M2,yes
WORLD\KALIMDOR\GENERIC\PASSIVEDOODADS\ELEVENDESTORYERWRECKBACK\ELVENDESTROYERWRECKBACK00.skin,m2-skin-profile,1,WORLD\KALIMDOR\GENERIC\PASSIVEDOODADS\ELEVENDESTORYERWRECKBACK\ELVENDESTROYERWRECKBACK.M2,yes
WORLD\KALIMDOR\GENERIC\PASSIVEDOODADS\ELEVENDESTORYERWRECKFRONT\DESTORYERBLADE01.BLP,m2-embedded-path,1,WORLD\KALIMDOR\GENERIC\PASSIVEDOODADS\ELEVENDESTORYERWRECKFRONT\ELVENDESTROYERWRECKFRONT.M2,yes
WORLD\KALIMDOR\GENERIC\PASSIVEDOODADS\ELEVENDESTORYERWRECKFRONT\DESTORYERBLADE02.BLP,m2-embedded-path,1,WORLD\KALIMDOR\GENERIC\PASSIVEDOODADS\ELEVENDESTORYERWRECKFRONT\ELVENDESTROYERWRECKFRONT.M2,yes
WORLD\KALIMDOR\GENERIC\PASSIVEDOODADS\ELEVENDESTORYERWRECKFRONT\DESTORYERBLADEALL.BLP,m2-embedded-path,1,WORLD\KALIMDOR\GENERIC\PASSIVEDOODADS\ELEVENDESTORYERWRECKFRONT\ELVENDESTROYERWRECKFRONT.M2,yes
WORLD\KALIMDOR\GENERIC\PASSIVEDOODADS\ELEVENDESTORYERWRECKFRONT\ELVENDESTROYERWRECKFRONT00.skin,m2-skin-profile,1,WORLD\KALIMDOR\GENERIC\PASSIVEDOODADS\ELEVENDESTORYERWRECKFRONT\ELVENDESTROYERWRECKFRONT.M2,yes
WORLD\KALIMDOR\GENERIC\PASSIVEDOODADS\ELEVENDESTORYERWRECKSAILS\ELVENDESTROYERWRECKSAILS00.skin,m2-skin-profile,1,WORLD\KALIMDOR\GENERIC\PASSIVEDOODADS\ELEVENDESTORYERWRECKSAILS\ELVENDESTROYERWRECKSAILS.M2,yes
World\Kalimdor\Hyjal\PassiveDoodads\Smoke\Hyjal_Smoke_SkyBowlA.blp,m2-embedded-path,1,World\Kalimdor\Hyjal\PassiveDoodads\Smoke\Hyjal_SmokeClouds.M2,yes
World\Kalimdor\Hyjal\PassiveDoodads\Smoke\Hyjal_SmokeCloudCover.blp,m2-embedded-path,1,World\Kalimdor\Hyjal\PassiveDoodads\Smoke\Hyjal_SmokeClouds.M2,yes
World\Kalimdor\Hyjal\PassiveDoodads\Smoke\Hyjal_SmokeClouds00.skin,m2-skin-profile,1,World\Kalimdor\Hyjal\PassiveDoodads\Smoke\Hyjal_SmokeClouds.M2,yes
WORLD\KALIMDOR\HYJAL\PASSIVEDOODADS\TREES\ASHENVALEMIDTREE02TRUNK.BLP,m2-embedded-path,1,WORLD\KALIMDOR\KALIDAR\PASSIVEDOODADS\KALIDARTREES\KALIDARTREE05.m2,yes
WORLD\KALIMDOR\KALIDAR\PASSIVEDOODADS\KALIDARBUSHES\KALIDARBUSH_01.BLP,m2-embedded-path,1,WORLD\KALIMDOR\KALIDAR\PASSIVEDOODADS\KALIDARBUSHES\KALIDARBUSH01.m2,yes
WORLD\KALIMDOR\KALIDAR\PASSIVEDOODADS\KALIDARBUSHES\KALIDARBUSH01.m2,wmo-doodad-model|wmo-embedded-path,1,WORLD\WMO\KALIMDOR\BUILDINGS\CLASSICALELFRUINS\AZRCLASSICALELFRUIN_UW09.WMO,yes
WORLD\KALIMDOR\KALIDAR\PASSIVEDOODADS\KALIDARBUSHES\KALIDARBUSH0100.skin,m2-skin-profile,1,WORLD\KALIMDOR\KALIDAR\PASSIVEDOODADS\KALIDARBUSHES\KALIDARBUSH01.m2,yes
WORLD\KALIMDOR\KALIDAR\PASSIVEDOODADS\KALIDARBUSHES\KALIDARBUSH02.m2,wmo-doodad-model|wmo-embedded-path,1,WORLD\WMO\KALIMDOR\BUILDINGS\CLASSICALELFRUINS\AZRCLASSICALELFRUIN_UW09.WMO,yes
WORLD\KALIMDOR\KALIDAR\PASSIVEDOODADS\KALIDARBUSHES\KALIDARBUSH0200.skin,m2-skin-profile,1,WORLD\KALIMDOR\KALIDAR\PASSIVEDOODADS\KALIDARBUSHES\KALIDARBUSH02.m2,yes
WORLD\KALIMDOR\KALIDAR\PASSIVEDOODADS\KALIDARBUSHES\KALIDARBUSH03.m2,wmo-doodad-model|wmo-embedded-path,1,WORLD\WMO\KALIMDOR\BUILDINGS\CLASSICALELFRUINS\AZRCLASSICALELFRUIN_UW09.WMO,yes
WORLD\KALIMDOR\KALIDAR\PASSIVEDOODADS\KALIDARBUSHES\KALIDARBUSH0300.skin,m2-skin-profile,1,WORLD\KALIMDOR\KALIDAR\PASSIVEDOODADS\KALIDARBUSHES\KALIDARBUSH03.m2,yes
WORLD\KALIMDOR\KALIDAR\PASSIVEDOODADS\KALIDARBUSHES\KALIDARBUSH04.m2,wmo-doodad-model|wmo-embedded-path,1,WORLD\WMO\KALIMDOR\BUILDINGS\CLASSICALELFRUINS\AZRCLASSICALELFRUIN_UW09.WMO,yes
WORLD\KALIMDOR\KALIDAR\PASSIVEDOODADS\KALIDARBUSHES\KALIDARBUSH0400.skin,m2-skin-profile,1,WORLD\KALIMDOR\KALIDAR\PASSIVEDOODADS\KALIDARBUSHES\KALIDARBUSH04.m2,yes
WORLD\KALIMDOR\KALIDAR\PASSIVEDOODADS\KALIDARBUSHES\KALIDARSHRUB01.BLP,m2-embedded-path,2,WORLD\KALIMDOR\KALIDAR\PASSIVEDOODADS\KALIDARBUSHES\KALIDARBUSH03.m2 | WORLD\KALIMDOR\KALIDAR\PASSIVEDOODADS\KALIDARBUSHES\KALIDARBUSH04.m2,yes
World\Kalimdor\Kalidar\PassiveDoodads\KalidarBushes\MoongladeMidTree01_Purple.blp,m2-embedded-path,1,WORLD\KALIMDOR\KALIDAR\PASSIVEDOODADS\KALIDARBUSHES\KALIDARBUSH02.m2,yes
WORLD\KALIMDOR\KALIDAR\PASSIVEDOODADS\KALIDARHARPYNEST\SPINE02.BLP,m2-embedded-path,4,WORLD\AZEROTH\THEBLASTEDLANDS\PASSIVEDOODADS\BONES\BLASTEDLANDSBONE01.M2 | WORLD\AZEROTH\THEBLASTEDLANDS\PASSIVEDOODADS\BONES\BLASTEDLANDSBONEPILE02.M2 | WORLD\AZEROTH\THEBLASTEDLANDS\PASSIVEDOODADS\BONES\BLASTEDLANDSBONEPILE03.M2 | WORLD\AZEROTH\TheBlastedlands\PassiveDoodads\Bones\BLASTEDLANDSSPINE01.m2,yes
WORLD\KALIMDOR\KALIDAR\PASSIVEDOODADS\KALIDARROOTS\KALIDARTREETRUNK01_PURPLE.BLP,m2-embedded-path,1,WORLD\KALIMDOR\KALIDAR\PASSIVEDOODADS\KALIDARTREES\KALIDARTREE02.m2,yes
WORLD\KALIMDOR\KALIDAR\PASSIVEDOODADS\KALIDARTREES\KALIDARBRANCH02A.BLP,m2-embedded-path,1,WORLD\KALIMDOR\KALIDAR\PASSIVEDOODADS\KALIDARTREES\KALIDARTREE02.m2,yes
WORLD\KALIMDOR\KALIDAR\PASSIVEDOODADS\KALIDARTREES\KALIDARMIDTREE_PURPLE.BLP,m2-embedded-path,2,WORLD\KALIMDOR\KALIDAR\PASSIVEDOODADS\KALIDARTREES\KALIDARTREE03.m2 | WORLD\KALIMDOR\KALIDAR\PASSIVEDOODADS\KALIDARTREES\KALIDARTREE04.m2,yes
WORLD\KALIMDOR\KALIDAR\PASSIVEDOODADS\KALIDARTREES\KALIDARTREE02.m2,wmo-doodad-model|wmo-embedded-path,1,WORLD\WMO\KALIMDOR\BUILDINGS\CLASSICALELFRUINS\AZRCLASSICALELFRUIN_UW09.WMO,yes
WORLD\KALIMDOR\KALIDAR\PASSIVEDOODADS\KALIDARTREES\KALIDARTREE0200.skin,m2-skin-profile,1,WORLD\KALIMDOR\KALIDAR\PASSIVEDOODADS\KALIDARTREES\KALIDARTREE02.m2,yes
WORLD\KALIMDOR\KALIDAR\PASSIVEDOODADS\KALIDARTREES\KALIDARTREE03.m2,wmo-doodad-model|wmo-embedded-path,1,WORLD\WMO\KALIMDOR\BUILDINGS\CLASSICALELFRUINS\AZRCLASSICALELFRUIN_UW09.WMO,yes
WORLD\KALIMDOR\KALIDAR\PASSIVEDOODADS\KALIDARTREES\KALIDARTREE0300.skin,m2-skin-profile,1,WORLD\KALIMDOR\KALIDAR\PASSIVEDOODADS\KALIDARTREES\KALIDARTREE03.m2,yes
WORLD\KALIMDOR\KALIDAR\PASSIVEDOODADS\KALIDARTREES\KALIDARTREE04.m2,wmo-doodad-model|wmo-embedded-path,1,WORLD\WMO\KALIMDOR\BUILDINGS\CLASSICALELFRUINS\AZRCLASSICALELFRUIN_UW09.WMO,yes
WORLD\KALIMDOR\KALIDAR\PASSIVEDOODADS\KALIDARTREES\KALIDARTREE0400.skin,m2-skin-profile,1,WORLD\KALIMDOR\KALIDAR\PASSIVEDOODADS\KALIDARTREES\KALIDARTREE04.m2,yes
WORLD\KALIMDOR\KALIDAR\PASSIVEDOODADS\KALIDARTREES\KALIDARTREE05.m2,wmo-doodad-model|wmo-embedded-path,1,WORLD\WMO\KALIMDOR\BUILDINGS\CLASSICALELFRUINS\AZRCLASSICALELFRUIN_UW09.WMO,yes
WORLD\KALIMDOR\KALIDAR\PASSIVEDOODADS\KALIDARTREES\KALIDARTREE0500.skin,m2-skin-profile,1,WORLD\KALIMDOR\KALIDAR\PASSIVEDOODADS\KALIDARTREES\KALIDARTREE05.m2,yes
WORLD\KALIMDOR\SILITHUS\PASSIVEDOODADS\CRYSTALS\SILITHUS_CRYSTAL_ENVIRONMENT_MAP.BLP,m2-embedded-path,2,WORLD\EXPANSION02\DOODADS\GENERIC\ORACLE\O_TRASHPILE_01.M2 | WORLD\EXPANSION02\DOODADS\GENERIC\ORACLE\O_TRASHPILE_02.M2,yes
WORLD\KALIMDOR\SILITHUS\PASSIVEDOODADS\TWILIGHTTABLET\TWILIGHTTABLET.BLP,m2-embedded-path,1,WORLD\KALIMDOR\SILITHUS\PASSIVEDOODADS\TWILIGHTTABLET\TWILIGHTTABLETUPPER.M2,yes
WORLD\KALIMDOR\SILITHUS\PASSIVEDOODADS\TWILIGHTTABLET\TWILIGHTTABLETUPPER00.skin,m2-skin-profile,1,WORLD\KALIMDOR\SILITHUS\PASSIVEDOODADS\TWILIGHTTABLET\TWILIGHTTABLETUPPER.M2,yes
WORLD\KALIMDOR\STONETALON\PASSIVEDOODADS\WATERWHEEL\WATERFALLDROPSSMALL.BLP,m2-embedded-path,2,WORLD\KALIMDOR\BLACKFATHOM\PASSIVEDOODADS\WATERFALLS\BFD_WATERFALLS10_NOSOUND.m2 | WORLD\KALIMDOR\BLACKFATHOM\PASSIVEDOODADS\WATERFALLS\BFD_WATERFALLS11_NOSOUND.m2,yes
WORLD\KHAZMODAN\WETLANDS\PASSIVEDOODADS\DRAGONBONES\DRAGONBONESBODY.m2,wmo-doodad-model|wmo-embedded-path,1,WORLD\WMO\DUNGEON\BOREANMAGNATAURMICRO\BOREANMAGNATAURMICRO_1ROOM.WMO,yes
WORLD\KHAZMODAN\WETLANDS\PASSIVEDOODADS\DRAGONBONES\DRAGONBONESBODY00.skin,m2-skin-profile,1,WORLD\KHAZMODAN\WETLANDS\PASSIVEDOODADS\DRAGONBONES\DRAGONBONESBODY.m2,yes
WORLD\KHAZMODAN\WETLANDS\PASSIVEDOODADS\DRAGONBONES\DRAGONBONESSKULL.m2,wmo-doodad-model|wmo-embedded-path,1,WORLD\WMO\DUNGEON\BOREANMAGNATAURMICRO\BOREANMAGNATAURMICRO_1ROOM.WMO,yes
WORLD\KHAZMODAN\WETLANDS\PASSIVEDOODADS\DRAGONBONES\DRAGONBONESSKULL00.skin,m2-skin-profile,1,WORLD\KHAZMODAN\WETLANDS\PASSIVEDOODADS\DRAGONBONES\DRAGONBONESSKULL.m2,yes
WORLD\LORDAERON\ARATHI\PASSIVEDOODADS\TREES\ARATHISTUMP01.BLP,m2-embedded-path,1,WORLD\GENERIC\HUMAN\PASSIVE DOODADS\ANIMALHEADS\STUFFEDFRENZY.m2,yes
WORLD\LORDAERON\PLAGUELAND\PASSIVEDOODADS\ROCKS\INFESTEDROCKGREEN03.BLP,m2-embedded-path,1,WORLD\LORDAERON\PLAGUELAND\PASSIVEDOODADS\ROCKS\PLAGUELANDROCK05.m2,yes
WORLD\LORDAERON\PLAGUELAND\PASSIVEDOODADS\ROCKS\PLAGUELANDROCK05.m2,wmo-doodad-model|wmo-embedded-path,1,WORLD\WMO\NORTHREND\BUILDINGS\FORSAKEN\SHIPWRECK\ND_FORSAKEN_SHIPWRECK.WMO,yes
WORLD\LORDAERON\PLAGUELAND\PASSIVEDOODADS\ROCKS\PLAGUELANDROCK0500.skin,m2-skin-profile,1,WORLD\LORDAERON\PLAGUELAND\PASSIVEDOODADS\ROCKS\PLAGUELANDROCK05.m2,yes
WORLD\LORDAERON\SCHOLOMANCE\PASSIVEDOODADS\CAULDRONS\LIQUIDDRIP.BLP,m2-embedded-path,1,WORLD\EXPANSION02\DOODADS\GENERIC\SCOURGE\SC_CAULDRON_GREEN.M2,yes
WORLD\LORDAERON\STRATHOLME\PASSIVEDOODADS\FX\SMOKEWISPY03.BLP,m2-embedded-path,1,WORLD\EXPANSION02\DOODADS\BOREANTUNDRA\MAGNATAURITEMS\BOREAN_REDPLANT_BURNINGPILE_01.M2,yes
World\NoDXT\Detail\6ZG_DetailDoodads_01.blp,m2-embedded-path,3,WORLD\NODXT\DETAIL\6ZGFLOWER01.m2 | WORLD\NODXT\DETAIL\6ZGMUSHROOM01.m2 | WORLD\NODXT\DETAIL\6ZGMUSHROOM02.m2,yes
World\NoDXT\Detail\6ZG_PollenCloud.blp,m2-embedded-path,1,WORLD\NODXT\DETAIL\6ZGSPOREGEN02.m2,yes
WORLD\NODXT\DETAIL\6ZGFLOWER01.m2,wmo-doodad-model|wmo-embedded-path,1,WORLD\WMO\CATACLYSM\VASHJIR\CAVES\VASHJIR_SMALL_CAVE.WMO,yes
WORLD\NODXT\DETAIL\6ZGFLOWER0100.skin,m2-skin-profile,1,WORLD\NODXT\DETAIL\6ZGFLOWER01.m2,yes
WORLD\NODXT\DETAIL\6ZGMUSHROOM01.m2,wmo-doodad-model|wmo-embedded-path,1,WORLD\WMO\CATACLYSM\VASHJIR\CAVES\VASHJIR_SMALL_CAVE.WMO,yes
WORLD\NODXT\DETAIL\6ZGMUSHROOM0100.skin,m2-skin-profile,1,WORLD\NODXT\DETAIL\6ZGMUSHROOM01.m2,yes
WORLD\NODXT\DETAIL\6ZGMUSHROOM02.m2,wmo-doodad-model|wmo-embedded-path,1,WORLD\WMO\CATACLYSM\VASHJIR\CAVES\VASHJIR_SMALL_CAVE.WMO,yes
WORLD\NODXT\DETAIL\6ZGMUSHROOM0200.skin,m2-skin-profile,1,WORLD\NODXT\DETAIL\6ZGMUSHROOM02.m2,yes
WORLD\NODXT\DETAIL\6ZGSPOREGEN02.m2,wmo-doodad-model|wmo-embedded-path,1,WORLD\WMO\CATACLYSM\VASHJIR\CAVES\VASHJIR_SMALL_CAVE.WMO,yes
WORLD\NODXT\DETAIL\6ZGSPOREGEN0200.skin,m2-skin-profile,1,WORLD\NODXT\DETAIL\6ZGSPOREGEN02.m2,yes
WORLD\NODXT\DETAIL\GOBLIN_DRINK_03.BLP,m2-embedded-path,1,WORLD\GENERIC\GOBLIN\PASSIVEDOODADS\KEZAN\ITEMS\GOBLIN_CAN_STACK_01.m2,yes
WORLD\NODXT\DETAIL\TU_GRA0100.skin,m2-skin-profile,1,WORLD\NODXT\DETAIL\TU_GRA01.M2,yes
World\SkillActivated\TradeskillNodes\BlackRock_Miningnode_01.blp,m2-embedded-path,2,WORLD\SKILLACTIVATED\TRADESKILLNODES\BLACKROCK_MININGNODE_NORMAL.M2 | WORLD\SKILLACTIVATED\TRADESKILLNODES\BLACKROCK_MININGNODE_RICH.M2,yes
World\SkillActivated\TradeskillNodes\BlackRock_Miningnode_02.blp,m2-embedded-path,2,WORLD\SKILLACTIVATED\TRADESKILLNODES\BLACKROCK_MININGNODE_NORMAL.M2 | WORLD\SKILLACTIVATED\TRADESKILLNODES\BLACKROCK_MININGNODE_RICH.M2,yes
WORLD\SKILLACTIVATED\TRADESKILLNODES\BLACKROCK_MININGNODE_NORMAL00.skin,m2-skin-profile,1,WORLD\SKILLACTIVATED\TRADESKILLNODES\BLACKROCK_MININGNODE_NORMAL.M2,yes
WORLD\SKILLACTIVATED\TRADESKILLNODES\BLACKROCK_MININGNODE_RICH00.skin,m2-skin-profile,1,WORLD\SKILLACTIVATED\TRADESKILLNODES\BLACKROCK_MININGNODE_RICH.M2,yes
World\SkillActivated\TradeskillNodes\oldglass2.blp,m2-embedded-path,2,WORLD\SKILLACTIVATED\TRADESKILLNODES\BLACKROCK_MININGNODE_NORMAL.M2 | WORLD\SKILLACTIVATED\TRADESKILLNODES\BLACKROCK_MININGNODE_RICH.M2,yes
WORLD\WMO\BROKENISLES\ARAKNASHAL\7AN_MOUNTAINCAVE_MEDIUM01_000.wmo,wmo-group,1,WORLD\WMO\BROKENISLES\ARAKNASHAL\7AN_MOUNTAINCAVE_MEDIUM01.WMO,yes
WORLD\WMO\BROKENISLES\ARAKNASHAL\7AN_MOUNTAINCAVE_MEDIUM01_001.wmo,wmo-group,1,WORLD\WMO\BROKENISLES\ARAKNASHAL\7AN_MOUNTAINCAVE_MEDIUM01.WMO,yes
WORLD\WMO\BROKENISLES\ARAKNASHAL\7AN_MOUNTAINCAVE_MEDIUM01_002.wmo,wmo-group,1,WORLD\WMO\BROKENISLES\ARAKNASHAL\7AN_MOUNTAINCAVE_MEDIUM01.WMO,yes
WORLD\WMO\BROKENISLES\ARAKNASHAL\7AN_MOUNTAINCAVE_MEDIUM01_003.wmo,wmo-group,1,WORLD\WMO\BROKENISLES\ARAKNASHAL\7AN_MOUNTAINCAVE_MEDIUM01.WMO,yes
WORLD\WMO\BROKENISLES\MURLOC\7MU_MURLOC_HUTCLUSTER01_000.wmo,wmo-group,1,WORLD\WMO\BROKENISLES\MURLOC\7MU_MURLOC_HUTCLUSTER01.WMO,yes
WORLD\WMO\BROKENISLES\MURLOC\7MU_MURLOC_HUTCLUSTER02_000.wmo,wmo-group,1,WORLD\WMO\BROKENISLES\MURLOC\7MU_MURLOC_HUTCLUSTER02.WMO,yes
WORLD\WMO\BROKENISLES\MURLOC\7MU_MURLOC_HUTCLUSTER03_000.wmo,wmo-group,1,WORLD\WMO\BROKENISLES\MURLOC\7MU_MURLOC_HUTCLUSTER03.WMO,yes
WORLD\WMO\BROKENISLES\NIGHTELF\7NG_NAGA_TENT03_000.wmo,wmo-group,1,WORLD\WMO\BROKENISLES\NIGHTELF\7NG_NAGA_TENT03.WMO,yes
WORLD\WMO\BROKENISLES\NIGHTELF\7NG_NAGA_TENT04_000.wmo,wmo-group,1,WORLD\WMO\BROKENISLES\NIGHTELF\7NG_NAGA_TENT04.WMO,yes
WORLD\WMO\BROKENISLES\NIGHTELF\7NG_NAGA_TENTLARGE01_000.wmo,wmo-group,1,WORLD\WMO\BROKENISLES\NIGHTELF\7NG_NAGA_TENTLARGE01.WMO,yes
WORLD\WMO\CATACLYSM\VASHJIR\BUILDINGS\VASHJIR_NIGHTELF_BROKEN_BRIDGE_000.wmo,wmo-group,1,WORLD\WMO\CATACLYSM\VASHJIR\BUILDINGS\VASHJIR_NIGHTELF_BROKEN_BRIDGE.WMO,yes
WORLD\WMO\CATACLYSM\VASHJIR\BUILDINGS\VASHJIR_PALACE_BUILDINGS_000.wmo,wmo-group,1,WORLD\WMO\CATACLYSM\VASHJIR\BUILDINGS\VASHJIR_PALACE_BUILDINGS.WMO,yes
WORLD\WMO\CATACLYSM\VASHJIR\BUILDINGS\VASHJIR_PALACE_BUILDINGS_001.wmo,wmo-group,1,WORLD\WMO\CATACLYSM\VASHJIR\BUILDINGS\VASHJIR_PALACE_BUILDINGS.WMO,yes
WORLD\WMO\CATACLYSM\VASHJIR\BUILDINGS\VASHJIR_PALACE_BUILDINGS_002.wmo,wmo-group,1,WORLD\WMO\CATACLYSM\VASHJIR\BUILDINGS\VASHJIR_PALACE_BUILDINGS.WMO,yes
WORLD\WMO\CATACLYSM\VASHJIR\BUILDINGS\VASHJIR_PALACE_BUILDINGS_003.wmo,wmo-group,1,WORLD\WMO\CATACLYSM\VASHJIR\BUILDINGS\VASHJIR_PALACE_BUILDINGS.WMO,yes
WORLD\WMO\CATACLYSM\VASHJIR\BUILDINGS\VASHJIR_PALACE_BUILDINGS_004.wmo,wmo-group,1,WORLD\WMO\CATACLYSM\VASHJIR\BUILDINGS\VASHJIR_PALACE_BUILDINGS.WMO,yes
WORLD\WMO\CATACLYSM\VASHJIR\BUILDINGS\VASHJIR_PALACE_BUILDINGS_005.wmo,wmo-group,1,WORLD\WMO\CATACLYSM\VASHJIR\BUILDINGS\VASHJIR_PALACE_BUILDINGS.WMO,yes
WORLD\WMO\CATACLYSM\VASHJIR\BUILDINGS\VASHJIR_PALACE_BUILDINGS_006.wmo,wmo-group,1,WORLD\WMO\CATACLYSM\VASHJIR\BUILDINGS\VASHJIR_PALACE_BUILDINGS.WMO,yes
WORLD\WMO\CATACLYSM\VASHJIR\BUILDINGS\VASHJIR_PALACE_BUILDINGS_007.wmo,wmo-group,1,WORLD\WMO\CATACLYSM\VASHJIR\BUILDINGS\VASHJIR_PALACE_BUILDINGS.WMO,yes
WORLD\WMO\CATACLYSM\VASHJIR\CAVES\VASHJIR_SMALL_CAVE_000.wmo,wmo-group,1,WORLD\WMO\CATACLYSM\VASHJIR\CAVES\VASHJIR_SMALL_CAVE.WMO,yes
WORLD\WMO\CATACLYSM\VASHJIR\CAVES\VASHJIR_SMALL_CAVE_001.wmo,wmo-group,1,WORLD\WMO\CATACLYSM\VASHJIR\CAVES\VASHJIR_SMALL_CAVE.WMO,yes
WORLD\WMO\CATACLYSM\VASHJIR\CAVES\VASHJIRLARGECAVE_A_000.wmo,wmo-group,1,WORLD\WMO\CATACLYSM\VASHJIR\CAVES\VASHJIRLARGECAVE_A.WMO,yes
WORLD\WMO\CATACLYSM\VASHJIR\CAVES\VASHJIRLARGECAVE_A_001.wmo,wmo-group,1,WORLD\WMO\CATACLYSM\VASHJIR\CAVES\VASHJIRLARGECAVE_A.WMO,yes
WORLD\WMO\DUNGEON\BOREANMAGNATAURMICRO\BOREANMAGNATAURMICRO_1ROOM_000.wmo,wmo-group,1,WORLD\WMO\DUNGEON\BOREANMAGNATAURMICRO\BOREANMAGNATAURMICRO_1ROOM.WMO,yes
WORLD\WMO\DUNGEON\BOREANMAGNATAURMICRO\BOREANMAGNATAURMICRO_1ROOM_001.wmo,wmo-group,1,WORLD\WMO\DUNGEON\BOREANMAGNATAURMICRO\BOREANMAGNATAURMICRO_1ROOM.WMO,yes
WORLD\WMO\DUNGEON\MD_MOUNTAINCAVE\MD_MUSHROOMCAVE07_000.wmo,wmo-group,1,WORLD\WMO\DUNGEON\MD_MOUNTAINCAVE\MD_MUSHROOMCAVE07.WMO,yes
WORLD\WMO\DUNGEON\MD_MOUNTAINCAVE\MD_MUSHROOMCAVE07_001.wmo,wmo-group,1,WORLD\WMO\DUNGEON\MD_MOUNTAINCAVE\MD_MUSHROOMCAVE07.WMO,yes
WORLD\WMO\DUNGEON\MD_MOUNTAINCAVE\MD_MUSHROOMCAVE07_002.wmo,wmo-group,1,WORLD\WMO\DUNGEON\MD_MOUNTAINCAVE\MD_MUSHROOMCAVE07.WMO,yes
WORLD\WMO\DUNGEON\MD_MOUNTAINCAVE\MD_MUSHROOMCAVE07_003.wmo,wmo-group,1,WORLD\WMO\DUNGEON\MD_MOUNTAINCAVE\MD_MUSHROOMCAVE07.WMO,yes
WORLD\WMO\DUNGEON\MD_MOUNTAINCAVE\MD_MUSHROOMCAVE07_004.wmo,wmo-group,1,WORLD\WMO\DUNGEON\MD_MOUNTAINCAVE\MD_MUSHROOMCAVE07.WMO,yes
WORLD\WMO\DUNGEON\MD_MOUNTAINCAVE\MD_MUSHROOMCAVE07_005.wmo,wmo-group,1,WORLD\WMO\DUNGEON\MD_MOUNTAINCAVE\MD_MUSHROOMCAVE07.WMO,yes
WORLD\WMO\DUNGEON\MD_MOUNTAINCAVE\MD_UNDERWATERCAVE_MEDIUM_000.wmo,wmo-group,1,WORLD\WMO\DUNGEON\MD_MOUNTAINCAVE\MD_UNDERWATERCAVE_MEDIUM.WMO,yes
WORLD\WMO\DUNGEON\MD_MOUNTAINCAVE\MD_UNDERWATERCAVE_MEDIUM_001.wmo,wmo-group,1,WORLD\WMO\DUNGEON\MD_MOUNTAINCAVE\MD_UNDERWATERCAVE_MEDIUM.WMO,yes
WORLD\WMO\DUNGEON\MD_MOUNTAINCAVE\MD_UNDERWATERCAVE_MEDIUM_002.wmo,wmo-group,1,WORLD\WMO\DUNGEON\MD_MOUNTAINCAVE\MD_UNDERWATERCAVE_MEDIUM.WMO,yes
WORLD\WMO\DUNGEON\MD_MOUNTAINCAVE\MD_UNDERWATERCAVE_MEDIUM_003.wmo,wmo-group,1,WORLD\WMO\DUNGEON\MD_MOUNTAINCAVE\MD_UNDERWATERCAVE_MEDIUM.WMO,yes
WORLD\WMO\DUNGEON\MD_MOUNTAINCAVE\MD_UNDERWATERCAVE_MEDIUM_004.wmo,wmo-group,1,WORLD\WMO\DUNGEON\MD_MOUNTAINCAVE\MD_UNDERWATERCAVE_MEDIUM.WMO,yes
WORLD\WMO\DUNGEON\MD_MOUNTAINCAVE\MD_UNDERWATERCAVE_MEDIUM_005.wmo,wmo-group,1,WORLD\WMO\DUNGEON\MD_MOUNTAINCAVE\MD_UNDERWATERCAVE_MEDIUM.WMO,yes
WORLD\WMO\DUNGEON\MD_MOUNTAINCAVE\MD_UNDERWATERCAVE_MEDIUM_006.wmo,wmo-group,1,WORLD\WMO\DUNGEON\MD_MOUNTAINCAVE\MD_UNDERWATERCAVE_MEDIUM.WMO,yes
WORLD\WMO\DUNGEON\MD_MOUNTAINCAVE\MD_UNDERWATERCAVE_MEDIUM_007.wmo,wmo-group,1,WORLD\WMO\DUNGEON\MD_MOUNTAINCAVE\MD_UNDERWATERCAVE_MEDIUM.WMO,yes
WORLD\WMO\DUNGEON\MD_SHIPWRECK\SHIPWRECK_A_000.wmo,wmo-group,1,WORLD\WMO\DUNGEON\MD_SHIPWRECK\SHIPWRECK_A.WMO,yes
WORLD\WMO\DUNGEON\MD_SHIPWRECK\SHIPWRECK_A_001.wmo,wmo-group,1,WORLD\WMO\DUNGEON\MD_SHIPWRECK\SHIPWRECK_A.WMO,yes
WORLD\WMO\DUNGEON\MD_SHIPWRECK\SHIPWRECK_B_000.wmo,wmo-group,1,WORLD\WMO\DUNGEON\MD_SHIPWRECK\SHIPWRECK_B.WMO,yes
WORLD\WMO\DUNGEON\MD_SHIPWRECK\SHIPWRECK_C_000.wmo,wmo-group,1,WORLD\WMO\DUNGEON\MD_SHIPWRECK\SHIPWRECK_C.WMO,yes
WORLD\WMO\DUNGEON\MD_SHIPWRECK\SHIPWRECK_D_000.wmo,wmo-group,1,WORLD\WMO\DUNGEON\MD_SHIPWRECK\SHIPWRECK_D.WMO,yes
WORLD\WMO\DUNGEON\MD_SHIPWRECK\SHIPWRECK_DBACK_000.wmo,wmo-group,1,WORLD\WMO\DUNGEON\MD_SHIPWRECK\SHIPWRECK_DBACK.WMO,yes
WORLD\WMO\DUNGEON\MD_SHIPWRECK\SHIPWRECK_DFRONT_000.wmo,wmo-group,1,WORLD\WMO\DUNGEON\MD_SHIPWRECK\SHIPWRECK_DFRONT.WMO,yes
WORLD\WMO\DUNGEON\MD_SHIPWRECK\SHIPWRECK_DFRONT_SOLID_000.wmo,wmo-group,1,WORLD\WMO\DUNGEON\MD_SHIPWRECK\SHIPWRECK_DFRONT_SOLID.WMO,yes
WORLD\WMO\DUNGEON\MD_SHIPWRECK\TRANSPORT_SHIPWRECK_SUNKENSHIP_000.wmo,wmo-group,1,WORLD\WMO\DUNGEON\MD_SHIPWRECK\TRANSPORT_SHIPWRECK_SUNKENSHIP.WMO,yes
WORLD\WMO\DUNGEON\MD_SHIPWRECK\TRANSPORT_SHIPWRECK_SUNKENSHIP_001.wmo,wmo-group,1,WORLD\WMO\DUNGEON\MD_SHIPWRECK\TRANSPORT_SHIPWRECK_SUNKENSHIP.WMO,yes
WORLD\WMO\KALIMDOR\BUILDINGS\CLASSICALELFRUINS\AZRCLASSICALELFRUIN_UW01_000.wmo,wmo-group,1,WORLD\WMO\KALIMDOR\BUILDINGS\CLASSICALELFRUINS\AZRCLASSICALELFRUIN_UW01.WMO,yes
WORLD\WMO\KALIMDOR\BUILDINGS\CLASSICALELFRUINS\AZRCLASSICALELFRUIN_UW02_000.wmo,wmo-group,1,WORLD\WMO\KALIMDOR\BUILDINGS\CLASSICALELFRUINS\AZRCLASSICALELFRUIN_UW02.WMO,yes
WORLD\WMO\KALIMDOR\BUILDINGS\CLASSICALELFRUINS\AZRCLASSICALELFRUIN_UW03_000.wmo,wmo-group,1,WORLD\WMO\KALIMDOR\BUILDINGS\CLASSICALELFRUINS\AZRCLASSICALELFRUIN_UW03.WMO,yes
WORLD\WMO\KALIMDOR\BUILDINGS\CLASSICALELFRUINS\AZRCLASSICALELFRUIN_UW05_000.wmo,wmo-group,1,WORLD\WMO\KALIMDOR\BUILDINGS\CLASSICALELFRUINS\AZRCLASSICALELFRUIN_UW05.WMO,yes
WORLD\WMO\KALIMDOR\BUILDINGS\CLASSICALELFRUINS\AZRCLASSICALELFRUIN_UW06_000.wmo,wmo-group,1,WORLD\WMO\KALIMDOR\BUILDINGS\CLASSICALELFRUINS\AZRCLASSICALELFRUIN_UW06.WMO,yes
WORLD\WMO\KALIMDOR\BUILDINGS\CLASSICALELFRUINS\AZRCLASSICALELFRUIN_UW07_000.wmo,wmo-group,1,WORLD\WMO\KALIMDOR\BUILDINGS\CLASSICALELFRUINS\AZRCLASSICALELFRUIN_UW07.WMO,yes
WORLD\WMO\KALIMDOR\BUILDINGS\CLASSICALELFRUINS\AZRCLASSICALELFRUIN_UW08_000.wmo,wmo-group,1,WORLD\WMO\KALIMDOR\BUILDINGS\CLASSICALELFRUINS\AZRCLASSICALELFRUIN_UW08.WMO,yes
WORLD\WMO\KALIMDOR\BUILDINGS\CLASSICALELFRUINS\AZRCLASSICALELFRUIN_UW09_000.wmo,wmo-group,1,WORLD\WMO\KALIMDOR\BUILDINGS\CLASSICALELFRUINS\AZRCLASSICALELFRUIN_UW09.WMO,yes
WORLD\WMO\KALIMDOR\BUILDINGS\CLASSICALELFRUINS\AZRCLASSICALELFRUIN_UW09_001.wmo,wmo-group,1,WORLD\WMO\KALIMDOR\BUILDINGS\CLASSICALELFRUINS\AZRCLASSICALELFRUIN_UW09.WMO,yes
WORLD\WMO\KALIMDOR\BUILDINGS\CLASSICALELFRUINS\AZRCLASSICALELFRUIN_UW09_002.wmo,wmo-group,1,WORLD\WMO\KALIMDOR\BUILDINGS\CLASSICALELFRUINS\AZRCLASSICALELFRUIN_UW09.WMO,yes
WORLD\WMO\KALIMDOR\BUILDINGS\CLASSICALELFRUINS\AZRCLASSICALELFRUIN_UW10_000.wmo,wmo-group,1,WORLD\WMO\KALIMDOR\BUILDINGS\CLASSICALELFRUINS\AZRCLASSICALELFRUIN_UW10.WMO,yes
WORLD\WMO\KALIMDOR\BUILDINGS\CLASSICALELFRUINS\AZRCLASSICALELFRUIN_UW10_001.wmo,wmo-group,1,WORLD\WMO\KALIMDOR\BUILDINGS\CLASSICALELFRUINS\AZRCLASSICALELFRUIN_UW10.WMO,yes
WORLD\WMO\KALIMDOR\BUILDINGS\NAGAPAGODA\NAGAPAGODA01_000.wmo,wmo-group,1,WORLD\WMO\KALIMDOR\BUILDINGS\NAGAPAGODA\NAGAPAGODA01.WMO,yes
WORLD\WMO\KALIMDOR\BUILDINGS\NAGAPAGODA\ND_NAGA_PAGODA_UNDERWATER_01_000.wmo,wmo-group,1,WORLD\WMO\KALIMDOR\BUILDINGS\NAGAPAGODA\ND_NAGA_PAGODA_UNDERWATER_01.WMO,yes
WORLD\WMO\KALIMDOR\BUILDINGS\ORCKENNEL\ABANDONEDORCKENNEL_000.wmo,wmo-group,1,WORLD\WMO\KALIMDOR\BUILDINGS\ORCKENNEL\ABANDONEDORCKENNEL.WMO,yes
WORLD\WMO\KALIMDOR\BUILDINGS\QUILLBOAR\BIGHOUSE_000.wmo,wmo-group,1,WORLD\WMO\KALIMDOR\BUILDINGS\QUILLBOAR\BIGHOUSE.WMO,yes
WORLD\WMO\KALIMDOR\COLLIDABLEDOODADS\DARKSHORE\GIANTSEATURTLE01\GIANTSEATURTLE01_000.wmo,wmo-group,1,WORLD\WMO\KALIMDOR\COLLIDABLEDOODADS\DARKSHORE\GIANTSEATURTLE01\GIANTSEATURTLE01.WMO,yes
WORLD\WMO\KALIMDOR\COLLIDABLEDOODADS\DARKSHORE\GIANTSEATURTLE02\GIANTSEATURTLE02_000.wmo,wmo-group,1,WORLD\WMO\KALIMDOR\COLLIDABLEDOODADS\DARKSHORE\GIANTSEATURTLE02\GIANTSEATURTLE02.WMO,yes
WORLD\WMO\NORTHREND\BUILDINGS\FORSAKEN\SHIPWRECK\ND_FORSAKEN_SHIPWRECK_000.wmo,wmo-group,1,WORLD\WMO\NORTHREND\BUILDINGS\FORSAKEN\SHIPWRECK\ND_FORSAKEN_SHIPWRECK.WMO,yes
WORLD\WMO\NORTHREND\BUILDINGS\FORSAKEN\SHIPWRECK\ND_FORSAKEN_SHIPWRECK_001.wmo,wmo-group,1,WORLD\WMO\NORTHREND\BUILDINGS\FORSAKEN\SHIPWRECK\ND_FORSAKEN_SHIPWRECK.WMO,yes
WORLD\WMO\NORTHREND\BUILDINGS\FORSAKEN\SHIPWRECK\ND_FORSAKEN_SHIPWRECK_002.wmo,wmo-group,1,WORLD\WMO\NORTHREND\BUILDINGS\FORSAKEN\SHIPWRECK\ND_FORSAKEN_SHIPWRECK.WMO,yes
WORLD\WMO\NORTHREND\BUILDINGS\FORSAKEN\SHIPWRECK\ND_FORSAKEN_SHIPWRECK_003.wmo,wmo-group,1,WORLD\WMO\NORTHREND\BUILDINGS\FORSAKEN\SHIPWRECK\ND_FORSAKEN_SHIPWRECK.WMO,yes
WORLD\WMO\NORTHREND\BUILDINGS\FORSAKEN\SHIPWRECK\ND_FORSAKEN_SHIPWRECK_004.wmo,wmo-group,1,WORLD\WMO\NORTHREND\BUILDINGS\FORSAKEN\SHIPWRECK\ND_FORSAKEN_SHIPWRECK.WMO,yes
WORLD\WMO\TRANSPORTS\VRYKULBOATS\TRANSPORT_VRYKUL_LARGE_000.wmo,wmo-group,1,WORLD\WMO\TRANSPORTS\VRYKULBOATS\TRANSPORT_VRYKUL_LARGE.WMO,yes
WORLD\WMO\TRANSPORTS\VRYKULBOATS\TRANSPORT_VRYKUL_LARGELESS_000.wmo,wmo-group,1,WORLD\WMO\TRANSPORTS\VRYKULBOATS\TRANSPORT_VRYKUL_LARGELESS.WMO,yes
