Loading World Buff Feature...
Creating random bot accounts...
AddClassAccountPoolSize set to 0, any AddClass accounts (type 2) will be unassigned (type 0)
Creating random bot characters...
Assigning account types for random bot accounts...
Starting Playerbots Command Server on port 8888
Found 10 total randombot accounts in database
Account type assignment complete: 10 RNDbot accounts, 0 AddClass accounts, 0 unassigned
>> 0 characters collected for addclass command from 0 AddClass accounts.
Loading Battlemasters Cache...
Cached Battlemaster #347 for BG Type 1 (Horde)
Cached Battlemaster #857 for BG Type 3 (Alliance)
Cached Battlemaster #907 for BG Type 3 (Alliance)
Cached Battlemaster #2302 for BG Type 2 (Alliance)
Cached Battlemaster #2804 for BG Type 2 (Horde)
Cached Battlemaster #3890 for BG Type 2 (Horde)
Cached Battlemaster #5118 for BG Type 1 (Alliance)
Cached Battlemaster #7410 for BG Type 1 (Alliance)
Cached Battlemaster #7427 for BG Type 1 (Horde)
Cached Battlemaster #10360 for BG Type 2 (Horde)
Cached Battlemaster #12197 for BG Type 1 (Alliance)
Cached Battlemaster #12198 for BG Type 3 (Horde)
Cached Battlemaster #14942 for BG Type 1 (Horde)
Cached Battlemaster #14981 for BG Type 2 (Alliance)
Cached Battlemaster #14982 for BG Type 2 (Alliance)
Cached Battlemaster #14990 for BG Type 3 (Horde)
Cached Battlemaster #14991 for BG Type 3 (Alliance)
Cached Battlemaster #15006 for BG Type 3 (Horde)
Cached Battlemaster #15007 for BG Type 3 (Horde)
Cached Battlemaster #15008 for BG Type 3 (Alliance)
Cached Battlemaster #15102 for BG Type 2 (Alliance)
Cached Battlemaster #15103 for BG Type 1 (Alliance)
Cached Battlemaster #15105 for BG Type 2 (Horde)
Cached Battlemaster #15106 for BG Type 1 (Horde)
Cached Battlemaster #16694 for BG Type 3 (Neutral)
Cached Battlemaster #16695 for BG Type 1 (Neutral)
Cached Battlemaster #16696 for BG Type 2 (Neutral)
Cached Battlemaster #16711 for BG Type 3 (Neutral)
Cached Battlemaster #17506 for BG Type 1 (Neutral)
Cached Battlemaster #17507 for BG Type 2 (Neutral)
Cached Battlemaster #18895 for BG Type 6 (Neutral)
Cached Battlemaster #19855 for BG Type 3 (Neutral)
Cached Battlemaster #19858 for BG Type 6 (Neutral)
Cached Battlemaster #19859 for BG Type 6 (Neutral)
Cached Battlemaster #19905 for BG Type 3 (Neutral)
Cached Battlemaster #19906 for BG Type 1 (Neutral)
Cached Battlemaster #19907 for BG Type 1 (Neutral)
Cached Battlemaster #19908 for BG Type 2 (Neutral)
Cached Battlemaster #19909 for BG Type 6 (Neutral)
Cached Battlemaster #19910 for BG Type 2 (Neutral)
Cached Battlemaster #19911 for BG Type 6 (Neutral)
Cached Battlemaster #19912 for BG Type 6 (Neutral)
Cached Battlemaster #19915 for BG Type 6 (Neutral)
Cached Battlemaster #19923 for BG Type 6 (Neutral)
Cached Battlemaster #19925 for BG Type 6 (Neutral)
Cached Battlemaster #20002 for BG Type 2 (Neutral)
Cached Battlemaster #20118 for BG Type 2 (Neutral)
Cached Battlemaster #20119 for BG Type 1 (Neutral)
Cached Battlemaster #20120 for BG Type 3 (Neutral)
Cached Battlemaster #20269 for BG Type 2 (Horde)
Cached Battlemaster #20271 for BG Type 1 (Alliance)
Cached Battlemaster #20272 for BG Type 2 (Alliance)
Cached Battlemaster #20273 for BG Type 3 (Alliance)
Cached Battlemaster #20274 for BG Type 3 (Horde)
Cached Battlemaster #20276 for BG Type 1 (Horde)
Cached Battlemaster #20362 for BG Type 7 (Alliance)
Cached Battlemaster #20374 for BG Type 7 (Neutral)
Cached Battlemaster #20381 for BG Type 7 (Neutral)
Cached Battlemaster #20382 for BG Type 7 (Neutral)
Cached Battlemaster #20383 for BG Type 7 (Neutral)
Cached Battlemaster #20384 for BG Type 7 (Horde)
Cached Battlemaster #20385 for BG Type 7 (Neutral)
Cached Battlemaster #20386 for BG Type 7 (Neutral)
Cached Battlemaster #20388 for BG Type 7 (Neutral)
Cached Battlemaster #20390 for BG Type 7 (Neutral)
Cached Battlemaster #20497 for BG Type 6 (Neutral)
Cached Battlemaster #20499 for BG Type 6 (Neutral)
Cached Battlemaster #21235 for BG Type 6 (Neutral)
Cached Battlemaster #22013 for BG Type 7 (Neutral)
Cached Battlemaster #22015 for BG Type 7 (Neutral)
Cached Battlemaster #22647 for BG Type 1 (Horde)
Cached Battlemaster #22656 for BG Type 1 (Alliance)
Cached Battlemaster #25991 for BG Type 6 (Neutral)
Cached Battlemaster #26007 for BG Type 6 (Neutral)
Cached Battlemaster #29533 for BG Type 6 (Neutral)
Cached Battlemaster #29568 for BG Type 6 (Neutral)
Cached Battlemaster #29667 for BG Type 2 (Alliance)
Cached Battlemaster #29668 for BG Type 3 (Alliance)
Cached Battlemaster #29669 for BG Type 1 (Alliance)
Cached Battlemaster #29670 for BG Type 7 (Alliance)
Cached Battlemaster #29671 for BG Type 9 (Alliance)
Cached Battlemaster #29672 for BG Type 2 (Horde)
Cached Battlemaster #29673 for BG Type 3 (Horde)
Cached Battlemaster #29674 for BG Type 1 (Horde)
Cached Battlemaster #29675 for BG Type 7 (Horde)
Cached Battlemaster #29676 for BG Type 9 (Horde)
Cached Battlemaster #30231 for BG Type 3 (Neutral)
Cached Battlemaster #30566 for BG Type 9 (Neutral)
Cached Battlemaster #30567 for BG Type 9 (Neutral)
Cached Battlemaster #30578 for BG Type 9 (Neutral)
Cached Battlemaster #30579 for BG Type 9 (Neutral)
Cached Battlemaster #30580 for BG Type 9 (Neutral)
Cached Battlemaster #30581 for BG Type 9 (Neutral)
Cached Battlemaster #30582 for BG Type 9 (Neutral)
Cached Battlemaster #30583 for BG Type 9 (Neutral)
Cached Battlemaster #30584 for BG Type 9 (Neutral)
Cached Battlemaster #30586 for BG Type 9 (Horde)
Cached Battlemaster #30587 for BG Type 9 (Alliance)
Cached Battlemaster #30590 for BG Type 9 (Neutral)
Cached Battlemaster #30610 for BG Type 6 (Neutral)
Cached Battlemaster #31979 for BG Type 1 (Horde)
Cached Battlemaster #32092 for BG Type 1 (Alliance)
Cached Battlemaster #32330 for BG Type 6 (Neutral)
Cached Battlemaster #32332 for BG Type 6 (Neutral)
Cached Battlemaster #32333 for BG Type 6 (Neutral)
Cached Battlemaster #32616 for BG Type 1 (Alliance)
Cached Battlemaster #32617 for BG Type 1 (Horde)
Cached Battlemaster #32618 for BG Type 3 (Alliance)
Cached Battlemaster #32619 for BG Type 3 (Horde)
Cached Battlemaster #32620 for BG Type 7 (Horde)
Cached Battlemaster #32621 for BG Type 7 (Alliance)
Cached Battlemaster #32622 for BG Type 9 (Alliance)
Cached Battlemaster #32623 for BG Type 9 (Horde)
Cached Battlemaster #32624 for BG Type 2 (Alliance)
Cached Battlemaster #32625 for BG Type 2 (Horde)
Cached Battlemaster #34948 for BG Type 30 (Neutral)
Cached Battlemaster #34949 for BG Type 30 (Neutral)
Cached Battlemaster #34950 for BG Type 30 (Neutral)
Cached Battlemaster #34951 for BG Type 30 (Neutral)
Cached Battlemaster #34952 for BG Type 30 (Alliance)
Cached Battlemaster #34953 for BG Type 30 (Horde)
Cached Battlemaster #34955 for BG Type 32 (Neutral)
Cached Battlemaster #34986 for BG Type 1 (Neutral)
Cached Battlemaster #34988 for BG Type 1 (Neutral)
Cached Battlemaster #34989 for BG Type 1 (Neutral)
Cached Battlemaster #34991 for BG Type 1 (Neutral)
Cached Battlemaster #34997 for BG Type 1 (Neutral)
Cached Battlemaster #34998 for BG Type 1 (Neutral)
Cached Battlemaster #34999 for BG Type 1 (Neutral)
Cached Battlemaster #35000 for BG Type 1 (Neutral)
Cached Battlemaster #35001 for BG Type 1 (Neutral)
Cached Battlemaster #35002 for BG Type 1 (Neutral)
Cached Battlemaster #35007 for BG Type 1 (Neutral)
Cached Battlemaster #35008 for BG Type 32 (Neutral)
Cached Battlemaster #35017 for BG Type 30 (Neutral)
Cached Battlemaster #35019 for BG Type 30 (Neutral)
Cached Battlemaster #35020 for BG Type 30 (Neutral)
Cached Battlemaster #35021 for BG Type 30 (Neutral)
Cached Battlemaster #35022 for BG Type 30 (Neutral)
Cached Battlemaster #35023 for BG Type 30 (Neutral)
Cached Battlemaster #35024 for BG Type 30 (Neutral)
Cached Battlemaster #35025 for BG Type 30 (Neutral)
Cached Battlemaster #35026 for BG Type 30 (Neutral)
Cached Battlemaster #35027 for BG Type 30 (Neutral)
Cached Battlemaster #37298 for BG Type 1 (Horde)
Cached Battlemaster #37413 for BG Type 1 (Alliance)
>> Loaded 146 battlemaster entries
Loading guild names from playerbots_guild_names...
Loaded 400 guild entries from playerbots_guild_names table.
Loaded 294 available arena team names
Bot arena teams: 2v2=1/10, 3v3=1/10, 5v5=4/5
Loading weightscales info
Loaded 32 weightscale class specs
Loaded 275 weightscale stat weights
Loaded 28725 item enchantment pool rows for bot autogear
    Bucket 0 (levels 1..10) Type 2 - 17 random items cached
        [17922] Lionfur Armor
        [15969] Beaded Orb
        [15925] Journeyman's Stave
        [8178] Training Sword
        [6241] White Linen Robe
        [6238] Brown Linen Robe
        [4861] Sleek Feathered Tunic
        [4562] Severing Axe
        [4362] Rough Boomstick
        [3471] Copper Chain Vest
        [3000] Brood Mother Carapace
        [2966] Warrior's Pants
        [2962] Burnt Leather Breeches
        [2958] Journeyman's Pants
        [2572] Red Linen Robe
        [1917] Jeweled Dagger
        [727] Notched Shortsword
    Bucket 0 (levels 1..10) Type 4 - 5 random items cached
        [48601] Red Rider Air Rifle Ammo
        [43115] Hunter's Ink
        [20819] Cut Malachite
        [2842] Silver Bar
        [2775] Silver Ore
    Bucket 0 (levels 1..10) Type 3 - 206 random items cached
        [48601] Red Rider Air Rifle Ammo
        [44856] Turkey Parts
        [44852] Cornmeal
        [44716] Mysterious Fermented Liquid
        [44646] Dalaran Bandage
        [44620] Glass of Vintage Dalaran Red
        [44617] Glass of Dalaran Red
        [44570] Glass of Eversong Wine
        [43696] Half Empty Bottle of Prison Moonshine
        [43695] Half Full Bottle of Prison Moonshine
        [43115] Hunter's Ink
        [40893] Bladed Pickaxe
        [40892] Hammer Pick
        [40035] Honey Mead
        [39774] Midnight Ink
        [39505] Virtuoso Inking Set
        [39469] Moonglow Ink
        [39354] Light Parchment
        [39334] Dusky Pigment
        [39151] Alabaster Pigment
        [38518] Cro's Apple
        [38350] Winterfin "Depth Charge"
        [37101] Ivory Ink
        [37100] Silver Ink
        [34850] Midsummer Ground Flower
        [34832] Captain Rumsey's Lager
        [34647] Rough Parchment
        [34645] Earthen Ink
        [34017] Small Step Brew
        [33924] Delicious Chocolate Cake
        [33081] Voodoo Skull
        [33030] Barleybrew Clear
        [30817] Simple Flour
        [30816] Spice Bread
        [30197] QAEnchant Ring +4 Stats
        [29112] Cenarion Spirits
        [28284] Don Carlos Tequila
        [27669] Bat Flesh
        [27668] Lynx Meat
        [27635] Lynx Steak
        [25886] Purple Smoke Flare
        [24105] Roasted Moongraze Tenderloin
        [23771] Green Smoke Flare
        [23770] Blue Smoke Flare
        [23769] Red Smoke Flare
        [23768] White Smoke Flare
        [23756] Cookie's Jumbo Gumbo
        [23676] Moongraze Stag Tenderloin
        [23444] Goldenmist Special Brew
        [23386] Condensed Mana Powder
        [23381] Chipped Power Core
        [23354] Crystalized Mana Residue
        [23334] Cracked Power Core
        [23329] Enriched Lasher Root
        [22710] Bloodthistle
        [22203] Large Obsidian Shard
        [22202] Small Obsidian Shard
        [21721] Moonglow
        [21151] Rumsey Rum Black Label
        [21114] Rumsey Rum Dark
        [20857] Honey Bread
        [20819] Cut Malachite
        [20709] Rumsey Rum Light
        [19441] Huge Venom Sac
        [19223] Darkmoon Dog
        [19222] Cheap Beer
        [19221] Darkmoon Special Reserve
        [18662] Heavy Leather Ball
        [18599] QAEnchant 2H Weapon +25 Agility
        [18288] Molasses Firewater
        [18287] Evermurky
        [17344] Candy Cane
        [17307] Purple Ribboned Wrapping Paper
        [17304] Green Ribboned Wrapping Paper
        [17303] Blue Ribboned Wrapping Paper
        [17199] Bad Egg Nog
        [17198] Egg Nog
        [17197] Gingerbread Cookie
        [17196] Holiday Spirits
        [16166] Bean Soup
        [12224] Crispy Bat Wing
        [12223] Meaty Bat Wing
        [11584] Cactus Apple Surprise
        [11325] Dark Iron Ale Mug
        [11109] Special Chicken Feed
        [9361] Cuergo's Gold with Worm
        [9360] Cuergo's Gold
        [9260] Volatile Rum
        [8545] Heavy Mageweave Bandage
        [8544] Mageweave Bandage
        [7808] Chocolate Square
        [7807] Candy Bar
        [7806] Lollipop
        [7392] Green Whelp Scale
        [7286] Black Whelp Scale
        [7097] Leg Meat
        [6889] Small Egg
        [6888] Herb Baked Egg
        [6529] Shiny Bauble
        [6471] Perfect Deviate Scale
        [6470] Deviate Scale
        [6451] Heavy Silk Bandage
        [6450] Silk Bandage
        [6303] Raw Slitherskin Mackerel
        [6299] Sickly Looking Fish
        [6291] Raw Brilliant Smallfish
        [6290] Brilliant Smallfish
        [6260] Blue Dye
        [6217] Copper Rod
        [6216] Mystical Powder
        [6183] Unlit Poor Torch
        [5997] Elixir of Minor Defense
        [5878] Super Snuff
        [5859] Party Grenade
        [5523] Small Barnacled Clam
        [5474] Roasted Kodo Meat
        [5473] Scorpid Surprise
        [5472] Kaldorei Spider Kabob
        [5469] Strider Meat
        [5467] Kodo Meat
        [5466] Scorpid Stinger
        [5465] Small Spider Leg
        [5229] Handstitched Leather Bracers
        [5116] Long Tail Feather
        [5082] Thin Kodo Leather
        [5057] Ripe Watermelon
        [5049] Self-locking Ironpaper
        [5048] Blue Ribboned Wrapping Paper
        [5042] Red Ribboned Wrapping Paper
        [4656] Small Pumpkin
        [4611] Blue Pearl
        [4604] Forest Mushroom Cap
        [4595] Junglevine Wine
        [4589] Long Elegant Feather
        [4540] Tough Hunk of Bread
        [4536] Shiny Red Apple
        [4471] Flint and Tinder
        [4470] Simple Wood
        [4399] Wooden Stock
        [4361] Copper Tube
        [4359] Handful of Copper Bolts
        [4358] Rough Dynamite
        [4357] Rough Blasting Powder
        [4289] Salt
        [4231] Cured Light Hide
        [3703] Southshore Stout
        [3531] Heavy Wool Bandage
        [3530] Wool Bandage
        [3470] Rough Grinding Stone
        [3382] Weak Troll's Blood Elixir
        [3371] Empty Vial
        [3239] Rough Weightstone
        [3174] Spider Ichor
        [3172] Boar Intestines
        [3164] Discolored Worg Heart
        [3013] Scroll of Protection
        [2996] Bolt of Linen Cloth
        [2934] Ruined Leather Scraps
        [2894] Rhapsody Malt
        [2888] Beer Basted Boar Ribs
        [2886] Crag Boar Rib
        [2880] Weak Flux
        [2862] Rough Sharpening Stone
        [2842] Silver Bar
        [2840] Copper Bar
        [2835] Rough Stone
        [2775] Silver Ore
        [2770] Copper Ore
        [2723] Bottle of Pinot Noir
        [2688] Squirrel Nut
        [2686] Thunder Ale
        [2681] Roasted Boar Meat
        [2680] Spiced Wolf Meat
        [2679] Charred Wolf Meat
        [2673] Coyote Meat
        [2672] Stringy Wolf Meat
        [2665] Stormwind Seasoning Herbs
        [2604] Red Dye
        [2589] Linen Cloth
        [2581] Heavy Linen Bandage
        [2454] Elixir of Lion's Strength
        [2449] Earthroot
        [2447] Peacebloom
        [2324] Bleach
        [2320] Coarse Thread
        [2318] Light Leather
        [2304] Light Armor Kit
        [2070] Darnassian Bleu
        [1475] Small Venom Sac
        [1399] Magic Candle
        [1288] Large Venom Sac
        [1251] Linen Bandage
        [1181] Scroll of Spirit
        [1178] Explosive Rocket
        [1177] Oil of Olaf
        [961] Healing Herb
        [814] Flask of Oil
        [787] Slitherskin Mackerel
        [785] Mageroyal
        [783] Light Hide
        [769] Chunk of Boar Meat
        [765] Silverleaf
        [729] Stringy Vulture Meat
        [159] Refreshing Spring Water
        [118] Minor Healing Potion
        [117] Tough Jerky
    Bucket 0 (levels 1..10) Type 0 - 206 random items cached
        [48601] Red Rider Air Rifle Ammo
        [44856] Turkey Parts
        [44852] Cornmeal
        [44716] Mysterious Fermented Liquid
        [44646] Dalaran Bandage
        [44620] Glass of Vintage Dalaran Red
        [44617] Glass of Dalaran Red
        [44570] Glass of Eversong Wine
        [43696] Half Empty Bottle of Prison Moonshine
        [43695] Half Full Bottle of Prison Moonshine
        [43115] Hunter's Ink
        [40893] Bladed Pickaxe
        [40892] Hammer Pick
        [40035] Honey Mead
        [39774] Midnight Ink
        [39505] Virtuoso Inking Set
        [39469] Moonglow Ink
        [39354] Light Parchment
        [39334] Dusky Pigment
        [39151] Alabaster Pigment
        [38518] Cro's Apple
        [38350] Winterfin "Depth Charge"
        [37101] Ivory Ink
        [37100] Silver Ink
        [34850] Midsummer Ground Flower
        [34832] Captain Rumsey's Lager
        [34647] Rough Parchment
        [34645] Earthen Ink
        [34017] Small Step Brew
        [33924] Delicious Chocolate Cake
        [33081] Voodoo Skull
        [33030] Barleybrew Clear
        [30817] Simple Flour
        [30816] Spice Bread
        [30197] QAEnchant Ring +4 Stats
        [29112] Cenarion Spirits
        [28284] Don Carlos Tequila
        [27669] Bat Flesh
        [27668] Lynx Meat
        [27635] Lynx Steak
        [25886] Purple Smoke Flare
        [24105] Roasted Moongraze Tenderloin
        [23771] Green Smoke Flare
        [23770] Blue Smoke Flare
        [23769] Red Smoke Flare
        [23768] White Smoke Flare
        [23756] Cookie's Jumbo Gumbo
        [23676] Moongraze Stag Tenderloin
        [23444] Goldenmist Special Brew
        [23386] Condensed Mana Powder
        [23381] Chipped Power Core
        [23354] Crystalized Mana Residue
        [23334] Cracked Power Core
        [23329] Enriched Lasher Root
        [22710] Bloodthistle
        [22203] Large Obsidian Shard
        [22202] Small Obsidian Shard
        [21721] Moonglow
        [21151] Rumsey Rum Black Label
        [21114] Rumsey Rum Dark
        [20857] Honey Bread
        [20819] Cut Malachite
        [20709] Rumsey Rum Light
        [19441] Huge Venom Sac
        [19223] Darkmoon Dog
        [19222] Cheap Beer
        [19221] Darkmoon Special Reserve
        [18662] Heavy Leather Ball
        [18599] QAEnchant 2H Weapon +25 Agility
        [18288] Molasses Firewater
        [18287] Evermurky
        [17344] Candy Cane
        [17307] Purple Ribboned Wrapping Paper
        [17304] Green Ribboned Wrapping Paper
        [17303] Blue Ribboned Wrapping Paper
        [17199] Bad Egg Nog
        [17198] Egg Nog
        [17197] Gingerbread Cookie
        [17196] Holiday Spirits
        [16166] Bean Soup
        [12224] Crispy Bat Wing
        [12223] Meaty Bat Wing
        [11584] Cactus Apple Surprise
        [11325] Dark Iron Ale Mug
        [11109] Special Chicken Feed
        [9361] Cuergo's Gold with Worm
        [9360] Cuergo's Gold
        [9260] Volatile Rum
        [8545] Heavy Mageweave Bandage
        [8544] Mageweave Bandage
        [7808] Chocolate Square
        [7807] Candy Bar
        [7806] Lollipop
        [7392] Green Whelp Scale
        [7286] Black Whelp Scale
        [7097] Leg Meat
        [6889] Small Egg
        [6888] Herb Baked Egg
        [6529] Shiny Bauble
        [6471] Perfect Deviate Scale
        [6470] Deviate Scale
        [6451] Heavy Silk Bandage
        [6450] Silk Bandage
        [6303] Raw Slitherskin Mackerel
        [6299] Sickly Looking Fish
        [6291] Raw Brilliant Smallfish
        [6290] Brilliant Smallfish
        [6260] Blue Dye
        [6217] Copper Rod
        [6216] Mystical Powder
        [6183] Unlit Poor Torch
        [5997] Elixir of Minor Defense
        [5878] Super Snuff
        [5859] Party Grenade
        [5523] Small Barnacled Clam
        [5474] Roasted Kodo Meat
        [5473] Scorpid Surprise
        [5472] Kaldorei Spider Kabob
        [5469] Strider Meat
        [5467] Kodo Meat
        [5466] Scorpid Stinger
        [5465] Small Spider Leg
        [5229] Handstitched Leather Bracers
        [5116] Long Tail Feather
        [5082] Thin Kodo Leather
        [5057] Ripe Watermelon
        [5049] Self-locking Ironpaper
        [5048] Blue Ribboned Wrapping Paper
        [5042] Red Ribboned Wrapping Paper
        [4656] Small Pumpkin
        [4611] Blue Pearl
        [4604] Forest Mushroom Cap
        [4595] Junglevine Wine
        [4589] Long Elegant Feather
        [4540] Tough Hunk of Bread
        [4536] Shiny Red Apple
        [4471] Flint and Tinder
        [4470] Simple Wood
        [4399] Wooden Stock
        [4361] Copper Tube
        [4359] Handful of Copper Bolts
        [4358] Rough Dynamite
        [4357] Rough Blasting Powder
        [4289] Salt
        [4231] Cured Light Hide
        [3703] Southshore Stout
        [3531] Heavy Wool Bandage
        [3530] Wool Bandage
        [3470] Rough Grinding Stone
        [3382] Weak Troll's Blood Elixir
        [3371] Empty Vial
        [3239] Rough Weightstone
        [3174] Spider Ichor
        [3172] Boar Intestines
        [3164] Discolored Worg Heart
        [3013] Scroll of Protection
        [2996] Bolt of Linen Cloth
        [2934] Ruined Leather Scraps
        [2894] Rhapsody Malt
        [2888] Beer Basted Boar Ribs
        [2886] Crag Boar Rib
        [2880] Weak Flux
        [2862] Rough Sharpening Stone
        [2842] Silver Bar
        [2840] Copper Bar
        [2835] Rough Stone
        [2775] Silver Ore
        [2770] Copper Ore
        [2723] Bottle of Pinot Noir
        [2688] Squirrel Nut
        [2686] Thunder Ale
        [2681] Roasted Boar Meat
        [2680] Spiced Wolf Meat
        [2679] Charred Wolf Meat
        [2673] Coyote Meat
        [2672] Stringy Wolf Meat
        [2665] Stormwind Seasoning Herbs
        [2604] Red Dye
        [2589] Linen Cloth
        [2581] Heavy Linen Bandage
        [2454] Elixir of Lion's Strength
        [2449] Earthroot
        [2447] Peacebloom
        [2324] Bleach
        [2320] Coarse Thread
        [2318] Light Leather
        [2304] Light Armor Kit
        [2070] Darnassian Bleu
        [1475] Small Venom Sac
        [1399] Magic Candle
        [1288] Large Venom Sac
        [1251] Linen Bandage
        [1181] Scroll of Spirit
        [1178] Explosive Rocket
        [1177] Oil of Olaf
        [961] Healing Herb
        [814] Flask of Oil
        [787] Slitherskin Mackerel
        [785] Mageroyal
        [783] Light Hide
        [769] Chunk of Boar Meat
        [765] Silverleaf
        [729] Stringy Vulture Meat
        [159] Refreshing Spring Water
        [118] Minor Healing Potion
        [117] Tough Jerky
    Bucket 1 (levels 11..20) Type 1 - 8 random items cached
        [12978] Stormbringer Belt
        [12977] Magefist Gloves
        [12976] Ironpatch Blade
        [12975] Prospector Axe
        [5426] Serpent's Kiss
        [5423] Boahn's Fang
        [5183] Pulsating Hydra Heart
        [935] Night Watch Shortsword
    Bucket 1 (levels 11..20) Type 2 - 416 random items cached
        [39509] Darkmoon Vest
        [39507] Darkmoon Chain Shirt
        [38513] Boarhide Leggings
        [38318] Darkmoon Robe
        [33791] Heavy Copper Longsword
        [31270] Banshee Rod
        [31269] Ghoul Hammer
        [31268] Abomination Cleaver
        [31264] Silvermoon Robes
        [31263] Silvermoon Tunic
        [31256] Silvermoon Armor
        [29584] Throat Piercers
        [29583] Sinister Scimitar
        [29201] Thick Bronze Darts
        [25439] Tigerseye Band
        [25438] Malachite Pendant
        [22782] Sin'dorei Cloak of Warding
        [21934] Ornate Tigerseye Necklace
        [21932] Heavy Copper Ring
        [21931] Woven Copper Ring
        [20906] Braided Copper Ring
        [20821] Inlaid Malachite Ring
        [20575] Black Whelp Tunic
        [15971] Aboriginal Rod
        [15970] Native Branch
        [15945] Runic Stave
        [15944] Ancestral Orb
        [15933] Simple Branch
        [15932] Disciple's Stein
        [15926] Spellbinder Orb
        [15510] Grunt's Belt
        [15508] Grunt's Cape
        [15507] Grunt's Bracers
        [15502] Outrunner's Gloves
        [15501] Outrunner's Cloak
        [15499] Outrunner's Cuffs
        [15498] Outrunner's Slippers
        [15497] Outrunner's Cord
        [15495] Bloodspattered Wristbands
        [15494] Bloodspattered Shield
        [15493] Bloodspattered Loincloth
        [15492] Bloodspattered Sash
        [15491] Bloodspattered Gloves
        [15489] Bloodspattered Sabatons
        [15487] War Torn Tunic
        [15486] War Torn Shield
        [15485] War Torn Pants
        [15479] Charger's Armor
        [15477] Charger's Pants
        [15312] Feral Leggings
        [15310] Feral Gloves
        [15309] Feral Cloak
        [15308] Feral Cord
        [15307] Feral Buckler
        [15306] Feral Bindings
        [15305] Feral Shoes
        [15304] Grizzly Jerkin
        [15303] Grizzly Pants
        [15298] Grizzly Buckler
        [15268] Twin-bladed Axe
        [15248] Gleaming Claymore
        [15222] Barbed Club
        [15210] Raider Shortsword
        [15114] Rigid Cape
        [15112] Rigid Bracelets
        [15110] Rigid Belt
        [15018] Lupine Vest
        [15017] Lupine Leggings
        [15016] Lupine Handwraps
        [15014] Lupine Buckler
        [15012] Lupine Slippers
        [15011] Lupine Cord
        [15010] Primal Wraps
        [15009] Primal Leggings
        [14745] Hulking Cloak
        [14729] War Paint Shield
        [14727] War Paint Legguards
        [14726] War Paint Gloves
        [14725] War Paint Waistband
        [14724] War Paint Cloak
        [14723] War Paint Bindings
        [14722] War Paint Anklewraps
        [14564] Prospector's Mitts
        [14563] Prospector's Cloak
        [14561] Prospector's Cuffs
        [14560] Prospector's Boots
        [14559] Prospector's Sash
        [14370] Mystic's Woolies
        [14367] Mystic's Gloves
        [14366] Mystic's Bracelets
        [14365] Mystic's Cape
        [14364] Mystic's Slippers
        [14174] Buccaneer's Boots
        [14173] Buccaneer's Cord
        [14168] Buccaneer's Gloves
        [14167] Buccaneer's Cape
        [14166] Buccaneer's Bracers
        [14161] Pagan Cape
        [14160] Pagan Bands
        [14131] Ritual Belt
        [14129] Ritual Sandals
        [14124] Ritual Gloves
        [14123] Ritual Cape
        [14122] Ritual Bands
        [14121] Aboriginal Vest
        [14120] Aboriginal Robe
        [14119] Aboriginal Loincloth
        [14117] Aboriginal Gloves
        [14114] Aboriginal Footwraps
        [14113] Aboriginal Sash
        [14109] Native Robe
        [14097] Native Pants
        [14096] Native Vest
        [14094] Beaded Wraps
        [14091] Beaded Robe
        [14090] Beaded Britches
        [14025] Mystic's Belt
        [12978] Stormbringer Belt
        [12977] Magefist Gloves
        [12976] Ironpatch Blade
        [12975] Prospector Axe
        [11981] Lead Band
        [11965] Quartz Ring
        [11304] Fine Longbow
        [11303] Fine Shortbow
        [11287] Lesser Magic Wand
        [10554] Foreman Pants
        [10553] Foreman Vest
        [10413] Gloves of the Fang
        [10402] Blackened Defias Boots
        [10401] Blackened Defias Gloves
        [10400] Blackened Defias Leggings
        [9790] Raider's Shield
        [9789] Raider's Legguards
        [9788] Raider's Belt
        [9787] Raider's Gauntlets
        [9786] Raider's Cloak
        [9785] Raider's Bracers
        [9784] Raider's Boots
        [9783] Raider's Chestpiece
        [9780] Bandit Gloves
        [9779] Bandit Cloak
        [9778] Bandit Buckler
        [9777] Bandit Bracers
        [9776] Bandit Boots
        [9775] Bandit Cinch
        [9770] Greenweave Cloak
        [9765] Cadet Vest
        [9764] Cadet Shield
        [9763] Cadet Leggings
        [9757] Gypsy Tunic
        [9756] Gypsy Trousers
        [9753] Gypsy Buckler
        [9749] Simple Blouse
        [9748] Simple Robe
        [9747] Simple Britches
        [8350] The 1 Ring
        [8180] Hunting Bow
        [7559] Runic Cane
        [7554] Willow Branch
        [7283] Black Whelp Cloak
        [7282] Light Leather Pants
        [7280] Rugged Leather Pants
        [7108] Infantry Shield
        [6731] Ironforge Breastplate
        [6730] Ironforge Chain
        [6709] Moonglow Vest
        [6585] Scouting Cloak
        [6575] Defender Cloak
        [6563] Shimmering Bracers
        [6560] Soldier's Shield
        [6559] Bard's Buckler
        [6558] Bard's Belt
        [6557] Bard's Boots
        [6556] Bard's Bracers
        [6554] Bard's Gloves
        [6553] Bard's Trousers
        [6552] Bard's Tunic
        [6551] Soldier's Boots
        [6550] Soldier's Wristguards
        [6548] Soldier's Girdle
        [6547] Soldier's Gauntlets
        [6546] Soldier's Leggings
        [6545] Soldier's Armor
        [6543] Willow Bracers
        [6542] Willow Cape
        [6541] Willow Gloves
        [6540] Willow Pants
        [6539] Willow Belt
        [6538] Willow Robe
        [6537] Willow Boots
        [6536] Willow Vest
        [6531] Barbaric Cloth Robe
        [6528] Spellbinder Robe
        [6527] Ancestral Robe
        [6512] Disciple's Robe
        [6511] Journeyman's Robe
        [6466] Deviate Scale Cloak
        [6380] Inscribed Buckler
        [6379] Inscribed Leather Belt
        [6378] Seer's Cape
        [6337] Infantry Leggings
        [6336] Infantry Tunic
        [6269] Pioneer Trousers
        [6268] Pioneer Tunic
        [6267] Disciple's Pants
        [6266] Disciple's Vest
        [6263] Blue Overalls
        [6243] Green Woolen Robe
        [6242] Blue Linen Robe
        [6240] Blue Linen Vest
        [6239] Red Linen Vest
        [6205] Burrowing Shovel
        [6195] Wax-polished Armor
        [6180] Slarkskin
        [6179] Privateer's Cape
        [5968] Rugged Boots
        [5967] Girdle of Nobility
        [5781] Murloc Scale Breastplate
        [5780] Murloc Scale Belt
        [5748] Centaur Longbow
        [5744] Pale Skinner
        [5542] Pearl-clasped Cloak
        [5426] Serpent's Kiss
        [5425] Runescale Girdle
        [5423] Boahn's Fang
        [5422] Brambleweed Leggings
        [5255] Quilboar Tomahawk
        [5212] Blazing Wand
        [5207] Opaque Wand
        [5183] Pulsating Hydra Heart
        [5182] Shiver Blade
        [5112] Ritual Blade
        [5111] Rathorian's Cape
        [5071] Shadow Wand
        [5069] Fire Wand
        [4789] Stable Boots
        [4788] Agile Boots
        [4786] Wise Man's Belt
        [4782] Solstice Robe
        [4781] Whispering Vest
        [4778] Heavy Spiked Mace
        [4777] Ironwood Maul
        [4771] Harvest Cloak
        [4768] Adept's Gloves
        [4767] Coppercloth Gloves
        [4766] Feral Blade
        [4765] Enamelled Broadsword
        [4701] Inscribed Cloak
        [4699] Seer's Belt
        [4697] Burnished Girdle
        [4695] Burnished Cloak
        [4676] Skeletal Gauntlets
        [4660] Walking Boots
        [4577] Compact Shotgun
        [4575] Medicine Staff
        [4571] War Knife
        [4570] Birchwood Maul
        [4569] Staunch Hammer
        [4567] Merc Sword
        [4566] Sturdy Quarterstaff
        [4564] Spiked Club
        [4561] Scalping Tomahawk
        [4437] Channeler's Staff
        [4434] Scarecrow Trousers
        [4368] Flying Tiger Goggles
        [4313] Red Woolen Boots
        [4312] Soft-soled Linen Boots
        [4310] Heavy Woolen Gloves
        [4309] Handstitched Linen Britches
        [4303] Cranial Thumper
        [4290] Dust Bowl
        [4244] Hillman's Leather Vest
        [4243] Fine Leather Tunic
        [4242] Embossed Leather Pants
        [3902] Staff of Nobles
        [3848] Big Bronze Knife
        [3654] Brackwater Shield
        [3653] Ceremonial Buckler
        [3652] Hunting Buckler
        [3651] Veteran Shield
        [3645] Seer's Cuffs
        [3563] Seafarer's Pantaloons
        [3489] Thick War Axe
        [3488] Copper Battle Axe
        [3487] Heavy Copper Broadsword
        [3474] Gemmed Copper Gauntlets
        [3473] Runed Copper Pants
        [3330] Dargol's Hauberk
        [3315] Ceremonial Leather Loincloth
        [3314] Ceremonial Leather Gloves
        [3313] Ceremonial Leather Harness
        [3310] Barbaric Cloth Vest
        [3309] Barbaric Loincloth
        [3308] Barbaric Cloth Gloves
        [3307] Barbaric Cloth Boots
        [3306] Brackwater Vest
        [3305] Brackwater Leggings
        [3302] Brackwater Boots
        [3292] Ancestral Tunic
        [3291] Ancestral Woollies
        [3288] Tribal Vest
        [3287] Tribal Pants
        [3283] Battle Chain Tunic
        [3282] Battle Chain Pants
        [3223] Frostmane Scepter
        [3222] Wicked Dagger
        [3211] Burnished Bracers
        [3205] Inscribed Leather Bracers
        [3196] Edged Bastard Sword
        [3195] Barbaric Battle Axe
        [3192] Short Bastard Sword
        [3188] Coral Claymore
        [3184] Hook Dagger
        [3040] Hunter's Muzzle Loader
        [3036] Heavy Shortbow
        [3019] Noble's Robe
        [2992] Burnished Gloves
        [2988] Inscribed Leather Gloves
        [2987] Inscribed Leather Boots
        [2986] Inscribed Leather Pants
        [2984] Seer's Gloves
        [2983] Seer's Boots
        [2982] Seer's Pants
        [2980] Veteran Gloves
        [2978] Veteran Leggings
        [2977] Veteran Armor
        [2976] Hunting Gloves
        [2974] Hunting Pants
        [2973] Hunting Tunic
        [2970] Spellbinder Pants
        [2969] Spellbinder Vest
        [2965] Warrior's Tunic
        [2961] Burnt Leather Vest
        [2957] Journeyman's Vest
        [2899] Wendigo Collar
        [2864] Runed Copper Breastplate
        [2823] Mo'grosh Can Opener
        [2822] Mo'grosh Toothpick
        [2821] Mo'grosh Masher
        [2664] Spinner Fang
        [2632] Curved Dagger
        [2583] Woolen Boots
        [2578] Barbaric Linen Vest
        [2317] Dark Leather Tunic
        [2312] Fine Leather Gloves
        [2309] Embossed Leather Boots
        [2308] Fine Leather Cloak
        [2300] Embossed Leather Vest
        [2284] Rat Cloth Cloak
        [2283] Rat Cloth Belt
        [2281] Rodentia Flint Axe
        [2274] Sapper's Gloves
        [2273] Guerrilla Armor
        [2267] Stonesplinter Mace
        [2266] Stonesplinter Dagger
        [2265] Stonesplinter Axe
        [2254] Icepane Warhammer
        [2241] Desperado Cape
        [2235] Brackclaw
        [2204] Brashclaw's Skewer
        [2203] Brashclaw's Chopper
        [2167] Foreman's Gloves
        [2166] Foreman's Leggings
        [2140] Carving Knife
        [2088] Long Crawler Limb
        [2087] Hard Crawler Carapace
        [2079] Sergeant's Warhammer
        [2078] Northern Shortsword
        [2075] Priest's Mace
        [2073] Dwarven Hatchet
        [2020] Hollowfang Blade
        [1959] Cold Iron Pick
        [1958] Petrified Shinbone
        [1951] Blackwater Cutlass
        [1945] Woodworking Gloves
        [1944] Metalworking Gloves
        [1943] Goblin Mail Leggings
        [1936] Goblin Screwdriver
        [1934] Stonemason Trousers
        [1933] Staff of Conjuring
        [1930] Stonemason Cloak
        [1929] Silk-threaded Trousers
        [1928] Defias Mage Staff
        [1927] Deadmines Cleaver
        [1926] Weighted Sap
        [1925] Defias Rapier
        [1539] Gnarled Hermit's Staff
        [1473] Riverside Staff
        [1469] Scimitar of Atun
        [1460] Shadowhide Two-handed Sword
        [1448] Blackrock Gauntlets
        [1446] Blackrock Boots
        [1440] Gnoll Skull Basher
        [1405] Foamspittle Staff
        [1394] Driftwood Club
        [1391] Riverpaw Mystic Staff
        [1387] Ghoulfang
        [1355] Buckskin Cape
        [1314] Ghoul Fingers
        [1300] Lesser Staff of the Spire
        [1287] Giant Tarantula Fang
        [1220] Lupine Axe
        [1219] Redridge Machete
        [1214] Gnoll Punisher
        [1211] Gnoll War Harness
        [1190] Overseer's Cloak
        [1189] Overseer's Ring
        [935] Night Watch Shortsword
        [899] Venom Web Fang
        [832] Silver Defias Belt
        [827] Wicked Blackjack
        [826] Brutish Riverpaw Axe
        [821] Riverpaw Leather Vest
        [820] Slicer Blade
        [816] Small Hand Blade
    Bucket 1 (levels 11..20) Type 4 - 7 random items cached
        [43557] Poisonous Ivy Berries
        [43117] Dawnstar Ink
        [43103] Verdant Pigment
        [20825] Cut Shadowgem
        [20822] Cut Tigerseye
        [19298] Minor Darkmoon Prize
        [15869] Silver Skeleton Key
    Bucket 1 (levels 11..20) Type 3 - 165 random items cached
        [45621] Elixir of Minor Accuracy
        [44575] Flask of Bitter Cactus Cider
        [44571] Bottle of Silvermoon Port
        [43557] Poisonous Ivy Berries
        [43117] Dawnstar Ink
        [43116] Lion's Ink
        [43103] Verdant Pigment
        [42474] Glyph of Arcane Explosion
        [41427] Dalaran Firework
        [40036] Snowplum Brandy
        [39338] Golden Pigment
        [37118] Scroll of Recall
        [34663] Silver Quill
        [34065] Spiced Onion Cheese
        [34018] Long Stride Brew
        [33028] Barleybrew Light
        [27636] Bat Bites
        [24072] Sand Pear Pie
        [22645] Crunchy Spider Surprise
        [22644] Crunchy Spider Leg
        [21072] Smoked Sagefish
        [21071] Raw Sagefish
        [20825] Cut Shadowgem
        [20824] Simple Grinder
        [20822] Cut Tigerseye
        [20816] Delicate Copper Wire
        [20815] Jeweler's Kit
        [20744] Minor Wizard Oil
        [19304] Spiced Beef Jerky
        [19298] Minor Darkmoon Prize
        [18633] Styleen's Sour Suckerpop
        [17406] Holiday Cheesewheel
        [17404] Blended Bean Brew
        [17403] Steamwheedle Fizzy Spirits
        [17119] Deeprun Rat Kabob
        [16167] Versicolor Treat
        [15869] Silver Skeleton Key
        [12238] Darkshore Grouper
        [11846] Wizbang's Special Brew
        [9318] Red Firework
        [9317] Red, White and Blue Firework
        [9315] Yellow Rose Firework
        [9314] Red Streaks Firework
        [9313] Green Firework
        [9312] Blue Firework
        [7676] Thistle Tea
        [6947] Instant Poison
        [6890] Smoked Bear Meat
        [6811] Aquadynamic Fish Lens
        [6662] Elixir of Giant Growth
        [6657] Savory Deviate Delight
        [6530] Nightcrawlers
        [6522] Deviate Fish
        [6458] Oil Covered Fish
        [6452] Anti-Venom
        [6374] Enchanted Powder
        [6372] Swim Speed Potion
        [6370] Blackmouth Oil
        [6361] Raw Rainbow Fin Albacore
        [6358] Oily Blackmouth
        [6338] Silver Rod
        [6317] Raw Loch Frenzy
        [6316] Loch Frenzy Delight
        [6289] Raw Longjaw Mud Snapper
        [6051] Holy Protection Potion
        [5996] Elixir of Water Breathing
        [5823] Poisonous Mushroom
        [5784] Slimy Murloc Scale
        [5740] Red Fireworks Rocket
        [5635] Sharp Claw
        [5631] Rage Potion
        [5526] Clam Chowder
        [5525] Boiled Clams
        [5524] Thick-shelled Clam
        [5503] Clam Meat
        [5478] Dig Rat Stew
        [5477] Strider Stew
        [5476] Fillet of Frenzy
        [5468] Soft Frenzy Flesh
        [5342] Raptor Punch
        [5206] Bogling Root
        [5205] Sprouted Frond
        [5095] Rainbow Fin Albacore
        [5066] Fissure Plant
        [5013] Fertile Bulb
        [4605] Red-speckled Mushroom
        [4596] Discolored Healing Potion
        [4592] Longjaw Mud Snapper
        [4541] Freshly Baked Bread
        [4537] Tel'Abim Banana
        [4405] Crude Scope
        [4404] Silver Contact
        [4367] Small Seaforium Charge
        [4366] Target Dummy
        [4365] Coarse Dynamite
        [4364] Coarse Blasting Powder
        [4363] Copper Modulator
        [4360] Rough Copper Bomb
        [4233] Cured Medium Hide
        [4232] Medium Hide
        [3820] Stranglekelp
        [3775] Crippling Poison
        [3662] Crocolisk Steak
        [3576] Tin Bar
        [3478] Coarse Grinding Stone
        [3448] Senggin Root
        [3383] Elixir of Wisdom
        [3240] Coarse Weightstone
        [3220] Blood Sausage
        [3182] Spider's Silk
        [3173] Bear Meat
        [3087] Mug of Shimmer Stout
        [3012] Scroll of Agility
        [2929] Tomb Rot
        [2924] Crocolisk Meat
        [2863] Coarse Sharpening Stone
        [2841] Bronze Bar
        [2836] Coarse Stone
        [2771] Tin Ore
        [2692] Hot Spices
        [2687] Dry Pork Ribs
        [2685] Succulent Pork Ribs
        [2684] Coyote Steak
        [2683] Crab Cake
        [2682] Cooked Crab Claw
        [2677] Boar Ribs
        [2675] Crawler Claw
        [2674] Crawler Meat
        [2605] Green Dye
        [2596] Skin of Dwarven Stout
        [2593] Flask of Port
        [2592] Wool Cloth
        [2460] Elixir of Tongues (NYI)
        [2459] Swiftness Potion
        [2458] Elixir of Minor Fortitude
        [2457] Elixir of Minor Agility
        [2456] Minor Rejuvenation Potion
        [2455] Minor Mana Potion
        [2453] Bruiseweed
        [2452] Swiftthistle
        [2450] Briarthorn
        [2321] Fine Thread
        [2319] Medium Leather
        [2313] Medium Armor Kit
        [2296] Great Goretusk Snout
        [2287] Haunch of Meat
        [2091] Magic Dust
        [1468] Murloc Fin
        [1401] Green Tea Leaf
        [1326] Sauteed Sunfish
        [1180] Scroll of Stamina
        [1179] Ice Cold Milk
        [1082] Redridge Goulash
        [1081] Crisp Spider Meat
        [1080] Tough Condor Meat
        [1015] Lean Wolf Flank
        [955] Scroll of Intellect
        [954] Scroll of Strength
        [858] Lesser Healing Potion
        [733] Westfall Stew
        [731] Goretusk Snout
        [730] Murloc Eye
        [724] Goretusk Liver Pie
        [723] Goretusk Liver
        [414] Dalaran Sharp
    Bucket 1 (levels 11..20) Type 0 - 173 random items cached
        [45621] Elixir of Minor Accuracy
        [44575] Flask of Bitter Cactus Cider
        [44571] Bottle of Silvermoon Port
        [43557] Poisonous Ivy Berries
        [43117] Dawnstar Ink
        [43116] Lion's Ink
        [43103] Verdant Pigment
        [42474] Glyph of Arcane Explosion
        [41427] Dalaran Firework
        [40036] Snowplum Brandy
        [39338] Golden Pigment
        [37118] Scroll of Recall
        [34663] Silver Quill
        [34065] Spiced Onion Cheese
        [34018] Long Stride Brew
        [33028] Barleybrew Light
        [27636] Bat Bites
        [24072] Sand Pear Pie
        [22645] Crunchy Spider Surprise
        [22644] Crunchy Spider Leg
        [21072] Smoked Sagefish
        [21071] Raw Sagefish
        [20825] Cut Shadowgem
        [20824] Simple Grinder
        [20822] Cut Tigerseye
        [20816] Delicate Copper Wire
        [20815] Jeweler's Kit
        [20744] Minor Wizard Oil
        [19304] Spiced Beef Jerky
        [19298] Minor Darkmoon Prize
        [18633] Styleen's Sour Suckerpop
        [17406] Holiday Cheesewheel
        [17404] Blended Bean Brew
        [17403] Steamwheedle Fizzy Spirits
        [17119] Deeprun Rat Kabob
        [16167] Versicolor Treat
        [15869] Silver Skeleton Key
        [12978] Stormbringer Belt
        [12977] Magefist Gloves
        [12976] Ironpatch Blade
        [12975] Prospector Axe
        [12238] Darkshore Grouper
        [11846] Wizbang's Special Brew
        [9318] Red Firework
        [9317] Red, White and Blue Firework
        [9315] Yellow Rose Firework
        [9314] Red Streaks Firework
        [9313] Green Firework
        [9312] Blue Firework
        [7676] Thistle Tea
        [6947] Instant Poison
        [6890] Smoked Bear Meat
        [6811] Aquadynamic Fish Lens
        [6662] Elixir of Giant Growth
        [6657] Savory Deviate Delight
        [6530] Nightcrawlers
        [6522] Deviate Fish
        [6458] Oil Covered Fish
        [6452] Anti-Venom
        [6374] Enchanted Powder
        [6372] Swim Speed Potion
        [6370] Blackmouth Oil
        [6361] Raw Rainbow Fin Albacore
        [6358] Oily Blackmouth
        [6338] Silver Rod
        [6317] Raw Loch Frenzy
        [6316] Loch Frenzy Delight
        [6289] Raw Longjaw Mud Snapper
        [6051] Holy Protection Potion
        [5996] Elixir of Water Breathing
        [5823] Poisonous Mushroom
        [5784] Slimy Murloc Scale
        [5740] Red Fireworks Rocket
        [5635] Sharp Claw
        [5631] Rage Potion
        [5526] Clam Chowder
        [5525] Boiled Clams
        [5524] Thick-shelled Clam
        [5503] Clam Meat
        [5478] Dig Rat Stew
        [5477] Strider Stew
        [5476] Fillet of Frenzy
        [5468] Soft Frenzy Flesh
        [5426] Serpent's Kiss
        [5423] Boahn's Fang
        [5342] Raptor Punch
        [5206] Bogling Root
        [5205] Sprouted Frond
        [5183] Pulsating Hydra Heart
        [5095] Rainbow Fin Albacore
        [5066] Fissure Plant
        [5013] Fertile Bulb
        [4605] Red-speckled Mushroom
        [4596] Discolored Healing Potion
        [4592] Longjaw Mud Snapper
        [4541] Freshly Baked Bread
        [4537] Tel'Abim Banana
        [4405] Crude Scope
        [4404] Silver Contact
        [4367] Small Seaforium Charge
        [4366] Target Dummy
        [4365] Coarse Dynamite
        [4364] Coarse Blasting Powder
        [4363] Copper Modulator
        [4360] Rough Copper Bomb
        [4233] Cured Medium Hide
        [4232] Medium Hide
        [3820] Stranglekelp
        [3775] Crippling Poison
        [3662] Crocolisk Steak
        [3576] Tin Bar
        [3478] Coarse Grinding Stone
        [3448] Senggin Root
        [3383] Elixir of Wisdom
        [3240] Coarse Weightstone
        [3220] Blood Sausage
        [3182] Spider's Silk
        [3173] Bear Meat
        [3087] Mug of Shimmer Stout
        [3012] Scroll of Agility
        [2929] Tomb Rot
        [2924] Crocolisk Meat
        [2863] Coarse Sharpening Stone
        [2841] Bronze Bar
        [2836] Coarse Stone
        [2771] Tin Ore
        [2692] Hot Spices
        [2687] Dry Pork Ribs
        [2685] Succulent Pork Ribs
        [2684] Coyote Steak
        [2683] Crab Cake
        [2682] Cooked Crab Claw
        [2677] Boar Ribs
        [2675] Crawler Claw
        [2674] Crawler Meat
        [2605] Green Dye
        [2596] Skin of Dwarven Stout
        [2593] Flask of Port
        [2592] Wool Cloth
        [2460] Elixir of Tongues (NYI)
        [2459] Swiftness Potion
        [2458] Elixir of Minor Fortitude
        [2457] Elixir of Minor Agility
        [2456] Minor Rejuvenation Potion
        [2455] Minor Mana Potion
        [2453] Bruiseweed
        [2452] Swiftthistle
        [2450] Briarthorn
        [2321] Fine Thread
        [2319] Medium Leather
        [2313] Medium Armor Kit
        [2296] Great Goretusk Snout
        [2287] Haunch of Meat
        [2091] Magic Dust
        [1468] Murloc Fin
        [1401] Green Tea Leaf
        [1326] Sauteed Sunfish
        [1180] Scroll of Stamina
        [1179] Ice Cold Milk
        [1082] Redridge Goulash
        [1081] Crisp Spider Meat
        [1080] Tough Condor Meat
        [1015] Lean Wolf Flank
        [955] Scroll of Intellect
        [954] Scroll of Strength
        [935] Night Watch Shortsword
        [858] Lesser Healing Potion
        [733] Westfall Stew
        [731] Goretusk Snout
        [730] Murloc Eye
        [724] Goretusk Liver Pie
        [723] Goretusk Liver
        [414] Dalaran Sharp
    Bucket 2 (levels 21..30) Type 4 - 9 random items cached
        [43558] Nightbloom Lilac
        [43119] Royal Ink
        [43104] Burnt Pigment
        [20952] Cut Agate
        [20834] Ornate Spyglass XT
        [20829] Cut Moonstone
        [15870] Golden Skeleton Key
        [3577] Gold Bar
        [2776] Gold Ore
    Bucket 2 (levels 21..30) Type 3 - 142 random items cached
        [44573] Cup of Frog Venom Brew
        [43558] Nightbloom Lilac
        [43119] Royal Ink
        [43118] Jadefire Ink
        [43104] Burnt Pigment
        [40042] Caraway Burnwine
        [39339] Emerald Pigment
        [38432] Plugger's Blackrock Ale
        [37161] Five of Swords
        [37160] Four of Swords
        [37159] Three of Swords
        [37147] Two of Swords
        [37145] Ace of Swords
        [34861] Sharpened Fish Hook
        [34063] Dried Sausage
        [34019] Path of Brew
        [33029] Barleybrew Dark
        [20952] Cut Agate
        [20834] Ornate Spyglass XT
        [20829] Cut Moonstone
        [20817] Bronze Setting
        [20745] Minor Mana Oil
        [20074] Heavy Crocolisk Stew
        [19305] Pickled Kodo Foot
        [19299] Fizzy Faire Drink
        [16170] Steamed Mandu
        [15870] Golden Skeleton Key
        [12209] Lean Wolf Steak
        [12203] Red Wolf Meat
        [12202] Tiger Meat
        [12184] Raptor Flesh
        [12037] Mystery Meat
        [11291] Star Wood
        [11128] Golden Rod
        [10558] Gold Power Core
        [9451] Bubbling Water
        [7428] Shadowcat Hide
        [7307] Flesh Eating Worm
        [7228] Tigule and Foror's Strawberry Ice Cream
        [7072] Naga Scale
        [7071] Iron Buckle
        [7070] Elemental Water
        [7069] Elemental Air
        [7068] Elemental Fire
        [7067] Elemental Earth
        [6949] Instant Poison II
        [6714] Ez-Thro Dynamite
        [6533] Aquadynamic Fish Attractor
        [6532] Bright Baubles
        [6453] Strong Anti-Venom
        [6373] Elixir of Firepower
        [6371] Fire Oil
        [6359] Firefin Snapper
        [6308] Raw Bristle Whisker Catfish
        [6048] Shadow Protection Potion
        [6042] Iron Shield Spike
        [5637] Large Fang
        [5634] Free Action Potion
        [5632] Cowardly Flight Potion
        [5527] Goblin Deviled Clams
        [5507] Ornate Spyglass
        [5504] Tangy Clam Meat
        [5480] Lean Venison
        [5479] Crispy Lizard Tail
        [5471] Stag Meat
        [5470] Thunder Lizard Tail
        [5237] Mind-numbing Poison
        [4606] Spongy Morel
        [4593] Bristle Whisker Catfish
        [4542] Moist Cornbread
        [4538] Snapvine Watermelon
        [4461] Raptor Hide
        [4406] Standard Scope
        [4402] Small Flame Sac
        [4400] Heavy Stock
        [4384] Explosive Sheep
        [4382] Bronze Framework
        [4378] Heavy Dynamite
        [4377] Heavy Blasting Powder
        [4376] Flame Deflector
        [4375] Whirring Bronze Gizmo
        [4374] Small Bronze Bomb
        [4371] Bronze Tube
        [4370] Large Copper Bomb
        [4341] Yellow Dye
        [4340] Gray Dye
        [4306] Silk Cloth
        [4291] Silken Thread
        [4265] Heavy Armor Kit
        [4236] Cured Heavy Hide
        [4235] Heavy Hide
        [4234] Heavy Leather
        [3857] Coal
        [3770] Mutton Chop
        [3731] Lion Meat
        [3730] Big Bear Meat
        [3728] Tasty Lion Steak
        [3727] Hot Lion Chops
        [3726] Big Bear Steak
        [3713] Soothing Spices
        [3712] Turtle Meat
        [3685] Raptor Egg
        [3667] Tender Crocolisk Meat
        [3666] Gooey Spider Cake
        [3665] Curiously Tasty Omelet
        [3664] Crocolisk Gumbo
        [3663] Murloc Fin Soup
        [3577] Gold Bar
        [3575] Iron Bar
        [3486] Heavy Grinding Stone
        [3466] Strong Flux
        [3391] Elixir of Ogre's Strength
        [3390] Elixir of Lesser Agility
        [3389] Elixir of Defense
        [3388] Strong Troll's Blood Elixir
        [3385] Lesser Mana Potion
        [3384] Minor Magic Resistance Potion
        [3372] Leaded Vial
        [3369] Grave Moss
        [3357] Liferoot
        [3356] Kingsblood
        [3355] Wild Steelbloom
        [3241] Heavy Weightstone
        [2997] Bolt of Woolen Cloth
        [2892] Deadly Poison
        [2871] Heavy Sharpening Stone
        [2838] Heavy Stone
        [2776] Gold Ore
        [2772] Iron Ore
        [2693] Stormwind Seasoning Salts
        [2594] Flagon of Mead
        [2290] Scroll of Intellect II
        [2251] Gooey Spider Leg
        [1851] Cleansing Water
        [1712] Scroll of Spirit II
        [1711] Scroll of Stamina II
        [1478] Scroll of Protection II
        [1450] Potion of Fervor
        [1205] Melon Juice
        [1017] Seasoned Wolf Kabob
        [929] Healing Potion
        [422] Dwarven Mild
    Bucket 2 (levels 21..30) Type 2 - 643 random items cached
        [45626] Spidersilk Drape
        [43655] Book of Survival
        [43654] Tome of the Dawn
        [43515] Mystic Tome
        [39897] Azure Shoulderguards
        [39895] Cloaked Shoulderpads
        [39894] Darkcloth Shoulders
        [31154] Bronze Torc
        [30804] Bronze Band of Force
        [30420] Heavy Jade Ring
        [30419] Brilliant Necklace
        [21933] Thick Bronze Necklace
        [20909] Barbaric Iron Collar
        [20907] Solid Bronze Ring
        [20830] Amulet of the Moon
        [20828] Ring of Twilight Shadows
        [20827] Ring of Silver Might
        [20826] Heavy Silver Ring
        [20823] Gloom Band
        [20820] Simple Pearl Ring
        [20818] Elegant Silver Ring
        [15974] Pagan Rod
        [15973] Watcher's Star
        [15972] Ritual Stein
        [15947] Sanguine Star
        [15946] Mystic's Sphere
        [15927] Bright Sphere
        [15912] Buccaneer's Orb
        [15894] Bristlebark Buckler
        [15893] Prospector's Buckler
        [15891] Hulking Shield
        [15547] Thick Scale Cloak
        [15545] Thick Scale Bracelets
        [15539] Wicked Chain Waistband
        [15538] Wicked Chain Gauntlets
        [15537] Wicked Chain Cloak
        [15535] Wicked Chain Bracers
        [15532] Sentry's Armsplints
        [15531] Sentry's Shoulderguards
        [15529] Sentry's Leggings
        [15528] Sentry's Sash
        [15527] Sentry's Gloves
        [15526] Sentry's Cape
        [15525] Sentry's Slippers
        [15523] Spiked Chain Shoulder Pads
        [15522] Spiked Chain Shield
        [15521] Spiked Chain Leggings
        [15520] Spiked Chain Gauntlets
        [15519] Spiked Chain Cloak
        [15518] Spiked Chain Breastplate
        [15517] Spiked Chain Wristbands
        [15516] Spiked Chain Slippers
        [15515] Spiked Chain Belt
        [15514] Grunt's Chestpiece
        [15513] Grunt's Pauldrons
        [15512] Grunt's Shield
        [15511] Grunt's Legguards
        [15509] Grunt's Handwraps
        [15506] Grunt's AnkleWraps
        [15504] Outrunner's Shield
        [15503] Outrunner's Legguards
        [15500] Outrunner's Chestguard
        [15488] Bloodspattered Surcoat
        [15351] Headhunter's Bands
        [15348] Pathfinder Bracers
        [15347] Pathfinder Belt
        [15343] Pathfinder Gloves
        [15342] Pathfinder Guard
        [15341] Pathfinder Footpads
        [15340] Pathfinder Cloak
        [15338] Wrangler's Mantle
        [15337] Wrangler's Wraps
        [15336] Wrangler's Leggings
        [15334] Wrangler's Gloves
        [15333] Wrangler's Cloak
        [15332] Wrangler's Buckler
        [15331] Wrangler's Wristbands
        [15330] Wrangler's Boots
        [15329] Wrangler's Belt
        [15311] Feral Harness
        [15284] Long Battle Bow
        [15269] Massive Battle Axe
        [15259] Hefty Battlehammer
        [15249] Polished Zweihander
        [15242] Honed Stiletto
        [15241] Battle Knife
        [15230] Ridge Cleaver
        [15224] Battlesmasher
        [15223] Jagged Star
        [15212] Fighter Broadsword
        [15211] Militant Shortsword
        [15135] Cutthroat's Cape
        [15132] Cutthroat's Armguards
        [15127] Robust Shoulders
        [15126] Robust Leggings
        [15125] Robust Gloves
        [15124] Robust Cloak
        [15123] Robust Buckler
        [15122] Robust Bracers
        [15121] Robust Boots
        [15120] Robust Girdle
        [15118] Rigid Tunic
        [15117] Rigid Leggings
        [15116] Rigid Shoulders
        [15115] Rigid Gloves
        [15113] Rigid Buckler
        [15111] Rigid Moccasins
        [14756] Slayer's Slippers
        [14755] Slayer's Sash
        [14754] Slayer's Gloves
        [14752] Slayer's Cape
        [14750] Slayer's Cuffs
        [14749] Hulking Spaulders
        [14748] Hulking Leggings
        [14747] Hulking Gauntlets
        [14746] Hulking Belt
        [14744] Hulking Chestguard
        [14743] Hulking Bands
        [14742] Hulking Boots
        [14730] War Paint Chestpiece
        [14582] Dokebi Cape
        [14580] Dokebi Bracers
        [14578] Dokebi Cord
        [14574] Bristlebark Britches
        [14573] Bristlebark Amice
        [14572] Bristlebark Gloves
        [14571] Bristlebark Cape
        [14570] Bristlebark Blouse
        [14569] Bristlebark Bindings
        [14568] Bristlebark Boots
        [14567] Bristlebark Belt
        [14566] Prospector's Pads
        [14565] Prospector's Woolies
        [14562] Prospector's Chestpiece
        [14406] Resilient Cord
        [14402] Resilient Bands
        [14400] Resilient Cape
        [14380] Sanguine Robe
        [14379] Sanguine Trousers
        [14378] Sanguine Mantle
        [14377] Sanguine Handwraps
        [14376] Sanguine Cape
        [14375] Sanguine Cuffs
        [14374] Sanguine Sandals
        [14373] Sanguine Belt
        [14372] Sanguine Armor
        [14371] Mystic's Robe
        [14369] Mystic's Wrap
        [14197] Thistlefur Bands
        [14195] Raincaller Boots
        [14194] Raincaller Cord
        [14191] Raincaller Mitts
        [14188] Raincaller Cloak
        [14187] Raincaller Cuffs
        [14186] Raincaller Mantle
        [14185] Watcher's Cinch
        [14184] Watcher's Robes
        [14183] Watcher's Leggings
        [14182] Watcher's Mantle
        [14181] Watcher's Handwraps
        [14180] Watcher's Jerkin
        [14179] Watcher's Cape
        [14177] Watcher's Cuffs
        [14176] Watcher's Boots
        [14175] Buccaneer's Vest
        [14172] Buccaneer's Robes
        [14171] Buccaneer's Pants
        [14165] Pagan Britches
        [14164] Pagan Belt
        [14163] Pagan Wraps
        [14162] Pagan Mitts
        [14159] Pagan Shoes
        [14158] Pagan Vest
        [14133] Ritual Tunic
        [14127] Ritual Shroud
        [14125] Ritual Leggings
        [13136] Lil Timmy's Peashooter
        [13131] Sparkleshell Mantle
        [13114] Troll's Bane Leggings
        [13099] Moccasins of the White Hare
        [13097] Thunderbrow Ring
        [13094] The Queen's Jewel
        [13079] Shield of Thorsen
        [13062] Thunderwood
        [13057] Bloodpike
        [13049] Deanship Claymore
        [13041] Guardian Blade
        [13032] Sword of Corruption
        [13031] Orb of Mistmantle
        [13024] Beazel's Basher
        [13016] Killmaim
        [13012] Yorgen Bracers
        [13011] Silver-lined Belt
        [13010] Dreamsinger Legguards
        [13005] Amy's Blanket
        [12999] Drakewing Bands
        [12998] Magician's Mantle
        [12997] Redbeard Crest
        [12996] Band of Purification
        [12994] Thorbia's Gauntlets
        [12992] Searing Blade
        [12990] Razor's Edge
        [12989] Gargoyle's Bite
        [12988] Starsight Tunic
        [12987] Darkweave Breeches
        [12985] Ring of Defense
        [12984] Skycaller
        [12983] Rakzur Club
        [12982] Silver-linked Footguards
        [12979] Firebane Cloak
        [12054] Demon Band
        [12053] Volcanic Rock Ring
        [12052] Ring of the Moon
        [12047] Spectral Necklace
        [12008] Savannah Ring
        [12007] Prairie Ring
        [12006] Meadow Ring
        [11995] Ivory Band
        [11994] Coral Band
        [11993] Clay Ring
        [11984] Cobalt Ring
        [11983] Chrome Ring
        [11982] Viridian Band
        [11969] Jacinth Circle
        [11968] Amber Hoop
        [11967] Zircon Band
        [11288] Greater Magic Wand
        [10404] Durable Belt
        [10403] Blackened Defias Belt
        [10287] Greenweave Mantle
        [10048] Colorful Kilt
        [9838] Banded Cloak
        [9837] Banded Bracers
        [9831] Scaled Cloak
        [9829] Scaled Leather Bracers
        [9827] Scaled Leather Belt
        [9822] Durable Cape
        [9821] Durable Bracers
        [9818] Fortified Chain
        [9817] Fortified Spaulders
        [9816] Fortified Shield
        [9815] Fortified Leggings
        [9814] Fortified Belt
        [9813] Fortified Gauntlets
        [9812] Fortified Cloak
        [9811] Fortified Bracers
        [9810] Fortified Boots
        [9809] Superior Tunic
        [9808] Superior Leggings
        [9807] Superior Shoulders
        [9806] Superior Gloves
        [9805] Superior Cloak
        [9804] Superior Buckler
        [9803] Superior Bracers
        [9802] Superior Boots
        [9801] Superior Belt
        [9800] Ivy Orb
        [9799] Ivycloth Sash
        [9798] Ivycloth Robe
        [9797] Ivycloth Pants
        [9796] Ivycloth Mantle
        [9795] Ivycloth Gloves
        [9794] Ivycloth Cloak
        [9793] Ivycloth Bracelets
        [9792] Ivycloth Boots
        [9791] Ivycloth Tunic
        [9782] Bandit Jerkin
        [9781] Bandit Pants
        [9774] Greenweave Vest
        [9773] Greenweave Robe
        [9772] Greenweave Leggings
        [9771] Greenweave Gloves
        [9769] Greenweave Branch
        [9768] Greenweave Bracers
        [9767] Greenweave Sandals
        [9766] Greenweave Sash
        [9509] Petrolspill Leggings
        [9490] Gizmotron Megachopper
        [9488] Oscillating Power Hammer
        [9487] Hi-tech Supergun
        [9486] Supercharger Battle Axe
        [9485] Vibroblade
        [8186] Dire Wand
        [8184] Firestarter
        [8183] Precision Bow
        [7786] Headsplitter
        [7754] Harbinger Boots
        [7608] Seer's Fine Stein
        [7558] Shimmering Stave
        [7506] Gnomish Universal Remote
        [7419] Phalanx Cloak
        [7415] Dervish Spaulders
        [7359] Heavy Earthen Gloves
        [7358] Pilferer's Gloves
        [7356] Elder's Cloak
        [7352] Earthen Leather Shoulders
        [7349] Herbalist's Gloves
        [7348] Fletcher's Gloves
        [7285] Nimble Leather Gloves
        [7284] Red Whelp Gloves
        [7188] Stormwind Guard Shield
        [7187] VanCleef's Boots
        [7049] Truefaith Gloves
        [7047] Hands of Darkness
        [7046] Azure Silk Pants
        [7027] Boots of Darkness
        [6733] Ironforge Gauntlets
        [6628] Raven's Claws
        [6617] Sage's Mantle
        [6615] Sage's Gloves
        [6614] Sage's Cloak
        [6613] Sage's Bracers
        [6612] Sage's Boots
        [6611] Sage's Sash
        [6608] Bright Armor
        [6607] Dervish Leggings
        [6605] Dervish Gloves
        [6604] Dervish Cape
        [6603] Dervish Tunic
        [6602] Dervish Bracers
        [6601] Dervish Boots
        [6600] Dervish Belt
        [6599] Battleforge Shield
        [6598] Dervish Buckler
        [6597] Battleforge Shoulderguards
        [6596] Battleforge Legguards
        [6595] Battleforge Gauntlets
        [6594] Battleforge Girdle
        [6593] Battleforge Cloak
        [6592] Battleforge Armor
        [6591] Battleforge Wristguards
        [6590] Battleforge Boots
        [6587] Scouting Trousers
        [6586] Scouting Gloves
        [6584] Scouting Tunic
        [6583] Scouting Bracers
        [6582] Scouting Boots
        [6581] Scouting Belt
        [6580] Defender Tunic
        [6578] Defender Leggings
        [6577] Defender Gauntlets
        [6576] Defender Girdle
        [6574] Defender Bracers
        [6573] Defender Boots
        [6572] Defender Shield
        [6571] Scouting Buckler
        [6570] Shimmering Sash
        [6569] Shimmering Robe
        [6568] Shimmering Trousers
        [6567] Shimmering Armor
        [6565] Shimmering Gloves
        [6564] Shimmering Cloak
        [6562] Shimmering Boots
        [6561] Seer's Padded Armor
        [6468] Deviate Scale Belt
        [6467] Deviate Scale Gloves
        [6399] Emblazoned Shoulders
        [6398] Emblazoned Belt
        [6397] Emblazoned Gloves
        [6395] Silver-thread Amice
        [6394] Silver-thread Boots
        [6393] Silver-thread Gloves
        [6388] Glimmering Mail Pauldrons
        [6387] Glimmering Mail Bracers
        [6386] Glimmering Mail Legguards
        [6383] Forest Buckler
        [6382] Forest Leather Belt
        [6381] Bright Cloak
        [6360] Steelscale Crushfish
        [6333] Spikelash Dagger
        [6332] Black Pearl Ring
        [6315] Steelarrow Crossbow
        [6264] Greater Adept's Robe
        [6200] Garneg's War Belt
        [6199] Black Widow Band
        [6198] Jurassic Wristguards
        [6197] Loch Croc Hide Vest
        [5975] Ruffian Belt
        [5971] Feathered Cape
        [5969] Regent's Cloak
        [5961] Dark Leather Pants
        [5958] Fine Leather Pants
        [5770] Robes of Arcana
        [5766] Lesser Wizard's Robe
        [5752] Wyvern Tailspike
        [5751] Webwing Cloak
        [5750] Warchief's Girdle
        [5749] Scythe Axe
        [5541] Iridescent Hammer
        [5540] Pearl-handled Dagger
        [5002] Glowing Green Talisman
        [5001] Heart Ring
        [4999] Azora's Will
        [4998] Blood Ring
        [4949] Orcish Cleaver
        [4838] Orb of Power
        [4837] Strength of Will
        [4836] Fireproof Orb
        [4835] Elite Shoulders
        [4833] Glorious Shoulders
        [4832] Mystic Sarong
        [4831] Stalking Pants
        [4830] Saber Leggings
        [4829] Dreamer's Belt
        [4828] Nightwind Belt
        [4827] Wizard's Belt
        [4826] Marauder Axe
        [4825] Callous Axe
        [4824] Blurred Axe
        [4822] Owl's Disk
        [4821] Bear Buckler
        [4820] Guardian Buckler
        [4818] Executioner's Sword
        [4817] Blessed Claymore
        [4816] Legionnaire's Leggings
        [4800] Mighty Chain Pants
        [4799] Antiquated Cloak
        [4798] Heavy Runed Cloak
        [4797] Fiery Cloak
        [4796] Owl Bracers
        [4795] Bear Bracers
        [4794] Wolf Bracers
        [4793] Sylvan Cloak
        [4792] Spirit Cloak
        [4790] Inferno Cloak
        [4785] Brimstone Belt
        [4724] Humbert's Helm
        [4723] Humbert's Pants
        [4715] Emblazoned Cloak
        [4714] Silver-thread Sash
        [4713] Silver-thread Cloak
        [4712] Glimmering Mail Girdle
        [4711] Glimmering Cloak
        [4710] Forest Cloak
        [4709] Forest Leather Mantle
        [4708] Bright Belt
        [4707] Lambent Scale Girdle
        [4706] Lambent Scale Cloak
        [4705] Lambent Scale Pauldrons
        [4661] Bright Mantle
        [4576] Light Bow
        [4568] Grunt Axe
        [4454] Talon of Vultros
        [4449] Naraxis' Fang
        [4448] Husk of Naraxis
        [4447] Cloak of Night
        [4446] Blackvenom Blade
        [4445] Flesh Carver
        [4444] Black Husk Shield
        [4439] Bruiser Club
        [4438] Pugilist Bracers
        [4436] Jewel-encrusted Sash
        [4385] Green Tinted Goggles
        [4383] Moonsight Rifle
        [4381] Minor Recombobulator
        [4379] Silver-plated Shotgun
        [4373] Shadow Goggles
        [4372] Lovingly Crafted Boomstick
        [4369] Deadly Blunderbuss
        [4331] Phoenix Gloves
        [4324] Azure Silk Vest
        [4321] Spider Silk Slippers
        [4320] Spidersilk Boots
        [4319] Azure Silk Gloves
        [4318] Gloves of Meditation
        [4317] Phoenix Pants
        [4316] Heavy Woolen Pants
        [4311] Heavy Woolen Cloak
        [4254] Barbaric Gloves
        [4253] Toughened Leather Gloves
        [4252] Dark Leather Shoulders
        [4251] Hillman's Shoulders
        [4250] Hillman's Belt
        [4249] Dark Leather Belt
        [4248] Dark Leather Gloves
        [4247] Hillman's Leather Gloves
        [4072] Glimmering Mail Gauntlets
        [4064] Emblazoned Buckler
        [4051] Emblazoned Boots
        [4049] Emblazoned Bracers
        [4037] Silver-thread Pants
        [4036] Silver-thread Cuffs
        [3740] Decapitating Sword
        [3656] Lambent Scale Shield
        [3655] Burnished Shield
        [3647] Bright Bracers
        [3571] Trogg Beater
        [3569] Vicar's Robe
        [3492] Mighty Iron Hammer
        [3491] Heavy Bronze Mace
        [3490] Deadly Bronze Poniard
        [3485] Green Iron Gauntlets
        [3484] Green Iron Boots
        [3483] Silvered Bronze Gauntlets
        [3482] Silvered Bronze Boots
        [3481] Silvered Bronze Shoulders
        [3429] Guardsman Belt
        [3417] Onyx Claymore
        [3416] Martyr's Chain
        [3415] Staff of the Friar
        [3414] Crested Scepter
        [3413] Doomspike
        [3392] Ringed Helm
        [3336] Flesh Piercer
        [3231] Cutthroat Pauldrons
        [3229] Tarantula Silk Sash
        [3227] Nightbane Staff
        [3212] Lambent Scale Bracers
        [3210] Brutal War Axe
        [3206] Cavalier Two-hander
        [3204] Deepwood Bracers
        [3203] Dense Triangle Mace
        [3202] Forest Leather Bracers
        [3201] Barbarian War Axe
        [3199] Battle Slayer
        [3198] Battering Hammer
        [3194] Black Malice
        [3193] Oak Mallet
        [3186] Viking Sword
        [3076] Smoldering Boots
        [3074] Smoldering Gloves
        [3073] Smoldering Pants
        [3072] Smoldering Robe
        [3069] Bright Robe
        [3067] Bright Pants
        [3066] Bright Gloves
        [3065] Bright Boots
        [3058] Forest Leather Gloves
        [3057] Forest Leather Boots
        [3056] Forest Leather Pants
        [3055] Forest Leather Chestpiece
        [3053] Humbert's Chestpiece
        [3049] Lambent Scale Breastplate
        [3048] Lambent Scale Legguards
        [3047] Lambent Scale Gloves
        [3045] Lambent Scale Boots
        [3039] Short Ash Bow
        [3022] Bluegill Breeches
        [3021] Ranger Bow
        [3018] Hide of Lupos
        [2991] Burnished Boots
        [2990] Burnished Leggings
        [2989] Burnished Tunic
        [2985] Inscribed Leather Breastplate
        [2981] Seer's Robe
        [2911] Keller's Girdle
        [2879] Antipodean Rod
        [2878] Bearded Boneaxe
        [2870] Shining Silver Breastplate
        [2869] Silvered Bronze Breastplate
        [2868] Patterned Bronze Bracers
        [2867] Rough Bronze Bracers
        [2865] Rough Bronze Leggings
        [2819] Cross Dagger
        [2807] Guillotine Axe
        [2800] Black Velvet Robes
        [2585] Gray Woolen Robe
        [2567] Evocator's Blade
        [2566] Sacrificial Robes
        [2549] Staff of the Shade
        [2292] Necrology Robes
        [2280] Kam's Walking Stick
        [2271] Staff of the Blessed Seer
        [2264] Mantle of Thieves
        [2256] Skeletal Club
        [2236] Blackfang
        [2234] Nightwalker Armor
        [2233] Shadow Weaver Leggings
        [2232] Dark Runner Boots
        [2227] Heavy Ogre War Axe
        [2226] Ogremage Staff
        [2205] Duskbringer
        [2194] Diamond Hammer
        [2175] Shadowhide Battle Axe
        [2168] Foreman's Boots
        [2098] Double-barreled Shotgun
        [2084] Darksteel Bastard Sword
        [2077] Magician Staff
        [2072] Dwarven Magestaff
        [2059] Sentry Cloak
        [2058] Kazon's Maul
        [2046] Bluegill Kukri
        [2039] Plains Ring
        [2035] Sword of the Night Sky
        [2034] Scholarly Robes
        [2021] Green Carapace Shield
        [2018] Skeletal Longsword
        [2017] Glowing Leather Bracers
        [2016] Dusty Chain Armor
        [2015] Black Metal War Axe
        [2014] Black Metal Greatsword
        [2013] Cryptbone Staff
        [2011] Twisted Sabre
        [1978] Wolfclaw Gloves
        [1976] Slaghammer
        [1975] Pysan's Old Greatsword
        [1974] Mindthrust Bracers
        [1955] Dragonmaw Chain Boots
        [1938] Block Mallet
        [1935] Assassin's Blade
        [1727] Sword of Decay
        [1717] Double Link Tunic
        [1560] Bluegill Sandals
        [1493] Heavy Marauder Scimitar
        [1491] Ring of Precision
        [1489] Gloomshroud Armor
        [1486] Tree Bark Jacket
        [1484] Witching Stave
        [1483] Face Smasher
        [1482] Shadowfang
        [1481] Grimclaw
        [1462] Ring of the Shadow
        [1461] Slayer's Battle Axe
        [1459] Shadowhide Scalper
        [1458] Shadowhide Maul
        [1457] Shadowhide Mace
        [1455] Blackrock Champion's Axe
        [1454] Axe of the Enforcer
        [1406] Pearl-encrusted Spear
        [1351] Fingerbone Bracers
        [1318] Night Reaver
        [1299] Lesser Belt of the Spire
        [1296] Blackrock Mace
        [1218] Heavy Gnoll War Club
        [1215] Support Girdle
        [1121] Feet of the Lynx
        [1077] Defias Mage Ring
        [1076] Defias Renegade Ring
        [920] Wicked Spiked Mace
        [914] Large Ogre Chain Armor
        [913] Huge Ogre Sword
        [911] Ironwood Treebranch
        [897] Madwolf Bracers
        [892] Gnoll Casting Gloves
        [890] Twisted Chanter's Staff
        [886] Black Metal Shortsword
        [885] Black Metal Axe
        [880] Staff of Horrors
        [790] Forester's Axe
        [789] Stout Battlehammer
        [756] Tunnel Pick
        [753] Dragonmaw Shortsword
        [720] Brawler Gloves
    Bucket 2 (levels 21..30) Type 1 - 105 random items cached
        [45626] Spidersilk Drape
        [43655] Book of Survival
        [43654] Tome of the Dawn
        [43515] Mystic Tome
        [39897] Azure Shoulderguards
        [39895] Cloaked Shoulderpads
        [39894] Darkcloth Shoulders
        [30804] Bronze Band of Force
        [20826] Heavy Silver Ring
        [13136] Lil Timmy's Peashooter
        [13131] Sparkleshell Mantle
        [13114] Troll's Bane Leggings
        [13099] Moccasins of the White Hare
        [13097] Thunderbrow Ring
        [13094] The Queen's Jewel
        [13079] Shield of Thorsen
        [13062] Thunderwood
        [13057] Bloodpike
        [13049] Deanship Claymore
        [13041] Guardian Blade
        [13032] Sword of Corruption
        [13031] Orb of Mistmantle
        [13024] Beazel's Basher
        [13016] Killmaim
        [13012] Yorgen Bracers
        [13011] Silver-lined Belt
        [13010] Dreamsinger Legguards
        [13005] Amy's Blanket
        [12999] Drakewing Bands
        [12998] Magician's Mantle
        [12997] Redbeard Crest
        [12996] Band of Purification
        [12994] Thorbia's Gauntlets
        [12992] Searing Blade
        [12990] Razor's Edge
        [12989] Gargoyle's Bite
        [12988] Starsight Tunic
        [12987] Darkweave Breeches
        [12985] Ring of Defense
        [12984] Skycaller
        [12983] Rakzur Club
        [12982] Silver-linked Footguards
        [12979] Firebane Cloak
        [9509] Petrolspill Leggings
        [9490] Gizmotron Megachopper
        [9488] Oscillating Power Hammer
        [9487] Hi-tech Supergun
        [9486] Supercharger Battle Axe
        [9485] Vibroblade
        [7786] Headsplitter
        [7754] Harbinger Boots
        [6468] Deviate Scale Belt
        [6332] Black Pearl Ring
        [4454] Talon of Vultros
        [4446] Blackvenom Blade
        [4438] Pugilist Bracers
        [4320] Spidersilk Boots
        [4253] Toughened Leather Gloves
        [3417] Onyx Claymore
        [3416] Martyr's Chain
        [3415] Staff of the Friar
        [3414] Crested Scepter
        [3413] Doomspike
        [3203] Dense Triangle Mace
        [3194] Black Malice
        [3021] Ranger Bow
        [2911] Keller's Girdle
        [2879] Antipodean Rod
        [2878] Bearded Boneaxe
        [2870] Shining Silver Breastplate
        [2807] Guillotine Axe
        [2800] Black Velvet Robes
        [2567] Evocator's Blade
        [2549] Staff of the Shade
        [2292] Necrology Robes
        [2271] Staff of the Blessed Seer
        [2264] Mantle of Thieves
        [2256] Skeletal Club
        [2236] Blackfang
        [2205] Duskbringer
        [2194] Diamond Hammer
        [2098] Double-barreled Shotgun
        [2059] Sentry Cloak
        [2039] Plains Ring
        [2011] Twisted Sabre
        [1978] Wolfclaw Gloves
        [1976] Slaghammer
        [1975] Pysan's Old Greatsword
        [1974] Mindthrust Bracers
        [1935] Assassin's Blade
        [1727] Sword of Decay
        [1717] Double Link Tunic
        [1493] Heavy Marauder Scimitar
        [1491] Ring of Precision
        [1489] Gloomshroud Armor
        [1486] Tree Bark Jacket
        [1484] Witching Stave
        [1483] Face Smasher
        [1482] Shadowfang
        [1481] Grimclaw
        [1454] Axe of the Enforcer
        [1318] Night Reaver
        [1121] Feet of the Lynx
        [890] Twisted Chanter's Staff
        [720] Brawler Gloves
    Bucket 2 (levels 21..30) Type 0 - 248 random items cached
        [45626] Spidersilk Drape
        [44573] Cup of Frog Venom Brew
        [43655] Book of Survival
        [43654] Tome of the Dawn
        [43558] Nightbloom Lilac
        [43515] Mystic Tome
        [43119] Royal Ink
        [43118] Jadefire Ink
        [43104] Burnt Pigment
        [40042] Caraway Burnwine
        [39897] Azure Shoulderguards
        [39895] Cloaked Shoulderpads
        [39894] Darkcloth Shoulders
        [39339] Emerald Pigment
        [38432] Plugger's Blackrock Ale
        [37164] Swords Deck
        [37161] Five of Swords
        [37160] Four of Swords
        [37159] Three of Swords
        [37147] Two of Swords
        [37145] Ace of Swords
        [34861] Sharpened Fish Hook
        [34063] Dried Sausage
        [34019] Path of Brew
        [33029] Barleybrew Dark
        [30804] Bronze Band of Force
        [20952] Cut Agate
        [20834] Ornate Spyglass XT
        [20829] Cut Moonstone
        [20826] Heavy Silver Ring
        [20817] Bronze Setting
        [20745] Minor Mana Oil
        [20074] Heavy Crocolisk Stew
        [19305] Pickled Kodo Foot
        [19299] Fizzy Faire Drink
        [16170] Steamed Mandu
        [15870] Golden Skeleton Key
        [13136] Lil Timmy's Peashooter
        [13131] Sparkleshell Mantle
        [13114] Troll's Bane Leggings
        [13099] Moccasins of the White Hare
        [13097] Thunderbrow Ring
        [13094] The Queen's Jewel
        [13079] Shield of Thorsen
        [13062] Thunderwood
        [13057] Bloodpike
        [13049] Deanship Claymore
        [13041] Guardian Blade
        [13032] Sword of Corruption
        [13031] Orb of Mistmantle
        [13024] Beazel's Basher
        [13016] Killmaim
        [13012] Yorgen Bracers
        [13011] Silver-lined Belt
        [13010] Dreamsinger Legguards
        [13005] Amy's Blanket
        [12999] Drakewing Bands
        [12998] Magician's Mantle
        [12997] Redbeard Crest
        [12996] Band of Purification
        [12994] Thorbia's Gauntlets
        [12992] Searing Blade
        [12990] Razor's Edge
        [12989] Gargoyle's Bite
        [12988] Starsight Tunic
        [12987] Darkweave Breeches
        [12985] Ring of Defense
        [12984] Skycaller
        [12983] Rakzur Club
        [12982] Silver-linked Footguards
        [12979] Firebane Cloak
        [12209] Lean Wolf Steak
        [12203] Red Wolf Meat
        [12202] Tiger Meat
        [12184] Raptor Flesh
        [12037] Mystery Meat
        [11291] Star Wood
        [11128] Golden Rod
        [10558] Gold Power Core
        [9509] Petrolspill Leggings
        [9490] Gizmotron Megachopper
        [9488] Oscillating Power Hammer
        [9487] Hi-tech Supergun
        [9486] Supercharger Battle Axe
        [9485] Vibroblade
        [9451] Bubbling Water
        [7786] Headsplitter
        [7754] Harbinger Boots
        [7428] Shadowcat Hide
        [7307] Flesh Eating Worm
        [7228] Tigule and Foror's Strawberry Ice Cream
        [7072] Naga Scale
        [7071] Iron Buckle
        [7070] Elemental Water
        [7069] Elemental Air
        [7068] Elemental Fire
        [7067] Elemental Earth
        [6949] Instant Poison II
        [6714] Ez-Thro Dynamite
        [6533] Aquadynamic Fish Attractor
        [6532] Bright Baubles
        [6468] Deviate Scale Belt
        [6453] Strong Anti-Venom
        [6373] Elixir of Firepower
        [6371] Fire Oil
        [6359] Firefin Snapper
        [6332] Black Pearl Ring
        [6308] Raw Bristle Whisker Catfish
        [6048] Shadow Protection Potion
        [6042] Iron Shield Spike
        [5637] Large Fang
        [5634] Free Action Potion
        [5632] Cowardly Flight Potion
        [5527] Goblin Deviled Clams
        [5507] Ornate Spyglass
        [5504] Tangy Clam Meat
        [5480] Lean Venison
        [5479] Crispy Lizard Tail
        [5471] Stag Meat
        [5470] Thunder Lizard Tail
        [5237] Mind-numbing Poison
        [4606] Spongy Morel
        [4593] Bristle Whisker Catfish
        [4542] Moist Cornbread
        [4538] Snapvine Watermelon
        [4461] Raptor Hide
        [4454] Talon of Vultros
        [4446] Blackvenom Blade
        [4438] Pugilist Bracers
        [4406] Standard Scope
        [4402] Small Flame Sac
        [4400] Heavy Stock
        [4384] Explosive Sheep
        [4382] Bronze Framework
        [4378] Heavy Dynamite
        [4377] Heavy Blasting Powder
        [4376] Flame Deflector
        [4375] Whirring Bronze Gizmo
        [4374] Small Bronze Bomb
        [4371] Bronze Tube
        [4370] Large Copper Bomb
        [4341] Yellow Dye
        [4340] Gray Dye
        [4320] Spidersilk Boots
        [4306] Silk Cloth
        [4291] Silken Thread
        [4265] Heavy Armor Kit
        [4253] Toughened Leather Gloves
        [4236] Cured Heavy Hide
        [4235] Heavy Hide
        [4234] Heavy Leather
        [3857] Coal
        [3770] Mutton Chop
        [3731] Lion Meat
        [3730] Big Bear Meat
        [3728] Tasty Lion Steak
        [3727] Hot Lion Chops
        [3726] Big Bear Steak
        [3713] Soothing Spices
        [3712] Turtle Meat
        [3685] Raptor Egg
        [3667] Tender Crocolisk Meat
        [3666] Gooey Spider Cake
        [3665] Curiously Tasty Omelet
        [3664] Crocolisk Gumbo
        [3663] Murloc Fin Soup
        [3577] Gold Bar
        [3575] Iron Bar
        [3486] Heavy Grinding Stone
        [3466] Strong Flux
        [3417] Onyx Claymore
        [3416] Martyr's Chain
        [3415] Staff of the Friar
        [3414] Crested Scepter
        [3413] Doomspike
        [3391] Elixir of Ogre's Strength
        [3390] Elixir of Lesser Agility
        [3389] Elixir of Defense
        [3388] Strong Troll's Blood Elixir
        [3385] Lesser Mana Potion
        [3384] Minor Magic Resistance Potion
        [3372] Leaded Vial
        [3369] Grave Moss
        [3357] Liferoot
        [3356] Kingsblood
        [3355] Wild Steelbloom
        [3241] Heavy Weightstone
        [3203] Dense Triangle Mace
        [3194] Black Malice
        [3021] Ranger Bow
        [2997] Bolt of Woolen Cloth
        [2911] Keller's Girdle
        [2892] Deadly Poison
        [2879] Antipodean Rod
        [2878] Bearded Boneaxe
        [2871] Heavy Sharpening Stone
        [2870] Shining Silver Breastplate
        [2838] Heavy Stone
        [2807] Guillotine Axe
        [2800] Black Velvet Robes
        [2776] Gold Ore
        [2772] Iron Ore
        [2693] Stormwind Seasoning Salts
        [2594] Flagon of Mead
        [2567] Evocator's Blade
        [2549] Staff of the Shade
        [2292] Necrology Robes
        [2290] Scroll of Intellect II
        [2271] Staff of the Blessed Seer
        [2264] Mantle of Thieves
        [2256] Skeletal Club
        [2251] Gooey Spider Leg
        [2236] Blackfang
        [2205] Duskbringer
        [2194] Diamond Hammer
        [2098] Double-barreled Shotgun
        [2059] Sentry Cloak
        [2039] Plains Ring
        [2011] Twisted Sabre
        [1978] Wolfclaw Gloves
        [1976] Slaghammer
        [1975] Pysan's Old Greatsword
        [1974] Mindthrust Bracers
        [1935] Assassin's Blade
        [1851] Cleansing Water
        [1727] Sword of Decay
        [1717] Double Link Tunic
        [1712] Scroll of Spirit II
        [1711] Scroll of Stamina II
        [1493] Heavy Marauder Scimitar
        [1491] Ring of Precision
        [1489] Gloomshroud Armor
        [1486] Tree Bark Jacket
        [1484] Witching Stave
        [1483] Face Smasher
        [1482] Shadowfang
        [1481] Grimclaw
        [1478] Scroll of Protection II
        [1454] Axe of the Enforcer
        [1450] Potion of Fervor
        [1318] Night Reaver
        [1205] Melon Juice
        [1121] Feet of the Lynx
        [1017] Seasoned Wolf Kabob
        [929] Healing Potion
        [890] Twisted Chanter's Staff
        [720] Brawler Gloves
        [422] Dwarven Mild
    Bucket 3 (levels 31..40) Type 4 - 10 random items cached
        [43559] Locust Wing
        [43121] Fiery Ink
        [43105] Indigo Pigment
        [23157] Thick Citrine
        [23076] Brilliant Citrine
        [20957] Cut Citrine
        [20953] Cut Jade
        [19297] Lesser Darkmoon Prize
        [15871] Truesilver Skeleton Key
        [7911] Truesilver Ore
    Bucket 3 (levels 31..40) Type 3 - 156 random items cached
        [44574] Skin of Mulgore Firewater
        [44314] Scroll of Recall II
        [43559] Locust Wing
        [43121] Fiery Ink
        [43120] Celestial Ink
        [43105] Indigo Pigment
        [39340] Violet Pigment
        [35720] Lord of Frost's Private Label
        [34064] Succulent Sausage
        [34020] Jungle River Water
        [33031] Thunder 45
        [23157] Thick Citrine
        [23076] Brilliant Citrine
        [21217] Sagefish Delight
        [21153] Raw Greater Sagefish
        [20963] Mithril Filigree
        [20957] Cut Citrine
        [20953] Cut Jade
        [20746] Lesser Wizard Oil
        [19297] Lesser Darkmoon Prize
        [19224] Red Hot Wings
        [18632] Moonbrook Riot Taffy
        [18588] Ez-Thro Dynamite II
        [17716] Snowmaster 9000
        [17708] Elixir of Frost Power
        [17407] Graccu's Homemade Meat Pie
        [17402] Greatfather's Winter Ale
        [17222] Spider Sausage
        [16169] Wild Ricecake
        [16000] Thorium Tube
        [15871] Truesilver Skeleton Key
        [13851] Hot Wolf Ribs
        [13546] Bloodbelly Fish
        [12217] Dragonbreath Chili
        [12215] Heavy Kodo Stew
        [12214] Mystery Stew
        [12213] Carrion Surprise
        [12212] Jungle Stew
        [12211] Spiced Wolf Ribs
        [12210] Roast Raptor
        [12208] Tender Wolf Meat
        [12206] Tender Crab Meat
        [12205] White Spider Meat
        [12204] Heavy Kodo Meat
        [11590] Mechanical Repair Kit
        [11144] Truesilver Rod
        [10920] Wound Poison II
        [10918] Wound Poison
        [10841] Goldthorn Tea
        [10648] Common Parchment
        [10620] Thorium Ore
        [10592] Catseye Elixir
        [10560] Unstable Trigger
        [10559] Mithril Tube
        [10507] Solid Dynamite
        [10505] Solid Blasting Powder
        [10498] Gyromatic Micro-Adjustor
        [10285] Shadow Silk
        [9262] Black Vitriol
        [8951] Elixir of Greater Defense
        [8949] Elixir of Agility
        [8925] Crystal Vial
        [8827] Elixir of Water Walking
        [8368] Thick Wolfhide
        [8365] Raw Mithril Head Trout
        [8364] Mithril Head Trout
        [8343] Heavy Silken Thread
        [8173] Thick Armor Kit
        [8172] Cured Thick Hide
        [8169] Thick Hide
        [8167] Turtle Scale
        [8153] Wildvine
        [8152] Flask of Big Mojo
        [8151] Flask of Mojo
        [8150] Deeprock Salt
        [7973] Big-mouth Clam
        [7966] Solid Grinding Stone
        [7965] Solid Weightstone
        [7964] Solid Sharpening Stone
        [7912] Solid Stone
        [7911] Truesilver Ore
        [7148] Goblin Jumper Cables
        [6951] Mind-numbing Poison II
        [6950] Instant Poison III
        [6807] Frog Leg Stew
        [6715] Ruined Jumper Cables
        [6362] Raw Rockscale Cod
        [6261] Orange Dye
        [6052] Nature Protection Potion
        [6050] Frost Protection Potion
        [6049] Fire Protection Potion
        [6043] Iron Counterweight
        [6041] Steel Weapon Chain
        [6038] Giant Clam Scorcho
        [5785] Thick Murloc Scale
        [5633] Great Rage Potion
        [5047] Skull Wrapping Paper
        [4852] Flash Bomb
        [4791] Enchanted Water
        [4655] Giant Clam Meat
        [4607] Delicious Cave Mold
        [4600] Cherry Grog
        [4594] Rockscale Cod
        [4544] Mulgore Spice Bread
        [4539] Goldenbark Apple
        [4481] Cresting Charm
        [4480] Thundering Charm
        [4479] Burning Charm
        [4457] Barbecued Buzzard Wing
        [4424] Scroll of Spirit III
        [4421] Scroll of Protection III
        [4407] Accurate Scope
        [4403] Portable Bronze Mortar
        [4398] Large Seaforium Charge
        [4395] Goblin Land Mine
        [4392] Advanced Target Dummy
        [4391] Compact Harvest Reaper Kit
        [4390] Iron Grenade
        [4389] Gyrochronatom
        [4388] Discombobulator Ray
        [4387] Iron Strut
        [4386] Ice Deflector
        [4380] Big Bronze Bomb
        [4338] Mageweave Cloth
        [4337] Thick Spider's Silk
        [4305] Bolt of Silk Cloth
        [4304] Thick Leather
        [3860] Mithril Bar
        [3859] Steel Bar
        [3858] Mithril Ore
        [3829] Frost Oil
        [3828] Elixir of Detect Lesser Invisibility
        [3827] Mana Potion
        [3826] Major Troll's Blood Elixir
        [3825] Elixir of Fortitude
        [3824] Shadow Oil
        [3823] Lesser Invisibility Potion
        [3821] Goldthorn
        [3819] Wintersbite
        [3818] Fadeleaf
        [3771] Wild Hog Shank
        [3729] Soothing Turtle Bisque
        [3404] Buzzard Wing
        [3358] Khadgar's Whisker
        [2932] Torment Vine
        [2931] Maiden's Anguish
        [2893] Deadly Poison II
        [2633] Jungle Remedy
        [2595] Jug of Bourbon
        [2325] Black Dye
        [2289] Scroll of Strength II
        [1710] Greater Healing Potion
        [1708] Sweet Nectar
        [1707] Stormwind Brie
        [1703] Crystal Basilisk Spine
        [1477] Scroll of Agility II
    Bucket 3 (levels 31..40) Type 2 - 736 random items cached
        [45627] Amulet of Truesight
        [44215] Darkmoon Necklace
        [44213] Darkmoon Pendant
        [43657] Royal Guide of Escape Routes
        [43656] Tome of Kings
        [29202] Whirling Steel Axes
        [29158] Truesilver Commander's Ring
        [29157] Golden Ring of Power
        [20967] Citrine Pendant of Golden Healing
        [20966] Jade Pendant of Blasting
        [20961] Citrine Ring of Rapid Healing
        [20960] Engraved Truesilver Ring
        [20959] The Jade Eye
        [20958] Blazing Citrine Ring
        [20956] Silver Rose Pendant
        [20955] Golden Dragon Ring
        [20954] Heavy Iron Knuckles
        [20950] Pendant of the Agate Shield
        [20833] Wicked Moonstone Ring
        [20832] Moonsoul Crown
        [20831] Heavy Golden Necklace of Battle
        [18948] Barbaric Bracers
        [18238] Shadowskin Gloves
        [17721] Gloves of the Greatfather
        [17704] Edge of Winter
        [15990] Enduring Shield
        [15977] Vital Orb
        [15976] Thistlefur Branch
        [15975] Raincaller Scepter
        [15963] Stonecloth Branch
        [15962] Satyr's Rod
        [15935] Durable Rod
        [15934] Sage's Stave
        [15929] Nightsky Orb
        [15928] Silver-thread Rod
        [15918] Conjurer's Sphere
        [15892] Slayer's Shield
        [15598] Steadfast Girdle
        [15595] Steadfast Gloves
        [15594] Steadfast Cloak
        [15590] Steadfast Bracelets
        [15582] Sparkleshell Legguards
        [15581] Sparkleshell Gauntlets
        [15580] Sparkleshell Headwrap
        [15579] Sparkleshell Cloak
        [15577] Sparkleshell Bracers
        [15576] Sparkleshell Sabatons
        [15575] Sparkleshell Belt
        [15574] Marauder's Shoulder Pads
        [15573] Marauder's Leggings
        [15572] Marauder's Circlet
        [15571] Marauder's Belt
        [15570] Marauder's Gauntlets
        [15569] Marauder's Crest
        [15568] Marauder's Cloak
        [15567] Marauder's Tunic
        [15566] Marauder's Bracers
        [15565] Marauder's Boots
        [15563] Pillager's Shield
        [15562] Pillager's Pauldrons
        [15561] Pillager's Leggings
        [15560] Pillager's Gloves
        [15559] Pillager's Cloak
        [15558] Pillager's Crown
        [15557] Pillager's Chestguard
        [15556] Pillager's Bracers
        [15555] Pillager's Boots
        [15554] Pillager's Girdle
        [15553] Thick Scale Shoulder Pads
        [15552] Thick Scale Shield
        [15551] Thick Scale Legguards
        [15550] Thick Scale Crown
        [15549] Thick Scale Belt
        [15548] Thick Scale Gauntlets
        [15546] Thick Scale Breastplate
        [15544] Thick Scale Sabatons
        [15543] Wicked Chain Shield
        [15542] Wicked Chain Shoulder Pads
        [15541] Wicked Chain Legguards
        [15540] Wicked Chain Helmet
        [15536] Wicked Chain Chestpiece
        [15534] Wicked Chain Boots
        [15533] Sentry's Headdress
        [15530] Sentry's Shield
        [15524] Sentry's Surcoat
        [15368] Trickster's Pauldrons
        [15367] Trickster's Protector
        [15366] Trickster's Leggings
        [15365] Trickster's Handwraps
        [15364] Trickster's Cloak
        [15362] Trickster's Boots
        [15361] Trickster's Sash
        [15360] Trickster's Bindings
        [15358] Headhunter's Woolies
        [15357] Headhunter's Spaulders
        [15356] Headhunter's Armor
        [15355] Headhunter's Mitts
        [15354] Headhunter's Cloak
        [15353] Headhunter's Headdress
        [15352] Headhunter's Buckler
        [15350] Headhunter's Slippers
        [15349] Headhunter's Belt
        [15346] Pathfinder Vest
        [15345] Pathfinder Shoulder Pads
        [15344] Pathfinder Pants
        [15339] Pathfinder Hat
        [15322] Smoothbore Gun
        [15286] Long Redwood Bow
        [15285] Archer's Longbow
        [15261] Sequoia Branch
        [15260] Stone Hammer
        [15250] Glimmering Flamberge
        [15243] Deadly Kris
        [15234] Greater Scythe
        [15233] Savage Axe
        [15232] Hacking Cleaver
        [15231] Splitting Hatchet
        [15226] Giant Club
        [15225] Sequoia Hammer
        [15214] Nobles Brand
        [15213] Mercenary Blade
        [15160] Nocturnal Wristbands
        [15158] Nocturnal Shoulder Pads
        [15155] Nocturnal Gloves
        [15154] Nocturnal Sash
        [15153] Nocturnal Cloak
        [15151] Ghostwalker Legguards
        [15150] Ghostwalker Pads
        [15149] Ghostwalker Gloves
        [15148] Ghostwalker Belt
        [15147] Ghostwalker Cloak
        [15146] Ghostwalker Crown
        [15145] Ghostwalker Buckler
        [15144] Ghostwalker Rags
        [15143] Ghostwalker Bindings
        [15142] Ghostwalker Boots
        [15140] Cutthroat's Mantle
        [15139] Cutthroat's Pants
        [15137] Cutthroat's Mitts
        [15136] Cutthroat's Belt
        [15134] Cutthroat's Hat
        [15133] Cutthroat's Buckler
        [15131] Cutthroat's Boots
        [15130] Cutthroat's Vest
        [15129] Robust Helm
        [15128] Robust Tunic
        [14903] Saltstone Armsplints
        [14900] Saltstone Legplates
        [14898] Saltstone Girdle
        [14897] Saltstone Gauntlets
        [14896] Saltstone Sabatons
        [14773] Ravager's Cord
        [14772] Ravager's Handwraps
        [14771] Ravager's Cloak
        [14770] Ravager's Armguards
        [14767] Enduring Pauldrons
        [14766] Enduring Breeches
        [14765] Enduring Circlet
        [14764] Enduring Gauntlets
        [14763] Enduring Cape
        [14762] Enduring Boots
        [14761] Enduring Belt
        [14760] Enduring Breastplate
        [14759] Enduring Bracers
        [14758] Slayer's Shoulderguards
        [14757] Slayer's Pants
        [14753] Slayer's Skullcap
        [14751] Slayer's Surcoat
        [14608] Dokebi Buckler
        [14607] Hawkeye's Buckler
        [14602] Warden's Cloak
        [14600] Warden's Wristbands
        [14598] Warden's Waistband
        [14596] Hawkeye's Epaulets
        [14595] Hawkeye's Breeches
        [14594] Hawkeye's Gloves
        [14593] Hawkeye's Cloak
        [14592] Hawkeye's Tunic
        [14591] Hawkeye's Helm
        [14590] Hawkeye's Bracers
        [14589] Hawkeye's Shoes
        [14588] Hawkeye's Cord
        [14587] Dokebi Mantle
        [14585] Dokebi Leggings
        [14584] Dokebi Hat
        [14583] Dokebi Gloves
        [14581] Dokebi Chestguard
        [14579] Dokebi Boots
        [14426] Silksand Girdle
        [14423] Silksand Shoulder Pads
        [14422] Silksand Gloves
        [14420] Silksand Cape
        [14419] Silksand Bracers
        [14418] Silksand Boots
        [14416] Stonecloth Bindings
        [14415] Stonecloth Britches
        [14414] Stonecloth Belt
        [14413] Stonecloth Robe
        [14412] Stonecloth Epaulets
        [14411] Stonecloth Gloves
        [14410] Stonecloth Circlet
        [14409] Stonecloth Cape
        [14408] Stonecloth Boots
        [14407] Stonecloth Vest
        [14405] Resilient Robe
        [14404] Resilient Leggings
        [14403] Resilient Handgrips
        [14401] Resilient Cap
        [14399] Resilient Boots
        [14398] Resilient Tunic
        [14397] Resilient Mantle
        [14251] Lunar Cloak
        [14240] Darkmist Bands
        [14239] Darkmist Cape
        [14236] Embersilk Boots
        [14235] Embersilk Cord
        [14233] Embersilk Leggings
        [14232] Embersilk Mantle
        [14231] Embersilk Mitts
        [14229] Embersilk Cloak
        [14226] Embersilk Bracelets
        [14224] Geomancer's Trousers
        [14223] Geomancer's Spaulders
        [14222] Geomancer's Gloves
        [14221] Geomancer's Bracers
        [14220] Geomancer's Cap
        [14219] Geomancer's Cloak
        [14218] Geomancer's Boots
        [14217] Geomancer's Cord
        [14215] Vital Tunic
        [14214] Vital Boots
        [14213] Vital Raiment
        [14212] Vital Shoulders
        [14211] Vital Handwraps
        [14210] Vital Cape
        [14209] Vital Sash
        [14208] Vital Headband
        [14207] Vital Leggings
        [14206] Vital Bracelets
        [14205] Thistlefur Belt
        [14204] Thistlefur Robe
        [14203] Thistlefur Pants
        [14202] Thistlefur Jerkin
        [14201] Thistlefur Mantle
        [14200] Thistlefur Cap
        [14199] Thistlefur Gloves
        [14198] Thistlefur Cloak
        [14196] Thistlefur Sandals
        [14193] Raincaller Pants
        [14192] Raincaller Robes
        [14190] Raincaller Vest
        [14189] Raincaller Cap
        [14178] Watcher's Cap
        [13145] Enormous Ogre Belt
        [13137] Ironweaver
        [13129] Firemane Leggings
        [13127] Frostreaver Crown
        [13124] Ravasaur Scale Boots
        [13121] Wing of the Whelpling
        [13119] Enchanted Kodo Bracers
        [13110] Wolffear Harness
        [13108] Tigerstrike Mantle
        [13106] Glowing Magical Bracelets
        [13105] Sutarn's Ring
        [13103] Pads of the Venom Spider
        [13093] Blush Ember Ring
        [13087] River Pride Choker
        [13084] Kaleidoscope Chain
        [13081] Skullance Shield
        [13063] Starfaller
        [13054] Grim Reaper
        [13048] Looming Gavel
        [13045] Viscous Hammer
        [13038] Swiftwind
        [13037] Crystalpine Stinger
        [13033] Zealot Blade
        [13025] Deadwood Sledge
        [13020] Skystriker Bow
        [13019] Harpyclaw Short Bow
        [13017] Hellslayer Battle Axe
        [12974] The Black Knight
        [12260] Searing Golden Blade
        [12259] Glinting Steel Dagger
        [12252] Staff of Protection
        [12251] Big Stick
        [12250] Midnight Axe
        [12249] Merciless Axe
        [12248] Daring Dirk
        [12247] Broad Bladed Knife
        [12040] Forest Pendant
        [12039] Tundra Necklace
        [12030] Jet Chain
        [12029] Greenstone Talisman
        [12028] Basalt Necklace
        [12020] Thallium Choker
        [12019] Cerulean Talisman
        [12010] Fen Ring
        [12009] Tundra Ring
        [11997] Greenstone Circle
        [11996] Basalt Ring
        [11986] Thallium Hoop
        [11985] Cerulean Ring
        [11972] Carnelian Loop
        [11971] Amethyst Band
        [11970] Spinel Ring
        [11306] Sturdy Recurve
        [11305] Dense Shortbow
        [11290] Greater Mystic Wand
        [11289] Lesser Mystic Wand
        [10584] Stormgale Fists
        [10583] Quillward Harness
        [10582] Briar Tredders
        [10581] Death's Head Vestment
        [10578] Thoughtcast Boots
        [10574] Corpseshroud
        [10573] Boneslasher
        [10572] Freezing Shard
        [10571] Ebony Boneclub
        [10570] Manslayer
        [10567] Quillshooter
        [10499] Bright-Eye Goggles
        [10423] Silvered Bronze Leggings
        [10409] Banded Boots
        [10408] Banded Helm
        [10406] Scaled Leather Headband
        [10333] Scarlet Wristguards
        [10332] Scarlet Boots
        [10331] Scarlet Gauntlets
        [10329] Scarlet Belt
        [10328] Scarlet Chestpiece
        [10289] Durable Hat
        [10288] Sage's Circlet
        [9901] Jazeraint Belt
        [9900] Jazeraint Gauntlets
        [9898] Jazeraint Cloak
        [9896] Jazeraint Bracers
        [9895] Jazeraint Boots
        [9892] Huntsman's Gloves
        [9891] Huntsman's Belt
        [9890] Huntsman's Cape
        [9889] Huntsman's Cap
        [9886] Huntsman's Bands
        [9885] Huntsman's Boots
        [9880] Sorcerer Gloves
        [9879] Sorcerer Bracelets
        [9877] Sorcerer Cloak
        [9876] Sorcerer Slippers
        [9875] Sorcerer Sash
        [9873] Renegade Shield
        [9872] Renegade Pauldrons
        [9871] Renegade Leggings
        [9870] Renegade Circlet
        [9869] Renegade Belt
        [9868] Renegade Gauntlets
        [9867] Renegade Cloak
        [9866] Renegade Chestguard
        [9865] Renegade Bracers
        [9864] Renegade Boots
        [9863] Archer's Shoulderpads
        [9862] Archer's Trousers
        [9861] Archer's Gloves
        [9860] Archer's Cloak
        [9859] Archer's Cap
        [9858] Archer's Buckler
        [9857] Archer's Bracers
        [9856] Archer's Boots
        [9855] Archer's Belt
        [9854] Archer's Jerkin
        [9853] Conjurer's Cinch
        [9852] Conjurer's Robe
        [9851] Conjurer's Breeches
        [9850] Conjurer's Mantle
        [9849] Conjurer's Hood
        [9848] Conjurer's Gloves
        [9847] Conjurer's Cloak
        [9846] Conjurer's Bracers
        [9845] Conjurer's Shoes
        [9844] Conjurer's Vest
        [9843] Banded Shield
        [9842] Banded Pauldrons
        [9841] Banded Leggings
        [9840] Banded Girdle
        [9839] Banded Gauntlets
        [9836] Banded Armor
        [9835] Scaled Leather Tunic
        [9834] Scaled Leather Shoulders
        [9833] Scaled Leather Leggings
        [9832] Scaled Leather Gloves
        [9830] Scaled Shield
        [9828] Scaled Leather Boots
        [9826] Durable Robe
        [9825] Durable Pants
        [9824] Durable Shoulders
        [9823] Durable Gloves
        [9820] Durable Boots
        [9819] Durable Tunic
        [9718] Reforged Blade of Heroes
        [9510] Caverndeep Trudgers
        [9508] Mechbuilder's Overalls
        [9491] Hotshot Pilot's Gloves
        [9435] Reticulated Bone Gauntlets
        [9428] Unearthed Bands
        [9420] Adventurer's Pith Helmet
        [9406] Spirewind Fetter
        [9405] Girdle of Golem Strength
        [9397] Energy Cloak
        [9396] Legguards of the Vault
        [9395] Gloves of Old
        [9393] Beacon of Hope
        [9392] Annealed Blade
        [9391] The Shoveler
        [9386] Excavator's Brand
        [9385] Archaic Defender
        [9384] Stonevault Shiv
        [9383] Obsidian Cleaver
        [9382] Tromping Miner's Boots
        [9381] Earthen Rod
        [9378] Shovelphlange's Mining Axe
        [9375] Expert Goldminer's Helmet
        [8226] The Butcher
        [8225] Tainted Pierce
        [8224] Silithid Ripper
        [8223] Blade of the Basilisk
        [8188] Explosive Shotgun
        [8174] Comfortable Leather Hat
        [8161] Jouster's Visor
        [8160] Jouster's Greaves
        [8159] Jouster's Girdle
        [8158] Jouster's Gauntlets
        [8156] Jouster's Wristguards
        [8006] The Ziggler
        [7963] Steel Breastplate
        [7917] Barbaric Iron Gloves
        [7916] Barbaric Iron Boots
        [7915] Barbaric Iron Helm
        [7914] Barbaric Iron Breastplate
        [7913] Barbaric Iron Shoulders
        [7787] Resplendent Guardian
        [7761] Steelclaw Reaver
        [7760] Warchief Kilt
        [7759] Archon Chestpiece
        [7758] Ruthless Shiv
        [7757] Windweaver Staff
        [7755] Flintrock Shoulders
        [7753] Bloodspiller
        [7752] Dreamslayer
        [7736] Fight Club
        [7730] Cobalt Crusher
        [7729] Chesterfall Musket
        [7728] Beguiler Robes
        [7727] Watchman Pauldrons
        [7609] Elder's Amber Stave
        [7556] Twilight Orb
        [7493] Captain's Bracers
        [7492] Captain's Cloak
        [7483] Ranger Cloak
        [7476] Regal Sash
        [7474] Regal Cloak
        [7465] Knight's Crest
        [7463] Sentinel Buckler
        [7462] Knight's Girdle
        [7461] Knight's Bracers
        [7460] Knight's Cloak
        [7459] Knight's Pauldrons
        [7458] Knight's Boots
        [7457] Knight's Gauntlets
        [7456] Knight's Headguard
        [7455] Knight's Legguards
        [7454] Knight's Breastplate
        [7448] Sentinel Girdle
        [7447] Sentinel Bracers
        [7446] Sentinel Cloak
        [7445] Sentinel Shoulders
        [7444] Sentinel Boots
        [7443] Sentinel Gloves
        [7441] Sentinel Cap
        [7440] Sentinel Trousers
        [7439] Sentinel Breastplate
        [7438] Twilight Belt
        [7437] Twilight Cuffs
        [7436] Twilight Cape
        [7435] Twilight Mantle
        [7434] Twilight Boots
        [7433] Twilight Gloves
        [7432] Twilight Cowl
        [7431] Twilight Pants
        [7430] Twilight Robe
        [7429] Twilight Armor
        [7424] Phalanx Spaulders
        [7423] Phalanx Leggings
        [7422] Phalanx Girdle
        [7421] Phalanx Gauntlets
        [7420] Phalanx Headguard
        [7418] Phalanx Breastplate
        [7417] Phalanx Boots
        [7416] Phalanx Bracers
        [7414] Infiltrator Pants
        [7413] Infiltrator Cap
        [7412] Infiltrator Gloves
        [7411] Infiltrator Cloak
        [7410] Infiltrator Bracers
        [7409] Infiltrator Boots
        [7408] Infiltrator Shoulders
        [7407] Infiltrator Armor
        [7406] Infiltrator Cord
        [7391] Swift Boots
        [7390] Dusky Boots
        [7387] Dusky Belt
        [7386] Green Whelp Bracers
        [7378] Dusky Bracers
        [7377] Frost Leather Cloak
        [7375] Green Whelp Armor
        [7374] Dusky Leather Armor
        [7373] Dusky Leather Leggings
        [7370] Elder's Sash
        [7369] Elder's Robe
        [7368] Elder's Pants
        [7367] Elder's Mantle
        [7366] Elder's Gloves
        [7357] Elder's Hat
        [7355] Elder's Bracers
        [7354] Elder's Boots
        [7353] Elder's Padded Armor
        [7331] Phalanx Shield
        [7330] Infiltrator Buckler
        [7111] Nightsky Armor
        [7110] Silver-thread Armor
        [7065] Green Silk Armor
        [7061] Earthen Silk Belt
        [7060] Azure Shoulders
        [7059] Crimson Silk Shoulders
        [7057] Green Silken Shoulders
        [7056] Crimson Silk Cloak
        [7055] Crimson Silk Belt
        [7053] Azure Silk Cloak
        [7052] Azure Silk Belt
        [7051] Earthen Vest
        [6616] Sage's Pants
        [6610] Sage's Robe
        [6609] Sage's Cloth
        [6422] Glyphed Helm
        [6421] Glyphed Belt
        [6420] Glyphed Boots
        [6419] Glyphed Mitts
        [6418] Aurora Sash
        [6417] Aurora Cloak
        [6416] Aurora Boots
        [6413] Chief Brigadier Bracers
        [6412] Chief Brigadier Boots
        [6410] Insignia Bracers
        [6409] Insignia Belt
        [6408] Insignia Gloves
        [6407] Nightsky Wristbands
        [6406] Nightsky Boots
        [6405] Nightsky Trousers
        [6404] Mail Combat Spaulders
        [6403] Mail Combat Armguards
        [6402] Mail Combat Leggings
        [6400] Glimmering Shield
        [6396] Emblazoned Chestpiece
        [6389] Glimmering Mail Coif
        [6331] Howling Blade
        [6327] The Pacifier
        [6204] Tribal Worg Helm
        [5965] Guardian Cloak
        [5964] Barbaric Shoulders
        [5963] Barbaric Leggings
        [5962] Guardian Pants
        [5819] Sunblaze Coif
        [5783] Murloc Scale Bracers
        [5782] Thick Murloc Armor
        [5756] Sliverblade
        [5755] Onyx Shredder Plate
        [5754] Wolfpack Medallion
        [5753] Ruffled Chaplet
        [5743] Prismstone Ring
        [5742] Gemstone Dagger
        [5624] Circlet of the Order
        [5608] Living Cowl
        [5257] Dark Hooded Cape
        [5256] Kovork's Rattle
        [5245] Summoner's Wand
        [5214] Wand of Eventide
        [5213] Scorching Wand
        [5181] Vibrant Silk Cape
        [5180] Necklace of Harmony
        [5079] Cold Basilisk Eye
        [5011] Welken Ring
        [5010] Inscribed Gold Ring
        [5009] Mindbender Loop
        [5007] Band of Thorns
        [5005] Emberspark Pendant
        [5004] Mark of the Kirin Tor
        [5003] Crystal Starfire Medallion
        [4810] Boulder Pads
        [4732] Glyphed Cloak
        [4731] Glyphed Epaulets
        [4729] Aurora Mantle
        [4727] Chief Brigadier Girdle
        [4726] Chief Brigadier Cloak
        [4725] Chief Brigadier Pauldrons
        [4722] Insignia Cloak
        [4721] Insignia Mantle
        [4720] Nightsky Sash
        [4719] Nightsky Cloak
        [4718] Nightsky Mantle
        [4717] Mail Combat Belt
        [4716] Combat Cloak
        [4477] Nefarious Buckler
        [4476] Beastwalker Robe
        [4474] Ravenwood Bow
        [4465] Felstrom's Gauntlets
        [4464] Trouncing Boots
        [4463] Beaded Raptor Collar
        [4462] Cloak of Rot
        [4456] Raptor Hide Belt
        [4455] Raptor Hide Harness
        [4397] Gnomish Cloaking Device
        [4396] Mechanical Dragonling
        [4393] Craftsman's Monocle
        [4329] Star Belt
        [4328] Spider Belt
        [4327] Icy Cloak
        [4326] Long Silken Cloak
        [4325] Boots of the Enchanter
        [4323] Shadow Hood
        [4322] Enchanter's Cowl
        [4264] Barbaric Belt
        [4262] Gem-studded Leather Belt
        [4260] Guardian Leather Bracers
        [4259] Green Leather Bracers
        [4258] Guardian Belt
        [4257] Green Leather Belt
        [4256] Guardian Armor
        [4255] Green Leather Armor
        [4079] Chief Brigadier Leggings
        [4078] Chief Brigadier Coif
        [4077] Mail Combat Headguard
        [4076] Mail Combat Boots
        [4075] Mail Combat Gauntlets
        [4074] Mail Combat Armor
        [4073] Glimmering Mail Greaves
        [4071] Glimmering Mail Breastplate
        [4068] Chief Brigadier Shield
        [4067] Glyphed Buckler
        [4066] Insignia Buckler
        [4065] Combat Shield
        [4060] Glyphed Leggings
        [4059] Glyphed Bracers
        [4057] Insignia Chestguard
        [4055] Insignia Boots
        [4054] Insignia Leggings
        [4052] Insignia Cap
        [4050] Emblazoned Leggings
        [4048] Emblazoned Hat
        [4044] Aurora Pants
        [4043] Aurora Bracers
        [4042] Aurora Gloves
        [4041] Aurora Cowl
        [4040] Nightsky Gloves
        [4039] Nightsky Cowl
        [4038] Nightsky Robe
        [4035] Silver-thread Robe
        [3856] Shadow Crescent Axe
        [3855] Massive Iron Axe
        [3854] Frost Tiger Blade
        [3853] Moonsteel Broadsword
        [3852] Golden Iron Destroyer
        [3851] Solid Iron Maul
        [3850] Jade Serpentblade
        [3849] Hardened Iron Shortsword
        [3847] Golden Scale Boots
        [3846] Polished Steel Boots
        [3845] Golden Scale Cuirass
        [3844] Green Iron Hauberk
        [3843] Golden Scale Leggings
        [3842] Green Iron Leggings
        [3841] Golden Scale Shoulders
        [3840] Green Iron Shoulders
        [3837] Golden Scale Coif
        [3836] Green Iron Helm
        [3345] Silk Wizard Hat
        [3341] Gauntlets of Ogre Strength
        [3197] Stonecutter Claymore
        [3185] Acrobatic Staff
        [3042] BKP "Sparrow" Smallbore
        [3041] "Mage-Eye" Blunderbuss
        [3037] Whipwood Recurve Bow
        [3020] Enduring Cap
        [3011] Feathered Headdress
        [2955] First Mate Hat
        [2951] Ring of the Underwood
        [2912] Claw of the Shadowmancer
        [2877] Combatant Claymore
        [2721] Holy Shroud
        [2622] Nimar's Tribal Headdress
        [2621] Cowl of Necromancy
        [2620] Augural Shroud
        [2565] Rod of Molten Fire
        [2299] Burning War Axe
        [2278] Forest Tracker Epaulets
        [2277] Necromancer Leggings
        [2276] Swampwalker Boots
        [2262] Mark of Kern
        [2080] Hillborne Axe
        [1998] Bloodscalp Channeling Staff
        [1997] Pressed Felt Robe
        [1996] Voodoo Band
        [1993] Ogremind Ring
        [1992] Swampchill Fetish
        [1991] Goblin Power Shovel
        [1990] Ballast Maul
        [1988] Chief Brigadier Gauntlets
        [1726] Poison-tipped Bone Spear
        [1716] Robe of the Magi
        [1679] Korg Bat
        [1678] Black Ogre Kickers
        [1659] Engineering Gloves
        [1602] Sickle Axe
        [1523] Huge Stone Club
        [1522] Headhunting Spear
        [1488] Avenger's Armor
        [1465] Tigerbane
        [1297] Robes of the Shadowcaster
        [1280] Cloaked Hood
        [1265] Scorpion Sting
        [1216] Frost Bracers
        [1207] Murphstar
        [937] Black Duskwood Staff
        [936] Midnight Mace
        [934] Stalvan's Reaper
        [865] Leaden Mace
        [864] Knightly Longsword
        [863] Gloom Reaper
        [791] Gnarled Ash Staff
        [776] Vendetta
    Bucket 3 (levels 31..40) Type 1 - 122 random items cached
        [45627] Amulet of Truesight
        [44215] Darkmoon Necklace
        [44213] Darkmoon Pendant
        [43657] Royal Guide of Escape Routes
        [43656] Tome of Kings
        [29158] Truesilver Commander's Ring
        [29157] Golden Ring of Power
        [20832] Moonsoul Crown
        [18948] Barbaric Bracers
        [18238] Shadowskin Gloves
        [13145] Enormous Ogre Belt
        [13137] Ironweaver
        [13129] Firemane Leggings
        [13127] Frostreaver Crown
        [13124] Ravasaur Scale Boots
        [13121] Wing of the Whelpling
        [13119] Enchanted Kodo Bracers
        [13110] Wolffear Harness
        [13108] Tigerstrike Mantle
        [13106] Glowing Magical Bracelets
        [13105] Sutarn's Ring
        [13103] Pads of the Venom Spider
        [13093] Blush Ember Ring
        [13087] River Pride Choker
        [13084] Kaleidoscope Chain
        [13081] Skullance Shield
        [13063] Starfaller
        [13054] Grim Reaper
        [13048] Looming Gavel
        [13045] Viscous Hammer
        [13038] Swiftwind
        [13037] Crystalpine Stinger
        [13033] Zealot Blade
        [13025] Deadwood Sledge
        [13020] Skystriker Bow
        [13019] Harpyclaw Short Bow
        [13017] Hellslayer Battle Axe
        [12974] The Black Knight
        [10584] Stormgale Fists
        [10583] Quillward Harness
        [10582] Briar Tredders
        [10581] Death's Head Vestment
        [10578] Thoughtcast Boots
        [10574] Corpseshroud
        [10573] Boneslasher
        [10572] Freezing Shard
        [10571] Ebony Boneclub
        [10570] Manslayer
        [10567] Quillshooter
        [10332] Scarlet Boots
        [10328] Scarlet Chestpiece
        [9718] Reforged Blade of Heroes
        [9510] Caverndeep Trudgers
        [9508] Mechbuilder's Overalls
        [9491] Hotshot Pilot's Gloves
        [9435] Reticulated Bone Gauntlets
        [9428] Unearthed Bands
        [9420] Adventurer's Pith Helmet
        [9406] Spirewind Fetter
        [9405] Girdle of Golem Strength
        [9397] Energy Cloak
        [9396] Legguards of the Vault
        [9395] Gloves of Old
        [9393] Beacon of Hope
        [9392] Annealed Blade
        [9391] The Shoveler
        [9386] Excavator's Brand
        [9385] Archaic Defender
        [9384] Stonevault Shiv
        [9383] Obsidian Cleaver
        [9381] Earthen Rod
        [9378] Shovelphlange's Mining Axe
        [9375] Expert Goldminer's Helmet
        [8226] The Butcher
        [8225] Tainted Pierce
        [8223] Blade of the Basilisk
        [8006] The Ziggler
        [7787] Resplendent Guardian
        [7761] Steelclaw Reaver
        [7760] Warchief Kilt
        [7759] Archon Chestpiece
        [7758] Ruthless Shiv
        [7757] Windweaver Staff
        [7755] Flintrock Shoulders
        [7753] Bloodspiller
        [7752] Dreamslayer
        [7736] Fight Club
        [7730] Cobalt Crusher
        [7729] Chesterfall Musket
        [7728] Beguiler Robes
        [7727] Watchman Pauldrons
        [6331] Howling Blade
        [6327] The Pacifier
        [5819] Sunblaze Coif
        [5756] Sliverblade
        [5257] Dark Hooded Cape
        [4327] Icy Cloak
        [4262] Gem-studded Leather Belt
        [3844] Green Iron Hauberk
        [3020] Enduring Cap
        [2951] Ring of the Underwood
        [2912] Claw of the Shadowmancer
        [2877] Combatant Claymore
        [2721] Holy Shroud
        [2565] Rod of Molten Fire
        [2299] Burning War Axe
        [2278] Forest Tracker Epaulets
        [2277] Necromancer Leggings
        [2276] Swampwalker Boots
        [2262] Mark of Kern
        [1992] Swampchill Fetish
        [1726] Poison-tipped Bone Spear
        [1716] Robe of the Magi
        [1678] Black Ogre Kickers
        [1602] Sickle Axe
        [1488] Avenger's Armor
        [1265] Scorpion Sting
        [937] Black Duskwood Staff
        [936] Midnight Mace
        [934] Stalvan's Reaper
        [791] Gnarled Ash Staff
        [776] Vendetta
    Bucket 3 (levels 31..40) Type 0 - 281 random items cached
        [45627] Amulet of Truesight
        [44574] Skin of Mulgore Firewater
        [44314] Scroll of Recall II
        [44215] Darkmoon Necklace
        [44213] Darkmoon Pendant
        [43657] Royal Guide of Escape Routes
        [43656] Tome of Kings
        [43559] Locust Wing
        [43121] Fiery Ink
        [43120] Celestial Ink
        [43105] Indigo Pigment
        [39340] Violet Pigment
        [35720] Lord of Frost's Private Label
        [34064] Succulent Sausage
        [34020] Jungle River Water
        [33031] Thunder 45
        [29158] Truesilver Commander's Ring
        [29157] Golden Ring of Power
        [23157] Thick Citrine
        [23076] Brilliant Citrine
        [21217] Sagefish Delight
        [21153] Raw Greater Sagefish
        [20963] Mithril Filigree
        [20957] Cut Citrine
        [20953] Cut Jade
        [20832] Moonsoul Crown
        [20746] Lesser Wizard Oil
        [19297] Lesser Darkmoon Prize
        [19224] Red Hot Wings
        [18948] Barbaric Bracers
        [18632] Moonbrook Riot Taffy
        [18588] Ez-Thro Dynamite II
        [18238] Shadowskin Gloves
        [17716] Snowmaster 9000
        [17708] Elixir of Frost Power
        [17407] Graccu's Homemade Meat Pie
        [17402] Greatfather's Winter Ale
        [17222] Spider Sausage
        [16169] Wild Ricecake
        [16000] Thorium Tube
        [15871] Truesilver Skeleton Key
        [13851] Hot Wolf Ribs
        [13546] Bloodbelly Fish
        [13145] Enormous Ogre Belt
        [13137] Ironweaver
        [13129] Firemane Leggings
        [13127] Frostreaver Crown
        [13124] Ravasaur Scale Boots
        [13121] Wing of the Whelpling
        [13119] Enchanted Kodo Bracers
        [13110] Wolffear Harness
        [13108] Tigerstrike Mantle
        [13106] Glowing Magical Bracelets
        [13105] Sutarn's Ring
        [13103] Pads of the Venom Spider
        [13093] Blush Ember Ring
        [13087] River Pride Choker
        [13084] Kaleidoscope Chain
        [13081] Skullance Shield
        [13063] Starfaller
        [13054] Grim Reaper
        [13048] Looming Gavel
        [13045] Viscous Hammer
        [13038] Swiftwind
        [13037] Crystalpine Stinger
        [13033] Zealot Blade
        [13025] Deadwood Sledge
        [13020] Skystriker Bow
        [13019] Harpyclaw Short Bow
        [13017] Hellslayer Battle Axe
        [12974] The Black Knight
        [12217] Dragonbreath Chili
        [12215] Heavy Kodo Stew
        [12214] Mystery Stew
        [12213] Carrion Surprise
        [12212] Jungle Stew
        [12211] Spiced Wolf Ribs
        [12210] Roast Raptor
        [12208] Tender Wolf Meat
        [12206] Tender Crab Meat
        [12205] White Spider Meat
        [12204] Heavy Kodo Meat
        [11590] Mechanical Repair Kit
        [11144] Truesilver Rod
        [10920] Wound Poison II
        [10918] Wound Poison
        [10841] Goldthorn Tea
        [10648] Common Parchment
        [10620] Thorium Ore
        [10592] Catseye Elixir
        [10584] Stormgale Fists
        [10583] Quillward Harness
        [10582] Briar Tredders
        [10581] Death's Head Vestment
        [10578] Thoughtcast Boots
        [10574] Corpseshroud
        [10573] Boneslasher
        [10572] Freezing Shard
        [10571] Ebony Boneclub
        [10570] Manslayer
        [10567] Quillshooter
        [10560] Unstable Trigger
        [10559] Mithril Tube
        [10507] Solid Dynamite
        [10505] Solid Blasting Powder
        [10498] Gyromatic Micro-Adjustor
        [10332] Scarlet Boots
        [10328] Scarlet Chestpiece
        [10285] Shadow Silk
        [9719] Broken Blade of Heroes
        [9718] Reforged Blade of Heroes
        [9510] Caverndeep Trudgers
        [9508] Mechbuilder's Overalls
        [9491] Hotshot Pilot's Gloves
        [9435] Reticulated Bone Gauntlets
        [9428] Unearthed Bands
        [9420] Adventurer's Pith Helmet
        [9406] Spirewind Fetter
        [9405] Girdle of Golem Strength
        [9397] Energy Cloak
        [9396] Legguards of the Vault
        [9395] Gloves of Old
        [9393] Beacon of Hope
        [9392] Annealed Blade
        [9391] The Shoveler
        [9386] Excavator's Brand
        [9385] Archaic Defender
        [9384] Stonevault Shiv
        [9383] Obsidian Cleaver
        [9381] Earthen Rod
        [9378] Shovelphlange's Mining Axe
        [9375] Expert Goldminer's Helmet
        [9262] Black Vitriol
        [8951] Elixir of Greater Defense
        [8949] Elixir of Agility
        [8925] Crystal Vial
        [8827] Elixir of Water Walking
        [8368] Thick Wolfhide
        [8365] Raw Mithril Head Trout
        [8364] Mithril Head Trout
        [8343] Heavy Silken Thread
        [8226] The Butcher
        [8225] Tainted Pierce
        [8223] Blade of the Basilisk
        [8173] Thick Armor Kit
        [8172] Cured Thick Hide
        [8169] Thick Hide
        [8167] Turtle Scale
        [8153] Wildvine
        [8152] Flask of Big Mojo
        [8151] Flask of Mojo
        [8150] Deeprock Salt
        [8006] The Ziggler
        [7973] Big-mouth Clam
        [7966] Solid Grinding Stone
        [7965] Solid Weightstone
        [7964] Solid Sharpening Stone
        [7912] Solid Stone
        [7911] Truesilver Ore
        [7787] Resplendent Guardian
        [7761] Steelclaw Reaver
        [7760] Warchief Kilt
        [7759] Archon Chestpiece
        [7758] Ruthless Shiv
        [7757] Windweaver Staff
        [7755] Flintrock Shoulders
        [7753] Bloodspiller
        [7752] Dreamslayer
        [7736] Fight Club
        [7730] Cobalt Crusher
        [7729] Chesterfall Musket
        [7728] Beguiler Robes
        [7727] Watchman Pauldrons
        [7148] Goblin Jumper Cables
        [6951] Mind-numbing Poison II
        [6950] Instant Poison III
        [6807] Frog Leg Stew
        [6715] Ruined Jumper Cables
        [6362] Raw Rockscale Cod
        [6331] Howling Blade
        [6327] The Pacifier
        [6261] Orange Dye
        [6052] Nature Protection Potion
        [6050] Frost Protection Potion
        [6049] Fire Protection Potion
        [6043] Iron Counterweight
        [6041] Steel Weapon Chain
        [6038] Giant Clam Scorcho
        [5819] Sunblaze Coif
        [5785] Thick Murloc Scale
        [5756] Sliverblade
        [5633] Great Rage Potion
        [5257] Dark Hooded Cape
        [5047] Skull Wrapping Paper
        [4852] Flash Bomb
        [4791] Enchanted Water
        [4655] Giant Clam Meat
        [4607] Delicious Cave Mold
        [4600] Cherry Grog
        [4594] Rockscale Cod
        [4544] Mulgore Spice Bread
        [4539] Goldenbark Apple
        [4481] Cresting Charm
        [4480] Thundering Charm
        [4479] Burning Charm
        [4457] Barbecued Buzzard Wing
        [4424] Scroll of Spirit III
        [4421] Scroll of Protection III
        [4407] Accurate Scope
        [4403] Portable Bronze Mortar
        [4398] Large Seaforium Charge
        [4395] Goblin Land Mine
        [4392] Advanced Target Dummy
        [4391] Compact Harvest Reaper Kit
        [4390] Iron Grenade
        [4389] Gyrochronatom
        [4388] Discombobulator Ray
        [4387] Iron Strut
        [4386] Ice Deflector
        [4380] Big Bronze Bomb
        [4338] Mageweave Cloth
        [4337] Thick Spider's Silk
        [4327] Icy Cloak
        [4305] Bolt of Silk Cloth
        [4304] Thick Leather
        [4262] Gem-studded Leather Belt
        [3860] Mithril Bar
        [3859] Steel Bar
        [3858] Mithril Ore
        [3844] Green Iron Hauberk
        [3829] Frost Oil
        [3828] Elixir of Detect Lesser Invisibility
        [3827] Mana Potion
        [3826] Major Troll's Blood Elixir
        [3825] Elixir of Fortitude
        [3824] Shadow Oil
        [3823] Lesser Invisibility Potion
        [3821] Goldthorn
        [3819] Wintersbite
        [3818] Fadeleaf
        [3771] Wild Hog Shank
        [3729] Soothing Turtle Bisque
        [3404] Buzzard Wing
        [3358] Khadgar's Whisker
        [3020] Enduring Cap
        [2951] Ring of the Underwood
        [2932] Torment Vine
        [2931] Maiden's Anguish
        [2912] Claw of the Shadowmancer
        [2893] Deadly Poison II
        [2877] Combatant Claymore
        [2721] Holy Shroud
        [2633] Jungle Remedy
        [2595] Jug of Bourbon
        [2565] Rod of Molten Fire
        [2325] Black Dye
        [2299] Burning War Axe
        [2289] Scroll of Strength II
        [2278] Forest Tracker Epaulets
        [2277] Necromancer Leggings
        [2276] Swampwalker Boots
        [2262] Mark of Kern
        [1992] Swampchill Fetish
        [1726] Poison-tipped Bone Spear
        [1716] Robe of the Magi
        [1710] Greater Healing Potion
        [1708] Sweet Nectar
        [1707] Stormwind Brie
        [1703] Crystal Basilisk Spine
        [1678] Black Ogre Kickers
        [1602] Sickle Axe
        [1488] Avenger's Armor
        [1477] Scroll of Agility II
        [1265] Scorpion Sting
        [937] Black Duskwood Staff
        [936] Midnight Mace
        [934] Stalvan's Reaper
        [873] Staff of Jordan
        [870] Fiery War Axe
        [791] Gnarled Ash Staff
        [776] Vendetta
    Bucket 4 (levels 41..50) Type 4 - 10 random items cached
        [43560] Firefly Dust
        [43123] Ink of the Sky
        [43106] Ruby Pigment
        [20965] Cut Ruby
        [20962] Cut Aquamarine
        [19296] Greater Darkmoon Prize
        [18660] World Enlarger
        [7969] Mithril Spurs
        [7967] Mithril Shield Spike
        [6037] Truesilver Bar
    Bucket 4 (levels 41..50) Type 3 - 157 random items cached
        [43850] Certificate of Ownership
        [43560] Firefly Dust
        [43123] Ink of the Sky
        [43122] Shimmering Ink
        [43106] Ruby Pigment
        [39341] Silvery Pigment
        [38466] Sulfuron Slammer
        [35562] Bear Flank
        [34021] Brewdoo Magic
        [33032] Thunderbrew Ale
        [33023] Savory Sausage
        [23848] Nethergarde Bitter
        [23728] QAEnchant Gloves Riding Skill
        [23727] QAEnchant Gloves +5 Fishing
        [23725] QAEnchant Fiery Weapon
        [21752] Thorium Setting
        [21552] Striped Yellowtail
        [21546] Elixir of Greater Firepower
        [21030] Darnassus Kimchi Pie
        [20965] Cut Ruby
        [20962] Cut Aquamarine
        [20750] Wizard Oil
        [20747] Lesser Mana Oil
        [20007] Mageblood Elixir
        [19306] Crunchy Frog
        [19300] Bottled Winterspring Water
        [19296] Greater Darkmoon Prize
        [19026] Snake Burst Firework
        [18660] World Enlarger
        [18641] Dense Dynamite
        [18635] Bellara's Nutterbar
        [18631] Truesilver Transformer
        [18294] Elixir of Greater Water Breathing
        [18045] Tender Wolf Steak
        [17747] Razorlash Root
        [17408] Spicy Beefstick
        [16971] Clamlette Surprise
        [16766] Undermine Clam Chowder
        [16168] Heaven Peach
        [15992] Dense Blasting Powder
        [15846] Salt Shaker
        [15564] Rugged Armor Kit
        [15423] Chimera Leather
        [15422] Frostsaber Leather
        [15420] Ironfeather
        [15419] Warbear Leather
        [15417] Devilsaur Leather
        [15415] Blue Dragonscale
        [15412] Green Dragonscale
        [15409] Refined Deeprock Salt
        [15407] Cured Rugged Hide
        [14341] Rune Thread
        [14256] Felcloth
        [14227] Ironweb Spider Silk
        [14047] Runecloth
        [13932] Poached Sunscale Salmon
        [13931] Nightfin Soup
        [13930] Filet of Redgill
        [13929] Hot Smoked Bass
        [13928] Grilled Squid
        [13927] Cooked Glossy Mightfish
        [13760] Raw Sunscale Salmon
        [13759] Raw Nightfin Snapper
        [13758] Raw Redgill
        [13757] Lightning Eel
        [13756] Raw Summer Bass
        [13755] Winter Squid
        [13754] Raw Glossy Mightfish
        [13423] Stonescale Oil
        [13422] Stonescale Eel
        [12644] Dense Grinding Stone
        [12643] Dense Weightstone
        [12404] Dense Sharpening Stone
        [12365] Dense Stone
        [12359] Thorium Bar
        [12216] Spiced Chili Crab
        [12207] Giant Egg
        [12190] Dreamless Sleep Potion
        [11371] Dark Iron Bar
        [11370] Dark Iron Ore
        [10921] Wound Poison III
        [10719] Mobile Alarm
        [10647] Engineer's Ink
        [10646] Goblin Sapper Charge
        [10586] The Big One
        [10580] Goblin "Boom" Box
        [10562] Hi-Explosive Bomb
        [10561] Mithril Casing
        [10548] Sniper Scope
        [10546] Deadly Scope
        [10514] Mithril Frag Bomb
        [10290] Pink Dye
        [10286] Heart of the Wild
        [9681] Grilled King Crawler Legs
        [9264] Elixir of Shadow Power
        [9233] Elixir of Detect Demon
        [9224] Elixir of Demonslaying
        [9210] Ghost Dye
        [9206] Elixir of Giants
        [9197] Elixir of Dream Vision
        [9187] Elixir of Greater Agility
        [9179] Elixir of Greater Intellect
        [9172] Invisibility Potion
        [9155] Arcane Elixir
        [9154] Elixir of Detect Undead
        [9144] Wildvine Potion
        [9088] Gift of Arthas
        [9061] Goblin Rocket Fuel
        [9060] Inlaid Mithril Cylinder
        [9036] Magic Resistance Potion
        [9030] Restorative Potion
        [8984] Deadly Poison III
        [8956] Oil of Immolation
        [8926] Instant Poison IV
        [8846] Gromsblood
        [8845] Ghost Mushroom
        [8839] Blindweed
        [8838] Sungrass
        [8836] Arthas' Tears
        [8831] Purple Lotus
        [8171] Rugged Hide
        [8170] Rugged Leather
        [8168] Jet Black Feather
        [8165] Worn Dragonscale
        [8154] Scorpid Scale
        [8146] Wicked Claw
        [7974] Zesty Clam Meat
        [7972] Ichor of Undeath
        [7969] Mithril Spurs
        [7967] Mithril Shield Spike
        [7081] Breath of Wind
        [7079] Globe of Water
        [7077] Heart of Fire
        [7075] Core of Earth
        [6887] Spotted Yellowtail
        [6149] Greater Mana Potion
        [6037] Truesilver Bar
        [4625] Firebloom
        [4623] Lesser Stoneshield Potion
        [4608] Raw Black Truffle
        [4603] Raw Spotted Yellowtail
        [4602] Moon Harvest Pumpkin
        [4601] Soft Banana Bread
        [4599] Cured Ham Steak
        [4426] Scroll of Strength III
        [4425] Scroll of Agility III
        [4422] Scroll of Stamina III
        [4419] Scroll of Intellect III
        [4394] Big Iron Bomb
        [4342] Purple Dye
        [4339] Bolt of Mageweave
        [3928] Superior Healing Potion
        [3927] Fine Aged Cheddar
        [3861] Blacksteel Bar
        [3776] Crippling Poison II
        [3387] Limited Invulnerability Potion
        [1645] Moonberry Juice
    Bucket 4 (levels 41..50) Type 1 - 114 random items cached
        [44219] Darkmoon Magestaff
        [44218] Darkmoon Executioner
        [44217] Darkmoon Dirk
        [43661] Book of Stars
        [43660] Fire Eater's Guide
        [21766] Opal Necklace of Impact
        [21753] Gem Studded Band
        [20969] Ruby Crown of Restoration
        [20964] Aquamarine Signet
        [18712] Arena Vambraces
        [18711] Arena Bands
        [18710] Arena Bracers
        [18709] Arena Wristguards
        [18342] Quel'dorei Guard
        [18341] Quel'dorei Sash
        [17055] Changuk Smasher
        [17054] Joonho's Mercy
        [13199] Crushridge Bindings
        [13139] Guttbuster
        [13138] The Silencer
        [13134] Belt of the Gladiator
        [13132] Skeletal Shoulders
        [13128] High Bergg Helm
        [13125] Elven Chain Boots
        [13117] Ogron's Sash
        [13115] Sheepshear Mantle
        [13112] Winged Helm
        [13109] Blackflame Cape
        [13102] Cassandra's Grace
        [13100] Furen's Boots
        [13095] Assault Band
        [13089] Skibi's Pendant
        [13088] Gazlowe's Charm
        [13082] Mountainside Buckler
        [13076] Giantslayer Bracers
        [13074] Golem Shard Leggings
        [13071] Plated Fist of Hakoo
        [13068] Obsidian Greaves
        [13065] Wand of Allistarj
        [13064] Jaina's Firestarter
        [13058] Khoo's Point
        [13055] Bonechewer
        [13051] Witchfury
        [13046] Blanchard's Stout
        [13043] Blade of the Titans
        [13042] Sword of the Magistrate
        [13039] Skull Splitting Crossbow
        [13035] Serpent Slicer
        [13034] Speedsteel Rapier
        [13029] Umbral Crystal
        [13026] Heaven's Light
        [13021] Needle Threader
        [13018] Executioner's Cleaver
        [10634] Mindseye Circle
        [10632] Slimescale Bracers
        [10631] Murkwater Gauntlets
        [10629] Mistwalker Boots
        [10628] Deathblow
        [10627] Bludgeon of the Grinning Dog
        [10626] Ragehammer
        [10625] Stealthblade
        [10624] Stinging Bow
        [10623] Winter's Bite
        [10504] Green Lens
        [10041] Dreamweave Circlet
        [10021] Dreamweave Vest
        [10019] Dreamweave Gloves
        [9512] Blackmetal Cape
        [9511] Bloodletter Scalpel
        [9484] Spellshock Leggings
        [9483] Flaming Incinerator
        [9482] Witch Doctor's Cane
        [9481] The Minotaur
        [9480] Eyegouger
        [9465] Digmaster 5000
        [9434] Elemental Raiment
        [9433] Forgotten Wraps
        [9432] Skullplate Bracers
        [9431] Papal Fez
        [9430] Spaulders of a Lost Age
        [9429] Miner's Hat of the Deep
        [9427] Stonevault Bonebreaker
        [9426] Monolithic Bow
        [9425] Pendulum of Doom
        [9424] Ginn-su Sword
        [9423] The Jackhammer
        [9422] Shadowforge Bushmaster
        [9359] Wirt's Third Leg
        [8349] Feathered Breastplate
        [8348] Helm of Fire
        [8347] Dragonscale Gauntlets
        [8346] Gauntlets of the Sea
        [8345] Wolfshead Helm
        [7961] Phantom Blade
        [7959] Blight
        [7954] The Shatterer
        [7939] Truesilver Breastplate
        [7938] Truesilver Gauntlets
        [6440] Brainlash
        [5616] Gutwrencher
        [4091] Widowmaker
        [4090] Mug O' Hurt
        [2815] Curve-bladed Ripper
        [2802] Blazing Emblem
        [2564] Elven Spirit Claws
        [2040] Troll Protector
        [1722] Thornstone Sledgehammer
        [1720] Tanglewood Staff
        [1718] Basilisk Hide Pants
        [1715] Polished Jazeraint Armor
        [1714] Necklace of Calisea
        [1713] Ankh of Life
        [862] Runed Ring
        [754] Shortsword of Vengeance
    Bucket 4 (levels 41..50) Type 0 - 292 random items cached
        [44219] Darkmoon Magestaff
        [44218] Darkmoon Executioner
        [44217] Darkmoon Dirk
        [43850] Certificate of Ownership
        [43661] Book of Stars
        [43660] Fire Eater's Guide
        [43560] Firefly Dust
        [43123] Ink of the Sky
        [43122] Shimmering Ink
        [43106] Ruby Pigment
        [39341] Silvery Pigment
        [38466] Sulfuron Slammer
        [35562] Bear Flank
        [34021] Brewdoo Magic
        [33032] Thunderbrew Ale
        [33023] Savory Sausage
        [23848] Nethergarde Bitter
        [23728] QAEnchant Gloves Riding Skill
        [23727] QAEnchant Gloves +5 Fishing
        [23725] QAEnchant Fiery Weapon
        [21766] Opal Necklace of Impact
        [21753] Gem Studded Band
        [21752] Thorium Setting
        [21552] Striped Yellowtail
        [21546] Elixir of Greater Firepower
        [21030] Darnassus Kimchi Pie
        [20969] Ruby Crown of Restoration
        [20965] Cut Ruby
        [20964] Aquamarine Signet
        [20962] Cut Aquamarine
        [20750] Wizard Oil
        [20747] Lesser Mana Oil
        [20007] Mageblood Elixir
        [19306] Crunchy Frog
        [19300] Bottled Winterspring Water
        [19296] Greater Darkmoon Prize
        [19026] Snake Burst Firework
        [18712] Arena Vambraces
        [18711] Arena Bands
        [18710] Arena Bracers
        [18709] Arena Wristguards
        [18660] World Enlarger
        [18641] Dense Dynamite
        [18635] Bellara's Nutterbar
        [18631] Truesilver Transformer
        [18342] Quel'dorei Guard
        [18341] Quel'dorei Sash
        [18294] Elixir of Greater Water Breathing
        [18045] Tender Wolf Steak
        [17747] Razorlash Root
        [17408] Spicy Beefstick
        [17055] Changuk Smasher
        [17054] Joonho's Mercy
        [16971] Clamlette Surprise
        [16766] Undermine Clam Chowder
        [16168] Heaven Peach
        [15992] Dense Blasting Powder
        [15846] Salt Shaker
        [15564] Rugged Armor Kit
        [15423] Chimera Leather
        [15422] Frostsaber Leather
        [15420] Ironfeather
        [15419] Warbear Leather
        [15417] Devilsaur Leather
        [15415] Blue Dragonscale
        [15412] Green Dragonscale
        [15409] Refined Deeprock Salt
        [15407] Cured Rugged Hide
        [14551] Edgemaster's Handguards
        [14550] Bladebane Armguards
        [14549] Boots of Avoidance
        [14341] Rune Thread
        [14256] Felcloth
        [14227] Ironweb Spider Silk
        [14047] Runecloth
        [13932] Poached Sunscale Salmon
        [13931] Nightfin Soup
        [13930] Filet of Redgill
        [13929] Hot Smoked Bass
        [13928] Grilled Squid
        [13927] Cooked Glossy Mightfish
        [13760] Raw Sunscale Salmon
        [13759] Raw Nightfin Snapper
        [13758] Raw Redgill
        [13757] Lightning Eel
        [13756] Raw Summer Bass
        [13755] Winter Squid
        [13754] Raw Glossy Mightfish
        [13423] Stonescale Oil
        [13422] Stonescale Eel
        [13199] Crushridge Bindings
        [13139] Guttbuster
        [13138] The Silencer
        [13134] Belt of the Gladiator
        [13132] Skeletal Shoulders
        [13128] High Bergg Helm
        [13125] Elven Chain Boots
        [13117] Ogron's Sash
        [13115] Sheepshear Mantle
        [13112] Winged Helm
        [13109] Blackflame Cape
        [13102] Cassandra's Grace
        [13100] Furen's Boots
        [13095] Assault Band
        [13089] Skibi's Pendant
        [13088] Gazlowe's Charm
        [13082] Mountainside Buckler
        [13076] Giantslayer Bracers
        [13074] Golem Shard Leggings
        [13071] Plated Fist of Hakoo
        [13068] Obsidian Greaves
        [13065] Wand of Allistarj
        [13064] Jaina's Firestarter
        [13058] Khoo's Point
        [13055] Bonechewer
        [13051] Witchfury
        [13046] Blanchard's Stout
        [13043] Blade of the Titans
        [13042] Sword of the Magistrate
        [13039] Skull Splitting Crossbow
        [13035] Serpent Slicer
        [13034] Speedsteel Rapier
        [13029] Umbral Crystal
        [13026] Heaven's Light
        [13021] Needle Threader
        [13018] Executioner's Cleaver
        [12644] Dense Grinding Stone
        [12643] Dense Weightstone
        [12404] Dense Sharpening Stone
        [12365] Dense Stone
        [12359] Thorium Bar
        [12216] Spiced Chili Crab
        [12207] Giant Egg
        [12190] Dreamless Sleep Potion
        [11371] Dark Iron Bar
        [11370] Dark Iron Ore
        [10921] Wound Poison III
        [10719] Mobile Alarm
        [10647] Engineer's Ink
        [10646] Goblin Sapper Charge
        [10634] Mindseye Circle
        [10632] Slimescale Bracers
        [10631] Murkwater Gauntlets
        [10629] Mistwalker Boots
        [10628] Deathblow
        [10627] Bludgeon of the Grinning Dog
        [10626] Ragehammer
        [10625] Stealthblade
        [10624] Stinging Bow
        [10623] Winter's Bite
        [10586] The Big One
        [10580] Goblin "Boom" Box
        [10562] Hi-Explosive Bomb
        [10561] Mithril Casing
        [10548] Sniper Scope
        [10546] Deadly Scope
        [10514] Mithril Frag Bomb
        [10504] Green Lens
        [10290] Pink Dye
        [10286] Heart of the Wild
        [10041] Dreamweave Circlet
        [10021] Dreamweave Vest
        [10019] Dreamweave Gloves
        [9681] Grilled King Crawler Legs
        [9512] Blackmetal Cape
        [9511] Bloodletter Scalpel
        [9484] Spellshock Leggings
        [9483] Flaming Incinerator
        [9482] Witch Doctor's Cane
        [9481] The Minotaur
        [9480] Eyegouger
        [9465] Digmaster 5000
        [9434] Elemental Raiment
        [9433] Forgotten Wraps
        [9432] Skullplate Bracers
        [9431] Papal Fez
        [9430] Spaulders of a Lost Age
        [9429] Miner's Hat of the Deep
        [9427] Stonevault Bonebreaker
        [9426] Monolithic Bow
        [9425] Pendulum of Doom
        [9424] Ginn-su Sword
        [9423] The Jackhammer
        [9422] Shadowforge Bushmaster
        [9359] Wirt's Third Leg
        [9264] Elixir of Shadow Power
        [9233] Elixir of Detect Demon
        [9224] Elixir of Demonslaying
        [9210] Ghost Dye
        [9206] Elixir of Giants
        [9197] Elixir of Dream Vision
        [9187] Elixir of Greater Agility
        [9179] Elixir of Greater Intellect
        [9172] Invisibility Potion
        [9155] Arcane Elixir
        [9154] Elixir of Detect Undead
        [9144] Wildvine Potion
        [9088] Gift of Arthas
        [9061] Goblin Rocket Fuel
        [9060] Inlaid Mithril Cylinder
        [9036] Magic Resistance Potion
        [9030] Restorative Potion
        [8984] Deadly Poison III
        [8956] Oil of Immolation
        [8926] Instant Poison IV
        [8846] Gromsblood
        [8845] Ghost Mushroom
        [8839] Blindweed
        [8838] Sungrass
        [8836] Arthas' Tears
        [8831] Purple Lotus
        [8349] Feathered Breastplate
        [8348] Helm of Fire
        [8347] Dragonscale Gauntlets
        [8346] Gauntlets of the Sea
        [8345] Wolfshead Helm
        [8171] Rugged Hide
        [8170] Rugged Leather
        [8168] Jet Black Feather
        [8165] Worn Dragonscale
        [8154] Scorpid Scale
        [8146] Wicked Claw
        [7974] Zesty Clam Meat
        [7972] Ichor of Undeath
        [7969] Mithril Spurs
        [7967] Mithril Shield Spike
        [7961] Phantom Blade
        [7959] Blight
        [7954] The Shatterer
        [7939] Truesilver Breastplate
        [7938] Truesilver Gauntlets
        [7081] Breath of Wind
        [7079] Globe of Water
        [7077] Heart of Fire
        [7075] Core of Earth
        [6887] Spotted Yellowtail
        [6440] Brainlash
        [6149] Greater Mana Potion
        [6037] Truesilver Bar
        [5616] Gutwrencher
        [4625] Firebloom
        [4623] Lesser Stoneshield Potion
        [4608] Raw Black Truffle
        [4603] Raw Spotted Yellowtail
        [4602] Moon Harvest Pumpkin
        [4601] Soft Banana Bread
        [4599] Cured Ham Steak
        [4426] Scroll of Strength III
        [4425] Scroll of Agility III
        [4422] Scroll of Stamina III
        [4419] Scroll of Intellect III
        [4394] Big Iron Bomb
        [4342] Purple Dye
        [4339] Bolt of Mageweave
        [4091] Widowmaker
        [4090] Mug O' Hurt
        [3928] Superior Healing Potion
        [3927] Fine Aged Cheddar
        [3861] Blacksteel Bar
        [3776] Crippling Poison II
        [3387] Limited Invulnerability Potion
        [2825] Bow of Searing Arrows
        [2815] Curve-bladed Ripper
        [2802] Blazing Emblem
        [2564] Elven Spirit Claws
        [2291] Kang the Decapitator
        [2164] Gut Ripper
        [2100] Precisely Calibrated Boomstick
        [2040] Troll Protector
        [1982] Nightblade
        [1981] Icemail Jerkin
        [1980] Underworld Band
        [1979] Wall of the Dead
        [1722] Thornstone Sledgehammer
        [1720] Tanglewood Staff
        [1718] Basilisk Hide Pants
        [1715] Polished Jazeraint Armor
        [1714] Necklace of Calisea
        [1713] Ankh of Life
        [1645] Moonberry Juice
        [1447] Ring of Saviors
        [1204] The Green Tower
        [1169] Blackskull Shield
        [943] Warden Staff
        [940] Robes of Insight
        [871] Flurry Axe
        [869] Dazzling Longsword
        [868] Ardent Custodian
        [867] Gloves of Holy Might
        [862] Runed Ring
        [809] Bloodrazor
        [754] Shortsword of Vengeance
    Bucket 4 (levels 41..50) Type 2 - 826 random items cached
        [45629] Shadoweave Belt
        [44219] Darkmoon Magestaff
        [44218] Darkmoon Executioner
        [44217] Darkmoon Dirk
        [43661] Book of Stars
        [43660] Fire Eater's Guide
        [30421] Red Ring of Destruction
        [21766] Opal Necklace of Impact
        [21765] Truesilver Healing Ring
        [21764] Ruby Pendant of Fire
        [21755] Aquamarine Pendant of the Warrior
        [21754] The Aquamarine Ward
        [21753] Gem Studded Band
        [20969] Ruby Crown of Restoration
        [20964] Aquamarine Signet
        [20598] Sturdy Male Undead Mask
        [20597] Sturdy Male Troll Mask
        [20596] Sturdy Male Tauren Mask
        [20595] Sturdy Male Orc Mask
        [20594] Sturdy Male Nightelf Mask
        [20593] Sturdy Male Human Mask
        [20592] Sturdy Male Gnome Mask
        [20591] Sturdy Male Dwarf Mask
        [20590] Sturdy Female Undead Mask
        [20589] Sturdy Female Troll Mask
        [20588] Sturdy Female Tauren Mask
        [20587] Sturdy Female Orc Mask
        [20586] Sturdy Female Nightelf Mask
        [20585] Sturdy Female Human Mask
        [20584] Sturdy Female Gnome Mask
        [20583] Sturdy Female Dwarf Mask
        [19808] Rockhide Strongfish
        [18712] Arena Vambraces
        [18711] Arena Bands
        [18710] Arena Bracers
        [18709] Arena Wristguards
        [18342] Quel'dorei Guard
        [18341] Quel'dorei Sash
        [17055] Changuk Smasher
        [17054] Joonho's Mercy
        [15981] Lunar Sphere
        [15980] Darkmist Orb
        [15979] Embersilk Stave
        [15978] Geomancer's Rod
        [15965] Windchaser Orb
        [15964] Silksand Star
        [15643] Ironhide Cloak
        [15639] Ironhide Bracers
        [15638] Formidable Shoulder Pads
        [15636] Formidable Belt
        [15635] Formidable Gauntlets
        [15632] Formidable Cape
        [15630] Formidable Sabatons
        [15629] Formidable Bracers
        [15628] Gryphon Mail Pauldrons
        [15627] Gryphon Mail Legguards
        [15626] Gryphon Mail Greaves
        [15625] Gryphon Mail Gauntlets
        [15624] Gryphon Cloak
        [15623] Gryphon Mail Crown
        [15620] Gryphon Mail Bracelets
        [15619] Gryphon Mail Belt
        [15618] Bonelink Wall Shield
        [15617] Bonelink Epaulets
        [15616] Bonelink Legplates
        [15615] Bonelink Helmet
        [15614] Bonelink Sabatons
        [15613] Bonelink Belt
        [15612] Bonelink Gauntlets
        [15611] Bonelink Cape
        [15610] Bonelink Bracers
        [15609] Bonelink Armor
        [15608] Ancient Pauldrons
        [15607] Ancient Legguards
        [15606] Ancient Belt
        [15605] Ancient Gauntlets
        [15604] Ancient Defender
        [15603] Ancient Cloak
        [15602] Ancient Crown
        [15601] Ancient Chestpiece
        [15600] Ancient Vambraces
        [15599] Ancient Greaves
        [15597] Steadfast Shoulders
        [15596] Steadfast Legplates
        [15593] Steadfast Coronet
        [15592] Steadfast Buckler
        [15591] Steadfast Breastplate
        [15589] Steadfast Stompers
        [15584] Sparkleshell Shield
        [15583] Sparkleshell Shoulder Pads
        [15578] Sparkleshell Breastplate
        [15392] Jadefire Cloak
        [15387] Jadefire Bracelets
        [15386] Rageclaw Shoulder Pads
        [15385] Rageclaw Leggings
        [15384] Rageclaw Helm
        [15383] Rageclaw Gloves
        [15382] Rageclaw Cloak
        [15380] Rageclaw Bracers
        [15379] Rageclaw Boots
        [15378] Rageclaw Belt
        [15377] Wolf Rider's Wristbands
        [15376] Wolf Rider's Padded Armor
        [15375] Wolf Rider's Shoulder Pads
        [15374] Wolf Rider's Leggings
        [15373] Wolf Rider's Headgear
        [15372] Wolf Rider's Gloves
        [15371] Wolf Rider's Cloak
        [15370] Wolf Rider's Boots
        [15369] Wolf Rider's Belt
        [15363] Trickster's Headdress
        [15359] Trickster's Vest
        [15323] Percussion Shotgun
        [15287] Crusader Bow
        [15270] Gigantic War Axe
        [15263] Royal Mallet
        [15262] Greater Maul
        [15252] Tusker Sword
        [15251] Headstriker Sword
        [15245] Vorpal Dagger
        [15244] Razor Blade
        [15235] Crescent Edge
        [15227] Diamond-Tip Bludgeon
        [15215] Furious Falchion
        [15183] Praetorian Cloak
        [15178] Potent Belt
        [15177] Potent Shoulders
        [15176] Potent Pants
        [15174] Potent Gloves
        [15173] Potent Cape
        [15172] Potent Bands
        [15171] Potent Boots
        [15169] Imposing Shoulders
        [15168] Imposing Pants
        [15167] Imposing Bandana
        [15166] Imposing Gloves
        [15165] Imposing Cape
        [15164] Imposing Vest
        [15163] Imposing Bracers
        [15162] Imposing Boots
        [15161] Imposing Belt
        [15159] Nocturnal Tunic
        [15157] Nocturnal Leggings
        [15156] Nocturnal Cap
        [15152] Nocturnal Shoes
        [14965] High Chief's Bindings
        [14956] Bloodforged Bindings
        [14955] Bloodforged Shoulder Pads
        [14953] Bloodforged Legplates
        [14952] Bloodforged Helmet
        [14951] Bloodforged Sabatons
        [14950] Bloodforged Belt
        [14949] Bloodforged Gauntlets
        [14947] Warbringer's Shield
        [14946] Warbringer's Spaulders
        [14945] Warbringer's Legguards
        [14944] Warbringer's Crown
        [14943] Warbringer's Belt
        [14942] Warbringer's Gauntlets
        [14941] Warbringer's Armsplints
        [14940] Warbringer's Sabatons 
        [14939] Warbringer's Chestguard
        [14923] Lofty Armguards
        [14921] Jade Epaulets
        [14918] Jade Belt
        [14917] Jade Gauntlets
        [14914] Jade Bracers
        [14913] Jade Greaves
        [14912] Brutish Shield
        [14911] Brutish Boots
        [14910] Brutish Armguards
        [14909] Brutish Shoulders
        [14908] Brutish Legguards
        [14907] Brutish Helmet
        [14906] Brutish Belt
        [14905] Brutish Gauntlets
        [14904] Brutish Breastplate
        [14902] Saltstone Shield
        [14901] Saltstone Shoulder Pads
        [14899] Saltstone Helm
        [14895] Saltstone Surcoat
        [14853] Sunscale Wristguards
        [14848] Sunscale Sabatons
        [14847] Sunscale Belt
        [14846] Sunscale Gauntlets
        [14843] Tyrant's Helm
        [14842] Tyrant's Shield
        [14841] Tyrant's Epaulets
        [14840] Tyrant's Legplates
        [14839] Tyrant's Greaves
        [14838] Tyrant's Belt
        [14835] Tyrant's Chestpiece
        [14834] Tyrant's Armguards
        [14833] Tyrant's Gauntlets
        [14832] Symbolic Vambraces
        [14831] Symbolic Crown
        [14830] Symbolic Pauldrons
        [14829] Symbolic Legplates
        [14828] Symbolic Greaves
        [14827] Symbolic Belt
        [14826] Symbolic Gauntlets
        [14825] Symbolic Crest
        [14821] Symbolic Breastplate
        [14794] Protector Ankleguards
        [14793] Protector Waistband
        [14792] Protector Gauntlets
        [14791] Protector Cape
        [14788] Protector Armguards
        [14787] Khan's Mantle
        [14786] Khan's Legguards
        [14785] Khan's Helmet
        [14784] Khan's Greaves
        [14783] Khan's Belt
        [14782] Khan's Gloves
        [14781] Khan's Cloak
        [14780] Khan's Buckler
        [14779] Khan's Chestpiece
        [14778] Khan's Bindings
        [14777] Ravager's Shield
        [14776] Ravager's Mantle
        [14775] Ravager's Woolies
        [14774] Ravager's Crown
        [14769] Ravager's Sandals
        [14768] Ravager's Armor
        [14665] Keeper's Cloak
        [14663] Keeper's Bindings
        [14661] Keeper's Cord
        [14660] Scorpashi Shoulder Pads
        [14659] Scorpashi Leggings
        [14658] Scorpashi Skullcap
        [14657] Scorpashi Gloves
        [14656] Scorpashi Cape
        [14655] Scorpashi Breastplate
        [14654] Scorpashi Wristbands
        [14653] Scorpashi Slippers
        [14652] Scorpashi Sash
        [14606] Warden's Gloves
        [14605] Warden's Woolies
        [14604] Warden's Wizard Hat
        [14603] Warden's Mantle
        [14601] Warden's Wraps
        [14599] Warden's Footpads
        [14446] Venomshroud Belt
        [14443] Venomshroud Mantle
        [14442] Venomshroud Mitts
        [14441] Venomshroud Mask
        [14440] Venomshroud Cape
        [14439] Venomshroud Armguards
        [14438] Venomshroud Boots
        [14436] Windchaser Coronet
        [14435] Windchaser Cinch
        [14434] Windchaser Robes
        [14433] Windchaser Woolies
        [14432] Windchaser Amice
        [14431] Windchaser Handguards
        [14430] Windchaser Cloak
        [14429] Windchaser Cuffs
        [14428] Windchaser Footpads
        [14427] Windchaser Wraps
        [14425] Silksand Wraps
        [14424] Silksand Legwraps
        [14421] Silksand Circlet
        [14417] Silksand Tunic
        [14292] Arachnidian Cape
        [14291] Arachnidian Bracelets
        [14286] Opulent Belt
        [14285] Opulent Boots
        [14282] Opulent Gloves
        [14280] Opulent Cape
        [14279] Opulent Bracers
        [14278] Opulent Mantle
        [14276] Gaea's Belt
        [14273] Gaea's Amice
        [14272] Gaea's Handwraps
        [14271] Gaea's Circlet
        [14270] Gaea's Cloak
        [14269] Gaea's Slippers
        [14268] Gaea's Cuffs
        [14266] Bloodwoven Pads
        [14264] Bloodwoven Pants
        [14263] Bloodwoven Mask
        [14262] Bloodwoven Mitts
        [14261] Bloodwoven Cloak
        [14260] Bloodwoven Bracers
        [14259] Bloodwoven Boots
        [14258] Bloodwoven Cord
        [14257] Lunar Leggings
        [14255] Lunar Belt
        [14254] Lunar Raiment
        [14253] Lunar Handwraps
        [14252] Lunar Coronet
        [14250] Lunar Slippers
        [14249] Lunar Vest
        [14248] Lunar Bindings
        [14247] Lunar Mantle
        [14246] Darkmist Wizard Hat
        [14245] Darkmist Girdle
        [14244] Darkmist Wraps
        [14243] Darkmist Mantle
        [14242] Darkmist Pants
        [14241] Darkmist Handguards
        [14238] Darkmist Boots
        [14237] Darkmist Armor
        [14234] Embersilk Robes
        [14230] Embersilk Tunic
        [14228] Embersilk Coronet
        [14225] Geomancer's Wraps
        [14216] Geomancer's Jerkin
        [13199] Crushridge Bindings
        [13139] Guttbuster
        [13138] The Silencer
        [13134] Belt of the Gladiator
        [13132] Skeletal Shoulders
        [13128] High Bergg Helm
        [13125] Elven Chain Boots
        [13117] Ogron's Sash
        [13115] Sheepshear Mantle
        [13112] Winged Helm
        [13109] Blackflame Cape
        [13102] Cassandra's Grace
        [13100] Furen's Boots
        [13095] Assault Band
        [13089] Skibi's Pendant
        [13088] Gazlowe's Charm
        [13082] Mountainside Buckler
        [13076] Giantslayer Bracers
        [13074] Golem Shard Leggings
        [13071] Plated Fist of Hakoo
        [13068] Obsidian Greaves
        [13065] Wand of Allistarj
        [13064] Jaina's Firestarter
        [13058] Khoo's Point
        [13055] Bonechewer
        [13051] Witchfury
        [13046] Blanchard's Stout
        [13043] Blade of the Titans
        [13042] Sword of the Magistrate
        [13039] Skull Splitting Crossbow
        [13035] Serpent Slicer
        [13034] Speedsteel Rapier
        [13029] Umbral Crystal
        [13026] Heaven's Light
        [13021] Needle Threader
        [13018] Executioner's Cleaver
        [12866] Jade Bracers
        [12406] Thorium Belt
        [12405] Thorium Armor
        [12258] Serpent Clasp Belt
        [12257] Heavy Notched Belt
        [12256] Cindercloth Leggings
        [12255] Pale Leggings
        [12254] Well Oiled Cloak
        [12253] Brilliant Red Cloak
        [12043] Desert Choker
        [12042] Marsh Chain
        [12032] Onyx Choker
        [12031] Lodestone Necklace
        [12024] Vanadium Talisman
        [12023] Tellurium Necklace
        [12022] Iridium Chain
        [12013] Desert Ring
        [12012] Marsh Ring
        [12011] Forest Hoop
        [12001] Onyx Ring
        [11999] Lodestone Hoop
        [11998] Jet Loop
        [11988] Tellurium Band
        [11987] Iridium Circle
        [11975] Topaz Ring
        [11974] Aquamarine Ring
        [11973] Hematite Link
        [11308] Sylvan Shortbow
        [11307] Massive Longbow
        [10726] Gnomish Mind Control Cap
        [10724] Gnomish Rocket Boots
        [10721] Gnomish Harm Prevention Belt
        [10720] Gnomish Net-o-Matic Projector
        [10716] Gnomish Shrink Ray
        [10634] Mindseye Circle
        [10632] Slimescale Bracers
        [10631] Murkwater Gauntlets
        [10629] Mistwalker Boots
        [10628] Deathblow
        [10627] Bludgeon of the Grinning Dog
        [10626] Ragehammer
        [10625] Stealthblade
        [10624] Stinging Bow
        [10623] Winter's Bite
        [10588] Goblin Rocket Helmet
        [10577] Goblin Mortar
        [10576] Mithril Mechanical Dragonling
        [10518] Parachute Cloak
        [10510] Mithril Heavy-bore Rifle
        [10508] Mithril Blunderbuss
        [10506] Deepdive Helmet
        [10504] Green Lens
        [10503] Rose Colored Goggles
        [10502] Spellpower Goggles Xtreme
        [10501] Catseye Ultra Goggles
        [10500] Fire Goggles
        [10209] Overlord's Spaulders
        [10208] Overlord's Legplates
        [10207] Overlord's Crown
        [10206] Overlord's Girdle
        [10205] Overlord's Gauntlets
        [10202] Overlord's Vambraces
        [10201] Overlord's Greaves
        [10194] Crusader's Cloak
        [10131] Revenant Boots
        [10130] Revenant Girdle
        [10129] Revenant Gauntlets
        [10127] Revenant Bracers
        [10094] Gothic Plate Vambraces
        [10092] Gothic Plate Spaulders
        [10091] Gothic Plate Leggings
        [10090] Gothic Plate Helmet
        [10089] Gothic Sabatons
        [10088] Gothic Plate Girdle
        [10087] Gothic Plate Gauntlets
        [10086] Gothic Plate Armor
        [10081] Lord's Girdle
        [10080] Lord's Gauntlets
        [10079] Lord's Cape
        [10076] Lord's Armguards
        [10071] Righteous Cloak
        [10069] Righteous Bracers
        [10067] Righteous Waistguard
        [10066] Duskwoven Sash
        [10060] Duskwoven Cape
        [10059] Duskwoven Bracers
        [10058] Duskwoven Sandals
        [10044] Cindercloth Boots
        [10042] Cindercloth Robe
        [10041] Dreamweave Circlet
        [10039] Stormcloth Boots
        [10038] Stormcloth Shoulders
        [10033] Red Mageweave Headband
        [10032] Stormcloth Headband
        [10031] Shadoweave Boots
        [10030] Admiral's Hat
        [10029] Red Mageweave Shoulders
        [10028] Shadoweave Shoulders
        [10027] Black Mageweave Shoulders
        [10026] Black Mageweave Boots
        [10025] Shadoweave Mask
        [10024] Black Mageweave Headband
        [10023] Shadoweave Gloves
        [10021] Dreamweave Vest
        [10020] Stormcloth Vest
        [10019] Dreamweave Gloves
        [10018] Red Mageweave Gloves
        [10011] Stormcloth Gloves
        [10010] Stormcloth Pants
        [10009] Red Mageweave Pants
        [10008] White Bandit Mask
        [10007] Red Mageweave Vest
        [10004] Shadoweave Robe
        [10003] Black Mageweave Gloves
        [10002] Shadoweave Pants
        [10001] Black Mageweave Robe
        [9999] Black Mageweave Leggings
        [9998] Black Mageweave Vest
        [9973] Embossed Plate Boots
        [9972] Embossed Plate Bracers
        [9971] Embossed Plate Pauldrons
        [9970] Embossed Plate Leggings
        [9969] Embossed Plate Helmet
        [9968] Embossed Plate Girdle
        [9967] Embossed Plate Gauntlets
        [9966] Embossed Plate Armor
        [9965] Warmonger's Pauldrons
        [9964] Warmonger's Leggings
        [9963] Warmonger's Circlet
        [9962] Warmonger's Greaves
        [9961] Warmonger's Belt
        [9960] Warmonger's Gauntlets
        [9959] Warmonger's Cloak
        [9958] Warmonger's Buckler
        [9957] Warmonger's Chestpiece
        [9956] Warmonger's Bracers
        [9955] Chieftain's Shoulders
        [9953] Chieftain's Headdress
        [9952] Chieftain's Gloves
        [9951] Chieftain's Cloak
        [9949] Chieftain's Bracers
        [9948] Chieftain's Boots
        [9947] Chieftain's Belt
        [9945] Abjurer's Sash
        [9942] Abjurer's Pants
        [9941] Abjurer's Mantle
        [9940] Abjurer's Hood
        [9939] Abjurer's Gloves
        [9938] Abjurer's Cloak
        [9937] Abjurer's Bands
        [9936] Abjurer's Boots
        [9935] Embossed Plate Shield
        [9934] Brigade Pauldrons
        [9933] Brigade Leggings
        [9932] Brigade Circlet
        [9931] Brigade Girdle
        [9930] Brigade Gauntlets
        [9929] Brigade Cloak
        [9928] Brigade Breastplate
        [9927] Brigade Bracers
        [9926] Brigade Boots
        [9925] Tracker's Wristguards
        [9924] Tracker's Tunic
        [9923] Tracker's Shoulderpads
        [9922] Tracker's Leggings
        [9921] Tracker's Headband
        [9920] Tracker's Gloves
        [9919] Tracker's Cloak
        [9918] Brigade Defender
        [9917] Tracker's Boots
        [9916] Tracker's Belt
        [9915] Royal Headband
        [9914] Royal Scepter
        [9913] Royal Gown
        [9912] Royal Amice
        [9911] Royal Trousers
        [9910] Royal Gloves
        [9909] Royal Bands
        [9908] Royal Cape
        [9907] Royal Boots
        [9906] Royal Sash
        [9905] Royal Blouse
        [9904] Jazeraint Pauldrons
        [9903] Jazeraint Leggings
        [9902] Jazeraint Helm
        [9899] Jazeraint Shield
        [9897] Jazeraint Chestguard
        [9894] Huntsman's Shoulders
        [9893] Huntsman's Leggings
        [9888] Elven Protector
        [9887] Huntsman's Armor
        [9884] Sorcerer Robe
        [9883] Sorcerer Pants
        [9882] Sorcerer Sphere
        [9881] Sorcerer Mantle
        [9878] Sorcerer Hat
        [9874] Sorcerer Drape
        [9512] Blackmetal Cape
        [9511] Bloodletter Scalpel
        [9484] Spellshock Leggings
        [9483] Flaming Incinerator
        [9482] Witch Doctor's Cane
        [9481] The Minotaur
        [9480] Eyegouger
        [9465] Digmaster 5000
        [9434] Elemental Raiment
        [9433] Forgotten Wraps
        [9432] Skullplate Bracers
        [9431] Papal Fez
        [9430] Spaulders of a Lost Age
        [9429] Miner's Hat of the Deep
        [9427] Stonevault Bonebreaker
        [9426] Monolithic Bow
        [9425] Pendulum of Doom
        [9424] Ginn-su Sword
        [9423] The Jackhammer
        [9422] Shadowforge Bushmaster
        [9366] Golden Scale Gauntlets
        [9359] Wirt's Third Leg
        [9292] Field Plate Pauldrons
        [9291] Field Plate Leggings
        [9290] Field Plate Helmet
        [9289] Field Plate Boots
        [9288] Field Plate Girdle
        [9287] Field Plate Gauntlets
        [9286] Field Plate Armor
        [9285] Field Plate Vambraces
        [8349] Feathered Breastplate
        [8348] Helm of Fire
        [8347] Dragonscale Gauntlets
        [8346] Gauntlets of the Sea
        [8345] Wolfshead Helm
        [8281] Valorous Pauldrons
        [8280] Valorous Legguards
        [8279] Valorous Helm
        [8278] Valorous Greaves
        [8277] Valorous Girdle
        [8276] Valorous Gauntlets
        [8273] Valorous Wristguards
        [8259] Serpentskin Cloak
        [8257] Serpentskin Bracers
        [8255] Serpentskin Girdle
        [8248] Imperial Red Cloak
        [8216] Big Voodoo Cloak
        [8215] Wild Leather Cloak
        [8214] Wild Leather Helmet
        [8213] Wild Leather Boots
        [8212] Wild Leather Leggings
        [8211] Wild Leather Vest
        [8210] Wild Leather Shoulders
        [8209] Tough Scorpid Boots
        [8208] Tough Scorpid Helm
        [8207] Tough Scorpid Shoulders
        [8206] Tough Scorpid Leggings
        [8205] Tough Scorpid Bracers
        [8204] Tough Scorpid Gloves
        [8203] Tough Scorpid Breastplate
        [8202] Big Voodoo Pants
        [8201] Big Voodoo Mask
        [8200] Big Voodoo Robe
        [8199] Battlefield Destroyer
        [8198] Turtle Scale Bracers
        [8197] Nightscape Boots
        [8196] Ebon Scimitar
        [8195] Nightscape Cloak
        [8194] Goblin Nutcracker
        [8193] Nightscape Pants
        [8192] Nightscape Shoulders
        [8191] Turtle Scale Helm
        [8189] Turtle Scale Breastplate
        [8187] Turtle Scale Gloves
        [8185] Turtle Scale Leggings
        [8176] Nightscape Headband
        [8175] Nightscape Tunic
        [8163] Jouster's Pauldrons
        [8162] Jouster's Legplates
        [8157] Jouster's Chestplate
        [8144] Chromite Pauldrons
        [8143] Chromite Legplates
        [8142] Chromite Barbute
        [8141] Chromite Greaves
        [8140] Chromite Girdle
        [8139] Chromite Gauntlets
        [8138] Chromite Chestplate
        [8137] Chromite Bracers
        [8135] Chromite Shield
        [8133] Myrmidon's Pauldrons
        [8131] Myrmidon's Helm
        [8130] Myrmidon's Greaves
        [8129] Myrmidon's Girdle
        [8128] Myrmidon's Gauntlets
        [8127] Myrmidon's Cape
        [8125] Myrmidon's Bracers
        [8124] Heraldic Spaulders
        [8123] Heraldic Leggings
        [8122] Heraldic Headpiece
        [8121] Heraldic Gloves
        [8120] Heraldic Cloak
        [8118] Heraldic Bracers
        [8117] Heraldic Boots
        [8116] Heraldic Belt
        [8115] Hibernal Cowl
        [8114] Hibernal Sash
        [8112] Hibernal Pants
        [8111] Hibernal Mantle
        [8110] Hibernal Gloves
        [8109] Hibernal Cloak
        [8108] Hibernal Bracers
        [8107] Hibernal Boots
        [7961] Phantom Blade
        [7959] Blight
        [7954] The Shatterer
        [7946] Runed Mithril Hammer
        [7945] Big Black Mace
        [7944] Dazzling Mithril Rapier
        [7943] Wicked Mithril Blade
        [7942] Blue Glittering Axe
        [7941] Heavy Mithril Axe
        [7939] Truesilver Breastplate
        [7938] Truesilver Gauntlets
        [7937] Ornate Mithril Helm
        [7936] Ornate Mithril Boots
        [7935] Ornate Mithril Breastplate
        [7934] Heavy Mithril Helm
        [7933] Heavy Mithril Boots
        [7932] Mithril Scale Shoulders
        [7931] Mithril Coif
        [7930] Heavy Mithril Breastplate
        [7929] Orcish War Leggings
        [7928] Ornate Mithril Shoulder
        [7927] Ornate Mithril Gloves
        [7926] Ornate Mithril Pants
        [7925] Mithril Scale Gloves
        [7924] Mithril Scale Bracers
        [7921] Heavy Mithril Pants
        [7920] Mithril Scale Pants
        [7919] Heavy Mithril Gauntlet
        [7918] Heavy Mithril Shoulder
        [7611] Mistscape Stave
        [7610] Aurora Sphere
        [7557] Gossamer Rod
        [7555] Regal Star
        [7553] Band of the Unicorn
        [7552] Falcon's Hook
        [7551] Entwined Opaline Talisman
        [7550] Warrior's Honor
        [7549] Fairy's Embrace
        [7546] Champion's Girdle
        [7545] Champion's Bracers
        [7544] Champion's Cape
        [7543] Champion's Pauldrons
        [7542] Champion's Greaves
        [7541] Champion's Gauntlets
        [7540] Champion's Helmet
        [7539] Champion's Leggings
        [7538] Champion's Armor
        [7537] Gothic Shield
        [7536] Champion's Wall Shield
        [7535] Cabalist Belt
        [7534] Cabalist Bracers
        [7533] Cabalist Cloak
        [7532] Cabalist Spaulders
        [7531] Cabalist Boots
        [7530] Cabalist Gloves
        [7529] Cabalist Helm
        [7528] Cabalist Leggings
        [7527] Cabalist Chestpiece
        [7526] Gossamer Belt
        [7525] Gossamer Bracers
        [7524] Gossamer Cape
        [7523] Gossamer Shoulderpads
        [7522] Gossamer Boots
        [7521] Gossamer Gloves
        [7520] Gossamer Headpiece
        [7519] Gossamer Pants
        [7518] Gossamer Robe
        [7517] Gossamer Tunic
        [7496] Field Plate Shield
        [7495] Captain's Buckler
        [7494] Captain's Waistguard
        [7491] Captain's Shoulderguards
        [7490] Captain's Boots
        [7489] Captain's Gauntlets
        [7488] Captain's Circlet
        [7487] Captain's Leggings
        [7486] Captain's Breastplate
        [7485] Ranger Cord
        [7484] Ranger Wristguards
        [7482] Ranger Shoulders
        [7481] Ranger Boots
        [7480] Ranger Gloves
        [7479] Ranger Helm
        [7478] Ranger Leggings
        [7477] Ranger Tunic
        [7475] Regal Cuffs
        [7473] Regal Mantle
        [7472] Regal Boots
        [7471] Regal Gloves
        [7470] Regal Wizard Hat
        [7469] Regal Leggings
        [7468] Regal Robe
        [7332] Regal Armor
        [7189] Goblin Rocket Boots
        [7113] Mistscape Armor
        [7112] Aurora Armor
        [7064] Crimson Silk Gloves
        [7063] Crimson Silk Robe
        [6440] Brainlash
        [6433] Imperial Leather Helm
        [6432] Imperial Cloak
        [6431] Imperial Leather Boots
        [6430] Imperial Leather Breastplate
        [6429] Mistscape Wizard Hat
        [6428] Mistscape Gloves
        [6427] Mistscape Robe
        [6426] Blackforge Bracers
        [6425] Blackforge Girdle
        [6424] Blackforge Cape
        [6423] Blackforge Greaves
        [6415] Aurora Robe
        [6411] Chief Brigadier Armor
        [5616] Gutwrencher
        [5216] Umbral Wand
        [5215] Ember Wand
        [5029] Talisman of the Naga Lord
        [5028] Lord Sakrasis' Scepter
        [4738] Imperial Leather Belt
        [4737] Imperial Leather Spaulders
        [4736] Mistscape Sash
        [4735] Mistscape Cloak
        [4734] Mistscape Mantle
        [4733] Blackforge Pauldrons
        [4478] Iridescent Scale Leggings
        [4091] Widowmaker
        [4090] Mug O' Hurt
        [4089] Ricochet Blunderbuss
        [4088] Dreadblade
        [4087] Trueshot Bow
        [4084] Blackforge Leggings
        [4083] Blackforge Gauntlets
        [4082] Blackforge Breastplate
        [4080] Blackforge Cowl
        [4070] Jouster's Crest
        [4069] Blackforge Buckler
        [4063] Imperial Leather Gloves
        [4062] Imperial Leather Pants
        [4061] Imperial Leather Bracers
        [4058] Glyphed Breastplate
        [4047] Mistscape Boots
        [4046] Mistscape Pants
        [4045] Mistscape Bracers
        [3430] Sniper Rifle
        [3208] Conk Hammer
        [3187] Sacrificial Kris
        [2815] Curve-bladed Ripper
        [2802] Blazing Emblem
        [2624] Thinking Cap
        [2623] Holy Diadem
        [2564] Elven Spirit Claws
        [2040] Troll Protector
        [1994] Ebonclaw Reaver
        [1986] Gutrender
        [1722] Thornstone Sledgehammer
        [1720] Tanglewood Staff
        [1718] Basilisk Hide Pants
        [1715] Polished Jazeraint Armor
        [1714] Necklace of Calisea
        [1713] Ankh of Life
        [1680] Headchopper
        [1677] Drake-scale Vest
        [1664] Spellforce Rod
        [1640] Monstrous War Axe
        [1639] Grinning Axe
        [1625] Exquisite Flamberge
        [1624] Skullsplitter Helm
        [1613] Spiritchaser Staff
        [1608] Skullcrusher Mace
        [1604] Chromatic Sword
        [1521] Lumbering Ogre Axe
        [866] Monk's Staff
        [862] Runed Ring
        [754] Shortsword of Vengeance
    Bucket 5 (levels 51..60) Type 4 - 24 random items cached
        [43561] Iridescent Pollen
        [43125] Darkflame Ink
        [43107] Sapphire Pigment
        [21878] ZZOLD Spellthread
        [21786] Cut Azerothian Diamond
        [21785] Cut Emerald
        [21773] Cut Opal
        [21772] Cut Sapphire
        [20520] Dark Rune
        [19726] Bloodvine
        [18645] Gnomish Alarm-o-Bot
        [18262] Elemental Sharpening Stone
        [15872] Arcanite Skeleton Key
        [13468] Black Lotus
        [12811] Righteous Orb
        [12809] Guardian Stone
        [12808] Essence of Undeath
        [12803] Living Essence
        [12645] Thorium Shield Spike
        [12360] Arcanite Bar
        [7082] Essence of Air
        [7080] Essence of Water
        [7078] Essence of Fire
        [7076] Essence of Earth
    Bucket 5 (levels 51..60) Type 3 - 202 random items cached
        [43561] Iridescent Pollen
        [43125] Darkflame Ink
        [43124] Ethereal Ink
        [43107] Sapphire Pigment
        [39501] Heavy Parchment
        [39342] Nether Pigment
        [38429] Blackrock Spring Water
        [35565] Juicy Bear Burger
        [35563] Charred Bear Kabobs
        [34022] Stout Shrunken Head
        [33234] Iced Berry Slush
        [33033] Thunderbrew Stout
        [33024] Pickled Sausage
        [32767] Flaskataur's Flask of Pretty Good Power
        [31671] Serpent Flesh
        [31670] Raptor Ribs
        [29548] Nether Dragonscales
        [29547] Wind Scales
        [29539] Cobra Scales
        [29292] Helboar Bacon
        [28501] Ravager Egg Omelet
        [28420] Fel Weightstone
        [28103] Adept's Elixir
        [28102] Onslaught Elixir
        [28100] Volatile Healing Potion
        [27682] Talbuk Venison
        [27681] Warped Flesh
        [27678] Clefthoof Meat
        [27677] Chunk o' Basilisk
        [27676] Strange Spores
        [27674] Ravager Flesh
        [27671] Buzzard Meat
        [27516] Enormous Barbed Gill Trout
        [27515] Huge Spotted Feltail
        [27513] Curious Crate
        [27511] Inscribed Scrollcase
        [27503] Scroll of Strength V
        [27502] Scroll of Stamina V
        [27501] Scroll of Spirit V
        [27500] Scroll of Protection V
        [27499] Scroll of Intellect V
        [27498] Scroll of Agility V
        [27439] Furious Crawdad
        [27438] Golden Darter
        [27437] Icefin Bluefish
        [27435] Figluster's Mudfish
        [27429] Zangarian Sporefish
        [27425] Spotted Feltail
        [27422] Barbed Gill Trout
        [25843] Fel Iron Rod
        [25708] Thick Clefthoof Leather
        [25700] Fel Scales
        [25699] Crystal Infused Leather
        [25679] Comfortable Insoles
        [25650] Knothide Armor Kit
        [25649] Knothide Leather Scraps
        [24338] Hellfire Spineleaf
        [24269] Heavy Netherweave Net
        [24268] Netherweave Net
        [23783] Handful of Fel Iron Bolts
        [23782] Fel Iron Casing
        [23781] Elemental Blasting Powder
        [23736] Fel Iron Bomb
        [23684] Crystal Infused Bandage
        [23683] Crystal Flake Throat Lozenge
        [23528] Fel Sharpening Stone
        [23445] Fel Iron Bar
        [23424] Fel Iron Ore
        [22789] Terocone
        [22786] Dreaming Glory
        [22785] Felweed
        [22728] Steam Tonk Controller
        [22324] Winter Kimchi
        [21887] Knothide Leather
        [21882] Soul Essence
        [21881] Netherweb Spider Silk
        [21878] ZZOLD Spellthread
        [21877] Netherweave Cloth
        [21840] Bolt of Netherweave
        [21786] Cut Azerothian Diamond
        [21785] Cut Emerald
        [21773] Cut Opal
        [21772] Cut Sapphire
        [21033] Radish Kimchi
        [21031] Cabbage Kimchi
        [20844] Deadly Poison V
        [20749] Brilliant Wizard Oil
        [20748] Brilliant Mana Oil
        [20520] Dark Rune
        [20501] Heavy Silithid Carapace
        [20500] Light Silithid Carapace
        [20498] Silithid Chitin
        [20452] Smoked Desert Dumplings
        [20424] Sandworm Meat
        [20008] Living Action Potion
        [20004] Mighty Troll's Blood Elixir
        [20002] Greater Dreamless Sleep Potion
        [19943] Massive Mojo
        [19768] Primal Tiger Leather
        [19767] Primal Bat Leather
        [19726] Bloodvine
        [19440] Powerful Anti-Venom
        [19225] Deep Fried Candybar
        [18645] Gnomish Alarm-o-Bot
        [18636] Ruined Jumper Cables XL
        [18594] Powerful Seaforium Charge
        [18587] Goblin Jumper Cables XL
        [18567] Elemental Flux
        [18512] Larval Acid
        [18262] Elemental Sharpening Stone
        [18256] Imbued Vial
        [18255] Runn Tum Tuber
        [18254] Runn Tum Tuber Surprise
        [18253] Major Rejuvenation Potion
        [18232] Field Repair Bot 74A
        [17012] Core Leather
        [16206] Arcanite Rod
        [16171] Shinsollo
        [16040] Arcane Bomb
        [16023] Masterwork Target Dummy
        [16006] Delicate Arcanite Converter
        [16005] Dark Iron Bomb
        [15994] Thorium Widget
        [15993] Thorium Grenade
        [15872] Arcanite Skeleton Key
        [15416] Black Dragonscale
        [15414] Red Dragonscale
        [15408] Heavy Scorpid Scale
        [14530] Heavy Runecloth Bandage
        [14529] Runecloth Bandage
        [14342] Mooncloth
        [14048] Bolt of Runecloth
        [13935] Baked Salmon
        [13934] Mightfish Steak
        [13933] Lobster Stew
        [13893] Large Raw Mightfish
        [13890] Plated Armorfish
        [13889] Raw Whitescale Salmon
        [13888] Darkclaw Lobster
        [13724] Enriched Manna Biscuit
        [13513] Flask of Chromatic Resistance
        [13512] Flask of Supreme Power
        [13511] Flask of Distilled Wisdom
        [13510] Flask of the Titans
        [13506] Potion of Petrification
        [13468] Black Lotus
        [13467] Icecap
        [13466] Plaguebloom
        [13465] Mountain Silversage
        [13464] Golden Sansam
        [13463] Dreamfoil
        [13462] Purification Potion
        [13461] Greater Arcane Protection Potion
        [13460] Greater Holy Protection Potion
        [13459] Greater Shadow Protection Potion
        [13458] Greater Nature Protection Potion
        [13457] Greater Fire Protection Potion
        [13456] Greater Frost Protection Potion
        [13455] Greater Stoneshield Potion
        [13454] Greater Arcane Elixir
        [13453] Elixir of Brute Force
        [13452] Elixir of the Mongoose
        [13447] Elixir of the Sages
        [13446] Major Healing Potion
        [13445] Elixir of Superior Defense
        [13444] Major Mana Potion
        [13443] Superior Mana Potion
        [13442] Mighty Rage Potion
        [12811] Righteous Orb
        [12810] Enchanted Leather
        [12809] Guardian Stone
        [12808] Essence of Undeath
        [12804] Powerful Mojo
        [12803] Living Essence
        [12763] Un'Goro Etherfruit
        [12655] Enchanted Thorium Bar
        [12645] Thorium Shield Spike
        [12360] Arcanite Bar
        [12003] Dark Dwarven Lager
        [11444] Grim Guzzler Boar
        [11415] Mixed Berries
        [10922] Wound Poison IV
        [10308] Scroll of Intellect IV
        [10307] Scroll of Stamina IV
        [10306] Scroll of Spirit IV
        [10305] Scroll of Protection IV
        [8985] Deadly Poison IV
        [8959] Raw Spinefin Halibut
        [8957] Spinefin Halibut
        [8953] Deep Fried Plantains
        [8952] Roasted Quail
        [8950] Homemade Cherry Pie
        [8948] Dried King Bolete
        [8932] Alterac Swiss
        [8928] Instant Poison VI
        [8927] Instant Poison V
        [8766] Morning Glory Dew
        [7082] Essence of Air
        [7080] Essence of Water
        [7078] Essence of Fire
        [7076] Essence of Earth
        [3386] Potion of Curing
    Bucket 5 (levels 51..60) Type 2 - 793 random items cached
        [45631] High-powered Flashlight
        [45052] Gruffscale Leggings
        [43664] Manual of Clouds
        [43663] Stormbound Tome
        [30422] Diamond Focus Ring
        [30418] Darkspear (Purple Glow)
        [29203] Enchanted Thorium Blades
        [29160] Emerald Lion Ring
        [29159] Glowing Thorium Band
        [24222] The Shadowfoot Stabber
        [21790] Sapphire Pendant of Winter Night
        [21778] Ring of Bitter Shadows
        [21775] Onslaught Ring
        [21774] Emerald Crown of Destruction
        [21768] Sapphire Signet
        [21767] Simple Opal Ring
        [20694] Glowing Black Orb
        [20693] Weighted Cloak
        [20692] Multicolored Band
        [20662] Abyssal Plate Greaves
        [20661] Abyssal Leather Gloves
        [20659] Abyssal Mail Handguards
        [20658] Abyssal Leather Boots
        [20656] Abyssal Mail Sabatons
        [20655] Abyssal Cloth Handwraps
        [20653] Abyssal Plate Gauntlets
        [20652] Abyssal Cloth Slippers
        [20408] Twilight Cultist Cowl
        [20407] Twilight Cultist Robe
        [20406] Twilight Cultist Mantle
        [20296] Green Dragonscale Gauntlets
        [20295] Blue Dragonscale Leggings
        [19056] Argent Boots
        [19052] Dawn Treaders
        [19051] Girdle of the Dawn
        [19047] Wisdom of the Timbermaw
        [19044] Might of the Timbermaw
        [19043] Heavy Timbermaw Belt
        [18745] Sacred Cloth Leggings
        [18744] Plaguebat Fur Gloves
        [18743] Gracious Cape
        [18742] Stratholme Militia Shoulderguard
        [18702] Belt of the Ordained
        [18701] Innervating Band
        [18700] Malefic Bracers
        [18699] Icy Tomb Spaulders
        [18698] Tattered Leather Hood
        [18697] Coldstone Slippers
        [18674] Hardened Stone Band
        [18673] Avalanchion's Stony Hide
        [18672] Elemental Ember
        [18671] Baron Charr's Sceptre
        [18639] Ultra-Flash Shadow Reflector
        [18638] Hyper-Radiant Flame Reflector
        [18637] Major Recombobulator
        [18634] Gyrofreeze Ice Reflector
        [18344] Stonebark Gauntlets
        [18343] Petrified Band
        [18340] Eidolon Talisman
        [18339] Eidolon Cloak
        [18338] Wand of Arcane Potency
        [18337] Orphic Bracers
        [18298] Unbridled Leggings
        [18296] Marksman Bands
        [18295] Phasing Boots
        [18289] Barbed Thorn Necklace
        [18023] Blood Ruby Pendant
        [17061] Juno's Shadow
        [17050] Chan's Imperial Robes
        [16737] Gauntlets of Valor
        [16736] Belt of Valor
        [16735] Bracers of Valor
        [16724] Lightforge Gauntlets
        [16723] Lightforge Belt
        [16722] Lightforge Bracers
        [16717] Wildheart Gloves
        [16716] Wildheart Belt
        [16714] Wildheart Bracers
        [16713] Shadowcraft Belt
        [16712] Shadowcraft Gloves
        [16710] Shadowcraft Bracers
        [16705] Dreadmist Wraps
        [16703] Dreadmist Bracers
        [16702] Dreadmist Belt
        [16697] Devout Bracers
        [16696] Devout Belt
        [16692] Devout Gloves
        [16685] Magister's Belt
        [16684] Magister's Gloves
        [16683] Magister's Bindings
        [16681] Beaststalker's Bindings
        [16680] Beaststalker's Belt
        [16676] Beaststalker's Gloves
        [16673] Cord of Elements
        [16672] Gauntlets of Elements
        [16671] Bindings of Elements
        [16039] Ta'Kierthan Songblade
        [16022] Arcanite Dragonling
        [16009] Voice Amplification Modulator
        [16008] Master Engineer's Goggles
        [16004] Dark Iron Rifle
        [15999] Spellpower Goggles Xtreme Plus
        [15995] Thorium Rifle
        [15986] Bonecaster's Star
        [15985] Arachnidian Branch
        [15984] Opulent Scepter
        [15983] Gaea's Scepter
        [15982] Bloodwoven Rod
        [15967] Highborne Star
        [15966] Venomshroud Orb
        [15939] Councillor's Scepter
        [15938] Mystical Orb
        [15937] Hibernal Sphere
        [15936] Duskwoven Branch
        [15930] Imperial Red Scepter
        [15890] Vanguard Shield
        [15802] Mooncloth Boots
        [15694] Merciless Greaves
        [15693] Grand Shoulders
        [15683] Triumphant Girdle
        [15681] Triumphant Cloak
        [15674] Magnificent Greaves
        [15673] Magnificent Belt
        [15672] Magnificent Gauntlets
        [15671] Magnificent Cloak
        [15668] Magnificent Bracers
        [15666] Impenetrable Pauldrons
        [15665] Impenetrable Legguards
        [15664] Impenetrable Helmet
        [15663] Impenetrable Belt
        [15662] Impenetrable Gauntlets
        [15661] Impenetrable Cloak
        [15659] Impenetrable Bindings
        [15658] Impenetrable Sabatons
        [15657] Merciless Shield
        [15656] Merciless Epaulets
        [15655] Merciless Legguards
        [15654] Merciless Belt
        [15653] Merciless Gauntlets
        [15652] Merciless Cloak
        [15651] Merciless Crown
        [15650] Merciless Surcoat
        [15649] Merciless Bracers
        [15648] Ironhide Shield
        [15647] Ironhide Pauldrons
        [15646] Ironhide Legguards
        [15645] Ironhide Helmet
        [15644] Ironhide Gauntlets
        [15642] Ironhide Greaves
        [15641] Ironhide Belt
        [15640] Ironhide Breastplate
        [15637] Formidable Legguards
        [15634] Formidable Circlet
        [15633] Formidable Crest
        [15631] Formidable Chestpiece
        [15622] Gryphon Mail Breastplate
        [15621] Gryphon Mail Buckler
        [15436] Supreme Bracers
        [15432] Peerless Shoulders
        [15431] Peerless Leggings
        [15430] Peerless Headband
        [15429] Peerless Gloves
        [15428] Peerless Belt
        [15427] Peerless Cloak
        [15426] Peerless Boots
        [15425] Peerless Bracers
        [15395] Jadefire Epaulets
        [15394] Jadefire Pants
        [15393] Jadefire Gloves
        [15391] Jadefire Cap
        [15390] Jadefire Chestguard
        [15389] Jadefire Sabatons
        [15388] Jadefire Belt
        [15381] Rageclaw Chestguard
        [15325] Sharpshooter Harquebus
        [15324] Burnside Rifle
        [15295] Quillfire Bow
        [15294] Siege Bow
        [15291] Harpy Needler
        [15282] Dragon Finger
        [15281] Glowstar Rod
        [15280] Wizard's Hand
        [15279] Ivory Wand
        [15278] Solstice Staff
        [15276] Magus Long Staff
        [15275] Thaumaturgist Staff
        [15274] Diviner Long Staff
        [15272] Razor Axe
        [15271] Colossal Great Axe
        [15265] Painbringer
        [15264] Backbreaker
        [15256] Massacre Sword
        [15255] Gallant Flamberge
        [15254] Dark Espadon
        [15253] Beheading Blade
        [15238] Warlord's Axe
        [15237] Corpse Harvester
        [15236] Moon Cleaver
        [15229] Blesswind Hammer
        [15228] Smashing Star
        [15219] Dimensional Blade
        [15218] Crystal Sword
        [15217] Widow Blade
        [15216] Rune Sword
        [15192] Grand Gauntlets
        [15191] Grand Belt
        [15190] Grand Cloak
        [15189] Grand Boots
        [15188] Grand Armguards
        [15187] Praetorian Pauldrons
        [15186] Praetorian Leggings
        [15185] Praetorian Coif
        [15184] Praetorian Gloves
        [15182] Praetorian Wristbands
        [15181] Praetorian Boots
        [15180] Praetorian Girdle
        [15179] Praetorian Padded Armor
        [15175] Potent Helmet
        [15170] Potent Armor
        [15138] Onyxia Scale Cloak
        [15119] Highborne Pants
        [15095] Runic Leather Pants
        [15094] Runic Leather Headband
        [15093] Runic Leather Belt
        [15092] Runic Leather Bracers
        [15091] Runic Leather Gauntlets
        [15088] Wicked Leather Belt
        [15087] Wicked Leather Pants
        [15086] Wicked Leather Headband
        [15084] Wicked Leather Bracers
        [15083] Wicked Leather Gauntlets
        [15082] Heavy Scorpid Belt
        [15080] Heavy Scorpid Helm
        [15079] Heavy Scorpid Leggings
        [15078] Heavy Scorpid Gauntlets
        [15077] Heavy Scorpid Bracers
        [15076] Heavy Scorpid Vest
        [15075] Chimeric Vest
        [15074] Chimeric Gloves
        [15073] Chimeric Boots
        [15072] Chimeric Leggings
        [15071] Frostsaber Boots
        [15070] Frostsaber Gloves
        [15069] Frostsaber Leggings
        [15067] Ironfeather Shoulders
        [15066] Ironfeather Breastplate
        [15065] Warbear Woolies
        [15064] Warbear Harness
        [15063] Devilsaur Gauntlets
        [15062] Devilsaur Leggings
        [15061] Living Shoulders
        [15060] Living Leggings
        [15059] Living Breastplate
        [15058] Stormshroud Shoulders
        [15057] Stormshroud Pants
        [15056] Stormshroud Armor
        [15054] Volcanic Leggings
        [15053] Volcanic Breastplate
        [15051] Black Dragonscale Shoulders
        [15050] Black Dragonscale Breastplate
        [15049] Blue Dragonscale Shoulders
        [15048] Blue Dragonscale Breastplate
        [15046] Green Dragonscale Leggings
        [15045] Green Dragonscale Breastplate
        [14983] Exalted Armsplints
        [14977] Exalted Girdle
        [14974] Glorious Bindings
        [14973] Glorious Shield
        [14972] Glorious Sabatons
        [14971] Glorious Shoulder Pads
        [14970] Glorious Legplates
        [14969] Glorious Headdress
        [14968] Glorious Belt
        [14967] Glorious Gauntlets
        [14964] High Chief's Shield
        [14963] High Chief's Pauldrons
        [14962] High Chief's Legguards
        [14961] High Chief's Crown
        [14960] High Chief's Belt
        [14959] High Chief's Gauntlets
        [14958] High Chief's Armor
        [14957] High Chief's Sabatons
        [14954] Bloodforged Shield
        [14948] Bloodforged Chestpiece
        [14938] Heroic Bracers
        [14937] Heroic Pauldrons
        [14935] Heroic Skullcap
        [14934] Heroic Girdle
        [14933] Heroic Gauntlets
        [14932] Heroic Greaves
        [14930] Lofty Shield
        [14929] Lofty Shoulder Pads
        [14928] Lofty Legguards
        [14927] Lofty Belt
        [14926] Lofty Gauntlets
        [14925] Lofty Helm
        [14924] Lofty Breastplate
        [14922] Lofty Sabatons
        [14920] Jade Legplates
        [14919] Jade Circlet
        [14916] Jade Deflector
        [14915] Jade Breastplate
        [14869] Warleader's Bracers
        [14865] Warleader's Greaves
        [14864] Warleader's Belt
        [14863] Warleader's Gauntlets
        [14861] Vanguard Vambraces
        [14860] Vanguard Pauldrons
        [14859] Vanguard Legplates
        [14858] Vanguard Headdress
        [14857] Vanguard Sabatons
        [14856] Vanguard Girdle
        [14855] Vanguard Gauntlets
        [14854] Vanguard Breastplate
        [14852] Sunscale Shield
        [14851] Sunscale Spaulders
        [14850] Sunscale Legplates
        [14849] Sunscale Helmet
        [14844] Sunscale Chestguard
        [14813] Warstrike Cape
        [14810] Warstrike Armsplints
        [14808] Warstrike Belt
        [14807] Bloodlust Bracelets
        [14806] Bloodlust Epaulets
        [14805] Bloodlust Britches
        [14804] Bloodlust Helm
        [14803] Bloodlust Belt
        [14802] Bloodlust Gauntlets
        [14801] Bloodlust Cape
        [14800] Bloodlust Buckler
        [14799] Bloodlust Boots
        [14798] Bloodlust Breastplate
        [14797] Protector Pads
        [14796] Protector Legguards
        [14795] Protector Helm
        [14790] Protector Buckler
        [14789] Protector Breastplate
        [14684] Indomitable Belt
        [14683] Indomitable Cloak
        [14682] Indomitable Armguards
        [14678] Pridelord Pauldrons
        [14677] Pridelord Pants
        [14676] Pridelord Halo
        [14675] Pridelord Gloves
        [14674] Pridelord Girdle
        [14673] Pridelord Cape
        [14672] Pridelord Bands
        [14671] Pridelord Boots
        [14670] Pridelord Armor
        [14669] Keeper's Mantle
        [14668] Keeper's Woolies
        [14667] Keeper's Wreath
        [14666] Keeper's Gloves
        [14664] Keeper's Armor
        [14662] Keeper's Hooves
        [14465] Elunarian Belt
        [14459] Elunarian Cloak
        [14458] Elunarian Boots
        [14457] Elunarian Cuffs
        [14455] Highborne Padded Armor
        [14454] Highborne Cord
        [14453] Highborne Robes
        [14452] Highborne Pauldrons
        [14451] Highborne Gloves
        [14450] Highborne Cloak
        [14449] Highborne Crown
        [14448] Highborne Bracelets
        [14447] Highborne Footpads
        [14445] Venomshroud Silk Robes
        [14444] Venomshroud Leggings
        [14437] Venomshroud Vest
        [14331] Eternal Cloak
        [14327] Resplendent Belt
        [14324] Resplendent Sarong
        [14323] Resplendent Gauntlets
        [14321] Resplendent Cloak
        [14320] Resplendent Bracelets
        [14319] Resplendent Boots
        [14316] Celestial Pauldrons
        [14315] Celestial Kilt
        [14314] Celestial Handwraps
        [14313] Celestial Cape
        [14311] Celestial Bindings
        [14310] Celestial Slippers
        [14309] Celestial Belt
        [14307] Bonecaster's Crown
        [14306] Bonecaster's Vest
        [14305] Bonecaster's Sarong
        [14304] Bonecaster's Belt
        [14303] Bonecaster's Shroud
        [14302] Bonecaster's Gloves
        [14301] Bonecaster's Bindings
        [14300] Bonecaster's Cape
        [14299] Bonecaster's Boots
        [14298] Bonecaster's Spaulders
        [14297] Arachnidian Robes
        [14296] Arachnidian Pauldrons
        [14295] Arachnidian Legguards
        [14294] Arachnidian Gloves
        [14293] Arachnidian Circlet
        [14290] Arachnidian Footpads
        [14289] Arachnidian Girdle
        [14288] Arachnidian Armor
        [14287] Opulent Tunic
        [14284] Opulent Robes
        [14283] Opulent Leggings
        [14281] Opulent Crown
        [14277] Gaea's Tunic
        [14275] Gaea's Raiment
        [14274] Gaea's Leggings
        [14267] Bloodwoven Jerkin
        [14265] Bloodwoven Wraps
        [14144] Ghostweave Pants
        [14143] Ghostweave Belt
        [14142] Ghostweave Gloves
        [14141] Ghostweave Vest
        [14138] Mooncloth Vest
        [14137] Mooncloth Leggings
        [14136] Robe of Winter Night
        [14134] Cloak of Fire
        [14132] Wizardweave Leggings
        [14128] Wizardweave Robe
        [14111] Felcloth Hood
        [14108] Felcloth Boots
        [14107] Felcloth Pants
        [14104] Brightcloth Pants
        [14103] Brightcloth Cloak
        [14101] Brightcloth Gloves
        [14100] Brightcloth Robe
        [14045] Cindercloth Pants
        [14044] Cindercloth Cloak
        [14043] Cindercloth Gloves
        [14042] Cindercloth Vest
        [13871] Frostweave Pants
        [13870] Frostweave Gloves
        [13869] Frostweave Tunic
        [13868] Frostweave Robe
        [13866] Runecloth Headband
        [13865] Runecloth Pants
        [13864] Runecloth Boots
        [13863] Runecloth Gloves
        [13860] Runecloth Cloak
        [13858] Runecloth Robe
        [13857] Runecloth Tunic
        [13856] Runecloth Belt
        [13146] Shell Launcher Shotgun
        [13144] Serenity Belt
        [13135] Lordly Armguards
        [13130] Windrunner Legguards
        [13126] Battlecaller Gauntlets
        [13122] Dark Phantom Cape
        [13120] Deepfury Bracers
        [13118] Serpentine Sash
        [13111] Sandals of the Insurgent
        [13101] Wolfrunner Shoes
        [13096] Band of the Hierophant
        [13091] Medallion of Grand Marshal Morris
        [13085] Horizon Choker
        [13077] Girdle of Uther
        [13073] Mugthol's Helm
        [13072] Stonegrip Gauntlets
        [13070] Sapphiron's Scale Boots
        [13067] Hydralick Armor
        [13066] Wyrmslayer Spaulders
        [13060] The Needler
        [13059] Stoneraven
        [13056] Frenzied Striker
        [13053] Doombringer
        [13052] Warmonger
        [13047] Twig of the World Tree
        [13044] Demonslayer
        [13040] Heartseeking Crossbow
        [13036] Assassination Blade
        [13030] Basilisk Bone
        [13027] Bonesnapper
        [13022] Gryphonwing Long Bow
        [13014] Axe of Rin'ji
        [13013] Elder Wizard's Mantle
        [13009] Cow King's Hide
        [13008] Dalewind Trousers
        [13007] Mageflame Cloak
        [13004] Torch of Austen
        [13003] Lord Alexander's Battle Axe
        [13002] Lady Alizabeth's Pendant
        [12802] Darkspear
        [12792] Volcanic Hammer
        [12781] Serenity
        [12777] Blazing Rapier
        [12776] Enchanted Battlehammer
        [12775] Huge Thorium Battleaxe
        [12774] Dawn's Edge
        [12772] Inlaid Thorium Hammer
        [12769] Bleakwood Hew
        [12764] Thorium Greatsword
        [12633] Whitesoul Helm
        [12632] Storm Gauntlets
        [12631] Fiery Plate Gauntlets
        [12628] Demon Forged Breastplate
        [12625] Dawnbringer Shoulders
        [12624] Wildthorn Mail
        [12611] Runic Plate Boots
        [12610] Runic Plate Shoulders
        [12555] Battlechaser's Greaves
        [12552] Blisterbane Wrap
        [12551] Stoneshield Cloak
        [12550] Runed Golem Shackles
        [12549] Braincage
        [12547] Mar Alom's Grip
        [12546] Aristocratic Cuffs
        [12542] Funeral Pyre Vestment
        [12535] Doomforged Straightedge
        [12532] Spire of the Stoneshaper
        [12531] Searing Needle
        [12528] The Judge's Gavel
        [12527] Ribsplitter
        [12428] Imperial Plate Shoulders
        [12427] Imperial Plate Helm
        [12426] Imperial Plate Boots
        [12425] Imperial Plate Bracers
        [12424] Imperial Plate Belt
        [12422] Imperial Plate Chest
        [12419] Radiant Boots
        [12418] Radiant Gloves
        [12417] Radiant Circlet
        [12416] Radiant Belt
        [12415] Radiant Breastplate
        [12414] Thorium Leggings
        [12410] Thorium Helm
        [12409] Thorium Boots
        [12408] Thorium Bracers
        [12057] Dragonscale Band
        [12056] Ring of the Heavens
        [12055] Stardust Band
        [12046] Jungle Necklace
        [12045] Swamp Pendant
        [12044] Arctic Pendant
        [12035] Obsidian Pendant
        [12034] Marble Necklace
        [12026] Quicksilver Pendant
        [12025] Selenium Chain
        [12015] Swamp Ring
        [12014] Arctic Ring
        [12004] Obsidian Band
        [12002] Marble Circle
        [11991] Quicksilver Ring
        [11990] Selenium Loop
        [11989] Vanadium Loop
        [11978] Jasper Link
        [11977] Serpentine Loop
        [11976] Sardonyx Knuckle
        [11608] Dark Iron Pulverizer
        [11607] Dark Iron Sunderer
        [11606] Dark Iron Mail
        [11605] Dark Iron Shoulders
        [11603] Vilerend Slicer
        [11302] Uther's Strength
        [10633] Silvershell Leggings
        [10630] Soulcatcher Halo
        [10391] Hyperion Vambraces
        [10381] Commander's Girdle
        [10380] Commander's Gauntlets
        [10377] Commander's Vambraces
        [10376] Commander's Boots
        [10375] Imbued Plate Vambraces
        [10374] Imbued Plate Pauldrons
        [10372] Imbued Plate Helmet
        [10371] Imbued Plate Greaves
        [10370] Imbued Plate Girdle
        [10369] Imbued Plate Gauntlets
        [10365] Emerald Shield
        [10364] Templar Shield
        [10363] Engraved Wall
        [10362] Ornate Shield
        [10282] Emerald Vambraces
        [10281] Emerald Pauldrons
        [10280] Emerald Legplates
        [10279] Emerald Helm
        [10278] Emerald Girdle
        [10277] Emerald Gauntlets
        [10276] Emerald Sabatons
        [10275] Emerald Breastplate
        [10258] Adventurer's Cape
        [10245] Heavy Lamellar Pauldrons
        [10244] Heavy Lamellar Leggings
        [10243] Heavy Lamellar Girdle
        [10242] Heavy Lamellar Gauntlets
        [10241] Heavy Lamellar Helm
        [10240] Heavy Lamellar Chestpiece
        [10239] Heavy Lamellar Vambraces
        [10238] Heavy Lamellar Boots
        [10237] Engraved Pauldrons
        [10236] Engraved Leggings
        [10235] Engraved Helm
        [10234] Engraved Boots
        [10233] Engraved Girdle
        [10232] Engraved Gauntlets
        [10231] Engraved Cape
        [10230] Engraved Breastplate
        [10229] Engraved Bracers
        [10228] Nightshade Spaulders
        [10225] Nightshade Gloves
        [10224] Nightshade Cloak
        [10223] Nightshade Armguards
        [10222] Nightshade Boots
        [10221] Nightshade Girdle
        [10219] Elegant Circlet
        [10216] Elegant Belt
        [10214] Elegant Gloves
        [10213] Elegant Bracers
        [10212] Elegant Cloak
        [10211] Elegant Boots
        [10210] Elegant Mantle
        [10204] Heavy Lamellar Shield
        [10203] Overlord's Chestplate
        [10200] Crusader's Pauldrons
        [10199] Crusader's Leggings
        [10198] Crusader's Helm
        [10197] Crusader's Belt
        [10196] Crusader's Gauntlets
        [10195] Crusader's Shield
        [10193] Crusader's Armor
        [10192] Crusader's Boots
        [10191] Crusader's Armguards
        [10190] Swashbuckler's Belt
        [10189] Swashbuckler's Shoulderpads
        [10188] Swashbuckler's Leggings
        [10187] Swashbuckler's Eyepatch
        [10186] Swashbuckler's Gloves
        [10185] Swashbuckler's Cape
        [10184] Swashbuckler's Bracers
        [10183] Swashbuckler's Boots
        [10182] Swashbuckler's Breastplate
        [10181] Mystical Armor
        [10180] Mystical Belt
        [10179] Mystical Boots
        [10178] Mystical Robe
        [10177] Mystical Leggings
        [10176] Mystical Gloves
        [10175] Mystical Headwrap
        [10174] Mystical Cape
        [10173] Mystical Bracers
        [10172] Mystical Mantle
        [10171] Templar Bracers
        [10170] Templar Pauldrons
        [10169] Templar Legplates
        [10168] Templar Crown
        [10167] Templar Boots
        [10166] Templar Girdle
        [10165] Templar Gauntlets
        [10164] Templar Chestplate
        [10159] Mercurial Cloak
        [10156] Mercurial Bracers
        [10148] Mighty Cloak
        [10147] Mighty Armsplints
        [10145] Mighty Girdle
        [10144] High Councillor's Sash
        [10138] High Councillor's Cloak
        [10136] High Councillor's Bracers
        [10134] Revenant Shoulders
        [10133] Revenant Leggings
        [10132] Revenant Helmet
        [10128] Revenant Chestplate
        [10126] Ornate Bracers
        [10125] Ornate Pauldrons
        [10124] Ornate Legguards
        [10123] Ornate Circlet
        [10122] Ornate Girdle
        [10121] Ornate Gauntlets
        [10120] Ornate Cloak
        [10119] Ornate Greaves
        [10118] Ornate Breastplate
        [10113] Wanderer's Shoulders
        [10112] Wanderer's Leggings
        [10111] Wanderer's Hat
        [10110] Wanderer's Gloves
        [10109] Wanderer's Belt
        [10108] Wanderer's Cloak
        [10107] Wanderer's Bracers
        [10106] Wanderer's Boots
        [10105] Wanderer's Armor
        [10104] Councillor's Tunic
        [10103] Councillor's Sash
        [10102] Councillor's Robes
        [10101] Councillor's Pants
        [10100] Councillor's Shoulders
        [10099] Councillor's Gloves
        [10098] Councillor's Cloak
        [10097] Councillor's Circlet
        [10096] Councillor's Cuffs
        [10095] Councillor's Boots
        [10093] Revenant Deflector
        [10085] Lord's Pauldrons
        [10084] Lord's Legguards
        [10083] Lord's Crown
        [10082] Lord's Boots
        [10078] Lord's Crest
        [10077] Lord's Breastplate
        [10075] Righteous Spaulders
        [10074] Righteous Leggings
        [10073] Righteous Helmet
        [10072] Righteous Gloves
        [10070] Righteous Armor
        [10068] Righteous Boots
        [10065] Duskwoven Robe
        [10064] Duskwoven Pants
        [10063] Duskwoven Amice
        [10062] Duskwoven Gloves
        [10061] Duskwoven Turban
        [10057] Duskwoven Tunic
        [9974] Overlord's Shield
        [9954] Chieftain's Leggings
        [9950] Chieftain's Breastplate
        [9946] Abjurer's Tunic
        [9944] Abjurer's Crystal
        [9943] Abjurer's Robe
        [9402] Earthborn Kilt
        [8367] Dragonscale Breastplate
        [8320] Alabaster Shield
        [8319] Alabaster Plate Pauldrons
        [8318] Alabaster Plate Leggings
        [8317] Alabaster Plate Helmet
        [8316] Alabaster Plate Greaves
        [8315] Alabaster Plate Girdle
        [8314] Alabaster Plate Gauntlets
        [8312] Alabaster Breastplate
        [8311] Alabaster Plate Vambraces
        [8310] Hero's Pauldrons
        [8308] Hero's Band
        [8307] Hero's Boots
        [8306] Hero's Belt
        [8305] Hero's Gauntlets
        [8304] Hero's Cape
        [8302] Hero's Bracers
        [8301] Traveler's Spaulders
        [8300] Traveler's Leggings
        [8299] Traveler's Helm
        [8298] Traveler's Gloves
        [8297] Traveler's Cloak
        [8295] Traveler's Bracers
        [8294] Traveler's Boots
        [8293] Traveler's Belt
        [8292] Arcane Cover
        [8291] Arcane Sash
        [8289] Arcane Leggings
        [8288] Arcane Pads
        [8287] Arcane Gloves
        [8286] Arcane Cloak
        [8285] Arcane Bands
        [8284] Arcane Boots
        [8282] Valorous Shield
        [8275] Ebonhold Buckler
        [8274] Valorous Chestguard
        [8272] Ebonhold Shoulderpads
        [8271] Ebonhold Leggings
        [8270] Ebonhold Helmet
        [8269] Ebonhold Boots
        [8268] Ebonhold Girdle
        [8267] Ebonhold Gauntlets
        [8266] Ebonhold Cloak
        [8265] Ebonhold Armor
        [8264] Ebonhold Wristguards
        [8263] Serpentskin Spaulders
        [8262] Serpentskin Leggings
        [8261] Serpentskin Helm
        [8260] Serpentskin Gloves
        [8258] Serpentskin Armor
        [8256] Serpentskin Boots
        [8254] Imperial Red Circlet
        [8253] Imperial Red Sash
        [8252] Imperial Red Robe
        [8251] Imperial Red Pants
        [8250] Imperial Red Mantle
        [8249] Imperial Red Gloves
        [8247] Imperial Red Bracers
        [8246] Imperial Red Boots
        [8245] Imperial Red Tunic
        [8190] Hanzo Sword
        [8134] Myrmidon's Defender
        [8132] Myrmidon's Leggings
        [8126] Myrmidon's Breastplate
        [8119] Heraldic Breastplate
        [8113] Hibernal Robe
        [8106] Hibernal Armor
        [7960] Truesilver Champion
        [7947] Ebon Shiv
        [7734] Six Demon Bag
        [6660] Julie's Dagger
        [5266] Eye of Adaegus
        [4696] Lapidis Tankard of Tidesippe
        [1973] Orb of Deception
        [1721] Viking Warhammer
        [1607] Soulkeeper
        [1203] Aegis of Stormwind
    Bucket 5 (levels 51..60) Type 1 - 176 random items cached
        [45631] High-powered Flashlight
        [43664] Manual of Clouds
        [43663] Stormbound Tome
        [30418] Darkspear (Purple Glow)
        [24222] The Shadowfoot Stabber
        [21774] Emerald Crown of Destruction
        [21768] Sapphire Signet
        [20296] Green Dragonscale Gauntlets
        [20295] Blue Dragonscale Leggings
        [19056] Argent Boots
        [19052] Dawn Treaders
        [19051] Girdle of the Dawn
        [19047] Wisdom of the Timbermaw
        [19044] Might of the Timbermaw
        [19043] Heavy Timbermaw Belt
        [18745] Sacred Cloth Leggings
        [18744] Plaguebat Fur Gloves
        [18743] Gracious Cape
        [18742] Stratholme Militia Shoulderguard
        [18702] Belt of the Ordained
        [18701] Innervating Band
        [18700] Malefic Bracers
        [18699] Icy Tomb Spaulders
        [18698] Tattered Leather Hood
        [18697] Coldstone Slippers
        [18673] Avalanchion's Stony Hide
        [18671] Baron Charr's Sceptre
        [18639] Ultra-Flash Shadow Reflector
        [18638] Hyper-Radiant Flame Reflector
        [18634] Gyrofreeze Ice Reflector
        [18344] Stonebark Gauntlets
        [18340] Eidolon Talisman
        [18338] Wand of Arcane Potency
        [18298] Unbridled Leggings
        [18296] Marksman Bands
        [18295] Phasing Boots
        [18289] Barbed Thorn Necklace
        [18023] Blood Ruby Pendant
        [17061] Juno's Shadow
        [17050] Chan's Imperial Robes
        [16737] Gauntlets of Valor
        [16736] Belt of Valor
        [16735] Bracers of Valor
        [16724] Lightforge Gauntlets
        [16723] Lightforge Belt
        [16722] Lightforge Bracers
        [16717] Wildheart Gloves
        [16716] Wildheart Belt
        [16714] Wildheart Bracers
        [16713] Shadowcraft Belt
        [16712] Shadowcraft Gloves
        [16710] Shadowcraft Bracers
        [16705] Dreadmist Wraps
        [16703] Dreadmist Bracers
        [16702] Dreadmist Belt
        [16697] Devout Bracers
        [16696] Devout Belt
        [16692] Devout Gloves
        [16685] Magister's Belt
        [16684] Magister's Gloves
        [16683] Magister's Bindings
        [16681] Beaststalker's Bindings
        [16680] Beaststalker's Belt
        [16676] Beaststalker's Gloves
        [16673] Cord of Elements
        [16672] Gauntlets of Elements
        [16671] Bindings of Elements
        [16039] Ta'Kierthan Songblade
        [16022] Arcanite Dragonling
        [16004] Dark Iron Rifle
        [15802] Mooncloth Boots
        [15138] Onyxia Scale Cloak
        [15067] Ironfeather Shoulders
        [15066] Ironfeather Breastplate
        [15065] Warbear Woolies
        [15064] Warbear Harness
        [15063] Devilsaur Gauntlets
        [15062] Devilsaur Leggings
        [15061] Living Shoulders
        [15060] Living Leggings
        [15059] Living Breastplate
        [15058] Stormshroud Shoulders
        [15057] Stormshroud Pants
        [15056] Stormshroud Armor
        [15051] Black Dragonscale Shoulders
        [15050] Black Dragonscale Breastplate
        [15049] Blue Dragonscale Shoulders
        [15048] Blue Dragonscale Breastplate
        [15046] Green Dragonscale Leggings
        [15045] Green Dragonscale Breastplate
        [14138] Mooncloth Vest
        [14137] Mooncloth Leggings
        [14136] Robe of Winter Night
        [14134] Cloak of Fire
        [13146] Shell Launcher Shotgun
        [13144] Serenity Belt
        [13135] Lordly Armguards
        [13130] Windrunner Legguards
        [13126] Battlecaller Gauntlets
        [13122] Dark Phantom Cape
        [13120] Deepfury Bracers
        [13118] Serpentine Sash
        [13111] Sandals of the Insurgent
        [13101] Wolfrunner Shoes
        [13096] Band of the Hierophant
        [13091] Medallion of Grand Marshal Morris
        [13085] Horizon Choker
        [13077] Girdle of Uther
        [13073] Mugthol's Helm
        [13072] Stonegrip Gauntlets
        [13070] Sapphiron's Scale Boots
        [13067] Hydralick Armor
        [13066] Wyrmslayer Spaulders
        [13060] The Needler
        [13059] Stoneraven
        [13056] Frenzied Striker
        [13053] Doombringer
        [13052] Warmonger
        [13047] Twig of the World Tree
        [13044] Demonslayer
        [13040] Heartseeking Crossbow
        [13036] Assassination Blade
        [13030] Basilisk Bone
        [13027] Bonesnapper
        [13022] Gryphonwing Long Bow
        [13014] Axe of Rin'ji
        [13013] Elder Wizard's Mantle
        [13009] Cow King's Hide
        [13008] Dalewind Trousers
        [13007] Mageflame Cloak
        [13004] Torch of Austen
        [13003] Lord Alexander's Battle Axe
        [13002] Lady Alizabeth's Pendant
        [12802] Darkspear
        [12781] Serenity
        [12777] Blazing Rapier
        [12776] Enchanted Battlehammer
        [12774] Dawn's Edge
        [12769] Bleakwood Hew
        [12633] Whitesoul Helm
        [12632] Storm Gauntlets
        [12631] Fiery Plate Gauntlets
        [12628] Demon Forged Breastplate
        [12625] Dawnbringer Shoulders
        [12624] Wildthorn Mail
        [12555] Battlechaser's Greaves
        [12552] Blisterbane Wrap
        [12551] Stoneshield Cloak
        [12550] Runed Golem Shackles
        [12549] Braincage
        [12547] Mar Alom's Grip
        [12546] Aristocratic Cuffs
        [12542] Funeral Pyre Vestment
        [12535] Doomforged Straightedge
        [12532] Spire of the Stoneshaper
        [12531] Searing Needle
        [12528] The Judge's Gavel
        [12527] Ribsplitter
        [11608] Dark Iron Pulverizer
        [11607] Dark Iron Sunderer
        [11603] Vilerend Slicer
        [11302] Uther's Strength
        [10633] Silvershell Leggings
        [10630] Soulcatcher Halo
        [9402] Earthborn Kilt
        [8367] Dragonscale Breastplate
        [8190] Hanzo Sword
        [7960] Truesilver Champion
        [7734] Six Demon Bag
        [6660] Julie's Dagger
        [5266] Eye of Adaegus
        [4696] Lapidis Tankard of Tidesippe
        [1973] Orb of Deception
        [1721] Viking Warhammer
        [1607] Soulkeeper
        [1203] Aegis of Stormwind
    Bucket 5 (levels 51..60) Type 0 - 415 random items cached
        [45631] High-powered Flashlight
        [43664] Manual of Clouds
        [43663] Stormbound Tome
        [43561] Iridescent Pollen
        [43125] Darkflame Ink
        [43124] Ethereal Ink
        [43107] Sapphire Pigment
        [39501] Heavy Parchment
        [39342] Nether Pigment
        [38429] Blackrock Spring Water
        [35565] Juicy Bear Burger
        [35563] Charred Bear Kabobs
        [34022] Stout Shrunken Head
        [33234] Iced Berry Slush
        [33033] Thunderbrew Stout
        [33024] Pickled Sausage
        [32767] Flaskataur's Flask of Pretty Good Power
        [31671] Serpent Flesh
        [31670] Raptor Ribs
        [31079] Mercurial Adamantite
        [30418] Darkspear (Purple Glow)
        [29548] Nether Dragonscales
        [29547] Wind Scales
        [29539] Cobra Scales
        [29292] Helboar Bacon
        [28501] Ravager Egg Omelet
        [28420] Fel Weightstone
        [28103] Adept's Elixir
        [28102] Onslaught Elixir
        [28100] Volatile Healing Potion
        [27682] Talbuk Venison
        [27681] Warped Flesh
        [27678] Clefthoof Meat
        [27677] Chunk o' Basilisk
        [27676] Strange Spores
        [27674] Ravager Flesh
        [27671] Buzzard Meat
        [27516] Enormous Barbed Gill Trout
        [27515] Huge Spotted Feltail
        [27513] Curious Crate
        [27511] Inscribed Scrollcase
        [27503] Scroll of Strength V
        [27502] Scroll of Stamina V
        [27501] Scroll of Spirit V
        [27500] Scroll of Protection V
        [27499] Scroll of Intellect V
        [27498] Scroll of Agility V
        [27439] Furious Crawdad
        [27438] Golden Darter
        [27437] Icefin Bluefish
        [27435] Figluster's Mudfish
        [27429] Zangarian Sporefish
        [27425] Spotted Feltail
        [27422] Barbed Gill Trout
        [25843] Fel Iron Rod
        [25708] Thick Clefthoof Leather
        [25700] Fel Scales
        [25699] Crystal Infused Leather
        [25679] Comfortable Insoles
        [25650] Knothide Armor Kit
        [25649] Knothide Leather Scraps
        [24338] Hellfire Spineleaf
        [24269] Heavy Netherweave Net
        [24268] Netherweave Net
        [24222] The Shadowfoot Stabber
        [23783] Handful of Fel Iron Bolts
        [23782] Fel Iron Casing
        [23781] Elemental Blasting Powder
        [23736] Fel Iron Bomb
        [23684] Crystal Infused Bandage
        [23683] Crystal Flake Throat Lozenge
        [23528] Fel Sharpening Stone
        [23445] Fel Iron Bar
        [23424] Fel Iron Ore
        [22789] Terocone
        [22786] Dreaming Glory
        [22785] Felweed
        [22728] Steam Tonk Controller
        [22385] Titanic Leggings
        [22324] Winter Kimchi
        [21887] Knothide Leather
        [21882] Soul Essence
        [21881] Netherweb Spider Silk
        [21878] ZZOLD Spellthread
        [21877] Netherweave Cloth
        [21840] Bolt of Netherweave
        [21786] Cut Azerothian Diamond
        [21785] Cut Emerald
        [21774] Emerald Crown of Destruction
        [21773] Cut Opal
        [21772] Cut Sapphire
        [21768] Sapphire Signet
        [21033] Radish Kimchi
        [21031] Cabbage Kimchi
        [20844] Deadly Poison V
        [20749] Brilliant Wizard Oil
        [20748] Brilliant Mana Oil
        [20520] Dark Rune
        [20501] Heavy Silithid Carapace
        [20500] Light Silithid Carapace
        [20498] Silithid Chitin
        [20452] Smoked Desert Dumplings
        [20424] Sandworm Meat
        [20296] Green Dragonscale Gauntlets
        [20295] Blue Dragonscale Leggings
        [20008] Living Action Potion
        [20004] Mighty Troll's Blood Elixir
        [20002] Greater Dreamless Sleep Potion
        [19943] Massive Mojo
        [19768] Primal Tiger Leather
        [19767] Primal Bat Leather
        [19726] Bloodvine
        [19440] Powerful Anti-Venom
        [19225] Deep Fried Candybar
        [19056] Argent Boots
        [19052] Dawn Treaders
        [19051] Girdle of the Dawn
        [19047] Wisdom of the Timbermaw
        [19044] Might of the Timbermaw
        [19043] Heavy Timbermaw Belt
        [18745] Sacred Cloth Leggings
        [18744] Plaguebat Fur Gloves
        [18743] Gracious Cape
        [18742] Stratholme Militia Shoulderguard
        [18702] Belt of the Ordained
        [18701] Innervating Band
        [18700] Malefic Bracers
        [18699] Icy Tomb Spaulders
        [18698] Tattered Leather Hood
        [18697] Coldstone Slippers
        [18673] Avalanchion's Stony Hide
        [18671] Baron Charr's Sceptre
        [18645] Gnomish Alarm-o-Bot
        [18639] Ultra-Flash Shadow Reflector
        [18638] Hyper-Radiant Flame Reflector
        [18636] Ruined Jumper Cables XL
        [18634] Gyrofreeze Ice Reflector
        [18594] Powerful Seaforium Charge
        [18587] Goblin Jumper Cables XL
        [18567] Elemental Flux
        [18562] Elementium Ore
        [18512] Larval Acid
        [18344] Stonebark Gauntlets
        [18340] Eidolon Talisman
        [18338] Wand of Arcane Potency
        [18298] Unbridled Leggings
        [18296] Marksman Bands
        [18295] Phasing Boots
        [18289] Barbed Thorn Necklace
        [18283] Biznicks 247x128 Accurascope
        [18262] Elemental Sharpening Stone
        [18256] Imbued Vial
        [18255] Runn Tum Tuber
        [18254] Runn Tum Tuber Surprise
        [18253] Major Rejuvenation Potion
        [18251] Core Armor Kit
        [18232] Field Repair Bot 74A
        [18023] Blood Ruby Pendant
        [17968] Charged Scale of Onyxia
        [17967] Refined Scale of Onyxia
        [17771] Elementium Bar
        [17203] Sulfuron Ingot
        [17061] Juno's Shadow
        [17050] Chan's Imperial Robes
        [17014] Dark Iron Bracers
        [17013] Dark Iron Leggings
        [17012] Core Leather
        [17011] Lava Core
        [17010] Fiery Core
        [17007] Stonerender Gauntlets
        [16989] Fiery Chain Girdle
        [16983] Molten Helm
        [16982] Corehound Boots
        [16737] Gauntlets of Valor
        [16736] Belt of Valor
        [16735] Bracers of Valor
        [16724] Lightforge Gauntlets
        [16723] Lightforge Belt
        [16722] Lightforge Bracers
        [16717] Wildheart Gloves
        [16716] Wildheart Belt
        [16714] Wildheart Bracers
        [16713] Shadowcraft Belt
        [16712] Shadowcraft Gloves
        [16710] Shadowcraft Bracers
        [16705] Dreadmist Wraps
        [16703] Dreadmist Bracers
        [16702] Dreadmist Belt
        [16697] Devout Bracers
        [16696] Devout Belt
        [16692] Devout Gloves
        [16685] Magister's Belt
        [16684] Magister's Gloves
        [16683] Magister's Bindings
        [16681] Beaststalker's Bindings
        [16680] Beaststalker's Belt
        [16676] Beaststalker's Gloves
        [16673] Cord of Elements
        [16672] Gauntlets of Elements
        [16671] Bindings of Elements
        [16206] Arcanite Rod
        [16171] Shinsollo
        [16040] Arcane Bomb
        [16039] Ta'Kierthan Songblade
        [16023] Masterwork Target Dummy
        [16022] Arcanite Dragonling
        [16006] Delicate Arcanite Converter
        [16005] Dark Iron Bomb
        [16004] Dark Iron Rifle
        [15994] Thorium Widget
        [15993] Thorium Grenade
        [15872] Arcanite Skeleton Key
        [15802] Mooncloth Boots
        [15416] Black Dragonscale
        [15414] Red Dragonscale
        [15410] Scale of Onyxia
        [15408] Heavy Scorpid Scale
        [15138] Onyxia Scale Cloak
        [15067] Ironfeather Shoulders
        [15066] Ironfeather Breastplate
        [15065] Warbear Woolies
        [15064] Warbear Harness
        [15063] Devilsaur Gauntlets
        [15062] Devilsaur Leggings
        [15061] Living Shoulders
        [15060] Living Leggings
        [15059] Living Breastplate
        [15058] Stormshroud Shoulders
        [15057] Stormshroud Pants
        [15056] Stormshroud Armor
        [15051] Black Dragonscale Shoulders
        [15050] Black Dragonscale Breastplate
        [15049] Blue Dragonscale Shoulders
        [15048] Blue Dragonscale Breastplate
        [15046] Green Dragonscale Leggings
        [15045] Green Dragonscale Breastplate
        [14552] Stockade Pauldrons
        [14530] Heavy Runecloth Bandage
        [14529] Runecloth Bandage
        [14342] Mooncloth
        [14138] Mooncloth Vest
        [14137] Mooncloth Leggings
        [14136] Robe of Winter Night
        [14134] Cloak of Fire
        [14048] Bolt of Runecloth
        [13935] Baked Salmon
        [13934] Mightfish Steak
        [13933] Lobster Stew
        [13893] Large Raw Mightfish
        [13890] Plated Armorfish
        [13889] Raw Whitescale Salmon
        [13888] Darkclaw Lobster
        [13724] Enriched Manna Biscuit
        [13513] Flask of Chromatic Resistance
        [13512] Flask of Supreme Power
        [13511] Flask of Distilled Wisdom
        [13510] Flask of the Titans
        [13506] Potion of Petrification
        [13468] Black Lotus
        [13467] Icecap
        [13466] Plaguebloom
        [13465] Mountain Silversage
        [13464] Golden Sansam
        [13463] Dreamfoil
        [13462] Purification Potion
        [13461] Greater Arcane Protection Potion
        [13460] Greater Holy Protection Potion
        [13459] Greater Shadow Protection Potion
        [13458] Greater Nature Protection Potion
        [13457] Greater Fire Protection Potion
        [13456] Greater Frost Protection Potion
        [13455] Greater Stoneshield Potion
        [13454] Greater Arcane Elixir
        [13453] Elixir of Brute Force
        [13452] Elixir of the Mongoose
        [13447] Elixir of the Sages
        [13446] Major Healing Potion
        [13445] Elixir of Superior Defense
        [13444] Major Mana Potion
        [13443] Superior Mana Potion
        [13442] Mighty Rage Potion
        [13146] Shell Launcher Shotgun
        [13144] Serenity Belt
        [13135] Lordly Armguards
        [13130] Windrunner Legguards
        [13126] Battlecaller Gauntlets
        [13122] Dark Phantom Cape
        [13120] Deepfury Bracers
        [13118] Serpentine Sash
        [13111] Sandals of the Insurgent
        [13101] Wolfrunner Shoes
        [13096] Band of the Hierophant
        [13091] Medallion of Grand Marshal Morris
        [13085] Horizon Choker
        [13077] Girdle of Uther
        [13073] Mugthol's Helm
        [13072] Stonegrip Gauntlets
        [13070] Sapphiron's Scale Boots
        [13067] Hydralick Armor
        [13066] Wyrmslayer Spaulders
        [13060] The Needler
        [13059] Stoneraven
        [13056] Frenzied Striker
        [13053] Doombringer
        [13052] Warmonger
        [13047] Twig of the World Tree
        [13044] Demonslayer
        [13040] Heartseeking Crossbow
        [13036] Assassination Blade
        [13030] Basilisk Bone
        [13027] Bonesnapper
        [13022] Gryphonwing Long Bow
        [13014] Axe of Rin'ji
        [13013] Elder Wizard's Mantle
        [13009] Cow King's Hide
        [13008] Dalewind Trousers
        [13007] Mageflame Cloak
        [13004] Torch of Austen
        [13003] Lord Alexander's Battle Axe
        [13002] Lady Alizabeth's Pendant
        [12811] Righteous Orb
        [12810] Enchanted Leather
        [12809] Guardian Stone
        [12808] Essence of Undeath
        [12804] Powerful Mojo
        [12803] Living Essence
        [12802] Darkspear
        [12781] Serenity
        [12777] Blazing Rapier
        [12776] Enchanted Battlehammer
        [12774] Dawn's Edge
        [12769] Bleakwood Hew
        [12763] Un'Goro Etherfruit
        [12655] Enchanted Thorium Bar
        [12645] Thorium Shield Spike
        [12633] Whitesoul Helm
        [12632] Storm Gauntlets
        [12631] Fiery Plate Gauntlets
        [12628] Demon Forged Breastplate
        [12625] Dawnbringer Shoulders
        [12624] Wildthorn Mail
        [12555] Battlechaser's Greaves
        [12552] Blisterbane Wrap
        [12551] Stoneshield Cloak
        [12550] Runed Golem Shackles
        [12549] Braincage
        [12547] Mar Alom's Grip
        [12546] Aristocratic Cuffs
        [12542] Funeral Pyre Vestment
        [12535] Doomforged Straightedge
        [12532] Spire of the Stoneshaper
        [12531] Searing Needle
        [12528] The Judge's Gavel
        [12527] Ribsplitter
        [12360] Arcanite Bar
        [12003] Dark Dwarven Lager
        [11608] Dark Iron Pulverizer
        [11607] Dark Iron Sunderer
        [11603] Vilerend Slicer
        [11444] Grim Guzzler Boar
        [11415] Mixed Berries
        [11302] Uther's Strength
        [10922] Wound Poison IV
        [10633] Silvershell Leggings
        [10630] Soulcatcher Halo
        [10308] Scroll of Intellect IV
        [10307] Scroll of Stamina IV
        [10306] Scroll of Spirit IV
        [10305] Scroll of Protection IV
        [9402] Earthborn Kilt
        [8985] Deadly Poison IV
        [8959] Raw Spinefin Halibut
        [8957] Spinefin Halibut
        [8953] Deep Fried Plantains
        [8952] Roasted Quail
        [8950] Homemade Cherry Pie
        [8948] Dried King Bolete
        [8932] Alterac Swiss
        [8928] Instant Poison VI
        [8927] Instant Poison V
        [8766] Morning Glory Dew
        [8367] Dragonscale Breastplate
        [8190] Hanzo Sword
        [7960] Truesilver Champion
        [7734] Six Demon Bag
        [7082] Essence of Air
        [7080] Essence of Water
        [7078] Essence of Fire
        [7076] Essence of Earth
        [6660] Julie's Dagger
        [5266] Eye of Adaegus
        [4696] Lapidis Tankard of Tidesippe
        [3386] Potion of Curing
        [3075] Eye of Flame
        [2915] Taran Icebreaker
        [2824] Hurricane
        [2246] Myrmidon's Signet
        [2245] Helm of Narv
        [2244] Krol Blade
        [2163] Shadowblade
        [2099] Dwarven Hand Cannon
        [1973] Orb of Deception
        [1721] Viking Warhammer
        [1607] Soulkeeper
        [1443] Jeweled Amulet of Cainwyn
        [1315] Lei of Lilies
        [1263] Brain Hacker
        [1203] Aegis of Stormwind
        [1168] Skullflame Shield
        [942] Freezing Band
        [833] Lifestone
        [812] Glowing Brightwood Staff
        [811] Axe of the Deep Woods
        [810] Hammer of the Northern Wind
        [647] Destiny
    Bucket 6 (levels 61..70) Type 2 - 345 random items cached
        [43667] Book of Clever Tricks
        [43666] Hellfire Tome
        [25653] Riding Crop
        [24071] Bland Dagger
        [23836] Goblin Rocket Launcher
        [23835] Gnomish Poultryizer
        [23203] Libram of Fervor
        [23199] Totem of the Storm
        [23197] Idol of the Moon
        [23093] Wristwraps of Undead Slaying
        [23092] Wristguards of Undead Slaying
        [23091] Bracers of Undead Cleansing
        [23090] Bracers of Undead Slaying
        [22764] Ironvine Belt
        [22763] Ironvine Gloves
        [22762] Ironvine Breastplate
        [22761] Bramblewood Belt
        [22760] Bramblewood Boots
        [22759] Bramblewood Helm
        [22758] Sylvan Shoulders
        [22757] Sylvan Crown
        [22756] Sylvan Vest
        [22660] Gaea's Embrace
        [22197] Heavy Obsidian Belt
        [22195] Light Obsidian Belt
        [21805] Polished Obsidian Pauldrons
        [21804] Coif of Elemental Fury
        [21803] Helm of the Holy Avenger
        [21802] The Lost Kris of Zedd
        [21801] Antenna of Invigoration
        [21800] Silithid Husked Launcher
        [21793] Arcanite Sword Pendant
        [21792] Necklace of the Diamond Tower
        [21780] Blood Crown
        [21779] Band of Natural Fire
        [21278] Stormshroud Gloves
        [20722] Crystal Slugthrower
        [20721] Band of the Cultist
        [20720] Dark Whisper Blade
        [20697] Crystalline Threaded Cape
        [20696] Crystal Spiked Maul
        [20695] Abyssal War Beads
        [20674] Abyssal Cloth Pants
        [20673] Abyssal Plate Girdle
        [20671] Abyssal Plate Legguards
        [20670] Abyssal Mail Clutch
        [20668] Abyssal Mail Legguards
        [20667] Abyssal Leather Belt
        [20665] Abyssal Leather Leggings
        [20664] Abyssal Cloth Sash
        [20551] Darkrune Helm
        [20550] Darkrune Breastplate
        [20549] Darkrune Gauntlets
        [20539] Runed Stygian Belt
        [20538] Runed Stygian Leggings
        [20537] Runed Stygian Boots
        [20481] Spitfire Bracers
        [20480] Spitfire Gauntlets
        [20479] Spitfire Breastplate
        [20478] Sandstalker Breastplate
        [20477] Sandstalker Gauntlets
        [20476] Sandstalker Bracers
        [20263] Gurubashi Helm
        [20261] Shadow Panther Hide Belt
        [20259] Shadow Panther Hide Gloves
        [20258] Zulian Ceremonial Staff
        [19999] Bloodvine Goggles
        [19998] Bloodvine Lens
        [19921] Zulian Hacker
        [19695] Darksoul Shoulders
        [19694] Darksoul Leggings
        [19693] Darksoul Breastplate
        [19692] Bloodsoul Gauntlets
        [19691] Bloodsoul Shoulders
        [19690] Bloodsoul Breastplate
        [19689] Blood Tiger Shoulders
        [19688] Blood Tiger Breastplate
        [19687] Primal Batskin Bracers
        [19686] Primal Batskin Gloves
        [19685] Primal Batskin Jerkin
        [19684] Bloodvine Boots
        [19683] Bloodvine Leggings
        [19682] Bloodvine Vest
        [19059] Argent Shoulders
        [19058] Golden Mantle of the Dawn
        [19057] Gloves of the Dawn
        [19050] Mantle of the Timbermaw
        [19049] Timbermaw Brawlers
        [19048] Heavy Timbermaw Boots
        [18741] Morlune's Bracer
        [18736] Plaguehound Leggings
        [18679] Frigid Ring
        [18678] Tempestria's Frozen Necklace
        [18677] Zephyr Cloak
        [18676] Sash of the Windreaver
        [18508] Swift Flight Bracers
        [18506] Mongoose Boots
        [18504] Girdle of Insight
        [18486] Mooncloth Robe
        [18413] Cloak of Warding
        [18409] Mooncloth Gloves
        [18408] Inferno Gloves
        [18407] Felcloth Gloves
        [17016] Dark Iron Destroyer
        [17015] Dark Iron Reaver
        [16007] Flawless Arcanite Rifle
        [15991] Warleader's Shield
        [15989] Eternal Rod
        [15988] Resplendent Orb
        [15987] Astral Orb
        [15968] Elunarian Sphere
        [15943] Imbued Shield
        [15942] Master's Rod
        [15941] High Councillor's Scepter
        [15940] Elegant Scepter
        [15931] Arcane Star
        [15887] Heroic Guard
        [15687] Triumphant Shield
        [15686] Triumphant Shoulder Pads
        [15685] Triumphant Legplates
        [15684] Triumphant Skullcap
        [15682] Triumphant Gauntlets
        [15680] Triumphant Chestpiece
        [15679] Triumphant Bracers
        [15678] Triumphant Sabatons
        [15677] Magnificent Shoulders
        [15676] Magnificent Leggings
        [15675] Magnificent Guard
        [15670] Magnificent Helmet
        [15669] Magnificent Breastplate
        [15667] Impenetrable Wall
        [15660] Impenetrable Breastplate
        [15442] Supreme Breastplate
        [15441] Supreme Shoulders
        [15440] Supreme Leggings
        [15439] Supreme Crown
        [15438] Supreme Gloves
        [15437] Supreme Cape
        [15435] Supreme Shoes
        [15434] Supreme Sash
        [15433] Peerless Armor
        [15296] Hawkeye Bow
        [15289] Archstrike Bow
        [15288] Blasthorn Bow
        [15283] Lunar Wand
        [15273] Death Striker
        [15267] Brutehammer
        [15266] Fierce Mauler
        [15258] Divine Warblade
        [15257] Shin Blade
        [15247] Bloodstrike Dagger
        [15246] Demon Blade
        [15240] Demon's Claw
        [15239] Felstone Reaver
        [15221] Holy War Sword
        [15220] Battlefell Sabre
        [15195] Grand Breastplate
        [15194] Grand Legguards
        [15193] Grand Crown
        [15096] Runic Leather Shoulders
        [15090] Runic Leather Armor
        [15085] Wicked Leather Armor
        [15081] Heavy Scorpid Shoulders
        [15068] Frostsaber Tunic
        [15055] Volcanic Shoulders
        [15052] Black Dragonscale Leggings
        [15047] Red Dragonscale Breastplate
        [14982] Exalted Shield
        [14981] Exalted Epaulets
        [14980] Exalted Legplates
        [14979] Exalted Helmet
        [14978] Exalted Sabatons
        [14976] Exalted Gauntlets
        [14975] Exalted Harness
        [14966] Glorious Breastplate
        [14936] Heroic Legplates
        [14931] Heroic Armor
        [14868] Warleader's Shoulders
        [14867] Warleader's Leggings
        [14866] Warleader's Crown
        [14862] Warleader's Breastplate
        [14817] Warstrike Shoulder Pads
        [14816] Warstrike Legguards
        [14815] Warstrike Gauntlets
        [14814] Warstrike Helmet
        [14812] Warstrike Buckler
        [14811] Warstrike Chestguard
        [14809] Warstrike Sabatons
        [14688] Indomitable Epaulets
        [14687] Indomitable Leggings
        [14686] Indomitable Headdress
        [14685] Indomitable Gauntlets
        [14681] Indomitable Boots
        [14680] Indomitable Vest
        [14536] Bonebrace Hauberk
        [14464] Elunarian Silk Robes
        [14463] Elunarian Spaulders
        [14462] Elunarian Sarong
        [14461] Elunarian Handgrips
        [14460] Elunarian Diadem
        [14456] Elunarian Vest
        [14337] Eternal Cord
        [14336] Eternal Wraps
        [14335] Eternal Spaulders
        [14334] Eternal Sarong
        [14333] Eternal Gloves
        [14332] Eternal Crown
        [14330] Eternal Bindings
        [14329] Eternal Boots
        [14328] Eternal Chestguard
        [14326] Resplendent Robes
        [14325] Resplendent Epaulets
        [14322] Resplendent Circlet
        [14318] Resplendent Tunic
        [14317] Celestial Silk Robes
        [14312] Celestial Crown
        [14308] Celestial Tunic
        [14140] Mooncloth Circlet
        [14139] Mooncloth Shoulders
        [14130] Wizardweave Turban
        [14112] Felcloth Shoulders
        [14106] Felcloth Robe
        [13867] Runecloth Shoulders
        [13260] Wind Dancer Boots
        [13133] Drakesfire Epaulets
        [13123] Dreamwalker Armor
        [13116] Spaulders of the Unseen
        [13113] Feathermoon Headdress
        [13107] Magiskull Cuffs
        [13083] Garrett Family Crest
        [13075] Direwing Legguards
        [13028] Bludstone Hammer
        [13023] Eaglehorn Long Bow
        [13015] Serathil
        [13006] Mass of McGowan
        [13001] Maiden's Circle
        [13000] Staff of Hale Magefire
        [12904] Shawn's Super Special Swami Hat
        [12798] Annihilator
        [12797] Frostguard
        [12796] Hammer of the Titans
        [12794] Masterwork Stormhammer
        [12790] Arcanite Champion
        [12784] Arcanite Reaper
        [12783] Heartseeker
        [12636] Helm of the Great Chief
        [12620] Enchanted Thorium Helm
        [12619] Enchanted Thorium Leggings
        [12618] Enchanted Thorium Breastplate
        [12617] Savage Mail Shoulders
        [12616] Savage Mail Boots
        [12615] Savage Mail Tunic
        [12614] Runic Plate Leggings
        [12613] Runic Breastplate
        [12612] Runic Plate Helm
        [12429] Imperial Plate Leggings
        [12420] Radiant Leggings
        [12058] Demonic Bone Ring
        [12048] Prismatic Pendant
        [12036] Granite Necklace
        [12027] Vermilion Necklace
        [12017] Prismatic Band
        [12016] Jungle Ring
        [12005] Granite Ring
        [11992] Vermilion Band
        [11980] Opal Ring
        [11979] Peridot Circle
        [10390] Hyperion Pauldrons
        [10389] Hyperion Legplates
        [10388] Hyperion Helm
        [10387] Hyperion Girdle
        [10386] Hyperion Gauntlets
        [10385] Hyperion Greaves
        [10384] Hyperion Armor
        [10383] Commander's Pauldrons
        [10382] Commander's Leggings
        [10379] Commander's Helm
        [10378] Commander's Armor
        [10373] Imbued Plate Leggings
        [10368] Imbued Plate Armor
        [10367] Hyperion Shield
        [10366] Demon Guard
        [10274] Masterwork Pauldrons
        [10273] Masterwork Legplates
        [10272] Masterwork Circlet
        [10271] Masterwork Shield
        [10270] Masterwork Boots
        [10269] Masterwork Girdle
        [10268] Masterwork Gauntlets
        [10267] Masterwork Cape
        [10266] Masterwork Breastplate
        [10265] Masterwork Bracers
        [10264] Adventurer's Tunic
        [10263] Adventurer's Shoulders
        [10262] Adventurer's Legguards
        [10261] Adventurer's Bandana
        [10260] Adventurer's Gloves
        [10259] Adventurer's Belt
        [10257] Adventurer's Boots
        [10256] Adventurer's Bracers
        [10255] Master's Belt
        [10254] Master's Robe
        [10253] Master's Mantle
        [10252] Master's Leggings
        [10251] Master's Gloves
        [10250] Master's Hat
        [10249] Master's Cloak
        [10248] Master's Bracers
        [10247] Master's Boots
        [10246] Master's Vest
        [10227] Nightshade Leggings
        [10226] Nightshade Helmet
        [10220] Nightshade Tunic
        [10218] Elegant Tunic
        [10217] Elegant Leggings
        [10215] Elegant Robes
        [10163] Mercurial Pauldrons
        [10162] Mercurial Legguards
        [10161] Mercurial Gauntlets
        [10160] Mercurial Circlet
        [10158] Mercurial Guard
        [10157] Mercurial Breastplate
        [10155] Mercurial Greaves
        [10154] Mercurial Girdle
        [10153] Mighty Spaulders
        [10152] Mighty Leggings
        [10151] Mighty Tunic
        [10150] Mighty Helmet
        [10149] Mighty Gauntlets
        [10146] Mighty Boots
        [10143] High Councillor's Robe
        [10142] High Councillor's Mantle
        [10141] High Councillor's Pants
        [10140] High Councillor's Gloves
        [10139] High Councillor's Circlet
        [10137] High Councillor's Boots
        [10135] High Councillor's Tunic
        [8313] Hero's Buckler
        [8309] Hero's Leggings
        [8303] Hero's Breastplate
        [8296] Traveler's Jerkin
        [8290] Arcane Robe
        [8283] Arcane Armor
        [6622] Sword of Zeal
        [5267] Scarlet Kris
    Bucket 6 (levels 61..70) Type 1 - 132 random items cached
        [43667] Book of Clever Tricks
        [43666] Hellfire Tome
        [25653] Riding Crop
        [24071] Bland Dagger
        [23836] Goblin Rocket Launcher
        [23835] Gnomish Poultryizer
        [23203] Libram of Fervor
        [23199] Totem of the Storm
        [23197] Idol of the Moon
        [23093] Wristwraps of Undead Slaying
        [23092] Wristguards of Undead Slaying
        [23091] Bracers of Undead Cleansing
        [23090] Bracers of Undead Slaying
        [22764] Ironvine Belt
        [22763] Ironvine Gloves
        [22762] Ironvine Breastplate
        [22761] Bramblewood Belt
        [22760] Bramblewood Boots
        [22759] Bramblewood Helm
        [22758] Sylvan Shoulders
        [22757] Sylvan Crown
        [22756] Sylvan Vest
        [22660] Gaea's Embrace
        [22197] Heavy Obsidian Belt
        [22195] Light Obsidian Belt
        [21805] Polished Obsidian Pauldrons
        [21804] Coif of Elemental Fury
        [21803] Helm of the Holy Avenger
        [21802] The Lost Kris of Zedd
        [21801] Antenna of Invigoration
        [21800] Silithid Husked Launcher
        [21793] Arcanite Sword Pendant
        [21792] Necklace of the Diamond Tower
        [21780] Blood Crown
        [21779] Band of Natural Fire
        [21278] Stormshroud Gloves
        [20722] Crystal Slugthrower
        [20721] Band of the Cultist
        [20720] Dark Whisper Blade
        [20697] Crystalline Threaded Cape
        [20696] Crystal Spiked Maul
        [20695] Abyssal War Beads
        [20674] Abyssal Cloth Pants
        [20671] Abyssal Plate Legguards
        [20668] Abyssal Mail Legguards
        [20665] Abyssal Leather Leggings
        [20551] Darkrune Helm
        [20550] Darkrune Breastplate
        [20549] Darkrune Gauntlets
        [20539] Runed Stygian Belt
        [20538] Runed Stygian Leggings
        [20537] Runed Stygian Boots
        [20481] Spitfire Bracers
        [20480] Spitfire Gauntlets
        [20479] Spitfire Breastplate
        [20478] Sandstalker Breastplate
        [20477] Sandstalker Gauntlets
        [20476] Sandstalker Bracers
        [20263] Gurubashi Helm
        [20261] Shadow Panther Hide Belt
        [20259] Shadow Panther Hide Gloves
        [20258] Zulian Ceremonial Staff
        [19999] Bloodvine Goggles
        [19998] Bloodvine Lens
        [19921] Zulian Hacker
        [19695] Darksoul Shoulders
        [19694] Darksoul Leggings
        [19693] Darksoul Breastplate
        [19692] Bloodsoul Gauntlets
        [19691] Bloodsoul Shoulders
        [19690] Bloodsoul Breastplate
        [19689] Blood Tiger Shoulders
        [19688] Blood Tiger Breastplate
        [19687] Primal Batskin Bracers
        [19686] Primal Batskin Gloves
        [19685] Primal Batskin Jerkin
        [19684] Bloodvine Boots
        [19683] Bloodvine Leggings
        [19682] Bloodvine Vest
        [19059] Argent Shoulders
        [19058] Golden Mantle of the Dawn
        [19057] Gloves of the Dawn
        [19050] Mantle of the Timbermaw
        [19049] Timbermaw Brawlers
        [19048] Heavy Timbermaw Boots
        [18741] Morlune's Bracer
        [18736] Plaguehound Leggings
        [18678] Tempestria's Frozen Necklace
        [18676] Sash of the Windreaver
        [18508] Swift Flight Bracers
        [18506] Mongoose Boots
        [18504] Girdle of Insight
        [18486] Mooncloth Robe
        [18413] Cloak of Warding
        [18409] Mooncloth Gloves
        [18408] Inferno Gloves
        [18407] Felcloth Gloves
        [17016] Dark Iron Destroyer
        [17015] Dark Iron Reaver
        [16007] Flawless Arcanite Rifle
        [15052] Black Dragonscale Leggings
        [15047] Red Dragonscale Breastplate
        [14536] Bonebrace Hauberk
        [14140] Mooncloth Circlet
        [14139] Mooncloth Shoulders
        [13260] Wind Dancer Boots
        [13133] Drakesfire Epaulets
        [13123] Dreamwalker Armor
        [13116] Spaulders of the Unseen
        [13113] Feathermoon Headdress
        [13107] Magiskull Cuffs
        [13083] Garrett Family Crest
        [13075] Direwing Legguards
        [13028] Bludstone Hammer
        [13023] Eaglehorn Long Bow
        [13015] Serathil
        [13006] Mass of McGowan
        [13001] Maiden's Circle
        [13000] Staff of Hale Magefire
        [12798] Annihilator
        [12797] Frostguard
        [12796] Hammer of the Titans
        [12794] Masterwork Stormhammer
        [12790] Arcanite Champion
        [12784] Arcanite Reaper
        [12783] Heartseeker
        [12636] Helm of the Great Chief
        [12620] Enchanted Thorium Helm
        [12619] Enchanted Thorium Leggings
        [12618] Enchanted Thorium Breastplate
        [6622] Sword of Zeal
        [5267] Scarlet Kris
    Bucket 6 (levels 61..70) Type 4 - 33 random items cached
        [44618] Glass of Aged Dalaran Red
        [43854] Cobalt Skeleton Key
        [43562] Nightmare Berries
        [43127] Snowfall Ink
        [43108] Ebon Pigment
        [35128] Hardened Khorium
        [34207] Glove Reinforcements
        [33185] Adamantite Weapon Chain
        [29531] Drums of Restoration
        [29530] Drums of Speed
        [29528] Drums of War
        [29488] Arcane Armor Kit
        [29487] Nature Armor Kit
        [29486] Frost Armor Kit
        [29485] Flame Armor Kit
        [29483] Shadow Armor Kit
        [28421] Adamantite Weightstone
        [23820] Critter Enlarger
        [23764] Adamantite Scope
        [23530] Felsteel Shield Spike
        [23529] Adamantite Sharpening Stone
        [23449] Khorium Bar
        [23447] Eternium Bar
        [23427] Eternium Ore
        [23426] Khorium Ore
        [22457] Primal Mana
        [22456] Primal Shadow
        [22452] Primal Earth
        [22451] Primal Air
        [21886] Primal Life
        [21885] Primal Water
        [21884] Primal Fire
        [20381] Dreamscale
    Bucket 6 (levels 61..70) Type 3 - 312 random items cached
        [45277] Jillian's Savior Sauce
        [45276] Jillian's Genius Juice
        [44622] Cask of Dalaran White
        [44621] Bottle of Dalaran White
        [44618] Glass of Aged Dalaran Red
        [44616] Glass of Dalaran White
        [44475] Reinforced Crate
        [44315] Scroll of Recall III
        [43854] Cobalt Skeleton Key
        [43562] Nightmare Berries
        [43501] Northern Egg
        [43127] Snowfall Ink
        [43126] Ink of the Sea
        [43108] Ebon Pigment
        [43013] Chilled Meat
        [43012] Rhino Meat
        [43011] Worg Haunch
        [43010] Worm Meat
        [43009] Shoveltusk Flank
        [42170] Silver Brooch
        [41814] Glassfin Minnow
        [41813] Nettlefish
        [41812] Barrelhead Goby
        [41811] Meltwater Beardfish
        [41810] Fangtooth Herring
        [41809] Glacial Salmon
        [41808] Bonescale Snapper
        [41807] Dragonfin Angelfish
        [41806] Musselback Sculpin
        [41805] Borean Man O' War
        [41804] Icemouth Waveskipper
        [41803] Rockfin Grouper
        [41802] Imperial Manta Ray
        [41801] Moonglow Cuttlefish
        [41800] Deep Sea Monsterbelly
        [41751] Black Mushroom
        [41745] Titanium Rod
        [41741] Cobalt Rod
        [41510] Bolt of Frostweave
        [39686] Neo-Dynamic Gear Assembly
        [39683] Froststeel Tube
        [39682] Overcharged Capacitor
        [39343] Azure Pigment
        [38558] Nerubian Chitin
        [38430] Blackrock Mineral Water
        [38427] Pickled Egg
        [38426] Eternium Thread
        [35462] Enchant Weapon - Sunfire
        [35461] Enchant Weapon - Spellsurge
        [35460] Enchant Weapon - Soulfrost
        [35459] Enchant Weapon - Potency
        [35458] Enchant Weapon - Mongoose
        [35457] Enchant Weapon - Major Striking
        [35456] Enchant Weapon - Major Spellpower
        [35455] Enchant Weapon - Major Intellect
        [35454] Enchant Weapon - Major Healing
        [35453] Enchant Weapon - Greater Agility
        [35452] Enchant Weapon - Battlemaster
        [35451] Enchant Shield - Shield Block
        [35450] Enchant Shield - Resistance
        [35449] Enchant Shield - Major Stamina
        [35448] Enchant Shield - Intellect
        [35447] Enchant Ring - Striking
        [35446] Enchant Ring - Stats
        [35445] Enchant Ring - Spellpower
        [35444] Enchant Ring - Healing Power
        [35443] Enchant Gloves - Spell Strike
        [35442] Enchant Gloves - Major Strength
        [35441] Enchant Gloves - Major Spellpower
        [35440] Enchant Gloves - Major Healing
        [35439] Enchant Gloves - Blasting
        [35438] Enchant Gloves - Assault
        [35437] Enchant Cloak - Major Armor
        [35436] Enchant Cloak - Spell Penetration
        [35435] Enchant Cloak - Major Resistance
        [35434] Enchant Cloak - Greater Shadow Resistance
        [35433] Enchant Cloak - Greater Arcane Resistance
        [35432] Enchant Cloak - Greater Agility
        [35431] Enchant Chest - Major Spirit
        [35430] Enchant Chest - Major Resilience
        [35429] Enchant Chest - Exceptional Stats
        [35428] Enchant Chest - Exceptional Health
        [35427] Enchant Bracer - Superior Healing
        [35426] Enchant Bracer - Stats
        [35425] Enchant Bracer - Spellpower
        [35424] Enchant Bracer - Restore Mana Prime
        [35423] Enchant Bracer - Major Intellect
        [35422] Enchant Bracer - Major Defense
        [35421] Enchant Bracer - Fortitude
        [35420] Enchant Bracer - Brawn
        [35419] Enchant Boots - Vitality
        [35418] Enchant Boots - Surefooted
        [35417] Enchant Boots - Fortitude
        [35400] Enchant Boots - Dexterity
        [35399] Enchant Boots - Cat's Swiftness
        [35398] Enchant Boots - Boar's Speed
        [35397] Enchant 2H Weapon - Savagery
        [35396] Enchant 2H Weapon - Major Agility
        [35287] Luminous Bluetail
        [35285] Giant Sunfish
        [35128] Hardened Khorium
        [34746] Northrend Meat 12
        [34745] Northrend Meat 11
        [34744] Northrend Meat 10
        [34743] Northrend Meat 09
        [34742] Northrend Meat 08
        [34741] Northrend Meat 07
        [34740] Northrend Meat 06
        [34739] Northrend Meat 05
        [34738] Northrend Meat 04
        [34737] Northrend Meat 03
        [34736] Chunk o' Mammoth
        [34735] Northrend Meat 01
        [34539] Righteous Weapon Coating
        [34538] Blessed Weapon Coating
        [34537] Bloodberry Elixir
        [34504] Adamantite Shell Machine
        [34330] Heavy Knothide Armor Kit
        [34207] Glove Reinforcements
        [34113] Field Repair Bot 110G
        [33874] Kibler's Bits
        [33867] Broiled Bloodfin
        [33866] Stormchops
        [33825] Skullfish Soup
        [33824] Crescent-Tail Skullfish
        [33823] Bloodfin Catfish
        [33568] Borean Leather
        [33567] Borean Leather Scraps
        [33470] Frostweave Cloth
        [33462] Scroll of Strength VI
        [33461] Scroll of Stamina VI
        [33460] Scroll of Spirit VI
        [33459] Scroll of Protection VI
        [33458] Scroll of Intellect VI
        [33457] Scroll of Agility VI
        [33246] Funnel Cake
        [33236] Fizzy Faire Drink "Classic"
        [33208] Flask of Chromatic Wonder
        [33185] Adamantite Weapon Chain
        [33093] Mana Potion Injector
        [33092] Healing Potion Injector
        [33034] Gordok Grog
        [33025] Spicy Smoked Sausage
        [32852] Cauldron of Major Shadow Protection
        [32851] Cauldron of Major Nature Protection
        [32850] Cauldron of Major Frost Protection
        [32849] Cauldron of Major Fire Protection
        [32839] Cauldron of Major Arcane Protection
        [32763] Rulkster's Secret Sauce
        [32762] Rulkster's Brain Juice
        [32722] Enriched Terocone Juice
        [32601] Unstable Flask of the Sorcerer
        [32600] Unstable Flask of the Physician
        [32599] Unstable Flask of the Bandit
        [32598] Unstable Flask of the Beast
        [32597] Unstable Flask of the Soldier
        [32596] Unstable Flask of the Elder
        [32455] Star's Lament
        [32423] Icy Blasting Primers
        [32413] Frost Grenade
        [32068] Elixir of Ironskin
        [32067] Elixir of Draenic Wisdom
        [32063] Earthen Elixir
        [32062] Elixir of Major Fortitude
        [31679] Fel Strength Elixir
        [31676] Fel Regeneration Potion
        [31673] Crunchy Serpent
        [31672] Mok'Nathal Shortribs
        [30610] Smoked Black Bear Meat
        [30458] Stromgarde Muenster
        [30155] Clam Bar
        [29531] Drums of Restoration
        [29530] Drums of Speed
        [29528] Drums of War
        [29488] Arcane Armor Kit
        [29487] Nature Armor Kit
        [29486] Frost Armor Kit
        [29485] Flame Armor Kit
        [29483] Shadow Armor Kit
        [29454] Silverwine
        [29412] Jessen's Special Slop
        [29393] Diamond Berries
        [28486] Moser's Magnificent Muffin
        [28421] Adamantite Weightstone
        [28399] Filtered Draenic Water
        [28104] Elixir of Mastery
        [28101] Unstable Mana Potion
        [27859] Zangar Caps
        [27858] Sunspring Carp
        [27857] Garadar Sharp
        [27856] Skethyl Berries
        [27855] Mag'har Grainbread
        [27854] Smoked Talbuk Venison
        [27667] Spicy Crawdad
        [27666] Golden Fish Sticks
        [27665] Poached Bluefish
        [27664] Grilled Mudfish
        [27663] Blackened Sporefish
        [27662] Feltail Delight
        [27661] Blackened Trout
        [27660] Talbuk Steak
        [27659] Warp Burger
        [27658] Roasted Clefthoof
        [27657] Blackened Basilisk
        [27656] Sporeling Snack
        [27655] Ravager Dog
        [27651] Buzzard Bites
        [25844] Adamantite Rod
        [25707] Fel Hide
        [25652] Magister's Armor Kit
        [25651] Vindicator's Armor Kit
        [25521] Greater Rune of Warding
        [24477] Jaggal Clam Meat
        [24476] Jaggal Clam
        [24243] Adamantite Powder
        [23841] Gnomish Flame Turret
        [23832] Gnomish Tonk Controller
        [23831] Goblin Tonk Controller
        [23827] Super Sapper Charge
        [23826] The Bigger One
        [23823] Mana Potion Injector
        [23822] Healing Potion Injector
        [23821] Zapthrottle Mote Extractor
        [23820] Critter Enlarger
        [23819] Elemental Seaforium Charge
        [23793] Heavy Knothide Leather
        [23787] Felsteel Stabilizer
        [23786] Khorium Power Core
        [23785] Hardened Adamantite Tube
        [23784] Adamantite Frame
        [23764] Adamantite Scope
        [23737] Adamantite Grenade
        [23576] Greater Ward of Shielding
        [23575] Lesser Ward of Shielding
        [23559] Lesser Rune of Warding
        [23530] Felsteel Shield Spike
        [23529] Adamantite Sharpening Stone
        [23449] Khorium Bar
        [23447] Eternium Bar
        [23446] Adamantite Bar
        [23427] Eternium Ore
        [23426] Khorium Ore
        [23425] Adamantite Ore
        [22871] Shrouding Potion
        [22866] Flask of Pure Death
        [22861] Flask of Blinding Light
        [22854] Flask of Relentless Assault
        [22853] Flask of Mighty Restoration
        [22851] Flask of Fortification
        [22848] Elixir of Empowerment
        [22847] Major Holy Protection Potion
        [22846] Major Shadow Protection Potion
        [22845] Major Arcane Protection Potion
        [22844] Major Nature Protection Potion
        [22842] Major Frost Protection Potion
        [22841] Major Fire Protection Potion
        [22840] Elixir of Major Mageblood
        [22839] Destruction Potion
        [22838] Haste Potion
        [22837] Heroic Potion
        [22836] Major Dreamless Sleep Potion
        [22835] Elixir of Major Shadow Power
        [22834] Elixir of Major Defense
        [22833] Elixir of Major Firepower
        [22832] Super Mana Potion
        [22831] Elixir of Major Agility
        [22830] Elixir of the Searching Eye
        [22829] Super Healing Potion
        [22828] Insane Strength Potion
        [22827] Elixir of Major Frost Power
        [22826] Sneaking Potion
        [22825] Elixir of Healing Power
        [22824] Elixir of Major Strength
        [22823] Elixir of Camouflage
        [22797] Nightmare Seed
        [22794] Fel Lotus
        [22793] Mana Thistle
        [22792] Nightmare Vine
        [22791] Netherbloom
        [22790] Ancient Lichen
        [22788] Flame Cap
        [22787] Ragveil
        [22578] Mote of Water
        [22577] Mote of Shadow
        [22576] Mote of Mana
        [22575] Mote of Life
        [22574] Mote of Fire
        [22573] Mote of Earth
        [22572] Mote of Air
        [22522] Superior Wizard Oil
        [22521] Superior Mana Oil
        [22457] Primal Mana
        [22456] Primal Shadow
        [22452] Primal Earth
        [22451] Primal Air
        [22055] Wound Poison V
        [22054] Deadly Poison VII
        [22053] Deadly Poison VI
        [21991] Heavy Netherweave Bandage
        [21990] Netherweave Bandage
        [21927] Instant Poison VII
        [21886] Primal Life
        [21885] Primal Water
        [21884] Primal Fire
        [21844] Bolt of Soulcloth
        [21835] Anesthetic Poison
        [21023] Dirge's Kickin' Chimaerok Chops
        [20475] Adamantite Arrow Maker
        [20381] Dreamscale
        [18300] Hyjal Nectar
        [10310] Scroll of Strength IV
        [10309] Scroll of Agility IV
    Bucket 6 (levels 61..70) Type 0 - 525 random items cached
        [45277] Jillian's Savior Sauce
        [45276] Jillian's Genius Juice
        [44629] Cask of Peaked Dalaran Red
        [44627] Bottle of Peaked Dalaran Red
        [44622] Cask of Dalaran White
        [44621] Bottle of Dalaran White
        [44619] Glass of Peaked Dalaran Red
        [44618] Glass of Aged Dalaran Red
        [44616] Glass of Dalaran White
        [44475] Reinforced Crate
        [44315] Scroll of Recall III
        [43854] Cobalt Skeleton Key
        [43667] Book of Clever Tricks
        [43666] Hellfire Tome
        [43562] Nightmare Berries
        [43501] Northern Egg
        [43127] Snowfall Ink
        [43126] Ink of the Sea
        [43108] Ebon Pigment
        [43013] Chilled Meat
        [43012] Rhino Meat
        [43011] Worg Haunch
        [43010] Worm Meat
        [43009] Shoveltusk Flank
        [42170] Silver Brooch
        [41814] Glassfin Minnow
        [41813] Nettlefish
        [41812] Barrelhead Goby
        [41811] Meltwater Beardfish
        [41810] Fangtooth Herring
        [41809] Glacial Salmon
        [41808] Bonescale Snapper
        [41807] Dragonfin Angelfish
        [41806] Musselback Sculpin
        [41805] Borean Man O' War
        [41804] Icemouth Waveskipper
        [41803] Rockfin Grouper
        [41802] Imperial Manta Ray
        [41801] Moonglow Cuttlefish
        [41800] Deep Sea Monsterbelly
        [41751] Black Mushroom
        [41745] Titanium Rod
        [41741] Cobalt Rod
        [41510] Bolt of Frostweave
        [39686] Neo-Dynamic Gear Assembly
        [39683] Froststeel Tube
        [39682] Overcharged Capacitor
        [39343] Azure Pigment
        [38558] Nerubian Chitin
        [38430] Blackrock Mineral Water
        [38427] Pickled Egg
        [38426] Eternium Thread
        [35462] Enchant Weapon - Sunfire
        [35461] Enchant Weapon - Spellsurge
        [35460] Enchant Weapon - Soulfrost
        [35459] Enchant Weapon - Potency
        [35458] Enchant Weapon - Mongoose
        [35457] Enchant Weapon - Major Striking
        [35456] Enchant Weapon - Major Spellpower
        [35455] Enchant Weapon - Major Intellect
        [35454] Enchant Weapon - Major Healing
        [35453] Enchant Weapon - Greater Agility
        [35452] Enchant Weapon - Battlemaster
        [35451] Enchant Shield - Shield Block
        [35450] Enchant Shield - Resistance
        [35449] Enchant Shield - Major Stamina
        [35448] Enchant Shield - Intellect
        [35447] Enchant Ring - Striking
        [35446] Enchant Ring - Stats
        [35445] Enchant Ring - Spellpower
        [35444] Enchant Ring - Healing Power
        [35443] Enchant Gloves - Spell Strike
        [35442] Enchant Gloves - Major Strength
        [35441] Enchant Gloves - Major Spellpower
        [35440] Enchant Gloves - Major Healing
        [35439] Enchant Gloves - Blasting
        [35438] Enchant Gloves - Assault
        [35437] Enchant Cloak - Major Armor
        [35436] Enchant Cloak - Spell Penetration
        [35435] Enchant Cloak - Major Resistance
        [35434] Enchant Cloak - Greater Shadow Resistance
        [35433] Enchant Cloak - Greater Arcane Resistance
        [35432] Enchant Cloak - Greater Agility
        [35431] Enchant Chest - Major Spirit
        [35430] Enchant Chest - Major Resilience
        [35429] Enchant Chest - Exceptional Stats
        [35428] Enchant Chest - Exceptional Health
        [35427] Enchant Bracer - Superior Healing
        [35426] Enchant Bracer - Stats
        [35425] Enchant Bracer - Spellpower
        [35424] Enchant Bracer - Restore Mana Prime
        [35423] Enchant Bracer - Major Intellect
        [35422] Enchant Bracer - Major Defense
        [35421] Enchant Bracer - Fortitude
        [35420] Enchant Bracer - Brawn
        [35419] Enchant Boots - Vitality
        [35418] Enchant Boots - Surefooted
        [35417] Enchant Boots - Fortitude
        [35400] Enchant Boots - Dexterity
        [35399] Enchant Boots - Cat's Swiftness
        [35398] Enchant Boots - Boar's Speed
        [35397] Enchant 2H Weapon - Savagery
        [35396] Enchant 2H Weapon - Major Agility
        [35287] Luminous Bluetail
        [35285] Giant Sunfish
        [35128] Hardened Khorium
        [34746] Northrend Meat 12
        [34745] Northrend Meat 11
        [34744] Northrend Meat 10
        [34743] Northrend Meat 09
        [34742] Northrend Meat 08
        [34741] Northrend Meat 07
        [34740] Northrend Meat 06
        [34739] Northrend Meat 05
        [34738] Northrend Meat 04
        [34737] Northrend Meat 03
        [34736] Chunk o' Mammoth
        [34735] Northrend Meat 01
        [34664] Sunmote
        [34539] Righteous Weapon Coating
        [34538] Blessed Weapon Coating
        [34537] Bloodberry Elixir
        [34504] Adamantite Shell Machine
        [34330] Heavy Knothide Armor Kit
        [34207] Glove Reinforcements
        [34113] Field Repair Bot 110G
        [33874] Kibler's Bits
        [33867] Broiled Bloodfin
        [33866] Stormchops
        [33825] Skullfish Soup
        [33824] Crescent-Tail Skullfish
        [33823] Bloodfin Catfish
        [33568] Borean Leather
        [33567] Borean Leather Scraps
        [33470] Frostweave Cloth
        [33462] Scroll of Strength VI
        [33461] Scroll of Stamina VI
        [33460] Scroll of Spirit VI
        [33459] Scroll of Protection VI
        [33458] Scroll of Intellect VI
        [33457] Scroll of Agility VI
        [33246] Funnel Cake
        [33236] Fizzy Faire Drink "Classic"
        [33208] Flask of Chromatic Wonder
        [33185] Adamantite Weapon Chain
        [33093] Mana Potion Injector
        [33092] Healing Potion Injector
        [33034] Gordok Grog
        [33025] Spicy Smoked Sausage
        [32852] Cauldron of Major Shadow Protection
        [32851] Cauldron of Major Nature Protection
        [32850] Cauldron of Major Frost Protection
        [32849] Cauldron of Major Fire Protection
        [32839] Cauldron of Major Arcane Protection
        [32763] Rulkster's Secret Sauce
        [32762] Rulkster's Brain Juice
        [32722] Enriched Terocone Juice
        [32601] Unstable Flask of the Sorcerer
        [32600] Unstable Flask of the Physician
        [32599] Unstable Flask of the Bandit
        [32598] Unstable Flask of the Beast
        [32597] Unstable Flask of the Soldier
        [32596] Unstable Flask of the Elder
        [32455] Star's Lament
        [32428] Heart of Darkness
        [32423] Icy Blasting Primers
        [32413] Frost Grenade
        [32068] Elixir of Ironskin
        [32067] Elixir of Draenic Wisdom
        [32063] Earthen Elixir
        [32062] Elixir of Major Fortitude
        [31679] Fel Strength Elixir
        [31676] Fel Regeneration Potion
        [31673] Crunchy Serpent
        [31672] Mok'Nathal Shortribs
        [30610] Smoked Black Bear Meat
        [30458] Stromgarde Muenster
        [30155] Clam Bar
        [29534] Clefthide Leg Armor
        [29533] Cobrahide Leg Armor
        [29531] Drums of Restoration
        [29530] Drums of Speed
        [29528] Drums of War
        [29488] Arcane Armor Kit
        [29487] Nature Armor Kit
        [29486] Frost Armor Kit
        [29485] Flame Armor Kit
        [29483] Shadow Armor Kit
        [29454] Silverwine
        [29412] Jessen's Special Slop
        [29393] Diamond Berries
        [28486] Moser's Magnificent Muffin
        [28421] Adamantite Weightstone
        [28399] Filtered Draenic Water
        [28104] Elixir of Mastery
        [28101] Unstable Mana Potion
        [27859] Zangar Caps
        [27858] Sunspring Carp
        [27857] Garadar Sharp
        [27856] Skethyl Berries
        [27855] Mag'har Grainbread
        [27854] Smoked Talbuk Venison
        [27667] Spicy Crawdad
        [27666] Golden Fish Sticks
        [27665] Poached Bluefish
        [27664] Grilled Mudfish
        [27663] Blackened Sporefish
        [27662] Feltail Delight
        [27661] Blackened Trout
        [27660] Talbuk Steak
        [27659] Warp Burger
        [27658] Roasted Clefthoof
        [27657] Blackened Basilisk
        [27656] Sporeling Snack
        [27655] Ravager Dog
        [27651] Buzzard Bites
        [25844] Adamantite Rod
        [25707] Fel Hide
        [25653] Riding Crop
        [25652] Magister's Armor Kit
        [25651] Vindicator's Armor Kit
        [25521] Greater Rune of Warding
        [24477] Jaggal Clam Meat
        [24476] Jaggal Clam
        [24288] Rune Thread
        [24275] Silver Spellthread
        [24273] Mystic Spellthread
        [24272] Shadowcloth
        [24271] Spellcloth
        [24243] Adamantite Powder
        [24071] Bland Dagger
        [23855] Spellfire Cloth
        [23854] Shadoweave Cloth
        [23841] Gnomish Flame Turret
        [23836] Goblin Rocket Launcher
        [23835] Gnomish Poultryizer
        [23832] Gnomish Tonk Controller
        [23831] Goblin Tonk Controller
        [23827] Super Sapper Charge
        [23826] The Bigger One
        [23823] Mana Potion Injector
        [23822] Healing Potion Injector
        [23821] Zapthrottle Mote Extractor
        [23820] Critter Enlarger
        [23819] Elemental Seaforium Charge
        [23793] Heavy Knothide Leather
        [23787] Felsteel Stabilizer
        [23786] Khorium Power Core
        [23785] Hardened Adamantite Tube
        [23784] Adamantite Frame
        [23764] Adamantite Scope
        [23737] Adamantite Grenade
        [23576] Greater Ward of Shielding
        [23575] Lesser Ward of Shielding
        [23571] Primal Might
        [23559] Lesser Rune of Warding
        [23530] Felsteel Shield Spike
        [23529] Adamantite Sharpening Stone
        [23449] Khorium Bar
        [23447] Eternium Bar
        [23446] Adamantite Bar
        [23427] Eternium Ore
        [23426] Khorium Ore
        [23425] Adamantite Ore
        [23203] Libram of Fervor
        [23199] Totem of the Storm
        [23197] Idol of the Moon
        [23093] Wristwraps of Undead Slaying
        [23092] Wristguards of Undead Slaying
        [23091] Bracers of Undead Cleansing
        [23090] Bracers of Undead Slaying
        [22871] Shrouding Potion
        [22866] Flask of Pure Death
        [22861] Flask of Blinding Light
        [22854] Flask of Relentless Assault
        [22853] Flask of Mighty Restoration
        [22851] Flask of Fortification
        [22848] Elixir of Empowerment
        [22847] Major Holy Protection Potion
        [22846] Major Shadow Protection Potion
        [22845] Major Arcane Protection Potion
        [22844] Major Nature Protection Potion
        [22842] Major Frost Protection Potion
        [22841] Major Fire Protection Potion
        [22840] Elixir of Major Mageblood
        [22839] Destruction Potion
        [22838] Haste Potion
        [22837] Heroic Potion
        [22836] Major Dreamless Sleep Potion
        [22835] Elixir of Major Shadow Power
        [22834] Elixir of Major Defense
        [22833] Elixir of Major Firepower
        [22832] Super Mana Potion
        [22831] Elixir of Major Agility
        [22830] Elixir of the Searching Eye
        [22829] Super Healing Potion
        [22828] Insane Strength Potion
        [22827] Elixir of Major Frost Power
        [22826] Sneaking Potion
        [22825] Elixir of Healing Power
        [22824] Elixir of Major Strength
        [22823] Elixir of Camouflage
        [22797] Nightmare Seed
        [22794] Fel Lotus
        [22793] Mana Thistle
        [22792] Nightmare Vine
        [22791] Netherbloom
        [22790] Ancient Lichen
        [22788] Flame Cap
        [22787] Ragveil
        [22764] Ironvine Belt
        [22763] Ironvine Gloves
        [22762] Ironvine Breastplate
        [22761] Bramblewood Belt
        [22760] Bramblewood Boots
        [22759] Bramblewood Helm
        [22758] Sylvan Shoulders
        [22757] Sylvan Crown
        [22756] Sylvan Vest
        [22660] Gaea's Embrace
        [22578] Mote of Water
        [22577] Mote of Shadow
        [22576] Mote of Mana
        [22575] Mote of Life
        [22574] Mote of Fire
        [22573] Mote of Earth
        [22572] Mote of Air
        [22522] Superior Wizard Oil
        [22521] Superior Mana Oil
        [22457] Primal Mana
        [22456] Primal Shadow
        [22452] Primal Earth
        [22451] Primal Air
        [22384] Persuader
        [22383] Sageblade
        [22198] Jagged Obsidian Shield
        [22197] Heavy Obsidian Belt
        [22195] Light Obsidian Belt
        [22194] Black Grasp of the Destroyer
        [22055] Wound Poison V
        [22054] Deadly Poison VII
        [22053] Deadly Poison VI
        [21991] Heavy Netherweave Bandage
        [21990] Netherweave Bandage
        [21927] Instant Poison VII
        [21886] Primal Life
        [21885] Primal Water
        [21884] Primal Fire
        [21845] Primal Mooncloth
        [21844] Bolt of Soulcloth
        [21835] Anesthetic Poison
        [21805] Polished Obsidian Pauldrons
        [21804] Coif of Elemental Fury
        [21803] Helm of the Holy Avenger
        [21802] The Lost Kris of Zedd
        [21801] Antenna of Invigoration
        [21800] Silithid Husked Launcher
        [21793] Arcanite Sword Pendant
        [21792] Necklace of the Diamond Tower
        [21780] Blood Crown
        [21779] Band of Natural Fire
        [21278] Stormshroud Gloves
        [21023] Dirge's Kickin' Chimaerok Chops
        [20722] Crystal Slugthrower
        [20721] Band of the Cultist
        [20720] Dark Whisper Blade
        [20698] Elemental Attuned Blade
        [20697] Crystalline Threaded Cape
        [20696] Crystal Spiked Maul
        [20695] Abyssal War Beads
        [20674] Abyssal Cloth Pants
        [20671] Abyssal Plate Legguards
        [20668] Abyssal Mail Legguards
        [20665] Abyssal Leather Leggings
        [20551] Darkrune Helm
        [20550] Darkrune Breastplate
        [20549] Darkrune Gauntlets
        [20539] Runed Stygian Belt
        [20538] Runed Stygian Leggings
        [20537] Runed Stygian Boots
        [20481] Spitfire Bracers
        [20480] Spitfire Gauntlets
        [20479] Spitfire Breastplate
        [20478] Sandstalker Breastplate
        [20477] Sandstalker Gauntlets
        [20476] Sandstalker Bracers
        [20475] Adamantite Arrow Maker
        [20381] Dreamscale
        [20380] Dreamscale Breastplate
        [20263] Gurubashi Helm
        [20261] Shadow Panther Hide Belt
        [20259] Shadow Panther Hide Gloves
        [20258] Zulian Ceremonial Staff
        [20039] Dark Iron Boots
        [19999] Bloodvine Goggles
        [19998] Bloodvine Lens
        [19921] Zulian Hacker
        [19695] Darksoul Shoulders
        [19694] Darksoul Leggings
        [19693] Darksoul Breastplate
        [19692] Bloodsoul Gauntlets
        [19691] Bloodsoul Shoulders
        [19690] Bloodsoul Breastplate
        [19689] Blood Tiger Shoulders
        [19688] Blood Tiger Breastplate
        [19687] Primal Batskin Bracers
        [19686] Primal Batskin Gloves
        [19685] Primal Batskin Jerkin
        [19684] Bloodvine Boots
        [19683] Bloodvine Leggings
        [19682] Bloodvine Vest
        [19170] Ebon Hand
        [19169] Nightfall
        [19168] Blackguard
        [19167] Blackfury
        [19166] Black Amnesty
        [19165] Flarecore Leggings
        [19164] Dark Iron Gauntlets
        [19163] Molten Belt
        [19162] Corehound Belt
        [19157] Chromatic Gauntlets
        [19156] Flarecore Robe
        [19149] Lava Belt
        [19148] Dark Iron Helm
        [19059] Argent Shoulders
        [19058] Golden Mantle of the Dawn
        [19057] Gloves of the Dawn
        [19050] Mantle of the Timbermaw
        [19049] Timbermaw Brawlers
        [19048] Heavy Timbermaw Boots
        [18741] Morlune's Bracer
        [18736] Plaguehound Leggings
        [18678] Tempestria's Frozen Necklace
        [18676] Sash of the Windreaver
        [18511] Shifting Cloak
        [18510] Hide of the Wild
        [18509] Chromatic Cloak
        [18508] Swift Flight Bracers
        [18506] Mongoose Boots
        [18504] Girdle of Insight
        [18486] Mooncloth Robe
        [18413] Cloak of Warding
        [18409] Mooncloth Gloves
        [18408] Inferno Gloves
        [18407] Felcloth Gloves
        [18405] Belt of the Archmage
        [18300] Hyjal Nectar
        [18282] Core Marksman Rifle
        [18263] Flarecore Wraps
        [18168] Force Reactive Disk
        [17193] Sulfuron Hammer
        [17016] Dark Iron Destroyer
        [17015] Dark Iron Reaver
        [16988] Fiery Chain Shoulders
        [16984] Black Dragonscale Boots
        [16980] Flarecore Mantle
        [16979] Flarecore Gloves
        [16864] Belt of Might
        [16861] Bracers of Might
        [16858] Lawbringer Belt
        [16857] Lawbringer Bracers
        [16851] Giantstalker's Belt
        [16850] Giantstalker's Bracers
        [16840] Earthfury Bracers
        [16838] Earthfury Belt
        [16830] Cenarion Bracers
        [16828] Cenarion Belt
        [16827] Nightslayer Belt
        [16825] Nightslayer Bracelets
        [16819] Vambraces of Prophecy
        [16817] Girdle of Prophecy
        [16806] Felheart Belt
        [16804] Felheart Bracers
        [16802] Arcanist Belt
        [16799] Arcanist Bindings
        [16007] Flawless Arcanite Rifle
        [15141] Onyxia Scale Breastplate
        [15052] Black Dragonscale Leggings
        [15047] Red Dragonscale Breastplate
        [14558] Lady Maye's Pendant
        [14557] The Lion Horn of Stormwind
        [14555] Alcor's Sunrazor
        [14554] Cloudkeeper Legplates
        [14553] Sash of Mercy
        [14536] Bonebrace Hauberk
        [14146] Gloves of Spell Mastery
        [14140] Mooncloth Circlet
        [14139] Mooncloth Shoulders
        [13260] Wind Dancer Boots
        [13133] Drakesfire Epaulets
        [13123] Dreamwalker Armor
        [13116] Spaulders of the Unseen
        [13113] Feathermoon Headdress
        [13107] Magiskull Cuffs
        [13083] Garrett Family Crest
        [13075] Direwing Legguards
        [13028] Bludstone Hammer
        [13023] Eaglehorn Long Bow
        [13015] Serathil
        [13006] Mass of McGowan
        [13001] Maiden's Circle
        [13000] Staff of Hale Magefire
        [12798] Annihilator
        [12797] Frostguard
        [12796] Hammer of the Titans
        [12794] Masterwork Stormhammer
        [12790] Arcanite Champion
        [12784] Arcanite Reaper
        [12783] Heartseeker
        [12641] Invulnerable Mail
        [12640] Lionheart Helm
        [12639] Stronghold Gauntlets
        [12636] Helm of the Great Chief
        [12620] Enchanted Thorium Helm
        [12619] Enchanted Thorium Leggings
        [12618] Enchanted Thorium Breastplate
        [10310] Scroll of Strength IV
        [10309] Scroll of Agility IV
        [6622] Sword of Zeal
        [5267] Scarlet Kris
        [3475] Cloak of Flames
        [2801] Blade of Hanna
        [2243] Hand of Edward the Odd
        [1728] Teebu's Blazing Longsword
        [944] Elemental Mage Staff
    Bucket 7 (levels 71..80) Type 2 - 2 random items cached
        [40895] Gnomish X-Ray Specs
        [30755] Mag'hari Fighting Claw
    Bucket 7 (levels 71..80) Type 1 - 1 random items cached
        [40895] Gnomish X-Ray Specs
    Bucket 7 (levels 71..80) Type 4 - 23 random items cached
        [46849] Titanium Powder
        [43853] Titanium Skeleton Key
        [43563] Frozen Beetle Husk
        [43109] Icy Pigment
        [42500] Titanium Shield Spike
        [42421] Shadow Jade Focusing Lens
        [42420] Shadow Crystal Focusing Lens
        [41976] Titanium Weapon Chain
        [41511] Bolt of Imbued Frostweave
        [41367] Dark Jade Focusing Lens
        [41163] Titanium Bar
        [38376] Heavy Borean Armor Kit
        [37663] Titansteel Bar
        [36915] Froststeel Bar
        [36910] Titanium Ore
        [36908] Frost Lotus
        [36860] Eternal Fire
        [35627] Eternal Shadow
        [35625] Eternal Life
        [35624] Eternal Earth
        [35623] Eternal Air
        [35622] Eternal Water
        [29532] Drums of Panic
    Bucket 7 (levels 71..80) Type 3 - 271 random items cached
        [49634] Drums of the Wild
        [49633] Drums of Forgotten Kings
        [47828] Goblin Beam Welder
        [46849] Titanium Powder
        [45909] Giant Darkwater Clam
        [45901] Homemade Fish Fry
        [44958] Ethereal Oil
        [44953] Worg Tartare
        [44941] Fresh-Squeezed Limeade
        [44939] Lesser Flask of Resistance
        [44750] Mountain Water
        [44749] Salted Yeti Cheese
        [44739] Diamond-cut Refractor Scope
        [44700] Brooding Darkwater Clam
        [44612] Dalaran Swiss Wheel
        [44610] Fresh Dalaran Bread
        [44609] Fresh Dalaran Bread Slice
        [44608] Dalaran Swiss
        [44598] Shrapnel Grenade
        [44507] Ultrasafe Bullet Machine
        [44506] Saronite Arrow Maker
        [44501] Goblin-machined Piston
        [44500] Elementium-plated Exhaust Pipe
        [44499] Salvaged Iron Golem Parts
        [44332] Elixir of Mighty Thoughts
        [44331] Elixir of Lightning Speed
        [44330] Elixir of Armor Piercing
        [44329] Elixir of Expertise
        [44328] Elixir of Mighty Defense
        [44327] Elixir of Deadly Strikes
        [44325] Elixir of Accuracy
        [43853] Titanium Skeleton Key
        [43652] Slippery Eel
        [43647] Shimmering Minnow
        [43646] Fountain Goldfish
        [43621] Broken Noggenfogger Elixir
        [43620] Broken Spellpower Elixir
        [43614] Broken Wrath Elixir
        [43572] Magic Eater
        [43571] Sewer Carp
        [43563] Frozen Beetle Husk
        [43492] Haunted Herring
        [43491] Bad Clams
        [43490] Tasty Cupcake
        [43488] Last Weeks Mammoth
        [43480] Small Feast
        [43478] Gigantic Feast
        [43468] Scroll of Protection VIII
        [43467] Scroll of Protection VII
        [43465] Scroll of Strength VII
        [43463] Scroll of Agility VII
        [43268] Dalaran Clam Chowder
        [43237] Anesthetic Poison II
        [43235] Wound Poison VII
        [43234] Wound Poison VI
        [43233] Deadly Poison IX
        [43232] Deadly Poison VIII
        [43231] Instant Poison IX
        [43230] Instant Poison VIII
        [43109] Icy Pigment
        [43086] Fresh Apple Juice
        [43038] The Naked Bomb
        [43015] Fish Feast
        [43005] Spiced Mammoth Treats
        [43004] Critter Bites
        [43001] Tracker Snacks
        [43000] Dragonfin Filet
        [42999] Blackened Dragonfin
        [42998] Cuttlesteak
        [42997] Blackened Worg Steak
        [42996] Snapper Extreme
        [42995] Hearty Rhino
        [42994] Rhinolicious Wormsteak
        [42993] Spicy Fried Herring
        [42942] Baked Manta Ray
        [42641] Global Thermal Sapper Charge
        [42546] Mana Injector Kit
        [42545] Runic Mana Injector
        [42500] Titanium Shield Spike
        [42439] Big Berry Pie
        [42436] Chocolate Celebration Cake
        [42430] Dalaran Doughnut
        [42428] Carrot Cupcake
        [42421] Shadow Jade Focusing Lens
        [42420] Shadow Crystal Focusing Lens
        [42253] Iceweb Spider Silk
        [42171] Emerald Brooch
        [41976] Titanium Weapon Chain
        [41511] Bolt of Imbued Frostweave
        [41509] Frostweave Net
        [41367] Dark Jade Focusing Lens
        [41166] Runic Healing Injector
        [41163] Titanium Bar
        [41119] Saronite Bomb
        [41118] Nitro Boosts
        [41111] Flexweave Underlay
        [41093] Hyperspeed Accelerators
        [41091] Hand-Mounted Pyro Rocket
        [40776] Personal Electromagnetic Pulse Generator
        [40772] Gnomish Army Knife
        [40771] Cobalt Frag Bomb
        [40769] Scrapbot Construction Kit
        [40536] Explosive Decoy
        [40533] Walnut Stock
        [40411] Enchanted Vial
        [40359] Fresh Eagle Meat
        [40358] Raw Tallhorn Chunk
        [40357] Grizzleberry Juice
        [40356] Grizzleberries
        [40217] Mighty Shadow Protection Potion
        [40216] Mighty Nature Protection Potion
        [40215] Mighty Frost Protection Potion
        [40214] Mighty Fire Protection Potion
        [40213] Mighty Arcane Protection Potion
        [40212] Potion of Wild Magic
        [40211] Potion of Speed
        [40199] Pygmy Suckerfish
        [40195] Pygmy Oil
        [40109] Elixir of Mighty Mageblood
        [40097] Elixir of Protection
        [40093] Indestructible Potion
        [40087] Powerful Rejuvenation Potion
        [40081] Potion of Nightmares
        [40079] Lesser Flask of Toughness
        [40078] Elixir of Mighty Fortitude
        [40077] Crazy Alchemist's Potion
        [40076] Guru's Elixir
        [40073] Elixir of Mighty Strength
        [40072] Elixir of Spirit
        [40070] Spellpower Elixir
        [40068] Wrath Elixir
        [40067] Icy Mana Potion
        [39970] Fire Leaf
        [39969] Fire Seed
        [39691] Succulent Orca Stew
        [39690] Volatile Blasting Trigger
        [39687] Saronite Grenade
        [39685] Indestructible Frame
        [39684] Hair Trigger
        [39681] Handful of Cobalt Bolts
        [39671] Resurgent Healing Potion
        [39666] Elixir of Mighty Agility
        [39527] Plated Darkfish
        [39526] Coral Crusher
        [39502] Resilient Parchment
        [38698] Bitter Plasma
        [38643] Thick Frostweave Bandage
        [38625] Northern Icelip
        [38561] Jormungar Scale
        [38557] Icy Dragonscale
        [38431] Blackrock Fortified Water
        [38428] Rock-Salted Pretzel
        [38425] Heavy Borean Leather
        [38376] Heavy Borean Armor Kit
        [38375] Borean Armor Kit
        [38272] Bloody Giblets
        [38271] Lean Flank
        [38270] Slab of Blubber
        [37921] Deadnettle
        [37706] Hardened Saronite Bar
        [37705] Crystallized Water
        [37704] Crystallized Life
        [37703] Crystallized Shadow
        [37702] Crystallized Fire
        [37701] Crystallized Earth
        [37700] Crystallized Air
        [37663] Titansteel Bar
        [37567] Healing Injector Kit
        [37452] Fatty Bluefin
        [37253] Frostberry Juice
        [37252] Frostberries
        [37097] Scroll of Spirit VII
        [37093] Scroll of Stamina VII
        [37091] Scroll of Intellect VII
        [36916] Cobalt Bar
        [36915] Froststeel Bar
        [36914] Azurite Bar
        [36913] Saronite Bar
        [36912] Saronite Ore
        [36910] Titanium Ore
        [36909] Cobalt Ore
        [36908] Frost Lotus
        [36907] Talandra's Rose
        [36906] Icethorn
        [36905] Lichbloom
        [36904] Tiger Lily
        [36903] Adder's Tongue
        [36901] Goldclover
        [36900] Exceptional Wizard Oil
        [36899] Exceptional Mana Oil
        [36860] Eternal Fire
        [36782] Succulent Clam Meat
        [36781] Darkwater Clam
        [35954] Sweetened Goat's Milk
        [35949] Tundra Berries
        [35794] Silvercoat Stag Meat
        [35627] Eternal Shadow
        [35625] Eternal Life
        [35624] Eternal Earth
        [35623] Eternal Air
        [35622] Eternal Water
        [34769] Imperial Manta Steak
        [34768] Spicy Blue Nettlefish
        [34767] Firecracker Salmon
        [34766] Poached Northern Sculpin
        [34765] Pickled Fangtooth
        [34764] Poached Nettlefish
        [34763] Smoked Salmon
        [34762] Grilled Sculpin
        [34761] Sauteed Goby
        [34760] Grilled Bonescale
        [34759] Smoked Rockfin
        [34758] Mighty Rhino Dogs
        [34757] Very Burnt Worg
        [34756] Spiced Worm Burger
        [34755] Tender Shoveltusk Steak
        [34754] Mega Mammoth Meal
        [34753] Great Feast
        [34752] Rhino Dogs
        [34751] Roasted Worg
        [34750] Worm Delight
        [34749] Shoveltusk Steak
        [34748] Mammoth Meal
        [34747] Northern Stew
        [34722] Heavy Frostweave Bandage
        [34721] Frostweave Bandage
        [34440] Mad Alchemist's Potion
        [34411] Hot Apple Cider
        [34125] Shoveltusk Soup
        [33872] Spicy Hot Talbuk
        [33454] Salted Venison
        [33452] Honey-Spiced Lichen
        [33451] Fillet of Icefin
        [33449] Crusty Flatbread
        [33448] Runic Mana Potion
        [33447] Runic Healing Potion
        [33444] Pungent Seal Whey
        [33443] Sour Goat Cheese
        [33254] Afrazi Forest Strider Drumstick
        [33053] Hot Buttered Trout
        [33052] Fisherman's Feast
        [33048] Stewed Trout
        [33042] Black Coffee
        [33036] Mudder's Milk
        [33035] Ogre Mead
        [33026] The Golden Link
        [32766] Flaskataur's Flask of Flaskocity
        [32765] Flaskataur's Tears
        [32764] Flaskataur's Celestial Brew
        [32686] Mingo's Fortune Giblets
        [32685] Ogri'la Chicken Fingers
        [32668] Dos Ogris
        [32667] Bash Ale
        [32453] Star's Tears
        [31677] Fel Mana Potion
        [30457] Gilneas Sparkling Water
        [30355] Grilled Shadowmoon Tuber
        [29532] Drums of Panic
        [29453] Sporeggar Mushroom
        [29452] Zangar Trout
        [29451] Clefthoof Ribs
        [29450] Telaari Grapes
        [29449] Bladespire Bagel
        [29448] Mag'har Mild Cheese
        [29401] Sparkling Southshore Cider
        [29395] Ethermead
        [29394] Lyribread
        [27860] Purified Draenic Water
        [25845] Eternium Rod
        [22850] Super Rejuvenation Potion
        [22849] Ironshield Potion
    Bucket 7 (levels 71..80) Type 0 - 319 random items cached
        [49908] Primordial Saronite
        [49634] Drums of the Wild
        [49633] Drums of Forgotten Kings
        [47828] Goblin Beam Welder
        [47556] Crusader Orb
        [46849] Titanium Powder
        [45909] Giant Darkwater Clam
        [45901] Homemade Fish Fry
        [45087] Runed Orb
        [44963] Earthen Leg Armor
        [44958] Ethereal Oil
        [44953] Worg Tartare
        [44941] Fresh-Squeezed Limeade
        [44939] Lesser Flask of Resistance
        [44936] Titanium Plating
        [44750] Mountain Water
        [44749] Salted Yeti Cheese
        [44739] Diamond-cut Refractor Scope
        [44700] Brooding Darkwater Clam
        [44612] Dalaran Swiss Wheel
        [44610] Fresh Dalaran Bread
        [44609] Fresh Dalaran Bread Slice
        [44608] Dalaran Swiss
        [44598] Shrapnel Grenade
        [44507] Ultrasafe Bullet Machine
        [44506] Saronite Arrow Maker
        [44501] Goblin-machined Piston
        [44500] Elementium-plated Exhaust Pipe
        [44499] Salvaged Iron Golem Parts
        [44332] Elixir of Mighty Thoughts
        [44331] Elixir of Lightning Speed
        [44330] Elixir of Armor Piercing
        [44329] Elixir of Expertise
        [44328] Elixir of Mighty Defense
        [44327] Elixir of Deadly Strikes
        [44325] Elixir of Accuracy
        [44128] Arctic Fur
        [43853] Titanium Skeleton Key
        [43652] Slippery Eel
        [43647] Shimmering Minnow
        [43646] Fountain Goldfish
        [43621] Broken Noggenfogger Elixir
        [43620] Broken Spellpower Elixir
        [43614] Broken Wrath Elixir
        [43572] Magic Eater
        [43571] Sewer Carp
        [43563] Frozen Beetle Husk
        [43492] Haunted Herring
        [43491] Bad Clams
        [43490] Tasty Cupcake
        [43488] Last Weeks Mammoth
        [43480] Small Feast
        [43478] Gigantic Feast
        [43468] Scroll of Protection VIII
        [43467] Scroll of Protection VII
        [43465] Scroll of Strength VII
        [43463] Scroll of Agility VII
        [43268] Dalaran Clam Chowder
        [43237] Anesthetic Poison II
        [43235] Wound Poison VII
        [43234] Wound Poison VI
        [43233] Deadly Poison IX
        [43232] Deadly Poison VIII
        [43231] Instant Poison IX
        [43230] Instant Poison VIII
        [43109] Icy Pigment
        [43102] Frozen Orb
        [43086] Fresh Apple Juice
        [43038] The Naked Bomb
        [43015] Fish Feast
        [43005] Spiced Mammoth Treats
        [43004] Critter Bites
        [43001] Tracker Snacks
        [43000] Dragonfin Filet
        [42999] Blackened Dragonfin
        [42998] Cuttlesteak
        [42997] Blackened Worg Steak
        [42996] Snapper Extreme
        [42995] Hearty Rhino
        [42994] Rhinolicious Wormsteak
        [42993] Spicy Fried Herring
        [42953] Strange Envelope
        [42942] Baked Manta Ray
        [42641] Global Thermal Sapper Charge
        [42546] Mana Injector Kit
        [42545] Runic Mana Injector
        [42500] Titanium Shield Spike
        [42439] Big Berry Pie
        [42436] Chocolate Celebration Cake
        [42430] Dalaran Doughnut
        [42428] Carrot Cupcake
        [42421] Shadow Jade Focusing Lens
        [42420] Shadow Crystal Focusing Lens
        [42253] Iceweb Spider Silk
        [42171] Emerald Brooch
        [41976] Titanium Weapon Chain
        [41611] Eternal Belt Buckle
        [41604] Sapphire Spellthread
        [41603] Azure Spellthread
        [41602] Brilliant Spellthread
        [41601] Shining Spellthread
        [41595] Spellweave
        [41594] Moonshroud
        [41593] Ebonweave
        [41511] Bolt of Imbued Frostweave
        [41509] Frostweave Net
        [41367] Dark Jade Focusing Lens
        [41167] Heartseeker Scope
        [41166] Runic Healing Injector
        [41163] Titanium Bar
        [41146] Sun Scope
        [41119] Saronite Bomb
        [41118] Nitro Boosts
        [41111] Flexweave Underlay
        [41093] Hyperspeed Accelerators
        [41091] Hand-Mounted Pyro Rocket
        [40895] Gnomish X-Ray Specs
        [40776] Personal Electromagnetic Pulse Generator
        [40772] Gnomish Army Knife
        [40771] Cobalt Frag Bomb
        [40769] Scrapbot Construction Kit
        [40536] Explosive Decoy
        [40533] Walnut Stock
        [40411] Enchanted Vial
        [40359] Fresh Eagle Meat
        [40358] Raw Tallhorn Chunk
        [40357] Grizzleberry Juice
        [40356] Grizzleberries
        [40248] Eternal Might
        [40217] Mighty Shadow Protection Potion
        [40216] Mighty Nature Protection Potion
        [40215] Mighty Frost Protection Potion
        [40214] Mighty Fire Protection Potion
        [40213] Mighty Arcane Protection Potion
        [40212] Potion of Wild Magic
        [40211] Potion of Speed
        [40199] Pygmy Suckerfish
        [40195] Pygmy Oil
        [40109] Elixir of Mighty Mageblood
        [40097] Elixir of Protection
        [40093] Indestructible Potion
        [40087] Powerful Rejuvenation Potion
        [40081] Potion of Nightmares
        [40079] Lesser Flask of Toughness
        [40078] Elixir of Mighty Fortitude
        [40077] Crazy Alchemist's Potion
        [40076] Guru's Elixir
        [40073] Elixir of Mighty Strength
        [40072] Elixir of Spirit
        [40070] Spellpower Elixir
        [40068] Wrath Elixir
        [40067] Icy Mana Potion
        [39970] Fire Leaf
        [39969] Fire Seed
        [39691] Succulent Orca Stew
        [39690] Volatile Blasting Trigger
        [39687] Saronite Grenade
        [39685] Indestructible Frame
        [39684] Hair Trigger
        [39681] Handful of Cobalt Bolts
        [39671] Resurgent Healing Potion
        [39666] Elixir of Mighty Agility
        [39527] Plated Darkfish
        [39526] Coral Crusher
        [39502] Resilient Parchment
        [38698] Bitter Plasma
        [38643] Thick Frostweave Bandage
        [38625] Northern Icelip
        [38561] Jormungar Scale
        [38557] Icy Dragonscale
        [38431] Blackrock Fortified Water
        [38428] Rock-Salted Pretzel
        [38425] Heavy Borean Leather
        [38376] Heavy Borean Armor Kit
        [38375] Borean Armor Kit
        [38374] Icescale Leg Armor
        [38373] Frosthide Leg Armor
        [38372] Nerubian Leg Armor
        [38371] Jormungar Leg Armor
        [38272] Bloody Giblets
        [38271] Lean Flank
        [38270] Slab of Blubber
        [37921] Deadnettle
        [37706] Hardened Saronite Bar
        [37705] Crystallized Water
        [37704] Crystallized Life
        [37703] Crystallized Shadow
        [37702] Crystallized Fire
        [37701] Crystallized Earth
        [37700] Crystallized Air
        [37663] Titansteel Bar
        [37567] Healing Injector Kit
        [37452] Fatty Bluefin
        [37253] Frostberry Juice
        [37252] Frostberries
        [37097] Scroll of Spirit VII
        [37093] Scroll of Stamina VII
        [37091] Scroll of Intellect VII
        [36916] Cobalt Bar
        [36915] Froststeel Bar
        [36914] Azurite Bar
        [36913] Saronite Bar
        [36912] Saronite Ore
        [36910] Titanium Ore
        [36909] Cobalt Ore
        [36908] Frost Lotus
        [36907] Talandra's Rose
        [36906] Icethorn
        [36905] Lichbloom
        [36904] Tiger Lily
        [36903] Adder's Tongue
        [36901] Goldclover
        [36900] Exceptional Wizard Oil
        [36899] Exceptional Mana Oil
        [36860] Eternal Fire
        [36782] Succulent Clam Meat
        [36781] Darkwater Clam
        [35954] Sweetened Goat's Milk
        [35949] Tundra Berries
        [35794] Silvercoat Stag Meat
        [35627] Eternal Shadow
        [35625] Eternal Life
        [35624] Eternal Earth
        [35623] Eternal Air
        [35622] Eternal Water
        [34769] Imperial Manta Steak
        [34768] Spicy Blue Nettlefish
        [34767] Firecracker Salmon
        [34766] Poached Northern Sculpin
        [34765] Pickled Fangtooth
        [34764] Poached Nettlefish
        [34763] Smoked Salmon
        [34762] Grilled Sculpin
        [34761] Sauteed Goby
        [34760] Grilled Bonescale
        [34759] Smoked Rockfin
        [34758] Mighty Rhino Dogs
        [34757] Very Burnt Worg
        [34756] Spiced Worm Burger
        [34755] Tender Shoveltusk Steak
        [34754] Mega Mammoth Meal
        [34753] Great Feast
        [34752] Rhino Dogs
        [34751] Roasted Worg
        [34750] Worm Delight
        [34749] Shoveltusk Steak
        [34748] Mammoth Meal
        [34747] Northern Stew
        [34722] Heavy Frostweave Bandage
        [34721] Frostweave Bandage
        [34440] Mad Alchemist's Potion
        [34411] Hot Apple Cider
        [34125] Shoveltusk Soup
        [33872] Spicy Hot Talbuk
        [33454] Salted Venison
        [33452] Honey-Spiced Lichen
        [33451] Fillet of Icefin
        [33449] Crusty Flatbread
        [33448] Runic Mana Potion
        [33447] Runic Healing Potion
        [33444] Pungent Seal Whey
        [33443] Sour Goat Cheese
        [33254] Afrazi Forest Strider Drumstick
        [33053] Hot Buttered Trout
        [33052] Fisherman's Feast
        [33048] Stewed Trout
        [33042] Black Coffee
        [33036] Mudder's Milk
        [33035] Ogre Mead
        [33026] The Golden Link
        [32766] Flaskataur's Flask of Flaskocity
        [32765] Flaskataur's Tears
        [32764] Flaskataur's Celestial Brew
        [32686] Mingo's Fortune Giblets
        [32685] Ogri'la Chicken Fingers
        [32668] Dos Ogris
        [32667] Bash Ale
        [32453] Star's Tears
        [31677] Fel Mana Potion
        [30457] Gilneas Sparkling Water
        [30355] Grilled Shadowmoon Tuber
        [29536] Nethercleft Leg Armor
        [29535] Nethercobra Leg Armor
        [29532] Drums of Panic
        [29529] Drums of Battle
        [29453] Sporeggar Mushroom
        [29452] Zangar Trout
        [29451] Clefthoof Ribs
        [29450] Telaari Grapes
        [29449] Bladespire Bagel
        [29448] Mag'har Mild Cheese
        [29401] Sparkling Southshore Cider
        [29395] Ethermead
        [29394] Lyribread
        [27860] Purified Draenic Water
        [25845] Eternium Rod
        [24276] Golden Spellthread
        [24274] Runic Spellthread
        [23766] Stabilized Eternium Scope
        [23765] Khorium Scope
        [22850] Super Rejuvenation Potion
        [22849] Ironshield Potion
        [22682] Frozen Rune
        [22671] Icebane Bracers
        [22670] Icebane Gauntlets
        [22669] Icebane Breastplate
        [22666] Icy Scale Gauntlets
        [22665] Icy Scale Bracers
        [22664] Icy Scale Breastplate
        [22663] Polar Bracers
        [22662] Polar Gloves
        [22661] Polar Tunic
        [22658] Glacial Cloak
        [22655] Glacial Wrists
        [22654] Glacial Gloves
        [22652] Glacial Vest
        [22196] Thick Obsidian Breastplate
        [22191] Obsidian Mail Tunic
        [49334] Scale of Onyxia 2.0
Loading playerbots texts...
1908 playerbots texts loaded
Loading 583 enchantment spells
Loading 488 enchantment gems
CC-break trinket cache: 47 items.
Preparing destination caches for 80 levels...
>> 154 flight masters and 990 innkeepers and 38 banker locations for level collected.
Playerbots Taxi graph and destination cache built.
Playerbots: ListSpellsAction caches initialized
ListSpellsAction: initialized caches (skillSpells=11195, vendorItems=8048).
[RandomBotLevelMgr] Level brackets sub-feature disabled via configuration.
[RandomBotLevelMgr] Level reset sub-feature disabled via configuration.
PlayerbotWorldThreadProcessor initialized
Checking LFG Queue...
LFG Queue check finished
Checking BG Queue...
BG Queue check finished
Checking LFG Queue...
LFG Queue check finished
Checking BG Queue...
BG Queue check finished
Checking LFG Queue...
LFG Queue check finished
Checking BG Queue...
BG Queue check finished
Checking LFG Queue...
LFG Queue check finished
Checking LFG Queue...
LFG Queue check finished
Checking BG Queue...
BG Queue check finished
Checking LFG Queue...
LFG Queue check finished
Checking BG Queue...
BG Queue check finished
Checking LFG Queue...
LFG Queue check finished
Checking BG Queue...
BG Queue check finished
Checking LFG Queue...
LFG Queue check finished
Checking BG Queue...
BG Queue check finished
46 new bots prepared to login
1/46 Bot Flostee logged in
2/46 Bot Beawi logged in
3/46 Bot Ysa logged in
4/46 Bot Thekem logged in
5/46 Bot Huflemak logged in
6/46 Bot Gucli logged in
7/46 Bot Ceale logged in
8/46 Bot Shuhma logged in
9/46 Bot Cimlan logged in
10/46 Bot Vidunuvoo logged in
11/46 Bot Shahge logged in
12/46 Bot Gedsewe logged in
13/46 Bot Westerren logged in
14/46 Bot Lucini logged in
15/46 Bot Dranon logged in
16/46 Bot Paelaas logged in
17/46 Bot Mydas logged in
18/46 Bot Krunemuzz logged in
19/46 Bot Aleluun logged in
20/46 Bot Eramir logged in
21/46 Bot Dresera logged in
22/46 Bot Babine logged in
23/46 Bot Aseanna logged in
24/46 Bot Mundibill logged in
25/46 Bot Kamig logged in
26/46 Bot Celda logged in
27/46 Bot Nanolii logged in
28/46 Bot Westorn logged in
29/46 Bot Landraran logged in
30/46 Bot Charonald logged in
31/46 Bot Ellaro logged in
32/46 Bot Bily logged in
33/46 Bot Ainimdi logged in
34/46 Bot Truhlnush logged in
35/46 Bot Helriel logged in
36/46 Bot Dabdina logged in
37/46 Bot Nelaedon logged in
38/46 Bot Tepan logged in
39/46 Bot Bengren logged in
40/46 Bot Pirlish logged in
41/46 Bot Damaderon logged in
42/46 Bot Vahaa logged in
43/46 Bot Keahgevun logged in
44/46 Bot Ireoh logged in
45/46 Bot Nileya logged in
46/46 Bot Cihwamio logged in
Bot GUID Full: 0x000000000000018e Type: Player Low: 398 H:14 <Ireoh> auto released
Bot GUID Full: 0x000000000000018e Type: Player Low: 398 H:14 <Ireoh> releases spirit
[New RPG] Bot Ceale select random inn keeper pos Map:530 X:9476.128 Y:-6854.2715 Z:17.9246 (2 available in 10)
[New RPG] Bot Ceale select random grind pos Map:530 X:8750 Y:-7050 Z:50 (29+126 available in 1881)
[New RPG] Bot Ceale select random inn keeper pos Map:530 X:9476.128 Y:-6854.2715 Z:17.9246 (2 available in 10)
[New RPG] Bot Keahgevun select random inn keeper pos Map:0 X:-9228.962 Y:-2156.6843 Z:64.5168 (1 available in 6)
[New RPG] Bot Keahgevun select random grind pos Map:0 X:-8800 Y:-2200 Z:150 (0+38 available in 583)
[New RPG] Bot Keahgevun select random flight taxi node from:931 (node 5) to:6 (1 available)
[New RPG] Bot Keahgevun select random flight taxi node from:931 (node 5) to:12 (1 available)
Checking BG Queue...
BG Queue check finished
Checking LFG Queue...
LFG Queue check finished
Random Bots Stats: 46 online
Bots level:
    10..19: 6 alliance, 4 horde
    20..29: 3 alliance, 3 horde
    30..39: 3 alliance, 2 horde
    40..49: 1 alliance, 2 horde
    50..59: 3 alliance, 3 horde
    60..69: 3 alliance, 5 horde
    70..79: 2 alliance, 3 horde
    80..80: 2 alliance, 1 horde
Bots race:
    Human: 5, avg lvl: 37.2
    Orc: 8, avg lvl: 45.2
    Dwarf: 4, avg lvl: 35.5
    Night Elf: 3, avg lvl: 32
    Undead: 3, avg lvl: 63.6
    Tauren: 4, avg lvl: 36.7
    Gnome: 3, avg lvl: 42.3
    Troll: 1, avg lvl: 64
    Goblin: 5, avg lvl: 51
    Blood Elf: 2, avg lvl: 45
    Draenei: 2, avg lvl: 35.5
    Worgen: 3, avg lvl: 59.6
    High Elf: 3, avg lvl: 47.6
Bots class:
    paladin: 46, avg lvl: 44.6
Bots role:
    tank: 0, heal: 0, dps: 46
Bots status:
    Active: 9
    Moving: 1
    In flight: 1
    On mount: 12
    In combat: 8
    In BG: 0
    In Rest: 9
    Dead: 5
Bots rpg status:
    Idle: 44, Rest: 0, GoGrind: 0, GoCamp: 1, MoveRandom: 0, MoveNpc: 0, DoQuest: 0, TravelFlight: 1, OutdoorPvP: 0
Bots total quests:
    Accepted: 0, Rewarded: 0, Dropped: 0
Bots engine:
    Non-combat: 33, Combat: 8, Dead: 5
Bot #381 <Huflemak>: teleport for level and refresh
Refreshing bot GUID Full: 0x000000000000017d Type: Player Low: 381 <Huflemak>
Random teleporting bot Huflemak (level 39) to Map: 530 (Outland) Zone: 3487 (Silvermoon City) Area: 3487 (Silvermoon City) ZoneLevel: 10 AreaLevel: 10 9802.834,-7480.193,13.59736 (1/1 locations)
Bot #353 <Cimlan>: teleport for level and refresh
Refreshing bot GUID Full: 0x0000000000000161 Type: Player Low: 353 <Cimlan>
Random teleporting bot Cimlan (level 72) to Map: 571 (Northrend) Zone: 4395 (Dalaran) Area: 4395 (Dalaran) ZoneLevel: 75 AreaLevel: 75 5633.1426,699.4957,652.0425 (1/1 locations)
Bot #365 <Vidunuvoo>: teleport for level and refresh
Refreshing bot GUID Full: 0x000000000000016d Type: Player Low: 365 <Vidunuvoo>
Random teleporting bot Vidunuvoo (level 47) to Map: 1 (Kalimdor) Zone: 440 (Tanaris) Area: 2300 (Caverns of Time) ZoneLevel: 0 AreaLevel: 50 -8154.0947,-4860.675,-24.411476 (1/10 locations)
Bot #373 <Westerren>: teleport for level and refresh
Refreshing bot GUID Full: 0x0000000000000175 Type: Player Low: 373 <Westerren>
Random teleporting bot Westerren (level 69) to Map: 530 (Outland) Zone: 3522 (Blade's Edge Mountains) Area: 3951 (Evergrove) ZoneLevel: 0 AreaLevel: 67 3020.5603,5439.18,146.81895 (1/19 locations)
Incremental randomizing Lucini (level 53 class = 2)...
Resetting player...
Initializing skills (step 1)...
Initializing spells (step 1)...
Initializing talents...
Initializing spells (step 2)...
Initializing reputation...
Initializing special spells...
Initializing mounts...
Initializing equipmemt...
Initializing bags...
Initializing ammo...
Initializing food...
Initializing potions...
Initializing reagents...
Initializing keys...
Initializing inventory...
Initializing consumables...
Initializing glyphs...
Initializing guilds...
Initializing pet...
Saving to DB...
Initialization Done.
Bot #342 A:53 <Lucini>: randomized
Bot #317 <Mydas>: teleport for level and refresh
Refreshing bot GUID Full: 0x000000000000013d Type: Player Low: 317 <Mydas>
Random teleporting bot Mydas (level 51) to Map: 0 (Eastern Kingdoms) Zone: 28 (Western Plaguelands) Area: 2620 (Thondroril River) ZoneLevel: 0 AreaLevel: 0 1938.6797,-2559.4805,61.656353 (1/12 locations)
Refreshing bot GUID Full: 0x0000000000000172 Type: Player Low: 370 <Dresera>
Random teleporting bot Dresera for level 10 (9 locations available)
Random teleporting bot Dresera (level 10) to Map: 530 (Outland) Zone: 3524 (Azuremyst Isle) Area: 3576 (Azure Watch) ZoneLevel: 0 AreaLevel: 5 -4133.0415,-12472.458,44.6223 (4/9 locations)
Bot #331 <Aseanna>: teleport for level and refresh
Refreshing bot GUID Full: 0x000000000000014b Type: Player Low: 331 <Aseanna>
Bot #336 <Nanolii>: teleport for level and refresh
Refreshing bot GUID Full: 0x0000000000000150 Type: Player Low: 336 <Nanolii>
Random teleporting bot Nanolii (level 61) to Map: 0 (Eastern Kingdoms) Zone: 139 (Eastern Plaguelands) Area: 2268 (Light's Hope Chapel) ZoneLevel: 0 AreaLevel: 58 2298.104,-5340.945,90.92988 (1/8 locations)
Bot #392 <Ellaro>: teleport for level and refresh
Refreshing bot GUID Full: 0x0000000000000188 Type: Player Low: 392 <Ellaro>
Bot #378 <Truhlnush>: teleport for level and refresh
Refreshing bot GUID Full: 0x000000000000017a Type: Player Low: 378 <Truhlnush>
Random teleporting bot Truhlnush (level 75) to Map: 571 (Northrend) Zone: 3537 (Borean Tundra) Area: 4037 (Taunka'le Village) ZoneLevel: 0 AreaLevel: 70 3466.2158,4170.667,17.243013 (1/13 locations)
Bot #403 <Dabdina>: teleport for level and refresh
Refreshing bot GUID Full: 0x0000000000000193 Type: Player Low: 403 <Dabdina>
Random teleporting bot Dabdina (level 80) to Map: 571 (Northrend) Zone: 66 (Zul'Drak) Area: 4323 (Zim'Torga) ZoneLevel: 76 AreaLevel: 76 5761.892,-3557.8516,386.81097 (1/13 locations)
Mark bot Tepan as dead, will be revived in 249s.
Bot #309 <Bengren>: teleport for level and refresh
Refreshing bot GUID Full: 0x0000000000000135 Type: Player Low: 309 <Bengren>
Random teleporting bot Bengren (level 31) to Map: 0 (Eastern Kingdoms) Zone: 10 (Duskwood) Area: 42 (Darkshire) ZoneLevel: 0 AreaLevel: 25 -10519.146,-1165.0957,27.796074 (1/4 locations)
Bot #316 <Damaderon>: teleport for level and refresh
Refreshing bot GUID Full: 0x000000000000013c Type: Player Low: 316 <Damaderon>
Random teleporting bot Damaderon (level 69) to Map: 530 (Outland) Zone: 3703 (Shattrath City) Area: 3703 (Shattrath City) ZoneLevel: 0 AreaLevel: 0 -1715.2585,5492.0205,-8.252424 (1/1 locations)
Bot #339 <Keahgevun>: teleport for level and refresh
Refreshing bot GUID Full: 0x0000000000000153 Type: Player Low: 339 <Keahgevun>
Random teleporting bot Keahgevun (level 26) to Map: 530 (Outland) Zone: 3557 (The Exodar) Area: 3557 (The Exodar) ZoneLevel: 10 AreaLevel: 10 -3924.5156,-11550.453,-150.17625 (1/1 locations)
Bot #308 <Cihwamio>: teleport for level and refresh
Refreshing bot GUID Full: 0x0000000000000134 Type: Player Low: 308 <Cihwamio>
Random teleporting bot Cihwamio (level 56) to Map: 1 (Kalimdor) Zone: 1638 (Thunder Bluff) Area: 1638 (Thunder Bluff) ZoneLevel: 10 AreaLevel: 10 -1258.8163,24.534397,128.23666 (1/1 locations)
[New RPG] Bot Bengren select random inn keeper pos Map:4294967295 X:0 Y:0 Z:0 (0 available in 4)
[New RPG] Bot Bengren select random grind pos Map:0 X:-11000 Y:-50 Z:0 (15+48 available in 445)
[New RPG] Bot Bengren select random flight taxi node from:2409 (node 12) to:14 (1 available)
[New RPG] Bot Keahgevun select random inn keeper pos Map:4294967295 X:0 Y:0 Z:0 (0 available in 6)
[New RPG] Bot Keahgevun select random grind pos Map:4294967295 X:0 Y:0 Z:0 (0+0 available in 583)
[New RPG] Bot Ainimdi select random inn keeper pos Map:0 X:-5378.9497 Y:-2969.0193 Z:323.752 (1 available in 5)
[New RPG] Bot Ainimdi select random grind pos Map:0 X:-5150 Y:-2700 Z:350 (38+52 available in 1239)
[New RPG] Bot Ainimdi select random flight taxi node from:1572 (node 8) to:2 (1 available)
[New RPG] Bot Ainimdi select random grind pos Map:0 X:-5050 Y:-2650 Z:300 (38+52 available in 1239)
Bot #312 <Flostee>: teleport for level and refresh
Refreshing bot GUID Full: 0x0000000000000138 Type: Player Low: 312 <Flostee>
Random teleporting bot Flostee (level 27) to Map: 1 (Kalimdor) Zone: 1637 (Orgrimmar) Area: 1637 (Orgrimmar) ZoneLevel: 10 AreaLevel: 10 1626.9521,-4384.506,12.398299 (1/1 locations)
Mark bot Gucli as dead, will be revived in 207s.
Bot #377 <Ceale>: teleport for level and refresh
Refreshing bot GUID Full: 0x0000000000000179 Type: Player Low: 377 <Ceale>
Random teleporting bot Ceale (level 10) to Map: 530 (Outland) Zone: 3430 (Eversong Woods) Area: 3462 (Fairbreeze Village) ZoneLevel: 0 AreaLevel: 6 8703.977,-6641.833,72.79433 (1/10 locations)
Bot #357 <Shuhma>: teleport for level and refresh
Refreshing bot GUID Full: 0x0000000000000165 Type: Player Low: 357 <Shuhma>
Random teleporting bot Shuhma (level 68) to Map: 530 (Outland) Zone: 3703 (Shattrath City) Area: 3703 (Shattrath City) ZoneLevel: 0 AreaLevel: 0 -1723.5325,5508.154,-9.749471 (1/1 locations)
Bot #376 <Paelaas>: teleport for level and refresh
Refreshing bot GUID Full: 0x0000000000000178 Type: Player Low: 376 <Paelaas>
Random teleporting bot Paelaas (level 18) to Map: 1 (Kalimdor) Zone: 17 (The Barrens) Area: 392 (Ratchet) ZoneLevel: 0 AreaLevel: 15 -1045.2338,-3666.1782,23.940815 (1/7 locations)
Bot #383 <Krunemuzz>: teleport for level and refresh
Refreshing bot GUID Full: 0x000000000000017f Type: Player Low: 383 <Krunemuzz>
Random teleporting bot Krunemuzz (level 75) to Map: 571 (Northrend) Zone: 4395 (Dalaran) Area: 4395 (Dalaran) ZoneLevel: 75 AreaLevel: 75 5978.942,609.1651,650.67694 (1/1 locations)
Bot #325 <Eramir>: teleport for level and refresh
Refreshing bot GUID Full: 0x0000000000000145 Type: Player Low: 325 <Eramir>
Random teleporting bot Eramir (level 63) to Map: 1 (Kalimdor) Zone: 1377 (Silithus) Area: 3425 (Cenarion Hold) ZoneLevel: 0 AreaLevel: 55 -6863.6255,732.26135,45.71212 (1/7 locations)
Refreshing bot GUID Full: 0x0000000000000146 Type: Player Low: 326 <Kamig>
Random teleporting bot Kamig for level 71 (21 locations available)
Random teleporting bot Kamig (level 71) to Map: 571 (Northrend) Zone: 3537 (Borean Tundra) Area: 4108 (Fizzcrank Airstrip) ZoneLevel: 0 AreaLevel: 70 4174.697,5281.5005,26.743061 (1/21 locations)
Bot #327 <Celda>: teleport for level and refresh
Refreshing bot GUID Full: 0x0000000000000147 Type: Player Low: 327 <Celda>
Random teleporting bot Celda (level 80) to Map: 571 (Northrend) Zone: 66 (Zul'Drak) Area: 4275 (The Argent Stand) ZoneLevel: 76 AreaLevel: 75 5458.3022,-2637.2583,306.6006 (1/11 locations)
Bot #394 <Landraran>: teleport for level and refresh
Refreshing bot GUID Full: 0x000000000000018a Type: Player Low: 394 <Landraran>
Random teleporting bot Landraran (level 13) to Map: 0 (Eastern Kingdoms) Zone: 38 (Loch Modan) Area: 2101 (Stoutlager Inn) ZoneLevel: 0 AreaLevel: 0 -5378.9497,-2969.0193,322.1077 (1/5 locations)
Bot #396 <Pirlish>: teleport for level and refresh
Refreshing bot GUID Full: 0x000000000000018c Type: Player Low: 396 <Pirlish>
Random teleporting bot Pirlish (level 35) to Map: 0 (Eastern Kingdoms) Zone: 45 (Arathi Highlands) Area: 321 (Hammerfall) ZoneLevel: 0 AreaLevel: 30 -917.374,-3524.92,72.65148 (1/7 locations)
Bot #351 <Vahaa>: teleport for level and refresh
Refreshing bot GUID Full: 0x000000000000015f Type: Player Low: 351 <Vahaa>
Random teleporting bot Vahaa (level 75) to Map: 571 (Northrend) Zone: 4395 (Dalaran) Area: 4395 (Dalaran) ZoneLevel: 75 AreaLevel: 75 5976.097,602.0796,650.6767 (1/1 locations)
Mark bot Ireoh as dead, will be revived in 148s.
Bot #328 <Nileya>: teleport for level and refresh
Refreshing bot GUID Full: 0x0000000000000148 Type: Player Low: 328 <Nileya>
Random teleporting bot Nileya (level 65) to Map: 530 (Outland) Zone: 3521 (Zangarmarsh) Area: 3645 (Zabra'jin) ZoneLevel: 0 AreaLevel: 0 230.19669,7929.312,25.127735 (1/9 locations)
Bot GUID Full: 0x000000000000014c Type: Player Low: 332 A:28 <Tepan> revives at body
[New RPG] Bot Dranon select random inn keeper pos Map:4294967295 X:0 Y:0 Z:0 (0 available in 4)
[New RPG] Bot Dranon select random grind pos Map:0 X:-900 Y:-3950 Z:150 (26+81 available in 654)
[New RPG] Bot Dranon select random flight taxi node from:2835 (node 16) to:19 (1 available)
[New RPG] Bot Dranon select random grind pos Map:0 X:-1750 Y:-2700 Z:50 (26+81 available in 654)
[New RPG] Bot Cimlan select random inn keeper pos Map:571 X:3545.5303 Y:277.91348 Z:46.1634 (2 available in 24)
[New RPG] Bot Cimlan select random grind pos Map:571 X:3900 Y:1300 Z:100 (0+225 available in 2696)
[New RPG] Bot Cimlan select random flight taxi node from:28674 (node 310) to:249 (1 available)
[New RPG] Bot Truhlnush select random inn keeper pos Map:4294967295 X:0 Y:0 Z:0 (0 available in 13)
[New RPG] Bot Truhlnush select random grind pos Map:4294967295 X:0 Y:0 Z:0 (0+0 available in 1286)
[New RPG] Bot Aseanna select random inn keeper pos Map:1 X:6407.9717 Y:520.1485 Z:9.22571 (1 available in 5)
[New RPG] Bot Aseanna select random grind pos Map:1 X:5700 Y:100 Z:50 (53+127 available in 1445)
[New RPG] Bot Aseanna select random grind pos Map:1 X:5800 Y:400 Z:0 (53+127 available in 1445)
[New RPG] Bot Flostee select random inn keeper pos Map:1 X:2338.5798 Y:-2563.2166 Z:103.357 (1 available in 4)
[New RPG] Bot Flostee select random grind pos Map:1 X:2750 Y:-2400 Z:200 (0+38 available in 602)
[New RPG] Bot Flostee select random flight taxi node from:3310 (node 23) to:58 (1 available)
[New RPG] Bot Flostee select random inn keeper pos Map:1 X:2338.5798 Y:-2563.2166 Z:103.357 (1 available in 4)
Checking BG Queue...
BG Queue check finished
Checking LFG Queue...
LFG Queue check finished
[New RPG] Bot Dresera select random inn keeper pos Map:4294967295 X:0 Y:0 Z:0 (0 available in 9)
[New RPG] Bot Dresera select random grind pos Map:530 X:-4200 Y:-12050 Z:0 (53+236 available in 1881)
Bot GUID Full: 0x000000000000014c Type: Player Low: 332 A:28 <Tepan> auto released
Bot GUID Full: 0x000000000000014c Type: Player Low: 332 A:28 <Tepan> releases spirit
[New RPG] Bot Babine select random inn keeper pos Map:4294967295 X:0 Y:0 Z:0 (0 available in 7)
[New RPG] Bot Babine select random grind pos Map:1 X:2350 Y:-6750 Z:0 (0+9 available in 800)
[New RPG] Bot Babine select random flight taxi node from:3310 (node 23) to:53 (1 available)
[New RPG] Bot Gedsewe select random inn keeper pos Map:4294967295 X:0 Y:0 Z:0 (0 available in 6)
[New RPG] Bot Gedsewe select random grind pos Map:530 X:7500 Y:-6550 Z:0 (21+120 available in 1210)
[New RPG] Bot Gedsewe select random flight taxi node from:16189 (node 83) to:11 (1 available)
[New RPG] Bot Huflemak select random inn keeper pos Map:4294967295 X:0 Y:0 Z:0 (0 available in 8)
[New RPG] Bot Huflemak select random grind pos Map:4294967295 X:0 Y:0 Z:0 (0+0 available in 597)
Bot GUID Full: 0x000000000000015e Type: Player Low: 350 H:46 <Ysa> auto released
Bot GUID Full: 0x000000000000015e Type: Player Low: 350 H:46 <Ysa> releases spirit
Checking BG Queue...
BG Queue check finished
Checking LFG Queue...
LFG Queue check finished
[New RPG] Babine accept quest 8276
Bot GUID Full: 0x000000000000018e Type: Player Low: 398 H:14 <Ireoh> revives at body
[New RPG] Bot Vahaa select random inn keeper pos Map:4294967295 X:0 Y:0 Z:0 (0 available in 13)
[New RPG] Bot Vahaa select random grind pos Map:4294967295 X:0 Y:0 Z:0 (0+0 available in 1286)
Refreshing bot GUID Full: 0x000000000000015e Type: Player Low: 350 <Ysa>
Random teleporting bot Ysa for level 46 (12 locations available)
Random teleporting bot Ysa (level 46) to Map: 1 (Kalimdor) Zone: 357 (Feralas) Area: 1099 (Camp Mojache) ZoneLevel: 0 AreaLevel: 42 -4455.727,245.14604,39.15746 (1/12 locations)
Mark bot Kamig as dead, will be revived in 228s.
Bot GUID Full: 0x0000000000000146 Type: Player Low: 326 A:71 <Kamig> auto released
Bot GUID Full: 0x0000000000000146 Type: Player Low: 326 A:71 <Kamig> releases spirit
Bot GUID Full: 0x000000000000014c Type: Player Low: 332 A:28 <Tepan> revives at body
Checking BG Queue...
BG Queue check finished
Checking LFG Queue...
LFG Queue check finished
Bot #332 <Tepan>: teleport for level and refresh
Refreshing bot GUID Full: 0x000000000000014c Type: Player Low: 332 <Tepan>
Random teleporting bot Tepan (level 28) to Map: 1 (Kalimdor) Zone: 331 (Ashenvale) Area: 415 (Astranaar) ZoneLevel: 0 AreaLevel: 20 2776.9197,-430.3474,116.63065 (1/6 locations)
[New RPG] Bot Tepan select random inn keeper pos Map:4294967295 X:0 Y:0 Z:0 (0 available in 6)
[New RPG] Bot Tepan select random grind pos Map:1 X:1900 Y:-2650 Z:100 (0+73 available in 536)
[New RPG] Bot Tepan select random flight taxi node from:4267 (node 28) to:33 (1 available)
[New RPG] Bot Nanolii select random inn keeper pos Map:4294967295 X:0 Y:0 Z:0 (0 available in 8)
[New RPG] Bot Nanolii select random grind pos Map:0 X:2700 Y:-5400 Z:150 (14+77 available in 1022)
[New RPG] Bot Nelaedon select random inn keeper pos Map:0 X:-10519.146 Y:-1165.0957 Z:28.6161 (1 available in 5)
[New RPG] Bot Nelaedon select random grind pos Map:0 X:-11200 Y:-150 Z:0 (0+21 available in 457)
[New RPG] Bot Nelaedon select random flight taxi node from:352 (node 2) to:16 (1 available)
[New RPG] Bot Nelaedon select random grind pos Map:0 X:-11200 Y:-150 Z:0 (0+21 available in 457)
[New RPG] Nanolii accept quest 9126
Bot #342 <Lucini>: teleport for level and refresh
Refreshing bot GUID Full: 0x0000000000000156 Type: Player Low: 342 <Lucini>
Random teleporting bot Lucini (level 53) to Map: 1 (Kalimdor) Zone: 361 (Felwood) Area: 1998 (Talonbranch Glade ) ZoneLevel: 0 AreaLevel: 53 6208.02,-1948.3518,571.22424 (1/7 locations)
[New RPG] Bot Mydas select random inn keeper pos Map:0 X:932.51324 Y:-1431.7295 Z:65.3343 (1 available in 12)
[New RPG] Bot Mydas select random grind pos Map:0 X:1150 Y:-1750 Z:50 (0+29 available in 610)
[New RPG] Bot Mydas select random flight taxi node from:37888 (node 383) to:71 (1 available)
[New RPG] Bot Mydas select random inn keeper pos Map:0 X:932.51324 Y:-1431.7295 Z:65.3343 (1 available in 12)
[New RPG] Bot Aleluun select random inn keeper pos Map:1 X:-5473.0947 Y:-2458.8848 Z:89.8671 (1 available in 4)
[New RPG] Bot Aleluun select random grind pos Map:1 X:-5100 Y:-2250 Z:-50 (31+45 available in 602)
[New RPG] Bot Aleluun select random flight taxi node from:4317 (node 30) to:29 (1 available)
[New RPG] Bot Aleluun select random grind pos Map:1 X:-5100 Y:-2300 Z:-50 (31+45 available in 602)
[New RPG] Bot Eramir select random inn keeper pos Map:4294967295 X:0 Y:0 Z:0 (0 available in 7)
[New RPG] Bot Eramir select random grind pos Map:1 X:-7950 Y:1800 Z:0 (7+32 available in 1117)
[New RPG] Bot Paelaas select random inn keeper pos Map:1 X:-2373.846 Y:-1991.367 Z:97.2881 (2 available in 7)
[New RPG] Bot Paelaas select random grind pos Map:1 X:-1950 Y:-3150 Z:100 (13+211 available in 1091)
[New RPG] Bot Paelaas select random flight taxi node from:16227 (node 80) to:29 (1 available)
[New RPG] Bot Beawi select random inn keeper pos Map:4294967295 X:0 Y:0 Z:0 (0 available in 9)
[New RPG] Bot Beawi select random grind pos Map:4294967295 X:0 Y:0 Z:0 (0+0 available in 1145)
Checking BG Queue...
BG Queue check finished
Checking LFG Queue...
LFG Queue check finished
Bot GUID Full: 0x000000000000018e Type: Player Low: 398 H:14 <Ireoh> auto released
Bot GUID Full: 0x000000000000018e Type: Player Low: 398 H:14 <Ireoh> releases spirit
[New RPG] Bot Vahaa select random inn keeper pos Map:4294967295 X:0 Y:0 Z:0 (0 available in 13)
[New RPG] Bot Vahaa select random grind pos Map:4294967295 X:0 Y:0 Z:0 (0+0 available in 1286)
[New RPG] Bot Ysa select random inn keeper pos Map:4294967295 X:0 Y:0 Z:0 (0 available in 12)
[New RPG] Bot Ysa select random grind pos Map:1 X:-4900 Y:1150 Z:100 (12+120 available in 480)
[New RPG] Bot Ysa select random flight taxi node from:8020 (node 42) to:179 (1 available)
[New RPG] Bot Ysa select random grind pos Map:1 X:-5000 Y:1550 Z:50 (12+120 available in 480)
Checking BG Queue...
BG Queue check finished
Checking LFG Queue...
LFG Queue check finished
[New RPG] Bot Cihwamio select random inn keeper pos Map:4294967295 X:0 Y:0 Z:0 (0 available in 8)
[New RPG] Bot Cihwamio select random grind pos Map:4294967295 X:0 Y:0 Z:0 (0+0 available in 747)
[New RPG] Bot Cihwamio select random flight taxi node from:2995 (node 22) to:79 (1 available)
[New RPG] Bot Thekem select random inn keeper pos Map:1 X:5069.7134 Y:-338.5833 Z:367.963 (1 available in 7)
[New RPG] Bot Thekem select random grind pos Map:1 X:4950 Y:-400 Z:350 (0+17 available in 800)
[New RPG] Bot Thekem select random flight taxi node from:22931 (node 166) to:72 (1 available)
[New RPG] Bot Bily select random inn keeper pos Map:4294967295 X:0 Y:0 Z:0 (0 available in 11)
[New RPG] Bot Bily select random grind pos Map:4294967295 X:0 Y:0 Z:0 (0+0 available in 1229)
Checking BG Queue...
BG Queue check finished
Checking LFG Queue...
LFG Queue check finished
Refreshing bot GUID Full: 0x0000000000000192 Type: Player Low: 402 <Gucli>
Random teleporting bot Gucli for level 63 (6 locations available)
Random teleporting bot Gucli (level 63) to Map: 530 (Outland) Zone: 3521 (Zangarmarsh) Area: 3645 (Zabra'jin) ZoneLevel: 0 AreaLevel: 0 230.19669,7929.312,25.127735 (1/6 locations)
Incremental randomizing Dresera (level 10 class = 2)...
Resetting player...
Initializing skills (step 1)...
Initializing spells (step 1)...
Initializing talents...
Initializing spells (step 2)...
Initializing reputation...
Initializing special spells...
Initializing mounts...
Initializing equipmemt...
Initializing bags...
Initializing ammo...
Initializing food...
Initializing potions...
Initializing reagents...
Initializing keys...
Initializing inventory...
Initializing consumables...
Initializing glyphs...
Initializing guilds...
Initializing pet...
Saving to DB...
Initialization Done.
Bot #370 A:10 <Dresera>: randomized
Refreshing bot GUID Full: 0x000000000000018e Type: Player Low: 398 <Ireoh>
Random teleporting bot Ireoh for level 14 (5 locations available)
Random teleporting bot Ireoh (level 14) to Map: 1 (Kalimdor) Zone: 17 (The Barrens) Area: 392 (Ratchet) ZoneLevel: 0 AreaLevel: 15 -1045.2338,-3666.1782,23.940815 (2/5 locations)
[New RPG] Bot Westerren select random inn keeper pos Map:530 X:2403.1758 Y:5955.668 Z:152.692 (2 available in 19)
[New RPG] Bot Westerren select random grind pos Map:530 X:2900 Y:5550 Z:150 (59+211 available in 2452)
[New RPG] Bot Westerren select random flight taxi node from:22216 (node 160) to:120 (1 available)
Checking BG Queue...
BG Queue check finished
Checking LFG Queue...
LFG Queue check finished
Mark bot Mydas as dead, will be revived in 299s.
[New RPG] Aseanna accept quest 953
[New RPG] Bot Charonald select random inn keeper pos Map:4294967295 X:0 Y:0 Z:0 (0 available in 5)
[New RPG] Bot Charonald select random grind pos Map:0 X:-5200 Y:-600 Z:400 (14+24 available in 1445)
[New RPG] Bot Charonald select random flight taxi node from:1573 (node 6) to:8 (1 available)
Bot GUID Full: 0x000000000000013d Type: Player Low: 317 A:51 <Mydas> auto released
Bot GUID Full: 0x000000000000013d Type: Player Low: 317 A:51 <Mydas> releases spirit
Bot Cihwamio logging out
Bot Bengren logging out
Bot Flostee logging out
Bot Damaderon logging out
Bot Mydas logging out
Bot Ainimdi logging out
Bot Bily logging out
Bot Eramir logging out
Bot Kamig logging out
Bot Celda logging out
Bot Nileya logging out
Bot Aseanna logging out
Bot Tepan logging out
Bot Charonald logging out
Bot Westorn logging out
Bot Nanolii logging out
Bot Keahgevun logging out
Bot Lucini logging out
Bot Nelaedon logging out
Bot Gedsewe logging out
Bot Ysa logging out
Bot Vahaa logging out
Bot Cimlan logging out
Bot Shuhma logging out
Bot Shahge logging out
Bot Vidunuvoo logging out
Bot Thekem logging out
Bot Dresera logging out
Bot Westerren logging out
Bot Paelaas logging out
Bot Ceale logging out
Bot Truhlnush logging out
Bot Huflemak logging out
Bot Krunemuzz logging out
Bot Aleluun logging out
Bot Helriel logging out
Bot Beawi logging out
Bot Babine logging out
Bot Ellaro logging out
Bot Landraran logging out
Bot Pirlish logging out
Bot Mundibill logging out
Bot Ireoh logging out
Bot Dranon logging out
Bot Gucli logging out
Bot Dabdina logging out
Logout all bots due no real player session.
Skipping invalid operation: BotLogoutGroupCleanup
Skipping invalid operation: BotLogoutGroupCleanup
Skipping invalid operation: BotLogoutGroupCleanup
Skipping invalid operation: BotLogoutGroupCleanup
Skipping invalid operation: BotLogoutGroupCleanup
Skipping invalid operation: BotLogoutGroupCleanup
Skipping invalid operation: BotLogoutGroupCleanup
Skipping invalid operation: BotLogoutGroupCleanup
Skipping invalid operation: BotLogoutGroupCleanup
Skipping invalid operation: BotLogoutGroupCleanup
Skipping invalid operation: BotLogoutGroupCleanup
Skipping invalid operation: BotLogoutGroupCleanup
Skipping invalid operation: BotLogoutGroupCleanup
Skipping invalid operation: BotLogoutGroupCleanup
Skipping invalid operation: BotLogoutGroupCleanup
Skipping invalid operation: BotLogoutGroupCleanup
Skipping invalid operation: BotLogoutGroupCleanup
Skipping invalid operation: BotLogoutGroupCleanup
Skipping invalid operation: BotLogoutGroupCleanup
Skipping invalid operation: BotLogoutGroupCleanup
Skipping invalid operation: BotLogoutGroupCleanup
Skipping invalid operation: BotLogoutGroupCleanup
Skipping invalid operation: BotLogoutGroupCleanup
Skipping invalid operation: BotLogoutGroupCleanup
Skipping invalid operation: BotLogoutGroupCleanup
Skipping invalid operation: BotLogoutGroupCleanup
Skipping invalid operation: BotLogoutGroupCleanup
Skipping invalid operation: BotLogoutGroupCleanup
Skipping invalid operation: BotLogoutGroupCleanup
Skipping invalid operation: BotLogoutGroupCleanup
Skipping invalid operation: BotLogoutGroupCleanup
Skipping invalid operation: BotLogoutGroupCleanup
Skipping invalid operation: BotLogoutGroupCleanup
Skipping invalid operation: BotLogoutGroupCleanup
Skipping invalid operation: BotLogoutGroupCleanup
Skipping invalid operation: BotLogoutGroupCleanup
Skipping invalid operation: BotLogoutGroupCleanup
Skipping invalid operation: BotLogoutGroupCleanup
Skipping invalid operation: BotLogoutGroupCleanup
Skipping invalid operation: BotLogoutGroupCleanup
Skipping invalid operation: BotLogoutGroupCleanup
Skipping invalid operation: BotLogoutGroupCleanup
Skipping invalid operation: BotLogoutGroupCleanup
Skipping invalid operation: BotLogoutGroupCleanup
Skipping invalid operation: BotLogoutGroupCleanup
Skipping invalid operation: BotLogoutGroupCleanup
Checking BG Queue...
BG Queue check finished
Checking LFG Queue...
LFG Queue check finished
Random Bots Stats: 0 online
Bots level:
Bots race:
Bots class:
Bots role:
    tank: 0, heal: 0, dps: 0
Bots status:
    Active: 0
    Moving: 0
    In flight: 0
    On mount: 0
    In combat: 0
    In BG: 0
    In Rest: 0
    Dead: 0
Bots rpg status:
    Idle: 0, Rest: 0, GoGrind: 0, GoCamp: 0, MoveRandom: 0, MoveNpc: 0, DoQuest: 0, TravelFlight: 0, OutdoorPvP: 0
Bots total quests:
    Accepted: 0, Rewarded: 0, Dropped: 0
Bots engine:
    Non-combat: 0, Combat: 0, Dead: 0
Checking BG Queue...
BG Queue check finished
Checking LFG Queue...
LFG Queue check finished
Checking BG Queue...
BG Queue check finished
Checking LFG Queue...
LFG Queue check finished
Checking BG Queue...
BG Queue check finished
Checking LFG Queue...
LFG Queue check finished
Checking BG Queue...
BG Queue check finished
Checking LFG Queue...
LFG Queue check finished
Checking BG Queue...
BG Queue check finished
Checking LFG Queue...
LFG Queue check finished
Checking LFG Queue...
LFG Queue check finished
Checking BG Queue...
BG Queue check finished
Checking LFG Queue...
LFG Queue check finished
Checking BG Queue...
BG Queue check finished
Random Bots Stats: 0 online
Bots level:
Bots race:
Bots class:
Bots role:
    tank: 0, heal: 0, dps: 0
Bots status:
    Active: 0
    Moving: 0
    In flight: 0
    On mount: 0
    In combat: 0
    In BG: 0
    In Rest: 0
    Dead: 0
Bots rpg status:
    Idle: 0, Rest: 0, GoGrind: 0, GoCamp: 0, MoveRandom: 0, MoveNpc: 0, DoQuest: 0, TravelFlight: 0, OutdoorPvP: 0
Bots total quests:
    Accepted: 0, Rewarded: 0, Dropped: 0
Bots engine:
    Non-combat: 0, Combat: 0, Dead: 0
Checking LFG Queue...
LFG Queue check finished
Checking BG Queue...
BG Queue check finished
Checking LFG Queue...
LFG Queue check finished
Checking BG Queue...
BG Queue check finished
Checking LFG Queue...
LFG Queue check finished
Checking BG Queue...
BG Queue check finished
Checking LFG Queue...
LFG Queue check finished
Checking BG Queue...
BG Queue check finished
Checking LFG Queue...
LFG Queue check finished
Checking BG Queue...
BG Queue check finished
Checking LFG Queue...
LFG Queue check finished
Checking BG Queue...
BG Queue check finished
Checking LFG Queue...
LFG Queue check finished
Checking BG Queue...
BG Queue check finished
Checking LFG Queue...
LFG Queue check finished
Checking BG Queue...
BG Queue check finished
Random Bots Stats: 0 online
Bots level:
Bots race:
Bots class:
Bots role:
    tank: 0, heal: 0, dps: 0
Bots status:
    Active: 0
    Moving: 0
    In flight: 0
    On mount: 0
    In combat: 0
    In BG: 0
    In Rest: 0
    Dead: 0
Bots rpg status:
    Idle: 0, Rest: 0, GoGrind: 0, GoCamp: 0, MoveRandom: 0, MoveNpc: 0, DoQuest: 0, TravelFlight: 0, OutdoorPvP: 0
Bots total quests:
    Accepted: 0, Rewarded: 0, Dropped: 0
Bots engine:
    Non-combat: 0, Combat: 0, Dead: 0
Checking LFG Queue...
LFG Queue check finished
Checking BG Queue...
BG Queue check finished
Checking LFG Queue...
LFG Queue check finished
Checking BG Queue...
BG Queue check finished
Checking LFG Queue...
LFG Queue check finished
Checking BG Queue...
BG Queue check finished
Checking LFG Queue...
LFG Queue check finished
Checking BG Queue...
BG Queue check finished
Checking LFG Queue...
LFG Queue check finished
Checking BG Queue...
BG Queue check finished
Checking LFG Queue...
LFG Queue check finished
Checking BG Queue...
BG Queue check finished
Checking LFG Queue...
LFG Queue check finished
Checking BG Queue...
BG Queue check finished
Checking LFG Queue...
LFG Queue check finished
Random Bots Stats: 0 online
Bots level:
Bots race:
Bots class:
Bots role:
    tank: 0, heal: 0, dps: 0
Bots status:
    Active: 0
    Moving: 0
    In flight: 0
    On mount: 0
    In combat: 0
    In BG: 0
    In Rest: 0
    Dead: 0
Bots rpg status:
    Idle: 0, Rest: 0, GoGrind: 0, GoCamp: 0, MoveRandom: 0, MoveNpc: 0, DoQuest: 0, TravelFlight: 0, OutdoorPvP: 0
Bots total quests:
    Accepted: 0, Rewarded: 0, Dropped: 0
Bots engine:
    Non-combat: 0, Combat: 0, Dead: 0
Checking BG Queue...
BG Queue check finished
Checking LFG Queue...
LFG Queue check finished
Checking BG Queue...
BG Queue check finished
Checking LFG Queue...
LFG Queue check finished
Checking BG Queue...
BG Queue check finished
Checking LFG Queue...
LFG Queue check finished
Checking BG Queue...
BG Queue check finished
Checking LFG Queue...
LFG Queue check finished
Checking BG Queue...
BG Queue check finished
Checking LFG Queue...
LFG Queue check finished
Checking BG Queue...
BG Queue check finished
Checking LFG Queue...
LFG Queue check finished
Checking BG Queue...
BG Queue check finished
Checking LFG Queue...
LFG Queue check finished
Checking BG Queue...
BG Queue check finished
Random Bots Stats: 0 online
Bots level:
Bots race:
Bots class:
Bots role:
    tank: 0, heal: 0, dps: 0
Bots status:
    Active: 0
    Moving: 0
    In flight: 0
    On mount: 0
    In combat: 0
    In BG: 0
    In Rest: 0
    Dead: 0
Bots rpg status:
    Idle: 0, Rest: 0, GoGrind: 0, GoCamp: 0, MoveRandom: 0, MoveNpc: 0, DoQuest: 0, TravelFlight: 0, OutdoorPvP: 0
Bots total quests:
    Accepted: 0, Rewarded: 0, Dropped: 0
Bots engine:
    Non-combat: 0, Combat: 0, Dead: 0
Checking LFG Queue...
LFG Queue check finished
Checking BG Queue...
BG Queue check finished
Checking LFG Queue...
LFG Queue check finished
Checking BG Queue...
BG Queue check finished
Checking LFG Queue...
LFG Queue check finished
Checking BG Queue...
BG Queue check finished
Checking LFG Queue...
LFG Queue check finished
Checking BG Queue...
BG Queue check finished
Checking LFG Queue...
LFG Queue check finished
Checking BG Queue...
BG Queue check finished
Checking LFG Queue...
LFG Queue check finished
Checking BG Queue...
BG Queue check finished
Checking LFG Queue...
LFG Queue check finished
Checking BG Queue...
BG Queue check finished
Checking LFG Queue...
LFG Queue check finished
Checking BG Queue...
BG Queue check finished
Random Bots Stats: 0 online
Bots level:
Bots race:
Bots class:
Bots role:
    tank: 0, heal: 0, dps: 0
Bots status:
    Active: 0
    Moving: 0
    In flight: 0
    On mount: 0
    In combat: 0
    In BG: 0
    In Rest: 0
    Dead: 0
Bots rpg status:
    Idle: 0, Rest: 0, GoGrind: 0, GoCamp: 0, MoveRandom: 0, MoveNpc: 0, DoQuest: 0, TravelFlight: 0, OutdoorPvP: 0
Bots total quests:
    Accepted: 0, Rewarded: 0, Dropped: 0
Bots engine:
    Non-combat: 0, Combat: 0, Dead: 0
Checking LFG Queue...
LFG Queue check finished
Checking BG Queue...
BG Queue check finished
Checking LFG Queue...
LFG Queue check finished
Checking BG Queue...
BG Queue check finished
Checking LFG Queue...
LFG Queue check finished
Checking BG Queue...
BG Queue check finished
Checking LFG Queue...
LFG Queue check finished
Checking BG Queue...
BG Queue check finished
Checking LFG Queue...
LFG Queue check finished
Checking BG Queue...
BG Queue check finished
Checking LFG Queue...
LFG Queue check finished
Checking BG Queue...
BG Queue check finished
Checking LFG Queue...
LFG Queue check finished
Checking BG Queue...
BG Queue check finished
Checking LFG Queue...
LFG Queue check finished
Random Bots Stats: 0 online
Bots level:
Bots race:
Bots class:
Bots role:
    tank: 0, heal: 0, dps: 0
Bots status:
    Active: 0
    Moving: 0
    In flight: 0
    On mount: 0
    In combat: 0
    In BG: 0
    In Rest: 0
    Dead: 0
Bots rpg status:
    Idle: 0, Rest: 0, GoGrind: 0, GoCamp: 0, MoveRandom: 0, MoveNpc: 0, DoQuest: 0, TravelFlight: 0, OutdoorPvP: 0
Bots total quests:
    Accepted: 0, Rewarded: 0, Dropped: 0
Bots engine:
    Non-combat: 0, Combat: 0, Dead: 0
Checking BG Queue...
BG Queue check finished
Checking LFG Queue...
LFG Queue check finished
Checking BG Queue...
BG Queue check finished
Checking LFG Queue...
LFG Queue check finished
Checking BG Queue...
BG Queue check finished
Checking LFG Queue...
LFG Queue check finished
Checking BG Queue...
BG Queue check finished
Checking LFG Queue...
LFG Queue check finished
Checking BG Queue...
BG Queue check finished
Checking LFG Queue...
LFG Queue check finished
Checking BG Queue...
BG Queue check finished
Checking LFG Queue...
LFG Queue check finished
Checking BG Queue...
BG Queue check finished
Checking LFG Queue...
LFG Queue check finished
Checking BG Queue...
BG Queue check finished
Random Bots Stats: 0 online
Bots level:
Bots race:
Bots class:
Bots role:
    tank: 0, heal: 0, dps: 0
Bots status:
    Active: 0
    Moving: 0
    In flight: 0
    On mount: 0
    In combat: 0
    In BG: 0
    In Rest: 0
    Dead: 0
Bots rpg status:
    Idle: 0, Rest: 0, GoGrind: 0, GoCamp: 0, MoveRandom: 0, MoveNpc: 0, DoQuest: 0, TravelFlight: 0, OutdoorPvP: 0
Bots total quests:
    Accepted: 0, Rewarded: 0, Dropped: 0
Bots engine:
    Non-combat: 0, Combat: 0, Dead: 0
Checking LFG Queue...
LFG Queue check finished
Checking BG Queue...
BG Queue check finished
Checking LFG Queue...
LFG Queue check finished
Checking BG Queue...
BG Queue check finished
Checking LFG Queue...
LFG Queue check finished
Checking BG Queue...
BG Queue check finished
Checking LFG Queue...
LFG Queue check finished
Checking BG Queue...
BG Queue check finished
Checking LFG Queue...
LFG Queue check finished
Checking BG Queue...
BG Queue check finished
Checking LFG Queue...
LFG Queue check finished
Checking BG Queue...
BG Queue check finished
Checking LFG Queue...
LFG Queue check finished
Checking BG Queue...
BG Queue check finished
42 new bots prepared to login
[New RPG] Bot Ysa select random inn keeper pos Map:1 X:-4455.727 Y:245.14604 Z:39.6908 (1 available in 12)
[New RPG] Bot Ysa select random grind pos Map:1 X:-5000 Y:450 Z:0 (36+96 available in 480)
[New RPG] Bot Ysa select random grind pos Map:1 X:-4600 Y:700 Z:50 (36+96 available in 480)
Checking LFG Queue...
LFG Queue check finished
Bot #389 <Beawi>: teleport for level and refresh
Refreshing bot GUID Full: 0x0000000000000185 Type: Player Low: 389 <Beawi>
Random teleporting bot Beawi (level 64) to Map: 530 (Outland) Zone: 3703 (Shattrath City) Area: 3703 (Shattrath City) ZoneLevel: 0 AreaLevel: 0 -2013.7781,5364.916,-9.300964 (1/1 locations)
Bot #366 <Thekem>: teleport for level and refresh
Refreshing bot GUID Full: 0x000000000000016e Type: Player Low: 366 <Thekem>
Random teleporting bot Thekem (level 57) to Map: 0 (Eastern Kingdoms) Zone: 46 (Burning Steppes) Area: 251 (Flame Crest) ZoneLevel: 0 AreaLevel: 0 -7506.9277,-2186.6743,164.74553 (1/7 locations)
Refreshing bot GUID Full: 0x000000000000013d Type: Player Low: 317 <Mydas>
Random teleporting bot Mydas for level 51 (12 locations available)
Random teleporting bot Mydas (level 51) to Map: 1 (Kalimdor) Zone: 361 (Felwood) Area: 1998 (Talonbranch Glade ) ZoneLevel: 0 AreaLevel: 53 6208.02,-1948.3518,571.22424 (1/12 locations)
Bot #384 <Aleluun>: teleport for level and refresh
Refreshing bot GUID Full: 0x0000000000000180 Type: Player Low: 384 <Aleluun>
Random teleporting bot Aleluun (level 27) to Map: 1 (Kalimdor) Zone: 400 (Thousand Needles) Area: 484 (Freewind Post) ZoneLevel: 0 AreaLevel: 26 -5473.0947,-2458.8848,89.33376 (1/4 locations)
Bot #370 <Dresera>: teleport for level and refresh
Refreshing bot GUID Full: 0x0000000000000172 Type: Player Low: 370 <Dresera>
Random teleporting bot Dresera (level 10) to Map: 530 (Outland) Zone: 3524 (Azuremyst Isle) Area: 3576 (Azure Watch) ZoneLevel: 0 AreaLevel: 5 -4133.0415,-12472.458,44.6223 (7/9 locations)
Refreshing bot GUID Full: 0x0000000000000146 Type: Player Low: 326 <Kamig>
Random teleporting bot Kamig for level 71 (21 locations available)
Random teleporting bot Kamig (level 71) to Map: 530 (Outland) Zone: 3523 (Netherstorm) Area: 3738 (The Stormspire) ZoneLevel: 0 AreaLevel: 0 4115.28,3061.665,339.5152 (1/21 locations)
Bot #334 <Charonald>: teleport for level and refresh
Refreshing bot GUID Full: 0x000000000000014e Type: Player Low: 334 <Charonald>
Random teleporting bot Charonald (level 13) to Map: 0 (Eastern Kingdoms) Zone: 38 (Loch Modan) Area: 2101 (Stoutlager Inn) ZoneLevel: 0 AreaLevel: 0 -5378.9497,-2969.0193,322.1077 (2/5 locations)
[New RPG] Bot Bengren select random inn keeper pos Map:0 X:-10519.146 Y:-1165.0957 Z:28.6161 (1 available in 4)
[New RPG] Bot Bengren select random grind pos Map:0 X:-11000 Y:-800 Z:50 (19+44 available in 445)
[New RPG] Bot Bengren select random flight taxi node from:2409 (node 12) to:16 (1 available)
[New RPG] Bot Ceale select random inn keeper pos Map:530 X:9476.128 Y:-6854.2715 Z:17.9246 (1 available in 10)
[New RPG] Bot Ceale select random grind pos Map:530 X:9100 Y:-6800 Z:0 (31+124 available in 1881)
Checking BG Queue...
BG Queue check finished
Random Bots Stats: 42 online
Bots level:
    10..19: 6 alliance, 3 horde
    20..29: 2 alliance, 3 horde
    30..39: 3 alliance, 2 horde
    40..49: 1 alliance, 2 horde
    50..59: 3 alliance, 2 horde
    60..69: 3 alliance, 4 horde
    70..79: 2 alliance, 3 horde
    80..80: 2 alliance, 1 horde
Bots race:
    Human: 5, avg lvl: 37.2
    Orc: 7, avg lvl: 49.7
    Dwarf: 3, avg lvl: 38.6
    Night Elf: 3, avg lvl: 32
    Undead: 2, avg lvl: 63
    Tauren: 3, avg lvl: 30.3
    Gnome: 3, avg lvl: 42.3
    Troll: 1, avg lvl: 64
    Goblin: 5, avg lvl: 51
    Blood Elf: 2, avg lvl: 45
    Draenei: 2, avg lvl: 35.5
    Worgen: 3, avg lvl: 59.6
    High Elf: 3, avg lvl: 47.6
Bots class:
    paladin: 42, avg lvl: 45
Bots role:
    tank: 0, heal: 0, dps: 42
Bots status:
    Active: 2
    Moving: 0
    In flight: 0
    On mount: 6
    In combat: 2
    In BG: 0
    In Rest: 10
    Dead: 0
Bots rpg status:
    Idle: 39, Rest: 0, GoGrind: 1, GoCamp: 0, MoveRandom: 0, MoveNpc: 2, DoQuest: 0, TravelFlight: 0, OutdoorPvP: 0
Bots total quests:
    Accepted: 0, Rewarded: 0, Dropped: 0
Bots engine:
    Non-combat: 40, Combat: 2, Dead: 0
Checking LFG Queue...
LFG Queue check finished
[New RPG] Bot Mundibill select random inn keeper pos Map:0 X:-10519.146 Y:-1165.0957 Z:28.6161 (1 available in 7)
[New RPG] Bot Mundibill select random grind pos Map:0 X:-11050 Y:-550 Z:50 (16+39 available in 673)
[New RPG] Bot Mundibill select random flight taxi node from:2409 (node 12) to:6 (1 available)
[New RPG] Mundibill accept quest 163
Checking BG Queue...
BG Queue check finished
[New RPG] Bot Charonald select random inn keeper pos Map:4294967295 X:0 Y:0 Z:0 (0 available in 5)
[New RPG] Bot Charonald select random grind pos Map:0 X:-5000 Y:-3300 Z:300 (37+41 available in 1445)
[New RPG] Bot Charonald select random flight taxi node from:1572 (node 8) to:2 (1 available)
[New RPG] Bot Eramir select random inn keeper pos Map:1 X:-6863.6255 Y:732.26135 Z:46.2454 (1 available in 7)
[New RPG] Bot Eramir select random grind pos Map:1 X:-7900 Y:1800 Z:0 (2+37 available in 1117)
[New RPG] Bot Landraran select random inn keeper pos Map:4294967295 X:0 Y:0 Z:0 (0 available in 5)
[New RPG] Bot Landraran select random grind pos Map:0 X:-6000 Y:-3000 Z:400 (37+41 available in 1445)
[New RPG] Bot Landraran select random flight taxi node from:1572 (node 8) to:6 (1 available)
Checking LFG Queue...
LFG Queue check finished
[New RPG] Bot Gedsewe select random inn keeper pos Map:530 X:7555.64 Y:-6892.895 Z:96.61 (1 available in 6)
[New RPG] Bot Gedsewe select random grind pos Map:530 X:7200 Y:-6400 Z:50 (32+109 available in 1210)
[New RPG] Bot Gedsewe select random flight taxi node from:16189 (node 83) to:205 (1 available)
[New RPG] Bot Kamig select random inn keeper pos Map:530 X:3062.5857 Y:3696.839 Z:143.062 (1 available in 21)
[New RPG] Bot Kamig select random grind pos Map:530 X:4100 Y:3400 Z:150 (45+348 available in 2977)
[New RPG] Bot Kamig select random flight taxi node from:19583 (node 139) to:150 (1 available)
[New RPG] Bot Krunemuzz select random inn keeper pos Map:4294967295 X:0 Y:0 Z:0 (0 available in 12)
[New RPG] Bot Krunemuzz select random grind pos Map:571 X:4600 Y:-450 Z:150 (0+211 available in 1286)
[New RPG] Bot Krunemuzz select random flight taxi node from:28674 (node 310) to:309 (1 available)
Checking BG Queue...
BG Queue check finished
[New RPG] Kamig accept quest 10336
[New RPG] Bot Ellaro select random inn keeper pos Map:0 X:-9467.633 Y:16.714157 Z:57.5459 (2 available in 9)
[New RPG] Bot Ellaro select random grind pos Map:0 X:-9800 Y:-700 Z:50 (3+178 available in 1725)
[New RPG] Bot Ellaro select random flight taxi node from:352 (node 2) to:4 (1 available)
[New RPG] Bot Ellaro select random flight taxi node from:352 (node 2) to:4 (1 available)
Checking LFG Queue...
LFG Queue check finished
[New RPG] Bengren accept quest 222
Checking BG Queue...
BG Queue check finished
Checking LFG Queue...
LFG Queue check finished
Bot #326 <Kamig>: teleport for level and refresh
Refreshing bot GUID Full: 0x0000000000000146 Type: Player Low: 326 <Kamig>
Random teleporting bot Kamig (level 71) to Map: 571 (Northrend) Zone: 65 (Dragonblight) Area: 4177 (Wintergarde Keep) ZoneLevel: 0 AreaLevel: 73 3642.9912,-716.5537,214.29042 (1/21 locations)
[New RPG] Bot Babine select random inn keeper pos Map:4294967295 X:0 Y:0 Z:0 (0 available in 7)
[New RPG] Bot Babine select random grind pos Map:1 X:2100 Y:-6200 Z:0 (0+9 available in 800)
[New RPG] Bot Babine select random flight taxi node from:3310 (node 23) to:72 (1 available)
Checking BG Queue...
BG Queue check finished
[New RPG] Bot Vahaa select random inn keeper pos Map:4294967295 X:0 Y:0 Z:0 (0 available in 13)
[New RPG] Bot Vahaa select random grind pos Map:4294967295 X:0 Y:0 Z:0 (0+0 available in 1286)
[New RPG] Bot Gucli select random inn keeper pos Map:530 X:-178.91858 Y:5526.9116 Z:29.9909 (1 available in 6)
[New RPG] Bot Gucli select random grind pos Map:530 X:-50 Y:7750 Z:0 (48+307 available in 1117)
[New RPG] Bot Gucli select random flight taxi node from:18791 (node 118) to:127 (1 available)
Checking LFG Queue...
LFG Queue check finished
[New RPG] Gucli accept quest 9845
[New RPG] Bot Pirlish select random inn keeper pos Map:4294967295 X:0 Y:0 Z:0 (0 available in 7)
[New RPG] Bot Pirlish select random grind pos Map:0 X:-1050 Y:-3850 Z:150 (7+96 available in 615)
[New RPG] Bot Pirlish select random flight taxi node from:2851 (node 17) to:18 (1 available)
[New RPG] Bot Pirlish select random grind pos Map:0 X:-2050 Y:-3350 Z:50 (7+96 available in 615)
[New RPG] Bot Vidunuvoo select random inn keeper pos Map:1 X:-7160.833 Y:-3836.974 Z:9.34809 (1 available in 10)
[New RPG] Bot Vidunuvoo select random grind pos Map:1 X:-7950 Y:-2400 Z:-50 (18+108 available in 545)
Checking BG Queue...
BG Queue check finished
[New RPG] Bot Paelaas select random inn keeper pos Map:1 X:-2373.846 Y:-1991.367 Z:97.2881 (3 available in 7)
[New RPG] Bot Paelaas select random grind pos Map:1 X:-1550 Y:-3700 Z:100 (12+210 available in 1091)
[New RPG] Bot Paelaas select random flight taxi node from:16227 (node 80) to:23 (1 available)
[New RPG] Bot Paelaas select random inn keeper pos Map:1 X:-411.9045 Y:-2646.682 Z:96.8063 (3 available in 7)
Checking LFG Queue...
LFG Queue check finished
Checking BG Queue...
BG Queue check finished
[New RPG] Gucli accept quest 9820
[New RPG] Bot Cimlan select random inn keeper pos Map:571 X:3545.5303 Y:277.91348 Z:46.1634 (2 available in 24)
[New RPG] Bot Cimlan select random grind pos Map:571 X:4000 Y:-650 Z:300 (0+188 available in 2696)
[New RPG] Bot Cimlan select random flight taxi node from:28674 (node 310) to:294 (1 available)
[New RPG] Bot Cimlan select random flight taxi node from:28674 (node 310) to:250 (1 available)
[New RPG] Bot Nanolii select random inn keeper pos Map:4294967295 X:0 Y:0 Z:0 (0 available in 8)
[New RPG] Bot Nanolii select random grind pos Map:0 X:2800 Y:-4200 Z:100 (14+77 available in 1022)
Checking LFG Queue...
LFG Queue check finished
[New RPG] Gucli accept quest 9814
[New RPG] Nanolii accept quest 9124
Checking BG Queue...
BG Queue check finished
[New RPG] Bot Ainimdi select random inn keeper pos Map:0 X:-5378.9497 Y:-2969.0193 Z:323.752 (1 available in 5)
[New RPG] Bot Ainimdi select random grind pos Map:0 X:-5650 Y:-3200 Z:300 (38+52 available in 1239)
[New RPG] Bot Ainimdi select random flight taxi node from:1572 (node 8) to:2 (1 available)
Checking LFG Queue...
LFG Queue check finished
Checking BG Queue...
BG Queue check finished
Random Bots Stats: 42 online
Bots level:
    10..19: 6 alliance, 3 horde
    20..29: 2 alliance, 3 horde
    30..39: 3 alliance, 2 horde
    40..49: 1 alliance, 2 horde
    50..59: 3 alliance, 2 horde
    60..69: 3 alliance, 4 horde
    70..79: 2 alliance, 3 horde
    80..80: 2 alliance, 1 horde
Bots race:
    Human: 5, avg lvl: 37.2
    Orc: 7, avg lvl: 49.7
    Dwarf: 3, avg lvl: 38.6
    Night Elf: 3, avg lvl: 32
    Undead: 2, avg lvl: 63
    Tauren: 3, avg lvl: 30.3
    Gnome: 3, avg lvl: 42.3
    Troll: 1, avg lvl: 64
    Goblin: 5, avg lvl: 51
    Blood Elf: 2, avg lvl: 45
    Draenei: 2, avg lvl: 35.5
    Worgen: 3, avg lvl: 59.6
    High Elf: 3, avg lvl: 47.6
Bots class:
    paladin: 42, avg lvl: 45
Bots role:
    tank: 0, heal: 0, dps: 42
Bots status:
    Active: 1
    Moving: 0
    In flight: 0
    On mount: 8
    In combat: 1
    In BG: 0
    In Rest: 10
    Dead: 0
Bots rpg status:
    Idle: 23, Rest: 0, GoGrind: 2, GoCamp: 1, MoveRandom: 0, MoveNpc: 7, DoQuest: 7, TravelFlight: 2, OutdoorPvP: 0
Bots total quests:
    Accepted: 7, Rewarded: 0, Dropped: 0
Bots engine:
    Non-combat: 41, Combat: 1, Dead: 0
Checking LFG Queue...
LFG Queue check finished
[New RPG] Bot Truhlnush select random inn keeper pos Map:4294967295 X:0 Y:0 Z:0 (0 available in 13)
[New RPG] Bot Truhlnush select random grind pos Map:4294967295 X:0 Y:0 Z:0 (0+0 available in 1286)
[New RPG] Bot Shahge select random inn keeper pos Map:0 X:-10.573854 Y:-940.3345 Z:57.6621 (1 available in 4)
[New RPG] Bot Shahge select random grind pos Map:0 X:-950 Y:-1000 Z:50 (19+71 available in 536)
[New RPG] Bot Shahge select random grind pos Map:0 X:-700 Y:300 Z:50 (19+71 available in 536)
[New RPG] Bot Landraran select random inn keeper pos Map:0 X:-5378.9497 Y:-2969.0193 Z:323.752 (1 available in 5)
[New RPG] Bot Landraran select random grind pos Map:0 X:-5300 Y:-2750 Z:350 (36+42 available in 1445)
[New RPG] Bot Landraran select random flight taxi node from:1572 (node 8) to:205 (1 available)
Checking BG Queue...
BG Queue check finished
[New RPG] Bot Tepan select random inn keeper pos Map:1 X:2776.9197 Y:-430.3474 Z:117.165 (1 available in 6)
[New RPG] Bot Tepan select random grind pos Map:1 X:3200 Y:-1200 Z:200 (2+77 available in 536)
[New RPG] Bot Westorn select random inn keeper pos Map:4294967295 X:0 Y:0 Z:0 (0 available in 5)
[New RPG] Bot Westorn select random grind pos Map:0 X:-12300 Y:-700 Z:0 (6+48 available in 517)
[New RPG] Bot Westorn select random flight taxi node from:2859 (node 19) to:16 (1 available)
[New RPG] Bot Bily select random inn keeper pos Map:4294967295 X:0 Y:0 Z:0 (0 available in 11)
[New RPG] Bot Bily select random grind pos Map:4294967295 X:0 Y:0 Z:0 (0+0 available in 1229)
Checking LFG Queue...
LFG Queue check finished
[New RPG] Bot Huflemak select random inn keeper pos Map:4294967295 X:0 Y:0 Z:0 (0 available in 8)
[New RPG] Bot Huflemak select random grind pos Map:4294967295 X:0 Y:0 Z:0 (0+0 available in 597)
Checking BG Queue...
BG Queue check finished
Mark bot Gucli as dead, will be revived in 299s.
[New RPG] Bot Thekem select random inn keeper pos Map:4294967295 X:0 Y:0 Z:0 (0 available in 7)
[New RPG] Bot Thekem select random grind pos Map:0 X:-8100 Y:-2100 Z:150 (12+33 available in 800)
[New RPG] Bot Thekem select random flight taxi node from:13177 (node 70) to:11 (1 available)
[New RPG] Bot Thekem select random grind pos Map:0 X:-7600 Y:-800 Z:200 (12+33 available in 800)
Bot GUID Full: 0x0000000000000192 Type: Player Low: 402 H:63 <Gucli> auto released
Bot GUID Full: 0x0000000000000192 Type: Player Low: 402 H:63 <Gucli> releases spirit
[New RPG] Bot Ceale select random inn keeper pos Map:530 X:9476.128 Y:-6854.2715 Z:17.9246 (1 available in 10)
[New RPG] Bot Ceale select random grind pos Map:530 X:9350 Y:-7350 Z:0 (31+124 available in 1881)
Checking LFG Queue...
LFG Queue check finished
[New RPG] Bot Helriel select random inn keeper pos Map:0 X:932.51324 Y:-1431.7295 Z:65.3343 (1 available in 11)
[New RPG] Bot Helriel select random grind pos Map:0 X:1600 Y:-950 Z:50 (0+20 available in 577)
[New RPG] Bot Helriel select random flight taxi node from:37888 (node 383) to:43 (1 available)
Checking BG Queue...
BG Queue check finished
Checking LFG Queue...
LFG Queue check finished
Bot GUID Full: 0x0000000000000192 Type: Player Low: 402 H:63 <Gucli> revives at body
[New RPG] Bot Celda select random inn keeper pos Map:4294967295 X:0 Y:0 Z:0 (0 available in 11)
[New RPG] Bot Celda select random grind pos Map:4294967295 X:0 Y:0 Z:0 (0+0 available in 1229)
Checking BG Queue...
BG Queue check finished
[New RPG] Bot Damaderon select random inn keeper pos Map:4294967295 X:0 Y:0 Z:0 (0 available in 18)
[New RPG] Bot Damaderon select random grind pos Map:4294967295 X:0 Y:0 Z:0 (0+0 available in 2452)
Checking LFG Queue...
LFG Queue check finished
Scheduled guild cache validation
Checking BG Queue...
BG Queue check finished
[New RPG] Bot Aleluun select random inn keeper pos Map:4294967295 X:0 Y:0 Z:0 (0 available in 4)
[New RPG] Bot Aleluun select random grind pos Map:1 X:-4700 Y:-1450 Z:-50 (28+48 available in 602)
[New RPG] Bot Aleluun select random flight taxi node from:4317 (node 30) to:58 (1 available)
[New RPG] Bot Aleluun select random flight taxi node from:4317 (node 30) to:61 (1 available)
[New RPG] Bot Damaderon select random inn keeper pos Map:4294967295 X:0 Y:0 Z:0 (0 available in 18)
[New RPG] Bot Damaderon select random grind pos Map:4294967295 X:0 Y:0 Z:0 (0+0 available in 2452)
[New RPG] Mundibill accept quest 164
[New RPG] Mundibill accept quest 165
[New RPG] Mundibill drop quest 1699
[New RPG] Mundibill drop quest 20
[New RPG] Mundibill drop quest 91
[New RPG] Mundibill drop quest 127
[New RPG] Mundibill drop quest 150
[New RPG] Mundibill drop quest 180
[New RPG] Mundibill drop quest 279
[New RPG] Mundibill drop quest 288
[New RPG] Mundibill drop quest 305
[New RPG] Mundibill drop quest 463
[New RPG] Mundibill drop quest 470
[New RPG] Mundibill drop quest 484
[New RPG] Mundibill drop quest 1054
[New RPG] Mundibill drop quest 1057
[New RPG] Mundibill drop quest 1070
[New RPG] Mundibill drop quest 1132
[New RPG] Mundibill drop quest 2358
[New RPG] Mundibill drop quest 9533
Bot GUID Full: 0x0000000000000192 Type: Player Low: 402 H:63 <Gucli> auto released
Bot GUID Full: 0x0000000000000192 Type: Player Low: 402 H:63 <Gucli> releases spirit
Bot GUID Full: 0x0000000000000192 Type: Player Low: 402 H:63 <Gucli> revives at body
Bot GUID Full: 0x0000000000000192 Type: Player Low: 402 H:63 <Gucli> revives at body
Checking LFG Queue...
LFG Queue check finished
Mark bot Shahge as dead, will be revived in 103s.
Bot GUID Full: 0x0000000000000192 Type: Player Low: 402 H:63 <Gucli> revives at body
Bot GUID Full: 0x0000000000000192 Type: Player Low: 402 H:63 <Gucli> revives at body
Bot GUID Full: 0x0000000000000192 Type: Player Low: 402 H:63 <Gucli> revives at body
Checking BG Queue...
BG Queue check finished
[New RPG] Bot Damaderon select random inn keeper pos Map:4294967295 X:0 Y:0 Z:0 (0 available in 18)
[New RPG] Bot Damaderon select random grind pos Map:4294967295 X:0 Y:0 Z:0 (0+0 available in 2452)
Checking LFG Queue...
LFG Queue check finished
Checking BG Queue...
BG Queue check finished
[New RPG] Bot Dranon select random inn keeper pos Map:4294967295 X:0 Y:0 Z:0 (0 available in 4)
[New RPG] Bot Dranon select random grind pos Map:0 X:-1300 Y:-2150 Z:50 (22+85 available in 654)
[New RPG] Bot Dranon select random flight taxi node from:2835 (node 16) to:19 (1 available)
[New RPG] Bot Dabdina select random inn keeper pos Map:571 X:5458.3022 Y:-2637.2583 Z:307.134 (1 available in 13)
[New RPG] Bot Dabdina select random grind pos Map:571 X:6550 Y:-4000 Z:500 (33+85 available in 1229)
[New RPG] Bot Dabdina select random flight taxi node from:28624 (node 307) to:337 (1 available)
[New RPG] Bot Krunemuzz select random inn keeper pos Map:571 X:3545.5303 Y:277.91348 Z:46.1634 (1 available in 12)
[New RPG] Bot Krunemuzz select random grind pos Map:571 X:5750 Y:-1300 Z:250 (0+248 available in 1286)
[New RPG] Bot Krunemuzz select random flight taxi node from:28674 (node 310) to:308 (1 available)
[New RPG] Bot Krunemuzz select random flight taxi node from:28674 (node 310) to:305 (1 available)
Checking LFG Queue...
LFG Queue check finished
Random Bots Stats: 42 online
Bots level:
    10..19: 6 alliance, 3 horde
    20..29: 2 alliance, 3 horde
    30..39: 3 alliance, 2 horde
    40..49: 1 alliance, 2 horde
    50..59: 3 alliance, 2 horde
    60..69: 3 alliance, 4 horde
    70..79: 2 alliance, 3 horde
    80..80: 2 alliance, 1 horde
Bots race:
    Human: 5, avg lvl: 37.2
    Orc: 7, avg lvl: 49.7
    Dwarf: 3, avg lvl: 38.6
    Night Elf: 3, avg lvl: 32
    Undead: 2, avg lvl: 63
    Tauren: 3, avg lvl: 30.3
    Gnome: 3, avg lvl: 42.3
    Troll: 1, avg lvl: 64
    Goblin: 5, avg lvl: 51
    Blood Elf: 2, avg lvl: 45
    Draenei: 2, avg lvl: 35.5
    Worgen: 3, avg lvl: 59.6
    High Elf: 3, avg lvl: 47.6
Bots class:
    paladin: 42, avg lvl: 45
Bots role:
    tank: 0, heal: 0, dps: 42
Bots status:
    Active: 4
    Moving: 2
    In flight: 2
    On mount: 14
    In combat: 1
    In BG: 0
    In Rest: 9
    Dead: 3
Bots rpg status:
    Idle: 10, Rest: 3, GoGrind: 4, GoCamp: 1, MoveRandom: 1, MoveNpc: 9, DoQuest: 10, TravelFlight: 4, OutdoorPvP: 0
Bots total quests:
    Accepted: 9, Rewarded: 0, Dropped: 18
Bots engine:
    Non-combat: 37, Combat: 2, Dead: 3
Checking BG Queue...
BG Queue check finished
[New RPG] Bot Westerren select random inn keeper pos Map:530 X:2225.0168 Y:4722.442 Z:162.575 (2 available in 19)
[New RPG] Bot Westerren select random grind pos Map:530 X:3250 Y:5350 Z:200 (59+211 available in 2452)
[New RPG] Bot Westerren select random flight taxi node from:22216 (node 160) to:139 (1 available)
[New RPG] Bot Aseanna select random inn keeper pos Map:1 X:6407.9717 Y:520.1485 Z:9.22571 (1 available in 5)
[New RPG] Bot Aseanna select random grind pos Map:1 X:7000 Y:200 Z:0 (57+123 available in 1445)
[New RPG] Bot Aseanna select random inn keeper pos Map:1 X:6407.9717 Y:520.1485 Z:9.22571 (1 available in 5)
Checking LFG Queue...
LFG Queue check finished
[New RPG] Bot Nanolii select random inn keeper pos Map:4294967295 X:0 Y:0 Z:0 (0 available in 8)
[New RPG] Bot Nanolii select random grind pos Map:0 X:3400 Y:-5050 Z:150 (14+77 available in 1022)
[New RPG] Bot Nanolii select random flight taxi node from:12617 (node 67) to:2 (1 available)
[New RPG] Bot Shuhma select random inn keeper pos Map:530 X:-2622.2158 Y:4445.319 Z:36.6768 (2 available in 19)
[New RPG] Bot Shuhma select random grind pos Map:530 X:-3450 Y:4450 Z:0 (0+365 available in 2088)
[New RPG] Bot Shuhma select random flight taxi node from:18940 (node 128) to:120 (1 available)
[New RPG] Bot Shuhma select random grind pos Map:530 X:-3800 Y:5000 Z:0 (0+365 available in 2088)
[New RPG] Bot Dranon select random inn keeper pos Map:4294967295 X:0 Y:0 Z:0 (0 available in 4)
[New RPG] Bot Dranon select random grind pos Map:0 X:-1000 Y:-2500 Z:50 (22+85 available in 654)
[New RPG] Bot Dranon select random flight taxi node from:2835 (node 16) to:2 (1 available)
[New RPG] Bot Dranon select random flight taxi node from:2835 (node 16) to:6 (1 available)
[New RPG] Bot Nanolii select random inn keeper pos Map:4294967295 X:0 Y:0 Z:0 (0 available in 8)
[New RPG] Bot Nanolii select random grind pos Map:0 X:2450 Y:-5150 Z:100 (14+77 available in 1022)
Checking BG Queue...
BG Queue check finished
Bot GUID Full: 0x0000000000000168 Type: Player Low: 360 H:28 <Shahge> auto released
Bot GUID Full: 0x0000000000000168 Type: Player Low: 360 H:28 <Shahge> releases spirit
Checking LFG Queue...
LFG Queue check finished
[New RPG] Bot Cimlan select random inn keeper pos Map:571 X:3260.8447 Y:-2204.4275 Z:117.612 (2 available in 24)
[New RPG] Bot Cimlan select random grind pos Map:571 X:3650 Y:-2550 Z:150 (20+139 available in 2696)
[New RPG] Bot Cimlan select random flight taxi node from:26852 (node 250) to:249 (1 available)
Checking BG Queue...
BG Queue check finished
[New RPG] Bot Bily select random inn keeper pos Map:4294967295 X:0 Y:0 Z:0 (0 available in 11)
[New RPG] Bot Bily select random grind pos Map:4294967295 X:0 Y:0 Z:0 (0+0 available in 1229)
[New RPG] Bot Gedsewe select random inn keeper pos Map:530 X:7555.64 Y:-6892.895 Z:96.61 (1 available in 6)
[New RPG] Bot Gedsewe select random grind pos Map:530 X:6950 Y:-6400 Z:50 (45+96 available in 1210)
[New RPG] Bot Gedsewe select random flight taxi node from:16189 (node 83) to:11 (1 available)
[New RPG] Bot Huflemak select random inn keeper pos Map:4294967295 X:0 Y:0 Z:0 (0 available in 8)
[New RPG] Bot Huflemak select random grind pos Map:4294967295 X:0 Y:0 Z:0 (0+0 available in 597)
[New RPG] Bot Huflemak select random flight taxi node from:16192 (node 82) to:21 (1 available)
Bot GUID Full: 0x0000000000000192 Type: Player Low: 402 H:63 <Gucli> revives at body
Checking LFG Queue...
LFG Queue check finished
[New RPG] Bot Landraran select random inn keeper pos Map:0 X:-5378.9497 Y:-2969.0193 Z:323.752 (1 available in 5)
[New RPG] Bot Landraran select random grind pos Map:0 X:-5500 Y:-2750 Z:350 (30+48 available in 1445)
[New RPG] Bot Landraran select random flight taxi node from:1572 (node 8) to:205 (1 available)
Checking BG Queue...
BG Queue check finished
Refreshing bot GUID Full: 0x0000000000000168 Type: Player Low: 360 <Shahge>
Random teleporting bot Shahge for level 28 (4 locations available)
Random teleporting bot Shahge (level 28) to Map: 0 (Eastern Kingdoms) Zone: 267 (Hillsbrad Foothills) Area: 272 (Tarren Mill) ZoneLevel: 0 AreaLevel: 20 -10.573854,-940.3345,57.222317 (1/4 locations)
Mark bot Westorn as dead, will be revived in 215s.
[New RPG] Bot Helriel select random inn keeper pos Map:0 X:1938.6797 Y:-2559.4805 Z:61.4247 (2 available in 11)
[New RPG] Bot Helriel select random grind pos Map:0 X:1700 Y:-1200 Z:50 (0+20 available in 577)
[New RPG] Bot Helriel select random flight taxi node from:37888 (node 383) to:43 (1 available)
Bot GUID Full: 0x000000000000014b Type: Player Low: 331 A:13 <Aseanna> auto released
Bot GUID Full: 0x000000000000014b Type: Player Low: 331 A:13 <Aseanna> releases spirit
[New RPG] Bot Bengren select random inn keeper pos Map:0 X:-10519.146 Y:-1165.0957 Z:28.6161 (1 available in 4)
[New RPG] Bot Bengren select random grind pos Map:0 X:-10350 Y:400 Z:0 (19+44 available in 445)
[New RPG] Bot Bengren select random flight taxi node from:2409 (node 12) to:16 (1 available)
Checking LFG Queue...
LFG Queue check finished
[New RPG] Bot Truhlnush select random inn keeper pos Map:4294967295 X:0 Y:0 Z:0 (0 available in 13)
[New RPG] Bot Truhlnush select random grind pos Map:4294967295 X:0 Y:0 Z:0 (0+0 available in 1286)
Checking BG Queue...
BG Queue check finished
Bot GUID Full: 0x000000000000014f Type: Player Low: 335 A:40 <Westorn> auto released
Bot GUID Full: 0x000000000000014f Type: Player Low: 335 A:40 <Westorn> releases spirit
[New RPG] Bot Huflemak select random inn keeper pos Map:4294967295 X:0 Y:0 Z:0 (0 available in 8)
[New RPG] Bot Huflemak select random grind pos Map:4294967295 X:0 Y:0 Z:0 (0+0 available in 597)
[New RPG] Bot Huflemak select random flight taxi node from:16192 (node 82) to:21 (1 available)
[New RPG] Bot Huflemak select random flight taxi node from:16192 (node 82) to:18 (1 available)
Checking LFG Queue...
LFG Queue check finished
Refreshing bot GUID Full: 0x0000000000000192 Type: Player Low: 402 <Gucli>
Random teleporting bot Gucli for level 63 (6 locations available)
Random teleporting bot Gucli (level 63) to Map: 1 (Kalimdor) Zone: 1377 (Silithus) Area: 3425 (Cenarion Hold) ZoneLevel: 0 AreaLevel: 55 -6863.6255,732.26135,45.71212 (1/6 locations)
[New RPG] Bot Bily select random inn keeper pos Map:4294967295 X:0 Y:0 Z:0 (0 available in 11)
[New RPG] Bot Bily select random grind pos Map:4294967295 X:0 Y:0 Z:0 (0+0 available in 1229)
Checking BG Queue...
BG Queue check finished
Bot #360 <Shahge>: teleport for level and refresh
Refreshing bot GUID Full: 0x0000000000000168 Type: Player Low: 360 <Shahge>
Random teleporting bot Shahge (level 28) to Map: 1 (Kalimdor) Zone: 400 (Thousand Needles) Area: 484 (Freewind Post) ZoneLevel: 0 AreaLevel: 26 -5473.0947,-2458.8848,89.33376 (1/4 locations)
Bot GUID Full: 0x000000000000014f Type: Player Low: 335 A:40 <Westorn> revives at body
Checking LFG Queue...
LFG Queue check finished
Mark bot Aseanna as dead, will be revived in 94s.
Checking BG Queue...
BG Queue check finished
[New RPG] Bot Beawi select random inn keeper pos Map:4294967295 X:0 Y:0 Z:0 (0 available in 9)
[New RPG] Bot Beawi select random grind pos Map:4294967295 X:0 Y:0 Z:0 (0+0 available in 1145)
[New RPG] Bot Mydas select random inn keeper pos Map:1 X:3979.627 Y:-1316.9385 Z:251.624 (1 available in 12)
[New RPG] Bot Mydas select random grind pos Map:1 X:6100 Y:-1600 Z:500 (4+77 available in 610)
[New RPG] Bot Mydas select random flight taxi node from:12578 (node 65) to:39 (1 available)
[New RPG] Bot Mydas select random grind pos Map:1 X:6100 Y:-1600 Z:500 (4+77 available in 610)
[New RPG] Mydas accept quest 9063
Checking LFG Queue...
LFG Queue check finished
Bot GUID Full: 0x000000000000014f Type: Player Low: 335 A:40 <Westorn> auto released
Bot GUID Full: 0x000000000000014f Type: Player Low: 335 A:40 <Westorn> releases spirit
Bot GUID Full: 0x000000000000014f Type: Player Low: 335 A:40 <Westorn> revives at body
[New RPG] Babine accept quest 8600
Checking BG Queue...
BG Queue check finished
[New RPG] Babine accept quest 8588
Checking LFG Queue...
LFG Queue check finished
Random Bots Stats: 42 online
Bots level:
    10..19: 6 alliance, 3 horde
    20..29: 2 alliance, 3 horde
    30..39: 3 alliance, 2 horde
    40..49: 1 alliance, 2 horde
    50..59: 3 alliance, 2 horde
    60..69: 3 alliance, 4 horde
    70..79: 2 alliance, 3 horde
    80..80: 2 alliance, 1 horde
Bots race:
    Human: 5, avg lvl: 37.2
    Orc: 7, avg lvl: 49.7
    Dwarf: 3, avg lvl: 38.6
    Night Elf: 3, avg lvl: 32
    Undead: 2, avg lvl: 63
    Tauren: 3, avg lvl: 30.3
    Gnome: 3, avg lvl: 42.3
    Troll: 1, avg lvl: 64
    Goblin: 5, avg lvl: 51
    Blood Elf: 2, avg lvl: 45
    Draenei: 2, avg lvl: 35.5
    Worgen: 3, avg lvl: 59.6
    High Elf: 3, avg lvl: 47.6
Bots class:
    paladin: 42, avg lvl: 45
Bots role:
    tank: 0, heal: 0, dps: 42
Bots status:
    Active: 4
    Moving: 2
    In flight: 2
    On mount: 14
    In combat: 2
    In BG: 0
    In Rest: 8
    Dead: 2
Bots rpg status:
    Idle: 8, Rest: 3, GoGrind: 4, GoCamp: 2, MoveRandom: 1, MoveNpc: 6, DoQuest: 13, TravelFlight: 5, OutdoorPvP: 0
Bots total quests:
    Accepted: 12, Rewarded: 0, Dropped: 18
Bots engine:
    Non-combat: 38, Combat: 2, Dead: 2
[New RPG] Bot Dabdina select random inn keeper pos Map:571 X:5458.3022 Y:-2637.2583 Z:307.134 (1 available in 13)
[New RPG] Bot Dabdina select random grind pos Map:571 X:6150 Y:-3300 Z:350 (33+85 available in 1229)
[New RPG] Bot Dabdina select random flight taxi node from:28624 (node 307) to:326 (1 available)
Checking BG Queue...
BG Queue check finished
[New RPG] Babine accept quest 8590
[New RPG] Bot Gucli select random inn keeper pos Map:4294967295 X:0 Y:0 Z:0 (0 available in 6)
[New RPG] Bot Gucli select random grind pos Map:1 X:-7050 Y:1150 Z:0 (7+32 available in 1117)
[New RPG] Bot Gucli select random flight taxi node from:15178 (node 72) to:22 (1 available)
[New RPG] Bot Shahge select random inn keeper pos Map:4294967295 X:0 Y:0 Z:0 (0 available in 4)
[New RPG] Bot Shahge select random grind pos Map:1 X:-5050 Y:-2400 Z:-50 (28+60 available in 536)
[New RPG] Bot Shahge select random flight taxi node from:4317 (node 30) to:29 (1 available)
[New RPG] Bot Gucli select random inn keeper pos Map:4294967295 X:0 Y:0 Z:0 (0 available in 6)
[New RPG] Bot Gucli select random grind pos Map:1 X:-6950 Y:1150 Z:0 (7+32 available in 1117)
[New RPG] Bot Gucli select random grind pos Map:1 X:-6900 Y:1200 Z:0 (7+32 available in 1117)
Checking LFG Queue...
LFG Queue check finished
Refreshing bot GUID Full: 0x000000000000014b Type: Player Low: 331 <Aseanna>
Random teleporting bot Aseanna for level 13 (5 locations available)
Random teleporting bot Aseanna (level 13) to Map: 1 (Kalimdor) Zone: 148 (Darkshore) Area: 442 (Auberdine) ZoneLevel: 0 AreaLevel: 12 6407.9717,520.1485,8.704459 (1/5 locations)
[New RPG] Gucli accept quest 8321
[New RPG] Gucli accept quest 8318
Checking BG Queue...
BG Queue check finished
Checking LFG Queue...
LFG Queue check finished
[New RPG] Bot Cimlan select random inn keeper pos Map:571 X:3870.5085 Y:-4544.2944 Z:209.906 (2 available in 24)
[New RPG] Bot Cimlan select random grind pos Map:571 X:3350 Y:-1900 Z:100 (20+139 available in 2696)
[New RPG] Bot Cimlan select random flight taxi node from:26852 (node 250) to:310 (1 available)
[New RPG] Bot Celda select random inn keeper pos Map:4294967295 X:0 Y:0 Z:0 (0 available in 11)
[New RPG] Bot Celda select random grind pos Map:4294967295 X:0 Y:0 Z:0 (0+0 available in 1229)
Checking BG Queue...
BG Queue check finished
[New RPG] Bot Flostee select random inn keeper pos Map:1 X:2338.5798 Y:-2563.2166 Z:103.357 (1 available in 4)
[New RPG] Bot Flostee select random grind pos Map:1 X:2300 Y:-1900 Z:50 (0+42 available in 602)
[New RPG] Bot Flostee select random flight taxi node from:31426 (node 23) to:30 (1 available)
[New RPG] Bot Flostee select random flight taxi node from:31426 (node 23) to:30 (1 available)
Checking LFG Queue...
LFG Queue check finished
Refreshing bot GUID Full: 0x000000000000014f Type: Player Low: 335 <Westorn>
Random teleporting bot Westorn for level 40 (5 locations available)
Random teleporting bot Westorn (level 40) to Map: 1 (Kalimdor) Zone: 15 (Dustwallow Marsh) Area: 4010 (Mudsprocket) ZoneLevel: 0 AreaLevel: 38 -4624.941,-3176.2188,39.79284 (1/5 locations)
[New RPG] Bot Aseanna select random inn keeper pos Map:4294967295 X:0 Y:0 Z:0 (0 available in 5)
[New RPG] Bot Aseanna select random grind pos Map:1 X:6750 Y:800 Z:0 (43+137 available in 1445)
[New RPG] Bot Aseanna select random flight taxi node from:3841 (node 26) to:80 (1 available)
[New RPG] Bot Aseanna select random flight taxi node from:3841 (node 26) to:80 (1 available)
Checking BG Queue...
BG Queue check finished
[New RPG] Babine accept quest 8549
[New RPG] Babine accept quest 8580
Bot Bengren logging out
Bot Flostee logging out
Bot Damaderon logging out
Bot Mydas logging out
Bot Ainimdi logging out
Bot Bily logging out
Bot Eramir logging out
Bot Kamig logging out
Bot Celda logging out
Bot Aseanna logging out
Bot Tepan logging out
Bot Charonald logging out
Bot Westorn logging out
Bot Nanolii logging out
Bot Lucini logging out
Bot Nelaedon logging out
Bot Gedsewe logging out
Bot Ysa logging out
Bot Vahaa logging out
Bot Cimlan logging out
Bot Shuhma logging out
Bot Shahge logging out
Bot Vidunuvoo logging out
Bot Thekem logging out
Bot Dresera logging out
Bot Westerren logging out
Bot Paelaas logging out
Bot Ceale logging out
Bot Truhlnush logging out
Bot Huflemak logging out
Bot Krunemuzz logging out
Bot Aleluun logging out
Bot Helriel logging out
Bot Beawi logging out
Bot Babine logging out
Bot Ellaro logging out
Bot Landraran logging out
Bot Pirlish logging out
Bot Mundibill logging out
Bot Dranon logging out
Bot Gucli logging out
Bot Dabdina logging out
Logout all bots due no real player session.
Checking LFG Queue...
LFG Queue check finished
Skipping invalid operation: BotLogoutGroupCleanup
Skipping invalid operation: BotLogoutGroupCleanup
Skipping invalid operation: BotLogoutGroupCleanup
Skipping invalid operation: BotLogoutGroupCleanup
Skipping invalid operation: BotLogoutGroupCleanup
Skipping invalid operation: BotLogoutGroupCleanup
Skipping invalid operation: BotLogoutGroupCleanup
Skipping invalid operation: BotLogoutGroupCleanup
Skipping invalid operation: BotLogoutGroupCleanup
Skipping invalid operation: BotLogoutGroupCleanup
Skipping invalid operation: BotLogoutGroupCleanup
Skipping invalid operation: BotLogoutGroupCleanup
Skipping invalid operation: BotLogoutGroupCleanup
Skipping invalid operation: BotLogoutGroupCleanup
Skipping invalid operation: BotLogoutGroupCleanup
Skipping invalid operation: BotLogoutGroupCleanup
Skipping invalid operation: BotLogoutGroupCleanup
Skipping invalid operation: BotLogoutGroupCleanup
Skipping invalid operation: BotLogoutGroupCleanup
Skipping invalid operation: BotLogoutGroupCleanup
Skipping invalid operation: BotLogoutGroupCleanup
Skipping invalid operation: BotLogoutGroupCleanup
Skipping invalid operation: BotLogoutGroupCleanup
Skipping invalid operation: BotLogoutGroupCleanup
Skipping invalid operation: BotLogoutGroupCleanup
Skipping invalid operation: BotLogoutGroupCleanup
Skipping invalid operation: BotLogoutGroupCleanup
Skipping invalid operation: BotLogoutGroupCleanup
Skipping invalid operation: BotLogoutGroupCleanup
Skipping invalid operation: BotLogoutGroupCleanup
Skipping invalid operation: BotLogoutGroupCleanup
Skipping invalid operation: BotLogoutGroupCleanup
Skipping invalid operation: BotLogoutGroupCleanup
Skipping invalid operation: BotLogoutGroupCleanup
Skipping invalid operation: BotLogoutGroupCleanup
Skipping invalid operation: BotLogoutGroupCleanup
Skipping invalid operation: BotLogoutGroupCleanup
Skipping invalid operation: BotLogoutGroupCleanup
Skipping invalid operation: BotLogoutGroupCleanup
Skipping invalid operation: BotLogoutGroupCleanup
Skipping invalid operation: BotLogoutGroupCleanup
Skipping invalid operation: BotLogoutGroupCleanup
Checking BG Queue...
BG Queue check finished
Checking LFG Queue...
LFG Queue check finished
Checking BG Queue...
BG Queue check finished
Checking LFG Queue...
LFG Queue check finished
Checking BG Queue...
BG Queue check finished
Checking LFG Queue...
LFG Queue check finished
Checking BG Queue...
BG Queue check finished
Random Bots Stats: 0 online
Bots level:
Bots race:
Bots class:
Bots role:
    tank: 0, heal: 0, dps: 0
Bots status:
    Active: 0
    Moving: 0
    In flight: 0
    On mount: 0
    In combat: 0
    In BG: 0
    In Rest: 0
    Dead: 0
Bots rpg status:
    Idle: 0, Rest: 0, GoGrind: 0, GoCamp: 0, MoveRandom: 0, MoveNpc: 0, DoQuest: 0, TravelFlight: 0, OutdoorPvP: 0
Bots total quests:
    Accepted: 12, Rewarded: 0, Dropped: 18
Bots engine:
    Non-combat: 0, Combat: 0, Dead: 0
Checking LFG Queue...
LFG Queue check finished
Checking BG Queue...
BG Queue check finished
Checking LFG Queue...
LFG Queue check finished
Checking BG Queue...
BG Queue check finished
Checking LFG Queue...
LFG Queue check finished
42 new bots prepared to login
Checking BG Queue...
BG Queue check finished
[New RPG] Bot Celda select random inn keeper pos Map:4294967295 X:0 Y:0 Z:0 (0 available in 11)
[New RPG] Bot Celda select random grind pos Map:4294967295 X:0 Y:0 Z:0 (0+0 available in 1229)
Checking LFG Queue...
LFG Queue check finished
[New RPG] Bot Dabdina select random inn keeper pos Map:571 X:5761.892 Y:-3557.8516 Z:387.633 (2 available in 13)
[New RPG] Bot Dabdina select random grind pos Map:571 X:5600 Y:-3500 Z:350 (34+84 available in 1229)
[New RPG] Bot Dabdina select random flight taxi node from:28624 (node 307) to:304 (1 available)
[New RPG] Bot Nanolii select random inn keeper pos Map:0 X:2298.104 Y:-5340.945 Z:91.3799 (1 available in 8)
[New RPG] Bot Nanolii select random grind pos Map:0 X:2700 Y:-4900 Z:100 (18+75 available in 1022)
[New RPG] Bot Krunemuzz select random inn keeper pos Map:571 X:3545.5303 Y:277.91348 Z:46.1634 (1 available in 12)
[New RPG] Bot Krunemuzz select random grind pos Map:571 X:5050 Y:-1550 Z:250 (0+266 available in 1286)
[New RPG] Bot Krunemuzz select random flight taxi node from:28674 (node 310) to:331 (1 available)
[New RPG] Bot Krunemuzz select random grind pos Map:571 X:4050 Y:-1150 Z:150 (0+266 available in 1286)
Bot GUID Full: 0x000000000000015d Type: Player Low: 349 H:17 <Gedsewe> auto released
Bot GUID Full: 0x000000000000015d Type: Player Low: 349 H:17 <Gedsewe> releases spirit
[New RPG] Bot Westerren select random inn keeper pos Map:530 X:2225.0168 Y:4722.442 Z:162.575 (2 available in 19)
[New RPG] Bot Westerren select random grind pos Map:530 X:1600 Y:4650 Z:150 (59+211 available in 2452)
[New RPG] Bot Westerren select random flight taxi node from:22216 (node 160) to:127 (1 available)
[New RPG] Bot Westerren select random inn keeper pos Map:530 X:2225.0168 Y:4722.442 Z:162.575 (2 available in 19)
[New RPG] Bot Pirlish select random inn keeper pos Map:4294967295 X:0 Y:0 Z:0 (0 available in 7)
[New RPG] Bot Pirlish select random grind pos Map:0 X:-2050 Y:-3350 Z:50 (7+96 available in 615)
[New RPG] Bot Pirlish select random flight taxi node from:2851 (node 17) to:20 (1 available)
Checking BG Queue...
BG Queue check finished
Bot #317 <Mydas>: teleport for level and refresh
Refreshing bot GUID Full: 0x000000000000013d Type: Player Low: 317 <Mydas>
Random teleporting bot Mydas (level 51) to Map: 1 (Kalimdor) Zone: 490 (Un'Goro Crater) Area: 541 (Marshal's Refuge) ZoneLevel: 0 AreaLevel: 0 -6115.034,-1142.5419,-187.81436 (1/12 locations)
Bot #383 <Krunemuzz>: teleport for level and refresh
Refreshing bot GUID Full: 0x000000000000017f Type: Player Low: 383 <Krunemuzz>
Random teleporting bot Krunemuzz (level 75) to Map: 571 (Northrend) Zone: 66 (Zul'Drak) Area: 4323 (Zim'Torga) ZoneLevel: 76 AreaLevel: 76 5761.892,-3557.8516,386.81097 (1/12 locations)
[New RPG] Bot Krunemuzz select random inn keeper pos Map:571 X:5458.3022 Y:-2637.2583 Z:307.134 (1 available in 12)
[New RPG] Bot Krunemuzz select random grind pos Map:571 X:5400 Y:-3350 Z:300 (2+177 available in 1286)
[New RPG] Bot Krunemuzz select random flight taxi node from:28624 (node 307) to:310 (1 available)
[New RPG] Bot Krunemuzz select random flight taxi node from:28624 (node 307) to:289 (1 available)
[New RPG] Bot Thekem select random inn keeper pos Map:0 X:-7506.9277 Y:-2186.6743 Z:165.802 (1 available in 7)
[New RPG] Bot Thekem select random grind pos Map:0 X:-7700 Y:-1750 Z:150 (20+25 available in 800)
[New RPG] Bot Thekem select random inn keeper pos Map:0 X:-7506.9277 Y:-2186.6743 Z:165.802 (1 available in 7)
[New RPG] Westerren accept quest 10753
Checking LFG Queue...
LFG Queue check finished
[New RPG] Bot Beawi select random inn keeper pos Map:4294967295 X:0 Y:0 Z:0 (0 available in 9)
[New RPG] Bot Beawi select random grind pos Map:4294967295 X:0 Y:0 Z:0 (0+0 available in 1145)
Checking BG Queue...
BG Queue check finished
[New RPG] Bot Flostee select random inn keeper pos Map:1 X:2338.5798 Y:-2563.2166 Z:103.357 (1 available in 4)
[New RPG] Bot Flostee select random grind pos Map:1 X:2550 Y:-2700 Z:150 (0+43 available in 602)
[New RPG] Bot Flostee select random flight taxi node from:31426 (node 23) to:29 (1 available)
[New RPG] Bot Flostee select random flight taxi node from:31426 (node 23) to:58 (1 available)
Bot GUID Full: 0x000000000000016e Type: Player Low: 366 H:57 <Thekem> auto released
Bot GUID Full: 0x000000000000016e Type: Player Low: 366 H:57 <Thekem> releases spirit
[New RPG] Bot Ainimdi select random inn keeper pos Map:0 X:-5378.9497 Y:-2969.0193 Z:323.752 (1 available in 5)
[New RPG] Bot Ainimdi select random grind pos Map:0 X:-5400 Y:-2750 Z:350 (35+55 available in 1239)
[New RPG] Bot Ainimdi select random flight taxi node from:1572 (node 8) to:4 (1 available)
Bot GUID Full: 0x000000000000016e Type: Player Low: 366 H:57 <Thekem> revives at body
[New RPG] Bot Helriel select random inn keeper pos Map:0 X:1938.6797 Y:-2559.4805 Z:61.4247 (2 available in 11)
[New RPG] Bot Helriel select random grind pos Map:0 X:1750 Y:-1250 Z:50 (0+20 available in 577)
[New RPG] Bot Helriel select random flight taxi node from:37888 (node 383) to:66 (1 available)
Bot GUID Full: 0x000000000000016e Type: Player Low: 366 H:57 <Thekem> revives at body
Bot GUID Full: 0x0000000000000165 Type: Player Low: 357 H:68 <Shuhma> auto released
Bot GUID Full: 0x0000000000000165 Type: Player Low: 357 H:68 <Shuhma> releases spirit
Bot GUID Full: 0x000000000000016e Type: Player Low: 366 H:57 <Thekem> revives at body
Checking LFG Queue...
LFG Queue check finished
Mark bot Thekem as dead, will be revived in 141s.
Bot GUID Full: 0x000000000000016e Type: Player Low: 366 H:57 <Thekem> revives at body
Bot GUID Full: 0x000000000000016e Type: Player Low: 366 H:57 <Thekem> revives at body
Bot GUID Full: 0x000000000000016e Type: Player Low: 366 H:57 <Thekem> revives at body
Bot GUID Full: 0x000000000000016e Type: Player Low: 366 H:57 <Thekem> revives at body
Bot GUID Full: 0x000000000000016e Type: Player Low: 366 H:57 <Thekem> revives at body
Bot GUID Full: 0x000000000000016e Type: Player Low: 366 H:57 <Thekem> revives at body
Bot GUID Full: 0x000000000000016e Type: Player Low: 366 H:57 <Thekem> revives at body
[New RPG] Bot Dranon select random inn keeper pos Map:4294967295 X:0 Y:0 Z:0 (0 available in 4)
[New RPG] Bot Dranon select random grind pos Map:4294967295 X:0 Y:0 Z:0 (0+0 available in 654)
[New RPG] Bot Dranon select random flight taxi node from:1573 (node 6) to:16 (1 available)
Bot GUID Full: 0x000000000000016e Type: Player Low: 366 H:57 <Thekem> revives at body
Bot GUID Full: 0x000000000000016e Type: Player Low: 366 H:57 <Thekem> revives at body
Checking BG Queue...
BG Queue check finished
[New RPG] Bot Eramir select random inn keeper pos Map:1 X:-6863.6255 Y:732.26135 Z:46.2454 (1 available in 7)
[New RPG] Bot Eramir select random grind pos Map:1 X:-7000 Y:1100 Z:0 (3+36 available in 1117)
[New RPG] Bot Eramir select random grind pos Map:1 X:-7900 Y:1800 Z:0 (3+36 available in 1117)
[New RPG] Bot Aleluun select random inn keeper pos Map:4294967295 X:0 Y:0 Z:0 (0 available in 4)
[New RPG] Bot Aleluun select random grind pos Map:1 X:2100 Y:-1000 Z:100 (23+87 available in 602)
[New RPG] Bot Aleluun select random flight taxi node from:12616 (node 61) to:29 (1 available)
[New RPG] Bot Aleluun select random flight taxi node from:12616 (node 61) to:23 (1 available)
[New RPG] Bot Lucini select random inn keeper pos Map:1 X:3979.627 Y:-1316.9385 Z:251.624 (1 available in 7)
[New RPG] Bot Lucini select random grind pos Map:1 X:6650 Y:-1950 Z:550 (14+114 available in 615)
[New RPG] Bot Lucini select random flight taxi node from:12578 (node 65) to:166 (1 available)
[New RPG] Bot Lucini select random flight taxi node from:12578 (node 65) to:166 (1 available)
[New RPG] Bot Ysa select random inn keeper pos Map:1 X:-4455.727 Y:245.14604 Z:39.6908 (1 available in 12)
[New RPG] Bot Ysa select random grind pos Map:1 X:-4950 Y:600 Z:0 (30+102 available in 480)
Checking LFG Queue...
LFG Queue check finished
Incremental randomizing Kamig (level 71 class = 2)...
Resetting player...
Initializing skills (step 1)...
Initializing spells (step 1)...
Initializing talents...
Initializing spells (step 2)...
Initializing reputation...
Initializing special spells...
Initializing mounts...
Initializing equipmemt...
Initializing bags...
Initializing ammo...
Initializing food...
Initializing potions...
Initializing reagents...
Initializing keys...
Initializing inventory...
Initializing consumables...
Initializing glyphs...
Initializing guilds...
Initializing pet...
Saving to DB...
Initialization Done.
Bot #326 A:71 <Kamig>: randomized
[New RPG] Bot Huflemak select random inn keeper pos Map:4294967295 X:0 Y:0 Z:0 (0 available in 8)
[New RPG] Bot Huflemak select random grind pos Map:4294967295 X:0 Y:0 Z:0 (0+0 available in 597)
[New RPG] Bot Kamig select random inn keeper pos Map:530 X:4115.28 Y:3061.665 Z:340.048 (2 available in 21)
[New RPG] Bot Kamig select random grind pos Map:530 X:4000 Y:1350 Z:-150 (45+348 available in 2977)
[New RPG] Bot Kamig select random flight taxi node from:19583 (node 139) to:150 (1 available)
[New RPG] Kamig accept quest 10855
Checking BG Queue...
BG Queue check finished
[New RPG] Kamig accept quest 10335
Checking LFG Queue...
LFG Queue check finished
Mark bot Shuhma as dead, will be revived in 82s.
[New RPG] Bot Mydas select random inn keeper pos Map:4294967295 X:0 Y:0 Z:0 (0 available in 12)
[New RPG] Bot Mydas select random grind pos Map:1 X:-7500 Y:-1200 Z:-250 (2+77 available in 610)
[New RPG] Bot Mydas select random flight taxi node from:10583 (node 79) to:41 (1 available)
Checking BG Queue...
BG Queue check finished
Random Bots Stats: 42 online
Bots level:
    10..19: 6 alliance, 3 horde
    20..29: 2 alliance, 3 horde
    30..39: 3 alliance, 2 horde
    40..49: 1 alliance, 2 horde
    50..59: 3 alliance, 2 horde
    60..69: 3 alliance, 4 horde
    70..79: 2 alliance, 3 horde
    80..80: 2 alliance, 1 horde
Bots race:
    Human: 5, avg lvl: 37.2
    Orc: 7, avg lvl: 49.7
    Dwarf: 3, avg lvl: 38.6
    Night Elf: 3, avg lvl: 32
    Undead: 2, avg lvl: 63
    Tauren: 3, avg lvl: 30.3
    Gnome: 3, avg lvl: 42.3
    Troll: 1, avg lvl: 64
    Goblin: 5, avg lvl: 51
    Blood Elf: 2, avg lvl: 45
    Draenei: 2, avg lvl: 35.5
    Worgen: 3, avg lvl: 59.6
    High Elf: 3, avg lvl: 47.6
Bots class:
    paladin: 42, avg lvl: 45
Bots role:
    tank: 0, heal: 0, dps: 42
Bots status:
    Active: 0
    Moving: 3
    In flight: 3
    On mount: 15
    In combat: 0
    In BG: 0
    In Rest: 9
    Dead: 4
Bots rpg status:
    Idle: 23, Rest: 3, GoGrind: 1, GoCamp: 2, MoveRandom: 0, MoveNpc: 4, DoQuest: 5, TravelFlight: 4, OutdoorPvP: 0
Bots total quests:
    Accepted: 15, Rewarded: 0, Dropped: 18
Bots engine:
    Non-combat: 36, Combat: 2, Dead: 4
Mark bot Gedsewe as dead, will be revived in 135s.
[New RPG] Bot Huflemak select random inn keeper pos Map:4294967295 X:0 Y:0 Z:0 (0 available in 8)
[New RPG] Bot Huflemak select random grind pos Map:4294967295 X:0 Y:0 Z:0 (0+0 available in 597)
Checking LFG Queue...
LFG Queue check finished
[New RPG] Bot Vahaa select random inn keeper pos Map:4294967295 X:0 Y:0 Z:0 (0 available in 13)
[New RPG] Bot Vahaa select random grind pos Map:4294967295 X:0 Y:0 Z:0 (0+0 available in 1286)
Checking BG Queue...
BG Queue check finished
[New RPG] Bot Mundibill select random inn keeper pos Map:4294967295 X:0 Y:0 Z:0 (0 available in 7)
[New RPG] Bot Mundibill select random grind pos Map:0 X:-10750 Y:-1350 Z:50 (14+41 available in 673)
[New RPG] Bot Mundibill select random flight taxi node from:2409 (node 12) to:2 (1 available)
[New RPG] Mundibill accept quest 56
[New RPG] Bot Ellaro select random inn keeper pos Map:0 X:-9467.633 Y:16.714157 Z:57.5459 (2 available in 9)
[New RPG] Bot Ellaro select random grind pos Map:0 X:-9450 Y:-1050 Z:50 (3+178 available in 1725)
[New RPG] Bot Ellaro select random flight taxi node from:352 (node 2) to:4 (1 available)
[New RPG] Bot Tepan select random inn keeper pos Map:1 X:2776.9197 Y:-430.3474 Z:117.165 (1 available in 6)
[New RPG] Bot Tepan select random grind pos Map:1 X:2050 Y:-2300 Z:100 (4+75 available in 536)
Checking LFG Queue...
LFG Queue check finished
Bot #390 <Babine>: teleport for level and refresh
Refreshing bot GUID Full: 0x0000000000000186 Type: Player Low: 390 <Babine>
Random teleporting bot Babine (level 57) to Map: 0 (Eastern Kingdoms) Zone: 28 (Western Plaguelands) Area: 2620 (Thondroril River) ZoneLevel: 0 AreaLevel: 0 1938.6797,-2559.4805,61.656353 (1/7 locations)
[New RPG] Bot Cimlan select random inn keeper pos Map:571 X:3260.8447 Y:-2204.4275 Z:117.612 (2 available in 24)
[New RPG] Bot Cimlan select random grind pos Map:571 X:3350 Y:-1900 Z:100 (18+141 available in 2696)
[New RPG] Bot Cimlan select random flight taxi node from:26852 (node 250) to:296 (1 available)
Checking BG Queue...
BG Queue check finished
Mark bot Helriel as dead, will be revived in 113s.
Bot GUID Full: 0x0000000000000184 Type: Player Low: 388 A:50 <Helriel> auto released
Bot GUID Full: 0x0000000000000184 Type: Player Low: 388 A:50 <Helriel> releases spirit
Checking LFG Queue...
LFG Queue check finished
Bot GUID Full: 0x0000000000000184 Type: Player Low: 388 A:50 <Helriel> revives at body
[New RPG] Bot Westorn select random inn keeper pos Map:1 X:-3619.139 Y:-4466.8267 Z:14.8286 (1 available in 5)
[New RPG] Bot Westorn select random grind pos Map:1 X:-4250 Y:-3500 Z:50 (9+118 available in 517)
[New RPG] Bot Gucli select random inn keeper pos Map:1 X:-6863.6255 Y:732.26135 Z:46.2454 (1 available in 6)
[New RPG] Bot Gucli select random grind pos Map:1 X:-7900 Y:1800 Z:0 (8+31 available in 1117)
[New RPG] Bot Bengren select random inn keeper pos Map:0 X:-10519.146 Y:-1165.0957 Z:28.6161 (1 available in 4)
[New RPG] Bot Bengren select random grind pos Map:0 X:-11000 Y:-800 Z:50 (25+38 available in 445)
[New RPG] Bot Bengren select random flight taxi node from:2409 (node 12) to:14 (1 available)
[New RPG] Bot Bengren select random flight taxi node from:2409 (node 12) to:14 (1 available)
[New RPG] Bot Landraran select random inn keeper pos Map:0 X:-5378.9497 Y:-2969.0193 Z:323.752 (1 available in 5)
[New RPG] Bot Landraran select random grind pos Map:0 X:-5450 Y:-3000 Z:350 (35+43 available in 1445)
[New RPG] Bot Landraran select random flight taxi node from:1572 (node 8) to:4 (1 available)
[New RPG] Bot Aseanna select random inn keeper pos Map:4294967295 X:0 Y:0 Z:0 (0 available in 5)
[New RPG] Bot Aseanna select random grind pos Map:1 X:1200 Y:-3800 Z:50 (1+118 available in 1445)
[New RPG] Bot Aseanna select random grind pos Map:1 X:1200 Y:-3800 Z:50 (1+118 available in 1445)
Bot GUID Full: 0x0000000000000184 Type: Player Low: 388 A:50 <Helriel> revives at body
Bot GUID Full: 0x0000000000000184 Type: Player Low: 388 A:50 <Helriel> revives at body
Bot GUID Full: 0x0000000000000184 Type: Player Low: 388 A:50 <Helriel> revives at body
Bot GUID Full: 0x0000000000000184 Type: Player Low: 388 A:50 <Helriel> revives at body
Bot GUID Full: 0x0000000000000184 Type: Player Low: 388 A:50 <Helriel> revives at body
Checking BG Queue...
BG Queue check finished
Bot GUID Full: 0x0000000000000184 Type: Player Low: 388 A:50 <Helriel> revives at body
Bot GUID Full: 0x0000000000000184 Type: Player Low: 388 A:50 <Helriel> revives at body
Bot GUID Full: 0x0000000000000165 Type: Player Low: 357 H:68 <Shuhma> revives at body
Checking LFG Queue...
LFG Queue check finished
Refreshing bot GUID Full: 0x000000000000016e Type: Player Low: 366 <Thekem>
Random teleporting bot Thekem for level 57 (7 locations available)
Random teleporting bot Thekem (level 57) to Map: 0 (Eastern Kingdoms) Zone: 139 (Eastern Plaguelands) Area: 2268 (Light's Hope Chapel) ZoneLevel: 0 AreaLevel: 58 2298.104,-5340.945,91.919846 (1/7 locations)
[New RPG] Mydas accept quest 3881
[New RPG] Gucli accept quest 9416
Checking BG Queue...
BG Queue check finished
[New RPG] Gucli drop quest 9366
[New RPG] Gucli drop quest 9374
[New RPG] Gucli drop quest 9387
[New RPG] Gucli drop quest 9396
[New RPG] Gucli drop quest 9498
[New RPG] Gucli drop quest 9716
[New RPG] Gucli drop quest 9814
[New RPG] Gucli drop quest 9820
[New RPG] Gucli drop quest 9841
[New RPG] Gucli drop quest 9845
[New RPG] Gucli drop quest 9960
[New RPG] Gucli drop quest 9987
[New RPG] Gucli drop quest 9993
[New RPG] Gucli drop quest 10000
[New RPG] Gucli drop quest 10018
[New RPG] Gucli drop quest 10027
[New RPG] Gucli drop quest 10034
[New RPG] Gucli drop quest 10039
[New RPG] Gucli drop quest 10086
[New RPG] Gucli drop quest 10450
[New RPG] Gucli drop quest 10868
[New RPG] Bot Babine select random inn keeper pos Map:4294967295 X:0 Y:0 Z:0 (0 available in 7)
[New RPG] Bot Babine select random grind pos Map:0 X:2400 Y:-2350 Z:50 (26+99 available in 800)
[New RPG] Bot Babine select random flight taxi node from:37888 (node 383) to:11 (1 available)
[New RPG] Bot Paelaas select random inn keeper pos Map:1 X:-2373.846 Y:-1991.367 Z:97.2881 (3 available in 7)
[New RPG] Bot Paelaas select random grind pos Map:1 X:-550 Y:-3400 Z:100 (10+240 available in 1091)
[New RPG] Bot Paelaas select random flight taxi node from:16227 (node 80) to:29 (1 available)
[New RPG] Bot Paelaas select random grind pos Map:1 X:-2000 Y:-3650 Z:0 (10+240 available in 1091)
Bot GUID Full: 0x0000000000000165 Type: Player Low: 357 H:68 <Shuhma> auto released
Bot GUID Full: 0x0000000000000165 Type: Player Low: 357 H:68 <Shuhma> releases spirit
Checking LFG Queue...
LFG Queue check finished
Refreshing bot GUID Full: 0x0000000000000165 Type: Player Low: 357 <Shuhma>
Random teleporting bot Shuhma for level 68 (19 locations available)
Random teleporting bot Shuhma (level 68) to Map: 571 (Northrend) Zone: 495 (Howling Fjord) Area: 4018 (Camp Winterhoof) ZoneLevel: 70 AreaLevel: 70 2678.726,-4387.15,284.39517 (1/19 locations)
[New RPG] Bot Pirlish select random inn keeper pos Map:0 X:-917.374 Y:-3524.92 Z:73.2679 (1 available in 7)
[New RPG] Bot Pirlish select random grind pos Map:0 X:-1300 Y:-3350 Z:50 (9+94 available in 615)
[New RPG] Bot Pirlish select random flight taxi node from:2851 (node 17) to:18 (1 available)
[New RPG] Bot Pirlish select random flight taxi node from:2851 (node 17) to:11 (1 available)
[New RPG] Bot Ceale select random inn keeper pos Map:530 X:8703.977 Y:-6641.833 Z:73.3276 (2 available in 10)
[New RPG] Bot Ceale select random grind pos Map:530 X:8450 Y:-7000 Z:100 (31+124 available in 1881)
[New RPG] Bot Dresera select random inn keeper pos Map:4294967295 X:0 Y:0 Z:0 (0 available in 9)
[New RPG] Bot Dresera select random grind pos Map:530 X:-3850 Y:-12450 Z:0 (53+236 available in 1881)
[New RPG] Bot Lucini select random inn keeper pos Map:1 X:6208.02 Y:-1948.3518 Z:572.081 (1 available in 7)
[New RPG] Bot Lucini select random grind pos Map:1 X:4550 Y:-750 Z:250 (3+114 available in 615)
[New RPG] Bot Lucini select random flight taxi node from:22931 (node 166) to:79 (1 available)
Checking BG Queue...
BG Queue check finished
Refreshing bot GUID Full: 0x0000000000000184 Type: Player Low: 388 <Helriel>
Random teleporting bot Helriel for level 50 (11 locations available)
Random teleporting bot Helriel (level 50) to Map: 0 (Eastern Kingdoms) Zone: 47 (The Hinterlands) Area: 349 (Wildhammer Keep) ZoneLevel: 0 AreaLevel: 0 400.8069,-2124.6216,130.18234 (1/11 locations)
Checking LFG Queue...
LFG Queue check finished
[New RPG] Bot Shahge select random inn keeper pos Map:4294967295 X:0 Y:0 Z:0 (0 available in 4)
[New RPG] Bot Shahge select random grind pos Map:1 X:-5150 Y:-2450 Z:-50 (28+60 available in 536)
[New RPG] Bot Shahge select random flight taxi node from:4317 (node 30) to:61 (1 available)
[New RPG] Bot Vidunuvoo select random inn keeper pos Map:1 X:-8154.0947 Y:-4860.675 Z:-24.2839 (2 available in 10)
[New RPG] Bot Vidunuvoo select random grind pos Map:1 X:-8800 Y:-2600 Z:0 (12+120 available in 545)
[New RPG] Bot Celda select random inn keeper pos Map:4294967295 X:0 Y:0 Z:0 (0 available in 11)
[New RPG] Bot Celda select random grind pos Map:4294967295 X:0 Y:0 Z:0 (0+0 available in 1229)
Checking BG Queue...
BG Queue check finished
Bot GUID Full: 0x0000000000000165 Type: Player Low: 357 H:68 <Shuhma> auto released
Bot GUID Full: 0x0000000000000165 Type: Player Low: 357 H:68 <Shuhma> releases spirit
Refreshing bot GUID Full: 0x0000000000000165 Type: Player Low: 357 <Shuhma>
Random teleporting bot Shuhma for level 68 (19 locations available)
Random teleporting bot Shuhma (level 68) to Map: 530 (Outland) Zone: 3523 (Netherstorm) Area: 3712 (Area 52) ZoneLevel: 0 AreaLevel: 0 3062.5857,3696.839,142.38039 (1/19 locations)
Checking LFG Queue...
LFG Queue check finished
Refreshing bot GUID Full: 0x000000000000015d Type: Player Low: 349 <Gedsewe>
Random teleporting bot Gedsewe for level 17 (6 locations available)
Random teleporting bot Gedsewe (level 17) to Map: 1 (Kalimdor) Zone: 17 (The Barrens) Area: 378 (Camp Taurajo) ZoneLevel: 0 AreaLevel: 10 -2373.846,-1991.367,96.754814 (1/6 locations)
[New RPG] Bot Nanolii select random inn keeper pos Map:0 X:2298.104 Y:-5340.945 Z:91.3799 (1 available in 8)
[New RPG] Bot Nanolii select random grind pos Map:0 X:2600 Y:-4900 Z:100 (18+75 available in 1022)
Checking BG Queue...
BG Queue check finished
Checking LFG Queue...
LFG Queue check finished
Bot #357 <Shuhma>: teleport for level and refresh
Refreshing bot GUID Full: 0x0000000000000165 Type: Player Low: 357 <Shuhma>
Random teleporting bot Shuhma (level 68) to Map: 571 (Northrend) Zone: 495 (Howling Fjord) Area: 3988 (Kamagua) ZoneLevel: 70 AreaLevel: 70 708.91974,-2931.8403,-3.0184762 (1/19 locations)
Checking BG Queue...
BG Queue check finished
Random Bots Stats: 42 online
Bots level:
    10..19: 6 alliance, 3 horde
    20..29: 2 alliance, 3 horde
    30..39: 3 alliance, 2 horde
    40..49: 1 alliance, 2 horde
    50..59: 3 alliance, 2 horde
    60..69: 3 alliance, 4 horde
    70..79: 2 alliance, 3 horde
    80..80: 2 alliance, 1 horde
Bots race:
    Human: 5, avg lvl: 37.2
    Orc: 7, avg lvl: 49.7
    Dwarf: 3, avg lvl: 38.6
    Night Elf: 3, avg lvl: 32
    Undead: 2, avg lvl: 63
    Tauren: 3, avg lvl: 30.3
    Gnome: 3, avg lvl: 42.3
    Troll: 1, avg lvl: 64
    Goblin: 5, avg lvl: 51
    Blood Elf: 2, avg lvl: 45
    Draenei: 2, avg lvl: 35.5
    Worgen: 3, avg lvl: 59.6
    High Elf: 3, avg lvl: 47.6
Bots class:
    paladin: 42, avg lvl: 45
Bots role:
    tank: 0, heal: 0, dps: 42
Bots status:
    Active: 3
    Moving: 2
    In flight: 1
    On mount: 10
    In combat: 2
    In BG: 0
    In Rest: 8
    Dead: 1
Bots rpg status:
    Idle: 9, Rest: 2, GoGrind: 3, GoCamp: 1, MoveRandom: 1, MoveNpc: 8, DoQuest: 13, TravelFlight: 5, OutdoorPvP: 0
Bots total quests:
    Accepted: 18, Rewarded: 0, Dropped: 39
Bots engine:
    Non-combat: 38, Combat: 3, Dead: 1
Bot GUID Full: 0x0000000000000145 Type: Player Low: 325 A:63 <Eramir> auto released
Bot GUID Full: 0x0000000000000145 Type: Player Low: 325 A:63 <Eramir> releases spirit
Checking LFG Queue...
LFG Queue check finished
Checking BG Queue...
BG Queue check finished
[New RPG] Bot Gedsewe select random inn keeper pos Map:1 X:-1045.2338 Y:-3666.1782 Z:24.4684 (2 available in 6)
[New RPG] Bot Gedsewe select random grind pos Map:1 X:-2100 Y:-1950 Z:100 (13+193 available in 1210)
[New RPG] Bot Gedsewe select random flight taxi node from:10378 (node 77) to:22 (1 available)
Checking LFG Queue...
LFG Queue check finished
[New RPG] Aseanna accept quest 894
[New RPG] Westerren accept quest 10567
Checking BG Queue...
BG Queue check finished
Bot #350 <Ysa>: teleport for level and refresh
Refreshing bot GUID Full: 0x000000000000015e Type: Player Low: 350 <Ysa>
Random teleporting bot Ysa (level 46) to Map: 0 (Eastern Kingdoms) Zone: 47 (The Hinterlands) Area: 3317 (Revantusk Village) ZoneLevel: 0 AreaLevel: 0 -618.43634,-4586.873,11.737078 (1/12 locations)
[New RPG] Bot Westorn select random inn keeper pos Map:1 X:-4624.941 Y:-3176.2188 Z:41.8244 (2 available in 5)
[New RPG] Bot Westorn select random grind pos Map:1 X:-4550 Y:-2800 Z:50 (10+118 available in 517)
Checking LFG Queue...
LFG Queue check finished
[New RPG] Teleport Shahge from (-5470.8706,-2453.3892,89.28376,1) to (-5534.8354,-2836.8179,-53.142868,1) as it stuck when moving far - Zone: 400 (Thousand Needles)
[New RPG] Bot Thekem select random inn keeper pos Map:4294967295 X:0 Y:0 Z:0 (0 available in 7)
[New RPG] Bot Thekem select random grind pos Map:0 X:2900 Y:-4950 Z:100 (18+159 available in 800)
[New RPG] Bot Thekem select random flight taxi node from:12636 (node 68) to:70 (1 available)
[New RPG] Bot Thekem select random grind pos Map:0 X:2150 Y:-5050 Z:50 (18+159 available in 800)
[New RPG] Thekem accept quest 9128
Checking BG Queue...
BG Queue check finished
[New RPG] Thekem accept quest 9124
[New RPG] Thekem accept quest 9126
[New RPG] Thekem accept quest 9131
Checking LFG Queue...
LFG Queue check finished
[New RPG] Bot Aleluun select random inn keeper pos Map:1 X:2338.5798 Y:-2563.2166 Z:103.357 (1 available in 4)
[New RPG] Bot Aleluun select random grind pos Map:1 X:2800 Y:-2950 Z:150 (0+43 available in 602)
[New RPG] Bot Aleluun select random flight taxi node from:3310 (node 23) to:58 (1 available)
[New RPG] Bot Aleluun select random flight taxi node from:3310 (node 23) to:58 (1 available)
Checking BG Queue...
BG Queue check finished
[New RPG] Bot Dranon select random inn keeper pos Map:4294967295 X:0 Y:0 Z:0 (0 available in 4)
[New RPG] Bot Dranon select random grind pos Map:4294967295 X:0 Y:0 Z:0 (0+0 available in 654)
[New RPG] Bot Dranon select random flight taxi node from:1573 (node 6) to:19 (1 available)
[New RPG] Bot Dranon select random flight taxi node from:1573 (node 6) to:16 (1 available)
[New RPG] Bot Bily select random inn keeper pos Map:4294967295 X:0 Y:0 Z:0 (0 available in 11)
[New RPG] Bot Bily select random grind pos Map:4294967295 X:0 Y:0 Z:0 (0+0 available in 1229)
Checking LFG Queue...
LFG Queue check finished
[New RPG] Bot Pirlish select random inn keeper pos Map:4294967295 X:0 Y:0 Z:0 (0 available in 7)
[New RPG] Bot Pirlish select random grind pos Map:0 X:300 Y:-400 Z:150 (0+77 available in 615)
[New RPG] Bot Pirlish select random flight taxi node from:4551 (node 11) to:17 (1 available)
[New RPG] Bot Pirlish select random grind pos Map:0 X:300 Y:-300 Z:150 (0+77 available in 615)
Checking BG Queue...
BG Queue check finished
[New RPG] Bot Helriel select random inn keeper pos Map:4294967295 X:0 Y:0 Z:0 (0 available in 11)
[New RPG] Bot Helriel select random grind pos Map:0 X:200 Y:-3600 Z:150 (0+55 available in 577)
[New RPG] Bot Helriel select random flight taxi node from:8018 (node 43) to:74 (1 available)
[New RPG] Bot Helriel select random flight taxi node from:8018 (node 43) to:74 (1 available)
Checking LFG Queue...
LFG Queue check finished
[New RPG] Bot Babine select random inn keeper pos Map:0 X:1938.6797 Y:-2559.4805 Z:61.4247 (1 available in 7)
[New RPG] Bot Babine select random grind pos Map:0 X:1600 Y:-2300 Z:50 (32+93 available in 800)
[New RPG] Bot Babine select random flight taxi node from:37888 (node 383) to:70 (1 available)
[New RPG] Bot Babine select random flight taxi node from:37888 (node 383) to:68 (1 available)
[New RPG] Bot Beawi select random inn keeper pos Map:4294967295 X:0 Y:0 Z:0 (0 available in 9)
[New RPG] Bot Beawi select random grind pos Map:4294967295 X:0 Y:0 Z:0 (0+0 available in 1145)
[New RPG] Aseanna accept quest 895
[New RPG] Bot Huflemak select random inn keeper pos Map:4294967295 X:0 Y:0 Z:0 (0 available in 8)
[New RPG] Bot Huflemak select random grind pos Map:4294967295 X:0 Y:0 Z:0 (0+0 available in 597)
[New RPG] Westerren accept quest 10682
[New RPG] Bot Vahaa select random inn keeper pos Map:4294967295 X:0 Y:0 Z:0 (0 available in 13)
[New RPG] Bot Vahaa select random grind pos Map:4294967295 X:0 Y:0 Z:0 (0+0 available in 1286)
Checking BG Queue...
BG Queue check finished
Mark bot Eramir as dead, will be revived in 172s.
[New RPG] Aseanna accept quest 866
Checking LFG Queue...
LFG Queue check finished
Checking BG Queue...
BG Queue check finished
[New RPG] Bot Mydas select random inn keeper pos Map:1 X:-6115.034 Y:-1142.5419 Z:-186.366 (1 available in 12)
[New RPG] Bot Mydas select random grind pos Map:1 X:-6600 Y:-1200 Z:-250 (1+78 available in 610)
[New RPG] Mydas accept quest 3883
Checking LFG Queue...
LFG Queue check finished
[New RPG] Mydas accept quest 3882
[New RPG] Mydas accept quest 4141
Checking BG Queue...
BG Queue check finished
Random Bots Stats: 42 online
Bots level:
    10..19: 6 alliance, 3 horde
    20..29: 2 alliance, 3 horde
    30..39: 3 alliance, 2 horde
    40..49: 1 alliance, 2 horde
    50..59: 3 alliance, 2 horde
    60..69: 3 alliance, 4 horde
    70..79: 2 alliance, 3 horde
    80..80: 2 alliance, 1 horde
Bots race:
    Human: 5, avg lvl: 37.2
    Orc: 7, avg lvl: 49.7
    Dwarf: 3, avg lvl: 38.6
    Night Elf: 3, avg lvl: 32
    Undead: 2, avg lvl: 63
    Tauren: 3, avg lvl: 30.3
    Gnome: 3, avg lvl: 42.3
    Troll: 1, avg lvl: 64
    Goblin: 5, avg lvl: 51
    Blood Elf: 2, avg lvl: 45
    Draenei: 2, avg lvl: 35.5
    Worgen: 3, avg lvl: 59.6
    High Elf: 3, avg lvl: 47.6
Bots class:
    paladin: 42, avg lvl: 45
Bots role:
    tank: 0, heal: 0, dps: 42
Bots status:
    Active: 1
    Moving: 5
    In flight: 4
    On mount: 11
    In combat: 0
    In BG: 0
    In Rest: 7
    Dead: 1
Bots rpg status:
    Idle: 7, Rest: 3, GoGrind: 5, GoCamp: 1, MoveRandom: 0, MoveNpc: 5, DoQuest: 15, TravelFlight: 6, OutdoorPvP: 0
Bots total quests:
    Accepted: 30, Rewarded: 0, Dropped: 39
Bots engine:
    Non-combat: 39, Combat: 2, Dead: 1
[New RPG] Bot Ysa select random inn keeper pos Map:4294967295 X:0 Y:0 Z:0 (0 available in 12)
[New RPG] Bot Ysa select random grind pos Map:0 X:250 Y:-2800 Z:100 (1+86 available in 480)
[New RPG] Bot Ysa select random flight taxi node from:4314 (node 76) to:18 (1 available)
[New RPG] Ysa accept quest 7840
Checking LFG Queue...
LFG Queue check finished
Bot GUID Full: 0x0000000000000145 Type: Player Low: 325 A:63 <Eramir> revives at body
[New RPG] Bot Lucini select random inn keeper pos Map:1 X:6208.02 Y:-1948.3518 Z:572.081 (1 available in 7)
[New RPG] Bot Lucini select random grind pos Map:1 X:5050 Y:-650 Z:300 (6+111 available in 615)
[New RPG] Bot Lucini select random flight taxi node from:22931 (node 166) to:79 (1 available)
[New RPG] Bot Lucini select random flight taxi node from:22931 (node 166) to:65 (1 available)
[New RPG] Thekem accept quest 9136
Checking BG Queue...
BG Queue check finished
[New RPG] Thekem accept quest 5211
[New RPG] Ysa accept quest 7839
[New RPG] Thekem accept quest 6026
Checking LFG Queue...
LFG Queue check finished
[New RPG] Bot Beawi select random inn keeper pos Map:4294967295 X:0 Y:0 Z:0 (0 available in 9)
[New RPG] Bot Beawi select random grind pos Map:4294967295 X:0 Y:0 Z:0 (0+0 available in 1145)
Checking BG Queue...
BG Queue check finished
[New RPG] Bot Charonald select random inn keeper pos Map:0 X:-5378.9497 Y:-2969.0193 Z:323.752 (1 available in 5)
[New RPG] Bot Charonald select random grind pos Map:0 X:-4900 Y:-3000 Z:300 (39+39 available in 1445)
[New RPG] Bot Charonald select random flight taxi node from:1572 (node 8) to:6 (1 available)
Checking LFG Queue...
LFG Queue check finished
Bot #349 <Gedsewe>: teleport for level and refresh
Refreshing bot GUID Full: 0x000000000000015d Type: Player Low: 349 <Gedsewe>
Random teleporting bot Gedsewe (level 17) to Map: 1 (Kalimdor) Zone: 17 (The Barrens) Area: 378 (Camp Taurajo) ZoneLevel: 0 AreaLevel: 10 -2373.846,-1991.367,96.754814 (1/6 locations)
Checking BG Queue...
BG Queue check finished
[New RPG] Bot Ellaro select random inn keeper pos Map:0 X:-10649.106 Y:1163.9579 Z:35.0653 (2 available in 9)
[New RPG] Bot Ellaro select random grind pos Map:0 X:-9250 Y:450 Z:100 (1+180 available in 1725)
[New RPG] Bot Ellaro select random flight taxi node from:352 (node 2) to:4 (1 available)
[New RPG] Bot Ellaro select random inn keeper pos Map:0 X:-9467.633 Y:16.714157 Z:57.5459 (2 available in 9)
Checking LFG Queue...
LFG Queue check finished
Checking BG Queue...
BG Queue check finished
[New RPG] Bot Celda select random inn keeper pos Map:4294967295 X:0 Y:0 Z:0 (0 available in 11)
[New RPG] Bot Celda select random grind pos Map:4294967295 X:0 Y:0 Z:0 (0+0 available in 1229)
Checking LFG Queue...
LFG Queue check finished
[New RPG] Aseanna accept quest 887
Checking BG Queue...
BG Queue check finished
Bot #309 <Bengren>: teleport for level and refresh
Refreshing bot GUID Full: 0x0000000000000135 Type: Player Low: 309 <Bengren>
Random teleporting bot Bengren (level 31) to Map: 0 (Eastern Kingdoms) Zone: 267 (Hillsbrad Foothills) Area: 271 (Southshore) ZoneLevel: 0 AreaLevel: 22 -857.0087,-565.7517,11.114945 (1/4 locations)
Checking LFG Queue...
LFG Queue check finished
Bot GUID Full: 0x0000000000000145 Type: Player Low: 325 A:63 <Eramir> auto released
Bot GUID Full: 0x0000000000000145 Type: Player Low: 325 A:63 <Eramir> releases spirit
[New RPG] Bot Truhlnush select random inn keeper pos Map:4294967295 X:0 Y:0 Z:0 (0 available in 13)
[New RPG] Bot Truhlnush select random grind pos Map:4294967295 X:0 Y:0 Z:0 (0+0 available in 1286)
Bot GUID Full: 0x000000000000014f Type: Player Low: 335 A:40 <Westorn> auto released
Bot GUID Full: 0x000000000000014f Type: Player Low: 335 A:40 <Westorn> releases spirit
Checking BG Queue...
BG Queue check finished
[New RPG] Bot Gedsewe select random inn keeper pos Map:1 X:-411.9045 Y:-2646.682 Z:96.8063 (2 available in 6)
[New RPG] Bot Gedsewe select random grind pos Map:1 X:-2050 Y:-2000 Z:100 (13+193 available in 1210)
[New RPG] Bot Gedsewe select random flight taxi node from:10378 (node 77) to:29 (1 available)
[New RPG] Bot Nanolii select random inn keeper pos Map:0 X:2298.104 Y:-5340.945 Z:91.3799 (1 available in 8)
[New RPG] Bot Nanolii select random grind pos Map:0 X:1600 Y:-3000 Z:100 (18+75 available in 1022)
[New RPG] Bot Nanolii select random inn keeper pos Map:0 X:2298.104 Y:-5340.945 Z:91.3799 (1 available in 8)
[New RPG] Nanolii drop quest 6604
[New RPG] Nanolii drop quest 8284
[New RPG] Nanolii drop quest 8307
[New RPG] Nanolii drop quest 8318
[New RPG] Nanolii drop quest 8321
[New RPG] Nanolii drop quest 9383
[New RPG] Nanolii drop quest 9390
[New RPG] Nanolii drop quest 9398
[New RPG] Nanolii drop quest 9399
[New RPG] Nanolii drop quest 9426
[New RPG] Nanolii drop quest 9558
[New RPG] Nanolii drop quest 9636
[New RPG] Nanolii drop quest 9777
[New RPG] Nanolii drop quest 9781
[New RPG] Nanolii drop quest 9782
[New RPG] Nanolii drop quest 9786
[New RPG] Nanolii drop quest 9791
[New RPG] Nanolii drop quest 9901
[New RPG] Nanolii drop quest 10047
[New RPG] Nanolii drop quest 10058
[New RPG] Nanolii drop quest 10142
[New RPG] Nanolii drop quest 10443
[New RPG] Nanolii accept quest 6026
Checking LFG Queue...
LFG Queue check finished
Mark bot Westorn as dead, will be revived in 110s.
[New RPG] Nanolii accept quest 9141
[New RPG] Thekem accept quest 9141
[New RPG] Westerren accept quest 10770
[New RPG] Westerren accept quest 10771
Checking BG Queue...
BG Queue check finished
Refreshing bot GUID Full: 0x0000000000000145 Type: Player Low: 325 <Eramir>
Random teleporting bot Eramir for level 63 (7 locations available)
Random teleporting bot Eramir (level 63) to Map: 530 (Outland) Zone: 3483 (Hellfire Peninsula) Area: 3538 (Honor Hold) ZoneLevel: 0 AreaLevel: 0 -707.24316,2734.4023,94.783455 (1/7 locations)
Checking LFG Queue...
LFG Queue check finished
Random Bots Stats: 42 online
Bots level:
    10..19: 6 alliance, 3 horde
    20..29: 2 alliance, 3 horde
    30..39: 3 alliance, 2 horde
    40..49: 1 alliance, 2 horde
    50..59: 3 alliance, 2 horde
    60..69: 3 alliance, 4 horde
    70..79: 2 alliance, 3 horde
    80..80: 2 alliance, 1 horde
Bots race:
    Human: 5, avg lvl: 37.2
    Orc: 7, avg lvl: 49.7
    Dwarf: 3, avg lvl: 38.6
    Night Elf: 3, avg lvl: 32
    Undead: 2, avg lvl: 63
    Tauren: 3, avg lvl: 30.3
    Gnome: 3, avg lvl: 42.3
    Troll: 1, avg lvl: 64
    Goblin: 5, avg lvl: 51
    Blood Elf: 2, avg lvl: 45
    Draenei: 2, avg lvl: 35.5
    Worgen: 3, avg lvl: 59.6
    High Elf: 3, avg lvl: 47.6
Bots class:
    paladin: 42, avg lvl: 45
Bots role:
    tank: 0, heal: 0, dps: 42
Bots status:
    Active: 3
    Moving: 4
    In flight: 2
    On mount: 13
    In combat: 1
    In BG: 0
    In Rest: 7
    Dead: 1
Bots rpg status:
    Idle: 6, Rest: 3, GoGrind: 4, GoCamp: 3, MoveRandom: 0, MoveNpc: 4, DoQuest: 16, TravelFlight: 6, OutdoorPvP: 0
Bots total quests:
    Accepted: 41, Rewarded: 0, Dropped: 61
Bots engine:
    Non-combat: 37, Combat: 4, Dead: 1
Checking BG Queue...
BG Queue check finished
Checking LFG Queue...
LFG Queue check finished
Bot GUID Full: 0x000000000000014f Type: Player Low: 335 A:40 <Westorn> revives at body
Checking BG Queue...
BG Queue check finished
Random teleporting bot Tepan (level 29) to Map: 0 (Eastern Kingdoms) Zone: 11 (Wetlands) Area: 2104 (Deepwater Tavern) ZoneLevel: 0 AreaLevel: 0 -3823.3274,-829.9473,10.140572 (1/5 locations)
Bot GUID Full: 0x000000000000014f Type: Player Low: 335 A:40 <Westorn> auto released
Bot GUID Full: 0x000000000000014f Type: Player Low: 335 A:40 <Westorn> releases spirit
Bot GUID Full: 0x000000000000014f Type: Player Low: 335 A:40 <Westorn> revives at body
Bot GUID Full: 0x000000000000014f Type: Player Low: 335 A:40 <Westorn> revives at body
Bot GUID Full: 0x000000000000014f Type: Player Low: 335 A:40 <Westorn> revives at body
Bot GUID Full: 0x000000000000014f Type: Player Low: 335 A:40 <Westorn> revives at body
Bot GUID Full: 0x000000000000014f Type: Player Low: 335 A:40 <Westorn> revives at body
Bot GUID Full: 0x000000000000014f Type: Player Low: 335 A:40 <Westorn> revives at body
Checking LFG Queue...
LFG Queue check finished
Bot GUID Full: 0x000000000000014f Type: Player Low: 335 A:40 <Westorn> revives at body
Bot GUID Full: 0x000000000000014f Type: Player Low: 335 A:40 <Westorn> revives at body
Bot GUID Full: 0x000000000000014f Type: Player Low: 335 A:40 <Westorn> revives at body
[New RPG] Bot Dranon select random inn keeper pos Map:4294967295 X:0 Y:0 Z:0 (0 available in 4)
[New RPG] Bot Dranon select random grind pos Map:0 X:-850 Y:-3950 Z:150 (29+78 available in 654)
[New RPG] Bot Dranon select random flight taxi node from:2835 (node 16) to:195 (1 available)
[New RPG] Bot Dranon select random flight taxi node from:2835 (node 16) to:6 (1 available)
[New RPG] Bot Ysa select random inn keeper pos Map:4294967295 X:0 Y:0 Z:0 (0 available in 12)
[New RPG] Bot Ysa select random grind pos Map:0 X:-350 Y:-4200 Z:150 (1+86 available in 480)
[New RPG] Bot Ysa select random flight taxi node from:4314 (node 76) to:18 (1 available)
Checking BG Queue...
BG Queue check finished
Mark bot Westerren as dead, will be revived in 145s.
[New RPG] Bot Bengren select random inn keeper pos Map:4294967295 X:0 Y:0 Z:0 (0 available in 4)
[New RPG] Bot Bengren select random grind pos Map:0 X:-1200 Y:200 Z:0 (27+48 available in 445)
[New RPG] Bot Bengren select random flight taxi node from:2432 (node 14) to:16 (1 available)
[New RPG] Ysa accept quest 7828
[New RPG] Ysa accept quest 7829
Checking LFG Queue...
LFG Queue check finished
[New RPG] Nanolii accept quest 9131
Bot GUID Full: 0x0000000000000175 Type: Player Low: 373 H:69 <Westerren> auto released
Bot GUID Full: 0x0000000000000175 Type: Player Low: 373 H:69 <Westerren> releases spirit
Checking BG Queue...
BG Queue check finished
[New RPG] Nanolii accept quest 9136
Bot GUID Full: 0x0000000000000175 Type: Player Low: 373 H:69 <Westerren> revives at body
Bot GUID Full: 0x0000000000000175 Type: Player Low: 373 H:69 <Westerren> revives at body
Bot GUID Full: 0x0000000000000175 Type: Player Low: 373 H:69 <Westerren> revives at body
Bot GUID Full: 0x0000000000000175 Type: Player Low: 373 H:69 <Westerren> revives at body
Bot GUID Full: 0x0000000000000175 Type: Player Low: 373 H:69 <Westerren> revives at body
Checking LFG Queue...
LFG Queue check finished
Bot #319 <Ainimdi>: teleport for level and refresh
Refreshing bot GUID Full: 0x000000000000013f Type: Player Low: 319 <Ainimdi>
Bot #388 <Helriel>: teleport for level and refresh
Refreshing bot GUID Full: 0x0000000000000184 Type: Player Low: 388 <Helriel>
Random teleporting bot Helriel (level 50) to Map: 1 (Kalimdor) Zone: 361 (Felwood) Area: 2479 (Emerald Sanctuary) ZoneLevel: 0 AreaLevel: 48 3979.627,-1316.9385,250.4411 (1/11 locations)
Bot GUID Full: 0x0000000000000175 Type: Player Low: 373 H:69 <Westerren> revives at body
Checking BG Queue...
BG Queue check finished
Bot #402 <Gucli>: teleport for level and refresh
Refreshing bot GUID Full: 0x0000000000000192 Type: Player Low: 402 <Gucli>
Random teleporting bot Gucli (level 63) to Map: 1 (Kalimdor) Zone: 1377 (Silithus) Area: 3425 (Cenarion Hold) ZoneLevel: 0 AreaLevel: 55 -6863.6255,732.26135,45.71212 (1/6 locations)
[New RPG] Bot Krunemuzz select random inn keeper pos Map:571 X:2280.0981 Y:5206.336 Z:13.0771 (3 available in 12)
[New RPG] Bot Krunemuzz select random grind pos Map:571 X:3900 Y:6750 Z:150 (0+47 available in 1286)
[New RPG] Bot Krunemuzz select random flight taxi node from:24795 (node 289) to:253 (1 available)
[New RPG] Krunemuzz accept quest 11576
[New RPG] Krunemuzz drop quest 11998
[New RPG] Krunemuzz drop quest 12000
[New RPG] Krunemuzz drop quest 12092
[New RPG] Krunemuzz drop quest 12161
[New RPG] Krunemuzz drop quest 12166
[New RPG] Krunemuzz drop quest 12172
[New RPG] Krunemuzz drop quest 12174
[New RPG] Krunemuzz drop quest 12210
[New RPG] Krunemuzz drop quest 12212
[New RPG] Krunemuzz drop quest 12215
[New RPG] Krunemuzz drop quest 12226
[New RPG] Krunemuzz drop quest 12258
[New RPG] Krunemuzz drop quest 12292
[New RPG] Krunemuzz drop quest 12414
[New RPG] Krunemuzz drop quest 12527
[New RPG] Krunemuzz drop quest 12565
[New RPG] Krunemuzz drop quest 12635
[New RPG] Krunemuzz drop quest 12794
[New RPG] Krunemuzz drop quest 13004
[New RPG] Krunemuzz drop quest 13088
[New RPG] Krunemuzz drop quest 13556
[New RPG] Krunemuzz drop quest 14409
Checking LFG Queue...
LFG Queue check finished
Refreshing bot GUID Full: 0x000000000000014f Type: Player Low: 335 <Westorn>
Random teleporting bot Westorn for level 40 (5 locations available)
Random teleporting bot Westorn (level 40) to Map: 0 (Eastern Kingdoms) Zone: 33 (Stranglethorn Vale) Area: 35 (Booty Bay) ZoneLevel: 0 AreaLevel: 42 -14461.046,491.63226,15.174965 (1/5 locations)
Bot GUID Full: 0x0000000000000175 Type: Player Low: 373 H:69 <Westerren> auto released
Bot GUID Full: 0x0000000000000175 Type: Player Low: 373 H:69 <Westerren> releases spirit
[New RPG] Ysa accept quest 7830
Checking BG Queue...
BG Queue check finished
[New RPG] Ysa accept quest 7844
Checking LFG Queue...
LFG Queue check finished
Checking BG Queue...
BG Queue check finished
[New RPG] Bot Nelaedon select random inn keeper pos Map:0 X:-10519.146 Y:-1165.0957 Z:28.6161 (1 available in 5)
[New RPG] Bot Nelaedon select random grind pos Map:0 X:-10400 Y:350 Z:0 (0+21 available in 457)
[New RPG] Bot Nelaedon select random flight taxi node from:352 (node 2) to:195 (1 available)
Checking LFG Queue...
LFG Queue check finished
Checking BG Queue...
BG Queue check finished
[New RPG] Bot Tepan select random inn keeper pos Map:4294967295 X:0 Y:0 Z:0 (0 available in 5)
[New RPG] Bot Tepan select random grind pos Map:0 X:-4100 Y:-750 Z:0 (6+61 available in 449)
[New RPG] Bot Tepan select random flight taxi node from:1571 (node 7) to:12 (1 available)
[New RPG] Bot Tepan select random flight taxi node from:1571 (node 7) to:12 (1 available)
[New RPG] Mydas accept quest 4503
Checking LFG Queue...
LFG Queue check finished
Random Bots Stats: 42 online
Bots level:
    10..19: 6 alliance, 3 horde
    20..29: 2 alliance, 3 horde
    30..39: 3 alliance, 2 horde
    40..49: 1 alliance, 2 horde
    50..59: 3 alliance, 2 horde
    60..69: 3 alliance, 4 horde
    70..79: 2 alliance, 3 horde
    80..80: 2 alliance, 1 horde
Bots race:
    Human: 5, avg lvl: 37.2
    Orc: 7, avg lvl: 49.7
    Dwarf: 3, avg lvl: 38.6
    Night Elf: 3, avg lvl: 32
    Undead: 2, avg lvl: 63
    Tauren: 3, avg lvl: 30.3
    Gnome: 3, avg lvl: 42.6
    Troll: 1, avg lvl: 64
    Goblin: 5, avg lvl: 51
    Blood Elf: 2, avg lvl: 45
    Draenei: 2, avg lvl: 35.5
    Worgen: 3, avg lvl: 59.6
    High Elf: 3, avg lvl: 47.6
Bots class:
    paladin: 42, avg lvl: 45
Bots role:
    tank: 0, heal: 0, dps: 42
Bots status:
    Active: 4
    Moving: 3
    In flight: 2
    On mount: 13
    In combat: 1
    In BG: 0
    In Rest: 7
    Dead: 1
Bots rpg status:
    Idle: 7, Rest: 3, GoGrind: 4, GoCamp: 2, MoveRandom: 0, MoveNpc: 5, DoQuest: 16, TravelFlight: 5, OutdoorPvP: 0
Bots total quests:
    Accepted: 49, Rewarded: 0, Dropped: 83
Bots engine:
    Non-combat: 37, Combat: 4, Dead: 1
Bot #312 <Flostee>: teleport for level and refresh
Refreshing bot GUID Full: 0x0000000000000138 Type: Player Low: 312 <Flostee>
Random teleporting bot Flostee (level 27) to Map: 1 (Kalimdor) Zone: 1638 (Thunder Bluff) Area: 1638 (Thunder Bluff) ZoneLevel: 10 AreaLevel: 10 -1258.8163,24.534397,128.23666 (1/1 locations)
[New RPG] Bot Eramir select random inn keeper pos Map:530 X:224.13017 Y:4334.0786 Z:119.841 (1 available in 7)
[New RPG] Bot Eramir select random grind pos Map:530 X:-800 Y:3000 Z:0 (33+275 available in 1117)
[New RPG] Bot Eramir select random flight taxi node from:16822 (node 100) to:121 (1 available)
[New RPG] Bot Eramir select random flight taxi node from:16822 (node 100) to:128 (1 available)
Checking BG Queue...
BG Queue check finished
Checking LFG Queue...
LFG Queue check finished
Refreshing bot GUID Full: 0x0000000000000175 Type: Player Low: 373 <Westerren>
Random teleporting bot Westerren for level 69 (19 locations available)
Random teleporting bot Westerren (level 69) to Map: 571 (Northrend) Zone: 495 (Howling Fjord) Area: 3991 (New Agamand) ZoneLevel: 70 AreaLevel: 70 437.74115,-4555.378,245.6263 (1/19 locations)
[New RPG] Bot Beawi select random inn keeper pos Map:4294967295 X:0 Y:0 Z:0 (0 available in 9)
[New RPG] Bot Beawi select random grind pos Map:4294967295 X:0 Y:0 Z:0 (0+0 available in 1145)
Checking BG Queue...
BG Queue check finished
Checking LFG Queue...
LFG Queue check finished
Checking BG Queue...
BG Queue check finished
[New RPG] Shahge marked as abandoned quest 4821
[New RPG] Bot Shahge select random inn keeper pos Map:1 X:-5473.0947 Y:-2458.8848 Z:89.8671 (1 available in 4)
[New RPG] Bot Shahge select random grind pos Map:1 X:-5250 Y:-2550 Z:-50 (12+76 available in 536)
[New RPG] Bot Shahge select random flight taxi node from:4317 (node 30) to:29 (1 available)
[New RPG] Bot Shahge select random flight taxi node from:4317 (node 30) to:29 (1 available)
Checking LFG Queue...
LFG Queue check finished
Random teleporting bot Shahge (level 29) to Map: 1 (Kalimdor) Zone: 406 (Stonetalon Mountains) Area: 460 (Sun Rock Retreat) ZoneLevel: 0 AreaLevel: 20 897.84534,925.2238,106.30764 (1/4 locations)
Checking BG Queue...
BG Queue check finished
[New RPG] Bot Damaderon select random inn keeper pos Map:4294967295 X:0 Y:0 Z:0 (0 available in 18)
[New RPG] Bot Damaderon select random grind pos Map:4294967295 X:0 Y:0 Z:0 (0+0 available in 2452)
[New RPG] Bot Damaderon select random flight taxi node from:1573 (node 6) to:213 (1 available)
Checking LFG Queue...
LFG Queue check finished
[New RPG] Bot Flostee select random inn keeper pos Map:1 X:897.84534 Y:925.2238 Z:106.864 (1 available in 4)
[New RPG] Bot Flostee select random grind pos Map:1 X:650 Y:1450 Z:0 (0+10 available in 602)
[New RPG] Bot Flostee select random flight taxi node from:2995 (node 22) to:30 (1 available)
[New RPG] Bot Flostee select random grind pos Map:1 X:600 Y:1500 Z:0 (0+10 available in 602)
Checking BG Queue...
BG Queue check finished
[New RPG] Teleport Aseanna from (-454.93332,-3888.5332,18.778095,1) to (1200,-3800,50,1) as it stuck when moving far - Zone: 17 (The Barrens)
[New RPG] Bot Gucli select random inn keeper pos Map:4294967295 X:0 Y:0 Z:0 (0 available in 6)
[New RPG] Bot Gucli select random grind pos Map:1 X:-6950 Y:1150 Z:0 (7+32 available in 1117)
[New RPG] Bot Gucli select random flight taxi node from:15178 (node 72) to:23 (1 available)
Checking LFG Queue...
LFG Queue check finished
Checking BG Queue...
BG Queue check finished
[New RPG] Bot Celda select random inn keeper pos Map:4294967295 X:0 Y:0 Z:0 (0 available in 11)
[New RPG] Bot Celda select random grind pos Map:4294967295 X:0 Y:0 Z:0 (0+0 available in 1229)
[New RPG] Bot Huflemak select random inn keeper pos Map:4294967295 X:0 Y:0 Z:0 (0 available in 8)
[New RPG] Bot Huflemak select random grind pos Map:4294967295 X:0 Y:0 Z:0 (0+0 available in 597)
Checking LFG Queue...
LFG Queue check finished
Checking BG Queue...
BG Queue check finished
Mark bot Aleluun as dead, will be revived in 104s.
[New RPG] Bot Vahaa select random inn keeper pos Map:4294967295 X:0 Y:0 Z:0 (0 available in 13)
[New RPG] Bot Vahaa select random grind pos Map:4294967295 X:0 Y:0 Z:0 (0+0 available in 1286)
Bot GUID Full: 0x0000000000000180 Type: Player Low: 384 H:27 <Aleluun> auto released
Bot GUID Full: 0x0000000000000180 Type: Player Low: 384 H:27 <Aleluun> releases spirit
Checking LFG Queue...
LFG Queue check finished
Checking BG Queue...
BG Queue check finished
Checking LFG Queue...
LFG Queue check finished
Random Bots Stats: 42 online
Bots level:
    10..19: 6 alliance, 3 horde
    20..29: 2 alliance, 3 horde
    30..39: 3 alliance, 2 horde
    40..49: 1 alliance, 2 horde
    50..59: 3 alliance, 2 horde
    60..69: 3 alliance, 4 horde
    70..79: 2 alliance, 3 horde
    80..80: 2 alliance, 1 horde
Bots race:
    Human: 5, avg lvl: 37.2
    Orc: 7, avg lvl: 49.8
    Dwarf: 3, avg lvl: 38.6
    Night Elf: 3, avg lvl: 32
    Undead: 2, avg lvl: 63
    Tauren: 3, avg lvl: 30.3
    Gnome: 3, avg lvl: 42.6
    Troll: 1, avg lvl: 64
    Goblin: 5, avg lvl: 51
    Blood Elf: 2, avg lvl: 45
    Draenei: 2, avg lvl: 35.5
    Worgen: 3, avg lvl: 59.6
    High Elf: 3, avg lvl: 47.6
Bots class:
    paladin: 42, avg lvl: 45
Bots role:
    tank: 0, heal: 0, dps: 42
Bots status:
    Active: 1
    Moving: 1
    In flight: 1
    On mount: 12
    In combat: 1
    In BG: 0
    In Rest: 9
    Dead: 2
Bots rpg status:
    Idle: 5, Rest: 3, GoGrind: 4, GoCamp: 1, MoveRandom: 1, MoveNpc: 6, DoQuest: 16, TravelFlight: 6, OutdoorPvP: 0
Bots total quests:
    Accepted: 49, Rewarded: 0, Dropped: 83
Bots engine:
    Non-combat: 36, Combat: 4, Dead: 2
Checking BG Queue...
BG Queue check finished
[New RPG] Bot Shahge select random inn keeper pos Map:4294967295 X:0 Y:0 Z:0 (0 available in 4)
[New RPG] Bot Shahge select random grind pos Map:1 X:550 Y:1650 Z:0 (0+22 available in 449)
[New RPG] Bot Shahge select random flight taxi node from:4312 (node 29) to:30 (1 available)
Bot GUID Full: 0x0000000000000180 Type: Player Low: 384 H:27 <Aleluun> revives at body
[New RPG] Bot Westerren select random inn keeper pos Map:571 X:2678.726 Y:-4387.15 Z:285.043 (3 available in 19)
[New RPG] Bot Westerren select random grind pos Map:571 X:1250 Y:-5950 Z:300 (42+442 available in 2452)
[New RPG] Bot Westerren select random flight taxi node from:24155 (node 190) to:248 (1 available)
Bot GUID Full: 0x000000000000013f Type: Player Low: 319 A:14 <Ainimdi> auto released
Bot GUID Full: 0x000000000000013f Type: Player Low: 319 A:14 <Ainimdi> releases spirit
[New RPG] Westerren accept quest 11411
Checking LFG Queue...
LFG Queue check finished
[New RPG] Bot Helriel select random inn keeper pos Map:1 X:6208.02 Y:-1948.3518 Z:572.081 (1 available in 11)
[New RPG] Bot Helriel select random grind pos Map:1 X:5450 Y:-600 Z:350 (25+56 available in 577)
[New RPG] Bot Helriel select random flight taxi node from:22931 (node 166) to:64 (1 available)
[New RPG] Bot Helriel select random flight taxi node from:22931 (node 166) to:41 (1 available)
Bot GUID Full: 0x0000000000000192 Type: Player Low: 402 H:63 <Gucli> auto released
Bot GUID Full: 0x0000000000000192 Type: Player Low: 402 H:63 <Gucli> releases spirit
Bot GUID Full: 0x0000000000000192 Type: Player Low: 402 H:63 <Gucli> revives at body
Bot GUID Full: 0x0000000000000192 Type: Player Low: 402 H:63 <Gucli> revives at body
Bot GUID Full: 0x0000000000000192 Type: Player Low: 402 H:63 <Gucli> revives at body
Checking BG Queue...
BG Queue check finished
[New RPG] Damaderon accept quest 9154
Bot GUID Full: 0x0000000000000192 Type: Player Low: 402 H:63 <Gucli> revives at body
Bot GUID Full: 0x0000000000000192 Type: Player Low: 402 H:63 <Gucli> revives at body
Bot GUID Full: 0x0000000000000192 Type: Player Low: 402 H:63 <Gucli> revives at body
Bot GUID Full: 0x0000000000000192 Type: Player Low: 402 H:63 <Gucli> revives at body
Bot GUID Full: 0x0000000000000192 Type: Player Low: 402 H:63 <Gucli> revives at body
Bot GUID Full: 0x0000000000000192 Type: Player Low: 402 H:63 <Gucli> revives at body
Bot GUID Full: 0x0000000000000192 Type: Player Low: 402 H:63 <Gucli> revives at body
Bot GUID Full: 0x0000000000000192 Type: Player Low: 402 H:63 <Gucli> revives at body
Bot GUID Full: 0x0000000000000192 Type: Player Low: 402 H:63 <Gucli> revives at body
Checking LFG Queue...
LFG Queue check finished
Checking BG Queue...
BG Queue check finished
[New RPG] Bot Huflemak select random inn keeper pos Map:4294967295 X:0 Y:0 Z:0 (0 available in 8)
[New RPG] Bot Huflemak select random grind pos Map:4294967295 X:0 Y:0 Z:0 (0+0 available in 597)
Checking LFG Queue...
LFG Queue check finished
Mark bot Gucli as dead, will be revived in 278s.
Bot GUID Full: 0x0000000000000192 Type: Player Low: 402 H:63 <Gucli> revives at body
Checking BG Queue...
BG Queue check finished
Bot GUID Full: 0x000000000000014e Type: Player Low: 334 A:13 <Charonald> auto released
Bot GUID Full: 0x000000000000014e Type: Player Low: 334 A:13 <Charonald> releases spirit
[New RPG] Westerren accept quest 11279
[New RPG] Mydas accept quest 4243
Bot GUID Full: 0x000000000000014e Type: Player Low: 334 A:13 <Charonald> revives at body
Bot GUID Full: 0x000000000000014e Type: Player Low: 334 A:13 <Charonald> revives at body
[New RPG] Bot Eramir select random inn keeper pos Map:530 X:-2922.21 Y:4018.98 Z:1.01079 (4 available in 7)
[New RPG] Bot Eramir select random grind pos Map:530 X:-2300 Y:3300 Z:0 (8+470 available in 1117)
[New RPG] Bot Eramir select random flight taxi node from:18940 (node 128) to:117 (1 available)
Bot GUID Full: 0x000000000000014e Type: Player Low: 334 A:13 <Charonald> revives at body
Bot GUID Full: 0x000000000000014e Type: Player Low: 334 A:13 <Charonald> revives at body
Bot GUID Full: 0x000000000000014e Type: Player Low: 334 A:13 <Charonald> revives at body
Bot GUID Full: 0x000000000000014e Type: Player Low: 334 A:13 <Charonald> revives at body
[New RPG] Westerren accept quest 11424
Checking LFG Queue...
LFG Queue check finished
Mark bot Ainimdi as dead, will be revived in 66s.
Bot GUID Full: 0x000000000000014e Type: Player Low: 334 A:13 <Charonald> revives at body
[New RPG] Bot Dabdina select random inn keeper pos Map:571 X:5761.892 Y:-3557.8516 Z:387.633 (2 available in 13)
[New RPG] Bot Dabdina select random grind pos Map:571 X:5300 Y:-3600 Z:350 (35+83 available in 1229)
[New RPG] Bot Dabdina select random flight taxi node from:28624 (node 307) to:260 (1 available)
Checking BG Queue...
BG Queue check finished
Checking LFG Queue...
LFG Queue check finished
Checking BG Queue...
BG Queue check finished
Bot #331 <Aseanna>: teleport for level and refresh
Refreshing bot GUID Full: 0x000000000000014b Type: Player Low: 331 <Aseanna>
Random teleporting bot Aseanna (level 13) to Map: 1 (Kalimdor) Zone: 148 (Darkshore) Area: 442 (Auberdine) ZoneLevel: 0 AreaLevel: 12 6407.9717,520.1485,8.704459 (5/5 locations)
[New RPG] Bot Celda select random inn keeper pos Map:4294967295 X:0 Y:0 Z:0 (0 available in 11)
[New RPG] Bot Celda select random grind pos Map:4294967295 X:0 Y:0 Z:0 (0+0 available in 1229)
Bot GUID Full: 0x000000000000014e Type: Player Low: 334 A:13 <Charonald> revives at body
Checking LFG Queue...
LFG Queue check finished
Checking BG Queue...
BG Queue check finished
[New RPG] Bot Kamig select random inn keeper pos Map:530 X:3062.5857 Y:3696.839 Z:143.062 (2 available in 21)
[New RPG] Bot Kamig select random grind pos Map:530 X:2400 Y:2150 Z:100 (12+350 available in 2977)
Bot GUID Full: 0x0000000000000192 Type: Player Low: 402 H:63 <Gucli> auto released
Bot GUID Full: 0x0000000000000192 Type: Player Low: 402 H:63 <Gucli> releases spirit
Bot GUID Full: 0x0000000000000192 Type: Player Low: 402 H:63 <Gucli> revives at body
Bot GUID Full: 0x0000000000000192 Type: Player Low: 402 H:63 <Gucli> revives at body
Bot GUID Full: 0x0000000000000192 Type: Player Low: 402 H:63 <Gucli> revives at body
[New RPG] Bot Damaderon select random inn keeper pos Map:4294967295 X:0 Y:0 Z:0 (0 available in 18)
[New RPG] Bot Damaderon select random grind pos Map:4294967295 X:0 Y:0 Z:0 (0+0 available in 2452)
[New RPG] Bot Damaderon select random flight taxi node from:1573 (node 6) to:213 (1 available)
Bot GUID Full: 0x0000000000000192 Type: Player Low: 402 H:63 <Gucli> revives at body
Bot GUID Full: 0x0000000000000192 Type: Player Low: 402 H:63 <Gucli> revives at body
Bot GUID Full: 0x0000000000000192 Type: Player Low: 402 H:63 <Gucli> revives at body
Checking LFG Queue...
LFG Queue check finished
Bot GUID Full: 0x0000000000000192 Type: Player Low: 402 H:63 <Gucli> revives at body
Bot GUID Full: 0x0000000000000192 Type: Player Low: 402 H:63 <Gucli> revives at body
Bot GUID Full: 0x0000000000000192 Type: Player Low: 402 H:63 <Gucli> revives at body
Bot GUID Full: 0x0000000000000192 Type: Player Low: 402 H:63 <Gucli> revives at body
Bot GUID Full: 0x0000000000000192 Type: Player Low: 402 H:63 <Gucli> revives at body
Bot GUID Full: 0x0000000000000192 Type: Player Low: 402 H:63 <Gucli> revives at body
Bot GUID Full: 0x0000000000000192 Type: Player Low: 402 H:63 <Gucli> revives at body
Bot GUID Full: 0x0000000000000192 Type: Player Low: 402 H:63 <Gucli> revives at body
Bot GUID Full: 0x0000000000000192 Type: Player Low: 402 H:63 <Gucli> revives at body
Checking BG Queue...
BG Queue check finished
Random Bots Stats: 42 online
Bots level:
    10..19: 6 alliance, 3 horde
    20..29: 2 alliance, 3 horde
    30..39: 3 alliance, 2 horde
    40..49: 1 alliance, 2 horde
    50..59: 3 alliance, 2 horde
    60..69: 3 alliance, 4 horde
    70..79: 2 alliance, 3 horde
    80..80: 2 alliance, 1 horde
Bots race:
    Human: 5, avg lvl: 37.2
    Orc: 7, avg lvl: 49.8
    Dwarf: 3, avg lvl: 38.6
    Night Elf: 3, avg lvl: 32
    Undead: 2, avg lvl: 63
    Tauren: 3, avg lvl: 30.3
    Gnome: 3, avg lvl: 42.6
    Troll: 1, avg lvl: 64
    Goblin: 5, avg lvl: 51
    Blood Elf: 2, avg lvl: 45
    Draenei: 2, avg lvl: 35.5
    Worgen: 3, avg lvl: 59.6
    High Elf: 3, avg lvl: 47.6
Bots class:
    paladin: 42, avg lvl: 45
Bots role:
    tank: 0, heal: 0, dps: 42
Bots status:
    Active: 5
    Moving: 2
    In flight: 1
    On mount: 10
    In combat: 3
    In BG: 0
    In Rest: 9
    Dead: 2
Bots rpg status:
    Idle: 3, Rest: 3, GoGrind: 4, GoCamp: 1, MoveRandom: 0, MoveNpc: 7, DoQuest: 18, TravelFlight: 6, OutdoorPvP: 0
Bots total quests:
    Accepted: 54, Rewarded: 0, Dropped: 83
Bots engine:
    Non-combat: 35, Combat: 5, Dead: 2
Refreshing bot GUID Full: 0x000000000000013f Type: Player Low: 319 <Ainimdi>
Random teleporting bot Ainimdi for level 14 (5 locations available)
Random teleporting bot Ainimdi (level 14) to Map: 0 (Eastern Kingdoms) Zone: 40 (Westfall) Area: 108 (Sentinel Hill) ZoneLevel: 0 AreaLevel: 15 -10649.106,1163.9579,34.476555 (1/5 locations)
Bot GUID Full: 0x0000000000000192 Type: Player Low: 402 H:63 <Gucli> revives at body
Bot GUID Full: 0x0000000000000192 Type: Player Low: 402 H:63 <Gucli> revives at body
Bot GUID Full: 0x0000000000000192 Type: Player Low: 402 H:63 <Gucli> revives at body
Bot GUID Full: 0x0000000000000192 Type: Player Low: 402 H:63 <Gucli> revives at body
Bot GUID Full: 0x0000000000000192 Type: Player Low: 402 H:63 <Gucli> revives at body
Bot GUID Full: 0x0000000000000192 Type: Player Low: 402 H:63 <Gucli> revives at body
Bot GUID Full: 0x0000000000000192 Type: Player Low: 402 H:63 <Gucli> revives at body
[New RPG] Krunemuzz turned in quest 11704
[New RPG] Bot Huflemak select random inn keeper pos Map:4294967295 X:0 Y:0 Z:0 (0 available in 8)
[New RPG] Bot Huflemak select random grind pos Map:4294967295 X:0 Y:0 Z:0 (0+0 available in 597)
Checking LFG Queue...
LFG Queue check finished
[New RPG] Bot Truhlnush select random inn keeper pos Map:4294967295 X:0 Y:0 Z:0 (0 available in 13)
[New RPG] Bot Truhlnush select random grind pos Map:4294967295 X:0 Y:0 Z:0 (0+0 available in 1286)
[New RPG] Bot Nanolii select random inn keeper pos Map:4294967295 X:0 Y:0 Z:0 (0 available in 8)
[New RPG] Bot Nanolii select random grind pos Map:0 X:2500 Y:-5100 Z:100 (14+77 available in 1022)
[New RPG] Bot Nanolii select random flight taxi node from:12617 (node 67) to:6 (1 available)
[New RPG] Bot Nanolii select random grind pos Map:0 X:1950 Y:-5150 Z:50 (14+77 available in 1022)
[New RPG] Bot Bily select random inn keeper pos Map:4294967295 X:0 Y:0 Z:0 (0 available in 11)
[New RPG] Bot Bily select random grind pos Map:4294967295 X:0 Y:0 Z:0 (0+0 available in 1229)
Checking BG Queue...
BG Queue check finished
[New RPG] Bot Tepan select random inn keeper pos Map:0 X:-10519.146 Y:-1165.0957 Z:28.6161 (1 available in 5)
[New RPG] Bot Tepan select random grind pos Map:0 X:-10650 Y:-800 Z:50 (17+66 available in 449)
[New RPG] Bot Tepan select random flight taxi node from:2409 (node 12) to:14 (1 available)
Checking LFG Queue...
LFG Queue check finished
Bot #353 <Cimlan>: teleport for level and refresh
Refreshing bot GUID Full: 0x0000000000000161 Type: Player Low: 353 <Cimlan>
Random teleporting bot Cimlan (level 72) to Map: 571 (Northrend) Zone: 4395 (Dalaran) Area: 4395 (Dalaran) ZoneLevel: 75 AreaLevel: 75 5629.558,693.17487,652.0428 (1/1 locations)
[New RPG] Bot Ainimdi select random inn keeper pos Map:4294967295 X:0 Y:0 Z:0 (0 available in 5)
[New RPG] Bot Ainimdi select random grind pos Map:0 X:-10500 Y:1950 Z:50 (48+125 available in 1239)
[New RPG] Bot Ainimdi select random flight taxi node from:523 (node 4) to:205 (1 available)
[New RPG] Bot Ainimdi select random grind pos Map:0 X:-10000 Y:1550 Z:50 (48+125 available in 1239)
Checking BG Queue...
BG Queue check finished
[New RPG] Krunemuzz accept quest 11571
[New RPG] Bot Krunemuzz select random inn keeper pos Map:571 X:2280.0981 Y:5206.336 Z:13.0771 (3 available in 12)
[New RPG] Bot Krunemuzz select random grind pos Map:571 X:3850 Y:6700 Z:150 (0+38 available in 1286)
Checking LFG Queue...
LFG Queue check finished
Refreshing bot GUID Full: 0x0000000000000192 Type: Player Low: 402 <Gucli>
Random teleporting bot Gucli for level 63 (6 locations available)
Random teleporting bot Gucli (level 63) to Map: 530 (Outland) Zone: 3483 (Hellfire Peninsula) Area: 3536 (Thrallmar) ZoneLevel: 0 AreaLevel: 0 187.10245,2614.2102,87.33357 (1/6 locations)
[New RPG] Bot Cimlan select random inn keeper pos Map:571 X:3833.7158 Y:1489.2057 Z:92.5606 (2 available in 24)
[New RPG] Bot Cimlan select random grind pos Map:571 X:4200 Y:2200 Z:100 (0+226 available in 2696)
[New RPG] Bot Cimlan select random flight taxi node from:28674 (node 310) to:250 (1 available)
[New RPG] Bot Cimlan select random grind pos Map:571 X:4200 Y:-1100 Z:150 (0+226 available in 2696)
Checking BG Queue...
BG Queue check finished
Checking LFG Queue...
LFG Queue check finished
Bot GUID Full: 0x000000000000014e Type: Player Low: 334 A:13 <Charonald> auto released
Bot GUID Full: 0x000000000000014e Type: Player Low: 334 A:13 <Charonald> releases spirit
[New RPG] Bot Ceale select random inn keeper pos Map:530 X:8703.977 Y:-6641.833 Z:73.3276 (2 available in 10)
[New RPG] Bot Ceale select random grind pos Map:530 X:8200 Y:-6800 Z:100 (28+127 available in 1881)
Checking BG Queue...
BG Queue check finished
[New RPG] Bot Shuhma select random inn keeper pos Map:530 X:4115.28 Y:3061.665 Z:340.048 (1 available in 19)
[New RPG] Bot Shuhma select random grind pos Map:530 X:4550 Y:3300 Z:150 (69+263 available in 2088)
[New RPG] Bot Shuhma select random flight taxi node from:18938 (node 122) to:163 (1 available)
[New RPG] Bot Shuhma select random flight taxi node from:18938 (node 122) to:150 (1 available)
[New RPG] Bot Babine select random inn keeper pos Map:0 X:2298.104 Y:-5340.945 Z:91.3799 (1 available in 7)
[New RPG] Bot Babine select random grind pos Map:0 X:2500 Y:-4150 Z:50 (19+167 available in 800)
[New RPG] Bot Babine select random flight taxi node from:12636 (node 68) to:11 (1 available)
Checking LFG Queue...
LFG Queue check finished
[New RPG] Babine accept quest 6026
[New RPG] Bot Beawi select random inn keeper pos Map:4294967295 X:0 Y:0 Z:0 (0 available in 9)
[New RPG] Bot Beawi select random grind pos Map:4294967295 X:0 Y:0 Z:0 (0+0 available in 1145)
Checking BG Queue...
BG Queue check finished
[New RPG] Krunemuzz accept quest 11564
Checking LFG Queue...
LFG Queue check finished
Checking BG Queue...
BG Queue check finished
Bot #335 <Westorn>: teleport for level and refresh
Refreshing bot GUID Full: 0x000000000000014f Type: Player Low: 335 <Westorn>
Random teleporting bot Westorn (level 40) to Map: 1 (Kalimdor) Zone: 357 (Feralas) Area: 1116 (Feathermoon Stronghold) ZoneLevel: 0 AreaLevel: 0 -4376.593,3289.6245,13.60539 (1/5 locations)
Checking LFG Queue...
LFG Queue check finished
[New RPG] Bot Mundibill select random inn keeper pos Map:0 X:-10519.146 Y:-1165.0957 Z:28.6161 (1 available in 7)
[New RPG] Bot Mundibill select random grind pos Map:0 X:-10200 Y:300 Z:50 (10+45 available in 673)
[New RPG] Bot Mundibill select random flight taxi node from:2409 (node 12) to:14 (1 available)
[New RPG] Bot Mundibill select random grind pos Map:0 X:-10900 Y:250 Z:50 (10+45 available in 673)
Checking BG Queue...
BG Queue check finished
Bot GUID Full: 0x000000000000014e Type: Player Low: 334 A:13 <Charonald> revives at body
[New RPG] Bot Vahaa select random inn keeper pos Map:4294967295 X:0 Y:0 Z:0 (0 available in 13)
[New RPG] Bot Vahaa select random grind pos Map:4294967295 X:0 Y:0 Z:0 (0+0 available in 1286)
Checking LFG Queue...
LFG Queue check finished
[New RPG] Bot Celda select random inn keeper pos Map:4294967295 X:0 Y:0 Z:0 (0 available in 11)
[New RPG] Bot Celda select random grind pos Map:4294967295 X:0 Y:0 Z:0 (0+0 available in 1229)
[New RPG] Bot Gucli select random inn keeper pos Map:530 X:-573.1212 Y:4148.6943 Z:68.717 (1 available in 6)
[New RPG] Bot Gucli select random grind pos Map:530 X:-400 Y:4050 Z:100 (42+264 available in 1117)
[New RPG] Bot Gucli select random flight taxi node from:16587 (node 99) to:128 (1 available)
Checking BG Queue...
BG Queue check finished
Random Bots Stats: 42 online
Bots level:
    10..19: 6 alliance, 3 horde
    20..29: 2 alliance, 3 horde
    30..39: 3 alliance, 2 horde
    40..49: 1 alliance, 2 horde
    50..59: 3 alliance, 2 horde
    60..69: 3 alliance, 4 horde
    70..79: 2 alliance, 3 horde
    80..80: 2 alliance, 1 horde
Bots race:
    Human: 5, avg lvl: 37.2
    Orc: 7, avg lvl: 49.8
    Dwarf: 3, avg lvl: 38.6
    Night Elf: 3, avg lvl: 32
    Undead: 2, avg lvl: 63
    Tauren: 3, avg lvl: 30.3
    Gnome: 3, avg lvl: 42.6
    Troll: 1, avg lvl: 64
    Goblin: 5, avg lvl: 51
    Blood Elf: 2, avg lvl: 45
    Draenei: 2, avg lvl: 35.5
    Worgen: 3, avg lvl: 59.6
    High Elf: 3, avg lvl: 47.6
Bots class:
    paladin: 42, avg lvl: 45
Bots role:
    tank: 0, heal: 0, dps: 42
Bots status:
    Active: 2
    Moving: 3
    In flight: 2
    On mount: 7
    In combat: 2
    In BG: 0
    In Rest: 10
    Dead: 0
Bots rpg status:
    Idle: 4, Rest: 3, GoGrind: 8, GoCamp: 1, MoveRandom: 0, MoveNpc: 9, DoQuest: 13, TravelFlight: 4, OutdoorPvP: 0
Bots total quests:
    Accepted: 57, Rewarded: 1, Dropped: 83
Bots engine:
    Non-combat: 35, Combat: 7, Dead: 0
Checking LFG Queue...
LFG Queue check finished
Checking BG Queue...
BG Queue check finished
Bot Bengren logging out
Bot Flostee logging out
Bot Damaderon logging out
Bot Mydas logging out
Bot Ainimdi logging out
Bot Bily logging out
Bot Eramir logging out
Bot Kamig logging out
Bot Celda logging out
Bot Aseanna logging out
Bot Tepan logging out
Bot Charonald logging out
Bot Westorn logging out
Bot Nanolii logging out
Bot Lucini logging out
Bot Nelaedon logging out
Bot Gedsewe logging out
Bot Ysa logging out
Bot Vahaa logging out
Bot Cimlan logging out
Bot Shuhma logging out
Bot Shahge logging out
Bot Vidunuvoo logging out
Bot Thekem logging out
Bot Dresera logging out
Bot Westerren logging out
Bot Paelaas logging out
Bot Ceale logging out
Bot Truhlnush logging out
Bot Huflemak logging out
Bot Krunemuzz logging out
Bot Aleluun logging out
Bot Helriel logging out
Bot Beawi logging out
Bot Babine logging out
Bot Ellaro logging out
Bot Landraran logging out
Bot Pirlish logging out
Bot Mundibill logging out
Bot Dranon logging out
Bot Gucli logging out
Bot Dabdina logging out
Logout all bots due no real player session.
Checking LFG Queue...
LFG Queue check finished
Skipping invalid operation: BotLogoutGroupCleanup
Skipping invalid operation: BotLogoutGroupCleanup
Skipping invalid operation: BotLogoutGroupCleanup
Skipping invalid operation: BotLogoutGroupCleanup
Skipping invalid operation: BotLogoutGroupCleanup
Skipping invalid operation: BotLogoutGroupCleanup
Skipping invalid operation: BotLogoutGroupCleanup
Skipping invalid operation: BotLogoutGroupCleanup
Skipping invalid operation: BotLogoutGroupCleanup
Skipping invalid operation: BotLogoutGroupCleanup
Skipping invalid operation: BotLogoutGroupCleanup
Skipping invalid operation: BotLogoutGroupCleanup
Skipping invalid operation: BotLogoutGroupCleanup
Skipping invalid operation: BotLogoutGroupCleanup
Skipping invalid operation: BotLogoutGroupCleanup
Skipping invalid operation: BotLogoutGroupCleanup
Skipping invalid operation: BotLogoutGroupCleanup
Skipping invalid operation: BotLogoutGroupCleanup
Skipping invalid operation: BotLogoutGroupCleanup
Skipping invalid operation: BotLogoutGroupCleanup
Skipping invalid operation: BotLogoutGroupCleanup
Skipping invalid operation: BotLogoutGroupCleanup
Skipping invalid operation: BotLogoutGroupCleanup
Skipping invalid operation: BotLogoutGroupCleanup
Skipping invalid operation: BotLogoutGroupCleanup
Skipping invalid operation: BotLogoutGroupCleanup
Skipping invalid operation: BotLogoutGroupCleanup
Skipping invalid operation: BotLogoutGroupCleanup
Skipping invalid operation: BotLogoutGroupCleanup
Skipping invalid operation: BotLogoutGroupCleanup
Skipping invalid operation: BotLogoutGroupCleanup
Skipping invalid operation: BotLogoutGroupCleanup
Skipping invalid operation: BotLogoutGroupCleanup
Skipping invalid operation: BotLogoutGroupCleanup
Skipping invalid operation: BotLogoutGroupCleanup
Skipping invalid operation: BotLogoutGroupCleanup
Skipping invalid operation: BotLogoutGroupCleanup
Skipping invalid operation: BotLogoutGroupCleanup
Skipping invalid operation: BotLogoutGroupCleanup
Skipping invalid operation: BotLogoutGroupCleanup
Skipping invalid operation: BotLogoutGroupCleanup
Skipping invalid operation: BotLogoutGroupCleanup
Checking BG Queue...
BG Queue check finished
Checking LFG Queue...
LFG Queue check finished
Checking BG Queue...
BG Queue check finished
Checking LFG Queue...
LFG Queue check finished
Checking BG Queue...
BG Queue check finished
Checking LFG Queue...
LFG Queue check finished
Checking BG Queue...
BG Queue check finished
Checking LFG Queue...
LFG Queue check finished
33 new bots prepared to login
[New RPG] Bot Dresera select random inn keeper pos Map:530 X:-4133.0415 Y:-12472.458 Z:44.6849 (1 available in 9)
[New RPG] Bot Dresera select random grind pos Map:530 X:-4600 Y:-12850 Z:0 (25+264 available in 1881)
[New RPG] Bot Ceale select random inn keeper pos Map:530 X:9476.128 Y:-6854.2715 Z:17.9246 (2 available in 10)
[New RPG] Bot Ceale select random grind pos Map:530 X:8500 Y:-7000 Z:100 (28+127 available in 1881)
Checking BG Queue...
BG Queue check finished
[New RPG] Bot Celda select random inn keeper pos Map:4294967295 X:0 Y:0 Z:0 (0 available in 11)
[New RPG] Bot Celda select random grind pos Map:4294967295 X:0 Y:0 Z:0 (0+0 available in 1229)
Checking LFG Queue...
LFG Queue check finished
Including non-random bot player Thor Cow into random bot update
[New RPG] Bot Shahge select random inn keeper pos Map:1 X:897.84534 Y:925.2238 Z:106.864 (1 available in 4)
[New RPG] Bot Shahge select random grind pos Map:1 X:650 Y:1950 Z:0 (21+1 available in 449)
Checking BG Queue...
BG Queue check finished
[New RPG] Bot Huflemak select random inn keeper pos Map:4294967295 X:0 Y:0 Z:0 (0 available in 8)
[New RPG] Bot Huflemak select random grind pos Map:4294967295 X:0 Y:0 Z:0 (0+0 available in 597)
[New RPG] Bot Landraran select random inn keeper pos Map:0 X:-5378.9497 Y:-2969.0193 Z:323.752 (1 available in 5)
[New RPG] Bot Landraran select random grind pos Map:0 X:-4950 Y:-2950 Z:300 (33+45 available in 1445)
[New RPG] Bot Landraran select random flight taxi node from:1572 (node 8) to:2 (1 available)
Bot GUID Full: 0x0000000000000146 Type: Player Low: 326 A:71 <Kamig> auto released
Bot GUID Full: 0x0000000000000146 Type: Player Low: 326 A:71 <Kamig> releases spirit
Checking LFG Queue...
LFG Queue check finished
Random Bots Stats: 33 online
Bots level:
    10..19: 6 alliance, 3 horde
    20..29: 1 alliance, 3 horde
    30..39: 1 alliance, 1 horde
    40..49: 1 alliance, 2 horde
    50..59: 2 alliance, 2 horde
    60..69: 2 alliance, 4 horde
    70..79: 2 alliance, 1 horde
    80..80: 2 alliance, 0 horde
Bots race:
    Human: 4, avg lvl: 29.2
    Orc: 5, avg lvl: 39.8
    Dwarf: 2, avg lvl: 42.5
    Night Elf: 2, avg lvl: 32
    Undead: 2, avg lvl: 63
    Tauren: 3, avg lvl: 30.3
    Gnome: 2, avg lvl: 49.5
    Troll: 1, avg lvl: 64
    Goblin: 4, avg lvl: 55
    Blood Elf: 1, avg lvl: 10
    Draenei: 2, avg lvl: 35.5
    Worgen: 3, avg lvl: 59.6
    High Elf: 2, avg lvl: 46.5
Bots class:
    paladin: 33, avg lvl: 42.9
Bots role:
    tank: 0, heal: 0, dps: 33
Bots status:
    Active: 5
    Moving: 1
    In flight: 0
    On mount: 4
    In combat: 5
    In BG: 0
    In Rest: 6
    Dead: 1
Bots rpg status:
    Idle: 27, Rest: 2, GoGrind: 0, GoCamp: 0, MoveRandom: 2, MoveNpc: 0, DoQuest: 2, TravelFlight: 0, OutdoorPvP: 0
Bots total quests:
    Accepted: 57, Rewarded: 1, Dropped: 83
Bots engine:
    Non-combat: 27, Combat: 5, Dead: 1
[New RPG] Bot Nanolii select random inn keeper pos Map:0 X:2298.104 Y:-5340.945 Z:91.3799 (1 available in 8)
[New RPG] Bot Nanolii select random grind pos Map:0 X:3250 Y:-4550 Z:100 (7+85 available in 1022)
[New RPG] Bot Nanolii select random inn keeper pos Map:0 X:2298.104 Y:-5340.945 Z:91.3799 (1 available in 8)
[New RPG] Bot Ysa select random inn keeper pos Map:0 X:-618.43634 Y:-4586.873 Z:12.2704 (1 available in 12)
[New RPG] Bot Ysa select random grind pos Map:0 X:150 Y:-2700 Z:100 (6+81 available in 480)
[New RPG] Bot Ysa select random flight taxi node from:4314 (node 76) to:18 (1 available)
[New RPG] Bot Charonald select random inn keeper pos Map:0 X:-5378.9497 Y:-2969.0193 Z:323.752 (1 available in 5)
[New RPG] Bot Charonald select random grind pos Map:0 X:-5900 Y:-2900 Z:350 (34+44 available in 1445)
[New RPG] Bot Charonald select random flight taxi node from:1572 (node 8) to:4 (1 available)
[New RPG] Bot Charonald select random flight taxi node from:1572 (node 8) to:2 (1 available)
Checking BG Queue...
BG Queue check finished
[New RPG] Bot Dranon select random inn keeper pos Map:4294967295 X:0 Y:0 Z:0 (0 available in 4)
[New RPG] Bot Dranon select random grind pos Map:4294967295 X:0 Y:0 Z:0 (0+0 available in 654)
[New RPG] Bot Dranon select random flight taxi node from:1573 (node 6) to:16 (1 available)
Scheduled guild cache validation
Checking LFG Queue...
LFG Queue check finished
Mark bot Kamig as dead, will be revived in 147s.
[New RPG] Bot Shuhma select random inn keeper pos Map:530 X:4115.28 Y:3061.665 Z:340.048 (2 available in 19)
[New RPG] Bot Shuhma select random grind pos Map:530 X:2200 Y:2200 Z:100 (19+307 available in 2088)
[New RPG] Bot Shuhma select random flight taxi node from:20515 (node 150) to:128 (1 available)
[New RPG] Bot Shuhma select random flight taxi node from:20515 (node 150) to:127 (1 available)
[New RPG] Bot Krunemuzz select random inn keeper pos Map:571 X:2280.0981 Y:5206.336 Z:13.0771 (3 available in 12)
[New RPG] Bot Krunemuzz select random grind pos Map:571 X:3800 Y:7250 Z:150 (0+38 available in 1286)
Checking BG Queue...
BG Queue check finished
Checking LFG Queue...
LFG Queue check finished
Bot #394 <Landraran>: teleport for level and refresh
Refreshing bot GUID Full: 0x000000000000018a Type: Player Low: 394 <Landraran>
Random teleporting bot Landraran (level 13) to Map: 0 (Eastern Kingdoms) Zone: 38 (Loch Modan) Area: 2101 (Stoutlager Inn) ZoneLevel: 0 AreaLevel: 0 -5378.9497,-2969.0193,322.1077 (2/5 locations)
[New RPG] Bot Landraran select random inn keeper pos Map:4294967295 X:0 Y:0 Z:0 (0 available in 5)
[New RPG] Bot Landraran select random grind pos Map:0 X:-5650 Y:-3200 Z:300 (37+41 available in 1445)
[New RPG] Bot Landraran select random flight taxi node from:1572 (node 8) to:6 (1 available)
[New RPG] Bot Aseanna select random inn keeper pos Map:4294967295 X:0 Y:0 Z:0 (0 available in 5)
[New RPG] Bot Aseanna select random grind pos Map:1 X:5950 Y:650 Z:0 (43+137 available in 1445)
[New RPG] Bot Aseanna select random flight taxi node from:3841 (node 26) to:80 (1 available)
[New RPG] Bot Aseanna select random flight taxi node from:3841 (node 26) to:80 (1 available)
[New RPG] Bot Bily select random inn keeper pos Map:4294967295 X:0 Y:0 Z:0 (0 available in 11)
[New RPG] Bot Bily select random grind pos Map:4294967295 X:0 Y:0 Z:0 (0+0 available in 1229)
[New RPG] Bot Westorn select random inn keeper pos Map:4294967295 X:0 Y:0 Z:0 (0 available in 5)
[New RPG] Bot Westorn select random grind pos Map:1 X:-4500 Y:3600 Z:0 (5+1 available in 517)
[New RPG] Bot Westorn select random flight taxi node from:8019 (node 41) to:31 (1 available)
[New RPG] Bot Westorn select random grind pos Map:1 X:-4600 Y:950 Z:50 (5+1 available in 517)
Checking BG Queue...
BG Queue check finished
[New RPG] Bot Vidunuvoo select random inn keeper pos Map:1 X:-7160.833 Y:-3836.974 Z:9.34809 (2 available in 10)
[New RPG] Bot Vidunuvoo select random grind pos Map:1 X:-8050 Y:-5300 Z:0 (15+118 available in 545)
[New RPG] Bot Flostee select random inn keeper pos Map:1 X:897.84534 Y:925.2238 Z:106.864 (1 available in 4)
[New RPG] Bot Flostee select random grind pos Map:1 X:550 Y:1650 Z:0 (0+10 available in 602)
[New RPG] Bot Flostee select random flight taxi node from:2995 (node 22) to:30 (1 available)
[New RPG] Bot Flostee select random flight taxi node from:2995 (node 22) to:29 (1 available)
Checking LFG Queue...
LFG Queue check finished
Checking BG Queue...
BG Queue check finished
Checking LFG Queue...
LFG Queue check finished
[New RPG] Bot Beawi select random inn keeper pos Map:4294967295 X:0 Y:0 Z:0 (0 available in 9)
[New RPG] Bot Beawi select random grind pos Map:4294967295 X:0 Y:0 Z:0 (0+0 available in 1145)
Checking BG Queue...
BG Queue check finished
Checking LFG Queue...
LFG Queue check finished
[New RPG] Bot Thekem select random inn keeper pos Map:0 X:2298.104 Y:-5340.945 Z:91.3799 (1 available in 7)
[New RPG] Bot Thekem select random grind pos Map:0 X:1950 Y:-3150 Z:100 (26+171 available in 800)
[New RPG] Bot Thekem select random flight taxi node from:12636 (node 68) to:383 (1 available)
[New RPG] Bot Thekem select random flight taxi node from:12636 (node 68) to:383 (1 available)
Bot GUID Full: 0x000000000000015e Type: Player Low: 350 H:46 <Ysa> auto released
Bot GUID Full: 0x000000000000015e Type: Player Low: 350 H:46 <Ysa> releases spirit
Checking BG Queue...
BG Queue check finished
[New RPG] Bot Ellaro select random inn keeper pos Map:0 X:-9467.633 Y:16.714157 Z:57.5459 (2 available in 9)
[New RPG] Bot Ellaro select random grind pos Map:0 X:-9800 Y:-1250 Z:50 (1+180 available in 1725)
[New RPG] Bot Ellaro select random flight taxi node from:352 (node 2) to:205 (1 available)
Checking LFG Queue...
LFG Queue check finished
[New RPG] Bot Gedsewe select random inn keeper pos Map:1 X:-411.9045 Y:-2646.682 Z:96.8063 (3 available in 6)
[New RPG] Bot Gedsewe select random grind pos Map:1 X:-1900 Y:-3050 Z:100 (14+204 available in 1210)
[New RPG] Bot Gedsewe select random flight taxi node from:10378 (node 77) to:29 (1 available)
[New RPG] Bot Gucli select random inn keeper pos Map:530 X:-573.1212 Y:4148.6943 Z:68.717 (1 available in 6)
[New RPG] Bot Gucli select random grind pos Map:530 X:-900 Y:1500 Z:50 (42+264 available in 1117)
[New RPG] Bot Gucli select random flight taxi node from:16587 (node 99) to:141 (1 available)
[New RPG] Bot Gucli select random flight taxi node from:16587 (node 99) to:141 (1 available)
[New RPG] Bot Westerren select random inn keeper pos Map:571 X:2678.726 Y:-4387.15 Z:285.043 (4 available in 19)
[New RPG] Bot Westerren select random grind pos Map:571 X:550 Y:-4200 Z:250 (32+437 available in 2452)
[New RPG] Bot Westerren select random flight taxi node from:24155 (node 190) to:191 (1 available)
Checking BG Queue...
BG Queue check finished
Checking LFG Queue...
LFG Queue check finished
[New RPG] Bot Huflemak select random inn keeper pos Map:4294967295 X:0 Y:0 Z:0 (0 available in 8)
[New RPG] Bot Huflemak select random grind pos Map:4294967295 X:0 Y:0 Z:0 (0+0 available in 597)
Checking BG Queue...
BG Queue check finished
Random Bots Stats: 33 online
Bots level:
    10..19: 6 alliance, 3 horde
    20..29: 1 alliance, 3 horde
    30..39: 1 alliance, 1 horde
    40..49: 1 alliance, 2 horde
    50..59: 2 alliance, 2 horde
    60..69: 2 alliance, 4 horde
    70..79: 2 alliance, 1 horde
    80..80: 2 alliance, 0 horde
Bots race:
    Human: 4, avg lvl: 29.2
    Orc: 5, avg lvl: 39.8
    Dwarf: 2, avg lvl: 42.5
    Night Elf: 2, avg lvl: 32
    Undead: 2, avg lvl: 63
    Tauren: 3, avg lvl: 30.3
    Gnome: 2, avg lvl: 49.5
    Troll: 1, avg lvl: 64
    Goblin: 4, avg lvl: 55
    Blood Elf: 1, avg lvl: 10
    Draenei: 2, avg lvl: 35.5
    Worgen: 3, avg lvl: 59.6
    High Elf: 2, avg lvl: 46.5
Bots class:
    paladin: 33, avg lvl: 42.9
Bots role:
    tank: 0, heal: 0, dps: 33
Bots status:
    Active: 3
    Moving: 5
    In flight: 4
    On mount: 9
    In combat: 3
    In BG: 0
    In Rest: 5
    Dead: 2
Bots rpg status:
    Idle: 10, Rest: 5, GoGrind: 1, GoCamp: 1, MoveRandom: 3, MoveNpc: 2, DoQuest: 5, TravelFlight: 6, OutdoorPvP: 0
Bots total quests:
    Accepted: 57, Rewarded: 1, Dropped: 83
Bots engine:
    Non-combat: 30, Combat: 1, Dead: 2
[New RPG] Bot Aleluun select random inn keeper pos Map:1 X:2338.5798 Y:-2563.2166 Z:103.357 (1 available in 4)
[New RPG] Bot Aleluun select random grind pos Map:1 X:3400 Y:-400 Z:150 (23+79 available in 602)
[New RPG] Bot Lucini select random inn keeper pos Map:1 X:6208.02 Y:-1948.3518 Z:572.081 (2 available in 7)
[New RPG] Bot Lucini select random grind pos Map:1 X:6300 Y:-1650 Z:450 (12+131 available in 615)
[New RPG] Bot Lucini select random inn keeper pos Map:1 X:6208.02 Y:-1948.3518 Z:572.081 (2 available in 7)
[New RPG] Bot Krunemuzz select random inn keeper pos Map:571 X:4174.697 Y:5281.5005 Z:27.2764 (3 available in 12)
[New RPG] Bot Krunemuzz select random grind pos Map:571 X:3800 Y:6700 Z:150 (0+38 available in 1286)
[New RPG] Bot Krunemuzz select random inn keeper pos Map:571 X:2280.0981 Y:5206.336 Z:13.0771 (3 available in 12)
Bot Flostee logging out
Bot Mydas logging out
Bot Ainimdi logging out
Bot Bily logging out
Bot Eramir logging out
Bot Kamig logging out
Bot Celda logging out
Bot Aseanna logging out
Bot Charonald logging out
Bot Westorn logging out
Bot Nanolii logging out
Bot Lucini logging out
Bot Gedsewe logging out
Bot Ysa logging out
Bot Cimlan logging out
Bot Shuhma logging out
Bot Shahge logging out
Bot Vidunuvoo logging out
Bot Thekem logging out
Bot Dresera logging out
Bot Westerren logging out
Bot Paelaas logging out
Bot Ceale logging out
Bot Huflemak logging out
Bot Krunemuzz logging out
Bot Aleluun logging out
Bot Beawi logging out
Bot Babine logging out
Bot Ellaro logging out
Bot Landraran logging out
Bot Mundibill logging out
Bot Dranon logging out
Bot Gucli logging out
Logout all bots due no real player session.
Checking LFG Queue...
LFG Queue check finished
Skipping invalid operation: BotLogoutGroupCleanup
Skipping invalid operation: BotLogoutGroupCleanup
Skipping invalid operation: BotLogoutGroupCleanup
Skipping invalid operation: BotLogoutGroupCleanup
Skipping invalid operation: BotLogoutGroupCleanup
Skipping invalid operation: BotLogoutGroupCleanup
Skipping invalid operation: BotLogoutGroupCleanup
Skipping invalid operation: BotLogoutGroupCleanup
Skipping invalid operation: BotLogoutGroupCleanup
Skipping invalid operation: BotLogoutGroupCleanup
Skipping invalid operation: BotLogoutGroupCleanup
Skipping invalid operation: BotLogoutGroupCleanup
Skipping invalid operation: BotLogoutGroupCleanup
Skipping invalid operation: BotLogoutGroupCleanup
Skipping invalid operation: BotLogoutGroupCleanup
Skipping invalid operation: BotLogoutGroupCleanup
Skipping invalid operation: BotLogoutGroupCleanup
Skipping invalid operation: BotLogoutGroupCleanup
Skipping invalid operation: BotLogoutGroupCleanup
Skipping invalid operation: BotLogoutGroupCleanup
Skipping invalid operation: BotLogoutGroupCleanup
Skipping invalid operation: BotLogoutGroupCleanup
Skipping invalid operation: BotLogoutGroupCleanup
Skipping invalid operation: BotLogoutGroupCleanup
Skipping invalid operation: BotLogoutGroupCleanup
Skipping invalid operation: BotLogoutGroupCleanup
Skipping invalid operation: BotLogoutGroupCleanup
Skipping invalid operation: BotLogoutGroupCleanup
Skipping invalid operation: BotLogoutGroupCleanup
Skipping invalid operation: BotLogoutGroupCleanup
Skipping invalid operation: BotLogoutGroupCleanup
Skipping invalid operation: BotLogoutGroupCleanup
Skipping invalid operation: BotLogoutGroupCleanup
Checking BG Queue...
BG Queue check finished
Checking LFG Queue...
LFG Queue check finished
Checking BG Queue...
BG Queue check finished
Checking LFG Queue...
LFG Queue check finished
Checking BG Queue...
BG Queue check finished
Checking LFG Queue...
LFG Queue check finished
Checking BG Queue...
BG Queue check finished
Checking LFG Queue...
LFG Queue check finished
Checking BG Queue...
BG Queue check finished
Checking LFG Queue...
LFG Queue check finished
Checking BG Queue...
BG Queue check finished
Checking LFG Queue...
LFG Queue check finished
Checking BG Queue...
BG Queue check finished
Checking LFG Queue...
LFG Queue check finished
Random Bots Stats: 0 online
Bots level:
Bots race:
Bots class:
Bots role:
    tank: 0, heal: 0, dps: 0
Bots status:
    Active: 0
    Moving: 0
    In flight: 0
    On mount: 0
    In combat: 0
    In BG: 0
    In Rest: 0
    Dead: 0
Bots rpg status:
    Idle: 0, Rest: 0, GoGrind: 0, GoCamp: 0, MoveRandom: 0, MoveNpc: 0, DoQuest: 0, TravelFlight: 0, OutdoorPvP: 0
Bots total quests:
    Accepted: 57, Rewarded: 1, Dropped: 83
Bots engine:
    Non-combat: 0, Combat: 0, Dead: 0
Checking BG Queue...
BG Queue check finished
Checking LFG Queue...
LFG Queue check finished
Checking BG Queue...
BG Queue check finished
Checking LFG Queue...
LFG Queue check finished
Checking BG Queue...
BG Queue check finished
Checking LFG Queue...
LFG Queue check finished
Checking BG Queue...
BG Queue check finished
Checking LFG Queue...
LFG Queue check finished
Checking BG Queue...
BG Queue check finished
Checking LFG Queue...
LFG Queue check finished
Checking BG Queue...
BG Queue check finished
Checking LFG Queue...
LFG Queue check finished
Checking BG Queue...
BG Queue check finished
Checking LFG Queue...
LFG Queue check finished
Checking BG Queue...
BG Queue check finished
Checking LFG Queue...
LFG Queue check finished
Random Bots Stats: 0 online
Bots level:
Bots race:
Bots class:
Bots role:
    tank: 0, heal: 0, dps: 0
Bots status:
    Active: 0
    Moving: 0
    In flight: 0
    On mount: 0
    In combat: 0
    In BG: 0
    In Rest: 0
    Dead: 0
Bots rpg status:
    Idle: 0, Rest: 0, GoGrind: 0, GoCamp: 0, MoveRandom: 0, MoveNpc: 0, DoQuest: 0, TravelFlight: 0, OutdoorPvP: 0
Bots total quests:
    Accepted: 57, Rewarded: 1, Dropped: 83
Bots engine:
    Non-combat: 0, Combat: 0, Dead: 0
Checking BG Queue...
BG Queue check finished
Checking LFG Queue...
LFG Queue check finished
Checking BG Queue...
BG Queue check finished
Checking LFG Queue...
LFG Queue check finished
Checking BG Queue...
BG Queue check finished
Checking LFG Queue...
LFG Queue check finished
Checking BG Queue...
BG Queue check finished
Checking LFG Queue...
LFG Queue check finished
Checking BG Queue...
BG Queue check finished
Checking LFG Queue...
LFG Queue check finished
Checking BG Queue...
BG Queue check finished
Checking LFG Queue...
LFG Queue check finished
Checking BG Queue...
BG Queue check finished
Checking LFG Queue...
LFG Queue check finished
Checking BG Queue...
BG Queue check finished
Random Bots Stats: 0 online
Bots level:
Bots race:
Bots class:
Bots role:
    tank: 0, heal: 0, dps: 0
Bots status:
    Active: 0
    Moving: 0
    In flight: 0
    On mount: 0
    In combat: 0
    In BG: 0
    In Rest: 0
    Dead: 0
Bots rpg status:
    Idle: 0, Rest: 0, GoGrind: 0, GoCamp: 0, MoveRandom: 0, MoveNpc: 0, DoQuest: 0, TravelFlight: 0, OutdoorPvP: 0
Bots total quests:
    Accepted: 57, Rewarded: 1, Dropped: 83
Bots engine:
    Non-combat: 0, Combat: 0, Dead: 0
Checking LFG Queue...
LFG Queue check finished
Checking BG Queue...
BG Queue check finished
Checking LFG Queue...
LFG Queue check finished
Checking BG Queue...
BG Queue check finished
Checking LFG Queue...
LFG Queue check finished
Checking BG Queue...
BG Queue check finished
Checking LFG Queue...
LFG Queue check finished
Checking BG Queue...
BG Queue check finished
Checking LFG Queue...
LFG Queue check finished
Checking BG Queue...
BG Queue check finished
Checking LFG Queue...
LFG Queue check finished
Checking BG Queue...
BG Queue check finished
Checking LFG Queue...
LFG Queue check finished
Checking BG Queue...
BG Queue check finished
Checking LFG Queue...
LFG Queue check finished
Random Bots Stats: 0 online
Bots level:
Bots race:
Bots class:
Bots role:
    tank: 0, heal: 0, dps: 0
Bots status:
    Active: 0
    Moving: 0
    In flight: 0
    On mount: 0
    In combat: 0
    In BG: 0
    In Rest: 0
    Dead: 0
Bots rpg status:
    Idle: 0, Rest: 0, GoGrind: 0, GoCamp: 0, MoveRandom: 0, MoveNpc: 0, DoQuest: 0, TravelFlight: 0, OutdoorPvP: 0
Bots total quests:
    Accepted: 57, Rewarded: 1, Dropped: 83
Bots engine:
    Non-combat: 0, Combat: 0, Dead: 0
Checking BG Queue...
BG Queue check finished
Checking LFG Queue...
LFG Queue check finished
Checking BG Queue...
BG Queue check finished
Checking LFG Queue...
LFG Queue check finished
Checking BG Queue...
BG Queue check finished
Checking LFG Queue...
LFG Queue check finished
Checking BG Queue...
BG Queue check finished
Checking LFG Queue...
LFG Queue check finished
Checking BG Queue...
BG Queue check finished
Checking LFG Queue...
LFG Queue check finished
Checking BG Queue...
BG Queue check finished
Checking LFG Queue...
LFG Queue check finished
Checking BG Queue...
BG Queue check finished
Checking LFG Queue...
LFG Queue check finished
Checking BG Queue...
BG Queue check finished
Checking LFG Queue...
LFG Queue check finished
Random Bots Stats: 0 online
Bots level:
Bots race:
Bots class:
Bots role:
    tank: 0, heal: 0, dps: 0
Bots status:
    Active: 0
    Moving: 0
    In flight: 0
    On mount: 0
    In combat: 0
    In BG: 0
    In Rest: 0
    Dead: 0
Bots rpg status:
    Idle: 0, Rest: 0, GoGrind: 0, GoCamp: 0, MoveRandom: 0, MoveNpc: 0, DoQuest: 0, TravelFlight: 0, OutdoorPvP: 0
Bots total quests:
    Accepted: 57, Rewarded: 1, Dropped: 83
Bots engine:
    Non-combat: 0, Combat: 0, Dead: 0
Checking BG Queue...
BG Queue check finished
Checking LFG Queue...
LFG Queue check finished
Checking BG Queue...
BG Queue check finished
Checking LFG Queue...
LFG Queue check finished
Checking BG Queue...
BG Queue check finished
Checking LFG Queue...
LFG Queue check finished
Checking BG Queue...
BG Queue check finished
Checking LFG Queue...
LFG Queue check finished
Checking BG Queue...
BG Queue check finished
Checking LFG Queue...
LFG Queue check finished
Checking BG Queue...
BG Queue check finished
Checking LFG Queue...
LFG Queue check finished
Checking BG Queue...
BG Queue check finished
Checking LFG Queue...
LFG Queue check finished
Random Bots Stats: 0 online
Bots level:
Bots race:
Bots class:
Bots role:
    tank: 0, heal: 0, dps: 0
Bots status:
    Active: 0
    Moving: 0
    In flight: 0
    On mount: 0
    In combat: 0
    In BG: 0
    In Rest: 0
    Dead: 0
Bots rpg status:
    Idle: 0, Rest: 0, GoGrind: 0, GoCamp: 0, MoveRandom: 0, MoveNpc: 0, DoQuest: 0, TravelFlight: 0, OutdoorPvP: 0
Bots total quests:
    Accepted: 57, Rewarded: 1, Dropped: 83
Bots engine:
    Non-combat: 0, Combat: 0, Dead: 0
Checking BG Queue...
BG Queue check finished
Checking LFG Queue...
LFG Queue check finished
Checking BG Queue...
BG Queue check finished
Checking LFG Queue...
LFG Queue check finished
Checking BG Queue...
BG Queue check finished
Checking LFG Queue...
LFG Queue check finished
Checking BG Queue...
BG Queue check finished
Checking LFG Queue...
LFG Queue check finished
Checking BG Queue...
BG Queue check finished
Checking LFG Queue...
LFG Queue check finished
Checking BG Queue...
BG Queue check finished
Checking LFG Queue...
LFG Queue check finished
Checking BG Queue...
BG Queue check finished
Checking LFG Queue...
LFG Queue check finished
Checking BG Queue...
BG Queue check finished
Checking LFG Queue...
LFG Queue check finished
Random Bots Stats: 0 online
Bots level:
Bots race:
Bots class:
Bots role:
    tank: 0, heal: 0, dps: 0
Bots status:
    Active: 0
    Moving: 0
    In flight: 0
    On mount: 0
    In combat: 0
    In BG: 0
    In Rest: 0
    Dead: 0
Bots rpg status:
    Idle: 0, Rest: 0, GoGrind: 0, GoCamp: 0, MoveRandom: 0, MoveNpc: 0, DoQuest: 0, TravelFlight: 0, OutdoorPvP: 0
Bots total quests:
    Accepted: 57, Rewarded: 1, Dropped: 83
Bots engine:
    Non-combat: 0, Combat: 0, Dead: 0
Checking BG Queue...
BG Queue check finished
Checking LFG Queue...
LFG Queue check finished
Checking BG Queue...
BG Queue check finished
Checking LFG Queue...
LFG Queue check finished
Checking BG Queue...
BG Queue check finished
Checking LFG Queue...
LFG Queue check finished
Checking LFG Queue...
LFG Queue check finished
Checking BG Queue...
BG Queue check finished
Checking LFG Queue...
LFG Queue check finished
Checking BG Queue...
BG Queue check finished
Checking LFG Queue...
LFG Queue check finished
Checking BG Queue...
BG Queue check finished
Checking LFG Queue...
LFG Queue check finished
Checking BG Queue...
BG Queue check finished
Checking LFG Queue...
LFG Queue check finished
Checking BG Queue...
BG Queue check finished
Random Bots Stats: 0 online
Bots level:
Bots race:
Bots class:
Bots role:
    tank: 0, heal: 0, dps: 0
Bots status:
    Active: 0
    Moving: 0
    In flight: 0
    On mount: 0
    In combat: 0
    In BG: 0
    In Rest: 0
    Dead: 0
Bots rpg status:
    Idle: 0, Rest: 0, GoGrind: 0, GoCamp: 0, MoveRandom: 0, MoveNpc: 0, DoQuest: 0, TravelFlight: 0, OutdoorPvP: 0
Bots total quests:
    Accepted: 57, Rewarded: 1, Dropped: 83
Bots engine:
    Non-combat: 0, Combat: 0, Dead: 0
Including non-random bot player Thor Cow into random bot update
33 new bots prepared to login
[New RPG] Bot Ceale select random inn keeper pos Map:530 X:8703.977 Y:-6641.833 Z:73.3276 (2 available in 10)
[New RPG] Bot Ceale select random grind pos Map:530 X:8700 Y:-7500 Z:100 (28+127 available in 1881)
[New RPG] Bot Dresera select random inn keeper pos Map:530 X:-4133.0415 Y:-12472.458 Z:44.6849 (1 available in 9)
[New RPG] Bot Dresera select random grind pos Map:530 X:-3200 Y:-11850 Z:0 (26+263 available in 1881)
[New RPG] Bot Dranon select random inn keeper pos Map:4294967295 X:0 Y:0 Z:0 (0 available in 4)
[New RPG] Bot Dranon select random grind pos Map:4294967295 X:0 Y:0 Z:0 (0+0 available in 654)
[New RPG] Bot Dranon select random flight taxi node from:1573 (node 6) to:16 (1 available)
Checking BG Queue...
BG Queue check finished
Checking LFG Queue...
LFG Queue check finished
Mark bot Ysa as dead, will be revived in 135s.
Bot #349 <Gedsewe>: teleport for level and refresh
Refreshing bot GUID Full: 0x000000000000015d Type: Player Low: 349 <Gedsewe>
Random teleporting bot Gedsewe (level 17) to Map: 1 (Kalimdor) Zone: 1637 (Orgrimmar) Area: 1637 (Orgrimmar) ZoneLevel: 10 AreaLevel: 10 1617.4622,-4371.5957,12.445006 (1/1 locations)
Bot #400 <Dranon>: teleport for level and refresh
Refreshing bot GUID Full: 0x0000000000000190 Type: Player Low: 400 <Dranon>
Random teleporting bot Dranon (level 36) to Map: 1 (Kalimdor) Zone: 15 (Dustwallow Marsh) Area: 513 (Theramore Isle) ZoneLevel: 0 AreaLevel: 36 -3619.139,-4466.8267,14.295284 (1/4 locations)
Bot #383 <Krunemuzz>: teleport for level and refresh
Refreshing bot GUID Full: 0x000000000000017f Type: Player Low: 383 <Krunemuzz>
Random teleporting bot Krunemuzz (level 75) to Map: 571 (Northrend) Zone: 394 (Grizzly Hills) Area: 4204 (Amberpine Lodge) ZoneLevel: 0 AreaLevel: 73 3410.4333,-2792.2266,201.57071 (1/12 locations)
Bot #397 <Mundibill>: teleport for level and refresh
Refreshing bot GUID Full: 0x000000000000018d Type: Player Low: 397 <Mundibill>
Random teleporting bot Mundibill (level 24) to Map: 1 (Kalimdor) Zone: 1657 (Darnassus) Area: 1657 (Darnassus) ZoneLevel: 10 AreaLevel: 10 9939.782,2513.6768,1317.8672 (1/1 locations)
Refreshing bot GUID Full: 0x0000000000000146 Type: Player Low: 326 <Kamig>
Random teleporting bot Kamig for level 71 (21 locations available)
Random teleporting bot Kamig (level 71) to Map: 571 (Northrend) Zone: 495 (Howling Fjord) Area: 4003 (Fort Wildervar) ZoneLevel: 70 AreaLevel: 70 2476.5217,-5059.414,284.44077 (1/21 locations)
Bot #336 <Nanolii>: teleport for level and refresh
Refreshing bot GUID Full: 0x0000000000000150 Type: Player Low: 336 <Nanolii>
Random teleporting bot Nanolii (level 61) to Map: 1 (Kalimdor) Zone: 618 (Winterspring) Area: 2255 (Everlook) ZoneLevel: 0 AreaLevel: 55 6699.4355,-4670.465,722.28687 (1/8 locations)
[New RPG] Bot Krunemuzz select random inn keeper pos Map:571 X:4592.4272 Y:-4233.931 Z:179.238 (1 available in 12)
[New RPG] Bot Krunemuzz select random grind pos Map:571 X:3000 Y:-2600 Z:100 (47+296 available in 1286)
[New RPG] Bot Krunemuzz select random flight taxi node from:26880 (node 253) to:309 (1 available)
[New RPG] Bot Krunemuzz select random inn keeper pos Map:571 X:4592.4272 Y:-4233.931 Z:179.238 (1 available in 12)
[New RPG] Bot Dranon select random inn keeper pos Map:1 X:-4624.941 Y:-3176.2188 Z:41.8244 (1 available in 4)
[New RPG] Bot Dranon select random grind pos Map:1 X:-3950 Y:-2850 Z:50 (10+71 available in 654)
[New RPG] Bot Dranon select random flight taxi node from:4321 (node 32) to:179 (1 available)
Incremental randomizing Cimlan (level 72 class = 2)...
Resetting player...
Initializing skills (step 1)...
Initializing spells (step 1)...
Initializing talents...
Initializing spells (step 2)...
Initializing reputation...
Initializing special spells...
Initializing mounts...
Initializing equipmemt...
Initializing bags...
Initializing ammo...
Initializing food...
Initializing potions...
Initializing reagents...
Initializing keys...
Initializing inventory...
Initializing consumables...
Initializing glyphs...
Initializing guilds...
Initializing pet...
Saving to DB...
Initialization Done.
Bot #353 H:72 <Cimlan>: randomized
Bot #320 <Bily>: teleport for level and refresh
Refreshing bot GUID Full: 0x0000000000000140 Type: Player Low: 320 <Bily>
Random teleporting bot Bily (level 80) to Map: 571 (Northrend) Zone: 4395 (Dalaran) Area: 4395 (Dalaran) ZoneLevel: 75 AreaLevel: 75 5981.712,616.48615,650.67694 (1/1 locations)
Bot GUID Full: 0x000000000000015e Type: Player Low: 350 H:46 <Ysa> revives at body
[New RPG] Bot Eramir select random inn keeper pos Map:530 X:-2922.21 Y:4018.98 Z:1.01079 (4 available in 7)
[New RPG] Bot Eramir select random grind pos Map:530 X:-2050 Y:4900 Z:0 (8+470 available in 1117)
[New RPG] Bot Eramir select random flight taxi node from:18940 (node 128) to:129 (1 available)
[New RPG] Bot Eramir select random flight taxi node from:18940 (node 128) to:117 (1 available)
Checking BG Queue...
BG Queue check finished
Checking LFG Queue...
LFG Queue check finished
[New RPG] Bot Ysa select random inn keeper pos Map:0 X:-618.43634 Y:-4586.873 Z:12.2704 (1 available in 12)
[New RPG] Bot Ysa select random grind pos Map:0 X:-50 Y:-2850 Z:100 (6+81 available in 480)
[New RPG] Bot Celda select random inn keeper pos Map:4294967295 X:0 Y:0 Z:0 (0 available in 11)
[New RPG] Bot Celda select random grind pos Map:4294967295 X:0 Y:0 Z:0 (0+0 available in 1229)
[New RPG] Bot Beawi select random inn keeper pos Map:4294967295 X:0 Y:0 Z:0 (0 available in 9)
[New RPG] Bot Beawi select random grind pos Map:4294967295 X:0 Y:0 Z:0 (0+0 available in 1145)
Checking BG Queue...
BG Queue check finished
Checking LFG Queue...
LFG Queue check finished
[New RPG] Bot Paelaas select random inn keeper pos Map:1 X:-2373.846 Y:-1991.367 Z:97.2881 (3 available in 7)
[New RPG] Bot Paelaas select random grind pos Map:1 X:-1300 Y:-3050 Z:100 (14+178 available in 1091)
[New RPG] Bot Paelaas select random flight taxi node from:16227 (node 80) to:22 (1 available)
[New RPG] Bot Shuhma select random inn keeper pos Map:530 X:-2622.2158 Y:4445.319 Z:36.6768 (1 available in 19)
[New RPG] Bot Shuhma select random grind pos Map:530 X:-3800 Y:6000 Z:0 (0+122 available in 2088)
Checking BG Queue...
BG Queue check finished
Checking LFG Queue...
LFG Queue check finished
Refreshing bot GUID Full: 0x000000000000016d Type: Player Low: 365 <Vidunuvoo>
Random teleporting bot Vidunuvoo for level 47 (10 locations available)
Random teleporting bot Vidunuvoo (level 47) to Map: 0 (Eastern Kingdoms) Zone: 47 (The Hinterlands) Area: 3317 (Revantusk Village) ZoneLevel: 0 AreaLevel: 0 -618.43634,-4586.873,11.737078 (1/10 locations)
[New RPG] Bot Bily select random inn keeper pos Map:4294967295 X:0 Y:0 Z:0 (0 available in 11)
[New RPG] Bot Bily select random grind pos Map:4294967295 X:0 Y:0 Z:0 (0+0 available in 1229)
[New RPG] Bot Huflemak select random inn keeper pos Map:4294967295 X:0 Y:0 Z:0 (0 available in 8)
[New RPG] Bot Huflemak select random grind pos Map:4294967295 X:0 Y:0 Z:0 (0+0 available in 597)
Bot GUID Full: 0x0000000000000146 Type: Player Low: 326 A:71 <Kamig> auto released
Bot GUID Full: 0x0000000000000146 Type: Player Low: 326 A:71 <Kamig> releases spirit
[New RPG] Krunemuzz accept quest 12212
[New RPG] Bot Westorn select random inn keeper pos Map:1 X:-4376.593 Y:3289.6245 Z:14.1266 (1 available in 5)
[New RPG] Bot Westorn select random grind pos Map:1 X:-4400 Y:600 Z:50 (4+6 available in 517)
[New RPG] Krunemuzz accept quest 12215
[New RPG] Krunemuzz accept quest 12226
Checking BG Queue...
BG Queue check finished
Checking LFG Queue...
LFG Queue check finished
Mark bot Kamig as dead, will be revived in 218s.
[New RPG] Krunemuzz accept quest 12210
[New RPG] Krunemuzz accept quest 12292
Checking BG Queue...
BG Queue check finished
Checking LFG Queue...
LFG Queue check finished
[New RPG] Bot Cimlan select random inn keeper pos Map:571 X:3545.5303 Y:277.91348 Z:46.1634 (2 available in 24)
[New RPG] Bot Cimlan select random grind pos Map:571 X:3700 Y:1400 Z:100 (0+218 available in 2696)
[New RPG] Bot Cimlan select random flight taxi node from:28674 (node 310) to:248 (1 available)
[New RPG] Bot Cimlan select random flight taxi node from:28674 (node 310) to:294 (1 available)
Bot GUID Full: 0x0000000000000146 Type: Player Low: 326 A:71 <Kamig> revives at body
[New RPG] Bot Kamig select random inn keeper pos Map:530 X:3062.5857 Y:3696.839 Z:143.062 (2 available in 21)
[New RPG] Bot Kamig select random grind pos Map:530 X:4650 Y:2600 Z:200 (12+350 available in 2977)
[New RPG] Bot Kamig select random grind pos Map:530 X:4050 Y:2800 Z:150 (12+350 available in 2977)
[New RPG] Bot Aleluun select random inn keeper pos Map:1 X:2338.5798 Y:-2563.2166 Z:103.357 (1 available in 4)
[New RPG] Bot Aleluun select random grind pos Map:1 X:3300 Y:-400 Z:150 (23+79 available in 602)
Checking BG Queue...
BG Queue check finished
Checking LFG Queue...
LFG Queue check finished
[New RPG] Shuhma accept quest 10039
[New RPG] Shuhma accept quest 9987
[New RPG] Bot Aleluun select random inn keeper pos Map:1 X:2338.5798 Y:-2563.2166 Z:103.357 (1 available in 4)
[New RPG] Bot Aleluun select random grind pos Map:1 X:3400 Y:-700 Z:150 (23+79 available in 602)
[New RPG] Bot Flostee select random inn keeper pos Map:1 X:897.84534 Y:925.2238 Z:106.864 (1 available in 4)
[New RPG] Bot Flostee select random grind pos Map:1 X:2600 Y:1550 Z:250 (3+48 available in 602)
[New RPG] Bot Flostee select random flight taxi node from:4312 (node 29) to:30 (1 available)
Checking BG Queue...
BG Queue check finished
Checking LFG Queue...
LFG Queue check finished
Random Bots Stats: 33 online
Bots level:
    10..19: 6 alliance, 3 horde
    20..29: 1 alliance, 3 horde
    30..39: 1 alliance, 1 horde
    40..49: 1 alliance, 2 horde
    50..59: 2 alliance, 2 horde
    60..69: 2 alliance, 4 horde
    70..79: 2 alliance, 1 horde
    80..80: 2 alliance, 0 horde
Bots race:
    Human: 4, avg lvl: 29.2
    Orc: 5, avg lvl: 39.8
    Dwarf: 2, avg lvl: 42.5
    Night Elf: 2, avg lvl: 32
    Undead: 2, avg lvl: 63
    Tauren: 3, avg lvl: 30.3
    Gnome: 2, avg lvl: 49.5
    Troll: 1, avg lvl: 64
    Goblin: 4, avg lvl: 55
    Blood Elf: 1, avg lvl: 10
    Draenei: 2, avg lvl: 35.5
    Worgen: 3, avg lvl: 59.6
    High Elf: 2, avg lvl: 46.5
Bots class:
    paladin: 33, avg lvl: 42.9
Bots role:
    tank: 0, heal: 0, dps: 33
Bots status:
    Active: 5
    Moving: 2
    In flight: 0
    On mount: 8
    In combat: 3
    In BG: 0
    In Rest: 5
    Dead: 1
Bots rpg status:
    Idle: 16, Rest: 3, GoGrind: 1, GoCamp: 1, MoveRandom: 1, MoveNpc: 3, DoQuest: 6, TravelFlight: 2, OutdoorPvP: 0
Bots total quests:
    Accepted: 64, Rewarded: 1, Dropped: 83
Bots engine:
    Non-combat: 29, Combat: 3, Dead: 1
Bot GUID Full: 0x0000000000000146 Type: Player Low: 326 A:71 <Kamig> auto released
Bot GUID Full: 0x0000000000000146 Type: Player Low: 326 A:71 <Kamig> releases spirit
[New RPG] Bot Bily select random inn keeper pos Map:4294967295 X:0 Y:0 Z:0 (0 available in 11)
[New RPG] Bot Bily select random grind pos Map:4294967295 X:0 Y:0 Z:0 (0+0 available in 1229)
Refreshing bot GUID Full: 0x0000000000000146 Type: Player Low: 326 <Kamig>
Random teleporting bot Kamig for level 71 (21 locations available)
Random teleporting bot Kamig (level 71) to Map: 571 (Northrend) Zone: 495 (Howling Fjord) Area: 3988 (Kamagua) ZoneLevel: 70 AreaLevel: 70 708.91974,-2931.8403,-3.0184762 (1/21 locations)
Bot Flostee logging out
Bot Mydas logging out
Bot Ainimdi logging out
Bot Bily logging out
Bot Eramir logging out
Bot Kamig logging out
Bot Celda logging out
Bot Aseanna logging out
Bot Charonald logging out
Bot Westorn logging out
Bot Nanolii logging out
Bot Lucini logging out
Bot Gedsewe logging out
Bot Ysa logging out
Bot Cimlan logging out
Bot Shuhma logging out
Bot Shahge logging out
Bot Vidunuvoo logging out
Bot Thekem logging out
Bot Dresera logging out
Bot Westerren logging out
Bot Paelaas logging out
Bot Ceale logging out
Bot Huflemak logging out
Bot Krunemuzz logging out
Bot Aleluun logging out
Bot Beawi logging out
Bot Babine logging out
Bot Ellaro logging out
Bot Landraran logging out
Bot Mundibill logging out
Bot Dranon logging out
Bot Gucli logging out
Logout all bots due no real player session.
Skipping invalid operation: BotLogoutGroupCleanup
Skipping invalid operation: BotLogoutGroupCleanup
Skipping invalid operation: BotLogoutGroupCleanup
Skipping invalid operation: BotLogoutGroupCleanup
Skipping invalid operation: BotLogoutGroupCleanup
Skipping invalid operation: BotLogoutGroupCleanup
Skipping invalid operation: BotLogoutGroupCleanup
Skipping invalid operation: BotLogoutGroupCleanup
Skipping invalid operation: BotLogoutGroupCleanup
Skipping invalid operation: BotLogoutGroupCleanup
Skipping invalid operation: BotLogoutGroupCleanup
Skipping invalid operation: BotLogoutGroupCleanup
Skipping invalid operation: BotLogoutGroupCleanup
Skipping invalid operation: BotLogoutGroupCleanup
Skipping invalid operation: BotLogoutGroupCleanup
Skipping invalid operation: BotLogoutGroupCleanup
Skipping invalid operation: BotLogoutGroupCleanup
Skipping invalid operation: BotLogoutGroupCleanup
Skipping invalid operation: BotLogoutGroupCleanup
Skipping invalid operation: BotLogoutGroupCleanup
Skipping invalid operation: BotLogoutGroupCleanup
Skipping invalid operation: BotLogoutGroupCleanup
Skipping invalid operation: BotLogoutGroupCleanup
Skipping invalid operation: BotLogoutGroupCleanup
Skipping invalid operation: BotLogoutGroupCleanup
Skipping invalid operation: BotLogoutGroupCleanup
Skipping invalid operation: BotLogoutGroupCleanup
Skipping invalid operation: BotLogoutGroupCleanup
Skipping invalid operation: BotLogoutGroupCleanup
Skipping invalid operation: BotLogoutGroupCleanup
Skipping invalid operation: BotLogoutGroupCleanup
Skipping invalid operation: BotLogoutGroupCleanup
Skipping invalid operation: BotLogoutGroupCleanup
Checking BG Queue...
BG Queue check finished
Checking LFG Queue...
LFG Queue check finished
Checking BG Queue...
BG Queue check finished
Checking LFG Queue...
LFG Queue check finished
Checking BG Queue...
BG Queue check finished
Checking LFG Queue...
LFG Queue check finished
Checking BG Queue...
BG Queue check finished
Checking LFG Queue...
LFG Queue check finished
Checking LFG Queue...
LFG Queue check finished
Checking BG Queue...
BG Queue check finished
Checking LFG Queue...
LFG Queue check finished
Checking BG Queue...
BG Queue check finished
Checking LFG Queue...
LFG Queue check finished
Checking BG Queue...
BG Queue check finished
Random Bots Stats: 0 online
Bots level:
Bots race:
Bots class:
Bots role:
    tank: 0, heal: 0, dps: 0
Bots status:
    Active: 0
    Moving: 0
    In flight: 0
    On mount: 0
    In combat: 0
    In BG: 0
    In Rest: 0
    Dead: 0
Bots rpg status:
    Idle: 0, Rest: 0, GoGrind: 0, GoCamp: 0, MoveRandom: 0, MoveNpc: 0, DoQuest: 0, TravelFlight: 0, OutdoorPvP: 0
Bots total quests:
    Accepted: 64, Rewarded: 1, Dropped: 83
Bots engine:
    Non-combat: 0, Combat: 0, Dead: 0
Checking LFG Queue...
LFG Queue check finished
Checking BG Queue...
BG Queue check finished
Checking LFG Queue...
LFG Queue check finished
Checking BG Queue...
BG Queue check finished
Checking LFG Queue...
LFG Queue check finished
Checking BG Queue...
BG Queue check finished
Checking LFG Queue...
LFG Queue check finished
Checking BG Queue...
BG Queue check finished
Checking LFG Queue...
LFG Queue check finished
Checking BG Queue...
BG Queue check finished
Checking LFG Queue...
LFG Queue check finished
Checking LFG Queue...
LFG Queue check finished
Checking BG Queue...
BG Queue check finished
Checking LFG Queue...
LFG Queue check finished
Checking BG Queue...
BG Queue check finished
Scheduled guild cache validation
Checking LFG Queue...
LFG Queue check finished
Checking BG Queue...
BG Queue check finished
Random Bots Stats: 0 online
Bots level:
Bots race:
Bots class:
Bots role:
    tank: 0, heal: 0, dps: 0
Bots status:
    Active: 0
    Moving: 0
    In flight: 0
    On mount: 0
    In combat: 0
    In BG: 0
    In Rest: 0
    Dead: 0
Bots rpg status:
    Idle: 0, Rest: 0, GoGrind: 0, GoCamp: 0, MoveRandom: 0, MoveNpc: 0, DoQuest: 0, TravelFlight: 0, OutdoorPvP: 0
Bots total quests:
    Accepted: 64, Rewarded: 1, Dropped: 83
Bots engine:
    Non-combat: 0, Combat: 0, Dead: 0
Checking LFG Queue...
LFG Queue check finished
Checking BG Queue...
BG Queue check finished
Checking LFG Queue...
LFG Queue check finished
Checking BG Queue...
BG Queue check finished
Checking LFG Queue...
LFG Queue check finished
Checking BG Queue...
BG Queue check finished
Checking LFG Queue...
LFG Queue check finished
Checking BG Queue...
BG Queue check finished
Checking LFG Queue...
LFG Queue check finished
Checking BG Queue...
BG Queue check finished
Checking LFG Queue...
LFG Queue check finished
Checking BG Queue...
BG Queue check finished
Checking LFG Queue...
LFG Queue check finished
Checking BG Queue...
BG Queue check finished
Checking LFG Queue...
LFG Queue check finished
Random Bots Stats: 0 online
Bots level:
Bots race:
Bots class:
Bots role:
    tank: 0, heal: 0, dps: 0
Bots status:
    Active: 0
    Moving: 0
    In flight: 0
    On mount: 0
    In combat: 0
    In BG: 0
    In Rest: 0
    Dead: 0
Bots rpg status:
    Idle: 0, Rest: 0, GoGrind: 0, GoCamp: 0, MoveRandom: 0, MoveNpc: 0, DoQuest: 0, TravelFlight: 0, OutdoorPvP: 0
Bots total quests:
    Accepted: 64, Rewarded: 1, Dropped: 83
Bots engine:
    Non-combat: 0, Combat: 0, Dead: 0
Checking BG Queue...
BG Queue check finished
Checking LFG Queue...
LFG Queue check finished
Checking BG Queue...
BG Queue check finished
Checking LFG Queue...
LFG Queue check finished
Checking BG Queue...
BG Queue check finished
Checking LFG Queue...
LFG Queue check finished
Checking BG Queue...
BG Queue check finished
Checking LFG Queue...
LFG Queue check finished
Checking BG Queue...
BG Queue check finished
Checking LFG Queue...
LFG Queue check finished
Checking BG Queue...
BG Queue check finished
Checking LFG Queue...
LFG Queue check finished
Checking BG Queue...
BG Queue check finished
Checking LFG Queue...
LFG Queue check finished
Checking BG Queue...
BG Queue check finished
Checking LFG Queue...
LFG Queue check finished
Random Bots Stats: 0 online
Bots level:
Bots race:
Bots class:
Bots role:
    tank: 0, heal: 0, dps: 0
Bots status:
    Active: 0
    Moving: 0
    In flight: 0
    On mount: 0
    In combat: 0
    In BG: 0
    In Rest: 0
    Dead: 0
Bots rpg status:
    Idle: 0, Rest: 0, GoGrind: 0, GoCamp: 0, MoveRandom: 0, MoveNpc: 0, DoQuest: 0, TravelFlight: 0, OutdoorPvP: 0
Bots total quests:
    Accepted: 64, Rewarded: 1, Dropped: 83
Bots engine:
    Non-combat: 0, Combat: 0, Dead: 0
Checking BG Queue...
BG Queue check finished
Checking LFG Queue...
LFG Queue check finished
Checking BG Queue...
BG Queue check finished
Checking LFG Queue...
LFG Queue check finished
Checking BG Queue...
BG Queue check finished
Checking LFG Queue...
LFG Queue check finished
Checking BG Queue...
BG Queue check finished
Checking LFG Queue...
LFG Queue check finished
Checking BG Queue...
BG Queue check finished
Checking LFG Queue...
LFG Queue check finished
Checking BG Queue...
BG Queue check finished
Checking LFG Queue...
LFG Queue check finished
Checking BG Queue...
BG Queue check finished
Checking LFG Queue...
LFG Queue check finished
Random Bots Stats: 0 online
Bots level:
Bots race:
Bots class:
Bots role:
    tank: 0, heal: 0, dps: 0
Bots status:
    Active: 0
    Moving: 0
    In flight: 0
    On mount: 0
    In combat: 0
    In BG: 0
    In Rest: 0
    Dead: 0
Bots rpg status:
    Idle: 0, Rest: 0, GoGrind: 0, GoCamp: 0, MoveRandom: 0, MoveNpc: 0, DoQuest: 0, TravelFlight: 0, OutdoorPvP: 0
Bots total quests:
    Accepted: 64, Rewarded: 1, Dropped: 83
Bots engine:
    Non-combat: 0, Combat: 0, Dead: 0
Checking BG Queue...
BG Queue check finished
Checking LFG Queue...
LFG Queue check finished
Checking BG Queue...
BG Queue check finished
Checking LFG Queue...
LFG Queue check finished
Checking BG Queue...
BG Queue check finished
Checking LFG Queue...
LFG Queue check finished
Checking BG Queue...
BG Queue check finished
Checking LFG Queue...
LFG Queue check finished
Checking BG Queue...
BG Queue check finished
Checking LFG Queue...
LFG Queue check finished
Checking BG Queue...
BG Queue check finished
Checking LFG Queue...
LFG Queue check finished
Checking BG Queue...
BG Queue check finished
Checking LFG Queue...
LFG Queue check finished
Including non-random bot player Thor Cow into random bot update
46 new bots prepared to login
Checking BG Queue...
BG Queue check finished
[New RPG] Bot Paelaas select random inn keeper pos Map:1 X:-1045.2338 Y:-3666.1782 Z:24.4684 (3 available in 7)
[New RPG] Bot Paelaas select random grind pos Map:1 X:-1300 Y:-3050 Z:100 (14+178 available in 1091)
[New RPG] Bot Paelaas select random flight taxi node from:16227 (node 80) to:23 (1 available)
[New RPG] Bot Paelaas select random grind pos Map:1 X:-1100 Y:-2350 Z:100 (14+178 available in 1091)
Checking LFG Queue...
LFG Queue check finished
Random Bots Stats: 46 online
Bots level:
    10..19: 6 alliance, 4 horde
    20..29: 3 alliance, 3 horde
    30..39: 3 alliance, 2 horde
    40..49: 1 alliance, 2 horde
    50..59: 3 alliance, 3 horde
    60..69: 3 alliance, 5 horde
    70..79: 2 alliance, 3 horde
    80..80: 2 alliance, 1 horde
Bots race:
    Human: 5, avg lvl: 37.2
    Orc: 8, avg lvl: 45.3
    Dwarf: 4, avg lvl: 35.5
    Night Elf: 3, avg lvl: 32
    Undead: 3, avg lvl: 63.6
    Tauren: 4, avg lvl: 36.7
    Gnome: 3, avg lvl: 42.6
    Troll: 1, avg lvl: 64
    Goblin: 5, avg lvl: 51
    Blood Elf: 2, avg lvl: 45
    Draenei: 2, avg lvl: 35.5
    Worgen: 3, avg lvl: 59.6
    High Elf: 3, avg lvl: 47.6
Bots class:
    paladin: 46, avg lvl: 44.6
Bots role:
    tank: 0, heal: 0, dps: 46
Bots status:
    Active: 4
    Moving: 0
    In flight: 0
    On mount: 9
    In combat: 4
    In BG: 0
    In Rest: 11
    Dead: 2
Bots rpg status:
    Idle: 45, Rest: 0, GoGrind: 1, GoCamp: 0, MoveRandom: 0, MoveNpc: 0, DoQuest: 0, TravelFlight: 0, OutdoorPvP: 0
Bots total quests:
    Accepted: 64, Rewarded: 1, Dropped: 83
Bots engine:
    Non-combat: 39, Combat: 5, Dead: 2
Refreshing bot GUID Full: 0x000000000000015e Type: Player Low: 350 <Ysa>
Random teleporting bot Ysa for level 46 (12 locations available)
Random teleporting bot Ysa (level 46) to Map: 1 (Kalimdor) Zone: 15 (Dustwallow Marsh) Area: 496 (Brackenwall Village) ZoneLevel: 0 AreaLevel: 36 -3161.8943,-2908.4143,34.90897 (1/12 locations)
Bot #381 <Huflemak>: teleport for level and refresh
Refreshing bot GUID Full: 0x000000000000017d Type: Player Low: 381 <Huflemak>
Random teleporting bot Huflemak (level 39) to Map: 0 (Eastern Kingdoms) Zone: 3 (Badlands) Area: 340 (Kargath) ZoneLevel: 0 AreaLevel: 38 -6653.29,-2152.8635,245.40086 (1/8 locations)
Bot #326 <Kamig>: teleport for level and refresh
Refreshing bot GUID Full: 0x0000000000000146 Type: Player Low: 326 <Kamig>
Random teleporting bot Kamig (level 71) to Map: 571 (Northrend) Zone: 65 (Dragonblight) Area: 4152 (Moa'ki Harbor) ZoneLevel: 0 AreaLevel: 71 2781.73,922.69086,22.57265 (1/21 locations)
Mark bot Westorn as dead, will be revived in 105s.
Bot #378 <Truhlnush>: teleport for level and refresh
Refreshing bot GUID Full: 0x000000000000017a Type: Player Low: 378 <Truhlnush>
Random teleporting bot Truhlnush (level 75) to Map: 571 (Northrend) Zone: 4395 (Dalaran) Area: 4395 (Dalaran) ZoneLevel: 75 AreaLevel: 75 5629.558,693.17487,652.0428 (1/1 locations)
Bot #344 <Nelaedon>: teleport for level and refresh
Refreshing bot GUID Full: 0x0000000000000158 Type: Player Low: 344 <Nelaedon>
Random teleporting bot Nelaedon (level 32) to Map: 1 (Kalimdor) Zone: 331 (Ashenvale) Area: 415 (Astranaar) ZoneLevel: 0 AreaLevel: 20 2776.9197,-430.3474,116.63065 (1/5 locations)
[New RPG] Bot Dabdina select random inn keeper pos Map:571 X:5458.3022 Y:-2637.2583 Z:307.134 (2 available in 13)
[New RPG] Bot Dabdina select random grind pos Map:571 X:5200 Y:-3750 Z:350 (34+84 available in 1229)
[New RPG] Bot Dabdina select random flight taxi node from:28624 (node 307) to:304 (1 available)
[New RPG] Bot Dabdina select random grind pos Map:571 X:5850 Y:-3750 Z:350 (34+84 available in 1229)
[New RPG] Bot Eramir select random inn keeper pos Map:530 X:1052.6064 Y:7367.71 Z:40.1667 (3 available in 7)
[New RPG] Bot Eramir select random grind pos Map:530 X:-50 Y:7650 Z:0 (31+316 available in 1117)
[New RPG] Bot Eramir select random flight taxi node from:18788 (node 117) to:121 (1 available)
[New RPG] Bot Huflemak select random inn keeper pos Map:4294967295 X:0 Y:0 Z:0 (0 available in 8)
[New RPG] Bot Huflemak select random grind pos Map:0 X:-7100 Y:-2850 Z:250 (12+67 available in 597)
[New RPG] Bot Huflemak select random flight taxi node from:2861 (node 21) to:17 (1 available)
[New RPG] Bot Lucini select random inn keeper pos Map:1 X:6208.02 Y:-1948.3518 Z:572.081 (2 available in 7)
[New RPG] Bot Lucini select random grind pos Map:1 X:4950 Y:-450 Z:300 (12+129 available in 615)
[New RPG] Bot Lucini select random flight taxi node from:12578 (node 65) to:79 (1 available)
Checking BG Queue...
BG Queue check finished
Bot #377 <Ceale>: teleport for level and refresh
Refreshing bot GUID Full: 0x0000000000000179 Type: Player Low: 377 <Ceale>
Random teleporting bot Ceale (level 10) to Map: 530 (Outland) Zone: 3430 (Eversong Woods) Area: 3462 (Fairbreeze Village) ZoneLevel: 0 AreaLevel: 6 8703.977,-6641.833,72.79433 (4/10 locations)
Bot #403 <Dabdina>: teleport for level and refresh
Refreshing bot GUID Full: 0x0000000000000193 Type: Player Low: 403 <Dabdina>
Random teleporting bot Dabdina (level 80) to Map: 571 (Northrend) Zone: 66 (Zul'Drak) Area: 4275 (The Argent Stand) ZoneLevel: 76 AreaLevel: 75 5458.3022,-2637.2583,306.6006 (1/13 locations)
Bot #398 <Ireoh>: teleport for level and refresh
Refreshing bot GUID Full: 0x000000000000018e Type: Player Low: 398 <Ireoh>
Random teleporting bot Ireoh (level 14) to Map: 1 (Kalimdor) Zone: 17 (The Barrens) Area: 380 (The Crossroads) ZoneLevel: 0 AreaLevel: 15 -411.9045,-2646.682,96.27291 (2/5 locations)
Bot GUID Full: 0x0000000000000146 Type: Player Low: 326 A:71 <Kamig> auto released
Bot GUID Full: 0x0000000000000146 Type: Player Low: 326 A:71 <Kamig> releases spirit
[New RPG] Bot Nanolii select random inn keeper pos Map:4294967295 X:0 Y:0 Z:0 (0 available in 8)
[New RPG] Bot Nanolii select random grind pos Map:1 X:7850 Y:-4000 Z:700 (8+74 available in 1022)
[New RPG] Bot Nanolii select random flight taxi node from:11138 (node 52) to:73 (1 available)
Checking LFG Queue...
LFG Queue check finished
[New RPG] Bot Vidunuvoo select random inn keeper pos Map:4294967295 X:0 Y:0 Z:0 (0 available in 10)
[New RPG] Bot Vidunuvoo select random grind pos Map:0 X:-350 Y:-4200 Z:150 (1+91 available in 545)
[New RPG] Bot Vidunuvoo select random flight taxi node from:4314 (node 76) to:20 (1 available)
[New RPG] Bot Celda select random inn keeper pos Map:4294967295 X:0 Y:0 Z:0 (0 available in 11)
[New RPG] Bot Celda select random grind pos Map:4294967295 X:0 Y:0 Z:0 (0+0 available in 1229)
Bot GUID Full: 0x0000000000000180 Type: Player Low: 384 H:27 <Aleluun> auto released
Bot GUID Full: 0x0000000000000180 Type: Player Low: 384 H:27 <Aleluun> releases spirit
[New RPG] Bot Nileya select random inn keeper pos Map:530 X:-178.91858 Y:5526.9116 Z:29.9909 (1 available in 9)
[New RPG] Bot Nileya select random grind pos Map:530 X:300 Y:8150 Z:0 (48+263 available in 1222)
[New RPG] Bot Nileya select random flight taxi node from:18791 (node 118) to:141 (1 available)
Checking BG Queue...
BG Queue check finished
[New RPG] Nileya accept quest 9845
Including non-random bot player Female Heffer into random bot update
[New RPG] Bot Krunemuzz select random inn keeper pos Map:571 X:4592.4272 Y:-4233.931 Z:179.238 (1 available in 12)
[New RPG] Bot Krunemuzz select random grind pos Map:571 X:2850 Y:-1800 Z:50 (47+295 available in 1286)
[New RPG] Bot Krunemuzz select random flight taxi node from:26880 (node 253) to:310 (1 available)
[New RPG] Bot Landraran select random inn keeper pos Map:0 X:-5378.9497 Y:-2969.0193 Z:323.752 (1 available in 5)
[New RPG] Bot Landraran select random grind pos Map:0 X:-5100 Y:-2900 Z:350 (46+32 available in 1445)
[New RPG] Bot Landraran select random flight taxi node from:1572 (node 8) to:205 (1 available)
Checking LFG Queue...
LFG Queue check finished
[New RPG] Bot Mundibill select random inn keeper pos Map:4294967295 X:0 Y:0 Z:0 (0 available in 7)
[New RPG] Bot Mundibill select random grind pos Map:4294967295 X:0 Y:0 Z:0 (0+0 available in 673)
[New RPG] Bot Thekem select random inn keeper pos Map:0 X:2298.104 Y:-5340.945 Z:91.3799 (1 available in 7)
[New RPG] Bot Thekem select random grind pos Map:0 X:2300 Y:-4950 Z:100 (19+166 available in 800)
[New RPG] Bot Thekem select random flight taxi node from:12636 (node 68) to:70 (1 available)
[New RPG] Bot Thekem select random grind pos Map:0 X:2000 Y:-4200 Z:0 (19+166 available in 800)
Checking BG Queue...
BG Queue check finished
[New RPG] Krunemuzz accept quest 12794
[New RPG] Bot Dabdina select random inn keeper pos Map:571 X:5761.892 Y:-3557.8516 Z:387.633 (1 available in 13)
[New RPG] Bot Dabdina select random grind pos Map:571 X:6550 Y:-4000 Z:500 (0+115 available in 1229)
[New RPG] Bot Dabdina select random flight taxi node from:28623 (node 304) to:333 (1 available)
Checking LFG Queue...
LFG Queue check finished
[New RPG] Bot Gedsewe select random inn keeper pos Map:4294967295 X:0 Y:0 Z:0 (0 available in 6)
[New RPG] Bot Gedsewe select random grind pos Map:1 X:400 Y:-3400 Z:100 (1+83 available in 1210)
[New RPG] Bot Gedsewe select random flight taxi node from:3310 (node 23) to:25 (1 available)
Checking BG Queue...
BG Queue check finished
Mark bot Kamig as dead, will be revived in 139s.
Checking LFG Queue...
LFG Queue check finished
Refreshing bot GUID Full: 0x0000000000000180 Type: Player Low: 384 <Aleluun>
Random teleporting bot Aleluun for level 27 (4 locations available)
Random teleporting bot Aleluun (level 27) to Map: 1 (Kalimdor) Zone: 406 (Stonetalon Mountains) Area: 460 (Sun Rock Retreat) ZoneLevel: 0 AreaLevel: 20 897.84534,925.2238,106.30764 (1/4 locations)
[New RPG] Bot Cimlan select random inn keeper pos Map:571 X:3545.5303 Y:277.91348 Z:46.1634 (2 available in 24)
[New RPG] Bot Cimlan select random grind pos Map:571 X:3600 Y:500 Z:50 (0+218 available in 2696)
[New RPG] Bot Cimlan select random flight taxi node from:28674 (node 310) to:226 (1 available)
Checking BG Queue...
BG Queue check finished
Bot #309 <Bengren>: teleport for level and refresh
Refreshing bot GUID Full: 0x0000000000000135 Type: Player Low: 309 <Bengren>
Random teleporting bot Bengren (level 31) to Map: 0 (Eastern Kingdoms) Zone: 1537 (Ironforge) Area: 1537 (Ironforge) ZoneLevel: 10 AreaLevel: 10 -4899.334,-999.9319,503.9904 (1/1 locations)
[New RPG] Bot Damaderon select random inn keeper pos Map:4294967295 X:0 Y:0 Z:0 (0 available in 18)
[New RPG] Bot Damaderon select random grind pos Map:4294967295 X:0 Y:0 Z:0 (0+0 available in 2452)
[New RPG] Bot Damaderon select random flight taxi node from:1573 (node 6) to:213 (1 available)
[New RPG] Bot Shuhma select random inn keeper pos Map:4294967295 X:0 Y:0 Z:0 (0 available in 19)
[New RPG] Bot Shuhma select random grind pos Map:530 X:-2800 Y:4750 Z:0 (27+95 available in 2088)
[New RPG] Bot Shuhma select random flight taxi node from:18807 (node 127) to:128 (1 available)
[New RPG] Bot Shuhma select random flight taxi node from:18807 (node 127) to:120 (1 available)
[New RPG] Bot Cihwamio select random inn keeper pos Map:4294967295 X:0 Y:0 Z:0 (0 available in 8)
[New RPG] Bot Cihwamio select random grind pos Map:4294967295 X:0 Y:0 Z:0 (0+0 available in 747)
[New RPG] Bot Cihwamio select random flight taxi node from:2995 (node 22) to:53 (1 available)
[New RPG] Bot Cihwamio select random flight taxi node from:2995 (node 22) to:79 (1 available)
Checking LFG Queue...
LFG Queue check finished
Checking BG Queue...
BG Queue check finished
[New RPG] Bot Nelaedon select random inn keeper pos Map:4294967295 X:0 Y:0 Z:0 (0 available in 5)
[New RPG] Bot Nelaedon select random grind pos Map:1 X:2000 Y:-2600 Z:100 (0+22 available in 457)
[New RPG] Bot Nelaedon select random flight taxi node from:4267 (node 28) to:167 (1 available)
[New RPG] Bot Nelaedon select random flight taxi node from:4267 (node 28) to:167 (1 available)
[New RPG] Bot Dresera select random inn keeper pos Map:530 X:-4133.0415 Y:-12472.458 Z:44.6849 (1 available in 9)
[New RPG] Bot Dresera select random grind pos Map:530 X:-2900 Y:-12450 Z:0 (25+264 available in 1881)
[New RPG] Bot Dresera select random inn keeper pos Map:530 X:-4133.0415 Y:-12472.458 Z:44.6849 (1 available in 9)
[New RPG] Bot Ainimdi select random inn keeper pos Map:0 X:-10649.106 Y:1163.9579 Z:35.0653 (1 available in 5)
[New RPG] Bot Ainimdi select random grind pos Map:0 X:-10350 Y:1300 Z:50 (54+119 available in 1239)
[New RPG] Bot Ainimdi select random flight taxi node from:523 (node 4) to:8 (1 available)
[New RPG] Bot Ceale select random inn keeper pos Map:530 X:9476.128 Y:-6854.2715 Z:17.9246 (1 available in 10)
[New RPG] Bot Ceale select random grind pos Map:530 X:9050 Y:-6950 Z:0 (31+124 available in 1881)
Checking LFG Queue...
LFG Queue check finished
Refreshing bot GUID Full: 0x000000000000014f Type: Player Low: 335 <Westorn>
Random teleporting bot Westorn for level 40 (5 locations available)
Random teleporting bot Westorn (level 40) to Map: 1 (Kalimdor) Zone: 357 (Feralas) Area: 1116 (Feathermoon Stronghold) ZoneLevel: 0 AreaLevel: 0 -4376.593,3289.6245,13.60539 (1/5 locations)
[New RPG] Bot Tepan select random inn keeper pos Map:0 X:-10519.146 Y:-1165.0957 Z:28.6161 (1 available in 5)
[New RPG] Bot Tepan select random grind pos Map:0 X:-10900 Y:-950 Z:50 (19+64 available in 449)
[New RPG] Bot Tepan select random flight taxi node from:2409 (node 12) to:7 (1 available)
[New RPG] Bot Tepan select random flight taxi node from:2409 (node 12) to:7 (1 available)
Checking BG Queue...
BG Queue check finished
Bot GUID Full: 0x000000000000013f Type: Player Low: 319 A:14 <Ainimdi> auto released
Bot GUID Full: 0x000000000000013f Type: Player Low: 319 A:14 <Ainimdi> releases spirit
Checking LFG Queue...
LFG Queue check finished
Mark bot Ainimdi as dead, will be revived in 251s.
[New RPG] Bot Truhlnush select random inn keeper pos Map:4294967295 X:0 Y:0 Z:0 (0 available in 13)
[New RPG] Bot Truhlnush select random grind pos Map:4294967295 X:0 Y:0 Z:0 (0+0 available in 1286)
Checking BG Queue...
BG Queue check finished
Random Bots Stats: 46 online
Bots level:
    10..19: 6 alliance, 4 horde
    20..29: 3 alliance, 3 horde
    30..39: 3 alliance, 2 horde
    40..49: 1 alliance, 2 horde
    50..59: 3 alliance, 3 horde
    60..69: 3 alliance, 5 horde
    70..79: 2 alliance, 3 horde
    80..80: 2 alliance, 1 horde
Bots race:
    Human: 5, avg lvl: 37.2
    Orc: 8, avg lvl: 45.3
    Dwarf: 4, avg lvl: 35.5
    Night Elf: 3, avg lvl: 32
    Undead: 3, avg lvl: 63.6
    Tauren: 4, avg lvl: 36.7
    Gnome: 3, avg lvl: 42.6
    Troll: 1, avg lvl: 64
    Goblin: 5, avg lvl: 51
    Blood Elf: 2, avg lvl: 45
    Draenei: 2, avg lvl: 35.5
    Worgen: 3, avg lvl: 59.6
    High Elf: 3, avg lvl: 47.6
Bots class:
    paladin: 46, avg lvl: 44.6
Bots role:
    tank: 0, heal: 0, dps: 46
Bots status:
    Active: 0
    Moving: 5
    In flight: 4
    On mount: 16
    In combat: 0
    In BG: 0
    In Rest: 10
    Dead: 2
Bots rpg status:
    Idle: 22, Rest: 2, GoGrind: 2, GoCamp: 1, MoveRandom: 0, MoveNpc: 8, DoQuest: 7, TravelFlight: 4, OutdoorPvP: 0
Bots total quests:
    Accepted: 66, Rewarded: 1, Dropped: 83
Bots engine:
    Non-combat: 42, Combat: 2, Dead: 2
Checking LFG Queue...
LFG Queue check finished
Checking BG Queue...
BG Queue check finished
[New RPG] Bot Dranon select random inn keeper pos Map:1 X:-4624.941 Y:-3176.2188 Z:41.8244 (2 available in 4)
[New RPG] Bot Dranon select random grind pos Map:1 X:-4100 Y:-4550 Z:0 (10+71 available in 654)
[New RPG] Bot Dranon select random flight taxi node from:4321 (node 32) to:37 (1 available)
[New RPG] Bot Vahaa select random inn keeper pos Map:4294967295 X:0 Y:0 Z:0 (0 available in 13)
[New RPG] Bot Vahaa select random grind pos Map:4294967295 X:0 Y:0 Z:0 (0+0 available in 1286)
Checking LFG Queue...
LFG Queue check finished
[New RPG] Bot Keahgevun select random inn keeper pos Map:4294967295 X:0 Y:0 Z:0 (0 available in 6)
[New RPG] Bot Keahgevun select random grind pos Map:4294967295 X:0 Y:0 Z:0 (0+0 available in 583)
Checking BG Queue...
BG Queue check finished
Checking LFG Queue...
LFG Queue check finished
Checking BG Queue...
BG Queue check finished
Checking LFG Queue...
LFG Queue check finished
Refreshing bot GUID Full: 0x0000000000000146 Type: Player Low: 326 <Kamig>
Random teleporting bot Kamig for level 71 (21 locations available)
Random teleporting bot Kamig (level 71) to Map: 530 (Outland) Zone: 3522 (Blade's Edge Mountains) Area: 3918 (Toshley's Station) ZoneLevel: 0 AreaLevel: 65 1942.1268,5542.0635,266.87067 (1/21 locations)
Bot Cihwamio logging out
Bot Bengren logging out
Bot Flostee logging out
Bot Damaderon logging out
Bot Mydas logging out
Bot Ainimdi logging out
Bot Bily logging out
Bot Eramir logging out
Bot Kamig logging out
Bot Celda logging out
Bot Nileya logging out
Bot Aseanna logging out
Bot Tepan logging out
Bot Charonald logging out
Bot Westorn logging out
Bot Nanolii logging out
Bot Keahgevun logging out
Bot Lucini logging out
Bot Nelaedon logging out
Bot Gedsewe logging out
Bot Ysa logging out
Bot Vahaa logging out
Bot Cimlan logging out
Bot Shuhma logging out
Bot Shahge logging out
Bot Vidunuvoo logging out
Bot Thekem logging out
Bot Dresera logging out
Bot Westerren logging out
Bot Paelaas logging out
Bot Ceale logging out
Bot Truhlnush logging out
Bot Huflemak logging out
Bot Krunemuzz logging out
Bot Aleluun logging out
Bot Helriel logging out
Bot Beawi logging out
Bot Babine logging out
Bot Ellaro logging out
Bot Landraran logging out
Bot Pirlish logging out
Bot Mundibill logging out
Bot Ireoh logging out
Bot Dranon logging out
Bot Gucli logging out
Bot Dabdina logging out
Logout all bots due no real player session.
Checking BG Queue...
BG Queue check finished
Skipping invalid operation: BotLogoutGroupCleanup
Skipping invalid operation: BotLogoutGroupCleanup
Skipping invalid operation: BotLogoutGroupCleanup
Skipping invalid operation: BotLogoutGroupCleanup
Skipping invalid operation: BotLogoutGroupCleanup
Skipping invalid operation: BotLogoutGroupCleanup
Skipping invalid operation: BotLogoutGroupCleanup
Skipping invalid operation: BotLogoutGroupCleanup
Skipping invalid operation: BotLogoutGroupCleanup
Skipping invalid operation: BotLogoutGroupCleanup
Skipping invalid operation: BotLogoutGroupCleanup
Skipping invalid operation: BotLogoutGroupCleanup
Skipping invalid operation: BotLogoutGroupCleanup
Skipping invalid operation: BotLogoutGroupCleanup
Skipping invalid operation: BotLogoutGroupCleanup
Skipping invalid operation: BotLogoutGroupCleanup
Skipping invalid operation: BotLogoutGroupCleanup
Skipping invalid operation: BotLogoutGroupCleanup
Skipping invalid operation: BotLogoutGroupCleanup
Skipping invalid operation: BotLogoutGroupCleanup
Skipping invalid operation: BotLogoutGroupCleanup
Skipping invalid operation: BotLogoutGroupCleanup
Skipping invalid operation: BotLogoutGroupCleanup
Skipping invalid operation: BotLogoutGroupCleanup
Skipping invalid operation: BotLogoutGroupCleanup
Skipping invalid operation: BotLogoutGroupCleanup
Skipping invalid operation: BotLogoutGroupCleanup
Skipping invalid operation: BotLogoutGroupCleanup
Skipping invalid operation: BotLogoutGroupCleanup
Skipping invalid operation: BotLogoutGroupCleanup
Skipping invalid operation: BotLogoutGroupCleanup
Skipping invalid operation: BotLogoutGroupCleanup
Skipping invalid operation: BotLogoutGroupCleanup
Skipping invalid operation: BotLogoutGroupCleanup
Skipping invalid operation: BotLogoutGroupCleanup
Skipping invalid operation: BotLogoutGroupCleanup
Skipping invalid operation: BotLogoutGroupCleanup
Skipping invalid operation: BotLogoutGroupCleanup
Skipping invalid operation: BotLogoutGroupCleanup
Skipping invalid operation: BotLogoutGroupCleanup
Skipping invalid operation: BotLogoutGroupCleanup
Skipping invalid operation: BotLogoutGroupCleanup
Skipping invalid operation: BotLogoutGroupCleanup
Skipping invalid operation: BotLogoutGroupCleanup
Skipping invalid operation: BotLogoutGroupCleanup
Skipping invalid operation: BotLogoutGroupCleanup
Checking LFG Queue...
LFG Queue check finished
Checking BG Queue...
BG Queue check finished
Checking LFG Queue...
LFG Queue check finished
Checking BG Queue...
BG Queue check finished
Checking LFG Queue...
LFG Queue check finished
Checking BG Queue...
BG Queue check finished
Checking LFG Queue...
LFG Queue check finished
Random Bots Stats: 0 online
Bots level:
Bots race:
Bots class:
Bots role:
    tank: 0, heal: 0, dps: 0
Bots status:
    Active: 0
    Moving: 0
    In flight: 0
    On mount: 0
    In combat: 0
    In BG: 0
    In Rest: 0
    Dead: 0
Bots rpg status:
    Idle: 0, Rest: 0, GoGrind: 0, GoCamp: 0, MoveRandom: 0, MoveNpc: 0, DoQuest: 0, TravelFlight: 0, OutdoorPvP: 0
Bots total quests:
    Accepted: 66, Rewarded: 1, Dropped: 83
Bots engine:
    Non-combat: 0, Combat: 0, Dead: 0
Checking BG Queue...
BG Queue check finished
Checking LFG Queue...
LFG Queue check finished
Checking BG Queue...
BG Queue check finished
Checking LFG Queue...
LFG Queue check finished
Checking BG Queue...
BG Queue check finished
Checking LFG Queue...
LFG Queue check finished
Checking BG Queue...
BG Queue check finished
Checking LFG Queue...
LFG Queue check finished
Including non-random bot player New Moo into random bot update
Checking BG Queue...
BG Queue check finished
46 new bots prepared to login
[New RPG] Bot Gedsewe select random inn keeper pos Map:4294967295 X:0 Y:0 Z:0 (0 available in 6)
[New RPG] Bot Gedsewe select random grind pos Map:1 X:1350 Y:-3550 Z:100 (1+85 available in 1210)
[New RPG] Bot Gedsewe select random flight taxi node from:3310 (node 23) to:80 (1 available)
[New RPG] Bot Gedsewe select random grind pos Map:1 X:1450 Y:-4700 Z:0 (1+85 available in 1210)
[New RPG] Bot Tepan select random inn keeper pos Map:4294967295 X:0 Y:0 Z:0 (0 available in 5)
[New RPG] Bot Tepan select random grind pos Map:4294967295 X:0 Y:0 Z:0 (0+0 available in 449)
[New RPG] Bot Huflemak select random inn keeper pos Map:0 X:-6653.29 Y:-2152.8635 Z:245.934 (1 available in 8)
[New RPG] Bot Huflemak select random grind pos Map:0 X:-6450 Y:-3400 Z:250 (20+59 available in 597)
[New RPG] Bot Huflemak select random flight taxi node from:2861 (node 21) to:17 (1 available)
[New RPG] Bot Huflemak select random flight taxi node from:2861 (node 21) to:18 (1 available)
Checking LFG Queue...
LFG Queue check finished
[New RPG] Bot Ceale select random inn keeper pos Map:530 X:9476.128 Y:-6854.2715 Z:17.9246 (2 available in 10)
[New RPG] Bot Ceale select random grind pos Map:530 X:8450 Y:-7000 Z:100 (31+124 available in 1881)
[New RPG] Bot Ceale select random grind pos Map:530 X:9100 Y:-6950 Z:0 (31+124 available in 1881)
Including non-random bot player Mecha Gnome into random bot update
Checking BG Queue...
BG Queue check finished
Refreshing bot GUID Full: 0x000000000000013f Type: Player Low: 319 <Ainimdi>
Random teleporting bot Ainimdi for level 14 (5 locations available)
Random teleporting bot Ainimdi (level 14) to Map: 0 (Eastern Kingdoms) Zone: 38 (Loch Modan) Area: 2101 (Stoutlager Inn) ZoneLevel: 0 AreaLevel: 0 -5378.9497,-2969.0193,322.1077 (2/5 locations)
[New RPG] Bot Aseanna select random inn keeper pos Map:1 X:-1045.2338 Y:-3666.1782 Z:24.4684 (1 available in 5)
[New RPG] Bot Aseanna select random grind pos Map:1 X:-800 Y:-3850 Z:0 (8+220 available in 1445)
[New RPG] Bot Aseanna select random flight taxi node from:16227 (node 80) to:26 (1 available)
[New RPG] Bot Aseanna select random inn keeper pos Map:1 X:-1045.2338 Y:-3666.1782 Z:24.4684 (1 available in 5)
[New RPG] Bot Aseanna select random grind pos Map:1 X:-1750 Y:-3750 Z:0 (8+220 available in 1445)
[New RPG] Bot Aseanna select random flight taxi node from:16227 (node 80) to:26 (1 available)
[New RPG] Bot Tepan select random inn keeper pos Map:4294967295 X:0 Y:0 Z:0 (0 available in 5)
[New RPG] Bot Tepan select random grind pos Map:4294967295 X:0 Y:0 Z:0 (0+0 available in 449)
Checking LFG Queue...
LFG Queue check finished
[New RPG] Bot Vidunuvoo select random inn keeper pos Map:0 X:-618.43634 Y:-4586.873 Z:12.2704 (1 available in 10)
[New RPG] Bot Vidunuvoo select random grind pos Map:0 X:0 Y:-3250 Z:100 (2+90 available in 545)
[New RPG] Bot Vidunuvoo select random flight taxi node from:4314 (node 76) to:11 (1 available)
[New RPG] Bot Shahge select random inn keeper pos Map:1 X:897.84534 Y:925.2238 Z:106.864 (1 available in 4)
[New RPG] Bot Shahge select random grind pos Map:1 X:500 Y:1600 Z:0 (21+1 available in 449)
[New RPG] Bot Shahge select random inn keeper pos Map:1 X:897.84534 Y:925.2238 Z:106.864 (1 available in 4)
[New RPG] Bot Westorn select random inn keeper pos Map:4294967295 X:0 Y:0 Z:0 (0 available in 5)
[New RPG] Bot Westorn select random grind pos Map:1 X:-4600 Y:3500 Z:0 (5+1 available in 517)
[New RPG] Bot Westorn select random flight taxi node from:8019 (node 41) to:31 (1 available)
[New RPG] Bot Pirlish select random inn keeper pos Map:4294967295 X:0 Y:0 Z:0 (0 available in 7)
[New RPG] Bot Pirlish select random grind pos Map:0 X:-50 Y:250 Z:50 (0+77 available in 615)
[New RPG] Bot Pirlish select random flight taxi node from:4551 (node 11) to:18 (1 available)
Checking BG Queue...
BG Queue check finished
[New RPG] Bot Dranon select random inn keeper pos Map:1 X:-4624.941 Y:-3176.2188 Z:41.8244 (2 available in 4)
[New RPG] Bot Dranon select random grind pos Map:1 X:-3450 Y:-4100 Z:0 (10+71 available in 654)
[New RPG] Bot Dranon select random flight taxi node from:4321 (node 32) to:37 (1 available)
Including non-random bot player Zach into random bot update
Checking LFG Queue...
LFG Queue check finished
[New RPG] Bot Ellaro select random inn keeper pos Map:0 X:-9467.633 Y:16.714157 Z:57.5459 (2 available in 9)
[New RPG] Bot Ellaro select random grind pos Map:0 X:-9750 Y:-1250 Z:50 (1+180 available in 1725)
[New RPG] Bot Ellaro select random flight taxi node from:352 (node 2) to:8 (1 available)
[New RPG] Bot Damaderon select random inn keeper pos Map:4294967295 X:0 Y:0 Z:0 (0 available in 18)
[New RPG] Bot Damaderon select random grind pos Map:4294967295 X:0 Y:0 Z:0 (0+0 available in 2452)
[New RPG] Bot Damaderon select random flight taxi node from:1573 (node 6) to:213 (1 available)
[New RPG] Bot Damaderon select random flight taxi node from:1573 (node 6) to:213 (1 available)
Checking BG Queue...
BG Queue check finished
[New RPG] Bot Westerren select random inn keeper pos Map:571 X:437.74115 Y:-4555.378 Z:246.209 (4 available in 19)
[New RPG] Bot Westerren select random grind pos Map:571 X:900 Y:-4100 Z:150 (40+433 available in 2452)
[New RPG] Bot Westerren select random flight taxi node from:24155 (node 190) to:258 (1 available)
[New RPG] Bot Shuhma select random inn keeper pos Map:4294967295 X:0 Y:0 Z:0 (0 available in 19)
[New RPG] Bot Shuhma select random grind pos Map:530 X:-1500 Y:7400 Z:0 (45+321 available in 2088)
[New RPG] Bot Shuhma select random flight taxi node from:18808 (node 120) to:139 (1 available)
[New RPG] Bot Shuhma select random grind pos Map:530 X:-1000 Y:7350 Z:50 (45+321 available in 2088)
[New RPG] Bot Mydas select random inn keeper pos Map:1 X:-6115.034 Y:-1142.5419 Z:-186.366 (1 available in 12)
[New RPG] Bot Mydas select random grind pos Map:1 X:-6550 Y:-1700 Z:-250 (9+70 available in 610)
[New RPG] Bot Mydas select random flight taxi node from:10583 (node 79) to:39 (1 available)
Checking LFG Queue...
LFG Queue check finished
Random Bots Stats: 46 online
Bots level:
    10..19: 6 alliance, 4 horde
    20..29: 3 alliance, 3 horde
    30..39: 3 alliance, 2 horde
    40..49: 1 alliance, 2 horde
    50..59: 3 alliance, 3 horde
    60..69: 3 alliance, 5 horde
    70..79: 2 alliance, 3 horde
    80..80: 2 alliance, 1 horde
Bots race:
    Human: 5, avg lvl: 37.2
    Orc: 8, avg lvl: 45.3
    Dwarf: 4, avg lvl: 35.5
    Night Elf: 3, avg lvl: 32
    Undead: 3, avg lvl: 63.6
    Tauren: 4, avg lvl: 36.7
    Gnome: 3, avg lvl: 42.6
    Troll: 1, avg lvl: 64
    Goblin: 5, avg lvl: 51
    Blood Elf: 2, avg lvl: 45
    Draenei: 2, avg lvl: 35.5
    Worgen: 3, avg lvl: 59.6
    High Elf: 3, avg lvl: 47.6
Bots class:
    paladin: 46, avg lvl: 44.6
Bots role:
    tank: 0, heal: 0, dps: 46
Bots status:
    Active: 3
    Moving: 3
    In flight: 2
    On mount: 15
    In combat: 1
    In BG: 0
    In Rest: 9
    Dead: 1
Bots rpg status:
    Idle: 32, Rest: 0, GoGrind: 3, GoCamp: 1, MoveRandom: 0, MoveNpc: 4, DoQuest: 4, TravelFlight: 2, OutdoorPvP: 0
Bots total quests:
    Accepted: 66, Rewarded: 1, Dropped: 83
Bots engine:
    Non-combat: 43, Combat: 2, Dead: 1
Bot GUID Full: 0x000000000000014b Type: Player Low: 331 A:13 <Aseanna> auto released
Bot GUID Full: 0x000000000000014b Type: Player Low: 331 A:13 <Aseanna> releases spirit
Checking BG Queue...
BG Queue check finished
[New RPG] Bot Bily select random inn keeper pos Map:4294967295 X:0 Y:0 Z:0 (0 available in 11)
[New RPG] Bot Bily select random grind pos Map:4294967295 X:0 Y:0 Z:0 (0+0 available in 1229)
Checking LFG Queue...
LFG Queue check finished
[New RPG] Bot Krunemuzz select random inn keeper pos Map:571 X:4592.4272 Y:-4233.931 Z:179.238 (2 available in 12)
[New RPG] Bot Krunemuzz select random grind pos Map:571 X:3900 Y:-2550 Z:200 (50+299 available in 1286)
[New RPG] Bot Krunemuzz select random flight taxi node from:26880 (node 253) to:308 (1 available)
Bot GUID Full: 0x000000000000014b Type: Player Low: 331 A:13 <Aseanna> revives at body
Checking BG Queue...
BG Queue check finished
Including non-random bot player Zach into random bot update
[New RPG] Bot Celda select random inn keeper pos Map:4294967295 X:0 Y:0 Z:0 (0 available in 11)
[New RPG] Bot Celda select random grind pos Map:4294967295 X:0 Y:0 Z:0 (0+0 available in 1229)
Bot GUID Full: 0x000000000000014f Type: Player Low: 335 A:40 <Westorn> auto released
Bot GUID Full: 0x000000000000014f Type: Player Low: 335 A:40 <Westorn> releases spirit
Bot GUID Full: 0x000000000000014b Type: Player Low: 331 A:13 <Aseanna> auto released
Bot GUID Full: 0x000000000000014b Type: Player Low: 331 A:13 <Aseanna> releases spirit
Bot GUID Full: 0x000000000000014b Type: Player Low: 331 A:13 <Aseanna> revives at body
Checking LFG Queue...
LFG Queue check finished
Mark bot Westorn as dead, will be revived in 241s.
Bot #332 <Tepan>: teleport for level and refresh
Refreshing bot GUID Full: 0x000000000000014c Type: Player Low: 332 <Tepan>
Random teleporting bot Tepan (level 29) to Map: 1 (Kalimdor) Zone: 406 (Stonetalon Mountains) Area: 467 (Stonetalon Peak) ZoneLevel: 0 AreaLevel: 25 2726.8015,1494.2,238.548 (1/5 locations)
[New RPG] Bot Truhlnush select random inn keeper pos Map:4294967295 X:0 Y:0 Z:0 (0 available in 13)
[New RPG] Bot Truhlnush select random grind pos Map:4294967295 X:0 Y:0 Z:0 (0+0 available in 1286)
[New RPG] Bot Nanolii select random inn keeper pos Map:4294967295 X:0 Y:0 Z:0 (0 available in 8)
[New RPG] Bot Nanolii select random grind pos Map:1 X:7500 Y:-4800 Z:700 (8+74 available in 1022)
[New RPG] Bot Nanolii select random flight taxi node from:11138 (node 52) to:73 (1 available)
Bot GUID Full: 0x0000000000000175 Type: Player Low: 373 H:69 <Westerren> auto released
Bot GUID Full: 0x0000000000000175 Type: Player Low: 373 H:69 <Westerren> releases spirit
[New RPG] Nanolii accept quest 6604
Checking BG Queue...
BG Queue check finished
Mark bot Aseanna as dead, will be revived in 284s.
[New RPG] Bot Nelaedon select random inn keeper pos Map:4294967295 X:0 Y:0 Z:0 (0 available in 5)
[New RPG] Bot Nelaedon select random grind pos Map:1 X:3050 Y:-2800 Z:200 (6+30 available in 457)
[New RPG] Bot Nelaedon select random grind pos Map:1 X:1450 Y:-2800 Z:150 (6+30 available in 457)
Checking LFG Queue...
LFG Queue check finished
Checking BG Queue...
BG Queue check finished
Bot GUID Full: 0x0000000000000165 Type: Player Low: 357 H:68 <Shuhma> auto released
Bot GUID Full: 0x0000000000000165 Type: Player Low: 357 H:68 <Shuhma> releases spirit
Bot GUID Full: 0x0000000000000165 Type: Player Low: 357 H:68 <Shuhma> revives at body
Bot GUID Full: 0x0000000000000165 Type: Player Low: 357 H:68 <Shuhma> revives at body
Checking LFG Queue...
LFG Queue check finished
Mark bot Westerren as dead, will be revived in 171s.
Bot GUID Full: 0x0000000000000165 Type: Player Low: 357 H:68 <Shuhma> revives at body
Bot GUID Full: 0x0000000000000165 Type: Player Low: 357 H:68 <Shuhma> revives at body
[New RPG] Bot Beawi select random inn keeper pos Map:4294967295 X:0 Y:0 Z:0 (0 available in 9)
[New RPG] Bot Beawi select random grind pos Map:4294967295 X:0 Y:0 Z:0 (0+0 available in 1145)
[New RPG] Bot Babine select random inn keeper pos Map:4294967295 X:0 Y:0 Z:0 (0 available in 7)
[New RPG] Bot Babine select random grind pos Map:0 X:2100 Y:-5200 Z:100 (19+163 available in 800)
[New RPG] Bot Babine select random flight taxi node from:12636 (node 68) to:70 (1 available)
[New RPG] Bot Babine select random grind pos Map:0 X:2700 Y:-3450 Z:100 (19+163 available in 800)
Bot GUID Full: 0x0000000000000165 Type: Player Low: 357 H:68 <Shuhma> revives at body
Bot GUID Full: 0x0000000000000165 Type: Player Low: 357 H:68 <Shuhma> revives at body
Bot GUID Full: 0x0000000000000165 Type: Player Low: 357 H:68 <Shuhma> revives at body
[New RPG] Babine accept quest 9141
[New RPG] Bot Ainimdi select random inn keeper pos Map:4294967295 X:0 Y:0 Z:0 (0 available in 5)
[New RPG] Bot Ainimdi select random grind pos Map:0 X:-4950 Y:-2950 Z:300 (37+53 available in 1239)
[New RPG] Bot Ainimdi select random flight taxi node from:1572 (node 8) to:6 (1 available)
[New RPG] Bot Ainimdi select random grind pos Map:0 X:-5800 Y:-4050 Z:400 (37+53 available in 1239)
Bot GUID Full: 0x000000000000014f Type: Player Low: 335 A:40 <Westorn> revives at body
Checking BG Queue...
BG Queue check finished
Including non-random bot player Female Heffer into random bot update
Checking LFG Queue...
LFG Queue check finished
[New RPG] Bot Nileya select random inn keeper pos Map:530 X:-178.91858 Y:5526.9116 Z:29.9909 (2 available in 9)
[New RPG] Bot Nileya select random grind pos Map:530 X:450 Y:8200 Z:0 (44+270 available in 1222)
[New RPG] Bot Nileya select random flight taxi node from:18791 (node 118) to:120 (1 available)
[New RPG] Bot Nileya select random flight taxi node from:18791 (node 118) to:128 (1 available)
[New RPG] Bot Keahgevun select random inn keeper pos Map:4294967295 X:0 Y:0 Z:0 (0 available in 6)
[New RPG] Bot Keahgevun select random grind pos Map:4294967295 X:0 Y:0 Z:0 (0+0 available in 583)
Checking BG Queue...
BG Queue check finished
[New RPG] Bot Bengren select random inn keeper pos Map:4294967295 X:0 Y:0 Z:0 (0 available in 4)
[New RPG] Bot Bengren select random grind pos Map:0 X:-2950 Y:-950 Z:0 (0+22 available in 445)
[New RPG] Bot Bengren select random flight taxi node from:1573 (node 6) to:14 (1 available)
[New RPG] Bot Bengren select random grind pos Map:0 X:-3400 Y:-2450 Z:50 (0+22 available in 445)
[New RPG] Bot Thekem select random inn keeper pos Map:0 X:2298.104 Y:-5340.945 Z:91.3799 (1 available in 7)
[New RPG] Bot Thekem select random grind pos Map:0 X:2200 Y:-5050 Z:50 (19+166 available in 800)
[New RPG] Bot Thekem select random flight taxi node from:12636 (node 68) to:70 (1 available)
Checking LFG Queue...
LFG Queue check finished
Checking BG Queue...
BG Queue check finished
[New RPG] Bot Mydas select random inn keeper pos Map:1 X:-6115.034 Y:-1142.5419 Z:-186.366 (1 available in 12)
[New RPG] Bot Mydas select random grind pos Map:1 X:-6700 Y:-1550 Z:-250 (9+70 available in 610)
Checking LFG Queue...
LFG Queue check finished
Mark bot Shuhma as dead, will be revived in 81s.
[New RPG] Bot Aleluun select random inn keeper pos Map:4294967295 X:0 Y:0 Z:0 (0 available in 4)
[New RPG] Bot Aleluun select random grind pos Map:1 X:950 Y:1650 Z:0 (0+51 available in 602)
[New RPG] Bot Aleluun select random flight taxi node from:4312 (node 29) to:22 (1 available)
[New RPG] Bot Aleluun select random grind pos Map:1 X:2350 Y:1600 Z:300 (0+51 available in 602)
Checking BG Queue...
BG Queue check finished
Bot GUID Full: 0x000000000000014f Type: Player Low: 335 A:40 <Westorn> auto released
Bot GUID Full: 0x000000000000014f Type: Player Low: 335 A:40 <Westorn> releases spirit
Checking LFG Queue...
LFG Queue check finished
Random Bots Stats: 46 online
Bots level:
    10..19: 6 alliance, 4 horde
    20..29: 3 alliance, 3 horde
    30..39: 3 alliance, 2 horde
    40..49: 1 alliance, 2 horde
    50..59: 3 alliance, 3 horde
    60..69: 3 alliance, 5 horde
    70..79: 2 alliance, 3 horde
    80..80: 2 alliance, 1 horde
Bots race:
    Human: 5, avg lvl: 37.2
    Orc: 8, avg lvl: 45.3
    Dwarf: 4, avg lvl: 35.5
    Night Elf: 3, avg lvl: 32
    Undead: 3, avg lvl: 63.6
    Tauren: 4, avg lvl: 36.7
    Gnome: 3, avg lvl: 42.6
    Troll: 1, avg lvl: 64
    Goblin: 5, avg lvl: 51
    Blood Elf: 2, avg lvl: 45
    Draenei: 2, avg lvl: 35.5
    Worgen: 3, avg lvl: 59.6
    High Elf: 3, avg lvl: 47.6
Bots class:
    paladin: 46, avg lvl: 44.6
Bots role:
    tank: 0, heal: 0, dps: 46
Bots status:
    Active: 1
    Moving: 3
    In flight: 1
    On mount: 13
    In combat: 1
    In BG: 0
    In Rest: 9
    Dead: 4
Bots rpg status:
    Idle: 18, Rest: 1, GoGrind: 8, GoCamp: 1, MoveRandom: 0, MoveNpc: 8, DoQuest: 7, TravelFlight: 3, OutdoorPvP: 0
Bots total quests:
    Accepted: 68, Rewarded: 1, Dropped: 83
Bots engine:
    Non-combat: 41, Combat: 1, Dead: 4
Checking BG Queue...
BG Queue check finished
[New RPG] Bot Ireoh select random inn keeper pos Map:1 X:-2373.846 Y:-1991.367 Z:97.2881 (2 available in 5)
[New RPG] Bot Ireoh select random grind pos Map:1 X:-850 Y:-2750 Z:100 (34+252 available in 1239)
[New RPG] Bot Ireoh select random flight taxi node from:3615 (node 25) to:80 (1 available)
Bot GUID Full: 0x000000000000014f Type: Player Low: 335 A:40 <Westorn> revives at body
Bot GUID Full: 0x000000000000014f Type: Player Low: 335 A:40 <Westorn> revives at body
Checking LFG Queue...
LFG Queue check finished
Bot GUID Full: 0x000000000000014f Type: Player Low: 335 A:40 <Westorn> revives at body
Bot GUID Full: 0x000000000000014f Type: Player Low: 335 A:40 <Westorn> revives at body
[New RPG] Bot Beawi select random inn keeper pos Map:4294967295 X:0 Y:0 Z:0 (0 available in 9)
[New RPG] Bot Beawi select random grind pos Map:4294967295 X:0 Y:0 Z:0 (0+0 available in 1145)
Bot GUID Full: 0x000000000000014f Type: Player Low: 335 A:40 <Westorn> revives at body
Bot GUID Full: 0x000000000000014f Type: Player Low: 335 A:40 <Westorn> revives at body
Including non-random bot player Female Heffer into random bot update
Checking BG Queue...
BG Queue check finished
Bot GUID Full: 0x0000000000000175 Type: Player Low: 373 H:69 <Westerren> revives at body
Checking LFG Queue...
LFG Queue check finished
[New RPG] Bot Charonald select random inn keeper pos Map:0 X:-5378.9497 Y:-2969.0193 Z:323.752 (1 available in 5)
[New RPG] Bot Charonald select random grind pos Map:0 X:-5000 Y:-2700 Z:300 (38+40 available in 1445)
[New RPG] Bot Charonald select random flight taxi node from:1572 (node 8) to:2 (1 available)
[New RPG] Bot Paelaas select random inn keeper pos Map:1 X:-1045.2338 Y:-3666.1782 Z:24.4684 (3 available in 7)
[New RPG] Bot Paelaas select random grind pos Map:1 X:1000 Y:-3050 Z:100 (13+179 available in 1091)
[New RPG] Bot Lucini select random inn keeper pos Map:1 X:6208.02 Y:-1948.3518 Z:572.081 (2 available in 7)
[New RPG] Bot Lucini select random grind pos Map:1 X:6250 Y:-1550 Z:450 (12+129 available in 615)
[New RPG] Bot Lucini select random flight taxi node from:12578 (node 65) to:166 (1 available)
[New RPG] Bot Lucini select random grind pos Map:1 X:6100 Y:-1600 Z:500 (12+129 available in 615)
Checking BG Queue...
BG Queue check finished
[New RPG] Bot Ellaro select random inn keeper pos Map:0 X:-10649.106 Y:1163.9579 Z:35.0653 (2 available in 9)
[New RPG] Bot Ellaro select random grind pos Map:0 X:-9750 Y:-1600 Z:50 (1+180 available in 1725)
[New RPG] Bot Ellaro select random flight taxi node from:352 (node 2) to:205 (1 available)
[New RPG] Bot Ellaro select random inn keeper pos Map:0 X:-9467.633 Y:16.714157 Z:57.5459 (2 available in 9)
Bot GUID Full: 0x0000000000000175 Type: Player Low: 373 H:69 <Westerren> auto released
Bot GUID Full: 0x0000000000000175 Type: Player Low: 373 H:69 <Westerren> releases spirit
Bot GUID Full: 0x0000000000000175 Type: Player Low: 373 H:69 <Westerren> revives at body
Checking LFG Queue...
LFG Queue check finished
Refreshing bot GUID Full: 0x0000000000000165 Type: Player Low: 357 <Shuhma>
Random teleporting bot Shuhma for level 68 (19 locations available)
Random teleporting bot Shuhma (level 68) to Map: 530 (Outland) Zone: 3520 (Shadowmoon Valley) Area: 3754 (Altar of Sha'tar) ZoneLevel: 0 AreaLevel: 0 -2988.5132,863.6527,-8.605481 (1/19 locations)
Refreshing bot GUID Full: 0x0000000000000175 Type: Player Low: 373 <Westerren>
Random teleporting bot Westerren for level 69 (19 locations available)
Random teleporting bot Westerren (level 69) to Map: 530 (Outland) Zone: 3519 (Terokkar Forest) Area: 3683 (Stonebreaker Hold) ZoneLevel: 0 AreaLevel: 0 -2622.2158,4445.319,36.143356 (1/19 locations)
[New RPG] Bot Mundibill select random inn keeper pos Map:4294967295 X:0 Y:0 Z:0 (0 available in 7)
[New RPG] Bot Mundibill select random grind pos Map:4294967295 X:0 Y:0 Z:0 (0+0 available in 673)
[New RPG] Nelaedon accept quest 1022
Bot GUID Full: 0x000000000000014f Type: Player Low: 335 A:40 <Westorn> auto released
Bot GUID Full: 0x000000000000014f Type: Player Low: 335 A:40 <Westorn> releases spirit
[New RPG] Bot Flostee select random inn keeper pos Map:1 X:897.84534 Y:925.2238 Z:106.864 (1 available in 4)
[New RPG] Bot Flostee select random grind pos Map:1 X:600 Y:1550 Z:0 (7+44 available in 602)
[New RPG] Bot Flostee select random flight taxi node from:4312 (node 29) to:23 (1 available)
[New RPG] Bot Flostee select random flight taxi node from:4312 (node 29) to:23 (1 available)
Checking BG Queue...
BG Queue check finished
Refreshing bot GUID Full: 0x000000000000014f Type: Player Low: 335 <Westorn>
Random teleporting bot Westorn for level 40 (5 locations available)
Random teleporting bot Westorn (level 40) to Map: 1 (Kalimdor) Zone: 15 (Dustwallow Marsh) Area: 513 (Theramore Isle) ZoneLevel: 0 AreaLevel: 36 -3619.139,-4466.8267,14.295284 (1/5 locations)
[New RPG] Bot Landraran select random inn keeper pos Map:0 X:-5378.9497 Y:-2969.0193 Z:323.752 (1 available in 5)
[New RPG] Bot Landraran select random grind pos Map:0 X:-4800 Y:-3050 Z:300 (45+33 available in 1445)
[New RPG] Bot Landraran select random flight taxi node from:1572 (node 8) to:205 (1 available)
[New RPG] Bot Kamig select random inn keeper pos Map:530 X:2094.0842 Y:6901.0522 Z:183.813 (2 available in 21)
[New RPG] Bot Kamig select random grind pos Map:530 X:2150 Y:5750 Z:100 (10+129 available in 2977)
[New RPG] Bot Kamig select random flight taxi node from:21107 (node 156) to:128 (1 available)
[New RPG] Kamig accept quest 10609
[New RPG] Bot Nileya select random inn keeper pos Map:530 X:-2622.2158 Y:4445.319 Z:36.6768 (4 available in 9)
[New RPG] Bot Nileya select random grind pos Map:530 X:-1850 Y:4850 Z:0 (8+683 available in 1222)
[New RPG] Bot Nileya select random flight taxi node from:18940 (node 128) to:120 (1 available)
[New RPG] Bot Nileya select random flight taxi node from:18940 (node 128) to:127 (1 available)
[New RPG] Nelaedon accept quest 9518
Checking LFG Queue...
LFG Queue check finished
[New RPG] Bot Bily select random inn keeper pos Map:4294967295 X:0 Y:0 Z:0 (0 available in 11)
[New RPG] Bot Bily select random grind pos Map:4294967295 X:0 Y:0 Z:0 (0+0 available in 1229)
[New RPG] Kamig accept quest 11040
Checking BG Queue...
BG Queue check finished
[New RPG] Bot Vahaa select random inn keeper pos Map:4294967295 X:0 Y:0 Z:0 (0 available in 13)
[New RPG] Bot Vahaa select random grind pos Map:4294967295 X:0 Y:0 Z:0 (0+0 available in 1286)
[New RPG] Bot Ysa select random inn keeper pos Map:1 X:-4624.941 Y:-3176.2188 Z:41.8244 (1 available in 12)
[New RPG] Bot Ysa select random grind pos Map:1 X:-4800 Y:-3200 Z:50 (0+10 available in 480)
[New RPG] Bot Ysa select random flight taxi node from:11899 (node 55) to:179 (1 available)
[New RPG] Bot Ysa select random flight taxi node from:11899 (node 55) to:44 (1 available)
[New RPG] Bot Westerren select random inn keeper pos Map:4294967295 X:0 Y:0 Z:0 (0 available in 19)
[New RPG] Bot Westerren select random grind pos Map:530 X:-4000 Y:3150 Z:300 (0+43 available in 2452)
[New RPG] Bot Westerren select random flight taxi node from:18807 (node 127) to:123 (1 available)
Checking LFG Queue...
LFG Queue check finished
[New RPG] Bot Pirlish select random inn keeper pos Map:4294967295 X:0 Y:0 Z:0 (0 available in 7)
[New RPG] Bot Pirlish select random grind pos Map:0 X:100 Y:350 Z:50 (0+77 available in 615)
[New RPG] Bot Pirlish select random flight taxi node from:4551 (node 11) to:20 (1 available)
[New RPG] Bot Pirlish select random flight taxi node from:4551 (node 11) to:17 (1 available)
[New RPG] Nelaedon accept quest 9516
[New RPG] Nelaedon drop quest 67
[New RPG] Nelaedon drop quest 189
[New RPG] Nelaedon drop quest 198
[New RPG] Nelaedon drop quest 201
[New RPG] Nelaedon drop quest 222
[New RPG] Nelaedon drop quest 505
[New RPG] Nelaedon drop quest 536
[New RPG] Nelaedon drop quest 555
[New RPG] Nelaedon drop quest 564
[New RPG] Nelaedon drop quest 565
[New RPG] Nelaedon drop quest 575
[New RPG] Nelaedon drop quest 605
[New RPG] Nelaedon drop quest 659
[New RPG] Nelaedon drop quest 681
[New RPG] Nelaedon drop quest 1382
[New RPG] Nelaedon drop quest 1385
[New RPG] Nelaedon drop quest 1387
[New RPG] Nelaedon drop quest 1465
[New RPG] Nelaedon drop quest 9435
[New RPG] Nelaedon drop quest 14111
Checking BG Queue...
BG Queue check finished
Bot #376 <Paelaas>: teleport for level and refresh
Refreshing bot GUID Full: 0x0000000000000178 Type: Player Low: 376 <Paelaas>
Random teleporting bot Paelaas (level 18) to Map: 1 (Kalimdor) Zone: 17 (The Barrens) Area: 378 (Camp Taurajo) ZoneLevel: 0 AreaLevel: 10 -2373.846,-1991.367,96.754814 (1/7 locations)
[New RPG] Nelaedon accept quest 9517
[New RPG] Bot Westorn select random inn keeper pos Map:1 X:-4624.941 Y:-3176.2188 Z:41.8244 (1 available in 5)
[New RPG] Bot Westorn select random grind pos Map:1 X:-2450 Y:-3150 Z:50 (14+118 available in 517)
Checking LFG Queue...
LFG Queue check finished
[New RPG] Bot Eramir select random inn keeper pos Map:530 X:282.0043 Y:6093.177 Z:133.071 (3 available in 7)
[New RPG] Bot Eramir select random grind pos Map:530 X:650 Y:6550 Z:0 (31+316 available in 1117)
[New RPG] Bot Eramir select random flight taxi node from:18788 (node 117) to:128 (1 available)
[New RPG] Bot Dranon select random inn keeper pos Map:1 X:-3619.139 Y:-4466.8267 Z:14.8286 (2 available in 4)
[New RPG] Bot Dranon select random grind pos Map:1 X:-2800 Y:-3800 Z:50 (10+71 available in 654)
[New RPG] Bot Dranon select random flight taxi node from:4321 (node 32) to:179 (1 available)
Checking BG Queue...
BG Queue check finished
[New RPG] Bot Vahaa select random inn keeper pos Map:4294967295 X:0 Y:0 Z:0 (0 available in 13)
[New RPG] Bot Vahaa select random grind pos Map:4294967295 X:0 Y:0 Z:0 (0+0 available in 1286)
[New RPG] Bot Tepan select random inn keeper pos Map:4294967295 X:0 Y:0 Z:0 (0 available in 5)
[New RPG] Bot Tepan select random grind pos Map:1 X:700 Y:1450 Z:0 (0+22 available in 449)
[New RPG] Bot Tepan select random flight taxi node from:4407 (node 33) to:167 (1 available)
[New RPG] Bot Tepan select random grind pos Map:1 X:750 Y:1500 Z:0 (0+22 available in 449)
Checking LFG Queue...
LFG Queue check finished
[New RPG] Bot Cimlan select random inn keeper pos Map:571 X:3833.7158 Y:1489.2057 Z:92.5606 (2 available in 24)
[New RPG] Bot Cimlan select random grind pos Map:571 X:4200 Y:-1200 Z:150 (0+208 available in 2696)
[New RPG] Bot Cimlan select random flight taxi node from:28674 (node 310) to:248 (1 available)
Checking BG Queue...
BG Queue check finished
Refreshing bot GUID Full: 0x000000000000014b Type: Player Low: 331 <Aseanna>
Random teleporting bot Aseanna for level 13 (5 locations available)
Random teleporting bot Aseanna (level 13) to Map: 1 (Kalimdor) Zone: 148 (Darkshore) Area: 442 (Auberdine) ZoneLevel: 0 AreaLevel: 12 6407.9717,520.1485,8.704459 (1/5 locations)
[New RPG] Bot Helriel select random inn keeper pos Map:4294967295 X:0 Y:0 Z:0 (0 available in 11)
[New RPG] Bot Helriel select random grind pos Map:1 X:-5450 Y:1200 Z:50 (0+54 available in 577)
[New RPG] Bot Helriel select random flight taxi node from:8019 (node 41) to:79 (1 available)
[New RPG] Bot Helriel select random grind pos Map:1 X:-2950 Y:2750 Z:50 (0+54 available in 577)
[New RPG] Helriel accept quest 2821
[New RPG] Bot Celda select random inn keeper pos Map:4294967295 X:0 Y:0 Z:0 (0 available in 11)
[New RPG] Bot Celda select random grind pos Map:4294967295 X:0 Y:0 Z:0 (0+0 available in 1229)
Checking LFG Queue...
LFG Queue check finished
Random Bots Stats: 46 online
Bots level:
    10..19: 6 alliance, 4 horde
    20..29: 3 alliance, 3 horde
    30..39: 3 alliance, 2 horde
    40..49: 1 alliance, 2 horde
    50..59: 3 alliance, 3 horde
    60..69: 3 alliance, 5 horde
    70..79: 2 alliance, 3 horde
    80..80: 2 alliance, 1 horde
Bots race:
    Human: 5, avg lvl: 37.2
    Orc: 8, avg lvl: 45.3
    Dwarf: 4, avg lvl: 35.5
    Night Elf: 3, avg lvl: 32
    Undead: 3, avg lvl: 63.6
    Tauren: 4, avg lvl: 36.7
    Gnome: 3, avg lvl: 42.6
    Troll: 1, avg lvl: 64
    Goblin: 5, avg lvl: 51
    Blood Elf: 2, avg lvl: 45
    Draenei: 2, avg lvl: 35.5
    Worgen: 3, avg lvl: 59.6
    High Elf: 3, avg lvl: 47.6
Bots class:
    paladin: 46, avg lvl: 44.6
Bots role:
    tank: 0, heal: 0, dps: 46
Bots status:
    Active: 4
    Moving: 3
    In flight: 2
    On mount: 15
    In combat: 0
    In BG: 0
    In Rest: 8
    Dead: 1
Bots rpg status:
    Idle: 7, Rest: 3, GoGrind: 9, GoCamp: 2, MoveRandom: 1, MoveNpc: 10, DoQuest: 8, TravelFlight: 6, OutdoorPvP: 0
Bots total quests:
    Accepted: 75, Rewarded: 1, Dropped: 103
Bots engine:
    Non-combat: 44, Combat: 1, Dead: 1
[New RPG] Bot Nanolii select random inn keeper pos Map:1 X:6699.4355 Y:-4670.465 Z:722.15 (1 available in 8)
[New RPG] Bot Nanolii select random grind pos Map:1 X:7500 Y:-4500 Z:600 (8+74 available in 1022)
[New RPG] Bot Nanolii select random flight taxi node from:11138 (node 52) to:73 (1 available)
Checking BG Queue...
BG Queue check finished
Mark bot Bengren as dead, will be revived in 137s.
Checking LFG Queue...
LFG Queue check finished
Bot GUID Full: 0x0000000000000135 Type: Player Low: 309 A:31 <Bengren> auto released
Bot GUID Full: 0x0000000000000135 Type: Player Low: 309 A:31 <Bengren> releases spirit
[New RPG] Nelaedon accept quest 1021
Checking BG Queue...
BG Queue check finished
Checking LFG Queue...
LFG Queue check finished
Checking BG Queue...
BG Queue check finished
Bot #397 <Mundibill>: teleport for level and refresh
Refreshing bot GUID Full: 0x000000000000018d Type: Player Low: 397 <Mundibill>
Random teleporting bot Mundibill (level 24) to Map: 0 (Eastern Kingdoms) Zone: 1537 (Ironforge) Area: 1537 (Ironforge) ZoneLevel: 10 AreaLevel: 10 -4890.2437,-992.8659,503.9904 (1/1 locations)
[New RPG] Bot Cihwamio select random inn keeper pos Map:4294967295 X:0 Y:0 Z:0 (0 available in 8)
[New RPG] Bot Cihwamio select random grind pos Map:1 X:-6600 Y:-1400 Z:-250 (3+37 available in 747)
[New RPG] Bot Cihwamio select random flight taxi node from:10583 (node 79) to:53 (1 available)
Checking LFG Queue...
LFG Queue check finished
[New RPG] Bot Keahgevun select random inn keeper pos Map:4294967295 X:0 Y:0 Z:0 (0 available in 6)
[New RPG] Bot Keahgevun select random grind pos Map:4294967295 X:0 Y:0 Z:0 (0+0 available in 583)
Bot GUID Full: 0x000000000000016d Type: Player Low: 365 H:47 <Vidunuvoo> auto released
Bot GUID Full: 0x000000000000016d Type: Player Low: 365 H:47 <Vidunuvoo> releases spirit
[New RPG] Kamig accept quest 10608
Checking BG Queue...
BG Queue check finished
Bot #334 <Charonald>: teleport for level and refresh
Refreshing bot GUID Full: 0x000000000000014e Type: Player Low: 334 <Charonald>
Checking LFG Queue...
LFG Queue check finished
Checking BG Queue...
BG Queue check finished
Checking LFG Queue...
LFG Queue check finished
[New RPG] Babine accept quest 9126
[New RPG] Bot Bily select random inn keeper pos Map:4294967295 X:0 Y:0 Z:0 (0 available in 11)
[New RPG] Bot Bily select random grind pos Map:4294967295 X:0 Y:0 Z:0 (0+0 available in 1229)
[New RPG] Babine accept quest 9128
Checking BG Queue...
BG Queue check finished
Bot #384 <Aleluun>: teleport for level and refresh
Refreshing bot GUID Full: 0x0000000000000180 Type: Player Low: 384 <Aleluun>
Random teleporting bot Aleluun (level 27) to Map: 0 (Eastern Kingdoms) Zone: 267 (Hillsbrad Foothills) Area: 272 (Tarren Mill) ZoneLevel: 0 AreaLevel: 20 -10.573854,-940.3345,57.222317 (1/4 locations)
[New RPG] Bot Shuhma select random inn keeper pos Map:530 X:-4137.368 Y:1129.373 Z:45.1148 (2 available in 19)
[New RPG] Bot Shuhma select random grind pos Map:530 X:-3400 Y:450 Z:100 (41+317 available in 2088)
[New RPG] Bot Shuhma select random flight taxi node from:19581 (node 140) to:127 (1 available)
Checking LFG Queue...
LFG Queue check finished
Bot GUID Full: 0x000000000000016e Type: Player Low: 366 H:57 <Thekem> auto released
Bot GUID Full: 0x000000000000016e Type: Player Low: 366 H:57 <Thekem> releases spirit
Bot GUID Full: 0x0000000000000135 Type: Player Low: 309 A:31 <Bengren> revives at body
Checking BG Queue...
BG Queue check finished
Mark bot Thekem as dead, will be revived in 222s.
Mark bot Vidunuvoo as dead, will be revived in 285s.
Checking LFG Queue...
LFG Queue check finished
[New RPG] Bot Dranon select random inn keeper pos Map:1 X:-3619.139 Y:-4466.8267 Z:14.8286 (2 available in 4)
[New RPG] Bot Dranon select random grind pos Map:1 X:-3350 Y:-4200 Z:0 (7+74 available in 654)
[New RPG] Bot Dranon select random flight taxi node from:4321 (node 32) to:179 (1 available)
Bot GUID Full: 0x0000000000000135 Type: Player Low: 309 A:31 <Bengren> auto released
Bot GUID Full: 0x0000000000000135 Type: Player Low: 309 A:31 <Bengren> releases spirit
Checking BG Queue...
BG Queue check finished
Random Bots Stats: 46 online
Bots level:
    10..19: 6 alliance, 4 horde
    20..29: 3 alliance, 3 horde
    30..39: 3 alliance, 2 horde
    40..49: 1 alliance, 2 horde
    50..59: 3 alliance, 3 horde
    60..69: 3 alliance, 5 horde
    70..79: 2 alliance, 3 horde
    80..80: 2 alliance, 1 horde
Bots race:
    Human: 5, avg lvl: 37.2
    Orc: 8, avg lvl: 45.3
    Dwarf: 4, avg lvl: 35.5
    Night Elf: 3, avg lvl: 32
    Undead: 3, avg lvl: 63.6
    Tauren: 4, avg lvl: 36.7
    Gnome: 3, avg lvl: 42.6
    Troll: 1, avg lvl: 64
    Goblin: 5, avg lvl: 51
    Blood Elf: 2, avg lvl: 45
    Draenei: 2, avg lvl: 35.5
    Worgen: 3, avg lvl: 59.6
    High Elf: 3, avg lvl: 47.6
Bots class:
    paladin: 46, avg lvl: 44.6
Bots role:
    tank: 0, heal: 0, dps: 46
Bots status:
    Active: 1
    Moving: 3
    In flight: 3
    On mount: 13
    In combat: 0
    In BG: 0
    In Rest: 7
    Dead: 3
Bots rpg status:
    Idle: 7, Rest: 2, GoGrind: 7, GoCamp: 2, MoveRandom: 2, MoveNpc: 10, DoQuest: 10, TravelFlight: 6, OutdoorPvP: 0
Bots total quests:
    Accepted: 79, Rewarded: 1, Dropped: 103
Bots engine:
    Non-combat: 42, Combat: 1, Dead: 3
[New RPG] Bot Charonald select random inn keeper pos Map:0 X:-5378.9497 Y:-2969.0193 Z:323.752 (1 available in 5)
[New RPG] Bot Charonald select random grind pos Map:0 X:-5100 Y:-3000 Z:350 (33+45 available in 1445)
[New RPG] Bot Charonald select random flight taxi node from:1572 (node 8) to:2 (1 available)
Checking LFG Queue...
LFG Queue check finished
[New RPG] Bot Gedsewe select random inn keeper pos Map:4294967295 X:0 Y:0 Z:0 (0 available in 6)
[New RPG] Bot Gedsewe select random grind pos Map:1 X:1450 Y:-4700 Z:0 (1+0 available in 1210)
[New RPG] Bot Gedsewe select random flight taxi node from:3310 (node 23) to:29 (1 available)
[New RPG] Bot Gedsewe select random flight taxi node from:3310 (node 23) to:22 (1 available)
Including non-random bot player Female Heffer into random bot update
Checking BG Queue...
BG Queue check finished
[New RPG] Bot Aleluun select random inn keeper pos Map:4294967295 X:0 Y:0 Z:0 (0 available in 4)
[New RPG] Bot Aleluun select random grind pos Map:0 X:-300 Y:-600 Z:50 (7+85 available in 602)
[New RPG] Bot Aleluun select random flight taxi node from:2389 (node 13) to:11 (1 available)
[New RPG] Bot Westorn select random inn keeper pos Map:1 X:-4624.941 Y:-3176.2188 Z:41.8244 (1 available in 5)
[New RPG] Bot Westorn select random grind pos Map:1 X:-4050 Y:-4700 Z:-50 (14+118 available in 517)
[New RPG] Bot Westorn select random flight taxi node from:4321 (node 32) to:37 (1 available)
[New RPG] Bot Westorn select random grind pos Map:1 X:-2300 Y:-4300 Z:0 (14+118 available in 517)
[New RPG] Bot Dresera select random inn keeper pos Map:530 X:-4133.0415 Y:-12472.458 Z:44.6849 (1 available in 9)
[New RPG] Bot Dresera select random grind pos Map:530 X:-4350 Y:-11800 Z:0 (26+263 available in 1881)
Checking LFG Queue...
LFG Queue check finished
Checking BG Queue...
BG Queue check finished
Bot #392 <Ellaro>: teleport for level and refresh
Refreshing bot GUID Full: 0x0000000000000188 Type: Player Low: 392 <Ellaro>
Bot GUID Full: 0x0000000000000156 Type: Player Low: 342 A:53 <Lucini> auto released
Bot GUID Full: 0x0000000000000156 Type: Player Low: 342 A:53 <Lucini> releases spirit
Checking LFG Queue...
LFG Queue check finished
[New RPG] Bot Dabdina select random inn keeper pos Map:571 X:5458.3022 Y:-2637.2583 Z:307.134 (2 available in 13)
[New RPG] Bot Dabdina select random grind pos Map:571 X:6800 Y:-4350 Z:450 (0+116 available in 1229)
[New RPG] Bot Dabdina select random flight taxi node from:28623 (node 304) to:310 (1 available)
[New RPG] Bot Dabdina select random flight taxi node from:28623 (node 304) to:333 (1 available)
[New RPG] Bot Mundibill select random inn keeper pos Map:0 X:-3823.3274 Y:-829.9473 Z:10.5906 (1 available in 7)
[New RPG] Bot Mundibill select random grind pos Map:0 X:-3050 Y:-2250 Z:0 (0+134 available in 673)
[New RPG] Bot Mundibill select random flight taxi node from:1573 (node 6) to:14 (1 available)
Checking BG Queue...
BG Queue check finished
Mark bot Lucini as dead, will be revived in 107s.
Refreshing bot GUID Full: 0x0000000000000135 Type: Player Low: 309 <Bengren>
Random teleporting bot Bengren for level 31 (4 locations available)
Random teleporting bot Bengren (level 31) to Map: 0 (Eastern Kingdoms) Zone: 267 (Hillsbrad Foothills) Area: 271 (Southshore) ZoneLevel: 0 AreaLevel: 22 -857.0087,-565.7517,11.114945 (1/4 locations)
Bot GUID Full: 0x000000000000015d Type: Player Low: 349 H:17 <Gedsewe> auto released
Bot GUID Full: 0x000000000000015d Type: Player Low: 349 H:17 <Gedsewe> releases spirit
[New RPG] Keahgevun accept quest 1939
Bot GUID Full: 0x000000000000015d Type: Player Low: 349 H:17 <Gedsewe> revives at body
Bot GUID Full: 0x000000000000015d Type: Player Low: 349 H:17 <Gedsewe> revives at body
Bot GUID Full: 0x000000000000015d Type: Player Low: 349 H:17 <Gedsewe> revives at body
Bot GUID Full: 0x000000000000015d Type: Player Low: 349 H:17 <Gedsewe> revives at body
Checking LFG Queue...
LFG Queue check finished
Mark bot Gedsewe as dead, will be revived in 145s.
Bot GUID Full: 0x000000000000015d Type: Player Low: 349 H:17 <Gedsewe> revives at body
Bot GUID Full: 0x000000000000015d Type: Player Low: 349 H:17 <Gedsewe> revives at body
Bot GUID Full: 0x000000000000015d Type: Player Low: 349 H:17 <Gedsewe> revives at body
Bot GUID Full: 0x000000000000015d Type: Player Low: 349 H:17 <Gedsewe> revives at body
Bot GUID Full: 0x000000000000015d Type: Player Low: 349 H:17 <Gedsewe> revives at body
Checking BG Queue...
BG Queue check finished
Checking LFG Queue...
LFG Queue check finished
[New RPG] Bot Beawi select random inn keeper pos Map:4294967295 X:0 Y:0 Z:0 (0 available in 9)
[New RPG] Bot Beawi select random grind pos Map:4294967295 X:0 Y:0 Z:0 (0+0 available in 1145)
[New RPG] Bot Bengren select random inn keeper pos Map:4294967295 X:0 Y:0 Z:0 (0 available in 4)
[New RPG] Bot Bengren select random grind pos Map:0 X:-1100 Y:300 Z:0 (27+48 available in 445)
[New RPG] Bot Bengren select random flight taxi node from:2432 (node 14) to:6 (1 available)
Checking BG Queue...
BG Queue check finished
Refreshing bot GUID Full: 0x000000000000016e Type: Player Low: 366 <Thekem>
Random teleporting bot Thekem for level 57 (7 locations available)
Random teleporting bot Thekem (level 57) to Map: 1 (Kalimdor) Zone: 1377 (Silithus) Area: 3425 (Cenarion Hold) ZoneLevel: 0 AreaLevel: 55 -6863.6255,732.26135,45.71212 (1/7 locations)
Including non-random bot player Female Heffer into random bot update
Checking LFG Queue...
LFG Queue check finished
Checking BG Queue...
BG Queue check finished
Checking LFG Queue...
LFG Queue check finished
Refreshing bot GUID Full: 0x000000000000016d Type: Player Low: 365 <Vidunuvoo>
Random teleporting bot Vidunuvoo for level 47 (10 locations available)
Random teleporting bot Vidunuvoo (level 47) to Map: 0 (Eastern Kingdoms) Zone: 47 (The Hinterlands) Area: 3317 (Revantusk Village) ZoneLevel: 0 AreaLevel: 0 -618.43634,-4586.873,11.737078 (1/10 locations)
Bot #396 <Pirlish>: teleport for level and refresh
Refreshing bot GUID Full: 0x000000000000018c Type: Player Low: 396 <Pirlish>
Random teleporting bot Pirlish (level 35) to Map: 0 (Eastern Kingdoms) Zone: 33 (Stranglethorn Vale) Area: 117 (Grom'gol Base Camp) ZoneLevel: 0 AreaLevel: 35 -12431.322,215.49905,2.4151485 (1/7 locations)
Checking BG Queue...
BG Queue check finished
Checking LFG Queue...
LFG Queue check finished
[New RPG] Bot Nanolii select random inn keeper pos Map:4294967295 X:0 Y:0 Z:0 (0 available in 8)
[New RPG] Bot Nanolii select random grind pos Map:1 X:6300 Y:-4750 Z:750 (8+74 available in 1022)
[New RPG] Bot Nanolii select random flight taxi node from:11138 (node 52) to:73 (1 available)
Checking BG Queue...
BG Queue check finished
Random Bots Stats: 46 online
Bots level:
    10..19: 6 alliance, 4 horde
    20..29: 3 alliance, 3 horde
    30..39: 3 alliance, 2 horde
    40..49: 1 alliance, 2 horde
    50..59: 3 alliance, 3 horde
    60..69: 3 alliance, 5 horde
    70..79: 2 alliance, 3 horde
    80..80: 2 alliance, 1 horde
Bots race:
    Human: 5, avg lvl: 37.2
    Orc: 8, avg lvl: 45.3
    Dwarf: 4, avg lvl: 35.5
    Night Elf: 3, avg lvl: 32
    Undead: 3, avg lvl: 63.6
    Tauren: 4, avg lvl: 36.7
    Gnome: 3, avg lvl: 42.6
    Troll: 1, avg lvl: 64
    Goblin: 5, avg lvl: 51
    Blood Elf: 2, avg lvl: 45
    Draenei: 2, avg lvl: 35.5
    Worgen: 3, avg lvl: 59.6
    High Elf: 3, avg lvl: 47.6
Bots class:
    paladin: 46, avg lvl: 44.6
Bots role:
    tank: 0, heal: 0, dps: 46
Bots status:
    Active: 3
    Moving: 3
    In flight: 2
    On mount: 12
    In combat: 2
    In BG: 0
    In Rest: 8
    Dead: 1
Bots rpg status:
    Idle: 7, Rest: 2, GoGrind: 8, GoCamp: 2, MoveRandom: 1, MoveNpc: 7, DoQuest: 12, TravelFlight: 7, OutdoorPvP: 0
Bots total quests:
    Accepted: 80, Rewarded: 1, Dropped: 103
Bots engine:
    Non-combat: 41, Combat: 4, Dead: 1
Bot #373 <Westerren>: teleport for level and refresh
Refreshing bot GUID Full: 0x0000000000000175 Type: Player Low: 373 <Westerren>
Random teleporting bot Westerren (level 69) to Map: 571 (Northrend) Zone: 495 (Howling Fjord) Area: 3991 (New Agamand) ZoneLevel: 70 AreaLevel: 70 437.74115,-4555.378,245.6263 (1/19 locations)
Refreshing bot GUID Full: 0x0000000000000156 Type: Player Low: 342 <Lucini>
Random teleporting bot Lucini for level 53 (7 locations available)
Random teleporting bot Lucini (level 53) to Map: 0 (Eastern Kingdoms) Zone: 28 (Western Plaguelands) Area: 2620 (Thondroril River) ZoneLevel: 0 AreaLevel: 0 1938.6797,-2559.4805,61.656353 (1/7 locations)
Checking LFG Queue...
LFG Queue check finished
Checking BG Queue...
BG Queue check finished
Bot #357 <Shuhma>: teleport for level and refresh
Refreshing bot GUID Full: 0x0000000000000165 Type: Player Low: 357 <Shuhma>
Random teleporting bot Shuhma (level 68) to Map: 530 (Outland) Zone: 3703 (Shattrath City) Area: 3703 (Shattrath City) ZoneLevel: 0 AreaLevel: 0 -2013.7781,5364.916,-9.300964 (1/1 locations)
[New RPG] Bot Shuhma select random inn keeper pos Map:530 X:-2622.2158 Y:4445.319 Z:36.6768 (2 available in 19)
[New RPG] Bot Shuhma select random grind pos Map:530 X:-800 Y:7200 Z:50 (0+349 available in 2088)
[New RPG] Bot Shuhma select random flight taxi node from:18940 (node 128) to:139 (1 available)
[New RPG] Bot Shuhma select random grind pos Map:530 X:-1500 Y:7550 Z:0 (0+349 available in 2088)
Checking LFG Queue...
LFG Queue check finished
[New RPG] Bot Celda select random inn keeper pos Map:4294967295 X:0 Y:0 Z:0 (0 available in 11)
[New RPG] Bot Celda select random grind pos Map:4294967295 X:0 Y:0 Z:0 (0+0 available in 1229)
Checking BG Queue...
BG Queue check finished
[New RPG] Bot Mundibill select random inn keeper pos Map:0 X:-3823.3274 Y:-829.9473 Z:10.5906 (1 available in 7)
[New RPG] Bot Mundibill select random grind pos Map:0 X:-3600 Y:-1400 Z:0 (0+134 available in 673)
[New RPG] Bot Mundibill select random flight taxi node from:1573 (node 6) to:5 (1 available)
[New RPG] Bot Mundibill select random grind pos Map:0 X:-4000 Y:-2650 Z:50 (0+134 available in 673)
Checking LFG Queue...
LFG Queue check finished
Checking BG Queue...
BG Queue check finished
Checking LFG Queue...
LFG Queue check finished
[New RPG] Bot Lucini select random inn keeper pos Map:0 X:932.51324 Y:-1431.7295 Z:65.3343 (1 available in 7)
[New RPG] Bot Lucini select random grind pos Map:0 X:1900 Y:-1600 Z:50 (0+53 available in 615)
[New RPG] Bot Lucini select random flight taxi node from:37888 (node 383) to:45 (1 available)
[New RPG] Bot Aseanna select random inn keeper pos Map:4294967295 X:0 Y:0 Z:0 (0 available in 5)
[New RPG] Bot Aseanna select random grind pos Map:1 X:5450 Y:200 Z:50 (43+137 available in 1445)
[New RPG] Bot Aseanna select random flight taxi node from:3841 (node 26) to:80 (1 available)
[New RPG] Bot Aseanna select random grind pos Map:1 X:6000 Y:700 Z:0 (43+137 available in 1445)
Scheduled guild cache validation
Checking BG Queue...
BG Queue check finished
[New RPG] Bot Paelaas select random inn keeper pos Map:1 X:-1045.2338 Y:-3666.1782 Z:24.4684 (2 available in 7)
[New RPG] Bot Paelaas select random grind pos Map:1 X:-2200 Y:-2300 Z:100 (23+142 available in 1091)
[New RPG] Bot Paelaas select random flight taxi node from:10378 (node 77) to:58 (1 available)
[New RPG] Bot Paelaas select random flight taxi node from:10378 (node 77) to:80 (1 available)
Checking LFG Queue...
LFG Queue check finished
Mark bot Helriel as dead, will be revived in 99s.
Bot GUID Full: 0x0000000000000184 Type: Player Low: 388 A:50 <Helriel> auto released
Bot GUID Full: 0x0000000000000184 Type: Player Low: 388 A:50 <Helriel> releases spirit
Bot GUID Full: 0x0000000000000184 Type: Player Low: 388 A:50 <Helriel> revives at body
Bot GUID Full: 0x0000000000000184 Type: Player Low: 388 A:50 <Helriel> revives at body
Bot GUID Full: 0x0000000000000184 Type: Player Low: 388 A:50 <Helriel> revives at body
Bot GUID Full: 0x0000000000000184 Type: Player Low: 388 A:50 <Helriel> revives at body
Bot GUID Full: 0x0000000000000184 Type: Player Low: 388 A:50 <Helriel> revives at body
Bot GUID Full: 0x0000000000000184 Type: Player Low: 388 A:50 <Helriel> revives at body
Checking BG Queue...
BG Queue check finished
[New RPG] Bot Beawi select random inn keeper pos Map:4294967295 X:0 Y:0 Z:0 (0 available in 9)
[New RPG] Bot Beawi select random grind pos Map:4294967295 X:0 Y:0 Z:0 (0+0 available in 1145)
Checking LFG Queue...
LFG Queue check finished
Mark bot Lucini as dead, will be revived in 69s.
Bot #328 <Nileya>: teleport for level and refresh
Refreshing bot GUID Full: 0x0000000000000148 Type: Player Low: 328 <Nileya>
Random teleporting bot Nileya (level 65) to Map: 530 (Outland) Zone: 3703 (Shattrath City) Area: 3703 (Shattrath City) ZoneLevel: 0 AreaLevel: 0 -2006.2231,5349.5723,-9.300962 (1/1 locations)
[New RPG] Bot Eramir select random inn keeper pos Map:530 X:-178.91858 Y:5526.9116 Z:29.9909 (2 available in 7)
[New RPG] Bot Eramir select random grind pos Map:530 X:550 Y:6350 Z:0 (33+319 available in 1117)
[New RPG] Bot Eramir select random flight taxi node from:18788 (node 117) to:128 (1 available)
[New RPG] Bot Eramir select random inn keeper pos Map:530 X:1052.6064 Y:7367.71 Z:40.1667 (2 available in 7)
[New RPG] Bot Nileya select random inn keeper pos Map:530 X:-178.91858 Y:5526.9116 Z:29.9909 (4 available in 9)
[New RPG] Bot Nileya select random grind pos Map:530 X:-2700 Y:3700 Z:0 (18+661 available in 1222)
[New RPG] Bot Nileya select random flight taxi node from:18940 (node 128) to:163 (1 available)
Checking BG Queue...
BG Queue check finished
[New RPG] Bot Thekem select random inn keeper pos Map:4294967295 X:0 Y:0 Z:0 (0 available in 7)
[New RPG] Bot Thekem select random grind pos Map:1 X:-7750 Y:1050 Z:0 (37+115 available in 800)
[New RPG] Bot Thekem select random flight taxi node from:15178 (node 72) to:166 (1 available)
[New RPG] Bot Flostee select random inn keeper pos Map:1 X:2338.5798 Y:-2563.2166 Z:103.357 (1 available in 4)
[New RPG] Bot Flostee select random grind pos Map:1 X:2000 Y:-2250 Z:100 (0+43 available in 602)
[New RPG] Bot Flostee select random flight taxi node from:3310 (node 23) to:61 (1 available)
[New RPG] Bot Flostee select random grind pos Map:1 X:2450 Y:-2700 Z:150 (0+43 available in 602)
Checking LFG Queue...
LFG Queue check finished
Checking BG Queue...
BG Queue check finished
[New RPG] Bot Pirlish select random inn keeper pos Map:0 X:-14461.046 Y:491.63226 Z:15.7129 (1 available in 7)
[New RPG] Bot Pirlish select random grind pos Map:0 X:-11600 Y:550 Z:50 (13+72 available in 615)
[New RPG] Bot Pirlish select random flight taxi node from:1387 (node 20) to:17 (1 available)
Checking LFG Queue...
LFG Queue check finished
Checking BG Queue...
BG Queue check finished
Random Bots Stats: 46 online
Bots level:
    10..19: 6 alliance, 4 horde
    20..29: 3 alliance, 3 horde
    30..39: 3 alliance, 2 horde
    40..49: 1 alliance, 2 horde
    50..59: 3 alliance, 3 horde
    60..69: 3 alliance, 5 horde
    70..79: 2 alliance, 3 horde
    80..80: 2 alliance, 1 horde
Bots race:
    Human: 5, avg lvl: 37.2
    Orc: 8, avg lvl: 45.3
    Dwarf: 4, avg lvl: 35.5
    Night Elf: 3, avg lvl: 32
    Undead: 3, avg lvl: 63.6
    Tauren: 4, avg lvl: 36.7
    Gnome: 3, avg lvl: 42.6
    Troll: 1, avg lvl: 64
    Goblin: 5, avg lvl: 51
    Blood Elf: 2, avg lvl: 45
    Draenei: 2, avg lvl: 35.5
    Worgen: 3, avg lvl: 59.6
    High Elf: 3, avg lvl: 47.6
Bots class:
    paladin: 46, avg lvl: 44.6
Bots role:
    tank: 0, heal: 0, dps: 46
Bots status:
    Active: 4
    Moving: 3
    In flight: 2
    On mount: 11
    In combat: 2
    In BG: 0
    In Rest: 8
    Dead: 2
Bots rpg status:
    Idle: 4, Rest: 2, GoGrind: 11, GoCamp: 3, MoveRandom: 1, MoveNpc: 7, DoQuest: 12, TravelFlight: 6, OutdoorPvP: 0
Bots total quests:
    Accepted: 80, Rewarded: 1, Dropped: 103
Bots engine:
    Non-combat: 41, Combat: 3, Dead: 2
Checking LFG Queue...
LFG Queue check finished
[New RPG] Bot Paelaas select random inn keeper pos Map:1 X:-1045.2338 Y:-3666.1782 Z:24.4684 (3 available in 7)
[New RPG] Bot Paelaas select random grind pos Map:1 X:-1550 Y:-3700 Z:100 (10+212 available in 1091)
[New RPG] Bot Paelaas select random flight taxi node from:16227 (node 80) to:23 (1 available)
[New RPG] Bot Paelaas select random flight taxi node from:16227 (node 80) to:77 (1 available)
Checking BG Queue...
BG Queue check finished
Bot GUID Full: 0x000000000000016e Type: Player Low: 366 H:57 <Thekem> auto released
Bot GUID Full: 0x000000000000016e Type: Player Low: 366 H:57 <Thekem> releases spirit
Checking LFG Queue...
LFG Queue check finished
Bot GUID Full: 0x0000000000000184 Type: Player Low: 388 A:50 <Helriel> revives at body
Checking BG Queue...
BG Queue check finished
Mark bot Thekem as dead, will be revived in 268s.
Refreshing bot GUID Full: 0x0000000000000156 Type: Player Low: 342 <Lucini>
Random teleporting bot Lucini for level 53 (7 locations available)
Random teleporting bot Lucini (level 53) to Map: 0 (Eastern Kingdoms) Zone: 46 (Burning Steppes) Area: 2418 (Morgan's Vigil) ZoneLevel: 0 AreaLevel: 55 -8361.035,-2739.869,184.90312 (1/7 locations)
Random teleporting bot Helriel (level 51) to Map: 0 (Eastern Kingdoms) Zone: 46 (Burning Steppes) Area: 2418 (Morgan's Vigil) ZoneLevel: 0 AreaLevel: 55 -8361.035,-2739.869,184.90312 (1/12 locations)
[New RPG] Bot Helriel select random inn keeper pos Map:4294967295 X:0 Y:0 Z:0 (0 available in 12)
[New RPG] Bot Helriel select random grind pos Map:0 X:-7950 Y:-2500 Z:150 (13+6 available in 610)
[New RPG] Bot Helriel select random flight taxi node from:2299 (node 71) to:383 (1 available)
[New RPG] Bot Helriel select random flight taxi node from:2299 (node 71) to:6 (1 available)
Checking LFG Queue...
LFG Queue check finished
Checking BG Queue...
BG Queue check finished
[New RPG] Bot Westerren select random inn keeper pos Map:571 X:2678.726 Y:-4387.15 Z:285.043 (3 available in 19)
[New RPG] Bot Westerren select random grind pos Map:571 X:850 Y:-4900 Z:0 (42+442 available in 2452)
[New RPG] Bot Westerren select random flight taxi node from:24155 (node 190) to:192 (1 available)
Checking LFG Queue...
LFG Queue check finished
[New RPG] Bot Keahgevun select random inn keeper pos Map:4294967295 X:0 Y:0 Z:0 (0 available in 6)
[New RPG] Bot Keahgevun select random grind pos Map:4294967295 X:0 Y:0 Z:0 (0+0 available in 583)
Checking BG Queue...
BG Queue check finished
Checking LFG Queue...
LFG Queue check finished
Checking BG Queue...
BG Queue check finished
Checking LFG Queue...
LFG Queue check finished
Checking BG Queue...
BG Queue check finished
Checking LFG Queue...
LFG Queue check finished
[New RPG] Bot Dranon select random inn keeper pos Map:1 X:-4624.941 Y:-3176.2188 Z:41.8244 (2 available in 4)
[New RPG] Bot Dranon select random grind pos Map:1 X:-3500 Y:-4100 Z:0 (6+75 available in 654)
[New RPG] Bot Dranon select random flight taxi node from:4321 (node 32) to:179 (1 available)
[New RPG] Bot Dranon select random flight taxi node from:4321 (node 32) to:37 (1 available)
Bot GUID Full: 0x0000000000000175 Type: Player Low: 373 H:69 <Westerren> auto released
Bot GUID Full: 0x0000000000000175 Type: Player Low: 373 H:69 <Westerren> releases spirit
Checking BG Queue...
BG Queue check finished
[New RPG] Bot Paelaas select random inn keeper pos Map:1 X:-2373.846 Y:-1991.367 Z:97.2881 (3 available in 7)
[New RPG] Bot Paelaas select random grind pos Map:1 X:-2100 Y:-2500 Z:100 (21+141 available in 1091)
[New RPG] Bot Paelaas select random flight taxi node from:10378 (node 77) to:29 (1 available)
[New RPG] Bot Paelaas select random grind pos Map:1 X:-2000 Y:-2100 Z:100 (21+141 available in 1091)
Checking LFG Queue...
LFG Queue check finished
Random Bots Stats: 46 online
Bots level:
    10..19: 6 alliance, 4 horde
    20..29: 3 alliance, 3 horde
    30..39: 3 alliance, 2 horde
    40..49: 1 alliance, 2 horde
    50..59: 3 alliance, 3 horde
    60..69: 3 alliance, 5 horde
    70..79: 2 alliance, 3 horde
    80..80: 2 alliance, 1 horde
Bots race:
    Human: 5, avg lvl: 37.2
    Orc: 8, avg lvl: 45.3
    Dwarf: 4, avg lvl: 35.5
    Night Elf: 3, avg lvl: 32
    Undead: 3, avg lvl: 63.6
    Tauren: 4, avg lvl: 36.7
    Gnome: 3, avg lvl: 42.6
    Troll: 1, avg lvl: 64
    Goblin: 5, avg lvl: 51
    Blood Elf: 2, avg lvl: 45
    Draenei: 2, avg lvl: 35.5
    Worgen: 3, avg lvl: 59.6
    High Elf: 3, avg lvl: 48
Bots class:
    paladin: 46, avg lvl: 44.6
Bots role:
    tank: 0, heal: 0, dps: 46
Bots status:
    Active: 3
    Moving: 2
    In flight: 1
    On mount: 8
    In combat: 1
    In BG: 0
    In Rest: 7
    Dead: 2
Bots rpg status:
    Idle: 3, Rest: 2, GoGrind: 11, GoCamp: 3, MoveRandom: 1, MoveNpc: 7, DoQuest: 12, TravelFlight: 7, OutdoorPvP: 0
Bots total quests:
    Accepted: 80, Rewarded: 1, Dropped: 103
Bots engine:
    Non-combat: 40, Combat: 4, Dead: 2
[New RPG] Paelaas accept quest 878
Checking BG Queue...
BG Queue check finished
Including non-random bot player Female Heffer into random bot update
Checking LFG Queue...
LFG Queue check finished
Checking BG Queue...
BG Queue check finished
Checking LFG Queue...
LFG Queue check finished
[New RPG] Babine accept quest 9124
[New RPG] Bot Beawi select random inn keeper pos Map:4294967295 X:0 Y:0 Z:0 (0 available in 9)
[New RPG] Bot Beawi select random grind pos Map:4294967295 X:0 Y:0 Z:0 (0+0 available in 1145)
[New RPG] Babine accept quest 9131
Checking BG Queue...
BG Queue check finished
[New RPG] Babine accept quest 9136
Checking LFG Queue...
LFG Queue check finished
Refreshing bot GUID Full: 0x000000000000016e Type: Player Low: 366 <Thekem>
Random teleporting bot Thekem for level 57 (7 locations available)
Random teleporting bot Thekem (level 57) to Map: 1 (Kalimdor) Zone: 361 (Felwood) Area: 2479 (Emerald Sanctuary) ZoneLevel: 0 AreaLevel: 48 3979.627,-1316.9385,250.4411 (1/7 locations)
Mark bot Westerren as dead, will be revived in 261s.
Checking BG Queue...
BG Queue check finished
[New RPG] Bot Cimlan select random inn keeper pos Map:571 X:3545.5303 Y:277.91348 Z:46.1634 (2 available in 24)
[New RPG] Bot Cimlan select random grind pos Map:571 X:3800 Y:550 Z:50 (0+208 available in 2696)
[New RPG] Bot Cimlan select random flight taxi node from:28674 (node 310) to:249 (1 available)
[New RPG] Bot Cimlan select random flight taxi node from:28674 (node 310) to:254 (1 available)
Checking LFG Queue...
LFG Queue check finished
[New RPG] Bot Lucini select random inn keeper pos Map:4294967295 X:0 Y:0 Z:0 (0 available in 7)
[New RPG] Bot Lucini select random grind pos Map:0 X:-7950 Y:-2500 Z:150 (16+20 available in 615)
[New RPG] Bot Lucini select random flight taxi node from:2299 (node 71) to:66 (1 available)
Checking BG Queue...
BG Queue check finished
Checking LFG Queue...
LFG Queue check finished
Bot GUID Full: 0x0000000000000135 Type: Player Low: 309 A:31 <Bengren> auto released
Bot GUID Full: 0x0000000000000135 Type: Player Low: 309 A:31 <Bengren> releases spirit
Checking BG Queue...
BG Queue check finished
Checking LFG Queue...
LFG Queue check finished
Checking BG Queue...
BG Queue check finished
[New RPG] Bot Krunemuzz select random inn keeper pos Map:571 X:3410.4333 Y:-2792.2266 Z:202.104 (2 available in 12)
[New RPG] Bot Krunemuzz select random grind pos Map:571 X:3750 Y:-2950 Z:250 (48+289 available in 1286)
[New RPG] Bot Krunemuzz select random flight taxi node from:26880 (node 253) to:296 (1 available)
[New RPG] Bot Krunemuzz select random grind pos Map:571 X:4250 Y:-2050 Z:250 (48+289 available in 1286)
Checking LFG Queue...
LFG Queue check finished
Mark bot Bengren as dead, will be revived in 98s.
[New RPG] Bot Nileya select random inn keeper pos Map:530 X:-1233.52 Y:7164.408 Z:57.8484 (4 available in 9)
[New RPG] Bot Nileya select random grind pos Map:530 X:-2050 Y:4800 Z:0 (20+652 available in 1222)
[New RPG] Bot Nileya select random flight taxi node from:18940 (node 128) to:102 (1 available)
Checking BG Queue...
BG Queue check finished
Checking LFG Queue...
LFG Queue check finished
Random Bots Stats: 46 online
Bots level:
    10..19: 6 alliance, 4 horde
    20..29: 3 alliance, 3 horde
    30..39: 3 alliance, 2 horde
    40..49: 1 alliance, 2 horde
    50..59: 3 alliance, 3 horde
    60..69: 3 alliance, 5 horde
    70..79: 2 alliance, 3 horde
    80..80: 2 alliance, 1 horde
Bots race:
    Human: 5, avg lvl: 37.2
    Orc: 8, avg lvl: 45.3
    Dwarf: 4, avg lvl: 35.5
    Night Elf: 3, avg lvl: 32
    Undead: 3, avg lvl: 63.6
    Tauren: 4, avg lvl: 36.7
    Gnome: 3, avg lvl: 42.6
    Troll: 1, avg lvl: 64
    Goblin: 5, avg lvl: 51
    Blood Elf: 2, avg lvl: 45
    Draenei: 2, avg lvl: 35.5
    Worgen: 3, avg lvl: 59.6
    High Elf: 3, avg lvl: 48
Bots class:
    paladin: 46, avg lvl: 44.6
Bots role:
    tank: 0, heal: 0, dps: 46
Bots status:
    Active: 4
    Moving: 0
    In flight: 1
    On mount: 9
    In combat: 3
    In BG: 0
    In Rest: 6
    Dead: 3
Bots rpg status:
    Idle: 4, Rest: 3, GoGrind: 12, GoCamp: 3, MoveRandom: 1, MoveNpc: 4, DoQuest: 11, TravelFlight: 8, OutdoorPvP: 0
Bots total quests:
    Accepted: 84, Rewarded: 1, Dropped: 103
Bots engine:
    Non-combat: 38, Combat: 5, Dead: 3
[New RPG] Bot Truhlnush select random inn keeper pos Map:4294967295 X:0 Y:0 Z:0 (0 available in 13)
[New RPG] Bot Truhlnush select random grind pos Map:4294967295 X:0 Y:0 Z:0 (0+0 available in 1286)
[New RPG] Bot Ireoh select random inn keeper pos Map:1 X:-1045.2338 Y:-3666.1782 Z:24.4684 (2 available in 5)
[New RPG] Bot Ireoh select random grind pos Map:1 X:550 Y:-2450 Z:100 (34+252 available in 1239)
[New RPG] Bot Ireoh select random flight taxi node from:3615 (node 25) to:77 (1 available)
[New RPG] Bot Ireoh select random flight taxi node from:3615 (node 25) to:80 (1 available)
Checking BG Queue...
BG Queue check finished
[New RPG] Bot Ysa select random inn keeper pos Map:4294967295 X:0 Y:0 Z:0 (0 available in 12)
[New RPG] Bot Ysa select random grind pos Map:1 X:3500 Y:-4200 Z:100 (15+9 available in 480)
[New RPG] Bot Ysa select random flight taxi node from:8610 (node 44) to:40 (1 available)
[New RPG] Bot Ysa select random flight taxi node from:8610 (node 44) to:40 (1 available)
Checking LFG Queue...
LFG Queue check finished
[New RPG] Bot Dresera select random inn keeper pos Map:530 X:-4133.0415 Y:-12472.458 Z:44.6849 (1 available in 9)
[New RPG] Bot Dresera select random grind pos Map:530 X:-5300 Y:-10850 Z:0 (26+263 available in 1881)
[New RPG] Bot Mydas select random inn keeper pos Map:1 X:-6115.034 Y:-1142.5419 Z:-186.366 (1 available in 12)
[New RPG] Bot Mydas select random grind pos Map:1 X:-7950 Y:-1250 Z:-250 (10+69 available in 610)
[New RPG] Bot Mydas select random flight taxi node from:10583 (node 79) to:64 (1 available)
[New RPG] Bot Mydas select random inn keeper pos Map:1 X:-6115.034 Y:-1142.5419 Z:-186.366 (1 available in 12)
Checking BG Queue...
BG Queue check finished
[New RPG] Bot Beawi select random inn keeper pos Map:4294967295 X:0 Y:0 Z:0 (0 available in 9)
[New RPG] Bot Beawi select random grind pos Map:4294967295 X:0 Y:0 Z:0 (0+0 available in 1145)
Checking LFG Queue...
LFG Queue check finished
Checking BG Queue...
BG Queue check finished
[New RPG] Bot Pirlish select random inn keeper pos Map:0 X:-14461.046 Y:491.63226 Z:15.7129 (1 available in 7)
[New RPG] Bot Pirlish select random grind pos Map:0 X:-12100 Y:50 Z:0 (13+72 available in 615)
[New RPG] Bot Pirlish select random flight taxi node from:1387 (node 20) to:17 (1 available)
[New RPG] Bot Pirlish select random flight taxi node from:1387 (node 20) to:11 (1 available)
[New RPG] Bot Kamig select random inn keeper pos Map:530 X:3020.5603 Y:5439.18 Z:147.217 (3 available in 21)
[New RPG] Bot Kamig select random grind pos Map:530 X:2200 Y:5450 Z:150 (10+129 available in 2977)
[New RPG] Bot Kamig select random flight taxi node from:21107 (node 156) to:160 (1 available)
Checking LFG Queue...
LFG Queue check finished
[New RPG] Bot Vahaa select random inn keeper pos Map:4294967295 X:0 Y:0 Z:0 (0 available in 13)
[New RPG] Bot Vahaa select random grind pos Map:4294967295 X:0 Y:0 Z:0 (0+0 available in 1286)
Bot Cihwamio logging out
Bot Bengren logging out
Bot Flostee logging out
Bot Damaderon logging out
Bot Mydas logging out
Bot Ainimdi logging out
Bot Bily logging out
Bot Eramir logging out
Bot Kamig logging out
Bot Celda logging out
Bot Nileya logging out
Bot Aseanna logging out
Bot Tepan logging out
Bot Charonald logging out
Bot Westorn logging out
Bot Nanolii logging out
Bot Keahgevun logging out
Bot Lucini logging out
Bot Nelaedon logging out
Bot Gedsewe logging out
Bot Ysa logging out
Bot Vahaa logging out
Bot Cimlan logging out
Bot Shuhma logging out
Bot Shahge logging out
Bot Vidunuvoo logging out
Bot Thekem logging out
Bot Dresera logging out
Bot Westerren logging out
Bot Paelaas logging out
Bot Ceale logging out
Bot Truhlnush logging out
Bot Huflemak logging out
Bot Krunemuzz logging out
Bot Aleluun logging out
Bot Helriel logging out
Bot Beawi logging out
Bot Babine logging out
Bot Ellaro logging out
Bot Landraran logging out
Bot Pirlish logging out
Bot Mundibill logging out
Bot Ireoh logging out
Bot Dranon logging out
Bot Gucli logging out
Bot Dabdina logging out
Logout all bots due no real player session.
Checking BG Queue...
BG Queue check finished
Skipping invalid operation: BotLogoutGroupCleanup
Skipping invalid operation: BotLogoutGroupCleanup
Skipping invalid operation: BotLogoutGroupCleanup
Skipping invalid operation: BotLogoutGroupCleanup
Skipping invalid operation: BotLogoutGroupCleanup
Skipping invalid operation: BotLogoutGroupCleanup
Skipping invalid operation: BotLogoutGroupCleanup
Skipping invalid operation: BotLogoutGroupCleanup
Skipping invalid operation: BotLogoutGroupCleanup
Skipping invalid operation: BotLogoutGroupCleanup
Skipping invalid operation: BotLogoutGroupCleanup
Skipping invalid operation: BotLogoutGroupCleanup
Skipping invalid operation: BotLogoutGroupCleanup
Skipping invalid operation: BotLogoutGroupCleanup
Skipping invalid operation: BotLogoutGroupCleanup
Skipping invalid operation: BotLogoutGroupCleanup
Skipping invalid operation: BotLogoutGroupCleanup
Skipping invalid operation: BotLogoutGroupCleanup
Skipping invalid operation: BotLogoutGroupCleanup
Skipping invalid operation: BotLogoutGroupCleanup
Skipping invalid operation: BotLogoutGroupCleanup
Skipping invalid operation: BotLogoutGroupCleanup
Skipping invalid operation: BotLogoutGroupCleanup
Skipping invalid operation: BotLogoutGroupCleanup
Skipping invalid operation: BotLogoutGroupCleanup
Skipping invalid operation: BotLogoutGroupCleanup
Skipping invalid operation: BotLogoutGroupCleanup
Skipping invalid operation: BotLogoutGroupCleanup
Skipping invalid operation: BotLogoutGroupCleanup
Skipping invalid operation: BotLogoutGroupCleanup
Skipping invalid operation: BotLogoutGroupCleanup
Skipping invalid operation: BotLogoutGroupCleanup
Skipping invalid operation: BotLogoutGroupCleanup
Skipping invalid operation: BotLogoutGroupCleanup
Skipping invalid operation: BotLogoutGroupCleanup
Skipping invalid operation: BotLogoutGroupCleanup
Skipping invalid operation: BotLogoutGroupCleanup
Skipping invalid operation: BotLogoutGroupCleanup
Skipping invalid operation: BotLogoutGroupCleanup
Skipping invalid operation: BotLogoutGroupCleanup
Skipping invalid operation: BotLogoutGroupCleanup
Skipping invalid operation: BotLogoutGroupCleanup
Skipping invalid operation: BotLogoutGroupCleanup
Skipping invalid operation: BotLogoutGroupCleanup
Skipping invalid operation: BotLogoutGroupCleanup
Skipping invalid operation: BotLogoutGroupCleanup
Checking LFG Queue...
LFG Queue check finished
Checking BG Queue...
BG Queue check finished
Checking LFG Queue...
LFG Queue check finished
Checking BG Queue...
BG Queue check finished
46 new bots prepared to login
Checking LFG Queue...
LFG Queue check finished
[New RPG] Bot Nileya select random inn keeper pos Map:530 X:-178.91858 Y:5526.9116 Z:29.9909 (4 available in 9)
[New RPG] Bot Nileya select random grind pos Map:530 X:-2150 Y:4900 Z:0 (20+652 available in 1222)
[New RPG] Bot Nileya select random flight taxi node from:18940 (node 128) to:118 (1 available)
[New RPG] Bot Nileya select random flight taxi node from:18940 (node 128) to:160 (1 available)
Mark bot Shuhma as dead, will be revived in 130s.
Refreshing bot GUID Full: 0x0000000000000175 Type: Player Low: 373 <Westerren>
Random teleporting bot Westerren for level 69 (19 locations available)
Random teleporting bot Westerren (level 69) to Map: 530 (Outland) Zone: 3520 (Shadowmoon Valley) Area: 3938 (Sanctum of the Stars) ZoneLevel: 0 AreaLevel: 0 -4137.368,1129.373,44.5821 (1/19 locations)
Refreshing bot GUID Full: 0x0000000000000135 Type: Player Low: 309 <Bengren>
Random teleporting bot Bengren for level 31 (4 locations available)
Random teleporting bot Bengren (level 31) to Map: 1 (Kalimdor) Zone: 331 (Ashenvale) Area: 415 (Astranaar) ZoneLevel: 0 AreaLevel: 20 2776.9197,-430.3474,116.63065 (1/4 locations)
[New RPG] Bot Vahaa select random inn keeper pos Map:4294967295 X:0 Y:0 Z:0 (0 available in 13)
[New RPG] Bot Vahaa select random grind pos Map:4294967295 X:0 Y:0 Z:0 (0+0 available in 1286)
[New RPG] Bot Westerren select random inn keeper pos Map:530 X:-2988.5132 Y:863.6527 Z:-6.98924 (2 available in 19)
[New RPG] Bot Westerren select random grind pos Map:530 X:-3450 Y:900 Z:-50 (62+413 available in 2452)
[New RPG] Bot Westerren select random flight taxi node from:21766 (node 159) to:140 (1 available)
[New RPG] Bot Westerren select random inn keeper pos Map:530 X:-2967.0808 Y:2566.5464 Z:79.1 (2 available in 19)
[New RPG] Bot Huflemak select random inn keeper pos Map:0 X:-6653.29 Y:-2152.8635 Z:245.934 (1 available in 8)
[New RPG] Bot Huflemak select random grind pos Map:0 X:-6650 Y:-2850 Z:250 (20+59 available in 597)
[New RPG] Bot Huflemak select random flight taxi node from:2861 (node 21) to:11 (1 available)
[New RPG] Bot Bily select random inn keeper pos Map:4294967295 X:0 Y:0 Z:0 (0 available in 11)
[New RPG] Bot Bily select random grind pos Map:4294967295 X:0 Y:0 Z:0 (0+0 available in 1229)
[New RPG] Bot Damaderon select random inn keeper pos Map:4294967295 X:0 Y:0 Z:0 (0 available in 18)
[New RPG] Bot Damaderon select random grind pos Map:4294967295 X:0 Y:0 Z:0 (0+0 available in 2452)
[New RPG] Bot Damaderon select random flight taxi node from:1573 (node 6) to:2 (1 available)
[New RPG] Bot Shahge select random inn keeper pos Map:1 X:897.84534 Y:925.2238 Z:106.864 (1 available in 4)
[New RPG] Bot Shahge select random grind pos Map:1 X:650 Y:1450 Z:0 (14+8 available in 449)
[New RPG] Bot Shahge select random flight taxi node from:4312 (node 29) to:61 (1 available)
[New RPG] Bot Shahge select random inn keeper pos Map:1 X:897.84534 Y:925.2238 Z:106.864 (1 available in 4)
Checking BG Queue...
BG Queue check finished
Checking LFG Queue...
LFG Queue check finished
[New RPG] Bot Vidunuvoo select random inn keeper pos Map:4294967295 X:0 Y:0 Z:0 (0 available in 10)
[New RPG] Bot Vidunuvoo select random grind pos Map:0 X:-350 Y:-4200 Z:150 (1+91 available in 545)
[New RPG] Bot Vidunuvoo select random flight taxi node from:4314 (node 76) to:20 (1 available)
Including non-random bot player Female Heffer into random bot update
[New RPG] Bot Thekem select random inn keeper pos Map:1 X:5069.7134 Y:-338.5833 Z:367.963 (1 available in 7)
[New RPG] Bot Thekem select random grind pos Map:1 X:5350 Y:-550 Z:250 (0+17 available in 800)
[New RPG] Bot Thekem select random flight taxi node from:22931 (node 166) to:72 (1 available)
Checking BG Queue...
BG Queue check finished
Checking LFG Queue...
LFG Queue check finished
Random Bots Stats: 46 online
Bots level:
    10..19: 6 alliance, 4 horde
    20..29: 3 alliance, 3 horde
    30..39: 3 alliance, 2 horde
    40..49: 1 alliance, 2 horde
    50..59: 3 alliance, 3 horde
    60..69: 3 alliance, 5 horde
    70..79: 2 alliance, 3 horde
    80..80: 2 alliance, 1 horde
Bots race:
    Human: 5, avg lvl: 37.2
    Orc: 8, avg lvl: 45.3
    Dwarf: 4, avg lvl: 35.5
    Night Elf: 3, avg lvl: 32
    Undead: 3, avg lvl: 63.6
    Tauren: 4, avg lvl: 36.7
    Gnome: 3, avg lvl: 42.6
    Troll: 1, avg lvl: 64
    Goblin: 5, avg lvl: 51
    Blood Elf: 2, avg lvl: 45
    Draenei: 2, avg lvl: 35.5
    Worgen: 3, avg lvl: 59.6
    High Elf: 3, avg lvl: 48
Bots class:
    paladin: 46, avg lvl: 44.6
Bots role:
    tank: 0, heal: 0, dps: 46
Bots status:
    Active: 5
    Moving: 5
    In flight: 3
    On mount: 12
    In combat: 2
    In BG: 0
    In Rest: 6
    Dead: 1
Bots rpg status:
    Idle: 37, Rest: 1, GoGrind: 0, GoCamp: 2, MoveRandom: 0, MoveNpc: 3, DoQuest: 2, TravelFlight: 1, OutdoorPvP: 0
Bots total quests:
    Accepted: 84, Rewarded: 1, Dropped: 103
Bots engine:
    Non-combat: 42, Combat: 3, Dead: 1
[New RPG] Bot Ysa select random inn keeper pos Map:4294967295 X:0 Y:0 Z:0 (0 available in 12)
[New RPG] Bot Ysa select random grind pos Map:4294967295 X:0 Y:0 Z:0 (0+0 available in 480)
[New RPG] Bot Dranon select random inn keeper pos Map:4294967295 X:0 Y:0 Z:0 (0 available in 4)
[New RPG] Bot Dranon select random grind pos Map:4294967295 X:0 Y:0 Z:0 (0+0 available in 654)
[New RPG] Bot Eramir select random inn keeper pos Map:530 X:-178.91858 Y:5526.9116 Z:29.9909 (2 available in 7)
[New RPG] Bot Eramir select random grind pos Map:530 X:500 Y:6750 Z:-50 (18+364 available in 1117)
[New RPG] Bot Eramir select random flight taxi node from:22485 (node 164) to:117 (1 available)
[New RPG] Bot Eramir select random grind pos Map:530 X:1000 Y:7700 Z:0 (18+364 available in 1117)
[New RPG] Bot Lucini select random inn keeper pos Map:0 X:-8361.035 Y:-2739.869 Z:186.191 (1 available in 7)
[New RPG] Bot Lucini select random grind pos Map:0 X:-7950 Y:-2700 Z:150 (25+11 available in 615)
[New RPG] Bot Lucini select random flight taxi node from:2299 (node 71) to:45 (1 available)
[New RPG] Bot Dresera select random inn keeper pos Map:530 X:-4133.0415 Y:-12472.458 Z:44.6849 (1 available in 9)
[New RPG] Bot Dresera select random grind pos Map:530 X:-3250 Y:-12400 Z:0 (26+263 available in 1881)
[New RPG] Bot Celda select random inn keeper pos Map:4294967295 X:0 Y:0 Z:0 (0 available in 11)
[New RPG] Bot Celda select random grind pos Map:4294967295 X:0 Y:0 Z:0 (0+0 available in 1229)
Checking BG Queue...
BG Queue check finished
Checking LFG Queue...
LFG Queue check finished
[New RPG] Bot Ysa select random inn keeper pos Map:4294967295 X:0 Y:0 Z:0 (0 available in 12)
[New RPG] Bot Ysa select random grind pos Map:4294967295 X:0 Y:0 Z:0 (0+0 available in 480)
[New RPG] Bot Ysa select random flight taxi node from:2995 (node 22) to:179 (1 available)
[New RPG] Bot Ysa select random flight taxi node from:2995 (node 22) to:42 (1 available)
[New RPG] Bot Charonald select random inn keeper pos Map:0 X:-5378.9497 Y:-2969.0193 Z:323.752 (1 available in 5)
[New RPG] Bot Charonald select random grind pos Map:0 X:-5850 Y:-2900 Z:350 (33+45 available in 1445)
[New RPG] Bot Charonald select random flight taxi node from:1572 (node 8) to:205 (1 available)
Checking BG Queue...
BG Queue check finished
Checking LFG Queue...
LFG Queue check finished
Refreshing bot GUID Full: 0x0000000000000165 Type: Player Low: 357 <Shuhma>
Random teleporting bot Shuhma for level 68 (19 locations available)
Random teleporting bot Shuhma (level 68) to Map: 530 (Outland) Zone: 3519 (Terokkar Forest) Area: 3683 (Stonebreaker Hold) ZoneLevel: 0 AreaLevel: 0 -2622.2158,4445.319,36.143356 (1/19 locations)
[New RPG] Bot Beawi select random inn keeper pos Map:4294967295 X:0 Y:0 Z:0 (0 available in 9)
[New RPG] Bot Beawi select random grind pos Map:4294967295 X:0 Y:0 Z:0 (0+0 available in 1145)
[New RPG] Bot Flostee select random inn keeper pos Map:1 X:2338.5798 Y:-2563.2166 Z:103.357 (1 available in 4)
[New RPG] Bot Flostee select random grind pos Map:1 X:1750 Y:-1500 Z:100 (0+60 available in 602)
[New RPG] Bot Flostee select random flight taxi node from:31426 (node 23) to:61 (1 available)
[New RPG] Bot Ireoh select random inn keeper pos Map:1 X:-1045.2338 Y:-3666.1782 Z:24.4684 (3 available in 5)
[New RPG] Bot Ireoh select random grind pos Map:1 X:-200 Y:-3000 Z:100 (32+254 available in 1239)
[New RPG] Bot Ireoh select random flight taxi node from:3615 (node 25) to:77 (1 available)
Checking BG Queue...
BG Queue check finished
Checking LFG Queue...
LFG Queue check finished
Bot GUID Full: 0x0000000000000145 Type: Player Low: 325 A:63 <Eramir> auto released
Bot GUID Full: 0x0000000000000145 Type: Player Low: 325 A:63 <Eramir> releases spirit
[New RPG] Ireoh accept quest 871
[New RPG] Bot Aseanna select random inn keeper pos Map:1 X:6407.9717 Y:520.1485 Z:9.22571 (1 available in 5)
[New RPG] Bot Aseanna select random grind pos Map:1 X:6150 Y:600 Z:0 (38+142 available in 1445)
[New RPG] Bot Aseanna select random flight taxi node from:3841 (node 26) to:80 (1 available)
[New RPG] Bot Babine select random inn keeper pos Map:4294967295 X:0 Y:0 Z:0 (0 available in 7)
[New RPG] Bot Babine select random grind pos Map:0 X:2750 Y:-5400 Z:150 (18+160 available in 800)
[New RPG] Bot Babine select random flight taxi node from:12636 (node 68) to:11 (1 available)
[New RPG] Bot Babine select random grind pos Map:0 X:1700 Y:-4500 Z:50 (18+160 available in 800)
[New RPG] Bot Helriel select random inn keeper pos Map:4294967295 X:0 Y:0 Z:0 (0 available in 12)
[New RPG] Bot Helriel select random grind pos Map:0 X:-7800 Y:-2650 Z:150 (13+6 available in 610)
[New RPG] Bot Helriel select random flight taxi node from:2299 (node 71) to:6 (1 available)
[New RPG] Bot Helriel select random grind pos Map:0 X:-8050 Y:-2550 Z:150 (13+6 available in 610)
Checking BG Queue...
BG Queue check finished
Checking LFG Queue...
LFG Queue check finished
Bot GUID Full: 0x0000000000000156 Type: Player Low: 342 A:53 <Lucini> auto released
Bot GUID Full: 0x0000000000000156 Type: Player Low: 342 A:53 <Lucini> releases spirit
[New RPG] Helriel accept quest 3823
[New RPG] Bot Aleluun select random inn keeper pos Map:0 X:-10.573854 Y:-940.3345 Z:57.6621 (1 available in 4)
[New RPG] Bot Aleluun select random grind pos Map:0 X:-500 Y:-700 Z:50 (28+64 available in 602)
Bot GUID Full: 0x0000000000000156 Type: Player Low: 342 A:53 <Lucini> revives at body
[New RPG] Babine accept quest 5211
Bot GUID Full: 0x0000000000000156 Type: Player Low: 342 A:53 <Lucini> revives at body
[New RPG] Bot Ceale select random inn keeper pos Map:530 X:9476.128 Y:-6854.2715 Z:17.9246 (2 available in 10)
[New RPG] Bot Ceale select random grind pos Map:530 X:9100 Y:-7000 Z:0 (29+126 available in 1881)
Bot GUID Full: 0x0000000000000156 Type: Player Low: 342 A:53 <Lucini> revives at body
Bot GUID Full: 0x0000000000000156 Type: Player Low: 342 A:53 <Lucini> revives at body
Bot GUID Full: 0x0000000000000156 Type: Player Low: 342 A:53 <Lucini> revives at body
[New RPG] Bot Gedsewe select random inn keeper pos Map:4294967295 X:0 Y:0 Z:0 (0 available in 6)
[New RPG] Bot Gedsewe select random grind pos Map:1 X:1450 Y:-4700 Z:0 (1+0 available in 1210)
[New RPG] Bot Gedsewe select random grind pos Map:1 X:1450 Y:-4700 Z:0 (1+0 available in 1210)
[New RPG] Bot Landraran select random inn keeper pos Map:0 X:-5378.9497 Y:-2969.0193 Z:323.752 (1 available in 5)
[New RPG] Bot Landraran select random grind pos Map:0 X:-5050 Y:-2900 Z:350 (27+51 available in 1445)
[New RPG] Bot Landraran select random inn keeper pos Map:0 X:-5378.9497 Y:-2969.0193 Z:323.752 (1 available in 5)
Checking BG Queue...
BG Queue check finished
Checking LFG Queue...
LFG Queue check finished
Bot #389 <Beawi>: teleport for level and refresh
Refreshing bot GUID Full: 0x0000000000000185 Type: Player Low: 389 <Beawi>
Random teleporting bot Beawi (level 64) to Map: 530 (Outland) Zone: 3483 (Hellfire Peninsula) Area: 3554 (Falcon Watch) ZoneLevel: 0 AreaLevel: 0 -573.1212,4148.6943,68.173355 (1/9 locations)
Mark bot Lucini as dead, will be revived in 228s.
[New RPG] Bot Dranon select random inn keeper pos Map:1 X:250.6424 Y:1253.2374 Z:192.724 (1 available in 4)
[New RPG] Bot Dranon select random grind pos Map:1 X:100 Y:850 Z:150 (7+143 available in 654)
[New RPG] Bot Dranon select random flight taxi node from:6706 (node 37) to:32 (1 available)
[New RPG] Bot Pirlish select random inn keeper pos Map:4294967295 X:0 Y:0 Z:0 (0 available in 7)
[New RPG] Bot Pirlish select random grind pos Map:4294967295 X:0 Y:0 Z:0 (0+0 available in 615)
[New RPG] Bot Truhlnush select random inn keeper pos Map:4294967295 X:0 Y:0 Z:0 (0 available in 13)
[New RPG] Bot Truhlnush select random grind pos Map:4294967295 X:0 Y:0 Z:0 (0+0 available in 1286)
[New RPG] Bot Truhlnush select random flight taxi node from:16227 (node 80) to:22 (1 available)
[New RPG] Bot Mydas select random inn keeper pos Map:1 X:-6115.034 Y:-1142.5419 Z:-186.366 (1 available in 12)
[New RPG] Bot Mydas select random grind pos Map:1 X:-6700 Y:-1100 Z:-250 (6+73 available in 610)
[New RPG] Bot Mydas select random flight taxi node from:10583 (node 79) to:64 (1 available)
[New RPG] Ireoh accept quest 867
Checking BG Queue...
BG Queue check finished
Checking LFG Queue...
LFG Queue check finished
[New RPG] Bot Bengren select random inn keeper pos Map:4294967295 X:0 Y:0 Z:0 (0 available in 4)
[New RPG] Bot Bengren select random grind pos Map:1 X:3050 Y:-2800 Z:200 (0+38 available in 445)
[New RPG] Bot Bengren select random flight taxi node from:4267 (node 28) to:167 (1 available)
[New RPG] Bot Ellaro select random inn keeper pos Map:0 X:-9467.633 Y:16.714157 Z:57.5459 (1 available in 9)
[New RPG] Bot Ellaro select random grind pos Map:0 X:-9450 Y:450 Z:50 (12+118 available in 1725)
Checking BG Queue...
BG Queue check finished
Checking LFG Queue...
LFG Queue check finished
[New RPG] Bot Paelaas select random inn keeper pos Map:1 X:-411.9045 Y:-2646.682 Z:96.8063 (3 available in 7)
[New RPG] Bot Paelaas select random grind pos Map:1 X:-2150 Y:-3550 Z:100 (32+138 available in 1091)
[New RPG] Bot Paelaas select random flight taxi node from:10378 (node 77) to:58 (1 available)
Mark bot Eramir as dead, will be revived in 181s.
Checking BG Queue...
BG Queue check finished
Checking LFG Queue...
LFG Queue check finished
Random Bots Stats: 46 online
Bots level:
    10..19: 6 alliance, 4 horde
    20..29: 3 alliance, 3 horde
    30..39: 3 alliance, 2 horde
    40..49: 1 alliance, 2 horde
    50..59: 3 alliance, 3 horde
    60..69: 3 alliance, 5 horde
    70..79: 2 alliance, 3 horde
    80..80: 2 alliance, 1 horde
Bots race:
    Human: 5, avg lvl: 37.2
    Orc: 8, avg lvl: 45.3
    Dwarf: 4, avg lvl: 35.5
    Night Elf: 3, avg lvl: 32
    Undead: 3, avg lvl: 63.6
    Tauren: 4, avg lvl: 36.7
    Gnome: 3, avg lvl: 42.6
    Troll: 1, avg lvl: 64
    Goblin: 5, avg lvl: 51
    Blood Elf: 2, avg lvl: 45
    Draenei: 2, avg lvl: 35.5
    Worgen: 3, avg lvl: 59.6
    High Elf: 3, avg lvl: 48
Bots class:
    paladin: 46, avg lvl: 44.6
Bots role:
    tank: 0, heal: 0, dps: 46
Bots status:
    Active: 4
    Moving: 2
    In flight: 2
    On mount: 12
    In combat: 3
    In BG: 0
    In Rest: 5
    Dead: 2
Bots rpg status:
    Idle: 15, Rest: 3, GoGrind: 4, GoCamp: 3, MoveRandom: 1, MoveNpc: 8, DoQuest: 10, TravelFlight: 2, OutdoorPvP: 0
Bots total quests:
    Accepted: 88, Rewarded: 1, Dropped: 103
Bots engine:
    Non-combat: 40, Combat: 4, Dead: 2
[New RPG] Bot Cihwamio select random inn keeper pos Map:1 X:-6115.034 Y:-1142.5419 Z:-186.366 (1 available in 8)
[New RPG] Bot Cihwamio select random grind pos Map:1 X:-6500 Y:-1200 Z:-250 (11+29 available in 747)
[New RPG] Bot Kamig select random inn keeper pos Map:530 X:2094.0842 Y:6901.0522 Z:183.813 (3 available in 21)
[New RPG] Bot Kamig select random grind pos Map:530 X:1750 Y:5400 Z:150 (10+129 available in 2977)
[New RPG] Bot Kamig select random flight taxi node from:21107 (node 156) to:128 (1 available)
Bot GUID Full: 0x0000000000000135 Type: Player Low: 309 A:31 <Bengren> auto released
Bot GUID Full: 0x0000000000000135 Type: Player Low: 309 A:31 <Bengren> releases spirit
[New RPG] Bot Thekem select random inn keeper pos Map:1 X:5069.7134 Y:-338.5833 Z:367.963 (1 available in 7)
[New RPG] Bot Thekem select random grind pos Map:1 X:5300 Y:-500 Z:250 (0+17 available in 800)
[New RPG] Bot Thekem select random flight taxi node from:22931 (node 166) to:72 (1 available)
Checking BG Queue...
BG Queue check finished
Checking LFG Queue...
LFG Queue check finished
Random teleporting bot Ceale (level 11) to Map: 530 (Outland) Zone: 3430 (Eversong Woods) Area: 3665 (Falconwing Square) ZoneLevel: 0 AreaLevel: 6 9476.128,-6854.2715,17.489986 (4/10 locations)
[New RPG] Bot Ceale select random inn keeper pos Map:530 X:8703.977 Y:-6641.833 Z:73.3276 (1 available in 10)
[New RPG] Bot Ceale select random grind pos Map:530 X:8700 Y:-5700 Z:0 (0+95 available in 1725)
[New RPG] Bot Ceale select random flight taxi node from:16192 (node 82) to:10 (1 available)
[New RPG] Bot Cimlan select random inn keeper pos Map:571 X:3545.5303 Y:277.91348 Z:46.1634 (2 available in 24)
[New RPG] Bot Cimlan select random grind pos Map:571 X:4500 Y:-600 Z:150 (0+208 available in 2696)
[New RPG] Bot Cimlan select random flight taxi node from:28674 (node 310) to:250 (1 available)
[New RPG] Bot Cimlan select random inn keeper pos Map:571 X:3545.5303 Y:277.91348 Z:46.1634 (2 available in 24)
[New RPG] Bot Mundibill select random inn keeper pos Map:0 X:-3823.3274 Y:-829.9473 Z:10.5906 (1 available in 7)
[New RPG] Bot Mundibill select random grind pos Map:0 X:-3450 Y:-1400 Z:0 (44+102 available in 673)
[New RPG] Bot Mundibill select random grind pos Map:0 X:-3300 Y:-1100 Z:0 (44+102 available in 673)
[New RPG] Bot Ysa select random inn keeper pos Map:1 X:-7160.833 Y:-3836.974 Z:9.34809 (2 available in 12)
[New RPG] Bot Ysa select random grind pos Map:1 X:-6950 Y:-3350 Z:0 (1+88 available in 480)
[New RPG] Bot Ysa select random flight taxi node from:7824 (node 40) to:42 (1 available)
[New RPG] Bot Ysa select random grind pos Map:1 X:-7400 Y:-2600 Z:0 (1+88 available in 480)
Checking BG Queue...
BG Queue check finished
Checking LFG Queue...
LFG Queue check finished
Bot #381 <Huflemak>: teleport for level and refresh
Refreshing bot GUID Full: 0x000000000000017d Type: Player Low: 381 <Huflemak>
Random teleporting bot Huflemak (level 39) to Map: 0 (Eastern Kingdoms) Zone: 8 (Swamp of Sorrows) Area: 75 (Stonard) ZoneLevel: 0 AreaLevel: 37 -10482.327,-3258.3174,21.085024 (1/8 locations)
[New RPG] Ysa accept quest 2781
[New RPG] Ysa accept quest 2875
[New RPG] Bot Gucli select random inn keeper pos Map:530 X:187.10245 Y:2614.2102 Z:87.8669 (2 available in 6)
[New RPG] Bot Gucli select random grind pos Map:530 X:-1150 Y:1950 Z:50 (38+256 available in 1117)
[New RPG] Bot Gucli select random flight taxi node from:19558 (node 141) to:118 (1 available)
[New RPG] Bot Gucli select random grind pos Map:530 X:100 Y:4100 Z:50 (38+256 available in 1117)
Mark bot Bengren as dead, will be revived in 211s.
[New RPG] Bot Beawi select random inn keeper pos Map:4294967295 X:0 Y:0 Z:0 (0 available in 9)
[New RPG] Bot Beawi select random grind pos Map:4294967295 X:0 Y:0 Z:0 (0+0 available in 1145)
[New RPG] Bot Shuhma select random inn keeper pos Map:4294967295 X:0 Y:0 Z:0 (0 available in 19)
[New RPG] Bot Shuhma select random grind pos Map:530 X:-2950 Y:4450 Z:-50 (25+97 available in 2088)
[New RPG] Bot Shuhma select random flight taxi node from:18807 (node 127) to:120 (1 available)
[New RPG] Gucli accept quest 10278
[New RPG] Gucli accept quest 10220
[New RPG] Bot Vahaa select random inn keeper pos Map:4294967295 X:0 Y:0 Z:0 (0 available in 13)
[New RPG] Bot Vahaa select random grind pos Map:4294967295 X:0 Y:0 Z:0 (0+0 available in 1286)
[New RPG] Shuhma accept quest 10027
[New RPG] Gucli accept quest 10809
Checking BG Queue...
BG Queue check finished
Checking LFG Queue...
LFG Queue check finished
[New RPG] Shuhma accept quest 10034
Bot GUID Full: 0x0000000000000135 Type: Player Low: 309 A:31 <Bengren> revives at body
Bot GUID Full: 0x0000000000000145 Type: Player Low: 325 A:63 <Eramir> revives at body
Bot #317 <Mydas>: teleport for level and refresh
Refreshing bot GUID Full: 0x000000000000013d Type: Player Low: 317 <Mydas>
Random teleporting bot Mydas (level 51) to Map: 1 (Kalimdor) Zone: 440 (Tanaris) Area: 976 (Gadgetzan) ZoneLevel: 0 AreaLevel: 40 -7160.833,-3836.974,8.685357 (1/12 locations)
[New RPG] Bot Westorn select random inn keeper pos Map:1 X:-3619.139 Y:-4466.8267 Z:14.8286 (2 available in 5)
[New RPG] Bot Westorn select random grind pos Map:1 X:-3000 Y:-4350 Z:0 (4+128 available in 517)
[New RPG] Bot Keahgevun select random inn keeper pos Map:4294967295 X:0 Y:0 Z:0 (0 available in 6)
[New RPG] Bot Keahgevun select random grind pos Map:4294967295 X:0 Y:0 Z:0 (0+0 available in 583)
Checking BG Queue...
BG Queue check finished
Checking LFG Queue...
LFG Queue check finished
[New RPG] Bot Bily select random inn keeper pos Map:4294967295 X:0 Y:0 Z:0 (0 available in 11)
[New RPG] Bot Bily select random grind pos Map:4294967295 X:0 Y:0 Z:0 (0+0 available in 1229)
[New RPG] Ireoh accept quest 844
Bot GUID Full: 0x0000000000000145 Type: Player Low: 325 A:63 <Eramir> auto released
Bot GUID Full: 0x0000000000000145 Type: Player Low: 325 A:63 <Eramir> releases spirit
Bot GUID Full: 0x000000000000016e Type: Player Low: 366 H:57 <Thekem> auto released
Bot GUID Full: 0x000000000000016e Type: Player Low: 366 H:57 <Thekem> releases spirit
Checking BG Queue...
BG Queue check finished
Checking LFG Queue...
LFG Queue check finished
Bot GUID Full: 0x000000000000016e Type: Player Low: 366 H:57 <Thekem> revives at body
Bot GUID Full: 0x000000000000016e Type: Player Low: 366 H:57 <Thekem> revives at body
[New RPG] Bot Huflemak select random inn keeper pos Map:4294967295 X:0 Y:0 Z:0 (0 available in 8)
[New RPG] Bot Huflemak select random grind pos Map:0 X:-10150 Y:-3500 Z:0 (25+19 available in 597)
[New RPG] Bot Huflemak select random flight taxi node from:6026 (node 56) to:18 (1 available)
Checking BG Queue...
BG Queue check finished
Checking LFG Queue...
LFG Queue check finished
[New RPG] Bot Dranon select random inn keeper pos Map:1 X:250.6424 Y:1253.2374 Z:192.724 (1 available in 4)
[New RPG] Bot Dranon select random grind pos Map:1 X:-250 Y:800 Z:100 (7+143 available in 654)
[New RPG] Bot Dranon select random flight taxi node from:6706 (node 37) to:179 (1 available)
Checking BG Queue...
BG Queue check finished
Checking LFG Queue...
LFG Queue check finished
Mark bot Thekem as dead, will be revived in 197s.
Random Bots Stats: 46 online
Bots level:
    10..19: 6 alliance, 4 horde
    20..29: 3 alliance, 3 horde
    30..39: 3 alliance, 2 horde
    40..49: 1 alliance, 2 horde
    50..59: 3 alliance, 3 horde
    60..69: 3 alliance, 5 horde
    70..79: 2 alliance, 3 horde
    80..80: 2 alliance, 1 horde
Bots race:
    Human: 5, avg lvl: 37.2
    Orc: 8, avg lvl: 45.3
    Dwarf: 4, avg lvl: 35.5
    Night Elf: 3, avg lvl: 32
    Undead: 3, avg lvl: 63.6
    Tauren: 4, avg lvl: 36.7
    Gnome: 3, avg lvl: 42.6
    Troll: 1, avg lvl: 64
    Goblin: 5, avg lvl: 51
    Blood Elf: 2, avg lvl: 45.5
    Draenei: 2, avg lvl: 35.5
    Worgen: 3, avg lvl: 59.6
    High Elf: 3, avg lvl: 48
Bots class:
    paladin: 46, avg lvl: 44.7
Bots role:
    tank: 0, heal: 0, dps: 46
Bots status:
    Active: 0
    Moving: 0
    In flight: 0
    On mount: 10
    In combat: 0
    In BG: 0
    In Rest: 6
    Dead: 3
Bots rpg status:
    Idle: 7, Rest: 4, GoGrind: 7, GoCamp: 4, MoveRandom: 0, MoveNpc: 9, DoQuest: 14, TravelFlight: 1, OutdoorPvP: 0
Bots total quests:
    Accepted: 96, Rewarded: 1, Dropped: 103
Bots engine:
    Non-combat: 42, Combat: 1, Dead: 3
[New RPG] Ysa accept quest 2741
[New RPG] Bot Bily select random inn keeper pos Map:4294967295 X:0 Y:0 Z:0 (0 available in 11)
[New RPG] Bot Bily select random grind pos Map:4294967295 X:0 Y:0 Z:0 (0+0 available in 1229)
Checking BG Queue...
BG Queue check finished
Checking LFG Queue...
LFG Queue check finished
[New RPG] Ysa accept quest 5863
Refreshing bot GUID Full: 0x0000000000000156 Type: Player Low: 342 <Lucini>
Random teleporting bot Lucini for level 53 (7 locations available)
Random teleporting bot Lucini (level 53) to Map: 0 (Eastern Kingdoms) Zone: 28 (Western Plaguelands) Area: 3197 (Chillwind Camp) ZoneLevel: 0 AreaLevel: 0 932.51324,-1431.7295,64.57397 (1/7 locations)
[New RPG] Bot Truhlnush select random inn keeper pos Map:4294967295 X:0 Y:0 Z:0 (0 available in 13)
[New RPG] Bot Truhlnush select random grind pos Map:4294967295 X:0 Y:0 Z:0 (0+0 available in 1286)
Checking BG Queue...
BG Queue check finished
Checking LFG Queue...
LFG Queue check finished
Refreshing bot GUID Full: 0x0000000000000145 Type: Player Low: 325 <Eramir>
Random teleporting bot Eramir for level 63 (7 locations available)
Random teleporting bot Eramir (level 63) to Map: 530 (Outland) Zone: 3483 (Hellfire Peninsula) Area: 3538 (Honor Hold) ZoneLevel: 0 AreaLevel: 0 -707.24316,2734.4023,94.783455 (1/7 locations)
[New RPG] Bot Ainimdi select random inn keeper pos Map:0 X:-5378.9497 Y:-2969.0193 Z:323.752 (1 available in 5)
[New RPG] Bot Ainimdi select random grind pos Map:0 X:-5500 Y:-3500 Z:300 (39+51 available in 1239)
[New RPG] Bot Ainimdi select random flight taxi node from:1572 (node 8) to:4 (1 available)
[New RPG] Bot Lucini select random inn keeper pos Map:0 X:1938.6797 Y:-2559.4805 Z:61.4247 (1 available in 7)
[New RPG] Bot Lucini select random grind pos Map:0 X:1850 Y:-1600 Z:50 (10+43 available in 615)
[New RPG] Bot Lucini select random flight taxi node from:12596 (node 66) to:2 (1 available)
Checking BG Queue...
BG Queue check finished
Checking LFG Queue...
LFG Queue check finished
[New RPG] Bot Mydas select random inn keeper pos Map:1 X:-8154.0947 Y:-4860.675 Z:-24.2839 (1 available in 12)
[New RPG] Bot Mydas select random grind pos Map:1 X:-8850 Y:-3000 Z:50 (0+111 available in 610)
[New RPG] Bot Tepan select random inn keeper pos Map:1 X:2726.8015 Y:1494.2 Z:238.093 (1 available in 5)
[New RPG] Bot Tepan select random grind pos Map:1 X:700 Y:1800 Z:0 (21+1 available in 449)
[New RPG] Bot Krunemuzz select random inn keeper pos Map:571 X:3410.4333 Y:-2792.2266 Z:202.104 (2 available in 12)
[New RPG] Bot Krunemuzz select random grind pos Map:571 X:3300 Y:-2550 Z:50 (46+273 available in 1286)
[New RPG] Bot Krunemuzz select random flight taxi node from:26880 (node 253) to:255 (1 available)
[New RPG] Bot Krunemuzz select random grind pos Map:571 X:4250 Y:-4450 Z:200 (46+273 available in 1286)
[New RPG] Mydas accept quest 5863
[New RPG] Huflemak accept quest 9440
[New RPG] Bot Pirlish select random inn keeper pos Map:4294967295 X:0 Y:0 Z:0 (0 available in 7)
[New RPG] Bot Pirlish select random grind pos Map:0 X:700 Y:-600 Z:150 (0+77 available in 615)
[New RPG] Bot Pirlish select random flight taxi node from:4551 (node 11) to:20 (1 available)
[New RPG] Bot Pirlish select random flight taxi node from:4551 (node 11) to:18 (1 available)
Checking BG Queue...
BG Queue check finished
Checking LFG Queue...
LFG Queue check finished
Bot #360 <Shahge>: teleport for level and refresh
Refreshing bot GUID Full: 0x0000000000000168 Type: Player Low: 360 <Shahge>
Random teleporting bot Shahge (level 29) to Map: 0 (Eastern Kingdoms) Zone: 267 (Hillsbrad Foothills) Area: 272 (Tarren Mill) ZoneLevel: 0 AreaLevel: 20 -10.573854,-940.3345,57.222317 (1/4 locations)
[New RPG] Bot Keahgevun select random inn keeper pos Map:4294967295 X:0 Y:0 Z:0 (0 available in 6)
[New RPG] Bot Keahgevun select random grind pos Map:4294967295 X:0 Y:0 Z:0 (0+0 available in 583)
Bot Cihwamio logging out
Bot Bengren logging out
Bot Flostee logging out
Bot Damaderon logging out
Bot Mydas logging out
Bot Ainimdi logging out
Bot Bily logging out
Bot Eramir logging out
Bot Kamig logging out
Bot Celda logging out
Bot Nileya logging out
Bot Aseanna logging out
Bot Tepan logging out
Bot Charonald logging out
Bot Westorn logging out
Bot Nanolii logging out
Bot Keahgevun logging out
Bot Lucini logging out
Bot Nelaedon logging out
Bot Gedsewe logging out
Bot Ysa logging out
Bot Vahaa logging out
Bot Cimlan logging out
Bot Shuhma logging out
Bot Shahge logging out
Bot Vidunuvoo logging out
Bot Thekem logging out
Bot Dresera logging out
Bot Westerren logging out
Bot Paelaas logging out
Bot Ceale logging out
Bot Truhlnush logging out
Bot Huflemak logging out
Bot Krunemuzz logging out
Bot Aleluun logging out
Bot Helriel logging out
Bot Beawi logging out
Bot Babine logging out
Bot Ellaro logging out
Bot Landraran logging out
Bot Pirlish logging out
Bot Mundibill logging out
Bot Ireoh logging out
Bot Dranon logging out
Bot Gucli logging out
Bot Dabdina logging out
Logout all bots due no real player session.
Checking BG Queue...
BG Queue check finished
Checking LFG Queue...
LFG Queue check finished
Skipping invalid operation: BotLogoutGroupCleanup
Skipping invalid operation: BotLogoutGroupCleanup
Skipping invalid operation: BotLogoutGroupCleanup
Skipping invalid operation: BotLogoutGroupCleanup
Skipping invalid operation: BotLogoutGroupCleanup
Skipping invalid operation: BotLogoutGroupCleanup
Skipping invalid operation: BotLogoutGroupCleanup
Skipping invalid operation: BotLogoutGroupCleanup
Skipping invalid operation: BotLogoutGroupCleanup
Skipping invalid operation: BotLogoutGroupCleanup
Skipping invalid operation: BotLogoutGroupCleanup
Skipping invalid operation: BotLogoutGroupCleanup
Skipping invalid operation: BotLogoutGroupCleanup
Skipping invalid operation: BotLogoutGroupCleanup
Skipping invalid operation: BotLogoutGroupCleanup
Skipping invalid operation: BotLogoutGroupCleanup
Skipping invalid operation: BotLogoutGroupCleanup
Skipping invalid operation: BotLogoutGroupCleanup
Skipping invalid operation: BotLogoutGroupCleanup
Skipping invalid operation: BotLogoutGroupCleanup
Skipping invalid operation: BotLogoutGroupCleanup
Skipping invalid operation: BotLogoutGroupCleanup
Skipping invalid operation: BotLogoutGroupCleanup
Skipping invalid operation: BotLogoutGroupCleanup
Skipping invalid operation: BotLogoutGroupCleanup
Skipping invalid operation: BotLogoutGroupCleanup
Skipping invalid operation: BotLogoutGroupCleanup
Skipping invalid operation: BotLogoutGroupCleanup
Skipping invalid operation: BotLogoutGroupCleanup
Skipping invalid operation: BotLogoutGroupCleanup
Skipping invalid operation: BotLogoutGroupCleanup
Skipping invalid operation: BotLogoutGroupCleanup
Skipping invalid operation: BotLogoutGroupCleanup
Skipping invalid operation: BotLogoutGroupCleanup
Skipping invalid operation: BotLogoutGroupCleanup
Skipping invalid operation: BotLogoutGroupCleanup
Skipping invalid operation: BotLogoutGroupCleanup
Skipping invalid operation: BotLogoutGroupCleanup
Skipping invalid operation: BotLogoutGroupCleanup
Skipping invalid operation: BotLogoutGroupCleanup
Skipping invalid operation: BotLogoutGroupCleanup
Skipping invalid operation: BotLogoutGroupCleanup
Skipping invalid operation: BotLogoutGroupCleanup
Skipping invalid operation: BotLogoutGroupCleanup
Skipping invalid operation: BotLogoutGroupCleanup
Skipping invalid operation: BotLogoutGroupCleanup
Checking BG Queue...
BG Queue check finished
Checking LFG Queue...
LFG Queue check finished
Checking BG Queue...
BG Queue check finished
Checking LFG Queue...
LFG Queue check finished
Checking BG Queue...
BG Queue check finished
Checking LFG Queue...
LFG Queue check finished
Random Bots Stats: 0 online
Bots level:
Bots race:
Bots class:
Bots role:
    tank: 0, heal: 0, dps: 0
Bots status:
    Active: 0
    Moving: 0
    In flight: 0
    On mount: 0
    In combat: 0
    In BG: 0
    In Rest: 0
    Dead: 0
Bots rpg status:
    Idle: 0, Rest: 0, GoGrind: 0, GoCamp: 0, MoveRandom: 0, MoveNpc: 0, DoQuest: 0, TravelFlight: 0, OutdoorPvP: 0
Bots total quests:
    Accepted: 96, Rewarded: 1, Dropped: 103
Bots engine:
    Non-combat: 0, Combat: 0, Dead: 0
Including non-random bot player Female Heffer into random bot update
Checking BG Queue...
BG Queue check finished
Checking LFG Queue...
LFG Queue check finished
46 new bots prepared to login
[New RPG] Bot Aleluun select random inn keeper pos Map:0 X:-10.573854 Y:-940.3345 Z:57.6621 (1 available in 4)
[New RPG] Bot Aleluun select random grind pos Map:0 X:-850 Y:150 Z:0 (28+64 available in 602)
[New RPG] Bot Ellaro select random inn keeper pos Map:0 X:-9467.633 Y:16.714157 Z:57.5459 (1 available in 9)
[New RPG] Bot Ellaro select random grind pos Map:0 X:-9350 Y:500 Z:50 (8+122 available in 1725)
[New RPG] Bot Ellaro select random flight taxi node from:352 (node 2) to:4 (1 available)
[New RPG] Bot Babine select random inn keeper pos Map:0 X:2298.104 Y:-5340.945 Z:91.3799 (1 available in 7)
[New RPG] Bot Babine select random grind pos Map:0 X:1950 Y:-5100 Z:100 (18+166 available in 800)
[New RPG] Bot Babine select random flight taxi node from:12636 (node 68) to:70 (1 available)
[New RPG] Babine accept quest 6021
Refreshing bot GUID Full: 0x000000000000016e Type: Player Low: 366 <Thekem>
Random teleporting bot Thekem for level 57 (7 locations available)
Random teleporting bot Thekem (level 57) to Map: 1 (Kalimdor) Zone: 1377 (Silithus) Area: 3425 (Cenarion Hold) ZoneLevel: 0 AreaLevel: 55 -6863.6255,732.26135,45.71212 (1/7 locations)
Bot #325 <Eramir>: teleport for level and refresh
Refreshing bot GUID Full: 0x0000000000000145 Type: Player Low: 325 <Eramir>
Random teleporting bot Eramir (level 63) to Map: 530 (Outland) Zone: 3521 (Zangarmarsh) Area: 3766 (Orebor Harborage) ZoneLevel: 0 AreaLevel: 0 1052.6064,7367.71,39.633396 (1/7 locations)
Bot #331 <Aseanna>: teleport for level and refresh
Refreshing bot GUID Full: 0x000000000000014b Type: Player Low: 331 <Aseanna>
Random teleporting bot Aseanna (level 13) to Map: 1 (Kalimdor) Zone: 148 (Darkshore) Area: 442 (Auberdine) ZoneLevel: 0 AreaLevel: 12 6407.9717,520.1485,8.704459 (2/5 locations)
Bot #339 <Keahgevun>: teleport for level and refresh
Refreshing bot GUID Full: 0x0000000000000153 Type: Player Low: 339 <Keahgevun>
Random teleporting bot Keahgevun (level 26) to Map: 0 (Eastern Kingdoms) Zone: 10 (Duskwood) Area: 42 (Darkshire) ZoneLevel: 0 AreaLevel: 25 -10519.146,-1165.0957,27.796074 (1/6 locations)
[New RPG] Bot Helriel select random inn keeper pos Map:0 X:-8361.035 Y:-2739.869 Z:186.191 (1 available in 12)
[New RPG] Bot Helriel select random grind pos Map:0 X:-7900 Y:-2900 Z:150 (18+1 available in 610)
[New RPG] Bot Helriel select random flight taxi node from:2299 (node 71) to:383 (1 available)
[New RPG] Bot Celda select random inn keeper pos Map:4294967295 X:0 Y:0 Z:0 (0 available in 11)
[New RPG] Bot Celda select random grind pos Map:4294967295 X:0 Y:0 Z:0 (0+0 available in 1229)
Checking BG Queue...
BG Queue check finished
Checking LFG Queue...
LFG Queue check finished
Bot #388 <Helriel>: teleport for level and refresh
Refreshing bot GUID Full: 0x0000000000000184 Type: Player Low: 388 <Helriel>
Random teleporting bot Helriel (level 51) to Map: 0 (Eastern Kingdoms) Zone: 28 (Western Plaguelands) Area: 3197 (Chillwind Camp) ZoneLevel: 0 AreaLevel: 0 932.51324,-1431.7295,64.57397 (1/12 locations)
Bot #308 <Cihwamio>: teleport for level and refresh
Refreshing bot GUID Full: 0x0000000000000134 Type: Player Low: 308 <Cihwamio>
Random teleporting bot Cihwamio (level 56) to Map: 0 (Eastern Kingdoms) Zone: 28 (Western Plaguelands) Area: 2620 (Thondroril River) ZoneLevel: 0 AreaLevel: 0 1938.6797,-2559.4805,61.656353 (1/8 locations)
[New RPG] Bot Helriel select random inn keeper pos Map:0 X:1938.6797 Y:-2559.4805 Z:61.4247 (1 available in 12)
[New RPG] Bot Helriel select random grind pos Map:0 X:1150 Y:-1700 Z:50 (9+20 available in 610)
[New RPG] Bot Helriel select random flight taxi node from:12596 (node 66) to:2 (1 available)
[New RPG] Bot Nanolii select random inn keeper pos Map:1 X:6699.4355 Y:-4670.465 Z:722.15 (1 available in 8)
[New RPG] Bot Nanolii select random grind pos Map:1 X:5750 Y:-4500 Z:750 (1+81 available in 1022)
[New RPG] Bot Nanolii select random flight taxi node from:11138 (node 52) to:73 (1 available)
[New RPG] Bot Charonald select random inn keeper pos Map:0 X:-5378.9497 Y:-2969.0193 Z:323.752 (1 available in 5)
[New RPG] Bot Charonald select random grind pos Map:0 X:-5100 Y:-2900 Z:350 (30+48 available in 1445)
[New RPG] Bot Charonald select random flight taxi node from:1572 (node 8) to:205 (1 available)
[New RPG] Bot Keahgevun select random inn keeper pos Map:4294967295 X:0 Y:0 Z:0 (0 available in 6)
[New RPG] Bot Keahgevun select random grind pos Map:0 X:-10650 Y:-800 Z:50 (16+43 available in 583)
[New RPG] Bot Keahgevun select random flight taxi node from:2409 (node 12) to:7 (1 available)
[New RPG] Bot Keahgevun select random grind pos Map:0 X:-10200 Y:-900 Z:50 (16+43 available in 583)
[New RPG] Bot Dresera select random inn keeper pos Map:530 X:-4133.0415 Y:-12472.458 Z:44.6849 (1 available in 9)
[New RPG] Bot Dresera select random grind pos Map:530 X:-3600 Y:-12250 Z:0 (73+216 available in 1881)
[New RPG] Bot Beawi select random inn keeper pos Map:4294967295 X:0 Y:0 Z:0 (0 available in 9)
[New RPG] Bot Beawi select random grind pos Map:4294967295 X:0 Y:0 Z:0 (0+0 available in 1145)
Checking BG Queue...
BG Queue check finished
Checking LFG Queue...
LFG Queue check finished
[New RPG] Bot Pirlish select random inn keeper pos Map:4294967295 X:0 Y:0 Z:0 (0 available in 7)
[New RPG] Bot Pirlish select random grind pos Map:0 X:700 Y:-950 Z:150 (19+57 available in 615)
[New RPG] Bot Pirlish select random grind pos Map:0 X:-50 Y:-200 Z:150 (19+57 available in 615)
[New RPG] Bot Aseanna select random inn keeper pos Map:4294967295 X:0 Y:0 Z:0 (0 available in 5)
[New RPG] Bot Aseanna select random grind pos Map:1 X:6200 Y:400 Z:50 (43+137 available in 1445)
[New RPG] Bot Aseanna select random flight taxi node from:3841 (node 26) to:80 (1 available)
[New RPG] Bot Westerren select random inn keeper pos Map:530 X:-4137.368 Y:1129.373 Z:45.1148 (3 available in 19)
[New RPG] Bot Westerren select random grind pos Map:530 X:-3300 Y:1250 Z:50 (35+440 available in 2452)
[New RPG] Bot Westerren select random flight taxi node from:21766 (node 159) to:128 (1 available)
[New RPG] Bot Westerren select random grind pos Map:530 X:-4300 Y:1300 Z:100 (35+440 available in 2452)
Checking BG Queue...
BG Queue check finished
Checking LFG Queue...
LFG Queue check finished
Including non-random bot player Female Heffer into random bot update
[New RPG] Bot Beawi select random inn keeper pos Map:4294967295 X:0 Y:0 Z:0 (0 available in 9)
[New RPG] Bot Beawi select random grind pos Map:4294967295 X:0 Y:0 Z:0 (0+0 available in 1145)
[New RPG] Bot Tepan select random inn keeper pos Map:1 X:2726.8015 Y:1494.2 Z:238.093 (1 available in 5)
[New RPG] Bot Tepan select random grind pos Map:1 X:700 Y:1950 Z:0 (21+1 available in 449)
[New RPG] Bot Dabdina select random inn keeper pos Map:571 X:5761.892 Y:-3557.8516 Z:387.633 (2 available in 13)
[New RPG] Bot Dabdina select random grind pos Map:571 X:6800 Y:-4450 Z:450 (0+116 available in 1229)
[New RPG] Bot Dabdina select random flight taxi node from:28623 (node 304) to:335 (1 available)
Checking BG Queue...
BG Queue check finished
Checking LFG Queue...
LFG Queue check finished
Including non-random bot player Zach into random bot update
[New RPG] Bot Ceale select random inn keeper pos Map:530 X:8703.977 Y:-6641.833 Z:73.3276 (2 available in 10)
[New RPG] Bot Ceale select random grind pos Map:530 X:8800 Y:-5700 Z:0 (0+95 available in 1725)
[New RPG] Bot Ceale select random flight taxi node from:16192 (node 82) to:11 (1 available)
Bot GUID Full: 0x0000000000000175 Type: Player Low: 373 H:69 <Westerren> auto released
Bot GUID Full: 0x0000000000000175 Type: Player Low: 373 H:69 <Westerren> releases spirit
[New RPG] Bot Mydas select random inn keeper pos Map:1 X:-8154.0947 Y:-4860.675 Z:-24.2839 (1 available in 12)
[New RPG] Bot Mydas select random grind pos Map:1 X:-8800 Y:-3500 Z:0 (0+111 available in 610)
[New RPG] Mydas accept quest 2741
[New RPG] Mydas accept quest 3022
Including non-random bot player Female Heffer into random bot update
[New RPG] Bot Cimlan select random inn keeper pos Map:571 X:3545.5303 Y:277.91348 Z:46.1634 (2 available in 24)
[New RPG] Bot Cimlan select random grind pos Map:571 X:3250 Y:600 Z:50 (0+218 available in 2696)
[New RPG] Bot Cimlan select random flight taxi node from:28674 (node 310) to:250 (1 available)
[New RPG] Bot Mydas select random inn keeper pos Map:1 X:-8154.0947 Y:-4860.675 Z:-24.2839 (1 available in 12)
[New RPG] Bot Mydas select random grind pos Map:1 X:-7850 Y:-2500 Z:-50 (0+111 available in 610)
[New RPG] Bot Mydas select random flight taxi node from:7823 (node 39) to:79 (1 available)
[New RPG] Bot Paelaas select random inn keeper pos Map:1 X:-1045.2338 Y:-3666.1782 Z:24.4684 (3 available in 7)
[New RPG] Bot Paelaas select random grind pos Map:1 X:-2150 Y:-3550 Z:100 (33+137 available in 1091)
[New RPG] Bot Paelaas select random flight taxi node from:10378 (node 77) to:58 (1 available)
Checking BG Queue...
BG Queue check finished
Checking LFG Queue...
LFG Queue check finished
[New RPG] Bot Kamig select random inn keeper pos Map:530 X:2094.0842 Y:6901.0522 Z:183.813 (2 available in 21)
[New RPG] Bot Kamig select random grind pos Map:530 X:1900 Y:5400 Z:150 (10+129 available in 2977)
[New RPG] Bot Kamig select random flight taxi node from:21107 (node 156) to:125 (1 available)
[New RPG] Bot Ainimdi select random inn keeper pos Map:0 X:-5378.9497 Y:-2969.0193 Z:323.752 (1 available in 5)
[New RPG] Bot Ainimdi select random grind pos Map:0 X:-4800 Y:-3400 Z:300 (47+43 available in 1239)
[New RPG] Bot Ainimdi select random flight taxi node from:1572 (node 8) to:205 (1 available)
[New RPG] Bot Landraran select random inn keeper pos Map:0 X:-5378.9497 Y:-2969.0193 Z:323.752 (1 available in 5)
[New RPG] Bot Landraran select random grind pos Map:0 X:-4900 Y:-3250 Z:300 (28+50 available in 1445)
Bot GUID Full: 0x0000000000000175 Type: Player Low: 373 H:69 <Westerren> revives at body
[New RPG] Bot Bengren select random inn keeper pos Map:4294967295 X:0 Y:0 Z:0 (0 available in 4)
[New RPG] Bot Bengren select random grind pos Map:1 X:1650 Y:-1450 Z:150 (0+37 available in 445)
[New RPG] Bot Bengren select random flight taxi node from:4267 (node 28) to:37 (1 available)
[New RPG] Bot Lucini select random inn keeper pos Map:0 X:932.51324 Y:-1431.7295 Z:65.3343 (2 available in 7)
[New RPG] Bot Lucini select random grind pos Map:0 X:1850 Y:-1550 Z:50 (7+46 available in 615)
[New RPG] Bot Lucini select random flight taxi node from:12596 (node 66) to:45 (1 available)
Checking BG Queue...
BG Queue check finished
Checking LFG Queue...
LFG Queue check finished
Checking BG Queue...
BG Queue check finished
Checking LFG Queue...
LFG Queue check finished
Random Bots Stats: 46 online
Bots level:
    10..19: 6 alliance, 4 horde
    20..29: 3 alliance, 3 horde
    30..39: 3 alliance, 2 horde
    40..49: 1 alliance, 2 horde
    50..59: 3 alliance, 3 horde
    60..69: 3 alliance, 5 horde
    70..79: 2 alliance, 3 horde
    80..80: 2 alliance, 1 horde
Bots race:
    Human: 5, avg lvl: 37.2
    Orc: 8, avg lvl: 45.3
    Dwarf: 4, avg lvl: 35.5
    Night Elf: 3, avg lvl: 32
    Undead: 3, avg lvl: 63.6
    Tauren: 4, avg lvl: 36.7
    Gnome: 3, avg lvl: 42.6
    Troll: 1, avg lvl: 64
    Goblin: 5, avg lvl: 51
    Blood Elf: 2, avg lvl: 45.5
    Draenei: 2, avg lvl: 35.5
    Worgen: 3, avg lvl: 59.6
    High Elf: 3, avg lvl: 48
Bots class:
    paladin: 46, avg lvl: 44.7
Bots role:
    tank: 0, heal: 0, dps: 46
Bots status:
    Active: 4
    Moving: 1
    In flight: 1
    On mount: 14
    In combat: 3
    In BG: 0
    In Rest: 4
    Dead: 1
Bots rpg status:
    Idle: 23, Rest: 2, GoGrind: 3, GoCamp: 0, MoveRandom: 2, MoveNpc: 5, DoQuest: 11, TravelFlight: 0, OutdoorPvP: 0
Bots total quests:
    Accepted: 99, Rewarded: 1, Dropped: 103
Bots engine:
    Non-combat: 39, Combat: 6, Dead: 1
Bot #366 <Thekem>: teleport for level and refresh
Refreshing bot GUID Full: 0x000000000000016e Type: Player Low: 366 <Thekem>
Random teleporting bot Thekem (level 57) to Map: 0 (Eastern Kingdoms) Zone: 46 (Burning Steppes) Area: 251 (Flame Crest) ZoneLevel: 0 AreaLevel: 0 -7506.9277,-2186.6743,164.74553 (1/7 locations)
[New RPG] Bot Nanolii select random inn keeper pos Map:1 X:6699.4355 Y:-4670.465 Z:722.15 (1 available in 8)
[New RPG] Bot Nanolii select random grind pos Map:1 X:7250 Y:-4700 Z:700 (1+81 available in 1022)
[New RPG] Bot Nanolii select random flight taxi node from:11138 (node 52) to:73 (1 available)
[New RPG] Bot Nanolii select random grind pos Map:1 X:7500 Y:-4900 Z:700 (1+81 available in 1022)
[New RPG] Bot Mundibill select random inn keeper pos Map:0 X:-3823.3274 Y:-829.9473 Z:10.5906 (1 available in 7)
[New RPG] Bot Mundibill select random grind pos Map:0 X:-4150 Y:-2950 Z:0 (45+101 available in 673)
[New RPG] Bot Thekem select random inn keeper pos Map:4294967295 X:0 Y:0 Z:0 (0 available in 7)
[New RPG] Bot Thekem select random grind pos Map:0 X:-7850 Y:-2150 Z:150 (12+33 available in 800)
[New RPG] Bot Thekem select random flight taxi node from:13177 (node 70) to:11 (1 available)
Bot GUID Full: 0x0000000000000175 Type: Player Low: 373 H:69 <Westerren> auto released
Bot GUID Full: 0x0000000000000175 Type: Player Low: 373 H:69 <Westerren> releases spirit
Bot GUID Full: 0x0000000000000175 Type: Player Low: 373 H:69 <Westerren> revives at body
Bot GUID Full: 0x0000000000000175 Type: Player Low: 373 H:69 <Westerren> revives at body
Mark bot Westerren as dead, will be revived in 92s.
Bot #327 <Celda>: teleport for level and refresh
Refreshing bot GUID Full: 0x0000000000000147 Type: Player Low: 327 <Celda>
Random teleporting bot Celda (level 80) to Map: 571 (Northrend) Zone: 4395 (Dalaran) Area: 4395 (Dalaran) ZoneLevel: 75 AreaLevel: 75 5976.097,602.0796,650.6767 (1/1 locations)
Bot GUID Full: 0x0000000000000175 Type: Player Low: 373 H:69 <Westerren> revives at body
Bot GUID Full: 0x0000000000000175 Type: Player Low: 373 H:69 <Westerren> revives at body
Bot GUID Full: 0x0000000000000175 Type: Player Low: 373 H:69 <Westerren> revives at body
Bot GUID Full: 0x0000000000000175 Type: Player Low: 373 H:69 <Westerren> revives at body
Bot GUID Full: 0x0000000000000175 Type: Player Low: 373 H:69 <Westerren> revives at body
Bot GUID Full: 0x0000000000000175 Type: Player Low: 373 H:69 <Westerren> revives at body
Checking BG Queue...
BG Queue check finished
Checking LFG Queue...
LFG Queue check finished
[New RPG] Bot Eramir select random inn keeper pos Map:530 X:-178.91858 Y:5526.9116 Z:29.9909 (2 available in 7)
[New RPG] Bot Eramir select random grind pos Map:530 X:600 Y:8250 Z:0 (18+364 available in 1117)
[New RPG] Bot Eramir select random flight taxi node from:22485 (node 164) to:101 (1 available)
Bot GUID Full: 0x0000000000000146 Type: Player Low: 326 A:71 <Kamig> auto released
Bot GUID Full: 0x0000000000000146 Type: Player Low: 326 A:71 <Kamig> releases spirit
Checking BG Queue...
BG Queue check finished
Checking LFG Queue...
LFG Queue check finished
Mark bot Kamig as dead, will be revived in 235s.
Bot #351 <Vahaa>: teleport for level and refresh
Refreshing bot GUID Full: 0x000000000000015f Type: Player Low: 351 <Vahaa>
Random teleporting bot Vahaa (level 75) to Map: 571 (Northrend) Zone: 394 (Grizzly Hills) Area: 4211 (Camp Oneqwah) ZoneLevel: 0 AreaLevel: 74 3870.5085,-4544.2944,209.31485 (1/13 locations)
[New RPG] Bot Vahaa select random inn keeper pos Map:4294967295 X:0 Y:0 Z:0 (0 available in 13)
[New RPG] Bot Vahaa select random grind pos Map:4294967295 X:0 Y:0 Z:0 (0+0 available in 1286)
Checking BG Queue...
BG Queue check finished
Checking LFG Queue...
LFG Queue check finished
[New RPG] Bot Bily select random inn keeper pos Map:4294967295 X:0 Y:0 Z:0 (0 available in 11)
[New RPG] Bot Bily select random grind pos Map:4294967295 X:0 Y:0 Z:0 (0+0 available in 1229)
[New RPG] Bot Mydas select random inn keeper pos Map:1 X:-8154.0947 Y:-4860.675 Z:-24.2839 (1 available in 12)
[New RPG] Bot Mydas select random grind pos Map:1 X:-7700 Y:-2600 Z:-50 (0+111 available in 610)
[New RPG] Bot Mydas select random flight taxi node from:7823 (node 39) to:31 (1 available)
[New RPG] Bot Mydas select random grind pos Map:1 X:-8350 Y:-3000 Z:0 (0+111 available in 610)
[New RPG] Bot Dranon select random inn keeper pos Map:1 X:250.6424 Y:1253.2374 Z:192.724 (1 available in 4)
[New RPG] Bot Dranon select random grind pos Map:1 X:-100 Y:950 Z:100 (6+145 available in 654)
[New RPG] Bot Dranon select random flight taxi node from:6706 (node 37) to:179 (1 available)
Including non-random bot player New Moo into random bot update
[New RPG] Mydas accept quest 3362
[New RPG] Mydas accept quest 4504
Checking BG Queue...
BG Queue check finished
Checking LFG Queue...
LFG Queue check finished
Refreshing bot GUID Full: 0x0000000000000175 Type: Player Low: 373 <Westerren>
Random teleporting bot Westerren for level 69 (19 locations available)
Random teleporting bot Westerren (level 69) to Map: 571 (Northrend) Zone: 3537 (Borean Tundra) Area: 4113 (Unu'pe) ZoneLevel: 0 AreaLevel: 70 3005.6636,4056.7324,26.347212 (1/19 locations)
Checking BG Queue...
BG Queue check finished
Checking LFG Queue...
LFG Queue check finished
[New RPG] Bot Krunemuzz select random inn keeper pos Map:571 X:3410.4333 Y:-2792.2266 Z:202.104 (2 available in 12)
[New RPG] Bot Krunemuzz select random grind pos Map:571 X:4050 Y:-2500 Z:200 (45+269 available in 1286)
[New RPG] Bot Krunemuzz select random flight taxi node from:26880 (node 253) to:310 (1 available)
[New RPG] Bot Ireoh select random inn keeper pos Map:1 X:-2373.846 Y:-1991.367 Z:97.2881 (3 available in 5)
[New RPG] Bot Ireoh select random grind pos Map:1 X:1000 Y:-3100 Z:100 (35+251 available in 1239)
[New RPG] Bot Ireoh select random flight taxi node from:3615 (node 25) to:77 (1 available)
[New RPG] Bot Shuhma select random inn keeper pos Map:530 X:-2622.2158 Y:4445.319 Z:36.6768 (1 available in 19)
[New RPG] Bot Shuhma select random grind pos Map:530 X:-3700 Y:4800 Z:0 (25+97 available in 2088)
[New RPG] Bot Shuhma select random flight taxi node from:18807 (node 127) to:160 (1 available)
[New RPG] Shuhma accept quest 10018
Checking BG Queue...
BG Queue check finished
Checking LFG Queue...
LFG Queue check finished
[New RPG] Bot Nelaedon select random inn keeper pos Map:4294967295 X:0 Y:0 Z:0 (0 available in 5)
[New RPG] Bot Nelaedon select random grind pos Map:1 X:3000 Y:-2800 Z:200 (6+30 available in 457)
[New RPG] Bot Dranon select random inn keeper pos Map:1 X:250.6424 Y:1253.2374 Z:192.724 (1 available in 4)
[New RPG] Bot Dranon select random grind pos Map:1 X:150 Y:2750 Z:-50 (6+145 available in 654)
