Archive,Race,Kind,InternalPath,Size,SHA1,OutputPath
enUS/expansion-locale-enUS.MPQ,Ogre,UI,Interface\GLUES\Credits\Ogre_Lord1.blp,44876,DF5EBB0301E53E15A75E0301047930C4CD4BB11F,G:\Downloads\HDWoWModels\Project Reforged\Playable_Races_Isolated_2026-10-04\Ogre\UI\ByArchive\enUS\expansion-locale-enUS.MPQ\Interface\GLUES\Credits\Ogre_Lord1.blp
enUS/expansion-locale-enUS.MPQ,Ogre,UI,Interface\GLUES\Credits\Ogre_Lord2.blp,44876,4EDB6834BB8A4D9CADC6BF47C03A867504FC22B6,G:\Downloads\HDWoWModels\Project Reforged\Playable_Races_Isolated_2026-10-04\Ogre\UI\ByArchive\enUS\expansion-locale-enUS.MPQ\Interface\GLUES\Credits\Ogre_Lord2.blp
enUS/expansion-locale-enUS.MPQ,Ogre,UI,Interface\GLUES\Credits\Ogre_Lord3.blp,44876,F2B24BB2A65E4304DC343F9E4B062FC93D2C81A7,G:\Downloads\HDWoWModels\Project Reforged\Playable_Races_Isolated_2026-10-04\Ogre\UI\ByArchive\enUS\expansion-locale-enUS.MPQ\Interface\GLUES\Credits\Ogre_Lord3.blp
enUS/expansion-locale-enUS.MPQ,Ogre,UI,Interface\GLUES\Credits\Ogre_Lord4.blp,44876,34277FB56D7026FF53C6D975CBC5AC97B0457959,G:\Downloads\HDWoWModels\Project Reforged\Playable_Races_Isolated_2026-10-04\Ogre\UI\ByArchive\enUS\expansion-locale-enUS.MPQ\Interface\GLUES\Credits\Ogre_Lord4.blp
enUS/locale-enUS.MPQ,Shared,DBC,DBFilesClient\CharBaseInfo.dbc,145,87FF1E6A225CBDB1F109B248740B5057E12A0C9F,G:\Downloads\HDWoWModels\Project Reforged\Playable_Races_Isolated_2026-10-04\Shared\DBC\ByArchive\enUS\locale-enUS.MPQ\DBFilesClient\CharBaseInfo.dbc
enUS/locale-enUS.MPQ,Shared,DBC,DBFilesClient\CharHairGeosets.dbc,8157,F30A20D614A5BC37E19F043F4EC7A698ACF35D2C,G:\Downloads\HDWoWModels\Project Reforged\Playable_Races_Isolated_2026-10-04\Shared\DBC\ByArchive\enUS\locale-enUS.MPQ\DBFilesClient\CharHairGeosets.dbc
enUS/locale-enUS.MPQ,Shared,DBC,DBFilesClient\CharHairTextures.dbc,2869,844C436E10ADE6FB89DD3B6A319A0EE895525B87,G:\Downloads\HDWoWModels\Project Reforged\Playable_Races_Isolated_2026-10-04\Shared\DBC\ByArchive\enUS\locale-enUS.MPQ\DBFilesClient\CharHairTextures.dbc
enUS/locale-enUS.MPQ,Shared,DBC,DBFilesClient\CharSections.dbc,845641,D9B8F8DA2945329B50A6298507B3B018F264D2A0,G:\Downloads\HDWoWModels\Project Reforged\Playable_Races_Isolated_2026-10-04\Shared\DBC\ByArchive\enUS\locale-enUS.MPQ\DBFilesClient\CharSections.dbc
enUS/locale-enUS.MPQ,Shared,DBC,DBFilesClient\CharStartOutfit.dbc,37317,4514E77BE34FC7CEB1EB7A23029CBE571C8F3136,G:\Downloads\HDWoWModels\Project Reforged\Playable_Races_Isolated_2026-10-04\Shared\DBC\ByArchive\enUS\locale-enUS.MPQ\DBFilesClient\CharStartOutfit.dbc
enUS/locale-enUS.MPQ,Shared,DBC,DBFilesClient\CharacterFacialHairStyles.dbc,6997,AFEAF3A64F39ADBDC48DFFE87FDB39DD74C91C8A,G:\Downloads\HDWoWModels\Project Reforged\Playable_Races_Isolated_2026-10-04\Shared\DBC\ByArchive\enUS\locale-enUS.MPQ\DBFilesClient\CharacterFacialHairStyles.dbc
enUS/locale-enUS.MPQ,Shared,DBC,DBFilesClient\ChrRaces.dbc,6201,4A1BE342430A1EC6B3F24A0C7864B119C8326488,G:\Downloads\HDWoWModels\Project Reforged\Playable_Races_Isolated_2026-10-04\Shared\DBC\ByArchive\enUS\locale-enUS.MPQ\DBFilesClient\ChrRaces.dbc
enUS/locale-enUS.MPQ,Shared,DBC,DBFilesClient\CinematicCamera.dbc,758,72AE056CAA7BF1D4CF4BE3E92308B93A91FDC0EC,G:\Downloads\HDWoWModels\Project Reforged\Playable_Races_Isolated_2026-10-04\Shared\DBC\ByArchive\enUS\locale-enUS.MPQ\DBFilesClient\CinematicCamera.dbc
enUS/locale-enUS.MPQ,Shared,DBC,DBFilesClient\CinematicSequences.dbc,581,1AA9D073CCEFBF4999C801DE05AC6B0513BBC830,G:\Downloads\HDWoWModels\Project Reforged\Playable_Races_Isolated_2026-10-04\Shared\DBC\ByArchive\enUS\locale-enUS.MPQ\DBFilesClient\CinematicSequences.dbc
enUS/locale-enUS.MPQ,Shared,DBC,DBFilesClient\CreatureDisplayInfo.dbc,1405921,70B613577AC0426A98A8B8C28F05CC43CAEA7883,G:\Downloads\HDWoWModels\Project Reforged\Playable_Races_Isolated_2026-10-04\Shared\DBC\ByArchive\enUS\locale-enUS.MPQ\DBFilesClient\CreatureDisplayInfo.dbc
enUS/locale-enUS.MPQ,Shared,DBC,DBFilesClient\CreatureDisplayInfoExtra.dbc,1610262,F70F0E92176417022C8A265E5C760766B915A365,G:\Downloads\HDWoWModels\Project Reforged\Playable_Races_Isolated_2026-10-04\Shared\DBC\ByArchive\enUS\locale-enUS.MPQ\DBFilesClient\CreatureDisplayInfoExtra.dbc
enUS/locale-enUS.MPQ,Shared,DBC,DBFilesClient\CreatureModelData.dbc,144979,227D7FD2F167CD8B1D37DE0E1EC48FC2F098947F,G:\Downloads\HDWoWModels\Project Reforged\Playable_Races_Isolated_2026-10-04\Shared\DBC\ByArchive\enUS\locale-enUS.MPQ\DBFilesClient\CreatureModelData.dbc
enUS/locale-enUS.MPQ,Shared,DBC,DBFilesClient\SkillRaceClassInfo.dbc,7733,05676E63FA7BDB63176D5B85993CDBC2B6AB7395,G:\Downloads\HDWoWModels\Project Reforged\Playable_Races_Isolated_2026-10-04\Shared\DBC\ByArchive\enUS\locale-enUS.MPQ\DBFilesClient\SkillRaceClassInfo.dbc
enUS/locale-enUS.MPQ,Ogre,UI,Interface\AchievementFrame\UI-Achievement-ProgressBar-Border.blp,12132,DD9655E0FF5FEAC99C026BBFD573FC37558935DD,G:\Downloads\HDWoWModels\Project Reforged\Playable_Races_Isolated_2026-10-04\Ogre\UI\ByArchive\enUS\locale-enUS.MPQ\Interface\AchievementFrame\UI-Achievement-ProgressBar-Border.blp
enUS/locale-enUS.MPQ,Ogre,UI,Interface\AchievementFrame\UI-Achievement-Progressive-IconBorder.blp,6660,877778A912EEA229414C177D06E110DE13C9469B,G:\Downloads\HDWoWModels\Project Reforged\Playable_Races_Isolated_2026-10-04\Ogre\UI\ByArchive\enUS\locale-enUS.MPQ\Interface\AchievementFrame\UI-Achievement-Progressive-IconBorder.blp
enUS/locale-enUS.MPQ,Ogre,UI,Interface\AchievementFrame\UI-Achievement-Progressive-Shield.blp,6660,597A4D8C01418637F5EFC794ABE60A5019C3367E,G:\Downloads\HDWoWModels\Project Reforged\Playable_Races_Isolated_2026-10-04\Ogre\UI\ByArchive\enUS\locale-enUS.MPQ\Interface\AchievementFrame\UI-Achievement-Progressive-Shield.blp
enUS/locale-enUS.MPQ,Ogre,UI,Interface\FrameXML\MovieRecordingProgress.lua,338,D866E49AAC5FD79AC237942DCD6E3699C1A59280,G:\Downloads\HDWoWModels\Project Reforged\Playable_Races_Isolated_2026-10-04\Ogre\UI\ByArchive\enUS\locale-enUS.MPQ\Interface\FrameXML\MovieRecordingProgress.lua
enUS/locale-enUS.MPQ,Ogre,UI,Interface\FrameXML\MovieRecordingProgress.xml,3810,5D1A87C1D2F1F00CF084C78CB80A1C44E7FEA0BF,G:\Downloads\HDWoWModels\Project Reforged\Playable_Races_Isolated_2026-10-04\Ogre\UI\ByArchive\enUS\locale-enUS.MPQ\Interface\FrameXML\MovieRecordingProgress.xml
enUS/locale-enUS.MPQ,Ogre,UI,Interface\GLUES\LOGIN\Glues-LoginProgressFrame.blp,350724,41A8D7293012600C370762E4A5C4C29A9D8BC147,G:\Downloads\HDWoWModels\Project Reforged\Playable_Races_Isolated_2026-10-04\Ogre\UI\ByArchive\enUS\locale-enUS.MPQ\Interface\GLUES\LOGIN\Glues-LoginProgressFrame.blp
enUS/locale-enUS.MPQ,Ogre,UI,Interface\WORLDMAP\Duskwood\VulGolOgreMound1.blp,66708,73128EE606E02009B1F733760BCFE98C8EA06497,G:\Downloads\HDWoWModels\Project Reforged\Playable_Races_Isolated_2026-10-04\Ogre\UI\ByArchive\enUS\locale-enUS.MPQ\Interface\WORLDMAP\Duskwood\VulGolOgreMound1.blp
enUS/locale-enUS.MPQ,Ogre,UI,Interface\WORLDMAP\Duskwood\VulGolOgreMound2.blp,9364,895CA8AD47736182A32577FF1E55EED8F0C933E5,G:\Downloads\HDWoWModels\Project Reforged\Playable_Races_Isolated_2026-10-04\Ogre\UI\ByArchive\enUS\locale-enUS.MPQ\Interface\WORLDMAP\Duskwood\VulGolOgreMound2.blp
enUS/locale-enUS.MPQ,Ogre,UI,Interface\WORLDMAP\Stranglethorn\MoshoggOgreMound1.blp,33940,60ADCE4ED0946C0C8EE98CD884BBD5CDBEE5EB45,G:\Downloads\HDWoWModels\Project Reforged\Playable_Races_Isolated_2026-10-04\Ogre\UI\ByArchive\enUS\locale-enUS.MPQ\Interface\WORLDMAP\Stranglethorn\MoshoggOgreMound1.blp
enUS/patch-enUS-2.MPQ,Shared,DBC,DBFilesClient\CharSections.dbc,845287,27667AA3F802C8D307EE9BDFB306A96B97FFB339,G:\Downloads\HDWoWModels\Project Reforged\Playable_Races_Isolated_2026-10-04\Shared\DBC\ByArchive\enUS\patch-enUS-2.MPQ\DBFilesClient\CharSections.dbc
enUS/patch-enUS-2.MPQ,Shared,DBC,DBFilesClient\CharStartOutfit.dbc,37317,8110DC41D717CF6D02E546C7714D8319AED6F691,G:\Downloads\HDWoWModels\Project Reforged\Playable_Races_Isolated_2026-10-04\Shared\DBC\ByArchive\enUS\patch-enUS-2.MPQ\DBFilesClient\CharStartOutfit.dbc
enUS/patch-enUS-2.MPQ,Shared,DBC,DBFilesClient\ChrRaces.dbc,6201,2B9DB1905BD52E25A3FB54A689C51040A7453EB5,G:\Downloads\HDWoWModels\Project Reforged\Playable_Races_Isolated_2026-10-04\Shared\DBC\ByArchive\enUS\patch-enUS-2.MPQ\DBFilesClient\ChrRaces.dbc
enUS/patch-enUS-2.MPQ,Shared,DBC,DBFilesClient\CreatureDisplayInfo.dbc,1598981,EC119F70D607BAC231C603B6097DE753965DCA4A,G:\Downloads\HDWoWModels\Project Reforged\Playable_Races_Isolated_2026-10-04\Shared\DBC\ByArchive\enUS\patch-enUS-2.MPQ\DBFilesClient\CreatureDisplayInfo.dbc
enUS/patch-enUS-2.MPQ,Shared,DBC,DBFilesClient\CreatureDisplayInfoExtra.dbc,1812812,46099AEC462462A3324D5991EA0109389AA3AFBE,G:\Downloads\HDWoWModels\Project Reforged\Playable_Races_Isolated_2026-10-04\Shared\DBC\ByArchive\enUS\patch-enUS-2.MPQ\DBFilesClient\CreatureDisplayInfoExtra.dbc
enUS/patch-enUS-2.MPQ,Shared,DBC,DBFilesClient\CreatureModelData.dbc,193731,7B425D6138FCE23B8324859DBDCE4D7D2E49E071,G:\Downloads\HDWoWModels\Project Reforged\Playable_Races_Isolated_2026-10-04\Shared\DBC\ByArchive\enUS\patch-enUS-2.MPQ\DBFilesClient\CreatureModelData.dbc
enUS/patch-enUS-2.MPQ,Shared,DBC,DBFilesClient\SkillRaceClassInfo.dbc,7733,39C92BD032D14A497755DABE705CFBBCF3ED0EF4,G:\Downloads\HDWoWModels\Project Reforged\Playable_Races_Isolated_2026-10-04\Shared\DBC\ByArchive\enUS\patch-enUS-2.MPQ\DBFilesClient\SkillRaceClassInfo.dbc
enUS/patch-enUS-3.MPQ,Shared,DBC,DBFilesClient\CharSections.dbc,845271,79E008AF6499CF42B73451E617F6FAD37B6A0797,G:\Downloads\HDWoWModels\Project Reforged\Playable_Races_Isolated_2026-10-04\Shared\DBC\ByArchive\enUS\patch-enUS-3.MPQ\DBFilesClient\CharSections.dbc
enUS/patch-enUS-3.MPQ,Shared,DBC,DBFilesClient\ChrRaces.dbc,6201,176DAA5E0BF34F9BBE8FD958CB2F088811B77EA4,G:\Downloads\HDWoWModels\Project Reforged\Playable_Races_Isolated_2026-10-04\Shared\DBC\ByArchive\enUS\patch-enUS-3.MPQ\DBFilesClient\ChrRaces.dbc
enUS/patch-enUS-3.MPQ,Shared,DBC,DBFilesClient\CreatureDisplayInfo.dbc,1610064,00801F72E87CE41D019DAF30DE566E99EF976EEA,G:\Downloads\HDWoWModels\Project Reforged\Playable_Races_Isolated_2026-10-04\Shared\DBC\ByArchive\enUS\patch-enUS-3.MPQ\DBFilesClient\CreatureDisplayInfo.dbc
enUS/patch-enUS-3.MPQ,Shared,DBC,DBFilesClient\CreatureDisplayInfoExtra.dbc,1825335,D40A6E319352C4EA6756B33237D16AAA7B6D91AB,G:\Downloads\HDWoWModels\Project Reforged\Playable_Races_Isolated_2026-10-04\Shared\DBC\ByArchive\enUS\patch-enUS-3.MPQ\DBFilesClient\CreatureDisplayInfoExtra.dbc
enUS/patch-enUS-3.MPQ,Shared,DBC,DBFilesClient\CreatureModelData.dbc,197135,EAF8719D33236393116B5E6D688AFDA0B94A6541,G:\Downloads\HDWoWModels\Project Reforged\Playable_Races_Isolated_2026-10-04\Shared\DBC\ByArchive\enUS\patch-enUS-3.MPQ\DBFilesClient\CreatureModelData.dbc
enUS/patch-enUS.MPQ,Shared,DBC,DBFilesClient\CharHairGeosets.dbc,8157,B5D26ECE82E6C15C4DA90A2D7248EA85391DB638,G:\Downloads\HDWoWModels\Project Reforged\Playable_Races_Isolated_2026-10-04\Shared\DBC\ByArchive\enUS\patch-enUS.MPQ\DBFilesClient\CharHairGeosets.dbc
enUS/patch-enUS.MPQ,Shared,DBC,DBFilesClient\CharSections.dbc,843753,3F5B875AA4D35F7E9C94EEE3196F457DF445B17F,G:\Downloads\HDWoWModels\Project Reforged\Playable_Races_Isolated_2026-10-04\Shared\DBC\ByArchive\enUS\patch-enUS.MPQ\DBFilesClient\CharSections.dbc
enUS/patch-enUS.MPQ,Shared,DBC,DBFilesClient\CharStartOutfit.dbc,37317,F94EB3619759ACF6D4CA65B4F0A4FE92726403C5,G:\Downloads\HDWoWModels\Project Reforged\Playable_Races_Isolated_2026-10-04\Shared\DBC\ByArchive\enUS\patch-enUS.MPQ\DBFilesClient\CharStartOutfit.dbc
enUS/patch-enUS.MPQ,Shared,DBC,DBFilesClient\CharacterFacialHairStyles.dbc,7125,C7E79B66B2EF97A9CF576305D6A336A588FE2679,G:\Downloads\HDWoWModels\Project Reforged\Playable_Races_Isolated_2026-10-04\Shared\DBC\ByArchive\enUS\patch-enUS.MPQ\DBFilesClient\CharacterFacialHairStyles.dbc
enUS/patch-enUS.MPQ,Shared,DBC,DBFilesClient\ChrRaces.dbc,6117,E4C5B7478E62E76E33B5D2442BCC7FB2AA3968A1,G:\Downloads\HDWoWModels\Project Reforged\Playable_Races_Isolated_2026-10-04\Shared\DBC\ByArchive\enUS\patch-enUS.MPQ\DBFilesClient\ChrRaces.dbc
enUS/patch-enUS.MPQ,Shared,DBC,DBFilesClient\CreatureDisplayInfo.dbc,1562323,FF09D8FD0B1350D8E37ADE44D4E26CAE5338DCA0,G:\Downloads\HDWoWModels\Project Reforged\Playable_Races_Isolated_2026-10-04\Shared\DBC\ByArchive\enUS\patch-enUS.MPQ\DBFilesClient\CreatureDisplayInfo.dbc
enUS/patch-enUS.MPQ,Shared,DBC,DBFilesClient\CreatureDisplayInfoExtra.dbc,1767572,49EDDEA5FF64C112A7BE8DD4F9CDD77C728A8676,G:\Downloads\HDWoWModels\Project Reforged\Playable_Races_Isolated_2026-10-04\Shared\DBC\ByArchive\enUS\patch-enUS.MPQ\DBFilesClient\CreatureDisplayInfoExtra.dbc
enUS/patch-enUS.MPQ,Shared,DBC,DBFilesClient\CreatureModelData.dbc,184036,3AF064A0AF9A8D30D8AB4EFF49D360B534C11E06,G:\Downloads\HDWoWModels\Project Reforged\Playable_Races_Isolated_2026-10-04\Shared\DBC\ByArchive\enUS\patch-enUS.MPQ\DBFilesClient\CreatureModelData.dbc
enUS/patch-enUS.MPQ,Shared,DBC,DBFilesClient\SkillRaceClassInfo.dbc,7765,A01EDB4DCF88A12E78EDDC16FEE08E75E65FA3FD,G:\Downloads\HDWoWModels\Project Reforged\Playable_Races_Isolated_2026-10-04\Shared\DBC\ByArchive\enUS\patch-enUS.MPQ\DBFilesClient\SkillRaceClassInfo.dbc
enUS/patch-enUS.MPQ,Ogre,UI,Interface\FrameXML\MovieRecordingProgress.xml,3635,A0CAF8DA5C7D047CD7E802FE7C992D20D61C6EB3,G:\Downloads\HDWoWModels\Project Reforged\Playable_Races_Isolated_2026-10-04\Ogre\UI\ByArchive\enUS\patch-enUS.MPQ\Interface\FrameXML\MovieRecordingProgress.xml
enUS/patch-enUS.MPQ,Ogre,UI,Interface\GLUES\CREDITS\Ogre_Lord1.blp,44876,DF5EBB0301E53E15A75E0301047930C4CD4BB11F,G:\Downloads\HDWoWModels\Project Reforged\Playable_Races_Isolated_2026-10-04\Ogre\UI\ByArchive\enUS\patch-enUS.MPQ\Interface\GLUES\CREDITS\Ogre_Lord1.blp
enUS/patch-enUS.MPQ,Ogre,UI,Interface\GLUES\CREDITS\Ogre_Lord2.blp,44876,4EDB6834BB8A4D9CADC6BF47C03A867504FC22B6,G:\Downloads\HDWoWModels\Project Reforged\Playable_Races_Isolated_2026-10-04\Ogre\UI\ByArchive\enUS\patch-enUS.MPQ\Interface\GLUES\CREDITS\Ogre_Lord2.blp
enUS/patch-enUS.MPQ,Ogre,UI,Interface\GLUES\CREDITS\Ogre_Lord3.blp,44876,F2B24BB2A65E4304DC343F9E4B062FC93D2C81A7,G:\Downloads\HDWoWModels\Project Reforged\Playable_Races_Isolated_2026-10-04\Ogre\UI\ByArchive\enUS\patch-enUS.MPQ\Interface\GLUES\CREDITS\Ogre_Lord3.blp
enUS/patch-enUS.MPQ,Ogre,UI,Interface\GLUES\CREDITS\Ogre_Lord4.blp,44876,34277FB56D7026FF53C6D975CBC5AC97B0457959,G:\Downloads\HDWoWModels\Project Reforged\Playable_Races_Isolated_2026-10-04\Ogre\UI\ByArchive\enUS\patch-enUS.MPQ\Interface\GLUES\CREDITS\Ogre_Lord4.blp
enUS/patch-enUS.MPQ,Ogre,UI,Interface\ICONS\Achievement_Reputation_Ogre.blp,6660,029FBA49246276F5D0E5E4276BEACC8C63E79D57,G:\Downloads\HDWoWModels\Project Reforged\Playable_Races_Isolated_2026-10-04\Ogre\UI\ByArchive\enUS\patch-enUS.MPQ\Interface\ICONS\Achievement_Reputation_Ogre.blp
enUS/patch-enUS.MPQ,Tuskarr,UI,Interface\ICONS\Achievement_Reputation_Tuskarr.blp,6660,0B9C874F4EFCE4225DE5CEA4A8D9734E9819C1E6,G:\Downloads\HDWoWModels\Project Reforged\Playable_Races_Isolated_2026-10-04\Tuskarr\UI\ByArchive\enUS\patch-enUS.MPQ\Interface\ICONS\Achievement_Reputation_Tuskarr.blp
enUS/patch-enUS.MPQ,Ogre,UI,Interface\ICONS\Achievement_WorldEvent_XmasOgre.blp,6660,7E92C9FA8403A283CB65C2C97F07411A61FBE288,G:\Downloads\HDWoWModels\Project Reforged\Playable_Races_Isolated_2026-10-04\Ogre\UI\ByArchive\enUS\patch-enUS.MPQ\Interface\ICONS\Achievement_WorldEvent_XmasOgre.blp
enUS/patch-enUS.MPQ,Tuskarr,UI,Interface\ICONS\INV_Misc_Head_Tuskarr.blp,3916,E9309F8B708C62B119017779AA5DC82C0FDABE46,G:\Downloads\HDWoWModels\Project Reforged\Playable_Races_Isolated_2026-10-04\Tuskarr\UI\ByArchive\enUS\patch-enUS.MPQ\Interface\ICONS\INV_Misc_Head_Tuskarr.blp
enUS/patch-enUS.MPQ,Ogre,UI,Interface\ICONS\INV_Misc_OgrePinata.blp,6660,4021D6879CD41C4302AF2F3AA11461B7496009F3,G:\Downloads\HDWoWModels\Project Reforged\Playable_Races_Isolated_2026-10-04\Ogre\UI\ByArchive\enUS\patch-enUS.MPQ\Interface\ICONS\INV_Misc_OgrePinata.blp
lichking.MPQ,Tuskarr,Character,Character\TUSKARR\Hair00_00.blp,23017,29D2DA8CDEFC033535C65AE2898E46FD1C8B525B,G:\Downloads\HDWoWModels\Project Reforged\Playable_Races_Isolated_2026-10-04\Tuskarr\Character\ByArchive\lichking.MPQ\Character\TUSKARR\Hair00_00.blp
lichking.MPQ,Tuskarr,Character,Character\TUSKARR\Hair00_01.blp,23017,ABAB692EB9BEF756F5892F7B4DCAE0B4D47FA31F,G:\Downloads\HDWoWModels\Project Reforged\Playable_Races_Isolated_2026-10-04\Tuskarr\Character\ByArchive\lichking.MPQ\Character\TUSKARR\Hair00_01.blp
lichking.MPQ,Tuskarr,Character,Character\TUSKARR\Hair00_02.blp,23017,72DBD8A3731A446F76839B508A1C8D4DF97FA5DB,G:\Downloads\HDWoWModels\Project Reforged\Playable_Races_Isolated_2026-10-04\Tuskarr\Character\ByArchive\lichking.MPQ\Character\TUSKARR\Hair00_02.blp
lichking.MPQ,Tuskarr,Character,Character\TUSKARR\Hair00_03.blp,23017,3C77881C1801C84A7ECC2E6099E0D5EC87C967B6,G:\Downloads\HDWoWModels\Project Reforged\Playable_Races_Isolated_2026-10-04\Tuskarr\Character\ByArchive\lichking.MPQ\Character\TUSKARR\Hair00_03.blp
lichking.MPQ,Tuskarr,Character,Character\TUSKARR\Hair00_04.blp,23017,E019213FB46144201D7D1EA43C85898960F975AF,G:\Downloads\HDWoWModels\Project Reforged\Playable_Races_Isolated_2026-10-04\Tuskarr\Character\ByArchive\lichking.MPQ\Character\TUSKARR\Hair00_04.blp
lichking.MPQ,Tuskarr,Character,Character\TUSKARR\Hair00_05.blp,23017,8457B7D72DD4CB5582C08319BD5E89E266DDB8B6,G:\Downloads\HDWoWModels\Project Reforged\Playable_Races_Isolated_2026-10-04\Tuskarr\Character\ByArchive\lichking.MPQ\Character\TUSKARR\Hair00_05.blp
lichking.MPQ,Tuskarr,Character,Character\TUSKARR\Hair00_06.blp,23017,594FED2A63124072125C12AAB6C5B06CE007848A,G:\Downloads\HDWoWModels\Project Reforged\Playable_Races_Isolated_2026-10-04\Tuskarr\Character\ByArchive\lichking.MPQ\Character\TUSKARR\Hair00_06.blp
lichking.MPQ,Tuskarr,Character,Character\TUSKARR\MALE\MALETUSKARSKINBROWN256.BLP,44876,1B2356848C11E265B042227C3B4447B1E9B4691D,G:\Downloads\HDWoWModels\Project Reforged\Playable_Races_Isolated_2026-10-04\Tuskarr\Character\ByArchive\lichking.MPQ\Character\TUSKARR\MALE\MALETUSKARSKINBROWN256.BLP
lichking.MPQ,Tuskarr,Character,Character\TUSKARR\MALE\TUSKARRFACEHAIR.BLP,88580,21EAA9DBAEAD855C82640B90C6E82FCB4226B0C1,G:\Downloads\HDWoWModels\Project Reforged\Playable_Races_Isolated_2026-10-04\Tuskarr\Character\ByArchive\lichking.MPQ\Character\TUSKARR\MALE\TUSKARRFACEHAIR.BLP
lichking.MPQ,Tuskarr,Character,Character\TUSKARR\MALE\TuskarrMale.M2,1219264,7BC57F29F28AED71AA182FE841A9784072E7907E,G:\Downloads\HDWoWModels\Project Reforged\Playable_Races_Isolated_2026-10-04\Tuskarr\Character\ByArchive\lichking.MPQ\Character\TUSKARR\MALE\TuskarrMale.M2
lichking.MPQ,Tuskarr,Character,Character\TUSKARR\MALE\TuskarrMale00.skin,86944,02E7B24D1103969C0F5111BE4EDEE101A271EC2A,G:\Downloads\HDWoWModels\Project Reforged\Playable_Races_Isolated_2026-10-04\Tuskarr\Character\ByArchive\lichking.MPQ\Character\TUSKARR\MALE\TuskarrMale00.skin
lichking.MPQ,Tuskarr,Character,Character\TUSKARR\MALE\TuskarrMale0060-00.anim,25296,F965707086E3954157E81D3DD7EB693E32135F3B,G:\Downloads\HDWoWModels\Project Reforged\Playable_Races_Isolated_2026-10-04\Tuskarr\Character\ByArchive\lichking.MPQ\Character\TUSKARR\MALE\TuskarrMale0060-00.anim
lichking.MPQ,Tuskarr,Character,Character\TUSKARR\MALE\TuskarrMale0062-00.anim,16000,5029885D5752C3B64DDF360B65B7F2EA6C4532FC,G:\Downloads\HDWoWModels\Project Reforged\Playable_Races_Isolated_2026-10-04\Tuskarr\Character\ByArchive\lichking.MPQ\Character\TUSKARR\MALE\TuskarrMale0062-00.anim
lichking.MPQ,Tuskarr,Character,Character\TUSKARR\MALE\TuskarrMale0084-00.anim,12240,B599EA1042DFAA0C4CE67E3986DBFC630EEE42FD,G:\Downloads\HDWoWModels\Project Reforged\Playable_Races_Isolated_2026-10-04\Tuskarr\Character\ByArchive\lichking.MPQ\Character\TUSKARR\MALE\TuskarrMale0084-00.anim
lichking.MPQ,Tuskarr,Character,Character\TUSKARR\MALE\TuskarrMale0096-00.anim,24512,48D5A698DBC39D2F34D7CFDF3B3446C5F02DBCC7,G:\Downloads\HDWoWModels\Project Reforged\Playable_Races_Isolated_2026-10-04\Tuskarr\Character\ByArchive\lichking.MPQ\Character\TUSKARR\MALE\TuskarrMale0096-00.anim
lichking.MPQ,Tuskarr,Character,Character\TUSKARR\MALE\TuskarrMale0097-00.anim,9280,38E5EB0C321D81D15E3EEBC343C7FE73A6761F16,G:\Downloads\HDWoWModels\Project Reforged\Playable_Races_Isolated_2026-10-04\Tuskarr\Character\ByArchive\lichking.MPQ\Character\TUSKARR\MALE\TuskarrMale0097-00.anim
lichking.MPQ,Tuskarr,Character,Character\TUSKARR\MALE\TuskarrMale0098-00.anim,17136,F414189C2506EF0AF8254E3F179EE6BF18C5BA04,G:\Downloads\HDWoWModels\Project Reforged\Playable_Races_Isolated_2026-10-04\Tuskarr\Character\ByArchive\lichking.MPQ\Character\TUSKARR\MALE\TuskarrMale0098-00.anim
lichking.MPQ,Tuskarr,Character,Character\TUSKARR\MALE\TuskarrMale01.skin,87472,0A2F4CB10840B05354F7BD053E6DDF039889E66B,G:\Downloads\HDWoWModels\Project Reforged\Playable_Races_Isolated_2026-10-04\Tuskarr\Character\ByArchive\lichking.MPQ\Character\TUSKARR\MALE\TuskarrMale01.skin
lichking.MPQ,Tuskarr,Character,Character\TUSKARR\MALE\TuskarrMale0123-00.anim,10336,92E16084DB7FC34D6087FDEA7DCB2A1595501FE4,G:\Downloads\HDWoWModels\Project Reforged\Playable_Races_Isolated_2026-10-04\Tuskarr\Character\ByArchive\lichking.MPQ\Character\TUSKARR\MALE\TuskarrMale0123-00.anim
lichking.MPQ,Tuskarr,Character,Character\TUSKARR\MALE\TuskarrMale0128-00.anim,4704,A22DD4C10E8C3144F435D5503471DE99E86122A6,G:\Downloads\HDWoWModels\Project Reforged\Playable_Races_Isolated_2026-10-04\Tuskarr\Character\ByArchive\lichking.MPQ\Character\TUSKARR\MALE\TuskarrMale0128-00.anim
lichking.MPQ,Tuskarr,Character,Character\TUSKARR\MALE\TuskarrMale0129-00.anim,6128,FCA05E4618B8637E97464A13411BE0C0AE73E6A6,G:\Downloads\HDWoWModels\Project Reforged\Playable_Races_Isolated_2026-10-04\Tuskarr\Character\ByArchive\lichking.MPQ\Character\TUSKARR\MALE\TuskarrMale0129-00.anim
lichking.MPQ,Tuskarr,Character,Character\TUSKARR\MALE\TuskarrMale0133-00.anim,14192,14FB5ED4F8B2001F4BD859AD95CC49CEF9753F0F,G:\Downloads\HDWoWModels\Project Reforged\Playable_Races_Isolated_2026-10-04\Tuskarr\Character\ByArchive\lichking.MPQ\Character\TUSKARR\MALE\TuskarrMale0133-00.anim
lichking.MPQ,Tuskarr,Character,Character\TUSKARR\MALE\TuskarrMale0134-00.anim,28656,9D6B3777C0A11F370E319FAD11591E7C3D53EABC,G:\Downloads\HDWoWModels\Project Reforged\Playable_Races_Isolated_2026-10-04\Tuskarr\Character\ByArchive\lichking.MPQ\Character\TUSKARR\MALE\TuskarrMale0134-00.anim
lichking.MPQ,Tuskarr,Character,Character\TUSKARR\MALE\TuskarrMaleFaceLower00_00.blp,12095,241D0EA9146C1E61087D9A33D140A6768FB19A59,G:\Downloads\HDWoWModels\Project Reforged\Playable_Races_Isolated_2026-10-04\Tuskarr\Character\ByArchive\lichking.MPQ\Character\TUSKARR\MALE\TuskarrMaleFaceLower00_00.blp
lichking.MPQ,Tuskarr,Character,Character\TUSKARR\MALE\TuskarrMaleFaceLower00_01.blp,12095,CB71994A86606350F8B31700E6D1E10E62BDBE07,G:\Downloads\HDWoWModels\Project Reforged\Playable_Races_Isolated_2026-10-04\Tuskarr\Character\ByArchive\lichking.MPQ\Character\TUSKARR\MALE\TuskarrMaleFaceLower00_01.blp
lichking.MPQ,Tuskarr,Character,Character\TUSKARR\MALE\TuskarrMaleFaceLower00_02.blp,12095,38322CD5626EA8CE6DD13B00808745D53DB4EEAE,G:\Downloads\HDWoWModels\Project Reforged\Playable_Races_Isolated_2026-10-04\Tuskarr\Character\ByArchive\lichking.MPQ\Character\TUSKARR\MALE\TuskarrMaleFaceLower00_02.blp
lichking.MPQ,Tuskarr,Character,Character\TUSKARR\MALE\TuskarrMaleFaceLower00_03.blp,12095,F3DF6873C76A57E8EE87BC00EAF2F2F1440C8F04,G:\Downloads\HDWoWModels\Project Reforged\Playable_Races_Isolated_2026-10-04\Tuskarr\Character\ByArchive\lichking.MPQ\Character\TUSKARR\MALE\TuskarrMaleFaceLower00_03.blp
lichking.MPQ,Tuskarr,Character,Character\TUSKARR\MALE\TuskarrMaleFaceLower00_04.blp,12095,467AB771DBBF063C34557FC6B98AADBC64F21C75,G:\Downloads\HDWoWModels\Project Reforged\Playable_Races_Isolated_2026-10-04\Tuskarr\Character\ByArchive\lichking.MPQ\Character\TUSKARR\MALE\TuskarrMaleFaceLower00_04.blp
lichking.MPQ,Tuskarr,Character,Character\TUSKARR\MALE\TuskarrMaleFaceLower00_05.blp,12095,F183BC762748EBAE09504DA76CCDD3832DF8E318,G:\Downloads\HDWoWModels\Project Reforged\Playable_Races_Isolated_2026-10-04\Tuskarr\Character\ByArchive\lichking.MPQ\Character\TUSKARR\MALE\TuskarrMaleFaceLower00_05.blp
lichking.MPQ,Tuskarr,Character,Character\TUSKARR\MALE\TuskarrMaleFaceLower00_06.blp,12095,20620994278C315561A9DD9E677E8FA2623C755E,G:\Downloads\HDWoWModels\Project Reforged\Playable_Races_Isolated_2026-10-04\Tuskarr\Character\ByArchive\lichking.MPQ\Character\TUSKARR\MALE\TuskarrMaleFaceLower00_06.blp
lichking.MPQ,Tuskarr,Character,Character\TUSKARR\MALE\TuskarrMaleFaceLower01_00.blp,44863,5D6DE1364CE1FB4BAB4C176B1505AACF71608AB3,G:\Downloads\HDWoWModels\Project Reforged\Playable_Races_Isolated_2026-10-04\Tuskarr\Character\ByArchive\lichking.MPQ\Character\TUSKARR\MALE\TuskarrMaleFaceLower01_00.blp
lichking.MPQ,Tuskarr,Character,Character\TUSKARR\MALE\TuskarrMaleFaceLower02_00.blp,44863,389E890E8656AF0218F257BFFD0D6A180E006745,G:\Downloads\HDWoWModels\Project Reforged\Playable_Races_Isolated_2026-10-04\Tuskarr\Character\ByArchive\lichking.MPQ\Character\TUSKARR\MALE\TuskarrMaleFaceLower02_00.blp
lichking.MPQ,Tuskarr,Character,Character\TUSKARR\MALE\TuskarrMaleFaceLower03_00.blp,44863,F3E58280CCF5DABA7A577AFE45A30C7116ABE64E,G:\Downloads\HDWoWModels\Project Reforged\Playable_Races_Isolated_2026-10-04\Tuskarr\Character\ByArchive\lichking.MPQ\Character\TUSKARR\MALE\TuskarrMaleFaceLower03_00.blp
lichking.MPQ,Tuskarr,Character,Character\TUSKARR\MALE\TuskarrMaleFaceLower04_00.blp,44863,2EAA967B910565EA2931F56BB152EE62088CC7CE,G:\Downloads\HDWoWModels\Project Reforged\Playable_Races_Isolated_2026-10-04\Tuskarr\Character\ByArchive\lichking.MPQ\Character\TUSKARR\MALE\TuskarrMaleFaceLower04_00.blp
lichking.MPQ,Tuskarr,Character,Character\TUSKARR\MALE\TuskarrMaleFaceLower05_00.blp,44863,1867523EC5FD70F97DDB0EB902C55E20D61C46A9,G:\Downloads\HDWoWModels\Project Reforged\Playable_Races_Isolated_2026-10-04\Tuskarr\Character\ByArchive\lichking.MPQ\Character\TUSKARR\MALE\TuskarrMaleFaceLower05_00.blp
lichking.MPQ,Tuskarr,Character,Character\TUSKARR\MALE\TuskarrMaleFaceLower06_00.blp,44863,228B8546A989B5DEC3E69DF540CA13E16F47F07E,G:\Downloads\HDWoWModels\Project Reforged\Playable_Races_Isolated_2026-10-04\Tuskarr\Character\ByArchive\lichking.MPQ\Character\TUSKARR\MALE\TuskarrMaleFaceLower06_00.blp
lichking.MPQ,Tuskarr,Character,Character\TUSKARR\MALE\TuskarrMaleFaceUpper00_00.blp,6635,99EEE05F7100EA7D2EF3EA38CF8AC52C13509FC5,G:\Downloads\HDWoWModels\Project Reforged\Playable_Races_Isolated_2026-10-04\Tuskarr\Character\ByArchive\lichking.MPQ\Character\TUSKARR\MALE\TuskarrMaleFaceUpper00_00.blp
lichking.MPQ,Tuskarr,Character,Character\TUSKARR\MALE\TuskarrMaleFaceUpper00_01.blp,6635,AAE79673662291ADFEDD6783BFC5A1683557D119,G:\Downloads\HDWoWModels\Project Reforged\Playable_Races_Isolated_2026-10-04\Tuskarr\Character\ByArchive\lichking.MPQ\Character\TUSKARR\MALE\TuskarrMaleFaceUpper00_01.blp
lichking.MPQ,Tuskarr,Character,Character\TUSKARR\MALE\TuskarrMaleFaceUpper00_02.blp,6635,E08E7B969E951F250BD201CC772ABBF66715BFB4,G:\Downloads\HDWoWModels\Project Reforged\Playable_Races_Isolated_2026-10-04\Tuskarr\Character\ByArchive\lichking.MPQ\Character\TUSKARR\MALE\TuskarrMaleFaceUpper00_02.blp
lichking.MPQ,Tuskarr,Character,Character\TUSKARR\MALE\TuskarrMaleFaceUpper00_03.blp,6635,F364177C7AB3A0C96FDA994C24A90E4FD686ADFE,G:\Downloads\HDWoWModels\Project Reforged\Playable_Races_Isolated_2026-10-04\Tuskarr\Character\ByArchive\lichking.MPQ\Character\TUSKARR\MALE\TuskarrMaleFaceUpper00_03.blp
lichking.MPQ,Tuskarr,Character,Character\TUSKARR\MALE\TuskarrMaleFaceUpper00_04.blp,6635,841498FFEC5CBE51438561375F7114F14A2C848F,G:\Downloads\HDWoWModels\Project Reforged\Playable_Races_Isolated_2026-10-04\Tuskarr\Character\ByArchive\lichking.MPQ\Character\TUSKARR\MALE\TuskarrMaleFaceUpper00_04.blp
lichking.MPQ,Tuskarr,Character,Character\TUSKARR\MALE\TuskarrMaleFaceUpper00_05.blp,6635,9A2FCD2E4AFDF38F2F61599702AD3D343C1647C9,G:\Downloads\HDWoWModels\Project Reforged\Playable_Races_Isolated_2026-10-04\Tuskarr\Character\ByArchive\lichking.MPQ\Character\TUSKARR\MALE\TuskarrMaleFaceUpper00_05.blp
lichking.MPQ,Tuskarr,Character,Character\TUSKARR\MALE\TuskarrMaleFaceUpper00_06.blp,6635,73836885491BECF962B88E2950CEAE8A92C8928A,G:\Downloads\HDWoWModels\Project Reforged\Playable_Races_Isolated_2026-10-04\Tuskarr\Character\ByArchive\lichking.MPQ\Character\TUSKARR\MALE\TuskarrMaleFaceUpper00_06.blp
lichking.MPQ,Tuskarr,Character,Character\TUSKARR\MALE\TuskarrMaleFaceUpper01_00.blp,23019,0E0AD90189895FF48695F9383320B48387931DC1,G:\Downloads\HDWoWModels\Project Reforged\Playable_Races_Isolated_2026-10-04\Tuskarr\Character\ByArchive\lichking.MPQ\Character\TUSKARR\MALE\TuskarrMaleFaceUpper01_00.blp
lichking.MPQ,Tuskarr,Character,Character\TUSKARR\MALE\TuskarrMaleFaceUpper02_00.blp,23019,A1982122DA1FF97FC92D54CC3CA50A83AF3AC287,G:\Downloads\HDWoWModels\Project Reforged\Playable_Races_Isolated_2026-10-04\Tuskarr\Character\ByArchive\lichking.MPQ\Character\TUSKARR\MALE\TuskarrMaleFaceUpper02_00.blp
lichking.MPQ,Tuskarr,Character,Character\TUSKARR\MALE\TuskarrMaleFaceUpper03_00.blp,23019,A2468C212C25D68D747BC44DEEEE228D2A8927BA,G:\Downloads\HDWoWModels\Project Reforged\Playable_Races_Isolated_2026-10-04\Tuskarr\Character\ByArchive\lichking.MPQ\Character\TUSKARR\MALE\TuskarrMaleFaceUpper03_00.blp
lichking.MPQ,Tuskarr,Character,Character\TUSKARR\MALE\TuskarrMaleFaceUpper04_00.blp,23019,F701BA8D324FF3877B5C6F45CC93FCE676168972,G:\Downloads\HDWoWModels\Project Reforged\Playable_Races_Isolated_2026-10-04\Tuskarr\Character\ByArchive\lichking.MPQ\Character\TUSKARR\MALE\TuskarrMaleFaceUpper04_00.blp
lichking.MPQ,Tuskarr,Character,Character\TUSKARR\MALE\TuskarrMaleFaceUpper05_00.blp,23019,46277FCDE4483B1D120FDDBC2DD15A75538320D5,G:\Downloads\HDWoWModels\Project Reforged\Playable_Races_Isolated_2026-10-04\Tuskarr\Character\ByArchive\lichking.MPQ\Character\TUSKARR\MALE\TuskarrMaleFaceUpper05_00.blp
lichking.MPQ,Tuskarr,Character,Character\TUSKARR\MALE\TuskarrMaleFaceUpper06_00.blp,23019,B8744A91787568A21C4672BF9EAF78CD03243DA2,G:\Downloads\HDWoWModels\Project Reforged\Playable_Races_Isolated_2026-10-04\Tuskarr\Character\ByArchive\lichking.MPQ\Character\TUSKARR\MALE\TuskarrMaleFaceUpper06_00.blp
lichking.MPQ,Tuskarr,Character,Character\TUSKARR\MALE\TuskarrMaleNakedPelvisSkin00_00.blp,12095,4915DD1BD98D0B5EA840F6615E38E53190ABF650,G:\Downloads\HDWoWModels\Project Reforged\Playable_Races_Isolated_2026-10-04\Tuskarr\Character\ByArchive\lichking.MPQ\Character\TUSKARR\MALE\TuskarrMaleNakedPelvisSkin00_00.blp
lichking.MPQ,Tuskarr,Character,Character\TUSKARR\MALE\TuskarrMaleNakedPelvisSkin00_01.blp,12095,72CFBE92FF8E0B93CE9D42114EC9D22AC3F2C09B,G:\Downloads\HDWoWModels\Project Reforged\Playable_Races_Isolated_2026-10-04\Tuskarr\Character\ByArchive\lichking.MPQ\Character\TUSKARR\MALE\TuskarrMaleNakedPelvisSkin00_01.blp
lichking.MPQ,Tuskarr,Character,Character\TUSKARR\MALE\TuskarrMaleNakedPelvisSkin00_02.blp,12095,CC2E33621170B39CDBB039B62B64E7FCE31E3ABB,G:\Downloads\HDWoWModels\Project Reforged\Playable_Races_Isolated_2026-10-04\Tuskarr\Character\ByArchive\lichking.MPQ\Character\TUSKARR\MALE\TuskarrMaleNakedPelvisSkin00_02.blp
lichking.MPQ,Tuskarr,Character,Character\TUSKARR\MALE\TuskarrMaleNakedPelvisSkin00_03.blp,12095,416F9E48DFE6C15879D8379327F85E0E76EE94BF,G:\Downloads\HDWoWModels\Project Reforged\Playable_Races_Isolated_2026-10-04\Tuskarr\Character\ByArchive\lichking.MPQ\Character\TUSKARR\MALE\TuskarrMaleNakedPelvisSkin00_03.blp
lichking.MPQ,Tuskarr,Character,Character\TUSKARR\MALE\TuskarrMaleNakedPelvisSkin00_04.blp,12095,638C924D7067D2B57ED8022BC9EA121D8305BA27,G:\Downloads\HDWoWModels\Project Reforged\Playable_Races_Isolated_2026-10-04\Tuskarr\Character\ByArchive\lichking.MPQ\Character\TUSKARR\MALE\TuskarrMaleNakedPelvisSkin00_04.blp
lichking.MPQ,Tuskarr,Character,Character\TUSKARR\MALE\TuskarrMaleNakedPelvisSkin00_05.blp,12095,813C69671B95BEF76F92152C9CDE94C24BED3430,G:\Downloads\HDWoWModels\Project Reforged\Playable_Races_Isolated_2026-10-04\Tuskarr\Character\ByArchive\lichking.MPQ\Character\TUSKARR\MALE\TuskarrMaleNakedPelvisSkin00_05.blp
lichking.MPQ,Tuskarr,Character,Character\TUSKARR\MALE\TuskarrMaleNakedPelvisSkin00_06.blp,12095,C1B9F4EE72E7103A5114FEFB774F8D0B08C1D4FF,G:\Downloads\HDWoWModels\Project Reforged\Playable_Races_Isolated_2026-10-04\Tuskarr\Character\ByArchive\lichking.MPQ\Character\TUSKARR\MALE\TuskarrMaleNakedPelvisSkin00_06.blp
lichking.MPQ,Tuskarr,Character,Character\TUSKARR\MALE\TuskarrMaleSkin00_00.blp,88553,08D39E82388DC0D070CCDF3C4BB5321239F6F987,G:\Downloads\HDWoWModels\Project Reforged\Playable_Races_Isolated_2026-10-04\Tuskarr\Character\ByArchive\lichking.MPQ\Character\TUSKARR\MALE\TuskarrMaleSkin00_00.blp
lichking.MPQ,Tuskarr,Character,Character\TUSKARR\MALE\TuskarrMaleSkin00_01.blp,88553,D7C4479248601CBBF65475CDFF2327C6C5D94BD8,G:\Downloads\HDWoWModels\Project Reforged\Playable_Races_Isolated_2026-10-04\Tuskarr\Character\ByArchive\lichking.MPQ\Character\TUSKARR\MALE\TuskarrMaleSkin00_01.blp
lichking.MPQ,Tuskarr,Character,Character\TUSKARR\MALE\TuskarrMaleSkin00_02.blp,88553,1576B0EFE3A41F6EBABD13AE5A210326FFDF7D94,G:\Downloads\HDWoWModels\Project Reforged\Playable_Races_Isolated_2026-10-04\Tuskarr\Character\ByArchive\lichking.MPQ\Character\TUSKARR\MALE\TuskarrMaleSkin00_02.blp
lichking.MPQ,Tuskarr,Character,Character\TUSKARR\MALE\TuskarrMaleSkin00_03.blp,88553,B1B383567FCB550453F867CDA3FD843D7432F7CF,G:\Downloads\HDWoWModels\Project Reforged\Playable_Races_Isolated_2026-10-04\Tuskarr\Character\ByArchive\lichking.MPQ\Character\TUSKARR\MALE\TuskarrMaleSkin00_03.blp
lichking.MPQ,Tuskarr,Character,Character\TUSKARR\MALE\TuskarrMaleSkin00_04.blp,88553,3C88BDE2DC667FF831A91877FE1008150A1D458D,G:\Downloads\HDWoWModels\Project Reforged\Playable_Races_Isolated_2026-10-04\Tuskarr\Character\ByArchive\lichking.MPQ\Character\TUSKARR\MALE\TuskarrMaleSkin00_04.blp
lichking.MPQ,Tuskarr,Character,Character\TUSKARR\MALE\TuskarrMaleSkin00_05.blp,88553,4BAB22667D02E9B347DC1F2555DC6B694E9AE2B2,G:\Downloads\HDWoWModels\Project Reforged\Playable_Races_Isolated_2026-10-04\Tuskarr\Character\ByArchive\lichking.MPQ\Character\TUSKARR\MALE\TuskarrMaleSkin00_05.blp
lichking.MPQ,Tuskarr,Character,Character\TUSKARR\MALE\TuskarrMaleSkin00_06.blp,88553,6428DF25B47F15107CB9ADAD3AE0525B0D3405D0,G:\Downloads\HDWoWModels\Project Reforged\Playable_Races_Isolated_2026-10-04\Tuskarr\Character\ByArchive\lichking.MPQ\Character\TUSKARR\MALE\TuskarrMaleSkin00_06.blp
lichking.MPQ,Tuskarr,RaceSpecificHeadItem,ITEM\OBJECTCOMPONENTS\HEAD\Helm_Leather_Tuskarr_01.blp,44876,7D6D6B3D127462D6FDB1C6D33E572E8163C8E3AF,G:\Downloads\HDWoWModels\Project Reforged\Playable_Races_Isolated_2026-10-04\Tuskarr\RaceSpecificHeadItem\ByArchive\lichking.MPQ\ITEM\OBJECTCOMPONENTS\HEAD\Helm_Leather_Tuskarr_01.blp
lichking.MPQ,Tuskarr,RaceSpecificHeadItem,ITEM\OBJECTCOMPONENTS\HEAD\Helm_Leather_Tuskarr_01_TuM.M2,20000,3790DAB675E4BEE9DE26AF626CD92573B1E730FA,G:\Downloads\HDWoWModels\Project Reforged\Playable_Races_Isolated_2026-10-04\Tuskarr\RaceSpecificHeadItem\ByArchive\lichking.MPQ\ITEM\OBJECTCOMPONENTS\HEAD\Helm_Leather_Tuskarr_01_TuM.M2
lichking.MPQ,Tuskarr,RaceSpecificHeadItem,ITEM\OBJECTCOMPONENTS\HEAD\Helm_Leather_Tuskarr_01_TuM00.skin,4560,2E65530E67FF64B3173E004278EAC68C4994BD61,G:\Downloads\HDWoWModels\Project Reforged\Playable_Races_Isolated_2026-10-04\Tuskarr\RaceSpecificHeadItem\ByArchive\lichking.MPQ\ITEM\OBJECTCOMPONENTS\HEAD\Helm_Leather_Tuskarr_01_TuM00.skin
lichking.MPQ,Tuskarr,RaceSpecificHeadItem,ITEM\OBJECTCOMPONENTS\HEAD\Helm_Leather_Tuskarr_02.blp,88580,5A23428754E87BA3A8623DDC492FDF54E6D73C36,G:\Downloads\HDWoWModels\Project Reforged\Playable_Races_Isolated_2026-10-04\Tuskarr\RaceSpecificHeadItem\ByArchive\lichking.MPQ\ITEM\OBJECTCOMPONENTS\HEAD\Helm_Leather_Tuskarr_02.blp
lichking.MPQ,Tuskarr,RaceSpecificHeadItem,ITEM\OBJECTCOMPONENTS\HEAD\Helm_Leather_Tuskarr_02_TuM.M2,22208,1594312D9ECA3A187067C30BB4E2FC6B1D61BDF7,G:\Downloads\HDWoWModels\Project Reforged\Playable_Races_Isolated_2026-10-04\Tuskarr\RaceSpecificHeadItem\ByArchive\lichking.MPQ\ITEM\OBJECTCOMPONENTS\HEAD\Helm_Leather_Tuskarr_02_TuM.M2
lichking.MPQ,Tuskarr,RaceSpecificHeadItem,ITEM\OBJECTCOMPONENTS\HEAD\Helm_Leather_Tuskarr_02_TuM00.skin,5328,50A5625C706D98A1B3AAB4DD84A309B8CC2FF2C6,G:\Downloads\HDWoWModels\Project Reforged\Playable_Races_Isolated_2026-10-04\Tuskarr\RaceSpecificHeadItem\ByArchive\lichking.MPQ\ITEM\OBJECTCOMPONENTS\HEAD\Helm_Leather_Tuskarr_02_TuM00.skin
lichking.MPQ,Tuskarr,RaceSpecificHeadItem,ITEM\OBJECTCOMPONENTS\HEAD\Helm_Leather_Tuskarr_03.blp,44876,B1130F9BB04EA9822D45DF6C35EE5CE3C8BD1549,G:\Downloads\HDWoWModels\Project Reforged\Playable_Races_Isolated_2026-10-04\Tuskarr\RaceSpecificHeadItem\ByArchive\lichking.MPQ\ITEM\OBJECTCOMPONENTS\HEAD\Helm_Leather_Tuskarr_03.blp
lichking.MPQ,Tuskarr,RaceSpecificHeadItem,ITEM\OBJECTCOMPONENTS\HEAD\Helm_Leather_Tuskarr_03_TuM.M2,17888,1B0B9CBC3D57FA84207D983835727950780240E9,G:\Downloads\HDWoWModels\Project Reforged\Playable_Races_Isolated_2026-10-04\Tuskarr\RaceSpecificHeadItem\ByArchive\lichking.MPQ\ITEM\OBJECTCOMPONENTS\HEAD\Helm_Leather_Tuskarr_03_TuM.M2
lichking.MPQ,Tuskarr,RaceSpecificHeadItem,ITEM\OBJECTCOMPONENTS\HEAD\Helm_Leather_Tuskarr_03_TuM00.skin,4032,AA360F427A4FB2FD5EF420DCB32F03E958F5B9F2,G:\Downloads\HDWoWModels\Project Reforged\Playable_Races_Isolated_2026-10-04\Tuskarr\RaceSpecificHeadItem\ByArchive\lichking.MPQ\ITEM\OBJECTCOMPONENTS\HEAD\Helm_Leather_Tuskarr_03_TuM00.skin
lichking.MPQ,Tuskarr,RaceSpecificHeadItem,ITEM\OBJECTCOMPONENTS\HEAD\Helm_Leather_Tuskarr_04.blp,44876,EDC1FBDB1BBF2E58C8E8DFF93FC5C4DCF6C5FF6E,G:\Downloads\HDWoWModels\Project Reforged\Playable_Races_Isolated_2026-10-04\Tuskarr\RaceSpecificHeadItem\ByArchive\lichking.MPQ\ITEM\OBJECTCOMPONENTS\HEAD\Helm_Leather_Tuskarr_04.blp
lichking.MPQ,Tuskarr,RaceSpecificHeadItem,ITEM\OBJECTCOMPONENTS\HEAD\Helm_Leather_Tuskarr_04_TuM.M2,13376,FF3F34BB1192188E37A9FF73CF25666CEA6E7E8D,G:\Downloads\HDWoWModels\Project Reforged\Playable_Races_Isolated_2026-10-04\Tuskarr\RaceSpecificHeadItem\ByArchive\lichking.MPQ\ITEM\OBJECTCOMPONENTS\HEAD\Helm_Leather_Tuskarr_04_TuM.M2
lichking.MPQ,Tuskarr,RaceSpecificHeadItem,ITEM\OBJECTCOMPONENTS\HEAD\Helm_Leather_Tuskarr_04_TuM00.skin,3008,AF2DC4B2419356D0EDF2DC819B0E02B709184395,G:\Downloads\HDWoWModels\Project Reforged\Playable_Races_Isolated_2026-10-04\Tuskarr\RaceSpecificHeadItem\ByArchive\lichking.MPQ\ITEM\OBJECTCOMPONENTS\HEAD\Helm_Leather_Tuskarr_04_TuM00.skin
patch-A.MPQ,Ogre,UI,Interface\AddOns\AwAddons\Textures\Collections\BlueOgre.blp,88580,BF7995D7C0C8E2A17EE2BA184536F9BEB2280F06,G:\Downloads\HDWoWModels\Project Reforged\Playable_Races_Isolated_2026-10-04\Ogre\UI\ByArchive\patch-A.MPQ\Interface\AddOns\AwAddons\Textures\Collections\BlueOgre.blp
patch-A.MPQ,Ogre,UI,Interface\AddOns\AwAddons\Textures\Collections\Redogre.blp,88580,254A1C451C3855A122CCD1C60E6AA02E9ACA6D0D,G:\Downloads\HDWoWModels\Project Reforged\Playable_Races_Isolated_2026-10-04\Ogre\UI\ByArchive\patch-A.MPQ\Interface\AddOns\AwAddons\Textures\Collections\Redogre.blp
patch-A.MPQ,Ogre,UI,Interface\AddOns\AwAddons\Textures\progress\AdvancementArrowLeft.blp,2564,266C935BC22926979F7EA0AB11B91B474A860406,G:\Downloads\HDWoWModels\Project Reforged\Playable_Races_Isolated_2026-10-04\Ogre\UI\ByArchive\patch-A.MPQ\Interface\AddOns\AwAddons\Textures\progress\AdvancementArrowLeft.blp
patch-A.MPQ,Ogre,UI,Interface\AddOns\AwAddons\Textures\progress\AdvancementArrowLeft_disabled.blp,2564,9FB60AC82A1575DE072135498D8D72A686E3A973,G:\Downloads\HDWoWModels\Project Reforged\Playable_Races_Isolated_2026-10-04\Ogre\UI\ByArchive\patch-A.MPQ\Interface\AddOns\AwAddons\Textures\progress\AdvancementArrowLeft_disabled.blp
patch-A.MPQ,Ogre,UI,Interface\AddOns\AwAddons\Textures\progress\AdvancementArrowLeft_pressed.blp,2564,D7BCB9C2507817BD60E7434375E7692C8A9C84F8,G:\Downloads\HDWoWModels\Project Reforged\Playable_Races_Isolated_2026-10-04\Ogre\UI\ByArchive\patch-A.MPQ\Interface\AddOns\AwAddons\Textures\progress\AdvancementArrowLeft_pressed.blp
patch-A.MPQ,Ogre,UI,Interface\AddOns\AwAddons\Textures\progress\AdvancementArrowRight.blp,2564,BF936074621436F3100BD42582E694D68A8B0E8D,G:\Downloads\HDWoWModels\Project Reforged\Playable_Races_Isolated_2026-10-04\Ogre\UI\ByArchive\patch-A.MPQ\Interface\AddOns\AwAddons\Textures\progress\AdvancementArrowRight.blp
patch-A.MPQ,Ogre,UI,Interface\AddOns\AwAddons\Textures\progress\AdvancementArrowRight_disabled.blp,2564,72ED9D5427D2329A38A0F54C7BC70E1FB8FCC144,G:\Downloads\HDWoWModels\Project Reforged\Playable_Races_Isolated_2026-10-04\Ogre\UI\ByArchive\patch-A.MPQ\Interface\AddOns\AwAddons\Textures\progress\AdvancementArrowRight_disabled.blp
patch-A.MPQ,Ogre,UI,Interface\AddOns\AwAddons\Textures\progress\AdvancementArrowRight_pressed.blp,2564,190580067B3F626694FE61523214FDA2921358C3,G:\Downloads\HDWoWModels\Project Reforged\Playable_Races_Isolated_2026-10-04\Ogre\UI\ByArchive\patch-A.MPQ\Interface\AddOns\AwAddons\Textures\progress\AdvancementArrowRight_pressed.blp
patch-A.MPQ,Ogre,UI,Interface\AddOns\AwAddons\Textures\progress\AdvancementButton_Highlight.blp,44900,AA1AC1ABFC2057511FE4F293529DC6664D7C18AB,G:\Downloads\HDWoWModels\Project Reforged\Playable_Races_Isolated_2026-10-04\Ogre\UI\ByArchive\patch-A.MPQ\Interface\AddOns\AwAddons\Textures\progress\AdvancementButton_Highlight.blp
patch-A.MPQ,Ogre,UI,Interface\AddOns\AwAddons\Textures\progress\AdvancementButton_Spells.blp,44900,44BEFAFE684EFB41B01F1E61E0C02FC44838498B,G:\Downloads\HDWoWModels\Project Reforged\Playable_Races_Isolated_2026-10-04\Ogre\UI\ByArchive\patch-A.MPQ\Interface\AddOns\AwAddons\Textures\progress\AdvancementButton_Spells.blp
patch-A.MPQ,Ogre,UI,Interface\AddOns\AwAddons\Textures\progress\AdvancementButton_Spells_pressed.blp,44900,03BC4D94F7AB964C7861B0264FF2F20FEC0F3647,G:\Downloads\HDWoWModels\Project Reforged\Playable_Races_Isolated_2026-10-04\Ogre\UI\ByArchive\patch-A.MPQ\Interface\AddOns\AwAddons\Textures\progress\AdvancementButton_Spells_pressed.blp
patch-A.MPQ,Ogre,UI,Interface\AddOns\AwAddons\Textures\progress\AdvancementButton_SwitchSpec.blp,44900,70D3DF82B18B1AA81230B647F11FF36D99EDB4D0,G:\Downloads\HDWoWModels\Project Reforged\Playable_Races_Isolated_2026-10-04\Ogre\UI\ByArchive\patch-A.MPQ\Interface\AddOns\AwAddons\Textures\progress\AdvancementButton_SwitchSpec.blp
patch-A.MPQ,Ogre,UI,Interface\AddOns\AwAddons\Textures\progress\AdvancementButton_SwitchSpec_Highlight.blp,44900,A41892E163EEF83052E104519007A68EA8265D53,G:\Downloads\HDWoWModels\Project Reforged\Playable_Races_Isolated_2026-10-04\Ogre\UI\ByArchive\patch-A.MPQ\Interface\AddOns\AwAddons\Textures\progress\AdvancementButton_SwitchSpec_Highlight.blp
patch-A.MPQ,Ogre,UI,Interface\AddOns\AwAddons\Textures\progress\AdvancementButton_SwitchSpec_pressed.blp,44900,6602842F7F878FB85E896BC2958B19C956E0F02F,G:\Downloads\HDWoWModels\Project Reforged\Playable_Races_Isolated_2026-10-04\Ogre\UI\ByArchive\patch-A.MPQ\Interface\AddOns\AwAddons\Textures\progress\AdvancementButton_SwitchSpec_pressed.blp
patch-A.MPQ,Ogre,UI,Interface\AddOns\AwAddons\Textures\progress\AdvancementButton_Talents.blp,44900,778337B3C86C9220D819EBB89595ADE801085C99,G:\Downloads\HDWoWModels\Project Reforged\Playable_Races_Isolated_2026-10-04\Ogre\UI\ByArchive\patch-A.MPQ\Interface\AddOns\AwAddons\Textures\progress\AdvancementButton_Talents.blp
patch-A.MPQ,Ogre,UI,Interface\AddOns\AwAddons\Textures\progress\AdvancementButton_Talents_Pressed.blp,44900,2575000FF220EB2A38C737D1F52AE81361D503BD,G:\Downloads\HDWoWModels\Project Reforged\Playable_Races_Isolated_2026-10-04\Ogre\UI\ByArchive\patch-A.MPQ\Interface\AddOns\AwAddons\Textures\progress\AdvancementButton_Talents_Pressed.blp
patch-A.MPQ,Ogre,UI,Interface\AddOns\AwAddons\Textures\progress\AdvancementButtonDisabled.blp,44900,010639DDDF783648BF8C40FCE20CD65C86333F61,G:\Downloads\HDWoWModels\Project Reforged\Playable_Races_Isolated_2026-10-04\Ogre\UI\ByArchive\patch-A.MPQ\Interface\AddOns\AwAddons\Textures\progress\AdvancementButtonDisabled.blp
patch-A.MPQ,Ogre,UI,Interface\AddOns\AwAddons\Textures\progress\Arrow_tutorial.blp,6660,514BD39A2EDA4D1FA80C6D13D12F05226B252566,G:\Downloads\HDWoWModels\Project Reforged\Playable_Races_Isolated_2026-10-04\Ogre\UI\ByArchive\patch-A.MPQ\Interface\AddOns\AwAddons\Textures\progress\Arrow_tutorial.blp
patch-A.MPQ,Ogre,UI,Interface\AddOns\AwAddons\Textures\progress\button.blp,12196,DECB708E8DB6A4C756B500B4949AB98BC147BA21,G:\Downloads\HDWoWModels\Project Reforged\Playable_Races_Isolated_2026-10-04\Ogre\UI\ByArchive\patch-A.MPQ\Interface\AddOns\AwAddons\Textures\progress\button.blp
patch-A.MPQ,Ogre,UI,Interface\AddOns\AwAddons\Textures\progress\button_h.blp,12196,D5ECC48B83859231BB3DCE7EB14AEE9B0CF5F22E,G:\Downloads\HDWoWModels\Project Reforged\Playable_Races_Isolated_2026-10-04\Ogre\UI\ByArchive\patch-A.MPQ\Interface\AddOns\AwAddons\Textures\progress\button_h.blp
patch-A.MPQ,Ogre,UI,Interface\AddOns\AwAddons\Textures\progress\button_h2.blp,12196,937ECB7CBBA3E635DD5C0136113D789EED1ED024,G:\Downloads\HDWoWModels\Project Reforged\Playable_Races_Isolated_2026-10-04\Ogre\UI\ByArchive\patch-A.MPQ\Interface\AddOns\AwAddons\Textures\progress\button_h2.blp
patch-A.MPQ,Ogre,UI,Interface\AddOns\AwAddons\Textures\progress\button_h3.blp,3940,0639D3291B2742083D9157EC3B93090A92581C20,G:\Downloads\HDWoWModels\Project Reforged\Playable_Races_Isolated_2026-10-04\Ogre\UI\ByArchive\patch-A.MPQ\Interface\AddOns\AwAddons\Textures\progress\button_h3.blp
patch-A.MPQ,Ogre,UI,Interface\AddOns\AwAddons\Textures\progress\buttonbackground-Border.blp,12196,999A4A47428EB91055F77982F748CE7D97C20F0A,G:\Downloads\HDWoWModels\Project Reforged\Playable_Races_Isolated_2026-10-04\Ogre\UI\ByArchive\patch-A.MPQ\Interface\AddOns\AwAddons\Textures\progress\buttonbackground-Border.blp
patch-A.MPQ,Ogre,UI,Interface\AddOns\AwAddons\Textures\progress\buttonbackground.blp,23016,30F3593FD322CE662CCCD803D8E0EC23B1D120F3,G:\Downloads\HDWoWModels\Project Reforged\Playable_Races_Isolated_2026-10-04\Ogre\UI\ByArchive\patch-A.MPQ\Interface\AddOns\AwAddons\Textures\progress\buttonbackground.blp
patch-A.MPQ,Ogre,UI,Interface\AddOns\AwAddons\Textures\progress\buttonbackgroundold.blp,6660,245BC4095C84610B26CE30F2C8EDD4BC7638FE2A,G:\Downloads\HDWoWModels\Project Reforged\Playable_Races_Isolated_2026-10-04\Ogre\UI\ByArchive\patch-A.MPQ\Interface\AddOns\AwAddons\Textures\progress\buttonbackgroundold.blp
patch-A.MPQ,Ogre,UI,Interface\AddOns\AwAddons\Textures\progress\buttonflag.blp,44860,FEF3A90F567A324485B20C23EB09C5B93A9A9EFA,G:\Downloads\HDWoWModels\Project Reforged\Playable_Races_Isolated_2026-10-04\Ogre\UI\ByArchive\patch-A.MPQ\Interface\AddOns\AwAddons\Textures\progress\buttonflag.blp
patch-A.MPQ,Ogre,UI,Interface\AddOns\AwAddons\Textures\progress\LearnedSpell_TextureNormal.blp,12132,45390A17467783A5F6E854ECF82F0FCCCC08EA49,G:\Downloads\HDWoWModels\Project Reforged\Playable_Races_Isolated_2026-10-04\Ogre\UI\ByArchive\patch-A.MPQ\Interface\AddOns\AwAddons\Textures\progress\LearnedSpell_TextureNormal.blp
patch-A.MPQ,Ogre,UI,Interface\AddOns\AwAddons\Textures\progress\progress.blp,5593576,0788451D61CFD2C576506533EA5D0DE2BB860A8B,G:\Downloads\HDWoWModels\Project Reforged\Playable_Races_Isolated_2026-10-04\Ogre\UI\ByArchive\patch-A.MPQ\Interface\AddOns\AwAddons\Textures\progress\progress.blp
patch-A.MPQ,Ogre,UI,Interface\AddOns\AwAddons\Textures\progress\progress_add_blue.blp,5593576,D062361E7E3DACE7C0AC92FF2E6987897C17DA3B,G:\Downloads\HDWoWModels\Project Reforged\Playable_Races_Isolated_2026-10-04\Ogre\UI\ByArchive\patch-A.MPQ\Interface\AddOns\AwAddons\Textures\progress\progress_add_blue.blp
patch-A.MPQ,Ogre,UI,Interface\AddOns\AwAddons\Textures\progress\progress_add_purple.blp,5593576,33C4F7907F414DB04B4CA8CE21979FB7B370A087,G:\Downloads\HDWoWModels\Project Reforged\Playable_Races_Isolated_2026-10-04\Ogre\UI\ByArchive\patch-A.MPQ\Interface\AddOns\AwAddons\Textures\progress\progress_add_purple.blp
patch-A.MPQ,Ogre,UI,Interface\AddOns\AwAddons\Textures\progress\progress_cover_blue.blp,5593576,423AE64CC1A9D644ADE24F814CAF338A6F7BAD0D,G:\Downloads\HDWoWModels\Project Reforged\Playable_Races_Isolated_2026-10-04\Ogre\UI\ByArchive\patch-A.MPQ\Interface\AddOns\AwAddons\Textures\progress\progress_cover_blue.blp
patch-A.MPQ,Ogre,UI,Interface\AddOns\AwAddons\Textures\progress\progress_cover_glow.blp,5593576,75D6997B03EE90654DED0468EAB6A21168C46EDB,G:\Downloads\HDWoWModels\Project Reforged\Playable_Races_Isolated_2026-10-04\Ogre\UI\ByArchive\patch-A.MPQ\Interface\AddOns\AwAddons\Textures\progress\progress_cover_glow.blp
patch-A.MPQ,Ogre,UI,Interface\AddOns\AwAddons\Textures\progress\progress_cover_purple.blp,5593576,F459A86A1E385DC5F4B376E73A3888CFE6FA0742,G:\Downloads\HDWoWModels\Project Reforged\Playable_Races_Isolated_2026-10-04\Ogre\UI\ByArchive\patch-A.MPQ\Interface\AddOns\AwAddons\Textures\progress\progress_cover_purple.blp
patch-A.MPQ,Ogre,UI,Interface\AddOns\AwAddons\Textures\progress\progress_frame.blp,5593576,C3697EE340FDEA133758667B80DC1DA8C79F47F7,G:\Downloads\HDWoWModels\Project Reforged\Playable_Races_Isolated_2026-10-04\Ogre\UI\ByArchive\patch-A.MPQ\Interface\AddOns\AwAddons\Textures\progress\progress_frame.blp
patch-A.MPQ,Ogre,UI,Interface\AddOns\AwAddons\Textures\progress\progress_inside_blue.blp,5593576,5C952D72F46075D0BF9FB63166B6F2FF34AA7D3C,G:\Downloads\HDWoWModels\Project Reforged\Playable_Races_Isolated_2026-10-04\Ogre\UI\ByArchive\patch-A.MPQ\Interface\AddOns\AwAddons\Textures\progress\progress_inside_blue.blp
patch-A.MPQ,Ogre,UI,Interface\AddOns\AwAddons\Textures\progress\progress_inside_BuildFromLink.blp,5593576,7DF6C0AF3D7D9F4A1434AC6062F06AC95A0A4132,G:\Downloads\HDWoWModels\Project Reforged\Playable_Races_Isolated_2026-10-04\Ogre\UI\ByArchive\patch-A.MPQ\Interface\AddOns\AwAddons\Textures\progress\progress_inside_BuildFromLink.blp
patch-A.MPQ,Ogre,UI,Interface\AddOns\AwAddons\Textures\progress\progress_inside_BuildFromLinkBG.blp,5593576,061C67EE29CDFA1444534C04AD53FFD6EC811F8A,G:\Downloads\HDWoWModels\Project Reforged\Playable_Races_Isolated_2026-10-04\Ogre\UI\ByArchive\patch-A.MPQ\Interface\AddOns\AwAddons\Textures\progress\progress_inside_BuildFromLinkBG.blp
patch-A.MPQ,Ogre,UI,Interface\AddOns\AwAddons\Textures\progress\progress_inside_purple.blp,5593576,AF112921545FBE8F0CD0D439DE5E105C4E33451A,G:\Downloads\HDWoWModels\Project Reforged\Playable_Races_Isolated_2026-10-04\Ogre\UI\ByArchive\patch-A.MPQ\Interface\AddOns\AwAddons\Textures\progress\progress_inside_purple.blp
patch-A.MPQ,Ogre,UI,Interface\AddOns\AwAddons\Textures\progress\Progress_SpecializationGlow.blp,1399300,86C715EEBC47B31090DDE03A76B043C2D8B345A8,G:\Downloads\HDWoWModels\Project Reforged\Playable_Races_Isolated_2026-10-04\Ogre\UI\ByArchive\patch-A.MPQ\Interface\AddOns\AwAddons\Textures\progress\Progress_SpecializationGlow.blp
patch-A.MPQ,Ogre,UI,Interface\AddOns\AwAddons\Textures\progress\Progress_SpellsGlow.blp,1399300,87F27DD7676F913E244C69D8E4112D1C139E662C,G:\Downloads\HDWoWModels\Project Reforged\Playable_Races_Isolated_2026-10-04\Ogre\UI\ByArchive\patch-A.MPQ\Interface\AddOns\AwAddons\Textures\progress\Progress_SpellsGlow.blp
patch-A.MPQ,Ogre,UI,Interface\AddOns\AwAddons\Textures\progress\spellicon.blp,23016,684E6293F92A785CC5761C21B9B011157C15BFB4,G:\Downloads\HDWoWModels\Project Reforged\Playable_Races_Isolated_2026-10-04\Ogre\UI\ByArchive\patch-A.MPQ\Interface\AddOns\AwAddons\Textures\progress\spellicon.blp
patch-A.MPQ,Ogre,UI,Interface\AddOns\AwAddons\Textures\progress\spellicon_h.blp,23016,F59A6B1C56CD1290A51C58127D16D737ACDC8FA2,G:\Downloads\HDWoWModels\Project Reforged\Playable_Races_Isolated_2026-10-04\Ogre\UI\ByArchive\patch-A.MPQ\Interface\AddOns\AwAddons\Textures\progress\spellicon_h.blp
patch-A.MPQ,Ogre,UI,Interface\AddOns\AwAddons\Textures\progress\SwapButtonLocked.blp,44860,5D54FD980A914FBFEEABD50AB648A1C50233820F,G:\Downloads\HDWoWModels\Project Reforged\Playable_Races_Isolated_2026-10-04\Ogre\UI\ByArchive\patch-A.MPQ\Interface\AddOns\AwAddons\Textures\progress\SwapButtonLocked.blp
patch-A.MPQ,Ogre,UI,Interface\AddOns\AwAddons\Textures\progress\SwapButtonUnlocked.blp,12132,847F62E39E989FBBCBEB643DE8D0EAD444B072D2,G:\Downloads\HDWoWModels\Project Reforged\Playable_Races_Isolated_2026-10-04\Ogre\UI\ByArchive\patch-A.MPQ\Interface\AddOns\AwAddons\Textures\progress\SwapButtonUnlocked.blp
patch-A.MPQ,Ogre,UI,Interface\AddOns\AwAddons\Textures\progress\SwapButtonUnlockedH.blp,44860,8DC303F4E8311B78BFA60811DD5B58A8250691B4,G:\Downloads\HDWoWModels\Project Reforged\Playable_Races_Isolated_2026-10-04\Ogre\UI\ByArchive\patch-A.MPQ\Interface\AddOns\AwAddons\Textures\progress\SwapButtonUnlockedH.blp
patch-A.MPQ,Ogre,UI,Interface\AddOns\AwAddons\Textures\progress\SwapMainFrame.blp,700220,BECE291B9BF2FB5BD37E96069BDFBEF3F886B6FD,G:\Downloads\HDWoWModels\Project Reforged\Playable_Races_Isolated_2026-10-04\Ogre\UI\ByArchive\patch-A.MPQ\Interface\AddOns\AwAddons\Textures\progress\SwapMainFrame.blp
patch-A.MPQ,Ogre,UI,Interface\AddOns\AwAddons\Textures\progress\SwitchSpecActive.blp,350696,27D1E82B95E94A0AF45CC79B265B11F1B2B73D24,G:\Downloads\HDWoWModels\Project Reforged\Playable_Races_Isolated_2026-10-04\Ogre\UI\ByArchive\patch-A.MPQ\Interface\AddOns\AwAddons\Textures\progress\SwitchSpecActive.blp
patch-A.MPQ,Ogre,UI,Interface\AddOns\AwAddons\Textures\progress\SwitchSpecDisable.blp,350696,365691E5E8A2AB9995C25C8E6A60F62635005BEB,G:\Downloads\HDWoWModels\Project Reforged\Playable_Races_Isolated_2026-10-04\Ogre\UI\ByArchive\patch-A.MPQ\Interface\AddOns\AwAddons\Textures\progress\SwitchSpecDisable.blp
patch-A.MPQ,Ogre,UI,Interface\AddOns\AwAddons\Textures\progress\talent_bg.blp,6660,55E45F84C1ABC4A23F718C44D6F18FBB39EBF2B8,G:\Downloads\HDWoWModels\Project Reforged\Playable_Races_Isolated_2026-10-04\Ogre\UI\ByArchive\patch-A.MPQ\Interface\AddOns\AwAddons\Textures\progress\talent_bg.blp
patch-A.MPQ,Ogre,UI,Interface\AddOns\AwAddons\Textures\progress\talent_fn.blp,6660,27F6846F918C2EA6D8CC8D64F3A742963DC67726,G:\Downloads\HDWoWModels\Project Reforged\Playable_Races_Isolated_2026-10-04\Ogre\UI\ByArchive\patch-A.MPQ\Interface\AddOns\AwAddons\Textures\progress\talent_fn.blp
patch-A.MPQ,Ogre,UI,Interface\AddOns\AwAddons\Textures\progress\talent_rank.blp,6660,9DE658D04C5B52C9E955544DDE58002AE29AB0A1,G:\Downloads\HDWoWModels\Project Reforged\Playable_Races_Isolated_2026-10-04\Ogre\UI\ByArchive\patch-A.MPQ\Interface\AddOns\AwAddons\Textures\progress\talent_rank.blp
patch-A.MPQ,Ogre,UI,Interface\AddOns\AwAddons\Textures\progress\talent_rank_max.blp,6660,28A6B4E25075C78D000902BE5A19D9D78634C782,G:\Downloads\HDWoWModels\Project Reforged\Playable_Races_Isolated_2026-10-04\Ogre\UI\ByArchive\patch-A.MPQ\Interface\AddOns\AwAddons\Textures\progress\talent_rank_max.blp
patch-A.MPQ,Ogre,UI,Interface\AddOns\AwAddons\Textures\progress\talenticon.blp,23016,042053F7626CD2931B9B0AB07B3D53357D61CB6A,G:\Downloads\HDWoWModels\Project Reforged\Playable_Races_Isolated_2026-10-04\Ogre\UI\ByArchive\patch-A.MPQ\Interface\AddOns\AwAddons\Textures\progress\talenticon.blp
patch-A.MPQ,Ogre,UI,Interface\AddOns\AwAddons\Textures\progress\talenticon_h.blp,23016,595C3C111FC916AE2ED2935AC2BAA1BEEB1988F7,G:\Downloads\HDWoWModels\Project Reforged\Playable_Races_Isolated_2026-10-04\Ogre\UI\ByArchive\patch-A.MPQ\Interface\AddOns\AwAddons\Textures\progress\talenticon_h.blp
patch-A.MPQ,Ogre,UI,Interface\AddOns\AwAddons\Textures\progress\UI-Panel-MinimizeButton-Down.blp,2564,A3217255978F6A9E4958FFF72AC64605BE70375A,G:\Downloads\HDWoWModels\Project Reforged\Playable_Races_Isolated_2026-10-04\Ogre\UI\ByArchive\patch-A.MPQ\Interface\AddOns\AwAddons\Textures\progress\UI-Panel-MinimizeButton-Down.blp
patch-A.MPQ,Ogre,UI,Interface\AddOns\AwAddons\Textures\progress\UI-Panel-MinimizeButton-Highlight.blp,1868,D41FD055BDC88436DF9703B9F7803C7A966219C0,G:\Downloads\HDWoWModels\Project Reforged\Playable_Races_Isolated_2026-10-04\Ogre\UI\ByArchive\patch-A.MPQ\Interface\AddOns\AwAddons\Textures\progress\UI-Panel-MinimizeButton-Highlight.blp
patch-A.MPQ,Ogre,UI,Interface\AddOns\AwAddons\Textures\progress\UI-Panel-MinimizeButton-Up.blp,2564,72A79EB229F2583684C2D301B175A0394C25C702,G:\Downloads\HDWoWModels\Project Reforged\Playable_Races_Isolated_2026-10-04\Ogre\UI\ByArchive\patch-A.MPQ\Interface\AddOns\AwAddons\Textures\progress\UI-Panel-MinimizeButton-Up.blp
patch-A.MPQ,Ogre,UI,Interface\AddOns\AwAddons\Textures\Tutorial\tutorial_TexProgress.blp,1399272,336648FCD9A218869E2DDA115DACDBBD596C1A22,G:\Downloads\HDWoWModels\Project Reforged\Playable_Races_Isolated_2026-10-04\Ogre\UI\ByArchive\patch-A.MPQ\Interface\AddOns\AwAddons\Textures\Tutorial\tutorial_TexProgress.blp
patch-A.MPQ,Ogre,UI,Interface\Archeology\Arch-Progress-Bg.blp,44964,2ABBF62673DB92A9B3F686DFD05EBD7CB23D0802,G:\Downloads\HDWoWModels\Project Reforged\Playable_Races_Isolated_2026-10-04\Ogre\UI\ByArchive\patch-A.MPQ\Interface\Archeology\Arch-Progress-Bg.blp
patch-A.MPQ,Ogre,UI,Interface\Archeology\Arch-Progress-Fill.blp,23204,CB6FBA47D8BB16ED453974BD62C7ECBE49287239,G:\Downloads\HDWoWModels\Project Reforged\Playable_Races_Isolated_2026-10-04\Ogre\UI\ByArchive\patch-A.MPQ\Interface\Archeology\Arch-Progress-Fill.blp
patch-A.MPQ,Ogre,UI,Interface\CoAResource\cultistprogressflipbook.blp,5593604,DAB4BD827242EBD50046DA6AE378BF807A04EA8B,G:\Downloads\HDWoWModels\Project Reforged\Playable_Races_Isolated_2026-10-04\Ogre\UI\ByArchive\patch-A.MPQ\Interface\CoAResource\cultistprogressflipbook.blp
patch-A.MPQ,Ogre,UI,Interface\Professions\ProfessionsFXProgressBars.blp,44964,B3F80CFF5E916CC7FA0CE08D8561F10ACFDC9DF5,G:\Downloads\HDWoWModels\Project Reforged\Playable_Races_Isolated_2026-10-04\Ogre\UI\ByArchive\patch-A.MPQ\Interface\Professions\ProfessionsFXProgressBars.blp
patch-A.MPQ,Ogre,UI,Interface\Spellbook\Professions-Progress-Fill.blp,6820,946CB2C01D2A8AB64F50035F2C3A814FEB4FA716,G:\Downloads\HDWoWModels\Project Reforged\Playable_Races_Isolated_2026-10-04\Ogre\UI\ByArchive\patch-A.MPQ\Interface\Spellbook\Professions-Progress-Fill.blp
patch-B.MPQ,Ogre,UI,Interface\AddOns\Ascension_EnchantCollection\Slots\ProgressBar.lua,2004,0D097168061FE21E440F1CE6D8F0DC72E22089D8,G:\Downloads\HDWoWModels\Project Reforged\Playable_Races_Isolated_2026-10-04\Ogre\UI\ByArchive\patch-B.MPQ\Interface\AddOns\Ascension_EnchantCollection\Slots\ProgressBar.lua
patch-B.MPQ,Ogre,UI,Interface\AddOns\Ascension_SeasonCollection\SeasonProgressBarMixin.lua,9838,CAEC7F8E530637345E231207A80B511B1B8C14B9,G:\Downloads\HDWoWModels\Project Reforged\Playable_Races_Isolated_2026-10-04\Ogre\UI\ByArchive\patch-B.MPQ\Interface\AddOns\Ascension_SeasonCollection\SeasonProgressBarMixin.lua
patch-B.MPQ,Ogre,UI,Interface\AddOns\Ascension_SkillCards\SkillCardProgressBars.lua,3928,991143CF790D8EAF9D8DEA6F8BBD806FE43F0180,G:\Downloads\HDWoWModels\Project Reforged\Playable_Races_Isolated_2026-10-04\Ogre\UI\ByArchive\patch-B.MPQ\Interface\AddOns\Ascension_SkillCards\SkillCardProgressBars.lua
patch-CHA.MPQ,Tuskarr,Character,Character\Tuskarr\male\tuskarrmale.m2,1431648,453B9475F4B8C8D6E6F40267E0A5AA8800ED6E2A,G:\Downloads\HDWoWModels\Project Reforged\Playable_Races_Isolated_2026-10-04\Tuskarr\Character\ByArchive\patch-CHA.MPQ\Character\Tuskarr\male\tuskarrmale.m2
patch-CHA.MPQ,Tuskarr,Character,Character\Tuskarr\male\tuskarrmale00.skin,90144,A52FBB0211532B23E35116D12DF9714A9080EEF9,G:\Downloads\HDWoWModels\Project Reforged\Playable_Races_Isolated_2026-10-04\Tuskarr\Character\ByArchive\patch-CHA.MPQ\Character\Tuskarr\male\tuskarrmale00.skin
patch-CHA.MPQ,Tuskarr,Character,Character\Tuskarr\male\tuskarrmale0060-00.anim,35872,EC206FBCAF7FB982BECFAC0EB713CEE50FC309F5,G:\Downloads\HDWoWModels\Project Reforged\Playable_Races_Isolated_2026-10-04\Tuskarr\Character\ByArchive\patch-CHA.MPQ\Character\Tuskarr\male\tuskarrmale0060-00.anim
patch-CHA.MPQ,Tuskarr,Character,Character\Tuskarr\male\tuskarrmale0062-00.anim,8432,D2CF46272E6BB678E70EBD2FAC15A742AC9E334B,G:\Downloads\HDWoWModels\Project Reforged\Playable_Races_Isolated_2026-10-04\Tuskarr\Character\ByArchive\patch-CHA.MPQ\Character\Tuskarr\male\tuskarrmale0062-00.anim
patch-CHA.MPQ,Tuskarr,Character,Character\Tuskarr\male\tuskarrmale0084-00.anim,17760,50EA9464D79CA57EDFE67ED86AF8546C60F2B2D4,G:\Downloads\HDWoWModels\Project Reforged\Playable_Races_Isolated_2026-10-04\Tuskarr\Character\ByArchive\patch-CHA.MPQ\Character\Tuskarr\male\tuskarrmale0084-00.anim
patch-CHA.MPQ,Tuskarr,Character,Character\Tuskarr\male\tuskarrmale0096-00.anim,27648,4E456FB3AC88BB6F058C08E2D4FA23FA0167418B,G:\Downloads\HDWoWModels\Project Reforged\Playable_Races_Isolated_2026-10-04\Tuskarr\Character\ByArchive\patch-CHA.MPQ\Character\Tuskarr\male\tuskarrmale0096-00.anim
patch-CHA.MPQ,Tuskarr,Character,Character\Tuskarr\male\tuskarrmale0097-00.anim,14432,BDC9BDA5A5734972BB31FB0361ABBA2CA4377F08,G:\Downloads\HDWoWModels\Project Reforged\Playable_Races_Isolated_2026-10-04\Tuskarr\Character\ByArchive\patch-CHA.MPQ\Character\Tuskarr\male\tuskarrmale0097-00.anim
patch-CHA.MPQ,Tuskarr,Character,Character\Tuskarr\male\tuskarrmale0098-00.anim,18640,DB9F11CC616E52485DA41D1425D965483CF2B28B,G:\Downloads\HDWoWModels\Project Reforged\Playable_Races_Isolated_2026-10-04\Tuskarr\Character\ByArchive\patch-CHA.MPQ\Character\Tuskarr\male\tuskarrmale0098-00.anim
patch-CHA.MPQ,Tuskarr,Character,Character\Tuskarr\male\tuskarrmale0123-00.anim,11632,8E2156739ECC2BB54430487454EABC6C1D08E351,G:\Downloads\HDWoWModels\Project Reforged\Playable_Races_Isolated_2026-10-04\Tuskarr\Character\ByArchive\patch-CHA.MPQ\Character\Tuskarr\male\tuskarrmale0123-00.anim
patch-CHA.MPQ,Tuskarr,Character,Character\Tuskarr\male\tuskarrmale0128-00.anim,5024,E5B054CD3381B61B8ED9FD05843126CAF72FCFCB,G:\Downloads\HDWoWModels\Project Reforged\Playable_Races_Isolated_2026-10-04\Tuskarr\Character\ByArchive\patch-CHA.MPQ\Character\Tuskarr\male\tuskarrmale0128-00.anim
patch-CHA.MPQ,Tuskarr,Character,Character\Tuskarr\male\tuskarrmale0129-00.anim,7264,825395DD95236EB95E1844DB0CA0798A33671F66,G:\Downloads\HDWoWModels\Project Reforged\Playable_Races_Isolated_2026-10-04\Tuskarr\Character\ByArchive\patch-CHA.MPQ\Character\Tuskarr\male\tuskarrmale0129-00.anim
patch-CHA.MPQ,Tuskarr,Character,Character\Tuskarr\male\tuskarrmale0133-00.anim,17664,4486DF01F77E121F1CED53D419CEAA60BA36B784,G:\Downloads\HDWoWModels\Project Reforged\Playable_Races_Isolated_2026-10-04\Tuskarr\Character\ByArchive\patch-CHA.MPQ\Character\Tuskarr\male\tuskarrmale0133-00.anim
patch-CHA.MPQ,Tuskarr,Character,Character\Tuskarr\male\tuskarrmale0134-00.anim,46752,9D1A7754C5BE97F68036AB2BDA49CD8DCEF3DA45,G:\Downloads\HDWoWModels\Project Reforged\Playable_Races_Isolated_2026-10-04\Tuskarr\Character\ByArchive\patch-CHA.MPQ\Character\Tuskarr\male\tuskarrmale0134-00.anim
patch-I.MPQ,Ogre,UI,Interface\icons\ability_warlock_infernogreen.blp,6660,15A15F496A4D6A7816FCCD7329EFFAFAF576066A,G:\Downloads\HDWoWModels\Project Reforged\Playable_Races_Isolated_2026-10-04\Ogre\UI\ByArchive\patch-I.MPQ\Interface\icons\ability_warlock_infernogreen.blp
patch-I.MPQ,Ogre,UI,Interface\icons\achievement_challengemode_ogreslagmines_bronze.blp,6660,ED05F82680C3096F41968C2DDE1671C49770B7BB,G:\Downloads\HDWoWModels\Project Reforged\Playable_Races_Isolated_2026-10-04\Ogre\UI\ByArchive\patch-I.MPQ\Interface\icons\achievement_challengemode_ogreslagmines_bronze.blp
patch-I.MPQ,Ogre,UI,Interface\icons\achievement_challengemode_ogreslagmines_gold.blp,6660,ECAF91A38A6E3B3EE3910435EB2A576C81CC1E7A,G:\Downloads\HDWoWModels\Project Reforged\Playable_Races_Isolated_2026-10-04\Ogre\UI\ByArchive\patch-I.MPQ\Interface\icons\achievement_challengemode_ogreslagmines_gold.blp
patch-I.MPQ,Ogre,UI,Interface\icons\achievement_challengemode_ogreslagmines_hourglass.blp,6660,65B7A91AB39839B3FC8A306E951A977E30290A8F,G:\Downloads\HDWoWModels\Project Reforged\Playable_Races_Isolated_2026-10-04\Ogre\UI\ByArchive\patch-I.MPQ\Interface\icons\achievement_challengemode_ogreslagmines_hourglass.blp
patch-I.MPQ,Ogre,UI,Interface\icons\achievement_challengemode_ogreslagmines_silver.blp,6660,970AEC2D9D88B7C92F36EE1474AC2100B2A93059,G:\Downloads\HDWoWModels\Project Reforged\Playable_Races_Isolated_2026-10-04\Ogre\UI\ByArchive\patch-I.MPQ\Interface\icons\achievement_challengemode_ogreslagmines_silver.blp
patch-I.MPQ,Ogre,UI,Interface\icons\achievement_dungeon_ogreslagmines.blp,6660,F2DBE2D5EB24AC58CB4BBF5EADFF51C010F43438,G:\Downloads\HDWoWModels\Project Reforged\Playable_Races_Isolated_2026-10-04\Ogre\UI\ByArchive\patch-I.MPQ\Interface\icons\achievement_dungeon_ogreslagmines.blp
patch-I.MPQ,Ogre,UI,Interface\icons\Achievement_Reputation_Ogre.blp,6660,029FBA49246276F5D0E5E4276BEACC8C63E79D57,G:\Downloads\HDWoWModels\Project Reforged\Playable_Races_Isolated_2026-10-04\Ogre\UI\ByArchive\patch-I.MPQ\Interface\icons\Achievement_Reputation_Ogre.blp
patch-I.MPQ,Tuskarr,UI,Interface\icons\achievement_reputation_tuskarr.blp,6660,0B9C874F4EFCE4225DE5CEA4A8D9734E9819C1E6,G:\Downloads\HDWoWModels\Project Reforged\Playable_Races_Isolated_2026-10-04\Tuskarr\UI\ByArchive\patch-I.MPQ\Interface\icons\achievement_reputation_tuskarr.blp
patch-I.MPQ,Ogre,UI,Interface\icons\achievement_worldevent_xmasogre.blp,6660,7E92C9FA8403A283CB65C2C97F07411A61FBE288,G:\Downloads\HDWoWModels\Project Reforged\Playable_Races_Isolated_2026-10-04\Ogre\UI\ByArchive\patch-I.MPQ\Interface\icons\achievement_worldevent_xmasogre.blp
patch-I.MPQ,Ogre,UI,Interface\icons\gradientbar-spell-ogreleft.blp,6660,E04FC2CA0297D98CE29B03D61654DFB6F40FA265,G:\Downloads\HDWoWModels\Project Reforged\Playable_Races_Isolated_2026-10-04\Ogre\UI\ByArchive\patch-I.MPQ\Interface\icons\gradientbar-spell-ogreleft.blp
patch-I.MPQ,Ogre,UI,Interface\icons\gradientbar-spell-ogreright.blp,6660,813738FBB2164784B5FC7CB3D1F14B4A158708CF,G:\Downloads\HDWoWModels\Project Reforged\Playable_Races_Isolated_2026-10-04\Ogre\UI\ByArchive\patch-I.MPQ\Interface\icons\gradientbar-spell-ogreright.blp
patch-I.MPQ,Tuskarr,UI,Interface\icons\inv_10_dungeonjewelry_primitive_trinket_tuskarrplushie_color1.blp,3220,DE9DBC62987B68A8BA56703D329BC5A3E511FA3C,G:\Downloads\HDWoWModels\Project Reforged\Playable_Races_Isolated_2026-10-04\Tuskarr\UI\ByArchive\patch-I.MPQ\Interface\icons\inv_10_dungeonjewelry_primitive_trinket_tuskarrplushie_color1.blp
patch-I.MPQ,Tuskarr,UI,Interface\icons\inv_10_dungeonjewelry_primitive_trinket_tuskarrplushie_color2.blp,3220,D39DEF040509479B312FDD1DD0AB8A2E72A66D2D,G:\Downloads\HDWoWModels\Project Reforged\Playable_Races_Isolated_2026-10-04\Tuskarr\UI\ByArchive\patch-I.MPQ\Interface\icons\inv_10_dungeonjewelry_primitive_trinket_tuskarrplushie_color2.blp
patch-I.MPQ,Tuskarr,UI,Interface\icons\inv_10_dungeonjewelry_primitive_trinket_tuskarrplushie_color3.blp,3220,125423B76B92399924E31651BE170D09903E3AA4,G:\Downloads\HDWoWModels\Project Reforged\Playable_Races_Isolated_2026-10-04\Tuskarr\UI\ByArchive\patch-I.MPQ\Interface\icons\inv_10_dungeonjewelry_primitive_trinket_tuskarrplushie_color3.blp
patch-I.MPQ,Tuskarr,UI,Interface\icons\inv_10_dungeonjewelry_tuskarr_necklace_1_color1.blp,3220,413DCB86D57EA6527F6A4188444AEC5B01254B98,G:\Downloads\HDWoWModels\Project Reforged\Playable_Races_Isolated_2026-10-04\Tuskarr\UI\ByArchive\patch-I.MPQ\Interface\icons\inv_10_dungeonjewelry_tuskarr_necklace_1_color1.blp
patch-I.MPQ,Tuskarr,UI,Interface\icons\inv_10_dungeonjewelry_tuskarr_necklace_1_color2.blp,3220,4AC62AF4807423C60BD94E62575E9487A310BBC9,G:\Downloads\HDWoWModels\Project Reforged\Playable_Races_Isolated_2026-10-04\Tuskarr\UI\ByArchive\patch-I.MPQ\Interface\icons\inv_10_dungeonjewelry_tuskarr_necklace_1_color2.blp
patch-I.MPQ,Tuskarr,UI,Interface\icons\inv_10_dungeonjewelry_tuskarr_necklace_1_color3.blp,3220,0A5BBCD869124F704057BD7958CB75F8258E45D7,G:\Downloads\HDWoWModels\Project Reforged\Playable_Races_Isolated_2026-10-04\Tuskarr\UI\ByArchive\patch-I.MPQ\Interface\icons\inv_10_dungeonjewelry_tuskarr_necklace_1_color3.blp
patch-I.MPQ,Tuskarr,UI,Interface\icons\inv_10_dungeonjewelry_tuskarr_necklace_1_color4.blp,3220,DDA8499010079EC16669B1F84F920E5FF8358EF2,G:\Downloads\HDWoWModels\Project Reforged\Playable_Races_Isolated_2026-10-04\Tuskarr\UI\ByArchive\patch-I.MPQ\Interface\icons\inv_10_dungeonjewelry_tuskarr_necklace_1_color4.blp
patch-I.MPQ,Tuskarr,UI,Interface\icons\inv_10_dungeonjewelry_tuskarr_necklace_1_color5.blp,3220,BDB34A88A5FC6B78354277318A46F6939CAB0C80,G:\Downloads\HDWoWModels\Project Reforged\Playable_Races_Isolated_2026-10-04\Tuskarr\UI\ByArchive\patch-I.MPQ\Interface\icons\inv_10_dungeonjewelry_tuskarr_necklace_1_color5.blp
patch-I.MPQ,Tuskarr,UI,Interface\icons\inv_10_dungeonjewelry_tuskarr_ring_1_color1.blp,3220,FD899655B2D93B24E720823C61ABC67CC24016CA,G:\Downloads\HDWoWModels\Project Reforged\Playable_Races_Isolated_2026-10-04\Tuskarr\UI\ByArchive\patch-I.MPQ\Interface\icons\inv_10_dungeonjewelry_tuskarr_ring_1_color1.blp
patch-I.MPQ,Tuskarr,UI,Interface\icons\inv_10_dungeonjewelry_tuskarr_ring_1_color2.blp,3220,FDE4E76D6E063A350D536B4B15BB49DF15A7792E,G:\Downloads\HDWoWModels\Project Reforged\Playable_Races_Isolated_2026-10-04\Tuskarr\UI\ByArchive\patch-I.MPQ\Interface\icons\inv_10_dungeonjewelry_tuskarr_ring_1_color2.blp
patch-I.MPQ,Tuskarr,UI,Interface\icons\inv_10_dungeonjewelry_tuskarr_ring_1_color3.blp,3220,B44D1F2BD254871B3C061650B7A72C39192393A1,G:\Downloads\HDWoWModels\Project Reforged\Playable_Races_Isolated_2026-10-04\Tuskarr\UI\ByArchive\patch-I.MPQ\Interface\icons\inv_10_dungeonjewelry_tuskarr_ring_1_color3.blp
patch-I.MPQ,Tuskarr,UI,Interface\icons\inv_10_dungeonjewelry_tuskarr_ring_1_color4.blp,3220,4679B873E3E1E03722998347A5815C08902A7B1A,G:\Downloads\HDWoWModels\Project Reforged\Playable_Races_Isolated_2026-10-04\Tuskarr\UI\ByArchive\patch-I.MPQ\Interface\icons\inv_10_dungeonjewelry_tuskarr_ring_1_color4.blp
patch-I.MPQ,Tuskarr,UI,Interface\icons\inv_10_dungeonjewelry_tuskarr_ring_1_color5.blp,3220,48D447E88CD826E8872EE9A25FAE5D163FD3F197,G:\Downloads\HDWoWModels\Project Reforged\Playable_Races_Isolated_2026-10-04\Tuskarr\UI\ByArchive\patch-I.MPQ\Interface\icons\inv_10_dungeonjewelry_tuskarr_ring_1_color5.blp
patch-I.MPQ,Tuskarr,UI,Interface\icons\inv_10_dungeonjewelry_tuskarr_ring_2_color1.blp,3220,C4A3F1DD4FC29794ABA5F2C50D2E6538FA597103,G:\Downloads\HDWoWModels\Project Reforged\Playable_Races_Isolated_2026-10-04\Tuskarr\UI\ByArchive\patch-I.MPQ\Interface\icons\inv_10_dungeonjewelry_tuskarr_ring_2_color1.blp
patch-I.MPQ,Tuskarr,UI,Interface\icons\inv_10_dungeonjewelry_tuskarr_ring_2_color2.blp,3220,7D5251F0C6F09D34BA1DAEA7822D0DD6E5D9D701,G:\Downloads\HDWoWModels\Project Reforged\Playable_Races_Isolated_2026-10-04\Tuskarr\UI\ByArchive\patch-I.MPQ\Interface\icons\inv_10_dungeonjewelry_tuskarr_ring_2_color2.blp
patch-I.MPQ,Tuskarr,UI,Interface\icons\inv_10_dungeonjewelry_tuskarr_ring_2_color3.blp,3220,2337D541C44B7CAC2B9BB4A934488473BF8A43A8,G:\Downloads\HDWoWModels\Project Reforged\Playable_Races_Isolated_2026-10-04\Tuskarr\UI\ByArchive\patch-I.MPQ\Interface\icons\inv_10_dungeonjewelry_tuskarr_ring_2_color3.blp
patch-I.MPQ,Tuskarr,UI,Interface\icons\inv_10_dungeonjewelry_tuskarr_ring_2_color4.blp,3220,3EAECF85E82363F0FFDEBFDE1511415606238FCF,G:\Downloads\HDWoWModels\Project Reforged\Playable_Races_Isolated_2026-10-04\Tuskarr\UI\ByArchive\patch-I.MPQ\Interface\icons\inv_10_dungeonjewelry_tuskarr_ring_2_color4.blp
patch-I.MPQ,Tuskarr,UI,Interface\icons\inv_10_dungeonjewelry_tuskarr_ring_2_color5.blp,3220,EDC97ABEE4A2892DE1319ABEE74C9D4350E2DC38,G:\Downloads\HDWoWModels\Project Reforged\Playable_Races_Isolated_2026-10-04\Tuskarr\UI\ByArchive\patch-I.MPQ\Interface\icons\inv_10_dungeonjewelry_tuskarr_ring_2_color5.blp
patch-I.MPQ,Tuskarr,UI,Interface\icons\inv_10_dungeonjewelry_tuskarr_trinket_1_color1.blp,3220,4BB4E22336E00F565D023FCB440236AB9CF1FFBE,G:\Downloads\HDWoWModels\Project Reforged\Playable_Races_Isolated_2026-10-04\Tuskarr\UI\ByArchive\patch-I.MPQ\Interface\icons\inv_10_dungeonjewelry_tuskarr_trinket_1_color1.blp
patch-I.MPQ,Tuskarr,UI,Interface\icons\inv_10_dungeonjewelry_tuskarr_trinket_1_color2.blp,3220,B99CFDCAF8AA5165555A405CC176E43C878C7122,G:\Downloads\HDWoWModels\Project Reforged\Playable_Races_Isolated_2026-10-04\Tuskarr\UI\ByArchive\patch-I.MPQ\Interface\icons\inv_10_dungeonjewelry_tuskarr_trinket_1_color2.blp
patch-I.MPQ,Tuskarr,UI,Interface\icons\inv_10_dungeonjewelry_tuskarr_trinket_1_color3.blp,3220,1D051896E614A78973DA8E758FB84981A80A84C6,G:\Downloads\HDWoWModels\Project Reforged\Playable_Races_Isolated_2026-10-04\Tuskarr\UI\ByArchive\patch-I.MPQ\Interface\icons\inv_10_dungeonjewelry_tuskarr_trinket_1_color3.blp
patch-I.MPQ,Tuskarr,UI,Interface\icons\inv_10_dungeonjewelry_tuskarr_trinket_1_color4.blp,3220,AA804892A37B7A9FF74C49EAED021B6AC6CD8DF5,G:\Downloads\HDWoWModels\Project Reforged\Playable_Races_Isolated_2026-10-04\Tuskarr\UI\ByArchive\patch-I.MPQ\Interface\icons\inv_10_dungeonjewelry_tuskarr_trinket_1_color4.blp
patch-I.MPQ,Tuskarr,UI,Interface\icons\inv_10_dungeonjewelry_tuskarr_trinket_1_color5.blp,3220,BCF808D2636D839FAFFC9D0C44DED4FDFBAE4A94,G:\Downloads\HDWoWModels\Project Reforged\Playable_Races_Isolated_2026-10-04\Tuskarr\UI\ByArchive\patch-I.MPQ\Interface\icons\inv_10_dungeonjewelry_tuskarr_trinket_1_color5.blp
patch-I.MPQ,Tuskarr,UI,Interface\icons\inv_10_dungeonjewelry_tuskarr_trinket_2_color1.blp,3220,800DFDA76D5884D0A8E0C2D34FED9E3EE4223C58,G:\Downloads\HDWoWModels\Project Reforged\Playable_Races_Isolated_2026-10-04\Tuskarr\UI\ByArchive\patch-I.MPQ\Interface\icons\inv_10_dungeonjewelry_tuskarr_trinket_2_color1.blp
patch-I.MPQ,Tuskarr,UI,Interface\icons\inv_10_dungeonjewelry_tuskarr_trinket_2_color2.blp,3220,91FCCDD76BA93A060B36A7B97014DB750E659740,G:\Downloads\HDWoWModels\Project Reforged\Playable_Races_Isolated_2026-10-04\Tuskarr\UI\ByArchive\patch-I.MPQ\Interface\icons\inv_10_dungeonjewelry_tuskarr_trinket_2_color2.blp
patch-I.MPQ,Tuskarr,UI,Interface\icons\inv_10_dungeonjewelry_tuskarr_trinket_2_color3.blp,3220,98F5F5DA4387B04BCE4C5AD58F74250AAD0255FC,G:\Downloads\HDWoWModels\Project Reforged\Playable_Races_Isolated_2026-10-04\Tuskarr\UI\ByArchive\patch-I.MPQ\Interface\icons\inv_10_dungeonjewelry_tuskarr_trinket_2_color3.blp
patch-I.MPQ,Tuskarr,UI,Interface\icons\inv_10_dungeonjewelry_tuskarr_trinket_2_color4.blp,3220,30D9C2CFEFAC4585817DDBD508EF120EFBCD03EC,G:\Downloads\HDWoWModels\Project Reforged\Playable_Races_Isolated_2026-10-04\Tuskarr\UI\ByArchive\patch-I.MPQ\Interface\icons\inv_10_dungeonjewelry_tuskarr_trinket_2_color4.blp
patch-I.MPQ,Tuskarr,UI,Interface\icons\inv_10_dungeonjewelry_tuskarr_trinket_2_color5.blp,3220,9CEAC8752452367E6637CD6228117683B0D93A5C,G:\Downloads\HDWoWModels\Project Reforged\Playable_Races_Isolated_2026-10-04\Tuskarr\UI\ByArchive\patch-I.MPQ\Interface\icons\inv_10_dungeonjewelry_tuskarr_trinket_2_color5.blp
patch-I.MPQ,Tuskarr,UI,Interface\icons\inv_10_dungeonjewelry_tuskarr_trinket_3_color1.blp,3220,E36C88BF7577F8121EB88B7E69EE03FA4FCB892F,G:\Downloads\HDWoWModels\Project Reforged\Playable_Races_Isolated_2026-10-04\Tuskarr\UI\ByArchive\patch-I.MPQ\Interface\icons\inv_10_dungeonjewelry_tuskarr_trinket_3_color1.blp
patch-I.MPQ,Tuskarr,UI,Interface\icons\inv_10_dungeonjewelry_tuskarr_trinket_3_color2.blp,3220,84B3DD0B11B7AD33FEAEA43FD563C7B8CB826478,G:\Downloads\HDWoWModels\Project Reforged\Playable_Races_Isolated_2026-10-04\Tuskarr\UI\ByArchive\patch-I.MPQ\Interface\icons\inv_10_dungeonjewelry_tuskarr_trinket_3_color2.blp
patch-I.MPQ,Tuskarr,UI,Interface\icons\inv_10_dungeonjewelry_tuskarr_trinket_3_color3.blp,3220,9572B118284CAA2DAC9541BA001D5C7E424EB7DD,G:\Downloads\HDWoWModels\Project Reforged\Playable_Races_Isolated_2026-10-04\Tuskarr\UI\ByArchive\patch-I.MPQ\Interface\icons\inv_10_dungeonjewelry_tuskarr_trinket_3_color3.blp
patch-I.MPQ,Tuskarr,UI,Interface\icons\inv_10_dungeonjewelry_tuskarr_trinket_3_color4.blp,3220,F76E6C08B6520494E85EBA094DD8357FAC15CCD2,G:\Downloads\HDWoWModels\Project Reforged\Playable_Races_Isolated_2026-10-04\Tuskarr\UI\ByArchive\patch-I.MPQ\Interface\icons\inv_10_dungeonjewelry_tuskarr_trinket_3_color4.blp
patch-I.MPQ,Tuskarr,UI,Interface\icons\inv_10_dungeonjewelry_tuskarr_trinket_3_color5.blp,3220,7DDC3954E7584A9C365E90EDBC06B6D782B12FE9,G:\Downloads\HDWoWModels\Project Reforged\Playable_Races_Isolated_2026-10-04\Tuskarr\UI\ByArchive\patch-I.MPQ\Interface\icons\inv_10_dungeonjewelry_tuskarr_trinket_3_color5.blp
patch-I.MPQ,Furbolg,UI,Interface\icons\inv_10_misc_winterpeltfurbolg_totem.blp,3220,451CF12260541EAB3DDD365C502C76642E074A88,G:\Downloads\HDWoWModels\Project Reforged\Playable_Races_Isolated_2026-10-04\Furbolg\UI\ByArchive\patch-I.MPQ\Interface\icons\inv_10_misc_winterpeltfurbolg_totem.blp
patch-I.MPQ,Furbolg,UI,Interface\icons\inv_10_misc_winterpeltfurbolg_toy.blp,3220,83E01B68C4CAC7C2CBCF0827BE503512497185A2,G:\Downloads\HDWoWModels\Project Reforged\Playable_Races_Isolated_2026-10-04\Furbolg\UI\ByArchive\patch-I.MPQ\Interface\icons\inv_10_misc_winterpeltfurbolg_toy.blp
patch-I.MPQ,Furbolg,UI,Interface\icons\inv_10_misc_winterpeltfurbolg_trinket.blp,3220,2329051B34C8317FB0CB20A5B7A23588E337FCF7,G:\Downloads\HDWoWModels\Project Reforged\Playable_Races_Isolated_2026-10-04\Furbolg\UI\ByArchive\patch-I.MPQ\Interface\icons\inv_10_misc_winterpeltfurbolg_trinket.blp
patch-I.MPQ,Furbolg,UI,Interface\icons\inv_10_misc_winterpeltfurbolg_trinket02.blp,3916,0C1736F2CA00A4221EB4E233CB23C3240E49A42F,G:\Downloads\HDWoWModels\Project Reforged\Playable_Races_Isolated_2026-10-04\Furbolg\UI\ByArchive\patch-I.MPQ\Interface\icons\inv_10_misc_winterpeltfurbolg_trinket02.blp
patch-I.MPQ,Ogre,UI,Interface\icons\inv_archaeology_ogres_chimera_riding_harness.blp,6660,8522BB4DE27F86EB1CA17A434189D8C86689A364,G:\Downloads\HDWoWModels\Project Reforged\Playable_Races_Isolated_2026-10-04\Ogre\UI\ByArchive\patch-I.MPQ\Interface\icons\inv_archaeology_ogres_chimera_riding_harness.blp
patch-I.MPQ,Ogre,UI,Interface\icons\inv_archaeology_ogres_figurine.blp,6660,4A8F09A3997C36D62D13D41D11E242779E715E50,G:\Downloads\HDWoWModels\Project Reforged\Playable_Races_Isolated_2026-10-04\Ogre\UI\ByArchive\patch-I.MPQ\Interface\icons\inv_archaeology_ogres_figurine.blp
patch-I.MPQ,Ogre,UI,Interface\icons\inv_archaeology_ogres_gladiator_shield.blp,6660,FB4562F5CD61EC070AD36511BC57B08F3CE9C75A,G:\Downloads\HDWoWModels\Project Reforged\Playable_Races_Isolated_2026-10-04\Ogre\UI\ByArchive\patch-I.MPQ\Interface\icons\inv_archaeology_ogres_gladiator_shield.blp
patch-I.MPQ,Ogre,UI,Interface\icons\inv_archaeology_ogres_hargunn_eye.blp,6660,2246944097C729B12C557C83BDECA675DDE616E9,G:\Downloads\HDWoWModels\Project Reforged\Playable_Races_Isolated_2026-10-04\Ogre\UI\ByArchive\patch-I.MPQ\Interface\icons\inv_archaeology_ogres_hargunn_eye.blp
patch-I.MPQ,Ogre,UI,Interface\icons\inv_archaeology_ogres_imperial_decree_stele.blp,6660,D30D5CC6AAEA61BF4F133B0B2EE1F22F92FAE9C4,G:\Downloads\HDWoWModels\Project Reforged\Playable_Races_Isolated_2026-10-04\Ogre\UI\ByArchive\patch-I.MPQ\Interface\icons\inv_archaeology_ogres_imperial_decree_stele.blp
patch-I.MPQ,Ogre,UI,Interface\icons\inv_archaeology_ogres_irongob.blp,3916,76D2F133619574890FF3DD6A51D3F4EE920E7564,G:\Downloads\HDWoWModels\Project Reforged\Playable_Races_Isolated_2026-10-04\Ogre\UI\ByArchive\patch-I.MPQ\Interface\icons\inv_archaeology_ogres_irongob.blp
patch-I.MPQ,Ogre,UI,Interface\icons\inv_archaeology_ogres_mortarpestle.blp,6660,111D91A32BECE36153E6DDDF10B4D7A90BCBC117,G:\Downloads\HDWoWModels\Project Reforged\Playable_Races_Isolated_2026-10-04\Ogre\UI\ByArchive\patch-I.MPQ\Interface\icons\inv_archaeology_ogres_mortarpestle.blp
patch-I.MPQ,Ogre,UI,Interface\icons\inv_archaeology_ogres_pictogram_tablet.blp,6660,53F3EABADFA806BC9DDE5E708E628135EA233310,G:\Downloads\HDWoWModels\Project Reforged\Playable_Races_Isolated_2026-10-04\Ogre\UI\ByArchive\patch-I.MPQ\Interface\icons\inv_archaeology_ogres_pictogram_tablet.blp
patch-I.MPQ,Ogre,UI,Interface\icons\inv_archaeology_ogres_sorcerer_king_toe_ring.blp,6660,DE2330371604DD4DD2E70B144C5FE6CF033F70BD,G:\Downloads\HDWoWModels\Project Reforged\Playable_Races_Isolated_2026-10-04\Ogre\UI\ByArchive\patch-I.MPQ\Interface\icons\inv_archaeology_ogres_sorcerer_king_toe_ring.blp
patch-I.MPQ,Ogre,UI,Interface\icons\inv_archaeology_ogres_stone_manacles.blp,6660,85EE31CA8770D2A0ACFB061F88A64DF4C25E1DAA,G:\Downloads\HDWoWModels\Project Reforged\Playable_Races_Isolated_2026-10-04\Ogre\UI\ByArchive\patch-I.MPQ\Interface\icons\inv_archaeology_ogres_stone_manacles.blp
patch-I.MPQ,Ogre,UI,Interface\icons\inv_archaeology_ogres_stonemaul_succession_stone.blp,6660,09431234B663725F5088E1772F9F22ABCBBE5F25,G:\Downloads\HDWoWModels\Project Reforged\Playable_Races_Isolated_2026-10-04\Ogre\UI\ByArchive\patch-I.MPQ\Interface\icons\inv_archaeology_ogres_stonemaul_succession_stone.blp
patch-I.MPQ,Ogre,UI,Interface\icons\inv_archaeology_ogres_warmaul_chieftain.blp,6660,A71BA15CB2926430C1A1898925958BD7AFEF3D78,G:\Downloads\HDWoWModels\Project Reforged\Playable_Races_Isolated_2026-10-04\Ogre\UI\ByArchive\patch-I.MPQ\Interface\icons\inv_archaeology_ogres_warmaul_chieftain.blp
patch-I.MPQ,Ogre,UI,Interface\icons\inv_axe_1h_draenorogre_b_01.blp,3916,4139F3D66D89B00E0B0753FD81BE84D512AE3CB2,G:\Downloads\HDWoWModels\Project Reforged\Playable_Races_Isolated_2026-10-04\Ogre\UI\ByArchive\patch-I.MPQ\Interface\icons\inv_axe_1h_draenorogre_b_01.blp
patch-I.MPQ,Ogre,UI,Interface\icons\inv_axe_1h_dreanorogre_b_01.blp,6660,C5A1DCD1E421ED35C7C202576C90AFBA36F7B66F,G:\Downloads\HDWoWModels\Project Reforged\Playable_Races_Isolated_2026-10-04\Ogre\UI\ByArchive\patch-I.MPQ\Interface\icons\inv_axe_1h_dreanorogre_b_01.blp
patch-I.MPQ,Ogre,UI,Interface\icons\inv_axe_2h_dreanorogre_b_01.blp,6660,4520A6976F7B472DE49C9045441B80D3A783EA64,G:\Downloads\HDWoWModels\Project Reforged\Playable_Races_Isolated_2026-10-04\Ogre\UI\ByArchive\patch-I.MPQ\Interface\icons\inv_axe_2h_dreanorogre_b_01.blp
patch-I.MPQ,Furbolg,UI,Interface\icons\inv_cape_special_furbolg_d_01.blp,3220,094A58CEAB4F25024114617B23355C86B8CB5B2C,G:\Downloads\HDWoWModels\Project Reforged\Playable_Races_Isolated_2026-10-04\Furbolg\UI\ByArchive\patch-I.MPQ\Interface\icons\inv_cape_special_furbolg_d_01.blp
patch-I.MPQ,Tuskarr,UI,Interface\icons\inv_cape_special_tuskarr_b_01.blp,3220,C5D500F51D61A3534C4D2B5C29E60D3650AC5B19,G:\Downloads\HDWoWModels\Project Reforged\Playable_Races_Isolated_2026-10-04\Tuskarr\UI\ByArchive\patch-I.MPQ\Interface\icons\inv_cape_special_tuskarr_b_01.blp
patch-I.MPQ,Tuskarr,UI,Interface\icons\inv_cape_special_tuskarr_b_01_blue.blp,3220,D6C8B222503E1B8226BF760C93660F449DF5BEC0,G:\Downloads\HDWoWModels\Project Reforged\Playable_Races_Isolated_2026-10-04\Tuskarr\UI\ByArchive\patch-I.MPQ\Interface\icons\inv_cape_special_tuskarr_b_01_blue.blp
patch-I.MPQ,Tuskarr,UI,Interface\icons\inv_cape_special_tuskarr_b_01_green.blp,3220,2DCE4CBEA49796A346E105C537F6789CE7C0E76E,G:\Downloads\HDWoWModels\Project Reforged\Playable_Races_Isolated_2026-10-04\Tuskarr\UI\ByArchive\patch-I.MPQ\Interface\icons\inv_cape_special_tuskarr_b_01_green.blp
patch-I.MPQ,Tuskarr,UI,Interface\icons\inv_cape_special_tuskarr_b_01_grey.blp,3220,2EB79AE8D4A3DFB8DEBEFD01ED109E41CD0B0162,G:\Downloads\HDWoWModels\Project Reforged\Playable_Races_Isolated_2026-10-04\Tuskarr\UI\ByArchive\patch-I.MPQ\Interface\icons\inv_cape_special_tuskarr_b_01_grey.blp
patch-I.MPQ,Tuskarr,UI,Interface\icons\inv_cape_special_tuskarr_b_01_red.blp,3220,9ED7951A1CC4D3232163F54B35076D2DEF5A8364,G:\Downloads\HDWoWModels\Project Reforged\Playable_Races_Isolated_2026-10-04\Tuskarr\UI\ByArchive\patch-I.MPQ\Interface\icons\inv_cape_special_tuskarr_b_01_red.blp
patch-I.MPQ,Tuskarr,UI,Interface\icons\inv_cape_special_tuskarr_b_02.blp,3220,8318994E38CC659DFF416FCB476092F1026FA924,G:\Downloads\HDWoWModels\Project Reforged\Playable_Races_Isolated_2026-10-04\Tuskarr\UI\ByArchive\patch-I.MPQ\Interface\icons\inv_cape_special_tuskarr_b_02.blp
patch-I.MPQ,Tuskarr,UI,Interface\icons\inv_cape_special_tuskarr_b_02_blue.blp,3220,81EE61DB16F1E8BDBB7FE5BD3E5F66AB8101F86F,G:\Downloads\HDWoWModels\Project Reforged\Playable_Races_Isolated_2026-10-04\Tuskarr\UI\ByArchive\patch-I.MPQ\Interface\icons\inv_cape_special_tuskarr_b_02_blue.blp
patch-I.MPQ,Tuskarr,UI,Interface\icons\inv_cape_special_tuskarr_b_02_green.blp,3220,3B736544274F38A944E047A5FE21DADDE4C3F049,G:\Downloads\HDWoWModels\Project Reforged\Playable_Races_Isolated_2026-10-04\Tuskarr\UI\ByArchive\patch-I.MPQ\Interface\icons\inv_cape_special_tuskarr_b_02_green.blp
patch-I.MPQ,Tuskarr,UI,Interface\icons\inv_cape_special_tuskarr_b_02_grey.blp,3220,914A946DFE9CFAFB58AD6B174B40E4903F822A0E,G:\Downloads\HDWoWModels\Project Reforged\Playable_Races_Isolated_2026-10-04\Tuskarr\UI\ByArchive\patch-I.MPQ\Interface\icons\inv_cape_special_tuskarr_b_02_grey.blp
patch-I.MPQ,Tuskarr,UI,Interface\icons\inv_cape_special_tuskarr_b_02_red.blp,3220,A35C6D2B738A772A6F78642E9638E66683571E3B,G:\Downloads\HDWoWModels\Project Reforged\Playable_Races_Isolated_2026-10-04\Tuskarr\UI\ByArchive\patch-I.MPQ\Interface\icons\inv_cape_special_tuskarr_b_02_red.blp
patch-I.MPQ,Tuskarr,UI,Interface\icons\inv_cape_special_tuskarr_b_03.blp,3220,D66CE2C10CCA2ABD6AD83ECC3856A0F3287AA3C6,G:\Downloads\HDWoWModels\Project Reforged\Playable_Races_Isolated_2026-10-04\Tuskarr\UI\ByArchive\patch-I.MPQ\Interface\icons\inv_cape_special_tuskarr_b_03.blp
patch-I.MPQ,Tuskarr,UI,Interface\icons\inv_cape_special_tuskarr_b_03_blue.blp,3220,DC9973F242244F750A4E326139708674849AB4E4,G:\Downloads\HDWoWModels\Project Reforged\Playable_Races_Isolated_2026-10-04\Tuskarr\UI\ByArchive\patch-I.MPQ\Interface\icons\inv_cape_special_tuskarr_b_03_blue.blp
patch-I.MPQ,Tuskarr,UI,Interface\icons\inv_cape_special_tuskarr_b_03_green.blp,3220,9E07AC4840529A960F3362C413F71CFD28EB17E8,G:\Downloads\HDWoWModels\Project Reforged\Playable_Races_Isolated_2026-10-04\Tuskarr\UI\ByArchive\patch-I.MPQ\Interface\icons\inv_cape_special_tuskarr_b_03_green.blp
patch-I.MPQ,Tuskarr,UI,Interface\icons\inv_cape_special_tuskarr_b_03_grey.blp,3220,4B9DB3326B55F665CAE4E96D71BE771F5B0909CA,G:\Downloads\HDWoWModels\Project Reforged\Playable_Races_Isolated_2026-10-04\Tuskarr\UI\ByArchive\patch-I.MPQ\Interface\icons\inv_cape_special_tuskarr_b_03_grey.blp
patch-I.MPQ,Tuskarr,UI,Interface\icons\inv_cape_special_tuskarr_b_03_red.blp,3220,150240FA66548F00038C134E62CB0E16B356F52B,G:\Downloads\HDWoWModels\Project Reforged\Playable_Races_Isolated_2026-10-04\Tuskarr\UI\ByArchive\patch-I.MPQ\Interface\icons\inv_cape_special_tuskarr_b_03_red.blp
patch-I.MPQ,Tuskarr,UI,Interface\icons\inv_custom_tuskarr_backpack_01_blue.blp,6660,33AC76BE6A492C0307F3019B7AC2D7CA218B8BA6,G:\Downloads\HDWoWModels\Project Reforged\Playable_Races_Isolated_2026-10-04\Tuskarr\UI\ByArchive\patch-I.MPQ\Interface\icons\inv_custom_tuskarr_backpack_01_blue.blp
patch-I.MPQ,Tuskarr,UI,Interface\icons\inv_custom_tuskarr_backpack_01_green.blp,3916,5331D6C6AE5B4897894B98FF903443C7ABDE45E3,G:\Downloads\HDWoWModels\Project Reforged\Playable_Races_Isolated_2026-10-04\Tuskarr\UI\ByArchive\patch-I.MPQ\Interface\icons\inv_custom_tuskarr_backpack_01_green.blp
patch-I.MPQ,Tuskarr,UI,Interface\icons\inv_custom_tuskarr_backpack_01_red.blp,6660,6A25053C6E1B0F1D7A6ADDD0F23ECC6891D380E0,G:\Downloads\HDWoWModels\Project Reforged\Playable_Races_Isolated_2026-10-04\Tuskarr\UI\ByArchive\patch-I.MPQ\Interface\icons\inv_custom_tuskarr_backpack_01_red.blp
patch-I.MPQ,Tuskarr,UI,Interface\icons\inv_custom_tuskarr_backpack_01_white.blp,6660,5942E356120971E822C679FD67897DAEA00BC1C9,G:\Downloads\HDWoWModels\Project Reforged\Playable_Races_Isolated_2026-10-04\Tuskarr\UI\ByArchive\patch-I.MPQ\Interface\icons\inv_custom_tuskarr_backpack_01_white.blp
patch-I.MPQ,Tuskarr,UI,Interface\icons\inv_custom_tuskarr_backpack_02_blue.blp,6660,0736FD5A79B7E5AA53B52F3F0FBD4813220E48C8,G:\Downloads\HDWoWModels\Project Reforged\Playable_Races_Isolated_2026-10-04\Tuskarr\UI\ByArchive\patch-I.MPQ\Interface\icons\inv_custom_tuskarr_backpack_02_blue.blp
patch-I.MPQ,Tuskarr,UI,Interface\icons\inv_custom_tuskarr_backpack_02_green.blp,6660,4D94003FC94CBFEB8827C7852E77D54F4731A89D,G:\Downloads\HDWoWModels\Project Reforged\Playable_Races_Isolated_2026-10-04\Tuskarr\UI\ByArchive\patch-I.MPQ\Interface\icons\inv_custom_tuskarr_backpack_02_green.blp
patch-I.MPQ,Tuskarr,UI,Interface\icons\inv_custom_tuskarr_backpack_02_red.blp,6660,C1030FDEE5E9253C3D6206CADFAD407B8A4E7018,G:\Downloads\HDWoWModels\Project Reforged\Playable_Races_Isolated_2026-10-04\Tuskarr\UI\ByArchive\patch-I.MPQ\Interface\icons\inv_custom_tuskarr_backpack_02_red.blp
patch-I.MPQ,Tuskarr,UI,Interface\icons\inv_custom_tuskarr_backpack_02_white.blp,6660,D438EFE359F29B56B5929810295D040D36ACEC50,G:\Downloads\HDWoWModels\Project Reforged\Playable_Races_Isolated_2026-10-04\Tuskarr\UI\ByArchive\patch-I.MPQ\Interface\icons\inv_custom_tuskarr_backpack_02_white.blp
patch-I.MPQ,Ogre,UI,Interface\icons\inv_hand_1h_ogresecurityboss_d_01.blp,3916,6582A763CD69B0A2EBD7F0DC8B1353F9C126AF3A,G:\Downloads\HDWoWModels\Project Reforged\Playable_Races_Isolated_2026-10-04\Ogre\UI\ByArchive\patch-I.MPQ\Interface\icons\inv_hand_1h_ogresecurityboss_d_01.blp
patch-I.MPQ,Tuskarr,UI,Interface\icons\inv_helm_armor_tuskarr_b_01.blp,3220,4BFE7B4D7CD525B93B6BCFCDAFBAB5AC167067FA,G:\Downloads\HDWoWModels\Project Reforged\Playable_Races_Isolated_2026-10-04\Tuskarr\UI\ByArchive\patch-I.MPQ\Interface\icons\inv_helm_armor_tuskarr_b_01.blp
patch-I.MPQ,Tuskarr,UI,Interface\icons\inv_helm_armor_tuskarr_b_01_blue.blp,3220,EB03ECC8CE25A839771B94C47118D8F0AEEF986A,G:\Downloads\HDWoWModels\Project Reforged\Playable_Races_Isolated_2026-10-04\Tuskarr\UI\ByArchive\patch-I.MPQ\Interface\icons\inv_helm_armor_tuskarr_b_01_blue.blp
patch-I.MPQ,Tuskarr,UI,Interface\icons\inv_helm_armor_tuskarr_b_01_green.blp,3220,56AED98C0F14B13B1AC083FD5BE5DF62D851E91B,G:\Downloads\HDWoWModels\Project Reforged\Playable_Races_Isolated_2026-10-04\Tuskarr\UI\ByArchive\patch-I.MPQ\Interface\icons\inv_helm_armor_tuskarr_b_01_green.blp
patch-I.MPQ,Tuskarr,UI,Interface\icons\inv_helm_armor_tuskarr_b_01_grey.blp,3220,5894D9B55EC80D17F2D37B51D2AD1DB7938CCA09,G:\Downloads\HDWoWModels\Project Reforged\Playable_Races_Isolated_2026-10-04\Tuskarr\UI\ByArchive\patch-I.MPQ\Interface\icons\inv_helm_armor_tuskarr_b_01_grey.blp
patch-I.MPQ,Tuskarr,UI,Interface\icons\inv_helm_armor_tuskarr_b_01_red.blp,3220,78788EAA2C6B77A11B87F603DB9AB0EAC84A0A3D,G:\Downloads\HDWoWModels\Project Reforged\Playable_Races_Isolated_2026-10-04\Tuskarr\UI\ByArchive\patch-I.MPQ\Interface\icons\inv_helm_armor_tuskarr_b_01_red.blp
patch-I.MPQ,Tuskarr,UI,Interface\icons\inv_helm_armor_tuskarr_b_02.blp,3220,B1DC6EAE0C952F4B61406409C9325610BD20E961,G:\Downloads\HDWoWModels\Project Reforged\Playable_Races_Isolated_2026-10-04\Tuskarr\UI\ByArchive\patch-I.MPQ\Interface\icons\inv_helm_armor_tuskarr_b_02.blp
patch-I.MPQ,Tuskarr,UI,Interface\icons\inv_helm_armor_tuskarr_b_02_blue.blp,3220,E229C8249060A8A4CDF12CA44C49BB70D7DAF7E1,G:\Downloads\HDWoWModels\Project Reforged\Playable_Races_Isolated_2026-10-04\Tuskarr\UI\ByArchive\patch-I.MPQ\Interface\icons\inv_helm_armor_tuskarr_b_02_blue.blp
patch-I.MPQ,Tuskarr,UI,Interface\icons\inv_helm_armor_tuskarr_b_02_green.blp,3220,A5CAF56301D58C7A42D31973A9E9F6125EEF2E93,G:\Downloads\HDWoWModels\Project Reforged\Playable_Races_Isolated_2026-10-04\Tuskarr\UI\ByArchive\patch-I.MPQ\Interface\icons\inv_helm_armor_tuskarr_b_02_green.blp
patch-I.MPQ,Tuskarr,UI,Interface\icons\inv_helm_armor_tuskarr_b_02_grey.blp,3220,71923BDE50AB78706D6AE38A2528627258A7F7E2,G:\Downloads\HDWoWModels\Project Reforged\Playable_Races_Isolated_2026-10-04\Tuskarr\UI\ByArchive\patch-I.MPQ\Interface\icons\inv_helm_armor_tuskarr_b_02_grey.blp
patch-I.MPQ,Tuskarr,UI,Interface\icons\inv_helm_armor_tuskarr_b_02_red.blp,3220,92AA074C2F1EB1278FBA13322FB23F457286CE5B,G:\Downloads\HDWoWModels\Project Reforged\Playable_Races_Isolated_2026-10-04\Tuskarr\UI\ByArchive\patch-I.MPQ\Interface\icons\inv_helm_armor_tuskarr_b_02_red.blp
patch-I.MPQ,Ogre,UI,Interface\icons\inv_mace_1h_draenorogre_b_01.blp,6660,7A9178E5724A03AA65A7B037E18DF16B50B6D101,G:\Downloads\HDWoWModels\Project Reforged\Playable_Races_Isolated_2026-10-04\Ogre\UI\ByArchive\patch-I.MPQ\Interface\icons\inv_mace_1h_draenorogre_b_01.blp
patch-I.MPQ,Ogre,UI,Interface\icons\inv_mace_1h_dreanorogre_b_01.blp,6660,7A9178E5724A03AA65A7B037E18DF16B50B6D101,G:\Downloads\HDWoWModels\Project Reforged\Playable_Races_Isolated_2026-10-04\Ogre\UI\ByArchive\patch-I.MPQ\Interface\icons\inv_mace_1h_dreanorogre_b_01.blp
patch-I.MPQ,Tuskarr,UI,Interface\icons\inv_mace_1h_tuskarr_b_01.blp,6660,8E25377D33B32F7D634773992712717269F472EF,G:\Downloads\HDWoWModels\Project Reforged\Playable_Races_Isolated_2026-10-04\Tuskarr\UI\ByArchive\patch-I.MPQ\Interface\icons\inv_mace_1h_tuskarr_b_01.blp
patch-I.MPQ,Ogre,UI,Interface\icons\inv_mace_2h_dreanorogre_b_01.blp,6660,789E758AA333422EC185845295CEABEABE46E5D0,G:\Downloads\HDWoWModels\Project Reforged\Playable_Races_Isolated_2026-10-04\Ogre\UI\ByArchive\patch-I.MPQ\Interface\icons\inv_mace_2h_dreanorogre_b_01.blp
patch-I.MPQ,Ogre,UI,Interface\icons\inv_mace_2h_dreanorogre_b_02.blp,6660,7F18937D2468DAFE42E5593B957B9A150A4B3D28,G:\Downloads\HDWoWModels\Project Reforged\Playable_Races_Isolated_2026-10-04\Ogre\UI\ByArchive\patch-I.MPQ\Interface\icons\inv_mace_2h_dreanorogre_b_02.blp
patch-I.MPQ,Ogre,UI,Interface\icons\inv_mace_2h_dreanorogre_b_03.blp,6660,2CED17816135448261AF9CFE767791FE5ABA9315,G:\Downloads\HDWoWModels\Project Reforged\Playable_Races_Isolated_2026-10-04\Ogre\UI\ByArchive\patch-I.MPQ\Interface\icons\inv_mace_2h_dreanorogre_b_03.blp
patch-I.MPQ,Ogre,UI,Interface\icons\inv_misc_1h_ogreminingtool_a_01.blp,6660,D45667FFECD381D162DF357E13A2A4B9AAE8B342,G:\Downloads\HDWoWModels\Project Reforged\Playable_Races_Isolated_2026-10-04\Ogre\UI\ByArchive\patch-I.MPQ\Interface\icons\inv_misc_1h_ogreminingtool_a_01.blp
patch-I.MPQ,Ogre,UI,Interface\icons\inv_misc_1h_ogreminingtool_a_02.blp,6660,1A5EE65017ED814BB4A8B5CBF788F5C99E11262D,G:\Downloads\HDWoWModels\Project Reforged\Playable_Races_Isolated_2026-10-04\Ogre\UI\ByArchive\patch-I.MPQ\Interface\icons\inv_misc_1h_ogreminingtool_a_02.blp
patch-I.MPQ,Tuskarr,UI,Interface\icons\inv_misc_head_tuskarr.blp,3916,E9309F8B708C62B119017779AA5DC82C0FDABE46,G:\Downloads\HDWoWModels\Project Reforged\Playable_Races_Isolated_2026-10-04\Tuskarr\UI\ByArchive\patch-I.MPQ\Interface\icons\inv_misc_head_tuskarr.blp
patch-I.MPQ,Ogre,UI,Interface\icons\inv_misc_ogrepinata.blp,6660,4021D6879CD41C4302AF2F3AA11461B7496009F3,G:\Downloads\HDWoWModels\Project Reforged\Playable_Races_Isolated_2026-10-04\Ogre\UI\ByArchive\patch-I.MPQ\Interface\icons\inv_misc_ogrepinata.blp
patch-I.MPQ,Ogre,UI,Interface\icons\inv_ogrepet.blp,5268,EA029202B3D085B2974C0F476A0A145D889561C2,G:\Downloads\HDWoWModels\Project Reforged\Playable_Races_Isolated_2026-10-04\Ogre\UI\ByArchive\patch-I.MPQ\Interface\icons\inv_ogrepet.blp
patch-I.MPQ,Ogre,UI,Interface\icons\inv_ogrepet_blue.blp,6660,C1665512B8A606C3058A0B1E169DEB212A11B428,G:\Downloads\HDWoWModels\Project Reforged\Playable_Races_Isolated_2026-10-04\Ogre\UI\ByArchive\patch-I.MPQ\Interface\icons\inv_ogrepet_blue.blp
patch-I.MPQ,Ogre,UI,Interface\icons\inv_ogrepet_purple.blp,6660,1177B37D8FC1A7C1E75CD18C7B43DF8D5ABBD4AF,G:\Downloads\HDWoWModels\Project Reforged\Playable_Races_Isolated_2026-10-04\Ogre\UI\ByArchive\patch-I.MPQ\Interface\icons\inv_ogrepet_purple.blp
patch-I.MPQ,Ogre,UI,Interface\icons\inv_ogrepet_red.blp,6660,C776CC08791F796BA7E9C82CC4F2FC55DB97E436,G:\Downloads\HDWoWModels\Project Reforged\Playable_Races_Isolated_2026-10-04\Ogre\UI\ByArchive\patch-I.MPQ\Interface\icons\inv_ogrepet_red.blp
patch-I.MPQ,Ogre,UI,Interface\icons\inv_relics_6orunestone_ogremissive.blp,6660,4D1A435B71C9A751A947B17A4E91F8D42AC9A3FD,G:\Downloads\HDWoWModels\Project Reforged\Playable_Races_Isolated_2026-10-04\Ogre\UI\ByArchive\patch-I.MPQ\Interface\icons\inv_relics_6orunestone_ogremissive.blp
patch-I.MPQ,Tuskarr,UI,Interface\icons\inv_sealpet_body_tuskarr.blp,3916,B949F7B94F80B995F19F36057ED426529798A03A,G:\Downloads\HDWoWModels\Project Reforged\Playable_Races_Isolated_2026-10-04\Tuskarr\UI\ByArchive\patch-I.MPQ\Interface\icons\inv_sealpet_body_tuskarr.blp
patch-I.MPQ,Tuskarr,UI,Interface\icons\inv_sealpet_tuskarr_blue.blp,3916,B949F7B94F80B995F19F36057ED426529798A03A,G:\Downloads\HDWoWModels\Project Reforged\Playable_Races_Isolated_2026-10-04\Tuskarr\UI\ByArchive\patch-I.MPQ\Interface\icons\inv_sealpet_tuskarr_blue.blp
patch-I.MPQ,Tuskarr,UI,Interface\icons\inv_sealpet_tuskarr_brown.blp,6660,7B0519289E0AE6B649FF68EAB3CE6BB6968D8A7D,G:\Downloads\HDWoWModels\Project Reforged\Playable_Races_Isolated_2026-10-04\Tuskarr\UI\ByArchive\patch-I.MPQ\Interface\icons\inv_sealpet_tuskarr_brown.blp
patch-I.MPQ,Tuskarr,UI,Interface\icons\inv_shoulder_armor_tuskarr_b_01.blp,3220,290B27F7797713AE0401FD287B399BD96C559A4C,G:\Downloads\HDWoWModels\Project Reforged\Playable_Races_Isolated_2026-10-04\Tuskarr\UI\ByArchive\patch-I.MPQ\Interface\icons\inv_shoulder_armor_tuskarr_b_01.blp
patch-I.MPQ,Tuskarr,UI,Interface\icons\inv_shoulder_armor_tuskarr_b_01_blue.blp,3220,904C63D25C4686FEA040A5F8D0F6B9B602CCD2FF,G:\Downloads\HDWoWModels\Project Reforged\Playable_Races_Isolated_2026-10-04\Tuskarr\UI\ByArchive\patch-I.MPQ\Interface\icons\inv_shoulder_armor_tuskarr_b_01_blue.blp
patch-I.MPQ,Tuskarr,UI,Interface\icons\inv_shoulder_armor_tuskarr_b_01_green.blp,3220,F974C302B278A37DB8C59C7D474BAD2480946118,G:\Downloads\HDWoWModels\Project Reforged\Playable_Races_Isolated_2026-10-04\Tuskarr\UI\ByArchive\patch-I.MPQ\Interface\icons\inv_shoulder_armor_tuskarr_b_01_green.blp
patch-I.MPQ,Tuskarr,UI,Interface\icons\inv_shoulder_armor_tuskarr_b_01_grey.blp,3220,019896B67BFD0C62121B086C1749AB72855094FD,G:\Downloads\HDWoWModels\Project Reforged\Playable_Races_Isolated_2026-10-04\Tuskarr\UI\ByArchive\patch-I.MPQ\Interface\icons\inv_shoulder_armor_tuskarr_b_01_grey.blp
patch-I.MPQ,Tuskarr,UI,Interface\icons\inv_shoulder_armor_tuskarr_b_01_red.blp,3220,DA91CE46F0B333A84A1BD34E37D8833A7B780997,G:\Downloads\HDWoWModels\Project Reforged\Playable_Races_Isolated_2026-10-04\Tuskarr\UI\ByArchive\patch-I.MPQ\Interface\icons\inv_shoulder_armor_tuskarr_b_01_red.blp
patch-I.MPQ,Tuskarr,UI,Interface\icons\inv_shoulder_armor_tuskarr_b_02.blp,3220,B113A7842EE490F834626CF27E8B770EBCA8E259,G:\Downloads\HDWoWModels\Project Reforged\Playable_Races_Isolated_2026-10-04\Tuskarr\UI\ByArchive\patch-I.MPQ\Interface\icons\inv_shoulder_armor_tuskarr_b_02.blp
patch-I.MPQ,Tuskarr,UI,Interface\icons\inv_shoulder_armor_tuskarr_b_02_blue.blp,3220,088011C29839553268C96CACDDA7E0E5B3F6556A,G:\Downloads\HDWoWModels\Project Reforged\Playable_Races_Isolated_2026-10-04\Tuskarr\UI\ByArchive\patch-I.MPQ\Interface\icons\inv_shoulder_armor_tuskarr_b_02_blue.blp
patch-I.MPQ,Tuskarr,UI,Interface\icons\inv_shoulder_armor_tuskarr_b_02_green.blp,3220,5214716ED75F3FA401E8DE1C8B67F1FD60870EAF,G:\Downloads\HDWoWModels\Project Reforged\Playable_Races_Isolated_2026-10-04\Tuskarr\UI\ByArchive\patch-I.MPQ\Interface\icons\inv_shoulder_armor_tuskarr_b_02_green.blp
patch-I.MPQ,Tuskarr,UI,Interface\icons\inv_shoulder_armor_tuskarr_b_02_grey.blp,3220,19CE08D4926B526104A45AD2AFA1E862D889677D,G:\Downloads\HDWoWModels\Project Reforged\Playable_Races_Isolated_2026-10-04\Tuskarr\UI\ByArchive\patch-I.MPQ\Interface\icons\inv_shoulder_armor_tuskarr_b_02_grey.blp
patch-I.MPQ,Tuskarr,UI,Interface\icons\inv_shoulder_armor_tuskarr_b_02_red.blp,3220,7DEE26155B1272166A8FDC112A281042E587BD17,G:\Downloads\HDWoWModels\Project Reforged\Playable_Races_Isolated_2026-10-04\Tuskarr\UI\ByArchive\patch-I.MPQ\Interface\icons\inv_shoulder_armor_tuskarr_b_02_red.blp
patch-I.MPQ,Tuskarr,UI,Interface\icons\inv_shoulder_armor_tuskarr_b_03.blp,3220,FE61A4C5CCC19304B2B858DB0904AD428321D9CB,G:\Downloads\HDWoWModels\Project Reforged\Playable_Races_Isolated_2026-10-04\Tuskarr\UI\ByArchive\patch-I.MPQ\Interface\icons\inv_shoulder_armor_tuskarr_b_03.blp
patch-I.MPQ,Tuskarr,UI,Interface\icons\inv_shoulder_armor_tuskarr_b_03_blue.blp,3220,4C17C163B7F5D0125B2E0A07759F9ED6100EA448,G:\Downloads\HDWoWModels\Project Reforged\Playable_Races_Isolated_2026-10-04\Tuskarr\UI\ByArchive\patch-I.MPQ\Interface\icons\inv_shoulder_armor_tuskarr_b_03_blue.blp
patch-I.MPQ,Tuskarr,UI,Interface\icons\inv_shoulder_armor_tuskarr_b_03_green.blp,3220,31CBF9F0CE557F67850690586E4A3CE86B818228,G:\Downloads\HDWoWModels\Project Reforged\Playable_Races_Isolated_2026-10-04\Tuskarr\UI\ByArchive\patch-I.MPQ\Interface\icons\inv_shoulder_armor_tuskarr_b_03_green.blp
patch-I.MPQ,Tuskarr,UI,Interface\icons\inv_shoulder_armor_tuskarr_b_03_grey.blp,3220,3C1B10AFABCAF95C31A659015A4BCC3349D3C844,G:\Downloads\HDWoWModels\Project Reforged\Playable_Races_Isolated_2026-10-04\Tuskarr\UI\ByArchive\patch-I.MPQ\Interface\icons\inv_shoulder_armor_tuskarr_b_03_grey.blp
patch-I.MPQ,Tuskarr,UI,Interface\icons\inv_shoulder_armor_tuskarr_b_03_red.blp,3220,E43D27D5FEDD01B998CCF68E24F58A6C3054EB99,G:\Downloads\HDWoWModels\Project Reforged\Playable_Races_Isolated_2026-10-04\Tuskarr\UI\ByArchive\patch-I.MPQ\Interface\icons\inv_shoulder_armor_tuskarr_b_03_red.blp
patch-I.MPQ,Ogre,UI,Interface\icons\inv_sword_2h_dreanorogre_b_01.blp,6660,0C5BA38D99501450668DF69555F74F5F9AB3F7A7,G:\Downloads\HDWoWModels\Project Reforged\Playable_Races_Isolated_2026-10-04\Ogre\UI\ByArchive\patch-I.MPQ\Interface\icons\inv_sword_2h_dreanorogre_b_01.blp
patch-I.MPQ,Tuskarr,UI,Interface\icons\inv_tabard_tuskarr_c_01.blp,3220,83D822D28E95CDB6B9591A7651993365088D6725,G:\Downloads\HDWoWModels\Project Reforged\Playable_Races_Isolated_2026-10-04\Tuskarr\UI\ByArchive\patch-I.MPQ\Interface\icons\inv_tabard_tuskarr_c_01.blp
patch-I.MPQ,Tuskarr,UI,Interface\icons\inv_tuskarrboots.blp,3916,16E85F03D5E90BCA501B47126B4D067F93435626,G:\Downloads\HDWoWModels\Project Reforged\Playable_Races_Isolated_2026-10-04\Tuskarr\UI\ByArchive\patch-I.MPQ\Interface\icons\inv_tuskarrboots.blp
patch-I.MPQ,Tuskarr,UI,Interface\icons\inv_tuskarrchild_blue.blp,3220,D9311751FF9B3B470BAE726314C4F3180E44947F,G:\Downloads\HDWoWModels\Project Reforged\Playable_Races_Isolated_2026-10-04\Tuskarr\UI\ByArchive\patch-I.MPQ\Interface\icons\inv_tuskarrchild_blue.blp
patch-I.MPQ,Tuskarr,UI,Interface\icons\inv_tuskarrchild_brown.blp,3220,E21EBF3EB7550EDDCC8402B902B640B40C809847,G:\Downloads\HDWoWModels\Project Reforged\Playable_Races_Isolated_2026-10-04\Tuskarr\UI\ByArchive\patch-I.MPQ\Interface\icons\inv_tuskarrchild_brown.blp
patch-I.MPQ,Tuskarr,UI,Interface\icons\inv_tuskarrchild_green.blp,3220,5666C322570AF4276CA5B5098DFC3A05DE502934,G:\Downloads\HDWoWModels\Project Reforged\Playable_Races_Isolated_2026-10-04\Tuskarr\UI\ByArchive\patch-I.MPQ\Interface\icons\inv_tuskarrchild_green.blp
patch-I.MPQ,Tuskarr,UI,Interface\icons\inv_tuskarrchild_grey.blp,3220,2E0FFD0D28EF75528B0DFA87890E7896746BF4C5,G:\Downloads\HDWoWModels\Project Reforged\Playable_Races_Isolated_2026-10-04\Tuskarr\UI\ByArchive\patch-I.MPQ\Interface\icons\inv_tuskarrchild_grey.blp
patch-I.MPQ,Tuskarr,UI,Interface\icons\inv_tuskarrchild_lightbrown.blp,3220,CA1D317197DCC39E10FE3ABFBC7222F4BDEAEA2F,G:\Downloads\HDWoWModels\Project Reforged\Playable_Races_Isolated_2026-10-04\Tuskarr\UI\ByArchive\patch-I.MPQ\Interface\icons\inv_tuskarrchild_lightbrown.blp
patch-I.MPQ,Tuskarr,UI,Interface\icons\inv_tuskarrchild_purple.blp,3220,F3C8393FBB88EE72C730B2B2F6BF02B02A551399,G:\Downloads\HDWoWModels\Project Reforged\Playable_Races_Isolated_2026-10-04\Tuskarr\UI\ByArchive\patch-I.MPQ\Interface\icons\inv_tuskarrchild_purple.blp
patch-I.MPQ,Tuskarr,UI,Interface\icons\inv_tuskarrchild_tan.blp,3220,FD9FE3F062351B7F57F89F23F69B41AEE83F8BD9,G:\Downloads\HDWoWModels\Project Reforged\Playable_Races_Isolated_2026-10-04\Tuskarr\UI\ByArchive\patch-I.MPQ\Interface\icons\inv_tuskarrchild_tan.blp
patch-I.MPQ,Tuskarr,UI,Interface\icons\inv_tuskarrglider.blp,3916,7BA8F6B26A6BACF6A148E964D1CD9B0A9E8F11AC,G:\Downloads\HDWoWModels\Project Reforged\Playable_Races_Isolated_2026-10-04\Tuskarr\UI\ByArchive\patch-I.MPQ\Interface\icons\inv_tuskarrglider.blp
patch-I.MPQ,Tuskarr,UI,Interface\icons\inv_tuskarrmoosemount_blue.blp,3916,C6307807A63F35B8EA6327D9A162A51FDCEF0C7B,G:\Downloads\HDWoWModels\Project Reforged\Playable_Races_Isolated_2026-10-04\Tuskarr\UI\ByArchive\patch-I.MPQ\Interface\icons\inv_tuskarrmoosemount_blue.blp
patch-I.MPQ,Tuskarr,UI,Interface\icons\inv_tuskarrmoosemount_green.blp,3916,803E1D6C704A9D433F1535870E6A05C7CB9A6379,G:\Downloads\HDWoWModels\Project Reforged\Playable_Races_Isolated_2026-10-04\Tuskarr\UI\ByArchive\patch-I.MPQ\Interface\icons\inv_tuskarrmoosemount_green.blp
patch-I.MPQ,Tuskarr,UI,Interface\icons\inv_tuskarrmoosemount_red.blp,3916,835869E0D468F31523ACCB2D243E476F48BF1BBB,G:\Downloads\HDWoWModels\Project Reforged\Playable_Races_Isolated_2026-10-04\Tuskarr\UI\ByArchive\patch-I.MPQ\Interface\icons\inv_tuskarrmoosemount_red.blp
patch-I.MPQ,Tuskarr,UI,Interface\icons\inv_tuskarrmoosemount_violet.blp,3916,CE922365FBAB018037524632BD73433A2C28C804,G:\Downloads\HDWoWModels\Project Reforged\Playable_Races_Isolated_2026-10-04\Tuskarr\UI\ByArchive\patch-I.MPQ\Interface\icons\inv_tuskarrmoosemount_violet.blp
patch-I.MPQ,Ogre,UI,Interface\icons\spell_fire_ragnaros_molteninfernogreen.blp,6660,79870E8DBE0A7BA91E7BCBA0942A30F8AE0BEF3F,G:\Downloads\HDWoWModels\Project Reforged\Playable_Races_Isolated_2026-10-04\Ogre\UI\ByArchive\patch-I.MPQ\Interface\icons\spell_fire_ragnaros_molteninfernogreen.blp
patch-I.MPQ,Ogre,UI,Interface\icons\trade_archaeology_ogre2handedhammer.blp,3916,88EED855AE1E68F912D7845326F19EE49727386A,G:\Downloads\HDWoWModels\Project Reforged\Playable_Races_Isolated_2026-10-04\Ogre\UI\ByArchive\patch-I.MPQ\Interface\icons\trade_archaeology_ogre2handedhammer.blp
patch-I.MPQ,Tuskarr,UI,Interface\icons\trade_archaeology_tuskarr_artifactfragment.blp,3916,3E96F704FA65B5EDC357CB370EDFE58993D62943,G:\Downloads\HDWoWModels\Project Reforged\Playable_Races_Isolated_2026-10-04\Tuskarr\UI\ByArchive\patch-I.MPQ\Interface\icons\trade_archaeology_tuskarr_artifactfragment.blp
patch-I.MPQ,Tuskarr,UI,Interface\icons\trade_archaeology_tuskarr_stele.blp,3916,CBD744F1C23A634E6C99CBAFA8F001FBD1B00E9C,G:\Downloads\HDWoWModels\Project Reforged\Playable_Races_Isolated_2026-10-04\Tuskarr\UI\ByArchive\patch-I.MPQ\Interface\icons\trade_archaeology_tuskarr_stele.blp
patch-I.MPQ,Tuskarr,UI,Interface\icons\ui_majorfaction_tuskarr.blp,3220,3112F8133D05782AF6910F265EDB8C3003E8377C,G:\Downloads\HDWoWModels\Project Reforged\Playable_Races_Isolated_2026-10-04\Tuskarr\UI\ByArchive\patch-I.MPQ\Interface\icons\ui_majorfaction_tuskarr.blp
patch-M.MPQ,Shared,DBC,DBFilesClient\CharacterFacialHairStyles.dbc,41012,E23CA3B3978DFBF4E037D8CE1814A21C039D52B6,G:\Downloads\HDWoWModels\Project Reforged\Playable_Races_Isolated_2026-10-04\Shared\DBC\ByArchive\patch-M.MPQ\DBFilesClient\CharacterFacialHairStyles.dbc
patch-M.MPQ,Shared,DBC,DBFilesClient\CharBaseInfo.dbc,438,970DB792FEF759C5A6E7EF3C25E917C1C283D967,G:\Downloads\HDWoWModels\Project Reforged\Playable_Races_Isolated_2026-10-04\Shared\DBC\ByArchive\patch-M.MPQ\DBFilesClient\CharBaseInfo.dbc
patch-M.MPQ,Shared,DBC,DBFilesClient\CharHairGeosets.dbc,22700,C4949B571E010A1C64B046B02CCA60FE59DC6B47,G:\Downloads\HDWoWModels\Project Reforged\Playable_Races_Isolated_2026-10-04\Shared\DBC\ByArchive\patch-M.MPQ\DBFilesClient\CharHairGeosets.dbc
patch-M.MPQ,Shared,DBC,DBFilesClient\CharHairTextures.dbc,2997,204604501ADCEC9BACD59C93A3D88AFEA2C370D5,G:\Downloads\HDWoWModels\Project Reforged\Playable_Races_Isolated_2026-10-04\Shared\DBC\ByArchive\patch-M.MPQ\DBFilesClient\CharHairTextures.dbc
patch-M.MPQ,Shared,DBC,DBFilesClient\CharSections.dbc,4187665,7D5A1F539A5CBB63EFD7DD6E6B169792E07ACCF0,G:\Downloads\HDWoWModels\Project Reforged\Playable_Races_Isolated_2026-10-04\Shared\DBC\ByArchive\patch-M.MPQ\DBFilesClient\CharSections.dbc
patch-M.MPQ,Shared,DBC,DBFilesClient\CharStartOutfit.dbc,290396,CE822394E39BB47D8A2E72F748B639C85DEFE6D8,G:\Downloads\HDWoWModels\Project Reforged\Playable_Races_Isolated_2026-10-04\Shared\DBC\ByArchive\patch-M.MPQ\DBFilesClient\CharStartOutfit.dbc
patch-M.MPQ,Shared,DBC,DBFilesClient\ChrRaces.dbc,12291,D98103C7A1E653BE8A136F24A123CE3B680E7C14,G:\Downloads\HDWoWModels\Project Reforged\Playable_Races_Isolated_2026-10-04\Shared\DBC\ByArchive\patch-M.MPQ\DBFilesClient\ChrRaces.dbc
patch-M.MPQ,Shared,DBC,DBFilesClient\CinematicCamera.dbc,916,784E76A8FDDA01B57CC346B92CC971409EC88F84,G:\Downloads\HDWoWModels\Project Reforged\Playable_Races_Isolated_2026-10-04\Shared\DBC\ByArchive\patch-M.MPQ\DBFilesClient\CinematicCamera.dbc
patch-M.MPQ,Shared,DBC,DBFilesClient\CinematicSequences.dbc,620,C049B62F056E57DCB471C6D03F6B8D0859A03452,G:\Downloads\HDWoWModels\Project Reforged\Playable_Races_Isolated_2026-10-04\Shared\DBC\ByArchive\patch-M.MPQ\DBFilesClient\CinematicSequences.dbc
patch-M.MPQ,Shared,DBC,DBFilesClient\CreatureDisplayInfo.dbc,5653447,E9C3736B4640A5E4EA9B6066352F1E144CE89CC8,G:\Downloads\HDWoWModels\Project Reforged\Playable_Races_Isolated_2026-10-04\Shared\DBC\ByArchive\patch-M.MPQ\DBFilesClient\CreatureDisplayInfo.dbc
patch-M.MPQ,Shared,DBC,DBFilesClient\CreatureDisplayInfoExtra.dbc,2728278,670E523843AA41B875ADD30476EA14236B12450A,G:\Downloads\HDWoWModels\Project Reforged\Playable_Races_Isolated_2026-10-04\Shared\DBC\ByArchive\patch-M.MPQ\DBFilesClient\CreatureDisplayInfoExtra.dbc
patch-M.MPQ,Shared,DBC,DBFilesClient\CreatureModelData.dbc,5546053,FC6501F2655EE2BA300510336040B93EB8FE1843,G:\Downloads\HDWoWModels\Project Reforged\Playable_Races_Isolated_2026-10-04\Shared\DBC\ByArchive\patch-M.MPQ\DBFilesClient\CreatureModelData.dbc
patch-M.MPQ,Shared,DBC,DBFilesClient\SkillRaceClassInfo.dbc,7380,D0F3D7678068A5668EC3756DEE2D17122536FFBF,G:\Downloads\HDWoWModels\Project Reforged\Playable_Races_Isolated_2026-10-04\Shared\DBC\ByArchive\patch-M.MPQ\DBFilesClient\SkillRaceClassInfo.dbc
patch-U.MPQ,Tuskarr,RaceSpecificHeadItem,ITEM\OBJECTCOMPONENTS\Head\helm_leather_tuskarr_01_tum.m2,19920,2F3628DACE54CFBD8325ECA858FA44321C25EC54,G:\Downloads\HDWoWModels\Project Reforged\Playable_Races_Isolated_2026-10-04\Tuskarr\RaceSpecificHeadItem\ByArchive\patch-U.MPQ\ITEM\OBJECTCOMPONENTS\Head\helm_leather_tuskarr_01_tum.m2
patch-U.MPQ,Tuskarr,RaceSpecificHeadItem,ITEM\OBJECTCOMPONENTS\Head\helm_leather_tuskarr_01_tum00.skin,4542,88C95229895066B0E43E7BDB2D15049149293D23,G:\Downloads\HDWoWModels\Project Reforged\Playable_Races_Isolated_2026-10-04\Tuskarr\RaceSpecificHeadItem\ByArchive\patch-U.MPQ\ITEM\OBJECTCOMPONENTS\Head\helm_leather_tuskarr_01_tum00.skin
patch-U.MPQ,Tuskarr,RaceSpecificHeadItem,ITEM\OBJECTCOMPONENTS\Head\helm_leather_tuskarr_02_tum.m2,22128,BFF403E5F4F61EAB6014D6F073BD733163E6A173,G:\Downloads\HDWoWModels\Project Reforged\Playable_Races_Isolated_2026-10-04\Tuskarr\RaceSpecificHeadItem\ByArchive\patch-U.MPQ\ITEM\OBJECTCOMPONENTS\Head\helm_leather_tuskarr_02_tum.m2
patch-U.MPQ,Tuskarr,RaceSpecificHeadItem,ITEM\OBJECTCOMPONENTS\Head\helm_leather_tuskarr_02_tum00.skin,5310,94D80CFBA3844E6EE30B6536DF1CF24E46F61B42,G:\Downloads\HDWoWModels\Project Reforged\Playable_Races_Isolated_2026-10-04\Tuskarr\RaceSpecificHeadItem\ByArchive\patch-U.MPQ\ITEM\OBJECTCOMPONENTS\Head\helm_leather_tuskarr_02_tum00.skin
patch-U.MPQ,Tuskarr,RaceSpecificHeadItem,ITEM\OBJECTCOMPONENTS\Head\helm_leather_tuskarr_03_tum.m2,17808,5686B1B5750511E901AD053599DD8945BBA0B7EA,G:\Downloads\HDWoWModels\Project Reforged\Playable_Races_Isolated_2026-10-04\Tuskarr\RaceSpecificHeadItem\ByArchive\patch-U.MPQ\ITEM\OBJECTCOMPONENTS\Head\helm_leather_tuskarr_03_tum.m2
patch-U.MPQ,Tuskarr,RaceSpecificHeadItem,ITEM\OBJECTCOMPONENTS\Head\helm_leather_tuskarr_03_tum00.skin,4002,DFC3A6D92177FA11F0101883781425274D2F2716,G:\Downloads\HDWoWModels\Project Reforged\Playable_Races_Isolated_2026-10-04\Tuskarr\RaceSpecificHeadItem\ByArchive\patch-U.MPQ\ITEM\OBJECTCOMPONENTS\Head\helm_leather_tuskarr_03_tum00.skin
patch-Z.MPQ,Furbolg,Character,Character\Furbolg\FurbolgFaceBlackLower.blp,12095,056342D21270D1951E4608ECDE165D782C6ECAE2,G:\Downloads\HDWoWModels\Project Reforged\Playable_Races_Isolated_2026-10-04\Furbolg\Character\ByArchive\patch-Z.MPQ\Character\Furbolg\FurbolgFaceBlackLower.blp
patch-Z.MPQ,Furbolg,Character,Character\Furbolg\furbolgfaceblackupper.blp,6635,BC4AB11EB2196BBA5BACDABAD4AD0DF666613623,G:\Downloads\HDWoWModels\Project Reforged\Playable_Races_Isolated_2026-10-04\Furbolg\Character\ByArchive\patch-Z.MPQ\Character\Furbolg\furbolgfaceblackupper.blp
patch-Z.MPQ,Furbolg,Character,Character\Furbolg\FurbolgFaceBlueLower.blp,23018,8FB2B5D3913F6BFF332704E8BC78BBC8C7F4D215,G:\Downloads\HDWoWModels\Project Reforged\Playable_Races_Isolated_2026-10-04\Furbolg\Character\ByArchive\patch-Z.MPQ\Character\Furbolg\FurbolgFaceBlueLower.blp
patch-Z.MPQ,Furbolg,Character,Character\Furbolg\FurbolgFaceBlueUpper.blp,12098,0FE4DA5E09A3F36E10DF90E85CE7FFF08A75035E,G:\Downloads\HDWoWModels\Project Reforged\Playable_Races_Isolated_2026-10-04\Furbolg\Character\ByArchive\patch-Z.MPQ\Character\Furbolg\FurbolgFaceBlueUpper.blp
patch-Z.MPQ,Furbolg,Character,Character\Furbolg\furbolgfacebrownlower.blp,23018,D5FD17503395EAE300A3E1215F270C69A400F5D1,G:\Downloads\HDWoWModels\Project Reforged\Playable_Races_Isolated_2026-10-04\Furbolg\Character\ByArchive\patch-Z.MPQ\Character\Furbolg\furbolgfacebrownlower.blp
patch-Z.MPQ,Furbolg,Character,Character\Furbolg\furbolgfacebrownupper.blp,12098,E8D690DD4FACF70B2917E6B85B95C64375BE40A0,G:\Downloads\HDWoWModels\Project Reforged\Playable_Races_Isolated_2026-10-04\Furbolg\Character\ByArchive\patch-Z.MPQ\Character\Furbolg\furbolgfacebrownupper.blp
patch-Z.MPQ,Furbolg,Character,Character\Furbolg\furbolgfacegraylower.blp,23018,92BD6A4F7DFC34D56231FD3C17810E66E3DB4440,G:\Downloads\HDWoWModels\Project Reforged\Playable_Races_Isolated_2026-10-04\Furbolg\Character\ByArchive\patch-Z.MPQ\Character\Furbolg\furbolgfacegraylower.blp
patch-Z.MPQ,Furbolg,Character,Character\Furbolg\furbolgfacegrayupper.blp,12098,F29DC12394858626906A0DE1EE6956778CA87367,G:\Downloads\HDWoWModels\Project Reforged\Playable_Races_Isolated_2026-10-04\Furbolg\Character\ByArchive\patch-Z.MPQ\Character\Furbolg\furbolgfacegrayupper.blp
patch-Z.MPQ,Furbolg,Character,Character\Furbolg\furbolgfacelowertransparent.blp,23018,1882BE99394F499E90B3D20A0B90624595DCA473,G:\Downloads\HDWoWModels\Project Reforged\Playable_Races_Isolated_2026-10-04\Furbolg\Character\ByArchive\patch-Z.MPQ\Character\Furbolg\furbolgfacelowertransparent.blp
patch-Z.MPQ,Furbolg,Character,Character\Furbolg\furbolgfacetanlower.blp,23018,B20F06B7F05A1287128C70F6A560AD0B5C76C0A8,G:\Downloads\HDWoWModels\Project Reforged\Playable_Races_Isolated_2026-10-04\Furbolg\Character\ByArchive\patch-Z.MPQ\Character\Furbolg\furbolgfacetanlower.blp
patch-Z.MPQ,Furbolg,Character,Character\Furbolg\FurbolgFaceTanUpper.blp,12098,415BB219A8C082F89054099AECCB3869D37AF842,G:\Downloads\HDWoWModels\Project Reforged\Playable_Races_Isolated_2026-10-04\Furbolg\Character\ByArchive\patch-Z.MPQ\Character\Furbolg\FurbolgFaceTanUpper.blp
patch-Z.MPQ,Furbolg,Character,Character\Furbolg\furbolgfaceuppertransparent.blp,12098,B9D5B096B8024C7418BCE248FB29BCBF8C274090,G:\Downloads\HDWoWModels\Project Reforged\Playable_Races_Isolated_2026-10-04\Furbolg\Character\ByArchive\patch-Z.MPQ\Character\Furbolg\furbolgfaceuppertransparent.blp
patch-Z.MPQ,Furbolg,Character,Character\Furbolg\furbolgrace.m2,1181856,6ECD3D6A86766ED4973B7E4D22671CBD98D87D03,G:\Downloads\HDWoWModels\Project Reforged\Playable_Races_Isolated_2026-10-04\Furbolg\Character\ByArchive\patch-Z.MPQ\Character\Furbolg\furbolgrace.m2
patch-Z.MPQ,Furbolg,Character,Character\Furbolg\furbolgrace00.skin,7592,98E8BD7BFBDDF07D15DF1D3ED0F131B22E2C5E09,G:\Downloads\HDWoWModels\Project Reforged\Playable_Races_Isolated_2026-10-04\Furbolg\Character\ByArchive\patch-Z.MPQ\Character\Furbolg\furbolgrace00.skin
patch-Z.MPQ,Furbolg,Character,Character\Furbolg\furbolgrace0060-00.anim,15456,E158C73D1B08EC674871821E95A0EA205DF09697,G:\Downloads\HDWoWModels\Project Reforged\Playable_Races_Isolated_2026-10-04\Furbolg\Character\ByArchive\patch-Z.MPQ\Character\Furbolg\furbolgrace0060-00.anim
patch-Z.MPQ,Furbolg,Character,Character\Furbolg\furbolgrace0061-00.anim,9888,B96CCBB17F82EB49A5FAD83C1007737961FC607B,G:\Downloads\HDWoWModels\Project Reforged\Playable_Races_Isolated_2026-10-04\Furbolg\Character\ByArchive\patch-Z.MPQ\Character\Furbolg\furbolgrace0061-00.anim
patch-Z.MPQ,Furbolg,Character,Character\Furbolg\FurbolgRace0096-00.anim,17136,A699410EC84F8178903C006442B67603E2BF6E5A,G:\Downloads\HDWoWModels\Project Reforged\Playable_Races_Isolated_2026-10-04\Furbolg\Character\ByArchive\patch-Z.MPQ\Character\Furbolg\FurbolgRace0096-00.anim
patch-Z.MPQ,Furbolg,Character,Character\Furbolg\furbolgrace0097-00.anim,6528,A8EDC16AC2C7D3DC332E26A06C1A2BCA5B3E1C5F,G:\Downloads\HDWoWModels\Project Reforged\Playable_Races_Isolated_2026-10-04\Furbolg\Character\ByArchive\patch-Z.MPQ\Character\Furbolg\furbolgrace0097-00.anim
patch-Z.MPQ,Furbolg,Character,Character\Furbolg\furbolgrace0098-00.anim,17936,5BF90913EA9EDB5A6E70F26E71ECC6DF20E23855,G:\Downloads\HDWoWModels\Project Reforged\Playable_Races_Isolated_2026-10-04\Furbolg\Character\ByArchive\patch-Z.MPQ\Character\Furbolg\furbolgrace0098-00.anim
patch-Z.MPQ,Furbolg,Character,Character\Furbolg\FurbolgRace0099-00.anim,8784,9A6E64AA75B35CF847416B3FFE3373BADABC1ADE,G:\Downloads\HDWoWModels\Project Reforged\Playable_Races_Isolated_2026-10-04\Furbolg\Character\ByArchive\patch-Z.MPQ\Character\Furbolg\FurbolgRace0099-00.anim
patch-Z.MPQ,Furbolg,Character,Character\Furbolg\furbolgrace0100-00.anim,3920,B424F0595AABE4BDDCA1A1E17BA30A85C1427F73,G:\Downloads\HDWoWModels\Project Reforged\Playable_Races_Isolated_2026-10-04\Furbolg\Character\ByArchive\patch-Z.MPQ\Character\Furbolg\furbolgrace0100-00.anim
patch-Z.MPQ,Furbolg,Character,Character\Furbolg\furbolgrace0101-00.anim,18656,9C667C2C8C0FA2FA9D63D9C624458DED1993CC20,G:\Downloads\HDWoWModels\Project Reforged\Playable_Races_Isolated_2026-10-04\Furbolg\Character\ByArchive\patch-Z.MPQ\Character\Furbolg\furbolgrace0101-00.anim
patch-Z.MPQ,Furbolg,Character,Character\Furbolg\FurbolgRace0123-00.anim,5440,6E5668F2CBD8A101F989580C3D9473F5A3D5C896,G:\Downloads\HDWoWModels\Project Reforged\Playable_Races_Isolated_2026-10-04\Furbolg\Character\ByArchive\patch-Z.MPQ\Character\Furbolg\FurbolgRace0123-00.anim
patch-Z.MPQ,Furbolg,Character,Character\Furbolg\furbolgrace0128-00.anim,2976,3BFFA8BFD71C43027797E151ED97162E04F7CC5C,G:\Downloads\HDWoWModels\Project Reforged\Playable_Races_Isolated_2026-10-04\Furbolg\Character\ByArchive\patch-Z.MPQ\Character\Furbolg\furbolgrace0128-00.anim
patch-Z.MPQ,Furbolg,Character,Character\Furbolg\furbolgrace0129-00.anim,3168,486F4922FBB0F5EFB7B874623C69BA32659745E5,G:\Downloads\HDWoWModels\Project Reforged\Playable_Races_Isolated_2026-10-04\Furbolg\Character\ByArchive\patch-Z.MPQ\Character\Furbolg\furbolgrace0129-00.anim
patch-Z.MPQ,Furbolg,Character,Character\Furbolg\furbolgskinblack.blp,175934,CCDFDEAC6F18A47A5822DEAE07BFF2A87A2AD46D,G:\Downloads\HDWoWModels\Project Reforged\Playable_Races_Isolated_2026-10-04\Furbolg\Character\ByArchive\patch-Z.MPQ\Character\Furbolg\furbolgskinblack.blp
patch-Z.MPQ,Furbolg,Character,Character\Furbolg\furbolgskinblue.blp,175934,4BB59633950B2F164E8CF24B2978B927DBFBAEC1,G:\Downloads\HDWoWModels\Project Reforged\Playable_Races_Isolated_2026-10-04\Furbolg\Character\ByArchive\patch-Z.MPQ\Character\Furbolg\furbolgskinblue.blp
patch-Z.MPQ,Furbolg,Character,Character\Furbolg\furbolgskinbrown.blp,175934,CBA254E18EB9492FDDADC953A2949E4548910E78,G:\Downloads\HDWoWModels\Project Reforged\Playable_Races_Isolated_2026-10-04\Furbolg\Character\ByArchive\patch-Z.MPQ\Character\Furbolg\furbolgskinbrown.blp
patch-Z.MPQ,Furbolg,Character,Character\Furbolg\furbolgskingray.blp,175934,AED6E728EBA27801F7E70A50C58369F9B5D7A21E,G:\Downloads\HDWoWModels\Project Reforged\Playable_Races_Isolated_2026-10-04\Furbolg\Character\ByArchive\patch-Z.MPQ\Character\Furbolg\furbolgskingray.blp
patch-Z.MPQ,Furbolg,Character,Character\Furbolg\furbolgskintan.blp,175934,703C7B083DD1C529AB977F81C090911A6F51CD0D,G:\Downloads\HDWoWModels\Project Reforged\Playable_Races_Isolated_2026-10-04\Furbolg\Character\ByArchive\patch-Z.MPQ\Character\Furbolg\furbolgskintan.blp
patch-Z.MPQ,Furbolg,Character,Character\Furbolg\furbolgunderweartransparent.blp,23018,1882BE99394F499E90B3D20A0B90624595DCA473,G:\Downloads\HDWoWModels\Project Reforged\Playable_Races_Isolated_2026-10-04\Furbolg\Character\ByArchive\patch-Z.MPQ\Character\Furbolg\furbolgunderweartransparent.blp
patch-Z.MPQ,Furbolg,Character,Character\Furbolg\head\furbolgfemaleskinextra_00.blp,175934,1A0E91D9C6E13B029D60CCBF630EFE0A2679D4BD,G:\Downloads\HDWoWModels\Project Reforged\Playable_Races_Isolated_2026-10-04\Furbolg\Character\ByArchive\patch-Z.MPQ\Character\Furbolg\head\furbolgfemaleskinextra_00.blp
patch-Z.MPQ,Furbolg,Character,Character\Furbolg\head\furbolgfemaleskinextra_01.blp,175934,00C3AC46EC301158DC8D910AC1868FB7C59C7585,G:\Downloads\HDWoWModels\Project Reforged\Playable_Races_Isolated_2026-10-04\Furbolg\Character\ByArchive\patch-Z.MPQ\Character\Furbolg\head\furbolgfemaleskinextra_01.blp
patch-Z.MPQ,Furbolg,Character,Character\Furbolg\head\furbolgfemaleskinextra_02.blp,175934,1982228C1F7BDAE3B540B74C903C06D8FA517BAB,G:\Downloads\HDWoWModels\Project Reforged\Playable_Races_Isolated_2026-10-04\Furbolg\Character\ByArchive\patch-Z.MPQ\Character\Furbolg\head\furbolgfemaleskinextra_02.blp
patch-Z.MPQ,Furbolg,Character,Character\Furbolg\head\furbolgfemaleskinextra_03.blp,175934,40D438741FF22AA46DD286FCCB9DDFF181837497,G:\Downloads\HDWoWModels\Project Reforged\Playable_Races_Isolated_2026-10-04\Furbolg\Character\ByArchive\patch-Z.MPQ\Character\Furbolg\head\furbolgfemaleskinextra_03.blp
patch-Z.MPQ,Furbolg,Character,Character\Furbolg\head\furbolgfemaleskinextra_04.blp,175934,C5136311418AEA2926B5686143137CDDAC3F19E1,G:\Downloads\HDWoWModels\Project Reforged\Playable_Races_Isolated_2026-10-04\Furbolg\Character\ByArchive\patch-Z.MPQ\Character\Furbolg\head\furbolgfemaleskinextra_04.blp
patch-Z.MPQ,Furbolg,Character,Character\Furbolg\head\furbolgfemaleskinextra_05.blp,175934,1A0E91D9C6E13B029D60CCBF630EFE0A2679D4BD,G:\Downloads\HDWoWModels\Project Reforged\Playable_Races_Isolated_2026-10-04\Furbolg\Character\ByArchive\patch-Z.MPQ\Character\Furbolg\head\furbolgfemaleskinextra_05.blp
patch-Z.MPQ,Furbolg,Character,Character\Furbolg\head\furbolgfemaleskinextra_06.blp,175934,40D438741FF22AA46DD286FCCB9DDFF181837497,G:\Downloads\HDWoWModels\Project Reforged\Playable_Races_Isolated_2026-10-04\Furbolg\Character\ByArchive\patch-Z.MPQ\Character\Furbolg\head\furbolgfemaleskinextra_06.blp
patch-Z.MPQ,Furbolg,Character,Character\Furbolg\head\furbolgmaleskinextra_00.blp,175934,1A0E91D9C6E13B029D60CCBF630EFE0A2679D4BD,G:\Downloads\HDWoWModels\Project Reforged\Playable_Races_Isolated_2026-10-04\Furbolg\Character\ByArchive\patch-Z.MPQ\Character\Furbolg\head\furbolgmaleskinextra_00.blp
patch-Z.MPQ,Furbolg,Character,Character\Furbolg\head\furbolgmaleskinextra_01.blp,175934,00C3AC46EC301158DC8D910AC1868FB7C59C7585,G:\Downloads\HDWoWModels\Project Reforged\Playable_Races_Isolated_2026-10-04\Furbolg\Character\ByArchive\patch-Z.MPQ\Character\Furbolg\head\furbolgmaleskinextra_01.blp
patch-Z.MPQ,Furbolg,Character,Character\Furbolg\head\furbolgmaleskinextra_02.blp,175934,1982228C1F7BDAE3B540B74C903C06D8FA517BAB,G:\Downloads\HDWoWModels\Project Reforged\Playable_Races_Isolated_2026-10-04\Furbolg\Character\ByArchive\patch-Z.MPQ\Character\Furbolg\head\furbolgmaleskinextra_02.blp
patch-Z.MPQ,Furbolg,Character,Character\Furbolg\head\furbolgmaleskinextra_03.blp,175934,40D438741FF22AA46DD286FCCB9DDFF181837497,G:\Downloads\HDWoWModels\Project Reforged\Playable_Races_Isolated_2026-10-04\Furbolg\Character\ByArchive\patch-Z.MPQ\Character\Furbolg\head\furbolgmaleskinextra_03.blp
patch-Z.MPQ,Furbolg,Character,Character\Furbolg\head\furbolgmaleskinextra_04.blp,175934,C5136311418AEA2926B5686143137CDDAC3F19E1,G:\Downloads\HDWoWModels\Project Reforged\Playable_Races_Isolated_2026-10-04\Furbolg\Character\ByArchive\patch-Z.MPQ\Character\Furbolg\head\furbolgmaleskinextra_04.blp
patch-Z.MPQ,Furbolg,Character,Character\Furbolg\head\furbolgmaleskinextra_05.blp,175934,1A0E91D9C6E13B029D60CCBF630EFE0A2679D4BD,G:\Downloads\HDWoWModels\Project Reforged\Playable_Races_Isolated_2026-10-04\Furbolg\Character\ByArchive\patch-Z.MPQ\Character\Furbolg\head\furbolgmaleskinextra_05.blp
patch-Z.MPQ,Furbolg,Character,Character\Furbolg\head\furbolgmaleskinextra_06.blp,175934,40D438741FF22AA46DD286FCCB9DDFF181837497,G:\Downloads\HDWoWModels\Project Reforged\Playable_Races_Isolated_2026-10-04\Furbolg\Character\ByArchive\patch-Z.MPQ\Character\Furbolg\head\furbolgmaleskinextra_06.blp
patch-Z.MPQ,Ogre,Character,Character\Ogre\Female\Ogre_hair_00.blp,87556,15AB937A5788B653AF3072AD452F9DF21FB6F6C4,G:\Downloads\HDWoWModels\Project Reforged\Playable_Races_Isolated_2026-10-04\Ogre\Character\ByArchive\patch-Z.MPQ\Character\Ogre\Female\Ogre_hair_00.blp
patch-Z.MPQ,Ogre,Character,Character\Ogre\Female\Ogre_hair_01.blp,87556,B3013C953BA0DE45EBA221E17D438A694D863361,G:\Downloads\HDWoWModels\Project Reforged\Playable_Races_Isolated_2026-10-04\Ogre\Character\ByArchive\patch-Z.MPQ\Character\Ogre\Female\Ogre_hair_01.blp
patch-Z.MPQ,Ogre,Character,Character\Ogre\Female\ogre_hair_02.blp,87556,69C08E94A554F75E0DF813CF4E2288AD7CE17A8D,G:\Downloads\HDWoWModels\Project Reforged\Playable_Races_Isolated_2026-10-04\Ogre\Character\ByArchive\patch-Z.MPQ\Character\Ogre\Female\ogre_hair_02.blp
patch-Z.MPQ,Ogre,Character,Character\Ogre\Female\ogre_hair_03.blp,87556,31B27C40C72F7D9B77D145ECCD6D482933CABD24,G:\Downloads\HDWoWModels\Project Reforged\Playable_Races_Isolated_2026-10-04\Ogre\Character\ByArchive\patch-Z.MPQ\Character\Ogre\Female\ogre_hair_03.blp
patch-Z.MPQ,Ogre,Character,Character\Ogre\Female\Ogre_hair_04.blp,87556,CB1B8F0A3F967964BE11BEF7BEF805E1A792C152,G:\Downloads\HDWoWModels\Project Reforged\Playable_Races_Isolated_2026-10-04\Ogre\Character\ByArchive\patch-Z.MPQ\Character\Ogre\Female\Ogre_hair_04.blp
patch-Z.MPQ,Ogre,Character,Character\Ogre\Female\ogre_hair_05.blp,87556,8C2F2144CD45374D3E5F7AE8E71984E062F2C15D,G:\Downloads\HDWoWModels\Project Reforged\Playable_Races_Isolated_2026-10-04\Ogre\Character\ByArchive\patch-Z.MPQ\Character\Ogre\Female\ogre_hair_05.blp
patch-Z.MPQ,Ogre,Character,Character\Ogre\Female\ogre_hair_06.blp,87556,8C1BEF509A8BA369CFCEBB1D207494D652969A82,G:\Downloads\HDWoWModels\Project Reforged\Playable_Races_Isolated_2026-10-04\Ogre\Character\ByArchive\patch-Z.MPQ\Character\Ogre\Female\ogre_hair_06.blp
patch-Z.MPQ,Ogre,Character,Character\Ogre\Female\ogre_hair_07.blp,87556,2502C133C7A0512A21B8657D9121602324B2C68C,G:\Downloads\HDWoWModels\Project Reforged\Playable_Races_Isolated_2026-10-04\Ogre\Character\ByArchive\patch-Z.MPQ\Character\Ogre\Female\ogre_hair_07.blp
patch-Z.MPQ,Ogre,Character,Character\Ogre\Female\ogre_hair_08.blp,87556,1F2D1088AC05F5CFC6A0CC85504F3E9D67DBBE20,G:\Downloads\HDWoWModels\Project Reforged\Playable_Races_Isolated_2026-10-04\Ogre\Character\ByArchive\patch-Z.MPQ\Character\Ogre\Female\ogre_hair_08.blp
patch-Z.MPQ,Ogre,Character,Character\Ogre\Female\ogre_hair_09.blp,87556,BF1C548C83EAF91C397F1AA4FBC58F2B82E4344D,G:\Downloads\HDWoWModels\Project Reforged\Playable_Races_Isolated_2026-10-04\Ogre\Character\ByArchive\patch-Z.MPQ\Character\Ogre\Female\ogre_hair_09.blp
patch-Z.MPQ,Ogre,Character,Character\Ogre\Female\Ogre_hair_10.blp,87556,5538A3E7CA536384811A14E3A8297D086B86EFBA,G:\Downloads\HDWoWModels\Project Reforged\Playable_Races_Isolated_2026-10-04\Ogre\Character\ByArchive\patch-Z.MPQ\Character\Ogre\Female\Ogre_hair_10.blp
patch-Z.MPQ,Ogre,Character,Character\Ogre\Female\Ogre_hair_11.blp,87556,02EEA106E5A2A6858EA231F8370D25F349F5CA66,G:\Downloads\HDWoWModels\Project Reforged\Playable_Races_Isolated_2026-10-04\Ogre\Character\ByArchive\patch-Z.MPQ\Character\Ogre\Female\Ogre_hair_11.blp
patch-Z.MPQ,Ogre,Character,Character\Ogre\Female\Ogre_hair_12.blp,87556,B7766D6E8955A1DFDA4648467BEDC8671383DCED,G:\Downloads\HDWoWModels\Project Reforged\Playable_Races_Isolated_2026-10-04\Ogre\Character\ByArchive\patch-Z.MPQ\Character\Ogre\Female\Ogre_hair_12.blp
patch-Z.MPQ,Ogre,Character,Character\Ogre\Female\ogreFemale.m2,9172184,A6D22F6277BEFAD6F89D1A7541B0DD2D999E3729,G:\Downloads\HDWoWModels\Project Reforged\Playable_Races_Isolated_2026-10-04\Ogre\Character\ByArchive\patch-Z.MPQ\Character\Ogre\Female\ogreFemale.m2
patch-Z.MPQ,Ogre,Character,Character\Ogre\Female\ogrefemale00.skin,155456,31703C02BF2FB1192B4E16E51A5B2D8A9857D3EC,G:\Downloads\HDWoWModels\Project Reforged\Playable_Races_Isolated_2026-10-04\Ogre\Character\ByArchive\patch-Z.MPQ\Character\Ogre\Female\ogrefemale00.skin
patch-Z.MPQ,Ogre,Character,Character\Ogre\Female\ogrefemale0060-00.anim,104176,2B274A17607DA7F8C3BB46BFA165C11E75C23D5C,G:\Downloads\HDWoWModels\Project Reforged\Playable_Races_Isolated_2026-10-04\Ogre\Character\ByArchive\patch-Z.MPQ\Character\Ogre\Female\ogrefemale0060-00.anim
patch-Z.MPQ,Ogre,Character,Character\Ogre\Female\ogrefemale0061-00.anim,90592,D4BB7A0264979C81A0816BE792DC016E0C1F7DF6,G:\Downloads\HDWoWModels\Project Reforged\Playable_Races_Isolated_2026-10-04\Ogre\Character\ByArchive\patch-Z.MPQ\Character\Ogre\Female\ogrefemale0061-00.anim
patch-Z.MPQ,Ogre,Character,Character\Ogre\Female\ogrefemale0062-00.anim,101920,E218253B7D4D0819DF19B1F5682C3FA3A8EC3683,G:\Downloads\HDWoWModels\Project Reforged\Playable_Races_Isolated_2026-10-04\Ogre\Character\ByArchive\patch-Z.MPQ\Character\Ogre\Female\ogrefemale0062-00.anim
patch-Z.MPQ,Ogre,Character,Character\Ogre\Female\ogrefemale0064-00.anim,110016,23F452EC22AA89555219EE5C57226EE2D7474656,G:\Downloads\HDWoWModels\Project Reforged\Playable_Races_Isolated_2026-10-04\Ogre\Character\ByArchive\patch-Z.MPQ\Character\Ogre\Female\ogrefemale0064-00.anim
patch-Z.MPQ,Ogre,Character,Character\Ogre\Female\ogrefemale0065-00.anim,101952,D444A6709633F15CF7FCAD52D9B99DBCF45FE823,G:\Downloads\HDWoWModels\Project Reforged\Playable_Races_Isolated_2026-10-04\Ogre\Character\ByArchive\patch-Z.MPQ\Character\Ogre\Female\ogrefemale0065-00.anim
patch-Z.MPQ,Ogre,Character,Character\Ogre\Female\ogreFemale0066-00.anim,71024,9211C36E6827793D4BF313F2CE643645D2A4CF28,G:\Downloads\HDWoWModels\Project Reforged\Playable_Races_Isolated_2026-10-04\Ogre\Character\ByArchive\patch-Z.MPQ\Character\Ogre\Female\ogreFemale0066-00.anim
patch-Z.MPQ,Ogre,Character,Character\Ogre\Female\ogreFemale0067-00.anim,48880,FDF9A07CC37DD8CBB335DE0829FF4E375644E6F8,G:\Downloads\HDWoWModels\Project Reforged\Playable_Races_Isolated_2026-10-04\Ogre\Character\ByArchive\patch-Z.MPQ\Character\Ogre\Female\ogreFemale0067-00.anim
patch-Z.MPQ,Ogre,Character,Character\Ogre\Female\ogreFemale0068-00.anim,97856,FB47D246DB297952D9459E1F64210E25122204F6,G:\Downloads\HDWoWModels\Project Reforged\Playable_Races_Isolated_2026-10-04\Ogre\Character\ByArchive\patch-Z.MPQ\Character\Ogre\Female\ogreFemale0068-00.anim
patch-Z.MPQ,Ogre,Character,Character\Ogre\Female\ogreFemale0069-00.anim,204288,117E1536275D759AA0E8274C0DA1501806620F45,G:\Downloads\HDWoWModels\Project Reforged\Playable_Races_Isolated_2026-10-04\Ogre\Character\ByArchive\patch-Z.MPQ\Character\Ogre\Female\ogreFemale0069-00.anim
patch-Z.MPQ,Ogre,Character,Character\Ogre\Female\ogrefemale0070-00.anim,114368,25516E0D2F33ECE37E86FDB2DC42266A28C42D2C,G:\Downloads\HDWoWModels\Project Reforged\Playable_Races_Isolated_2026-10-04\Ogre\Character\ByArchive\patch-Z.MPQ\Character\Ogre\Female\ogrefemale0070-00.anim
patch-Z.MPQ,Ogre,Character,Character\Ogre\Female\ogrefemale0073-00.anim,117056,D0EB4C7FEBB4715CD2220B8F57CB2DA855196DF6,G:\Downloads\HDWoWModels\Project Reforged\Playable_Races_Isolated_2026-10-04\Ogre\Character\ByArchive\patch-Z.MPQ\Character\Ogre\Female\ogrefemale0073-00.anim
patch-Z.MPQ,Ogre,Character,Character\Ogre\Female\ogrefemale0074-00.anim,102064,EA67D7C5D59A8ACF239A0BFBE101D96A21354CB9,G:\Downloads\HDWoWModels\Project Reforged\Playable_Races_Isolated_2026-10-04\Ogre\Character\ByArchive\patch-Z.MPQ\Character\Ogre\Female\ogrefemale0074-00.anim
patch-Z.MPQ,Ogre,Character,Character\Ogre\Female\ogrefemale0075-00.anim,69264,DB432B04E422CFE2A6FF1A13707B9BFA20FA7936,G:\Downloads\HDWoWModels\Project Reforged\Playable_Races_Isolated_2026-10-04\Ogre\Character\ByArchive\patch-Z.MPQ\Character\Ogre\Female\ogrefemale0075-00.anim
patch-Z.MPQ,Ogre,Character,Character\Ogre\Female\ogreFemale0076-00.anim,93680,0650129E7269C7A49CB2FF4B912EA269E8A59452,G:\Downloads\HDWoWModels\Project Reforged\Playable_Races_Isolated_2026-10-04\Ogre\Character\ByArchive\patch-Z.MPQ\Character\Ogre\Female\ogreFemale0076-00.anim
patch-Z.MPQ,Ogre,Character,Character\Ogre\Female\ogrefemale0077-00.anim,133472,813A2EDAB7D3491BD3FFF4D323551EFD60EE3818,G:\Downloads\HDWoWModels\Project Reforged\Playable_Races_Isolated_2026-10-04\Ogre\Character\ByArchive\patch-Z.MPQ\Character\Ogre\Female\ogrefemale0077-00.anim
patch-Z.MPQ,Ogre,Character,Character\Ogre\Female\ogrefemale0078-00.anim,140800,A328ABB18E14841FA64C242DBF70947C3BDE75CD,G:\Downloads\HDWoWModels\Project Reforged\Playable_Races_Isolated_2026-10-04\Ogre\Character\ByArchive\patch-Z.MPQ\Character\Ogre\Female\ogrefemale0078-00.anim
patch-Z.MPQ,Ogre,Character,Character\Ogre\Female\ogrefemale0079-00.anim,178960,2871B7FD95731AD126425CBAC9A591CCBC27DC1A,G:\Downloads\HDWoWModels\Project Reforged\Playable_Races_Isolated_2026-10-04\Ogre\Character\ByArchive\patch-Z.MPQ\Character\Ogre\Female\ogrefemale0079-00.anim
patch-Z.MPQ,Ogre,Character,Character\Ogre\Female\ogrefemale0080-00.anim,116800,1DFCDC412322280BB5C92CD45C6BEE723A3CF477,G:\Downloads\HDWoWModels\Project Reforged\Playable_Races_Isolated_2026-10-04\Ogre\Character\ByArchive\patch-Z.MPQ\Character\Ogre\Female\ogrefemale0080-00.anim
patch-Z.MPQ,Ogre,Character,Character\Ogre\Female\ogreFemale0081-00.anim,98432,6841E030E7E1777038CFB9C1546C1567FCB44E38,G:\Downloads\HDWoWModels\Project Reforged\Playable_Races_Isolated_2026-10-04\Ogre\Character\ByArchive\patch-Z.MPQ\Character\Ogre\Female\ogreFemale0081-00.anim
patch-Z.MPQ,Ogre,Character,Character\Ogre\Female\ogreFemale0082-00.anim,115616,31BEFFE346FA8818CC4BD98B3B15FC46198329B0,G:\Downloads\HDWoWModels\Project Reforged\Playable_Races_Isolated_2026-10-04\Ogre\Character\ByArchive\patch-Z.MPQ\Character\Ogre\Female\ogreFemale0082-00.anim
patch-Z.MPQ,Ogre,Character,Character\Ogre\Female\ogreFemale0083-00.anim,144624,CA0B0A355C291350A0DE41DF8AD54D0746DD9523,G:\Downloads\HDWoWModels\Project Reforged\Playable_Races_Isolated_2026-10-04\Ogre\Character\ByArchive\patch-Z.MPQ\Character\Ogre\Female\ogreFemale0083-00.anim
patch-Z.MPQ,Ogre,Character,Character\Ogre\Female\ogreFemale0084-00.anim,65584,F1D2E79E4C658BD96B0855A57B4DDEACB60FB803,G:\Downloads\HDWoWModels\Project Reforged\Playable_Races_Isolated_2026-10-04\Ogre\Character\ByArchive\patch-Z.MPQ\Character\Ogre\Female\ogreFemale0084-00.anim
patch-Z.MPQ,Ogre,Character,Character\Ogre\Female\ogreFemale0096-00.anim,61520,3D603396CA0779A5CEBF11FF9D95477B3F6EAB77,G:\Downloads\HDWoWModels\Project Reforged\Playable_Races_Isolated_2026-10-04\Ogre\Character\ByArchive\patch-Z.MPQ\Character\Ogre\Female\ogreFemale0096-00.anim
patch-Z.MPQ,Ogre,Character,Character\Ogre\Female\ogreFemale0097-00.anim,33936,F1C793923B0E53E50B45EA16A3384E1C507054D5,G:\Downloads\HDWoWModels\Project Reforged\Playable_Races_Isolated_2026-10-04\Ogre\Character\ByArchive\patch-Z.MPQ\Character\Ogre\Female\ogreFemale0097-00.anim
patch-Z.MPQ,Ogre,Character,Character\Ogre\Female\ogrefemale0097-01.anim,39104,BFCDFD3ABB110E13C48E0122A251E246BB91F918,G:\Downloads\HDWoWModels\Project Reforged\Playable_Races_Isolated_2026-10-04\Ogre\Character\ByArchive\patch-Z.MPQ\Character\Ogre\Female\ogrefemale0097-01.anim
patch-Z.MPQ,Ogre,Character,Character\Ogre\Female\ogreFemale0098-00.anim,65632,0A264315ED2628C0C28F70528F04CCA42902B355,G:\Downloads\HDWoWModels\Project Reforged\Playable_Races_Isolated_2026-10-04\Ogre\Character\ByArchive\patch-Z.MPQ\Character\Ogre\Female\ogreFemale0098-00.anim
patch-Z.MPQ,Ogre,Character,Character\Ogre\Female\ogreFemale01.skin,155688,C233F689D2C669F2627A6CB3E6BCD05428849F7F,G:\Downloads\HDWoWModels\Project Reforged\Playable_Races_Isolated_2026-10-04\Ogre\Character\ByArchive\patch-Z.MPQ\Character\Ogre\Female\ogreFemale01.skin
patch-Z.MPQ,Ogre,Character,Character\Ogre\Female\ogrefemale0100-00.anim,12208,E92FA89CD511B717E788263634B0D8693FA440CB,G:\Downloads\HDWoWModels\Project Reforged\Playable_Races_Isolated_2026-10-04\Ogre\Character\ByArchive\patch-Z.MPQ\Character\Ogre\Female\ogrefemale0100-00.anim
patch-Z.MPQ,Ogre,Character,Character\Ogre\Female\ogreFemale0101-00.anim,68624,825E64C00380508E487C5BB8C01F1797A2AC246F,G:\Downloads\HDWoWModels\Project Reforged\Playable_Races_Isolated_2026-10-04\Ogre\Character\ByArchive\patch-Z.MPQ\Character\Ogre\Female\ogreFemale0101-00.anim
patch-Z.MPQ,Ogre,Character,Character\Ogre\Female\ogreFemale0102-00.anim,31456,D4B310DD791CC68D2B332D79144E7D4D7CA69855,G:\Downloads\HDWoWModels\Project Reforged\Playable_Races_Isolated_2026-10-04\Ogre\Character\ByArchive\patch-Z.MPQ\Character\Ogre\Female\ogreFemale0102-00.anim
patch-Z.MPQ,Ogre,Character,Character\Ogre\Female\ogreFemale0103-00.anim,31408,6FE85F7DDB2CC3C109A313AA50F6740C914A5A88,G:\Downloads\HDWoWModels\Project Reforged\Playable_Races_Isolated_2026-10-04\Ogre\Character\ByArchive\patch-Z.MPQ\Character\Ogre\Female\ogreFemale0103-00.anim
patch-Z.MPQ,Ogre,Character,Character\Ogre\Female\ogrefemale0104-00.anim,30944,EF55C25037650C504F85FB0A168DE3CC09329CCE,G:\Downloads\HDWoWModels\Project Reforged\Playable_Races_Isolated_2026-10-04\Ogre\Character\ByArchive\patch-Z.MPQ\Character\Ogre\Female\ogrefemale0104-00.anim
patch-Z.MPQ,Ogre,Character,Character\Ogre\Female\ogreFemale0113-00.anim,65616,97C8DA8E8143A93B2C1B8A6CA2E6E3DF3AC2C3B5,G:\Downloads\HDWoWModels\Project Reforged\Playable_Races_Isolated_2026-10-04\Ogre\Character\ByArchive\patch-Z.MPQ\Character\Ogre\Female\ogreFemale0113-00.anim
patch-Z.MPQ,Ogre,Character,Character\Ogre\Female\ogreFemale0119-00.anim,34256,16CC907CBCD2185B914C41C4576482D7C099A2EA,G:\Downloads\HDWoWModels\Project Reforged\Playable_Races_Isolated_2026-10-04\Ogre\Character\ByArchive\patch-Z.MPQ\Character\Ogre\Female\ogreFemale0119-00.anim
patch-Z.MPQ,Ogre,Character,Character\Ogre\Female\ogrefemale0120-00.anim,25456,79D030D2AFEB801CAEBF26A05174FC819D2874D3,G:\Downloads\HDWoWModels\Project Reforged\Playable_Races_Isolated_2026-10-04\Ogre\Character\ByArchive\patch-Z.MPQ\Character\Ogre\Female\ogrefemale0120-00.anim
patch-Z.MPQ,Ogre,Character,Character\Ogre\Female\ogrefemale0123-00.anim,77328,68C7D183FD252D70349CFAB8D7EDC5DA412EDB34,G:\Downloads\HDWoWModels\Project Reforged\Playable_Races_Isolated_2026-10-04\Ogre\Character\ByArchive\patch-Z.MPQ\Character\Ogre\Female\ogrefemale0123-00.anim
patch-Z.MPQ,Ogre,Character,Character\Ogre\Female\ogrefemale0128-00.anim,27168,0BC36700883DD7883E39C97CDBB3AE1F1CC5E9B4,G:\Downloads\HDWoWModels\Project Reforged\Playable_Races_Isolated_2026-10-04\Ogre\Character\ByArchive\patch-Z.MPQ\Character\Ogre\Female\ogrefemale0128-00.anim
patch-Z.MPQ,Ogre,Character,Character\Ogre\Female\ogrefemale0129-00.anim,77008,819A21AC39315ED9FDA3C2083A23CCBCF2E42BC2,G:\Downloads\HDWoWModels\Project Reforged\Playable_Races_Isolated_2026-10-04\Ogre\Character\ByArchive\patch-Z.MPQ\Character\Ogre\Female\ogrefemale0129-00.anim
patch-Z.MPQ,Ogre,Character,Character\Ogre\Female\ogreFemale0133-00.anim,29760,000012D47279BA1BF9E2B8AF053EB7BD054F07D4,G:\Downloads\HDWoWModels\Project Reforged\Playable_Races_Isolated_2026-10-04\Ogre\Character\ByArchive\patch-Z.MPQ\Character\Ogre\Female\ogreFemale0133-00.anim
patch-Z.MPQ,Ogre,Character,Character\Ogre\Female\ogrefemale0134-00.anim,21792,E3191215C3392023BF51AA4C8AC0C7D8DE081EAE,G:\Downloads\HDWoWModels\Project Reforged\Playable_Races_Isolated_2026-10-04\Ogre\Character\ByArchive\patch-Z.MPQ\Character\Ogre\Female\ogrefemale0134-00.anim
patch-Z.MPQ,Ogre,Character,Character\Ogre\Female\ogrefemale0185-00.anim,42640,0A33D9173CE91E7ED4E1540AFBD40ACDAE814F49,G:\Downloads\HDWoWModels\Project Reforged\Playable_Races_Isolated_2026-10-04\Ogre\Character\ByArchive\patch-Z.MPQ\Character\Ogre\Female\ogrefemale0185-00.anim
patch-Z.MPQ,Ogre,Character,Character\Ogre\Female\ogreFemale0186-00.anim,61248,9E39D221D97584F47FDB1DBD254C45AD85675662,G:\Downloads\HDWoWModels\Project Reforged\Playable_Races_Isolated_2026-10-04\Ogre\Character\ByArchive\patch-Z.MPQ\Character\Ogre\Female\ogreFemale0186-00.anim
patch-Z.MPQ,Ogre,Character,Character\Ogre\Female\ogreFemale0195-00.anim,93520,A89AD4A0F41B7589C7756BEED8B675059ED57C72,G:\Downloads\HDWoWModels\Project Reforged\Playable_Races_Isolated_2026-10-04\Ogre\Character\ByArchive\patch-Z.MPQ\Character\Ogre\Female\ogreFemale0195-00.anim
patch-Z.MPQ,Ogre,Character,Character\Ogre\Female\ogreFemale02.skin,156008,E419234BE5F03694CE50D48DFB0C9F00B727FC18,G:\Downloads\HDWoWModels\Project Reforged\Playable_Races_Isolated_2026-10-04\Ogre\Character\ByArchive\patch-Z.MPQ\Character\Ogre\Female\ogreFemale02.skin
patch-Z.MPQ,Ogre,Character,Character\Ogre\Female\ogrefemale0223-00.anim,33984,E1C04111CC8008D25A809A7D798337781ECBDAFE,G:\Downloads\HDWoWModels\Project Reforged\Playable_Races_Isolated_2026-10-04\Ogre\Character\ByArchive\patch-Z.MPQ\Character\Ogre\Female\ogrefemale0223-00.anim
patch-Z.MPQ,Ogre,Character,Character\Ogre\Female\ogreFemale03.skin,162344,E9EED03257D68B4DE51E97510C47F29C02B8E31E,G:\Downloads\HDWoWModels\Project Reforged\Playable_Races_Isolated_2026-10-04\Ogre\Character\ByArchive\patch-Z.MPQ\Character\Ogre\Female\ogreFemale03.skin
patch-Z.MPQ,Ogre,Character,Character\Ogre\Female\ogreFemale0518-00.anim,40256,8EF5AD0A0B072B4728CD52CFB13BA56287FA5E12,G:\Downloads\HDWoWModels\Project Reforged\Playable_Races_Isolated_2026-10-04\Ogre\Character\ByArchive\patch-Z.MPQ\Character\Ogre\Female\ogreFemale0518-00.anim
patch-Z.MPQ,Ogre,Character,Character\Ogre\Female\ogrefemale0520-00.anim,76176,7355674543D5D401CEAA4CA26CCB7510140FFA8A,G:\Downloads\HDWoWModels\Project Reforged\Playable_Races_Isolated_2026-10-04\Ogre\Character\ByArchive\patch-Z.MPQ\Character\Ogre\Female\ogrefemale0520-00.anim
patch-Z.MPQ,Ogre,Character,Character\Ogre\Female\ogreFemale0522-00.anim,36800,AAD3317DD4C86E98920DC741E86114287C711079,G:\Downloads\HDWoWModels\Project Reforged\Playable_Races_Isolated_2026-10-04\Ogre\Character\ByArchive\patch-Z.MPQ\Character\Ogre\Female\ogreFemale0522-00.anim
patch-Z.MPQ,Ogre,Character,Character\Ogre\Female\ogreFemale0732-00.anim,50544,FF523E86386B60E7627A015074576CBDB45F7CD3,G:\Downloads\HDWoWModels\Project Reforged\Playable_Races_Isolated_2026-10-04\Ogre\Character\ByArchive\patch-Z.MPQ\Character\Ogre\Female\ogreFemale0732-00.anim
patch-Z.MPQ,Ogre,Character,Character\Ogre\Female\OgreFemaleFaceLower_00_00.blp,88554,2FCF7E5C0F83FC9DF1596F3255974417B4C6816F,G:\Downloads\HDWoWModels\Project Reforged\Playable_Races_Isolated_2026-10-04\Ogre\Character\ByArchive\patch-Z.MPQ\Character\Ogre\Female\OgreFemaleFaceLower_00_00.blp
patch-Z.MPQ,Ogre,Character,Character\Ogre\Female\ogrefemalefacelower_00_01.blp,88554,8AF02056653B66AC992E92677FF557AA7F1C30E6,G:\Downloads\HDWoWModels\Project Reforged\Playable_Races_Isolated_2026-10-04\Ogre\Character\ByArchive\patch-Z.MPQ\Character\Ogre\Female\ogrefemalefacelower_00_01.blp
patch-Z.MPQ,Ogre,Character,Character\Ogre\Female\ogrefemalefacelower_00_02.blp,88554,B3C4E292FCA0077106A0D30B91BE6972A04B3D28,G:\Downloads\HDWoWModels\Project Reforged\Playable_Races_Isolated_2026-10-04\Ogre\Character\ByArchive\patch-Z.MPQ\Character\Ogre\Female\ogrefemalefacelower_00_02.blp
patch-Z.MPQ,Ogre,Character,Character\Ogre\Female\OgreFemaleFaceLower_00_03.blp,88554,C4D68CDD305064830238A236FAFDCA0AA75E1921,G:\Downloads\HDWoWModels\Project Reforged\Playable_Races_Isolated_2026-10-04\Ogre\Character\ByArchive\patch-Z.MPQ\Character\Ogre\Female\OgreFemaleFaceLower_00_03.blp
patch-Z.MPQ,Ogre,Character,Character\Ogre\Female\OgreFemaleFaceLower_00_04.blp,88554,FB9F87BCCDC4BC113207F177352294485F3BAB06,G:\Downloads\HDWoWModels\Project Reforged\Playable_Races_Isolated_2026-10-04\Ogre\Character\ByArchive\patch-Z.MPQ\Character\Ogre\Female\OgreFemaleFaceLower_00_04.blp
patch-Z.MPQ,Ogre,Character,Character\Ogre\Female\OgreFemaleFaceLower_00_05.blp,88554,F6EACCCE99EC591A1C3FFC113C8E174144C1E860,G:\Downloads\HDWoWModels\Project Reforged\Playable_Races_Isolated_2026-10-04\Ogre\Character\ByArchive\patch-Z.MPQ\Character\Ogre\Female\OgreFemaleFaceLower_00_05.blp
patch-Z.MPQ,Ogre,Character,Character\Ogre\Female\ogrefemalefacelower_00_06.blp,88554,5389D8F016FEE51244BCFE34D6A54D6BAB4EED6F,G:\Downloads\HDWoWModels\Project Reforged\Playable_Races_Isolated_2026-10-04\Ogre\Character\ByArchive\patch-Z.MPQ\Character\Ogre\Female\ogrefemalefacelower_00_06.blp
patch-Z.MPQ,Ogre,Character,Character\Ogre\Female\ogrefemalefacelower_00_07.blp,88554,61A409CC2E4D9E411C7D8FE3B66B8A3560479BC1,G:\Downloads\HDWoWModels\Project Reforged\Playable_Races_Isolated_2026-10-04\Ogre\Character\ByArchive\patch-Z.MPQ\Character\Ogre\Female\ogrefemalefacelower_00_07.blp
patch-Z.MPQ,Ogre,Character,Character\Ogre\Female\ogrefemalefacelower_00_08.blp,88554,2426AC4F3DC335EB1C4E105130E0D14F2086C8A8,G:\Downloads\HDWoWModels\Project Reforged\Playable_Races_Isolated_2026-10-04\Ogre\Character\ByArchive\patch-Z.MPQ\Character\Ogre\Female\ogrefemalefacelower_00_08.blp
patch-Z.MPQ,Ogre,Character,Character\Ogre\Female\OgreFemaleFaceLower_00_09.blp,88554,2C7F5ADE83EF4F7BD8F71507CD75E00FD612AC14,G:\Downloads\HDWoWModels\Project Reforged\Playable_Races_Isolated_2026-10-04\Ogre\Character\ByArchive\patch-Z.MPQ\Character\Ogre\Female\OgreFemaleFaceLower_00_09.blp
patch-Z.MPQ,Ogre,Character,Character\Ogre\Female\OgreFemaleFaceLower_01_00.blp,88554,39B08F93E1B36B8AD7666197C6C63E54BBF5CDBC,G:\Downloads\HDWoWModels\Project Reforged\Playable_Races_Isolated_2026-10-04\Ogre\Character\ByArchive\patch-Z.MPQ\Character\Ogre\Female\OgreFemaleFaceLower_01_00.blp
patch-Z.MPQ,Ogre,Character,Character\Ogre\Female\OgreFemaleFaceLower_01_01.blp,88554,07AA19220021D938101C7AC54ECDA8451C1E106D,G:\Downloads\HDWoWModels\Project Reforged\Playable_Races_Isolated_2026-10-04\Ogre\Character\ByArchive\patch-Z.MPQ\Character\Ogre\Female\OgreFemaleFaceLower_01_01.blp
patch-Z.MPQ,Ogre,Character,Character\Ogre\Female\OgreFemaleFaceLower_01_02.blp,88554,E5BACF4390F1C6F208E655E87831A402870109C1,G:\Downloads\HDWoWModels\Project Reforged\Playable_Races_Isolated_2026-10-04\Ogre\Character\ByArchive\patch-Z.MPQ\Character\Ogre\Female\OgreFemaleFaceLower_01_02.blp
patch-Z.MPQ,Ogre,Character,Character\Ogre\Female\ogrefemalefacelower_01_03.blp,88554,66616094DFD9A842F5918A0381E046654E8E794C,G:\Downloads\HDWoWModels\Project Reforged\Playable_Races_Isolated_2026-10-04\Ogre\Character\ByArchive\patch-Z.MPQ\Character\Ogre\Female\ogrefemalefacelower_01_03.blp
patch-Z.MPQ,Ogre,Character,Character\Ogre\Female\ogrefemalefacelower_01_04.blp,88554,772E89D6A930353D3DFC21AEB93FE9FB54C7F42D,G:\Downloads\HDWoWModels\Project Reforged\Playable_Races_Isolated_2026-10-04\Ogre\Character\ByArchive\patch-Z.MPQ\Character\Ogre\Female\ogrefemalefacelower_01_04.blp
patch-Z.MPQ,Ogre,Character,Character\Ogre\Female\OgreFemaleFaceLower_01_05.blp,88554,E17C4886F0D2C408B916124C86FA551A88FAB61B,G:\Downloads\HDWoWModels\Project Reforged\Playable_Races_Isolated_2026-10-04\Ogre\Character\ByArchive\patch-Z.MPQ\Character\Ogre\Female\OgreFemaleFaceLower_01_05.blp
patch-Z.MPQ,Ogre,Character,Character\Ogre\Female\OgreFemaleFaceLower_01_06.blp,88554,BD14713BBEB9E13F5FC96A6CBBBE7AF9F3DE511A,G:\Downloads\HDWoWModels\Project Reforged\Playable_Races_Isolated_2026-10-04\Ogre\Character\ByArchive\patch-Z.MPQ\Character\Ogre\Female\OgreFemaleFaceLower_01_06.blp
patch-Z.MPQ,Ogre,Character,Character\Ogre\Female\ogrefemalefacelower_01_07.blp,88554,944BFFE4D22A69C28725B86DB92DF5A04B314D5A,G:\Downloads\HDWoWModels\Project Reforged\Playable_Races_Isolated_2026-10-04\Ogre\Character\ByArchive\patch-Z.MPQ\Character\Ogre\Female\ogrefemalefacelower_01_07.blp
patch-Z.MPQ,Ogre,Character,Character\Ogre\Female\OgreFemaleFaceLower_01_08.blp,88554,91C9424C45389D53F007EBF666FE8B52603F54AB,G:\Downloads\HDWoWModels\Project Reforged\Playable_Races_Isolated_2026-10-04\Ogre\Character\ByArchive\patch-Z.MPQ\Character\Ogre\Female\OgreFemaleFaceLower_01_08.blp
patch-Z.MPQ,Ogre,Character,Character\Ogre\Female\ogrefemalefacelower_01_09.blp,88554,D17199ED6BE5183F369DD521D7D3B5D34C05CDD9,G:\Downloads\HDWoWModels\Project Reforged\Playable_Races_Isolated_2026-10-04\Ogre\Character\ByArchive\patch-Z.MPQ\Character\Ogre\Female\ogrefemalefacelower_01_09.blp
patch-Z.MPQ,Ogre,Character,Character\Ogre\Female\OgreFemaleFaceLower_02_00.blp,88554,C7040E325ED80980E139D6B24BDDBA764FDC8FA4,G:\Downloads\HDWoWModels\Project Reforged\Playable_Races_Isolated_2026-10-04\Ogre\Character\ByArchive\patch-Z.MPQ\Character\Ogre\Female\OgreFemaleFaceLower_02_00.blp
patch-Z.MPQ,Ogre,Character,Character\Ogre\Female\ogrefemalefacelower_02_01.blp,88554,8F78AED4499C621BF6033E6583221DA4D926C047,G:\Downloads\HDWoWModels\Project Reforged\Playable_Races_Isolated_2026-10-04\Ogre\Character\ByArchive\patch-Z.MPQ\Character\Ogre\Female\ogrefemalefacelower_02_01.blp
patch-Z.MPQ,Ogre,Character,Character\Ogre\Female\ogrefemalefacelower_02_02.blp,88554,931309CD516DB6726D03E53E5F6B322F47A3F7D5,G:\Downloads\HDWoWModels\Project Reforged\Playable_Races_Isolated_2026-10-04\Ogre\Character\ByArchive\patch-Z.MPQ\Character\Ogre\Female\ogrefemalefacelower_02_02.blp
patch-Z.MPQ,Ogre,Character,Character\Ogre\Female\ogrefemalefacelower_02_03.blp,88554,ACF04A944C07ACD63CABED446D72AD527574C499,G:\Downloads\HDWoWModels\Project Reforged\Playable_Races_Isolated_2026-10-04\Ogre\Character\ByArchive\patch-Z.MPQ\Character\Ogre\Female\ogrefemalefacelower_02_03.blp
patch-Z.MPQ,Ogre,Character,Character\Ogre\Female\ogrefemalefacelower_02_04.blp,88554,623BB786F90869D7209DB1F31DAB6036B3781BFD,G:\Downloads\HDWoWModels\Project Reforged\Playable_Races_Isolated_2026-10-04\Ogre\Character\ByArchive\patch-Z.MPQ\Character\Ogre\Female\ogrefemalefacelower_02_04.blp
patch-Z.MPQ,Ogre,Character,Character\Ogre\Female\OgreFemaleFaceLower_02_05.blp,88554,F7AE4CABE44B9EFF8427391EC8517C77A482151E,G:\Downloads\HDWoWModels\Project Reforged\Playable_Races_Isolated_2026-10-04\Ogre\Character\ByArchive\patch-Z.MPQ\Character\Ogre\Female\OgreFemaleFaceLower_02_05.blp
patch-Z.MPQ,Ogre,Character,Character\Ogre\Female\OgreFemaleFaceLower_02_06.blp,88554,34028240D0B8608842ED434203E5F579566983CF,G:\Downloads\HDWoWModels\Project Reforged\Playable_Races_Isolated_2026-10-04\Ogre\Character\ByArchive\patch-Z.MPQ\Character\Ogre\Female\OgreFemaleFaceLower_02_06.blp
patch-Z.MPQ,Ogre,Character,Character\Ogre\Female\OgreFemaleFaceLower_02_07.blp,88554,622CA9FCC3A7558DA9D25844076235DA3C878A35,G:\Downloads\HDWoWModels\Project Reforged\Playable_Races_Isolated_2026-10-04\Ogre\Character\ByArchive\patch-Z.MPQ\Character\Ogre\Female\OgreFemaleFaceLower_02_07.blp
patch-Z.MPQ,Ogre,Character,Character\Ogre\Female\ogrefemalefacelower_02_08.blp,88554,2EE0F7616C73836BAD0EC0FCA6EEFECCC3BCBF08,G:\Downloads\HDWoWModels\Project Reforged\Playable_Races_Isolated_2026-10-04\Ogre\Character\ByArchive\patch-Z.MPQ\Character\Ogre\Female\ogrefemalefacelower_02_08.blp
patch-Z.MPQ,Ogre,Character,Character\Ogre\Female\ogrefemalefacelower_02_09.blp,88554,8E4E2DC903478B2209A23FFCDF18E465DCAF2221,G:\Downloads\HDWoWModels\Project Reforged\Playable_Races_Isolated_2026-10-04\Ogre\Character\ByArchive\patch-Z.MPQ\Character\Ogre\Female\ogrefemalefacelower_02_09.blp
patch-Z.MPQ,Ogre,Character,Character\Ogre\Female\OgreFemaleFaceLower_03_00.blp,88554,76C81EA9B20B12A5653B10E3DCE090FB03D3C7F2,G:\Downloads\HDWoWModels\Project Reforged\Playable_Races_Isolated_2026-10-04\Ogre\Character\ByArchive\patch-Z.MPQ\Character\Ogre\Female\OgreFemaleFaceLower_03_00.blp
patch-Z.MPQ,Ogre,Character,Character\Ogre\Female\OgreFemaleFaceLower_03_01.blp,88554,7CD5DF73CC1D83923595D035F05A890D608FC1DC,G:\Downloads\HDWoWModels\Project Reforged\Playable_Races_Isolated_2026-10-04\Ogre\Character\ByArchive\patch-Z.MPQ\Character\Ogre\Female\OgreFemaleFaceLower_03_01.blp
patch-Z.MPQ,Ogre,Character,Character\Ogre\Female\ogrefemalefacelower_03_02.blp,88554,921C75A4FEB606CFDA1B9A2BA00DA8562731A9AE,G:\Downloads\HDWoWModels\Project Reforged\Playable_Races_Isolated_2026-10-04\Ogre\Character\ByArchive\patch-Z.MPQ\Character\Ogre\Female\ogrefemalefacelower_03_02.blp
patch-Z.MPQ,Ogre,Character,Character\Ogre\Female\OgreFemaleFaceLower_03_03.blp,88554,5115D9E5C9AC971F21242E45F51653C4E9AC4564,G:\Downloads\HDWoWModels\Project Reforged\Playable_Races_Isolated_2026-10-04\Ogre\Character\ByArchive\patch-Z.MPQ\Character\Ogre\Female\OgreFemaleFaceLower_03_03.blp
patch-Z.MPQ,Ogre,Character,Character\Ogre\Female\ogrefemalefacelower_03_04.blp,88554,9AFCE7794EA2A4D1E3B8505DCCEC169C93F5AF8A,G:\Downloads\HDWoWModels\Project Reforged\Playable_Races_Isolated_2026-10-04\Ogre\Character\ByArchive\patch-Z.MPQ\Character\Ogre\Female\ogrefemalefacelower_03_04.blp
patch-Z.MPQ,Ogre,Character,Character\Ogre\Female\ogrefemalefacelower_03_05.blp,88554,538908154F602FEC25A6B5079F86826D3F043F8C,G:\Downloads\HDWoWModels\Project Reforged\Playable_Races_Isolated_2026-10-04\Ogre\Character\ByArchive\patch-Z.MPQ\Character\Ogre\Female\ogrefemalefacelower_03_05.blp
patch-Z.MPQ,Ogre,Character,Character\Ogre\Female\OgreFemaleFaceLower_03_06.blp,88554,250559CD76F88BF01D060FEB9594C4B7A3AE932E,G:\Downloads\HDWoWModels\Project Reforged\Playable_Races_Isolated_2026-10-04\Ogre\Character\ByArchive\patch-Z.MPQ\Character\Ogre\Female\OgreFemaleFaceLower_03_06.blp
patch-Z.MPQ,Ogre,Character,Character\Ogre\Female\ogrefemalefacelower_03_07.blp,88554,034875EDD70288B8B55841B69FAAB7A19A31A178,G:\Downloads\HDWoWModels\Project Reforged\Playable_Races_Isolated_2026-10-04\Ogre\Character\ByArchive\patch-Z.MPQ\Character\Ogre\Female\ogrefemalefacelower_03_07.blp
patch-Z.MPQ,Ogre,Character,Character\Ogre\Female\ogrefemalefacelower_03_08.blp,88554,531054D95AA384F791433CAC48669801136C3018,G:\Downloads\HDWoWModels\Project Reforged\Playable_Races_Isolated_2026-10-04\Ogre\Character\ByArchive\patch-Z.MPQ\Character\Ogre\Female\ogrefemalefacelower_03_08.blp
patch-Z.MPQ,Ogre,Character,Character\Ogre\Female\ogrefemalefacelower_03_09.blp,88554,D38ED918C5ABC4C72BD9E09F7B7E63BB1C9D4BA8,G:\Downloads\HDWoWModels\Project Reforged\Playable_Races_Isolated_2026-10-04\Ogre\Character\ByArchive\patch-Z.MPQ\Character\Ogre\Female\ogrefemalefacelower_03_09.blp
patch-Z.MPQ,Ogre,Character,Character\Ogre\Female\ogrefemalefacelower_04_00.blp,88554,892DD573B3160DF276AB7D3D07B36698109DA3D4,G:\Downloads\HDWoWModels\Project Reforged\Playable_Races_Isolated_2026-10-04\Ogre\Character\ByArchive\patch-Z.MPQ\Character\Ogre\Female\ogrefemalefacelower_04_00.blp
patch-Z.MPQ,Ogre,Character,Character\Ogre\Female\ogrefemalefacelower_04_01.blp,88554,E93D6462DBEDF2CA68A437EE91118C80A4D1D73E,G:\Downloads\HDWoWModels\Project Reforged\Playable_Races_Isolated_2026-10-04\Ogre\Character\ByArchive\patch-Z.MPQ\Character\Ogre\Female\ogrefemalefacelower_04_01.blp
patch-Z.MPQ,Ogre,Character,Character\Ogre\Female\ogrefemalefacelower_04_02.blp,88554,F3251D2263EE3EFE6CC6C011F8785C15D25140D8,G:\Downloads\HDWoWModels\Project Reforged\Playable_Races_Isolated_2026-10-04\Ogre\Character\ByArchive\patch-Z.MPQ\Character\Ogre\Female\ogrefemalefacelower_04_02.blp
patch-Z.MPQ,Ogre,Character,Character\Ogre\Female\ogrefemalefacelower_04_03.blp,88554,88625B11957303F45673E74DD5990E3ACA1B4CD8,G:\Downloads\HDWoWModels\Project Reforged\Playable_Races_Isolated_2026-10-04\Ogre\Character\ByArchive\patch-Z.MPQ\Character\Ogre\Female\ogrefemalefacelower_04_03.blp
patch-Z.MPQ,Ogre,Character,Character\Ogre\Female\ogrefemalefacelower_04_04.blp,88554,420FA22B637CB282D4CC979078633E34DD18D407,G:\Downloads\HDWoWModels\Project Reforged\Playable_Races_Isolated_2026-10-04\Ogre\Character\ByArchive\patch-Z.MPQ\Character\Ogre\Female\ogrefemalefacelower_04_04.blp
patch-Z.MPQ,Ogre,Character,Character\Ogre\Female\OgreFemaleFaceLower_04_05.blp,88554,0985B30F6BE5DAE2AC8D1B93247B30B3883C140F,G:\Downloads\HDWoWModels\Project Reforged\Playable_Races_Isolated_2026-10-04\Ogre\Character\ByArchive\patch-Z.MPQ\Character\Ogre\Female\OgreFemaleFaceLower_04_05.blp
patch-Z.MPQ,Ogre,Character,Character\Ogre\Female\OgreFemaleFaceLower_04_06.blp,88554,701AF14FA7356A08FAC89D793BAB9D42863D92E4,G:\Downloads\HDWoWModels\Project Reforged\Playable_Races_Isolated_2026-10-04\Ogre\Character\ByArchive\patch-Z.MPQ\Character\Ogre\Female\OgreFemaleFaceLower_04_06.blp
patch-Z.MPQ,Ogre,Character,Character\Ogre\Female\OgreFemaleFaceLower_04_07.blp,88554,AB9B0971CF7EF827DEFB71420F606213C34ED8D1,G:\Downloads\HDWoWModels\Project Reforged\Playable_Races_Isolated_2026-10-04\Ogre\Character\ByArchive\patch-Z.MPQ\Character\Ogre\Female\OgreFemaleFaceLower_04_07.blp
patch-Z.MPQ,Ogre,Character,Character\Ogre\Female\OgreFemaleFaceLower_04_08.blp,88554,D246D53D4E69C8E40F69A33BD6BF4E2AD8F1FDB1,G:\Downloads\HDWoWModels\Project Reforged\Playable_Races_Isolated_2026-10-04\Ogre\Character\ByArchive\patch-Z.MPQ\Character\Ogre\Female\OgreFemaleFaceLower_04_08.blp
patch-Z.MPQ,Ogre,Character,Character\Ogre\Female\OgreFemaleFaceLower_04_09.blp,88554,324FFE4A22855ED16C4DE6822D7A252A663CC5A5,G:\Downloads\HDWoWModels\Project Reforged\Playable_Races_Isolated_2026-10-04\Ogre\Character\ByArchive\patch-Z.MPQ\Character\Ogre\Female\OgreFemaleFaceLower_04_09.blp
patch-Z.MPQ,Ogre,Character,Character\Ogre\Female\OgreFemaleFaceLower_05_00.blp,88554,A6F2D6D1E78A1A6562E80DA9DF03FC1E9DC54391,G:\Downloads\HDWoWModels\Project Reforged\Playable_Races_Isolated_2026-10-04\Ogre\Character\ByArchive\patch-Z.MPQ\Character\Ogre\Female\OgreFemaleFaceLower_05_00.blp
patch-Z.MPQ,Ogre,Character,Character\Ogre\Female\OgreFemaleFaceLower_05_01.blp,88554,CC94A69905AAC637E564434A711AB03F1D7A3D26,G:\Downloads\HDWoWModels\Project Reforged\Playable_Races_Isolated_2026-10-04\Ogre\Character\ByArchive\patch-Z.MPQ\Character\Ogre\Female\OgreFemaleFaceLower_05_01.blp
patch-Z.MPQ,Ogre,Character,Character\Ogre\Female\ogrefemalefacelower_05_02.blp,88554,2F857F5CF848340355B27719B3DDDB431D835865,G:\Downloads\HDWoWModels\Project Reforged\Playable_Races_Isolated_2026-10-04\Ogre\Character\ByArchive\patch-Z.MPQ\Character\Ogre\Female\ogrefemalefacelower_05_02.blp
patch-Z.MPQ,Ogre,Character,Character\Ogre\Female\OgreFemaleFaceLower_05_03.blp,88554,68CB372C572C0D05888045BD8BA4A388B82E2FB8,G:\Downloads\HDWoWModels\Project Reforged\Playable_Races_Isolated_2026-10-04\Ogre\Character\ByArchive\patch-Z.MPQ\Character\Ogre\Female\OgreFemaleFaceLower_05_03.blp
patch-Z.MPQ,Ogre,Character,Character\Ogre\Female\ogrefemalefacelower_05_04.blp,88554,CC717229448791B8643B40300F353AC83A03E07E,G:\Downloads\HDWoWModels\Project Reforged\Playable_Races_Isolated_2026-10-04\Ogre\Character\ByArchive\patch-Z.MPQ\Character\Ogre\Female\ogrefemalefacelower_05_04.blp
patch-Z.MPQ,Ogre,Character,Character\Ogre\Female\OgreFemaleFaceLower_05_05.blp,88554,40B468A6C36FB453A0B5EA9836338DF728CA7E01,G:\Downloads\HDWoWModels\Project Reforged\Playable_Races_Isolated_2026-10-04\Ogre\Character\ByArchive\patch-Z.MPQ\Character\Ogre\Female\OgreFemaleFaceLower_05_05.blp
patch-Z.MPQ,Ogre,Character,Character\Ogre\Female\ogrefemalefacelower_05_06.blp,88554,07767FF71D5CD0BB4825EA63B87C3FF4DC07CD3B,G:\Downloads\HDWoWModels\Project Reforged\Playable_Races_Isolated_2026-10-04\Ogre\Character\ByArchive\patch-Z.MPQ\Character\Ogre\Female\ogrefemalefacelower_05_06.blp
patch-Z.MPQ,Ogre,Character,Character\Ogre\Female\OgreFemaleFaceLower_05_07.blp,88554,4B53E757B9E4421314FC776D9A1EED905C5CBB54,G:\Downloads\HDWoWModels\Project Reforged\Playable_Races_Isolated_2026-10-04\Ogre\Character\ByArchive\patch-Z.MPQ\Character\Ogre\Female\OgreFemaleFaceLower_05_07.blp
patch-Z.MPQ,Ogre,Character,Character\Ogre\Female\OgreFemaleFaceLower_05_08.blp,88554,88D2694D09275406E1D559D959EB7CF29A209C70,G:\Downloads\HDWoWModels\Project Reforged\Playable_Races_Isolated_2026-10-04\Ogre\Character\ByArchive\patch-Z.MPQ\Character\Ogre\Female\OgreFemaleFaceLower_05_08.blp
patch-Z.MPQ,Ogre,Character,Character\Ogre\Female\OgreFemaleFaceLower_05_09.blp,88554,C0D7779202C1FB1935FE32E7AF77804191B108C4,G:\Downloads\HDWoWModels\Project Reforged\Playable_Races_Isolated_2026-10-04\Ogre\Character\ByArchive\patch-Z.MPQ\Character\Ogre\Female\OgreFemaleFaceLower_05_09.blp
patch-Z.MPQ,Ogre,Character,Character\Ogre\Female\OgreFemaleFaceLower_06_00.blp,88554,2C32BBA21914239965E33D6821D4BC18C0141D74,G:\Downloads\HDWoWModels\Project Reforged\Playable_Races_Isolated_2026-10-04\Ogre\Character\ByArchive\patch-Z.MPQ\Character\Ogre\Female\OgreFemaleFaceLower_06_00.blp
patch-Z.MPQ,Ogre,Character,Character\Ogre\Female\OgreFemaleFaceLower_06_01.blp,88554,1A71F2CD78807F61DC1742E8FAE138150503B3D9,G:\Downloads\HDWoWModels\Project Reforged\Playable_Races_Isolated_2026-10-04\Ogre\Character\ByArchive\patch-Z.MPQ\Character\Ogre\Female\OgreFemaleFaceLower_06_01.blp
patch-Z.MPQ,Ogre,Character,Character\Ogre\Female\OgreFemaleFaceLower_06_03.blp,88554,966295D05680FD91B6E285A8423E3F012073D664,G:\Downloads\HDWoWModels\Project Reforged\Playable_Races_Isolated_2026-10-04\Ogre\Character\ByArchive\patch-Z.MPQ\Character\Ogre\Female\OgreFemaleFaceLower_06_03.blp
patch-Z.MPQ,Ogre,Character,Character\Ogre\Female\OgreFemaleFaceLower_07_00.blp,88554,943DE41A8668D06DB64CE51EB22A8D5D8DC7C48C,G:\Downloads\HDWoWModels\Project Reforged\Playable_Races_Isolated_2026-10-04\Ogre\Character\ByArchive\patch-Z.MPQ\Character\Ogre\Female\OgreFemaleFaceLower_07_00.blp
patch-Z.MPQ,Ogre,Character,Character\Ogre\Female\ogrefemalefacelower_07_01.blp,88554,43FD519122CCF9E9226C2FEDB5BD0599A918D088,G:\Downloads\HDWoWModels\Project Reforged\Playable_Races_Isolated_2026-10-04\Ogre\Character\ByArchive\patch-Z.MPQ\Character\Ogre\Female\ogrefemalefacelower_07_01.blp
patch-Z.MPQ,Ogre,Character,Character\Ogre\Female\ogrefemalefacelower_07_03.blp,88554,82ABE63D1A0E21D32B68CCD9AFF9668B7513A6D0,G:\Downloads\HDWoWModels\Project Reforged\Playable_Races_Isolated_2026-10-04\Ogre\Character\ByArchive\patch-Z.MPQ\Character\Ogre\Female\ogrefemalefacelower_07_03.blp
patch-Z.MPQ,Ogre,Character,Character\Ogre\Female\ogrefemalefacelower_08_00.blp,88554,5D785C0702F033AD86FCD5EEDED2B23C87770B0B,G:\Downloads\HDWoWModels\Project Reforged\Playable_Races_Isolated_2026-10-04\Ogre\Character\ByArchive\patch-Z.MPQ\Character\Ogre\Female\ogrefemalefacelower_08_00.blp
patch-Z.MPQ,Ogre,Character,Character\Ogre\Female\OgreFemaleFaceLower_08_01.blp,88554,A29EF39746E76DCDEC1B439ED546628436D71881,G:\Downloads\HDWoWModels\Project Reforged\Playable_Races_Isolated_2026-10-04\Ogre\Character\ByArchive\patch-Z.MPQ\Character\Ogre\Female\OgreFemaleFaceLower_08_01.blp
patch-Z.MPQ,Ogre,Character,Character\Ogre\Female\ogrefemalefacelower_08_03.blp,88554,4A9E65CBB004FCF6D93383A2F28D5A2CEEAEABE1,G:\Downloads\HDWoWModels\Project Reforged\Playable_Races_Isolated_2026-10-04\Ogre\Character\ByArchive\patch-Z.MPQ\Character\Ogre\Female\ogrefemalefacelower_08_03.blp
patch-Z.MPQ,Ogre,Character,Character\Ogre\Female\OgreFemaleFaceUpper_00_00.blp,44866,E4EF3DBACC8A70C995754C18CF67E7FDBCAE136C,G:\Downloads\HDWoWModels\Project Reforged\Playable_Races_Isolated_2026-10-04\Ogre\Character\ByArchive\patch-Z.MPQ\Character\Ogre\Female\OgreFemaleFaceUpper_00_00.blp
patch-Z.MPQ,Ogre,Character,Character\Ogre\Female\OgreFemaleFaceUpper_00_01.blp,44866,8FD93932EEDF620154C0BD6598F0763E29DAEF24,G:\Downloads\HDWoWModels\Project Reforged\Playable_Races_Isolated_2026-10-04\Ogre\Character\ByArchive\patch-Z.MPQ\Character\Ogre\Female\OgreFemaleFaceUpper_00_01.blp
patch-Z.MPQ,Ogre,Character,Character\Ogre\Female\OgreFemaleFaceUpper_00_02.blp,44866,611639F3B5542BF859609036523CCA98BE9DDAAD,G:\Downloads\HDWoWModels\Project Reforged\Playable_Races_Isolated_2026-10-04\Ogre\Character\ByArchive\patch-Z.MPQ\Character\Ogre\Female\OgreFemaleFaceUpper_00_02.blp
patch-Z.MPQ,Ogre,Character,Character\Ogre\Female\ogrefemalefaceupper_00_03.blp,44866,BA956CC395A9FB87F7D479D20BBB2ED68EFD4884,G:\Downloads\HDWoWModels\Project Reforged\Playable_Races_Isolated_2026-10-04\Ogre\Character\ByArchive\patch-Z.MPQ\Character\Ogre\Female\ogrefemalefaceupper_00_03.blp
patch-Z.MPQ,Ogre,Character,Character\Ogre\Female\OgreFemaleFaceUpper_00_04.blp,44866,82C63B3BC1EF59BAF84187387D78638E3B3813BC,G:\Downloads\HDWoWModels\Project Reforged\Playable_Races_Isolated_2026-10-04\Ogre\Character\ByArchive\patch-Z.MPQ\Character\Ogre\Female\OgreFemaleFaceUpper_00_04.blp
patch-Z.MPQ,Ogre,Character,Character\Ogre\Female\OgreFemaleFaceUpper_00_05.blp,44866,03009DD138CA32FFBE601B355445666E0D145E47,G:\Downloads\HDWoWModels\Project Reforged\Playable_Races_Isolated_2026-10-04\Ogre\Character\ByArchive\patch-Z.MPQ\Character\Ogre\Female\OgreFemaleFaceUpper_00_05.blp
patch-Z.MPQ,Ogre,Character,Character\Ogre\Female\ogrefemalefaceupper_00_06.blp,44866,03009DD138CA32FFBE601B355445666E0D145E47,G:\Downloads\HDWoWModels\Project Reforged\Playable_Races_Isolated_2026-10-04\Ogre\Character\ByArchive\patch-Z.MPQ\Character\Ogre\Female\ogrefemalefaceupper_00_06.blp
patch-Z.MPQ,Ogre,Character,Character\Ogre\Female\ogrefemalefaceupper_00_07.blp,44866,1A039F6333AAEF1370722FC29AD0E184E72BCB03,G:\Downloads\HDWoWModels\Project Reforged\Playable_Races_Isolated_2026-10-04\Ogre\Character\ByArchive\patch-Z.MPQ\Character\Ogre\Female\ogrefemalefaceupper_00_07.blp
patch-Z.MPQ,Ogre,Character,Character\Ogre\Female\OgreFemaleFaceUpper_00_08.blp,44866,03009DD138CA32FFBE601B355445666E0D145E47,G:\Downloads\HDWoWModels\Project Reforged\Playable_Races_Isolated_2026-10-04\Ogre\Character\ByArchive\patch-Z.MPQ\Character\Ogre\Female\OgreFemaleFaceUpper_00_08.blp
patch-Z.MPQ,Ogre,Character,Character\Ogre\Female\OgreFemaleFaceUpper_00_09.blp,44866,03009DD138CA32FFBE601B355445666E0D145E47,G:\Downloads\HDWoWModels\Project Reforged\Playable_Races_Isolated_2026-10-04\Ogre\Character\ByArchive\patch-Z.MPQ\Character\Ogre\Female\OgreFemaleFaceUpper_00_09.blp
patch-Z.MPQ,Ogre,Character,Character\Ogre\Female\ogrefemalefaceupper_01_00.blp,44866,F372897112DF8CF2CD289A5D9CE614465E9ABF54,G:\Downloads\HDWoWModels\Project Reforged\Playable_Races_Isolated_2026-10-04\Ogre\Character\ByArchive\patch-Z.MPQ\Character\Ogre\Female\ogrefemalefaceupper_01_00.blp
patch-Z.MPQ,Ogre,Character,Character\Ogre\Female\OgreFemaleFaceUpper_01_01.blp,44866,7D2C8E4ECB08E7A2AB48A47A8973B0A023673F0F,G:\Downloads\HDWoWModels\Project Reforged\Playable_Races_Isolated_2026-10-04\Ogre\Character\ByArchive\patch-Z.MPQ\Character\Ogre\Female\OgreFemaleFaceUpper_01_01.blp
patch-Z.MPQ,Ogre,Character,Character\Ogre\Female\ogrefemalefaceupper_01_02.blp,44866,ECBFEA2AB9977C021119BF482E07892B7E672616,G:\Downloads\HDWoWModels\Project Reforged\Playable_Races_Isolated_2026-10-04\Ogre\Character\ByArchive\patch-Z.MPQ\Character\Ogre\Female\ogrefemalefaceupper_01_02.blp
patch-Z.MPQ,Ogre,Character,Character\Ogre\Female\OgreFemaleFaceUpper_01_03.blp,44866,9B02A9264AADBF6AC2D6BFCAA15D1B97DE41A834,G:\Downloads\HDWoWModels\Project Reforged\Playable_Races_Isolated_2026-10-04\Ogre\Character\ByArchive\patch-Z.MPQ\Character\Ogre\Female\OgreFemaleFaceUpper_01_03.blp
patch-Z.MPQ,Ogre,Character,Character\Ogre\Female\OgreFemaleFaceUpper_01_04.blp,44866,F75141AF18D621897F720424F693BC563FBB81C1,G:\Downloads\HDWoWModels\Project Reforged\Playable_Races_Isolated_2026-10-04\Ogre\Character\ByArchive\patch-Z.MPQ\Character\Ogre\Female\OgreFemaleFaceUpper_01_04.blp
patch-Z.MPQ,Ogre,Character,Character\Ogre\Female\ogrefemalefaceupper_01_05.blp,44866,1E453F97A91E124C25DCF66E4C7FD5DD2F045F15,G:\Downloads\HDWoWModels\Project Reforged\Playable_Races_Isolated_2026-10-04\Ogre\Character\ByArchive\patch-Z.MPQ\Character\Ogre\Female\ogrefemalefaceupper_01_05.blp
patch-Z.MPQ,Ogre,Character,Character\Ogre\Female\OgreFemaleFaceUpper_01_06.blp,44866,1E453F97A91E124C25DCF66E4C7FD5DD2F045F15,G:\Downloads\HDWoWModels\Project Reforged\Playable_Races_Isolated_2026-10-04\Ogre\Character\ByArchive\patch-Z.MPQ\Character\Ogre\Female\OgreFemaleFaceUpper_01_06.blp
patch-Z.MPQ,Ogre,Character,Character\Ogre\Female\ogrefemalefaceupper_01_07.blp,44866,D63359F6253E98A58806EBAAF62E72F4A9993173,G:\Downloads\HDWoWModels\Project Reforged\Playable_Races_Isolated_2026-10-04\Ogre\Character\ByArchive\patch-Z.MPQ\Character\Ogre\Female\ogrefemalefaceupper_01_07.blp
patch-Z.MPQ,Ogre,Character,Character\Ogre\Female\OgreFemaleFaceUpper_01_08.blp,44866,1E453F97A91E124C25DCF66E4C7FD5DD2F045F15,G:\Downloads\HDWoWModels\Project Reforged\Playable_Races_Isolated_2026-10-04\Ogre\Character\ByArchive\patch-Z.MPQ\Character\Ogre\Female\OgreFemaleFaceUpper_01_08.blp
patch-Z.MPQ,Ogre,Character,Character\Ogre\Female\OgreFemaleFaceUpper_01_09.blp,44866,1E453F97A91E124C25DCF66E4C7FD5DD2F045F15,G:\Downloads\HDWoWModels\Project Reforged\Playable_Races_Isolated_2026-10-04\Ogre\Character\ByArchive\patch-Z.MPQ\Character\Ogre\Female\OgreFemaleFaceUpper_01_09.blp
patch-Z.MPQ,Ogre,Character,Character\Ogre\Female\ogrefemalefaceupper_02_00.blp,44866,6C4E7BDFE1DE0EEF52ED518D9F5FB2A33869DD7C,G:\Downloads\HDWoWModels\Project Reforged\Playable_Races_Isolated_2026-10-04\Ogre\Character\ByArchive\patch-Z.MPQ\Character\Ogre\Female\ogrefemalefaceupper_02_00.blp
patch-Z.MPQ,Ogre,Character,Character\Ogre\Female\ogrefemalefaceupper_02_01.blp,44866,344F40EE1FC3F0F4799A2D1743E49629A22BB872,G:\Downloads\HDWoWModels\Project Reforged\Playable_Races_Isolated_2026-10-04\Ogre\Character\ByArchive\patch-Z.MPQ\Character\Ogre\Female\ogrefemalefaceupper_02_01.blp
patch-Z.MPQ,Ogre,Character,Character\Ogre\Female\ogrefemalefaceupper_02_02.blp,44866,52DE7CF6AD4606C9CD4BA08BF2EE99732DA2DC62,G:\Downloads\HDWoWModels\Project Reforged\Playable_Races_Isolated_2026-10-04\Ogre\Character\ByArchive\patch-Z.MPQ\Character\Ogre\Female\ogrefemalefaceupper_02_02.blp
patch-Z.MPQ,Ogre,Character,Character\Ogre\Female\ogrefemalefaceupper_02_03.blp,44866,F2A780C7E9D83E027661A8D8343184005EF96A0F,G:\Downloads\HDWoWModels\Project Reforged\Playable_Races_Isolated_2026-10-04\Ogre\Character\ByArchive\patch-Z.MPQ\Character\Ogre\Female\ogrefemalefaceupper_02_03.blp
patch-Z.MPQ,Ogre,Character,Character\Ogre\Female\OgreFemaleFaceUpper_02_04.blp,44866,6287AC94118E97DBD5FAAB974337C79019C45955,G:\Downloads\HDWoWModels\Project Reforged\Playable_Races_Isolated_2026-10-04\Ogre\Character\ByArchive\patch-Z.MPQ\Character\Ogre\Female\OgreFemaleFaceUpper_02_04.blp
patch-Z.MPQ,Ogre,Character,Character\Ogre\Female\OgreFemaleFaceUpper_02_05.blp,44866,5DFE83F36F88C77AC77C706C0B2E16F6917F93B7,G:\Downloads\HDWoWModels\Project Reforged\Playable_Races_Isolated_2026-10-04\Ogre\Character\ByArchive\patch-Z.MPQ\Character\Ogre\Female\OgreFemaleFaceUpper_02_05.blp
patch-Z.MPQ,Ogre,Character,Character\Ogre\Female\OgreFemaleFaceUpper_02_06.blp,44866,5DFE83F36F88C77AC77C706C0B2E16F6917F93B7,G:\Downloads\HDWoWModels\Project Reforged\Playable_Races_Isolated_2026-10-04\Ogre\Character\ByArchive\patch-Z.MPQ\Character\Ogre\Female\OgreFemaleFaceUpper_02_06.blp
patch-Z.MPQ,Ogre,Character,Character\Ogre\Female\OgreFemaleFaceUpper_02_07.blp,44866,321701507F9350F307BD669399AFAED98E08F2C8,G:\Downloads\HDWoWModels\Project Reforged\Playable_Races_Isolated_2026-10-04\Ogre\Character\ByArchive\patch-Z.MPQ\Character\Ogre\Female\OgreFemaleFaceUpper_02_07.blp
patch-Z.MPQ,Ogre,Character,Character\Ogre\Female\ogrefemalefaceupper_02_08.blp,44866,5DFE83F36F88C77AC77C706C0B2E16F6917F93B7,G:\Downloads\HDWoWModels\Project Reforged\Playable_Races_Isolated_2026-10-04\Ogre\Character\ByArchive\patch-Z.MPQ\Character\Ogre\Female\ogrefemalefaceupper_02_08.blp
patch-Z.MPQ,Ogre,Character,Character\Ogre\Female\ogrefemalefaceupper_02_09.blp,44866,5DFE83F36F88C77AC77C706C0B2E16F6917F93B7,G:\Downloads\HDWoWModels\Project Reforged\Playable_Races_Isolated_2026-10-04\Ogre\Character\ByArchive\patch-Z.MPQ\Character\Ogre\Female\ogrefemalefaceupper_02_09.blp
patch-Z.MPQ,Ogre,Character,Character\Ogre\Female\OgreFemaleFaceUpper_03_00.blp,44866,40ECB23CB252B6ACCFD386EBC07F69C1C42AB788,G:\Downloads\HDWoWModels\Project Reforged\Playable_Races_Isolated_2026-10-04\Ogre\Character\ByArchive\patch-Z.MPQ\Character\Ogre\Female\OgreFemaleFaceUpper_03_00.blp
patch-Z.MPQ,Ogre,Character,Character\Ogre\Female\OgreFemaleFaceUpper_03_01.blp,44866,DE2EA2E49305CF290C2A1B3F36C202677E568A1E,G:\Downloads\HDWoWModels\Project Reforged\Playable_Races_Isolated_2026-10-04\Ogre\Character\ByArchive\patch-Z.MPQ\Character\Ogre\Female\OgreFemaleFaceUpper_03_01.blp
patch-Z.MPQ,Ogre,Character,Character\Ogre\Female\OgreFemaleFaceUpper_03_02.blp,44866,5F5A687C5871F443D47C28F4254274F7C6D20582,G:\Downloads\HDWoWModels\Project Reforged\Playable_Races_Isolated_2026-10-04\Ogre\Character\ByArchive\patch-Z.MPQ\Character\Ogre\Female\OgreFemaleFaceUpper_03_02.blp
patch-Z.MPQ,Ogre,Character,Character\Ogre\Female\ogrefemalefaceupper_03_03.blp,44866,E0AEAA855A6B8F63BD437B3C33F1F37973EB41A8,G:\Downloads\HDWoWModels\Project Reforged\Playable_Races_Isolated_2026-10-04\Ogre\Character\ByArchive\patch-Z.MPQ\Character\Ogre\Female\ogrefemalefaceupper_03_03.blp
patch-Z.MPQ,Ogre,Character,Character\Ogre\Female\ogrefemalefaceupper_03_04.blp,44866,4A1DAF7B625259E975689A19DA9EF53C82E3E730,G:\Downloads\HDWoWModels\Project Reforged\Playable_Races_Isolated_2026-10-04\Ogre\Character\ByArchive\patch-Z.MPQ\Character\Ogre\Female\ogrefemalefaceupper_03_04.blp
patch-Z.MPQ,Ogre,Character,Character\Ogre\Female\ogrefemalefaceupper_03_05.blp,44866,6ED90C8A8110249ADB1EC462E4EC2CF454D2C986,G:\Downloads\HDWoWModels\Project Reforged\Playable_Races_Isolated_2026-10-04\Ogre\Character\ByArchive\patch-Z.MPQ\Character\Ogre\Female\ogrefemalefaceupper_03_05.blp
patch-Z.MPQ,Ogre,Character,Character\Ogre\Female\OgreFemaleFaceUpper_03_06.blp,44866,6ED90C8A8110249ADB1EC462E4EC2CF454D2C986,G:\Downloads\HDWoWModels\Project Reforged\Playable_Races_Isolated_2026-10-04\Ogre\Character\ByArchive\patch-Z.MPQ\Character\Ogre\Female\OgreFemaleFaceUpper_03_06.blp
patch-Z.MPQ,Ogre,Character,Character\Ogre\Female\ogrefemalefaceupper_03_07.blp,44866,0C29F6C96CA8191DE071C0468A3EA0A1EB8A1784,G:\Downloads\HDWoWModels\Project Reforged\Playable_Races_Isolated_2026-10-04\Ogre\Character\ByArchive\patch-Z.MPQ\Character\Ogre\Female\ogrefemalefaceupper_03_07.blp
patch-Z.MPQ,Ogre,Character,Character\Ogre\Female\ogrefemalefaceupper_03_08.blp,44866,6ED90C8A8110249ADB1EC462E4EC2CF454D2C986,G:\Downloads\HDWoWModels\Project Reforged\Playable_Races_Isolated_2026-10-04\Ogre\Character\ByArchive\patch-Z.MPQ\Character\Ogre\Female\ogrefemalefaceupper_03_08.blp
patch-Z.MPQ,Ogre,Character,Character\Ogre\Female\ogrefemalefaceupper_03_09.blp,44866,6ED90C8A8110249ADB1EC462E4EC2CF454D2C986,G:\Downloads\HDWoWModels\Project Reforged\Playable_Races_Isolated_2026-10-04\Ogre\Character\ByArchive\patch-Z.MPQ\Character\Ogre\Female\ogrefemalefaceupper_03_09.blp
patch-Z.MPQ,Ogre,Character,Character\Ogre\Female\ogrefemalefaceupper_04_00.blp,44866,7E103821A3F957B5A1A131EB29ABA534E92830DD,G:\Downloads\HDWoWModels\Project Reforged\Playable_Races_Isolated_2026-10-04\Ogre\Character\ByArchive\patch-Z.MPQ\Character\Ogre\Female\ogrefemalefaceupper_04_00.blp
patch-Z.MPQ,Ogre,Character,Character\Ogre\Female\ogrefemalefaceupper_04_01.blp,44866,96FB0EDDF2D92EBCADD14F463C287675B161D0C1,G:\Downloads\HDWoWModels\Project Reforged\Playable_Races_Isolated_2026-10-04\Ogre\Character\ByArchive\patch-Z.MPQ\Character\Ogre\Female\ogrefemalefaceupper_04_01.blp
patch-Z.MPQ,Ogre,Character,Character\Ogre\Female\ogrefemalefaceupper_04_02.blp,44866,96B29D9816E2C5F61D9D28ADC1E38502BB30E0FD,G:\Downloads\HDWoWModels\Project Reforged\Playable_Races_Isolated_2026-10-04\Ogre\Character\ByArchive\patch-Z.MPQ\Character\Ogre\Female\ogrefemalefaceupper_04_02.blp
patch-Z.MPQ,Ogre,Character,Character\Ogre\Female\ogrefemalefaceupper_04_03.blp,44866,B089992673049C3C9C158D32DC2CCBCDA44029D4,G:\Downloads\HDWoWModels\Project Reforged\Playable_Races_Isolated_2026-10-04\Ogre\Character\ByArchive\patch-Z.MPQ\Character\Ogre\Female\ogrefemalefaceupper_04_03.blp
patch-Z.MPQ,Ogre,Character,Character\Ogre\Female\OgreFemaleFaceUpper_04_04.blp,44866,3F48B117137EC35E6E76EC71D0745BD7532FBB38,G:\Downloads\HDWoWModels\Project Reforged\Playable_Races_Isolated_2026-10-04\Ogre\Character\ByArchive\patch-Z.MPQ\Character\Ogre\Female\OgreFemaleFaceUpper_04_04.blp
patch-Z.MPQ,Ogre,Character,Character\Ogre\Female\ogrefemalefaceupper_04_05.blp,44866,5A159B2FDC2B82C4726F184CB650375099134E64,G:\Downloads\HDWoWModels\Project Reforged\Playable_Races_Isolated_2026-10-04\Ogre\Character\ByArchive\patch-Z.MPQ\Character\Ogre\Female\ogrefemalefaceupper_04_05.blp
patch-Z.MPQ,Ogre,Character,Character\Ogre\Female\OgreFemaleFaceUpper_04_06.blp,44866,5A159B2FDC2B82C4726F184CB650375099134E64,G:\Downloads\HDWoWModels\Project Reforged\Playable_Races_Isolated_2026-10-04\Ogre\Character\ByArchive\patch-Z.MPQ\Character\Ogre\Female\OgreFemaleFaceUpper_04_06.blp
patch-Z.MPQ,Ogre,Character,Character\Ogre\Female\ogrefemalefaceupper_04_07.blp,44866,4AF534DDF8DF99B3F708E56F7AA01A71C832C72D,G:\Downloads\HDWoWModels\Project Reforged\Playable_Races_Isolated_2026-10-04\Ogre\Character\ByArchive\patch-Z.MPQ\Character\Ogre\Female\ogrefemalefaceupper_04_07.blp
patch-Z.MPQ,Ogre,Character,Character\Ogre\Female\OgreFemaleFaceUpper_04_08.blp,44866,5A159B2FDC2B82C4726F184CB650375099134E64,G:\Downloads\HDWoWModels\Project Reforged\Playable_Races_Isolated_2026-10-04\Ogre\Character\ByArchive\patch-Z.MPQ\Character\Ogre\Female\OgreFemaleFaceUpper_04_08.blp
patch-Z.MPQ,Ogre,Character,Character\Ogre\Female\OgreFemaleFaceUpper_04_09.blp,44866,5A159B2FDC2B82C4726F184CB650375099134E64,G:\Downloads\HDWoWModels\Project Reforged\Playable_Races_Isolated_2026-10-04\Ogre\Character\ByArchive\patch-Z.MPQ\Character\Ogre\Female\OgreFemaleFaceUpper_04_09.blp
patch-Z.MPQ,Ogre,Character,Character\Ogre\Female\OgreFemaleFaceUpper_05_00.blp,44866,E120C118D6351DF88C7A24C62465527B429EABF9,G:\Downloads\HDWoWModels\Project Reforged\Playable_Races_Isolated_2026-10-04\Ogre\Character\ByArchive\patch-Z.MPQ\Character\Ogre\Female\OgreFemaleFaceUpper_05_00.blp
patch-Z.MPQ,Ogre,Character,Character\Ogre\Female\OgreFemaleFaceUpper_05_01.blp,44866,E120C118D6351DF88C7A24C62465527B429EABF9,G:\Downloads\HDWoWModels\Project Reforged\Playable_Races_Isolated_2026-10-04\Ogre\Character\ByArchive\patch-Z.MPQ\Character\Ogre\Female\OgreFemaleFaceUpper_05_01.blp
patch-Z.MPQ,Ogre,Character,Character\Ogre\Female\OgreFemaleFaceUpper_05_02.blp,44866,1D68964DB5D87ABC20704B8C0880912969ECB913,G:\Downloads\HDWoWModels\Project Reforged\Playable_Races_Isolated_2026-10-04\Ogre\Character\ByArchive\patch-Z.MPQ\Character\Ogre\Female\OgreFemaleFaceUpper_05_02.blp
patch-Z.MPQ,Ogre,Character,Character\Ogre\Female\OgreFemaleFaceUpper_05_03.blp,44866,B95AC0A9A307F998100DE8E5BB494DA8411593D8,G:\Downloads\HDWoWModels\Project Reforged\Playable_Races_Isolated_2026-10-04\Ogre\Character\ByArchive\patch-Z.MPQ\Character\Ogre\Female\OgreFemaleFaceUpper_05_03.blp
patch-Z.MPQ,Ogre,Character,Character\Ogre\Female\ogrefemalefaceupper_05_04.blp,44866,ABDD3B486F24D819B41766E59FE1E5AFE279914C,G:\Downloads\HDWoWModels\Project Reforged\Playable_Races_Isolated_2026-10-04\Ogre\Character\ByArchive\patch-Z.MPQ\Character\Ogre\Female\ogrefemalefaceupper_05_04.blp
patch-Z.MPQ,Ogre,Character,Character\Ogre\Female\ogrefemalefaceupper_05_05.blp,44866,BAAA9B3E5898318CE398FF0F7A5251A8F4799798,G:\Downloads\HDWoWModels\Project Reforged\Playable_Races_Isolated_2026-10-04\Ogre\Character\ByArchive\patch-Z.MPQ\Character\Ogre\Female\ogrefemalefaceupper_05_05.blp
patch-Z.MPQ,Ogre,Character,Character\Ogre\Female\OgreFemaleFaceUpper_05_06.blp,44866,BAAA9B3E5898318CE398FF0F7A5251A8F4799798,G:\Downloads\HDWoWModels\Project Reforged\Playable_Races_Isolated_2026-10-04\Ogre\Character\ByArchive\patch-Z.MPQ\Character\Ogre\Female\OgreFemaleFaceUpper_05_06.blp
patch-Z.MPQ,Ogre,Character,Character\Ogre\Female\OgreFemaleFaceUpper_05_07.blp,44866,D684E1890557C729C244A4FB7F1A5D44BBA1D278,G:\Downloads\HDWoWModels\Project Reforged\Playable_Races_Isolated_2026-10-04\Ogre\Character\ByArchive\patch-Z.MPQ\Character\Ogre\Female\OgreFemaleFaceUpper_05_07.blp
patch-Z.MPQ,Ogre,Character,Character\Ogre\Female\OgreFemaleFaceUpper_05_08.blp,44866,BAAA9B3E5898318CE398FF0F7A5251A8F4799798,G:\Downloads\HDWoWModels\Project Reforged\Playable_Races_Isolated_2026-10-04\Ogre\Character\ByArchive\patch-Z.MPQ\Character\Ogre\Female\OgreFemaleFaceUpper_05_08.blp
patch-Z.MPQ,Ogre,Character,Character\Ogre\Female\ogrefemalefaceupper_05_09.blp,44866,BAAA9B3E5898318CE398FF0F7A5251A8F4799798,G:\Downloads\HDWoWModels\Project Reforged\Playable_Races_Isolated_2026-10-04\Ogre\Character\ByArchive\patch-Z.MPQ\Character\Ogre\Female\ogrefemalefaceupper_05_09.blp
patch-Z.MPQ,Ogre,Character,Character\Ogre\Female\OgreFemaleFaceUpper_06_00.blp,44866,32A158098781A1DC4F7D06AD8389418BA5BDA37D,G:\Downloads\HDWoWModels\Project Reforged\Playable_Races_Isolated_2026-10-04\Ogre\Character\ByArchive\patch-Z.MPQ\Character\Ogre\Female\OgreFemaleFaceUpper_06_00.blp
patch-Z.MPQ,Ogre,Character,Character\Ogre\Female\ogrefemalefaceupper_06_01.blp,44866,32A158098781A1DC4F7D06AD8389418BA5BDA37D,G:\Downloads\HDWoWModels\Project Reforged\Playable_Races_Isolated_2026-10-04\Ogre\Character\ByArchive\patch-Z.MPQ\Character\Ogre\Female\ogrefemalefaceupper_06_01.blp
patch-Z.MPQ,Ogre,Character,Character\Ogre\Female\ogrefemalefaceupper_06_03.blp,44866,32A158098781A1DC4F7D06AD8389418BA5BDA37D,G:\Downloads\HDWoWModels\Project Reforged\Playable_Races_Isolated_2026-10-04\Ogre\Character\ByArchive\patch-Z.MPQ\Character\Ogre\Female\ogrefemalefaceupper_06_03.blp
patch-Z.MPQ,Ogre,Character,Character\Ogre\Female\OgreFemaleFaceUpper_07_00.blp,44866,258B909230CECDA537F71A6D2CA3DF9213F1EC7A,G:\Downloads\HDWoWModels\Project Reforged\Playable_Races_Isolated_2026-10-04\Ogre\Character\ByArchive\patch-Z.MPQ\Character\Ogre\Female\OgreFemaleFaceUpper_07_00.blp
patch-Z.MPQ,Ogre,Character,Character\Ogre\Female\OgreFemaleFaceUpper_07_01.blp,44866,258B909230CECDA537F71A6D2CA3DF9213F1EC7A,G:\Downloads\HDWoWModels\Project Reforged\Playable_Races_Isolated_2026-10-04\Ogre\Character\ByArchive\patch-Z.MPQ\Character\Ogre\Female\OgreFemaleFaceUpper_07_01.blp
patch-Z.MPQ,Ogre,Character,Character\Ogre\Female\ogrefemalefaceupper_07_03.blp,44866,258B909230CECDA537F71A6D2CA3DF9213F1EC7A,G:\Downloads\HDWoWModels\Project Reforged\Playable_Races_Isolated_2026-10-04\Ogre\Character\ByArchive\patch-Z.MPQ\Character\Ogre\Female\ogrefemalefaceupper_07_03.blp
patch-Z.MPQ,Ogre,Character,Character\Ogre\Female\ogrefemalefaceupper_08_00.blp,44866,7BE535FB8E29024A86AA46BD79DE9946D3C5F0BB,G:\Downloads\HDWoWModels\Project Reforged\Playable_Races_Isolated_2026-10-04\Ogre\Character\ByArchive\patch-Z.MPQ\Character\Ogre\Female\ogrefemalefaceupper_08_00.blp
patch-Z.MPQ,Ogre,Character,Character\Ogre\Female\ogrefemalefaceupper_08_01.blp,44866,7BE535FB8E29024A86AA46BD79DE9946D3C5F0BB,G:\Downloads\HDWoWModels\Project Reforged\Playable_Races_Isolated_2026-10-04\Ogre\Character\ByArchive\patch-Z.MPQ\Character\Ogre\Female\ogrefemalefaceupper_08_01.blp
patch-Z.MPQ,Ogre,Character,Character\Ogre\Female\ogrefemalefaceupper_08_03.blp,44866,7BE535FB8E29024A86AA46BD79DE9946D3C5F0BB,G:\Downloads\HDWoWModels\Project Reforged\Playable_Races_Isolated_2026-10-04\Ogre\Character\ByArchive\patch-Z.MPQ\Character\Ogre\Female\ogrefemalefaceupper_08_03.blp
patch-Z.MPQ,Ogre,Character,Character\Ogre\Female\ogrefemaleskin_00.blp,700222,00BA8F5BA312128FA463E192E0DD15ECA7EC4FAF,G:\Downloads\HDWoWModels\Project Reforged\Playable_Races_Isolated_2026-10-04\Ogre\Character\ByArchive\patch-Z.MPQ\Character\Ogre\Female\ogrefemaleskin_00.blp
patch-Z.MPQ,Ogre,Character,Character\Ogre\Female\OgreFemaleSkin_01.blp,700222,B158170B532D4DAFBD3C88ADE9D8C48C77512EA7,G:\Downloads\HDWoWModels\Project Reforged\Playable_Races_Isolated_2026-10-04\Ogre\Character\ByArchive\patch-Z.MPQ\Character\Ogre\Female\OgreFemaleSkin_01.blp
patch-Z.MPQ,Ogre,Character,Character\Ogre\Female\ogrefemaleskin_02.blp,700222,B7394CB6C71A57A9E59BE5F1C1BDA342D0790226,G:\Downloads\HDWoWModels\Project Reforged\Playable_Races_Isolated_2026-10-04\Ogre\Character\ByArchive\patch-Z.MPQ\Character\Ogre\Female\ogrefemaleskin_02.blp
patch-Z.MPQ,Ogre,Character,Character\Ogre\Female\ogrefemaleskin_03.blp,700222,A312BD26E1B8B4E7C505B605521D6EA64176CE18,G:\Downloads\HDWoWModels\Project Reforged\Playable_Races_Isolated_2026-10-04\Ogre\Character\ByArchive\patch-Z.MPQ\Character\Ogre\Female\ogrefemaleskin_03.blp
patch-Z.MPQ,Ogre,Character,Character\Ogre\Female\OgreFemaleSkin_04.blp,700222,A2946E31EC9B72C3278BA2C5DE74F38943107148,G:\Downloads\HDWoWModels\Project Reforged\Playable_Races_Isolated_2026-10-04\Ogre\Character\ByArchive\patch-Z.MPQ\Character\Ogre\Female\OgreFemaleSkin_04.blp
patch-Z.MPQ,Ogre,Character,Character\Ogre\Female\OgreFemaleSkin_05.blp,700222,DBCEDB9798B35278FC96AEB557908ECC36D9D133,G:\Downloads\HDWoWModels\Project Reforged\Playable_Races_Isolated_2026-10-04\Ogre\Character\ByArchive\patch-Z.MPQ\Character\Ogre\Female\OgreFemaleSkin_05.blp
patch-Z.MPQ,Ogre,Character,Character\Ogre\Female\ogrefemaleskin_06.blp,700222,81C50D8A66DE995C1C51C4625A9A0FCAFC84BB78,G:\Downloads\HDWoWModels\Project Reforged\Playable_Races_Isolated_2026-10-04\Ogre\Character\ByArchive\patch-Z.MPQ\Character\Ogre\Female\ogrefemaleskin_06.blp
patch-Z.MPQ,Ogre,Character,Character\Ogre\Female\OgreFemaleSkin_07.blp,700222,32FB0147D690A955B5CAEC67641FF10C8C4D5386,G:\Downloads\HDWoWModels\Project Reforged\Playable_Races_Isolated_2026-10-04\Ogre\Character\ByArchive\patch-Z.MPQ\Character\Ogre\Female\OgreFemaleSkin_07.blp
patch-Z.MPQ,Ogre,Character,Character\Ogre\Female\OgreFemaleSkin_08.blp,700222,957BE9E02D5974566873F6721E3102B51A2A093A,G:\Downloads\HDWoWModels\Project Reforged\Playable_Races_Isolated_2026-10-04\Ogre\Character\ByArchive\patch-Z.MPQ\Character\Ogre\Female\OgreFemaleSkin_08.blp
patch-Z.MPQ,Ogre,Character,Character\Ogre\head\ogrefemaleskinextra_00_22414.blp,175934,A3D73D0E15257B78F359D1FCD1659FA0A8FBBE45,G:\Downloads\HDWoWModels\Project Reforged\Playable_Races_Isolated_2026-10-04\Ogre\Character\ByArchive\patch-Z.MPQ\Character\Ogre\head\ogrefemaleskinextra_00_22414.blp
patch-Z.MPQ,Ogre,Character,Character\Ogre\head\ogrefemaleskinextra_01_22415.blp,175934,D17A616CD5E1A73541DE444F7B27E81CBBA14BF9,G:\Downloads\HDWoWModels\Project Reforged\Playable_Races_Isolated_2026-10-04\Ogre\Character\ByArchive\patch-Z.MPQ\Character\Ogre\head\ogrefemaleskinextra_01_22415.blp
patch-Z.MPQ,Ogre,Character,Character\Ogre\head\ogrefemaleskinextra_02_22416.blp,175934,22DFC7B16C6AF7EFF340B9A7C7341D2FEE7AF161,G:\Downloads\HDWoWModels\Project Reforged\Playable_Races_Isolated_2026-10-04\Ogre\Character\ByArchive\patch-Z.MPQ\Character\Ogre\head\ogrefemaleskinextra_02_22416.blp
patch-Z.MPQ,Ogre,Character,Character\Ogre\head\ogrefemaleskinextra_03_22417.blp,175934,1EAFB430553DC857F65E33E8B2148CFCD03048BA,G:\Downloads\HDWoWModels\Project Reforged\Playable_Races_Isolated_2026-10-04\Ogre\Character\ByArchive\patch-Z.MPQ\Character\Ogre\head\ogrefemaleskinextra_03_22417.blp
patch-Z.MPQ,Ogre,Character,Character\Ogre\head\ogrefemaleskinextra_04_22418.blp,175934,A51A8C73B70AF210C5733C1EFAFCCC0D24EDF929,G:\Downloads\HDWoWModels\Project Reforged\Playable_Races_Isolated_2026-10-04\Ogre\Character\ByArchive\patch-Z.MPQ\Character\Ogre\head\ogrefemaleskinextra_04_22418.blp
patch-Z.MPQ,Ogre,Character,Character\Ogre\head\ogrefemaleskinextra_05_22419.blp,175934,E67C9DA66E4BB138DC20039CC24160E9F2A14E0D,G:\Downloads\HDWoWModels\Project Reforged\Playable_Races_Isolated_2026-10-04\Ogre\Character\ByArchive\patch-Z.MPQ\Character\Ogre\head\ogrefemaleskinextra_05_22419.blp
patch-Z.MPQ,Ogre,Character,Character\Ogre\head\ogrefemaleskinextra_06_22420.blp,175934,A3D73D0E15257B78F359D1FCD1659FA0A8FBBE45,G:\Downloads\HDWoWModels\Project Reforged\Playable_Races_Isolated_2026-10-04\Ogre\Character\ByArchive\patch-Z.MPQ\Character\Ogre\head\ogrefemaleskinextra_06_22420.blp
patch-Z.MPQ,Ogre,Character,Character\Ogre\head\ogrefemaleskinextra_07_22421.blp,175934,D17A616CD5E1A73541DE444F7B27E81CBBA14BF9,G:\Downloads\HDWoWModels\Project Reforged\Playable_Races_Isolated_2026-10-04\Ogre\Character\ByArchive\patch-Z.MPQ\Character\Ogre\head\ogrefemaleskinextra_07_22421.blp
patch-Z.MPQ,Ogre,Character,Character\Ogre\head\ogrefemaleskinextra_08_22422.blp,175934,22DFC7B16C6AF7EFF340B9A7C7341D2FEE7AF161,G:\Downloads\HDWoWModels\Project Reforged\Playable_Races_Isolated_2026-10-04\Ogre\Character\ByArchive\patch-Z.MPQ\Character\Ogre\head\ogrefemaleskinextra_08_22422.blp
patch-Z.MPQ,Ogre,Character,Character\Ogre\head\ogrefemaleskinextra_09_22423.blp,175934,1EAFB430553DC857F65E33E8B2148CFCD03048BA,G:\Downloads\HDWoWModels\Project Reforged\Playable_Races_Isolated_2026-10-04\Ogre\Character\ByArchive\patch-Z.MPQ\Character\Ogre\head\ogrefemaleskinextra_09_22423.blp
patch-Z.MPQ,Ogre,Character,Character\Ogre\head\ogrefemaleskinextra_10_22424.blp,175934,A51A8C73B70AF210C5733C1EFAFCCC0D24EDF929,G:\Downloads\HDWoWModels\Project Reforged\Playable_Races_Isolated_2026-10-04\Ogre\Character\ByArchive\patch-Z.MPQ\Character\Ogre\head\ogrefemaleskinextra_10_22424.blp
patch-Z.MPQ,Ogre,Character,Character\Ogre\head\ogrefemaleskinextra_11_22425.blp,175934,E67C9DA66E4BB138DC20039CC24160E9F2A14E0D,G:\Downloads\HDWoWModels\Project Reforged\Playable_Races_Isolated_2026-10-04\Ogre\Character\ByArchive\patch-Z.MPQ\Character\Ogre\head\ogrefemaleskinextra_11_22425.blp
patch-Z.MPQ,Ogre,Character,Character\Ogre\head\ogrefemaleskinextra_12_22426.blp,175934,1EAFB430553DC857F65E33E8B2148CFCD03048BA,G:\Downloads\HDWoWModels\Project Reforged\Playable_Races_Isolated_2026-10-04\Ogre\Character\ByArchive\patch-Z.MPQ\Character\Ogre\head\ogrefemaleskinextra_12_22426.blp
patch-Z.MPQ,Ogre,Character,Character\Ogre\head\ogrefemaleskinextra_13_22427.blp,175934,A51A8C73B70AF210C5733C1EFAFCCC0D24EDF929,G:\Downloads\HDWoWModels\Project Reforged\Playable_Races_Isolated_2026-10-04\Ogre\Character\ByArchive\patch-Z.MPQ\Character\Ogre\head\ogrefemaleskinextra_13_22427.blp
patch-Z.MPQ,Ogre,Character,Character\Ogre\head\ogrefemaleskinextra_14_22428.blp,175934,E67C9DA66E4BB138DC20039CC24160E9F2A14E0D,G:\Downloads\HDWoWModels\Project Reforged\Playable_Races_Isolated_2026-10-04\Ogre\Character\ByArchive\patch-Z.MPQ\Character\Ogre\head\ogrefemaleskinextra_14_22428.blp
patch-Z.MPQ,Ogre,Character,Character\Ogre\head\ogrefemaleskinextra_15_22429.blp,175934,A6F5FCD6ABC3FA8CFAB5BA797369FF633522790C,G:\Downloads\HDWoWModels\Project Reforged\Playable_Races_Isolated_2026-10-04\Ogre\Character\ByArchive\patch-Z.MPQ\Character\Ogre\head\ogrefemaleskinextra_15_22429.blp
patch-Z.MPQ,Ogre,Character,Character\Ogre\head\ogrefemaleskinextra_16_22430.blp,175934,BF51619DCE77CEF3C0638D7442B5396A3D3C819C,G:\Downloads\HDWoWModels\Project Reforged\Playable_Races_Isolated_2026-10-04\Ogre\Character\ByArchive\patch-Z.MPQ\Character\Ogre\head\ogrefemaleskinextra_16_22430.blp
patch-Z.MPQ,Ogre,Character,Character\Ogre\head\ogrefemaleskinextra_17_22431.blp,175934,BA6D890EE42F025A9F2AE15F19DCDA64269B7D10,G:\Downloads\HDWoWModels\Project Reforged\Playable_Races_Isolated_2026-10-04\Ogre\Character\ByArchive\patch-Z.MPQ\Character\Ogre\head\ogrefemaleskinextra_17_22431.blp
patch-Z.MPQ,Ogre,Character,Character\Ogre\head\ogremaleskinextra_00_22236.blp,175934,F61E150E6DBA9ED3550F1B8D836F2B4305CEA9FE,G:\Downloads\HDWoWModels\Project Reforged\Playable_Races_Isolated_2026-10-04\Ogre\Character\ByArchive\patch-Z.MPQ\Character\Ogre\head\ogremaleskinextra_00_22236.blp
patch-Z.MPQ,Ogre,Character,Character\Ogre\head\ogremaleskinextra_01_22237.blp,175934,8AA11961EB649F1B41D947F5EABB13634AA87A9E,G:\Downloads\HDWoWModels\Project Reforged\Playable_Races_Isolated_2026-10-04\Ogre\Character\ByArchive\patch-Z.MPQ\Character\Ogre\head\ogremaleskinextra_01_22237.blp
patch-Z.MPQ,Ogre,Character,Character\Ogre\head\ogremaleskinextra_02_22238.blp,175934,CC3178D738E6B57AB279C62AFB7B71C306F19E69,G:\Downloads\HDWoWModels\Project Reforged\Playable_Races_Isolated_2026-10-04\Ogre\Character\ByArchive\patch-Z.MPQ\Character\Ogre\head\ogremaleskinextra_02_22238.blp
patch-Z.MPQ,Ogre,Character,Character\Ogre\head\ogremaleskinextra_03_22239.blp,175934,4B8689AF1F8CEBB8A52732D96BE5857E602A7501,G:\Downloads\HDWoWModels\Project Reforged\Playable_Races_Isolated_2026-10-04\Ogre\Character\ByArchive\patch-Z.MPQ\Character\Ogre\head\ogremaleskinextra_03_22239.blp
patch-Z.MPQ,Ogre,Character,Character\Ogre\head\ogremaleskinextra_04_22240.blp,175934,3EC3B02DEF433A2D541C4176422248CB5F5449BC,G:\Downloads\HDWoWModels\Project Reforged\Playable_Races_Isolated_2026-10-04\Ogre\Character\ByArchive\patch-Z.MPQ\Character\Ogre\head\ogremaleskinextra_04_22240.blp
patch-Z.MPQ,Ogre,Character,Character\Ogre\head\ogremaleskinextra_05_22241.blp,175934,5B2C9DF41175363199A92EEF7F0AADF4CD6DA984,G:\Downloads\HDWoWModels\Project Reforged\Playable_Races_Isolated_2026-10-04\Ogre\Character\ByArchive\patch-Z.MPQ\Character\Ogre\head\ogremaleskinextra_05_22241.blp
patch-Z.MPQ,Ogre,Character,Character\Ogre\head\ogremaleskinextra_06_22242.blp,175934,F61E150E6DBA9ED3550F1B8D836F2B4305CEA9FE,G:\Downloads\HDWoWModels\Project Reforged\Playable_Races_Isolated_2026-10-04\Ogre\Character\ByArchive\patch-Z.MPQ\Character\Ogre\head\ogremaleskinextra_06_22242.blp
patch-Z.MPQ,Ogre,Character,Character\Ogre\head\ogremaleskinextra_07_22243.blp,175934,8AA11961EB649F1B41D947F5EABB13634AA87A9E,G:\Downloads\HDWoWModels\Project Reforged\Playable_Races_Isolated_2026-10-04\Ogre\Character\ByArchive\patch-Z.MPQ\Character\Ogre\head\ogremaleskinextra_07_22243.blp
patch-Z.MPQ,Ogre,Character,Character\Ogre\head\ogremaleskinextra_08_22244.blp,175934,CC3178D738E6B57AB279C62AFB7B71C306F19E69,G:\Downloads\HDWoWModels\Project Reforged\Playable_Races_Isolated_2026-10-04\Ogre\Character\ByArchive\patch-Z.MPQ\Character\Ogre\head\ogremaleskinextra_08_22244.blp
patch-Z.MPQ,Ogre,Character,Character\Ogre\head\ogremaleskinextra_09_22245.blp,175934,4B8689AF1F8CEBB8A52732D96BE5857E602A7501,G:\Downloads\HDWoWModels\Project Reforged\Playable_Races_Isolated_2026-10-04\Ogre\Character\ByArchive\patch-Z.MPQ\Character\Ogre\head\ogremaleskinextra_09_22245.blp
patch-Z.MPQ,Ogre,Character,Character\Ogre\head\ogremaleskinextra_10_22246.blp,175934,3EC3B02DEF433A2D541C4176422248CB5F5449BC,G:\Downloads\HDWoWModels\Project Reforged\Playable_Races_Isolated_2026-10-04\Ogre\Character\ByArchive\patch-Z.MPQ\Character\Ogre\head\ogremaleskinextra_10_22246.blp
patch-Z.MPQ,Ogre,Character,Character\Ogre\head\ogremaleskinextra_11_22247.blp,175934,5B2C9DF41175363199A92EEF7F0AADF4CD6DA984,G:\Downloads\HDWoWModels\Project Reforged\Playable_Races_Isolated_2026-10-04\Ogre\Character\ByArchive\patch-Z.MPQ\Character\Ogre\head\ogremaleskinextra_11_22247.blp
patch-Z.MPQ,Ogre,Character,Character\Ogre\head\ogremaleskinextra_12_22248.blp,175934,4B8689AF1F8CEBB8A52732D96BE5857E602A7501,G:\Downloads\HDWoWModels\Project Reforged\Playable_Races_Isolated_2026-10-04\Ogre\Character\ByArchive\patch-Z.MPQ\Character\Ogre\head\ogremaleskinextra_12_22248.blp
patch-Z.MPQ,Ogre,Character,Character\Ogre\head\ogremaleskinextra_13_22249.blp,175934,3EC3B02DEF433A2D541C4176422248CB5F5449BC,G:\Downloads\HDWoWModels\Project Reforged\Playable_Races_Isolated_2026-10-04\Ogre\Character\ByArchive\patch-Z.MPQ\Character\Ogre\head\ogremaleskinextra_13_22249.blp
patch-Z.MPQ,Ogre,Character,Character\Ogre\head\ogremaleskinextra_14_22250.blp,175934,5B2C9DF41175363199A92EEF7F0AADF4CD6DA984,G:\Downloads\HDWoWModels\Project Reforged\Playable_Races_Isolated_2026-10-04\Ogre\Character\ByArchive\patch-Z.MPQ\Character\Ogre\head\ogremaleskinextra_14_22250.blp
patch-Z.MPQ,Ogre,Character,Character\Ogre\head\ogremaleskinextra_15_22251.blp,175934,70C7E56825D25AADF330EB53A9BE06B941B7565A,G:\Downloads\HDWoWModels\Project Reforged\Playable_Races_Isolated_2026-10-04\Ogre\Character\ByArchive\patch-Z.MPQ\Character\Ogre\head\ogremaleskinextra_15_22251.blp
patch-Z.MPQ,Ogre,Character,Character\Ogre\head\ogremaleskinextra_16_22252.blp,175934,8DF6C68F9089A8307D83ED7030D264022D88D86F,G:\Downloads\HDWoWModels\Project Reforged\Playable_Races_Isolated_2026-10-04\Ogre\Character\ByArchive\patch-Z.MPQ\Character\Ogre\head\ogremaleskinextra_16_22252.blp
patch-Z.MPQ,Ogre,Character,Character\Ogre\head\ogremaleskinextra_17_22253.blp,175934,AB76F71C984D296B073ADD08A834BD7BB1E1C040,G:\Downloads\HDWoWModels\Project Reforged\Playable_Races_Isolated_2026-10-04\Ogre\Character\ByArchive\patch-Z.MPQ\Character\Ogre\head\ogremaleskinextra_17_22253.blp
patch-Z.MPQ,Ogre,Character,Character\Ogre\Male\Ogre_hair_00.blp,175934,4D7D1A68C77BD090CE56055EB2A0C7F2E63DE44F,G:\Downloads\HDWoWModels\Project Reforged\Playable_Races_Isolated_2026-10-04\Ogre\Character\ByArchive\patch-Z.MPQ\Character\Ogre\Male\Ogre_hair_00.blp
patch-Z.MPQ,Ogre,Character,Character\Ogre\Male\Ogre_hair_01.blp,175934,62786E6280CB53AF3D1E5BE26B05AECD6DE51340,G:\Downloads\HDWoWModels\Project Reforged\Playable_Races_Isolated_2026-10-04\Ogre\Character\ByArchive\patch-Z.MPQ\Character\Ogre\Male\Ogre_hair_01.blp
patch-Z.MPQ,Ogre,Character,Character\Ogre\Male\ogre_hair_02.blp,175934,2269113019BAC5BC96D6F5C4305B2D6DAEAD49F6,G:\Downloads\HDWoWModels\Project Reforged\Playable_Races_Isolated_2026-10-04\Ogre\Character\ByArchive\patch-Z.MPQ\Character\Ogre\Male\ogre_hair_02.blp
patch-Z.MPQ,Ogre,Character,Character\Ogre\Male\ogre_hair_03.blp,175934,A05EB93BC4054613A1CA55100F43FF151B3DC4C4,G:\Downloads\HDWoWModels\Project Reforged\Playable_Races_Isolated_2026-10-04\Ogre\Character\ByArchive\patch-Z.MPQ\Character\Ogre\Male\ogre_hair_03.blp
patch-Z.MPQ,Ogre,Character,Character\Ogre\Male\Ogre_hair_04.blp,175934,791A5FF552868A16AE679F1954F3C507E558E331,G:\Downloads\HDWoWModels\Project Reforged\Playable_Races_Isolated_2026-10-04\Ogre\Character\ByArchive\patch-Z.MPQ\Character\Ogre\Male\Ogre_hair_04.blp
patch-Z.MPQ,Ogre,Character,Character\Ogre\Male\ogre_hair_05.blp,175934,0FFC9953B10AEC9C7FD3C1C77C2946AA3EE4C483,G:\Downloads\HDWoWModels\Project Reforged\Playable_Races_Isolated_2026-10-04\Ogre\Character\ByArchive\patch-Z.MPQ\Character\Ogre\Male\ogre_hair_05.blp
patch-Z.MPQ,Ogre,Character,Character\Ogre\Male\ogre_hair_06.blp,175934,F899715E0933D3EE98A06B563C6CF94AF4657525,G:\Downloads\HDWoWModels\Project Reforged\Playable_Races_Isolated_2026-10-04\Ogre\Character\ByArchive\patch-Z.MPQ\Character\Ogre\Male\ogre_hair_06.blp
patch-Z.MPQ,Ogre,Character,Character\Ogre\Male\Ogre_hair_07.blp,175934,5E1BA4B4EEC570067ED1C1C1D9B8C0878F76857E,G:\Downloads\HDWoWModels\Project Reforged\Playable_Races_Isolated_2026-10-04\Ogre\Character\ByArchive\patch-Z.MPQ\Character\Ogre\Male\Ogre_hair_07.blp
patch-Z.MPQ,Ogre,Character,Character\Ogre\Male\Ogre_hair_08.blp,175934,67BF068760798FC1C83736D1B5B8EFEAB8ED9704,G:\Downloads\HDWoWModels\Project Reforged\Playable_Races_Isolated_2026-10-04\Ogre\Character\ByArchive\patch-Z.MPQ\Character\Ogre\Male\Ogre_hair_08.blp
patch-Z.MPQ,Ogre,Character,Character\Ogre\Male\Ogre_hair_09.blp,175934,B7578C538E4B7E09DC403586C20FE644F9739BF7,G:\Downloads\HDWoWModels\Project Reforged\Playable_Races_Isolated_2026-10-04\Ogre\Character\ByArchive\patch-Z.MPQ\Character\Ogre\Male\Ogre_hair_09.blp
patch-Z.MPQ,Ogre,Character,Character\Ogre\Male\Ogre_hair_10.blp,175934,0D97108278756E5ED3E2F8CB148AF2921044F0C1,G:\Downloads\HDWoWModels\Project Reforged\Playable_Races_Isolated_2026-10-04\Ogre\Character\ByArchive\patch-Z.MPQ\Character\Ogre\Male\Ogre_hair_10.blp
patch-Z.MPQ,Ogre,Character,Character\Ogre\Male\ogre_hair_11.blp,175934,725606556D403A3FC6764E01B30D0951FF62AB60,G:\Downloads\HDWoWModels\Project Reforged\Playable_Races_Isolated_2026-10-04\Ogre\Character\ByArchive\patch-Z.MPQ\Character\Ogre\Male\ogre_hair_11.blp
patch-Z.MPQ,Ogre,Character,Character\Ogre\Male\ogre_hair_12.blp,175934,749F4848998CC03288F00E3F902DC2CAE9E5B34A,G:\Downloads\HDWoWModels\Project Reforged\Playable_Races_Isolated_2026-10-04\Ogre\Character\ByArchive\patch-Z.MPQ\Character\Ogre\Male\ogre_hair_12.blp
patch-Z.MPQ,Ogre,Character,Character\Ogre\Male\ogremale.m2,3235984,A805EAA22947C9FFE38E8D5CBEA9A48EA24C4E38,G:\Downloads\HDWoWModels\Project Reforged\Playable_Races_Isolated_2026-10-04\Ogre\Character\ByArchive\patch-Z.MPQ\Character\Ogre\Male\ogremale.m2
patch-Z.MPQ,Ogre,Character,Character\Ogre\Male\ogremale00.skin,127680,2787549E16E901899A2F91D69D8AD6ED1D2DDDBB,G:\Downloads\HDWoWModels\Project Reforged\Playable_Races_Isolated_2026-10-04\Ogre\Character\ByArchive\patch-Z.MPQ\Character\Ogre\Male\ogremale00.skin
patch-Z.MPQ,Ogre,Character,Character\Ogre\Male\ogremale0060-00.anim,14320,90C0B1B00C4E3FC99E0F70E7B65A97B7CAF71CB4,G:\Downloads\HDWoWModels\Project Reforged\Playable_Races_Isolated_2026-10-04\Ogre\Character\ByArchive\patch-Z.MPQ\Character\Ogre\Male\ogremale0060-00.anim
patch-Z.MPQ,Ogre,Character,Character\Ogre\Male\ogremale0061-00.anim,17280,56EB2AE3A6B5B68AA7A5A2DCECB84007A44481BA,G:\Downloads\HDWoWModels\Project Reforged\Playable_Races_Isolated_2026-10-04\Ogre\Character\ByArchive\patch-Z.MPQ\Character\Ogre\Male\ogremale0061-00.anim
patch-Z.MPQ,Ogre,Character,Character\Ogre\Male\ogremale0062-00.anim,17344,CE34481A60AFFF896568CAD488B228CBF0E0A9FA,G:\Downloads\HDWoWModels\Project Reforged\Playable_Races_Isolated_2026-10-04\Ogre\Character\ByArchive\patch-Z.MPQ\Character\Ogre\Male\ogremale0062-00.anim
patch-Z.MPQ,Ogre,Character,Character\Ogre\Male\ogremale0067-00.anim,17712,BE2D5DC5EE32471D1717E867AAB1F491B72572C5,G:\Downloads\HDWoWModels\Project Reforged\Playable_Races_Isolated_2026-10-04\Ogre\Character\ByArchive\patch-Z.MPQ\Character\Ogre\Male\ogremale0067-00.anim
patch-Z.MPQ,Ogre,Character,Character\Ogre\Male\ogremale0069-00.anim,10528,A7C4D9A02277392140CD0D5FFF1026A1BBD50A74,G:\Downloads\HDWoWModels\Project Reforged\Playable_Races_Isolated_2026-10-04\Ogre\Character\ByArchive\patch-Z.MPQ\Character\Ogre\Male\ogremale0069-00.anim
patch-Z.MPQ,Ogre,Character,Character\Ogre\Male\ogremale0069-01.anim,16720,800DA3139E9886DFDC3BA7214D101C37270FBF84,G:\Downloads\HDWoWModels\Project Reforged\Playable_Races_Isolated_2026-10-04\Ogre\Character\ByArchive\patch-Z.MPQ\Character\Ogre\Male\ogremale0069-01.anim
patch-Z.MPQ,Ogre,Character,Character\Ogre\Male\ogremale0069-02.anim,13648,B5A90BBAD29AC718785B551CD55179B5868FCD33,G:\Downloads\HDWoWModels\Project Reforged\Playable_Races_Isolated_2026-10-04\Ogre\Character\ByArchive\patch-Z.MPQ\Character\Ogre\Male\ogremale0069-02.anim
patch-Z.MPQ,Ogre,Character,Character\Ogre\Male\ogremale0069-03.anim,4624,1B9E6F08E97D8A98132B9D177E957EEE08D375C1,G:\Downloads\HDWoWModels\Project Reforged\Playable_Races_Isolated_2026-10-04\Ogre\Character\ByArchive\patch-Z.MPQ\Character\Ogre\Male\ogremale0069-03.anim
patch-Z.MPQ,Ogre,Character,Character\Ogre\Male\ogremale0070-00.anim,20416,9F9BE574E26A8DB6FEA754FF5F2E4592A2D81523,G:\Downloads\HDWoWModels\Project Reforged\Playable_Races_Isolated_2026-10-04\Ogre\Character\ByArchive\patch-Z.MPQ\Character\Ogre\Male\ogremale0070-00.anim
patch-Z.MPQ,Ogre,Character,Character\Ogre\Male\ogremale0074-00.anim,17920,B3EDD0EB0134C2A80DB811940A37CE1843852EEA,G:\Downloads\HDWoWModels\Project Reforged\Playable_Races_Isolated_2026-10-04\Ogre\Character\ByArchive\patch-Z.MPQ\Character\Ogre\Male\ogremale0074-00.anim
patch-Z.MPQ,Ogre,Character,Character\Ogre\Male\ogremale0075-00.anim,24656,E167EA788444D09D8E5A6334F45DD6B399149844,G:\Downloads\HDWoWModels\Project Reforged\Playable_Races_Isolated_2026-10-04\Ogre\Character\ByArchive\patch-Z.MPQ\Character\Ogre\Male\ogremale0075-00.anim
patch-Z.MPQ,Ogre,Character,Character\Ogre\Male\ogremale0079-00.anim,23648,EAD465916B76FFD63013EC26B129B6E218446993,G:\Downloads\HDWoWModels\Project Reforged\Playable_Races_Isolated_2026-10-04\Ogre\Character\ByArchive\patch-Z.MPQ\Character\Ogre\Male\ogremale0079-00.anim
patch-Z.MPQ,Ogre,Character,Character\Ogre\Male\ogremale0084-00.anim,18160,5067A70170281E8DE602E75B9B8A45EFBF24AA6C,G:\Downloads\HDWoWModels\Project Reforged\Playable_Races_Isolated_2026-10-04\Ogre\Character\ByArchive\patch-Z.MPQ\Character\Ogre\Male\ogremale0084-00.anim
patch-Z.MPQ,Ogre,Character,Character\Ogre\Male\ogremale0096-00.anim,8992,7262259E517C336D0C47C79DBA0447F4146B62C2,G:\Downloads\HDWoWModels\Project Reforged\Playable_Races_Isolated_2026-10-04\Ogre\Character\ByArchive\patch-Z.MPQ\Character\Ogre\Male\ogremale0096-00.anim
patch-Z.MPQ,Ogre,Character,Character\Ogre\Male\ogremale0097-00.anim,8336,5CD29C1577219D5E6A1C45773EFB1E51A41213B8,G:\Downloads\HDWoWModels\Project Reforged\Playable_Races_Isolated_2026-10-04\Ogre\Character\ByArchive\patch-Z.MPQ\Character\Ogre\Male\ogremale0097-00.anim
patch-Z.MPQ,Ogre,Character,Character\Ogre\Male\ogremale0098-00.anim,8496,A616DE115BE64E3281CA5D761538116AE63D1704,G:\Downloads\HDWoWModels\Project Reforged\Playable_Races_Isolated_2026-10-04\Ogre\Character\ByArchive\patch-Z.MPQ\Character\Ogre\Male\ogremale0098-00.anim
patch-Z.MPQ,Ogre,Character,Character\Ogre\Male\ogremale0099-00.anim,15984,D06635E14C79D1AD99D78E614D77E6841384B5F7,G:\Downloads\HDWoWModels\Project Reforged\Playable_Races_Isolated_2026-10-04\Ogre\Character\ByArchive\patch-Z.MPQ\Character\Ogre\Male\ogremale0099-00.anim
patch-Z.MPQ,Ogre,Character,Character\Ogre\Male\ogremale01.skin,130208,0AC21F9B56B8294E14C25930DC697B144575B1EC,G:\Downloads\HDWoWModels\Project Reforged\Playable_Races_Isolated_2026-10-04\Ogre\Character\ByArchive\patch-Z.MPQ\Character\Ogre\Male\ogremale01.skin
patch-Z.MPQ,Ogre,Character,Character\Ogre\Male\ogremale0100-00.anim,4976,972855063E7C78CC2A7F36B618F063B69133F9B8,G:\Downloads\HDWoWModels\Project Reforged\Playable_Races_Isolated_2026-10-04\Ogre\Character\ByArchive\patch-Z.MPQ\Character\Ogre\Male\ogremale0100-00.anim
patch-Z.MPQ,Ogre,Character,Character\Ogre\Male\ogremale0101-00.anim,15952,74E70A34981FAA369069880BC6859C86274C2FA3,G:\Downloads\HDWoWModels\Project Reforged\Playable_Races_Isolated_2026-10-04\Ogre\Character\ByArchive\patch-Z.MPQ\Character\Ogre\Male\ogremale0101-00.anim
patch-Z.MPQ,Ogre,Character,Character\Ogre\Male\ogremale0120-00.anim,304,11FBE3AB9BEC171DAA7FD0A6B9E465CE04F947AA,G:\Downloads\HDWoWModels\Project Reforged\Playable_Races_Isolated_2026-10-04\Ogre\Character\ByArchive\patch-Z.MPQ\Character\Ogre\Male\ogremale0120-00.anim
patch-Z.MPQ,Ogre,Character,Character\Ogre\Male\ogremale0123-00.anim,8736,77324E18E0D35E5DDEDF708AFC16AC5FA6427295,G:\Downloads\HDWoWModels\Project Reforged\Playable_Races_Isolated_2026-10-04\Ogre\Character\ByArchive\patch-Z.MPQ\Character\Ogre\Male\ogremale0123-00.anim
patch-Z.MPQ,Ogre,Character,Character\Ogre\Male\ogremale0128-00.anim,6000,1D9DD88813052CADFB0D387338355850995B5549,G:\Downloads\HDWoWModels\Project Reforged\Playable_Races_Isolated_2026-10-04\Ogre\Character\ByArchive\patch-Z.MPQ\Character\Ogre\Male\ogremale0128-00.anim
patch-Z.MPQ,Ogre,Character,Character\Ogre\Male\ogremale0129-00.anim,5920,8B7FC632E252D19C0860DE491DC22B9A9569D1A9,G:\Downloads\HDWoWModels\Project Reforged\Playable_Races_Isolated_2026-10-04\Ogre\Character\ByArchive\patch-Z.MPQ\Character\Ogre\Male\ogremale0129-00.anim
patch-Z.MPQ,Ogre,Character,Character\Ogre\Male\ogremale0133-00.anim,7936,A696211CD2EDDFA5BE361508B88986C93D824D2C,G:\Downloads\HDWoWModels\Project Reforged\Playable_Races_Isolated_2026-10-04\Ogre\Character\ByArchive\patch-Z.MPQ\Character\Ogre\Male\ogremale0133-00.anim
patch-Z.MPQ,Ogre,Character,Character\Ogre\Male\ogremale0134-00.anim,13776,9711FC44B36E34AC566BDC089C51AA43A37EF487,G:\Downloads\HDWoWModels\Project Reforged\Playable_Races_Isolated_2026-10-04\Ogre\Character\ByArchive\patch-Z.MPQ\Character\Ogre\Male\ogremale0134-00.anim
patch-Z.MPQ,Ogre,Character,Character\Ogre\Male\ogremalefacelower00_00.blp,88554,3DCB57B29E2BD562E5333B75DB22C13C1D6F04F4,G:\Downloads\HDWoWModels\Project Reforged\Playable_Races_Isolated_2026-10-04\Ogre\Character\ByArchive\patch-Z.MPQ\Character\Ogre\Male\ogremalefacelower00_00.blp
patch-Z.MPQ,Ogre,Character,Character\Ogre\Male\ogremalefacelower00_01.blp,88554,5624310EF2A3885E47890586A4677273B32BC11E,G:\Downloads\HDWoWModels\Project Reforged\Playable_Races_Isolated_2026-10-04\Ogre\Character\ByArchive\patch-Z.MPQ\Character\Ogre\Male\ogremalefacelower00_01.blp
patch-Z.MPQ,Ogre,Character,Character\Ogre\Male\ogremalefacelower00_02.blp,88554,3CB79286705B7B2FF383BC2ACA238D48493CE756,G:\Downloads\HDWoWModels\Project Reforged\Playable_Races_Isolated_2026-10-04\Ogre\Character\ByArchive\patch-Z.MPQ\Character\Ogre\Male\ogremalefacelower00_02.blp
patch-Z.MPQ,Ogre,Character,Character\Ogre\Male\ogremalefacelower00_03.blp,88554,15F5DD4FEB797AEA53649D10E99334D856D9840B,G:\Downloads\HDWoWModels\Project Reforged\Playable_Races_Isolated_2026-10-04\Ogre\Character\ByArchive\patch-Z.MPQ\Character\Ogre\Male\ogremalefacelower00_03.blp
patch-Z.MPQ,Ogre,Character,Character\Ogre\Male\OgreMaleFaceLower00_04.blp,88554,CACFB70F8E420C326FD01CD6761B55F32C1AFE76,G:\Downloads\HDWoWModels\Project Reforged\Playable_Races_Isolated_2026-10-04\Ogre\Character\ByArchive\patch-Z.MPQ\Character\Ogre\Male\OgreMaleFaceLower00_04.blp
patch-Z.MPQ,Ogre,Character,Character\Ogre\Male\ogremalefacelower00_05.blp,88554,EBCAE46B3A5079B9A5F4CBE0E77DE4CD471D01CC,G:\Downloads\HDWoWModels\Project Reforged\Playable_Races_Isolated_2026-10-04\Ogre\Character\ByArchive\patch-Z.MPQ\Character\Ogre\Male\ogremalefacelower00_05.blp
patch-Z.MPQ,Ogre,Character,Character\Ogre\Male\ogremalefacelower01_00.blp,88554,34BF94A3718F50299A5D0C905DE977DECE01BEBC,G:\Downloads\HDWoWModels\Project Reforged\Playable_Races_Isolated_2026-10-04\Ogre\Character\ByArchive\patch-Z.MPQ\Character\Ogre\Male\ogremalefacelower01_00.blp
patch-Z.MPQ,Ogre,Character,Character\Ogre\Male\OgreMaleFaceLower01_01.blp,88554,3DB211CCA4E023776ACCB27A9526DD28B2FB4828,G:\Downloads\HDWoWModels\Project Reforged\Playable_Races_Isolated_2026-10-04\Ogre\Character\ByArchive\patch-Z.MPQ\Character\Ogre\Male\OgreMaleFaceLower01_01.blp
patch-Z.MPQ,Ogre,Character,Character\Ogre\Male\ogremalefacelower01_02.blp,88554,B9D2C08949EBA2A2633EAA485B518807F2434F45,G:\Downloads\HDWoWModels\Project Reforged\Playable_Races_Isolated_2026-10-04\Ogre\Character\ByArchive\patch-Z.MPQ\Character\Ogre\Male\ogremalefacelower01_02.blp
patch-Z.MPQ,Ogre,Character,Character\Ogre\Male\ogremalefacelower01_03.blp,88554,A9675DB3DC658E03C7441CF01EFFADC5EB634C0C,G:\Downloads\HDWoWModels\Project Reforged\Playable_Races_Isolated_2026-10-04\Ogre\Character\ByArchive\patch-Z.MPQ\Character\Ogre\Male\ogremalefacelower01_03.blp
patch-Z.MPQ,Ogre,Character,Character\Ogre\Male\OgreMaleFaceLower01_04.blp,88554,07985B89617E9CE770201AB62EDBD0703C76A170,G:\Downloads\HDWoWModels\Project Reforged\Playable_Races_Isolated_2026-10-04\Ogre\Character\ByArchive\patch-Z.MPQ\Character\Ogre\Male\OgreMaleFaceLower01_04.blp
patch-Z.MPQ,Ogre,Character,Character\Ogre\Male\ogremalefacelower01_05.blp,88554,224A190BA9C3591EBB959097F6B473CC76464601,G:\Downloads\HDWoWModels\Project Reforged\Playable_Races_Isolated_2026-10-04\Ogre\Character\ByArchive\patch-Z.MPQ\Character\Ogre\Male\ogremalefacelower01_05.blp
patch-Z.MPQ,Ogre,Character,Character\Ogre\Male\ogremalefacelower02_00.blp,88554,508EED5E04A3F7FB0ADE5BB3FF0B57D4EEBC6C8B,G:\Downloads\HDWoWModels\Project Reforged\Playable_Races_Isolated_2026-10-04\Ogre\Character\ByArchive\patch-Z.MPQ\Character\Ogre\Male\ogremalefacelower02_00.blp
patch-Z.MPQ,Ogre,Character,Character\Ogre\Male\ogremalefacelower02_01.blp,88554,49A8BCFAFF31AB7A8F4A79824256BE0296402D38,G:\Downloads\HDWoWModels\Project Reforged\Playable_Races_Isolated_2026-10-04\Ogre\Character\ByArchive\patch-Z.MPQ\Character\Ogre\Male\ogremalefacelower02_01.blp
patch-Z.MPQ,Ogre,Character,Character\Ogre\Male\ogremalefacelower02_02.blp,88554,CC5EBB3F6771FC1AEB69725D2E124C9E66C36704,G:\Downloads\HDWoWModels\Project Reforged\Playable_Races_Isolated_2026-10-04\Ogre\Character\ByArchive\patch-Z.MPQ\Character\Ogre\Male\ogremalefacelower02_02.blp
patch-Z.MPQ,Ogre,Character,Character\Ogre\Male\OgreMaleFaceLower02_03.blp,88554,5E36F3C3B8345265C59C5343D0DAEF3774D07792,G:\Downloads\HDWoWModels\Project Reforged\Playable_Races_Isolated_2026-10-04\Ogre\Character\ByArchive\patch-Z.MPQ\Character\Ogre\Male\OgreMaleFaceLower02_03.blp
patch-Z.MPQ,Ogre,Character,Character\Ogre\Male\OgreMaleFaceLower02_04.blp,88554,1F01CDCB5FB800DF079B8EA7DB311C24F4BB85F0,G:\Downloads\HDWoWModels\Project Reforged\Playable_Races_Isolated_2026-10-04\Ogre\Character\ByArchive\patch-Z.MPQ\Character\Ogre\Male\OgreMaleFaceLower02_04.blp
patch-Z.MPQ,Ogre,Character,Character\Ogre\Male\ogremalefacelower02_05.blp,88554,2695E8A2DEBD9BCF3AD9A647E6B8B6DA5E5CA5F1,G:\Downloads\HDWoWModels\Project Reforged\Playable_Races_Isolated_2026-10-04\Ogre\Character\ByArchive\patch-Z.MPQ\Character\Ogre\Male\ogremalefacelower02_05.blp
patch-Z.MPQ,Ogre,Character,Character\Ogre\Male\ogremalefacelower03_00.blp,88554,F70FCB112EB3AEB0C5EA2585D15696EF73859392,G:\Downloads\HDWoWModels\Project Reforged\Playable_Races_Isolated_2026-10-04\Ogre\Character\ByArchive\patch-Z.MPQ\Character\Ogre\Male\ogremalefacelower03_00.blp
patch-Z.MPQ,Ogre,Character,Character\Ogre\Male\ogremalefacelower03_01.blp,88554,F765ED8167ECB52590D1A52B6AB97F8E727FD1C7,G:\Downloads\HDWoWModels\Project Reforged\Playable_Races_Isolated_2026-10-04\Ogre\Character\ByArchive\patch-Z.MPQ\Character\Ogre\Male\ogremalefacelower03_01.blp
patch-Z.MPQ,Ogre,Character,Character\Ogre\Male\ogremalefacelower03_02.blp,88554,09086E77C1D9D7676103DB38439C3EF68290214E,G:\Downloads\HDWoWModels\Project Reforged\Playable_Races_Isolated_2026-10-04\Ogre\Character\ByArchive\patch-Z.MPQ\Character\Ogre\Male\ogremalefacelower03_02.blp
patch-Z.MPQ,Ogre,Character,Character\Ogre\Male\OgreMaleFaceLower03_03.blp,88554,F778E1C51910A77DEAAB3B6F02D7050EA5795E37,G:\Downloads\HDWoWModels\Project Reforged\Playable_Races_Isolated_2026-10-04\Ogre\Character\ByArchive\patch-Z.MPQ\Character\Ogre\Male\OgreMaleFaceLower03_03.blp
patch-Z.MPQ,Ogre,Character,Character\Ogre\Male\OgreMaleFaceLower03_04.blp,88554,27C8649CB50C33FAD2672D4086DE1179B28E1968,G:\Downloads\HDWoWModels\Project Reforged\Playable_Races_Isolated_2026-10-04\Ogre\Character\ByArchive\patch-Z.MPQ\Character\Ogre\Male\OgreMaleFaceLower03_04.blp
patch-Z.MPQ,Ogre,Character,Character\Ogre\Male\OgreMaleFaceLower03_05.blp,88554,4A1AF8CA3C5614B05B5F0827BFF2A1D1B5462C9B,G:\Downloads\HDWoWModels\Project Reforged\Playable_Races_Isolated_2026-10-04\Ogre\Character\ByArchive\patch-Z.MPQ\Character\Ogre\Male\OgreMaleFaceLower03_05.blp
patch-Z.MPQ,Ogre,Character,Character\Ogre\Male\ogremalefacelower04_00.blp,88554,4733545D07999DB03CBB1CC57CEEC0EB3265475C,G:\Downloads\HDWoWModels\Project Reforged\Playable_Races_Isolated_2026-10-04\Ogre\Character\ByArchive\patch-Z.MPQ\Character\Ogre\Male\ogremalefacelower04_00.blp
patch-Z.MPQ,Ogre,Character,Character\Ogre\Male\OgreMaleFaceLower04_01.blp,88554,E875644463B6F930E41FB1AC0DC942AA84AAC67A,G:\Downloads\HDWoWModels\Project Reforged\Playable_Races_Isolated_2026-10-04\Ogre\Character\ByArchive\patch-Z.MPQ\Character\Ogre\Male\OgreMaleFaceLower04_01.blp
patch-Z.MPQ,Ogre,Character,Character\Ogre\Male\ogremalefacelower04_02.blp,88554,ADE16E4377552DC23372F19D295D71290BD96893,G:\Downloads\HDWoWModels\Project Reforged\Playable_Races_Isolated_2026-10-04\Ogre\Character\ByArchive\patch-Z.MPQ\Character\Ogre\Male\ogremalefacelower04_02.blp
patch-Z.MPQ,Ogre,Character,Character\Ogre\Male\OgreMaleFaceLower04_03.blp,88554,879E1AADB61958A081573A41F5804B6D6AA3F8CB,G:\Downloads\HDWoWModels\Project Reforged\Playable_Races_Isolated_2026-10-04\Ogre\Character\ByArchive\patch-Z.MPQ\Character\Ogre\Male\OgreMaleFaceLower04_03.blp
patch-Z.MPQ,Ogre,Character,Character\Ogre\Male\ogremalefacelower04_04.blp,88554,1B3BA4FFF276B12045B4177CF9FEA3C13408115D,G:\Downloads\HDWoWModels\Project Reforged\Playable_Races_Isolated_2026-10-04\Ogre\Character\ByArchive\patch-Z.MPQ\Character\Ogre\Male\ogremalefacelower04_04.blp
patch-Z.MPQ,Ogre,Character,Character\Ogre\Male\ogremalefacelower04_05.blp,88554,A02DCCBCE6AD8BE9C48776F072EEF5C94B84C2CA,G:\Downloads\HDWoWModels\Project Reforged\Playable_Races_Isolated_2026-10-04\Ogre\Character\ByArchive\patch-Z.MPQ\Character\Ogre\Male\ogremalefacelower04_05.blp
patch-Z.MPQ,Ogre,Character,Character\Ogre\Male\OgreMaleFaceLower06_00.blp,88554,1036FAF005E0FACF40A65A502F2683349E0E9E18,G:\Downloads\HDWoWModels\Project Reforged\Playable_Races_Isolated_2026-10-04\Ogre\Character\ByArchive\patch-Z.MPQ\Character\Ogre\Male\OgreMaleFaceLower06_00.blp
patch-Z.MPQ,Ogre,Character,Character\Ogre\Male\OgreMaleFaceLower06_01.blp,88554,C9DB54D453ECDF2B96BE5CD84A223C2B53FBEF41,G:\Downloads\HDWoWModels\Project Reforged\Playable_Races_Isolated_2026-10-04\Ogre\Character\ByArchive\patch-Z.MPQ\Character\Ogre\Male\OgreMaleFaceLower06_01.blp
patch-Z.MPQ,Ogre,Character,Character\Ogre\Male\OgreMaleFaceLower06_02.blp,88554,932A926417CDF21675D529A95F06AA2838C43A02,G:\Downloads\HDWoWModels\Project Reforged\Playable_Races_Isolated_2026-10-04\Ogre\Character\ByArchive\patch-Z.MPQ\Character\Ogre\Male\OgreMaleFaceLower06_02.blp
patch-Z.MPQ,Ogre,Character,Character\Ogre\Male\ogremalefacelower06_03.blp,88554,8AAF6FE17723AA06B8CDCFA74AB94277ACC68EA3,G:\Downloads\HDWoWModels\Project Reforged\Playable_Races_Isolated_2026-10-04\Ogre\Character\ByArchive\patch-Z.MPQ\Character\Ogre\Male\ogremalefacelower06_03.blp
patch-Z.MPQ,Ogre,Character,Character\Ogre\Male\OgreMaleFaceLower06_04.blp,88554,FB88A5883959D7371FD579961D1E6493BDC219D8,G:\Downloads\HDWoWModels\Project Reforged\Playable_Races_Isolated_2026-10-04\Ogre\Character\ByArchive\patch-Z.MPQ\Character\Ogre\Male\OgreMaleFaceLower06_04.blp
patch-Z.MPQ,Ogre,Character,Character\Ogre\Male\OgreMaleFaceLower06_05.blp,88554,FF95D05F6BEB5759CDE27C3AAC5DA743D1BF2E36,G:\Downloads\HDWoWModels\Project Reforged\Playable_Races_Isolated_2026-10-04\Ogre\Character\ByArchive\patch-Z.MPQ\Character\Ogre\Male\OgreMaleFaceLower06_05.blp
patch-Z.MPQ,Ogre,Character,Character\Ogre\Male\ogremalefacelower07_00.blp,88554,D327B005AA78EFD276CD78FAF5355039DA02FEBE,G:\Downloads\HDWoWModels\Project Reforged\Playable_Races_Isolated_2026-10-04\Ogre\Character\ByArchive\patch-Z.MPQ\Character\Ogre\Male\ogremalefacelower07_00.blp
patch-Z.MPQ,Ogre,Character,Character\Ogre\Male\ogremalefacelower07_01.blp,88554,B2500EBDC1C1C9FDBEA41E7F1B7560555A7BD6C2,G:\Downloads\HDWoWModels\Project Reforged\Playable_Races_Isolated_2026-10-04\Ogre\Character\ByArchive\patch-Z.MPQ\Character\Ogre\Male\ogremalefacelower07_01.blp
patch-Z.MPQ,Ogre,Character,Character\Ogre\Male\OgreMaleFaceLower07_02.blp,88554,AF07785365F3FDE31A7AD6E0926B627168F87112,G:\Downloads\HDWoWModels\Project Reforged\Playable_Races_Isolated_2026-10-04\Ogre\Character\ByArchive\patch-Z.MPQ\Character\Ogre\Male\OgreMaleFaceLower07_02.blp
patch-Z.MPQ,Ogre,Character,Character\Ogre\Male\ogremalefacelower07_03.blp,88554,ACBD8FF4269E8032B00BFBCFEF46362ADC7A974D,G:\Downloads\HDWoWModels\Project Reforged\Playable_Races_Isolated_2026-10-04\Ogre\Character\ByArchive\patch-Z.MPQ\Character\Ogre\Male\ogremalefacelower07_03.blp
patch-Z.MPQ,Ogre,Character,Character\Ogre\Male\OgreMaleFaceLower07_04.blp,88554,CFCBF9F0094E1CD9C998CE41AB00BF5A7CA530DF,G:\Downloads\HDWoWModels\Project Reforged\Playable_Races_Isolated_2026-10-04\Ogre\Character\ByArchive\patch-Z.MPQ\Character\Ogre\Male\OgreMaleFaceLower07_04.blp
patch-Z.MPQ,Ogre,Character,Character\Ogre\Male\ogremalefacelower07_05.blp,88554,F4D0A0446F230AB6CF91CEDB1239E2B453FD679E,G:\Downloads\HDWoWModels\Project Reforged\Playable_Races_Isolated_2026-10-04\Ogre\Character\ByArchive\patch-Z.MPQ\Character\Ogre\Male\ogremalefacelower07_05.blp
patch-Z.MPQ,Ogre,Character,Character\Ogre\Male\ogremalefacelower08_00.blp,88554,04DA24987CFE52B5FE5C10560361C932FFD559C4,G:\Downloads\HDWoWModels\Project Reforged\Playable_Races_Isolated_2026-10-04\Ogre\Character\ByArchive\patch-Z.MPQ\Character\Ogre\Male\ogremalefacelower08_00.blp
patch-Z.MPQ,Ogre,Character,Character\Ogre\Male\OgreMaleFaceLower08_01.blp,88554,685FD9EEEED87E64E655E99154510862DF451FCA,G:\Downloads\HDWoWModels\Project Reforged\Playable_Races_Isolated_2026-10-04\Ogre\Character\ByArchive\patch-Z.MPQ\Character\Ogre\Male\OgreMaleFaceLower08_01.blp
patch-Z.MPQ,Ogre,Character,Character\Ogre\Male\OgreMaleFaceLower08_02.blp,88554,1A3CD546B50DF8A7094F0811DDD7E4406C681B32,G:\Downloads\HDWoWModels\Project Reforged\Playable_Races_Isolated_2026-10-04\Ogre\Character\ByArchive\patch-Z.MPQ\Character\Ogre\Male\OgreMaleFaceLower08_02.blp
patch-Z.MPQ,Ogre,Character,Character\Ogre\Male\OgreMaleFaceLower08_03.blp,88554,EBBCA0569C0295201231C3379D03D562A0BA9239,G:\Downloads\HDWoWModels\Project Reforged\Playable_Races_Isolated_2026-10-04\Ogre\Character\ByArchive\patch-Z.MPQ\Character\Ogre\Male\OgreMaleFaceLower08_03.blp
patch-Z.MPQ,Ogre,Character,Character\Ogre\Male\OgreMaleFaceLower08_04.blp,88554,477FB87E2525E9B68573C992D848749E390206AD,G:\Downloads\HDWoWModels\Project Reforged\Playable_Races_Isolated_2026-10-04\Ogre\Character\ByArchive\patch-Z.MPQ\Character\Ogre\Male\OgreMaleFaceLower08_04.blp
patch-Z.MPQ,Ogre,Character,Character\Ogre\Male\OgreMaleFaceLower08_05.blp,88554,3B88DCBBB6EE3A275410381B3B6B742B3F768260,G:\Downloads\HDWoWModels\Project Reforged\Playable_Races_Isolated_2026-10-04\Ogre\Character\ByArchive\patch-Z.MPQ\Character\Ogre\Male\OgreMaleFaceLower08_05.blp
patch-Z.MPQ,Ogre,Character,Character\Ogre\Male\OgreMaleFaceLower09_00.blp,88554,F79197F9068DD739C6137D42884AC69DAAF17464,G:\Downloads\HDWoWModels\Project Reforged\Playable_Races_Isolated_2026-10-04\Ogre\Character\ByArchive\patch-Z.MPQ\Character\Ogre\Male\OgreMaleFaceLower09_00.blp
patch-Z.MPQ,Ogre,Character,Character\Ogre\Male\OgreMaleFaceLower09_01.blp,88554,690196D8EE9E663D4B517AC9AA55F6A4BDE7AE22,G:\Downloads\HDWoWModels\Project Reforged\Playable_Races_Isolated_2026-10-04\Ogre\Character\ByArchive\patch-Z.MPQ\Character\Ogre\Male\OgreMaleFaceLower09_01.blp
patch-Z.MPQ,Ogre,Character,Character\Ogre\Male\ogremalefacelower09_02.blp,88554,679FEBE4D80FD5127F8DE62423B68989B7B9C466,G:\Downloads\HDWoWModels\Project Reforged\Playable_Races_Isolated_2026-10-04\Ogre\Character\ByArchive\patch-Z.MPQ\Character\Ogre\Male\ogremalefacelower09_02.blp
patch-Z.MPQ,Ogre,Character,Character\Ogre\Male\OgreMaleFaceLower09_03.blp,88554,C53B043B21015227E258269FD5059E39B7912D60,G:\Downloads\HDWoWModels\Project Reforged\Playable_Races_Isolated_2026-10-04\Ogre\Character\ByArchive\patch-Z.MPQ\Character\Ogre\Male\OgreMaleFaceLower09_03.blp
patch-Z.MPQ,Ogre,Character,Character\Ogre\Male\ogremalefacelower09_04.blp,88554,295000DFC88F0D687706726F40D2F8E0FC61E266,G:\Downloads\HDWoWModels\Project Reforged\Playable_Races_Isolated_2026-10-04\Ogre\Character\ByArchive\patch-Z.MPQ\Character\Ogre\Male\ogremalefacelower09_04.blp
patch-Z.MPQ,Ogre,Character,Character\Ogre\Male\OgreMaleFaceLower09_05.blp,88554,DE7393584E78544E6D45EFD7F8580464E1C20DD0,G:\Downloads\HDWoWModels\Project Reforged\Playable_Races_Isolated_2026-10-04\Ogre\Character\ByArchive\patch-Z.MPQ\Character\Ogre\Male\OgreMaleFaceLower09_05.blp
patch-Z.MPQ,Ogre,Character,Character\Ogre\Male\ogremalefacelower10_00.blp,88554,031C7CD67823A79A1DD56E3A39FBAA0D9E5E3FD3,G:\Downloads\HDWoWModels\Project Reforged\Playable_Races_Isolated_2026-10-04\Ogre\Character\ByArchive\patch-Z.MPQ\Character\Ogre\Male\ogremalefacelower10_00.blp
patch-Z.MPQ,Ogre,Character,Character\Ogre\Male\OgreMaleFaceLower10_01.blp,88554,6164BE6F0F4C55155B8C3248EA4617B99F594795,G:\Downloads\HDWoWModels\Project Reforged\Playable_Races_Isolated_2026-10-04\Ogre\Character\ByArchive\patch-Z.MPQ\Character\Ogre\Male\OgreMaleFaceLower10_01.blp
patch-Z.MPQ,Ogre,Character,Character\Ogre\Male\ogremalefacelower10_02.blp,88554,CE47A00012E5536A82D6A2511E74063CF3208FB6,G:\Downloads\HDWoWModels\Project Reforged\Playable_Races_Isolated_2026-10-04\Ogre\Character\ByArchive\patch-Z.MPQ\Character\Ogre\Male\ogremalefacelower10_02.blp
patch-Z.MPQ,Ogre,Character,Character\Ogre\Male\OgreMaleFaceLower10_03.blp,88554,AF7858AD6D3A5BF87A877BD8E06BDBABA79B8DCF,G:\Downloads\HDWoWModels\Project Reforged\Playable_Races_Isolated_2026-10-04\Ogre\Character\ByArchive\patch-Z.MPQ\Character\Ogre\Male\OgreMaleFaceLower10_03.blp
patch-Z.MPQ,Ogre,Character,Character\Ogre\Male\OgreMaleFaceLower10_04.blp,88554,2B1B7E19FAB6156BDF24B666C6F9E9355A73C096,G:\Downloads\HDWoWModels\Project Reforged\Playable_Races_Isolated_2026-10-04\Ogre\Character\ByArchive\patch-Z.MPQ\Character\Ogre\Male\OgreMaleFaceLower10_04.blp
patch-Z.MPQ,Ogre,Character,Character\Ogre\Male\ogremalefacelower10_05.blp,88554,907086B45A4E16DCE24300C193AA6A2D1E3E7656,G:\Downloads\HDWoWModels\Project Reforged\Playable_Races_Isolated_2026-10-04\Ogre\Character\ByArchive\patch-Z.MPQ\Character\Ogre\Male\ogremalefacelower10_05.blp
patch-Z.MPQ,Ogre,Character,Character\Ogre\Male\OgreMaleFaceLower16_00.blp,88554,ECF67D489DCB801E996B87216A3DC95530A6A39E,G:\Downloads\HDWoWModels\Project Reforged\Playable_Races_Isolated_2026-10-04\Ogre\Character\ByArchive\patch-Z.MPQ\Character\Ogre\Male\OgreMaleFaceLower16_00.blp
patch-Z.MPQ,Ogre,Character,Character\Ogre\Male\OgreMaleFaceLower16_01.blp,88554,8A9D4F1BB6941EFF6B04D7F043F9C33D0C206B06,G:\Downloads\HDWoWModels\Project Reforged\Playable_Races_Isolated_2026-10-04\Ogre\Character\ByArchive\patch-Z.MPQ\Character\Ogre\Male\OgreMaleFaceLower16_01.blp
patch-Z.MPQ,Ogre,Character,Character\Ogre\Male\ogremalefacelower16_02.blp,88554,1E6DF5AF62B0CC5FD3FD38370086A0074034D03A,G:\Downloads\HDWoWModels\Project Reforged\Playable_Races_Isolated_2026-10-04\Ogre\Character\ByArchive\patch-Z.MPQ\Character\Ogre\Male\ogremalefacelower16_02.blp
patch-Z.MPQ,Ogre,Character,Character\Ogre\Male\OgreMaleFaceLower17_00.blp,88554,E9D8387EF453DE2480F8DD9C1AFB8BEAFEE4E0B5,G:\Downloads\HDWoWModels\Project Reforged\Playable_Races_Isolated_2026-10-04\Ogre\Character\ByArchive\patch-Z.MPQ\Character\Ogre\Male\OgreMaleFaceLower17_00.blp
patch-Z.MPQ,Ogre,Character,Character\Ogre\Male\OgreMaleFaceLower17_01.blp,88554,CEFE24C130F0FA4A5D4364CA9A9269E52124C14E,G:\Downloads\HDWoWModels\Project Reforged\Playable_Races_Isolated_2026-10-04\Ogre\Character\ByArchive\patch-Z.MPQ\Character\Ogre\Male\OgreMaleFaceLower17_01.blp
patch-Z.MPQ,Ogre,Character,Character\Ogre\Male\OgreMaleFaceLower17_02.blp,88554,86698CED36B87728E7EF4AA6553FC8D21EA56A13,G:\Downloads\HDWoWModels\Project Reforged\Playable_Races_Isolated_2026-10-04\Ogre\Character\ByArchive\patch-Z.MPQ\Character\Ogre\Male\OgreMaleFaceLower17_02.blp
patch-Z.MPQ,Ogre,Character,Character\Ogre\Male\ogremalefacelower18_00.blp,88554,EAC53F56F6ACE0688F240441FB362D5B3E0F9DCA,G:\Downloads\HDWoWModels\Project Reforged\Playable_Races_Isolated_2026-10-04\Ogre\Character\ByArchive\patch-Z.MPQ\Character\Ogre\Male\ogremalefacelower18_00.blp
patch-Z.MPQ,Ogre,Character,Character\Ogre\Male\ogremalefacelower18_01.blp,88554,AA6BCEC7F6D825EC0BF038CC91475001D813FD29,G:\Downloads\HDWoWModels\Project Reforged\Playable_Races_Isolated_2026-10-04\Ogre\Character\ByArchive\patch-Z.MPQ\Character\Ogre\Male\ogremalefacelower18_01.blp
patch-Z.MPQ,Ogre,Character,Character\Ogre\Male\OgreMaleFaceLower18_02.blp,88554,33D596BFBD9DA1082F217428E7B34AB94B0F25B7,G:\Downloads\HDWoWModels\Project Reforged\Playable_Races_Isolated_2026-10-04\Ogre\Character\ByArchive\patch-Z.MPQ\Character\Ogre\Male\OgreMaleFaceLower18_02.blp
patch-Z.MPQ,Ogre,Character,Character\Ogre\Male\OgreMaleFaceUpper00_00.blp,44866,F5E38178DFF69EAE060DCB1D7E54CD0D602A398E,G:\Downloads\HDWoWModels\Project Reforged\Playable_Races_Isolated_2026-10-04\Ogre\Character\ByArchive\patch-Z.MPQ\Character\Ogre\Male\OgreMaleFaceUpper00_00.blp
patch-Z.MPQ,Ogre,Character,Character\Ogre\Male\OgreMaleFaceUpper00_01.blp,44866,F01C3F4FBDFBA6D25BBB1138A74A8A04DE57C575,G:\Downloads\HDWoWModels\Project Reforged\Playable_Races_Isolated_2026-10-04\Ogre\Character\ByArchive\patch-Z.MPQ\Character\Ogre\Male\OgreMaleFaceUpper00_01.blp
patch-Z.MPQ,Ogre,Character,Character\Ogre\Male\ogremalefaceupper00_02.blp,44866,1B6B446EA0B7E149DA31D113457CB974520D581E,G:\Downloads\HDWoWModels\Project Reforged\Playable_Races_Isolated_2026-10-04\Ogre\Character\ByArchive\patch-Z.MPQ\Character\Ogre\Male\ogremalefaceupper00_02.blp
patch-Z.MPQ,Ogre,Character,Character\Ogre\Male\ogremalefaceupper00_03.blp,44866,0AA71DF15A0D91E8956B1F63E4A832C0E9E254C2,G:\Downloads\HDWoWModels\Project Reforged\Playable_Races_Isolated_2026-10-04\Ogre\Character\ByArchive\patch-Z.MPQ\Character\Ogre\Male\ogremalefaceupper00_03.blp
patch-Z.MPQ,Ogre,Character,Character\Ogre\Male\OgreMaleFaceUpper00_04.blp,44866,657AAB89A17FA9380BEBCD20F9FBA8641B6154B4,G:\Downloads\HDWoWModels\Project Reforged\Playable_Races_Isolated_2026-10-04\Ogre\Character\ByArchive\patch-Z.MPQ\Character\Ogre\Male\OgreMaleFaceUpper00_04.blp
patch-Z.MPQ,Ogre,Character,Character\Ogre\Male\ogremalefaceupper00_05.blp,44866,512D12C80E47262E26D151B074FB7BCEA165CD95,G:\Downloads\HDWoWModels\Project Reforged\Playable_Races_Isolated_2026-10-04\Ogre\Character\ByArchive\patch-Z.MPQ\Character\Ogre\Male\ogremalefaceupper00_05.blp
patch-Z.MPQ,Ogre,Character,Character\Ogre\Male\ogremalefaceupper01_00.blp,44866,F5E38178DFF69EAE060DCB1D7E54CD0D602A398E,G:\Downloads\HDWoWModels\Project Reforged\Playable_Races_Isolated_2026-10-04\Ogre\Character\ByArchive\patch-Z.MPQ\Character\Ogre\Male\ogremalefaceupper01_00.blp
patch-Z.MPQ,Ogre,Character,Character\Ogre\Male\OgreMaleFaceUpper01_01.blp,44866,F01C3F4FBDFBA6D25BBB1138A74A8A04DE57C575,G:\Downloads\HDWoWModels\Project Reforged\Playable_Races_Isolated_2026-10-04\Ogre\Character\ByArchive\patch-Z.MPQ\Character\Ogre\Male\OgreMaleFaceUpper01_01.blp
patch-Z.MPQ,Ogre,Character,Character\Ogre\Male\ogremalefaceupper01_02.blp,44866,1B6B446EA0B7E149DA31D113457CB974520D581E,G:\Downloads\HDWoWModels\Project Reforged\Playable_Races_Isolated_2026-10-04\Ogre\Character\ByArchive\patch-Z.MPQ\Character\Ogre\Male\ogremalefaceupper01_02.blp
patch-Z.MPQ,Ogre,Character,Character\Ogre\Male\OgreMaleFaceUpper01_03.blp,44866,0AA71DF15A0D91E8956B1F63E4A832C0E9E254C2,G:\Downloads\HDWoWModels\Project Reforged\Playable_Races_Isolated_2026-10-04\Ogre\Character\ByArchive\patch-Z.MPQ\Character\Ogre\Male\OgreMaleFaceUpper01_03.blp
patch-Z.MPQ,Ogre,Character,Character\Ogre\Male\ogremalefaceupper01_04.blp,44866,657AAB89A17FA9380BEBCD20F9FBA8641B6154B4,G:\Downloads\HDWoWModels\Project Reforged\Playable_Races_Isolated_2026-10-04\Ogre\Character\ByArchive\patch-Z.MPQ\Character\Ogre\Male\ogremalefaceupper01_04.blp
patch-Z.MPQ,Ogre,Character,Character\Ogre\Male\ogremalefaceupper01_05.blp,44866,512D12C80E47262E26D151B074FB7BCEA165CD95,G:\Downloads\HDWoWModels\Project Reforged\Playable_Races_Isolated_2026-10-04\Ogre\Character\ByArchive\patch-Z.MPQ\Character\Ogre\Male\ogremalefaceupper01_05.blp
patch-Z.MPQ,Ogre,Character,Character\Ogre\Male\ogremalefaceupper02_00.blp,44866,F5E38178DFF69EAE060DCB1D7E54CD0D602A398E,G:\Downloads\HDWoWModels\Project Reforged\Playable_Races_Isolated_2026-10-04\Ogre\Character\ByArchive\patch-Z.MPQ\Character\Ogre\Male\ogremalefaceupper02_00.blp
patch-Z.MPQ,Ogre,Character,Character\Ogre\Male\ogremalefaceupper02_01.blp,44866,F01C3F4FBDFBA6D25BBB1138A74A8A04DE57C575,G:\Downloads\HDWoWModels\Project Reforged\Playable_Races_Isolated_2026-10-04\Ogre\Character\ByArchive\patch-Z.MPQ\Character\Ogre\Male\ogremalefaceupper02_01.blp
patch-Z.MPQ,Ogre,Character,Character\Ogre\Male\ogremalefaceupper02_02.blp,44866,1B6B446EA0B7E149DA31D113457CB974520D581E,G:\Downloads\HDWoWModels\Project Reforged\Playable_Races_Isolated_2026-10-04\Ogre\Character\ByArchive\patch-Z.MPQ\Character\Ogre\Male\ogremalefaceupper02_02.blp
patch-Z.MPQ,Ogre,Character,Character\Ogre\Male\ogremalefaceupper02_03.blp,44866,0AA71DF15A0D91E8956B1F63E4A832C0E9E254C2,G:\Downloads\HDWoWModels\Project Reforged\Playable_Races_Isolated_2026-10-04\Ogre\Character\ByArchive\patch-Z.MPQ\Character\Ogre\Male\ogremalefaceupper02_03.blp
patch-Z.MPQ,Ogre,Character,Character\Ogre\Male\OgreMaleFaceUpper02_04.blp,44866,657AAB89A17FA9380BEBCD20F9FBA8641B6154B4,G:\Downloads\HDWoWModels\Project Reforged\Playable_Races_Isolated_2026-10-04\Ogre\Character\ByArchive\patch-Z.MPQ\Character\Ogre\Male\OgreMaleFaceUpper02_04.blp
patch-Z.MPQ,Ogre,Character,Character\Ogre\Male\ogremalefaceupper02_05.blp,44866,512D12C80E47262E26D151B074FB7BCEA165CD95,G:\Downloads\HDWoWModels\Project Reforged\Playable_Races_Isolated_2026-10-04\Ogre\Character\ByArchive\patch-Z.MPQ\Character\Ogre\Male\ogremalefaceupper02_05.blp
patch-Z.MPQ,Ogre,Character,Character\Ogre\Male\ogremalefaceupper03_00.blp,44866,BC9D6A0D3EF8A2A8B6625811F30B844027BC3469,G:\Downloads\HDWoWModels\Project Reforged\Playable_Races_Isolated_2026-10-04\Ogre\Character\ByArchive\patch-Z.MPQ\Character\Ogre\Male\ogremalefaceupper03_00.blp
patch-Z.MPQ,Ogre,Character,Character\Ogre\Male\ogremalefaceupper03_01.blp,44866,B8C00B4EB8484794D7174EBFDF9F61E49D15CC8F,G:\Downloads\HDWoWModels\Project Reforged\Playable_Races_Isolated_2026-10-04\Ogre\Character\ByArchive\patch-Z.MPQ\Character\Ogre\Male\ogremalefaceupper03_01.blp
patch-Z.MPQ,Ogre,Character,Character\Ogre\Male\ogremalefaceupper03_02.blp,44866,85B1D45D6427CB4EC37FF04B0FF3FFEED8A12F1B,G:\Downloads\HDWoWModels\Project Reforged\Playable_Races_Isolated_2026-10-04\Ogre\Character\ByArchive\patch-Z.MPQ\Character\Ogre\Male\ogremalefaceupper03_02.blp
patch-Z.MPQ,Ogre,Character,Character\Ogre\Male\OgreMaleFaceUpper03_03.blp,44866,521ADD3E0B3D45DC341854DDC7D2C0F9E68D7EA5,G:\Downloads\HDWoWModels\Project Reforged\Playable_Races_Isolated_2026-10-04\Ogre\Character\ByArchive\patch-Z.MPQ\Character\Ogre\Male\OgreMaleFaceUpper03_03.blp
patch-Z.MPQ,Ogre,Character,Character\Ogre\Male\OgreMaleFaceUpper03_04.blp,44866,D1E0C63D4471B11EF159CC99F9863EC33C880308,G:\Downloads\HDWoWModels\Project Reforged\Playable_Races_Isolated_2026-10-04\Ogre\Character\ByArchive\patch-Z.MPQ\Character\Ogre\Male\OgreMaleFaceUpper03_04.blp
patch-Z.MPQ,Ogre,Character,Character\Ogre\Male\ogremalefaceupper03_05.blp,44866,16F27917CF4D5141E632E8973E1B824F257BE861,G:\Downloads\HDWoWModels\Project Reforged\Playable_Races_Isolated_2026-10-04\Ogre\Character\ByArchive\patch-Z.MPQ\Character\Ogre\Male\ogremalefaceupper03_05.blp
patch-Z.MPQ,Ogre,Character,Character\Ogre\Male\ogremalefaceupper04_00.blp,44866,F5E38178DFF69EAE060DCB1D7E54CD0D602A398E,G:\Downloads\HDWoWModels\Project Reforged\Playable_Races_Isolated_2026-10-04\Ogre\Character\ByArchive\patch-Z.MPQ\Character\Ogre\Male\ogremalefaceupper04_00.blp
patch-Z.MPQ,Ogre,Character,Character\Ogre\Male\ogremalefaceupper04_01.blp,44866,F01C3F4FBDFBA6D25BBB1138A74A8A04DE57C575,G:\Downloads\HDWoWModels\Project Reforged\Playable_Races_Isolated_2026-10-04\Ogre\Character\ByArchive\patch-Z.MPQ\Character\Ogre\Male\ogremalefaceupper04_01.blp
patch-Z.MPQ,Ogre,Character,Character\Ogre\Male\ogremalefaceupper04_02.blp,44866,1B6B446EA0B7E149DA31D113457CB974520D581E,G:\Downloads\HDWoWModels\Project Reforged\Playable_Races_Isolated_2026-10-04\Ogre\Character\ByArchive\patch-Z.MPQ\Character\Ogre\Male\ogremalefaceupper04_02.blp
patch-Z.MPQ,Ogre,Character,Character\Ogre\Male\ogremalefaceupper04_03.blp,44866,0AA71DF15A0D91E8956B1F63E4A832C0E9E254C2,G:\Downloads\HDWoWModels\Project Reforged\Playable_Races_Isolated_2026-10-04\Ogre\Character\ByArchive\patch-Z.MPQ\Character\Ogre\Male\ogremalefaceupper04_03.blp
patch-Z.MPQ,Ogre,Character,Character\Ogre\Male\ogremalefaceupper04_04.blp,44866,657AAB89A17FA9380BEBCD20F9FBA8641B6154B4,G:\Downloads\HDWoWModels\Project Reforged\Playable_Races_Isolated_2026-10-04\Ogre\Character\ByArchive\patch-Z.MPQ\Character\Ogre\Male\ogremalefaceupper04_04.blp
patch-Z.MPQ,Ogre,Character,Character\Ogre\Male\ogremalefaceupper04_05.blp,44866,512D12C80E47262E26D151B074FB7BCEA165CD95,G:\Downloads\HDWoWModels\Project Reforged\Playable_Races_Isolated_2026-10-04\Ogre\Character\ByArchive\patch-Z.MPQ\Character\Ogre\Male\ogremalefaceupper04_05.blp
patch-Z.MPQ,Ogre,Character,Character\Ogre\Male\ogremalefaceupper06_00.blp,44866,F5E38178DFF69EAE060DCB1D7E54CD0D602A398E,G:\Downloads\HDWoWModels\Project Reforged\Playable_Races_Isolated_2026-10-04\Ogre\Character\ByArchive\patch-Z.MPQ\Character\Ogre\Male\ogremalefaceupper06_00.blp
patch-Z.MPQ,Ogre,Character,Character\Ogre\Male\ogremalefaceupper06_01.blp,44866,F01C3F4FBDFBA6D25BBB1138A74A8A04DE57C575,G:\Downloads\HDWoWModels\Project Reforged\Playable_Races_Isolated_2026-10-04\Ogre\Character\ByArchive\patch-Z.MPQ\Character\Ogre\Male\ogremalefaceupper06_01.blp
patch-Z.MPQ,Ogre,Character,Character\Ogre\Male\ogremalefaceupper06_02.blp,44866,1B6B446EA0B7E149DA31D113457CB974520D581E,G:\Downloads\HDWoWModels\Project Reforged\Playable_Races_Isolated_2026-10-04\Ogre\Character\ByArchive\patch-Z.MPQ\Character\Ogre\Male\ogremalefaceupper06_02.blp
patch-Z.MPQ,Ogre,Character,Character\Ogre\Male\ogremalefaceupper06_03.blp,44866,0AA71DF15A0D91E8956B1F63E4A832C0E9E254C2,G:\Downloads\HDWoWModels\Project Reforged\Playable_Races_Isolated_2026-10-04\Ogre\Character\ByArchive\patch-Z.MPQ\Character\Ogre\Male\ogremalefaceupper06_03.blp
patch-Z.MPQ,Ogre,Character,Character\Ogre\Male\OgreMaleFaceUpper06_04.blp,44866,657AAB89A17FA9380BEBCD20F9FBA8641B6154B4,G:\Downloads\HDWoWModels\Project Reforged\Playable_Races_Isolated_2026-10-04\Ogre\Character\ByArchive\patch-Z.MPQ\Character\Ogre\Male\OgreMaleFaceUpper06_04.blp
patch-Z.MPQ,Ogre,Character,Character\Ogre\Male\OgreMaleFaceUpper06_05.blp,44866,512D12C80E47262E26D151B074FB7BCEA165CD95,G:\Downloads\HDWoWModels\Project Reforged\Playable_Races_Isolated_2026-10-04\Ogre\Character\ByArchive\patch-Z.MPQ\Character\Ogre\Male\OgreMaleFaceUpper06_05.blp
patch-Z.MPQ,Ogre,Character,Character\Ogre\Male\ogremalefaceupper07_00.blp,44866,F5E38178DFF69EAE060DCB1D7E54CD0D602A398E,G:\Downloads\HDWoWModels\Project Reforged\Playable_Races_Isolated_2026-10-04\Ogre\Character\ByArchive\patch-Z.MPQ\Character\Ogre\Male\ogremalefaceupper07_00.blp
patch-Z.MPQ,Ogre,Character,Character\Ogre\Male\ogremalefaceupper07_01.blp,44866,F01C3F4FBDFBA6D25BBB1138A74A8A04DE57C575,G:\Downloads\HDWoWModels\Project Reforged\Playable_Races_Isolated_2026-10-04\Ogre\Character\ByArchive\patch-Z.MPQ\Character\Ogre\Male\ogremalefaceupper07_01.blp
patch-Z.MPQ,Ogre,Character,Character\Ogre\Male\ogremalefaceupper07_02.blp,44866,1B6B446EA0B7E149DA31D113457CB974520D581E,G:\Downloads\HDWoWModels\Project Reforged\Playable_Races_Isolated_2026-10-04\Ogre\Character\ByArchive\patch-Z.MPQ\Character\Ogre\Male\ogremalefaceupper07_02.blp
patch-Z.MPQ,Ogre,Character,Character\Ogre\Male\ogremalefaceupper07_03.blp,44866,0AA71DF15A0D91E8956B1F63E4A832C0E9E254C2,G:\Downloads\HDWoWModels\Project Reforged\Playable_Races_Isolated_2026-10-04\Ogre\Character\ByArchive\patch-Z.MPQ\Character\Ogre\Male\ogremalefaceupper07_03.blp
patch-Z.MPQ,Ogre,Character,Character\Ogre\Male\OgreMaleFaceUpper07_04.blp,44866,657AAB89A17FA9380BEBCD20F9FBA8641B6154B4,G:\Downloads\HDWoWModels\Project Reforged\Playable_Races_Isolated_2026-10-04\Ogre\Character\ByArchive\patch-Z.MPQ\Character\Ogre\Male\OgreMaleFaceUpper07_04.blp
patch-Z.MPQ,Ogre,Character,Character\Ogre\Male\ogremalefaceupper07_05.blp,44866,512D12C80E47262E26D151B074FB7BCEA165CD95,G:\Downloads\HDWoWModels\Project Reforged\Playable_Races_Isolated_2026-10-04\Ogre\Character\ByArchive\patch-Z.MPQ\Character\Ogre\Male\ogremalefaceupper07_05.blp
patch-Z.MPQ,Ogre,Character,Character\Ogre\Male\OgreMaleFaceUpper08_00.blp,44866,F5E38178DFF69EAE060DCB1D7E54CD0D602A398E,G:\Downloads\HDWoWModels\Project Reforged\Playable_Races_Isolated_2026-10-04\Ogre\Character\ByArchive\patch-Z.MPQ\Character\Ogre\Male\OgreMaleFaceUpper08_00.blp
patch-Z.MPQ,Ogre,Character,Character\Ogre\Male\OgreMaleFaceUpper08_01.blp,44866,F01C3F4FBDFBA6D25BBB1138A74A8A04DE57C575,G:\Downloads\HDWoWModels\Project Reforged\Playable_Races_Isolated_2026-10-04\Ogre\Character\ByArchive\patch-Z.MPQ\Character\Ogre\Male\OgreMaleFaceUpper08_01.blp
patch-Z.MPQ,Ogre,Character,Character\Ogre\Male\ogremalefaceupper08_02.blp,44866,1B6B446EA0B7E149DA31D113457CB974520D581E,G:\Downloads\HDWoWModels\Project Reforged\Playable_Races_Isolated_2026-10-04\Ogre\Character\ByArchive\patch-Z.MPQ\Character\Ogre\Male\ogremalefaceupper08_02.blp
patch-Z.MPQ,Ogre,Character,Character\Ogre\Male\OgreMaleFaceUpper08_03.blp,44866,0AA71DF15A0D91E8956B1F63E4A832C0E9E254C2,G:\Downloads\HDWoWModels\Project Reforged\Playable_Races_Isolated_2026-10-04\Ogre\Character\ByArchive\patch-Z.MPQ\Character\Ogre\Male\OgreMaleFaceUpper08_03.blp
patch-Z.MPQ,Ogre,Character,Character\Ogre\Male\OgreMaleFaceUpper08_04.blp,44866,657AAB89A17FA9380BEBCD20F9FBA8641B6154B4,G:\Downloads\HDWoWModels\Project Reforged\Playable_Races_Isolated_2026-10-04\Ogre\Character\ByArchive\patch-Z.MPQ\Character\Ogre\Male\OgreMaleFaceUpper08_04.blp
patch-Z.MPQ,Ogre,Character,Character\Ogre\Male\ogremalefaceupper08_05.blp,44866,512D12C80E47262E26D151B074FB7BCEA165CD95,G:\Downloads\HDWoWModels\Project Reforged\Playable_Races_Isolated_2026-10-04\Ogre\Character\ByArchive\patch-Z.MPQ\Character\Ogre\Male\ogremalefaceupper08_05.blp
patch-Z.MPQ,Ogre,Character,Character\Ogre\Male\ogremalefaceupper09_00.blp,44866,BC9D6A0D3EF8A2A8B6625811F30B844027BC3469,G:\Downloads\HDWoWModels\Project Reforged\Playable_Races_Isolated_2026-10-04\Ogre\Character\ByArchive\patch-Z.MPQ\Character\Ogre\Male\ogremalefaceupper09_00.blp
patch-Z.MPQ,Ogre,Character,Character\Ogre\Male\ogremalefaceupper09_01.blp,44866,B8C00B4EB8484794D7174EBFDF9F61E49D15CC8F,G:\Downloads\HDWoWModels\Project Reforged\Playable_Races_Isolated_2026-10-04\Ogre\Character\ByArchive\patch-Z.MPQ\Character\Ogre\Male\ogremalefaceupper09_01.blp
patch-Z.MPQ,Ogre,Character,Character\Ogre\Male\ogremalefaceupper09_02.blp,44866,85B1D45D6427CB4EC37FF04B0FF3FFEED8A12F1B,G:\Downloads\HDWoWModels\Project Reforged\Playable_Races_Isolated_2026-10-04\Ogre\Character\ByArchive\patch-Z.MPQ\Character\Ogre\Male\ogremalefaceupper09_02.blp
patch-Z.MPQ,Ogre,Character,Character\Ogre\Male\ogremalefaceupper09_03.blp,44866,521ADD3E0B3D45DC341854DDC7D2C0F9E68D7EA5,G:\Downloads\HDWoWModels\Project Reforged\Playable_Races_Isolated_2026-10-04\Ogre\Character\ByArchive\patch-Z.MPQ\Character\Ogre\Male\ogremalefaceupper09_03.blp
patch-Z.MPQ,Ogre,Character,Character\Ogre\Male\OgreMaleFaceUpper09_04.blp,44866,D1E0C63D4471B11EF159CC99F9863EC33C880308,G:\Downloads\HDWoWModels\Project Reforged\Playable_Races_Isolated_2026-10-04\Ogre\Character\ByArchive\patch-Z.MPQ\Character\Ogre\Male\OgreMaleFaceUpper09_04.blp
patch-Z.MPQ,Ogre,Character,Character\Ogre\Male\OgreMaleFaceUpper09_05.blp,44866,16F27917CF4D5141E632E8973E1B824F257BE861,G:\Downloads\HDWoWModels\Project Reforged\Playable_Races_Isolated_2026-10-04\Ogre\Character\ByArchive\patch-Z.MPQ\Character\Ogre\Male\OgreMaleFaceUpper09_05.blp
patch-Z.MPQ,Ogre,Character,Character\Ogre\Male\OgreMaleFaceUpper10_00.blp,44866,F5E38178DFF69EAE060DCB1D7E54CD0D602A398E,G:\Downloads\HDWoWModels\Project Reforged\Playable_Races_Isolated_2026-10-04\Ogre\Character\ByArchive\patch-Z.MPQ\Character\Ogre\Male\OgreMaleFaceUpper10_00.blp
patch-Z.MPQ,Ogre,Character,Character\Ogre\Male\ogremalefaceupper10_01.blp,44866,F01C3F4FBDFBA6D25BBB1138A74A8A04DE57C575,G:\Downloads\HDWoWModels\Project Reforged\Playable_Races_Isolated_2026-10-04\Ogre\Character\ByArchive\patch-Z.MPQ\Character\Ogre\Male\ogremalefaceupper10_01.blp
patch-Z.MPQ,Ogre,Character,Character\Ogre\Male\OgreMaleFaceUpper10_02.blp,44866,1B6B446EA0B7E149DA31D113457CB974520D581E,G:\Downloads\HDWoWModels\Project Reforged\Playable_Races_Isolated_2026-10-04\Ogre\Character\ByArchive\patch-Z.MPQ\Character\Ogre\Male\OgreMaleFaceUpper10_02.blp
patch-Z.MPQ,Ogre,Character,Character\Ogre\Male\OgreMaleFaceUpper10_03.blp,44866,0AA71DF15A0D91E8956B1F63E4A832C0E9E254C2,G:\Downloads\HDWoWModels\Project Reforged\Playable_Races_Isolated_2026-10-04\Ogre\Character\ByArchive\patch-Z.MPQ\Character\Ogre\Male\OgreMaleFaceUpper10_03.blp
patch-Z.MPQ,Ogre,Character,Character\Ogre\Male\OgreMaleFaceUpper10_04.blp,44866,657AAB89A17FA9380BEBCD20F9FBA8641B6154B4,G:\Downloads\HDWoWModels\Project Reforged\Playable_Races_Isolated_2026-10-04\Ogre\Character\ByArchive\patch-Z.MPQ\Character\Ogre\Male\OgreMaleFaceUpper10_04.blp
patch-Z.MPQ,Ogre,Character,Character\Ogre\Male\ogremalefaceupper10_05.blp,44866,512D12C80E47262E26D151B074FB7BCEA165CD95,G:\Downloads\HDWoWModels\Project Reforged\Playable_Races_Isolated_2026-10-04\Ogre\Character\ByArchive\patch-Z.MPQ\Character\Ogre\Male\ogremalefaceupper10_05.blp
patch-Z.MPQ,Ogre,Character,Character\Ogre\Male\ogremalefaceupper16_00.blp,44866,266A942CAA773404B0FE732941A9BD94B662F4E1,G:\Downloads\HDWoWModels\Project Reforged\Playable_Races_Isolated_2026-10-04\Ogre\Character\ByArchive\patch-Z.MPQ\Character\Ogre\Male\ogremalefaceupper16_00.blp
patch-Z.MPQ,Ogre,Character,Character\Ogre\Male\ogremalefaceupper16_01.blp,44866,41D530D4A3092317E5E501E07132B7BB03BEFB5D,G:\Downloads\HDWoWModels\Project Reforged\Playable_Races_Isolated_2026-10-04\Ogre\Character\ByArchive\patch-Z.MPQ\Character\Ogre\Male\ogremalefaceupper16_01.blp
patch-Z.MPQ,Ogre,Character,Character\Ogre\Male\ogremalefaceupper16_02.blp,44866,41D530D4A3092317E5E501E07132B7BB03BEFB5D,G:\Downloads\HDWoWModels\Project Reforged\Playable_Races_Isolated_2026-10-04\Ogre\Character\ByArchive\patch-Z.MPQ\Character\Ogre\Male\ogremalefaceupper16_02.blp
patch-Z.MPQ,Ogre,Character,Character\Ogre\Male\OgreMaleFaceUpper17_00.blp,44866,955FFEAFC9448F8238885F2526E356A81FEFB7D8,G:\Downloads\HDWoWModels\Project Reforged\Playable_Races_Isolated_2026-10-04\Ogre\Character\ByArchive\patch-Z.MPQ\Character\Ogre\Male\OgreMaleFaceUpper17_00.blp
patch-Z.MPQ,Ogre,Character,Character\Ogre\Male\ogremalefaceupper17_01.blp,44866,EC085681C27D1CBF4E22F48C7E712CD67F8045ED,G:\Downloads\HDWoWModels\Project Reforged\Playable_Races_Isolated_2026-10-04\Ogre\Character\ByArchive\patch-Z.MPQ\Character\Ogre\Male\ogremalefaceupper17_01.blp
patch-Z.MPQ,Ogre,Character,Character\Ogre\Male\ogremalefaceupper17_02.blp,44866,EC085681C27D1CBF4E22F48C7E712CD67F8045ED,G:\Downloads\HDWoWModels\Project Reforged\Playable_Races_Isolated_2026-10-04\Ogre\Character\ByArchive\patch-Z.MPQ\Character\Ogre\Male\ogremalefaceupper17_02.blp
patch-Z.MPQ,Ogre,Character,Character\Ogre\Male\ogremalefaceupper18_00.blp,44866,F32FEBD7ECF621B8152884C115BA1827B3F00B1F,G:\Downloads\HDWoWModels\Project Reforged\Playable_Races_Isolated_2026-10-04\Ogre\Character\ByArchive\patch-Z.MPQ\Character\Ogre\Male\ogremalefaceupper18_00.blp
patch-Z.MPQ,Ogre,Character,Character\Ogre\Male\OgreMaleFaceUpper18_01.blp,44866,D15D97EB561C7FBE7C3E8E0945823D5A00E0727D,G:\Downloads\HDWoWModels\Project Reforged\Playable_Races_Isolated_2026-10-04\Ogre\Character\ByArchive\patch-Z.MPQ\Character\Ogre\Male\OgreMaleFaceUpper18_01.blp
patch-Z.MPQ,Ogre,Character,Character\Ogre\Male\ogremalefaceupper18_02.blp,44866,D15D97EB561C7FBE7C3E8E0945823D5A00E0727D,G:\Downloads\HDWoWModels\Project Reforged\Playable_Races_Isolated_2026-10-04\Ogre\Character\ByArchive\patch-Z.MPQ\Character\Ogre\Male\ogremalefaceupper18_02.blp
patch-Z.MPQ,Ogre,Character,Character\Ogre\Male\ogremaleskin_00.blp,700222,443F48641EE256CCC9407D8DEC09E83E13336B14,G:\Downloads\HDWoWModels\Project Reforged\Playable_Races_Isolated_2026-10-04\Ogre\Character\ByArchive\patch-Z.MPQ\Character\Ogre\Male\ogremaleskin_00.blp
patch-Z.MPQ,Ogre,Character,Character\Ogre\Male\OgreMaleSkin_01.blp,700222,765717AD5992ED3D53CD85B6E4F95DDACB4CC576,G:\Downloads\HDWoWModels\Project Reforged\Playable_Races_Isolated_2026-10-04\Ogre\Character\ByArchive\patch-Z.MPQ\Character\Ogre\Male\OgreMaleSkin_01.blp
patch-Z.MPQ,Ogre,Character,Character\Ogre\Male\OgreMaleSkin_02.blp,700222,3857D52D59897C1DA730BF8DB5AF1026007D0C10,G:\Downloads\HDWoWModels\Project Reforged\Playable_Races_Isolated_2026-10-04\Ogre\Character\ByArchive\patch-Z.MPQ\Character\Ogre\Male\OgreMaleSkin_02.blp
patch-Z.MPQ,Ogre,Character,Character\Ogre\Male\OgreMaleSkin_03.blp,700222,CDDE7C60767888A3BBCD1C50BC1A8D71160A46F4,G:\Downloads\HDWoWModels\Project Reforged\Playable_Races_Isolated_2026-10-04\Ogre\Character\ByArchive\patch-Z.MPQ\Character\Ogre\Male\OgreMaleSkin_03.blp
patch-Z.MPQ,Ogre,Character,Character\Ogre\Male\OgreMaleSkin_04.blp,700222,828CF924E30C8089C1A9451D2C142A12EF6439CC,G:\Downloads\HDWoWModels\Project Reforged\Playable_Races_Isolated_2026-10-04\Ogre\Character\ByArchive\patch-Z.MPQ\Character\Ogre\Male\OgreMaleSkin_04.blp
patch-Z.MPQ,Ogre,Character,Character\Ogre\Male\OgreMaleSkin_05.blp,700222,D6060F52167C1DB9985117E85C3C206EE2A053B8,G:\Downloads\HDWoWModels\Project Reforged\Playable_Races_Isolated_2026-10-04\Ogre\Character\ByArchive\patch-Z.MPQ\Character\Ogre\Male\OgreMaleSkin_05.blp
patch-Z.MPQ,Ogre,Character,Character\Ogre\Male\ogremaleskin_06.blp,700222,04F0F0127D7F506C7256F919F667BD730B7342CD,G:\Downloads\HDWoWModels\Project Reforged\Playable_Races_Isolated_2026-10-04\Ogre\Character\ByArchive\patch-Z.MPQ\Character\Ogre\Male\ogremaleskin_06.blp
patch-Z.MPQ,Ogre,Character,Character\Ogre\Male\ogremaleskin_07.blp,700222,5EC250BAC463BE2FEC9FDD51B4A8A863B8116C14,G:\Downloads\HDWoWModels\Project Reforged\Playable_Races_Isolated_2026-10-04\Ogre\Character\ByArchive\patch-Z.MPQ\Character\Ogre\Male\ogremaleskin_07.blp
patch-Z.MPQ,Ogre,Character,Character\Ogre\Male\ogremaleskin_08.blp,700222,A0E4637DF8853F3E8BAC2EC8855F3C23FD94587A,G:\Downloads\HDWoWModels\Project Reforged\Playable_Races_Isolated_2026-10-04\Ogre\Character\ByArchive\patch-Z.MPQ\Character\Ogre\Male\ogremaleskin_08.blp
patch-Z.MPQ,Tuskarr,Character,Character\ReforgedTuskarr\Hair00_00.blp,23017,29D2DA8CDEFC033535C65AE2898E46FD1C8B525B,G:\Downloads\HDWoWModels\Project Reforged\Playable_Races_Isolated_2026-10-04\Tuskarr\Character\ByArchive\patch-Z.MPQ\Character\ReforgedTuskarr\Hair00_00.blp
patch-Z.MPQ,Tuskarr,Character,Character\ReforgedTuskarr\Hair00_01.blp,23017,ABAB692EB9BEF756F5892F7B4DCAE0B4D47FA31F,G:\Downloads\HDWoWModels\Project Reforged\Playable_Races_Isolated_2026-10-04\Tuskarr\Character\ByArchive\patch-Z.MPQ\Character\ReforgedTuskarr\Hair00_01.blp
patch-Z.MPQ,Tuskarr,Character,Character\ReforgedTuskarr\Hair00_02.blp,23017,72DBD8A3731A446F76839B508A1C8D4DF97FA5DB,G:\Downloads\HDWoWModels\Project Reforged\Playable_Races_Isolated_2026-10-04\Tuskarr\Character\ByArchive\patch-Z.MPQ\Character\ReforgedTuskarr\Hair00_02.blp
patch-Z.MPQ,Tuskarr,Character,Character\ReforgedTuskarr\Hair00_03.blp,23017,3C77881C1801C84A7ECC2E6099E0D5EC87C967B6,G:\Downloads\HDWoWModels\Project Reforged\Playable_Races_Isolated_2026-10-04\Tuskarr\Character\ByArchive\patch-Z.MPQ\Character\ReforgedTuskarr\Hair00_03.blp
patch-Z.MPQ,Tuskarr,Character,Character\ReforgedTuskarr\Hair00_04.blp,23017,E019213FB46144201D7D1EA43C85898960F975AF,G:\Downloads\HDWoWModels\Project Reforged\Playable_Races_Isolated_2026-10-04\Tuskarr\Character\ByArchive\patch-Z.MPQ\Character\ReforgedTuskarr\Hair00_04.blp
patch-Z.MPQ,Tuskarr,Character,Character\ReforgedTuskarr\Hair00_05.blp,23017,8457B7D72DD4CB5582C08319BD5E89E266DDB8B6,G:\Downloads\HDWoWModels\Project Reforged\Playable_Races_Isolated_2026-10-04\Tuskarr\Character\ByArchive\patch-Z.MPQ\Character\ReforgedTuskarr\Hair00_05.blp
patch-Z.MPQ,Tuskarr,Character,Character\ReforgedTuskarr\Hair00_06.blp,23017,594FED2A63124072125C12AAB6C5B06CE007848A,G:\Downloads\HDWoWModels\Project Reforged\Playable_Races_Isolated_2026-10-04\Tuskarr\Character\ByArchive\patch-Z.MPQ\Character\ReforgedTuskarr\Hair00_06.blp
patch-Z.MPQ,Tuskarr,Character,Character\ReforgedTuskarr\MALE\MALETUSKARSKINBROWN256.BLP,44876,1B2356848C11E265B042227C3B4447B1E9B4691D,G:\Downloads\HDWoWModels\Project Reforged\Playable_Races_Isolated_2026-10-04\Tuskarr\Character\ByArchive\patch-Z.MPQ\Character\ReforgedTuskarr\MALE\MALETUSKARSKINBROWN256.BLP
patch-Z.MPQ,Tuskarr,Character,Character\ReforgedTuskarr\MALE\TUSKARRFACEHAIR.BLP,88580,21EAA9DBAEAD855C82640B90C6E82FCB4226B0C1,G:\Downloads\HDWoWModels\Project Reforged\Playable_Races_Isolated_2026-10-04\Tuskarr\Character\ByArchive\patch-Z.MPQ\Character\ReforgedTuskarr\MALE\TUSKARRFACEHAIR.BLP
patch-Z.MPQ,Tuskarr,Character,Character\ReforgedTuskarr\MALE\TuskarrMale.M2,1833832,7195B21CC5DFB7B52B89BAFB5B23486750920482,G:\Downloads\HDWoWModels\Project Reforged\Playable_Races_Isolated_2026-10-04\Tuskarr\Character\ByArchive\patch-Z.MPQ\Character\ReforgedTuskarr\MALE\TuskarrMale.M2
patch-Z.MPQ,Tuskarr,Character,Character\ReforgedTuskarr\MALE\TuskarrMale00.skin,86976,495C1724E5A247E51704A74409F3A875BA287729,G:\Downloads\HDWoWModels\Project Reforged\Playable_Races_Isolated_2026-10-04\Tuskarr\Character\ByArchive\patch-Z.MPQ\Character\ReforgedTuskarr\MALE\TuskarrMale00.skin
patch-Z.MPQ,Tuskarr,Character,Character\ReforgedTuskarr\MALE\TuskarrMale0060-00.anim,25360,2C5D9BF6EA72DF992DA28B2EB5C68C5B4D2DE719,G:\Downloads\HDWoWModels\Project Reforged\Playable_Races_Isolated_2026-10-04\Tuskarr\Character\ByArchive\patch-Z.MPQ\Character\ReforgedTuskarr\MALE\TuskarrMale0060-00.anim
patch-Z.MPQ,Tuskarr,Character,Character\ReforgedTuskarr\MALE\TuskarrMale0062-00.anim,16000,DEA26722ECBA655B0CA576BF3DA070A3D6A4E319,G:\Downloads\HDWoWModels\Project Reforged\Playable_Races_Isolated_2026-10-04\Tuskarr\Character\ByArchive\patch-Z.MPQ\Character\ReforgedTuskarr\MALE\TuskarrMale0062-00.anim
patch-Z.MPQ,Tuskarr,Character,Character\ReforgedTuskarr\MALE\TuskarrMale0084-00.anim,12272,55BE4B570CD929E90FCDA7B2CD40A893A37AA4AB,G:\Downloads\HDWoWModels\Project Reforged\Playable_Races_Isolated_2026-10-04\Tuskarr\Character\ByArchive\patch-Z.MPQ\Character\ReforgedTuskarr\MALE\TuskarrMale0084-00.anim
patch-Z.MPQ,Tuskarr,Character,Character\ReforgedTuskarr\MALE\TuskarrMale0096-00.anim,24592,A6DAAFA63536C5D40D8D8DE127A34899221B8307,G:\Downloads\HDWoWModels\Project Reforged\Playable_Races_Isolated_2026-10-04\Tuskarr\Character\ByArchive\patch-Z.MPQ\Character\ReforgedTuskarr\MALE\TuskarrMale0096-00.anim
patch-Z.MPQ,Tuskarr,Character,Character\ReforgedTuskarr\MALE\TuskarrMale0097-00.anim,9312,DE59717D8E3495FFEA45DAAB7FB1D15B83857FFC,G:\Downloads\HDWoWModels\Project Reforged\Playable_Races_Isolated_2026-10-04\Tuskarr\Character\ByArchive\patch-Z.MPQ\Character\ReforgedTuskarr\MALE\TuskarrMale0097-00.anim
patch-Z.MPQ,Tuskarr,Character,Character\ReforgedTuskarr\MALE\TuskarrMale0098-00.anim,17184,D7D8086FDCAC4CA8FE4E2513618809B587434E18,G:\Downloads\HDWoWModels\Project Reforged\Playable_Races_Isolated_2026-10-04\Tuskarr\Character\ByArchive\patch-Z.MPQ\Character\ReforgedTuskarr\MALE\TuskarrMale0098-00.anim
patch-Z.MPQ,Tuskarr,Character,Character\ReforgedTuskarr\MALE\TuskarrMale01.skin,87504,1D54C0A2CE1272667730233BC251C2F7841D986D,G:\Downloads\HDWoWModels\Project Reforged\Playable_Races_Isolated_2026-10-04\Tuskarr\Character\ByArchive\patch-Z.MPQ\Character\ReforgedTuskarr\MALE\TuskarrMale01.skin
patch-Z.MPQ,Tuskarr,Character,Character\ReforgedTuskarr\MALE\TuskarrMale0123-00.anim,10416,B84E8624D4AF08FD92AA0F666D7E4951956CF2E6,G:\Downloads\HDWoWModels\Project Reforged\Playable_Races_Isolated_2026-10-04\Tuskarr\Character\ByArchive\patch-Z.MPQ\Character\ReforgedTuskarr\MALE\TuskarrMale0123-00.anim
patch-Z.MPQ,Tuskarr,Character,Character\ReforgedTuskarr\MALE\TuskarrMale0128-00.anim,4736,A0F2DCB8C80D770D953C675CCE3C4E7E221B972F,G:\Downloads\HDWoWModels\Project Reforged\Playable_Races_Isolated_2026-10-04\Tuskarr\Character\ByArchive\patch-Z.MPQ\Character\ReforgedTuskarr\MALE\TuskarrMale0128-00.anim
patch-Z.MPQ,Tuskarr,Character,Character\ReforgedTuskarr\MALE\TuskarrMale0129-00.anim,6160,40310C96CE68206C9028A7ECB32BB977805CEEF8,G:\Downloads\HDWoWModels\Project Reforged\Playable_Races_Isolated_2026-10-04\Tuskarr\Character\ByArchive\patch-Z.MPQ\Character\ReforgedTuskarr\MALE\TuskarrMale0129-00.anim
patch-Z.MPQ,Tuskarr,Character,Character\ReforgedTuskarr\MALE\TuskarrMale0133-00.anim,14320,6AC175243D04512B4EE3705149B39238ED4B5B1C,G:\Downloads\HDWoWModels\Project Reforged\Playable_Races_Isolated_2026-10-04\Tuskarr\Character\ByArchive\patch-Z.MPQ\Character\ReforgedTuskarr\MALE\TuskarrMale0133-00.anim
patch-Z.MPQ,Tuskarr,Character,Character\ReforgedTuskarr\MALE\TuskarrMale0134-00.anim,28784,6855C7AA015D0B47D5D5DE4444791ED1A73E3E31,G:\Downloads\HDWoWModels\Project Reforged\Playable_Races_Isolated_2026-10-04\Tuskarr\Character\ByArchive\patch-Z.MPQ\Character\ReforgedTuskarr\MALE\TuskarrMale0134-00.anim
patch-Z.MPQ,Tuskarr,Character,Character\ReforgedTuskarr\MALE\TuskarrMaleFaceLower00_00.blp,12095,241D0EA9146C1E61087D9A33D140A6768FB19A59,G:\Downloads\HDWoWModels\Project Reforged\Playable_Races_Isolated_2026-10-04\Tuskarr\Character\ByArchive\patch-Z.MPQ\Character\ReforgedTuskarr\MALE\TuskarrMaleFaceLower00_00.blp
patch-Z.MPQ,Tuskarr,Character,Character\ReforgedTuskarr\MALE\TuskarrMaleFaceLower00_01.blp,12095,CB71994A86606350F8B31700E6D1E10E62BDBE07,G:\Downloads\HDWoWModels\Project Reforged\Playable_Races_Isolated_2026-10-04\Tuskarr\Character\ByArchive\patch-Z.MPQ\Character\ReforgedTuskarr\MALE\TuskarrMaleFaceLower00_01.blp
patch-Z.MPQ,Tuskarr,Character,Character\ReforgedTuskarr\MALE\TuskarrMaleFaceLower00_02.blp,12095,38322CD5626EA8CE6DD13B00808745D53DB4EEAE,G:\Downloads\HDWoWModels\Project Reforged\Playable_Races_Isolated_2026-10-04\Tuskarr\Character\ByArchive\patch-Z.MPQ\Character\ReforgedTuskarr\MALE\TuskarrMaleFaceLower00_02.blp
patch-Z.MPQ,Tuskarr,Character,Character\ReforgedTuskarr\MALE\TuskarrMaleFaceLower00_03.blp,12095,F3DF6873C76A57E8EE87BC00EAF2F2F1440C8F04,G:\Downloads\HDWoWModels\Project Reforged\Playable_Races_Isolated_2026-10-04\Tuskarr\Character\ByArchive\patch-Z.MPQ\Character\ReforgedTuskarr\MALE\TuskarrMaleFaceLower00_03.blp
patch-Z.MPQ,Tuskarr,Character,Character\ReforgedTuskarr\MALE\TuskarrMaleFaceLower00_04.blp,12095,467AB771DBBF063C34557FC6B98AADBC64F21C75,G:\Downloads\HDWoWModels\Project Reforged\Playable_Races_Isolated_2026-10-04\Tuskarr\Character\ByArchive\patch-Z.MPQ\Character\ReforgedTuskarr\MALE\TuskarrMaleFaceLower00_04.blp
patch-Z.MPQ,Tuskarr,Character,Character\ReforgedTuskarr\MALE\TuskarrMaleFaceLower00_05.blp,12095,F183BC762748EBAE09504DA76CCDD3832DF8E318,G:\Downloads\HDWoWModels\Project Reforged\Playable_Races_Isolated_2026-10-04\Tuskarr\Character\ByArchive\patch-Z.MPQ\Character\ReforgedTuskarr\MALE\TuskarrMaleFaceLower00_05.blp
patch-Z.MPQ,Tuskarr,Character,Character\ReforgedTuskarr\MALE\TuskarrMaleFaceLower00_06.blp,12095,20620994278C315561A9DD9E677E8FA2623C755E,G:\Downloads\HDWoWModels\Project Reforged\Playable_Races_Isolated_2026-10-04\Tuskarr\Character\ByArchive\patch-Z.MPQ\Character\ReforgedTuskarr\MALE\TuskarrMaleFaceLower00_06.blp
patch-Z.MPQ,Tuskarr,Character,Character\ReforgedTuskarr\MALE\TuskarrMaleFaceLower01_00.blp,44863,5D6DE1364CE1FB4BAB4C176B1505AACF71608AB3,G:\Downloads\HDWoWModels\Project Reforged\Playable_Races_Isolated_2026-10-04\Tuskarr\Character\ByArchive\patch-Z.MPQ\Character\ReforgedTuskarr\MALE\TuskarrMaleFaceLower01_00.blp
patch-Z.MPQ,Tuskarr,Character,Character\ReforgedTuskarr\MALE\TuskarrMaleFaceLower02_00.blp,44863,389E890E8656AF0218F257BFFD0D6A180E006745,G:\Downloads\HDWoWModels\Project Reforged\Playable_Races_Isolated_2026-10-04\Tuskarr\Character\ByArchive\patch-Z.MPQ\Character\ReforgedTuskarr\MALE\TuskarrMaleFaceLower02_00.blp
patch-Z.MPQ,Tuskarr,Character,Character\ReforgedTuskarr\MALE\TuskarrMaleFaceLower03_00.blp,44863,F3E58280CCF5DABA7A577AFE45A30C7116ABE64E,G:\Downloads\HDWoWModels\Project Reforged\Playable_Races_Isolated_2026-10-04\Tuskarr\Character\ByArchive\patch-Z.MPQ\Character\ReforgedTuskarr\MALE\TuskarrMaleFaceLower03_00.blp
patch-Z.MPQ,Tuskarr,Character,Character\ReforgedTuskarr\MALE\TuskarrMaleFaceLower04_00.blp,44863,2EAA967B910565EA2931F56BB152EE62088CC7CE,G:\Downloads\HDWoWModels\Project Reforged\Playable_Races_Isolated_2026-10-04\Tuskarr\Character\ByArchive\patch-Z.MPQ\Character\ReforgedTuskarr\MALE\TuskarrMaleFaceLower04_00.blp
patch-Z.MPQ,Tuskarr,Character,Character\ReforgedTuskarr\MALE\TuskarrMaleFaceLower05_00.blp,44863,1867523EC5FD70F97DDB0EB902C55E20D61C46A9,G:\Downloads\HDWoWModels\Project Reforged\Playable_Races_Isolated_2026-10-04\Tuskarr\Character\ByArchive\patch-Z.MPQ\Character\ReforgedTuskarr\MALE\TuskarrMaleFaceLower05_00.blp
patch-Z.MPQ,Tuskarr,Character,Character\ReforgedTuskarr\MALE\TuskarrMaleFaceLower06_00.blp,44863,228B8546A989B5DEC3E69DF540CA13E16F47F07E,G:\Downloads\HDWoWModels\Project Reforged\Playable_Races_Isolated_2026-10-04\Tuskarr\Character\ByArchive\patch-Z.MPQ\Character\ReforgedTuskarr\MALE\TuskarrMaleFaceLower06_00.blp
patch-Z.MPQ,Tuskarr,Character,Character\ReforgedTuskarr\MALE\TuskarrMaleFaceUpper00_00.blp,6635,99EEE05F7100EA7D2EF3EA38CF8AC52C13509FC5,G:\Downloads\HDWoWModels\Project Reforged\Playable_Races_Isolated_2026-10-04\Tuskarr\Character\ByArchive\patch-Z.MPQ\Character\ReforgedTuskarr\MALE\TuskarrMaleFaceUpper00_00.blp
patch-Z.MPQ,Tuskarr,Character,Character\ReforgedTuskarr\MALE\TuskarrMaleFaceUpper00_01.blp,6635,AAE79673662291ADFEDD6783BFC5A1683557D119,G:\Downloads\HDWoWModels\Project Reforged\Playable_Races_Isolated_2026-10-04\Tuskarr\Character\ByArchive\patch-Z.MPQ\Character\ReforgedTuskarr\MALE\TuskarrMaleFaceUpper00_01.blp
patch-Z.MPQ,Tuskarr,Character,Character\ReforgedTuskarr\MALE\TuskarrMaleFaceUpper00_02.blp,6635,E08E7B969E951F250BD201CC772ABBF66715BFB4,G:\Downloads\HDWoWModels\Project Reforged\Playable_Races_Isolated_2026-10-04\Tuskarr\Character\ByArchive\patch-Z.MPQ\Character\ReforgedTuskarr\MALE\TuskarrMaleFaceUpper00_02.blp
patch-Z.MPQ,Tuskarr,Character,Character\ReforgedTuskarr\MALE\TuskarrMaleFaceUpper00_03.blp,6635,F364177C7AB3A0C96FDA994C24A90E4FD686ADFE,G:\Downloads\HDWoWModels\Project Reforged\Playable_Races_Isolated_2026-10-04\Tuskarr\Character\ByArchive\patch-Z.MPQ\Character\ReforgedTuskarr\MALE\TuskarrMaleFaceUpper00_03.blp
patch-Z.MPQ,Tuskarr,Character,Character\ReforgedTuskarr\MALE\TuskarrMaleFaceUpper00_04.blp,6635,841498FFEC5CBE51438561375F7114F14A2C848F,G:\Downloads\HDWoWModels\Project Reforged\Playable_Races_Isolated_2026-10-04\Tuskarr\Character\ByArchive\patch-Z.MPQ\Character\ReforgedTuskarr\MALE\TuskarrMaleFaceUpper00_04.blp
patch-Z.MPQ,Tuskarr,Character,Character\ReforgedTuskarr\MALE\TuskarrMaleFaceUpper00_05.blp,6635,9A2FCD2E4AFDF38F2F61599702AD3D343C1647C9,G:\Downloads\HDWoWModels\Project Reforged\Playable_Races_Isolated_2026-10-04\Tuskarr\Character\ByArchive\patch-Z.MPQ\Character\ReforgedTuskarr\MALE\TuskarrMaleFaceUpper00_05.blp
patch-Z.MPQ,Tuskarr,Character,Character\ReforgedTuskarr\MALE\TuskarrMaleFaceUpper00_06.blp,6635,73836885491BECF962B88E2950CEAE8A92C8928A,G:\Downloads\HDWoWModels\Project Reforged\Playable_Races_Isolated_2026-10-04\Tuskarr\Character\ByArchive\patch-Z.MPQ\Character\ReforgedTuskarr\MALE\TuskarrMaleFaceUpper00_06.blp
patch-Z.MPQ,Tuskarr,Character,Character\ReforgedTuskarr\MALE\TuskarrMaleFaceUpper01_00.blp,23019,0E0AD90189895FF48695F9383320B48387931DC1,G:\Downloads\HDWoWModels\Project Reforged\Playable_Races_Isolated_2026-10-04\Tuskarr\Character\ByArchive\patch-Z.MPQ\Character\ReforgedTuskarr\MALE\TuskarrMaleFaceUpper01_00.blp
patch-Z.MPQ,Tuskarr,Character,Character\ReforgedTuskarr\MALE\TuskarrMaleFaceUpper02_00.blp,23019,A1982122DA1FF97FC92D54CC3CA50A83AF3AC287,G:\Downloads\HDWoWModels\Project Reforged\Playable_Races_Isolated_2026-10-04\Tuskarr\Character\ByArchive\patch-Z.MPQ\Character\ReforgedTuskarr\MALE\TuskarrMaleFaceUpper02_00.blp
patch-Z.MPQ,Tuskarr,Character,Character\ReforgedTuskarr\MALE\TuskarrMaleFaceUpper03_00.blp,23019,A2468C212C25D68D747BC44DEEEE228D2A8927BA,G:\Downloads\HDWoWModels\Project Reforged\Playable_Races_Isolated_2026-10-04\Tuskarr\Character\ByArchive\patch-Z.MPQ\Character\ReforgedTuskarr\MALE\TuskarrMaleFaceUpper03_00.blp
patch-Z.MPQ,Tuskarr,Character,Character\ReforgedTuskarr\MALE\TuskarrMaleFaceUpper04_00.blp,23019,F701BA8D324FF3877B5C6F45CC93FCE676168972,G:\Downloads\HDWoWModels\Project Reforged\Playable_Races_Isolated_2026-10-04\Tuskarr\Character\ByArchive\patch-Z.MPQ\Character\ReforgedTuskarr\MALE\TuskarrMaleFaceUpper04_00.blp
patch-Z.MPQ,Tuskarr,Character,Character\ReforgedTuskarr\MALE\TuskarrMaleFaceUpper05_00.blp,23019,46277FCDE4483B1D120FDDBC2DD15A75538320D5,G:\Downloads\HDWoWModels\Project Reforged\Playable_Races_Isolated_2026-10-04\Tuskarr\Character\ByArchive\patch-Z.MPQ\Character\ReforgedTuskarr\MALE\TuskarrMaleFaceUpper05_00.blp
patch-Z.MPQ,Tuskarr,Character,Character\ReforgedTuskarr\MALE\TuskarrMaleFaceUpper06_00.blp,23019,B8744A91787568A21C4672BF9EAF78CD03243DA2,G:\Downloads\HDWoWModels\Project Reforged\Playable_Races_Isolated_2026-10-04\Tuskarr\Character\ByArchive\patch-Z.MPQ\Character\ReforgedTuskarr\MALE\TuskarrMaleFaceUpper06_00.blp
patch-Z.MPQ,Tuskarr,Character,Character\ReforgedTuskarr\MALE\TuskarrMaleNakedPelvisSkin00_00.blp,12095,4915DD1BD98D0B5EA840F6615E38E53190ABF650,G:\Downloads\HDWoWModels\Project Reforged\Playable_Races_Isolated_2026-10-04\Tuskarr\Character\ByArchive\patch-Z.MPQ\Character\ReforgedTuskarr\MALE\TuskarrMaleNakedPelvisSkin00_00.blp
patch-Z.MPQ,Tuskarr,Character,Character\ReforgedTuskarr\MALE\TuskarrMaleNakedPelvisSkin00_01.blp,12095,72CFBE92FF8E0B93CE9D42114EC9D22AC3F2C09B,G:\Downloads\HDWoWModels\Project Reforged\Playable_Races_Isolated_2026-10-04\Tuskarr\Character\ByArchive\patch-Z.MPQ\Character\ReforgedTuskarr\MALE\TuskarrMaleNakedPelvisSkin00_01.blp
patch-Z.MPQ,Tuskarr,Character,Character\ReforgedTuskarr\MALE\TuskarrMaleNakedPelvisSkin00_02.blp,12095,CC2E33621170B39CDBB039B62B64E7FCE31E3ABB,G:\Downloads\HDWoWModels\Project Reforged\Playable_Races_Isolated_2026-10-04\Tuskarr\Character\ByArchive\patch-Z.MPQ\Character\ReforgedTuskarr\MALE\TuskarrMaleNakedPelvisSkin00_02.blp
patch-Z.MPQ,Tuskarr,Character,Character\ReforgedTuskarr\MALE\TuskarrMaleNakedPelvisSkin00_03.blp,12095,416F9E48DFE6C15879D8379327F85E0E76EE94BF,G:\Downloads\HDWoWModels\Project Reforged\Playable_Races_Isolated_2026-10-04\Tuskarr\Character\ByArchive\patch-Z.MPQ\Character\ReforgedTuskarr\MALE\TuskarrMaleNakedPelvisSkin00_03.blp
patch-Z.MPQ,Tuskarr,Character,Character\ReforgedTuskarr\MALE\TuskarrMaleNakedPelvisSkin00_04.blp,12095,638C924D7067D2B57ED8022BC9EA121D8305BA27,G:\Downloads\HDWoWModels\Project Reforged\Playable_Races_Isolated_2026-10-04\Tuskarr\Character\ByArchive\patch-Z.MPQ\Character\ReforgedTuskarr\MALE\TuskarrMaleNakedPelvisSkin00_04.blp
patch-Z.MPQ,Tuskarr,Character,Character\ReforgedTuskarr\MALE\TuskarrMaleNakedPelvisSkin00_05.blp,12095,813C69671B95BEF76F92152C9CDE94C24BED3430,G:\Downloads\HDWoWModels\Project Reforged\Playable_Races_Isolated_2026-10-04\Tuskarr\Character\ByArchive\patch-Z.MPQ\Character\ReforgedTuskarr\MALE\TuskarrMaleNakedPelvisSkin00_05.blp
patch-Z.MPQ,Tuskarr,Character,Character\ReforgedTuskarr\MALE\TuskarrMaleNakedPelvisSkin00_06.blp,12095,C1B9F4EE72E7103A5114FEFB774F8D0B08C1D4FF,G:\Downloads\HDWoWModels\Project Reforged\Playable_Races_Isolated_2026-10-04\Tuskarr\Character\ByArchive\patch-Z.MPQ\Character\ReforgedTuskarr\MALE\TuskarrMaleNakedPelvisSkin00_06.blp
patch-Z.MPQ,Tuskarr,Character,Character\ReforgedTuskarr\MALE\TuskarrMaleSkin00_00.blp,88553,08D39E82388DC0D070CCDF3C4BB5321239F6F987,G:\Downloads\HDWoWModels\Project Reforged\Playable_Races_Isolated_2026-10-04\Tuskarr\Character\ByArchive\patch-Z.MPQ\Character\ReforgedTuskarr\MALE\TuskarrMaleSkin00_00.blp
patch-Z.MPQ,Tuskarr,Character,Character\ReforgedTuskarr\MALE\TuskarrMaleSkin00_01.blp,88553,D7C4479248601CBBF65475CDFF2327C6C5D94BD8,G:\Downloads\HDWoWModels\Project Reforged\Playable_Races_Isolated_2026-10-04\Tuskarr\Character\ByArchive\patch-Z.MPQ\Character\ReforgedTuskarr\MALE\TuskarrMaleSkin00_01.blp
patch-Z.MPQ,Tuskarr,Character,Character\ReforgedTuskarr\MALE\TuskarrMaleSkin00_02.blp,88553,1576B0EFE3A41F6EBABD13AE5A210326FFDF7D94,G:\Downloads\HDWoWModels\Project Reforged\Playable_Races_Isolated_2026-10-04\Tuskarr\Character\ByArchive\patch-Z.MPQ\Character\ReforgedTuskarr\MALE\TuskarrMaleSkin00_02.blp
patch-Z.MPQ,Tuskarr,Character,Character\ReforgedTuskarr\MALE\TuskarrMaleSkin00_03.blp,88553,B1B383567FCB550453F867CDA3FD843D7432F7CF,G:\Downloads\HDWoWModels\Project Reforged\Playable_Races_Isolated_2026-10-04\Tuskarr\Character\ByArchive\patch-Z.MPQ\Character\ReforgedTuskarr\MALE\TuskarrMaleSkin00_03.blp
patch-Z.MPQ,Tuskarr,Character,Character\ReforgedTuskarr\MALE\TuskarrMaleSkin00_04.blp,88553,3C88BDE2DC667FF831A91877FE1008150A1D458D,G:\Downloads\HDWoWModels\Project Reforged\Playable_Races_Isolated_2026-10-04\Tuskarr\Character\ByArchive\patch-Z.MPQ\Character\ReforgedTuskarr\MALE\TuskarrMaleSkin00_04.blp
patch-Z.MPQ,Tuskarr,Character,Character\ReforgedTuskarr\MALE\TuskarrMaleSkin00_05.blp,88553,4BAB22667D02E9B347DC1F2555DC6B694E9AE2B2,G:\Downloads\HDWoWModels\Project Reforged\Playable_Races_Isolated_2026-10-04\Tuskarr\Character\ByArchive\patch-Z.MPQ\Character\ReforgedTuskarr\MALE\TuskarrMaleSkin00_05.blp
patch-Z.MPQ,Tuskarr,Character,Character\ReforgedTuskarr\MALE\TuskarrMaleSkin00_06.blp,88553,6428DF25B47F15107CB9ADAD3AE0525B0D3405D0,G:\Downloads\HDWoWModels\Project Reforged\Playable_Races_Isolated_2026-10-04\Tuskarr\Character\ByArchive\patch-Z.MPQ\Character\ReforgedTuskarr\MALE\TuskarrMaleSkin00_06.blp
patch-Z.MPQ,Tuskarr,Character,Character\TUSKARR\Hair00_00.blp,23017,29D2DA8CDEFC033535C65AE2898E46FD1C8B525B,G:\Downloads\HDWoWModels\Project Reforged\Playable_Races_Isolated_2026-10-04\Tuskarr\Character\ByArchive\patch-Z.MPQ\Character\TUSKARR\Hair00_00.blp
patch-Z.MPQ,Tuskarr,Character,Character\TUSKARR\Hair00_01.blp,23017,ABAB692EB9BEF756F5892F7B4DCAE0B4D47FA31F,G:\Downloads\HDWoWModels\Project Reforged\Playable_Races_Isolated_2026-10-04\Tuskarr\Character\ByArchive\patch-Z.MPQ\Character\TUSKARR\Hair00_01.blp
patch-Z.MPQ,Tuskarr,Character,Character\TUSKARR\Hair00_02.blp,23017,72DBD8A3731A446F76839B508A1C8D4DF97FA5DB,G:\Downloads\HDWoWModels\Project Reforged\Playable_Races_Isolated_2026-10-04\Tuskarr\Character\ByArchive\patch-Z.MPQ\Character\TUSKARR\Hair00_02.blp
patch-Z.MPQ,Tuskarr,Character,Character\TUSKARR\Hair00_03.blp,23017,3C77881C1801C84A7ECC2E6099E0D5EC87C967B6,G:\Downloads\HDWoWModels\Project Reforged\Playable_Races_Isolated_2026-10-04\Tuskarr\Character\ByArchive\patch-Z.MPQ\Character\TUSKARR\Hair00_03.blp
patch-Z.MPQ,Tuskarr,Character,Character\TUSKARR\Hair00_04.blp,23017,E019213FB46144201D7D1EA43C85898960F975AF,G:\Downloads\HDWoWModels\Project Reforged\Playable_Races_Isolated_2026-10-04\Tuskarr\Character\ByArchive\patch-Z.MPQ\Character\TUSKARR\Hair00_04.blp
patch-Z.MPQ,Tuskarr,Character,Character\TUSKARR\Hair00_05.blp,23017,8457B7D72DD4CB5582C08319BD5E89E266DDB8B6,G:\Downloads\HDWoWModels\Project Reforged\Playable_Races_Isolated_2026-10-04\Tuskarr\Character\ByArchive\patch-Z.MPQ\Character\TUSKARR\Hair00_05.blp
patch-Z.MPQ,Tuskarr,Character,Character\TUSKARR\Hair00_06.blp,23017,594FED2A63124072125C12AAB6C5B06CE007848A,G:\Downloads\HDWoWModels\Project Reforged\Playable_Races_Isolated_2026-10-04\Tuskarr\Character\ByArchive\patch-Z.MPQ\Character\TUSKARR\Hair00_06.blp
patch-Z.MPQ,Tuskarr,Character,Character\TUSKARR\MALE\MALETUSKARSKINBROWN256.BLP,44876,1B2356848C11E265B042227C3B4447B1E9B4691D,G:\Downloads\HDWoWModels\Project Reforged\Playable_Races_Isolated_2026-10-04\Tuskarr\Character\ByArchive\patch-Z.MPQ\Character\TUSKARR\MALE\MALETUSKARSKINBROWN256.BLP
patch-Z.MPQ,Tuskarr,Character,Character\TUSKARR\MALE\TUSKARRFACEHAIR.BLP,88580,21EAA9DBAEAD855C82640B90C6E82FCB4226B0C1,G:\Downloads\HDWoWModels\Project Reforged\Playable_Races_Isolated_2026-10-04\Tuskarr\Character\ByArchive\patch-Z.MPQ\Character\TUSKARR\MALE\TUSKARRFACEHAIR.BLP
patch-Z.MPQ,Tuskarr,Character,Character\TUSKARR\MALE\TuskarrMale.M2,1250368,65E055C73EF4B7943775CE9073457573D52B6D41,G:\Downloads\HDWoWModels\Project Reforged\Playable_Races_Isolated_2026-10-04\Tuskarr\Character\ByArchive\patch-Z.MPQ\Character\TUSKARR\MALE\TuskarrMale.M2
patch-Z.MPQ,Tuskarr,Character,Character\TUSKARR\MALE\TuskarrMale00.skin,86976,495C1724E5A247E51704A74409F3A875BA287729,G:\Downloads\HDWoWModels\Project Reforged\Playable_Races_Isolated_2026-10-04\Tuskarr\Character\ByArchive\patch-Z.MPQ\Character\TUSKARR\MALE\TuskarrMale00.skin
patch-Z.MPQ,Tuskarr,Character,Character\TUSKARR\MALE\TuskarrMale0060-00.anim,25360,2C5D9BF6EA72DF992DA28B2EB5C68C5B4D2DE719,G:\Downloads\HDWoWModels\Project Reforged\Playable_Races_Isolated_2026-10-04\Tuskarr\Character\ByArchive\patch-Z.MPQ\Character\TUSKARR\MALE\TuskarrMale0060-00.anim
patch-Z.MPQ,Tuskarr,Character,Character\TUSKARR\MALE\TuskarrMale0062-00.anim,16000,DEA26722ECBA655B0CA576BF3DA070A3D6A4E319,G:\Downloads\HDWoWModels\Project Reforged\Playable_Races_Isolated_2026-10-04\Tuskarr\Character\ByArchive\patch-Z.MPQ\Character\TUSKARR\MALE\TuskarrMale0062-00.anim
patch-Z.MPQ,Tuskarr,Character,Character\TUSKARR\MALE\TuskarrMale0084-00.anim,12272,55BE4B570CD929E90FCDA7B2CD40A893A37AA4AB,G:\Downloads\HDWoWModels\Project Reforged\Playable_Races_Isolated_2026-10-04\Tuskarr\Character\ByArchive\patch-Z.MPQ\Character\TUSKARR\MALE\TuskarrMale0084-00.anim
patch-Z.MPQ,Tuskarr,Character,Character\TUSKARR\MALE\TuskarrMale0096-00.anim,24592,A6DAAFA63536C5D40D8D8DE127A34899221B8307,G:\Downloads\HDWoWModels\Project Reforged\Playable_Races_Isolated_2026-10-04\Tuskarr\Character\ByArchive\patch-Z.MPQ\Character\TUSKARR\MALE\TuskarrMale0096-00.anim
patch-Z.MPQ,Tuskarr,Character,Character\TUSKARR\MALE\TuskarrMale0097-00.anim,9312,DE59717D8E3495FFEA45DAAB7FB1D15B83857FFC,G:\Downloads\HDWoWModels\Project Reforged\Playable_Races_Isolated_2026-10-04\Tuskarr\Character\ByArchive\patch-Z.MPQ\Character\TUSKARR\MALE\TuskarrMale0097-00.anim
patch-Z.MPQ,Tuskarr,Character,Character\TUSKARR\MALE\TuskarrMale0098-00.anim,17184,D7D8086FDCAC4CA8FE4E2513618809B587434E18,G:\Downloads\HDWoWModels\Project Reforged\Playable_Races_Isolated_2026-10-04\Tuskarr\Character\ByArchive\patch-Z.MPQ\Character\TUSKARR\MALE\TuskarrMale0098-00.anim
patch-Z.MPQ,Tuskarr,Character,Character\TUSKARR\MALE\TuskarrMale01.skin,87504,1D54C0A2CE1272667730233BC251C2F7841D986D,G:\Downloads\HDWoWModels\Project Reforged\Playable_Races_Isolated_2026-10-04\Tuskarr\Character\ByArchive\patch-Z.MPQ\Character\TUSKARR\MALE\TuskarrMale01.skin
patch-Z.MPQ,Tuskarr,Character,Character\TUSKARR\MALE\TuskarrMale0123-00.anim,10416,B84E8624D4AF08FD92AA0F666D7E4951956CF2E6,G:\Downloads\HDWoWModels\Project Reforged\Playable_Races_Isolated_2026-10-04\Tuskarr\Character\ByArchive\patch-Z.MPQ\Character\TUSKARR\MALE\TuskarrMale0123-00.anim
patch-Z.MPQ,Tuskarr,Character,Character\TUSKARR\MALE\TuskarrMale0128-00.anim,4736,A0F2DCB8C80D770D953C675CCE3C4E7E221B972F,G:\Downloads\HDWoWModels\Project Reforged\Playable_Races_Isolated_2026-10-04\Tuskarr\Character\ByArchive\patch-Z.MPQ\Character\TUSKARR\MALE\TuskarrMale0128-00.anim
patch-Z.MPQ,Tuskarr,Character,Character\TUSKARR\MALE\TuskarrMale0129-00.anim,6160,40310C96CE68206C9028A7ECB32BB977805CEEF8,G:\Downloads\HDWoWModels\Project Reforged\Playable_Races_Isolated_2026-10-04\Tuskarr\Character\ByArchive\patch-Z.MPQ\Character\TUSKARR\MALE\TuskarrMale0129-00.anim
patch-Z.MPQ,Tuskarr,Character,Character\TUSKARR\MALE\TuskarrMale0133-00.anim,14320,6AC175243D04512B4EE3705149B39238ED4B5B1C,G:\Downloads\HDWoWModels\Project Reforged\Playable_Races_Isolated_2026-10-04\Tuskarr\Character\ByArchive\patch-Z.MPQ\Character\TUSKARR\MALE\TuskarrMale0133-00.anim
patch-Z.MPQ,Tuskarr,Character,Character\TUSKARR\MALE\TuskarrMale0134-00.anim,28784,6855C7AA015D0B47D5D5DE4444791ED1A73E3E31,G:\Downloads\HDWoWModels\Project Reforged\Playable_Races_Isolated_2026-10-04\Tuskarr\Character\ByArchive\patch-Z.MPQ\Character\TUSKARR\MALE\TuskarrMale0134-00.anim
patch-Z.MPQ,Tuskarr,Character,Character\TUSKARR\MALE\TuskarrMaleFaceLower00_00.blp,12095,241D0EA9146C1E61087D9A33D140A6768FB19A59,G:\Downloads\HDWoWModels\Project Reforged\Playable_Races_Isolated_2026-10-04\Tuskarr\Character\ByArchive\patch-Z.MPQ\Character\TUSKARR\MALE\TuskarrMaleFaceLower00_00.blp
patch-Z.MPQ,Tuskarr,Character,Character\TUSKARR\MALE\TuskarrMaleFaceLower00_01.blp,12095,CB71994A86606350F8B31700E6D1E10E62BDBE07,G:\Downloads\HDWoWModels\Project Reforged\Playable_Races_Isolated_2026-10-04\Tuskarr\Character\ByArchive\patch-Z.MPQ\Character\TUSKARR\MALE\TuskarrMaleFaceLower00_01.blp
patch-Z.MPQ,Tuskarr,Character,Character\TUSKARR\MALE\TuskarrMaleFaceLower00_02.blp,12095,38322CD5626EA8CE6DD13B00808745D53DB4EEAE,G:\Downloads\HDWoWModels\Project Reforged\Playable_Races_Isolated_2026-10-04\Tuskarr\Character\ByArchive\patch-Z.MPQ\Character\TUSKARR\MALE\TuskarrMaleFaceLower00_02.blp
patch-Z.MPQ,Tuskarr,Character,Character\TUSKARR\MALE\TuskarrMaleFaceLower00_03.blp,12095,F3DF6873C76A57E8EE87BC00EAF2F2F1440C8F04,G:\Downloads\HDWoWModels\Project Reforged\Playable_Races_Isolated_2026-10-04\Tuskarr\Character\ByArchive\patch-Z.MPQ\Character\TUSKARR\MALE\TuskarrMaleFaceLower00_03.blp
patch-Z.MPQ,Tuskarr,Character,Character\TUSKARR\MALE\TuskarrMaleFaceLower00_04.blp,12095,467AB771DBBF063C34557FC6B98AADBC64F21C75,G:\Downloads\HDWoWModels\Project Reforged\Playable_Races_Isolated_2026-10-04\Tuskarr\Character\ByArchive\patch-Z.MPQ\Character\TUSKARR\MALE\TuskarrMaleFaceLower00_04.blp
patch-Z.MPQ,Tuskarr,Character,Character\TUSKARR\MALE\TuskarrMaleFaceLower00_05.blp,12095,F183BC762748EBAE09504DA76CCDD3832DF8E318,G:\Downloads\HDWoWModels\Project Reforged\Playable_Races_Isolated_2026-10-04\Tuskarr\Character\ByArchive\patch-Z.MPQ\Character\TUSKARR\MALE\TuskarrMaleFaceLower00_05.blp
patch-Z.MPQ,Tuskarr,Character,Character\TUSKARR\MALE\TuskarrMaleFaceLower00_06.blp,12095,20620994278C315561A9DD9E677E8FA2623C755E,G:\Downloads\HDWoWModels\Project Reforged\Playable_Races_Isolated_2026-10-04\Tuskarr\Character\ByArchive\patch-Z.MPQ\Character\TUSKARR\MALE\TuskarrMaleFaceLower00_06.blp
patch-Z.MPQ,Tuskarr,Character,Character\TUSKARR\MALE\TuskarrMaleFaceLower01_00.blp,44863,5D6DE1364CE1FB4BAB4C176B1505AACF71608AB3,G:\Downloads\HDWoWModels\Project Reforged\Playable_Races_Isolated_2026-10-04\Tuskarr\Character\ByArchive\patch-Z.MPQ\Character\TUSKARR\MALE\TuskarrMaleFaceLower01_00.blp
patch-Z.MPQ,Tuskarr,Character,Character\TUSKARR\MALE\TuskarrMaleFaceLower02_00.blp,44863,389E890E8656AF0218F257BFFD0D6A180E006745,G:\Downloads\HDWoWModels\Project Reforged\Playable_Races_Isolated_2026-10-04\Tuskarr\Character\ByArchive\patch-Z.MPQ\Character\TUSKARR\MALE\TuskarrMaleFaceLower02_00.blp
patch-Z.MPQ,Tuskarr,Character,Character\TUSKARR\MALE\TuskarrMaleFaceLower03_00.blp,44863,F3E58280CCF5DABA7A577AFE45A30C7116ABE64E,G:\Downloads\HDWoWModels\Project Reforged\Playable_Races_Isolated_2026-10-04\Tuskarr\Character\ByArchive\patch-Z.MPQ\Character\TUSKARR\MALE\TuskarrMaleFaceLower03_00.blp
patch-Z.MPQ,Tuskarr,Character,Character\TUSKARR\MALE\TuskarrMaleFaceLower04_00.blp,44863,2EAA967B910565EA2931F56BB152EE62088CC7CE,G:\Downloads\HDWoWModels\Project Reforged\Playable_Races_Isolated_2026-10-04\Tuskarr\Character\ByArchive\patch-Z.MPQ\Character\TUSKARR\MALE\TuskarrMaleFaceLower04_00.blp
patch-Z.MPQ,Tuskarr,Character,Character\TUSKARR\MALE\TuskarrMaleFaceLower05_00.blp,44863,1867523EC5FD70F97DDB0EB902C55E20D61C46A9,G:\Downloads\HDWoWModels\Project Reforged\Playable_Races_Isolated_2026-10-04\Tuskarr\Character\ByArchive\patch-Z.MPQ\Character\TUSKARR\MALE\TuskarrMaleFaceLower05_00.blp
patch-Z.MPQ,Tuskarr,Character,Character\TUSKARR\MALE\TuskarrMaleFaceLower06_00.blp,44863,228B8546A989B5DEC3E69DF540CA13E16F47F07E,G:\Downloads\HDWoWModels\Project Reforged\Playable_Races_Isolated_2026-10-04\Tuskarr\Character\ByArchive\patch-Z.MPQ\Character\TUSKARR\MALE\TuskarrMaleFaceLower06_00.blp
patch-Z.MPQ,Tuskarr,Character,Character\TUSKARR\MALE\TuskarrMaleFaceUpper00_00.blp,6635,99EEE05F7100EA7D2EF3EA38CF8AC52C13509FC5,G:\Downloads\HDWoWModels\Project Reforged\Playable_Races_Isolated_2026-10-04\Tuskarr\Character\ByArchive\patch-Z.MPQ\Character\TUSKARR\MALE\TuskarrMaleFaceUpper00_00.blp
patch-Z.MPQ,Tuskarr,Character,Character\TUSKARR\MALE\TuskarrMaleFaceUpper00_01.blp,6635,AAE79673662291ADFEDD6783BFC5A1683557D119,G:\Downloads\HDWoWModels\Project Reforged\Playable_Races_Isolated_2026-10-04\Tuskarr\Character\ByArchive\patch-Z.MPQ\Character\TUSKARR\MALE\TuskarrMaleFaceUpper00_01.blp
patch-Z.MPQ,Tuskarr,Character,Character\TUSKARR\MALE\TuskarrMaleFaceUpper00_02.blp,6635,E08E7B969E951F250BD201CC772ABBF66715BFB4,G:\Downloads\HDWoWModels\Project Reforged\Playable_Races_Isolated_2026-10-04\Tuskarr\Character\ByArchive\patch-Z.MPQ\Character\TUSKARR\MALE\TuskarrMaleFaceUpper00_02.blp
patch-Z.MPQ,Tuskarr,Character,Character\TUSKARR\MALE\TuskarrMaleFaceUpper00_03.blp,6635,F364177C7AB3A0C96FDA994C24A90E4FD686ADFE,G:\Downloads\HDWoWModels\Project Reforged\Playable_Races_Isolated_2026-10-04\Tuskarr\Character\ByArchive\patch-Z.MPQ\Character\TUSKARR\MALE\TuskarrMaleFaceUpper00_03.blp
patch-Z.MPQ,Tuskarr,Character,Character\TUSKARR\MALE\TuskarrMaleFaceUpper00_04.blp,6635,841498FFEC5CBE51438561375F7114F14A2C848F,G:\Downloads\HDWoWModels\Project Reforged\Playable_Races_Isolated_2026-10-04\Tuskarr\Character\ByArchive\patch-Z.MPQ\Character\TUSKARR\MALE\TuskarrMaleFaceUpper00_04.blp
patch-Z.MPQ,Tuskarr,Character,Character\TUSKARR\MALE\TuskarrMaleFaceUpper00_05.blp,6635,9A2FCD2E4AFDF38F2F61599702AD3D343C1647C9,G:\Downloads\HDWoWModels\Project Reforged\Playable_Races_Isolated_2026-10-04\Tuskarr\Character\ByArchive\patch-Z.MPQ\Character\TUSKARR\MALE\TuskarrMaleFaceUpper00_05.blp
patch-Z.MPQ,Tuskarr,Character,Character\TUSKARR\MALE\TuskarrMaleFaceUpper00_06.blp,6635,73836885491BECF962B88E2950CEAE8A92C8928A,G:\Downloads\HDWoWModels\Project Reforged\Playable_Races_Isolated_2026-10-04\Tuskarr\Character\ByArchive\patch-Z.MPQ\Character\TUSKARR\MALE\TuskarrMaleFaceUpper00_06.blp
patch-Z.MPQ,Tuskarr,Character,Character\TUSKARR\MALE\TuskarrMaleFaceUpper01_00.blp,23019,0E0AD90189895FF48695F9383320B48387931DC1,G:\Downloads\HDWoWModels\Project Reforged\Playable_Races_Isolated_2026-10-04\Tuskarr\Character\ByArchive\patch-Z.MPQ\Character\TUSKARR\MALE\TuskarrMaleFaceUpper01_00.blp
patch-Z.MPQ,Tuskarr,Character,Character\TUSKARR\MALE\TuskarrMaleFaceUpper02_00.blp,23019,A1982122DA1FF97FC92D54CC3CA50A83AF3AC287,G:\Downloads\HDWoWModels\Project Reforged\Playable_Races_Isolated_2026-10-04\Tuskarr\Character\ByArchive\patch-Z.MPQ\Character\TUSKARR\MALE\TuskarrMaleFaceUpper02_00.blp
patch-Z.MPQ,Tuskarr,Character,Character\TUSKARR\MALE\TuskarrMaleFaceUpper03_00.blp,23019,A2468C212C25D68D747BC44DEEEE228D2A8927BA,G:\Downloads\HDWoWModels\Project Reforged\Playable_Races_Isolated_2026-10-04\Tuskarr\Character\ByArchive\patch-Z.MPQ\Character\TUSKARR\MALE\TuskarrMaleFaceUpper03_00.blp
patch-Z.MPQ,Tuskarr,Character,Character\TUSKARR\MALE\TuskarrMaleFaceUpper04_00.blp,23019,F701BA8D324FF3877B5C6F45CC93FCE676168972,G:\Downloads\HDWoWModels\Project Reforged\Playable_Races_Isolated_2026-10-04\Tuskarr\Character\ByArchive\patch-Z.MPQ\Character\TUSKARR\MALE\TuskarrMaleFaceUpper04_00.blp
patch-Z.MPQ,Tuskarr,Character,Character\TUSKARR\MALE\TuskarrMaleFaceUpper05_00.blp,23019,46277FCDE4483B1D120FDDBC2DD15A75538320D5,G:\Downloads\HDWoWModels\Project Reforged\Playable_Races_Isolated_2026-10-04\Tuskarr\Character\ByArchive\patch-Z.MPQ\Character\TUSKARR\MALE\TuskarrMaleFaceUpper05_00.blp
patch-Z.MPQ,Tuskarr,Character,Character\TUSKARR\MALE\TuskarrMaleFaceUpper06_00.blp,23019,B8744A91787568A21C4672BF9EAF78CD03243DA2,G:\Downloads\HDWoWModels\Project Reforged\Playable_Races_Isolated_2026-10-04\Tuskarr\Character\ByArchive\patch-Z.MPQ\Character\TUSKARR\MALE\TuskarrMaleFaceUpper06_00.blp
patch-Z.MPQ,Tuskarr,Character,Character\TUSKARR\MALE\TuskarrMaleNakedPelvisSkin00_00.blp,12095,4915DD1BD98D0B5EA840F6615E38E53190ABF650,G:\Downloads\HDWoWModels\Project Reforged\Playable_Races_Isolated_2026-10-04\Tuskarr\Character\ByArchive\patch-Z.MPQ\Character\TUSKARR\MALE\TuskarrMaleNakedPelvisSkin00_00.blp
patch-Z.MPQ,Tuskarr,Character,Character\TUSKARR\MALE\TuskarrMaleNakedPelvisSkin00_01.blp,12095,72CFBE92FF8E0B93CE9D42114EC9D22AC3F2C09B,G:\Downloads\HDWoWModels\Project Reforged\Playable_Races_Isolated_2026-10-04\Tuskarr\Character\ByArchive\patch-Z.MPQ\Character\TUSKARR\MALE\TuskarrMaleNakedPelvisSkin00_01.blp
patch-Z.MPQ,Tuskarr,Character,Character\TUSKARR\MALE\TuskarrMaleNakedPelvisSkin00_02.blp,12095,CC2E33621170B39CDBB039B62B64E7FCE31E3ABB,G:\Downloads\HDWoWModels\Project Reforged\Playable_Races_Isolated_2026-10-04\Tuskarr\Character\ByArchive\patch-Z.MPQ\Character\TUSKARR\MALE\TuskarrMaleNakedPelvisSkin00_02.blp
patch-Z.MPQ,Tuskarr,Character,Character\TUSKARR\MALE\TuskarrMaleNakedPelvisSkin00_03.blp,12095,416F9E48DFE6C15879D8379327F85E0E76EE94BF,G:\Downloads\HDWoWModels\Project Reforged\Playable_Races_Isolated_2026-10-04\Tuskarr\Character\ByArchive\patch-Z.MPQ\Character\TUSKARR\MALE\TuskarrMaleNakedPelvisSkin00_03.blp
patch-Z.MPQ,Tuskarr,Character,Character\TUSKARR\MALE\TuskarrMaleNakedPelvisSkin00_04.blp,12095,638C924D7067D2B57ED8022BC9EA121D8305BA27,G:\Downloads\HDWoWModels\Project Reforged\Playable_Races_Isolated_2026-10-04\Tuskarr\Character\ByArchive\patch-Z.MPQ\Character\TUSKARR\MALE\TuskarrMaleNakedPelvisSkin00_04.blp
patch-Z.MPQ,Tuskarr,Character,Character\TUSKARR\MALE\TuskarrMaleNakedPelvisSkin00_05.blp,12095,813C69671B95BEF76F92152C9CDE94C24BED3430,G:\Downloads\HDWoWModels\Project Reforged\Playable_Races_Isolated_2026-10-04\Tuskarr\Character\ByArchive\patch-Z.MPQ\Character\TUSKARR\MALE\TuskarrMaleNakedPelvisSkin00_05.blp
patch-Z.MPQ,Tuskarr,Character,Character\TUSKARR\MALE\TuskarrMaleNakedPelvisSkin00_06.blp,12095,C1B9F4EE72E7103A5114FEFB774F8D0B08C1D4FF,G:\Downloads\HDWoWModels\Project Reforged\Playable_Races_Isolated_2026-10-04\Tuskarr\Character\ByArchive\patch-Z.MPQ\Character\TUSKARR\MALE\TuskarrMaleNakedPelvisSkin00_06.blp
patch-Z.MPQ,Tuskarr,Character,Character\TUSKARR\MALE\TuskarrMaleSkin00_00.blp,88553,08D39E82388DC0D070CCDF3C4BB5321239F6F987,G:\Downloads\HDWoWModels\Project Reforged\Playable_Races_Isolated_2026-10-04\Tuskarr\Character\ByArchive\patch-Z.MPQ\Character\TUSKARR\MALE\TuskarrMaleSkin00_00.blp
patch-Z.MPQ,Tuskarr,Character,Character\TUSKARR\MALE\TuskarrMaleSkin00_01.blp,88553,D7C4479248601CBBF65475CDFF2327C6C5D94BD8,G:\Downloads\HDWoWModels\Project Reforged\Playable_Races_Isolated_2026-10-04\Tuskarr\Character\ByArchive\patch-Z.MPQ\Character\TUSKARR\MALE\TuskarrMaleSkin00_01.blp
patch-Z.MPQ,Tuskarr,Character,Character\TUSKARR\MALE\TuskarrMaleSkin00_02.blp,88553,1576B0EFE3A41F6EBABD13AE5A210326FFDF7D94,G:\Downloads\HDWoWModels\Project Reforged\Playable_Races_Isolated_2026-10-04\Tuskarr\Character\ByArchive\patch-Z.MPQ\Character\TUSKARR\MALE\TuskarrMaleSkin00_02.blp
patch-Z.MPQ,Tuskarr,Character,Character\TUSKARR\MALE\TuskarrMaleSkin00_03.blp,88553,B1B383567FCB550453F867CDA3FD843D7432F7CF,G:\Downloads\HDWoWModels\Project Reforged\Playable_Races_Isolated_2026-10-04\Tuskarr\Character\ByArchive\patch-Z.MPQ\Character\TUSKARR\MALE\TuskarrMaleSkin00_03.blp
patch-Z.MPQ,Tuskarr,Character,Character\TUSKARR\MALE\TuskarrMaleSkin00_04.blp,88553,3C88BDE2DC667FF831A91877FE1008150A1D458D,G:\Downloads\HDWoWModels\Project Reforged\Playable_Races_Isolated_2026-10-04\Tuskarr\Character\ByArchive\patch-Z.MPQ\Character\TUSKARR\MALE\TuskarrMaleSkin00_04.blp
patch-Z.MPQ,Tuskarr,Character,Character\TUSKARR\MALE\TuskarrMaleSkin00_05.blp,88553,4BAB22667D02E9B347DC1F2555DC6B694E9AE2B2,G:\Downloads\HDWoWModels\Project Reforged\Playable_Races_Isolated_2026-10-04\Tuskarr\Character\ByArchive\patch-Z.MPQ\Character\TUSKARR\MALE\TuskarrMaleSkin00_05.blp
patch-Z.MPQ,Tuskarr,Character,Character\TUSKARR\MALE\TuskarrMaleSkin00_06.blp,88553,6428DF25B47F15107CB9ADAD3AE0525B0D3405D0,G:\Downloads\HDWoWModels\Project Reforged\Playable_Races_Isolated_2026-10-04\Tuskarr\Character\ByArchive\patch-Z.MPQ\Character\TUSKARR\MALE\TuskarrMaleSkin00_06.blp
patch-Z.MPQ,Shared,DBC,DBFilesClient\CharacterFacialHairStyles.dbc,50900,1E721503781BE6007CA4AA55F8EDF28921BD0BF7,G:\Downloads\HDWoWModels\Project Reforged\Playable_Races_Isolated_2026-10-04\Shared\DBC\ByArchive\patch-Z.MPQ\DBFilesClient\CharacterFacialHairStyles.dbc
patch-Z.MPQ,Shared,DBC,DBFilesClient\CharBaseInfo.dbc,518,DE90F3EABAD607D5ADCA15E013A16397B76C4A41,G:\Downloads\HDWoWModels\Project Reforged\Playable_Races_Isolated_2026-10-04\Shared\DBC\ByArchive\patch-Z.MPQ\DBFilesClient\CharBaseInfo.dbc
patch-Z.MPQ,Shared,DBC,DBFilesClient\CharHairGeosets.dbc,25460,F6EA34159D9323ED7539345AA2F677A18AF26E17,G:\Downloads\HDWoWModels\Project Reforged\Playable_Races_Isolated_2026-10-04\Shared\DBC\ByArchive\patch-Z.MPQ\DBFilesClient\CharHairGeosets.dbc
patch-Z.MPQ,Shared,DBC,DBFilesClient\CharHairTextures.dbc,2997,7BC121C37EDF4673853FD184DEA0222E6C28569C,G:\Downloads\HDWoWModels\Project Reforged\Playable_Races_Isolated_2026-10-04\Shared\DBC\ByArchive\patch-Z.MPQ\DBFilesClient\CharHairTextures.dbc
patch-Z.MPQ,Shared,DBC,DBFilesClient\CharSections.dbc,5810970,5F8EB209A7FF67D6FDDF083E4FC6C3E41DD066E7,G:\Downloads\HDWoWModels\Project Reforged\Playable_Races_Isolated_2026-10-04\Shared\DBC\ByArchive\patch-Z.MPQ\DBFilesClient\CharSections.dbc
patch-Z.MPQ,Shared,DBC,DBFilesClient\CharStartOutfit.dbc,291580,AE0C189A623556DF50EB4345808329BD595FA194,G:\Downloads\HDWoWModels\Project Reforged\Playable_Races_Isolated_2026-10-04\Shared\DBC\ByArchive\patch-Z.MPQ\DBFilesClient\CharStartOutfit.dbc
patch-Z.MPQ,Shared,DBC,DBFilesClient\ChrRaces.dbc,14885,E63C2A26FBEE9CFF685629D9EB6703588BE2842F,G:\Downloads\HDWoWModels\Project Reforged\Playable_Races_Isolated_2026-10-04\Shared\DBC\ByArchive\patch-Z.MPQ\DBFilesClient\ChrRaces.dbc
patch-Z.MPQ,Shared,DBC,DBFilesClient\CreatureDisplayInfo.dbc,5713579,3B08BEDC471909CD159B2047B11E1A7AD1432E63,G:\Downloads\HDWoWModels\Project Reforged\Playable_Races_Isolated_2026-10-04\Shared\DBC\ByArchive\patch-Z.MPQ\DBFilesClient\CreatureDisplayInfo.dbc
patch-Z.MPQ,Shared,DBC,DBFilesClient\CreatureDisplayInfoExtra.dbc,3284084,02EB92AB5F7982C9658752A6B29514A0E8EDA84A,G:\Downloads\HDWoWModels\Project Reforged\Playable_Races_Isolated_2026-10-04\Shared\DBC\ByArchive\patch-Z.MPQ\DBFilesClient\CreatureDisplayInfoExtra.dbc
patch-Z.MPQ,Shared,DBC,DBFilesClient\CreatureModelData.dbc,5597012,F375611DA409CFF7E13C4D0681CEC1C54F7F40F7,G:\Downloads\HDWoWModels\Project Reforged\Playable_Races_Isolated_2026-10-04\Shared\DBC\ByArchive\patch-Z.MPQ\DBFilesClient\CreatureModelData.dbc
patch-Z.MPQ,Shared,DBC,DBFilesClient\SkillRaceClassInfo.dbc,12436,C410C4F939B83A27A479280520D5514434F24863,G:\Downloads\HDWoWModels\Project Reforged\Playable_Races_Isolated_2026-10-04\Shared\DBC\ByArchive\patch-Z.MPQ\DBFilesClient\SkillRaceClassInfo.dbc
patch-Z.MPQ,Furbolg,UI,Interface\GLUES\Models\UI_ReforgedFurbolg\UI_ReforgedFurbolg.m2,1188642,D8EC597BB453C6CBB63BAB38DC9FB7AF2D06CD10,G:\Downloads\HDWoWModels\Project Reforged\Playable_Races_Isolated_2026-10-04\Furbolg\UI\ByArchive\patch-Z.MPQ\Interface\GLUES\Models\UI_ReforgedFurbolg\UI_ReforgedFurbolg.m2
patch-Z.MPQ,Furbolg,UI,Interface\GLUES\Models\UI_ReforgedFurbolg\UI_ReforgedFurbolg00.skin,242432,482E1A39CB7037CFAC79B29B0E19AC5CBF6D3268,G:\Downloads\HDWoWModels\Project Reforged\Playable_Races_Isolated_2026-10-04\Furbolg\UI\ByArchive\patch-Z.MPQ\Interface\GLUES\Models\UI_ReforgedFurbolg\UI_ReforgedFurbolg00.skin
patch-Z.MPQ,Furbolg,UI,Interface\GLUES\Models\UI_ReforgedFurbolg\UI_ReforgedFurbolg01.skin,242432,64C6603F1EE922E57E3DF85FB7CA749139275164,G:\Downloads\HDWoWModels\Project Reforged\Playable_Races_Isolated_2026-10-04\Furbolg\UI\ByArchive\patch-Z.MPQ\Interface\GLUES\Models\UI_ReforgedFurbolg\UI_ReforgedFurbolg01.skin
patch-Z.MPQ,Furbolg,UI,Interface\GLUES\Models\UI_ReforgedFurbolg\UI_ReforgedFurbolg02.skin,242432,DC68C5E63FCDBA03EBE1D4504F462BEE7C3321C5,G:\Downloads\HDWoWModels\Project Reforged\Playable_Races_Isolated_2026-10-04\Furbolg\UI\ByArchive\patch-Z.MPQ\Interface\GLUES\Models\UI_ReforgedFurbolg\UI_ReforgedFurbolg02.skin
patch-Z.MPQ,Furbolg,UI,Interface\GLUES\Models\UI_ReforgedFurbolg\UI_ReforgedFurbolg03.skin,242432,08A29ED3BDD0C3F500953414E5B35F842D81AA05,G:\Downloads\HDWoWModels\Project Reforged\Playable_Races_Isolated_2026-10-04\Furbolg\UI\ByArchive\patch-Z.MPQ\Interface\GLUES\Models\UI_ReforgedFurbolg\UI_ReforgedFurbolg03.skin
patch-Z.MPQ,Ogre,UI,Interface\GLUES\Models\UI_ReforgedOgre\UI_ReforgedOgre.m2,541856,1DC52EA47B07DA25A50EC5283E48D0558D12909E,G:\Downloads\HDWoWModels\Project Reforged\Playable_Races_Isolated_2026-10-04\Ogre\UI\ByArchive\patch-Z.MPQ\Interface\GLUES\Models\UI_ReforgedOgre\UI_ReforgedOgre.m2
patch-Z.MPQ,Ogre,UI,Interface\GLUES\Models\UI_ReforgedOgre\UI_ReforgedOgre00.skin,132696,170F02D870222A1738561D57A671EBC193E4766B,G:\Downloads\HDWoWModels\Project Reforged\Playable_Races_Isolated_2026-10-04\Ogre\UI\ByArchive\patch-Z.MPQ\Interface\GLUES\Models\UI_ReforgedOgre\UI_ReforgedOgre00.skin
patch-Z.MPQ,Ogre,UI,Interface\GLUES\Models\UI_ReforgedOgre\UI_ReforgedOgre01.skin,132696,3C0C3EE19061F051CF2684BCE6532E22FF48C2EE,G:\Downloads\HDWoWModels\Project Reforged\Playable_Races_Isolated_2026-10-04\Ogre\UI\ByArchive\patch-Z.MPQ\Interface\GLUES\Models\UI_ReforgedOgre\UI_ReforgedOgre01.skin
patch-Z.MPQ,Ogre,UI,Interface\GLUES\Models\UI_ReforgedOgre\UI_ReforgedOgre02.skin,132696,9510238C1918DF1EA82795D462FADA5CCC5C7399,G:\Downloads\HDWoWModels\Project Reforged\Playable_Races_Isolated_2026-10-04\Ogre\UI\ByArchive\patch-Z.MPQ\Interface\GLUES\Models\UI_ReforgedOgre\UI_ReforgedOgre02.skin
patch-Z.MPQ,Ogre,UI,Interface\GLUES\Models\UI_ReforgedOgre\UI_ReforgedOgre03.skin,132824,C61AC444CB71EB215C305D9B8ABE3E729E362432,G:\Downloads\HDWoWModels\Project Reforged\Playable_Races_Isolated_2026-10-04\Ogre\UI\ByArchive\patch-Z.MPQ\Interface\GLUES\Models\UI_ReforgedOgre\UI_ReforgedOgre03.skin
patch-Z.MPQ,Tuskarr,UI,Interface\GLUES\Models\UI_ReforgedTuskarr\UI_ReforgedTuskarr.m2,1188642,D8EC597BB453C6CBB63BAB38DC9FB7AF2D06CD10,G:\Downloads\HDWoWModels\Project Reforged\Playable_Races_Isolated_2026-10-04\Tuskarr\UI\ByArchive\patch-Z.MPQ\Interface\GLUES\Models\UI_ReforgedTuskarr\UI_ReforgedTuskarr.m2
patch-Z.MPQ,Tuskarr,UI,Interface\GLUES\Models\UI_ReforgedTuskarr\UI_ReforgedTuskarr00.skin,242432,482E1A39CB7037CFAC79B29B0E19AC5CBF6D3268,G:\Downloads\HDWoWModels\Project Reforged\Playable_Races_Isolated_2026-10-04\Tuskarr\UI\ByArchive\patch-Z.MPQ\Interface\GLUES\Models\UI_ReforgedTuskarr\UI_ReforgedTuskarr00.skin
patch-Z.MPQ,Tuskarr,UI,Interface\GLUES\Models\UI_ReforgedTuskarr\UI_ReforgedTuskarr01.skin,242432,64C6603F1EE922E57E3DF85FB7CA749139275164,G:\Downloads\HDWoWModels\Project Reforged\Playable_Races_Isolated_2026-10-04\Tuskarr\UI\ByArchive\patch-Z.MPQ\Interface\GLUES\Models\UI_ReforgedTuskarr\UI_ReforgedTuskarr01.skin
patch-Z.MPQ,Tuskarr,UI,Interface\GLUES\Models\UI_ReforgedTuskarr\UI_ReforgedTuskarr02.skin,242432,DC68C5E63FCDBA03EBE1D4504F462BEE7C3321C5,G:\Downloads\HDWoWModels\Project Reforged\Playable_Races_Isolated_2026-10-04\Tuskarr\UI\ByArchive\patch-Z.MPQ\Interface\GLUES\Models\UI_ReforgedTuskarr\UI_ReforgedTuskarr02.skin
patch-Z.MPQ,Tuskarr,UI,Interface\GLUES\Models\UI_ReforgedTuskarr\UI_ReforgedTuskarr03.skin,242432,08A29ED3BDD0C3F500953414E5B35F842D81AA05,G:\Downloads\HDWoWModels\Project Reforged\Playable_Races_Isolated_2026-10-04\Tuskarr\UI\ByArchive\patch-Z.MPQ\Interface\GLUES\Models\UI_ReforgedTuskarr\UI_ReforgedTuskarr03.skin
patch-Z.MPQ,Ogre,UI,Interface\Icons\Achievement_Reputation_Ogre.blp,6660,029FBA49246276F5D0E5E4276BEACC8C63E79D57,G:\Downloads\HDWoWModels\Project Reforged\Playable_Races_Isolated_2026-10-04\Ogre\UI\ByArchive\patch-Z.MPQ\Interface\Icons\Achievement_Reputation_Ogre.blp
patch-Z.MPQ,Tuskarr,UI,Interface\Icons\Achievement_Reputation_Tuskarr.blp,6660,0B9C874F4EFCE4225DE5CEA4A8D9734E9819C1E6,G:\Downloads\HDWoWModels\Project Reforged\Playable_Races_Isolated_2026-10-04\Tuskarr\UI\ByArchive\patch-Z.MPQ\Interface\Icons\Achievement_Reputation_Tuskarr.blp
patch-Z.MPQ,Furbolg,UI,Interface\reforgedfurbolg\furbolgportrait.blp,175934,F2338056A15F553E97E93C142E9998220BAD4A7B,G:\Downloads\HDWoWModels\Project Reforged\Playable_Races_Isolated_2026-10-04\Furbolg\UI\ByArchive\patch-Z.MPQ\Interface\reforgedfurbolg\furbolgportrait.blp
patch-Z.MPQ,Ogre,UI,Interface\reforgedogre\ogreportrait.blp,6660,029FBA49246276F5D0E5E4276BEACC8C63E79D57,G:\Downloads\HDWoWModels\Project Reforged\Playable_Races_Isolated_2026-10-04\Ogre\UI\ByArchive\patch-Z.MPQ\Interface\reforgedogre\ogreportrait.blp
patch-Z.MPQ,Tuskarr,UI,Interface\reforgedoriginal\tuskarrportrait.blp,175934,D002E2F1DCF034BC14F2FEF8E4E4B1A7CCD823D3,G:\Downloads\HDWoWModels\Project Reforged\Playable_Races_Isolated_2026-10-04\Tuskarr\UI\ByArchive\patch-Z.MPQ\Interface\reforgedoriginal\tuskarrportrait.blp
patch-ZZ.MPQ,Shared,DBC,DBFilesClient\CharacterFacialHairStyles.dbc,51348,B6714B6BF8D54C67B9CFE36519DCCE030785D79A,G:\Downloads\HDWoWModels\Project Reforged\Playable_Races_Isolated_2026-10-04\Shared\DBC\ByArchive\patch-ZZ.MPQ\DBFilesClient\CharacterFacialHairStyles.dbc
patch-ZZ.MPQ,Shared,DBC,DBFilesClient\CharBaseInfo.dbc,504,93D12C24FDE0A1F6231175A98214709D71B66374,G:\Downloads\HDWoWModels\Project Reforged\Playable_Races_Isolated_2026-10-04\Shared\DBC\ByArchive\patch-ZZ.MPQ\DBFilesClient\CharBaseInfo.dbc
patch-ZZ.MPQ,Shared,DBC,DBFilesClient\CharHairGeosets.dbc,26084,A400CBF22D43C572138AD330078E821E39ED955D,G:\Downloads\HDWoWModels\Project Reforged\Playable_Races_Isolated_2026-10-04\Shared\DBC\ByArchive\patch-ZZ.MPQ\DBFilesClient\CharHairGeosets.dbc
patch-ZZ.MPQ,Shared,DBC,DBFilesClient\CharSections.dbc,7064722,4D8E6D0967E5E42D4FAD6EA9E0374A628EAE7326,G:\Downloads\HDWoWModels\Project Reforged\Playable_Races_Isolated_2026-10-04\Shared\DBC\ByArchive\patch-ZZ.MPQ\DBFilesClient\CharSections.dbc
patch-ZZ.MPQ,Shared,DBC,DBFilesClient\CharStartOutfit.dbc,287436,5DEC55DA8DAF2CB76CC17A4270A5405A7B865DCA,G:\Downloads\HDWoWModels\Project Reforged\Playable_Races_Isolated_2026-10-04\Shared\DBC\ByArchive\patch-ZZ.MPQ\DBFilesClient\CharStartOutfit.dbc
patch-ZZ.MPQ,Shared,DBC,DBFilesClient\ChrRaces.dbc,15578,6F676FCB24B07ECC759221752176DF09C6CF56F3,G:\Downloads\HDWoWModels\Project Reforged\Playable_Races_Isolated_2026-10-04\Shared\DBC\ByArchive\patch-ZZ.MPQ\DBFilesClient\ChrRaces.dbc
patch-ZZ.MPQ,Shared,DBC,DBFilesClient\creaturedisplayinfo.dbc,5810539,892AC8CAB6A4634DEC9A602A81F05F8DA70671BD,G:\Downloads\HDWoWModels\Project Reforged\Playable_Races_Isolated_2026-10-04\Shared\DBC\ByArchive\patch-ZZ.MPQ\DBFilesClient\creaturedisplayinfo.dbc
patch-ZZ.MPQ,Shared,DBC,DBFilesClient\creaturedisplayinfoextra.dbc,3345845,A9C4D47C901CC1CD891FD88D5310B59BD97508F5,G:\Downloads\HDWoWModels\Project Reforged\Playable_Races_Isolated_2026-10-04\Shared\DBC\ByArchive\patch-ZZ.MPQ\DBFilesClient\creaturedisplayinfoextra.dbc
patch-ZZ.MPQ,Shared,DBC,DBFilesClient\CreatureModelData.dbc,5656554,0F7BCF923C3B1D9D9C2B9F03745F60A06C242A78,G:\Downloads\HDWoWModels\Project Reforged\Playable_Races_Isolated_2026-10-04\Shared\DBC\ByArchive\patch-ZZ.MPQ\DBFilesClient\CreatureModelData.dbc
patch-ZZ.MPQ,Shared,DBC,DBFilesClient\SkillRaceClassInfo.dbc,12436,2AF3975D0EB20B6417F7A8EA0892C77E85B10EEF,G:\Downloads\HDWoWModels\Project Reforged\Playable_Races_Isolated_2026-10-04\Shared\DBC\ByArchive\patch-ZZ.MPQ\DBFilesClient\SkillRaceClassInfo.dbc
patch-ZZ.MPQ,Ogre,UI,Interface\ReforgedOgre\OgrePortrait.blp,6660,E0FD22AB4D13758325E33064A1CFC40BDB09A776,G:\Downloads\HDWoWModels\Project Reforged\Playable_Races_Isolated_2026-10-04\Ogre\UI\ByArchive\patch-ZZ.MPQ\Interface\ReforgedOgre\OgrePortrait.blp
patch-ZZZZZZZZZZZZZZZZZ.MPQ,Shared,DBC,DBFilesClient\SkillRaceClassInfo.dbc,12436,80E5D2B1491E45204A2CDC645DC7BD7BA6621174,G:\Downloads\HDWoWModels\Project Reforged\Playable_Races_Isolated_2026-10-04\Shared\DBC\ByArchive\patch-ZZZZZZZZZZZZZZZZZ.MPQ\DBFilesClient\SkillRaceClassInfo.dbc
patch-ZZZZZZZZZZZZZZZZZZZZ.MPQ,Shared,DBC,DBFilesClient\SkillRaceClassInfo.dbc,12468,4A4B16B334EB713471BC096D76EC514B3B75742C,G:\Downloads\HDWoWModels\Project Reforged\Playable_Races_Isolated_2026-10-04\Shared\DBC\ByArchive\patch-ZZZZZZZZZZZZZZZZZZZZ.MPQ\DBFilesClient\SkillRaceClassInfo.dbc
patch.MPQ,Tuskarr,Character,Character\TUSKARR\MALE\TuskarrMale.M2,1250368,65E055C73EF4B7943775CE9073457573D52B6D41,G:\Downloads\HDWoWModels\Project Reforged\Playable_Races_Isolated_2026-10-04\Tuskarr\Character\ByArchive\patch.MPQ\Character\TUSKARR\MALE\TuskarrMale.M2
patch.MPQ,Tuskarr,Character,Character\TUSKARR\MALE\TuskarrMale00.skin,86976,495C1724E5A247E51704A74409F3A875BA287729,G:\Downloads\HDWoWModels\Project Reforged\Playable_Races_Isolated_2026-10-04\Tuskarr\Character\ByArchive\patch.MPQ\Character\TUSKARR\MALE\TuskarrMale00.skin
patch.MPQ,Tuskarr,Character,Character\TUSKARR\MALE\TuskarrMale0060-00.anim,25360,2C5D9BF6EA72DF992DA28B2EB5C68C5B4D2DE719,G:\Downloads\HDWoWModels\Project Reforged\Playable_Races_Isolated_2026-10-04\Tuskarr\Character\ByArchive\patch.MPQ\Character\TUSKARR\MALE\TuskarrMale0060-00.anim
patch.MPQ,Tuskarr,Character,Character\TUSKARR\MALE\TuskarrMale0062-00.anim,16000,DEA26722ECBA655B0CA576BF3DA070A3D6A4E319,G:\Downloads\HDWoWModels\Project Reforged\Playable_Races_Isolated_2026-10-04\Tuskarr\Character\ByArchive\patch.MPQ\Character\TUSKARR\MALE\TuskarrMale0062-00.anim
patch.MPQ,Tuskarr,Character,Character\TUSKARR\MALE\TuskarrMale0084-00.anim,12272,55BE4B570CD929E90FCDA7B2CD40A893A37AA4AB,G:\Downloads\HDWoWModels\Project Reforged\Playable_Races_Isolated_2026-10-04\Tuskarr\Character\ByArchive\patch.MPQ\Character\TUSKARR\MALE\TuskarrMale0084-00.anim
patch.MPQ,Tuskarr,Character,Character\TUSKARR\MALE\TuskarrMale0096-00.anim,24592,A6DAAFA63536C5D40D8D8DE127A34899221B8307,G:\Downloads\HDWoWModels\Project Reforged\Playable_Races_Isolated_2026-10-04\Tuskarr\Character\ByArchive\patch.MPQ\Character\TUSKARR\MALE\TuskarrMale0096-00.anim
patch.MPQ,Tuskarr,Character,Character\TUSKARR\MALE\TuskarrMale0097-00.anim,9312,DE59717D8E3495FFEA45DAAB7FB1D15B83857FFC,G:\Downloads\HDWoWModels\Project Reforged\Playable_Races_Isolated_2026-10-04\Tuskarr\Character\ByArchive\patch.MPQ\Character\TUSKARR\MALE\TuskarrMale0097-00.anim
patch.MPQ,Tuskarr,Character,Character\TUSKARR\MALE\TuskarrMale0098-00.anim,17184,D7D8086FDCAC4CA8FE4E2513618809B587434E18,G:\Downloads\HDWoWModels\Project Reforged\Playable_Races_Isolated_2026-10-04\Tuskarr\Character\ByArchive\patch.MPQ\Character\TUSKARR\MALE\TuskarrMale0098-00.anim
patch.MPQ,Tuskarr,Character,Character\TUSKARR\MALE\TuskarrMale01.skin,87504,1D54C0A2CE1272667730233BC251C2F7841D986D,G:\Downloads\HDWoWModels\Project Reforged\Playable_Races_Isolated_2026-10-04\Tuskarr\Character\ByArchive\patch.MPQ\Character\TUSKARR\MALE\TuskarrMale01.skin
patch.MPQ,Tuskarr,Character,Character\TUSKARR\MALE\TuskarrMale0123-00.anim,10416,B84E8624D4AF08FD92AA0F666D7E4951956CF2E6,G:\Downloads\HDWoWModels\Project Reforged\Playable_Races_Isolated_2026-10-04\Tuskarr\Character\ByArchive\patch.MPQ\Character\TUSKARR\MALE\TuskarrMale0123-00.anim
patch.MPQ,Tuskarr,Character,Character\TUSKARR\MALE\TuskarrMale0128-00.anim,4736,A0F2DCB8C80D770D953C675CCE3C4E7E221B972F,G:\Downloads\HDWoWModels\Project Reforged\Playable_Races_Isolated_2026-10-04\Tuskarr\Character\ByArchive\patch.MPQ\Character\TUSKARR\MALE\TuskarrMale0128-00.anim
patch.MPQ,Tuskarr,Character,Character\TUSKARR\MALE\TuskarrMale0129-00.anim,6160,40310C96CE68206C9028A7ECB32BB977805CEEF8,G:\Downloads\HDWoWModels\Project Reforged\Playable_Races_Isolated_2026-10-04\Tuskarr\Character\ByArchive\patch.MPQ\Character\TUSKARR\MALE\TuskarrMale0129-00.anim
patch.MPQ,Tuskarr,Character,Character\TUSKARR\MALE\TuskarrMale0133-00.anim,14320,6AC175243D04512B4EE3705149B39238ED4B5B1C,G:\Downloads\HDWoWModels\Project Reforged\Playable_Races_Isolated_2026-10-04\Tuskarr\Character\ByArchive\patch.MPQ\Character\TUSKARR\MALE\TuskarrMale0133-00.anim
patch.MPQ,Tuskarr,Character,Character\TUSKARR\MALE\TuskarrMale0134-00.anim,28784,6855C7AA015D0B47D5D5DE4444791ED1A73E3E31,G:\Downloads\HDWoWModels\Project Reforged\Playable_Races_Isolated_2026-10-04\Tuskarr\Character\ByArchive\patch.MPQ\Character\TUSKARR\MALE\TuskarrMale0134-00.anim
